t_s,node,x,y,z
0.000,0,66.115,1947.475,120.254
0.000,1,1214.035,465.818,352.595
0.000,2,714.851,806.930,336.070
0.000,3,289.053,1629.923,103.925
0.000,4,138.676,1833.111,331.735
0.000,5,1089.862,1829.599,389.677
0.000,6,738.739,234.767,255.224
0.000,7,1458.834,868.586,292.782
0.000,8,194.748,248.168,347.802
0.000,9,510.023,30.450,522.726
0.000,10,1334.785,25.353,296.182
0.000,11,87.740,199.053,380.998
0.000,12,1291.462,1749.641,593.122
0.000,13,1051.451,1273.710,257.077
0.000,14,321.987,104.332,429.999
0.000,15,519.658,370.524,376.072
0.000,16,42.249,1979.487,368.004
0.000,17,1379.781,1792.591,529.031
0.000,18,1028.641,1920.684,420.937
0.000,19,547.804,1468.931,298.328
0.000,20,371.293,1838.824,263.149
0.000,21,1462.083,8.382,154.591
0.000,22,1478.703,1864.911,203.437
0.000,23,1362.017,835.421,204.173
0.000,24,985.207,1390.765,152.501
0.000,25,1086.017,1131.163,526.172
0.000,26,135.219,335.090,350.185
0.000,27,456.196,1532.252,307.444
0.000,28,399.465,1024.148,516.518
0.000,29,11.253,1387.096,340.351
0.000,30,875.556,2145.880,517.124
0.000,31,299.023,216.066,549.120
0.000,32,199.690,582.697,513.490
0.000,33,584.233,83.630,122.734
0.000,34,278.293,1291.625,445.319
0.000,35,1119.925,1506.020,426.018
0.000,36,407.136,2019.156,329.755
0.000,37,1243.396,33.417,531.913
0.000,38,1427.580,865.066,519.409
0.000,39,1277.279,1952.698,307.407
0.000,40,134.114,639.392,340.288
0.000,41,56.414,1901.669,386.579
0.000,42,430.358,1660.515,397.459
0.000,43,765.176,401.575,231.722
0.000,44,369.402,12.118,163.579
0.000,45,1336.880,331.960,281.324
0.000,46,910.990,420.807,301.162
0.000,47,985.268,1508.409,560.750
0.000,48,1069.681,669.137,395.511
0.000,49,469.404,1782.598,350.598
0.000,50,166.818,1495.653,429.864
0.000,51,766.074,281.317,112.038
0.000,52,40.403,1819.334,286.706
0.000,53,927.124,67.511,456.178
0.000,54,708.898,956.358,497.810
0.000,55,278.253,1405.090,397.650
0.000,56,517.282,479.960,467.446
0.000,57,887.008,1530.946,341.069
0.000,58,1065.425,621.212,482.423
0.000,59,890.411,1190.193,256.573
0.000,60,50.473,1364.131,502.838
0.000,61,108.139,1152.677,236.590
0.000,62,730.778,1674.356,190.433
0.000,63,627.482,1378.866,188.952
0.000,64,1043.055,2107.635,453.638
0.000,65,1062.988,1567.049,154.282
0.000,66,852.145,1789.675,422.076
0.000,67,226.977,1953.501,149.210
0.000,68,1049.422,2022.944,339.649
0.000,69,817.247,318.934,386.765
0.000,70,505.469,1731.323,540.608
0.000,71,502.302,875.673,512.283
0.000,72,1027.097,974.902,354.315
0.000,73,674.082,191.091,305.741
0.000,74,676.434,451.649,475.836
0.000,75,995.846,624.224,258.891
0.000,76,1411.894,1877.362,414.123
0.000,77,51.056,1381.505,491.911
0.000,78,291.201,296.171,146.669
0.000,79,362.675,1107.995,566.745
0.000,80,451.764,400.787,179.630
0.000,81,1145.529,1740.474,197.907
0.000,82,1330.238,937.887,262.147
0.000,83,210.782,351.905,307.190
0.000,84,567.395,1711.560,148.907
0.000,85,554.263,1392.120,279.508
5.000,0,123.571,1898.407,121.378
5.000,1,1153.326,520.356,354.245
5.000,2,751.876,931.577,332.236
5.000,3,437.490,1654.511,111.156
5.000,4,39.243,1903.350,337.796
5.000,5,1122.453,1931.694,390.727
5.000,6,839.999,267.941,256.779
5.000,7,1372.146,909.793,301.904
5.000,8,292.600,209.465,348.926
5.000,9,609.728,81.538,529.140
5.000,10,1425.668,22.574,295.993
5.000,11,196.395,290.472,377.060
5.000,12,1417.165,1766.493,595.353
5.000,13,1117.082,1178.656,260.845
5.000,14,263.048,40.563,428.219
5.000,15,530.523,232.608,369.203
5.000,16,10.540,2054.233,366.780
5.000,17,1287.861,1734.908,521.957
5.000,18,1147.548,1893.503,422.864
5.000,19,594.140,1550.229,299.012
5.000,20,331.477,1916.664,266.846
5.000,21,1414.972,85.224,155.166
5.000,22,1337.877,1885.885,197.530
5.000,23,1341.468,970.723,207.692
5.000,24,958.717,1257.857,155.139
5.000,25,1053.398,1202.337,528.266
5.000,26,227.315,247.436,350.976
5.000,27,542.795,1463.383,305.799
5.000,28,380.966,946.903,517.424
5.000,29,22.492,1251.229,342.399
5.000,30,800.368,2198.585,514.852
5.000,31,338.547,151.623,552.601
5.000,32,278.720,664.311,515.974
5.000,33,550.767,37.665,125.734
5.000,34,348.195,1379.397,445.182
5.000,35,1048.017,1408.198,425.993
5.000,36,318.631,1933.838,330.598
5.000,37,1333.036,32.179,535.232
5.000,38,1438.229,764.029,513.148
5.000,39,1332.832,2071.034,302.899
5.000,40,178.192,706.762,339.072
5.000,41,73.948,1982.198,384.998
5.000,42,357.997,1695.755,396.176
5.000,43,674.065,437.503,230.695
5.000,44,374.417,153.977,163.357
5.000,45,1345.843,234.054,281.906
5.000,46,820.950,423.437,301.649
5.000,47,864.168,1551.363,553.772
5.000,48,918.377,699.320,393.705
5.000,49,584.564,1741.483,343.598
5.000,50,269.460,1425.234,430.454
5.000,51,693.381,225.908,107.399
5.000,52,108.894,1740.390,284.398
5.000,53,1051.883,77.928,461.150
5.000,54,626.243,837.033,490.755
5.000,55,384.931,1327.330,397.709
5.000,56,429.432,405.646,464.616
5.000,57,1014.200,1574.088,341.998
5.000,58,1006.099,528.929,478.681
5.000,59,928.394,1109.726,253.370
5.000,60,72.071,1343.174,507.891
5.000,61,77.993,1295.987,232.661
5.000,62,657.194,1654.921,185.568
5.000,63,731.276,1429.194,186.509
5.000,64,1136.418,2089.516,454.939
5.000,65,1051.525,1448.279,149.521
5.000,66,919.833,1773.330,419.298
5.000,67,333.104,1888.016,155.856
5.000,68,1093.953,1930.259,339.611
5.000,69,832.929,393.810,387.770
5.000,70,420.646,1693.010,540.862
5.000,71,399.493,787.855,521.962
5.000,72,1104.667,1070.084,351.486
5.000,73,624.973,256.764,308.093
5.000,74,744.469,490.821,474.018
5.000,75,888.362,670.167,260.974
5.000,76,1474.540,1793.495,415.647
5.000,77,182.312,1447.696,493.898
5.000,78,183.045,254.388,145.372
5.000,79,254.284,1204.649,571.084
5.000,80,367.165,519.451,186.521
5.000,81,1101.977,1841.734,194.795
5.000,82,1395.642,805.594,254.639
5.000,83,260.248,263.042,307.005
5.000,84,502.120,1840.967,150.596
5.000,85,497.724,1467.751,278.851
10.000,0,173.604,1833.275,121.957
10.000,1,1104.126,578.754,353.693
10.000,2,784.016,1062.335,323.711
10.000,3,586.231,1678.332,117.945
10.000,4,79.256,1977.047,343.285
10.000,5,1170.100,2034.976,394.984
10.000,6,915.788,330.369,255.739
10.000,7,1227.057,955.826,312.301
10.000,8,375.917,151.183,348.552
10.000,9,707.203,124.420,534.356
10.000,10,1446.804,12.768,296.503
10.000,11,309.104,365.193,372.366
10.000,12,1419.316,1789.054,593.180
10.000,13,1216.555,1106.553,259.334
10.000,14,226.355,61.827,424.410
10.000,15,557.533,88.381,365.167
10.000,16,13.207,2137.696,367.001
10.000,17,1191.810,1678.911,517.993
10.000,18,1259.372,1862.228,424.102
10.000,19,650.958,1614.409,300.846
10.000,20,292.298,2003.039,270.819
10.000,21,1355.750,159.457,154.782
10.000,22,1203.681,1875.911,194.101
10.000,23,1285.649,1107.675,211.807
10.000,24,935.733,1128.192,152.539
10.000,25,1006.495,1256.829,530.292
10.000,26,345.814,210.924,356.137
10.000,27,629.454,1405.297,307.155
10.000,28,381.884,863.083,518.463
10.000,29,43.931,1115.827,347.506
10.000,30,729.385,2162.697,514.527
10.000,31,384.160,85.329,556.568
10.000,32,312.495,776.008,518.676
10.000,33,537.436,159.364,131.217
10.000,34,403.407,1484.533,445.868
10.000,35,965.386,1326.271,426.282
10.000,36,228.773,1839.199,331.279
10.000,37,1425.327,26.934,540.893
10.000,38,1328.553,670.093,508.465
10.000,39,1370.712,2191.231,297.284
10.000,40,230.138,779.945,338.145
10.000,41,81.775,2069.954,381.872
10.000,42,272.164,1715.405,394.266
10.000,43,587.882,465.471,228.070
10.000,44,414.621,281.045,159.797
10.000,45,1303.240,131.191,285.679
10.000,46,731.097,437.322,305.198
10.000,47,754.506,1601.413,548.715
10.000,48,784.235,748.691,395.801
10.000,49,693.024,1680.962,338.624
10.000,50,373.279,1351.604,432.271
10.000,51,618.224,180.923,101.961
10.000,52,157.016,1655.807,283.613
10.000,53,1174.012,59.360,469.826
10.000,54,537.552,711.280,486.926
10.000,55,470.917,1208.974,397.736
10.000,56,322.716,378.401,466.007
10.000,57,1137.754,1603.418,346.194
10.000,58,940.272,449.728,477.722
10.000,59,986.979,1039.030,249.607
10.000,60,191.088,1332.315,513.403
10.000,61,93.788,1435.983,223.347
10.000,62,579.930,1627.917,180.977
10.000,63,839.381,1476.704,184.809
10.000,64,1239.205,2088.631,455.087
10.000,65,1007.756,1327.944,146.453
10.000,66,975.467,1742.925,416.672
10.000,67,456.972,1850.817,161.917
10.000,68,1134.833,1833.836,339.369
10.000,69,855.387,462.781,389.878
10.000,70,341.261,1651.244,542.292
10.000,71,294.197,697.847,528.552
10.000,72,1202.264,1138.386,348.684
10.000,73,550.477,297.848,309.561
10.000,74,821.460,526.121,473.203
10.000,75,786.191,727.395,261.253
10.000,76,1417.523,1717.919,417.483
10.000,77,326.793,1477.746,496.734
10.000,78,74.366,210.434,141.175
10.000,79,166.960,1318.173,569.208
10.000,80,286.066,638.901,191.501
10.000,81,1087.845,1946.238,192.806
10.000,82,1427.484,662.356,240.754
10.000,83,309.278,181.881,305.475
10.000,84,481.237,1976.264,148.782
10.000,85,443.138,1536.828,277.950
15.000,0,232.828,1770.527,122.093
15.000,1,1052.446,643.937,354.427
15.000,2,790.890,1218.141,319.074
15.000,3,720.640,1750.873,121.180
15.000,4,180.156,2055.180,349.580
15.000,5,1221.406,2128.040,395.713
15.000,6,1000.812,384.568,255.276
15.000,7,1090.686,984.839,315.267
15.000,8,476.263,129.095,347.364
15.000,9,809.829,155.138,537.032
15.000,10,1355.748,5.509,297.583
15.000,11,439.281,403.539,371.839
15.000,12,1294.811,1813.799,593.028
15.000,13,1308.192,1035.735,261.581
15.000,14,177.397,142.888,422.628
15.000,15,613.112,63.424,363.384
15.000,16,29.531,2175.603,367.158
15.000,17,1120.029,1582.220,514.862
15.000,18,1368.392,1843.232,425.220
15.000,19,714.281,1686.856,299.699
15.000,20,261.108,2087.124,275.057
15.000,21,1299.851,235.882,154.680
15.000,22,1065.607,1893.941,192.368
15.000,23,1274.370,1253.502,213.386
15.000,24,939.359,987.524,153.924
15.000,25,957.423,1320.247,530.381
15.000,26,466.653,167.385,360.763
15.000,27,712.023,1337.368,303.412
15.000,28,370.653,787.118,518.766
15.000,29,56.681,982.059,348.260
15.000,30,663.685,2108.248,512.865
15.000,31,421.223,15.848,558.908
15.000,32,364.647,881.928,520.439
15.000,33,507.559,283.999,134.762
15.000,34,450.844,1593.080,441.773
15.000,35,886.395,1247.675,429.953
15.000,36,125.085,1762.113,332.809
15.000,37,1459.059,33.679,543.666
15.000,38,1185.819,592.682,495.728
15.000,39,1398.342,2089.896,293.034
15.000,40,276.944,854.615,336.322
15.000,41,90.991,2159.982,379.837
15.000,42,191.499,1723.531,392.623
15.000,43,503.960,485.158,227.852
15.000,44,402.179,425.061,161.744
15.000,45,1322.350,23.039,284.197
15.000,46,642.920,421.782,308.789
15.000,47,635.590,1636.155,543.105
15.000,48,653.674,808.632,394.373
15.000,49,798.735,1580.026,335.452
15.000,50,457.240,1262.020,432.542
15.000,51,568.095,120.460,101.019
15.000,52,186.835,1552.685,282.832
15.000,53,1296.376,76.358,472.923
15.000,54,417.846,617.466,487.332
15.000,55,567.243,1113.822,397.810
15.000,56,228.929,315.774,466.426
15.000,57,1262.101,1650.335,348.398
15.000,58,851.746,377.787,477.793
15.000,59,1040.091,977.233,244.171
15.000,60,311.933,1353.253,516.675
15.000,61,92.817,1586.104,217.623
15.000,62,500.274,1618.774,175.759
15.000,63,943.624,1542.127,184.617
15.000,64,1335.898,2070.354,453.469
15.000,65,978.834,1216.595,144.720
15.000,66,1037.436,1713.761,415.153
15.000,67,555.683,1766.373,167.828
15.000,68,1178.692,1735.641,335.685
15.000,69,882.184,548.246,394.832
15.000,70,262.197,1616.846,539.946
15.000,71,181.420,617.536,536.703
15.000,72,1285.644,1225.486,346.287
15.000,73,509.903,372.607,311.465
15.000,74,880.269,570.443,470.475
15.000,75,674.645,755.021,260.542
15.000,76,1356.613,1636.745,417.388
15.000,77,466.536,1537.988,502.180
15.000,78,33.074,177.517,136.599
15.000,79,78.336,1431.788,571.899
15.000,80,159.626,720.812,202.336
15.000,81,1076.008,2060.780,190.680
15.000,82,1475.849,522.671,234.173
15.000,83,364.707,104.925,303.264
15.000,84,452.005,2110.951,149.768
15.000,85,378.265,1610.380,275.646
20.000,0,285.711,1713.735,122.486
20.000,1,1004.762,709.504,356.271
20.000,2,846.322,1349.460,311.736
20.000,3,831.680,1829.334,125.567
20.000,4,288.510,2112.280,357.269
20.000,5,1259.960,2166.425,397.733
20.000,6,1099.839,419.618,255.659
20.000,7,960.876,1044.770,320.358
20.000,8,575.566,100.108,345.034
20.000,9,919.384,183.357,542.792
20.000,10,1263.658,13.419,297.886
20.000,11,569.660,436.572,370.479
20.000,12,1169.850,1839.141,592.115
20.000,13,1395.541,947.598,267.286
20.000,14,117.612,216.642,421.839
20.000,15,640.408,205.509,364.050
20.000,16,57.133,2101.090,367.350
20.000,17,1019.872,1513.591,510.424
20.000,18,1486.084,1808.571,431.606
20.000,19,779.091,1759.682,298.227
20.000,20,208.179,2168.879,280.507
20.000,21,1260.622,319.901,155.518
20.000,22,931.529,1874.525,188.725
20.000,23,1245.351,1396.174,214.395
20.000,24,948.436,846.967,156.152
20.000,25,897.394,1382.209,534.057
20.000,26,569.755,102.198,364.848
20.000,27,809.173,1277.746,302.158
20.000,28,364.785,710.007,519.990
20.000,29,105.663,866.500,349.709
20.000,30,582.971,2075.196,511.091
20.000,31,465.202,55.326,561.944
20.000,32,451.236,962.829,522.500
20.000,33,506.059,405.870,140.163
20.000,34,505.402,1695.849,439.491
20.000,35,811.465,1156.403,434.953
20.000,36,29.821,1700.180,333.212
20.000,37,1371.766,32.038,542.966
20.000,38,1049.238,522.151,486.373
20.000,39,1468.168,1974.685,285.475
20.000,40,320.349,933.817,335.136
20.000,41,113.823,2161.722,376.869
20.000,42,120.416,1763.991,390.130
20.000,43,423.976,511.632,227.436
20.000,44,374.600,572.236,167.732
20.000,45,1305.338,85.117,287.854
20.000,46,550.429,403.959,308.972
20.000,47,509.252,1624.176,536.311
20.000,48,524.401,863.124,393.088
20.000,49,918.058,1514.238,332.448
20.000,50,525.308,1159.100,434.403
20.000,51,515.504,48.528,105.761
20.000,52,225.030,1466.523,283.977
20.000,53,1427.092,69.052,475.037
20.000,54,306.360,533.133,485.204
20.000,55,638.319,1002.721,397.941
20.000,56,142.306,241.231,463.089
20.000,57,1371.101,1712.608,348.378
20.000,58,784.318,299.495,476.938
20.000,59,1104.562,924.202,241.684
20.000,60,427.508,1362.056,521.908
20.000,61,87.663,1735.602,216.793
20.000,62,429.025,1616.684,169.944
20.000,63,1057.039,1553.026,182.616
20.000,64,1424.778,2055.560,454.856
20.000,65,983.174,1100.289,140.797
20.000,66,1105.089,1678.065,411.267
20.000,67,674.416,1693.079,174.210
20.000,68,1215.056,1634.518,329.490
20.000,69,878.005,630.283,398.250
20.000,70,175.582,1592.343,539.436
20.000,71,80.696,523.643,544.331
20.000,72,1370.378,1317.798,341.507
20.000,73,468.076,441.841,312.811
20.000,74,956.544,589.441,468.519
20.000,75,564.363,758.262,258.059
20.000,76,1293.823,1550.764,416.976
20.000,77,617.678,1587.227,505.233
20.000,78,115.000,98.363,135.621
20.000,79,26.238,1536.440,576.473
20.000,80,51.662,810.545,208.568
20.000,81,1051.160,2176.196,189.611
20.000,82,1422.337,408.327,225.150
20.000,83,401.177,21.511,301.968
20.000,84,417.382,2134.169,152.869
20.000,85,318.507,1697.681,274.444
25.000,0,357.061,1665.280,123.600
25.000,1,956.848,767.275,357.846
25.000,2,856.645,1491.449,305.127
25.000,3,952.034,1898.037,131.654
25.000,4,383.549,2183.053,361.821
25.000,5,1328.255,2069.083,397.111
25.000,6,1194.478,463.460,255.188
25.000,7,854.092,1132.977,326.363
25.000,8,680.173,67.920,342.933
25.000,9,1015.967,233.408,551.464
25.000,10,1169.728,18.613,300.395
25.000,11,683.269,499.028,367.767
25.000,12,1042.654,1860.646,593.109
25.000,13,1454.760,843.346,272.694
25.000,14,82.383,293.730,418.886
25.000,15,660.483,351.527,362.314
25.000,16,90.543,2029.865,368.746
25.000,17,917.492,1465.996,505.539
25.000,18,1371.874,1761.109,432.928
25.000,19,829.535,1839.813,296.933
25.000,20,176.230,2155.568,283.335
25.000,21,1205.301,384.869,158.729
25.000,22,793.995,1878.261,182.892
25.000,23,1238.542,1536.631,220.205
25.000,24,971.019,714.731,153.896
25.000,25,849.843,1435.333,536.088
25.000,26,685.602,75.767,365.899
25.000,27,889.870,1192.839,301.098
25.000,28,375.176,632.732,522.391
25.000,29,83.021,732.443,350.777
25.000,30,513.695,2029.441,510.172
25.000,31,506.475,119.701,563.708
25.000,32,541.397,1034.403,525.968
25.000,33,479.871,517.844,145.727
25.000,34,564.263,1794.081,439.810
25.000,35,750.167,1068.515,435.308
25.000,36,55.453,1614.510,336.595
25.000,37,1294.301,24.815,545.080
25.000,38,952.853,414.726,483.942
25.000,39,1444.016,1839.397,276.704
25.000,40,318.013,1020.075,331.209
25.000,41,144.688,2077.787,376.845
25.000,42,53.591,1816.237,387.567
25.000,43,343.464,557.542,227.459
25.000,44,377.248,720.369,170.262
25.000,45,1319.369,191.887,290.646
25.000,46,451.444,396.631,307.521
25.000,47,384.111,1610.210,535.656
25.000,48,389.079,924.827,395.073
25.000,49,1042.152,1478.817,325.185
25.000,50,605.281,1061.839,433.719
25.000,51,465.514,36.756,109.682
25.000,52,281.080,1378.779,284.140
25.000,53,1409.518,90.310,482.983
25.000,54,226.197,420.279,484.296
25.000,55,708.392,867.892,395.917
25.000,56,75.085,162.528,458.886
25.000,57,1475.283,1779.385,350.585
25.000,58,753.406,200.028,478.261
25.000,59,1155.856,866.559,239.262
25.000,60,553.224,1360.811,524.984
25.000,61,55.929,1872.035,216.480
25.000,62,348.369,1595.484,163.702
25.000,63,1172.607,1584.507,178.220
25.000,64,1438.606,2037.336,455.690
25.000,65,999.558,987.427,139.977
25.000,66,1185.296,1663.209,408.492
25.000,67,801.406,1664.408,176.168
25.000,68,1269.814,1540.512,323.032
25.000,69,891.618,721.048,401.528
25.000,70,84.812,1564.662,536.544
25.000,71,12.540,427.729,548.171
25.000,72,1453.019,1417.749,336.858
25.000,73,401.371,494.202,315.401
25.000,74,1024.877,605.756,468.015
25.000,75,457.729,814.000,256.776
25.000,76,1228.761,1486.168,416.774
25.000,77,748.450,1673.152,505.611
25.000,78,219.011,41.989,131.305
25.000,79,146.675,1622.860,577.293
25.000,80,61.918,904.894,215.050
25.000,81,1020.474,2111.274,188.676
25.000,82,1309.637,312.168,214.358
25.000,83,447.093,77.938,303.563
25.000,84,387.783,1994.181,150.181
25.000,85,262.776,1789.028,275.504
30.000,0,413.112,1617.807,125.337
30.000,1,890.356,809.612,359.596
30.000,2,897.839,1629.522,299.886
30.000,3,1067.567,1983.214,132.365
30.000,4,497.874,2190.536,363.550
30.000,5,1415.136,1994.430,396.513
30.000,6,1288.528,509.965,255.614
30.000,7,726.190,1212.774,331.722
30.000,8,776.251,24.467,340.847
30.000,9,1099.523,293.397,555.097
30.000,10,1086.408,40.477,300.710
30.000,11,805.384,564.467,362.695
30.000,12,913.130,1858.297,596.855
30.000,13,1447.947,734.117,276.911
30.000,14,50.620,382.590,415.486
30.000,15,675.969,489.511,359.533
30.000,16,120.039,1958.516,370.838
30.000,17,810.329,1394.438,498.292
30.000,18,1267.808,1708.848,432.724
30.000,19,879.622,1916.288,295.907
30.000,20,146.749,2083.895,285.792
30.000,21,1174.060,454.746,158.558
30.000,22,673.125,1937.045,176.219
30.000,23,1171.328,1666.054,221.583
30.000,24,953.912,592.596,153.975
30.000,25,808.294,1498.960,537.360
30.000,26,795.751,23.838,370.871
30.000,27,967.846,1109.782,299.738
30.000,28,379.083,548.076,523.544
30.000,29,80.497,603.221,348.780
30.000,30,434.918,1995.023,509.784
30.000,31,556.807,181.300,566.233
30.000,32,617.808,1116.342,530.867
30.000,33,459.385,634.680,151.016
30.000,34,615.950,1895.838,441.509
30.000,35,661.001,984.187,433.135
30.000,36,164.143,1556.212,342.313
30.000,37,1211.318,34.304,548.483
30.000,38,874.510,295.824,479.300
30.000,39,1425.046,1706.165,270.721
30.000,40,301.398,1100.990,331.454
30.000,41,190.375,2014.252,375.227
30.000,42,38.039,1851.486,385.583
30.000,43,258.719,598.098,227.368
30.000,44,399.791,871.364,167.991
30.000,45,1342.570,302.899,291.500
30.000,46,349.496,387.116,305.219
30.000,47,254.056,1642.914,529.430
30.000,48,252.792,983.805,390.872
30.000,49,1164.432,1422.254,321.386
30.000,50,698.095,960.212,433.288
30.000,51,398.970,96.318,111.694
30.000,52,317.387,1277.277,284.362
30.000,53,1293.946,94.022,489.850
30.000,54,145.807,302.313,486.414
30.000,55,799.896,760.295,398.161
30.000,56,15.172,98.763,456.221
30.000,57,1360.482,1849.556,355.221
30.000,58,670.270,128.077,478.172
30.000,59,1206.767,823.500,234.698
30.000,60,668.777,1376.239,530.151
30.000,61,37.218,2018.743,214.774
30.000,62,261.965,1595.005,156.682
30.000,63,1282.548,1591.171,173.760
30.000,64,1332.516,2009.596,455.664
30.000,65,960.834,879.423,134.748
30.000,66,1261.498,1661.994,405.952
30.000,67,921.677,1616.351,185.209
30.000,68,1333.701,1467.447,320.180
30.000,69,898.786,811.161,402.361
30.000,70,14.583,1538.045,536.823
30.000,71,104.956,335.634,554.540
30.000,72,1429.986,1520.102,329.489
30.000,73,326.259,550.303,314.227
30.000,74,1095.159,626.548,466.454
30.000,75,342.649,855.925,254.434
30.000,76,1165.234,1396.581,417.472
30.000,77,877.936,1744.321,506.462
30.000,78,321.263,18.547,127.341
30.000,79,262.393,1704.230,580.212
30.000,80,145.719,1017.042,224.619
30.000,81,981.149,2003.009,182.224
30.000,82,1199.133,211.401,204.308
30.000,83,490.356,164.528,306.289
30.000,84,335.068,1865.439,148.984
30.000,85,184.600,1852.298,272.687
35.000,0,483.273,1580.515,126.948
35.000,1,819.835,848.544,363.966
35.000,2,955.030,1761.646,295.143
35.000,3,1179.168,2081.505,137.148
35.000,4,601.754,2129.114,367.334
35.000,5,1453.445,1887.615,394.509
35.000,6,1394.499,549.247,257.671
35.000,7,602.552,1302.209,337.109
35.000,8,875.936,18.845,337.227
35.000,9,1210.619,321.970,558.039
35.000,10,1000.843,61.521,297.918
35.000,11,927.367,640.220,362.198
35.000,12,791.761,1833.699,599.075
35.000,13,1365.662,644.774,280.536
35.000,14,15.521,460.741,412.430
35.000,15,692.087,634.395,358.988
35.000,16,168.591,1901.504,371.377
35.000,17,707.566,1336.869,493.722
35.000,18,1152.273,1686.101,434.724
35.000,19,914.222,2005.603,296.560
35.000,20,124.487,2009.373,289.120
35.000,21,1129.480,522.306,161.445
35.000,22,548.198,1976.004,172.816
35.000,23,1093.607,1785.682,222.622
35.000,24,958.988,458.520,156.129
35.000,25,763.066,1565.684,539.342
35.000,26,891.983,52.245,372.712
35.000,27,1045.972,1027.963,295.643
35.000,28,389.390,466.641,524.033
35.000,29,91.204,480.531,350.093
35.000,30,362.244,1940.573,509.974
35.000,31,571.321,253.653,568.593
35.000,32,667.758,1217.808,536.528
35.000,33,457.142,749.286,158.329
35.000,34,670.022,1988.004,440.676
35.000,35,572.699,906.960,433.321
35.000,36,250.101,1473.640,346.303
35.000,37,1125.962,34.369,550.137
35.000,38,773.071,189.588,473.066
35.000,39,1371.055,1587.130,265.375
35.000,40,343.376,1176.811,333.496
35.000,41,226.322,1939.750,375.650
35.000,42,105.983,1884.825,384.072
35.000,43,196.595,656.299,224.356
35.000,44,410.429,1021.237,171.014
35.000,45,1340.429,418.079,291.282
35.000,46,237.399,386.449,306.087
35.000,47,134.074,1621.389,526.666
35.000,48,129.684,1039.539,389.741
35.000,49,1293.691,1387.490,315.431
35.000,50,774.544,850.338,429.601
35.000,51,339.477,171.527,116.345
35.000,52,360.898,1177.432,284.653
35.000,53,1178.639,104.140,493.299
35.000,54,88.460,170.378,487.316
35.000,55,896.173,670.919,399.636
35.000,56,86.047,14.376,455.203
35.000,57,1237.453,1910.169,358.145
35.000,58,603.312,30.722,477.197
35.000,59,1252.019,764.992,231.631
35.000,60,788.648,1367.110,534.848
35.000,61,46.030,2167.452,213.898
35.000,62,183.191,1580.648,152.899
35.000,63,1399.189,1621.388,171.438
35.000,64,1241.090,1958.162,459.815
35.000,65,916.222,769.713,133.219
35.000,66,1331.953,1653.637,403.132
35.000,67,1029.986,1538.828,187.860
35.000,68,1381.812,1380.444,319.126
35.000,69,907.757,898.970,404.837
35.000,70,102.220,1528.133,535.808
35.000,71,179.200,227.084,561.162
35.000,72,1353.000,1623.733,325.828
35.000,73,273.001,618.015,314.881
35.000,74,1161.278,661.896,463.074
35.000,75,230.178,881.735,254.589
35.000,76,1100.192,1311.970,418.103
35.000,77,1009.495,1809.366,508.098
35.000,78,423.565,61.111,124.367
35.000,79,358.935,1811.269,581.065
35.000,80,237.593,1132.291,232.598
35.000,81,949.320,1888.979,175.770
35.000,82,1126.180,92.785,201.897
35.000,83,539.397,256.759,308.030
35.000,84,280.834,1741.021,152.911
35.000,85,138.722,1928.273,270.132
40.000,0,528.396,1510.934,128.565
40.000,1,763.054,906.350,369.284
40.000,2,1011.831,1901.030,293.835
40.000,3,1303.922,2161.966,139.032
40.000,4,696.954,2046.093,373.118
40.000,5,1456.654,1782.880,391.744
40.000,6,1476.499,575.618,258.475
40.000,7,490.610,1390.454,342.177
40.000,8,974.234,65.680,333.024
40.000,9,1313.658,366.326,561.735
40.000,10,916.122,75.964,297.501
40.000,11,1059.653,699.575,359.812
40.000,12,661.571,1837.649,595.397
40.000,13,1302.020,553.273,283.741
40.000,14,53.750,541.226,410.344
40.000,15,673.323,779.336,355.486
40.000,16,201.192,1826.058,369.953
40.000,17,609.443,1269.967,491.038
40.000,18,1026.634,1710.018,439.364
40.000,19,947.382,2102.441,298.373
40.000,20,126.007,1923.454,294.741
40.000,21,1097.897,595.917,164.459
40.000,22,406.916,1988.254,172.259
40.000,23,1095.942,1925.075,224.982
40.000,24,936.981,322.042,158.170
40.000,25,714.481,1624.716,540.505
40.000,26,995.530,128.769,371.395
40.000,27,1115.130,946.542,295.910
40.000,28,397.331,386.821,525.443
40.000,29,149.858,353.147,353.601
40.000,30,297.361,1883.216,508.782
40.000,31,599.029,325.606,571.795
40.000,32,722.812,1318.213,537.648
40.000,33,450.233,855.645,166.241
40.000,34,742.330,2086.262,440.994
40.000,35,522.577,802.913,435.009
40.000,36,330.896,1385.645,354.797
40.000,37,1049.566,50.542,551.222
40.000,38,652.239,101.641,469.470
40.000,39,1318.521,1468.929,258.527
40.000,40,371.062,1267.305,335.576
40.000,41,257.724,1862.325,375.035
40.000,42,182.672,1921.110,378.883
40.000,43,118.421,703.800,223.391
40.000,44,418.782,1169.276,170.710
40.000,45,1365.068,533.232,289.838
40.000,46,136.909,371.516,308.759
40.000,47,11.458,1627.024,525.352
40.000,48,19.447,1127.252,389.935
40.000,49,1421.248,1346.092,313.923
40.000,50,881.648,758.864,431.037
40.000,51,278.719,249.817,122.657
40.000,52,382.945,1076.787,283.602
40.000,53,1062.772,136.542,497.334
40.000,54,0.032,60.108,482.769
40.000,55,998.727,585.142,401.797
40.000,56,185.814,39.751,450.864
40.000,57,1118.362,1970.180,362.086
40.000,58,542.795,58.262,474.468
40.000,59,1299.741,701.427,230.355
40.000,60,909.909,1357.681,538.652
40.000,61,54.193,2082.842,209.910
40.000,62,106.615,1570.382,150.309
40.000,63,1463.279,1663.472,170.426
40.000,64,1150.849,1923.115,463.262
40.000,65,906.882,655.528,129.984
40.000,66,1398.081,1623.030,400.492
40.000,67,1148.890,1481.622,189.494
40.000,68,1436.533,1291.076,319.704
40.000,69,882.522,987.435,407.317
40.000,70,184.091,1492.233,536.019
40.000,71,263.872,113.251,565.107
40.000,72,1294.144,1744.425,320.203
40.000,73,198.399,665.881,315.964
40.000,74,1237.490,682.203,460.612
40.000,75,109.993,909.993,257.045
40.000,76,1043.965,1223.733,421.384
40.000,77,1145.453,1850.522,510.521
40.000,78,522.423,115.575,123.818
40.000,79,481.429,1892.477,584.684
40.000,80,330.567,1243.618,241.087
40.000,81,920.303,1784.551,170.152
40.000,82,1078.633,41.809,194.007
40.000,83,608.028,324.688,305.880
40.000,84,209.120,1612.456,159.025
40.000,85,76.872,1993.734,267.567
45.000,0,584.544,1447.902,129.864
45.000,1,694.643,944.246,372.909
45.000,2,1025.648,2040.981,286.237
45.000,3,1436.959,2176.612,140.259
45.000,4,794.481,1978.980,378.311
45.000,5,1421.664,1680.050,394.709
45.000,6,1377.285,621.478,259.164
45.000,7,396.891,1491.446,349.243
45.000,8,1061.115,137.082,328.470
45.000,9,1411.651,400.624,566.650
45.000,10,824.127,65.952,299.481
45.000,11,1179.996,771.339,357.708
45.000,12,527.951,1831.752,594.679
45.000,13,1239.731,461.999,287.543
45.000,14,80.822,617.939,409.052
45.000,15,712.913,913.966,349.750
45.000,16,234.149,1748.754,369.823
45.000,17,507.389,1219.829,486.632
45.000,18,908.406,1739.721,443.286
45.000,19,999.699,2189.609,299.708
45.000,20,124.900,1829.930,297.692
45.000,21,1064.450,680.783,167.087
45.000,22,275.686,1985.724,165.546
45.000,23,1088.089,2064.980,225.934
45.000,24,911.898,188.224,158.048
45.000,25,681.340,1686.884,542.984
45.000,26,1104.939,199.218,375.083
45.000,27,1184.168,860.355,294.252
45.000,28,404.176,312.839,529.052
45.000,29,215.731,225.805,355.763
45.000,30,227.017,1837.954,508.754
45.000,31,616.865,391.881,575.080
45.000,32,784.080,1408.940,536.167
45.000,33,443.333,967.276,170.361
45.000,34,831.422,2163.972,440.614
45.000,35,500.920,676.995,436.033
45.000,36,425.951,1309.516,359.814
45.000,37,968.271,39.466,552.290
45.000,38,528.302,6.178,466.199
45.000,39,1324.171,1338.757,251.847
45.000,40,409.903,1351.616,333.834
45.000,41,292.274,1793.275,374.211
45.000,42,260.496,1959.451,374.624
45.000,43,22.054,729.874,224.348
45.000,44,424.735,1319.596,171.542
45.000,45,1381.513,640.064,292.481
45.000,46,37.548,365.621,312.167
45.000,47,142.724,1648.057,521.051
45.000,48,126.688,1206.301,389.626
45.000,49,1418.804,1284.059,308.023
45.000,50,985.840,680.629,427.814
45.000,51,212.410,310.810,127.856
45.000,52,435.838,988.227,280.762
45.000,53,937.243,143.923,502.664
45.000,54,105.958,52.108,478.612
45.000,55,1123.908,504.721,399.900
45.000,56,286.113,83.288,448.493
45.000,57,1003.946,2025.621,365.861
45.000,58,488.334,150.101,476.162
45.000,59,1362.419,649.918,227.919
45.000,60,1026.882,1338.793,542.697
45.000,61,21.162,1950.945,203.254
45.000,62,33.421,1564.695,147.862
45.000,63,1350.866,1706.358,168.775
45.000,64,1063.623,1899.657,462.348
45.000,65,887.421,532.951,125.970
45.000,66,1461.784,1597.878,397.812
45.000,67,1251.861,1389.685,195.256
45.000,68,1466.415,1197.540,321.071
45.000,69,900.094,1064.890,411.255
45.000,70,273.212,1497.670,535.086
45.000,71,327.394,16.223,568.960
45.000,72,1221.396,1841.653,314.490
45.000,73,141.948,735.518,318.127
45.000,74,1319.969,690.010,457.528
45.000,75,16.448,944.472,257.700
45.000,76,1009.657,1130.934,424.583
45.000,77,1284.118,1904.752,508.627
45.000,78,620.313,182.155,122.465
45.000,79,616.323,1964.294,583.785
45.000,80,406.769,1361.022,247.301
45.000,81,880.255,1687.698,163.322
45.000,82,1004.806,163.627,184.135
45.000,83,647.140,408.190,304.658
45.000,84,148.166,1485.456,161.228
45.000,85,12.726,2065.069,263.529
50.000,0,625.960,1376.608,130.659
50.000,1,636.397,989.613,373.983
50.000,2,1075.136,2176.022,280.658
50.000,3,1381.628,2142.054,143.110
50.000,4,892.305,1906.061,382.866
50.000,5,1348.305,1598.200,393.842
50.000,6,1281.762,673.008,258.101
50.000,7,271.185,1544.652,357.398
50.000,8,1165.892,181.389,324.669
50.000,9,1451.474,435.912,570.069
50.000,10,732.006,70.753,300.133
50.000,11,1318.182,815.767,358.251
50.000,12,405.888,1836.096,593.670
50.000,13,1160.390,385.360,294.030
50.000,14,100.187,697.023,404.584
50.000,15,740.972,1045.225,345.345
50.000,16,268.342,1680.431,369.640
50.000,17,405.852,1177.407,480.179
50.000,18,790.826,1731.598,446.948
50.000,19,1049.056,2124.535,300.517
50.000,20,114.889,1739.961,301.520
50.000,21,1010.510,756.333,170.548
50.000,22,140.115,2011.002,159.579
50.000,23,1056.430,2181.143,223.755
50.000,24,909.138,55.225,158.830
50.000,25,648.658,1749.815,544.621
50.000,26,1221.579,246.405,377.206
50.000,27,1258.144,769.292,289.906
50.000,28,410.888,239.417,532.322
50.000,29,255.332,88.278,357.124
50.000,30,166.808,1780.527,508.843
50.000,31,668.152,445.591,577.371
50.000,32,877.174,1461.593,537.468
50.000,33,446.447,1077.136,176.517
50.000,34,896.124,2143.283,437.929
50.000,35,461.710,570.829,435.453
50.000,36,503.572,1207.665,368.168
50.000,37,875.735,40.555,553.794
50.000,38,434.486,111.232,463.334
50.000,39,1287.340,1210.902,244.637
50.000,40,439.561,1438.043,331.459
50.000,41,344.843,1728.531,372.468
50.000,42,312.122,2019.992,369.292
50.000,43,64.375,788.697,220.729
50.000,44,411.628,1457.812,170.220
50.000,45,1385.595,749.818,295.109
50.000,46,67.452,333.849,313.810
50.000,47,267.897,1645.366,517.052
50.000,48,256.788,1275.753,389.345
50.000,49,1299.446,1235.612,300.686
50.000,50,1103.446,630.444,424.977
50.000,51,167.447,387.913,133.141
50.000,52,458.027,901.142,280.670
50.000,53,815.010,155.500,504.642
50.000,54,188.476,175.006,475.261
50.000,55,1235.988,416.505,401.652
50.000,56,376.695,140.137,446.744
50.000,57,879.849,2051.942,372.364
50.000,58,417.646,236.695,473.588
50.000,59,1426.069,603.543,226.111
50.000,60,1138.571,1344.734,547.747
50.000,61,13.464,1823.642,196.854
50.000,62,44.648,1555.503,144.774
50.000,63,1239.327,1737.360,169.580
50.000,64,963.896,1871.878,461.345
50.000,65,880.146,422.532,124.595
50.000,66,1430.588,1577.398,394.105
50.000,67,1348.817,1303.760,199.053
50.000,68,1415.391,1112.708,318.150
50.000,69,900.195,1155.393,413.741
50.000,70,352.734,1445.018,534.421
50.000,71,434.858,103.524,577.607
50.000,72,1150.112,1945.212,312.552
50.000,73,87.860,802.961,318.791
50.000,74,1395.026,704.683,454.528
50.000,75,141.063,972.606,254.033
50.000,76,973.566,1032.703,426.240
50.000,77,1428.451,1946.112,507.128
50.000,78,710.979,253.041,116.904
50.000,79,737.437,2037.135,581.977
50.000,80,488.811,1476.506,249.624
50.000,81,872.703,1579.502,161.683
50.000,82,934.028,288.961,179.438
50.000,83,682.937,507.752,304.052
50.000,84,110.618,1362.138,164.624
50.000,85,41.811,2147.408,261.937
55.000,0,672.226,1318.805,132.269
55.000,1,594.175,1044.153,376.133
55.000,2,1117.906,2071.903,276.174
55.000,3,1239.276,2100.042,146.443
55.000,4,975.371,1823.764,383.118
55.000,5,1288.604,1511.697,394.744
55.000,6,1185.589,714.643,258.003
55.000,7,151.300,1627.651,367.179
55.000,8,1264.198,217.814,320.273
55.000,9,1352.896,459.307,575.827
55.000,10,644.385,65.169,302.359
55.000,11,1425.574,890.717,361.225
55.000,12,294.526,1875.355,595.038
55.000,13,1094.446,296.072,298.450
55.000,14,105.380,784.277,400.783
55.000,15,776.676,1170.803,342.254
55.000,16,293.444,1599.957,370.342
55.000,17,306.795,1133.208,475.202
55.000,18,658.895,1745.208,446.759
55.000,19,1108.793,2052.273,297.522
55.000,20,93.503,1656.126,301.613
55.000,21,949.562,821.180,173.390
55.000,22,8.612,2012.055,152.402
55.000,23,1029.849,2040.151,226.502
55.000,24,911.006,82.606,165.053
55.000,25,593.506,1801.102,546.116
55.000,26,1314.397,306.592,380.442
55.000,27,1324.312,674.990,282.702
55.000,28,417.310,158.595,536.228
55.000,29,297.652,61.349,359.739
55.000,30,102.959,1732.643,507.808
55.000,31,702.250,511.012,580.298
55.000,32,935.014,1549.597,539.874
55.000,33,444.171,1189.824,181.602
55.000,34,966.895,2061.387,435.566
55.000,35,413.389,458.844,438.191
55.000,36,574.242,1103.400,376.776
55.000,37,789.273,24.222,558.702
55.000,38,328.130,213.657,463.198
55.000,39,1223.741,1095.451,237.643
55.000,40,481.215,1506.810,330.173
55.000,41,374.400,1652.242,371.482
55.000,42,383.518,2053.350,365.921
55.000,43,142.905,848.229,222.427
55.000,44,419.838,1604.671,169.313
55.000,45,1406.799,861.663,296.543
55.000,46,143.795,276.298,312.284
55.000,47,386.302,1631.946,513.278
55.000,48,395.632,1332.730,389.214
55.000,49,1170.075,1199.651,299.622
55.000,50,1199.855,547.727,425.074
55.000,51,121.543,456.309,137.649
55.000,52,506.063,809.370,277.392
55.000,53,696.844,190.884,505.755
55.000,54,279.195,294.836,477.013
55.000,55,1309.877,289.642,399.209
55.000,56,446.007,213.010,442.809
55.000,57,776.766,2114.575,380.416
55.000,58,374.444,333.734,473.495
55.000,59,1475.433,553.121,223.093
55.000,60,1250.239,1346.418,552.333
55.000,61,5.687,1681.462,190.125
55.000,62,120.023,1535.550,141.794
55.000,63,1149.206,1811.189,171.376
55.000,64,864.418,1843.301,458.412
55.000,65,860.244,305.299,122.191
55.000,66,1374.176,1540.210,389.607
55.000,67,1434.466,1203.589,197.869
55.000,68,1366.970,1018.520,317.110
55.000,69,935.620,1233.451,417.647
55.000,70,434.194,1403.104,533.286
55.000,71,557.455,169.927,580.906
55.000,72,1064.532,2026.199,305.910
55.000,73,33.296,866.289,323.271
55.000,74,1462.825,739.783,451.662
55.000,75,249.907,1037.147,256.764
55.000,76,934.695,945.868,425.746
55.000,77,1397.827,2004.047,508.995
55.000,78,802.656,310.095,113.192
55.000,79,861.313,2097.214,582.237
55.000,80,595.328,1566.291,253.535
55.000,81,850.485,1462.539,159.547
55.000,82,866.851,411.930,177.679
55.000,83,706.666,609.803,307.610
55.000,84,55.379,1234.168,166.268
55.000,85,104.478,2182.668,260.369
60.000,0,715.309,1268.154,132.941
60.000,1,534.868,1090.918,378.108
60.000,2,1170.811,1937.455,271.995
60.000,3,1105.648,2059.411,149.255
60.000,4,1058.032,1738.376,386.533
60.000,5,1230.951,1423.185,397.633
60.000,6,1093.996,755.129,258.269
60.000,7,14.242,1690.335,371.579
60.000,8,1370.136,239.519,315.902
60.000,9,1252.315,479.920,582.390
60.000,10,557.366,74.041,301.881
60.000,11,1425.404,957.976,360.848
60.000,12,164.810,1879.368,592.148
60.000,13,1023.736,207.888,301.985
60.000,14,120.590,870.319,395.670
60.000,15,815.944,1308.770,336.406
60.000,16,321.555,1527.164,371.633
60.000,17,209.216,1087.027,472.600
60.000,18,538.638,1745.848,444.186
60.000,19,1161.230,1977.822,293.792
60.000,20,96.847,1568.402,304.116
60.000,21,916.113,908.488,174.269
60.000,22,136.917,1980.246,152.219
60.000,23,1026.978,1899.315,228.230
60.000,24,898.207,220.255,168.460
60.000,25,565.971,1877.936,547.670
60.000,26,1409.799,382.687,380.350
60.000,27,1414.075,602.832,279.984
60.000,28,411.646,88.422,538.311
60.000,29,299.532,204.805,363.220
60.000,30,59.958,1665.089,506.601
60.000,31,749.621,567.279,581.705
60.000,32,987.384,1647.716,542.095
60.000,33,412.243,1302.786,181.483
60.000,34,1045.845,1974.620,427.853
60.000,35,361.246,355.206,439.151
60.000,36,673.734,1033.083,380.414
60.000,37,704.887,24.281,563.736
60.000,38,222.820,324.270,460.337
60.000,39,1173.262,972.698,229.494
60.000,40,516.350,1590.747,328.360
60.000,41,404.554,1570.966,369.845
60.000,42,473.043,2085.207,365.773
60.000,43,240.362,872.436,221.034
60.000,44,458.095,1748.522,166.674
60.000,45,1427.287,971.218,302.731
60.000,46,234.048,255.655,314.764
60.000,47,509.774,1632.826,511.943
60.000,48,527.927,1381.085,390.604
60.000,49,1032.197,1190.508,296.515
60.000,50,1308.700,486.174,423.298
60.000,51,51.748,520.816,141.748
60.000,52,561.851,721.906,275.458
60.000,53,584.847,230.660,510.260
60.000,54,381.357,400.493,476.658
60.000,55,1402.128,184.741,399.401
60.000,56,514.837,291.298,442.053
60.000,57,657.043,2156.579,384.464
60.000,58,340.338,438.487,472.237
60.000,59,1432.609,490.810,217.563
60.000,60,1367.620,1369.180,558.022
60.000,61,3.504,1534.814,184.931
60.000,62,199.210,1528.258,138.879
60.000,63,1037.849,1841.791,170.513
60.000,64,761.054,1825.629,457.177
60.000,65,818.319,194.290,121.656
60.000,66,1299.333,1527.716,384.127
60.000,67,1411.079,1129.281,199.559
60.000,68,1317.407,919.967,312.092
60.000,69,979.599,1306.933,420.268
60.000,70,518.844,1384.128,530.270
60.000,71,637.944,268.907,587.376
60.000,72,979.154,2121.809,300.339
60.000,73,38.755,916.660,326.006
60.000,74,1442.538,760.459,450.631
60.000,75,351.441,1086.728,255.434
60.000,76,864.738,869.488,426.147
60.000,77,1254.281,2059.168,511.584
60.000,78,907.836,346.026,110.316
60.000,79,983.898,2173.695,581.378
60.000,80,693.317,1650.919,257.287
60.000,81,806.203,1350.646,158.545
60.000,82,796.197,532.608,171.090
60.000,83,718.627,708.783,307.544
60.000,84,38.935,1110.932,170.316
60.000,85,167.175,2109.266,257.170
65.000,0,774.256,1225.307,134.652
65.000,1,482.338,1150.473,380.438
65.000,2,1211.756,1803.994,271.506
65.000,3,991.688,1975.223,149.745
65.000,4,1145.571,1645.615,391.498
65.000,5,1188.253,1335.160,398.541
65.000,6,1009.044,813.388,260.180
65.000,7,119.231,1749.664,377.761
65.000,8,1477.830,257.711,311.929
65.000,9,1159.557,529.367,587.312
65.000,10,465.766,69.033,303.531
65.000,11,1308.790,1019.616,359.201
65.000,12,49.494,1857.799,589.700
65.000,13,961.014,114.782,304.242
65.000,14,149.275,960.013,391.650
65.000,15,864.671,1436.189,330.335
65.000,16,344.868,1445.611,371.543
65.000,17,112.726,1031.059,467.736
65.000,18,434.761,1696.914,445.153
65.000,19,1189.323,1887.266,292.682
65.000,20,90.624,1483.124,309.683
65.000,21,868.675,984.189,175.651
65.000,22,270.484,1969.762,148.718
65.000,23,987.450,1759.198,229.312
65.000,24,895.837,356.634,169.212
65.000,25,542.596,1943.355,549.919
65.000,26,1433.780,453.711,380.881
65.000,27,1460.736,524.345,279.585
65.000,28,411.902,16.114,540.891
65.000,29,314.065,347.868,363.542
65.000,30,7.392,1600.832,504.115
65.000,31,792.505,630.549,584.852
65.000,32,1025.595,1749.562,545.974
65.000,33,374.976,1415.340,184.728
65.000,34,1129.771,1902.966,423.470
65.000,35,295.485,259.703,439.288
65.000,36,771.690,957.170,383.400
65.000,37,616.850,35.556,566.751
65.000,38,115.644,431.942,456.895
65.000,39,1129.584,847.517,226.248
65.000,40,552.349,1671.345,329.183
65.000,41,442.967,1490.715,366.212
65.000,42,553.498,2113.081,364.207
65.000,43,316.128,922.173,217.520
65.000,44,488.311,1888.906,163.845
65.000,45,1447.728,1087.380,305.157
65.000,46,335.231,254.479,318.730
65.000,47,629.158,1640.506,511.947
65.000,48,674.600,1415.136,392.162
65.000,49,894.468,1183.571,292.572
65.000,50,1386.843,390.542,421.136
65.000,51,28.413,593.476,146.301
65.000,52,608.709,632.257,274.955
65.000,53,463.754,260.500,513.644
65.000,54,431.099,539.754,473.877
65.000,55,1449.464,118.842,401.151
65.000,56,569.967,376.333,442.655
65.000,57,530.337,2199.546,390.216
65.000,58,287.297,542.420,469.157
65.000,59,1378.644,438.383,213.872
65.000,60,1469.494,1362.419,563.729
65.000,61,13.415,1397.529,178.714
65.000,62,277.091,1503.945,134.194
65.000,63,922.218,1859.465,169.681
65.000,64,664.542,1770.096,457.576
65.000,65,769.207,91.026,120.217
65.000,66,1225.437,1510.226,381.774
65.000,67,1289.142,1075.192,203.768
65.000,68,1263.604,828.034,310.330
65.000,69,975.429,1386.930,420.136
65.000,70,603.387,1353.538,528.923
65.000,71,740.906,350.546,596.183
65.000,72,904.616,2162.633,293.861
65.000,73,115.215,964.246,326.415
65.000,74,1370.584,778.152,449.235
65.000,75,434.455,1158.769,251.766
65.000,76,789.504,802.935,427.884
65.000,77,1114.200,2105.619,514.167
65.000,78,1008.287,392.637,105.121
65.000,79,1106.985,2155.222,580.338
65.000,80,800.785,1741.085,255.295
65.000,81,772.867,1227.099,154.249
65.000,82,720.606,661.443,162.255
65.000,83,740.363,796.776,308.076
65.000,84,46.056,969.248,167.959
65.000,85,229.058,2041.305,254.991
70.000,0,818.873,1163.734,135.396
70.000,1,436.818,1203.362,383.056
70.000,2,1221.488,1672.577,270.886
70.000,3,863.353,1906.338,147.396
70.000,4,1242.972,1573.329,397.191
70.000,5,1121.925,1249.512,400.672
70.000,6,899.873,826.654,260.529
70.000,7,241.600,1835.454,382.496
70.000,8,1370.399,277.941,307.709
70.000,9,1062.939,565.447,591.637
70.000,10,380.975,89.571,307.317
70.000,11,1203.881,1115.089,357.323
70.000,12,79.416,1828.378,590.458
70.000,13,882.882,22.840,306.994
70.000,14,176.388,1040.237,388.852
70.000,15,853.057,1574.745,323.468
70.000,16,372.267,1360.513,369.890
70.000,17,5.779,1007.140,464.235
70.000,18,328.181,1654.676,449.633
70.000,19,1223.075,1796.393,293.405
70.000,20,46.586,1408.299,315.503
70.000,21,829.586,1061.105,177.481
70.000,22,410.920,1974.145,140.311
70.000,23,938.206,1631.569,233.322
70.000,24,920.959,493.409,171.807
70.000,25,500.905,2019.552,550.332
70.000,26,1331.396,527.541,383.401
70.000,27,1379.000,442.802,280.664
70.000,28,421.059,65.594,541.893
70.000,29,301.571,487.437,361.906
70.000,30,62.482,1547.808,502.486
70.000,31,821.404,692.774,588.366
70.000,32,1084.921,1843.583,549.753
70.000,33,352.966,1525.355,187.451
70.000,34,1220.448,1828.843,419.589
70.000,35,235.285,160.851,441.171
70.000,36,891.304,901.864,389.623
70.000,37,528.481,47.944,571.695
70.000,38,25.411,549.087,455.574
70.000,39,1073.514,733.194,222.169
70.000,40,584.405,1754.471,327.940
70.000,41,465.379,1402.640,360.352
70.000,42,623.848,2136.868,363.105
70.000,43,405.249,958.151,216.249
70.000,44,499.793,2030.649,160.037
70.000,45,1478.042,1202.805,308.723
70.000,46,438.484,227.452,321.263
70.000,47,751.962,1657.244,506.871
70.000,48,819.026,1455.944,389.436
70.000,49,775.875,1121.520,288.384
70.000,50,1485.050,319.719,417.726
70.000,51,82.076,661.740,150.641
70.000,52,648.728,533.702,273.495
70.000,53,338.392,298.631,517.361
70.000,54,491.315,665.922,473.067
70.000,55,1332.548,52.703,401.952
70.000,56,632.532,469.331,442.240
70.000,57,413.740,2162.309,394.425
70.000,58,232.445,636.540,467.530
70.000,59,1329.216,381.402,213.153
70.000,60,1363.318,1366.078,569.931
70.000,61,30.063,1258.201,168.603
70.000,62,350.655,1485.005,130.356
70.000,63,809.995,1895.304,167.262
70.000,64,565.623,1731.243,458.031
70.000,65,727.403,32.675,119.378
70.000,66,1151.306,1500.241,379.426
70.000,67,1184.301,985.773,206.330
70.000,68,1190.478,736.727,309.549
70.000,69,966.736,1479.231,421.379
70.000,70,692.167,1330.260,525.282
70.000,71,827.319,439.616,598.676
70.000,72,843.049,2054.837,282.359
70.000,73,176.999,1014.496,326.715
70.000,74,1302.961,807.406,448.434
70.000,75,511.429,1237.363,248.091
70.000,76,719.213,724.561,430.347
70.000,77,1000.663,2199.469,513.172
70.000,78,1116.356,442.678,100.663
70.000,79,1229.579,2076.486,581.484
70.000,80,922.591,1817.553,253.189
70.000,81,714.620,1122.729,148.068
70.000,82,657.636,793.805,156.385
70.000,83,789.599,878.298,309.403
70.000,84,38.225,828.740,168.368
70.000,85,286.279,1961.839,254.078
75.000,0,887.868,1116.402,135.804
75.000,1,382.991,1253.284,384.448
75.000,2,1301.410,1556.371,270.019
75.000,3,727.006,1858.907,147.806
75.000,4,1350.585,1519.763,400.809
75.000,5,1062.021,1155.393,403.601
75.000,6,804.454,849.610,261.668
75.000,7,360.962,1913.136,388.450
75.000,8,1278.910,353.002,303.732
75.000,9,966.409,612.726,597.554
75.000,10,299.284,108.804,310.113
75.000,11,1091.240,1190.725,353.883
75.000,12,204.681,1823.460,591.437
75.000,13,819.804,79.885,310.667
75.000,14,213.386,1126.966,387.786
75.000,15,859.394,1715.594,313.683
75.000,16,415.241,1287.926,367.276
75.000,17,98.113,953.532,460.396
75.000,18,219.050,1618.259,451.405
75.000,19,1262.745,1707.267,296.100
75.000,20,4.618,1333.655,318.384
75.000,21,782.842,1145.915,180.249
75.000,22,545.521,1980.375,138.427
75.000,23,902.414,1500.252,234.243
75.000,24,939.863,627.853,174.958
75.000,25,454.231,2075.249,550.751
75.000,26,1205.089,562.587,385.223
75.000,27,1308.027,365.002,278.382
75.000,28,436.362,147.554,542.989
75.000,29,278.087,621.875,363.919
75.000,30,137.202,1521.137,502.354
75.000,31,862.699,757.655,592.733
75.000,32,1167.304,1931.256,552.546
75.000,33,340.412,1636.452,194.176
75.000,34,1306.838,1768.175,418.486
75.000,35,192.859,50.715,442.963
75.000,36,1008.596,853.758,395.137
75.000,37,445.741,70.312,576.569
75.000,38,67.083,662.750,451.572
75.000,39,1034.276,607.477,218.229
75.000,40,618.142,1833.453,328.356
75.000,41,492.251,1314.208,357.708
75.000,42,709.422,2164.293,363.189
75.000,43,492.340,991.208,217.511
75.000,44,474.946,2175.183,160.935
75.000,45,1483.173,1325.302,310.236
75.000,46,528.640,207.274,324.992
75.000,47,874.775,1694.510,499.656
75.000,48,948.154,1516.728,385.224
75.000,49,648.838,1114.032,286.423
75.000,50,1388.694,241.389,418.647
75.000,51,132.487,728.628,154.326
75.000,52,708.185,442.127,273.765
75.000,53,217.346,328.285,522.319
75.000,54,547.364,795.504,469.631
75.000,55,1213.346,16.437,402.700
75.000,56,691.928,559.000,439.340
75.000,57,291.902,2113.314,396.603
75.000,58,175.832,726.706,465.018
75.000,59,1258.953,335.242,212.766
75.000,60,1257.183,1374.328,573.702
75.000,61,50.448,1114.721,161.038
75.000,62,431.967,1461.426,124.588
75.000,63,701.723,1947.493,169.005
75.000,64,472.806,1730.117,457.491
75.000,65,691.870,142.633,116.629
75.000,66,1088.466,1495.007,377.198
75.000,67,1081.157,901.033,212.612
75.000,68,1149.366,641.956,307.075
75.000,69,996.444,1552.330,423.142
75.000,70,773.233,1295.959,524.091
75.000,71,938.199,505.903,594.175
75.000,72,767.884,1964.466,275.442
75.000,73,233.973,1069.643,324.817
75.000,74,1229.131,821.625,446.916
75.000,75,621.417,1284.477,243.031
75.000,76,653.762,643.021,428.275
75.000,77,867.341,2151.617,513.722
75.000,78,1194.476,531.556,107.218
75.000,79,1346.116,2007.498,579.766
75.000,80,1032.209,1912.887,258.740
75.000,81,674.971,1009.016,147.016
75.000,82,566.860,898.962,152.842
75.000,83,829.416,970.089,311.488
75.000,84,62.588,686.170,171.601
75.000,85,347.858,1894.706,252.771
80.000,0,940.779,1058.396,137.333
80.000,1,325.443,1302.232,385.872
80.000,2,1390.619,1439.375,263.366
80.000,3,586.529,1821.511,152.399
80.000,4,1411.890,1423.920,402.708
80.000,5,1006.046,1064.454,406.058
80.000,6,729.158,918.572,264.560
80.000,7,493.023,1972.602,394.108
80.000,8,1184.675,418.834,300.101
80.000,9,866.722,662.647,596.581
80.000,10,209.032,132.278,309.230
80.000,11,962.922,1235.993,352.791
80.000,12,326.557,1806.718,593.495
80.000,13,752.610,179.614,317.705
80.000,14,256.654,1205.063,384.192
80.000,15,905.566,1851.160,306.666
80.000,16,452.651,1216.049,366.707
80.000,17,189.890,890.657,455.595
80.000,18,98.798,1599.090,453.680
80.000,19,1336.756,1648.247,292.340
80.000,20,9.812,1240.041,320.910
80.000,21,724.619,1214.532,182.706
80.000,22,673.519,1995.388,129.887
80.000,23,908.578,1356.129,233.833
80.000,24,895.078,750.934,179.131
80.000,25,412.318,2131.204,553.497
80.000,26,1089.217,623.364,386.902
80.000,27,1217.219,317.570,278.412
80.000,28,442.611,232.105,546.401
80.000,29,308.411,759.664,367.786
80.000,30,212.700,1478.909,502.124
80.000,31,900.940,818.330,594.792
80.000,32,1238.919,2019.517,554.004
80.000,33,334.649,1752.433,198.998
80.000,34,1411.456,1732.953,415.966
80.000,35,133.753,47.743,445.431
80.000,36,1102.612,785.274,395.814
80.000,37,359.435,75.069,579.300
80.000,38,133.062,787.579,447.194
80.000,39,978.191,485.190,210.167
80.000,40,631.815,1926.157,326.741
80.000,41,517.297,1232.598,355.077
80.000,42,786.308,2185.438,360.006
80.000,43,568.736,1020.791,218.958
80.000,44,474.825,2090.836,158.581
80.000,45,1476.203,1439.462,308.979
80.000,46,620.826,195.299,326.386
80.000,47,1000.301,1688.723,491.504
80.000,48,1078.132,1583.795,383.445
80.000,49,514.260,1106.118,280.502
80.000,50,1287.944,158.587,416.254
80.000,51,180.671,793.881,158.389
80.000,52,760.557,351.859,270.003
80.000,53,103.335,389.520,529.968
80.000,54,650.825,885.702,469.343
80.000,55,1082.285,58.272,401.795
80.000,56,766.197,622.599,437.403
80.000,57,163.957,2087.128,402.277
80.000,58,97.838,805.166,462.597
80.000,59,1194.982,278.776,213.151
80.000,60,1141.908,1371.787,577.254
80.000,61,99.456,979.426,158.926
80.000,62,510.138,1431.266,120.821
80.000,63,585.366,1977.187,166.682
80.000,64,386.947,1682.209,458.548
80.000,65,641.491,249.285,108.218
80.000,66,1028.311,1479.695,376.658
80.000,67,989.060,812.990,221.811
80.000,68,1124.890,540.009,304.863
80.000,69,1016.971,1632.276,426.497
80.000,70,864.384,1270.079,524.681
80.000,71,1049.590,578.489,587.422
80.000,72,688.171,1864.252,272.660
80.000,73,282.296,1137.062,326.651
80.000,74,1159.108,839.452,444.823
80.000,75,726.237,1337.906,244.378
80.000,76,623.533,552.060,427.204
80.000,77,734.689,2096.775,511.960
80.000,78,1282.570,598.139,108.505
80.000,79,1468.926,1930.997,580.619
80.000,80,1148.677,1994.421,268.877
80.000,81,638.428,898.701,142.712
80.000,82,520.575,1026.813,146.736
80.000,83,880.667,1067.753,310.926
80.000,84,94.086,550.011,171.864
80.000,85,410.266,1839.484,250.019
85.000,0,987.139,1004.487,138.556
85.000,1,262.801,1354.692,387.143
85.000,2,1474.277,1320.433,261.668
85.000,3,448.626,1787.220,156.293
85.000,4,1465.540,1342.330,404.414
85.000,5,943.748,969.127,405.030
85.000,6,633.738,976.889,265.279
85.000,7,619.891,2035.692,401.700
85.000,8,1096.193,480.649,297.421
85.000,9,765.382,707.153,592.263
85.000,10,114.792,135.336,309.719
85.000,11,848.732,1318.164,350.613
85.000,12,451.470,1814.301,592.788
85.000,13,668.310,263.648,322.615
85.000,14,291.119,1283.675,381.460
85.000,15,932.099,1992.777,298.377
85.000,16,476.953,1136.322,367.362
85.000,17,273.825,825.486,449.963
85.000,18,30.145,1561.210,453.773
85.000,19,1410.637,1587.608,289.624
85.000,20,28.432,1152.551,322.620
85.000,21,702.674,1295.705,183.879
85.000,22,803.563,2007.300,124.768
85.000,23,856.553,1223.672,234.752
85.000,24,906.330,889.206,181.886
85.000,25,376.783,2188.531,555.724
85.000,26,988.155,707.156,391.167
85.000,27,1146.139,246.971,276.571
85.000,28,457.361,313.996,547.598
85.000,29,330.844,889.395,371.501
85.000,30,274.079,1423.080,499.284
85.000,31,949.599,876.078,596.104
85.000,32,1311.609,2105.778,558.123
85.000,33,339.050,1871.311,204.836
85.000,34,1484.448,1651.633,414.151
85.000,35,62.261,140.173,445.266
85.000,36,1205.765,710.481,399.163
85.000,37,278.384,110.288,583.424
85.000,38,219.807,901.444,441.854
85.000,39,940.244,347.885,206.816
85.000,40,614.707,2012.268,326.223
85.000,41,536.287,1156.078,353.483
85.000,42,857.715,2176.967,358.573
85.000,43,638.621,1076.069,219.054
85.000,44,506.445,1949.016,155.935
85.000,45,1473.242,1555.534,310.113
85.000,46,700.252,142.998,326.365
85.000,47,1117.095,1706.442,482.072
85.000,48,1207.959,1649.494,381.438
85.000,49,388.243,1078.837,274.769
85.000,50,1202.646,56.077,417.460
85.000,51,232.890,862.911,163.805
85.000,52,801.680,257.869,267.743
85.000,53,29.460,420.819,537.970
85.000,54,779.501,959.889,468.576
85.000,55,980.667,148.059,400.698
85.000,56,854.936,676.416,436.845
85.000,57,41.547,2051.418,407.026
85.000,58,6.127,871.967,460.039
85.000,59,1129.078,223.281,210.732
85.000,60,1017.954,1377.910,581.753
85.000,61,150.382,847.364,156.595
85.000,62,594.837,1410.882,115.111
85.000,63,470.844,1995.987,166.303
85.000,64,300.171,1629.650,460.277
85.000,65,587.099,352.845,107.276
85.000,66,970.034,1441.708,374.804
85.000,67,879.676,741.656,227.541
85.000,68,1070.522,452.171,302.173
85.000,69,1023.009,1713.766,429.238
85.000,70,957.293,1254.599,524.171
85.000,71,1151.016,674.953,583.601
85.000,72,598.753,1771.784,268.961
85.000,73,322.229,1211.576,327.860
85.000,74,1098.825,874.877,442.287
85.000,75,828.053,1382.345,242.165
85.000,76,562.096,471.421,424.466
85.000,77,599.361,2032.624,511.490
85.000,78,1361.686,677.411,112.532
85.000,79,1382.054,1854.299,580.914
85.000,80,1244.637,2100.571,277.251
85.000,81,572.498,789.867,138.723
85.000,82,452.908,1150.529,142.279
85.000,83,920.089,1161.169,314.669
85.000,84,133.038,417.294,172.338
85.000,85,489.785,1778.600,247.312
90.000,0,1040.320,937.260,139.592
90.000,1,207.192,1412.589,387.944
90.000,2,1431.993,1186.184,258.936
90.000,3,309.446,1732.148,162.433
90.000,4,1354.429,1297.832,408.308
90.000,5,870.165,882.045,404.740
90.000,6,535.993,1025.577,268.044
90.000,7,729.345,2125.173,408.642
90.000,8,1028.927,556.160,294.898
90.000,9,662.881,742.869,587.815
90.000,10,17.567,127.940,311.091
90.000,11,735.411,1392.782,348.655
90.000,12,575.488,1792.237,589.888
90.000,13,593.475,349.656,328.366
90.000,14,343.551,1355.459,378.530
90.000,15,963.879,2129.182,287.944
90.000,16,490.243,1058.866,366.825
90.000,17,361.917,749.017,443.946
90.000,18,138.694,1508.210,455.805
90.000,19,1480.413,1519.046,290.708
90.000,20,76.380,1071.966,327.591
90.000,21,680.675,1380.649,185.010
90.000,22,935.115,1989.385,120.397
90.000,23,808.517,1099.438,235.188
90.000,24,927.619,1021.675,183.734
90.000,25,346.749,2156.258,557.136
90.000,26,882.963,774.644,394.267
90.000,27,1076.478,171.171,273.696
90.000,28,444.512,396.547,546.944
90.000,29,329.500,1029.210,375.971
90.000,30,324.332,1364.850,499.186
90.000,31,978.516,944.348,597.777
90.000,32,1379.378,2186.317,561.238
90.000,33,344.463,1996.343,214.440
90.000,34,1411.922,1559.636,412.607
90.000,35,32.994,234.748,443.427
90.000,36,1308.249,641.246,404.522
90.000,37,198.431,111.396,588.065
90.000,38,311.702,1006.432,437.906
90.000,39,890.785,230.434,203.802
90.000,40,634.216,2098.160,323.956
90.000,41,554.726,1076.805,352.506
90.000,42,928.997,2146.197,356.744
90.000,43,725.551,1100.085,217.651
90.000,44,515.422,1796.155,155.216
90.000,45,1477.062,1675.589,310.595
90.000,46,783.632,110.677,328.583
90.000,47,1228.487,1748.275,476.050
90.000,48,1335.539,1719.198,381.403
90.000,49,261.309,1034.935,271.006
90.000,50,1099.636,43.838,420.210
90.000,51,282.229,931.510,167.742
90.000,52,833.253,163.247,265.911
90.000,53,155.271,421.046,545.935
90.000,54,871.460,1063.840,468.465
90.000,55,894.169,262.243,401.737
90.000,56,951.582,728.834,440.321
90.000,57,70.687,1981.324,409.515
90.000,58,98.103,935.187,460.562
90.000,59,1080.657,157.167,204.971
90.000,60,900.583,1393.626,585.875
90.000,61,187.034,711.280,148.007
90.000,62,680.538,1406.142,112.490
90.000,63,354.405,2025.271,163.845
90.000,64,203.272,1595.841,459.103
90.000,65,526.361,448.417,100.252
90.000,66,897.975,1414.960,371.529
90.000,67,767.333,659.207,228.568
90.000,68,1032.473,357.410,299.494
90.000,69,1011.949,1795.344,430.274
90.000,70,1038.646,1239.469,523.630
90.000,71,1243.562,758.255,577.090
90.000,72,498.670,1699.772,260.748
90.000,73,375.573,1267.181,328.402
90.000,74,1030.169,909.743,441.983
90.000,75,938.532,1412.702,240.532
90.000,76,506.939,379.124,423.293
90.000,77,490.445,1937.467,514.538
90.000,78,1458.855,729.741,113.843
90.000,79,1278.820,1762.408,579.446
90.000,80,1339.332,2182.242,285.342
90.000,81,550.503,676.216,136.230
90.000,82,384.513,1280.036,132.004
90.000,83,951.169,1257.366,317.177
90.000,84,189.920,290.758,173.500
90.000,85,567.517,1717.910,242.994
95.000,0,1084.548,876.322,139.545
95.000,1,149.791,1472.760,388.631
95.000,2,1407.658,1047.026,254.031
95.000,3,180.869,1667.794,169.886
95.000,4,1259.084,1222.499,411.065
95.000,5,806.394,787.031,405.685
95.000,6,438.816,1058.478,270.383
95.000,7,854.421,2191.958,412.698
95.000,8,948.196,622.512,291.003
95.000,9,557.870,773.650,582.606
95.000,10,97.868,132.789,312.975
95.000,11,605.967,1451.453,347.704
95.000,12,701.098,1786.782,590.820
95.000,13,544.749,451.697,334.380
95.000,14,376.826,1433.600,374.724
95.000,15,985.257,2125.551,281.769
95.000,16,540.119,987.980,366.324
95.000,17,448.480,676.278,440.487
95.000,18,253.399,1466.489,456.050
95.000,19,1432.326,1443.151,288.568
95.000,20,118.703,992.048,334.702
95.000,21,635.437,1452.539,188.051
95.000,22,1062.934,1970.965,116.351
95.000,23,817.268,962.346,237.684
95.000,24,936.164,1158.982,185.372
95.000,25,313.624,2080.389,558.130
95.000,26,771.476,839.841,395.844
95.000,27,1010.616,83.801,273.534
95.000,28,450.595,471.737,547.044
95.000,29,346.172,1155.365,374.219
95.000,30,379.169,1312.090,499.417
95.000,31,1016.615,1008.725,599.128
95.000,32,1429.267,2124.166,563.884
95.000,33,308.521,2106.750,219.722
95.000,34,1353.816,1465.188,413.399
95.000,35,133.760,296.741,445.176
95.000,36,1378.835,539.638,407.154
95.000,37,121.028,122.980,593.399
95.000,38,407.711,1109.688,434.022
95.000,39,821.800,113.722,196.070
95.000,40,668.232,2177.128,322.228
95.000,41,559.284,994.615,350.889
95.000,42,1008.008,2118.507,355.237
95.000,43,805.504,1134.096,214.555
95.000,44,480.085,1656.593,157.019
95.000,45,1467.507,1790.586,312.263
95.000,46,863.481,78.859,331.035
95.000,47,1343.182,1764.917,472.850
95.000,48,1479.656,1770.187,384.593
95.000,49,130.374,992.908,266.930
95.000,50,984.492,111.321,423.510
95.000,51,319.978,1009.831,170.527
95.000,52,855.813,59.970,263.393
95.000,53,279.926,421.893,552.629
95.000,54,954.080,1173.247,467.396
95.000,55,794.633,350.171,400.912
95.000,56,1048.455,797.138,441.754
95.000,57,191.617,1952.485,415.438
95.000,58,160.901,1021.275,458.325
95.000,59,1028.787,87.332,200.105
95.000,60,787.308,1388.631,593.530
95.000,61,230.653,574.839,142.845
95.000,62,757.374,1377.852,111.490
95.000,63,243.787,2017.660,162.385
95.000,64,108.473,1572.751,460.809
95.000,65,493.362,563.443,105.683
95.000,66,826.463,1419.843,368.375
95.000,67,648.152,589.217,230.404
95.000,68,1005.872,265.772,296.099
95.000,69,997.091,1875.673,431.664
95.000,70,1111.376,1237.891,521.903
95.000,71,1353.724,811.190,569.926
95.000,72,397.820,1609.647,253.437
95.000,73,434.233,1314.551,328.823
95.000,74,956.728,951.897,443.204
95.000,75,1047.455,1445.715,240.613
95.000,76,434.361,313.767,421.998
95.000,77,373.331,1848.087,512.985
95.000,78,1425.951,811.210,115.993
95.000,79,1166.841,1660.952,578.856
95.000,80,1446.592,2083.280,293.860
95.000,81,529.949,563.891,131.394
95.000,82,326.089,1411.136,127.112
95.000,83,998.886,1342.905,317.046
95.000,84,216.634,164.274,177.664
95.000,85,632.033,1639.682,241.193
100.000,0,1128.667,809.423,139.485
100.000,1,97.042,1543.375,389.098
100.000,2,1380.521,906.468,249.517
100.000,3,34.858,1642.322,175.620
100.000,4,1161.307,1143.099,412.604
100.000,5,734.090,705.717,405.931
100.000,6,340.342,1115.973,271.743
100.000,7,972.996,2118.837,420.918
100.000,8,844.961,669.942,287.581
100.000,9,452.719,785.798,574.895
100.000,10,193.011,131.283,312.543
100.000,11,476.552,1507.737,339.181
100.000,12,822.171,1788.385,587.404
100.000,13,454.652,526.530,342.603
100.000,14,413.616,1519.372,372.113
100.000,15,949.068,1991.283,277.215
100.000,16,583.026,908.098,364.953
100.000,17,542.822,629.529,435.702
100.000,18,371.630,1457.662,456.032
100.000,19,1385.717,1358.262,286.950
100.000,20,140.874,899.308,340.369
100.000,21,584.450,1526.928,190.383
100.000,22,1194.289,1966.712,114.137
100.000,23,785.981,824.384,239.093
100.000,24,900.788,1291.958,186.503
100.000,25,260.129,2028.972,560.660
100.000,26,661.151,902.411,396.984
100.000,27,938.237,19.636,275.775
100.000,28,438.859,548.819,547.020
100.000,29,380.729,1281.239,373.834
100.000,30,437.653,1259.201,499.912
100.000,31,1054.563,1067.454,595.805
100.000,32,1479.757,2022.510,566.581
100.000,33,274.202,2173.543,220.133
100.000,34,1321.060,1360.773,410.012
100.000,35,192.546,409.141,442.915
100.000,36,1475.386,454.698,412.394
100.000,37,43.659,117.645,596.407
100.000,38,513.630,1214.176,429.010
100.000,39,757.824,17.604,187.636
100.000,40,706.638,2149.445,321.564
100.000,41,573.056,919.369,349.868
100.000,42,1087.810,2095.976,354.581
100.000,43,890.429,1167.668,214.041
100.000,44,468.057,1508.228,157.612
100.000,45,1462.362,1898.999,311.803
100.000,46,944.960,43.907,333.275
100.000,47,1462.457,1759.047,465.665
100.000,48,1350.227,1841.532,382.441
100.000,49,18.810,961.774,264.650
100.000,50,890.505,196.039,423.024
100.000,51,369.321,1090.969,173.320
100.000,52,873.840,40.149,260.251
100.000,53,406.285,444.475,556.761
100.000,54,1020.714,1284.626,461.438
100.000,55,677.679,407.426,403.915
100.000,56,1132.087,874.046,442.986
100.000,57,308.018,1905.044,419.640
100.000,58,234.307,1099.392,457.294
100.000,59,975.959,32.775,195.624
100.000,60,667.210,1399.340,598.241
100.000,61,269.729,436.875,139.626
100.000,62,833.525,1336.545,109.742
100.000,63,130.598,2020.744,163.183
100.000,64,6.881,1582.053,463.307
100.000,65,492.357,667.692,111.507
100.000,66,753.583,1410.518,365.958
100.000,67,538.587,519.048,233.604
100.000,68,955.576,174.862,293.289
100.000,69,994.149,1961.029,432.103
100.000,70,1200.882,1221.490,521.573
100.000,71,1464.097,874.795,568.326
100.000,72,342.353,1490.728,248.690
100.000,73,506.515,1362.005,328.869
100.000,74,881.180,989.983,441.196
100.000,75,1158.946,1473.123,237.898
100.000,76,355.606,247.065,423.285
100.000,77,255.560,1755.886,512.176
100.000,78,1352.659,901.227,120.544
100.000,79,1044.431,1575.122,577.605
100.000,80,1424.575,1973.107,300.791
100.000,81,504.820,465.639,129.501
100.000,82,284.925,1546.528,122.402
100.000,83,1055.194,1422.528,318.611
100.000,84,248.554,28.223,182.165
100.000,85,684.362,1558.045,238.050
105.000,0,1166.277,728.692,140.461
105.000,1,39.915,1610.691,390.593
105.000,2,1337.559,772.192,243.552
105.000,3,117.798,1612.106,177.280
105.000,4,1055.315,1081.381,415.336
105.000,5,707.835,606.901,402.148
105.000,6,233.139,1144.957,269.989
105.000,7,1104.786,2057.501,435.802
105.000,8,732.394,690.656,283.441
105.000,9,359.963,840.475,571.301
105.000,10,275.042,140.842,314.378
105.000,11,355.885,1577.427,334.729
105.000,12,939.695,1777.168,583.320
105.000,13,367.583,596.049,348.026
105.000,14,452.660,1593.690,371.459
105.000,15,969.743,1852.403,273.741
105.000,16,613.190,831.441,364.146
105.000,17,655.625,625.678,432.013
105.000,18,495.194,1460.997,455.369
105.000,19,1338.421,1277.258,285.342
105.000,20,147.665,808.747,343.563
105.000,21,510.831,1581.489,192.132
105.000,22,1324.397,1972.721,108.680
105.000,23,755.714,688.755,240.360
105.000,24,870.985,1420.272,194.134
105.000,25,208.234,1976.964,562.183
105.000,26,531.719,928.175,399.613
105.000,27,866.217,96.523,269.624
105.000,28,426.595,621.786,549.293
105.000,29,443.659,1400.010,375.174
105.000,30,487.187,1197.502,499.368
105.000,31,1074.437,1146.572,592.958
105.000,32,1430.789,1925.090,571.035
105.000,33,249.677,2063.648,222.932
105.000,34,1257.236,1267.259,408.485
105.000,35,252.157,505.869,442.687
105.000,36,1388.053,381.487,419.854
105.000,37,44.506,120.462,598.546
105.000,38,594.065,1336.608,422.804
105.000,39,718.304,146.088,181.657
105.000,40,730.494,2078.334,319.807
105.000,41,610.430,841.898,347.691
105.000,42,1169.826,2082.510,354.344
105.000,43,968.115,1215.573,212.334
105.000,44,488.176,1361.382,153.917
105.000,45,1426.906,1997.728,312.887
105.000,46,1039.442,23.533,333.308
105.000,47,1387.697,1792.324,460.324
105.000,48,1226.099,1943.038,376.216
105.000,49,154.062,963.798,256.172
105.000,50,809.216,290.763,421.866
105.000,51,421.017,1169.913,178.067
105.000,52,901.780,138.712,258.402
105.000,53,529.881,468.779,560.270
105.000,54,1093.867,1408.217,462.548
105.000,55,567.797,492.414,405.402
105.000,56,1219.708,935.229,441.917
105.000,57,417.796,1860.523,423.221
105.000,58,313.271,1167.042,455.012
105.000,59,924.281,42.386,193.228
105.000,60,552.218,1404.429,595.890
105.000,61,282.918,304.728,135.683
105.000,62,918.945,1333.898,104.352
105.000,63,18.810,2049.187,165.762
105.000,64,108.342,1563.498,464.752
105.000,65,490.753,773.440,117.653
105.000,66,680.376,1385.931,362.962
105.000,67,433.840,433.692,237.452
105.000,68,909.375,79.339,290.195
105.000,69,1004.025,2050.996,435.195
105.000,70,1276.460,1169.728,521.459
105.000,71,1404.141,952.432,561.896
105.000,72,246.532,1399.683,242.322
105.000,73,578.168,1414.990,332.329
105.000,74,802.325,1020.967,438.748
105.000,75,1269.085,1501.462,232.868
105.000,76,289.439,163.632,422.921
105.000,77,127.481,1688.551,511.045
105.000,78,1263.137,977.287,125.990
105.000,79,930.480,1481.118,574.954
105.000,80,1340.536,1861.944,307.064
105.000,81,448.230,371.720,127.849
105.000,82,234.452,1675.691,114.994
105.000,83,1102.034,1508.713,322.309
105.000,84,296.477,97.790,183.844
105.000,85,739.273,1475.685,237.013
110.000,0,1204.322,662.671,142.692
110.000,1,17.813,1670.784,392.728
110.000,2,1283.105,635.172,239.739
110.000,3,249.580,1549.901,178.302
110.000,4,950.774,1017.065,420.728
110.000,5,660.739,506.780,398.846
110.000,6,123.879,1206.291,269.893
110.000,7,1249.137,2021.843,445.794
110.000,8,630.989,744.417,278.146
110.000,9,256.424,866.620,567.496
110.000,10,366.075,150.324,315.745
110.000,11,227.963,1613.621,332.168
110.000,12,1065.107,1772.076,580.917
110.000,13,296.665,685.972,350.058
110.000,14,480.996,1675.750,368.916
110.000,15,992.643,1717.197,266.446
110.000,16,639.482,744.954,365.775
110.000,17,762.426,587.349,428.451
110.000,18,614.209,1434.935,453.874
110.000,19,1275.319,1201.588,283.860
110.000,20,154.545,722.507,347.625
110.000,21,454.888,1655.292,193.402
110.000,22,1457.813,2019.251,104.695
110.000,23,707.840,564.097,241.584
110.000,24,850.627,1547.022,199.859
110.000,25,161.900,1918.426,563.827
110.000,26,421.262,992.330,402.236
110.000,27,792.412,173.721,263.795
110.000,28,424.955,702.605,550.458
110.000,29,466.946,1530.686,378.699
110.000,30,537.947,1126.106,498.838
110.000,31,1118.638,1213.466,590.697
110.000,32,1385.078,1824.196,575.105
110.000,33,234.228,1953.437,228.995
110.000,34,1177.241,1175.355,406.474
110.000,35,332.282,587.616,441.587
110.000,36,1290.325,315.785,423.556
110.000,37,127.535,126.396,598.370
110.000,38,674.779,1452.700,418.994
110.000,39,671.367,268.968,176.154
110.000,40,768.303,2005.236,317.662
110.000,41,651.793,761.692,345.849
110.000,42,1259.015,2067.711,355.352
110.000,43,1044.657,1265.223,212.049
110.000,44,474.174,1225.278,151.305
110.000,45,1413.516,2110.381,313.968
110.000,46,1131.682,10.415,333.337
110.000,47,1262.020,1833.588,456.585
110.000,48,1117.202,2041.500,374.931
110.000,49,281.459,930.038,249.940
110.000,50,740.131,398.841,417.574
110.000,51,455.266,1239.644,181.996
110.000,52,959.383,222.590,254.363
110.000,53,648.445,482.451,563.246
110.000,54,1190.803,1521.534,462.293
110.000,55,462.623,593.937,405.710
110.000,56,1306.064,993.950,441.882
110.000,57,542.567,1835.024,427.608
110.000,58,385.220,1253.277,452.363
110.000,59,870.031,97.828,189.575
110.000,60,434.564,1381.064,594.242
110.000,61,276.918,167.978,132.625
110.000,62,1007.107,1315.501,101.740
110.000,63,83.315,2088.221,164.939
110.000,64,203.295,1578.885,465.325
110.000,65,467.936,892.570,119.614
110.000,66,605.023,1361.437,357.938
110.000,67,333.207,345.353,241.376
110.000,68,867.331,36.960,288.042
110.000,69,1014.008,2135.475,439.026
110.000,70,1356.640,1125.051,518.392
110.000,71,1311.210,1047.723,557.244
110.000,72,120.806,1333.176,237.300
110.000,73,642.906,1472.491,336.583
110.000,74,735.590,1064.199,435.689
110.000,75,1381.994,1516.005,229.700
110.000,76,216.842,85.211,419.976
110.000,77,4.784,1612.132,512.195
110.000,78,1162.109,1035.585,132.479
110.000,79,839.704,1364.834,573.967
110.000,80,1264.780,1760.772,315.260
110.000,81,417.298,265.332,126.043
110.000,82,197.330,1804.838,108.778
110.000,83,1132.872,1608.245,322.209
110.000,84,358.708,217.293,186.451
110.000,85,815.052,1413.384,235.572
115.000,0,1253.173,597.428,143.580
115.000,1,66.165,1735.215,393.535
115.000,2,1249.243,499.760,236.191
115.000,3,379.895,1476.510,179.543
115.000,4,834.590,977.005,428.259
115.000,5,624.066,407.957,398.187
115.000,6,17.301,1241.980,268.953
115.000,7,1382.542,1957.702,455.925
115.000,8,525.490,769.989,272.643
115.000,9,150.199,893.416,560.441
115.000,10,468.393,169.803,316.396
115.000,11,86.614,1625.178,333.538
115.000,12,1184.216,1744.266,577.799
115.000,13,228.551,777.376,352.149
115.000,14,508.615,1762.201,364.597
115.000,15,1014.397,1570.257,257.335
115.000,16,680.907,669.978,369.297
115.000,17,863.776,525.799,423.279
115.000,18,718.755,1382.043,454.642
115.000,19,1224.492,1119.196,285.139
115.000,20,167.147,637.393,352.400
115.000,21,408.496,1731.575,197.848
115.000,22,1376.352,2012.732,104.624
115.000,23,690.739,432.216,240.254
115.000,24,828.656,1675.374,203.209
115.000,25,113.621,1855.983,566.263
115.000,26,318.876,1065.545,406.761
115.000,27,717.257,246.648,261.333
115.000,28,438.120,780.516,550.278
115.000,29,500.262,1652.339,380.102
115.000,30,587.905,1065.238,499.228
115.000,31,1153.214,1285.957,587.329
115.000,32,1333.363,1726.718,580.052
115.000,33,206.842,1855.133,235.469
115.000,34,1083.355,1092.469,404.013
115.000,35,416.336,677.801,440.006
115.000,36,1215.640,231.886,421.942
115.000,37,206.001,124.000,593.995
115.000,38,751.630,1581.005,410.602
115.000,39,612.309,396.527,167.244
115.000,40,805.410,1929.498,319.258
115.000,41,661.175,666.354,343.839
115.000,42,1340.150,2048.514,351.870
115.000,43,1128.883,1301.386,209.670
115.000,44,468.232,1083.979,152.267
115.000,45,1432.739,2177.988,316.653
115.000,46,1220.586,33.144,334.868
115.000,47,1131.258,1828.174,451.220
115.000,48,995.940,2115.219,373.399
115.000,49,409.557,899.372,246.446
115.000,50,677.031,514.338,416.371
115.000,51,494.580,1310.416,184.076
115.000,52,1008.191,310.625,249.753
115.000,53,771.396,495.132,568.723
115.000,54,1283.035,1638.052,464.646
115.000,55,355.364,674.321,405.821
115.000,56,1399.611,1067.897,442.414
115.000,57,653.651,1799.006,428.129
115.000,58,442.337,1342.379,453.776
115.000,59,799.412,146.930,186.525
115.000,60,323.343,1370.466,593.586
115.000,61,295.404,29.457,126.043
115.000,62,1089.379,1288.964,101.628
115.000,63,186.969,2128.803,160.411
115.000,64,291.894,1556.163,465.393
115.000,65,443.327,1007.819,122.731
115.000,66,535.821,1346.551,356.617
115.000,67,218.160,265.182,243.983
115.000,68,816.266,126.068,284.848
115.000,69,1012.589,2187.895,441.988
115.000,70,1436.235,1087.373,517.125
115.000,71,1197.155,1135.004,552.936
115.000,72,48.713,1224.986,229.849
115.000,73,713.397,1524.068,340.289
115.000,74,663.247,1083.756,433.713
115.000,75,1471.500,1528.539,228.633
115.000,76,143.293,10.745,420.523
115.000,77,143.099,1554.666,510.461
115.000,78,1061.538,1096.851,138.746
115.000,79,744.072,1277.227,575.810
115.000,80,1199.571,1639.122,319.912
115.000,81,414.190,154.803,120.865
115.000,82,161.058,1935.953,101.765
115.000,83,1182.315,1694.944,321.788
115.000,84,419.298,340.738,190.822
115.000,85,877.346,1339.505,231.788
120.000,0,1313.626,540.270,144.428
120.000,1,104.138,1809.907,394.452
120.000,2,1271.146,354.254,229.598
120.000,3,507.796,1412.169,182.372
120.000,4,722.956,929.822,432.109
120.000,5,605.447,300.865,397.191
120.000,6,101.432,1273.766,268.348
120.000,7,1438.651,1899.112,463.517
120.000,8,422.183,806.237,270.995
120.000,9,54.451,930.866,557.052
120.000,10,562.742,188.306,317.353
120.000,11,42.906,1693.572,332.041
120.000,12,1301.101,1712.820,574.915
120.000,13,145.944,859.558,358.515
120.000,14,531.236,1843.581,361.188
120.000,15,1007.920,1424.336,246.206
120.000,16,723.488,589.645,369.277
120.000,17,966.838,481.403,419.076
120.000,18,819.308,1317.507,456.574
120.000,19,1167.595,1040.589,285.556
120.000,20,169.144,551.803,358.449
120.000,21,372.911,1817.684,200.443
120.000,22,1242.983,1981.935,110.878
120.000,23,673.091,297.521,243.958
120.000,24,798.523,1800.319,207.205
120.000,25,68.258,1794.788,564.977
120.000,26,206.810,1119.173,407.880
120.000,27,648.307,328.778,261.149
120.000,28,439.157,858.855,551.477
120.000,29,556.426,1772.173,384.871
120.000,30,628.648,999.613,497.812
120.000,31,1179.253,1363.355,583.166
120.000,32,1275.036,1641.202,582.713
120.000,33,167.751,1750.907,241.346
120.000,34,994.930,1013.794,401.927
120.000,35,495.358,763.007,440.657
120.000,36,1116.193,171.170,426.328
120.000,37,275.284,140.250,589.597
120.000,38,833.833,1702.414,403.155
120.000,39,549.571,510.517,159.437
120.000,40,830.263,1853.026,319.272
120.000,41,701.969,589.407,341.407
120.000,42,1415.111,2019.619,349.677
120.000,43,1220.817,1326.226,206.718
120.000,44,448.432,936.803,152.263
120.000,45,1461.012,2070.987,319.080
120.000,46,1314.989,58.978,338.346
120.000,47,1013.659,1856.913,445.839
120.000,48,857.907,2156.561,378.548
120.000,49,538.523,852.809,241.608
120.000,50,593.879,619.235,415.604
120.000,51,542.421,1389.254,187.019
120.000,52,1078.915,401.663,248.533
120.000,53,891.266,505.404,573.607
120.000,54,1371.088,1753.777,463.400
120.000,55,238.561,747.177,404.133
120.000,56,1478.299,1152.436,442.773
120.000,57,770.051,1750.910,429.767
120.000,58,513.325,1427.192,451.223
120.000,59,729.160,203.169,181.971
120.000,60,212.539,1353.985,591.173
120.000,61,287.398,125.057,120.582
120.000,62,1161.843,1276.986,103.759
120.000,63,301.997,2147.755,156.462
120.000,64,392.631,1542.353,464.484
120.000,65,447.694,1121.935,125.580
120.000,66,464.205,1316.980,356.102
120.000,67,123.033,182.026,247.424
120.000,68,763.246,218.732,284.241
120.000,69,1030.226,2099.777,445.990
120.000,70,1454.244,1056.626,514.514
120.000,71,1084.349,1200.604,547.643
120.000,72,51.602,1124.523,224.030
120.000,73,779.137,1573.135,342.546
120.000,74,586.603,1109.339,428.928
120.000,75,1365.671,1579.986,225.598
120.000,76,88.260,85.344,421.163
120.000,77,286.077,1516.502,513.303
120.000,78,960.394,1149.662,141.428
120.000,79,609.949,1211.039,575.294
120.000,80,1104.991,1542.736,323.777
120.000,81,380.608,38.462,116.351
120.000,82,67.521,2041.016,107.392
120.000,83,1236.766,1780.331,321.193
120.000,84,469.208,461.630,198.335
120.000,85,931.316,1259.625,230.135
125.000,0,1378.704,492.470,145.628
125.000,1,146.691,1879.458,395.044
125.000,2,1207.433,221.574,221.165
125.000,3,602.418,1306.380,187.294
125.000,4,621.267,897.300,435.576
125.000,5,568.056,189.473,397.743
125.000,6,206.937,1289.528,268.373
125.000,7,1304.496,1870.882,471.744
125.000,8,333.890,878.197,267.299
125.000,9,61.894,967.785,551.158
125.000,10,649.158,194.140,317.947
125.000,11,144.697,1791.469,331.711
125.000,12,1422.130,1728.296,572.178
125.000,13,75.551,955.782,360.917
125.000,14,569.437,1921.768,358.843
125.000,15,995.099,1276.478,239.008
125.000,16,760.555,505.185,368.911
125.000,17,1059.700,415.408,415.533
125.000,18,922.894,1251.963,460.631
125.000,19,1109.568,964.081,284.656
125.000,20,172.449,473.056,362.826
125.000,21,322.916,1890.656,201.765
125.000,22,1104.096,1973.869,112.923
125.000,23,633.438,168.676,247.727
125.000,24,810.573,1940.649,207.815
125.000,25,28.133,1732.297,565.410
125.000,26,90.447,1166.379,409.464
125.000,27,584.675,411.956,259.307
125.000,28,430.567,927.701,553.847
125.000,29,545.559,1908.402,384.283
125.000,30,686.332,951.058,498.209
125.000,31,1223.938,1425.140,581.092
125.000,32,1204.674,1556.359,585.819
125.000,33,133.073,1639.686,245.786
125.000,34,909.061,938.898,400.017
125.000,35,552.221,853.294,439.101
125.000,36,1010.692,101.793,427.234
125.000,37,353.242,163.325,588.536
125.000,38,916.215,1815.430,399.615
125.000,39,488.725,624.923,152.119
125.000,40,834.902,1764.538,317.116
125.000,41,720.648,513.110,339.467
125.000,42,1477.635,1989.495,349.335
125.000,43,1308.745,1353.324,204.718
125.000,44,414.586,797.423,149.809
125.000,45,1469.980,1959.708,321.994
125.000,46,1406.561,70.558,340.734
125.000,47,895.573,1847.181,440.052
125.000,48,717.651,2193.315,378.048
125.000,49,672.085,823.944,236.106
125.000,50,495.125,695.771,413.399
125.000,51,596.349,1463.346,191.783
125.000,52,1141.672,491.698,246.263
125.000,53,1020.342,510.011,577.642
125.000,54,1448.595,1875.803,457.595
125.000,55,110.508,807.132,404.902
125.000,56,1423.335,1239.339,442.254
125.000,57,890.666,1715.048,435.017
125.000,58,546.045,1538.701,451.300
125.000,59,683.387,280.804,175.280
125.000,60,102.907,1326.501,584.448
125.000,61,235.404,266.650,116.496
125.000,62,1242.007,1265.736,106.769
125.000,63,416.296,2157.456,157.068
125.000,64,493.451,1504.281,464.647
125.000,65,429.099,1235.260,126.694
125.000,66,395.469,1296.804,354.722
125.000,67,24.574,105.915,250.432
125.000,68,716.038,317.468,282.527
125.000,69,1056.267,2014.310,447.074
125.000,70,1386.033,1012.607,514.491
125.000,71,985.163,1295.323,544.540
125.000,72,145.500,1026.193,217.796
125.000,73,838.267,1625.637,343.842
125.000,74,513.573,1128.321,427.211
125.000,75,1256.540,1622.527,226.165
125.000,76,24.426,176.111,426.075
125.000,77,432.793,1484.232,520.707
125.000,78,870.807,1205.341,144.104
125.000,79,470.886,1138.722,577.371
125.000,80,981.487,1474.325,330.896
125.000,81,334.942,78.781,113.350
125.000,82,41.129,2156.580,112.141
125.000,83,1293.684,1853.111,323.206
125.000,84,496.886,598.516,201.214
125.000,85,975.320,1182.718,228.192
130.000,0,1433.951,427.075,147.886
130.000,1,206.547,1934.308,396.102
130.000,2,1123.850,109.763,216.144
130.000,3,706.742,1220.381,191.995
130.000,4,525.362,835.268,439.292
130.000,5,534.530,85.664,399.418
130.000,6,299.807,1338.822,270.856
130.000,7,1163.792,1841.768,476.961
130.000,8,238.502,950.777,262.869
130.000,9,159.694,1015.068,544.770
130.000,10,743.525,196.417,318.674
130.000,11,259.579,1871.128,325.805
130.000,12,1418.093,1756.775,573.754
130.000,13,6.866,1055.158,360.197
130.000,14,612.180,1994.771,357.472
130.000,15,1013.233,1126.486,233.857
130.000,16,791.127,419.027,370.588
130.000,17,1156.720,355.240,410.375
130.000,18,1036.581,1216.648,460.818
130.000,19,1068.708,882.605,284.598
130.000,20,200.234,396.793,366.891
130.000,21,281.762,1973.102,201.668
130.000,22,958.674,1953.397,113.195
130.000,23,621.794,35.519,246.440
130.000,24,792.069,2080.504,210.283
130.000,25,24.518,1657.746,566.820
130.000,26,17.383,1242.522,412.865
130.000,27,506.187,484.080,258.422
130.000,28,421.719,1004.899,553.498
130.000,29,572.335,2041.560,391.443
130.000,30,741.079,896.482,497.647
130.000,31,1256.893,1498.466,576.738
130.000,32,1158.823,1454.272,592.331
130.000,33,114.419,1522.546,252.013
130.000,34,811.570,883.279,400.606
130.000,35,613.802,947.338,440.016
130.000,36,900.752,41.167,431.213
130.000,37,435.270,168.412,586.565
130.000,38,1040.168,1897.169,392.453
130.000,39,436.298,745.803,145.203
130.000,40,860.192,1678.506,315.616
130.000,41,745.846,440.061,336.783
130.000,42,1400.365,1970.326,347.393
130.000,43,1385.293,1391.649,205.366
130.000,44,377.221,662.932,146.964
130.000,45,1460.821,1842.041,325.382
130.000,46,1459.574,90.897,343.688
130.000,47,776.752,1855.745,431.557
130.000,48,590.859,2132.771,377.694
130.000,49,799.488,769.281,229.266
130.000,50,402.734,778.166,411.434
130.000,51,657.011,1529.942,197.194
130.000,52,1200.412,583.508,246.387
130.000,53,1148.311,520.179,583.807
130.000,54,1440.271,1997.477,453.938
130.000,55,21.258,863.339,406.450
130.000,56,1345.242,1314.656,443.012
130.000,57,1006.011,1658.832,439.478
130.000,58,596.131,1636.345,452.296
130.000,59,605.592,334.426,168.431
130.000,60,29.784,1323.021,581.661
130.000,61,233.517,413.615,109.329
130.000,62,1323.680,1241.137,111.093
130.000,63,523.568,2189.401,156.818
130.000,64,592.525,1453.530,467.211
130.000,65,403.365,1346.549,125.225
130.000,66,323.712,1290.796,353.235
130.000,67,90.913,41.407,253.290
130.000,68,683.797,419.037,281.542
130.000,69,1075.239,1925.392,448.742
130.000,70,1299.042,1005.220,513.133
130.000,71,912.738,1405.980,536.726
130.000,72,234.116,936.156,209.201
130.000,73,900.698,1677.058,344.524
130.000,74,441.983,1156.109,427.932
130.000,75,1144.330,1635.744,224.311
130.000,76,60.500,253.464,430.236
130.000,77,584.336,1460.573,525.095
130.000,78,771.910,1249.417,146.738
130.000,79,355.343,1058.575,577.177
130.000,80,856.150,1400.721,337.571
130.000,81,267.515,171.644,112.575
130.000,82,117.643,2105.757,117.942
130.000,83,1322.578,1960.104,329.301
130.000,84,526.743,742.310,201.478
130.000,85,1027.397,1096.986,224.481
135.000,0,1471.787,362.536,148.717
135.000,1,239.460,2003.204,396.574
135.000,2,1087.205,32.536,210.603
135.000,3,850.372,1166.935,196.561
135.000,4,427.147,758.102,443.689
135.000,5,506.611,42.728,401.874
135.000,6,387.313,1398.077,273.670
135.000,7,1029.059,1781.583,484.108
135.000,8,148.311,1007.591,256.610
135.000,9,256.779,1081.195,539.863
135.000,10,841.252,195.429,320.860
135.000,11,387.854,1918.478,316.942
135.000,12,1288.856,1729.242,572.708
135.000,13,64.002,1151.757,364.223
135.000,14,648.716,2069.542,353.500
135.000,15,1043.379,984.204,228.933
135.000,16,844.114,357.939,373.511
135.000,17,1271.096,314.082,407.719
135.000,18,1150.096,1176.638,462.951
135.000,19,1028.611,800.535,284.422
135.000,20,220.121,314.147,370.468
135.000,21,224.758,2042.946,201.108
135.000,22,818.206,1942.280,116.994
135.000,23,587.399,91.202,248.496
135.000,24,784.013,2183.445,213.902
135.000,25,68.842,1589.510,570.365
135.000,26,141.770,1284.727,414.936
135.000,27,403.433,541.575,258.050
135.000,28,423.122,1089.226,555.243
135.000,29,616.816,2173.962,395.694
135.000,30,794.696,831.048,496.765
135.000,31,1292.117,1563.460,573.065
135.000,32,1107.948,1356.167,596.883
135.000,33,93.221,1407.745,258.344
135.000,34,712.677,835.603,394.739
135.000,35,679.179,1044.565,436.525
135.000,36,786.950,25.645,434.374
135.000,37,517.233,174.746,585.229
135.000,38,1140.662,1998.849,387.617
135.000,39,390.948,876.796,142.024
135.000,40,870.638,1590.752,312.845
135.000,41,753.866,361.086,334.381
135.000,42,1324.707,1937.687,346.342
135.000,43,1473.339,1416.499,204.777
135.000,44,376.663,517.196,145.654
135.000,45,1484.288,1724.779,325.076
135.000,46,1369.067,116.689,346.721
135.000,47,651.118,1876.014,419.798
135.000,48,474.376,2043.658,374.521
135.000,49,943.145,748.371,221.729
135.000,50,310.809,862.293,410.500
135.000,51,700.721,1602.679,200.202
135.000,52,1234.884,680.887,244.437
135.000,53,1268.055,524.864,590.563
135.000,54,1404.526,2135.958,446.198
135.000,55,116.385,972.770,408.174
135.000,56,1265.136,1387.623,444.864
135.000,57,1115.064,1588.318,446.550
135.000,58,669.558,1732.500,455.455
135.000,59,555.221,395.574,163.008
135.000,60,149.717,1335.330,577.294
135.000,61,257.801,553.980,102.487
135.000,62,1403.038,1223.967,113.272
135.000,63,640.351,2184.687,155.385
135.000,64,695.114,1418.803,465.089
135.000,65,395.083,1467.064,126.685
135.000,66,255.707,1293.982,353.279
135.000,67,199.503,40.817,255.459
135.000,68,634.025,509.772,278.321
135.000,69,1104.222,1842.306,454.158
135.000,70,1219.950,982.320,513.821
135.000,71,843.283,1518.005,528.079
135.000,72,309.449,836.664,201.016
135.000,73,956.068,1742.937,344.805
135.000,74,379.040,1207.144,429.509
135.000,75,1019.699,1670.939,220.499
135.000,76,146.246,317.693,430.560
135.000,77,742.290,1428.904,523.131
135.000,78,680.611,1292.493,148.730
135.000,79,264.614,957.788,577.006
135.000,80,735.717,1329.190,342.112
135.000,81,232.692,282.843,106.692
135.000,82,189.466,1975.338,127.161
135.000,83,1377.763,2045.961,333.583
135.000,84,575.903,878.734,204.113
135.000,85,1101.068,1024.860,222.028
140.000,0,1444.918,305.012,151.167
140.000,1,279.450,2063.441,397.045
140.000,2,1018.887,153.965,208.136
140.000,3,987.036,1101.410,206.515
140.000,4,310.624,721.184,447.484
140.000,5,448.828,127.327,400.660
140.000,6,472.544,1464.734,272.596
140.000,7,881.937,1800.359,491.529
140.000,8,57.573,1062.681,255.704
140.000,9,363.389,1124.506,537.475
140.000,10,931.554,219.507,322.772
140.000,11,506.131,1993.876,311.983
140.000,12,1159.779,1719.874,569.036
140.000,13,138.216,1250.880,370.273
140.000,14,684.337,2146.187,347.466
140.000,15,1047.783,840.817,226.855
140.000,16,893.737,286.351,375.131
140.000,17,1379.560,290.442,403.677
140.000,18,1269.448,1160.540,466.907
140.000,19,1001.960,711.734,282.232
140.000,20,227.988,227.539,375.095
140.000,21,183.661,2112.665,201.549
140.000,22,683.285,1920.834,123.260
140.000,23,603.939,225.856,249.898
140.000,24,791.392,2047.627,217.434
140.000,25,123.202,1534.047,575.006
140.000,26,241.340,1361.756,416.379
140.000,27,315.967,619.797,256.012
140.000,28,429.880,1169.096,557.715
140.000,29,638.701,2094.987,396.922
140.000,30,860.801,799.153,497.210
140.000,31,1303.682,1638.135,568.518
140.000,32,1072.537,1260.160,598.429
140.000,33,79.250,1287.775,265.721
140.000,34,650.283,743.571,391.331
140.000,35,773.376,1119.844,436.928
140.000,36,683.685,98.016,435.469
140.000,37,602.288,168.094,585.342
140.000,38,1254.931,2087.024,382.258
140.000,39,368.610,1006.694,138.689
140.000,40,879.468,1500.563,311.444
140.000,41,766.106,278.551,330.976
140.000,42,1249.214,1902.643,342.773
140.000,43,1405.800,1445.360,205.932
140.000,44,385.942,365.194,144.851
140.000,45,1478.682,1617.721,324.869
140.000,46,1278.980,146.325,346.808
140.000,47,529.164,1871.973,414.064
140.000,48,369.515,1945.773,369.372
140.000,49,1086.509,751.959,213.681
140.000,50,246.982,974.306,411.213
140.000,51,739.055,1675.799,204.735
140.000,52,1255.615,776.978,240.188
140.000,53,1384.193,582.669,597.016
140.000,54,1360.219,2112.015,440.041
140.000,55,198.671,1079.129,405.384
140.000,56,1179.530,1465.988,444.346
140.000,57,1222.793,1516.120,451.923
140.000,58,740.755,1819.384,456.834
140.000,59,520.652,463.616,160.236
140.000,60,270.207,1329.022,574.349
140.000,61,289.073,692.814,102.051
140.000,62,1473.507,1202.909,116.777
140.000,63,755.057,2140.666,152.767
140.000,64,787.792,1401.479,464.349
140.000,65,378.476,1580.942,129.057
140.000,66,181.595,1289.501,350.053
140.000,67,313.739,117.714,254.172
140.000,68,577.398,598.033,273.749
140.000,69,1130.774,1758.502,457.458
140.000,70,1136.404,961.722,514.996
140.000,71,740.710,1594.796,520.431
140.000,72,387.891,738.311,193.095
140.000,73,1002.616,1805.197,344.372
140.000,74,309.040,1252.806,428.739
140.000,75,910.099,1713.213,219.032
140.000,76,204.374,394.621,430.197
140.000,77,874.305,1346.861,526.743
140.000,78,589.154,1363.710,150.796
140.000,79,137.703,873.875,574.115
140.000,80,626.552,1246.568,347.173
140.000,81,215.273,391.592,100.322
140.000,82,237.628,1837.453,133.493
140.000,83,1423.845,2133.666,333.092
140.000,84,594.128,1021.178,207.264
140.000,85,1152.196,947.767,221.431
145.000,0,1392.058,237.290,156.133
145.000,1,332.992,2124.633,397.079
145.000,2,968.455,284.349,207.661
145.000,3,1128.882,1068.279,212.023
145.000,4,233.188,642.131,447.835
145.000,5,373.341,211.042,401.680
145.000,6,565.485,1526.471,268.248
145.000,7,733.165,1794.051,502.341
145.000,8,38.134,1122.453,253.829
145.000,9,462.247,1183.688,531.477
145.000,10,1019.689,248.713,324.757
145.000,11,622.039,2070.463,311.648
145.000,12,1035.609,1739.286,569.781
145.000,13,208.560,1355.167,376.331
145.000,14,716.190,2178.563,343.087
145.000,15,1050.618,701.776,222.271
145.000,16,920.627,195.976,375.232
145.000,17,1478.761,252.979,401.627
145.000,18,1386.431,1122.200,467.333
145.000,19,961.485,623.969,280.968
145.000,20,245.816,153.940,379.329
145.000,21,146.996,2193.634,204.834
145.000,22,544.885,1933.956,126.743
145.000,23,606.590,370.611,254.325
145.000,24,751.130,1903.496,219.581
145.000,25,185.859,1492.806,579.452
145.000,26,350.995,1437.049,421.314
145.000,27,232.749,681.957,251.913
145.000,28,417.962,1242.330,559.091
145.000,29,668.545,1963.041,398.925
145.000,30,941.350,756.987,495.092
145.000,31,1314.756,1713.512,565.782
145.000,32,1000.838,1177.489,598.657
145.000,33,40.452,1183.665,268.704
145.000,34,564.713,667.303,391.713
145.000,35,848.764,1215.811,434.356
145.000,36,582.773,188.224,440.889
145.000,37,690.651,173.578,582.967
145.000,38,1352.643,2194.625,379.332
145.000,39,328.517,1133.894,139.902
145.000,40,906.874,1412.680,308.940
145.000,41,801.704,199.438,326.238
145.000,42,1180.351,1854.153,339.514
145.000,43,1319.676,1481.353,204.705
145.000,44,355.135,225.353,143.445
145.000,45,1469.573,1520.457,326.718
145.000,46,1184.562,132.141,349.801
145.000,47,396.398,1866.172,410.853
145.000,48,247.091,1866.475,368.970
145.000,49,1218.181,726.416,207.798
145.000,50,177.694,1074.631,407.302
145.000,51,816.476,1732.035,208.513
145.000,52,1268.901,879.748,238.233
145.000,53,1455.197,618.355,595.124
145.000,54,1280.472,1984.063,432.236
145.000,55,278.028,1187.460,402.650
145.000,56,1120.147,1558.876,444.381
145.000,57,1330.076,1460.408,457.482
145.000,58,818.620,1887.437,453.085
145.000,59,471.251,531.294,156.465
145.000,60,383.028,1325.827,569.915
145.000,61,329.197,828.439,106.335
145.000,62,1407.322,1196.449,122.015
145.000,63,863.735,2100.400,147.998
145.000,64,883.363,1367.381,463.213
145.000,65,339.836,1695.041,132.527
145.000,66,101.305,1283.974,345.349
145.000,67,392.777,224.064,257.440
145.000,68,516.606,690.048,271.374
145.000,69,1158.035,1670.002,461.041
145.000,70,1056.920,921.711,514.781
145.000,71,656.560,1695.433,514.186
145.000,72,448.774,623.603,186.075
145.000,73,1048.713,1863.340,345.310
145.000,74,242.913,1295.567,427.529
145.000,75,805.328,1738.556,216.616
145.000,76,260.995,485.988,430.038
145.000,77,993.256,1249.314,531.027
145.000,78,496.355,1438.862,153.768
145.000,79,21.902,771.580,572.859
145.000,80,512.304,1177.235,353.797
145.000,81,165.653,499.233,102.611
145.000,82,282.921,1701.962,140.198
145.000,83,1480.790,2172.108,335.031
145.000,84,626.926,1162.068,210.875
145.000,85,1197.452,864.126,220.927
150.000,0,1331.192,185.046,157.343
150.000,1,383.780,2175.962,397.239
150.000,2,895.976,395.007,205.321
150.000,3,1248.199,1000.505,218.022
150.000,4,161.557,544.302,452.726
150.000,5,297.979,282.625,402.294
150.000,6,677.979,1534.618,267.123
150.000,7,586.026,1741.714,510.507
150.000,8,139.229,1165.756,254.132
150.000,9,534.871,1266.164,525.396
150.000,10,1108.500,253.090,326.760
150.000,11,748.937,2117.543,311.310
150.000,12,910.332,1727.847,573.864
150.000,13,271.577,1456.163,379.759
150.000,14,771.121,2110.167,339.151
150.000,15,1071.536,571.738,219.567
150.000,16,966.386,118.550,376.214
150.000,17,1387.267,178.378,396.659
150.000,18,1460.291,1110.592,468.078
150.000,19,889.455,572.933,279.746
150.000,20,236.743,77.654,381.019
150.000,21,115.376,2122.765,206.774
150.000,22,401.331,1904.715,129.578
150.000,23,577.800,513.942,257.340
150.000,24,707.216,1761.224,220.738
150.000,25,225.729,1428.588,581.884
150.000,26,462.805,1509.160,422.465
150.000,27,141.480,756.764,249.282
150.000,28,415.978,1319.328,559.740
150.000,29,700.892,1821.261,400.357
150.000,30,1008.463,702.481,493.496
150.000,31,1353.705,1782.753,564.464
150.000,32,931.828,1088.060,598.117
150.000,33,14.760,1068.210,274.810
150.000,34,483.061,600.778,390.784
150.000,35,889.608,1336.394,433.530
150.000,36,498.118,282.272,442.504
150.000,37,780.156,177.326,578.467
150.000,38,1469.747,2127.279,372.630
150.000,39,301.019,1260.704,140.124
150.000,40,956.844,1336.924,306.119
150.000,41,814.638,106.171,322.828
150.000,42,1102.546,1820.101,337.545
150.000,43,1238.514,1525.968,204.002
150.000,44,372.616,80.041,140.358
150.000,45,1464.283,1412.170,328.181
150.000,46,1092.965,141.648,350.329
150.000,47,278.185,1851.854,404.121
150.000,48,119.608,1802.834,366.211
150.000,49,1338.712,673.758,200.107
150.000,50,74.748,1146.017,408.116
150.000,51,886.514,1780.965,211.351
150.000,52,1286.863,985.906,236.236
150.000,53,1330.133,623.333,591.303
150.000,54,1206.110,1861.686,426.857
150.000,55,378.487,1286.436,405.761
150.000,56,1034.825,1636.635,442.203
150.000,57,1456.901,1439.671,462.866
150.000,58,870.486,1977.563,452.259
150.000,59,417.454,583.271,153.613
150.000,60,497.910,1302.629,563.479
150.000,61,331.573,970.094,113.119
150.000,62,1318.383,1196.918,126.405
150.000,63,975.171,2097.659,145.255
150.000,64,981.296,1368.243,460.203
150.000,65,319.058,1814.352,137.881
150.000,66,20.619,1266.053,340.835
150.000,67,484.696,317.151,260.015
150.000,68,450.812,766.547,269.003
150.000,69,1190.066,1595.194,464.725
150.000,70,976.328,888.598,513.739
150.000,71,570.487,1806.734,506.311
150.000,72,502.741,504.044,181.528
150.000,73,1101.186,1933.774,348.094
150.000,74,177.049,1335.605,424.846
150.000,75,700.085,1786.645,218.614
150.000,76,296.669,582.139,433.025
150.000,77,1118.314,1169.569,532.206
150.000,78,408.657,1502.953,157.791
150.000,79,100.736,668.062,573.077
150.000,80,392.150,1092.100,366.082
150.000,81,116.419,597.617,103.389
150.000,82,353.173,1580.377,148.974
150.000,83,1445.744,2068.854,335.108
150.000,84,614.966,1301.225,213.688
150.000,85,1271.616,810.837,221.325
155.000,0,1284.082,124.890,158.708
155.000,1,444.914,2157.672,399.078
155.000,2,834.680,525.780,202.058
155.000,3,1382.573,944.262,223.886
155.000,4,71.214,459.924,453.984
155.000,5,237.835,377.004,403.749
155.000,6,785.993,1550.440,266.335
155.000,7,463.253,1647.768,515.196
155.000,8,236.203,1215.821,252.386
155.000,9,631.988,1313.027,519.780
155.000,10,1197.948,265.218,326.875
155.000,11,881.968,2158.911,311.198
155.000,12,786.065,1738.295,575.511
155.000,13,307.043,1572.613,383.351
155.000,14,823.495,2026.690,334.068
155.000,15,1130.218,443.336,215.343
155.000,16,1002.044,40.778,376.792
155.000,17,1287.830,119.687,389.034
155.000,18,1334.419,1096.995,466.059
155.000,19,837.149,483.768,279.035
155.000,20,245.775,16.197,382.461
155.000,21,77.851,2041.470,204.774
155.000,22,267.693,1899.969,132.504
155.000,23,587.869,653.684,261.698
155.000,24,696.851,1618.738,221.277
155.000,25,258.122,1349.288,583.884
155.000,26,560.743,1570.591,423.724
155.000,27,60.259,845.178,243.199
155.000,28,422.650,1384.979,560.557
155.000,29,732.227,1685.780,398.685
155.000,30,1068.741,649.871,489.554
155.000,31,1381.078,1866.959,561.670
155.000,32,849.947,1009.355,596.207
155.000,33,16.785,947.718,279.892
155.000,34,389.069,536.374,389.432
155.000,35,936.303,1447.658,433.452
155.000,36,404.095,363.514,444.485
155.000,37,867.347,181.208,574.975
155.000,38,1374.205,2030.015,367.049
155.000,39,243.472,1391.316,129.084
155.000,40,999.191,1252.503,304.067
155.000,41,813.263,24.436,321.119
155.000,42,1048.238,1773.062,336.803
155.000,43,1150.429,1565.024,206.265
155.000,44,382.243,76.554,136.882
155.000,45,1444.572,1309.907,326.047
155.000,46,1007.800,167.055,350.835
155.000,47,157.166,1843.503,396.624
155.000,48,21.904,1725.070,364.571
155.000,49,1461.822,632.735,193.762
155.000,50,32.473,1242.552,411.111
155.000,51,928.013,1842.337,213.486
155.000,52,1322.524,1086.058,232.203
155.000,53,1219.039,667.626,585.200
155.000,54,1156.447,1728.829,425.201
155.000,55,487.755,1379.798,406.087
155.000,56,939.068,1699.881,439.984
155.000,57,1402.801,1396.450,466.852
155.000,58,944.095,2047.197,450.062
155.000,59,358.081,637.106,150.371
155.000,60,618.110,1297.672,559.604
155.000,61,362.979,1102.558,120.695
155.000,62,1238.190,1196.819,129.328
155.000,63,1082.386,2058.480,143.251
155.000,64,1080.581,1362.408,460.164
155.000,65,324.017,1937.712,140.344
155.000,66,64.126,1263.694,336.196
155.000,67,602.575,379.359,262.352
155.000,68,421.927,867.595,271.098
155.000,69,1188.387,1525.936,468.853
155.000,70,898.687,843.642,512.132
155.000,71,458.872,1899.596,498.598
155.000,72,560.577,382.635,176.174
155.000,73,1155.340,1999.309,352.327
155.000,74,106.154,1369.874,423.796
155.000,75,594.738,1843.110,220.107
155.000,76,332.589,675.358,434.916
155.000,77,1260.443,1127.617,536.159
155.000,78,321.664,1575.820,157.734
155.000,79,184.864,554.338,579.095
155.000,80,271.769,1010.081,377.763
155.000,81,58.865,694.383,105.696
155.000,82,439.458,1461.108,154.767
155.000,83,1391.877,1980.081,332.635
155.000,84,664.312,1423.830,214.097
155.000,85,1336.581,741.194,221.192
160.000,0,1229.529,66.305,159.860
160.000,1,512.616,2101.395,401.310
160.000,2,794.688,669.308,196.820
160.000,3,1461.496,893.774,229.670
160.000,4,29.591,396.809,456.858
160.000,5,178.352,470.629,403.600
160.000,6,890.514,1570.328,268.078
160.000,7,330.098,1586.369,517.687
160.000,8,339.002,1258.082,246.612
160.000,9,729.545,1354.623,515.718
160.000,10,1293.446,258.298,326.149
160.000,11,1004.613,2167.296,308.390
160.000,12,658.561,1770.509,575.269
160.000,13,387.941,1668.248,386.069
160.000,14,856.101,1936.415,330.582
160.000,15,1197.656,312.425,209.980
160.000,16,1034.921,41.813,376.953
160.000,17,1193.417,55.233,380.650
160.000,18,1220.473,1051.031,464.703
160.000,19,787.728,397.072,281.232
160.000,20,287.980,89.331,387.877
160.000,21,54.703,1959.637,203.999
160.000,22,137.050,1891.950,135.369
160.000,23,594.618,783.552,263.883
160.000,24,706.250,1478.108,223.335
160.000,25,285.049,1284.661,585.240
160.000,26,670.927,1626.735,423.078
160.000,27,40.293,915.694,237.883
160.000,28,409.747,1467.243,564.530
160.000,29,779.500,1560.832,398.924
160.000,30,1130.513,582.102,488.721
160.000,31,1409.333,1937.145,559.532
160.000,32,768.632,928.636,592.105
160.000,33,39.154,827.119,286.202
160.000,34,305.989,443.096,389.753
160.000,35,987.588,1540.179,434.569
160.000,36,318.233,457.615,449.353
160.000,37,954.128,146.214,572.779
160.000,38,1280.055,1921.707,364.871
160.000,39,199.431,1525.427,124.478
160.000,40,1032.439,1161.838,304.419
160.000,41,824.182,70.972,319.833
160.000,42,977.270,1761.623,335.949
160.000,43,1057.191,1583.911,204.357
160.000,44,402.964,211.295,131.705
160.000,45,1426.291,1211.221,327.934
160.000,46,918.331,191.838,352.650
160.000,47,34.410,1853.821,394.332
160.000,48,161.469,1657.646,364.763
160.000,49,1351.993,617.011,184.475
160.000,50,113.945,1346.929,409.406
160.000,51,970.784,1909.401,216.150
160.000,52,1376.226,1183.171,226.565
160.000,53,1103.430,695.972,580.619
160.000,54,1066.833,1612.532,423.633
160.000,55,588.523,1481.363,402.571
160.000,56,867.844,1782.116,439.197
160.000,57,1295.888,1351.976,474.085
160.000,58,991.707,2144.413,448.175
160.000,59,287.456,699.657,143.497
160.000,60,740.984,1312.165,552.128
160.000,61,401.669,1239.352,126.212
160.000,62,1160.835,1223.812,131.157
160.000,63,1190.005,2041.319,141.482
160.000,64,1181.377,1337.645,462.835
160.000,65,301.089,2057.259,144.783
160.000,66,139.782,1262.109,330.421
160.000,67,706.161,451.549,266.594
160.000,68,387.643,968.797,270.460
160.000,69,1187.985,1443.690,472.412
160.000,70,820.553,800.182,512.686
160.000,71,356.991,1986.890,491.135
160.000,72,655.139,294.529,171.087
160.000,73,1194.536,2074.785,355.799
160.000,74,38.405,1382.185,421.277
160.000,75,483.332,1839.971,219.448
160.000,76,400.704,745.947,433.626
160.000,77,1384.636,1035.067,537.730
160.000,78,221.319,1633.397,162.707
160.000,79,322.645,492.153,578.779
160.000,80,136.572,948.068,387.197
160.000,81,23.672,810.771,110.473
160.000,82,484.196,1321.029,160.430
160.000,83,1351.454,1888.317,333.067
160.000,84,733.466,1541.209,215.917
160.000,85,1397.601,666.498,220.812
165.000,0,1179.523,9.094,159.954
165.000,1,573.171,2039.219,402.222
165.000,2,726.048,804.599,186.963
165.000,3,1323.446,845.398,230.569
165.000,4,124.520,339.912,459.289
165.000,5,132.074,566.778,404.670
165.000,6,974.864,1630.966,274.017
165.000,7,214.292,1506.067,523.090
165.000,8,441.473,1313.719,244.089
165.000,9,824.243,1406.264,510.866
165.000,10,1390.335,249.641,326.577
165.000,11,1131.485,2108.188,302.684
165.000,12,529.316,1780.082,577.187
165.000,13,453.510,1772.776,389.988
165.000,14,892.749,1859.835,328.969
165.000,15,1306.897,209.552,207.548
165.000,16,1071.617,107.920,376.907
165.000,17,1099.873,40.749,374.139
165.000,18,1112.294,1028.633,465.746
165.000,19,752.604,302.604,283.023
165.000,20,283.136,175.269,393.331
165.000,21,31.400,1867.817,203.878
165.000,22,10.940,1905.644,137.075
165.000,23,581.304,916.175,269.335
165.000,24,730.858,1336.387,228.045
165.000,25,324.661,1219.159,586.512
165.000,26,768.752,1704.238,422.147
165.000,27,110.702,1004.736,237.470
165.000,28,412.631,1544.456,568.606
165.000,29,794.629,1420.641,398.356
165.000,30,1183.220,521.138,487.061
165.000,31,1450.600,1997.465,560.160
165.000,32,733.359,827.028,591.162
165.000,33,35.145,704.378,287.088
165.000,34,255.455,340.433,388.376
165.000,35,1042.884,1646.144,438.122
165.000,36,238.406,548.785,451.887
165.000,37,1048.310,143.731,569.297
165.000,38,1195.643,1807.679,361.615
165.000,39,151.039,1645.576,116.815
165.000,40,1092.088,1081.291,302.944
165.000,41,835.907,161.232,317.486
165.000,42,907.495,1721.482,334.209
165.000,43,970.418,1602.554,203.403
165.000,44,419.473,356.104,130.048
165.000,45,1428.882,1099.628,330.710
165.000,46,830.189,210.402,353.961
165.000,47,114.079,1857.908,389.369
165.000,48,280.332,1592.074,363.890
165.000,49,1230.890,574.323,175.766
165.000,50,174.356,1462.246,409.635
165.000,51,1016.091,1983.558,217.475
165.000,52,1422.131,1278.702,224.456
165.000,53,977.870,719.261,576.347
165.000,54,979.873,1501.403,427.418
165.000,55,673.060,1582.355,402.870
165.000,56,772.211,1845.378,440.243
165.000,57,1162.609,1344.955,478.974
165.000,58,1044.977,2172.917,448.831
165.000,59,229.337,754.941,138.818
165.000,60,852.614,1348.196,545.602
165.000,61,399.347,1384.438,132.928
165.000,62,1082.415,1250.329,133.239
165.000,63,1299.622,1991.607,138.073
165.000,64,1294.021,1310.411,463.868
165.000,65,294.954,2178.016,150.930
165.000,66,207.799,1235.398,328.776
165.000,67,802.289,543.473,273.557
165.000,68,321.900,1043.691,266.978
165.000,69,1198.100,1358.953,475.141
165.000,70,729.758,766.743,512.747
165.000,71,236.674,2044.734,482.023
165.000,72,759.430,217.695,165.595
165.000,73,1251.155,2142.234,357.248
165.000,74,31.038,1418.057,419.219
165.000,75,382.588,1884.965,219.503
165.000,76,458.989,827.893,433.244
165.000,77,1444.623,957.284,540.257
165.000,78,122.082,1677.464,162.300
165.000,79,430.979,402.422,576.007
165.000,80,18.690,860.620,396.584
165.000,81,6.083,929.623,114.992
165.000,82,536.051,1188.339,168.031
165.000,83,1293.691,1798.352,333.427
165.000,84,769.633,1674.017,219.490
165.000,85,1477.288,603.535,217.191
170.000,0,1133.659,58.125,161.085
170.000,1,634.154,1974.624,403.384
170.000,2,640.262,926.011,179.812
170.000,3,1194.771,768.864,229.991
170.000,4,236.051,312.340,460.566
170.000,5,79.581,662.946,404.602
170.000,6,1063.419,1680.771,278.671
170.000,7,98.656,1416.089,529.054
170.000,8,529.499,1378.835,247.096
170.000,9,932.705,1439.341,506.785
170.000,10,1470.589,275.828,326.998
170.000,11,1248.102,2037.326,297.336
170.000,12,400.063,1770.451,580.945
170.000,13,516.371,1869.705,394.788
170.000,14,918.024,1782.472,323.990
170.000,15,1345.768,76.741,204.656
170.000,16,1095.008,178.135,375.899
170.000,17,998.785,98.071,368.028
170.000,18,1000.253,1012.141,465.120
170.000,19,694.030,225.255,282.587
170.000,20,325.997,262.556,399.714
170.000,21,1.697,1776.405,206.806
170.000,22,143.953,1948.566,141.815
170.000,23,561.724,1056.517,274.966
170.000,24,747.939,1204.538,231.474
170.000,25,350.752,1148.944,589.491
170.000,26,893.938,1738.569,422.299
170.000,27,196.209,1085.409,238.034
170.000,28,429.769,1631.736,572.655
170.000,29,793.836,1283.272,397.715
170.000,30,1251.943,478.505,487.133
170.000,31,1481.491,2050.080,558.332
170.000,32,658.430,740.823,586.233
170.000,33,29.277,591.508,294.237
170.000,34,181.161,261.487,387.742
170.000,35,1096.254,1759.623,435.842
170.000,36,133.160,617.373,460.096
170.000,37,1136.046,151.400,565.802
170.000,38,1095.933,1710.106,357.523
170.000,39,98.243,1768.326,114.174
170.000,40,1128.872,1006.279,303.697
170.000,41,847.753,247.916,316.320
170.000,42,832.362,1691.455,330.638
170.000,43,879.035,1622.819,203.404
170.000,44,388.666,495.339,132.178
170.000,45,1405.726,992.268,333.917
170.000,46,740.358,227.583,358.560
170.000,47,240.996,1856.440,384.956
170.000,48,392.013,1512.224,361.515
170.000,49,1112.989,503.272,168.169
170.000,50,255.987,1570.533,408.411
170.000,51,1078.636,2043.819,219.258
170.000,52,1449.452,1386.293,222.137
170.000,53,850.052,737.869,572.469
170.000,54,887.267,1402.519,427.898
170.000,55,747.862,1695.323,403.456
170.000,56,705.427,1930.733,440.218
170.000,57,1041.434,1296.758,479.383
170.000,58,1101.163,2076.914,447.183
170.000,59,174.462,814.690,133.849
170.000,60,969.017,1361.978,542.876
170.000,61,396.391,1530.468,137.781
170.000,62,992.455,1253.347,134.189
170.000,63,1414.572,1971.367,136.428
170.000,64,1400.461,1279.377,462.302
170.000,65,272.840,2113.706,155.018
170.000,66,277.261,1219.938,325.554
170.000,67,909.987,618.083,280.621
170.000,68,249.211,1117.346,263.170
170.000,69,1232.007,1274.977,476.240
170.000,70,642.939,750.776,512.517
170.000,71,130.877,2118.927,476.628
170.000,72,843.663,121.732,159.695
170.000,73,1308.209,2200.711,358.691
170.000,74,95.333,1450.569,417.455
170.000,75,269.146,1917.296,218.774
170.000,76,525.301,899.300,432.156
170.000,77,1302.750,895.556,542.916
170.000,78,27.618,1724.407,162.540
170.000,79,550.839,305.546,576.598
170.000,80,85.762,754.392,403.841
170.000,81,39.964,1045.277,113.542
170.000,82,606.616,1062.783,175.139
170.000,83,1228.822,1717.739,333.900
170.000,84,776.827,1803.470,220.760
170.000,85,1423.154,532.747,213.768
175.000,0,1074.082,104.535,164.366
175.000,1,693.952,1907.434,405.051
175.000,2,581.078,1063.424,172.673
175.000,3,1057.235,733.102,231.705
175.000,4,362.484,296.675,463.883
175.000,5,23.401,765.432,404.010
175.000,6,1150.733,1715.122,279.855
175.000,7,39.311,1323.062,539.829
175.000,8,615.759,1442.168,245.960
175.000,9,1037.271,1450.425,506.810
175.000,10,1375.226,301.589,326.288
175.000,11,1385.311,1988.162,290.325
175.000,12,280.864,1751.296,578.349
175.000,13,615.852,1941.851,399.411
175.000,14,965.223,1717.237,320.459
175.000,15,1350.100,76.596,200.580
175.000,16,1130.056,247.259,375.015
175.000,17,886.118,130.561,362.035
175.000,18,881.157,1014.799,464.374
175.000,19,648.393,135.656,284.073
175.000,20,366.041,350.843,405.681
175.000,21,39.616,1688.825,207.320
175.000,22,265.244,2019.807,146.592
175.000,23,530.629,1192.189,275.831
175.000,24,753.206,1074.689,233.815
175.000,25,383.668,1086.014,592.467
175.000,26,1002.949,1800.548,426.188
175.000,27,276.902,1161.317,237.927
175.000,28,439.723,1699.760,575.544
175.000,29,823.933,1144.604,397.621
175.000,30,1296.664,415.137,488.116
175.000,31,1451.701,2107.757,555.608
175.000,32,606.900,647.588,586.235
175.000,33,62.366,489.355,299.451
175.000,34,96.428,197.415,386.654
175.000,35,1166.430,1853.243,436.963
175.000,36,31.502,685.151,465.792
175.000,37,1214.827,166.593,565.421
175.000,38,1026.468,1594.525,351.932
175.000,39,80.805,1893.385,108.329
175.000,40,1162.792,923.047,301.338
175.000,41,859.554,332.548,317.548
175.000,42,742.841,1673.842,327.515
175.000,43,794.611,1645.289,204.417
175.000,44,372.235,637.047,130.176
175.000,45,1403.985,878.422,340.297
175.000,46,642.306,222.791,362.427
175.000,47,368.553,1871.017,381.081
175.000,48,520.671,1432.734,357.799
175.000,49,992.885,423.354,158.766
175.000,50,357.193,1651.180,407.090
175.000,51,1133.140,2106.886,223.963
175.000,52,1468.141,1480.458,218.754
175.000,53,724.395,731.530,560.409
175.000,54,817.039,1281.969,423.288
175.000,55,824.947,1808.261,403.132
175.000,56,615.457,1994.883,438.215
175.000,57,927.009,1253.334,482.844
175.000,58,1175.256,1994.611,443.819
175.000,59,122.535,882.595,129.189
175.000,60,1091.592,1363.210,539.039
175.000,61,427.984,1669.851,139.304
175.000,62,906.604,1243.290,137.558
175.000,63,1439.655,1944.105,136.544
175.000,64,1459.941,1245.802,462.593
175.000,65,246.174,1998.339,160.026
175.000,66,359.097,1208.498,321.796
175.000,67,999.054,725.899,285.772
175.000,68,201.853,1214.148,257.359
175.000,69,1227.243,1186.845,479.153
175.000,70,559.068,725.956,514.354
175.000,71,42.126,2176.948,469.836
175.000,72,926.697,34.646,154.191
175.000,73,1359.662,2128.589,361.825
175.000,74,168.978,1471.739,414.926
175.000,75,161.920,1980.567,214.290
175.000,76,587.066,981.472,431.931
175.000,77,1164.856,846.949,546.865
175.000,78,55.406,1794.865,164.620
175.000,79,677.681,228.345,578.463
175.000,80,161.463,627.594,411.156
175.000,81,85.021,1154.594,116.749
175.000,82,680.141,939.992,179.200
175.000,83,1214.214,1621.324,333.053
175.000,84,801.736,1935.204,221.357
175.000,85,1371.430,444.774,209.282
180.000,0,1013.395,152.270,165.744
180.000,1,738.874,1830.617,406.756
180.000,2,509.100,1196.699,165.108
180.000,3,913.986,683.538,238.183
180.000,4,479.270,268.871,467.837
180.000,5,44.133,868.337,405.996
180.000,6,1229.622,1775.211,280.240
180.000,7,176.774,1270.692,545.591
180.000,8,695.524,1503.054,246.998
180.000,9,1143.032,1501.154,502.840
180.000,10,1286.978,328.916,325.759
180.000,11,1440.239,1927.037,288.250
180.000,12,163.670,1747.226,580.687
180.000,13,686.168,2040.497,405.050
180.000,14,995.213,1639.561,318.711
180.000,15,1330.455,218.862,193.946
180.000,16,1153.598,321.230,372.959
180.000,17,784.561,169.766,358.393
180.000,18,766.926,1017.023,463.705
180.000,19,605.444,50.016,285.032
180.000,20,394.977,432.366,405.950
180.000,21,100.370,1617.328,210.403
180.000,22,399.662,2040.289,148.190
180.000,23,516.434,1332.484,277.247
180.000,24,762.594,937.545,234.588
180.000,25,428.728,1024.388,593.756
180.000,26,1100.474,1869.835,429.661
180.000,27,333.744,1259.010,239.790
180.000,28,442.363,1769.466,575.226
180.000,29,831.557,1005.924,395.585
180.000,30,1341.882,350.700,490.118
180.000,31,1421.024,2171.762,553.255
180.000,32,548.546,553.474,583.481
180.000,33,137.553,396.581,300.785
180.000,34,31.340,107.768,384.460
180.000,35,1245.535,1938.126,436.108
180.000,36,76.370,756.479,469.425
180.000,37,1296.522,180.585,564.059
180.000,38,931.798,1491.514,344.154
180.000,39,51.986,2018.946,100.856
180.000,40,1178.170,831.254,297.172
180.000,41,878.708,414.843,316.978
180.000,42,664.907,1651.512,328.502
180.000,43,700.839,1668.724,203.828
180.000,44,355.357,773.135,132.359
180.000,45,1379.144,777.689,344.863
180.000,46,543.583,225.179,364.617
180.000,47,493.087,1863.014,376.825
180.000,48,647.528,1338.483,355.804
180.000,49,860.500,403.750,151.970
180.000,50,444.036,1751.285,407.039
180.000,51,1183.833,2176.243,225.666
180.000,52,1423.707,1578.779,219.307
180.000,53,611.822,739.717,549.585
180.000,54,752.317,1156.201,418.012
180.000,55,954.860,1873.842,407.670
180.000,56,541.378,2073.534,436.806
180.000,57,804.593,1241.122,488.824
180.000,58,1264.721,1919.208,442.208
180.000,59,66.427,943.298,125.316
180.000,60,1214.014,1343.001,536.183
180.000,61,484.471,1798.293,145.690
180.000,62,826.574,1234.687,141.192
180.000,63,1319.404,1910.467,134.861
180.000,64,1360.844,1226.680,464.085
180.000,65,188.017,1893.484,164.005
180.000,66,431.559,1193.306,316.938
180.000,67,1108.688,799.103,288.081
180.000,68,131.996,1294.645,253.090
180.000,69,1230.277,1106.713,483.587
180.000,70,479.326,693.104,515.742
180.000,71,76.686,2089.274,463.593
180.000,72,999.563,72.377,148.577
180.000,73,1413.197,2064.438,365.007
180.000,74,234.701,1495.483,412.212
180.000,75,54.310,2017.334,211.649
180.000,76,653.721,1068.432,434.079
180.000,77,1030.644,775.297,545.502
180.000,78,137.109,1862.438,167.846
180.000,79,772.000,126.872,580.707
180.000,80,239.889,505.273,421.240
180.000,81,152.109,1260.440,121.803
180.000,82,732.450,804.986,187.994
180.000,83,1184.623,1528.627,330.572
180.000,84,844.340,2067.868,226.953
180.000,85,1316.879,362.359,205.719
185.000,0,956.395,208.453,169.088
185.000,1,775.651,1755.647,408.017
185.000,2,415.188,1298.968,160.496
185.000,3,775.022,645.759,245.754
185.000,4,589.334,227.987,470.354
185.000,5,124.865,956.286,403.561
185.000,6,1305.949,1841.086,281.661
185.000,7,323.825,1247.522,554.200
185.000,8,804.653,1538.060,246.892
185.000,9,1239.228,1557.025,497.484
185.000,10,1196.722,347.109,326.001
185.000,11,1331.080,1854.965,287.939
185.000,12,38.043,1737.828,579.917
185.000,13,745.545,2142.074,406.262
185.000,14,1048.481,1561.389,316.368
185.000,15,1327.910,357.269,186.695
185.000,16,1183.325,389.810,373.002
185.000,17,690.868,222.761,355.755
185.000,18,663.925,952.819,458.572
185.000,19,556.486,43.226,284.015
185.000,20,439.419,518.978,410.938
185.000,21,159.931,1552.340,212.566
185.000,22,536.507,2069.613,152.632
185.000,23,532.277,1478.008,283.439
185.000,24,736.710,802.807,239.427
185.000,25,466.569,953.305,595.086
185.000,26,1185.642,1953.662,428.094
185.000,27,401.985,1350.806,239.459
185.000,28,451.297,1846.096,576.632
185.000,29,830.725,861.822,392.997
185.000,30,1394.256,295.771,489.437
185.000,31,1389.941,2164.572,549.995
185.000,32,482.835,462.886,582.564
185.000,33,182.281,287.583,307.718
185.000,34,64.439,32.130,380.411
185.000,35,1321.084,2019.491,433.098
185.000,36,178.097,819.224,472.357
185.000,37,1383.075,195.649,562.526
185.000,38,847.010,1373.568,339.026
185.000,39,17.253,2151.736,104.624
185.000,40,1214.552,741.541,295.925
185.000,41,907.213,496.747,311.979
185.000,42,584.740,1626.452,327.779
185.000,43,606.558,1697.493,202.834
185.000,44,362.658,908.034,132.515
185.000,45,1364.665,663.127,344.925
185.000,46,454.526,250.168,366.220
185.000,47,613.218,1861.389,372.380
185.000,48,761.021,1243.657,353.855
185.000,49,723.770,378.528,147.304
185.000,50,540.329,1830.976,406.925
185.000,51,1238.386,2150.031,229.521
185.000,52,1391.125,1671.667,219.410
185.000,53,504.098,710.495,543.099
185.000,54,659.202,1046.721,416.952
185.000,55,1053.106,1966.430,413.714
185.000,56,485.411,2154.621,435.768
185.000,57,688.224,1181.512,492.941
185.000,58,1294.362,1816.201,440.456
185.000,59,24.968,1018.903,121.540
185.000,60,1334.668,1332.451,532.537
185.000,61,540.449,1933.153,153.759
185.000,62,744.557,1241.361,145.249
185.000,63,1207.190,1861.630,129.097
185.000,64,1268.802,1182.241,466.929
185.000,65,157.979,1779.411,164.468
185.000,66,504.301,1175.853,313.477
185.000,67,1217.991,872.256,295.183
185.000,68,80.232,1386.812,250.968
185.000,69,1220.510,1015.868,489.139
185.000,70,400.430,676.660,517.031
185.000,71,191.575,2022.304,458.300
185.000,72,1078.052,166.499,143.122
185.000,73,1474.795,2013.501,366.144
185.000,74,308.625,1524.132,410.404
185.000,75,54.496,2069.149,209.214
185.000,76,724.363,1151.937,438.856
185.000,77,899.369,703.956,545.568
185.000,78,240.989,1890.502,170.234
185.000,79,912.060,92.821,582.008
185.000,80,316.012,388.844,428.683
185.000,81,209.224,1363.974,123.951
185.000,82,796.125,680.277,191.665
185.000,83,1127.151,1434.831,327.520
185.000,84,873.627,2196.736,231.573
185.000,85,1255.526,282.242,203.343
190.000,0,909.641,272.756,171.092
190.000,1,815.131,1686.223,411.676
190.000,2,369.932,1432.092,156.568
190.000,3,644.041,585.967,247.318
190.000,4,684.400,155.900,471.366
190.000,5,204.441,1035.147,405.312
190.000,6,1409.423,1873.853,282.302
190.000,7,461.654,1211.831,562.203
190.000,8,907.667,1580.465,244.918
190.000,9,1349.666,1598.954,491.937
190.000,10,1110.527,379.153,325.853
190.000,11,1217.450,1785.936,287.732
190.000,12,120.743,1709.780,580.763
190.000,13,824.572,2173.546,406.616
190.000,14,1109.375,1486.898,313.614
190.000,15,1349.587,500.064,181.427
190.000,16,1227.007,467.993,373.192
190.000,17,587.920,275.066,354.243
190.000,18,544.061,913.227,456.059
190.000,19,534.070,133.096,284.628
190.000,20,480.032,610.667,417.183
190.000,21,209.518,1486.834,214.271
190.000,22,667.203,2041.221,156.760
190.000,23,460.213,1602.125,285.180
190.000,24,738.582,672.208,244.626
190.000,25,499.268,879.452,596.848
190.000,26,1285.112,2038.331,428.903
190.000,27,459.407,1435.026,235.022
190.000,28,418.354,1917.888,579.746
190.000,29,829.245,720.831,396.967
190.000,30,1447.600,245.265,489.099
190.000,31,1369.623,2091.154,547.961
190.000,32,420.674,368.865,580.713
190.000,33,212.930,166.097,314.560
190.000,34,130.004,67.632,377.352
190.000,35,1396.231,2107.861,430.617
190.000,36,272.972,899.552,475.573
190.000,37,1470.093,211.490,560.499
190.000,38,738.219,1279.966,333.519
190.000,39,30.826,2125.689,109.932
190.000,40,1252.917,662.524,295.235
190.000,41,934.288,576.546,308.268
190.000,42,520.436,1584.996,326.939
190.000,43,513.213,1700.155,203.924
190.000,44,322.294,1047.629,129.657
190.000,45,1344.861,549.847,345.666
190.000,46,355.135,237.471,370.025
190.000,47,740.604,1848.865,368.323
190.000,48,896.296,1206.188,352.808
190.000,49,594.410,339.511,140.966
190.000,50,652.072,1895.861,405.043
190.000,51,1291.611,2082.404,232.613
190.000,52,1347.853,1767.189,218.475
190.000,53,384.212,682.340,538.274
190.000,54,575.092,927.085,415.252
190.000,55,1145.606,2056.798,414.739
190.000,56,429.559,2165.176,434.832
190.000,57,569.441,1119.455,499.329
190.000,58,1361.752,1740.356,438.316
190.000,59,34.663,1081.779,116.284
190.000,60,1449.846,1344.543,530.432
190.000,61,550.936,2071.271,163.437
190.000,62,660.341,1230.828,148.623
190.000,63,1100.079,1816.158,127.078
190.000,64,1176.426,1150.132,467.520
190.000,65,152.710,1659.119,170.102
190.000,66,573.822,1170.417,311.901
190.000,67,1326.864,953.511,301.372
190.000,68,20.999,1472.862,250.884
190.000,69,1228.934,926.550,493.279
190.000,70,311.730,656.546,518.669
190.000,71,298.676,1939.706,449.970
190.000,72,1144.821,279.898,137.797
190.000,73,1428.372,1951.372,367.458
190.000,74,356.333,1571.188,409.409
190.000,75,154.442,2121.157,205.196
190.000,76,799.631,1228.502,442.460
190.000,77,764.209,656.891,545.714
190.000,78,328.554,1945.763,169.082
190.000,79,1031.354,1.098,581.463
190.000,80,396.194,270.996,433.097
190.000,81,255.811,1466.951,128.212
190.000,82,876.028,565.131,199.562
190.000,83,1084.654,1335.077,328.571
190.000,84,927.940,2063.853,234.369
190.000,85,1189.798,213.467,200.294
195.000,0,849.684,307.528,171.593
195.000,1,881.810,1623.207,415.008
195.000,2,311.392,1559.659,154.349
195.000,3,501.293,572.032,250.500
195.000,4,772.691,98.288,476.007
195.000,5,257.636,1135.952,407.068
195.000,6,1468.039,1921.981,285.118
195.000,7,596.019,1156.587,571.977
195.000,8,1013.763,1619.225,240.352
195.000,9,1450.783,1631.089,490.009
195.000,10,1023.887,399.230,328.880
195.000,11,1080.174,1743.867,286.043
195.000,12,251.550,1684.448,579.649
195.000,13,875.065,2062.418,411.847
195.000,14,1160.882,1408.471,311.198
195.000,15,1381.598,635.611,172.577
195.000,16,1253.273,549.466,373.848
195.000,17,483.316,321.372,349.025
195.000,18,422.535,901.400,457.600
195.000,19,478.932,202.118,282.986
195.000,20,526.058,691.155,421.904
195.000,21,247.561,1411.573,217.097
195.000,22,800.580,2025.614,158.189
195.000,23,426.532,1737.665,288.889
195.000,24,716.692,552.418,249.910
195.000,25,566.279,833.610,597.693
195.000,26,1396.794,2101.291,431.787
195.000,27,522.907,1514.224,232.575
195.000,28,403.952,1990.978,579.483
195.000,29,820.706,582.206,403.281
195.000,30,1449.445,194.350,489.716
195.000,31,1331.188,2016.746,543.615
195.000,32,357.612,283.403,577.284
195.000,33,242.334,36.348,319.975
195.000,34,198.743,156.803,374.776
195.000,35,1457.001,2186.264,432.612
195.000,36,366.575,977.833,481.173
195.000,37,1419.836,213.944,556.588
195.000,38,679.716,1150.006,332.422
195.000,39,91.490,2007.035,115.697
195.000,40,1306.999,593.127,294.617
195.000,41,947.371,654.737,306.196
195.000,42,452.279,1542.362,324.302
195.000,43,425.981,1719.506,203.002
195.000,44,297.605,1201.715,125.526
195.000,45,1314.229,438.466,349.829
195.000,46,269.462,219.834,370.367
195.000,47,863.683,1869.716,363.837
195.000,48,1025.328,1143.658,350.019
195.000,49,464.290,316.932,135.847
195.000,50,770.126,1948.725,406.639
195.000,51,1346.083,2015.380,236.389
195.000,52,1305.410,1854.160,215.732
195.000,53,259.163,706.073,535.290
195.000,54,504.113,804.051,414.374
195.000,55,1259.779,2141.031,411.194
195.000,56,343.266,2102.530,433.659
195.000,57,458.866,1067.417,504.943
195.000,58,1442.939,1670.782,434.123
195.000,59,86.021,1146.175,112.694
195.000,60,1405.265,1363.393,528.152
195.000,61,529.235,2184.250,169.877
195.000,62,579.820,1234.987,152.320
195.000,63,999.158,1769.680,128.454
195.000,64,1078.135,1130.826,467.653
195.000,65,129.713,1547.489,173.847
195.000,66,641.032,1150.384,310.498
195.000,67,1418.271,1063.452,307.691
195.000,68,50.924,1555.774,249.873
195.000,69,1211.023,838.467,494.601
195.000,70,232.978,621.381,517.657
195.000,71,410.476,1853.597,444.506
195.000,72,1222.575,377.350,135.166
195.000,73,1376.070,1894.870,369.194
195.000,74,415.713,1615.818,406.619
195.000,75,262.894,2157.415,202.616
195.000,76,863.538,1326.733,442.053
195.000,77,622.803,611.185,546.800
195.000,78,434.036,1988.562,171.809
195.000,79,1153.990,69.707,584.207
195.000,80,479.794,161.209,437.510
195.000,81,271.247,1587.045,134.131
195.000,82,895.345,429.537,205.846
195.000,83,1053.970,1247.204,328.744
195.000,84,967.071,1936.909,236.985
195.000,85,1125.872,138.465,198.042
200.000,0,793.243,356.123,170.306
200.000,1,933.257,1563.023,416.256
200.000,2,246.015,1687.710,151.120
200.000,3,365.735,519.990,255.602
200.000,4,865.154,36.487,476.129
200.000,5,303.726,1237.387,404.300
200.000,6,1371.057,1954.780,288.288
200.000,7,727.795,1119.570,578.875
200.000,8,1123.072,1636.797,233.690
200.000,9,1410.210,1645.507,487.067
200.000,10,934.225,370.727,328.720
200.000,11,949.030,1692.811,281.597
200.000,12,369.667,1641.233,581.532
200.000,13,917.701,1957.215,418.618
200.000,14,1204.199,1339.511,307.629
200.000,15,1380.113,782.045,165.028
200.000,16,1267.210,631.930,372.394
200.000,17,383.560,379.369,345.463
200.000,18,308.764,883.993,457.459
200.000,19,443.430,285.279,284.455
200.000,20,569.188,770.752,424.056
200.000,21,290.308,1339.875,220.234
200.000,22,941.836,2021.840,161.665
200.000,23,410.186,1880.797,295.569
200.000,24,672.981,427.348,253.412
200.000,25,623.114,774.153,599.248
200.000,26,1447.719,2137.248,435.035
200.000,27,596.517,1594.301,233.144
200.000,28,395.006,2062.457,581.097
200.000,29,868.169,458.467,405.181
200.000,30,1387.645,140.179,488.405
200.000,31,1293.618,1960.706,540.920
200.000,32,300.448,194.560,573.381
200.000,33,272.457,91.566,326.045
200.000,34,270.771,242.249,371.301
200.000,35,1466.778,2087.779,432.941
200.000,36,461.263,1052.671,483.587
200.000,37,1337.654,249.400,551.677
200.000,38,599.618,1017.183,334.270
200.000,39,149.161,1892.873,122.093
200.000,40,1341.331,508.338,293.649
200.000,41,970.234,737.037,302.911
200.000,42,378.802,1517.581,321.595
200.000,43,342.014,1742.266,201.109
200.000,44,316.246,1344.623,123.728
200.000,45,1310.736,318.857,351.760
200.000,46,178.060,231.063,372.289
200.000,47,982.931,1899.456,359.140
200.000,48,1169.338,1107.750,344.745
200.000,49,339.283,287.754,133.081
200.000,50,872.457,2022.203,404.890
200.000,51,1409.945,1951.855,241.479
200.000,52,1261.040,1947.644,216.707
200.000,53,139.005,700.199,530.664
200.000,54,427.743,682.519,413.487
200.000,55,1371.570,2183.748,408.245
200.000,56,264.855,2023.939,429.414
200.000,57,351.146,1015.948,511.774
200.000,58,1436.654,1587.222,434.280
200.000,59,120.765,1217.193,110.102
200.000,60,1288.967,1347.203,522.843
200.000,61,548.089,2048.741,170.363
200.000,62,501.065,1215.665,158.040
200.000,63,902.057,1711.612,129.208
200.000,64,983.090,1123.298,468.239
200.000,65,107.084,1437.732,179.364
200.000,66,712.021,1147.712,307.263
200.000,67,1453.833,1151.821,310.775
200.000,68,113.864,1632.767,248.593
200.000,69,1195.488,751.996,498.941
200.000,70,151.920,585.486,514.430
200.000,71,526.222,1786.742,435.734
200.000,72,1289.987,487.279,131.896
200.000,73,1313.384,1833.237,374.085
200.000,74,480.753,1652.626,405.862
200.000,75,357.634,2183.989,199.351
200.000,76,925.351,1407.549,443.526
200.000,77,481.902,577.852,544.437
200.000,78,520.765,2053.900,176.190
200.000,79,1267.376,149.617,585.667
200.000,80,585.738,58.946,442.613
200.000,81,315.688,1696.803,139.332
200.000,82,947.629,295.860,209.254
200.000,83,1020.970,1158.838,328.498
200.000,84,961.402,1801.904,236.156
200.000,85,1054.663,71.010,197.315
205.000,0,733.967,399.180,169.990
205.000,1,995.049,1504.475,418.482
205.000,2,167.748,1811.902,142.084
205.000,3,231.802,461.230,260.471
205.000,4,979.504,6.212,476.075
205.000,5,366.172,1334.563,402.070
205.000,6,1267.101,2004.212,289.810
205.000,7,849.590,1066.208,583.810
205.000,8,1225.500,1684.731,228.637
205.000,9,1306.134,1669.100,481.895
205.000,10,847.762,358.610,328.897
205.000,11,823.469,1644.130,282.480
205.000,12,497.375,1634.326,579.941
205.000,13,973.225,1852.770,424.777
205.000,14,1233.818,1259.431,303.444
205.000,15,1420.362,926.269,161.351
205.000,16,1314.130,700.227,371.360
205.000,17,284.852,427.280,339.032
205.000,18,196.408,878.820,456.127
205.000,19,390.866,366.422,286.088
205.000,20,608.528,850.202,426.533
205.000,21,331.932,1266.240,225.087
205.000,22,1078.506,2018.837,165.032
205.000,23,381.586,2019.291,296.789
205.000,24,644.287,301.668,258.209
205.000,25,669.527,711.815,596.194
205.000,26,1321.524,2176.233,437.153
205.000,27,684.195,1664.235,233.279
205.000,28,387.756,2137.519,581.973
205.000,29,915.207,325.532,404.013
205.000,30,1331.113,85.128,486.532
205.000,31,1245.446,1904.449,539.191
205.000,32,252.176,108.453,571.382
205.000,33,329.383,198.294,333.769
205.000,34,351.935,322.805,367.177
205.000,35,1403.970,1988.591,432.810
205.000,36,576.831,1119.024,485.402
205.000,37,1253.636,243.651,551.194
205.000,38,504.781,904.192,337.882
205.000,39,184.111,1765.597,126.119
205.000,40,1386.726,425.439,289.605
205.000,41,1023.431,799.779,300.831
205.000,42,307.315,1481.669,319.152
205.000,43,261.281,1782.751,199.056
205.000,44,336.524,1476.573,122.557
205.000,45,1283.151,203.130,351.308
205.000,46,102.046,276.763,376.656
205.000,47,1111.626,1885.304,353.408
205.000,48,1296.998,1040.263,341.041
205.000,49,208.547,279.661,129.270
205.000,50,950.746,2110.686,405.761
205.000,51,1482.004,1900.213,247.712
205.000,52,1212.638,2037.194,214.375
205.000,53,13.881,718.700,525.049
205.000,54,342.497,577.327,410.641
205.000,55,1460.893,2079.993,409.235
205.000,56,167.698,1958.649,429.178
205.000,57,223.233,987.733,517.985
205.000,58,1371.977,1489.194,434.640
205.000,59,167.668,1282.828,105.830
205.000,60,1174.114,1346.167,517.007
205.000,61,579.689,1912.744,173.555
205.000,62,420.499,1212.108,162.558
205.000,63,785.327,1704.715,122.309
205.000,64,880.494,1126.579,468.079
205.000,65,77.403,1327.655,180.616
205.000,66,786.700,1129.232,303.406
205.000,67,1350.631,1213.850,315.237
205.000,68,172.126,1712.140,246.636
205.000,69,1194.361,671.464,502.330
205.000,70,66.248,544.657,516.629
205.000,71,645.510,1737.065,430.019
205.000,72,1351.047,602.830,124.553
205.000,73,1261.707,1766.723,377.185
205.000,74,554.277,1676.432,404.641
205.000,75,449.170,2116.332,200.648
205.000,76,975.112,1484.653,443.295
205.000,77,350.486,514.901,549.334
205.000,78,609.014,2123.445,178.086
205.000,79,1339.346,275.189,586.466
205.000,80,669.617,76.188,447.787
205.000,81,339.831,1812.270,140.955
205.000,82,1037.811,185.170,214.706
205.000,83,966.518,1072.725,331.433
205.000,84,1002.003,1665.391,240.337
205.000,85,1001.329,21.859,196.585
210.000,0,688.925,454.528,168.677
210.000,1,1058.647,1439.363,423.079
210.000,2,111.135,1935.306,133.984
210.000,3,91.113,400.250,267.452
210.000,4,1080.492,73.009,480.470
210.000,5,434.351,1419.010,404.769
210.000,6,1157.060,2029.009,290.071
210.000,7,965.397,981.690,590.288
210.000,8,1330.213,1729.187,225.333
210.000,9,1212.066,1725.764,479.126
210.000,10,755.117,359.673,328.100
210.000,11,696.620,1591.816,286.734
210.000,12,621.035,1654.222,576.059
210.000,13,1014.998,1749.107,429.043
210.000,14,1276.029,1182.598,299.189
210.000,15,1449.860,1069.201,156.170
210.000,16,1343.572,778.021,370.677
210.000,17,192.488,488.774,336.393
210.000,18,81.755,873.413,456.133
210.000,19,347.522,452.017,286.473
210.000,20,638.848,931.638,431.790
210.000,21,360.511,1181.227,228.003
210.000,22,1204.989,2029.509,167.336
210.000,23,343.086,2161.538,293.845
210.000,24,621.769,181.674,261.846
210.000,25,732.701,657.425,593.871
210.000,26,1214.176,2180.167,439.752
210.000,27,760.715,1742.527,234.084
210.000,28,392.114,2193.934,582.669
210.000,29,925.600,186.892,405.767
210.000,30,1265.069,37.958,485.831
210.000,31,1210.365,1838.068,537.736
210.000,32,187.560,26.668,569.429
210.000,33,339.933,308.346,338.834
210.000,34,448.229,387.004,361.772
210.000,35,1330.738,1892.625,433.662
210.000,36,704.690,1184.075,491.003
210.000,37,1165.745,226.697,548.958
210.000,38,422.374,781.030,335.490
210.000,39,239.568,1643.995,131.883
210.000,40,1432.586,347.247,285.002
210.000,41,1064.376,867.459,300.266
210.000,42,230.431,1455.693,317.278
210.000,43,175.604,1797.223,199.647
210.000,44,361.023,1608.028,120.841
210.000,45,1252.105,92.893,353.233
210.000,46,20.966,303.729,380.578
210.000,47,1233.203,1879.964,347.259
210.000,48,1437.845,982.802,342.647
210.000,49,83.917,283.692,120.952
210.000,50,1038.911,2201.705,405.056
210.000,51,1417.447,1844.468,250.762
210.000,52,1180.030,2136.447,212.334
210.000,53,112.748,728.262,516.475
210.000,54,251.713,460.188,403.080
210.000,55,1417.830,1977.629,408.155
210.000,56,80.378,1893.110,428.765
210.000,57,86.148,969.848,524.462
210.000,58,1325.581,1393.183,437.139
210.000,59,221.678,1344.940,101.193
210.000,60,1076.550,1310.340,512.559
210.000,61,613.885,1776.076,180.535
210.000,62,331.653,1199.395,166.709
210.000,63,668.114,1681.063,122.689
210.000,64,788.736,1086.836,470.793
210.000,65,60.951,1210.010,183.756
210.000,66,865.549,1106.169,298.370
210.000,67,1281.195,1325.012,322.620
210.000,68,224.772,1793.157,244.541
210.000,69,1191.007,587.737,504.482
210.000,70,16.102,499.596,518.143
210.000,71,739.743,1652.166,424.717
210.000,72,1429.205,704.522,116.384
210.000,73,1201.138,1704.050,377.504
210.000,74,616.062,1719.048,405.159
210.000,75,560.795,2083.389,199.138
210.000,76,1024.189,1579.066,442.597
210.000,77,227.097,449.057,552.729
210.000,78,697.011,2202.761,175.521
210.000,79,1453.203,376.137,591.098
210.000,80,765.551,177.259,455.158
210.000,81,373.364,1925.976,140.018
210.000,82,1134.277,75.114,222.021
210.000,83,908.268,988.510,334.254
210.000,84,1047.869,1534.696,244.380
210.000,85,946.752,103.680,194.207
215.000,0,655.305,515.953,167.232
215.000,1,1132.620,1390.439,426.940
215.000,2,37.452,2060.075,134.958
215.000,3,61.949,385.317,273.571
215.000,4,1187.010,117.685,483.244
215.000,5,496.961,1514.562,406.436
215.000,6,1048.953,2058.057,291.887
215.000,7,1100.044,928.232,594.674
215.000,8,1424.380,1779.581,222.942
215.000,9,1102.194,1756.610,473.958
215.000,10,652.046,373.620,328.071
215.000,11,580.949,1514.121,288.885
215.000,12,738.058,1647.157,572.775
215.000,13,1060.576,1651.862,430.432
215.000,14,1314.857,1111.153,293.787
215.000,15,1437.754,1212.032,150.919
215.000,16,1362.981,856.506,370.624
215.000,17,94.024,535.658,330.238
215.000,18,55.082,865.588,455.973
215.000,19,302.431,534.513,286.897
215.000,20,692.182,1009.248,431.830
215.000,21,390.086,1092.334,232.222
215.000,22,1340.415,2043.960,165.318
215.000,23,308.451,2081.665,291.659
215.000,24,580.158,47.265,262.925
215.000,25,788.397,610.328,589.943
215.000,26,1098.058,2136.827,441.396
215.000,27,800.700,1836.936,232.519
215.000,28,385.764,2114.256,584.929
215.000,29,942.884,53.941,404.580
215.000,30,1197.199,10.522,485.042
215.000,31,1192.441,1765.834,534.568
215.000,32,113.960,63.331,565.066
215.000,33,370.931,414.458,341.942
215.000,34,497.135,491.170,359.388
215.000,35,1251.464,1793.793,430.911
215.000,36,821.589,1239.678,495.354
215.000,37,1090.895,241.716,545.834
215.000,38,325.092,665.269,332.075
215.000,39,290.144,1519.635,135.646
215.000,40,1431.430,253.568,282.202
215.000,41,1107.819,940.431,299.696
215.000,42,150.200,1415.737,315.016
215.000,43,83.807,1801.250,198.305
215.000,44,384.482,1749.707,118.037
215.000,45,1234.389,25.259,355.001
215.000,46,66.003,329.358,381.987
215.000,47,1352.791,1876.938,344.053
215.000,48,1394.079,899.575,342.876
215.000,49,59.199,272.295,114.912
215.000,50,1121.048,2114.864,405.666
215.000,51,1350.712,1784.135,254.440
215.000,52,1155.261,2160.181,208.068
215.000,53,236.024,699.735,510.521
215.000,54,161.898,346.371,397.223
215.000,55,1315.965,1876.705,406.228
215.000,56,1.830,1824.853,430.928
215.000,57,58.083,924.301,529.298
215.000,58,1248.624,1311.936,438.538
215.000,59,273.332,1415.244,102.671
215.000,60,952.739,1296.239,507.837
215.000,61,647.056,1629.203,188.810
215.000,62,247.201,1184.386,171.112
215.000,63,553.227,1648.734,120.141
215.000,64,696.913,1052.379,469.251
215.000,65,62.098,1095.943,186.538
215.000,66,946.278,1075.947,295.270
215.000,67,1191.190,1410.872,328.777
215.000,68,298.970,1867.040,241.527
215.000,69,1175.376,495.065,508.649
215.000,70,95.860,470.853,516.266
215.000,71,837.166,1558.049,420.950
215.000,72,1454.707,800.233,108.200
215.000,73,1142.269,1636.011,376.515
215.000,74,692.976,1732.746,404.530
215.000,75,661.152,2027.511,198.169
215.000,76,1085.586,1672.415,444.242
215.000,77,88.229,387.660,554.333
215.000,78,805.037,2153.359,177.439
215.000,79,1422.573,488.720,591.433
215.000,80,881.337,252.184,457.810
215.000,81,395.932,2042.126,144.942
215.000,82,1221.721,55.661,230.240
215.000,83,875.703,891.369,336.641
215.000,84,1076.624,1397.608,248.257
215.000,85,891.611,184.858,191.511
220.000,0,631.108,583.757,168.613
220.000,1,1201.180,1336.613,428.748
220.000,2,24.353,2187.528,133.004
220.000,3,190.550,320.413,275.508
220.000,4,1286.400,187.056,488.488
220.000,5,555.048,1607.599,408.485
220.000,6,970.641,2124.021,292.701
220.000,7,1229.802,853.599,597.929
220.000,8,1443.690,1819.285,219.177
220.000,9,999.902,1795.243,469.217
220.000,10,559.928,371.843,330.504
220.000,11,459.633,1456.447,286.186
220.000,12,864.466,1638.222,573.238
220.000,13,1150.468,1581.214,434.598
220.000,14,1352.889,1032.365,287.130
220.000,15,1450.354,1348.510,146.132
220.000,16,1405.171,931.130,370.762
220.000,17,21.940,605.094,325.165
220.000,18,169.796,844.686,458.127
220.000,19,259.530,616.257,284.489
220.000,20,717.328,1100.636,435.578
220.000,21,441.570,1026.974,234.208
220.000,22,1468.682,2072.052,164.714
220.000,23,273.890,1950.876,292.797
220.000,24,572.475,107.974,265.451
220.000,25,851.122,556.114,588.083
220.000,26,977.446,2085.607,442.231
220.000,27,854.180,1929.480,231.452
220.000,28,376.314,2035.718,586.960
220.000,29,955.460,77.640,406.956
220.000,30,1138.055,64.377,484.638
220.000,31,1159.352,1715.475,531.359
220.000,32,39.257,136.083,560.426
220.000,33,377.580,535.438,344.551
220.000,34,559.387,585.310,355.962
220.000,35,1203.342,1689.071,429.866
220.000,36,933.727,1297.511,495.576
220.000,37,1009.527,253.062,542.899
220.000,38,218.507,562.526,323.463
220.000,39,335.707,1392.927,143.701
220.000,40,1439.996,166.335,282.411
220.000,41,1149.232,1013.350,294.984
220.000,42,72.783,1375.714,315.407
220.000,43,4.775,1843.782,196.900
220.000,44,391.812,1899.113,115.347
220.000,45,1224.395,131.962,354.843
220.000,46,150.410,362.530,385.826
220.000,47,1481.745,1888.688,337.249
220.000,48,1271.994,819.872,342.673
220.000,49,195.082,277.689,112.690
220.000,50,1210.238,2015.792,409.156
220.000,51,1303.239,1713.528,257.778
220.000,52,1103.591,2052.853,206.285
220.000,53,359.524,707.929,503.029
220.000,54,100.903,221.517,392.971
220.000,55,1209.300,1783.385,405.750
220.000,56,77.592,1750.327,430.889
220.000,57,175.686,877.930,532.545
220.000,58,1184.803,1224.427,437.471
220.000,59,327.912,1480.973,107.911
220.000,60,835.838,1279.615,500.147
220.000,61,662.230,1489.417,195.369
220.000,62,164.667,1169.743,174.346
220.000,63,436.106,1658.419,121.185
220.000,64,605.638,1011.145,470.195
220.000,65,31.526,977.165,190.221
220.000,66,1022.290,1055.911,293.278
220.000,67,1111.553,1514.601,333.524
220.000,68,354.239,1959.616,241.508
220.000,69,1193.605,405.421,510.309
220.000,70,175.079,435.559,515.206
220.000,71,933.097,1467.189,415.007
220.000,72,1376.069,900.160,104.815
220.000,73,1101.003,1561.530,378.417
220.000,74,764.006,1755.184,404.462
220.000,75,766.201,1997.697,194.980
220.000,76,1150.377,1767.534,446.883
220.000,77,70.662,319.656,556.761
220.000,78,899.427,2090.865,179.018
220.000,79,1334.233,606.144,593.200
220.000,80,978.836,359.224,463.804
220.000,81,409.966,2162.044,148.328
220.000,82,1289.161,177.126,234.908
220.000,83,867.268,790.956,338.024
220.000,84,1099.619,1258.924,253.459
220.000,85,844.250,275.292,189.752
225.000,0,582.358,643.029,170.279
225.000,1,1252.491,1275.269,431.790
225.000,2,57.879,2079.675,128.206
225.000,3,332.652,266.176,277.359
225.000,4,1397.699,242.531,496.247
225.000,5,584.950,1719.664,409.273
225.000,6,882.275,2174.597,292.930
225.000,7,1355.637,792.706,590.356
225.000,8,1343.198,1879.316,217.966
225.000,9,892.817,1833.535,466.507
225.000,10,470.765,373.729,331.872
225.000,11,338.592,1404.972,280.380
225.000,12,982.841,1641.010,571.768
225.000,13,1228.117,1497.201,436.991
225.000,14,1381.745,959.733,284.380
225.000,15,1434.617,1478.486,145.886
225.000,16,1430.739,1013.805,370.782
225.000,17,123.613,652.305,318.746
225.000,18,281.886,799.341,459.826
225.000,19,233.642,711.032,280.818
225.000,20,732.806,1190.801,441.029
225.000,21,488.977,952.985,237.636
225.000,22,1365.210,2087.347,167.968
225.000,23,235.124,1815.815,295.785
225.000,24,587.079,238.192,268.834
225.000,25,898.990,487.503,587.878
225.000,26,871.383,2021.852,445.727
225.000,27,919.516,2020.708,231.265
225.000,28,355.724,1954.801,588.050
225.000,29,957.747,209.666,408.600
225.000,30,1081.150,119.005,485.180
225.000,31,1137.368,1656.391,527.853
225.000,32,16.639,232.055,559.307
225.000,33,371.737,652.823,348.058
225.000,34,630.746,663.904,352.028
225.000,35,1143.986,1590.642,425.789
225.000,36,1052.371,1350.657,498.336
225.000,37,928.785,258.843,539.653
225.000,38,119.269,461.134,312.585
225.000,39,334.729,1261.816,149.758
225.000,40,1465.717,81.255,282.721
225.000,41,1184.574,1098.030,293.613
225.000,42,13.326,1336.692,316.074
225.000,43,85.760,1880.627,194.429
225.000,44,371.088,2045.874,117.265
225.000,45,1229.720,249.664,354.410
225.000,46,245.170,380.088,389.829
225.000,47,1358.413,1908.237,330.760
225.000,48,1145.726,724.776,339.922
225.000,49,329.668,281.258,104.510
225.000,50,1298.911,1931.065,410.694
225.000,51,1242.432,1658.771,260.248
225.000,52,1043.432,1964.397,205.080
225.000,53,475.794,701.597,496.676
225.000,54,20.828,105.025,384.942
225.000,55,1106.654,1693.688,402.866
225.000,56,166.246,1679.704,428.801
225.000,57,275.866,801.535,538.146
225.000,58,1122.933,1129.953,435.038
225.000,59,376.270,1550.983,112.687
225.000,60,728.409,1285.130,495.707
225.000,61,658.767,1348.415,201.552
225.000,62,82.432,1173.700,174.929
225.000,63,323.826,1660.223,118.420
225.000,64,513.560,974.903,472.590
225.000,65,11.344,871.550,190.543
225.000,66,1097.701,1045.445,290.071
225.000,67,1009.732,1593.424,339.152
225.000,68,415.675,2042.474,241.264
225.000,69,1203.981,318.522,514.779
225.000,70,258.971,402.675,514.623
225.000,71,1030.823,1378.631,409.881
225.000,72,1299.474,996.727,100.006
225.000,73,1046.592,1486.901,379.238
225.000,74,830.506,1772.382,403.142
225.000,75,878.769,1959.376,196.528
225.000,76,1187.447,1866.713,448.392
225.000,77,218.004,331.500,555.222
225.000,78,984.392,2008.104,181.199
225.000,79,1217.418,699.681,595.248
225.000,80,1080.215,455.785,472.008
225.000,81,450.923,2123.184,152.871
225.000,82,1344.131,305.685,240.727
225.000,83,831.413,698.227,340.589
225.000,84,1166.118,1132.388,256.604
225.000,85,774.374,345.481,190.376
230.000,0,540.228,706.139,170.252
230.000,1,1293.368,1210.757,433.365
230.000,2,71.334,1937.227,125.292
230.000,3,464.129,194.444,283.569
230.000,4,1459.247,301.503,499.511
230.000,5,631.846,1826.950,410.404
230.000,6,789.334,2188.808,293.991
230.000,7,1468.823,693.679,584.825
230.000,8,1248.560,1914.528,217.963
230.000,9,779.895,1840.461,461.299
230.000,10,387.115,397.892,330.491
230.000,11,209.015,1343.730,279.613
230.000,12,1105.062,1637.198,569.165
230.000,13,1283.241,1397.279,440.321
230.000,14,1428.767,889.875,280.464
230.000,15,1456.563,1610.543,144.080
230.000,16,1458.545,1088.970,369.996
230.000,17,226.952,697.368,316.461
230.000,18,386.923,746.565,462.286
230.000,19,189.475,797.352,279.690
230.000,20,757.217,1276.213,445.649
230.000,21,543.392,895.563,240.223
230.000,22,1232.406,2059.596,173.151
230.000,23,210.423,1682.742,295.863
230.000,24,578.000,371.492,272.303
230.000,25,932.095,416.837,587.338
230.000,26,748.162,1973.446,450.240
230.000,27,1004.487,2093.392,227.572
230.000,28,372.986,1875.387,590.337
230.000,29,995.831,333.017,410.910
230.000,30,1015.631,153.232,484.005
230.000,31,1106.822,1590.644,523.936
230.000,32,72.414,331.470,559.268
230.000,33,358.653,770.617,354.226
230.000,34,716.153,730.005,351.009
230.000,35,1045.037,1512.599,424.522
230.000,36,1169.345,1381.559,501.316
230.000,37,847.077,255.649,536.508
230.000,38,23.506,352.912,303.419
230.000,39,364.711,1138.562,153.681
230.000,40,1481.809,7.396,281.410
230.000,41,1217.208,1179.359,291.135
230.000,42,95.395,1312.547,312.519
230.000,43,161.746,1908.878,193.276
230.000,44,394.004,2196.117,114.119
230.000,45,1231.267,353.626,353.362
230.000,46,332.026,407.865,392.715
230.000,47,1236.213,1909.298,327.578
230.000,48,1011.005,656.738,337.839
230.000,49,457.991,246.835,102.374
230.000,50,1393.645,1841.710,411.074
230.000,51,1172.193,1600.858,266.790
230.000,52,973.124,1889.743,203.865
230.000,53,591.123,712.360,488.114
230.000,54,97.684,23.193,382.328
230.000,55,997.558,1610.135,405.620
230.000,56,247.731,1598.681,427.509
230.000,57,393.525,766.051,545.781
230.000,58,1058.438,1045.393,433.003
230.000,59,412.920,1619.819,112.925
230.000,60,623.695,1246.697,491.507
230.000,61,659.651,1206.055,205.985
230.000,62,8.167,1145.458,178.614
230.000,63,214.450,1649.683,119.251
230.000,64,415.877,948.520,475.513
230.000,65,2.662,750.043,191.990
230.000,66,1162.305,1008.903,287.771
230.000,67,922.563,1694.452,341.617
230.000,68,487.370,2112.973,238.398
230.000,69,1212.019,242.023,516.884
230.000,70,338.769,360.966,513.266
230.000,71,1138.807,1304.092,402.870
230.000,72,1203.367,1087.588,107.045
230.000,73,1003.127,1401.443,381.384
230.000,74,900.312,1802.213,403.414
230.000,75,990.315,1922.033,193.818
230.000,76,1253.307,1938.532,449.382
230.000,77,365.190,302.491,554.345
230.000,78,1065.839,1945.906,186.268
230.000,79,1098.168,781.923,598.505
230.000,80,1168.257,568.043,479.943
230.000,81,490.631,2009.360,158.394
230.000,82,1367.118,448.510,245.675
230.000,83,815.250,600.466,343.410
230.000,84,1222.542,1006.714,253.794
230.000,85,719.411,428.437,191.658
235.000,0,487.860,764.631,171.093
235.000,1,1344.552,1150.793,435.558
235.000,2,117.493,1804.385,121.649
235.000,3,589.935,137.571,286.351
235.000,4,1353.587,369.829,502.596
235.000,5,670.810,1938.980,409.273
235.000,6,691.587,2158.062,292.786
235.000,7,1370.540,618.512,578.272
235.000,8,1160.725,1966.597,214.971
235.000,9,690.352,1890.802,456.434
235.000,10,296.470,387.077,329.007
235.000,11,113.005,1253.911,278.722
235.000,12,1227.161,1618.706,568.388
235.000,13,1347.881,1289.317,441.782
235.000,14,1471.522,815.130,276.168
235.000,15,1482.276,1746.177,137.974
235.000,16,1463.123,1159.156,370.282
235.000,17,325.144,759.199,312.399
235.000,18,509.849,734.446,461.635
235.000,19,139.701,865.175,280.636
235.000,20,783.671,1358.497,449.250
235.000,21,571.456,816.857,242.778
235.000,22,1096.748,2059.347,177.478
235.000,23,184.281,1545.945,298.852
235.000,24,565.318,500.381,270.824
235.000,25,971.931,347.077,582.528
235.000,26,646.026,1896.513,453.879
235.000,27,1101.483,2152.827,223.229
235.000,28,382.166,1800.590,593.160
235.000,29,987.964,463.748,412.124
235.000,30,952.396,197.798,483.297
235.000,31,1057.528,1524.629,521.676
235.000,32,139.998,414.615,555.205
235.000,33,362.160,888.729,360.597
235.000,34,788.276,809.349,348.505
235.000,35,966.977,1418.237,426.351
235.000,36,1248.144,1464.342,504.792
235.000,37,762.088,267.374,533.692
235.000,38,75.139,239.179,299.209
235.000,39,390.051,1008.839,162.622
235.000,40,1449.166,82.236,280.203
235.000,41,1249.348,1251.049,288.600
235.000,42,172.481,1282.394,311.518
235.000,43,236.821,1964.325,192.813
235.000,44,394.108,2051.722,112.578
235.000,45,1236.709,473.779,354.128
235.000,46,415.345,442.610,395.846
235.000,47,1114.554,1932.898,320.498
235.000,48,919.487,549.592,334.060
235.000,49,591.215,210.737,109.268
235.000,50,1472.255,1725.992,412.116
235.000,51,1112.120,1534.024,270.760
235.000,52,923.289,1800.684,200.798
235.000,53,704.886,741.860,481.905
235.000,54,193.729,82.882,379.231
235.000,55,915.556,1495.856,403.326
235.000,56,319.925,1512.506,426.293
235.000,57,510.293,736.738,549.533
235.000,58,995.407,960.531,432.535
235.000,59,464.700,1680.769,116.058
235.000,60,517.787,1223.520,483.763
235.000,61,699.641,1073.916,209.589
235.000,62,73.579,1131.245,183.433
235.000,63,105.295,1650.836,119.825
235.000,64,308.069,911.884,477.065
235.000,65,35.682,632.043,193.540
235.000,66,1229.881,970.798,284.877
235.000,67,806.894,1764.569,347.007
235.000,68,556.000,2185.225,239.277
235.000,69,1226.701,161.417,518.849
235.000,70,414.775,322.224,511.032
235.000,71,1241.781,1218.986,399.086
235.000,72,1110.774,1176.373,116.169
235.000,73,952.290,1339.401,382.949
235.000,74,967.944,1836.471,403.548
235.000,75,1095.152,1868.043,194.216
235.000,76,1319.784,2017.329,450.101
235.000,77,502.659,258.557,557.838
235.000,78,1143.011,1863.181,191.984
235.000,79,993.073,885.432,598.171
235.000,80,1288.889,655.746,490.179
235.000,81,512.950,1889.290,163.147
235.000,82,1405.690,585.878,252.639
235.000,83,755.503,514.244,343.096
235.000,84,1255.108,872.982,253.234
235.000,85,647.825,491.918,189.242
240.000,0,428.629,826.398,172.238
240.000,1,1385.516,1083.204,438.533
240.000,2,156.429,1677.817,119.054
240.000,3,700.743,58.028,290.347
240.000,4,1240.472,410.810,506.136
240.000,5,731.501,2043.962,407.664
240.000,6,594.462,2124.712,293.424
240.000,7,1234.059,564.180,572.089
240.000,8,1060.883,2007.610,211.660
240.000,9,596.581,1947.192,456.681
240.000,10,203.876,364.970,326.382
240.000,11,21.444,1183.230,281.226
240.000,12,1350.413,1590.859,572.185
240.000,13,1427.712,1193.904,447.639
240.000,14,1463.004,740.238,272.282
240.000,15,1483.503,1883.527,134.867
240.000,16,1426.748,1231.823,371.421
240.000,17,422.623,825.331,306.487
240.000,18,627.674,717.590,463.845
240.000,19,81.351,936.503,281.977
240.000,20,797.446,1451.708,451.447
240.000,21,603.047,733.086,242.912
240.000,22,972.442,2013.822,181.365
240.000,23,109.090,1421.684,297.133
240.000,24,539.465,626.048,275.538
240.000,25,1013.657,279.608,580.597
240.000,26,540.293,1817.759,460.615
240.000,27,1190.817,2170.936,222.768
240.000,28,377.780,1721.538,594.663
240.000,29,982.950,605.938,412.477
240.000,30,906.597,255.736,481.949
240.000,31,1014.769,1457.400,520.510
240.000,32,217.221,497.803,550.405
240.000,33,393.239,999.052,364.810
240.000,34,863.895,888.379,344.845
240.000,35,895.489,1319.609,425.917
240.000,36,1346.684,1536.004,509.452
240.000,37,682.028,251.975,531.248
240.000,38,146.313,122.920,294.207
240.000,39,462.905,903.517,168.029
240.000,40,1409.376,162.434,278.598
240.000,41,1296.659,1317.175,287.975
240.000,42,249.556,1252.448,311.657
240.000,43,312.494,2012.970,193.425
240.000,44,367.163,1914.150,112.648
240.000,45,1232.865,597.091,358.601
240.000,46,507.369,460.586,397.372
240.000,47,990.238,1954.558,314.503
240.000,48,790.310,497.978,333.844
240.000,49,723.587,207.192,116.300
240.000,50,1392.347,1644.703,412.534
240.000,51,1039.759,1477.495,275.407
240.000,52,897.697,1702.230,196.921
240.000,53,824.147,771.586,476.201
240.000,54,282.891,197.738,376.932
240.000,55,807.476,1407.462,400.201
240.000,56,417.974,1446.708,427.035
240.000,57,624.286,686.676,552.587
240.000,58,955.939,857.577,430.454
240.000,59,515.762,1740.140,118.706
240.000,60,407.892,1197.546,479.337
240.000,61,685.401,924.064,210.973
240.000,62,153.662,1166.533,189.082
240.000,63,11.493,1644.773,119.121
240.000,64,207.591,861.575,476.108
240.000,65,59.212,523.253,194.510
240.000,66,1294.771,945.603,282.437
240.000,67,678.570,1792.831,352.011
240.000,68,617.954,2133.356,235.771
240.000,69,1215.625,70.676,521.261
240.000,70,489.815,287.570,510.069
240.000,71,1335.144,1124.429,391.861
240.000,72,1007.517,1259.011,122.049
240.000,73,894.635,1275.829,384.836
240.000,74,1034.225,1846.997,403.767
240.000,75,1207.631,1847.859,193.924
240.000,76,1353.113,2114.393,449.436
240.000,77,622.115,171.106,559.875
240.000,78,1222.272,1794.943,194.135
240.000,79,878.654,979.796,594.937
240.000,80,1403.231,753.023,496.106
240.000,81,539.690,1775.571,169.129
240.000,82,1409.372,727.686,258.360
240.000,83,715.508,411.727,339.591
240.000,84,1294.263,746.363,257.355
240.000,85,557.886,543.404,184.602
245.000,0,368.011,883.840,173.657
245.000,1,1436.024,1021.103,439.425
245.000,2,185.373,1550.997,113.013
245.000,3,838.044,13.263,293.442
245.000,4,1141.210,474.399,509.435
245.000,5,794.634,2145.832,408.866
245.000,6,517.511,2061.928,294.381
245.000,7,1102.442,504.000,563.161
245.000,8,955.467,2040.918,209.446
245.000,9,507.104,1993.921,456.353
245.000,10,114.170,374.661,327.334
245.000,11,150.466,1128.539,279.444
245.000,12,1471.012,1572.328,572.850
245.000,13,1471.950,1077.560,453.832
245.000,14,1435.265,662.933,270.571
245.000,15,1447.050,2023.666,129.930
245.000,16,1410.555,1307.083,369.987
245.000,17,533.106,869.414,301.630
245.000,18,741.408,700.379,467.561
245.000,19,21.597,1009.852,281.609
245.000,20,799.832,1530.550,456.331
245.000,21,643.883,649.229,242.343
245.000,22,836.237,1991.827,183.219
245.000,23,82.183,1288.559,302.530
245.000,24,560.329,762.227,280.488
245.000,25,1052.266,205.304,577.787
245.000,26,440.036,1767.322,462.504
245.000,27,1273.952,2093.816,223.711
245.000,28,389.596,1649.165,596.207
245.000,29,980.718,744.387,416.676
245.000,30,827.506,294.342,482.648
245.000,31,974.751,1392.925,515.852
245.000,32,281.939,582.122,547.912
245.000,33,416.877,1112.193,367.495
245.000,34,930.661,971.583,341.731
245.000,35,835.818,1217.383,425.437
245.000,36,1452.243,1620.040,508.336
245.000,37,594.741,242.224,528.738
245.000,38,249.206,17.302,289.371
245.000,39,487.053,780.810,176.763
245.000,40,1396.565,245.322,275.635
245.000,41,1320.119,1394.561,285.877
245.000,42,324.440,1227.555,310.193
245.000,43,370.764,2088.571,193.262
245.000,44,362.566,1774.878,108.656
245.000,45,1228.090,702.290,359.165
245.000,46,602.711,477.861,400.733
245.000,47,856.223,1963.846,309.359
245.000,48,656.280,451.072,329.679
245.000,49,857.237,170.943,116.601
245.000,50,1292.422,1570.116,413.416
245.000,51,971.256,1432.778,278.392
245.000,52,852.980,1611.722,195.775
245.000,53,945.994,784.066,467.220
245.000,54,347.752,322.154,372.628
245.000,55,689.798,1326.558,399.726
245.000,56,526.167,1407.106,427.855
245.000,57,728.186,623.222,553.809
245.000,58,898.170,769.643,428.010
245.000,59,591.449,1788.056,125.374
245.000,60,296.731,1206.149,474.646
245.000,61,665.972,790.875,217.795
245.000,62,246.862,1175.451,193.201
245.000,63,122.407,1607.040,119.422
245.000,64,105.942,857.639,474.967
245.000,65,86.613,413.999,197.724
245.000,66,1368.616,939.187,282.286
245.000,67,577.974,1868.706,357.234
245.000,68,681.826,2045.418,232.523
245.000,69,1207.718,34.176,525.871
245.000,70,571.765,266.401,511.171
245.000,71,1451.321,1047.796,390.373
245.000,72,916.361,1351.877,128.440
245.000,73,824.445,1212.432,385.511
245.000,74,1104.584,1868.316,402.127
245.000,75,1321.789,1853.645,193.622
245.000,76,1406.573,2187.521,446.421
245.000,77,741.040,82.038,563.196
245.000,78,1307.690,1726.492,198.731
245.000,79,764.141,1072.005,595.434
245.000,80,1441.660,834.807,501.497
245.000,81,601.193,1670.939,175.304
245.000,82,1464.264,849.471,264.663
245.000,83,679.878,312.185,340.555
245.000,84,1308.371,612.208,258.122
245.000,85,487.863,617.581,187.316
250.000,0,307.564,936.303,174.665
250.000,1,1484.055,955.174,440.482
250.000,2,247.367,1430.150,110.173
250.000,3,974.590,31.387,295.235
250.000,4,1041.660,546.094,511.923
250.000,5,851.866,2143.104,408.635
250.000,6,421.180,2030.016,295.625
250.000,7,972.372,450.691,552.228
250.000,8,852.486,2084.685,203.729
250.000,9,411.671,2035.816,453.311
250.000,10,23.641,396.283,328.030
250.000,11,276.806,1091.605,276.418
250.000,12,1368.777,1587.412,572.105
250.000,13,1404.612,977.373,454.472
250.000,14,1404.003,587.978,267.720
250.000,15,1420.064,2163.548,128.889
250.000,16,1381.902,1383.787,371.125
250.000,17,626.986,934.988,293.319
250.000,18,857.388,690.570,467.064
250.000,19,44.248,1082.904,281.994
250.000,20,814.135,1616.258,460.346
250.000,21,687.696,570.499,244.993
250.000,22,699.457,1970.642,183.871
250.000,23,83.554,1154.299,308.126
250.000,24,555.656,895.782,286.121
250.000,25,1083.487,135.456,574.579
250.000,26,328.842,1692.042,459.897
250.000,27,1361.757,2014.190,225.096
250.000,28,406.785,1578.141,597.114
250.000,29,1020.538,874.718,417.704
250.000,30,745.455,332.990,482.937
250.000,31,942.525,1324.151,512.022
250.000,32,362.257,659.246,546.792
250.000,33,438.013,1219.755,369.913
250.000,34,1017.086,1051.548,336.370
250.000,35,782.740,1111.381,425.335
250.000,36,1403.577,1684.162,509.834
250.000,37,514.994,253.812,526.556
250.000,38,356.067,95.556,284.630
250.000,39,537.232,660.179,184.569
250.000,40,1359.017,320.890,272.879
250.000,41,1354.191,1474.427,283.344
250.000,42,384.158,1196.066,307.990
250.000,43,450.342,2122.562,194.263
250.000,44,371.591,1632.452,103.317
250.000,45,1229.845,804.921,359.244
250.000,46,696.778,495.177,403.130
250.000,47,729.051,1960.196,306.786
250.000,48,520.205,389.755,328.245
250.000,49,987.072,146.022,119.866
250.000,50,1190.515,1485.914,412.581
250.000,51,908.645,1373.229,282.263
250.000,52,811.949,1520.899,191.967
250.000,53,1077.139,787.888,459.905
250.000,54,413.461,452.100,369.480
250.000,55,569.768,1245.381,398.040
250.000,56,615.721,1343.683,427.850
250.000,57,840.543,576.242,556.301
250.000,58,837.936,685.008,424.284
250.000,59,656.086,1839.269,129.326
250.000,60,187.341,1234.129,469.793
250.000,61,651.437,658.237,220.525
250.000,62,328.280,1162.046,198.355
250.000,63,223.074,1562.124,118.102
250.000,64,3.120,840.439,474.880
250.000,65,111.787,299.576,199.627
250.000,66,1444.081,920.820,283.036
250.000,67,480.821,1947.415,363.594
250.000,68,713.216,1940.804,232.472
250.000,69,1188.033,118.503,528.586
250.000,70,655.278,233.321,511.790
250.000,71,1410.223,962.267,384.811
250.000,72,829.734,1444.176,130.850
250.000,73,764.455,1149.631,386.196
250.000,74,1185.210,1890.395,399.838
250.000,75,1438.638,1848.272,191.746
250.000,76,1471.475,2097.861,449.529
250.000,77,865.004,13.975,569.788
250.000,78,1392.712,1653.240,200.850
250.000,79,632.590,1139.065,595.956
250.000,80,1355.946,950.267,511.714
250.000,81,617.460,1554.516,176.634
250.000,82,1373.808,963.617,272.127
250.000,83,656.867,211.060,343.957
250.000,84,1322.422,482.054,258.554
250.000,85,420.760,691.127,187.912
255.000,0,257.304,992.625,174.711
255.000,1,1433.872,895.056,442.616
255.000,2,279.870,1299.446,105.931
255.000,3,1106.806,79.368,303.842
255.000,4,934.130,609.732,514.939
255.000,5,874.648,2028.997,408.858
255.000,6,328.862,1970.837,291.519
255.000,7,850.259,369.775,546.998
255.000,8,759.066,2146.420,200.023
255.000,9,317.255,2077.039,449.275
255.000,10,82.317,400.525,328.217
255.000,11,381.008,1011.127,276.898
255.000,12,1247.135,1617.769,567.235
255.000,13,1327.815,883.197,459.152
255.000,14,1370.441,504.439,266.585
255.000,15,1399.194,2078.755,123.364
255.000,16,1349.103,1461.223,371.515
255.000,17,715.606,1006.688,287.307
255.000,18,979.793,664.310,464.426
255.000,19,100.942,1156.034,280.760
255.000,20,832.330,1705.720,462.363
255.000,21,749.603,497.558,247.779
255.000,22,562.870,1947.280,185.754
255.000,23,87.749,1013.414,316.356
255.000,24,531.256,1032.013,293.016
255.000,25,1110.872,66.219,572.545
255.000,26,219.845,1626.188,460.328
255.000,27,1452.279,1949.127,224.983
255.000,28,424.075,1501.641,596.645
255.000,29,1056.665,1006.897,413.682
255.000,30,669.458,384.764,477.363
255.000,31,912.458,1256.022,507.753
255.000,32,429.503,752.292,544.477
255.000,33,441.278,1340.012,376.496
255.000,34,1082.615,1140.200,332.190
255.000,35,715.056,1014.211,424.779
255.000,36,1296.929,1748.998,513.874
255.000,37,431.681,262.821,522.091
255.000,38,439.587,219.011,276.702
255.000,39,589.384,542.670,189.238
255.000,40,1323.011,403.931,270.991
255.000,41,1386.019,1561.153,280.918
255.000,42,443.921,1141.997,304.693
255.000,43,535.586,2141.119,194.308
255.000,44,373.298,1489.023,102.045
255.000,45,1207.020,908.877,357.589
255.000,46,793.689,517.750,404.136
255.000,47,603.281,1969.495,303.270
255.000,48,377.795,363.253,331.079
255.000,49,1116.318,135.218,127.552
255.000,50,1091.574,1404.859,410.583
255.000,51,874.659,1290.873,286.010
255.000,52,778.937,1418.587,186.942
255.000,53,1200.767,760.925,454.386
255.000,54,445.079,599.482,366.722
255.000,55,455.920,1162.089,398.240
255.000,56,672.371,1252.190,426.478
255.000,57,959.211,528.441,559.981
255.000,58,754.469,617.755,422.853
255.000,59,698.016,1914.609,133.062
255.000,60,70.078,1252.598,464.398
255.000,61,651.736,511.381,222.022
255.000,62,406.496,1159.300,199.765
255.000,63,327.500,1537.254,117.080
255.000,64,105.506,816.895,474.248
255.000,65,136.347,178.727,203.480
255.000,66,1454.528,894.434,281.837
255.000,67,376.618,2032.540,368.521
255.000,68,770.637,1846.059,228.520
255.000,69,1203.412,206.728,528.855
255.000,70,735.310,214.670,511.040
255.000,71,1322.104,862.843,375.955
255.000,72,735.319,1531.090,131.979
255.000,73,700.894,1090.908,388.641
255.000,74,1258.065,1916.018,398.608
255.000,75,1417.109,1803.489,193.048
255.000,76,1430.463,2010.642,447.674
255.000,77,1002.994,71.070,570.999
255.000,78,1460.284,1606.899,203.587
255.000,79,507.446,1203.856,593.665
255.000,80,1257.466,1049.892,516.255
255.000,81,628.827,1438.994,177.485
255.000,82,1309.780,1096.379,279.252
255.000,83,600.923,131.187,346.057
255.000,84,1326.118,341.769,259.559
255.000,85,371.330,778.041,183.603
260.000,0,192.811,1034.973,175.949
260.000,1,1381.909,826.194,444.110
260.000,2,297.848,1163.143,102.605
260.000,3,1248.906,141.381,311.279
260.000,4,827.725,674.862,518.572
260.000,5,941.746,1938.102,406.364
260.000,6,237.389,1920.418,287.971
260.000,7,719.489,319.965,542.600
260.000,8,672.300,2192.434,200.174
260.000,9,216.364,2113.874,443.397
260.000,10,174.640,408.444,330.095
260.000,11,497.467,936.449,277.755
260.000,12,1127.965,1644.276,565.547
260.000,13,1247.633,789.805,464.602
260.000,14,1337.471,414.103,263.802
260.000,15,1412.838,1930.316,118.377
260.000,16,1312.812,1534.594,370.627
260.000,17,823.036,1057.820,281.180
260.000,18,1099.125,638.885,464.320
260.000,19,172.710,1213.119,280.695
260.000,20,863.734,1789.142,464.044
260.000,21,789.758,420.275,247.518
260.000,22,422.445,1944.890,187.907
260.000,23,65.094,873.043,323.331
260.000,24,532.316,1167.707,296.188
260.000,25,1148.767,14.843,571.425
260.000,26,109.701,1563.497,462.037
260.000,27,1434.340,1868.785,219.875
260.000,28,445.237,1426.929,598.033
260.000,29,1072.508,1149.363,414.377
260.000,30,608.611,443.594,473.264
260.000,31,889.698,1182.426,505.465
260.000,32,481.939,853.523,543.463
260.000,33,450.488,1462.369,381.943
260.000,34,1141.220,1234.154,329.005
260.000,35,662.379,899.295,425.319
260.000,36,1214.659,1828.011,514.438
260.000,37,346.650,271.478,522.139
260.000,38,514.107,343.728,269.476
260.000,39,615.684,416.074,192.374
260.000,40,1275.887,482.570,268.466
260.000,41,1415.069,1637.139,278.531
260.000,42,499.135,1089.484,303.367
260.000,43,620.352,2155.755,193.078
260.000,44,377.921,1356.434,103.394
260.000,45,1194.095,1016.616,354.592
260.000,46,887.520,538.746,406.825
260.000,47,485.599,1996.618,301.857
260.000,48,244.351,297.525,327.490
260.000,49,1241.308,107.084,134.790
260.000,50,1010.493,1318.440,409.086
260.000,51,822.989,1219.372,290.423
260.000,52,728.228,1334.918,184.370
260.000,53,1314.202,757.579,446.920
260.000,54,501.291,730.858,367.644
260.000,55,363.504,1056.246,396.113
260.000,56,740.475,1171.524,427.666
260.000,57,1076.692,507.698,560.061
260.000,58,696.771,533.066,420.320
260.000,59,743.729,1987.215,134.805
260.000,60,45.769,1268.826,461.340
260.000,61,661.485,367.282,222.795
260.000,62,488.928,1159.410,202.698
260.000,63,443.409,1502.570,117.925
260.000,64,199.808,785.843,473.804
260.000,65,157.136,70.893,206.221
260.000,66,1381.645,884.194,280.907
260.000,67,277.760,2116.143,370.161
260.000,68,793.968,1734.237,227.982
260.000,69,1216.854,300.656,529.935
260.000,70,819.902,181.122,510.786
260.000,71,1209.427,803.852,370.610
260.000,72,672.032,1646.829,136.938
260.000,73,646.911,1024.349,391.733
260.000,74,1318.917,1952.102,397.663
260.000,75,1297.164,1782.546,191.683
260.000,76,1356.607,1928.610,449.777
260.000,77,1142.250,129.594,575.806
260.000,78,1359.633,1560.138,207.391
260.000,79,391.009,1285.282,592.220
260.000,80,1136.731,1118.534,518.856
260.000,81,673.519,1334.611,181.876
260.000,82,1230.478,1225.010,287.259
260.000,83,573.916,35.914,346.379
260.000,84,1334.081,200.065,257.425
260.000,85,323.793,870.956,179.552
265.000,0,135.378,1097.617,175.599
265.000,1,1319.659,758.170,446.488
265.000,2,322.761,1028.774,103.152
265.000,3,1389.590,212.481,314.287
265.000,4,731.038,745.440,521.642
265.000,5,1006.960,1849.426,401.368
265.000,6,153.717,1852.526,287.622
265.000,7,606.530,243.005,536.624
265.000,8,579.738,2140.353,196.843
265.000,9,110.252,2150.527,435.447
265.000,10,268.744,409.533,330.218
265.000,11,614.445,865.171,274.466
265.000,12,990.954,1631.305,565.612
265.000,13,1167.689,700.196,469.144
265.000,14,1299.423,331.211,262.829
265.000,15,1410.134,1784.707,111.428
265.000,16,1255.765,1606.697,369.233
265.000,17,915.385,1112.064,271.648
265.000,18,1216.202,605.401,464.304
265.000,19,231.340,1284.425,280.623
265.000,20,899.288,1866.120,468.440
265.000,21,856.553,365.080,249.352
265.000,22,288.820,1957.300,196.096
265.000,23,54.983,735.523,324.846
265.000,24,578.442,1303.951,299.181
265.000,25,1192.432,83.685,567.462
265.000,26,19.508,1506.786,465.817
265.000,27,1356.032,1792.660,215.780
265.000,28,445.745,1353.331,599.599
265.000,29,1068.184,1285.417,418.642
265.000,30,553.267,491.339,470.211
265.000,31,859.950,1105.949,502.346
265.000,32,546.471,946.750,538.389
265.000,33,466.243,1581.514,388.298
265.000,34,1208.644,1330.125,325.899
265.000,35,595.582,793.080,426.340
265.000,36,1119.835,1900.240,517.701
265.000,37,270.996,250.879,521.997
265.000,38,598.225,460.349,262.372
265.000,39,673.362,291.409,194.633
265.000,40,1240.777,560.375,266.628
265.000,41,1448.966,1710.299,278.197
265.000,42,575.130,1044.125,301.709
265.000,43,708.240,2179.786,194.774
265.000,44,343.754,1228.339,100.064
265.000,45,1202.185,1127.627,357.378
265.000,46,983.155,548.187,409.372
265.000,47,361.162,1995.335,297.767
265.000,48,107.853,242.140,329.161
265.000,49,1370.055,73.012,139.216
265.000,50,925.321,1223.339,409.377
265.000,51,773.876,1150.478,293.392
265.000,52,700.084,1227.460,180.464
265.000,53,1427.895,754.756,442.811
265.000,54,598.777,848.450,363.408
265.000,55,228.652,1001.161,398.298
265.000,56,811.253,1087.788,426.119
265.000,57,1196.182,465.690,562.628
265.000,58,621.054,448.829,419.107
265.000,59,807.668,2044.573,137.071
265.000,60,149.781,1258.100,461.713
265.000,61,674.026,226.022,227.722
265.000,62,572.339,1158.793,205.541
265.000,63,545.504,1456.427,114.700
265.000,64,308.700,758.825,473.526
265.000,65,188.634,52.368,209.213
265.000,66,1304.572,860.125,278.571
265.000,67,172.663,2190.268,377.547
265.000,68,838.212,1636.528,227.643
265.000,69,1226.780,385.749,532.491
265.000,70,901.574,149.784,511.763
265.000,71,1107.510,732.992,365.318
265.000,72,603.773,1753.927,143.289
265.000,73,601.452,952.749,395.275
265.000,74,1381.058,1995.220,394.929
265.000,75,1201.339,1711.598,186.821
265.000,76,1291.680,1849.258,450.691
265.000,77,1278.152,178.235,575.799
265.000,78,1261.832,1512.461,206.999
265.000,79,284.964,1387.983,589.990
265.000,80,1037.383,1221.634,526.519
265.000,81,742.574,1244.436,185.953
265.000,82,1162.718,1362.109,294.238
265.000,83,561.111,79.851,347.031
265.000,84,1352.026,56.851,256.520
265.000,85,265.486,941.987,175.410
270.000,0,86.877,1173.112,175.932
270.000,1,1273.738,685.717,447.762
270.000,2,378.311,902.747,109.527
270.000,3,1448.114,273.727,317.489
270.000,4,604.970,766.248,525.043
270.000,5,1063.023,1754.249,401.774
270.000,6,58.861,1820.369,288.319
270.000,7,475.969,197.987,532.925
270.000,8,471.355,2099.062,193.815
270.000,9,9.833,2199.022,429.662
270.000,10,359.878,404.100,332.212
270.000,11,743.488,810.216,271.350
270.000,12,864.876,1625.013,570.392
270.000,13,1093.273,612.746,470.627
270.000,14,1280.654,246.593,256.624
270.000,15,1379.109,1632.649,108.961
270.000,16,1218.329,1686.003,371.083
270.000,17,998.264,1176.067,265.180
270.000,18,1326.578,572.983,461.253
270.000,19,286.075,1361.316,281.637
270.000,20,938.601,1951.517,471.859
270.000,21,923.434,303.245,252.422
270.000,22,150.908,1952.181,203.988
270.000,23,15.478,607.268,325.344
270.000,24,582.802,1439.892,301.816
270.000,25,1227.739,152.829,562.563
270.000,26,136.626,1452.566,468.594
270.000,27,1273.194,1726.269,217.194
270.000,28,444.922,1271.456,598.788
270.000,29,1078.781,1405.495,421.525
270.000,30,504.953,550.102,470.081
270.000,31,829.675,1036.902,500.178
270.000,32,626.431,1016.758,532.420
270.000,33,501.546,1685.263,392.877
270.000,34,1281.374,1415.856,324.093
270.000,35,530.084,695.378,427.265
270.000,36,1035.507,1989.431,522.322
270.000,37,182.051,249.575,520.433
270.000,38,691.266,567.769,256.094
270.000,39,744.522,179.072,199.381
270.000,40,1230.638,641.858,266.897
270.000,41,1475.903,1787.919,274.992
270.000,42,650.130,1012.346,299.277
270.000,43,801.198,2201.466,195.814
270.000,44,306.340,1089.428,101.225
270.000,45,1215.826,1237.561,361.527
270.000,46,1076.807,577.069,410.014
270.000,47,238.101,1975.054,293.015
270.000,48,48.971,197.395,329.616
270.000,49,1472.401,45.326,146.020
270.000,50,824.970,1149.944,411.017
270.000,51,704.536,1105.523,296.734
270.000,52,671.035,1128.976,177.366
270.000,53,1405.501,773.154,439.190
270.000,54,704.732,960.235,360.259
270.000,55,119.670,912.179,400.394
270.000,56,912.817,1030.543,424.316
270.000,57,1313.781,425.483,565.498
270.000,58,579.206,345.056,417.532
270.000,59,867.071,2107.742,139.823
270.000,60,259.787,1229.752,461.356
270.000,61,668.872,80.785,230.332
270.000,62,640.980,1174.236,208.640
270.000,63,640.406,1407.772,112.580
270.000,64,406.455,730.810,472.622
270.000,65,197.992,168.315,212.798
270.000,66,1226.017,857.824,274.945
270.000,67,63.651,2136.520,384.100
270.000,68,884.701,1543.053,226.981
270.000,69,1249.408,475.506,536.818
270.000,70,993.882,141.235,513.930
270.000,71,1023.038,643.796,362.266
270.000,72,515.255,1852.101,148.990
270.000,73,545.588,882.357,398.139
270.000,74,1453.333,2025.593,392.013
270.000,75,1101.273,1641.796,185.842
270.000,76,1231.135,1773.723,451.362
270.000,77,1409.769,239.202,577.943
270.000,78,1169.534,1448.305,210.994
270.000,79,183.162,1495.219,586.760
270.000,80,946.220,1336.875,532.900
270.000,81,807.598,1139.548,189.720
270.000,82,1120.129,1500.503,301.738
270.000,83,516.212,166.861,350.239
270.000,84,1405.819,67.504,258.460
270.000,85,193.238,1012.571,174.374
275.000,0,48.552,1231.432,177.180
275.000,1,1228.522,608.303,448.958
275.000,2,432.541,775.227,113.073
275.000,3,1323.302,363.849,326.654
275.000,4,486.474,786.669,528.096
275.000,5,1104.181,1656.578,405.434
275.000,6,40.151,1783.149,289.160
275.000,7,386.706,94.683,527.111
275.000,8,385.451,2023.567,189.010
275.000,9,106.629,2174.920,426.364
275.000,10,449.686,399.682,333.191
275.000,11,859.006,736.604,267.582
275.000,12,738.765,1619.519,571.412
275.000,13,1010.543,523.434,471.145
275.000,14,1238.264,176.545,252.714
275.000,15,1345.731,1496.204,103.319
275.000,16,1194.536,1767.962,367.290
275.000,17,1096.541,1227.358,262.846
275.000,18,1434.815,544.955,460.272
275.000,19,331.825,1446.392,283.361
275.000,20,951.111,2039.136,475.212
275.000,21,963.375,225.865,254.799
275.000,22,18.089,1947.262,211.653
275.000,23,7.786,469.541,325.083
275.000,24,553.867,1575.509,304.779
275.000,25,1267.407,208.541,559.877
275.000,26,249.885,1401.241,470.884
275.000,27,1198.334,1656.630,214.567
275.000,28,459.288,1191.618,597.472
275.000,29,1080.243,1547.077,424.588
275.000,30,438.602,592.996,468.195
275.000,31,803.649,973.188,497.755
275.000,32,709.378,1074.332,531.482
275.000,33,553.647,1798.663,398.401
275.000,34,1375.266,1481.368,321.860
275.000,35,458.173,604.252,426.153
275.000,36,955.261,2072.768,530.428
275.000,37,99.549,238.404,517.854
275.000,38,801.131,663.320,251.392
275.000,39,797.661,65.842,202.256
275.000,40,1212.422,717.011,268.587
275.000,41,1421.059,1849.957,272.544
275.000,42,724.926,987.815,299.158
275.000,43,878.979,2160.100,195.869
275.000,44,280.551,944.456,104.471
275.000,45,1208.688,1343.138,365.796
275.000,46,1166.560,608.107,413.586
275.000,47,113.869,1982.770,289.624
275.000,48,144.127,87.141,328.758
275.000,49,1346.871,33.487,148.272
275.000,50,723.271,1081.644,414.108
275.000,51,636.728,1046.110,299.075
275.000,52,622.795,1033.066,175.982
275.000,53,1289.239,793.254,433.898
275.000,54,791.992,1075.705,358.675
275.000,55,49.517,792.615,405.995
275.000,56,1006.449,965.673,421.641
275.000,57,1440.608,388.932,570.791
275.000,58,506.657,254.146,417.516
275.000,59,918.547,2172.816,142.944
275.000,60,374.042,1231.332,455.705
275.000,61,655.458,80.778,234.024
275.000,62,708.559,1159.443,212.396
275.000,63,746.501,1351.754,109.035
275.000,64,501.496,722.615,474.408
275.000,65,209.263,283.023,217.354
275.000,66,1153.683,852.461,272.730
275.000,67,58.206,2052.637,388.365
275.000,68,956.863,1465.477,223.772
275.000,69,1275.402,564.778,538.576
275.000,70,1083.000,120.081,512.683
275.000,71,919.655,561.445,356.382
275.000,72,433.881,1953.422,153.563
275.000,73,487.408,816.031,399.068
275.000,74,1455.740,2056.519,390.812
275.000,75,1003.713,1571.094,185.568
275.000,76,1175.197,1692.250,451.129
275.000,77,1412.012,285.799,576.957
275.000,78,1087.981,1374.533,216.921
275.000,79,94.103,1601.911,582.554
275.000,80,828.720,1415.587,538.821
275.000,81,861.827,1039.302,193.444
275.000,82,1045.801,1622.902,308.605
275.000,83,472.785,256.670,352.795
275.000,84,1463.776,188.408,263.057
275.000,85,121.985,1076.515,171.863
280.000,0,21.375,1268.682,179.179
280.000,1,1165.094,542.684,447.951
280.000,2,474.168,641.170,116.616
280.000,3,1198.378,448.236,333.767
280.000,4,376.044,840.837,531.600
280.000,5,1134.141,1555.520,405.406
280.000,6,130.065,1735.235,288.346
280.000,7,263.351,21.566,518.279
280.000,8,279.146,1982.002,185.357
280.000,9,193.805,2114.373,423.246
280.000,10,548.094,402.857,335.571
280.000,11,977.666,685.730,262.764
280.000,12,611.555,1616.133,573.323
280.000,13,925.985,444.525,475.485
280.000,14,1193.004,97.299,252.370
280.000,15,1332.585,1357.673,100.810
280.000,16,1166.736,1844.283,366.421
280.000,17,1199.899,1283.398,261.353
280.000,18,1405.321,515.418,459.705
280.000,19,390.199,1523.798,283.260
280.000,20,956.789,2124.235,481.643
280.000,21,1008.838,151.830,259.680
280.000,22,125.823,1955.892,214.624
280.000,23,11.302,329.952,326.584
280.000,24,537.226,1705.167,311.318
280.000,25,1302.101,274.558,556.043
280.000,26,332.126,1311.087,473.868
280.000,27,1127.781,1580.939,209.720
280.000,28,480.101,1115.209,598.655
280.000,29,1076.819,1687.600,424.021
280.000,30,374.222,638.669,465.308
280.000,31,768.425,906.531,494.870
280.000,32,763.226,1170.859,529.711
280.000,33,576.838,1914.980,405.157
280.000,34,1462.209,1560.251,321.694
280.000,35,380.783,525.250,426.075
280.000,36,857.332,2139.338,536.753
280.000,37,22.889,224.689,515.139
280.000,38,918.853,766.060,248.160
280.000,39,825.281,87.657,207.360
280.000,40,1191.710,799.366,268.951
280.000,41,1378.791,1926.845,269.496
280.000,42,803.504,955.454,301.016
280.000,43,942.449,2099.584,192.982
280.000,44,297.727,801.846,108.523
280.000,45,1210.593,1455.046,368.192
280.000,46,1251.478,650.916,416.674
280.000,47,18.304,1985.266,283.504
280.000,48,274.848,23.390,325.821
280.000,49,1231.172,24.104,155.218
280.000,50,632.404,996.275,415.241
280.000,51,589.106,974.138,302.347
280.000,52,575.546,940.606,171.645
280.000,53,1159.299,816.952,426.237
280.000,54,893.178,1172.017,357.526
280.000,55,67.833,698.355,410.048
280.000,56,1077.473,875.858,417.627
280.000,57,1390.554,349.142,575.454
280.000,58,445.380,158.465,414.054
280.000,59,974.128,2168.865,144.716
280.000,60,493.326,1237.587,451.443
280.000,61,663.334,224.020,236.907
280.000,62,785.506,1122.478,214.569
280.000,63,862.115,1318.708,104.135
280.000,64,589.502,662.855,473.212
280.000,65,220.464,399.963,220.542
280.000,66,1090.616,837.803,270.523
280.000,67,165.936,1989.259,393.259
280.000,68,1024.555,1385.261,220.871
280.000,69,1284.128,658.289,543.814
280.000,70,1167.983,96.574,512.373
280.000,71,819.887,475.040,350.158
280.000,72,353.436,2060.453,162.082
280.000,73,431.117,754.937,400.758
280.000,74,1390.286,2087.232,390.641
280.000,75,898.141,1524.097,186.968
280.000,76,1112.507,1616.613,451.784
280.000,77,1272.007,328.516,575.054
280.000,78,1023.162,1298.743,221.260
280.000,79,12.179,1718.469,579.441
280.000,80,716.401,1499.073,540.628
280.000,81,903.323,928.730,198.127
280.000,82,973.824,1753.380,315.744
280.000,83,436.254,349.777,351.145
280.000,84,1470.320,324.215,267.450
280.000,85,58.867,1148.629,168.230
285.000,0,81.853,1332.206,179.530
285.000,1,1105.359,489.559,447.879
285.000,2,509.144,501.336,117.814
285.000,3,1073.870,528.291,338.819
285.000,4,274.350,904.345,535.573
285.000,5,1170.114,1449.738,405.233
285.000,6,237.950,1712.347,288.394
285.000,7,133.288,41.516,507.342
285.000,8,169.814,1964.963,180.603
285.000,9,290.876,2065.447,420.084
285.000,10,633.333,428.449,338.233
285.000,11,1101.846,617.128,257.782
285.000,12,485.702,1607.640,571.239
285.000,13,869.119,341.941,479.694
285.000,14,1160.538,15.001,248.329
285.000,15,1302.836,1222.983,106.104
285.000,16,1137.556,1922.928,365.362
285.000,17,1294.604,1360.978,255.076
285.000,18,1295.382,480.064,457.615
285.000,19,435.054,1601.101,287.326
285.000,20,993.542,2191.049,484.817
285.000,21,1040.748,72.735,262.421
285.000,22,248.364,2001.505,217.427
285.000,23,15.580,193.125,328.992
285.000,24,522.353,1835.085,314.636
285.000,25,1351.555,342.399,554.378
285.000,26,421.698,1238.573,476.431
285.000,27,1065.768,1489.105,206.619
285.000,28,481.521,1035.951,595.113
285.000,29,1100.550,1822.974,426.474
285.000,30,312.916,690.745,461.880
285.000,31,731.127,836.796,492.111
285.000,32,833.615,1249.780,528.410
285.000,33,569.732,2026.212,410.954
285.000,34,1425.974,1649.319,321.652
285.000,35,313.050,424.914,424.756
285.000,36,767.660,2192.067,543.693
285.000,37,57.792,216.497,512.346
285.000,38,1037.676,856.268,238.406
285.000,39,877.030,211.562,213.989
285.000,40,1162.843,876.174,267.538
285.000,41,1338.957,2003.885,265.462
285.000,42,877.732,910.573,301.987
285.000,43,1019.517,2047.923,192.736
285.000,44,293.669,670.666,109.366
285.000,45,1229.223,1562.925,372.058
285.000,46,1331.101,697.639,418.212
285.000,47,145.060,1992.158,279.235
285.000,48,405.465,47.147,324.548
285.000,49,1118.593,84.426,162.404
285.000,50,567.221,891.811,412.966
285.000,51,521.905,917.432,306.187
285.000,52,522.696,850.471,168.950
285.000,53,1037.280,843.917,418.172
285.000,54,1000.164,1263.418,355.138
285.000,55,191.913,636.518,406.969
285.000,56,1153.833,795.760,414.907
285.000,57,1281.257,296.277,576.210
285.000,58,375.732,71.006,412.594
285.000,59,1025.385,2114.365,146.938
285.000,60,610.605,1258.813,448.032
285.000,61,681.126,356.847,243.643
285.000,62,870.062,1119.009,216.643
285.000,63,990.895,1329.669,104.394
285.000,64,687.784,653.034,475.280
285.000,65,224.539,512.856,220.732
285.000,66,1014.879,820.501,268.537
285.000,67,282.639,1938.581,397.678
285.000,68,1076.060,1288.755,216.944
285.000,69,1322.357,731.636,547.170
285.000,70,1264.747,78.544,513.288
285.000,71,714.377,390.164,345.678
285.000,72,282.702,2183.886,171.185
285.000,73,372.237,689.240,400.346
285.000,74,1326.118,2115.605,388.661
285.000,75,788.984,1497.501,184.105
285.000,76,1053.060,1541.024,454.225
285.000,77,1140.491,382.088,573.572
285.000,78,949.807,1210.006,223.935
285.000,79,131.696,1791.153,580.873
285.000,80,622.897,1607.762,542.447
285.000,81,930.411,816.513,205.115
285.000,82,909.617,1877.707,323.662
285.000,83,410.326,448.325,351.357
285.000,84,1419.768,452.947,270.578
285.000,85,15.227,1215.302,165.182
290.000,0,148.085,1391.857,181.254
290.000,1,1032.766,458.783,449.343
290.000,2,525.103,350.902,117.683
290.000,3,932.374,572.911,347.976
290.000,4,181.066,969.047,540.361
290.000,5,1217.828,1353.408,405.692
290.000,6,342.056,1689.202,288.290
290.000,7,11.568,106.371,497.921
290.000,8,68.756,1935.978,175.426
290.000,9,368.011,1978.681,415.123
290.000,10,723.755,436.600,340.864
290.000,11,1224.846,544.097,252.937
290.000,12,363.226,1586.247,568.828
290.000,13,819.609,230.987,483.854
290.000,14,1111.593,70.716,246.091
290.000,15,1304.612,1074.553,114.601
290.000,16,1094.612,1995.231,364.280
290.000,17,1391.366,1420.137,251.256
290.000,18,1180.880,426.436,456.678
290.000,19,465.792,1684.649,288.206
290.000,20,1020.781,2110.963,488.549
290.000,21,1083.580,22.870,265.783
290.000,22,384.215,1997.578,220.003
290.000,23,20.728,57.734,331.948
290.000,24,501.624,1968.438,317.365
290.000,25,1412.575,406.654,552.905
290.000,26,537.164,1198.906,483.357
290.000,27,973.044,1426.261,209.169
290.000,28,467.925,956.119,592.826
290.000,29,1115.600,1954.826,429.881
290.000,30,260.630,749.381,459.682
290.000,31,691.283,775.818,490.420
290.000,32,887.644,1345.164,527.714
290.000,33,601.375,2137.993,418.182
290.000,34,1341.883,1734.519,319.765
290.000,35,239.028,326.916,425.244
290.000,36,658.715,2142.766,546.883
290.000,37,144.037,222.416,506.659
290.000,38,1145.039,957.224,233.475
290.000,39,890.197,346.296,219.379
290.000,40,1120.858,963.382,265.236
290.000,41,1315.553,2083.427,262.795
290.000,42,955.832,866.335,301.772
290.000,43,1099.008,1999.360,190.840
290.000,44,304.295,530.775,114.696
290.000,45,1215.151,1673.864,376.152
290.000,46,1428.834,697.971,421.112
290.000,47,262.641,2011.689,273.691
290.000,48,548.513,44.048,322.899
290.000,49,1016.916,166.872,169.112
290.000,50,491.716,787.412,412.052
290.000,51,452.267,863.988,309.390
290.000,52,473.702,756.915,168.128
290.000,53,920.695,854.812,412.443
290.000,54,1094.454,1372.755,353.696
290.000,55,299.102,554.498,402.999
290.000,56,1253.108,746.204,415.866
290.000,57,1160.220,266.263,578.414
290.000,58,325.456,32.334,413.013
290.000,59,1075.225,2060.068,151.863
290.000,60,726.267,1295.723,441.696
290.000,61,694.796,498.443,248.102
290.000,62,954.564,1097.785,220.162
290.000,63,1103.967,1294.180,106.418
290.000,64,792.571,631.103,477.194
290.000,65,231.509,624.971,222.859
290.000,66,939.528,817.576,264.816
290.000,67,394.346,1881.050,399.351
290.000,68,1128.228,1200.091,215.168
290.000,69,1345.267,812.761,551.277
290.000,70,1356.458,70.224,514.970
290.000,71,621.714,289.511,340.897
290.000,72,177.901,2144.751,180.411
290.000,73,322.105,617.023,403.418
290.000,74,1261.488,2144.156,386.705
290.000,75,667.800,1498.610,183.037
290.000,76,996.824,1453.521,455.495
290.000,77,998.096,401.813,573.130
290.000,78,851.673,1142.808,228.160
290.000,79,250.217,1859.514,577.123
290.000,80,513.608,1693.430,542.705
290.000,81,952.848,698.862,211.518
290.000,82,828.999,1986.841,329.454
290.000,83,360.829,531.269,351.734
290.000,84,1379.839,591.448,273.320
290.000,85,75.865,1287.734,164.557
295.000,0,205.549,1454.629,184.375
295.000,1,977.091,397.207,448.735
295.000,2,539.458,210.131,120.333
295.000,3,786.631,612.055,356.904
295.000,4,87.730,1050.992,541.664
295.000,5,1271.588,1252.469,406.723
295.000,6,445.793,1661.675,288.246
295.000,7,144.847,167.767,496.024
295.000,8,47.039,1917.842,170.786
295.000,9,460.342,1930.249,408.258
295.000,10,807.565,481.364,341.882
295.000,11,1344.729,477.233,249.325
295.000,12,249.472,1575.087,565.337
295.000,13,771.978,126.307,487.898
295.000,14,1049.486,143.458,243.224
295.000,15,1271.211,939.768,118.548
295.000,16,1076.897,2079.534,364.664
295.000,17,1479.084,1483.452,247.814
295.000,18,1062.497,379.574,456.195
295.000,19,507.513,1763.694,286.875
295.000,20,1038.180,2022.518,491.397
295.000,21,1136.525,103.072,266.588
295.000,22,513.572,1996.834,226.388
295.000,23,85.006,59.164,332.866
295.000,24,465.805,2098.222,323.564
295.000,25,1464.122,463.647,552.561
295.000,26,648.415,1147.776,487.944
295.000,27,890.854,1349.768,207.861
295.000,28,484.358,875.049,590.109
295.000,29,1131.085,2089.818,430.556
295.000,30,189.578,804.880,460.347
295.000,31,651.589,707.839,487.050
295.000,32,933.645,1444.276,523.082
295.000,33,621.963,2140.005,425.875
295.000,34,1258.640,1808.877,318.769
295.000,35,183.267,218.226,428.192
295.000,36,554.555,2070.533,551.849
295.000,37,226.228,215.414,504.681
295.000,38,1242.699,1065.605,229.644
295.000,39,917.244,477.985,222.874
295.000,40,1076.557,1051.832,260.865
295.000,41,1283.532,2167.287,261.359
295.000,42,1037.425,837.125,301.376
295.000,43,1167.777,1935.381,191.511
295.000,44,282.377,390.384,113.023
295.000,45,1220.780,1787.481,379.522
295.000,46,1447.495,724.820,425.105
295.000,47,387.836,2017.200,265.457
295.000,48,672.503,107.224,322.895
295.000,49,900.724,221.515,173.964
295.000,50,374.941,717.411,407.906
295.000,51,419.853,781.556,312.008
295.000,52,409.324,676.150,166.566
295.000,53,805.286,866.206,404.885
295.000,54,1184.819,1503.425,355.014
295.000,55,387.045,448.659,402.947
295.000,56,1337.884,684.297,416.920
295.000,57,1039.029,236.014,583.523
295.000,58,248.489,103.395,414.205
295.000,59,1134.100,2007.486,155.530
295.000,60,840.899,1307.166,438.440
295.000,61,670.301,645.695,248.018
295.000,62,1040.814,1075.553,225.234
295.000,63,1218.898,1302.814,108.159
295.000,64,901.186,623.366,474.973
295.000,65,224.449,740.249,224.012
295.000,66,867.036,799.708,262.671
295.000,67,513.395,1822.013,401.335
295.000,68,1166.887,1112.410,215.004
295.000,69,1352.199,907.328,555.811
295.000,70,1441.378,54.511,515.939
295.000,71,506.018,216.442,333.521
295.000,72,78.495,2065.174,191.303
295.000,73,285.716,545.528,406.634
295.000,74,1198.154,2173.425,385.166
295.000,75,556.579,1455.190,179.056
295.000,76,937.169,1373.641,458.743
295.000,77,858.143,455.848,567.095
295.000,78,757.829,1084.815,231.305
295.000,79,375.991,1917.256,573.798
295.000,80,407.170,1774.404,549.329
295.000,81,964.856,591.184,214.458
295.000,82,754.296,2109.147,334.358
295.000,83,306.928,613.036,352.143
295.000,84,1356.905,727.085,276.419
295.000,85,157.687,1327.887,164.455
