t_s,node,x,y,z
0.000,0,329.695,774.221,537.500
0.000,1,1012.615,1284.577,398.492
0.000,2,271.406,1873.011,429.258
0.000,3,158.226,604.191,210.728
0.000,4,350.708,1616.239,437.622
0.000,5,899.800,989.702,490.171
0.000,6,1285.869,1723.833,506.946
0.000,7,876.165,453.930,420.332
0.000,8,794.644,1276.635,102.470
0.000,9,624.272,2045.039,324.130
0.000,10,1352.390,1754.634,126.631
0.000,11,479.387,1884.301,143.993
0.000,12,310.398,551.028,120.351
0.000,13,1238.329,289.990,546.962
0.000,14,619.516,381.099,182.125
0.000,15,774.483,872.276,346.472
0.000,16,320.965,135.295,519.696
0.000,17,177.705,1291.776,262.822
0.000,18,154.382,237.552,383.248
0.000,19,803.024,347.271,553.804
0.000,20,157.815,1718.259,515.937
0.000,21,438.762,1142.781,462.488
0.000,22,111.604,266.717,410.551
0.000,23,810.103,850.080,279.727
0.000,24,666.245,97.492,209.739
0.000,25,1387.827,1148.843,295.543
0.000,26,666.648,1439.987,310.932
0.000,27,260.953,1175.356,445.709
0.000,28,719.751,2016.515,170.290
0.000,29,204.605,2270.763,214.030
0.000,30,857.277,730.526,287.148
0.000,31,200.370,1377.837,178.451
0.000,32,227.169,362.805,235.342
0.000,33,808.968,1648.407,193.316
0.000,34,1294.463,566.283,190.029
0.000,35,1187.747,1560.145,515.015
0.000,36,314.087,1341.052,122.002
0.000,37,928.463,87.262,227.778
0.000,38,1151.007,1695.461,233.354
0.000,39,108.638,1525.487,455.923
0.000,40,290.166,349.990,420.300
0.000,41,107.984,1578.656,537.373
0.000,42,1025.018,665.953,370.164
0.000,43,1027.867,322.916,135.347
0.000,44,145.778,700.185,549.961
0.000,45,402.555,1147.939,422.802
0.000,46,1172.945,1793.569,442.087
0.000,47,126.631,2158.537,174.661
0.000,48,373.567,2266.041,303.234
0.000,49,1001.168,216.512,348.291
0.000,50,175.981,781.440,113.232
0.000,51,1328.328,1361.169,511.188
0.000,52,1010.229,650.968,394.150
0.000,53,537.794,1985.551,110.184
5.000,0,404.806,782.334,539.745
5.000,1,1074.858,1414.910,393.236
5.000,2,201.115,1812.772,425.839
5.000,3,20.773,562.418,205.742
5.000,4,223.690,1616.366,430.789
5.000,5,956.049,1071.812,493.420
5.000,6,1156.720,1645.947,510.259
5.000,7,894.936,588.742,418.756
5.000,8,673.487,1319.005,101.864
5.000,9,599.241,1965.146,322.134
5.000,10,1277.148,1789.211,131.909
5.000,11,481.380,1969.785,144.855
5.000,12,305.714,416.281,120.210
5.000,13,1282.942,372.149,546.324
5.000,14,637.497,238.039,188.835
5.000,15,670.711,848.677,347.206
5.000,16,221.692,111.042,523.317
5.000,17,299.592,1354.285,262.495
5.000,18,81.767,266.117,381.035
5.000,19,816.649,224.390,547.373
5.000,20,74.309,1832.671,515.891
5.000,21,544.857,1163.150,462.368
5.000,22,27.340,297.626,408.861
5.000,23,872.365,972.398,285.201
5.000,24,573.803,142.792,212.713
5.000,25,1297.526,1171.961,299.396
5.000,26,779.093,1449.901,312.370
5.000,27,318.879,1116.995,442.976
5.000,28,760.926,1940.555,173.014
5.000,29,69.912,2264.069,211.778
5.000,30,878.934,870.782,290.022
5.000,31,76.466,1422.919,180.819
5.000,32,256.653,438.206,237.703
5.000,33,900.185,1574.165,195.585
5.000,34,1356.481,476.856,197.201
5.000,35,1192.389,1696.326,513.476
5.000,36,425.393,1264.786,123.858
5.000,37,917.486,171.543,228.358
5.000,38,1114.350,1818.426,227.015
5.000,39,94.348,1422.047,454.599
5.000,40,245.127,435.339,416.845
5.000,41,164.834,1439.596,539.684
5.000,42,1096.659,656.049,373.263
5.000,43,1096.540,367.149,137.540
5.000,44,108.042,849.925,554.269
5.000,45,445.087,1015.836,420.117
5.000,46,1145.631,1689.967,443.180
5.000,47,177.610,2264.414,173.451
5.000,48,380.618,2184.158,306.841
5.000,49,1024.731,142.599,346.920
5.000,50,136.074,665.605,113.578
5.000,51,1244.229,1301.780,513.035
5.000,52,1140.237,612.763,388.409
5.000,53,502.597,2095.572,114.346
10.000,0,477.410,795.074,541.810
10.000,1,1150.878,1534.737,391.530
10.000,2,141.936,1754.189,422.171
10.000,3,125.204,501.878,199.676
10.000,4,91.262,1622.619,422.595
10.000,5,1000.566,1155.382,497.547
10.000,6,1040.711,1570.390,514.733
10.000,7,881.433,717.130,419.832
10.000,8,549.811,1359.717,100.563
10.000,9,583.330,1885.217,318.993
10.000,10,1153.017,1843.153,134.875
10.000,11,485.662,2052.892,143.918
10.000,12,294.351,287.325,120.376
10.000,13,1318.760,450.253,543.628
10.000,14,629.340,95.942,194.526
10.000,15,571.953,834.178,350.041
10.000,16,133.724,60.359,528.661
10.000,17,414.097,1429.432,262.164
10.000,18,4.623,301.084,378.560
10.000,19,816.353,103.046,542.067
10.000,20,13.716,1959.464,514.346
10.000,21,647.922,1187.406,462.174
10.000,22,55.575,335.235,407.289
10.000,23,941.295,1085.933,291.445
10.000,24,490.253,197.595,218.305
10.000,25,1211.982,1191.382,302.234
10.000,26,883.572,1441.440,315.882
10.000,27,385.613,1059.730,440.059
10.000,28,788.305,1854.918,173.336
10.000,29,71.806,2242.567,210.453
10.000,30,907.945,1010.215,292.194
10.000,31,74.000,1456.477,183.728
10.000,32,263.314,521.902,240.598
10.000,33,986.614,1495.755,201.030
10.000,34,1245.670,395.028,202.297
10.000,35,1176.806,1828.433,512.239
10.000,36,541.289,1199.185,127.355
10.000,37,890.428,245.978,230.287
10.000,38,1080.054,1937.284,225.182
10.000,39,84.050,1320.341,452.162
10.000,40,193.229,513.243,415.535
10.000,41,207.671,1295.755,536.395
10.000,42,1172.786,630.865,374.630
10.000,43,1182.764,401.483,142.422
10.000,44,81.117,990.177,560.486
10.000,45,462.871,879.168,418.939
10.000,46,1153.095,1578.768,443.414
10.000,47,247.051,2138.624,171.201
10.000,48,385.104,2109.392,308.751
10.000,49,1059.352,65.525,345.467
10.000,50,108.586,552.075,116.245
10.000,51,1157.293,1255.516,515.781
10.000,52,1266.459,571.447,384.141
10.000,53,481.183,2203.453,119.016
15.000,0,551.086,812.475,544.830
15.000,1,1207.278,1666.019,387.752
15.000,2,80.190,1702.175,417.001
15.000,3,252.050,439.655,191.445
15.000,4,38.886,1634.548,416.184
15.000,5,1048.171,1235.717,501.016
15.000,6,913.725,1513.445,521.754
15.000,7,893.922,845.376,421.942
15.000,8,421.313,1388.958,101.604
15.000,9,564.091,1794.220,316.233
15.000,10,1016.004,1893.850,139.077
15.000,11,493.457,2128.392,143.031
15.000,12,294.264,151.988,119.861
15.000,13,1348.623,531.091,542.272
15.000,14,638.211,69.074,200.892
15.000,15,474.500,825.346,349.940
15.000,16,51.294,0.332,527.302
15.000,17,542.346,1473.320,259.073
15.000,18,79.589,328.184,378.347
15.000,19,809.363,32.905,535.245
15.000,20,47.984,2094.538,514.853
15.000,21,757.001,1191.039,461.350
15.000,22,123.720,392.963,405.443
15.000,23,1011.144,1198.771,297.705
15.000,24,412.756,260.836,220.154
15.000,25,1133.221,1228.213,305.501
15.000,26,991.051,1461.947,318.366
15.000,27,452.171,1009.363,437.210
15.000,28,809.590,1769.420,176.459
15.000,29,203.095,2215.989,209.040
15.000,30,915.867,1146.979,292.425
15.000,31,201.341,1481.254,188.014
15.000,32,278.479,597.345,242.608
15.000,33,1074.292,1408.569,205.770
15.000,34,1138.484,313.127,206.309
15.000,35,1162.837,1955.998,512.099
15.000,36,666.737,1131.566,131.863
15.000,37,887.063,324.900,231.493
15.000,38,1068.827,2062.409,225.004
15.000,39,80.487,1204.852,448.544
15.000,40,125.665,568.204,412.713
15.000,41,257.093,1152.347,535.275
15.000,42,1244.753,597.412,375.423
15.000,43,1261.314,451.163,146.283
15.000,44,46.518,1136.015,566.412
15.000,45,514.041,748.180,414.707
15.000,46,1169.503,1474.701,445.876
15.000,47,274.195,1998.223,168.596
15.000,48,414.989,2026.171,312.666
15.000,49,1093.373,22.404,346.006
15.000,50,49.020,446.080,118.069
15.000,51,1067.944,1194.403,516.817
15.000,52,1383.093,504.350,378.917
15.000,53,444.623,2230.697,123.817
20.000,0,628.299,809.219,548.454
20.000,1,1259.796,1796.629,383.159
20.000,2,21.399,1645.293,413.544
20.000,3,390.518,408.917,186.276
20.000,4,163.316,1654.554,409.661
20.000,5,1094.427,1314.493,506.675
20.000,6,790.818,1431.007,531.883
20.000,7,880.868,973.487,420.827
20.000,8,293.351,1422.963,101.729
20.000,9,533.517,1719.526,310.910
20.000,10,889.020,1961.337,144.230
20.000,11,494.069,2211.694,143.839
20.000,12,280.167,17.067,117.339
20.000,13,1365.745,618.209,539.264
20.000,14,640.986,208.532,202.704
20.000,15,373.184,821.887,351.962
20.000,16,46.068,47.018,527.799
20.000,17,658.940,1536.024,255.699
20.000,18,156.971,348.696,377.004
20.000,19,842.783,146.698,528.546
20.000,20,145.802,2198.806,513.940
20.000,21,858.730,1211.458,463.783
20.000,22,199.067,449.632,403.030
20.000,23,1061.659,1332.693,301.613
20.000,24,331.538,312.999,223.415
20.000,25,1044.198,1254.612,308.599
20.000,26,1104.456,1483.450,319.204
20.000,27,507.527,953.057,434.029
20.000,28,833.495,1686.465,176.249
20.000,29,336.528,2231.318,208.629
20.000,30,921.948,1279.969,291.738
20.000,31,339.290,1487.980,192.047
20.000,32,306.100,675.199,245.249
20.000,33,1166.580,1336.457,213.139
20.000,34,1012.780,251.322,214.650
20.000,35,1167.051,2091.084,512.180
20.000,36,797.385,1094.957,134.280
20.000,37,866.810,408.632,230.501
20.000,38,1067.915,2191.218,222.715
20.000,39,54.366,1104.648,447.220
20.000,40,66.509,651.641,407.370
20.000,41,290.526,1012.475,534.765
20.000,42,1324.191,581.415,374.183
20.000,43,1331.490,504.019,149.045
20.000,44,25.861,1279.682,568.600
20.000,45,519.419,604.961,412.062
20.000,46,1156.916,1361.708,446.869
20.000,47,288.582,1859.200,164.384
20.000,48,421.570,1948.043,314.827
20.000,49,1102.392,100.112,343.168
20.000,50,13.140,344.871,120.102
20.000,51,981.136,1134.502,517.098
20.000,52,1257.843,465.849,371.484
20.000,53,437.033,2116.709,127.700
25.000,0,701.485,798.708,553.700
25.000,1,1338.298,1908.288,378.650
25.000,2,38.145,1581.758,410.416
25.000,3,538.114,418.672,177.835
25.000,4,285.468,1691.510,402.585
25.000,5,1134.695,1402.132,510.894
25.000,6,662.256,1362.969,539.515
25.000,7,881.552,1102.513,421.126
25.000,8,168.409,1451.981,101.744
25.000,9,501.039,1641.747,307.903
25.000,10,750.939,1994.823,149.991
25.000,11,499.817,2244.784,142.745
25.000,12,278.603,122.388,117.011
25.000,13,1378.707,700.446,536.695
25.000,14,638.959,342.806,206.681
25.000,15,274.067,799.301,352.978
25.000,16,126.834,98.271,530.075
25.000,17,772.023,1610.417,253.179
25.000,18,216.743,385.841,375.393
25.000,19,866.082,261.941,523.313
25.000,20,192.924,2222.497,512.891
25.000,21,962.283,1240.556,465.004
25.000,22,272.380,510.952,401.935
25.000,23,1133.093,1449.280,310.665
25.000,24,246.967,362.941,225.317
25.000,25,952.151,1273.953,313.974
25.000,26,1215.689,1491.841,323.766
25.000,27,563.441,898.896,430.791
25.000,28,857.418,1596.770,176.924
25.000,29,466.947,2213.759,208.141
25.000,30,960.496,1407.567,293.198
25.000,31,464.366,1520.081,197.382
25.000,32,341.993,752.114,246.734
25.000,33,1258.992,1262.306,217.018
25.000,34,902.305,178.879,217.275
25.000,35,1165.085,2220.450,512.587
25.000,36,936.754,1081.338,139.534
25.000,37,866.683,492.042,233.151
25.000,38,1052.431,2219.337,221.534
25.000,39,53.420,995.164,444.401
25.000,40,18.697,727.984,404.387
25.000,41,344.632,869.233,536.408
25.000,42,1368.119,565.192,374.706
25.000,43,1370.610,544.659,153.306
25.000,44,7.135,1426.471,574.637
25.000,45,558.611,471.264,413.270
25.000,46,1155.939,1243.747,447.799
25.000,47,326.629,1712.665,161.259
25.000,48,413.860,1865.968,317.234
25.000,49,1127.947,177.529,339.541
25.000,50,42.317,228.333,121.394
25.000,51,901.564,1065.875,517.583
25.000,52,1121.873,451.451,365.314
25.000,53,423.784,2006.612,131.333
30.000,0,774.796,800.733,557.014
30.000,1,1363.039,2028.803,372.182
30.000,2,102.247,1534.973,406.991
30.000,3,676.571,382.379,172.169
30.000,4,410.307,1723.367,396.495
30.000,5,1210.694,1464.424,516.102
30.000,6,536.608,1289.616,545.238
30.000,7,845.441,1222.457,419.292
30.000,8,44.012,1485.541,103.193
30.000,9,480.211,1565.969,304.278
30.000,10,619.922,2050.280,153.091
30.000,11,500.766,2165.989,142.174
30.000,12,272.218,256.920,116.183
30.000,13,1359.571,786.738,533.726
30.000,14,655.835,480.794,216.172
30.000,15,176.113,785.919,355.035
30.000,16,215.027,144.987,531.246
30.000,17,882.668,1692.409,250.822
30.000,18,278.131,431.326,375.505
30.000,19,857.428,381.698,519.590
30.000,20,266.943,2108.238,510.117
30.000,21,1069.485,1244.333,464.444
30.000,22,348.335,557.561,399.291
30.000,23,1208.195,1562.843,320.617
30.000,24,168.143,412.607,228.308
30.000,25,864.305,1284.835,317.021
30.000,26,1317.291,1472.724,326.237
30.000,27,617.201,835.287,428.851
30.000,28,875.056,1512.943,182.054
30.000,29,590.605,2177.688,207.692
30.000,30,975.795,1543.401,295.406
30.000,31,588.629,1564.836,200.194
30.000,32,355.528,828.440,246.658
30.000,33,1343.976,1180.902,219.938
30.000,34,781.597,107.578,222.414
30.000,35,1141.302,2193.408,511.755
30.000,36,1063.495,1023.210,141.931
30.000,37,858.930,576.947,237.722
30.000,38,1042.436,2087.730,221.906
30.000,39,31.939,890.980,440.908
30.000,40,23.420,815.989,399.751
30.000,41,428.163,747.738,539.315
30.000,42,1292.101,546.478,374.412
30.000,43,1293.348,585.864,156.723
30.000,44,28.277,1567.438,580.581
30.000,45,562.528,334.415,411.607
30.000,46,1123.496,1137.435,449.198
30.000,47,379.027,1574.771,156.720
30.000,48,399.700,1789.525,319.460
30.000,49,1152.030,253.326,337.280
30.000,50,87.852,121.404,123.323
30.000,51,828.525,1001.536,520.356
30.000,52,1002.381,395.070,359.055
30.000,53,385.054,1894.461,136.036
35.000,0,854.220,808.945,560.232
35.000,1,1312.650,2161.119,367.663
35.000,2,170.722,1475.947,404.732
35.000,3,810.889,346.041,168.293
35.000,4,543.628,1729.458,390.113
35.000,5,1271.050,1544.649,522.240
35.000,6,404.188,1216.329,554.926
35.000,7,814.148,1344.376,419.271
35.000,8,99.148,1497.327,102.699
35.000,9,456.882,1490.516,301.610
35.000,10,496.027,2107.829,158.634
35.000,11,509.131,2087.469,142.315
35.000,12,248.008,384.832,112.920
35.000,13,1335.889,873.453,531.294
35.000,14,658.850,618.607,221.152
35.000,15,77.153,775.908,356.746
35.000,16,305.791,193.097,533.654
35.000,17,999.996,1759.769,249.401
35.000,18,348.628,452.575,373.668
35.000,19,882.725,499.990,513.718
35.000,20,340.801,1987.995,508.643
35.000,21,1177.504,1253.498,467.826
35.000,22,422.942,618.903,397.612
35.000,23,1277.077,1672.900,326.863
35.000,24,91.685,470.323,231.617
35.000,25,767.417,1298.491,321.705
35.000,26,1332.836,1466.719,326.520
35.000,27,683.543,797.962,427.135
35.000,28,902.454,1423.766,185.016
35.000,29,710.522,2131.134,208.068
35.000,30,955.067,1667.705,296.057
35.000,31,711.331,1591.291,203.206
35.000,32,373.006,901.238,247.195
35.000,33,1350.029,1094.216,226.355
35.000,34,669.639,28.824,230.498
35.000,35,1143.400,2056.011,508.321
35.000,36,1202.200,1007.720,142.529
35.000,37,843.420,659.170,240.152
35.000,38,1035.498,1952.981,222.340
35.000,39,2.389,795.862,437.737
35.000,40,79.650,900.105,395.953
35.000,41,473.663,609.144,541.366
35.000,42,1218.757,523.469,375.888
35.000,43,1218.753,630.607,161.065
35.000,44,64.245,1697.978,586.364
35.000,45,590.318,197.831,409.557
35.000,46,1102.712,1028.424,451.646
35.000,47,458.114,1451.066,154.993
35.000,48,416.024,1709.786,322.444
35.000,49,1175.908,325.104,335.645
35.000,50,151.731,19.903,122.734
35.000,51,758.803,918.023,521.340
35.000,52,877.513,361.606,354.317
35.000,53,350.587,1782.379,140.450
40.000,0,929.841,827.064,562.188
40.000,1,1259.116,2261.615,361.587
40.000,2,243.250,1426.563,400.591
40.000,3,947.009,315.742,160.371
40.000,4,670.801,1756.196,384.879
40.000,5,1333.865,1626.089,526.533
40.000,6,270.597,1153.582,562.422
40.000,7,800.599,1470.135,419.402
40.000,8,226.800,1520.953,105.261
40.000,9,430.150,1413.362,298.420
40.000,10,386.326,2190.498,162.146
40.000,11,506.560,2004.008,140.362
40.000,12,230.378,514.171,111.540
40.000,13,1308.850,945.917,529.009
40.000,14,662.142,750.962,226.400
40.000,15,35.917,745.615,359.248
40.000,16,385.347,242.752,536.379
40.000,17,1109.443,1841.924,247.171
40.000,18,418.751,481.054,374.502
40.000,19,907.882,615.738,511.299
40.000,20,422.197,1868.930,505.753
40.000,21,1282.863,1259.277,468.636
40.000,22,487.439,675.211,394.136
40.000,23,1335.799,1792.420,334.919
40.000,24,19.106,508.363,233.561
40.000,25,677.767,1322.472,326.967
40.000,26,1223.832,1486.791,326.868
40.000,27,749.609,754.060,423.347
40.000,28,934.764,1349.350,187.996
40.000,29,841.881,2116.117,206.076
40.000,30,963.106,1809.134,299.478
40.000,31,843.095,1609.191,207.061
40.000,32,399.418,975.153,249.726
40.000,33,1268.199,1009.723,233.178
40.000,34,553.303,48.635,235.505
40.000,35,1121.305,1923.598,507.607
40.000,36,1340.326,989.974,146.011
40.000,37,838.040,748.987,243.061
40.000,38,1049.369,1823.528,222.568
40.000,39,13.811,687.598,432.110
40.000,40,113.252,990.179,391.038
40.000,41,522.197,473.412,542.553
40.000,42,1145.110,508.489,376.566
40.000,43,1146.576,677.111,164.268
40.000,44,96.635,1833.099,593.146
40.000,45,643.285,71.098,408.282
40.000,46,1118.578,920.746,453.895
40.000,47,524.455,1322.308,155.032
40.000,48,419.184,1631.288,326.299
40.000,49,1204.567,393.445,334.449
40.000,50,221.656,67.609,122.616
40.000,51,669.274,856.858,521.392
40.000,52,747.924,335.227,347.570
40.000,53,341.297,1664.519,146.476
45.000,0,1009.866,831.003,567.621
45.000,1,1191.001,2139.415,352.641
45.000,2,299.845,1363.858,395.019
45.000,3,1085.156,264.564,154.073
45.000,4,783.180,1786.801,379.265
45.000,5,1379.910,1705.251,531.809
45.000,6,148.585,1079.996,569.707
45.000,7,796.543,1599.060,417.528
45.000,8,348.208,1550.003,105.595
45.000,9,401.122,1335.445,293.564
45.000,10,260.150,2255.773,169.076
45.000,11,504.745,1926.757,139.893
45.000,12,213.491,643.881,107.396
45.000,13,1267.898,1024.424,526.440
45.000,14,665.132,892.018,228.489
45.000,15,140.307,736.498,360.838
45.000,16,477.092,270.637,537.509
45.000,17,1236.895,1888.254,245.605
45.000,18,490.650,496.612,373.437
45.000,19,946.426,728.294,504.780
45.000,20,469.938,1748.810,504.027
45.000,21,1370.814,1260.649,470.657
45.000,22,555.302,736.673,392.070
45.000,23,1386.137,1915.580,340.965
45.000,24,101.243,551.290,237.431
45.000,25,588.693,1344.038,332.172
45.000,26,1105.682,1493.964,331.988
45.000,27,812.036,700.634,419.301
45.000,28,957.625,1263.859,188.611
45.000,29,974.592,2094.153,204.759
45.000,30,1008.838,1935.489,298.963
45.000,31,972.827,1619.124,209.110
45.000,32,417.651,1052.797,252.739
45.000,33,1178.190,927.366,237.283
45.000,34,431.960,114.851,240.734
45.000,35,1108.477,1790.739,505.910
45.000,36,1288.032,957.060,146.342
45.000,37,831.349,832.518,246.359
45.000,38,1050.484,1703.094,220.185
45.000,39,38.382,578.264,426.997
45.000,40,155.916,1068.667,387.055
45.000,41,591.243,339.210,544.602
45.000,42,1073.950,489.466,375.089
45.000,43,1073.606,714.926,166.410
45.000,44,106.718,1976.902,599.074
45.000,45,654.494,74.883,408.664
45.000,46,1145.328,810.793,457.097
45.000,47,590.021,1197.545,154.582
45.000,48,426.529,1548.473,329.335
45.000,49,1243.470,465.978,332.297
45.000,50,282.244,160.521,124.805
45.000,51,582.365,801.721,523.269
45.000,52,623.965,314.277,343.984
45.000,53,315.575,1548.150,150.448
50.000,0,1082.906,858.252,571.775
50.000,1,1107.627,2028.664,348.252
50.000,2,353.841,1307.262,389.620
50.000,3,1224.028,228.891,147.897
50.000,4,905.308,1797.390,374.172
50.000,5,1333.232,1789.710,536.208
50.000,6,27.931,1000.144,575.949
50.000,7,782.837,1739.464,414.127
50.000,8,464.868,1605.720,104.511
50.000,9,384.551,1253.717,290.270
50.000,10,128.859,2248.050,173.214
50.000,11,498.259,1846.354,137.438
50.000,12,178.599,770.293,106.633
50.000,13,1225.389,1100.324,523.232
50.000,14,682.898,1029.980,231.692
50.000,15,237.822,735.421,360.134
50.000,16,567.393,308.088,538.619
50.000,17,1358.503,1935.928,241.504
50.000,18,549.537,539.446,371.148
50.000,19,971.326,841.826,498.544
50.000,20,536.717,1629.980,504.087
50.000,21,1263.295,1269.979,472.518
50.000,22,626.047,789.227,391.886
50.000,23,1318.814,2034.706,347.711
50.000,24,192.922,574.890,242.118
50.000,25,504.204,1369.601,336.320
50.000,26,1000.104,1494.903,334.283
50.000,27,862.177,643.375,416.075
50.000,28,982.003,1178.249,191.228
50.000,29,1099.743,2054.417,203.264
50.000,30,1042.950,2063.115,302.128
50.000,31,1092.250,1672.000,215.353
50.000,32,437.625,1136.626,254.679
50.000,33,1081.458,860.510,239.337
50.000,34,317.243,196.363,246.582
50.000,35,1079.775,1656.239,503.451
50.000,36,1160.549,905.531,149.021
50.000,37,830.649,915.522,246.463
50.000,38,1043.150,1575.919,220.410
50.000,39,53.337,476.822,423.349
50.000,40,192.972,1160.783,384.238
50.000,41,647.063,209.249,549.687
50.000,42,998.112,485.041,375.628
50.000,43,1000.012,757.922,170.313
50.000,44,129.753,2122.863,592.570
50.000,45,675.905,199.822,408.687
50.000,46,1159.241,710.313,459.394
50.000,47,666.732,1077.318,151.807
50.000,48,451.738,1477.730,331.051
50.000,49,1283.559,533.389,331.093
50.000,50,340.571,267.210,126.651
50.000,51,516.219,722.423,526.398
50.000,52,498.552,274.960,337.998
50.000,53,273.299,1442.994,154.080
55.000,0,1157.868,856.421,575.785
55.000,1,1035.955,1908.702,343.816
55.000,2,411.644,1244.991,385.054
55.000,3,1364.893,198.823,139.103
55.000,4,1032.466,1809.105,365.995
55.000,5,1265.907,1860.076,538.942
55.000,6,105.592,924.904,585.145
55.000,7,760.730,1866.617,411.259
55.000,8,589.075,1647.422,105.307
55.000,9,362.492,1175.708,286.766
55.000,10,6.318,2181.153,177.914
55.000,11,490.145,1762.079,135.654
55.000,12,167.003,903.038,105.045
55.000,13,1196.494,1180.101,522.822
55.000,14,667.889,1167.596,237.111
55.000,15,342.889,735.482,359.986
55.000,16,658.345,344.508,540.654
55.000,17,1293.830,2002.180,240.323
55.000,18,615.270,568.882,370.276
55.000,19,986.491,962.569,491.262
55.000,20,594.543,1504.401,503.734
55.000,21,1155.315,1260.562,474.338
55.000,22,696.882,843.483,389.868
55.000,23,1231.647,2135.870,355.168
55.000,24,279.043,613.700,245.922
55.000,25,411.440,1370.690,338.454
55.000,26,894.156,1464.903,337.260
55.000,27,929.802,594.535,414.675
55.000,28,1026.702,1103.157,192.517
55.000,29,1230.674,2050.800,201.931
55.000,30,1034.448,2190.583,301.248
55.000,31,1218.323,1698.588,218.842
55.000,32,461.036,1210.507,257.008
55.000,33,1005.494,766.452,244.987
55.000,34,179.697,237.565,257.362
55.000,35,1052.135,1535.375,501.783
55.000,36,1023.233,866.715,151.444
55.000,37,806.237,991.647,245.121
55.000,38,1035.530,1453.800,218.316
55.000,39,84.795,370.211,421.298
55.000,40,225.084,1245.768,380.834
55.000,41,670.758,71.396,549.478
55.000,42,927.110,457.599,377.278
55.000,43,914.410,775.312,175.347
55.000,44,155.312,2269.923,583.797
55.000,45,721.943,335.643,408.964
55.000,46,1153.008,603.371,462.168
55.000,47,718.182,944.431,145.444
55.000,48,455.861,1395.040,334.418
55.000,49,1315.503,605.480,327.886
55.000,50,393.183,371.930,130.807
55.000,51,437.798,654.135,526.608
55.000,52,371.334,241.824,331.704
55.000,53,217.490,1337.989,157.976
60.000,0,1228.438,871.348,580.007
60.000,1,962.844,1796.624,337.688
60.000,2,476.699,1181.427,382.816
60.000,3,1254.525,159.058,130.949
60.000,4,1155.418,1804.812,363.092
60.000,5,1220.191,1949.890,542.690
60.000,6,241.172,880.355,595.379
60.000,7,783.299,1991.332,412.227
60.000,8,723.116,1672.251,107.987
60.000,9,318.200,1105.848,282.416
60.000,10,136.062,2116.466,183.687
60.000,11,485.838,1676.967,136.942
60.000,12,146.680,1042.642,103.912
60.000,13,1172.718,1256.853,520.877
60.000,14,645.427,1304.546,239.200
60.000,15,450.369,738.755,361.479
60.000,16,755.314,371.831,543.771
60.000,17,1173.202,2082.584,237.726
60.000,18,681.599,593.078,369.022
60.000,19,1011.845,1074.145,485.463
60.000,20,659.993,1375.751,503.930
60.000,21,1048.967,1256.452,476.901
60.000,22,764.927,895.898,387.451
60.000,23,1196.009,2263.684,361.972
60.000,24,363.172,665.317,250.086
60.000,25,325.216,1380.853,342.101
60.000,26,787.940,1479.367,338.947
60.000,27,993.342,552.804,410.720
60.000,28,1026.442,1013.106,193.370
60.000,29,1361.615,2026.409,201.665
60.000,30,1052.773,2212.742,302.284
60.000,31,1347.598,1739.703,224.890
60.000,32,484.399,1288.113,260.191
60.000,33,914.981,688.729,248.222
60.000,34,78.459,325.662,264.004
60.000,35,1052.046,1403.045,501.526
60.000,36,889.794,840.529,155.168
60.000,37,785.520,1071.043,246.556
60.000,38,1024.166,1325.421,213.235
60.000,39,103.810,269.743,419.984
60.000,40,255.137,1340.471,375.885
60.000,41,718.492,67.039,552.743
60.000,42,845.129,435.353,377.866
60.000,43,832.469,803.813,181.329
60.000,44,168.490,2124.867,579.769
60.000,45,756.548,469.499,408.142
60.000,46,1154.494,493.296,463.866
60.000,47,761.169,807.560,141.447
60.000,48,460.586,1314.520,338.849
60.000,49,1364.805,675.440,326.087
60.000,50,447.468,483.972,132.920
60.000,51,350.017,601.409,528.856
60.000,52,246.012,212.969,327.774
60.000,53,196.145,1224.641,162.761
65.000,0,1303.929,874.481,583.434
65.000,1,888.802,1683.991,330.337
65.000,2,534.757,1113.568,376.406
65.000,3,1121.870,151.394,122.270
65.000,4,1272.624,1847.087,358.336
65.000,5,1161.255,2023.156,546.672
65.000,6,375.052,831.541,596.044
65.000,7,767.044,2114.252,408.417
65.000,8,851.008,1688.502,106.722
65.000,9,292.633,1024.940,279.051
65.000,10,269.797,2066.531,186.754
65.000,11,480.601,1586.535,138.148
65.000,12,151.961,1180.178,100.066
65.000,13,1127.921,1331.029,518.235
65.000,14,630.887,1442.597,243.471
65.000,15,548.694,726.642,360.288
65.000,16,831.396,425.828,546.334
65.000,17,1044.600,2133.145,234.976
65.000,18,749.584,623.768,369.238
65.000,19,1026.534,1182.700,481.341
65.000,20,738.886,1266.305,505.811
65.000,21,934.340,1264.387,479.786
65.000,22,834.428,948.481,387.683
65.000,23,1126.505,2170.126,367.484
65.000,24,435.474,719.355,255.253
65.000,25,238.004,1398.200,345.284
65.000,26,683.673,1504.390,341.187
65.000,27,1042.971,484.611,408.512
65.000,28,1061.519,936.048,194.855
65.000,29,1283.817,1986.376,202.252
65.000,30,1055.916,2075.070,304.767
65.000,31,1295.329,1767.951,227.900
65.000,32,510.701,1370.894,261.391
65.000,33,826.522,604.255,253.303
65.000,34,36.478,414.592,270.065
65.000,35,1045.483,1270.333,500.443
65.000,36,754.217,801.416,156.533
65.000,37,760.097,1154.627,249.480
65.000,38,1022.407,1194.796,212.512
65.000,39,134.572,166.728,418.391
65.000,40,318.032,1413.260,372.284
65.000,41,782.055,199.615,553.165
65.000,42,774.766,404.545,378.093
65.000,43,760.666,852.547,185.574
65.000,44,194.510,1982.874,573.760
65.000,45,809.795,601.154,407.567
65.000,46,1149.301,385.395,464.669
65.000,47,793.260,663.106,136.959
65.000,48,460.758,1229.549,341.297
65.000,49,1379.780,754.575,323.957
65.000,50,503.534,587.280,132.431
65.000,51,268.413,555.656,530.790
65.000,52,114.958,187.216,319.574
65.000,53,156.931,1113.574,167.256
70.000,0,1373.334,885.582,586.184
70.000,1,832.473,1553.264,321.528
70.000,2,591.229,1049.133,371.544
70.000,3,987.059,109.727,114.655
70.000,4,1369.526,1883.796,351.535
70.000,5,1102.338,2098.469,549.796
70.000,6,496.492,751.967,590.196
70.000,7,768.275,2242.955,406.859
70.000,8,967.360,1745.438,109.860
70.000,9,280.925,937.393,275.260
70.000,10,398.617,2001.969,189.076
70.000,11,459.486,1501.732,136.428
70.000,12,127.852,1309.652,100.222
70.000,13,1101.170,1411.270,515.502
70.000,14,607.722,1583.438,245.877
70.000,15,637.608,693.332,361.545
70.000,16,917.624,466.474,545.653
70.000,17,917.514,2183.857,232.017
70.000,18,822.093,644.007,368.959
70.000,19,1051.515,1293.707,478.895
70.000,20,822.054,1152.043,504.620
70.000,21,829.217,1282.817,480.373
70.000,22,904.259,1001.865,386.666
70.000,23,1039.256,2062.875,372.855
70.000,24,528.399,756.160,259.758
70.000,25,153.486,1412.766,350.059
70.000,26,572.997,1505.486,345.786
70.000,27,1108.514,440.404,404.441
70.000,28,1085.867,849.537,197.215
70.000,29,1150.808,1958.357,200.676
70.000,30,1091.610,1941.277,307.036
70.000,31,1169.209,1811.054,229.514
70.000,32,545.478,1451.576,263.457
70.000,33,730.717,525.231,258.116
70.000,34,159.216,458.248,273.801
70.000,35,1024.787,1139.651,498.293
70.000,36,624.182,747.632,161.415
70.000,37,748.644,1232.714,251.285
70.000,38,1003.097,1068.865,208.108
70.000,39,164.186,67.743,415.974
70.000,40,366.280,1496.970,368.503
70.000,41,811.770,345.275,552.868
70.000,42,693.446,395.620,377.489
70.000,43,677.308,886.943,189.098
70.000,44,214.935,1844.736,568.685
70.000,45,854.904,730.515,408.042
70.000,46,1144.518,273.680,468.054
70.000,47,845.494,527.365,130.528
70.000,48,469.742,1147.842,345.816
70.000,49,1345.485,814.379,323.257
70.000,50,572.380,692.970,134.205
70.000,51,194.367,492.338,531.975
70.000,52,18.661,146.975,315.037
70.000,53,130.802,1009.498,169.215
75.000,0,1327.239,891.030,588.520
75.000,1,769.095,1427.449,317.270
75.000,2,648.540,988.828,370.339
75.000,3,857.262,53.113,104.017
75.000,4,1246.530,1910.188,344.028
75.000,5,1043.359,2174.898,552.890
75.000,6,636.836,691.183,584.311
75.000,7,765.500,2166.961,404.255
75.000,8,1085.542,1797.882,112.266
75.000,9,267.679,856.513,270.359
75.000,10,526.964,1943.363,196.393
75.000,11,455.208,1420.403,134.720
75.000,12,147.398,1445.427,102.839
75.000,13,1079.405,1489.490,510.936
75.000,14,594.334,1718.855,248.993
75.000,15,742.216,664.011,361.213
75.000,16,1004.450,510.731,547.009
75.000,17,787.135,2237.166,227.795
75.000,18,892.009,673.791,368.207
75.000,19,1078.387,1410.003,476.464
75.000,20,872.322,1017.696,504.064
75.000,21,721.862,1291.084,482.635
75.000,22,976.633,1055.503,385.162
75.000,23,996.010,1939.801,379.263
75.000,24,613.585,796.851,261.880
75.000,25,62.719,1433.025,352.152
75.000,26,460.939,1487.779,349.616
75.000,27,1167.972,391.598,399.578
75.000,28,1130.600,773.085,198.964
75.000,29,1024.034,1928.842,197.027
75.000,30,1119.355,1805.906,310.528
75.000,31,1035.067,1844.745,235.226
75.000,32,550.909,1528.987,265.126
75.000,33,650.774,440.500,262.927
75.000,34,286.511,504.366,281.949
75.000,35,1040.915,1004.726,494.973
75.000,36,485.927,716.783,159.922
75.000,37,732.343,1313.335,253.932
75.000,38,978.629,949.692,205.450
75.000,39,186.832,48.984,412.386
75.000,40,409.396,1577.234,364.558
75.000,41,881.299,475.243,554.268
75.000,42,617.291,372.670,377.317
75.000,43,603.995,935.050,192.227
75.000,44,225.110,1695.295,560.821
75.000,45,911.050,860.051,409.608
75.000,46,1152.506,166.350,467.360
75.000,47,895.591,395.497,124.598
75.000,48,480.670,1066.400,349.481
75.000,49,1324.135,890.757,319.679
75.000,50,611.588,812.143,133.018
75.000,51,105.659,437.341,534.702
75.000,52,136.804,95.944,310.949
75.000,53,118.532,891.233,174.733
80.000,0,1252.647,886.005,592.132
80.000,1,726.714,1293.692,313.177
80.000,2,698.744,913.388,366.166
80.000,3,716.512,26.140,103.176
80.000,4,1117.704,1909.251,336.202
80.000,5,991.436,2255.194,554.888
80.000,6,760.308,601.757,572.757
80.000,7,750.350,2042.611,404.722
80.000,8,1207.778,1845.194,113.448
80.000,9,244.727,780.612,267.924
80.000,10,649.327,1872.765,202.921
80.000,11,442.783,1337.591,132.978
80.000,12,146.266,1582.030,104.557
80.000,13,1051.294,1573.597,507.956
80.000,14,569.142,1857.797,254.586
80.000,15,835.007,655.194,359.959
80.000,16,1095.387,534.411,548.479
80.000,17,666.992,2229.028,225.761
80.000,18,958.208,715.205,366.781
80.000,19,1089.675,1526.723,472.997
80.000,20,938.840,891.656,501.028
80.000,21,613.177,1309.626,482.644
80.000,22,1046.210,1116.247,382.459
80.000,23,929.891,1817.853,385.332
80.000,24,699.779,845.444,265.065
80.000,25,26.575,1444.749,355.853
80.000,26,349.235,1477.793,350.917
80.000,27,1217.656,336.175,393.713
80.000,28,1161.880,691.589,202.188
80.000,29,896.908,1897.710,196.263
80.000,30,1134.068,1671.232,309.436
80.000,31,906.781,1874.635,236.593
80.000,32,568.750,1606.486,267.558
80.000,33,557.976,360.192,267.708
80.000,34,413.596,548.864,287.750
80.000,35,1051.475,870.535,494.300
80.000,36,353.776,663.672,161.999
80.000,37,732.585,1401.135,254.208
80.000,38,945.659,822.755,203.243
80.000,39,207.609,154.312,409.615
80.000,40,467.712,1654.430,360.174
80.000,41,955.200,605.418,556.218
80.000,42,543.778,350.389,380.153
80.000,43,534.048,987.046,193.891
80.000,44,213.162,1547.298,556.719
80.000,45,945.441,999.216,408.033
80.000,46,1166.541,61.471,466.240
80.000,47,960.599,267.420,119.773
80.000,48,483.613,986.648,352.189
80.000,49,1315.006,973.182,317.096
80.000,50,664.315,926.015,135.411
80.000,51,38.359,362.522,535.825
80.000,52,266.761,53.571,307.122
80.000,53,75.949,781.441,182.042
85.000,0,1180.573,897.150,596.212
85.000,1,642.998,1170.812,308.969
85.000,2,752.581,854.495,361.615
85.000,3,577.265,24.229,112.173
85.000,4,994.568,1920.872,332.127
85.000,5,939.512,2211.860,559.440
85.000,6,899.013,551.471,566.151
85.000,7,752.483,1914.222,401.481
85.000,8,1345.678,1867.008,114.177
85.000,9,219.811,703.154,263.797
85.000,10,794.379,1851.949,210.347
85.000,11,444.683,1259.203,132.189
85.000,12,151.753,1716.859,106.156
85.000,13,1010.480,1650.655,506.458
85.000,14,571.936,1990.791,257.825
85.000,15,931.275,639.658,360.193
85.000,16,1187.290,577.798,549.144
85.000,17,546.014,2163.622,224.678
85.000,18,1033.526,727.074,364.730
85.000,19,1123.439,1643.535,470.004
85.000,20,997.668,771.097,503.427
85.000,21,511.173,1321.476,484.584
85.000,22,1116.416,1175.936,383.261
85.000,23,874.442,1705.760,391.113
85.000,24,785.772,890.684,269.787
85.000,25,120.520,1471.436,360.349
85.000,26,239.096,1483.508,353.848
85.000,27,1279.379,290.232,391.602
85.000,28,1204.542,615.470,203.152
85.000,29,771.133,1870.901,195.897
85.000,30,1161.315,1533.143,308.589
85.000,31,791.457,1938.975,239.707
85.000,32,582.825,1680.231,270.204
85.000,33,474.404,267.265,275.342
85.000,34,536.241,616.322,293.531
85.000,35,1054.808,736.812,490.056
85.000,36,226.053,601.889,162.472
85.000,37,718.136,1482.268,256.139
85.000,38,932.299,702.957,201.753
85.000,39,222.997,264.354,406.318
85.000,40,519.745,1734.210,358.036
85.000,41,1009.207,740.956,559.160
85.000,42,473.401,317.918,380.556
85.000,43,458.271,1028.172,197.286
85.000,44,236.585,1402.573,552.701
85.000,45,994.905,1128.614,410.292
85.000,46,1165.497,62.816,466.172
85.000,47,1031.098,142.365,118.360
85.000,48,480.370,905.704,354.735
85.000,49,1293.184,1048.951,314.911
85.000,50,722.054,1028.616,137.419
85.000,51,55.827,319.931,540.300
85.000,52,395.795,21.100,302.616
85.000,53,34.013,682.114,189.587
90.000,0,1106.226,891.157,599.187
90.000,1,546.978,1065.853,304.704
90.000,2,814.497,793.361,357.287
90.000,3,436.906,55.742,121.103
90.000,4,871.546,1945.793,325.704
90.000,5,897.352,2125.001,564.704
90.000,6,1024.693,472.064,559.960
90.000,7,747.870,1784.924,402.694
90.000,8,1307.042,1921.892,117.565
90.000,9,175.350,625.009,260.908
90.000,10,915.278,1784.740,213.064
90.000,11,429.139,1178.370,131.329
90.000,12,132.486,1849.216,106.687
90.000,13,998.461,1738.251,504.428
90.000,14,570.017,2126.166,262.582
90.000,15,1029.234,621.003,362.058
90.000,16,1276.806,622.028,549.135
90.000,17,423.469,2104.814,223.717
90.000,18,1106.544,761.588,364.599
90.000,19,1156.749,1758.661,464.407
90.000,20,1049.742,633.427,498.377
90.000,21,401.210,1325.457,484.887
90.000,22,1189.418,1227.183,381.065
90.000,23,812.226,1582.498,396.951
90.000,24,876.123,923.533,275.932
90.000,25,198.253,1500.432,363.370
90.000,26,131.664,1484.340,357.216
90.000,27,1347.109,244.369,388.522
90.000,28,1232.532,533.706,206.792
90.000,29,642.221,1840.879,194.978
90.000,30,1184.845,1393.314,307.152
90.000,31,667.311,1978.559,241.904
90.000,32,599.185,1761.498,272.307
90.000,33,381.557,195.953,279.312
90.000,34,661.495,660.724,300.405
90.000,35,1043.345,608.080,490.688
90.000,36,106.399,525.628,163.519
90.000,37,693.324,1567.729,258.894
90.000,38,890.365,580.406,197.845
90.000,39,248.257,363.191,403.325
90.000,40,569.805,1810.209,354.072
90.000,41,1051.971,882.373,561.870
90.000,42,398.196,289.085,380.695
90.000,43,374.336,1059.842,200.738
90.000,44,237.150,1269.596,544.541
90.000,45,1016.973,1264.274,410.768
90.000,46,1192.277,167.002,469.834
90.000,47,1084.536,6.600,116.201
90.000,48,468.042,828.442,359.366
90.000,49,1260.936,1118.993,312.690
90.000,50,804.623,1112.439,140.412
90.000,51,132.049,252.189,543.357
90.000,52,515.524,35.660,296.646
90.000,53,20.155,580.383,193.617
95.000,0,1034.325,900.704,596.255
95.000,1,502.379,939.380,300.502
95.000,2,867.472,720.019,352.584
95.000,3,290.287,88.681,128.092
95.000,4,744.957,1991.952,320.620
95.000,5,849.144,2046.681,570.742
95.000,6,1131.704,373.519,554.666
95.000,7,745.248,1651.302,402.589
95.000,8,1188.391,1969.859,121.224
95.000,9,128.148,548.152,258.347
95.000,10,1038.107,1711.489,219.651
95.000,11,415.342,1101.960,131.558
95.000,12,125.201,1982.129,108.946
95.000,13,976.105,1824.872,501.209
95.000,14,565.121,2261.100,267.734
95.000,15,1123.334,584.268,363.892
95.000,16,1369.916,666.721,550.267
95.000,17,309.835,2034.779,221.257
95.000,18,1187.836,780.498,363.556
95.000,19,1160.297,1881.472,458.642
95.000,20,1115.874,505.509,501.707
95.000,21,292.666,1349.758,485.209
95.000,22,1266.443,1267.122,379.122
95.000,23,750.857,1463.066,403.826
95.000,24,964.738,958.968,280.821
95.000,25,289.594,1519.821,367.232
95.000,26,25.272,1505.728,360.240
95.000,27,1364.053,204.286,384.376
95.000,28,1264.157,451.719,208.446
95.000,29,513.151,1800.037,192.734
95.000,30,1196.814,1250.982,310.543
95.000,31,541.736,2008.970,243.837
95.000,32,622.225,1838.811,276.016
95.000,33,286.864,126.090,283.776
95.000,34,790.042,712.367,305.366
95.000,35,1044.695,474.093,489.871
95.000,36,29.577,473.440,168.791
95.000,37,679.544,1649.180,260.589
95.000,38,899.683,456.658,197.802
95.000,39,257.559,464.970,399.645
95.000,40,618.043,1884.640,349.514
95.000,41,1123.960,1013.045,559.880
95.000,42,319.159,263.046,383.200
95.000,43,284.856,1090.976,204.171
95.000,44,236.668,1126.471,537.650
95.000,45,1036.327,1402.663,409.910
95.000,46,1210.449,280.230,470.558
95.000,47,1147.434,139.162,115.553
95.000,48,477.412,747.787,364.191
95.000,49,1230.805,1189.372,309.608
95.000,50,863.440,1222.321,142.682
95.000,51,205.870,186.288,544.005
95.000,52,638.816,87.300,290.421
95.000,53,63.275,465.177,202.737
100.000,0,962.967,907.782,592.012
100.000,1,428.418,819.123,296.924
100.000,2,919.391,653.725,347.775
100.000,3,150.051,105.561,133.947
100.000,4,617.447,2002.372,315.801
100.000,5,801.443,1960.088,574.553
100.000,6,1231.602,268.459,548.629
100.000,7,767.160,1519.697,399.950
100.000,8,1071.710,2016.578,122.510
100.000,9,95.048,466.348,254.355
100.000,10,1167.978,1667.353,223.120
100.000,11,422.016,1017.299,130.346
100.000,12,135.540,2110.524,107.374
100.000,13,949.972,1912.242,499.730
100.000,14,568.531,2145.567,272.191
100.000,15,1222.438,587.206,365.182
100.000,16,1314.063,709.160,551.149
100.000,17,179.376,1986.229,217.584
100.000,18,1264.433,808.944,361.068
100.000,19,1164.207,2001.701,454.052
100.000,20,1189.264,380.861,503.971
100.000,21,181.398,1355.097,486.827
100.000,22,1325.425,1330.195,377.815
100.000,23,691.774,1335.078,410.632
100.000,24,1044.827,1016.028,285.200
100.000,25,381.188,1531.296,372.048
100.000,26,91.684,1523.118,361.536
100.000,27,1301.557,162.814,382.712
100.000,28,1291.624,370.120,210.182
100.000,29,381.246,1776.163,194.005
100.000,30,1197.385,1113.486,315.650
100.000,31,411.803,2019.784,247.506
100.000,32,638.467,1913.136,279.284
100.000,33,186.982,61.064,289.947
100.000,34,917.797,777.148,311.977
100.000,35,1042.096,336.170,487.252
100.000,36,169.488,430.348,173.341
100.000,37,649.023,1724.899,262.918
100.000,38,875.390,329.297,197.676
100.000,39,288.409,571.433,398.101
100.000,40,664.133,1969.154,342.270
100.000,41,1204.411,1137.490,563.246
100.000,42,239.792,248.666,385.410
100.000,43,196.624,1121.897,205.034
100.000,44,282.227,988.426,530.932
100.000,45,1095.586,1527.208,407.985
100.000,46,1218.882,390.004,468.299
100.000,47,1172.293,277.203,110.658
100.000,48,485.843,672.206,368.475
100.000,49,1192.512,1256.201,306.374
100.000,50,926.157,1321.051,144.363
100.000,51,290.907,131.191,547.163
100.000,52,772.448,115.970,284.047
100.000,53,102.324,352.757,209.992
105.000,0,898.348,920.991,588.738
105.000,1,352.620,696.778,292.170
105.000,2,974.517,594.634,343.499
105.000,3,19.514,140.333,136.719
105.000,4,486.266,2000.460,310.650
105.000,5,747.222,1873.523,578.583
105.000,6,1358.215,191.653,539.375
105.000,7,787.082,1387.837,397.528
105.000,8,942.061,2044.109,122.352
105.000,9,68.608,388.898,251.554
105.000,10,1300.022,1623.581,226.818
105.000,11,412.283,935.594,129.835
105.000,12,119.398,2241.435,108.620
105.000,13,916.306,1991.499,497.110
105.000,14,593.332,2007.956,276.716
105.000,15,1320.905,561.584,366.041
105.000,16,1217.448,732.748,552.275
105.000,17,53.375,1935.515,216.174
105.000,18,1334.882,836.342,358.886
105.000,19,1163.683,2118.632,449.043
105.000,20,1248.256,248.798,502.291
105.000,21,70.573,1340.135,488.800
105.000,22,1372.863,1380.829,375.483
105.000,23,639.852,1210.116,418.123
105.000,24,1124.628,1066.200,291.815
105.000,25,474.841,1555.953,376.446
105.000,26,200.794,1532.598,361.665
105.000,27,1236.210,118.863,379.478
105.000,28,1322.965,286.714,212.327
105.000,29,252.637,1746.856,191.265
105.000,30,1189.853,978.729,318.375
105.000,31,290.938,2072.600,248.904
105.000,32,654.669,1989.802,282.304
105.000,33,86.655,4.760,294.507
105.000,34,1035.363,848.240,321.230
105.000,35,1026.678,202.759,482.113
105.000,36,304.413,411.456,176.432
105.000,37,618.649,1804.034,265.119
105.000,38,875.861,205.321,195.054
105.000,39,317.846,676.947,396.601
105.000,40,716.754,2052.284,338.531
105.000,41,1277.435,1265.820,564.060
105.000,42,162.742,220.250,385.756
105.000,43,117.059,1156.678,207.822
105.000,44,329.084,853.662,523.916
105.000,45,1129.290,1656.631,409.275
105.000,46,1227.513,491.941,469.110
105.000,47,1219.762,417.326,110.484
105.000,48,490.600,588.263,371.925
105.000,49,1183.030,1335.774,306.415
105.000,50,966.422,1429.128,147.981
105.000,51,373.471,82.677,549.740
105.000,52,902.568,145.134,278.657
105.000,53,124.526,239.312,216.474
110.000,0,820.628,918.414,586.013
110.000,1,288.993,574.975,286.903
110.000,2,1038.641,541.166,339.927
110.000,3,134.085,147.244,141.939
110.000,4,361.874,2016.997,305.973
110.000,5,701.258,1789.788,582.768
110.000,6,1270.951,133.321,531.824
110.000,7,804.606,1254.328,396.679
110.000,8,815.956,2072.073,120.692
110.000,9,60.068,305.582,246.881
110.000,10,1322.839,1580.736,231.134
110.000,11,415.894,844.770,129.616
110.000,12,118.008,2154.708,112.228
110.000,13,889.668,2074.544,496.117
110.000,14,613.857,1868.613,281.607
110.000,15,1344.875,545.648,366.204
110.000,16,1126.879,768.534,553.248
110.000,17,77.836,1867.799,211.005
110.000,18,1374.131,873.166,357.930
110.000,19,1184.076,2232.809,447.174
110.000,20,1303.376,124.157,502.801
110.000,21,55.518,1348.379,490.222
110.000,22,1309.565,1445.213,372.428
110.000,23,573.218,1091.518,424.073
110.000,24,1213.793,1105.152,297.112
110.000,25,558.502,1594.356,380.474
110.000,26,312.182,1522.788,363.969
110.000,27,1174.810,70.578,375.400
110.000,28,1338.226,197.876,214.785
110.000,29,127.251,1721.062,190.030
110.000,30,1173.262,843.137,318.426
110.000,31,159.696,2119.613,253.233
110.000,32,669.736,2072.171,283.498
110.000,33,7.525,91.083,300.051
110.000,34,1161.551,898.175,325.295
110.000,35,1038.199,69.482,479.303
110.000,36,429.398,358.527,181.085
110.000,37,620.480,1886.203,268.292
110.000,38,857.995,73.423,191.409
110.000,39,328.278,787.598,393.707
110.000,40,757.497,2139.972,334.472
110.000,41,1298.601,1413.902,563.440
110.000,42,88.086,196.316,386.391
110.000,43,44.775,1205.162,210.099
110.000,44,350.841,708.099,516.617
110.000,45,1168.467,1782.406,409.063
110.000,46,1224.730,594.131,471.222
110.000,47,1279.533,547.766,108.661
110.000,48,494.518,506.942,376.768
110.000,49,1172.308,1419.547,303.553
110.000,50,1030.590,1525.702,149.518
110.000,51,457.424,23.842,551.082
110.000,52,1032.383,179.097,271.368
110.000,53,157.171,130.862,223.274
115.000,0,748.836,897.068,584.055
115.000,1,204.587,461.396,277.983
115.000,2,1105.940,486.557,335.357
115.000,3,274.866,165.681,148.797
115.000,4,241.889,2036.713,301.151
115.000,5,656.656,1706.029,583.907
115.000,6,1137.165,68.482,525.237
115.000,7,830.494,1126.166,396.404
115.000,8,693.476,2112.412,122.953
115.000,9,39.795,224.869,242.920
115.000,10,1196.898,1519.665,234.656
115.000,11,430.822,753.735,127.096
115.000,12,96.613,2021.431,115.486
115.000,13,866.821,2156.614,492.708
115.000,14,615.062,1729.605,286.900
115.000,15,1244.570,546.905,367.187
115.000,16,1036.375,806.989,554.868
115.000,17,171.062,1765.741,208.464
115.000,18,1305.975,909.587,355.407
115.000,19,1208.781,2210.271,441.011
115.000,20,1356.529,16.623,504.410
115.000,21,156.303,1373.725,490.593
115.000,22,1241.300,1506.983,369.760
115.000,23,499.350,984.495,435.223
115.000,24,1294.780,1164.532,303.092
115.000,25,640.790,1614.844,382.533
115.000,26,424.105,1550.563,364.862
115.000,27,1125.805,12.964,371.724
115.000,28,1370.736,110.466,215.235
115.000,29,22.914,1707.754,190.495
115.000,30,1209.324,711.259,320.378
115.000,31,31.968,2159.197,257.940
115.000,32,707.041,2149.555,285.764
115.000,33,99.074,162.323,303.078
115.000,34,1278.472,964.627,331.705
115.000,35,1042.399,67.045,478.718
115.000,36,541.952,294.129,182.942
115.000,37,590.980,1959.830,271.650
115.000,38,859.696,71.181,187.783
115.000,39,331.963,893.572,389.149
115.000,40,810.957,2222.553,330.506
115.000,41,1357.076,1547.313,563.135
115.000,42,13.622,191.667,386.738
115.000,43,34.112,1248.639,214.008
115.000,44,368.446,557.913,509.179
115.000,45,1185.332,1919.957,408.763
115.000,46,1206.345,698.723,475.639
115.000,47,1331.789,691.257,108.098
115.000,48,510.514,425.994,378.517
115.000,49,1152.234,1491.354,302.040
115.000,50,1103.906,1619.874,150.226
115.000,51,553.067,40.180,552.039
115.000,52,1153.715,232.019,268.734
115.000,53,196.278,20.561,230.380
120.000,0,677.978,896.738,581.096
120.000,1,130.925,341.458,274.695
120.000,2,1163.119,422.050,332.444
120.000,3,414.179,208.460,154.744
120.000,4,117.162,2063.160,295.351
120.000,5,596.362,1634.779,586.839
120.000,6,1006.051,0.749,517.097
120.000,7,816.933,1000.518,397.177
120.000,8,566.114,2148.146,126.637
120.000,9,7.951,158.293,240.064
120.000,10,1089.507,1434.992,241.603
120.000,11,416.625,664.104,128.378
120.000,12,92.631,1896.628,115.496
120.000,13,843.226,2237.822,489.355
120.000,14,608.900,1595.859,291.840
120.000,15,1142.116,540.304,365.982
120.000,16,952.434,867.570,556.766
120.000,17,297.630,1714.799,203.598
120.000,18,1230.199,932.358,352.386
120.000,19,1221.428,2090.125,435.848
120.000,20,1348.945,144.573,503.613
120.000,21,266.943,1371.626,492.270
120.000,22,1182.682,1574.298,368.629
120.000,23,424.558,881.737,443.023
120.000,24,1368.647,1197.944,307.371
120.000,25,725.999,1636.938,387.246
120.000,26,539.586,1557.151,367.019
120.000,27,1066.559,40.946,368.973
120.000,28,1380.467,25.412,216.527
120.000,29,152.186,1696.698,188.472
120.000,30,1226.023,577.771,318.286
120.000,31,105.189,2206.144,261.250
120.000,32,715.580,2229.289,289.345
120.000,33,191.627,235.153,309.047
120.000,34,1370.126,1053.270,338.502
120.000,35,1046.915,209.772,479.214
120.000,36,677.988,239.439,187.601
120.000,37,577.068,2041.052,273.397
120.000,38,824.055,194.431,186.403
120.000,39,361.034,1005.116,386.685
120.000,40,855.094,2244.968,326.809
120.000,41,1380.827,1687.094,566.312
120.000,42,68.952,169.735,387.960
120.000,43,109.673,1304.388,218.710
120.000,44,408.554,418.528,504.531
120.000,45,1232.725,2052.149,406.728
120.000,46,1209.793,802.978,476.883
120.000,47,1369.259,822.669,106.834
120.000,48,515.250,343.874,381.675
120.000,49,1131.728,1575.825,300.584
120.000,50,1171.015,1719.161,150.582
120.000,51,633.948,92.976,553.101
120.000,52,1279.634,270.809,263.533
120.000,53,234.233,89.153,234.357
125.000,0,601.590,907.616,580.016
125.000,1,63.300,226.408,266.894
125.000,2,1228.017,360.380,329.032
125.000,3,550.239,255.635,159.463
125.000,4,16.305,2098.365,291.482
125.000,5,533.804,1554.708,592.560
125.000,6,877.517,80.702,513.411
125.000,7,809.817,874.398,394.307
125.000,8,442.977,2194.119,126.859
125.000,9,5.499,76.374,236.522
125.000,10,969.630,1362.507,246.536
125.000,11,414.498,577.824,127.414
125.000,12,80.358,1769.064,116.228
125.000,13,805.083,2247.367,488.228
125.000,14,599.278,1458.157,295.819
125.000,15,1051.446,501.394,367.960
125.000,16,869.923,911.317,557.907
125.000,17,411.722,1637.283,200.924
125.000,18,1155.399,948.180,350.431
125.000,19,1225.644,1969.207,427.629
125.000,20,1258.876,251.427,500.162
125.000,21,377.349,1387.774,493.828
125.000,22,1106.140,1624.844,366.568
125.000,23,369.823,761.422,449.858
125.000,24,1280.179,1248.017,312.427
125.000,25,800.881,1688.307,391.163
125.000,26,648.138,1560.972,370.948
125.000,27,1004.516,91.824,364.655
125.000,28,1361.050,57.067,218.918
125.000,29,292.554,1689.649,190.102
125.000,30,1238.987,444.775,317.616
125.000,31,238.125,2229.969,263.659
125.000,32,732.497,2247.556,292.907
125.000,33,287.468,308.083,315.313
125.000,34,1265.680,1137.546,342.985
125.000,35,1051.381,345.868,476.386
125.000,36,799.613,159.587,191.847
125.000,37,563.227,2130.591,274.943
125.000,38,802.351,316.231,181.178
125.000,39,409.713,1104.717,383.367
125.000,40,892.686,2161.702,321.199
125.000,41,1345.095,1834.205,563.622
125.000,42,144.407,148.747,388.726
125.000,43,192.187,1342.192,222.151
125.000,44,429.437,280.408,499.528
125.000,45,1254.352,2184.035,405.813
125.000,46,1210.945,906.323,478.227
125.000,47,1352.166,960.067,105.836
125.000,48,518.792,265.812,384.710
125.000,49,1116.506,1657.058,299.312
125.000,50,1217.211,1826.133,151.760
125.000,51,724.247,148.779,554.704
125.000,52,1368.789,342.619,256.603
125.000,53,293.933,188.974,236.835
130.000,0,525.119,922.634,578.277
130.000,1,38.816,88.067,258.227
130.000,2,1300.105,307.045,324.277
130.000,3,696.642,286.743,167.753
130.000,4,146.922,2116.047,285.601
130.000,5,489.198,1477.902,595.979
130.000,6,762.869,161.278,506.014
130.000,7,802.560,746.884,392.762
130.000,8,303.663,2220.249,131.357
130.000,9,27.499,12.815,232.474
130.000,10,843.906,1290.424,248.352
130.000,11,424.134,489.309,127.865
130.000,12,82.449,1637.415,118.066
130.000,13,769.268,2168.868,487.063
130.000,14,605.586,1309.131,301.359
130.000,15,957.747,465.946,369.071
130.000,16,782.817,949.187,560.277
130.000,17,528.685,1577.566,196.160
130.000,18,1079.073,974.308,348.803
130.000,19,1264.593,1860.241,421.088
130.000,20,1176.712,364.190,498.558
130.000,21,486.449,1397.125,494.155
130.000,22,1040.086,1684.877,364.285
130.000,23,332.042,634.094,457.037
130.000,24,1195.106,1293.390,315.013
130.000,25,886.473,1718.443,392.145
130.000,26,762.760,1553.504,373.482
130.000,27,937.765,129.331,361.657
130.000,28,1332.303,136.002,221.891
130.000,29,426.701,1666.783,190.600
130.000,30,1228.918,306.929,318.592
130.000,31,364.195,2272.547,267.724
130.000,32,754.583,2164.664,297.012
130.000,33,383.854,371.214,320.489
130.000,34,1150.945,1203.832,348.716
130.000,35,1055.001,484.879,470.043
130.000,36,928.374,95.794,196.262
130.000,37,552.034,2215.627,276.255
130.000,38,789.142,440.502,179.436
130.000,39,447.165,1205.722,380.414
130.000,40,928.052,2082.299,317.450
130.000,41,1294.784,1972.966,563.259
130.000,42,219.097,138.824,388.367
130.000,43,276.075,1368.419,224.292
130.000,44,433.240,133.776,493.848
130.000,45,1294.201,2237.147,402.284
130.000,46,1207.873,1017.278,478.426
130.000,47,1314.196,1101.493,100.783
130.000,48,509.467,182.191,386.834
130.000,49,1093.364,1729.134,297.936
130.000,50,1287.748,1920.819,153.102
130.000,51,805.599,209.950,555.539
130.000,52,1249.222,398.558,250.868
130.000,53,339.172,298.876,244.287
135.000,0,449.062,934.216,574.768
135.000,1,47.618,43.703,252.899
135.000,2,1362.709,248.482,322.500
135.000,3,826.301,334.328,176.428
135.000,4,274.781,2126.346,275.660
135.000,5,446.084,1394.606,597.491
135.000,6,633.112,221.560,497.633
135.000,7,780.699,614.844,390.531
135.000,8,185.564,2269.470,134.930
135.000,9,51.160,91.426,229.857
135.000,10,720.912,1222.073,253.791
135.000,11,423.730,406.966,126.440
135.000,12,84.208,1499.256,121.122
135.000,13,732.418,2084.198,485.014
135.000,14,618.173,1173.672,306.094
135.000,15,862.173,433.128,368.599
135.000,16,693.334,988.224,561.533
135.000,17,644.228,1507.036,193.390
135.000,18,1006.452,1006.462,346.937
135.000,19,1303.244,1752.067,416.078
135.000,20,1099.871,486.827,497.834
135.000,21,593.746,1411.786,495.076
135.000,22,965.379,1730.667,363.078
135.000,23,295.321,510.258,464.290
135.000,24,1109.468,1332.374,317.502
135.000,25,966.580,1742.346,395.024
135.000,26,872.638,1546.465,374.591
135.000,27,879.459,181.022,358.472
135.000,28,1303.018,219.813,223.180
135.000,29,552.855,1630.668,189.502
135.000,30,1253.775,171.989,316.660
135.000,31,502.622,2253.582,270.917
135.000,32,783.452,2091.920,299.002
135.000,33,471.963,448.884,324.847
135.000,34,1029.915,1257.249,355.390
135.000,35,1028.546,606.777,468.213
135.000,36,1043.924,10.505,199.956
135.000,37,534.891,2251.745,277.238
135.000,38,754.552,564.131,179.117
135.000,39,478.883,1311.328,378.760
135.000,40,990.666,2016.052,314.835
135.000,41,1245.997,2121.963,565.523
135.000,42,294.251,123.070,388.382
135.000,43,353.512,1395.522,226.939
135.000,44,476.329,1.257,486.887
135.000,45,1321.132,2100.332,402.421
135.000,46,1184.054,1119.114,481.238
135.000,47,1284.949,1244.037,105.251
135.000,48,495.211,100.587,389.995
135.000,49,1069.562,1804.246,295.785
135.000,50,1359.410,2011.498,153.814
135.000,51,892.069,267.115,557.180
135.000,52,1126.219,447.717,245.104
135.000,53,362.122,415.080,248.379
140.000,0,377.139,937.605,571.675
140.000,1,110.707,164.068,250.180
140.000,2,1355.763,193.505,318.872
140.000,3,971.773,345.557,183.883
140.000,4,402.123,2131.676,269.241
140.000,5,378.988,1323.455,594.671
140.000,6,501.414,300.097,493.630
140.000,7,775.925,483.991,391.738
140.000,8,56.474,2249.376,136.670
140.000,9,94.565,166.694,225.741
140.000,10,594.727,1172.775,257.026
140.000,11,439.377,319.038,123.487
140.000,12,95.277,1360.817,123.756
140.000,13,711.438,2002.852,482.259
140.000,14,618.277,1036.200,309.968
140.000,15,757.507,425.437,368.627
140.000,16,608.059,1043.167,561.894
140.000,17,769.098,1460.793,192.889
140.000,18,933.698,1037.451,344.988
140.000,19,1323.085,1637.824,412.911
140.000,20,1019.129,605.083,499.405
140.000,21,700.974,1420.713,494.375
140.000,22,897.363,1788.369,361.585
140.000,23,243.032,388.146,467.593
140.000,24,1022.514,1377.143,321.002
140.000,25,1054.590,1761.060,398.370
140.000,26,979.104,1557.201,376.860
140.000,27,823.175,241.862,353.679
140.000,28,1275.512,305.658,225.046
140.000,29,683.401,1609.485,191.140
140.000,30,1288.309,40.059,318.966
140.000,31,636.530,2248.497,274.675
140.000,32,811.387,2014.911,302.709
140.000,33,578.169,511.265,330.989
140.000,34,901.800,1311.844,359.687
140.000,35,1022.086,741.699,465.857
140.000,36,1177.070,14.699,202.775
140.000,37,515.099,2170.060,278.557
140.000,38,741.736,692.442,177.626
140.000,39,507.282,1420.619,376.397
140.000,40,1025.641,1928.374,312.848
140.000,41,1201.417,2266.344,568.555
140.000,42,363.490,83.894,388.739
140.000,43,421.256,1441.657,231.772
140.000,44,508.108,136.496,480.058
140.000,45,1342.130,1960.601,398.740
140.000,46,1177.308,1229.168,481.256
140.000,47,1212.654,1376.460,108.759
140.000,48,504.654,21.586,393.913
140.000,49,1053.127,1879.292,293.396
140.000,50,1360.971,2120.431,158.320
140.000,51,972.028,336.376,558.169
140.000,52,990.239,476.703,240.253
140.000,53,389.118,528.312,256.149
145.000,0,306.789,935.228,568.710
145.000,1,157.613,291.514,246.487
145.000,2,1306.623,123.531,314.870
145.000,3,1115.680,335.658,190.001
145.000,4,539.081,2166.155,262.555
145.000,5,321.530,1247.683,590.960
145.000,6,366.477,364.495,488.958
145.000,7,786.357,348.625,388.335
145.000,8,86.313,2203.528,139.254
145.000,9,111.845,241.163,225.460
145.000,10,474.409,1097.922,260.839
145.000,11,429.226,233.851,122.789
145.000,12,86.024,1229.175,126.844
145.000,13,688.637,1924.864,481.079
145.000,14,624.953,901.143,316.666
145.000,15,659.735,418.339,370.246
145.000,16,520.636,1085.011,562.113
145.000,17,888.127,1390.142,191.282
145.000,18,862.142,1072.069,345.103
145.000,19,1355.273,1526.507,405.954
145.000,20,963.443,730.287,499.659
145.000,21,808.097,1443.941,495.467
145.000,22,836.807,1858.483,358.814
145.000,23,215.295,261.372,474.150
145.000,24,945.063,1427.467,326.225
145.000,25,1144.751,1761.091,402.188
145.000,26,1090.623,1580.600,382.434
145.000,27,758.596,287.913,349.481
145.000,28,1223.119,377.968,227.650
145.000,29,813.646,1585.023,187.571
145.000,30,1311.130,95.268,320.372
145.000,31,756.705,2225.999,278.281
145.000,32,833.540,1936.740,304.058
145.000,33,669.813,594.677,337.273
145.000,34,789.557,1397.346,368.018
145.000,35,1006.411,878.287,463.282
145.000,36,1309.512,69.538,204.387
145.000,37,510.349,2086.639,280.276
145.000,38,732.287,824.054,175.379
145.000,39,533.253,1525.332,372.158
145.000,40,1086.137,1861.158,309.478
145.000,41,1176.190,2120.018,572.781
145.000,42,444.773,63.066,388.932
145.000,43,499.524,1489.185,234.281
145.000,44,522.675,278.633,475.437
145.000,45,1364.979,1828.204,396.023
145.000,46,1198.188,1338.674,483.076
145.000,47,1107.987,1484.183,113.172
145.000,48,514.741,67.145,395.019
145.000,49,1033.811,1954.309,291.575
145.000,50,1289.130,2218.813,160.948
145.000,51,1044.929,404.740,560.257
145.000,52,856.681,506.861,235.938
145.000,53,429.572,639.336,258.476
150.000,0,238.185,928.472,566.617
150.000,1,221.379,417.733,241.527
150.000,2,1263.427,50.951,310.052
150.000,3,1255.543,364.581,197.003
150.000,4,659.552,2206.003,257.594
150.000,5,255.064,1173.320,588.339
150.000,6,244.999,452.989,480.291
150.000,7,769.520,221.851,389.587
150.000,8,211.146,2184.829,140.412
150.000,9,147.018,330.241,221.350
150.000,10,338.805,1053.252,265.015
150.000,11,407.540,149.375,122.953
150.000,12,63.069,1095.785,129.763
150.000,13,658.475,1848.546,478.123
150.000,14,659.327,764.753,321.391
150.000,15,562.711,397.638,371.550
150.000,16,449.341,1148.342,565.257
150.000,17,1010.047,1331.073,189.274
150.000,18,792.389,1108.980,344.631
150.000,19,1360.211,1410.572,400.059
150.000,20,895.390,849.175,499.759
150.000,21,914.492,1466.418,497.813
150.000,22,750.626,1902.446,355.183
150.000,23,164.426,136.027,481.429
150.000,24,860.954,1474.789,330.808
150.000,25,1233.275,1785.710,406.369
150.000,26,1202.547,1578.401,386.855
150.000,27,692.379,331.763,344.223
150.000,28,1184.519,457.803,231.450
150.000,29,942.820,1570.922,184.365
150.000,30,1337.825,224.197,321.953
150.000,31,882.505,2185.938,284.363
150.000,32,846.871,1860.561,304.655
150.000,33,749.710,677.313,340.858
150.000,34,670.667,1453.659,372.087
150.000,35,1017.576,1010.002,461.826
150.000,36,1336.612,129.233,208.654
150.000,37,485.022,2008.617,282.764
150.000,38,712.689,948.126,171.917
150.000,39,567.480,1630.470,369.668
150.000,40,1134.332,1779.599,305.516
150.000,41,1132.476,1979.230,573.055
150.000,42,527.166,66.441,390.050
150.000,43,578.212,1545.502,238.955
150.000,44,525.047,423.366,471.035
150.000,45,1312.149,1699.173,394.816
150.000,46,1192.356,1441.261,485.802
150.000,47,1063.264,1621.090,118.269
150.000,48,517.888,149.020,396.379
150.000,49,999.175,2027.905,290.623
150.000,50,1221.976,2223.250,160.634
150.000,51,1122.470,473.142,561.096
150.000,52,725.701,497.143,231.909
150.000,53,435.153,754.005,263.241
155.000,0,166.905,920.340,562.502
155.000,1,295.288,534.199,233.428
155.000,2,1206.298,29.560,307.098
155.000,3,1367.787,377.822,202.649
155.000,4,779.295,2203.836,252.378
155.000,5,199.184,1098.260,583.401
155.000,6,112.625,526.647,469.917
155.000,7,743.048,98.525,388.088
155.000,8,330.401,2127.443,143.105
155.000,9,185.675,406.756,215.595
155.000,10,205.983,1006.944,273.082
155.000,11,408.523,65.924,123.494
155.000,12,59.001,960.045,128.946
155.000,13,629.869,1764.543,477.470
155.000,14,684.230,627.717,324.457
155.000,15,466.471,376.736,372.769
155.000,16,356.016,1183.745,567.119
155.000,17,1130.488,1272.035,183.554
155.000,18,728.370,1155.540,341.558
155.000,19,1356.040,1291.618,393.083
155.000,20,841.062,974.177,499.620
155.000,21,1021.142,1468.376,499.490
155.000,22,680.948,1955.101,353.457
155.000,23,111.093,6.534,485.731
155.000,24,775.541,1517.243,334.789
155.000,25,1320.169,1809.688,408.453
155.000,26,1313.588,1573.759,390.131
155.000,27,634.890,390.160,338.534
155.000,28,1174.331,545.690,233.284
155.000,29,1075.899,1555.928,181.281
155.000,30,1339.159,360.315,323.337
155.000,31,1003.011,2139.449,288.254
155.000,32,860.913,1788.512,305.854
155.000,33,830.479,757.392,347.051
155.000,34,573.477,1546.324,378.655
155.000,35,1000.993,1145.627,458.615
155.000,36,1192.395,164.251,210.441
155.000,37,450.445,1934.542,283.848
155.000,38,688.311,1073.575,169.684
155.000,39,620.386,1724.696,370.013
155.000,40,1187.113,1692.220,302.073
155.000,41,1046.845,1860.652,577.038
155.000,42,605.858,59.334,390.923
155.000,43,655.319,1598.523,241.253
155.000,44,545.707,570.206,464.913
155.000,45,1276.693,1557.009,395.765
155.000,46,1196.827,1549.736,487.159
155.000,47,1039.010,1766.686,121.362
155.000,48,528.189,229.150,399.940
155.000,49,967.768,2100.398,288.664
155.000,50,1159.376,2112.640,164.764
155.000,51,1199.543,539.211,562.229
155.000,52,601.637,549.591,227.075
155.000,53,452.184,870.270,269.341
160.000,0,94.897,934.909,560.156
160.000,1,372.627,650.024,232.552
160.000,2,1135.278,83.983,303.334
160.000,3,1235.953,422.154,209.728
160.000,4,902.700,2228.869,245.616
160.000,5,144.935,1017.067,578.481
160.000,6,22.222,623.917,464.419
160.000,7,730.189,42.472,386.760
160.000,8,446.152,2061.751,145.880
160.000,9,225.691,480.424,213.192
160.000,10,91.465,920.501,278.237
160.000,11,428.261,19.735,122.356
160.000,12,37.928,834.205,130.887
160.000,13,584.232,1688.476,476.539
160.000,14,699.271,493.229,331.408
160.000,15,372.252,365.147,373.772
160.000,16,269.615,1228.053,567.574
160.000,17,1267.284,1248.775,183.217
160.000,18,661.762,1187.642,339.701
160.000,19,1371.301,1178.898,385.659
160.000,20,770.526,1092.822,498.200
160.000,21,1131.263,1492.330,499.825
160.000,22,620.676,2015.315,351.123
160.000,23,48.493,129.475,495.317
160.000,24,689.169,1575.294,339.404
160.000,25,1369.465,1849.444,410.675
160.000,26,1336.972,1594.889,392.168
160.000,27,575.268,450.153,336.325
160.000,28,1144.200,623.438,235.723
160.000,29,1200.888,1506.882,177.878
160.000,30,1372.909,487.169,322.089
160.000,31,1127.831,2090.433,290.641
160.000,32,886.722,1713.280,306.449
160.000,33,920.501,842.453,352.139
160.000,34,468.921,1636.137,383.487
160.000,35,984.040,1268.756,454.536
160.000,36,1058.244,223.893,211.233
160.000,37,439.185,1849.149,286.697
160.000,38,685.807,1201.673,166.218
160.000,39,634.793,1833.354,365.714
160.000,40,1235.734,1604.947,299.103
160.000,41,1002.994,1726.858,576.754
160.000,42,669.642,26.883,391.880
160.000,43,735.295,1623.511,243.696
160.000,44,559.571,712.075,458.516
160.000,45,1227.033,1427.230,393.126
160.000,46,1197.253,1661.275,488.061
160.000,47,985.162,1904.685,126.084
160.000,48,532.638,308.670,403.081
160.000,49,941.524,2168.367,286.956
160.000,50,1112.570,2002.131,167.802
160.000,51,1287.037,593.035,565.107
160.000,52,480.900,588.428,223.660
160.000,53,503.771,977.887,275.440
165.000,0,23.865,936.893,556.889
165.000,1,435.654,771.222,228.836
165.000,2,1078.869,140.985,300.186
165.000,3,1099.050,470.861,216.067
165.000,4,1022.051,2248.796,238.034
165.000,5,94.082,931.584,574.480
165.000,6,150.817,700.676,460.281
165.000,7,696.693,165.289,386.368
165.000,8,574.312,2031.757,147.581
165.000,9,245.427,552.933,211.177
165.000,10,36.226,855.747,284.665
165.000,11,432.999,102.043,121.038
165.000,12,11.152,695.066,131.381
165.000,13,551.030,1604.334,473.505
165.000,14,681.809,345.642,339.489
165.000,15,271.071,374.530,375.616
165.000,16,185.017,1276.177,569.034
165.000,17,1374.021,1201.343,181.652
165.000,18,588.670,1206.689,338.290
165.000,19,1381.406,1066.065,380.268
165.000,20,698.734,1214.866,499.699
165.000,21,1238.737,1513.154,501.577
165.000,22,548.914,2062.271,348.947
165.000,23,34.778,244.123,501.281
165.000,24,600.662,1620.018,343.389
165.000,25,1287.442,1871.782,414.366
165.000,26,1231.673,1606.403,393.156
165.000,27,508.689,485.710,332.739
165.000,28,1117.926,707.578,238.837
165.000,29,1336.230,1475.773,174.539
165.000,30,1383.504,614.553,322.459
165.000,31,1248.974,2049.590,291.560
165.000,32,900.745,1640.409,308.852
165.000,33,1018.618,916.199,356.949
165.000,34,352.899,1711.742,390.878
165.000,35,963.267,1395.966,455.150
165.000,36,926.577,264.373,215.900
165.000,37,425.274,1768.346,288.971
165.000,38,679.483,1326.993,162.447
165.000,39,667.431,1936.494,360.291
165.000,40,1293.138,1528.850,295.739
165.000,41,929.430,1595.659,578.861
165.000,42,740.216,5.198,392.123
165.000,43,807.965,1661.862,247.414
165.000,44,591.533,855.824,452.863
165.000,45,1176.553,1296.821,390.853
165.000,46,1199.028,1764.461,487.698
165.000,47,931.435,2035.283,128.962
165.000,48,532.991,389.296,405.796
165.000,49,906.647,2236.906,283.759
165.000,50,1050.371,1898.516,167.551
165.000,51,1366.643,654.034,568.826
165.000,52,346.551,617.766,214.294
165.000,53,526.563,1091.635,280.641
170.000,0,53.858,934.452,554.880
170.000,1,470.061,901.417,225.062
170.000,2,1024.235,206.956,297.104
170.000,3,958.217,511.389,222.047
170.000,4,1153.099,2239.980,231.628
170.000,5,46.134,854.625,569.502
170.000,6,276.522,778.475,453.834
170.000,7,707.709,299.137,382.769
170.000,8,701.679,2002.115,148.511
170.000,9,263.693,635.894,206.714
170.000,10,162.769,798.374,292.738
170.000,11,425.008,181.850,120.270
170.000,12,15.560,563.680,131.807
170.000,13,519.370,1524.935,471.732
170.000,14,688.751,205.550,342.880
170.000,15,172.021,358.586,377.587
170.000,16,106.705,1325.172,569.374
170.000,17,1260.687,1136.371,177.515
170.000,18,516.032,1237.967,337.975
170.000,19,1374.979,948.351,374.709
170.000,20,657.034,1349.211,498.695
170.000,21,1344.573,1536.013,502.961
170.000,22,484.633,2128.625,348.554
170.000,23,76.097,368.529,510.339
170.000,24,527.051,1680.983,347.360
170.000,25,1199.126,1889.610,418.379
170.000,26,1128.142,1608.325,393.535
170.000,27,456.515,540.042,327.331
170.000,28,1100.328,799.125,241.748
170.000,29,1303.929,1443.040,172.295
170.000,30,1381.038,756.090,323.166
170.000,31,1377.245,1997.906,296.730
170.000,32,911.662,1564.129,309.202
170.000,33,1109.298,992.061,362.023
170.000,34,235.805,1799.284,398.786
170.000,35,946.628,1519.278,453.360
170.000,36,791.658,303.949,217.090
170.000,37,417.474,1675.308,290.722
170.000,38,646.906,1444.411,161.771
170.000,39,693.610,2035.826,356.365
170.000,40,1324.533,1434.674,290.492
170.000,41,860.618,1467.785,579.448
170.000,42,812.232,39.222,395.074
170.000,43,878.246,1697.780,251.557
170.000,44,579.742,999.630,446.999
170.000,45,1123.178,1173.131,389.207
170.000,46,1211.059,1880.800,489.628
170.000,47,882.272,2169.181,135.947
170.000,48,536.169,468.355,408.728
170.000,49,879.205,2236.297,279.647
170.000,50,1011.507,1782.681,167.571
170.000,51,1326.525,719.526,570.838
170.000,52,224.659,665.064,209.264
170.000,53,549.447,1205.707,284.260
175.000,0,126.719,940.755,552.151
175.000,1,501.241,1034.131,220.358
175.000,2,956.515,271.882,292.236
175.000,3,818.699,549.739,225.160
175.000,4,1274.318,2253.938,227.398
175.000,5,2.371,768.356,563.466
175.000,6,402.145,857.109,446.868
175.000,7,698.167,431.582,386.239
175.000,8,828.214,1971.645,145.998
175.000,9,295.671,713.172,202.144
175.000,10,291.320,728.875,297.398
175.000,11,406.643,264.998,120.470
175.000,12,1.163,426.268,130.115
175.000,13,473.082,1450.429,467.959
175.000,14,672.315,68.688,347.000
175.000,15,73.580,333.495,378.183
175.000,16,11.718,1355.692,571.032
175.000,17,1135.639,1076.193,175.604
175.000,18,443.525,1255.677,337.565
175.000,19,1371.232,830.770,370.646
175.000,20,614.974,1492.066,495.929
175.000,21,1324.461,1556.601,504.339
175.000,22,418.833,2194.276,346.370
175.000,23,121.659,494.159,516.306
175.000,24,456.778,1734.501,350.494
175.000,25,1111.511,1909.295,422.520
175.000,26,1026.772,1629.255,397.391
175.000,27,406.792,597.720,324.457
175.000,28,1066.743,880.286,245.195
175.000,29,1173.574,1429.772,172.011
175.000,30,1362.475,888.494,321.813
175.000,31,1254.236,1959.112,300.812
175.000,32,939.691,1483.241,309.977
175.000,33,1203.924,1066.158,367.735
175.000,34,130.084,1882.672,405.824
175.000,35,939.155,1655.426,453.660
175.000,36,661.849,358.157,219.774
175.000,37,399.378,1594.222,290.853
175.000,38,622.248,1562.262,159.209
175.000,39,719.718,2140.291,353.461
175.000,40,1358.999,1343.143,288.321
175.000,41,804.257,1340.832,582.455
175.000,42,883.598,55.188,394.861
175.000,43,958.588,1735.603,256.033
175.000,44,612.131,1138.017,444.932
175.000,45,1072.723,1038.442,388.443
175.000,46,1230.512,1991.641,488.807
175.000,47,837.487,2229.162,140.724
175.000,48,534.530,555.988,412.976
175.000,49,850.499,2161.215,277.555
175.000,50,949.328,1675.783,168.033
175.000,51,1249.057,788.817,572.167
175.000,52,99.792,691.039,204.224
175.000,53,561.653,1317.927,288.411
180.000,0,207.881,949.622,548.622
180.000,1,560.821,1160.823,214.919
180.000,2,894.338,331.575,286.976
180.000,3,690.948,613.454,233.254
180.000,4,1371.804,2262.032,220.979
180.000,5,43.497,683.115,561.317
180.000,6,529.000,928.328,444.198
180.000,7,683.136,563.004,384.102
180.000,8,951.479,1932.940,147.194
180.000,9,324.979,792.755,200.388
180.000,10,404.383,645.383,297.703
180.000,11,415.904,346.986,118.879
180.000,12,19.971,291.166,130.367
180.000,13,438.155,1369.429,467.607
180.000,14,688.770,74.061,352.755
180.000,15,33.755,312.905,377.014
180.000,16,89.048,1382.637,573.943
180.000,17,1029.192,996.300,174.958
180.000,18,368.365,1272.667,337.265
180.000,19,1327.684,714.745,367.198
180.000,20,539.924,1606.021,494.556
180.000,21,1211.069,1563.386,506.989
180.000,22,359.523,2257.403,344.897
180.000,23,159.619,627.143,522.635
180.000,24,381.336,1790.487,352.179
180.000,25,1024.509,1938.849,426.182
180.000,26,913.876,1631.615,400.419
180.000,27,352.708,649.561,321.550
180.000,28,1036.092,951.542,246.361
180.000,29,1047.442,1395.250,171.819
180.000,30,1370.942,1024.898,323.076
180.000,31,1125.752,1953.584,300.290
180.000,32,949.213,1399.996,312.343
180.000,33,1303.453,1130.982,370.566
180.000,34,16.084,1951.165,414.178
180.000,35,963.502,1787.089,454.417
180.000,36,524.590,401.642,225.104
180.000,37,387.970,1513.866,293.926
180.000,38,608.932,1686.942,156.819
180.000,39,733.049,2253.832,351.204
180.000,40,1348.812,1264.693,282.929
180.000,41,756.468,1197.404,583.229
180.000,42,951.627,79.818,394.994
180.000,43,1040.549,1780.187,260.576
180.000,44,630.934,1277.868,438.615
180.000,45,1023.319,914.241,390.763
180.000,46,1255.481,2103.324,492.449
180.000,47,788.833,2092.642,140.302
180.000,48,547.425,630.073,414.675
180.000,49,835.944,2086.323,274.030
180.000,50,894.010,1565.426,167.397
180.000,51,1177.730,855.833,572.840
180.000,52,43.574,710.555,195.988
180.000,53,595.279,1433.932,294.488
185.000,0,283.102,943.924,545.963
185.000,1,621.179,1289.473,207.385
185.000,2,830.848,390.392,283.406
185.000,3,560.500,657.924,240.294
185.000,4,1259.237,2227.467,216.303
185.000,5,99.620,599.603,557.114
185.000,6,663.007,989.396,438.729
185.000,7,677.647,688.654,384.063
185.000,8,1081.316,1899.439,147.263
185.000,9,356.139,877.580,196.641
185.000,10,535.386,587.306,300.870
185.000,11,419.064,430.192,118.899
185.000,12,22.487,158.861,130.896
185.000,13,400.901,1295.408,465.566
185.000,14,684.187,204.259,359.280
185.000,15,131.048,307.649,378.775
185.000,16,178.026,1431.568,577.376
185.000,17,917.349,910.322,173.964
185.000,18,297.097,1288.001,336.808
185.000,19,1310.121,591.009,362.258
185.000,20,501.673,1743.613,492.181
185.000,21,1098.222,1560.713,508.539
185.000,22,286.163,2242.200,344.046
185.000,23,206.876,751.090,528.396
185.000,24,298.872,1830.361,357.970
185.000,25,942.519,1969.272,429.623
185.000,26,803.102,1619.115,402.317
185.000,27,304.169,708.541,317.780
185.000,28,1002.129,1036.206,247.599
185.000,29,913.463,1369.306,170.289
185.000,30,1332.117,1156.854,323.119
185.000,31,996.710,1920.102,301.494
185.000,32,960.288,1322.977,313.993
185.000,33,1363.235,1208.367,377.316
185.000,34,110.687,2019.142,420.986
185.000,35,960.431,1917.240,453.606
185.000,36,387.397,443.374,227.535
185.000,37,385.880,1429.066,297.164
185.000,38,600.513,1818.611,154.853
185.000,39,755.713,2187.046,348.755
185.000,40,1299.089,1177.603,278.625
185.000,41,709.307,1060.077,582.037
185.000,42,1022.341,90.621,394.440
185.000,43,1113.951,1838.632,263.995
185.000,44,633.830,1419.238,434.684
185.000,45,985.513,780.735,390.441
185.000,46,1250.130,2205.350,493.121
185.000,47,762.031,1954.325,146.641
185.000,48,571.320,709.617,417.694
185.000,49,805.305,2016.323,271.500
185.000,50,817.008,1476.638,169.607
185.000,51,1095.684,915.720,574.923
185.000,52,171.974,717.251,188.995
185.000,53,640.708,1533.844,302.410
190.000,0,352.770,947.137,541.668
190.000,1,692.181,1416.996,200.549
190.000,2,768.962,445.768,278.499
190.000,3,422.028,703.486,244.372
190.000,4,1139.928,2209.661,212.267
190.000,5,156.460,522.638,551.454
190.000,6,780.567,1078.636,432.977
190.000,7,656.870,820.016,386.213
190.000,8,1218.287,1878.586,145.754
190.000,9,379.213,957.493,193.644
190.000,10,656.889,514.436,304.138
190.000,11,414.088,514.914,117.249
190.000,12,52.551,32.968,132.095
190.000,13,376.104,1212.046,462.689
190.000,14,668.584,346.025,362.196
190.000,15,234.190,305.025,381.079
190.000,16,270.572,1462.420,577.884
190.000,17,813.938,817.200,169.953
190.000,18,222.606,1311.849,336.013
190.000,19,1271.860,464.474,356.773
190.000,20,459.559,1881.895,487.124
190.000,21,991.215,1564.544,509.149
190.000,22,211.668,2188.338,343.036
190.000,23,276.175,866.496,534.466
190.000,24,203.767,1861.558,363.366
190.000,25,852.297,1981.441,435.345
190.000,26,692.256,1606.142,401.703
190.000,27,247.362,760.507,314.137
190.000,28,977.061,1114.597,248.810
190.000,29,795.605,1302.037,167.846
190.000,30,1305.629,1290.166,325.940
190.000,31,877.282,1862.469,307.425
190.000,32,957.668,1248.495,316.602
190.000,33,1267.281,1269.211,380.549
190.000,34,215.603,2098.672,424.450
190.000,35,939.366,2049.420,454.317
190.000,36,260.965,509.144,230.349
190.000,37,371.996,1342.184,300.753
190.000,38,622.408,1942.440,152.330
190.000,39,759.048,2077.504,345.327
190.000,40,1253.471,1093.029,273.799
190.000,41,633.512,932.216,581.676
190.000,42,1093.997,112.256,394.088
190.000,43,1189.800,1873.959,266.903
190.000,44,645.794,1562.234,427.082
190.000,45,940.164,646.454,388.507
190.000,46,1266.383,2228.673,494.870
190.000,47,701.347,1818.881,150.118
190.000,48,581.042,789.497,419.874
190.000,49,780.947,1935.131,270.813
190.000,50,763.499,1368.328,172.512
190.000,51,1031.091,996.290,574.895
190.000,52,294.517,748.948,183.916
190.000,53,669.976,1645.373,306.967
195.000,0,429.736,948.963,539.316
195.000,1,745.471,1539.228,195.092
195.000,2,708.032,515.333,273.973
195.000,3,289.327,756.574,248.944
195.000,4,1014.524,2187.896,205.550
195.000,5,206.012,439.003,547.161
195.000,6,915.650,1142.788,423.357
195.000,7,652.072,952.636,385.527
195.000,8,1348.399,1869.740,147.866
195.000,9,405.240,1040.462,190.699
195.000,10,783.377,448.254,305.960
195.000,11,411.756,603.243,117.720
195.000,12,59.633,110.650,134.756
195.000,13,355.992,1127.253,460.573
195.000,14,644.445,480.107,367.836
195.000,15,338.958,300.849,384.852
195.000,16,358.275,1501.080,579.577
195.000,17,699.964,738.712,167.010
195.000,18,149.192,1341.210,334.273
195.000,19,1266.460,343.971,348.965
195.000,20,384.214,1997.286,484.566
195.000,21,880.535,1577.169,509.271
195.000,22,138.478,2129.913,342.792
195.000,23,355.601,968.109,539.024
195.000,24,112.162,1904.967,367.707
195.000,25,764.457,2006.012,438.391
195.000,26,578.680,1603.003,403.218
195.000,27,186.084,807.206,310.454
195.000,28,944.465,1191.906,252.650
195.000,29,670.240,1271.427,166.612
195.000,30,1306.357,1427.682,328.052
195.000,31,753.404,1799.937,312.836
195.000,32,972.445,1164.217,317.172
195.000,33,1181.366,1355.502,385.137
195.000,34,333.652,2165.158,432.304
195.000,35,933.755,2183.020,451.969
195.000,36,133.974,573.108,231.890
195.000,37,366.554,1250.426,302.422
195.000,38,595.842,2067.784,152.133
195.000,39,781.121,1969.095,342.098
195.000,40,1200.396,1013.345,270.807
195.000,41,597.187,791.487,581.326
195.000,42,1167.130,127.846,394.142
195.000,43,1275.473,1906.290,272.474
195.000,44,693.846,1700.967,421.349
195.000,45,884.966,512.332,388.113
195.000,46,1272.625,2121.525,495.825
195.000,47,642.694,1689.637,154.927
195.000,48,580.116,867.043,421.600
195.000,49,750.603,1860.547,268.193
195.000,50,729.357,1256.658,173.560
195.000,51,950.303,1055.327,577.635
195.000,52,415.433,794.578,178.371
195.000,53,695.302,1764.272,312.001
200.000,0,504.290,957.236,537.093
200.000,1,837.992,1650.309,190.080
200.000,2,654.437,581.194,267.817
200.000,3,151.826,789.794,255.570
200.000,4,884.481,2186.003,201.369
200.000,5,269.483,360.418,543.261
200.000,6,1052.715,1195.443,417.740
200.000,7,616.196,1072.985,385.790
200.000,8,1300.649,1831.165,147.048
200.000,9,450.886,1114.154,188.654
200.000,10,909.974,384.074,309.727
200.000,11,415.577,690.105,116.693
200.000,12,68.905,241.154,132.740
200.000,13,327.044,1042.346,458.492
200.000,14,628.127,611.522,372.587
200.000,15,452.495,290.535,388.647
200.000,16,441.568,1554.198,579.747
200.000,17,585.201,663.744,160.889
200.000,18,77.773,1364.026,333.418
200.000,19,1281.924,224.385,344.657
200.000,20,281.271,2096.027,485.888
200.000,21,770.634,1595.015,508.842
200.000,22,60.917,2086.823,342.408
200.000,23,418.019,1091.309,546.471
200.000,24,34.072,1957.133,371.085
200.000,25,678.856,2029.391,441.795
200.000,26,467.965,1608.804,405.334
200.000,27,130.791,856.347,307.564
200.000,28,915.267,1270.471,255.686
200.000,29,548.865,1234.895,163.015
200.000,30,1316.843,1565.858,326.363
200.000,31,627.332,1753.790,316.125
200.000,32,992.818,1091.713,319.301
200.000,33,1091.780,1417.491,391.499
200.000,34,451.292,2226.482,437.972
200.000,35,939.292,2233.394,450.196
200.000,36,12.481,631.935,233.811
200.000,37,335.779,1170.911,304.508
200.000,38,563.407,2193.145,150.706
200.000,39,808.179,1868.942,338.074
200.000,40,1156.462,935.019,266.365
200.000,41,571.792,652.336,580.187
200.000,42,1240.872,146.251,394.336
200.000,43,1354.924,1935.440,274.782
200.000,44,721.669,1837.216,417.877
200.000,45,832.366,385.177,388.156
200.000,46,1287.673,2010.881,495.817
200.000,47,589.373,1555.900,161.453
200.000,48,578.666,953.063,421.425
200.000,49,717.767,1789.213,265.836
200.000,50,654.061,1166.789,174.802
200.000,51,867.574,1108.750,582.125
200.000,52,534.404,847.576,172.844
200.000,53,720.321,1878.558,315.277
205.000,0,577.690,934.585,534.613
205.000,1,892.487,1770.603,181.885
205.000,2,609.649,653.133,264.790
205.000,3,9.865,812.407,261.686
205.000,4,758.596,2154.821,196.402
205.000,5,325.266,284.417,537.807
205.000,6,1166.596,1286.148,411.772
205.000,7,605.301,1203.779,386.067
205.000,8,1175.074,1800.136,148.013
205.000,9,487.693,1184.376,185.211
205.000,10,1033.102,311.640,313.188
205.000,11,404.654,777.653,115.099
205.000,12,73.976,374.023,132.875
205.000,13,314.179,950.122,455.458
205.000,14,633.643,752.084,377.133
205.000,15,553.326,280.498,390.268
205.000,16,531.298,1596.174,580.705
205.000,17,454.416,611.922,162.218
205.000,18,5.965,1390.763,332.241
205.000,19,1286.671,103.726,340.848
205.000,20,216.070,2220.108,485.797
205.000,21,658.264,1603.188,509.979
205.000,22,26.290,2040.749,340.882
205.000,23,469.200,1215.678,552.220
205.000,24,65.553,1995.685,374.553
205.000,25,592.563,2061.585,442.276
205.000,26,358.515,1603.898,408.138
205.000,27,61.508,901.133,304.421
205.000,28,880.720,1357.936,260.700
205.000,29,422.383,1224.068,165.381
205.000,30,1330.874,1706.795,325.739
205.000,31,493.084,1730.416,320.409
205.000,32,1008.451,1010.653,321.043
205.000,33,1005.080,1493.403,398.242
205.000,34,575.945,2268.808,441.448
205.000,35,980.426,2100.536,451.465
205.000,36,120.919,681.037,238.252
205.000,37,323.883,1090.655,304.888
205.000,38,540.116,2238.295,147.192
205.000,39,825.613,1764.489,335.915
205.000,40,1116.224,849.674,262.148
205.000,41,499.714,523.263,581.183
205.000,42,1315.645,165.714,393.489
205.000,43,1323.888,1966.854,278.534
205.000,44,749.644,1978.649,413.995
205.000,45,777.416,250.955,384.774
205.000,46,1316.837,1903.708,498.114
205.000,47,549.247,1413.625,166.584
205.000,48,594.657,1035.573,423.771
205.000,49,692.829,1709.040,264.291
205.000,50,590.115,1069.875,176.071
205.000,51,783.890,1174.868,582.728
205.000,52,655.594,888.800,166.528
205.000,53,727.318,1998.792,319.750
210.000,0,645.187,923.142,531.563
210.000,1,963.974,1897.938,173.965
210.000,2,550.628,709.704,261.749
210.000,3,145.797,830.491,268.904
210.000,4,634.859,2133.131,191.574
210.000,5,390.291,216.923,532.405
210.000,6,1291.142,1366.864,403.919
210.000,7,641.304,1327.455,388.159
210.000,8,1050.949,1752.810,149.665
210.000,9,518.934,1254.718,182.693
210.000,10,1159.106,257.863,321.567
210.000,11,405.552,863.003,116.204
210.000,12,86.734,505.165,135.609
210.000,13,285.112,867.935,452.886
210.000,14,645.441,893.710,384.846
210.000,15,657.888,274.947,392.382
210.000,16,623.166,1645.079,579.911
210.000,17,329.481,544.387,161.632
210.000,18,82.779,1407.136,330.638
210.000,19,1264.187,28.245,337.728
210.000,20,145.912,2219.195,485.237
210.000,21,555.550,1612.237,511.233
210.000,22,92.584,1988.083,339.455
210.000,23,555.150,1313.554,558.685
210.000,24,148.705,2038.324,378.501
210.000,25,509.913,2092.966,446.319
210.000,26,251.803,1605.690,410.687
210.000,27,3.717,956.796,301.091
210.000,28,854.882,1444.612,262.351
210.000,29,294.069,1193.059,165.412
210.000,30,1320.388,1845.521,324.502
210.000,31,369.115,1700.360,325.351
210.000,32,1029.682,936.194,323.063
210.000,33,923.782,1566.974,403.428
210.000,34,702.993,2213.395,447.759
210.000,35,966.188,1968.075,451.234
210.000,36,252.400,721.810,241.891
210.000,37,304.690,1013.046,306.418
210.000,38,532.330,2112.240,148.789
210.000,39,837.054,1658.080,334.772
210.000,40,1079.835,764.762,256.689
210.000,41,438.306,387.406,581.251
210.000,42,1376.022,193.543,394.431
210.000,43,1237.318,1986.735,282.268
210.000,44,724.714,2125.220,407.353
210.000,45,749.766,117.641,382.423
210.000,46,1335.646,1803.020,501.077
210.000,47,511.041,1268.959,170.468
210.000,48,606.586,1112.828,427.529
210.000,49,660.929,1638.696,262.270
210.000,50,528.407,964.142,177.691
210.000,51,702.851,1230.886,583.499
210.000,52,776.554,947.155,158.062
210.000,53,731.567,2114.792,327.110
215.000,0,718.922,923.182,529.558
215.000,1,1033.226,2021.062,171.694
215.000,2,494.076,777.975,256.732
215.000,3,297.856,859.494,272.946
215.000,4,507.391,2103.180,186.807
215.000,5,444.025,142.118,527.024
215.000,6,1361.487,1455.866,398.947
215.000,7,664.759,1458.503,388.502
215.000,8,923.501,1736.275,153.210
215.000,9,540.585,1338.706,178.361
215.000,10,1289.798,208.767,326.035
215.000,11,415.050,946.872,115.037
215.000,12,111.219,634.104,136.058
215.000,13,249.489,785.999,450.575
215.000,14,643.647,1030.853,386.908
215.000,15,753.328,260.158,394.464
215.000,16,718.425,1683.738,581.134
215.000,17,204.451,499.182,158.849
215.000,18,154.808,1437.715,328.930
215.000,19,1230.408,145.167,334.238
215.000,20,63.917,2109.025,486.988
215.000,21,448.445,1632.976,511.512
215.000,22,164.241,1941.566,338.597
215.000,23,609.434,1429.137,563.081
215.000,24,229.071,2091.368,383.543
215.000,25,419.355,2118.150,451.272
215.000,26,145.657,1632.085,412.971
215.000,27,72.416,997.039,298.727
215.000,28,821.512,1530.414,265.085
215.000,29,167.080,1182.437,163.980
215.000,30,1315.660,1977.167,324.614
215.000,31,239.796,1685.822,326.507
215.000,32,1050.469,854.451,325.717
215.000,33,831.505,1634.527,408.994
215.000,34,809.516,2120.133,451.583
215.000,35,943.344,1845.301,449.294
215.000,36,374.595,787.663,244.825
215.000,37,288.057,926.860,307.541
215.000,38,504.408,1997.566,145.779
215.000,39,868.631,1552.475,332.766
215.000,40,1038.720,673.892,250.667
215.000,41,381.515,255.483,581.156
215.000,42,1307.402,219.304,393.865
215.000,43,1160.078,2031.922,285.859
215.000,44,766.348,2272.363,402.109
215.000,45,717.458,39.630,378.931
215.000,46,1363.695,1704.713,501.974
215.000,47,473.605,1123.520,173.327
215.000,48,618.968,1191.483,430.162
215.000,49,632.497,1563.603,260.041
215.000,50,467.024,863.828,179.711
215.000,51,638.047,1306.870,584.149
215.000,52,898.331,984.834,151.685
215.000,53,762.495,2224.422,332.223
220.000,0,794.626,930.292,525.801
220.000,1,1108.316,2138.049,166.833
220.000,2,452.442,848.432,253.663
220.000,3,445.226,883.833,280.450
220.000,4,392.067,2059.121,181.509
220.000,5,505.654,66.392,521.443
220.000,6,1228.200,1516.991,392.404
220.000,7,642.792,1587.812,387.154
220.000,8,795.616,1719.102,156.383
220.000,9,570.422,1426.924,173.337
220.000,10,1361.942,144.744,330.435
220.000,11,421.689,1030.031,113.730
220.000,12,86.242,765.459,137.969
220.000,13,200.351,702.466,447.059
220.000,14,642.079,1174.745,390.672
220.000,15,844.143,225.518,393.160
220.000,16,808.952,1730.742,583.279
220.000,17,79.906,457.606,159.656
220.000,18,228.901,1465.841,327.914
220.000,19,1225.330,260.513,328.975
220.000,20,17.839,1987.124,486.298
220.000,21,344.373,1624.485,512.711
220.000,22,251.939,1906.440,335.288
220.000,23,666.081,1555.875,568.258
220.000,24,308.659,2142.950,387.169
220.000,25,330.199,2145.316,455.453
220.000,26,33.916,1642.233,412.721
220.000,27,138.373,1045.319,296.159
220.000,28,803.772,1620.901,268.104
220.000,29,39.423,1166.423,162.897
220.000,30,1291.415,2112.793,322.996
220.000,31,104.620,1657.718,330.722
220.000,32,1073.229,776.746,328.478
220.000,33,734.022,1702.221,416.331
220.000,34,915.173,2035.569,457.005
220.000,35,935.089,1715.935,446.307
220.000,36,508.940,832.039,249.857
220.000,37,278.015,847.162,310.941
220.000,38,485.948,1872.849,143.379
220.000,39,912.045,1455.900,327.652
220.000,40,977.509,602.783,245.714
220.000,41,316.589,121.052,582.405
220.000,42,1238.464,247.833,393.551
220.000,43,1085.848,2063.640,287.891
220.000,44,771.422,2119.182,395.891
220.000,45,691.334,183.674,379.987
220.000,46,1346.232,1598.747,501.079
220.000,47,409.887,989.338,176.772
220.000,48,631.435,1275.869,434.693
220.000,49,609.258,1485.738,257.615
220.000,50,400.737,767.635,179.107
220.000,51,557.103,1375.724,585.317
220.000,52,1017.741,1051.484,147.100
220.000,53,781.954,2204.446,334.238
225.000,0,869.972,947.360,520.400
225.000,1,1175.594,2257.630,161.946
225.000,2,386.054,910.483,247.923
225.000,3,588.959,907.427,289.035
225.000,4,262.636,2018.344,173.132
225.000,5,555.779,31.057,516.412
225.000,6,1104.033,1588.174,383.396
225.000,7,634.502,1716.487,386.805
225.000,8,665.944,1685.183,157.773
225.000,9,601.234,1507.637,169.571
225.000,10,1225.095,120.530,334.740
225.000,11,417.853,1108.835,112.830
225.000,12,103.090,902.613,136.970
225.000,13,172.605,617.505,443.617
225.000,14,619.684,1303.445,395.959
225.000,15,945.046,222.691,393.588
225.000,16,901.935,1762.287,584.276
225.000,17,56.079,388.551,158.590
225.000,18,301.289,1491.801,326.052
225.000,19,1201.423,375.262,322.421
225.000,20,59.635,1856.388,486.479
225.000,21,239.570,1617.165,515.885
225.000,22,314.838,1840.359,335.880
225.000,23,724.814,1675.671,574.341
225.000,24,386.529,2186.515,390.648
225.000,25,242.248,2178.974,459.743
225.000,26,99.470,1649.483,412.444
225.000,27,195.086,1097.782,294.807
225.000,28,777.496,1706.287,268.656
225.000,29,92.444,1139.759,163.470
225.000,30,1271.414,2252.156,323.504
225.000,31,48.391,1643.939,335.837
225.000,32,1080.672,696.103,330.173
225.000,33,622.089,1758.994,419.881
225.000,34,1026.783,1970.376,461.401
225.000,35,920.521,1586.079,443.922
225.000,36,636.301,889.025,253.615
225.000,37,256.582,774.655,312.035
225.000,38,470.249,1752.228,140.399
225.000,39,936.689,1357.663,324.873
225.000,40,906.440,531.149,243.242
225.000,41,270.840,36.914,582.299
225.000,42,1166.943,266.591,394.411
225.000,43,1015.771,2120.848,290.757
225.000,44,771.846,1972.230,387.312
225.000,45,641.334,306.996,382.186
225.000,46,1341.291,1489.938,504.705
225.000,47,350.396,857.731,182.567
225.000,48,629.186,1356.101,436.273
225.000,49,584.668,1410.633,254.810
225.000,50,321.789,674.841,177.788
225.000,51,473.108,1431.834,587.153
225.000,52,1141.493,1078.173,147.448
225.000,53,813.009,2098.432,337.463
230.000,0,944.040,936.581,516.155
230.000,1,1251.188,2165.867,158.347
230.000,2,313.026,973.004,242.798
230.000,3,721.490,953.511,293.644
230.000,4,131.045,2012.332,167.170
230.000,5,622.741,97.385,512.812
230.000,6,966.349,1663.026,375.892
230.000,7,604.770,1840.157,388.487
230.000,8,538.981,1679.931,160.065
230.000,9,624.415,1587.745,166.465
230.000,10,1088.051,75.491,338.050
230.000,11,415.433,1192.115,111.788
230.000,12,106.744,1038.474,139.833
230.000,13,137.130,533.509,440.570
230.000,14,626.557,1437.006,400.410
230.000,15,1050.043,205.016,395.635
230.000,16,991.997,1800.197,585.509
230.000,17,170.325,294.932,158.001
230.000,18,372.937,1520.628,325.372
230.000,19,1192.375,498.832,316.320
230.000,20,134.170,1742.736,486.373
230.000,21,134.537,1639.562,516.282
230.000,22,391.819,1782.958,336.413
230.000,23,789.602,1786.386,580.304
230.000,24,481.386,2223.874,394.218
230.000,25,160.995,2189.174,462.033
230.000,26,214.460,1650.728,415.354
230.000,27,259.005,1147.525,289.097
230.000,28,764.395,1782.121,269.929
230.000,29,222.863,1118.604,164.029
230.000,30,1262.085,2140.671,324.134
230.000,31,176.622,1616.098,340.809
230.000,32,1089.041,612.610,331.964
230.000,33,533.031,1833.960,425.422
230.000,34,1152.636,1913.761,468.855
230.000,35,909.322,1451.212,443.056
230.000,36,764.268,933.985,258.893
230.000,37,250.391,687.664,312.617
230.000,38,439.088,1628.912,140.096
230.000,39,943.371,1245.667,320.469
230.000,40,856.807,450.974,237.385
230.000,41,192.404,159.539,581.977
230.000,42,1096.990,297.874,393.966
230.000,43,938.159,2156.092,293.268
230.000,44,785.906,1823.026,383.687
230.000,45,600.957,446.735,379.103
230.000,46,1366.280,1384.656,506.340
230.000,47,291.829,727.139,188.845
230.000,48,640.317,1445.242,440.722
230.000,49,571.217,1335.870,254.616
230.000,50,253.814,578.176,178.393
230.000,51,387.690,1494.880,588.384
230.000,52,1272.813,1114.042,144.906
230.000,53,860.717,1991.067,340.899
235.000,0,1021.494,932.380,512.571
235.000,1,1302.083,2034.440,153.754
235.000,2,252.765,1029.841,241.899
235.000,3,849.543,1006.504,301.046
235.000,4,3.988,2013.053,161.739
235.000,5,678.072,177.691,507.282
235.000,6,836.628,1721.754,367.850
235.000,7,602.960,1962.871,387.544
235.000,8,414.764,1647.593,160.954
235.000,9,646.146,1668.136,162.334
235.000,10,965.275,2.628,340.576
235.000,11,405.771,1275.635,110.695
235.000,12,107.621,1175.504,142.041
235.000,13,96.368,456.548,438.796
235.000,14,625.141,1572.243,404.337
235.000,15,1156.725,177.960,395.875
235.000,16,1082.686,1834.488,586.229
235.000,17,303.715,246.994,156.707
235.000,18,443.197,1558.487,325.882
235.000,19,1198.183,619.518,310.985
235.000,20,206.041,1620.122,486.175
235.000,21,27.092,1654.963,517.280
235.000,22,474.015,1747.479,336.134
235.000,23,864.015,1900.229,586.441
235.000,24,565.726,2275.846,398.077
235.000,25,77.762,2217.908,465.445
235.000,26,330.018,1648.635,419.557
235.000,27,317.912,1196.449,285.051
235.000,28,723.639,1863.785,272.814
235.000,29,354.794,1099.182,164.387
235.000,30,1256.240,2000.309,324.961
235.000,31,308.737,1583.768,342.685
235.000,32,1097.777,531.860,333.698
235.000,33,455.990,1933.862,429.839
235.000,34,1265.160,1845.911,474.215
235.000,35,901.626,1324.779,441.817
235.000,36,888.087,1000.155,264.402
235.000,37,229.421,605.823,314.766
235.000,38,436.070,1505.320,141.180
235.000,39,991.086,1147.406,316.964
235.000,40,799.095,386.012,233.203
235.000,41,145.869,301.976,581.233
235.000,42,1023.434,325.764,395.494
235.000,43,856.017,2199.799,297.438
235.000,44,836.772,1680.397,380.485
235.000,45,581.865,578.134,379.013
235.000,46,1373.856,1280.287,505.879
235.000,47,244.065,588.349,193.791
235.000,48,644.854,1521.258,443.222
235.000,49,537.058,1269.185,254.148
235.000,50,228.931,458.793,178.628
235.000,51,303.325,1557.605,593.006
235.000,52,1370.364,1165.199,138.310
235.000,53,906.767,1888.202,344.766
240.000,0,1095.973,942.844,509.569
240.000,1,1373.625,1909.799,149.025
240.000,2,193.927,1084.428,239.974
240.000,3,985.997,1038.044,308.275
240.000,4,126.291,1974.711,154.575
240.000,5,719.077,262.053,502.922
240.000,6,696.291,1783.407,360.171
240.000,7,629.150,2092.121,388.314
240.000,8,289.873,1588.728,161.047
240.000,9,681.087,1744.851,158.923
240.000,10,844.001,81.516,345.015
240.000,11,391.098,1367.867,108.982
240.000,12,99.602,1312.042,145.363
240.000,13,64.722,376.549,434.235
240.000,14,605.496,1709.257,409.666
240.000,15,1259.141,159.458,395.292
240.000,16,1171.246,1880.670,588.689
240.000,17,406.788,163.418,154.841
240.000,18,517.473,1569.344,323.740
240.000,19,1183.393,742.843,305.494
240.000,20,265.666,1488.993,489.003
240.000,21,92.573,1660.005,518.179
240.000,22,553.802,1693.589,335.115
240.000,23,917.243,2019.330,592.087
240.000,24,664.428,2257.574,401.735
240.000,25,23.729,2215.937,468.003
240.000,26,445.112,1665.357,419.893
240.000,27,375.463,1245.103,283.364
240.000,28,689.968,1945.899,275.982
240.000,29,480.019,1062.357,164.230
240.000,30,1239.343,1863.708,325.172
240.000,31,447.834,1572.046,346.987
240.000,32,1115.955,454.857,336.654
240.000,33,363.930,2017.243,434.430
240.000,34,1379.026,1782.672,482.599
240.000,35,909.479,1195.287,439.727
240.000,36,1029.011,1031.960,265.464
240.000,37,218.685,523.956,316.566
240.000,38,427.082,1380.185,137.225
240.000,39,1025.002,1047.805,314.570
240.000,40,746.741,307.726,229.981
240.000,41,83.318,439.467,581.227
240.000,42,954.681,352.165,396.859
240.000,43,781.180,2242.067,302.156
240.000,44,822.268,1530.790,369.318
240.000,45,544.843,707.515,376.580
240.000,46,1381.067,1164.871,505.990
240.000,47,222.306,445.088,194.980
240.000,48,669.972,1601.548,445.705
240.000,49,518.188,1191.565,251.484
240.000,50,171.289,348.266,182.379
240.000,51,222.160,1626.832,596.216
240.000,52,1239.295,1183.753,136.021
240.000,53,937.597,1779.636,346.361
245.000,0,1166.644,938.481,507.470
245.000,1,1349.628,1777.285,146.382
245.000,2,123.595,1135.223,238.684
245.000,3,1124.807,1059.066,313.919
245.000,4,253.438,1959.848,148.971
245.000,5,773.602,347.236,497.870
245.000,6,571.200,1857.015,355.075
245.000,7,640.685,2219.956,386.269
245.000,8,159.990,1558.589,165.057
245.000,9,700.683,1828.298,157.897
245.000,10,709.213,106.193,346.563
245.000,11,391.314,1454.257,109.020
245.000,12,82.915,1446.289,146.867
245.000,13,26.762,297.524,432.148
245.000,14,587.891,1852.148,415.800
245.000,15,1352.775,160.857,396.867
245.000,16,1267.902,1898.811,589.187
245.000,17,500.647,64.268,154.032
245.000,18,587.501,1596.075,322.025
245.000,19,1162.224,861.508,300.727
245.000,20,326.702,1364.287,488.966
245.000,21,204.062,1662.911,517.160
245.000,22,619.958,1634.090,333.272
245.000,23,972.496,2136.203,599.767
245.000,24,740.804,2205.753,405.820
245.000,25,109.836,2239.144,473.765
245.000,26,561.450,1681.292,421.291
245.000,27,425.627,1297.069,281.095
245.000,28,677.168,2033.855,275.713
245.000,29,605.455,1024.103,164.041
245.000,30,1211.991,1734.277,325.265
245.000,31,578.099,1521.438,348.263
245.000,32,1142.495,378.834,339.091
245.000,33,271.433,2089.907,437.309
245.000,34,1260.532,1714.321,489.596
245.000,35,901.654,1063.160,438.682
245.000,36,1150.598,1102.820,268.072
245.000,37,197.985,445.291,319.874
245.000,38,399.941,1253.993,134.220
245.000,39,1037.133,940.309,311.000
245.000,40,695.426,215.717,223.523
245.000,41,36.840,581.633,587.451
245.000,42,895.061,385.273,396.637
245.000,43,703.408,2266.367,305.394
245.000,44,826.238,1383.392,360.893
245.000,45,499.700,838.949,374.132
245.000,46,1366.385,1057.119,508.382
245.000,47,209.888,296.222,196.723
245.000,48,689.539,1684.073,450.169
245.000,49,489.276,1114.063,250.150
245.000,50,120.614,235.177,181.832
245.000,51,156.899,1701.747,597.917
245.000,52,1110.772,1218.053,131.201
245.000,53,997.061,1684.136,349.887
250.000,0,1240.927,951.183,502.965
250.000,1,1294.284,1645.074,142.338
250.000,2,72.354,1201.228,236.267
250.000,3,1267.078,1088.736,322.436
250.000,4,379.676,1953.436,144.464
250.000,5,808.181,445.647,492.933
250.000,6,438.429,1928.198,348.065
250.000,7,659.849,2214.374,383.505
250.000,8,41.399,1519.073,169.008
250.000,9,737.581,1903.503,154.110
250.000,10,582.095,169.301,351.152
250.000,11,390.529,1536.735,108.019
250.000,12,101.087,1577.937,149.903
250.000,13,2.214,214.792,431.460
250.000,14,591.190,1991.345,423.093
250.000,15,1306.440,143.933,398.519
250.000,16,1361.853,1944.400,592.103
250.000,17,638.356,21.244,153.567
250.000,18,660.410,1619.668,321.278
250.000,19,1140.596,976.029,295.818
250.000,20,397.800,1240.770,489.765
250.000,21,310.382,1667.449,518.728
250.000,22,698.849,1583.547,330.796
250.000,23,1061.452,2235.648,592.531
250.000,24,814.281,2152.289,409.153
250.000,25,197.404,2268.424,478.388
250.000,26,675.752,1680.051,423.702
250.000,27,493.053,1336.545,276.032
250.000,28,649.205,2116.129,276.176
250.000,29,728.276,981.373,161.494
250.000,30,1211.391,1603.025,325.752
250.000,31,703.861,1486.246,351.600
250.000,32,1158.216,302.916,340.391
250.000,33,174.330,2165.030,439.795
250.000,34,1138.826,1643.214,497.219
250.000,35,904.255,929.338,439.888
250.000,36,1276.807,1169.891,271.326
250.000,37,171.101,367.745,321.319
250.000,38,390.023,1124.644,131.477
250.000,39,1086.375,850.600,309.249
250.000,40,638.551,143.226,221.063
250.000,41,1.633,724.067,588.465
250.000,42,821.564,401.387,397.346
250.000,43,622.475,2228.053,307.131
250.000,44,829.522,1234.632,353.638
250.000,45,474.184,979.814,371.125
250.000,46,1339.121,951.737,509.713
250.000,47,173.993,152.463,199.617
250.000,48,685.416,1764.335,450.774
250.000,49,451.587,1040.547,247.414
250.000,50,86.770,116.129,183.595
250.000,51,89.285,1780.918,598.485
250.000,52,983.768,1238.789,126.351
250.000,53,1020.320,1573.425,354.331
255.000,0,1314.841,955.475,500.555
255.000,1,1251.789,1509.242,133.746
255.000,2,25.172,1271.550,233.681
255.000,3,1373.215,1130.967,331.496
255.000,4,506.643,1945.444,138.804
255.000,5,861.552,524.635,488.580
255.000,6,313.989,2007.481,341.992
255.000,7,657.306,2086.780,382.551
255.000,8,94.439,1475.605,171.682
255.000,9,742.261,1987.030,151.713
255.000,10,451.086,217.387,356.159
255.000,11,388.422,1624.392,108.513
255.000,12,117.677,1707.168,152.443
255.000,13,19.581,131.135,430.772
255.000,14,616.817,2130.038,429.119
255.000,15,1210.869,129.661,399.125
255.000,16,1316.235,1985.314,594.029
255.000,17,767.900,15.123,151.316
255.000,18,725.381,1638.445,319.748
255.000,19,1136.113,1101.196,290.231
255.000,20,461.644,1113.546,488.599
255.000,21,419.024,1686.689,520.726
255.000,22,759.669,1513.764,329.082
255.000,23,1138.215,2210.782,585.849
255.000,24,894.560,2104.872,413.634
255.000,25,285.821,2276.983,481.433
255.000,26,786.918,1711.668,428.747
255.000,27,558.267,1380.221,271.725
255.000,28,617.488,2197.258,277.447
255.000,29,856.539,978.555,158.071
255.000,30,1193.841,1468.684,327.332
255.000,31,825.429,1464.268,355.105
255.000,32,1190.700,226.561,341.956
255.000,33,83.694,2239.336,441.864
255.000,34,1022.111,1571.980,502.847
255.000,35,889.595,795.197,440.801
255.000,36,1350.753,1219.003,276.065
255.000,37,146.631,289.783,325.860
255.000,38,387.067,1000.376,130.434
255.000,39,1112.947,745.725,306.245
255.000,40,590.262,63.369,218.898
255.000,41,38.982,870.065,590.406
255.000,42,752.928,436.955,399.750
255.000,43,538.460,2193.275,310.111
255.000,44,863.429,1085.257,347.616
255.000,45,436.655,1120.970,369.092
255.000,46,1312.855,849.582,512.709
255.000,47,111.195,17.866,204.966
255.000,48,687.552,1845.233,451.945
255.000,49,434.457,956.884,245.624
255.000,50,34.256,8.115,184.455
255.000,51,14.028,1848.026,597.883
255.000,52,857.249,1271.588,121.077
255.000,53,1033.203,1459.701,358.278
260.000,0,1377.890,965.890,498.037
260.000,1,1175.088,1399.467,127.188
260.000,2,40.533,1338.224,229.396
260.000,3,1226.771,1143.504,338.873
260.000,4,638.847,1917.752,135.650
260.000,5,918.580,603.226,484.384
260.000,6,185.079,2084.787,334.063
260.000,7,639.748,1951.251,384.458
260.000,8,229.458,1442.712,171.781
260.000,9,762.777,2070.669,147.288
260.000,10,320.700,272.794,360.116
260.000,11,392.026,1703.665,107.566
260.000,12,150.932,1842.450,151.757
260.000,13,38.142,47.297,428.456
260.000,14,623.673,2264.542,434.710
260.000,15,1106.938,109.595,399.179
260.000,16,1224.423,2018.530,597.167
260.000,17,885.338,80.856,150.823
260.000,18,799.896,1670.446,319.875
260.000,19,1118.792,1219.004,287.287
260.000,20,525.224,998.250,488.175
260.000,21,521.831,1702.800,522.185
260.000,22,833.605,1461.930,327.750
260.000,23,1214.440,2096.961,578.417
260.000,24,981.126,2052.788,414.633
260.000,25,371.467,2253.581,483.582
260.000,26,897.825,1724.264,429.391
260.000,27,625.446,1423.011,268.321
260.000,28,586.846,2269.276,278.113
260.000,29,986.654,970.549,157.971
260.000,30,1181.215,1334.629,328.298
260.000,31,956.549,1432.290,357.925
260.000,32,1224.153,153.903,343.696
260.000,33,20.962,2251.130,446.307
260.000,34,903.362,1504.343,509.630
260.000,35,872.992,666.665,438.557
260.000,36,1229.675,1295.025,277.043
260.000,37,119.634,205.672,328.297
260.000,38,375.030,872.708,129.716
260.000,39,1136.680,637.026,304.293
260.000,40,529.106,12.458,216.787
260.000,41,95.438,1004.245,592.731
260.000,42,682.065,455.227,400.785
260.000,43,461.485,2158.422,314.081
260.000,44,858.865,947.149,340.993
260.000,45,402.206,1254.862,367.493
260.000,46,1302.785,747.514,513.965
260.000,47,70.711,131.115,205.439
260.000,48,709.686,1923.739,455.742
260.000,49,418.560,885.290,244.628
260.000,50,5.009,124.185,185.778
260.000,51,81.333,1909.027,596.381
260.000,52,727.689,1285.013,115.527
260.000,53,1061.652,1349.406,362.353
265.000,0,1303.253,958.036,495.147
265.000,1,1117.132,1264.795,118.632
265.000,2,108.419,1387.861,227.430
265.000,3,1083.423,1170.674,347.984
265.000,4,768.273,1912.870,128.743
265.000,5,955.203,689.433,478.061
265.000,6,52.132,2161.083,326.250
265.000,7,646.847,1819.489,383.870
265.000,8,361.111,1422.436,169.747
265.000,9,793.343,2151.128,142.558
265.000,10,200.063,337.037,361.788
265.000,11,384.685,1793.170,107.797
265.000,12,180.664,1975.666,153.383
265.000,13,68.726,50.241,426.852
265.000,14,628.542,2158.470,440.647
265.000,15,1016.442,81.167,401.096
265.000,16,1135.164,2067.035,599.397
265.000,17,1005.369,133.379,149.020
265.000,18,876.529,1698.634,319.421
265.000,19,1093.110,1329.723,282.329
265.000,20,604.332,884.583,488.623
265.000,21,620.845,1739.600,523.815
265.000,22,905.024,1405.711,324.686
265.000,23,1257.206,1971.053,572.294
265.000,24,1067.679,2005.242,419.118
265.000,25,459.494,2236.871,487.616
265.000,26,1010.870,1743.756,432.300
265.000,27,690.612,1471.224,264.473
265.000,28,558.546,2181.409,279.967
265.000,29,1117.652,957.587,155.518
265.000,30,1177.899,1196.637,327.796
265.000,31,1088.601,1400.123,362.635
265.000,32,1248.970,77.044,346.396
265.000,33,101.326,2162.001,451.472
265.000,34,795.240,1422.612,517.197
265.000,35,874.758,535.337,439.967
265.000,36,1102.574,1351.881,282.004
265.000,37,103.621,123.089,331.191
265.000,38,367.706,745.728,125.345
265.000,39,1163.337,533.565,303.148
265.000,40,486.359,100.732,213.153
265.000,41,142.757,1146.909,596.114
265.000,42,614.510,484.814,401.199
265.000,43,387.009,2131.478,319.346
265.000,44,852.013,801.558,337.460
265.000,45,351.888,1382.174,367.045
265.000,46,1294.994,645.699,515.906
265.000,47,27.326,263.484,207.652
265.000,48,717.369,2003.119,458.041
265.000,49,395.281,811.320,242.364
265.000,50,42.849,233.822,187.977
265.000,51,156.362,1979.999,594.881
265.000,52,601.893,1297.065,110.844
265.000,53,1095.068,1236.484,367.049
270.000,0,1226.619,955.911,493.938
270.000,1,1047.305,1136.645,109.781
270.000,2,163.569,1453.699,221.916
270.000,3,945.487,1199.240,357.022
270.000,4,890.278,1884.525,121.689
270.000,5,1018.906,764.396,472.958
270.000,6,95.353,2227.493,320.174
270.000,7,641.312,1696.671,383.885
270.000,8,486.114,1381.750,173.191
270.000,9,814.895,2230.315,136.681
270.000,10,81.475,406.137,360.808
270.000,11,362.147,1869.101,109.591
270.000,12,178.061,2111.752,156.196
270.000,13,98.964,136.012,425.302
270.000,14,609.828,2024.619,448.134
270.000,15,921.959,66.062,402.863
270.000,16,1048.014,2114.219,599.889
270.000,17,1129.306,177.451,143.598
270.000,18,947.790,1730.245,318.462
270.000,19,1070.878,1446.241,275.865
270.000,20,677.179,762.101,489.664
270.000,21,732.190,1758.939,525.616
270.000,22,972.998,1350.388,322.380
270.000,23,1309.403,1846.058,566.980
270.000,24,1149.570,1964.079,421.236
270.000,25,547.833,2210.754,490.895
270.000,26,1118.563,1756.498,434.249
270.000,27,743.665,1525.088,262.212
270.000,28,527.435,2097.908,281.024
270.000,29,1249.107,911.575,151.782
270.000,30,1135.464,1067.709,331.574
270.000,31,1213.944,1357.660,364.534
270.000,32,1281.134,4.592,349.356
270.000,33,191.820,2084.242,454.533
270.000,34,675.498,1352.585,525.890
270.000,35,870.935,405.249,439.095
270.000,36,963.977,1399.327,282.093
270.000,37,83.689,43.257,332.953
270.000,38,353.969,623.384,122.943
270.000,39,1192.917,435.273,300.224
270.000,40,439.690,180.959,209.505
270.000,41,190.479,1292.224,598.713
270.000,42,532.439,506.349,401.813
270.000,43,310.135,2095.519,323.489
270.000,44,873.892,654.238,331.709
270.000,45,298.998,1514.728,364.674
270.000,46,1280.435,538.737,519.442
270.000,47,35.141,390.918,210.069
270.000,48,729.984,2076.724,461.302
270.000,49,380.924,731.816,242.732
270.000,50,74.747,346.251,187.742
270.000,51,212.463,2068.220,593.890
270.000,52,476.108,1317.470,104.168
270.000,53,1105.856,1120.977,370.871
275.000,0,1159.728,959.498,492.237
275.000,1,976.312,1015.473,103.986
275.000,2,223.670,1524.077,214.698
275.000,3,807.799,1231.708,366.003
275.000,4,1019.583,1857.669,117.400
275.000,5,1080.681,837.974,467.513
275.000,6,230.728,2275.717,316.190
275.000,7,651.504,1568.890,382.988
275.000,8,616.695,1353.799,175.004
275.000,9,834.467,2246.737,132.531
275.000,10,56.298,460.456,364.453
275.000,11,365.201,1948.767,107.798
275.000,12,167.702,2243.903,158.475
275.000,13,138.609,216.913,423.110
275.000,14,592.548,1887.556,450.204
275.000,15,826.614,32.290,404.306
275.000,16,974.317,2176.228,599.078
275.000,17,1264.179,201.477,139.876
275.000,18,1025.144,1768.747,317.535
275.000,19,1054.850,1569.068,269.303
275.000,20,757.382,650.457,487.095
275.000,21,846.882,1772.011,526.657
275.000,22,1050.071,1302.944,319.913
275.000,23,1385.681,1737.296,562.891
275.000,24,1235.014,1914.668,424.580
275.000,25,635.268,2191.769,494.392
275.000,26,1226.150,1773.435,437.244
275.000,27,810.559,1561.833,257.316
275.000,28,512.345,2010.700,283.254
275.000,29,1386.041,921.967,150.852
275.000,30,1139.424,934.375,332.680
275.000,31,1348.659,1344.051,367.723
275.000,32,1293.308,87.253,352.363
275.000,33,278.356,2017.476,460.647
275.000,34,550.836,1301.237,530.388
275.000,35,874.335,272.990,436.716
275.000,36,827.767,1458.370,285.501
275.000,37,54.128,42.331,334.956
275.000,38,324.880,493.373,118.551
275.000,39,1221.057,333.039,298.488
275.000,40,403.534,267.220,205.722
275.000,41,236.018,1428.104,596.963
275.000,42,455.817,532.364,403.815
275.000,43,226.759,2060.224,327.731
275.000,44,888.700,505.106,327.783
275.000,45,256.530,1650.204,365.090
275.000,46,1269.146,427.010,521.873
275.000,47,101.433,523.857,213.105
275.000,48,747.765,2154.476,463.164
275.000,49,350.422,652.317,240.520
275.000,50,119.017,455.314,186.616
275.000,51,293.682,2139.836,593.259
275.000,52,343.453,1350.164,101.983
275.000,53,1142.782,1018.219,374.713
280.000,0,1086.587,949.463,488.522
280.000,1,918.206,886.264,101.192
280.000,2,288.063,1584.692,211.260
280.000,3,668.168,1245.602,375.141
280.000,4,1147.412,1855.132,117.153
280.000,5,1151.553,913.848,461.821
280.000,6,348.365,2188.301,309.678
280.000,7,658.517,1434.358,381.896
280.000,8,746.630,1348.555,177.102
280.000,9,868.884,2165.130,129.942
280.000,10,175.599,527.416,368.570
280.000,11,365.694,2035.294,108.785
280.000,12,161.840,2162.374,159.063
280.000,13,175.530,293.991,421.600
280.000,14,564.260,1753.919,452.273
280.000,15,729.032,17.368,404.518
280.000,16,885.092,2217.200,594.824
280.000,17,1384.757,260.315,138.666
280.000,18,1094.392,1808.036,317.053
280.000,19,1008.605,1675.802,264.697
280.000,20,836.231,540.422,485.267
280.000,21,956.852,1794.828,526.905
280.000,22,1108.680,1235.044,318.041
280.000,23,1332.962,1610.330,555.009
280.000,24,1316.935,1860.474,429.325
280.000,25,722.631,2166.636,495.401
280.000,26,1338.846,1790.425,439.338
280.000,27,858.485,1622.520,253.057
280.000,28,485.169,1928.079,285.428
280.000,29,1255.696,901.881,150.282
280.000,30,1136.116,794.990,331.281
280.000,31,1274.388,1318.512,367.899
280.000,32,1315.827,162.076,354.531
280.000,33,374.941,1948.253,467.799
280.000,34,449.571,1210.089,536.285
280.000,35,847.682,142.466,437.363
280.000,36,699.007,1518.866,286.945
280.000,37,42.194,126.119,336.968
280.000,38,289.353,377.367,117.402
280.000,39,1238.011,230.912,296.653
280.000,40,345.294,345.452,201.300
280.000,41,334.351,1537.139,592.637
280.000,42,377.900,551.466,404.919
280.000,43,150.860,2014.921,330.944
280.000,44,902.937,357.014,321.045
280.000,45,206.161,1786.105,364.490
280.000,46,1262.794,321.759,522.755
280.000,47,157.538,653.770,215.536
280.000,48,747.722,2236.713,468.218
280.000,49,327.801,572.830,239.545
280.000,50,171.722,559.967,186.355
280.000,51,365.754,2207.933,593.287
280.000,52,213.432,1358.914,107.585
280.000,53,1185.950,910.046,380.475
285.000,0,1008.966,955.812,483.910
285.000,1,823.646,779.107,106.459
285.000,2,340.129,1647.512,207.148
285.000,3,534.734,1289.218,381.542
285.000,4,1272.863,1829.050,111.271
285.000,5,1213.640,989.208,456.541
285.000,6,482.068,2119.732,299.333
285.000,7,658.640,1307.481,379.894
285.000,8,867.618,1292.763,180.704
285.000,9,904.092,2089.590,127.524
285.000,10,299.086,588.771,372.443
285.000,11,376.783,2113.709,107.386
285.000,12,153.528,2037.878,157.884
285.000,13,197.711,373.919,420.383
285.000,14,581.338,1615.564,458.636
285.000,15,635.669,4.949,407.010
285.000,16,788.987,2244.882,591.337
285.000,17,1253.339,322.688,131.961
285.000,18,1160.004,1844.202,316.941
285.000,19,978.953,1784.222,261.431
285.000,20,912.073,424.149,483.809
285.000,21,1068.654,1803.690,526.651
285.000,22,1183.767,1185.401,318.150
285.000,23,1263.572,1492.144,546.832
285.000,24,1354.125,1820.913,434.238
285.000,25,812.507,2153.424,497.604
285.000,26,1313.729,1789.254,441.106
285.000,27,915.183,1683.994,247.995
285.000,28,453.650,1846.421,287.354
285.000,29,1127.694,877.699,150.328
285.000,30,1121.574,659.399,334.838
285.000,31,1158.961,1245.476,369.316
285.000,32,1345.791,233.447,355.840
285.000,33,463.048,1871.247,472.531
285.000,34,316.223,1163.109,543.596
285.000,35,848.496,11.256,435.576
285.000,36,572.325,1567.524,288.174
285.000,37,25.936,211.335,339.471
285.000,38,261.915,257.722,115.391
285.000,39,1250.842,126.336,293.292
285.000,40,290.281,423.130,197.027
285.000,41,396.635,1668.101,591.116
285.000,42,301.196,582.612,405.409
285.000,43,66.775,1981.729,335.554
285.000,44,908.354,209.399,314.224
285.000,45,155.299,1920.600,363.479
285.000,46,1272.727,214.455,524.375
285.000,47,203.249,794.364,217.713
285.000,48,752.781,2237.239,470.092
285.000,49,285.784,504.635,235.652
285.000,50,236.678,657.566,188.235
285.000,51,444.057,2274.076,591.484
285.000,52,85.328,1390.096,112.788
285.000,53,1228.635,801.517,383.980
290.000,0,933.786,960.925,480.183
290.000,1,742.586,669.600,114.377
290.000,2,411.881,1693.133,203.676
290.000,3,404.419,1336.662,386.902
290.000,4,1371.873,1809.523,105.827
290.000,5,1273.500,1057.472,454.102
290.000,6,596.602,2036.797,293.492
290.000,7,680.474,1176.837,378.856
290.000,8,993.284,1260.563,183.419
290.000,9,947.126,2016.804,123.763
290.000,10,426.508,625.191,376.940
290.000,11,382.397,2202.469,106.018
290.000,12,150.095,1907.051,160.452
290.000,13,238.484,450.722,418.689
290.000,14,568.320,1475.301,462.756
290.000,15,546.801,31.826,408.096
290.000,16,702.784,2269.826,590.512
290.000,17,1122.590,371.669,127.095
290.000,18,1229.121,1884.088,315.050
290.000,19,937.488,1893.894,256.020
290.000,20,951.032,287.377,480.683
290.000,21,1181.164,1835.205,526.868
290.000,22,1277.673,1161.238,316.541
290.000,23,1188.952,1376.299,539.328
290.000,24,1279.891,1761.228,437.199
290.000,25,903.814,2141.744,500.934
290.000,26,1209.584,1803.241,444.675
290.000,27,965.831,1738.617,244.686
290.000,28,433.618,1767.345,289.415
290.000,29,1004.181,834.277,151.937
290.000,30,1111.643,524.162,337.822
290.000,31,1029.539,1219.858,373.548
290.000,32,1348.997,312.536,357.839
290.000,33,548.873,1798.230,478.488
290.000,34,204.870,1091.867,547.540
290.000,35,865.879,142.249,434.455
290.000,36,437.056,1592.278,290.653
290.000,37,10.207,288.818,341.204
290.000,38,250.973,143.455,112.343
290.000,39,1289.465,15.920,288.768
290.000,40,237.664,509.417,193.589
290.000,41,491.284,1792.571,588.571
290.000,42,231.092,619.799,406.575
290.000,43,32.049,1954.825,338.940
290.000,44,932.771,68.790,306.355
290.000,45,122.803,2055.397,361.381
290.000,46,1280.195,104.220,524.956
290.000,47,251.241,931.749,218.392
290.000,48,767.156,2154.545,472.855
290.000,49,246.191,434.084,232.126
290.000,50,292.030,771.894,189.920
290.000,51,519.066,2205.033,592.640
290.000,52,54.667,1433.529,118.904
290.000,53,1258.173,683.490,389.611
295.000,0,869.753,958.784,475.653
295.000,1,675.488,545.091,120.662
295.000,2,474.104,1761.996,198.856
295.000,3,266.944,1380.159,391.099
295.000,4,1249.203,1779.064,100.316
295.000,5,1326.580,1137.023,450.730
295.000,6,728.366,1965.492,289.931
295.000,7,680.019,1043.757,375.665
295.000,8,1129.687,1245.839,186.719
295.000,9,968.097,1933.032,120.146
295.000,10,556.491,665.571,383.225
295.000,11,393.895,2270.326,106.433
295.000,12,148.200,1772.056,161.229
295.000,13,284.276,524.510,417.496
295.000,14,608.451,1338.608,466.144
295.000,15,456.945,55.749,408.290
295.000,16,607.593,2239.502,588.229
295.000,17,997.753,433.683,122.900
295.000,18,1297.852,1923.473,311.469
295.000,19,916.359,2008.678,252.870
295.000,20,1011.842,164.666,479.630
295.000,21,1287.806,1849.604,528.650
295.000,22,1358.212,1111.600,313.413
295.000,23,1131.254,1256.748,534.376
295.000,24,1198.537,1717.194,440.753
295.000,25,990.088,2120.817,506.668
295.000,26,1100.108,1793.259,449.680
295.000,27,1032.649,1784.717,241.549
295.000,28,399.244,1687.013,291.071
295.000,29,873.320,801.782,152.636
295.000,30,1118.438,385.761,338.588
295.000,31,906.715,1184.585,377.426
295.000,32,1379.184,390.986,360.077
295.000,33,632.588,1720.653,481.650
295.000,34,102.418,1001.681,552.729
295.000,35,842.497,273.223,430.021
295.000,36,305.826,1631.313,294.589
295.000,37,11.578,363.337,341.786
295.000,38,228.188,19.347,112.086
295.000,39,1322.370,103.977,287.382
295.000,40,174.766,575.815,189.141
295.000,41,528.925,1937.701,585.523
295.000,42,155.691,635.458,407.387
295.000,43,103.878,1907.299,344.014
295.000,44,937.731,97.163,301.604
295.000,45,93.111,2187.200,358.123
295.000,46,1269.426,0.767,527.899
295.000,47,296.636,1067.880,217.317
295.000,48,766.979,2078.964,475.535
295.000,49,224.085,362.062,229.558
295.000,50,349.554,881.558,191.925
295.000,51,601.743,2135.452,589.210
295.000,52,186.911,1456.028,124.757
295.000,53,1295.068,570.989,393.663
