t_s,node,x,y,z
0.000,0,1974.091,1824.630,515.028
0.000,1,780.854,1674.057,152.243
0.000,2,1575.219,103.787,489.316
0.000,3,121.220,1707.412,102.781
0.000,4,540.165,1793.389,581.734
0.000,5,468.815,1190.610,185.170
0.000,6,1616.718,1481.298,507.808
0.000,7,93.914,683.902,337.685
0.000,8,868.937,1111.509,327.169
0.000,9,1779.782,2031.240,383.175
0.000,10,1011.702,645.465,580.861
0.000,11,1685.558,1781.049,562.770
0.000,12,1651.948,613.982,304.587
0.000,13,877.967,1873.385,445.645
0.000,14,237.938,1327.021,570.546
0.000,15,51.316,472.611,565.766
0.000,16,1002.341,1152.092,178.541
0.000,17,1360.692,1362.023,214.081
0.000,18,872.599,1898.613,369.523
0.000,19,66.876,1828.326,271.890
0.000,20,1757.358,1411.334,447.190
0.000,21,1953.860,1889.979,274.949
0.000,22,1360.859,1866.183,533.309
0.000,23,524.111,697.237,261.787
0.000,24,1776.371,1564.087,175.179
0.000,25,193.389,862.927,113.600
0.000,26,1667.032,2054.929,249.344
0.000,27,778.332,199.491,518.642
0.000,28,592.012,137.214,554.979
0.000,29,1327.661,1624.916,551.375
0.000,30,322.651,1770.615,368.308
0.000,31,1923.546,1306.234,197.274
0.000,32,180.758,1087.112,104.944
0.000,33,374.556,369.495,261.374
0.000,34,143.078,2106.873,181.694
0.000,35,173.362,1248.182,529.558
0.000,36,473.263,1358.086,261.791
0.000,37,1656.318,364.219,279.531
0.000,38,1313.176,1460.344,488.814
0.000,39,885.298,2014.452,133.302
0.000,40,1431.424,806.805,260.639
0.000,41,332.151,1358.128,256.956
0.000,42,620.855,2298.693,549.243
0.000,43,1869.230,678.535,347.081
0.000,44,1088.777,939.371,151.540
0.000,45,56.217,1725.774,123.945
0.000,46,1845.862,2068.255,270.543
0.000,47,1936.118,1729.627,427.820
0.000,48,1636.941,405.130,595.002
0.000,49,802.474,2270.414,316.205
0.000,50,35.471,764.155,513.091
0.000,51,33.427,551.721,569.710
0.000,52,1701.039,376.018,441.181
0.000,53,1297.841,1433.753,487.670
0.000,54,1847.900,378.806,428.230
0.000,55,1920.347,1078.619,424.297
0.000,56,1465.943,1896.344,543.120
0.000,57,159.173,864.347,184.624
0.000,58,1934.306,272.395,354.399
0.000,59,192.550,1857.338,445.863
0.000,60,265.839,1967.358,594.356
0.000,61,392.570,1020.997,220.032
0.000,62,2002.581,625.347,345.175
0.000,63,1034.831,208.164,232.479
0.000,64,243.708,863.874,414.708
0.000,65,473.116,256.680,416.203
0.000,66,2007.630,683.677,598.775
0.000,67,620.343,326.256,426.178
0.000,68,748.259,1117.925,494.429
0.000,69,862.745,1577.863,592.575
0.000,70,896.811,1937.085,451.265
0.000,71,1592.209,495.508,360.535
0.000,72,1074.974,2314.578,421.002
0.000,73,1237.135,2198.228,142.671
5.000,0,1950.508,1972.469,513.039
5.000,1,741.086,1548.015,153.479
5.000,2,1652.077,116.065,488.542
5.000,3,112.715,1562.088,109.757
5.000,4,607.652,1735.074,586.162
5.000,5,463.565,1073.902,182.654
5.000,6,1643.689,1589.301,510.452
5.000,7,120.149,585.460,336.760
5.000,8,829.867,1033.248,326.524
5.000,9,1858.526,2064.518,387.007
5.000,10,1087.987,719.370,582.362
5.000,11,1802.156,1768.985,561.936
5.000,12,1709.792,478.156,307.608
5.000,13,766.877,1958.382,452.546
5.000,14,267.049,1191.276,566.067
5.000,15,133.369,394.996,566.451
5.000,16,1017.511,1075.980,173.838
5.000,17,1376.807,1441.468,210.671
5.000,18,801.858,1782.488,372.619
5.000,19,68.805,1787.308,268.364
5.000,20,1638.349,1483.850,445.964
5.000,21,2018.247,1925.695,277.061
5.000,22,1347.663,1772.045,531.399
5.000,23,491.380,767.838,259.558
5.000,24,1902.861,1599.925,171.823
5.000,25,67.217,861.594,107.247
5.000,26,1704.690,1983.341,248.435
5.000,27,823.701,76.108,511.115
5.000,28,733.175,182.585,557.859
5.000,29,1420.354,1596.041,550.120
5.000,30,442.503,1717.628,363.736
5.000,31,2007.338,1206.755,204.172
5.000,32,115.546,1012.633,105.020
5.000,33,505.666,432.219,255.533
5.000,34,117.302,2002.416,181.318
5.000,35,218.131,1126.649,522.240
5.000,36,351.829,1399.094,262.279
5.000,37,1510.256,370.741,282.315
5.000,38,1365.176,1390.390,486.304
5.000,39,964.762,2016.058,137.374
5.000,40,1531.261,856.696,258.703
5.000,41,431.221,1299.532,256.860
5.000,42,659.161,2369.917,547.587
5.000,43,1770.821,579.855,349.395
5.000,44,966.449,974.004,157.749
5.000,45,52.974,1647.361,120.942
5.000,46,1847.280,2156.052,270.548
5.000,47,1892.696,1647.296,427.592
5.000,48,1724.607,440.439,598.134
5.000,49,717.781,2358.221,315.283
5.000,50,66.373,643.082,512.054
5.000,51,152.816,588.092,575.676
5.000,52,1667.462,502.800,445.189
5.000,53,1238.809,1536.919,481.682
5.000,54,1749.175,336.554,427.897
5.000,55,1978.057,972.885,430.774
5.000,56,1444.511,1794.536,545.159
5.000,57,189.640,981.728,181.918
5.000,58,2013.638,247.370,351.649
5.000,59,272.522,1938.127,447.805
5.000,60,248.793,2049.052,596.481
5.000,61,456.577,1114.473,219.075
5.000,62,1910.665,744.113,349.317
5.000,63,1066.272,120.157,232.605
5.000,64,259.881,944.043,412.193
5.000,65,409.245,200.152,409.861
5.000,66,2014.389,563.712,593.781
5.000,67,698.576,367.089,422.963
5.000,68,781.803,1016.336,491.286
5.000,69,864.614,1662.902,595.183
5.000,70,843.749,2010.855,451.440
5.000,71,1506.847,408.848,360.070
5.000,72,1143.898,2208.483,422.426
5.000,73,1310.267,2149.337,146.971
10.000,0,1946.970,2120.000,507.363
10.000,1,676.250,1431.106,152.056
10.000,2,1727.997,143.205,486.151
10.000,3,136.942,1414.045,119.331
10.000,4,664.097,1663.812,591.508
10.000,5,481.083,961.295,178.508
10.000,6,1659.552,1695.686,513.603
10.000,7,155.250,504.429,335.190
10.000,8,782.295,953.654,323.706
10.000,9,1929.176,2095.512,389.532
10.000,10,1142.661,806.407,585.291
10.000,11,1924.131,1764.350,561.055
10.000,12,1791.983,351.629,314.306
10.000,13,644.948,2010.288,463.248
10.000,14,309.242,1059.773,562.368
10.000,15,204.394,312.086,566.687
10.000,16,1037.223,986.959,168.328
10.000,17,1383.457,1510.958,207.894
10.000,18,732.738,1661.201,376.871
10.000,19,188.620,1744.946,269.897
10.000,20,1533.068,1570.200,445.476
10.000,21,1949.553,1939.262,280.801
10.000,22,1346.408,1674.025,530.137
10.000,23,450.913,842.340,254.508
10.000,24,2005.812,1636.552,172.048
10.000,25,67.751,851.983,103.165
10.000,26,1750.254,1917.066,246.926
10.000,27,864.992,73.951,504.280
10.000,28,882.980,219.053,555.663
10.000,29,1510.989,1556.378,548.819
10.000,30,557.290,1660.931,359.390
10.000,31,1916.300,1137.881,211.491
10.000,32,51.645,952.682,103.256
10.000,33,629.261,489.404,246.467
10.000,34,80.214,1903.685,180.298
10.000,35,269.181,1002.172,518.344
10.000,36,223.641,1435.729,267.540
10.000,37,1366.132,403.090,283.889
10.000,38,1413.116,1326.698,483.036
10.000,39,1045.124,2024.619,142.363
10.000,40,1631.541,918.818,257.184
10.000,41,507.997,1234.941,257.362
10.000,42,702.866,2272.639,543.844
10.000,43,1653.023,511.521,353.529
10.000,44,855.357,1028.758,166.772
10.000,45,184.360,1591.625,117.188
10.000,46,1831.816,2243.627,270.389
10.000,47,1865.446,1562.132,425.597
10.000,48,1813.593,476.847,595.666
10.000,49,602.128,2272.755,311.832
10.000,50,115.561,529.976,511.622
10.000,51,263.048,617.421,579.300
10.000,52,1644.637,630.435,450.064
10.000,53,1155.471,1624.385,472.988
10.000,54,1651.476,297.667,426.565
10.000,55,2016.632,859.472,435.923
10.000,56,1415.708,1693.438,545.113
10.000,57,244.440,1097.053,181.987
10.000,58,1946.323,245.195,347.855
10.000,59,348.242,2027.573,449.313
10.000,60,228.927,2129.561,599.291
10.000,61,539.446,1197.353,219.007
10.000,62,1823.689,859.338,350.428
10.000,63,1086.248,29.376,230.973
10.000,64,269.260,1027.368,410.559
10.000,65,384.169,130.166,406.652
10.000,66,1992.838,458.486,587.107
10.000,67,769.840,411.069,420.044
10.000,68,817.654,911.914,487.379
10.000,69,860.294,1745.165,596.902
10.000,70,793.984,2084.590,452.526
10.000,71,1413.626,342.687,355.555
10.000,72,1199.692,2094.841,423.593
10.000,73,1379.758,2096.463,151.004
15.000,0,1944.772,2271.871,502.330
15.000,1,605.752,1313.560,154.059
15.000,2,1806.464,160.332,482.526
15.000,3,106.523,1276.191,129.807
15.000,4,704.129,1593.134,597.231
15.000,5,489.303,854.819,174.828
15.000,6,1652.476,1807.485,514.407
15.000,7,197.738,424.590,336.474
15.000,8,745.898,880.422,320.242
15.000,9,1994.274,2122.311,392.788
15.000,10,1223.196,865.639,587.872
15.000,11,1977.192,1732.740,563.177
15.000,12,1897.981,246.573,319.276
15.000,13,529.813,2092.251,468.215
15.000,14,374.964,941.012,558.036
15.000,15,270.987,224.663,567.043
15.000,16,1031.723,895.592,165.513
15.000,17,1394.763,1579.090,205.351
15.000,18,687.002,1535.073,381.487
15.000,19,308.337,1705.970,267.957
15.000,20,1411.737,1618.711,443.751
15.000,21,1884.066,1963.397,285.177
15.000,22,1343.541,1585.602,527.722
15.000,23,417.007,920.458,249.191
15.000,24,1874.836,1646.024,167.129
15.000,25,191.288,867.882,100.393
15.000,26,1807.476,1853.525,247.323
15.000,27,931.724,188.646,499.746
15.000,28,1026.189,246.015,555.340
15.000,29,1594.821,1508.079,547.973
15.000,30,671.486,1609.736,353.933
15.000,31,1784.777,1087.882,217.776
15.000,32,10.051,866.677,101.472
15.000,33,767.115,543.201,238.302
15.000,34,11.216,1811.748,177.801
15.000,35,309.098,869.070,517.427
15.000,36,103.543,1424.320,266.535
15.000,37,1223.424,446.452,286.239
15.000,38,1450.033,1252.443,479.466
15.000,39,1124.757,2009.391,145.823
15.000,40,1730.089,980.113,253.447
15.000,41,593.773,1190.678,259.103
15.000,42,747.423,2183.205,541.219
15.000,43,1543.699,423.356,359.680
15.000,44,737.063,1081.071,172.172
15.000,45,317.699,1559.738,116.520
15.000,46,1834.524,2330.273,273.110
15.000,47,1841.067,1468.059,421.150
15.000,48,1894.304,522.793,592.538
15.000,49,519.427,2153.857,314.808
15.000,50,156.616,417.856,514.279
15.000,51,384.641,630.457,583.387
15.000,52,1622.770,759.002,457.077
15.000,53,1081.142,1716.674,465.342
15.000,54,1562.749,258.004,428.262
15.000,55,1967.314,759.322,439.669
15.000,56,1378.412,1597.747,546.352
15.000,57,307.196,1210.077,179.627
15.000,58,1870.484,217.746,346.109
15.000,59,423.658,2105.750,449.206
15.000,60,209.636,2211.550,595.548
15.000,61,595.211,1298.851,217.128
15.000,62,1745.607,983.993,353.054
15.000,63,1104.341,62.664,229.681
15.000,64,289.105,1106.429,409.994
15.000,65,365.297,63.687,404.220
15.000,66,1941.475,355.233,579.018
15.000,67,838.527,469.623,413.719
15.000,68,848.166,808.589,484.615
15.000,69,842.013,1830.975,598.985
15.000,70,747.404,2164.461,453.144
15.000,71,1329.470,258.864,355.284
15.000,72,1275.892,1997.457,424.596
15.000,73,1445.737,2048.597,151.589
20.000,0,1946.748,2331.317,502.706
20.000,1,511.420,1206.240,155.959
20.000,2,1882.133,173.460,480.249
20.000,3,74.394,1126.835,137.022
20.000,4,765.004,1524.631,599.556
20.000,5,468.519,742.477,171.539
20.000,6,1627.031,1930.096,516.292
20.000,7,242.914,339.622,336.923
20.000,8,699.987,822.276,318.137
20.000,9,1979.372,2148.815,394.690
20.000,10,1299.604,939.393,590.763
20.000,11,1866.487,1673.698,564.573
20.000,12,1944.702,103.683,322.156
20.000,13,422.786,2183.958,471.694
20.000,14,426.259,816.800,557.126
20.000,15,326.413,129.281,567.788
20.000,16,1021.332,805.600,162.929
20.000,17,1408.938,1643.645,202.851
20.000,18,622.764,1424.194,386.322
20.000,19,435.819,1713.711,264.936
20.000,20,1274.647,1664.189,445.244
20.000,21,1800.116,1982.204,291.200
20.000,22,1324.508,1490.375,527.986
20.000,23,367.364,987.097,246.400
20.000,24,1743.526,1665.381,163.497
20.000,25,319.431,845.368,105.827
20.000,26,1857.873,1787.254,246.198
20.000,27,999.369,307.349,492.914
20.000,28,1170.786,226.331,556.228
20.000,29,1673.272,1458.507,545.729
20.000,30,777.941,1554.070,349.954
20.000,31,1673.751,1001.737,223.952
20.000,32,40.570,783.327,100.854
20.000,33,902.763,611.780,234.123
20.000,34,48.086,1714.029,175.561
20.000,35,380.417,749.756,510.245
20.000,36,26.553,1427.719,265.036
20.000,37,1082.818,498.794,289.134
20.000,38,1509.755,1192.911,475.332
20.000,39,1207.272,2012.603,148.815
20.000,40,1842.302,1028.751,247.448
20.000,41,679.047,1127.010,264.980
20.000,42,785.452,2095.754,540.450
20.000,43,1435.235,339.249,360.304
20.000,44,619.718,1148.138,179.348
20.000,45,431.670,1504.822,111.883
20.000,46,1842.023,2325.286,276.467
20.000,47,1811.142,1374.675,420.894
20.000,48,1961.311,585.637,588.713
20.000,49,394.127,2078.960,314.342
20.000,50,177.128,296.809,510.951
20.000,51,510.988,650.185,589.372
20.000,52,1621.000,889.829,462.220
20.000,53,1043.353,1836.996,460.053
20.000,54,1464.380,246.935,430.382
20.000,55,1881.864,670.441,446.189
20.000,56,1360.337,1494.926,545.229
20.000,57,375.104,1328.090,175.711
20.000,58,1790.486,204.642,347.502
20.000,59,510.425,2169.932,449.235
20.000,60,213.410,2299.105,590.237
20.000,61,650.562,1404.155,215.723
20.000,62,1660.535,1113.893,356.623
20.000,63,1141.721,141.383,228.323
20.000,64,300.679,1187.809,409.235
20.000,65,319.312,13.400,401.769
20.000,66,1913.108,250.655,573.685
20.000,67,918.298,510.684,410.841
20.000,68,852.563,698.755,480.262
20.000,69,824.705,1926.098,597.062
20.000,70,672.859,2235.349,453.004
20.000,71,1271.760,166.217,356.444
20.000,72,1340.047,1900.137,424.752
20.000,73,1515.043,2018.657,153.453
25.000,0,1918.694,2179.687,506.014
25.000,1,452.403,1077.045,156.323
25.000,2,1952.583,183.230,477.474
25.000,3,57.433,971.853,143.771
25.000,4,829.466,1453.614,594.550
25.000,5,438.351,626.747,167.330
25.000,6,1633.171,2047.782,517.008
25.000,7,251.446,246.959,335.602
25.000,8,664.682,750.610,318.064
25.000,9,1897.530,2163.761,398.890
25.000,10,1360.726,1023.353,589.096
25.000,11,1750.275,1639.047,567.354
25.000,12,2001.984,20.313,321.275
25.000,13,313.056,2276.730,477.637
25.000,14,448.583,688.947,557.622
25.000,15,410.439,61.404,566.390
25.000,16,1016.665,716.556,161.108
25.000,17,1427.029,1716.338,198.918
25.000,18,532.943,1325.456,395.890
25.000,19,569.674,1719.331,258.751
25.000,20,1149.252,1732.266,443.313
25.000,21,1716.666,2007.322,296.111
25.000,22,1315.404,1400.031,525.064
25.000,23,328.577,1059.434,241.436
25.000,24,1611.766,1670.887,161.309
25.000,25,434.660,801.469,112.656
25.000,26,1898.369,1708.074,245.225
25.000,27,1061.790,430.309,490.246
25.000,28,1317.814,208.773,559.665
25.000,29,1765.976,1440.742,545.079
25.000,30,901.499,1515.260,345.199
25.000,31,1615.058,877.388,235.354
25.000,32,104.307,717.254,102.835
25.000,33,1010.269,713.001,234.130
25.000,34,80.673,1606.129,170.641
25.000,35,459.220,623.918,500.155
25.000,36,146.150,1476.716,270.866
25.000,37,942.658,518.419,290.907
25.000,38,1570.160,1130.471,472.591
25.000,39,1299.180,2000.150,148.479
25.000,40,1967.694,1067.700,237.968
25.000,41,778.085,1082.795,267.941
25.000,42,815.031,2010.809,536.693
25.000,43,1371.538,219.075,362.272
25.000,44,500.183,1185.938,186.081
25.000,45,550.837,1438.315,111.444
25.000,46,1874.329,2245.230,277.578
25.000,47,1764.220,1285.933,419.087
25.000,48,1995.952,638.349,585.257
25.000,49,302.358,1963.859,313.137
25.000,50,197.567,177.955,504.591
25.000,51,626.927,706.681,594.109
25.000,52,1590.012,1011.475,464.926
25.000,53,982.007,1948.160,456.927
25.000,54,1365.051,235.334,434.746
25.000,55,1819.916,562.132,453.013
25.000,56,1297.424,1412.329,545.280
25.000,57,423.882,1443.326,175.075
25.000,58,1718.506,181.506,346.384
25.000,59,572.982,2257.005,449.401
25.000,60,222.139,2371.951,584.527
25.000,61,703.693,1506.491,215.077
25.000,62,1570.628,1237.793,357.617
25.000,63,1172.491,230.609,228.043
25.000,64,311.642,1262.839,407.415
25.000,65,243.090,69.914,399.863
25.000,66,1885.191,142.088,568.165
25.000,67,999.882,545.171,410.977
25.000,68,841.272,587.113,477.065
25.000,69,842.423,2013.317,596.142
25.000,70,624.627,2331.173,454.506
25.000,71,1199.044,86.008,356.812
25.000,72,1393.644,1787.010,426.248
25.000,73,1587.110,1984.703,153.876
30.000,0,1897.111,2036.251,510.008
30.000,1,405.903,933.875,156.468
30.000,2,1997.816,181.887,473.153
30.000,3,24.658,829.200,150.683
30.000,4,890.575,1395.725,589.126
30.000,5,387.472,511.377,167.713
30.000,6,1633.145,2163.848,518.325
30.000,7,221.196,155.759,333.917
30.000,8,622.647,685.341,316.905
30.000,9,1822.616,2212.878,401.947
30.000,10,1395.172,1126.057,587.368
30.000,11,1627.176,1586.771,570.225
30.000,12,1929.738,149.364,320.787
30.000,13,199.438,2368.217,485.171
30.000,14,503.654,572.018,557.380
30.000,15,502.940,1.386,567.089
30.000,16,1023.366,632.229,158.349
30.000,17,1438.148,1792.019,194.884
30.000,18,424.913,1229.927,403.223
30.000,19,689.434,1682.117,256.369
30.000,20,1016.394,1780.614,444.618
30.000,21,1639.198,2036.837,297.804
30.000,22,1302.338,1300.637,521.380
30.000,23,299.357,1133.056,235.835
30.000,24,1487.978,1730.155,157.607
30.000,25,556.076,820.195,119.212
30.000,26,1931.289,1626.841,246.882
30.000,27,1126.799,547.299,486.361
30.000,28,1460.665,232.915,562.727
30.000,29,1862.452,1404.276,542.756
30.000,30,1024.472,1455.341,343.431
30.000,31,1550.648,754.478,244.088
30.000,32,160.600,650.190,104.559
30.000,33,1120.073,810.749,226.780
30.000,34,140.419,1516.021,170.420
30.000,35,536.768,505.925,493.792
30.000,36,261.272,1532.883,275.673
30.000,37,803.260,535.927,292.442
30.000,38,1624.021,1074.854,469.359
30.000,39,1384.313,1979.008,148.739
30.000,40,1983.575,1137.497,231.308
30.000,41,884.172,1049.013,268.508
30.000,42,855.299,1923.606,534.034
30.000,43,1272.564,130.826,369.189
30.000,44,385.658,1239.583,193.299
30.000,45,673.202,1382.914,113.773
30.000,46,1897.107,2149.896,280.151
30.000,47,1719.000,1191.838,420.178
30.000,48,1910.842,686.089,582.289
30.000,49,196.723,1864.647,310.033
30.000,50,226.966,64.906,501.930
30.000,51,756.152,719.079,599.192
30.000,52,1563.843,1127.274,468.071
30.000,53,917.040,2046.581,452.077
30.000,54,1267.403,218.703,437.070
30.000,55,1746.196,467.130,457.314
30.000,56,1265.599,1316.231,545.719
30.000,57,453.534,1556.784,175.736
30.000,58,1640.126,173.184,344.515
30.000,59,662.219,2339.371,451.817
30.000,60,228.892,2292.926,579.271
30.000,61,736.012,1614.322,213.073
30.000,62,1495.749,1375.762,359.655
30.000,63,1169.270,317.154,226.778
30.000,64,333.749,1339.120,405.112
30.000,65,168.859,120.988,398.538
30.000,66,1862.469,27.355,562.108
30.000,67,1081.874,576.770,407.165
30.000,68,845.558,480.516,473.675
30.000,69,858.423,2097.339,592.937
30.000,70,583.453,2318.413,453.737
30.000,71,1113.165,15.588,354.109
30.000,72,1458.025,1676.798,422.418
30.000,73,1660.122,1948.452,155.114
35.000,0,1844.159,1897.207,509.535
35.000,1,386.009,788.614,152.171
35.000,2,1924.057,214.041,469.387
35.000,3,10.435,685.481,155.806
35.000,4,955.590,1346.152,587.748
35.000,5,369.635,388.427,165.248
35.000,6,1641.239,2274.704,519.915
35.000,7,219.316,63.245,335.246
35.000,8,589.277,611.559,315.918
35.000,9,1749.047,2263.101,406.729
35.000,10,1445.442,1219.286,588.026
35.000,11,1501.425,1563.589,573.223
35.000,12,1851.340,268.294,318.280
35.000,13,77.894,2306.110,492.243
35.000,14,576.731,453.138,558.252
35.000,15,567.131,88.790,564.022
35.000,16,1021.000,551.591,152.736
35.000,17,1467.149,1866.375,192.047
35.000,18,344.788,1122.133,405.712
35.000,19,816.575,1663.048,254.374
35.000,20,894.271,1834.101,443.221
35.000,21,1567.370,2065.349,300.230
35.000,22,1303.641,1201.112,522.140
35.000,23,253.987,1201.909,229.924
35.000,24,1364.020,1783.066,154.149
35.000,25,686.631,796.560,129.114
35.000,26,1986.596,1562.461,246.633
35.000,27,1155.941,679.449,479.879
35.000,28,1588.215,285.758,570.271
35.000,29,1956.458,1363.488,542.178
35.000,30,1122.801,1386.455,338.261
35.000,31,1509.071,630.193,252.225
35.000,32,202.636,579.463,106.460
35.000,33,1245.398,878.654,226.021
35.000,34,199.866,1418.365,170.724
35.000,35,608.473,375.180,488.298
35.000,36,370.742,1566.149,278.800
35.000,37,660.399,569.746,292.745
35.000,38,1684.184,1027.873,467.412
35.000,39,1470.096,1971.726,153.149
35.000,40,1901.603,1219.557,230.179
35.000,41,996.305,1035.959,266.142
35.000,42,853.207,1823.975,531.287
35.000,43,1174.445,42.418,373.844
35.000,44,264.955,1274.650,204.373
35.000,45,810.330,1354.422,112.692
35.000,46,1905.364,2052.811,282.258
35.000,47,1679.842,1102.824,420.646
35.000,48,1820.462,710.242,577.943
35.000,49,83.807,1776.544,310.113
35.000,50,249.730,67.680,501.549
35.000,51,892.812,735.671,591.531
35.000,52,1555.309,1245.922,474.507
35.000,53,847.290,2147.667,444.154
35.000,54,1181.537,192.764,439.366
35.000,55,1644.553,397.969,459.721
35.000,56,1226.870,1222.122,544.960
35.000,57,490.035,1677.729,178.183
35.000,58,1557.688,175.614,345.491
35.000,59,729.320,2315.836,454.611
35.000,60,235.468,2217.734,575.528
35.000,61,774.036,1708.987,211.789
35.000,62,1427.207,1500.298,358.585
35.000,63,1173.127,399.259,226.647
35.000,64,350.654,1419.065,400.508
35.000,65,101.917,173.290,399.192
35.000,66,1841.614,91.999,557.168
35.000,67,1159.636,629.756,398.815
35.000,68,863.998,370.938,470.633
35.000,69,878.642,2175.611,587.273
35.000,70,529.948,2224.554,451.555
35.000,71,1028.185,74.967,351.556
35.000,72,1525.970,1573.802,420.309
35.000,73,1726.287,1907.390,158.486
40.000,0,1773.059,1772.903,507.344
40.000,1,340.195,643.961,148.869
40.000,2,1851.243,235.456,464.422
40.000,3,7.282,532.292,158.627
40.000,4,1015.575,1285.915,585.532
40.000,5,377.302,270.789,164.997
40.000,6,1666.800,2379.083,521.991
40.000,7,225.148,42.703,337.236
40.000,8,539.866,557.426,314.313
40.000,9,1668.161,2299.643,411.719
40.000,10,1495.001,1313.227,588.860
40.000,11,1383.726,1539.643,574.599
40.000,12,1752.720,363.725,320.438
40.000,13,48.602,2221.251,500.156
40.000,14,612.538,327.117,557.865
40.000,15,640.715,168.607,563.282
40.000,16,1022.725,465.031,146.798
40.000,17,1480.907,1946.261,188.342
40.000,18,247.690,1026.366,405.275
40.000,19,944.553,1624.767,254.608
40.000,20,772.205,1892.477,443.715
40.000,21,1497.010,2084.978,302.116
40.000,22,1301.783,1103.409,521.181
40.000,23,226.770,1279.776,226.175
40.000,24,1236.541,1808.996,150.376
40.000,25,826.662,786.779,133.745
40.000,26,1998.448,1486.167,245.104
40.000,27,1171.782,806.064,474.208
40.000,28,1718.513,312.286,575.247
40.000,29,1973.204,1312.729,539.541
40.000,30,1238.353,1333.918,329.646
40.000,31,1444.734,514.250,258.466
40.000,32,264.007,515.125,108.819
40.000,33,1370.909,944.356,223.167
40.000,34,261.912,1323.674,170.931
40.000,35,704.813,255.489,483.104
40.000,36,477.762,1592.088,283.562
40.000,37,517.912,578.683,292.832
40.000,38,1755.148,966.389,464.015
40.000,39,1554.519,1956.105,159.390
40.000,40,1840.058,1316.259,228.335
40.000,41,1101.074,1010.770,264.506
40.000,42,874.166,1723.511,528.001
40.000,43,1059.035,21.566,377.409
40.000,44,157.553,1348.061,209.342
40.000,45,920.280,1287.724,106.731
40.000,46,1906.567,1962.865,283.090
40.000,47,1648.021,1015.119,419.544
40.000,48,1735.563,751.657,574.552
40.000,49,0.271,1672.167,309.418
40.000,50,278.306,184.135,499.707
40.000,51,1036.231,726.485,584.395
40.000,52,1515.839,1363.608,480.235
40.000,53,759.917,2235.241,436.134
40.000,54,1093.767,161.100,441.166
40.000,55,1546.115,325.911,464.720
40.000,56,1179.172,1122.199,545.339
40.000,57,531.015,1794.016,180.252
40.000,58,1478.076,159.424,343.845
40.000,59,800.580,2224.071,457.836
40.000,60,224.790,2133.897,571.113
40.000,61,814.131,1803.845,211.491
40.000,62,1301.997,1576.409,354.240
40.000,63,1166.589,484.928,227.052
40.000,64,371.616,1498.883,398.666
40.000,65,58.328,240.952,395.214
40.000,66,1813.952,207.445,554.604
40.000,67,1236.033,671.719,394.919
40.000,68,860.571,260.375,466.425
40.000,69,884.848,2262.241,583.918
40.000,70,462.170,2145.275,450.803
40.000,71,926.384,139.704,347.529
40.000,72,1552.724,1447.521,419.797
40.000,73,1802.007,1883.933,160.789
45.000,0,1726.054,1644.051,505.973
45.000,1,310.922,497.793,150.286
45.000,2,1782.339,245.928,459.414
45.000,3,14.154,379.600,165.690
45.000,4,1084.753,1228.741,580.582
45.000,5,364.505,150.772,168.218
45.000,6,1686.277,2263.002,524.731
45.000,7,239.184,134.466,336.237
45.000,8,504.340,485.112,312.015
45.000,9,1594.175,2339.485,413.782
45.000,10,1543.997,1421.328,587.453
45.000,11,1273.646,1525.059,575.230
45.000,12,1683.322,492.098,320.072
45.000,13,155.940,2129.614,502.272
45.000,14,675.041,205.903,559.179
45.000,15,714.573,256.261,562.862
45.000,16,1024.454,383.156,141.849
45.000,17,1500.749,2022.741,184.631
45.000,18,196.783,895.215,409.504
45.000,19,1080.797,1612.491,252.470
45.000,20,639.453,1936.323,445.543
45.000,21,1422.783,2089.623,302.145
45.000,22,1278.815,1020.923,519.939
45.000,23,208.913,1360.608,223.041
45.000,24,1093.698,1813.027,147.861
45.000,25,955.596,800.440,139.772
45.000,26,1953.118,1407.298,245.376
45.000,27,1213.280,928.405,466.724
45.000,28,1866.500,299.890,575.950
45.000,29,1879.503,1269.503,536.845
45.000,30,1344.731,1266.770,322.867
45.000,31,1354.958,422.324,263.556
45.000,32,315.431,452.258,110.109
45.000,33,1496.899,1013.216,221.514
45.000,34,346.554,1245.854,166.980
45.000,35,759.996,123.648,482.586
45.000,36,584.633,1636.944,283.879
45.000,37,372.310,604.232,293.741
45.000,38,1806.974,888.854,465.223
45.000,39,1647.994,1940.203,164.608
45.000,40,1743.786,1382.473,229.205
45.000,41,1192.699,961.332,265.272
45.000,42,889.616,1615.568,524.077
45.000,43,951.030,83.679,377.144
45.000,44,66.468,1443.703,212.064
45.000,45,1016.663,1196.696,103.214
45.000,46,1926.801,1875.413,282.535
45.000,47,1633.049,920.553,416.701
45.000,48,1642.626,781.623,569.539
45.000,49,90.033,1566.301,311.430
45.000,50,306.205,310.561,495.370
45.000,51,1169.469,728.946,580.987
45.000,52,1448.846,1456.772,482.737
45.000,53,680.857,2317.427,430.544
45.000,54,1001.512,127.430,442.084
45.000,55,1479.414,221.882,468.057
45.000,56,1127.014,1027.744,546.891
45.000,57,630.546,1883.148,181.193
45.000,58,1402.380,129.971,343.222
45.000,59,891.941,2158.022,458.611
45.000,60,223.605,2044.104,565.627
45.000,61,873.241,1904.498,206.086
45.000,62,1220.753,1702.732,355.932
45.000,63,1175.789,579.357,227.092
45.000,64,380.269,1578.448,396.981
45.000,65,14.902,303.637,389.794
45.000,66,1777.242,322.068,552.875
45.000,67,1309.402,707.551,390.327
45.000,68,889.953,151.472,464.556
45.000,69,884.884,2340.568,582.999
45.000,70,410.851,2062.182,451.162
45.000,71,836.177,220.908,341.252
45.000,72,1587.701,1322.562,416.430
45.000,73,1866.999,1856.203,164.393
50.000,0,1696.026,1508.476,507.837
50.000,1,280.181,350.927,150.714
50.000,2,1713.203,257.643,453.707
50.000,3,14.275,227.712,176.898
50.000,4,1146.529,1164.274,577.333
50.000,5,345.250,39.771,166.003
50.000,6,1684.205,2144.864,527.236
50.000,7,249.624,224.077,336.539
50.000,8,451.125,420.408,312.372
50.000,9,1529.041,2363.685,417.342
50.000,10,1613.901,1509.206,588.797
50.000,11,1158.381,1507.759,574.010
50.000,12,1619.168,626.305,319.927
50.000,13,249.331,2014.674,504.086
50.000,14,759.237,91.145,556.829
50.000,15,770.964,344.371,562.616
50.000,16,1019.665,298.666,136.287
50.000,17,1527.926,2101.757,181.109
50.000,18,162.230,763.815,416.254
50.000,19,1218.874,1570.511,250.834
50.000,20,526.512,2018.727,444.263
50.000,21,1348.511,2108.432,304.414
50.000,22,1257.956,927.260,521.355
50.000,23,185.530,1440.177,218.446
50.000,24,960.190,1804.847,147.534
50.000,25,1076.650,851.187,143.771
50.000,26,1922.155,1316.038,247.457
50.000,27,1267.183,1048.338,460.557
50.000,28,2017.153,295.087,577.862
50.000,29,1804.823,1215.408,537.061
50.000,30,1440.394,1179.890,321.075
50.000,31,1255.170,357.423,268.482
50.000,32,370.868,393.306,110.435
50.000,33,1619.106,1071.654,219.561
50.000,34,414.468,1153.083,163.962
50.000,35,828.781,23.079,482.010
50.000,36,696.870,1693.960,281.408
50.000,37,219.988,618.543,295.637
50.000,38,1837.427,801.039,465.692
50.000,39,1742.818,1948.287,171.047
50.000,40,1658.292,1454.240,225.665
50.000,41,1280.712,900.975,266.620
50.000,42,902.671,1509.586,520.674
50.000,43,854.173,163.918,377.508
50.000,44,36.114,1524.708,215.039
50.000,45,1098.070,1099.048,100.909
50.000,46,1931.085,1789.532,283.113
50.000,47,1591.012,833.937,417.114
50.000,48,1555.721,820.811,565.490
50.000,49,173.576,1453.678,311.978
50.000,50,339.098,437.428,491.199
50.000,51,1298.714,736.937,579.616
50.000,52,1387.041,1559.337,481.168
50.000,53,622.573,2318.279,425.230
50.000,54,927.540,58.342,444.093
50.000,55,1460.034,92.919,471.814
50.000,56,1078.392,925.564,548.096
50.000,57,694.186,1998.051,181.959
50.000,58,1324.462,127.779,342.372
50.000,59,987.618,2083.692,460.032
50.000,60,203.907,1954.652,561.274
50.000,61,914.924,2016.636,199.620
50.000,62,1133.305,1821.088,358.739
50.000,63,1208.164,671.796,229.556
50.000,64,435.441,1656.626,396.929
50.000,65,37.797,364.542,387.102
50.000,66,1758.363,444.937,549.693
50.000,67,1395.722,744.477,385.903
50.000,68,896.919,40.928,462.138
50.000,69,876.609,2321.573,581.352
50.000,70,369.409,1974.260,449.841
50.000,71,735.682,280.306,332.339
50.000,72,1617.663,1193.734,419.778
50.000,73,1924.063,1798.026,168.072
55.000,0,1676.274,1363.086,510.398
55.000,1,229.353,216.443,153.549
55.000,2,1634.028,266.051,450.559
55.000,3,4.741,78.313,183.397
55.000,4,1212.761,1084.932,571.125
55.000,5,335.808,90.298,160.831
55.000,6,1733.583,2032.775,527.484
55.000,7,262.720,308.386,336.090
55.000,8,428.354,338.132,313.992
55.000,9,1461.760,2330.267,419.107
55.000,10,1688.356,1585.839,588.476
55.000,11,1045.238,1490.525,574.643
55.000,12,1521.254,738.158,323.281
55.000,13,351.536,1923.571,510.354
55.000,14,841.034,50.616,551.607
55.000,15,850.716,435.903,565.817
55.000,16,1009.345,213.984,133.568
55.000,17,1549.594,2186.091,177.261
55.000,18,107.036,641.505,422.113
55.000,19,1349.350,1552.283,246.129
55.000,20,421.419,2113.272,443.781
55.000,21,1265.472,2124.632,306.593
55.000,22,1239.717,833.875,519.678
55.000,23,170.675,1516.051,215.631
55.000,24,833.621,1792.704,145.516
55.000,25,1205.834,848.043,148.600
55.000,26,1873.442,1236.412,249.980
55.000,27,1311.156,1172.928,454.096
55.000,28,1871.295,320.092,580.219
55.000,29,1725.449,1175.853,538.506
55.000,30,1548.636,1105.262,318.043
55.000,31,1147.214,290.437,275.402
55.000,32,425.567,327.155,110.367
55.000,33,1742.946,1143.736,217.504
55.000,34,450.521,1043.486,161.068
55.000,35,909.522,139.211,480.029
55.000,36,802.873,1760.429,278.049
55.000,37,69.496,623.245,302.513
55.000,38,1874.567,717.535,463.661
55.000,39,1837.547,1944.600,174.435
55.000,40,1595.361,1562.095,220.912
55.000,41,1377.388,848.677,269.296
55.000,42,923.403,1415.267,518.940
55.000,43,770.092,266.340,379.360
55.000,44,141.512,1604.832,218.289
55.000,45,1222.997,1053.034,102.565
55.000,46,1925.948,1706.052,285.987
55.000,47,1533.977,747.746,417.722
55.000,48,1466.923,861.245,564.915
55.000,49,287.907,1361.532,308.066
55.000,50,376.490,557.831,490.393
55.000,51,1422.923,751.034,574.039
55.000,52,1342.501,1676.856,485.189
55.000,53,545.736,2233.901,421.187
55.000,54,853.855,20.598,446.424
55.000,55,1441.977,43.199,474.803
55.000,56,1035.329,815.086,550.855
55.000,57,734.121,2123.239,186.782
55.000,58,1251.251,127.203,341.668
55.000,59,1049.560,1979.861,462.830
55.000,60,192.630,1866.173,559.643
55.000,61,973.287,2117.856,197.011
55.000,62,1043.052,1944.719,362.566
55.000,63,1194.803,762.752,229.627
55.000,64,483.394,1721.673,394.223
55.000,65,88.587,420.830,385.444
55.000,66,1718.245,550.199,545.032
55.000,67,1487.179,779.190,379.392
55.000,68,891.236,80.118,456.306
55.000,69,875.054,2240.932,581.825
55.000,70,317.976,1889.800,449.128
55.000,71,646.689,355.992,327.407
55.000,72,1675.893,1076.605,423.397
55.000,73,1983.392,1736.415,170.076
60.000,0,1622.807,1222.401,504.959
60.000,1,178.525,76.341,156.420
60.000,2,1562.439,298.735,447.667
60.000,3,26.345,79.774,189.886
60.000,4,1260.364,1006.635,567.159
60.000,5,283.928,196.047,154.952
60.000,6,1764.246,1922.400,528.473
60.000,7,289.082,387.758,336.964
60.000,8,418.829,251.657,315.580
60.000,9,1392.600,2302.021,420.843
60.000,10,1763.151,1668.921,589.283
60.000,11,932.867,1488.390,574.578
60.000,12,1455.578,879.371,330.433
60.000,13,458.212,1833.126,517.095
60.000,14,852.506,193.559,548.528
60.000,15,919.061,538.543,569.128
60.000,16,1011.832,126.228,129.943
60.000,17,1579.618,2260.771,173.358
60.000,18,27.122,535.843,424.974
60.000,19,1469.810,1507.923,243.766
60.000,20,321.502,2206.483,441.095
60.000,21,1198.446,2143.563,307.165
60.000,22,1217.456,748.654,517.184
60.000,23,138.398,1583.763,214.702
60.000,24,716.023,1758.085,145.123
60.000,25,1329.701,838.547,154.136
60.000,26,1813.356,1171.477,250.461
60.000,27,1356.984,1301.493,445.655
60.000,28,1731.994,364.399,582.575
60.000,29,1646.766,1130.217,539.358
60.000,30,1666.688,1042.389,313.467
60.000,31,1028.589,250.659,282.259
60.000,32,468.768,260.873,111.893
60.000,33,1857.421,1224.913,213.925
60.000,34,465.486,930.782,159.808
60.000,35,970.959,262.914,474.682
60.000,36,930.024,1774.093,273.036
60.000,37,96.501,642.671,308.326
60.000,38,1906.729,642.143,459.039
60.000,39,1929.448,1951.828,176.522
60.000,40,1512.667,1644.684,214.349
60.000,41,1469.562,774.248,268.906
60.000,42,940.724,1310.115,518.227
60.000,43,676.769,353.484,387.542
60.000,44,263.968,1658.996,221.540
60.000,45,1331.589,967.627,102.569
60.000,46,1917.846,1618.502,286.759
60.000,47,1484.836,664.798,417.974
60.000,48,1376.225,878.986,564.865
60.000,49,403.236,1271.250,307.264
60.000,50,420.171,680.845,488.668
60.000,51,1557.109,760.584,566.953
60.000,52,1319.135,1798.384,487.528
60.000,53,462.235,2149.457,415.637
60.000,54,791.856,104.330,448.090
60.000,55,1409.936,157.814,475.044
60.000,56,980.425,716.056,555.038
60.000,57,791.844,2231.990,191.361
60.000,58,1173.044,115.349,341.030
60.000,59,1127.674,1901.296,462.141
60.000,60,185.633,1774.726,558.522
60.000,61,1013.785,2221.671,196.967
60.000,62,949.070,2068.347,362.095
60.000,63,1173.549,846.784,228.965
60.000,64,509.388,1801.611,389.679
60.000,65,134.457,472.554,382.451
60.000,66,1669.294,647.979,538.876
60.000,67,1575.634,808.903,372.874
60.000,68,908.943,188.899,449.419
60.000,69,877.784,2155.492,580.286
60.000,70,288.088,1794.308,445.545
60.000,71,549.895,420.621,324.780
60.000,72,1723.556,958.076,425.040
60.000,73,1979.097,1684.659,171.531
65.000,0,1554.268,1090.541,499.898
65.000,1,135.456,74.599,156.886
65.000,2,1485.941,322.241,442.710
65.000,3,82.936,219.929,198.626
65.000,4,1316.384,946.841,562.289
65.000,5,257.334,308.387,150.271
65.000,6,1786.652,1818.655,526.732
65.000,7,291.325,470.317,337.948
65.000,8,380.317,177.490,315.971
65.000,9,1329.387,2277.705,421.098
65.000,10,1820.874,1764.472,588.215
65.000,11,828.197,1455.372,574.688
65.000,12,1392.379,1009.333,332.645
65.000,13,548.358,1734.654,517.914
65.000,14,929.337,333.766,545.871
65.000,15,981.056,638.363,568.957
65.000,16,1009.427,33.896,122.744
65.000,17,1609.536,2331.158,170.084
65.000,18,35.930,425.851,431.322
65.000,19,1596.218,1499.766,240.723
65.000,20,212.945,2294.314,441.520
65.000,21,1134.631,2185.053,308.070
65.000,22,1197.488,663.580,516.917
65.000,23,133.279,1654.511,215.356
65.000,24,591.230,1768.543,147.160
65.000,25,1445.386,879.657,160.615
65.000,26,1773.615,1094.796,249.613
65.000,27,1373.795,1441.785,436.163
65.000,28,1604.311,446.713,583.522
65.000,29,1548.654,1093.397,538.235
65.000,30,1794.550,1008.873,309.934
65.000,31,910.128,196.451,283.706
65.000,32,509.122,195.901,113.210
65.000,33,1947.403,1320.310,208.594
65.000,34,488.455,822.345,160.440
65.000,35,1041.232,381.019,468.137
65.000,36,1053.197,1806.264,271.142
65.000,37,235.036,669.361,309.734
65.000,38,1939.863,568.382,456.550
65.000,39,2012.457,1937.438,178.835
65.000,40,1412.152,1710.733,209.619
65.000,41,1569.652,720.365,269.140
65.000,42,978.269,1211.952,517.149
65.000,43,560.415,423.964,395.879
65.000,44,369.419,1742.553,224.708
65.000,45,1436.184,885.226,100.898
65.000,46,1895.150,1531.469,291.517
65.000,47,1439.614,581.490,419.860
65.000,48,1288.405,914.393,562.231
65.000,49,523.279,1186.845,309.061
65.000,50,458.903,802.931,483.480
65.000,51,1687.478,759.139,558.859
65.000,52,1299.309,1917.695,491.156
65.000,53,379.062,2065.979,412.407
65.000,54,726.268,169.259,449.993
65.000,55,1354.354,264.601,478.779
65.000,56,916.505,624.902,556.111
65.000,57,826.014,2350.431,189.995
65.000,58,1095.649,109.388,338.957
65.000,59,1214.216,1824.937,465.422
65.000,60,157.898,1685.140,557.379
65.000,61,1060.042,2320.789,195.018
65.000,62,856.463,2194.985,366.819
65.000,63,1139.680,935.889,230.075
65.000,64,512.039,1886.945,383.623
65.000,65,196.415,520.878,380.770
65.000,66,1631.907,752.156,534.027
65.000,67,1666.277,825.622,367.860
65.000,68,921.846,294.284,444.037
65.000,69,864.283,2066.794,577.159
65.000,70,238.476,1694.679,441.128
65.000,71,460.836,492.448,325.012
65.000,72,1771.571,842.245,425.418
65.000,73,1918.387,1618.681,171.110
70.000,0,1504.236,954.301,496.434
70.000,1,154.410,204.474,156.388
70.000,2,1413.546,353.213,440.236
70.000,3,78.814,369.304,202.920
70.000,4,1365.370,887.627,557.330
70.000,5,232.054,424.681,149.700
70.000,6,1765.337,1708.917,530.963
70.000,7,288.389,557.772,338.610
70.000,8,347.043,107.016,316.944
70.000,9,1257.842,2250.673,422.146
70.000,10,1877.003,1842.264,587.351
70.000,11,719.312,1412.619,577.938
70.000,12,1343.353,1147.490,332.659
70.000,13,662.038,1658.130,518.318
70.000,14,1006.451,460.495,546.658
70.000,15,1036.338,748.092,566.914
70.000,16,996.922,75.077,117.913
70.000,17,1633.828,2340.400,167.006
70.000,18,111.793,318.246,436.871
70.000,19,1712.796,1459.744,234.736
70.000,20,81.538,2349.750,442.380
70.000,21,1074.776,2231.634,308.404
70.000,22,1174.859,568.843,515.150
70.000,23,113.782,1728.368,211.357
70.000,24,463.309,1788.505,148.490
70.000,25,1561.206,894.173,164.002
70.000,26,1719.405,1021.284,248.939
70.000,27,1378.951,1569.583,427.795
70.000,28,1488.230,541.006,588.234
70.000,29,1448.396,1055.310,535.075
70.000,30,1922.430,966.919,307.070
70.000,31,805.936,112.472,284.986
70.000,32,563.912,141.640,116.972
70.000,33,1960.002,1391.491,202.406
70.000,34,501.215,715.102,159.420
70.000,35,1083.211,504.152,462.000
70.000,36,1171.571,1820.403,273.552
70.000,37,376.074,678.114,314.185
70.000,38,1973.927,500.792,457.090
70.000,39,1935.341,1935.172,182.262
70.000,40,1318.520,1785.066,206.048
70.000,41,1667.922,678.294,271.908
70.000,42,1007.511,1111.525,514.375
70.000,43,457.086,516.825,407.633
70.000,44,483.979,1807.603,229.150
70.000,45,1533.942,788.036,103.952
70.000,46,1916.264,1452.620,295.000
70.000,47,1404.462,490.693,420.499
70.000,48,1197.338,940.673,561.490
70.000,49,616.008,1081.257,308.339
70.000,50,497.614,924.559,481.663
70.000,51,1814.443,726.945,552.946
70.000,52,1260.670,2044.631,496.182
70.000,53,333.806,1951.809,406.590
70.000,54,636.275,213.222,450.247
70.000,55,1306.513,379.056,482.039
70.000,56,851.245,541.305,558.347
70.000,57,870.706,2276.728,190.355
70.000,58,1020.806,94.896,337.812
70.000,59,1290.357,1736.854,471.951
70.000,60,149.092,1595.457,551.762
70.000,61,1099.265,2325.691,192.801
70.000,62,764.439,2316.811,374.123
70.000,63,1113.738,1032.827,231.123
70.000,64,516.466,1971.118,378.593
70.000,65,250.631,573.794,378.119
70.000,66,1603.996,854.798,532.432
70.000,67,1754.422,865.053,363.633
70.000,68,913.002,398.402,438.946
70.000,69,851.400,1978.932,574.785
70.000,70,177.581,1617.182,439.626
70.000,71,370.230,555.423,322.917
70.000,72,1828.697,733.044,425.891
70.000,73,1858.962,1561.312,170.698
75.000,0,1473.171,810.452,491.104
75.000,1,131.461,341.084,156.643
75.000,2,1325.246,368.327,437.120
75.000,3,107.744,517.366,205.589
75.000,4,1424.945,823.790,552.209
75.000,5,198.928,535.685,150.428
75.000,6,1757.858,1598.319,531.876
75.000,7,276.807,654.727,339.488
75.000,8,296.729,43.321,316.266
75.000,9,1185.005,2213.505,426.346
75.000,10,1915.464,1940.757,584.280
75.000,11,598.597,1374.395,581.956
75.000,12,1240.493,1259.845,332.299
75.000,13,766.133,1546.354,522.900
75.000,14,1070.424,593.735,543.915
75.000,15,1095.523,844.480,565.758
75.000,16,994.081,167.727,113.534
75.000,17,1643.152,2256.641,162.509
75.000,18,154.500,197.114,441.745
75.000,19,1829.162,1434.861,231.464
75.000,20,54.556,2349.729,442.856
75.000,21,1004.818,2262.363,308.851
75.000,22,1152.455,483.457,514.548
75.000,23,82.518,1815.897,204.841
75.000,24,333.470,1795.744,145.752
75.000,25,1686.339,882.116,168.433
75.000,26,1658.070,942.781,248.563
75.000,27,1389.168,1705.962,421.828
75.000,28,1357.866,614.419,592.228
75.000,29,1343.844,1027.258,532.879
75.000,30,1989.027,915.491,306.113
75.000,31,692.455,40.714,285.434
75.000,32,612.323,76.053,121.175
75.000,33,1831.604,1460.142,203.750
75.000,34,529.083,602.469,157.559
75.000,35,1139.680,632.748,462.215
75.000,36,1285.962,1821.285,269.797
75.000,37,513.134,710.323,311.554
75.000,38,2007.343,442.538,456.131
75.000,39,1839.455,1945.631,184.441
75.000,40,1219.487,1848.048,206.459
75.000,41,1750.860,628.724,275.149
75.000,42,1045.681,1022.531,513.598
75.000,43,376.197,633.673,415.779
75.000,44,592.850,1875.883,233.635
75.000,45,1656.635,744.663,107.434
75.000,46,1916.569,1372.756,298.803
75.000,47,1358.849,416.075,419.849
75.000,48,1105.367,957.269,560.537
75.000,49,711.461,973.282,305.595
75.000,50,537.410,1045.448,482.432
75.000,51,1944.678,733.418,547.580
75.000,52,1224.705,2171.249,504.069
75.000,53,288.935,1839.424,397.597
75.000,54,545.088,248.800,450.527
75.000,55,1261.189,504.975,485.669
75.000,56,794.623,451.635,558.322
75.000,57,931.479,2149.115,192.373
75.000,58,944.088,104.527,335.416
75.000,59,1390.866,1672.044,476.790
75.000,60,132.371,1499.509,547.353
75.000,61,1155.386,2225.318,192.477
75.000,62,667.762,2297.104,378.370
75.000,63,1109.725,1135.601,231.318
75.000,64,517.839,2043.295,376.149
75.000,65,295.751,626.859,373.547
75.000,66,1584.604,966.535,530.218
75.000,67,1851.296,903.496,358.553
75.000,68,915.419,503.232,433.867
75.000,69,842.822,1896.029,570.502
75.000,70,89.243,1559.217,440.525
75.000,71,274.418,624.206,317.023
75.000,72,1872.857,624.303,428.619
75.000,73,1795.497,1498.733,172.232
80.000,0,1490.032,666.457,488.559
80.000,1,85.039,479.117,160.168
80.000,2,1243.903,394.310,433.523
80.000,3,152.367,651.658,211.364
80.000,4,1505.291,793.659,549.030
80.000,5,144.407,640.924,147.613
80.000,6,1752.349,1489.465,533.078
80.000,7,287.138,752.254,342.534
80.000,8,245.939,33.886,313.618
80.000,9,1105.339,2184.618,428.728
80.000,10,1963.782,2026.006,583.984
80.000,11,486.129,1349.265,585.021
80.000,12,1163.305,1384.979,334.934
80.000,13,900.010,1478.260,531.341
80.000,14,1128.081,721.161,540.169
80.000,15,1141.708,933.066,566.384
80.000,16,986.172,256.725,108.574
80.000,17,1642.826,2171.217,156.384
80.000,18,197.949,75.701,445.769
80.000,19,1940.513,1386.791,228.427
80.000,20,179.076,2291.338,440.914
80.000,21,928.584,2273.620,310.035
80.000,22,1146.009,392.787,515.023
80.000,23,25.556,1890.415,198.301
80.000,24,205.437,1821.536,145.278
80.000,25,1818.730,873.108,168.617
80.000,26,1611.124,864.542,247.353
80.000,27,1390.469,1842.944,417.027
80.000,28,1228.525,676.462,592.641
80.000,29,1254.300,956.247,530.041
80.000,30,1901.201,830.248,303.829
80.000,31,574.252,30.453,287.090
80.000,32,634.842,9.726,122.521
80.000,33,1700.275,1514.519,205.256
80.000,34,561.565,489.909,158.753
80.000,35,1213.682,754.925,455.863
80.000,36,1406.695,1855.228,265.683
80.000,37,649.249,746.291,308.877
80.000,38,1968.082,367.310,453.379
80.000,39,1747.911,1944.317,188.023
80.000,40,1119.970,1914.654,201.654
80.000,41,1845.204,583.319,277.432
80.000,42,1046.403,926.355,513.979
80.000,43,279.930,734.139,423.668
80.000,44,707.856,1933.127,238.142
80.000,45,1779.085,697.039,112.727
80.000,46,1890.721,1284.326,299.990
80.000,47,1309.354,336.121,420.040
80.000,48,1017.100,996.786,560.656
80.000,49,793.711,858.303,300.906
80.000,50,584.726,1162.284,482.758
80.000,51,1942.795,748.571,545.436
80.000,52,1202.837,2288.843,510.244
80.000,53,247.651,1727.834,395.013
80.000,54,458.020,294.663,451.700
80.000,55,1191.278,610.159,491.516
80.000,56,744.082,348.807,557.247
80.000,57,973.198,2012.025,196.201
80.000,58,865.765,107.741,332.661
80.000,59,1468.141,1586.014,479.518
80.000,60,103.627,1402.123,545.614
80.000,61,1204.236,2130.063,194.208
80.000,62,568.244,2180.465,379.316
80.000,63,1092.144,1233.637,230.760
80.000,64,536.110,2114.639,372.985
80.000,65,343.611,682.415,372.379
80.000,66,1548.346,1075.780,525.567
80.000,67,1946.764,940.359,352.267
80.000,68,944.397,603.889,428.640
80.000,69,852.283,1820.736,569.482
80.000,70,42.474,1465.415,441.642
80.000,71,192.501,700.082,312.658
80.000,72,1921.427,514.164,427.041
80.000,73,1731.460,1438.549,176.039
85.000,0,1423.586,531.659,489.308
85.000,1,23.991,607.124,165.245
85.000,2,1159.153,422.739,430.519
85.000,3,186.591,799.878,216.534
85.000,4,1572.309,747.417,545.649
85.000,5,120.629,749.207,143.622
85.000,6,1782.912,1387.171,533.187
85.000,7,285.799,850.568,341.032
85.000,8,208.015,110.354,311.560
85.000,9,1020.821,2172.894,430.514
85.000,10,2010.242,2096.949,583.977
85.000,11,374.596,1351.721,584.894
85.000,12,1111.429,1522.248,337.303
85.000,13,1016.154,1379.297,539.569
85.000,14,1196.594,844.525,535.425
85.000,15,1212.994,1012.143,564.356
85.000,16,978.913,340.501,104.574
85.000,17,1645.281,2089.650,149.139
85.000,18,243.571,64.525,453.262
85.000,19,1968.568,1328.989,227.038
85.000,20,288.173,2209.936,440.643
85.000,21,861.870,2287.807,312.972
85.000,22,1128.237,303.592,513.277
85.000,23,21.269,1971.752,191.631
85.000,24,69.944,1839.626,141.017
85.000,25,1940.967,905.465,173.670
85.000,26,1564.302,789.856,245.726
85.000,27,1397.135,1982.070,414.634
85.000,28,1084.920,712.054,588.239
85.000,29,1168.994,907.553,527.579
85.000,30,1807.608,749.907,298.115
85.000,31,468.567,111.546,295.283
85.000,32,681.350,86.842,123.233
85.000,33,1570.014,1557.640,201.289
85.000,34,591.375,380.406,156.763
85.000,35,1320.153,854.883,449.274
85.000,36,1522.068,1890.729,266.292
85.000,37,780.244,777.387,310.401
85.000,38,1912.988,302.687,448.448
85.000,39,1669.728,1918.346,191.662
85.000,40,1033.221,2013.546,199.849
85.000,41,1935.238,539.323,278.525
85.000,42,1049.805,826.750,513.922
85.000,43,164.201,805.595,424.765
85.000,44,822.876,1993.184,240.962
85.000,45,1923.248,659.138,116.022
85.000,46,1873.014,1190.718,301.205
85.000,47,1258.956,253.547,418.312
85.000,48,928.040,1040.571,562.469
85.000,49,884.105,755.931,300.300
85.000,50,638.720,1282.269,482.686
85.000,51,1818.571,755.708,542.795
85.000,52,1151.631,2354.402,514.002
85.000,53,192.713,1611.157,390.917
85.000,54,375.025,340.661,452.159
85.000,55,1130.315,708.932,494.803
85.000,56,685.024,258.947,557.059
85.000,57,1027.943,1886.845,197.986
85.000,58,788.680,106.783,330.076
85.000,59,1541.900,1501.434,482.854
85.000,60,76.205,1312.675,544.393
85.000,61,1254.752,2025.961,195.978
85.000,62,444.569,2090.975,380.328
85.000,63,1086.620,1336.035,229.728
85.000,64,553.130,2181.326,370.869
85.000,65,388.235,750.086,370.953
85.000,66,1526.120,1188.768,513.167
85.000,67,2010.716,997.390,347.778
85.000,68,958.568,712.995,423.426
85.000,69,884.335,1740.569,567.045
85.000,70,19.990,1384.492,442.778
85.000,71,100.129,755.887,309.935
85.000,72,1967.736,405.102,423.969
85.000,73,1676.385,1372.285,178.043
90.000,0,1359.679,395.937,487.640
90.000,1,46.361,732.413,166.050
90.000,2,1085.363,440.395,426.590
90.000,3,181.620,946.005,221.994
90.000,4,1634.845,693.123,540.322
90.000,5,121.513,853.113,140.674
90.000,6,1807.677,1284.979,533.420
90.000,7,300.993,945.429,339.648
90.000,8,152.617,163.615,310.590
90.000,9,947.099,2142.737,431.936
90.000,10,1937.137,2173.165,582.201
90.000,11,257.208,1332.908,585.683
90.000,12,1057.055,1664.694,341.727
90.000,13,1135.112,1283.710,551.489
90.000,14,1250.694,982.680,535.939
90.000,15,1273.968,1118.618,561.425
90.000,16,967.296,417.144,101.640
90.000,17,1644.892,2010.819,145.427
90.000,18,310.623,179.442,458.349
90.000,19,1847.754,1287.321,221.426
90.000,20,393.105,2145.402,442.740
90.000,21,797.361,2304.466,313.642
90.000,22,1100.321,209.926,512.444
90.000,23,68.408,2043.475,188.586
90.000,24,65.176,1861.242,138.449
90.000,25,1964.275,912.019,180.271
90.000,26,1522.069,718.915,247.418
90.000,27,1410.324,2121.677,410.984
90.000,28,939.584,754.924,585.793
90.000,29,1075.392,880.910,526.922
90.000,30,1702.128,679.549,293.865
90.000,31,377.914,207.205,300.329
90.000,32,732.206,151.414,125.700
90.000,33,1457.086,1636.667,197.604
90.000,34,657.654,293.841,153.513
90.000,35,1421.372,947.753,438.752
90.000,36,1631.479,1917.604,266.985
90.000,37,924.083,809.102,312.946
90.000,38,1854.230,239.667,445.426
90.000,39,1595.968,1892.947,193.196
90.000,40,957.605,2111.455,196.486
90.000,41,2004.984,478.113,280.343
90.000,42,1104.262,737.847,511.714
90.000,43,50.114,881.191,428.192
90.000,44,943.356,2024.391,243.801
90.000,45,1977.769,592.721,115.129
90.000,46,1868.127,1103.816,302.268
90.000,47,1202.654,181.467,420.124
90.000,48,845.558,1080.952,562.433
90.000,49,973.839,644.664,298.906
90.000,50,669.959,1401.930,483.328
90.000,51,1694.273,766.097,537.738
90.000,52,1103.447,2242.558,517.532
90.000,53,143.324,1492.591,386.317
90.000,54,287.906,387.655,455.009
90.000,55,1072.023,818.695,497.374
90.000,56,654.901,160.717,556.549
90.000,57,1076.789,1771.189,199.608
90.000,58,707.771,109.572,324.620
90.000,59,1639.956,1422.043,488.753
90.000,60,69.436,1225.041,541.073
90.000,61,1273.222,1911.415,195.725
90.000,62,352.565,1967.085,382.062
90.000,63,1107.977,1431.248,229.073
90.000,64,587.199,2237.184,368.752
90.000,65,451.022,811.485,369.355
90.000,66,1500.817,1302.587,503.523
90.000,67,1938.719,1055.527,344.244
90.000,68,969.692,819.358,418.064
90.000,69,891.914,1655.032,562.393
90.000,70,80.999,1299.202,444.941
90.000,71,16.297,828.640,308.416
90.000,72,2006.083,285.916,423.237
90.000,73,1608.191,1323.508,179.630
95.000,0,1337.038,246.578,485.290
95.000,1,99.316,853.625,167.067
95.000,2,1025.057,483.559,422.821
95.000,3,189.745,1086.952,227.190
95.000,4,1713.638,661.261,536.028
95.000,5,131.980,959.884,136.273
95.000,6,1823.908,1178.067,535.963
95.000,7,334.158,1039.084,339.164
95.000,8,102.832,234.148,310.134
95.000,9,868.908,2099.352,431.625
95.000,10,1866.005,2255.793,581.143
95.000,11,136.409,1289.674,585.674
95.000,12,990.398,1810.398,345.461
95.000,13,1240.032,1184.078,554.201
95.000,14,1327.357,1098.127,537.520
95.000,15,1339.538,1215.955,556.211
95.000,16,950.987,496.499,103.420
95.000,17,1670.002,1932.791,140.411
95.000,18,375.029,309.224,464.833
95.000,19,1724.826,1283.285,213.965
95.000,20,513.909,2098.608,446.892
95.000,21,722.450,2302.142,313.787
95.000,22,1073.504,116.283,513.061
95.000,23,104.530,2114.168,187.692
95.000,24,190.908,1897.623,138.812
95.000,25,1831.105,921.266,182.385
95.000,26,1465.735,651.055,248.916
95.000,27,1452.978,2257.326,409.812
95.000,28,816.085,836.481,588.028
95.000,29,974.579,874.398,526.417
95.000,30,1601.634,607.785,290.157
95.000,31,272.013,279.405,305.842
95.000,32,782.038,215.460,125.325
95.000,33,1330.703,1685.734,194.518
95.000,34,692.643,186.438,152.126
95.000,35,1516.450,1043.873,433.987
95.000,36,1738.389,1951.631,265.662
95.000,37,1069.906,845.609,314.999
95.000,38,1814.436,164.026,444.050
95.000,39,1516.839,1883.176,195.082
95.000,40,879.479,2208.318,195.719
95.000,41,1922.720,424.768,281.779
95.000,42,1152.075,655.735,506.927
95.000,43,78.590,964.352,432.498
95.000,44,1050.590,2095.880,247.450
95.000,45,1839.269,538.835,115.489
95.000,46,1878.507,1014.568,301.684
95.000,47,1150.027,113.782,422.261
95.000,48,761.235,1138.982,562.037
95.000,49,1062.837,542.518,295.717
95.000,50,750.496,1505.341,483.447
95.000,51,1578.498,813.556,531.594
95.000,52,1057.511,2119.998,519.994
95.000,53,62.138,1397.577,381.496
95.000,54,197.253,418.194,455.343
95.000,55,1028.470,938.901,500.143
95.000,56,580.084,86.889,558.719
95.000,57,1082.109,1646.375,203.061
95.000,58,633.541,119.940,323.856
95.000,59,1717.428,1331.938,493.465
95.000,60,73.629,1137.489,536.664
95.000,61,1337.107,1824.360,193.748
95.000,62,266.178,1844.153,384.330
95.000,63,1098.387,1525.831,229.849
95.000,64,637.135,2294.773,368.154
95.000,65,516.706,858.797,368.860
95.000,66,1475.761,1420.979,493.912
95.000,67,1854.428,1091.759,339.965
95.000,68,974.510,926.471,414.378
95.000,69,896.328,1577.270,557.616
95.000,70,155.752,1226.376,445.476
95.000,71,82.503,898.560,305.390
95.000,72,1987.621,164.638,426.211
95.000,73,1528.439,1284.984,183.668
100.000,0,1337.184,95.521,482.142
100.000,1,154.625,969.943,169.436
100.000,2,968.136,537.341,420.646
100.000,3,234.105,1224.415,232.877
100.000,4,1796.645,625.987,530.096
100.000,5,161.803,1075.529,133.923
100.000,6,1836.674,1070.690,541.975
100.000,7,365.472,1131.064,338.332
100.000,8,50.459,295.221,308.900
100.000,9,779.692,2076.911,434.963
100.000,10,1791.368,2329.266,581.887
100.000,11,15.374,1267.099,585.952
100.000,12,921.741,1947.159,349.568
100.000,13,1365.567,1104.393,554.656
100.000,14,1420.935,1190.066,535.689
100.000,15,1432.545,1282.601,552.482
100.000,16,923.968,571.801,107.784
100.000,17,1674.934,1853.639,135.038
100.000,18,417.377,433.239,471.648
100.000,19,1595.115,1286.967,207.129
100.000,20,628.870,2039.006,445.712
100.000,21,640.852,2300.657,314.296
100.000,22,1044.156,25.590,513.396
100.000,23,137.449,2190.432,184.928
100.000,24,316.284,1905.552,136.541
100.000,25,1703.331,889.645,183.025
100.000,26,1419.450,574.014,249.367
100.000,27,1512.091,2362.158,409.373
100.000,28,675.543,856.687,592.375
100.000,29,867.324,843.857,522.650
100.000,30,1493.261,544.457,287.334
100.000,31,164.226,348.804,310.469
100.000,32,817.892,289.235,125.232
100.000,33,1204.794,1717.985,190.869
100.000,34,727.065,80.473,150.723
100.000,35,1633.705,1124.687,431.788
100.000,36,1850.285,1985.355,262.793
100.000,37,1204.703,894.113,317.517
100.000,38,1783.121,90.577,438.982
100.000,39,1432.536,1888.069,199.520
100.000,40,819.055,2309.979,192.770
100.000,41,1821.352,376.268,282.175
100.000,42,1207.498,563.283,504.753
100.000,43,152.455,1077.474,434.902
100.000,44,1164.837,2170.312,253.303
100.000,45,1729.581,459.141,117.699
100.000,46,1879.800,920.676,304.680
100.000,47,1108.040,39.803,423.022
100.000,48,679.925,1189.422,562.065
100.000,49,1192.944,479.633,288.073
100.000,50,802.555,1619.979,482.594
100.000,51,1461.299,855.638,526.890
100.000,52,1038.745,1996.233,522.566
100.000,53,26.318,1288.246,374.944
100.000,54,99.292,407.409,458.536
100.000,55,969.299,1044.562,504.476
100.000,56,496.614,25.831,561.758
100.000,57,1104.587,1532.382,203.118
100.000,58,563.202,139.992,321.054
100.000,59,1798.342,1248.211,495.357
100.000,60,79.873,1040.411,534.584
100.000,61,1388.037,1728.982,190.987
100.000,62,189.902,1712.693,387.042
100.000,63,1086.030,1623.094,230.757
100.000,64,668.845,2361.839,367.084
100.000,65,577.297,909.841,368.546
100.000,66,1435.737,1538.433,485.546
100.000,67,1754.040,1112.556,336.605
100.000,68,997.596,1026.356,408.648
100.000,69,911.328,1499.570,554.800
100.000,70,225.970,1155.033,445.950
100.000,71,162.437,977.143,301.559
100.000,72,1977.184,30.860,429.789
100.000,73,1452.483,1249.241,187.707
105.000,0,1277.128,42.268,480.882
105.000,1,224.088,1093.418,171.700
105.000,2,902.213,586.652,418.707
105.000,3,258.944,1366.778,236.399
105.000,4,1878.410,592.915,525.809
105.000,5,185.654,1193.772,128.754
105.000,6,1803.878,958.093,545.479
105.000,7,348.052,1216.940,339.951
105.000,8,19.672,360.961,307.675
105.000,9,703.072,2034.273,437.294
105.000,10,1717.959,2330.118,580.405
105.000,11,106.677,1241.901,588.882
105.000,12,879.152,2098.617,351.735
105.000,13,1494.122,1035.335,560.198
105.000,14,1510.922,1296.737,529.593
105.000,15,1530.480,1332.460,551.421
105.000,16,895.888,648.992,112.026
105.000,17,1701.367,1777.896,131.062
105.000,18,471.286,553.154,484.209
105.000,19,1465.944,1281.215,203.929
105.000,20,747.079,1971.974,443.167
105.000,21,555.226,2317.269,316.172
105.000,22,1021.582,58.688,512.029
105.000,23,178.472,2264.583,180.731
105.000,24,439.018,1918.836,132.682
105.000,25,1581.400,886.324,185.419
105.000,26,1359.005,513.824,247.279
105.000,27,1552.375,2224.976,407.251
105.000,28,535.727,868.756,595.247
105.000,29,760.675,819.425,519.792
105.000,30,1387.800,472.086,282.878
105.000,31,57.529,405.114,316.192
105.000,32,858.627,365.318,125.689
105.000,33,1072.212,1766.220,188.120
105.000,34,780.796,37.658,148.740
105.000,35,1726.061,1229.801,428.943
105.000,36,1975.367,2001.383,264.217
105.000,37,1337.744,937.125,319.849
105.000,38,1735.901,28.486,432.564
105.000,39,1343.292,1887.444,205.052
105.000,40,753.337,2337.806,188.058
105.000,41,1723.433,339.207,283.005
105.000,42,1234.262,454.857,501.499
105.000,43,220.946,1188.962,442.607
105.000,44,1273.114,2247.430,258.108
105.000,45,1638.891,362.346,119.730
105.000,46,1868.159,829.473,309.784
105.000,47,1073.580,39.584,423.556
105.000,48,616.220,1258.544,561.716
105.000,49,1295.739,380.658,287.357
105.000,50,824.790,1742.461,481.836
105.000,51,1336.943,907.744,520.103
105.000,52,1052.436,1875.563,524.207
105.000,53,35.136,1186.537,368.570
105.000,54,18.554,407.066,460.464
105.000,55,913.130,1146.531,510.087
105.000,56,449.437,86.928,563.565
105.000,57,1125.840,1414.604,201.819
105.000,58,494.173,140.495,318.544
105.000,59,1836.269,1138.627,501.396
105.000,60,86.538,951.908,530.286
105.000,61,1410.038,1627.001,188.284
105.000,62,125.013,1571.288,389.419
105.000,63,1085.895,1710.915,233.135
105.000,64,700.679,2325.708,364.112
105.000,65,642.276,949.862,367.881
105.000,66,1394.185,1652.788,477.967
105.000,67,1657.295,1140.010,333.379
105.000,68,1035.299,1123.335,404.315
105.000,69,920.775,1413.399,552.173
105.000,70,285.540,1075.551,446.790
105.000,71,232.536,1063.655,298.048
105.000,72,1938.927,104.633,432.136
105.000,73,1382.917,1212.149,190.671
110.000,0,1246.963,189.420,478.294
110.000,1,278.790,1221.584,170.822
110.000,2,840.866,634.723,417.830
110.000,3,286.773,1516.277,241.989
110.000,4,1951.674,536.815,519.130
110.000,5,209.752,1309.655,124.407
110.000,6,1786.917,845.366,546.173
110.000,7,320.011,1298.970,340.537
110.000,8,62.865,442.179,308.253
110.000,9,634.930,1982.977,438.038
110.000,10,1664.544,2240.139,580.913
110.000,11,214.003,1207.475,595.038
110.000,12,805.749,2240.265,349.757
110.000,13,1610.452,965.610,566.877
110.000,14,1603.196,1396.695,522.157
110.000,15,1622.292,1386.714,551.900
110.000,16,880.520,738.609,116.421
110.000,17,1742.077,1703.548,129.132
110.000,18,510.735,679.466,492.200
110.000,19,1348.567,1227.110,195.929
110.000,20,866.874,1899.669,440.821
110.000,21,474.451,2311.413,315.738
110.000,22,1009.658,147.716,512.223
110.000,23,196.284,2347.139,176.935
110.000,24,571.738,1940.977,132.092
110.000,25,1456.418,909.206,191.396
110.000,26,1302.872,433.210,248.500
110.000,27,1614.140,2105.114,402.683
110.000,28,396.682,886.667,598.648
110.000,29,659.546,794.112,516.724
110.000,30,1288.321,397.779,276.082
110.000,31,28.942,501.486,320.232
110.000,32,893.236,450.388,128.543
110.000,33,950.583,1824.569,185.251
110.000,34,834.482,128.864,147.236
110.000,35,1794.481,1348.369,426.320
110.000,36,1922.329,2018.158,265.176
110.000,37,1474.515,975.144,325.604
110.000,38,1669.850,24.937,427.590
110.000,39,1266.136,1917.277,210.747
110.000,40,661.536,2268.675,181.673
110.000,41,1629.280,291.015,285.238
110.000,42,1275.798,361.734,503.482
110.000,43,341.252,1250.895,450.540
110.000,44,1385.186,2276.268,260.675
110.000,45,1559.319,268.081,117.947
110.000,46,1847.532,737.753,310.353
110.000,47,1044.131,126.805,426.767
110.000,48,530.384,1308.715,562.283
110.000,49,1414.131,295.147,290.679
110.000,50,852.662,1869.868,481.461
110.000,51,1209.661,915.099,513.508
110.000,52,1045.832,1755.325,524.775
110.000,53,105.018,1093.799,361.802
110.000,54,111.210,454.802,461.811
110.000,55,858.698,1244.171,514.213
110.000,56,411.133,187.833,565.837
110.000,57,1176.431,1302.789,198.947
110.000,58,425.836,130.468,317.898
110.000,59,1874.796,1033.175,504.080
110.000,60,81.117,872.786,526.611
110.000,61,1432.161,1519.624,183.164
110.000,62,19.088,1459.572,393.585
110.000,63,1089.974,1804.661,233.825
110.000,64,725.517,2260.486,361.699
110.000,65,696.886,1002.778,366.035
110.000,66,1350.681,1756.009,474.499
110.000,67,1569.321,1167.315,332.907
110.000,68,1068.446,1227.730,401.422
110.000,69,920.088,1328.162,548.794
110.000,70,327.037,990.898,447.172
110.000,71,319.965,1144.290,295.065
110.000,72,1873.688,220.316,430.992
110.000,73,1318.426,1172.704,193.396
115.000,0,1239.288,334.376,476.228
115.000,1,298.911,1365.939,173.649
115.000,2,784.268,684.758,415.817
115.000,3,270.780,1671.413,248.754
115.000,4,2000.369,469.992,513.578
115.000,5,197.902,1427.302,121.400
115.000,6,1814.965,741.470,546.935
115.000,7,288.017,1386.483,341.603
115.000,8,87.011,517.954,307.990
115.000,9,568.392,1927.370,442.530
115.000,10,1609.280,2153.406,577.195
115.000,11,334.132,1196.984,594.592
115.000,12,723.268,2376.180,349.811
115.000,13,1733.602,887.582,570.796
115.000,14,1703.943,1499.212,518.750
115.000,15,1714.616,1454.113,548.037
115.000,16,858.784,832.712,121.099
115.000,17,1779.018,1642.417,125.958
115.000,18,532.870,803.687,501.111
115.000,19,1241.469,1153.237,189.025
115.000,20,986.815,1825.800,439.325
115.000,21,397.172,2313.902,315.383
115.000,22,996.031,243.713,512.822
115.000,23,222.555,2333.938,174.996
115.000,24,702.394,1975.153,128.020
115.000,25,1320.221,944.170,197.116
115.000,26,1250.621,353.923,247.568
115.000,27,1679.291,1987.392,395.304
115.000,28,269.049,958.327,598.637
115.000,29,582.978,749.457,514.780
115.000,30,1168.679,376.546,268.682
115.000,31,112.084,603.453,326.459
115.000,32,916.292,540.142,131.518
115.000,33,829.938,1893.449,185.229
115.000,34,878.187,221.519,148.278
115.000,35,1814.288,1482.525,423.108
115.000,36,1801.606,2047.081,263.248
115.000,37,1617.686,981.169,330.997
115.000,38,1616.680,81.330,422.721
115.000,39,1176.968,1916.542,213.805
115.000,40,568.679,2212.158,177.432
115.000,41,1538.519,239.443,288.221
115.000,42,1309.745,265.394,501.404
115.000,43,454.718,1320.463,458.152
115.000,44,1497.300,2322.863,262.617
115.000,45,1447.791,209.256,117.388
115.000,46,1832.814,659.947,311.360
115.000,47,989.128,200.917,427.759
115.000,48,434.641,1353.385,562.291
115.000,49,1487.369,171.038,291.496
115.000,50,902.394,1989.225,477.826
115.000,51,1084.949,935.392,506.459
115.000,52,1053.266,1633.208,526.967
115.000,53,175.842,1007.608,356.767
115.000,54,201.236,503.927,463.392
115.000,55,845.420,1355.734,521.209
115.000,56,372.778,288.084,570.841
115.000,57,1247.265,1185.804,192.208
115.000,58,344.583,121.899,315.636
115.000,59,1936.838,927.880,505.706
115.000,60,57.551,790.614,524.203
115.000,61,1458.903,1406.821,179.747
115.000,62,86.050,1332.955,398.642
115.000,63,1094.152,1893.570,235.407
115.000,64,755.968,2192.755,359.122
115.000,65,733.725,1069.569,363.585
115.000,66,1326.602,1870.437,472.380
115.000,67,1487.089,1187.098,329.304
115.000,68,1108.465,1324.756,397.298
115.000,69,942.719,1247.232,544.488
115.000,70,351.417,886.582,446.677
115.000,71,435.710,1194.593,294.232
115.000,72,1795.167,319.625,433.406
115.000,73,1249.455,1126.301,196.245
120.000,0,1244.475,483.381,474.796
120.000,1,326.908,1500.927,174.877
120.000,2,725.883,725.878,413.615
120.000,3,286.294,1823.389,257.821
120.000,4,1981.268,408.404,509.910
120.000,5,188.009,1553.925,119.290
120.000,6,1848.233,632.408,547.825
120.000,7,249.176,1471.634,342.712
120.000,8,118.183,582.689,306.762
120.000,9,508.900,1864.388,444.965
120.000,10,1534.612,2071.323,572.939
120.000,11,455.157,1191.449,594.156
120.000,12,668.003,2234.746,348.575
120.000,13,1833.897,786.071,575.895
120.000,14,1776.970,1623.131,518.893
120.000,15,1792.906,1542.259,542.562
120.000,16,847.905,930.121,125.571
120.000,17,1781.815,1564.558,123.796
120.000,18,598.443,913.428,508.659
120.000,19,1115.870,1119.779,186.765
120.000,20,1114.578,1756.380,440.371
120.000,21,322.458,2315.473,317.999
120.000,22,979.823,338.495,511.738
120.000,23,260.967,2258.073,174.305
120.000,24,833.345,2009.043,120.875
120.000,25,1190.828,973.610,199.002
120.000,26,1180.425,296.633,243.397
120.000,27,1755.108,1872.235,389.297
120.000,28,135.083,1029.090,595.319
120.000,29,505.176,702.986,513.022
120.000,30,1060.206,317.938,261.857
120.000,31,208.580,704.183,332.625
120.000,32,963.215,622.264,132.277
120.000,33,697.902,1948.196,183.527
120.000,34,912.070,321.456,144.842
120.000,35,1865.102,1604.110,416.609
120.000,36,1676.004,2088.310,260.300
120.000,37,1755.190,998.913,339.855
120.000,38,1575.629,128.574,419.720
120.000,39,1093.983,1891.618,216.461
120.000,40,486.580,2133.352,176.231
120.000,41,1453.962,175.989,287.513
120.000,42,1322.211,166.928,499.632
120.000,43,553.708,1407.082,468.014
120.000,44,1606.026,2366.723,268.780
120.000,45,1319.869,166.862,120.647
120.000,46,1815.597,582.868,308.643
120.000,47,937.359,284.491,429.574
120.000,48,338.008,1386.452,560.237
120.000,49,1576.416,56.940,293.128
120.000,50,944.116,2114.183,471.095
120.000,51,964.808,970.133,500.241
120.000,52,1037.762,1511.699,532.608
120.000,53,270.771,934.847,351.605
120.000,54,292.958,556.703,463.264
120.000,55,804.653,1459.257,530.318
120.000,56,323.408,388.455,575.358
120.000,57,1327.480,1081.449,192.438
120.000,58,270.519,111.539,312.042
120.000,59,2009.280,840.292,507.794
120.000,60,34.634,707.382,520.477
120.000,61,1518.415,1321.227,176.835
120.000,62,174.074,1214.870,399.443
120.000,63,1091.182,1981.412,234.216
120.000,64,772.730,2116.348,355.809
120.000,65,778.120,1126.565,360.491
120.000,66,1280.534,1982.136,469.331
120.000,67,1399.284,1233.527,328.494
120.000,68,1129.643,1421.126,391.294
120.000,69,982.055,1161.162,539.815
120.000,70,387.637,783.623,445.225
120.000,71,539.995,1248.594,292.336
120.000,72,1700.069,414.096,432.627
120.000,73,1183.153,1072.036,199.236
125.000,0,1230.659,628.791,476.005
125.000,1,366.035,1633.089,178.906
125.000,2,663.415,772.387,411.195
125.000,3,303.377,1964.590,263.580
125.000,4,1951.750,330.081,507.674
125.000,5,163.217,1674.566,116.051
125.000,6,1868.175,523.490,548.429
125.000,7,239.802,1579.833,342.290
125.000,8,160.802,651.856,306.972
125.000,9,438.901,1820.379,446.911
125.000,10,1464.495,1991.943,570.136
125.000,11,568.560,1178.523,597.466
125.000,12,626.859,2102.308,349.250
125.000,13,1941.748,690.803,580.532
125.000,14,1838.951,1755.542,522.411
125.000,15,1846.564,1646.812,539.305
125.000,16,864.851,1022.180,129.326
125.000,17,1791.946,1482.190,122.244
125.000,18,629.381,1034.035,515.344
125.000,19,997.396,1054.570,183.098
125.000,20,1241.867,1710.786,443.722
125.000,21,253.202,2323.132,320.310
125.000,22,956.232,428.817,509.747
125.000,23,289.788,2183.928,170.006
125.000,24,965.350,2024.442,116.181
125.000,25,1062.187,975.429,199.610
125.000,26,1136.485,227.408,241.906
125.000,27,1806.610,1748.899,385.299
125.000,28,25.493,1069.714,592.475
125.000,29,413.043,664.368,510.195
125.000,30,958.374,242.183,255.847
125.000,31,327.111,767.878,338.733
125.000,32,1023.548,692.998,131.027
125.000,33,561.818,1998.310,182.273
125.000,34,957.713,422.262,141.288
125.000,35,1899.123,1733.304,407.447
125.000,36,1558.008,2135.492,254.684
125.000,37,1894.592,992.614,344.645
125.000,38,1521.512,178.938,415.821
125.000,39,1020.776,1872.677,219.424
125.000,40,405.875,2040.661,172.295
125.000,41,1369.695,101.494,288.056
125.000,42,1328.017,69.001,501.094
125.000,43,649.532,1495.456,475.877
125.000,44,1717.185,2350.236,275.263
125.000,45,1193.947,115.118,125.313
125.000,46,1816.484,509.902,306.129
125.000,47,869.632,353.969,428.146
125.000,48,253.934,1436.153,560.898
125.000,49,1687.892,35.079,292.856
125.000,50,996.889,2231.091,465.947
125.000,51,845.394,949.737,498.065
125.000,52,1003.312,1387.980,537.274
125.000,53,363.531,853.920,350.346
125.000,54,387.260,623.594,462.554
125.000,55,771.983,1572.511,531.974
125.000,56,257.482,471.576,577.899
125.000,57,1410.678,972.644,194.660
125.000,58,196.725,102.303,308.068
125.000,59,1954.790,769.014,509.286
125.000,60,25.504,622.407,517.770
125.000,61,1542.421,1212.842,172.581
125.000,62,213.898,1073.838,398.612
125.000,63,1096.557,2072.867,235.626
125.000,64,780.798,2040.012,354.836
125.000,65,838.396,1174.203,357.129
125.000,66,1235.112,2089.524,463.249
125.000,67,1318.320,1284.596,326.176
125.000,68,1154.163,1531.876,384.921
125.000,69,1007.530,1074.761,533.700
125.000,70,424.985,688.888,444.097
125.000,71,638.928,1327.844,286.219
125.000,72,1611.340,516.935,434.539
125.000,73,1118.949,1013.990,199.463
130.000,0,1202.024,782.261,477.033
130.000,1,415.409,1766.862,182.596
130.000,2,591.109,811.336,407.082
130.000,3,336.533,2108.559,271.905
130.000,4,1889.843,281.303,503.423
130.000,5,131.126,1784.654,113.037
130.000,6,1856.992,412.915,551.457
130.000,7,222.574,1686.143,338.839
130.000,8,202.441,726.615,305.405
130.000,9,372.319,1777.175,448.968
130.000,10,1383.811,1935.176,568.766
130.000,11,673.695,1137.958,597.864
130.000,12,601.965,1960.824,348.607
130.000,13,1966.197,625.563,585.322
130.000,14,1907.275,1876.020,526.588
130.000,15,1925.304,1716.128,536.118
130.000,16,882.108,1115.773,133.306
130.000,17,1825.018,1406.931,117.727
130.000,18,680.598,1157.534,524.518
130.000,19,890.514,964.958,178.250
130.000,20,1349.705,1628.872,446.144
130.000,21,176.858,2331.070,321.452
130.000,22,929.216,511.846,507.126
130.000,23,328.449,2118.485,166.412
130.000,24,1100.881,2016.546,115.477
130.000,25,934.053,1000.718,202.265
130.000,26,1101.800,153.572,241.577
130.000,27,1890.670,1631.993,382.328
130.000,28,170.546,1090.025,592.544
130.000,29,319.982,620.047,509.322
130.000,30,846.293,189.065,250.636
130.000,31,417.676,862.223,345.205
130.000,32,1087.595,744.897,129.455
130.000,33,437.515,2066.624,183.967
130.000,34,978.050,541.420,137.891
130.000,35,1951.475,1854.905,402.763
130.000,36,1443.352,2211.908,252.440
130.000,37,1983.706,1015.151,346.931
130.000,38,1468.897,241.707,411.101
130.000,39,933.190,1867.797,220.884
130.000,40,328.830,1963.725,165.375
130.000,41,1278.060,43.666,289.809
130.000,42,1359.821,28.713,502.873
130.000,43,729.172,1607.187,480.041
130.000,44,1821.516,2298.054,281.408
130.000,45,1086.097,19.055,127.678
130.000,46,1821.713,423.653,303.614
130.000,47,820.570,439.341,428.363
130.000,48,180.579,1490.637,561.271
130.000,49,1780.715,140.972,292.058
130.000,50,1046.813,2351.209,459.936
130.000,51,715.443,960.107,492.684
130.000,52,958.275,1280.330,538.992
130.000,53,460.467,777.961,349.631
130.000,54,484.536,690.035,459.621
130.000,55,711.499,1686.696,530.954
130.000,56,178.601,543.110,576.835
130.000,57,1445.376,848.239,197.939
130.000,58,116.955,93.780,305.683
130.000,59,1868.934,701.757,512.800
130.000,60,11.640,539.774,516.707
130.000,61,1586.518,1111.603,173.017
130.000,62,259.028,931.987,396.561
130.000,63,1089.679,2167.270,236.116
130.000,64,810.895,1957.336,352.930
130.000,65,885.735,1236.308,353.440
130.000,66,1192.868,2206.211,455.308
130.000,67,1226.271,1306.202,321.150
130.000,68,1185.077,1638.437,380.035
130.000,69,997.442,981.811,527.918
130.000,70,483.997,603.874,444.335
130.000,71,720.935,1418.911,287.062
130.000,72,1560.294,634.349,440.344
130.000,73,1075.611,943.718,200.842
135.000,0,1132.275,917.583,482.723
135.000,1,496.886,1885.325,191.593
135.000,2,516.746,840.330,402.572
135.000,3,386.911,2246.582,279.898
135.000,4,1826.793,221.852,499.218
135.000,5,110.176,1890.409,109.525
135.000,6,1863.535,301.331,553.631
135.000,7,227.361,1791.064,340.410
135.000,8,230.256,804.231,306.998
135.000,9,312.640,1748.582,450.990
135.000,10,1294.090,1889.116,569.513
135.000,11,774.133,1104.904,597.192
135.000,12,520.730,1835.259,347.406
135.000,13,1825.092,580.156,593.233
135.000,14,1989.055,1985.351,530.059
135.000,15,2009.116,1789.389,535.791
135.000,16,870.330,1202.728,140.689
135.000,17,1863.889,1330.388,112.641
135.000,18,752.146,1269.987,532.328
135.000,19,784.303,874.673,174.732
135.000,20,1478.447,1567.611,447.986
135.000,21,108.178,2342.734,321.857
135.000,22,920.879,604.466,507.308
135.000,23,371.788,2047.546,162.881
135.000,24,1232.936,2045.507,113.886
135.000,25,807.601,994.244,203.622
135.000,26,1065.729,66.546,242.946
135.000,27,1970.843,1515.671,376.671
135.000,28,310.160,1126.574,589.824
135.000,29,224.466,588.664,507.094
135.000,30,760.013,108.817,248.342
135.000,31,480.273,962.239,349.351
135.000,32,1122.692,815.249,127.848
135.000,33,320.509,2147.973,182.527
135.000,34,1011.198,653.321,135.826
135.000,35,1989.956,1995.563,393.561
135.000,36,1326.607,2278.786,251.742
135.000,37,1851.944,1044.421,351.479
135.000,38,1410.583,304.833,406.634
135.000,39,840.993,1879.553,222.849
135.000,40,221.536,1917.164,163.124
135.000,41,1191.403,19.754,292.959
135.000,42,1386.303,123.790,501.499
135.000,43,829.833,1699.601,482.162
135.000,44,1930.290,2246.201,285.163
135.000,45,960.788,56.132,132.620
135.000,46,1821.234,336.576,304.491
135.000,47,775.016,525.890,429.094
135.000,48,95.206,1525.264,561.756
135.000,49,1893.211,224.649,289.609
135.000,50,1102.314,2288.083,458.889
135.000,51,588.641,956.655,486.515
135.000,52,911.756,1164.199,538.768
135.000,53,532.176,680.864,347.787
135.000,54,566.049,756.573,461.253
135.000,55,647.451,1797.784,534.451
135.000,56,130.730,632.193,578.278
135.000,57,1483.996,734.987,195.910
135.000,58,44.622,70.211,303.099
135.000,59,1779.798,633.926,515.987
135.000,60,5.067,457.999,516.017
135.000,61,1639.029,1021.878,172.072
135.000,62,324.462,801.835,395.767
135.000,63,1106.339,2258.103,233.782
135.000,64,801.926,1876.133,350.778
135.000,65,941.187,1290.615,350.589
135.000,66,1136.746,2310.547,448.029
135.000,67,1145.020,1324.933,317.216
135.000,68,1194.376,1745.027,371.874
135.000,69,986.701,889.876,525.141
135.000,70,558.452,524.892,442.017
135.000,71,813.798,1499.686,283.313
135.000,72,1536.400,758.534,446.157
135.000,73,1029.645,875.732,203.118
140.000,0,1080.601,1042.571,487.972
140.000,1,570.231,2000.853,194.389
140.000,2,445.379,872.087,400.146
140.000,3,395.614,2335.208,284.365
140.000,4,1761.194,172.876,496.399
140.000,5,82.983,2004.140,108.269
140.000,6,1862.433,186.010,552.737
140.000,7,215.974,1889.239,340.638
140.000,8,279.377,877.689,305.709
140.000,9,246.934,1699.831,452.753
140.000,10,1203.099,1837.763,572.231
140.000,11,886.458,1112.222,595.746
140.000,12,449.705,1706.416,348.006
140.000,13,1693.458,510.489,599.830
140.000,14,1955.306,2100.729,526.004
140.000,15,1929.658,1846.866,535.688
140.000,16,831.586,1284.952,147.697
140.000,17,1875.547,1252.856,108.333
140.000,18,810.706,1391.771,539.363
140.000,19,648.449,855.607,170.148
140.000,20,1609.270,1506.447,442.634
140.000,21,35.270,2357.808,325.433
140.000,22,924.581,703.597,509.244
140.000,23,424.346,1977.360,160.365
140.000,24,1370.714,2035.754,112.510
140.000,25,686.399,975.917,207.504
140.000,26,1019.540,21.173,243.140
140.000,27,1995.004,1390.174,368.975
140.000,28,449.591,1139.069,593.519
140.000,29,129.164,558.765,505.246
140.000,30,649.709,64.039,245.248
140.000,31,556.176,1061.583,352.999
140.000,32,1156.314,889.516,127.809
140.000,33,188.073,2200.489,177.934
140.000,34,1063.774,754.612,134.233
140.000,35,2010.017,2135.553,387.370
140.000,36,1229.230,2342.100,252.624
140.000,37,1700.777,1035.908,356.591
140.000,38,1359.475,380.949,406.081
140.000,39,748.677,1871.915,227.113
140.000,40,99.660,1878.598,161.530
140.000,41,1109.410,89.370,295.062
140.000,42,1417.781,221.571,500.940
140.000,43,912.943,1806.603,487.078
140.000,44,1977.393,2221.218,292.608
140.000,45,823.888,92.079,135.933
140.000,46,1831.653,255.131,307.736
140.000,47,715.900,608.534,429.945
140.000,48,11.695,1536.858,559.066
140.000,49,1992.825,313.224,288.371
140.000,50,1175.599,2184.931,457.861
140.000,51,459.891,938.083,478.676
140.000,52,874.238,1041.424,540.424
140.000,53,561.454,564.882,344.174
140.000,54,652.624,806.489,463.279
140.000,55,591.073,1911.923,540.729
140.000,56,61.907,716.785,579.381
140.000,57,1520.937,617.465,191.343
140.000,58,29.663,53.689,300.298
140.000,59,1711.072,544.591,520.023
140.000,60,24.316,372.559,514.950
140.000,61,1687.903,927.786,171.222
140.000,62,361.274,657.046,394.944
140.000,63,1100.925,2363.368,231.606
140.000,64,821.147,1799.570,348.886
140.000,65,1005.807,1341.260,348.202
140.000,66,1080.688,2343.447,442.532
140.000,67,1062.620,1368.417,311.328
140.000,68,1201.405,1846.931,367.267
140.000,69,993.757,804.435,522.084
140.000,70,608.381,423.719,439.437
140.000,71,907.880,1563.301,279.987
140.000,72,1541.142,893.755,451.718
140.000,73,955.407,825.604,202.297
145.000,0,1003.314,1152.392,489.902
145.000,1,615.922,2137.832,194.412
145.000,2,371.711,892.386,395.698
145.000,3,431.272,2191.085,291.300
145.000,4,1689.293,125.779,493.464
145.000,5,69.051,2123.386,108.073
145.000,6,1838.679,66.759,554.398
145.000,7,212.349,1984.060,341.045
145.000,8,327.435,957.765,303.317
145.000,9,180.615,1647.480,454.650
145.000,10,1108.352,1781.352,575.683
145.000,11,996.554,1087.547,592.694
145.000,12,338.516,1599.640,352.774
145.000,13,1569.593,428.652,598.105
145.000,14,1890.382,2228.346,528.212
145.000,15,1863.036,1931.000,535.008
145.000,16,811.212,1366.725,153.063
145.000,17,1859.665,1183.614,104.010
145.000,18,896.064,1495.363,548.404
145.000,19,518.967,838.204,167.150
145.000,20,1724.206,1435.093,443.660
145.000,21,39.437,2377.276,327.305
145.000,22,940.838,801.239,511.572
145.000,23,491.627,1916.013,157.404
145.000,24,1506.533,2027.445,110.422
145.000,25,555.355,957.569,209.316
145.000,26,963.219,101.763,244.477
145.000,27,1938.675,1265.731,365.585
145.000,28,586.625,1151.571,594.600
145.000,29,39.790,531.174,504.967
145.000,30,538.783,5.832,240.624
145.000,31,653.966,1146.156,358.282
145.000,32,1207.730,958.319,130.766
145.000,33,58.876,2263.646,177.912
145.000,34,1076.724,867.318,135.190
145.000,35,1955.239,2259.278,380.872
145.000,36,1124.097,2364.902,253.659
145.000,37,1548.151,1007.444,361.864
145.000,38,1305.721,461.162,407.486
145.000,39,655.170,1842.575,230.586
145.000,40,5.789,1798.250,162.821
145.000,41,1014.409,136.717,296.031
145.000,42,1443.865,318.614,498.676
145.000,43,1001.323,1905.621,490.704
145.000,44,1850.735,2186.207,300.571
145.000,45,717.719,177.378,139.066
145.000,46,1827.554,166.450,308.135
145.000,47,669.245,694.620,431.498
145.000,48,73.461,1570.313,556.425
145.000,49,1931.421,403.022,287.024
145.000,50,1236.220,2069.825,455.240
145.000,51,336.640,960.717,472.222
145.000,52,823.205,923.657,542.223
145.000,53,608.719,452.147,337.492
145.000,54,739.106,861.829,465.161
145.000,55,565.209,2030.078,546.643
145.000,56,0.349,794.003,579.547
145.000,57,1583.957,513.063,188.981
145.000,58,105.499,42.677,297.521
145.000,59,1651.540,439.903,520.820
145.000,60,55.426,288.143,512.213
145.000,61,1721.798,818.158,171.685
145.000,62,445.629,526.108,394.616
145.000,63,1123.847,2292.750,233.276
145.000,64,849.261,1732.656,347.280
145.000,65,1073.048,1387.259,343.733
145.000,66,1049.272,2227.959,438.775
145.000,67,987.619,1425.604,305.463
145.000,68,1208.795,1954.733,362.713
145.000,69,1006.262,714.481,517.957
145.000,70,652.863,328.632,436.249
145.000,71,1011.134,1593.064,276.353
145.000,72,1478.043,1008.565,456.538
145.000,73,886.520,786.414,202.805
150.000,0,923.214,1281.087,494.523
150.000,1,707.662,2249.724,201.691
150.000,2,297.931,907.223,393.509
150.000,3,454.313,2053.500,298.594
150.000,4,1619.830,68.790,488.818
150.000,5,33.363,2233.701,106.756
150.000,6,1851.545,58.936,554.766
150.000,7,198.084,2078.425,342.898
150.000,8,373.142,1031.312,301.298
150.000,9,106.266,1601.778,457.677
150.000,10,1031.817,1709.765,580.378
150.000,11,1114.263,1078.802,587.002
150.000,12,257.661,1473.193,356.139
150.000,13,1478.313,322.274,597.389
150.000,14,1815.329,2346.631,528.872
150.000,15,1808.744,2028.046,532.771
150.000,16,787.976,1453.178,157.469
150.000,17,1851.298,1108.966,100.628
150.000,18,1002.666,1577.893,555.516
150.000,19,394.044,820.202,166.732
150.000,20,1842.218,1358.598,443.366
150.000,21,117.381,2367.104,328.063
150.000,22,964.774,890.337,511.430
150.000,23,558.662,1853.883,153.855
150.000,24,1633.272,1996.127,109.955
150.000,25,438.628,957.978,211.111
150.000,26,894.456,175.909,244.761
150.000,27,1865.064,1153.708,359.555
150.000,28,728.984,1163.208,594.400
150.000,29,62.350,525.346,502.371
150.000,30,442.595,62.892,238.388
150.000,31,772.450,1213.345,368.732
150.000,32,1265.432,1022.095,136.535
150.000,33,87.401,2304.277,177.885
150.000,34,1091.047,984.949,135.907
150.000,35,1937.314,2364.258,378.176
150.000,36,1001.469,2330.722,254.991
150.000,37,1392.923,1024.834,368.247
150.000,38,1249.021,535.143,406.504
150.000,39,563.629,1830.817,233.567
150.000,40,96.619,1723.749,159.386
150.000,41,921.313,186.673,297.761
150.000,42,1447.012,411.199,495.991
150.000,43,1084.361,2007.652,497.437
150.000,44,1727.950,2128.292,306.686
150.000,45,600.456,246.425,141.369
150.000,46,1841.576,79.263,310.123
150.000,47,619.271,772.887,432.522
150.000,48,154.304,1609.579,554.508
150.000,49,1836.766,508.875,285.587
150.000,50,1269.039,1954.001,451.767
150.000,51,211.380,973.885,466.919
150.000,52,774.430,806.559,547.355
150.000,53,645.206,335.913,329.172
150.000,54,816.881,914.816,469.137
150.000,55,530.559,2144.120,551.075
150.000,56,47.320,882.585,583.232
150.000,57,1642.137,388.017,192.187
150.000,58,182.447,60.819,294.725
150.000,59,1569.157,359.373,519.742
150.000,60,59.969,186.031,505.514
150.000,61,1754.165,709.271,170.024
150.000,62,515.871,399.988,394.885
150.000,63,1186.063,2217.870,234.690
150.000,64,858.809,1660.280,345.248
150.000,65,1131.273,1424.798,337.759
150.000,66,1030.054,2108.385,433.724
150.000,67,915.679,1487.027,302.004
150.000,68,1209.623,2056.193,358.316
150.000,69,975.822,629.260,515.909
150.000,70,696.107,233.160,435.747
150.000,71,1108.310,1665.118,273.129
150.000,72,1411.925,1118.955,462.072
150.000,73,816.825,743.842,204.582
155.000,0,852.775,1411.912,495.891
155.000,1,766.675,2378.812,204.845
155.000,2,212.857,925.715,390.742
155.000,3,432.671,1909.257,305.483
155.000,4,1540.487,35.158,485.790
155.000,5,7.867,2342.730,102.029
155.000,6,1890.968,154.242,558.651
155.000,7,175.539,2168.178,344.060
155.000,8,395.241,1107.375,299.090
155.000,9,41.130,1561.243,462.273
155.000,10,964.857,1626.899,580.677
155.000,11,1235.273,1076.948,580.673
155.000,12,157.048,1362.971,361.079
155.000,13,1395.496,213.505,592.310
155.000,14,1750.367,2275.028,526.235
155.000,15,1733.154,2119.415,531.346
155.000,16,770.358,1528.688,163.207
155.000,17,1850.455,1032.931,101.128
155.000,18,1046.292,1700.532,559.910
155.000,19,275.352,768.605,162.234
155.000,20,1968.318,1296.034,443.456
155.000,21,184.495,2355.792,329.469
155.000,22,971.167,987.465,509.952
155.000,23,596.381,1779.711,151.428
155.000,24,1753.916,2001.687,110.197
155.000,25,319.932,980.766,209.337
155.000,26,843.526,248.702,244.032
155.000,27,1813.253,1030.369,353.520
155.000,28,867.210,1188.857,590.066
155.000,29,162.051,492.667,500.595
155.000,30,348.182,135.233,234.562
155.000,31,884.483,1292.746,376.969
155.000,32,1335.921,1074.048,141.199
155.000,33,221.499,2363.079,174.698
155.000,34,1132.899,1084.155,135.683
155.000,35,1872.410,2246.499,369.694
155.000,36,877.682,2290.766,254.061
155.000,37,1239.433,1022.782,372.729
155.000,38,1190.928,602.023,404.082
155.000,39,473.045,1848.088,237.800
155.000,40,197.089,1651.422,151.476
155.000,41,832.769,249.302,297.592
155.000,42,1456.066,522.724,491.799
155.000,43,1175.108,2102.698,500.281
155.000,44,1606.280,2106.323,310.308
155.000,45,490.384,334.092,144.247
155.000,46,1835.127,25.616,314.201
155.000,47,561.082,851.496,432.050
155.000,48,233.837,1654.073,554.051
155.000,49,1741.462,622.053,283.117
155.000,50,1305.461,1835.746,449.806
155.000,51,86.443,976.504,460.388
155.000,52,730.176,685.956,548.467
155.000,53,684.468,219.422,322.547
155.000,54,901.187,950.391,469.822
155.000,55,485.502,2255.422,558.124
155.000,56,120.856,950.638,588.725
155.000,57,1659.600,251.652,194.338
155.000,58,257.539,82.240,294.554
155.000,59,1475.557,275.829,519.138
155.000,60,76.089,94.945,498.076
155.000,61,1802.170,614.708,169.506
155.000,62,574.118,264.085,397.495
155.000,63,1206.154,2129.731,237.925
155.000,64,888.286,1594.025,343.667
155.000,65,1193.055,1453.885,332.939
155.000,66,1015.499,1997.083,430.550
155.000,67,841.992,1552.669,299.794
155.000,68,1210.836,2165.535,354.465
155.000,69,969.437,546.421,514.713
155.000,70,739.542,136.260,433.824
155.000,71,1195.726,1747.724,269.260
155.000,72,1367.745,1237.034,467.110
155.000,73,737.849,713.882,204.997
160.000,0,757.927,1532.328,500.537
160.000,1,831.780,2264.380,203.198
160.000,2,132.970,961.053,388.664
160.000,3,474.121,1763.538,312.377
160.000,4,1469.734,21.133,482.223
160.000,5,25.568,2294.224,100.879
160.000,6,1896.449,255.094,560.146
160.000,7,161.046,2256.533,343.697
160.000,8,403.170,1189.518,297.804
160.000,9,48.051,1518.653,466.369
160.000,10,919.493,1529.139,582.217
160.000,11,1356.053,1074.010,573.031
160.000,12,90.906,1229.243,361.966
160.000,13,1324.205,92.672,584.810
160.000,14,1730.053,2140.813,524.025
160.000,15,1688.848,2219.999,530.999
160.000,16,759.568,1608.140,169.752
160.000,17,1841.833,961.439,101.869
160.000,18,1068.888,1829.592,563.496
160.000,19,171.025,696.799,159.632
160.000,20,1952.982,1210.297,442.748
160.000,21,248.173,2330.264,329.779
160.000,22,971.018,1081.555,507.175
160.000,23,624.479,1701.318,148.420
160.000,24,1875.323,2010.775,109.844
160.000,25,204.684,1015.533,209.890
160.000,26,797.342,322.644,244.335
160.000,27,1761.186,898.102,349.921
160.000,28,1008.042,1223.394,582.404
160.000,29,258.171,446.154,500.019
160.000,30,242.037,185.969,231.442
160.000,31,990.108,1382.437,377.283
160.000,32,1379.297,1148.603,144.131
160.000,33,346.206,2325.093,173.190
160.000,34,1150.476,1190.355,135.057
160.000,35,1816.351,2115.694,361.969
160.000,36,759.271,2258.591,253.750
160.000,37,1089.005,1042.897,374.703
160.000,38,1130.544,662.631,403.208
160.000,39,378.400,1848.381,243.661
160.000,40,312.460,1610.001,147.714
160.000,41,760.351,334.634,301.325
160.000,42,1486.605,630.833,487.392
160.000,43,1249.041,2197.202,504.851
160.000,44,1511.981,2029.515,314.419
160.000,45,373.939,435.082,149.217
160.000,46,1840.598,113.147,314.538
160.000,47,513.019,931.891,430.392
160.000,48,309.148,1716.145,553.875
160.000,49,1639.304,727.664,284.038
160.000,50,1309.594,1711.774,445.161
160.000,51,60.556,981.818,451.331
160.000,52,687.851,568.594,554.133
160.000,53,723.399,101.365,316.861
160.000,54,992.238,1000.693,473.209
160.000,55,430.884,2365.571,564.252
160.000,56,143.958,1050.751,591.530
160.000,57,1703.758,118.476,199.068
160.000,58,337.439,95.960,293.859
160.000,59,1385.177,204.955,518.044
160.000,60,88.087,9.000,494.791
160.000,61,1873.667,531.699,169.961
160.000,62,599.269,126.127,400.757
160.000,63,1187.378,2032.057,242.955
160.000,64,926.645,1529.668,342.678
160.000,65,1263.858,1485.522,328.076
160.000,66,962.238,1894.587,425.683
160.000,67,767.818,1604.744,296.156
160.000,68,1219.830,2280.989,350.433
160.000,69,944.712,462.442,511.939
160.000,70,805.149,64.027,434.731
160.000,71,1283.505,1830.396,265.581
160.000,72,1290.436,1331.803,467.001
160.000,73,668.509,681.061,206.035
165.000,0,691.725,1664.703,508.076
165.000,1,888.507,2143.190,204.758
165.000,2,53.949,976.857,387.162
165.000,3,487.790,1614.181,320.744
165.000,4,1394.650,63.994,480.141
165.000,5,50.701,2179.931,105.254
165.000,6,1905.951,359.385,557.720
165.000,7,159.129,2341.963,344.195
165.000,8,440.114,1266.567,297.250
165.000,9,131.157,1490.514,468.474
165.000,10,889.481,1422.776,581.576
165.000,11,1476.337,1074.500,563.106
165.000,12,17.127,1094.148,361.523
165.000,13,1236.467,33.417,577.904
165.000,14,1659.130,2017.637,523.404
165.000,15,1634.693,2315.943,530.263
165.000,16,740.061,1696.727,174.004
165.000,17,1837.284,887.716,105.576
165.000,18,1113.107,1950.571,569.414
165.000,19,57.127,637.479,153.942
165.000,20,1845.153,1127.466,443.757
165.000,21,315.127,2320.431,330.543
165.000,22,962.578,1176.961,506.411
165.000,23,661.630,1631.936,145.993
165.000,24,1999.747,2027.724,108.873
165.000,25,85.335,1040.177,214.708
165.000,26,774.725,409.859,243.307
165.000,27,1676.947,783.642,346.104
165.000,28,1153.056,1265.005,572.767
165.000,29,354.904,410.026,500.008
165.000,30,134.952,244.214,226.708
165.000,31,1092.965,1460.473,381.120
165.000,32,1420.738,1228.547,143.170
165.000,33,479.708,2300.301,174.665
165.000,34,1145.478,1305.211,132.354
165.000,35,1741.903,1987.474,357.370
165.000,36,649.095,2220.708,255.863
165.000,37,946.358,1092.853,377.613
165.000,38,1088.502,737.066,402.381
165.000,39,296.807,1845.048,246.953
165.000,40,414.952,1547.081,148.522
165.000,41,656.656,389.977,302.774
165.000,42,1534.753,729.280,486.868
165.000,43,1347.904,2275.124,514.044
165.000,44,1408.720,1959.327,319.264
165.000,45,269.341,535.330,155.269
165.000,46,1867.803,199.753,318.086
165.000,47,475.122,1006.872,427.798
165.000,48,395.625,1753.161,553.029
165.000,49,1556.962,844.536,282.475
165.000,50,1302.943,1590.900,440.493
165.000,51,185.595,1008.799,443.585
165.000,52,658.090,448.955,560.140
165.000,53,758.845,29.858,311.940
165.000,54,1064.809,1068.033,475.570
165.000,55,365.126,2276.179,565.685
165.000,56,170.971,1154.794,595.440
165.000,57,1760.587,16.383,201.951
165.000,58,409.205,117.266,293.164
165.000,59,1312.832,108.380,517.135
165.000,60,99.820,75.004,492.672
165.000,61,1925.811,444.417,170.372
165.000,62,625.009,42.699,404.944
165.000,63,1158.840,1947.026,244.056
165.000,64,940.939,1451.680,340.006
165.000,65,1340.029,1527.820,321.733
165.000,66,907.909,1797.732,419.439
165.000,67,698.161,1665.768,291.859
165.000,68,1242.149,2363.574,343.956
165.000,69,945.861,370.733,509.022
165.000,70,863.919,21.263,433.069
165.000,71,1372.820,1910.959,262.048
165.000,72,1230.655,1450.672,466.297
165.000,73,598.785,632.529,209.451
170.000,0,675.081,1808.983,512.612
170.000,1,954.318,2023.725,209.210
170.000,2,36.790,1008.843,382.454
170.000,3,535.649,1479.924,328.436
170.000,4,1332.630,126.967,476.387
170.000,5,74.875,2057.068,103.430
170.000,6,1898.210,471.140,557.248
170.000,7,188.005,2315.522,343.899
170.000,8,482.249,1341.692,293.473
170.000,9,200.884,1458.362,470.643
170.000,10,834.783,1332.544,577.782
170.000,11,1591.651,1059.404,557.698
170.000,12,94.754,973.552,361.770
170.000,13,1129.211,130.637,572.133
170.000,14,1588.789,1886.887,523.062
170.000,15,1551.466,2375.067,532.389
170.000,16,725.443,1783.277,177.459
170.000,17,1841.632,816.148,108.773
170.000,18,1132.874,2073.616,575.130
170.000,19,68.868,570.087,147.958
170.000,20,1723.200,1059.760,447.162
170.000,21,382.179,2312.303,333.291
170.000,22,967.099,1277.994,505.144
170.000,23,702.536,1566.617,141.508
170.000,24,1899.587,2038.890,105.741
170.000,25,59.318,1038.055,223.657
170.000,26,731.402,474.095,243.982
170.000,27,1579.421,680.030,342.581
170.000,28,1286.515,1327.993,567.906
170.000,29,455.116,384.233,497.425
170.000,30,52.569,326.300,222.217
170.000,31,1198.595,1525.163,387.674
170.000,32,1485.803,1282.337,142.431
170.000,33,617.716,2288.959,175.266
170.000,34,1185.573,1423.080,127.171
170.000,35,1637.978,1887.503,348.095
170.000,36,533.086,2197.565,255.566
170.000,37,800.778,1093.761,376.684
170.000,38,1035.703,800.241,403.415
170.000,39,211.783,1827.570,250.257
170.000,40,493.851,1455.585,151.680
170.000,41,553.564,411.360,303.656
170.000,42,1569.864,828.034,483.676
170.000,43,1453.020,2358.655,523.679
170.000,44,1297.221,1895.634,321.881
170.000,45,169.418,621.096,159.051
170.000,46,1884.862,283.055,320.340
170.000,47,458.965,1099.637,429.932
170.000,48,477.246,1797.947,551.291
170.000,49,1480.801,973.173,278.060
170.000,50,1318.236,1469.339,436.900
170.000,51,314.709,1025.860,436.077
170.000,52,619.156,332.946,563.782
170.000,53,809.474,141.224,303.899
170.000,54,1149.498,1107.631,476.831
170.000,55,320.494,2166.067,570.572
170.000,56,250.688,1240.401,598.833
170.000,57,1811.184,134.863,204.170
170.000,58,483.292,123.554,288.170
170.000,59,1249.174,10.281,518.222
170.000,60,98.677,160.854,489.775
170.000,61,1957.283,347.803,169.912
170.000,62,674.539,183.853,405.857
170.000,63,1171.068,1846.921,243.750
170.000,64,966.109,1383.444,336.463
170.000,65,1415.140,1568.099,317.929
170.000,66,870.566,1686.001,414.890
170.000,67,611.764,1715.885,291.776
170.000,68,1267.440,2259.989,338.153
170.000,69,968.771,283.933,507.064
170.000,70,930.423,96.796,430.867
170.000,71,1474.712,1974.415,254.672
170.000,72,1186.343,1569.588,462.855
170.000,73,530.939,593.986,212.391
175.000,0,650.303,1944.769,512.905
175.000,1,1042.083,1924.259,207.319
175.000,2,114.068,1041.976,379.883
175.000,3,599.635,1351.786,331.439
175.000,4,1272.469,191.862,474.431
175.000,5,68.115,1927.241,101.384
175.000,6,1924.173,580.565,559.355
175.000,7,211.899,2229.115,341.654
175.000,8,525.275,1417.697,290.041
175.000,9,268.002,1429.134,470.079
175.000,10,783.859,1242.202,576.797
175.000,11,1703.802,1036.202,555.398
175.000,12,173.580,842.261,360.290
175.000,13,1034.423,232.987,568.123
175.000,14,1549.354,1755.552,521.910
175.000,15,1473.969,2306.339,533.464
175.000,16,723.391,1867.553,182.647
175.000,17,1858.391,738.592,112.395
175.000,18,1202.956,2186.378,580.322
175.000,19,203.631,527.781,147.388
175.000,20,1600.482,978.031,452.547
175.000,21,448.144,2301.185,336.066
175.000,22,939.847,1381.963,501.826
175.000,23,707.231,1491.824,139.205
175.000,24,1772.950,2046.997,100.169
175.000,25,185.687,1023.226,230.674
175.000,26,674.633,548.118,244.281
175.000,27,1472.439,583.926,335.855
175.000,28,1441.120,1363.300,566.921
175.000,29,554.506,354.412,493.558
175.000,30,35.766,395.982,220.539
175.000,31,1287.311,1612.252,392.560
175.000,32,1545.146,1350.251,143.621
175.000,33,764.301,2279.602,173.535
175.000,34,1223.788,1540.832,124.671
175.000,35,1545.657,1781.781,340.673
175.000,36,422.722,2147.942,255.339
175.000,37,669.791,1051.323,376.455
175.000,38,983.870,862.258,404.654
175.000,39,130.947,1820.959,256.133
175.000,40,558.896,1357.367,151.340
175.000,41,441.600,448.692,304.201
175.000,42,1600.052,921.194,481.178
175.000,43,1568.487,2321.882,530.162
175.000,44,1182.413,1863.010,328.674
175.000,45,42.095,675.423,161.577
175.000,46,1877.957,365.077,322.725
175.000,47,450.740,1187.291,428.928
175.000,48,569.155,1846.170,548.113
175.000,49,1379.567,1074.073,275.509
175.000,50,1343.191,1350.577,435.073
175.000,51,445.429,1037.797,432.326
175.000,52,570.188,230.356,564.432
175.000,53,886.239,236.256,296.155
175.000,54,1233.669,1157.506,479.270
175.000,55,300.230,2045.129,573.806
175.000,56,316.949,1331.252,596.790
175.000,57,1861.829,262.550,205.439
175.000,58,558.015,127.815,284.776
175.000,59,1156.472,68.942,519.521
175.000,60,94.808,247.867,485.467
175.000,61,1968.165,236.249,168.322
175.000,62,715.309,327.835,407.493
175.000,63,1187.090,1752.654,244.136
175.000,64,1007.056,1334.436,334.097
175.000,65,1470.372,1618.019,317.725
175.000,66,803.770,1582.398,408.672
175.000,67,515.902,1724.050,291.014
175.000,68,1290.736,2156.911,331.276
175.000,69,986.600,202.321,505.267
175.000,70,979.697,179.320,426.675
175.000,71,1571.702,2035.805,254.298
175.000,72,1151.887,1687.943,461.916
175.000,73,449.800,583.352,212.962
180.000,0,606.418,2083.017,513.650
180.000,1,1104.323,1815.147,205.379
180.000,2,190.968,1069.765,376.598
180.000,3,665.562,1221.463,339.916
180.000,4,1215.839,261.607,474.602
180.000,5,90.343,1814.679,102.800
180.000,6,1933.372,698.284,559.116
180.000,7,239.300,2146.608,341.038
180.000,8,572.000,1490.075,286.591
180.000,9,342.844,1410.924,470.455
180.000,10,719.137,1155.188,578.386
180.000,11,1807.193,971.403,552.884
180.000,12,218.195,704.190,361.095
180.000,13,923.266,328.237,562.180
180.000,14,1484.869,1619.777,519.999
180.000,15,1404.366,2226.761,533.644
180.000,16,709.115,1960.234,187.100
180.000,17,1867.691,658.323,116.321
180.000,18,1264.062,2306.222,586.516
180.000,19,327.245,469.237,140.757
180.000,20,1498.121,879.269,454.509
180.000,21,533.644,2305.075,336.971
180.000,22,919.479,1475.777,498.741
180.000,23,723.268,1413.157,135.957
180.000,24,1639.898,2051.423,101.343
180.000,25,298.329,1065.209,232.860
180.000,26,610.417,624.562,247.727
180.000,27,1389.771,465.997,330.111
180.000,28,1565.619,1443.445,567.243
180.000,29,653.523,308.589,490.264
180.000,30,143.008,449.783,215.481
180.000,31,1377.417,1705.496,394.843
180.000,32,1592.468,1417.304,144.363
180.000,33,899.022,2240.043,168.612
180.000,34,1264.316,1655.461,120.045
180.000,35,1468.133,1661.111,335.425
180.000,36,298.311,2137.068,254.591
180.000,37,535.201,1013.716,377.290
180.000,38,944.166,933.285,405.181
180.000,39,59.870,1808.700,259.441
180.000,40,649.953,1279.429,151.046
180.000,41,330.503,473.950,306.842
180.000,42,1632.504,1010.737,479.906
180.000,43,1684.318,2261.889,533.135
180.000,44,1068.294,1811.466,338.734
180.000,45,93.447,754.523,163.963
180.000,46,1876.801,449.957,325.213
180.000,47,437.006,1274.775,429.664
180.000,48,657.795,1879.955,542.312
180.000,49,1268.563,1170.207,270.369
180.000,50,1402.299,1247.118,430.885
180.000,51,577.970,1027.301,430.844
180.000,52,550.996,113.088,570.487
180.000,53,960.218,334.180,289.822
180.000,54,1318.287,1209.074,480.465
180.000,55,260.845,1925.206,576.797
180.000,56,359.752,1435.300,592.645
180.000,57,1924.754,379.353,203.717
180.000,58,620.644,134.213,282.036
180.000,59,1060.192,133.684,519.213
180.000,60,93.729,345.404,482.215
180.000,61,1996.565,126.064,165.182
180.000,62,775.248,455.866,407.442
180.000,63,1217.743,1661.170,245.112
180.000,64,1044.218,1267.888,331.650
180.000,65,1536.247,1663.226,315.860
180.000,66,733.638,1478.858,402.328
180.000,67,427.801,1773.526,285.858
180.000,68,1280.317,2048.170,324.170
180.000,69,1008.459,111.489,500.564
180.000,70,1031.415,266.232,425.069
180.000,71,1667.154,2111.345,257.433
180.000,72,1109.689,1801.549,463.608
180.000,73,375.481,555.630,210.792
185.000,0,593.443,2241.446,512.584
185.000,1,1161.880,1695.704,208.183
185.000,2,259.397,1113.536,372.166
185.000,3,705.487,1087.884,348.415
185.000,4,1180.794,332.151,470.900
185.000,5,82.244,1697.525,104.876
185.000,6,1918.869,806.681,562.518
185.000,7,272.268,2062.960,341.342
185.000,8,602.856,1568.993,282.643
185.000,9,406.916,1372.880,470.533
185.000,10,647.227,1082.455,582.746
185.000,11,1924.608,927.900,547.705
185.000,12,275.647,572.131,358.014
185.000,13,817.334,418.362,555.362
185.000,14,1413.519,1491.809,518.897
185.000,15,1305.829,2166.436,532.688
185.000,16,699.201,2046.584,191.286
185.000,17,1873.641,577.352,119.420
185.000,18,1323.698,2331.188,595.442
185.000,19,446.000,428.518,134.167
185.000,20,1398.385,782.143,459.979
185.000,21,609.587,2302.675,336.421
185.000,22,922.472,1563.181,493.365
185.000,23,748.463,1337.925,132.096
185.000,24,1513.608,2056.129,103.064
185.000,25,407.354,1135.591,238.105
185.000,26,550.760,692.364,249.378
185.000,27,1325.056,338.923,322.039
185.000,28,1682.950,1546.728,571.236
185.000,29,752.032,283.754,489.937
185.000,30,264.544,497.844,212.366
185.000,31,1477.946,1791.983,399.101
185.000,32,1633.822,1483.820,145.273
185.000,33,1035.170,2198.783,165.973
185.000,34,1291.905,1777.382,113.772
185.000,35,1406.353,1538.621,330.359
185.000,36,170.262,2097.180,253.246
185.000,37,393.911,1044.193,378.246
185.000,38,903.622,1005.122,402.908
185.000,39,28.494,1819.782,262.885
185.000,40,740.567,1211.108,151.440
185.000,41,250.125,539.953,307.539
185.000,42,1668.296,1098.626,477.240
185.000,43,1799.137,2198.138,535.008
185.000,44,938.627,1797.604,346.698
185.000,45,217.786,816.565,172.029
185.000,46,1881.353,536.009,323.220
185.000,47,420.678,1359.964,429.373
185.000,48,745.057,1904.617,538.954
185.000,49,1173.262,1277.737,268.357
185.000,50,1456.629,1146.493,426.838
185.000,51,711.688,1036.309,428.333
185.000,52,488.621,2.057,576.330
185.000,53,1020.863,443.671,284.468
185.000,54,1402.105,1241.237,479.397
185.000,55,223.360,1805.612,586.761
185.000,56,417.297,1526.699,590.475
185.000,57,1977.459,497.639,208.332
185.000,58,703.990,134.023,279.691
185.000,59,959.253,186.165,519.064
185.000,60,101.680,438.357,478.322
185.000,61,2015.989,17.904,168.023
185.000,62,821.158,592.105,406.322
185.000,63,1208.411,1563.959,246.516
185.000,64,1059.410,1189.718,329.692
185.000,65,1612.980,1699.375,314.684
185.000,66,681.712,1372.331,396.853
185.000,67,352.949,1833.424,284.554
185.000,68,1291.672,1938.873,318.334
185.000,69,1044.206,28.272,498.596
185.000,70,1075.950,352.418,426.366
185.000,71,1738.309,2203.111,258.177
185.000,72,1080.667,1928.151,461.351
185.000,73,313.429,537.256,209.689
190.000,0,579.460,2359.135,514.107
190.000,1,1183.678,1562.622,210.598
190.000,2,323.273,1155.423,370.108
190.000,3,721.452,933.608,358.943
190.000,4,1128.692,398.776,470.409
190.000,5,88.205,1586.348,109.842
190.000,6,1904.686,916.227,567.068
190.000,7,271.503,1967.918,343.264
190.000,8,607.469,1660.126,281.220
190.000,9,485.092,1336.230,472.609
190.000,10,571.519,1013.632,583.958
190.000,11,1993.410,890.742,543.778
190.000,12,362.217,445.480,358.768
190.000,13,724.239,526.085,547.412
190.000,14,1317.519,1384.789,513.730
190.000,15,1228.575,2081.138,530.923
190.000,16,670.960,2125.880,197.352
190.000,17,1887.318,502.184,123.271
190.000,18,1402.318,2226.733,598.615
190.000,19,561.149,398.316,128.469
190.000,20,1291.581,711.334,467.346
190.000,21,691.101,2285.829,337.009
190.000,22,899.342,1645.650,490.659
190.000,23,766.733,1256.171,126.575
190.000,24,1389.093,2073.576,106.219
190.000,25,533.361,1157.566,245.455
190.000,26,508.161,766.338,250.220
190.000,27,1262.639,212.774,315.849
190.000,28,1799.006,1641.071,572.668
190.000,29,855.247,268.775,487.362
190.000,30,384.141,544.756,205.557
190.000,31,1566.789,1879.749,401.211
190.000,32,1688.556,1541.322,142.912
190.000,33,1145.618,2125.976,167.668
190.000,34,1322.891,1883.796,109.194
190.000,35,1342.438,1417.857,328.575
190.000,36,60.260,2026.100,254.929
190.000,37,250.775,1065.811,379.504
190.000,38,840.621,1065.940,398.213
190.000,39,117.640,1814.457,264.765
190.000,40,832.891,1137.604,147.623
190.000,41,174.171,624.758,307.332
190.000,42,1694.956,1196.829,472.295
190.000,43,1917.111,2124.746,538.899
190.000,44,821.350,1749.703,354.062
190.000,45,350.985,864.105,179.981
190.000,46,1880.709,618.812,320.560
190.000,47,377.106,1451.694,427.514
190.000,48,827.700,1931.459,536.615
190.000,49,1078.419,1388.930,264.304
190.000,50,1506.732,1037.938,424.206
190.000,51,837.526,1025.780,426.470
190.000,52,441.192,110.787,581.327
190.000,53,1094.525,536.422,280.276
190.000,54,1482.278,1273.542,481.050
190.000,55,202.972,1690.302,590.643
190.000,56,472.965,1626.697,589.735
190.000,57,2013.011,627.918,211.928
190.000,58,778.942,149.693,279.280
190.000,59,856.015,235.042,522.895
190.000,60,108.967,527.747,474.986
190.000,61,1984.781,97.008,166.710
190.000,62,865.586,737.895,406.188
190.000,63,1200.687,1469.228,245.888
190.000,64,1097.351,1115.900,329.406
190.000,65,1675.197,1747.986,312.783
190.000,66,641.748,1266.717,394.142
190.000,67,280.993,1900.078,283.122
190.000,68,1316.606,1831.762,315.416
190.000,69,1059.892,68.004,496.442
190.000,70,1137.047,430.122,425.892
190.000,71,1830.022,2269.176,253.491
190.000,72,1028.494,2053.653,459.990
190.000,73,240.262,503.723,210.804
195.000,0,528.373,2224.985,516.479
195.000,1,1214.936,1427.296,211.731
195.000,2,390.622,1190.819,368.696
195.000,3,720.959,779.545,368.834
195.000,4,1096.989,479.614,467.442
195.000,5,71.222,1476.663,112.823
195.000,6,1916.515,1022.602,570.049
195.000,7,287.358,1873.860,345.031
195.000,8,653.567,1731.913,278.010
195.000,9,565.358,1305.490,474.640
195.000,10,500.452,938.051,581.464
195.000,11,1903.346,819.242,540.914
195.000,12,415.853,311.001,360.511
195.000,13,651.286,660.169,540.577
195.000,14,1271.674,1253.169,510.911
195.000,15,1141.721,2000.593,527.328
195.000,16,649.184,2221.311,201.158
195.000,17,1918.102,430.162,127.808
195.000,18,1456.990,2105.102,594.218
195.000,19,688.385,372.794,123.985
195.000,20,1177.019,661.455,471.940
195.000,21,771.997,2261.019,338.983
195.000,22,896.644,1736.793,486.856
195.000,23,786.640,1177.717,121.205
195.000,24,1260.374,2067.045,111.210
195.000,25,650.442,1166.083,253.536
195.000,26,459.056,840.616,251.666
195.000,27,1181.348,111.988,311.887
195.000,28,1934.755,1695.380,574.811
195.000,29,948.060,249.744,484.287
195.000,30,502.825,594.012,201.605
195.000,31,1654.078,1965.484,403.645
195.000,32,1734.379,1619.927,142.709
195.000,33,1277.045,2067.951,166.332
195.000,34,1358.191,1983.461,110.286
195.000,35,1260.763,1301.715,325.613
195.000,36,65.257,1970.603,256.087
195.000,37,102.893,1081.478,377.719
195.000,38,776.423,1127.459,394.541
195.000,39,209.934,1827.399,266.207
195.000,40,947.264,1076.584,144.402
195.000,41,104.198,711.136,311.097
195.000,42,1742.994,1296.286,468.090
195.000,43,1990.502,2065.043,546.071
195.000,44,697.132,1733.949,363.174
195.000,45,449.884,949.968,183.938
195.000,46,1889.398,702.129,322.617
195.000,47,318.614,1535.673,430.375
195.000,48,911.702,1938.457,536.210
195.000,49,998.000,1498.939,263.124
195.000,50,1556.924,923.734,421.981
195.000,51,957.122,1030.443,420.939
195.000,52,404.014,222.496,583.802
195.000,53,1162.152,643.214,274.228
195.000,54,1553.905,1326.895,484.472
195.000,55,164.283,1576.711,592.804
195.000,56,526.825,1726.372,586.015
195.000,57,1950.773,742.925,211.382
195.000,58,849.738,147.099,278.597
195.000,59,752.973,290.227,527.569
195.000,60,116.009,615.563,469.348
195.000,61,1929.627,198.028,162.352
195.000,62,926.119,866.584,404.008
195.000,63,1205.311,1372.488,245.363
195.000,64,1135.523,1034.474,327.613
195.000,65,1737.144,1794.862,309.599
195.000,66,567.552,1174.715,391.568
195.000,67,226.093,1966.392,279.899
195.000,68,1354.863,1732.389,313.229
195.000,69,1059.108,158.779,494.707
195.000,70,1180.944,513.610,426.808
195.000,71,1910.466,2350.386,248.355
195.000,72,981.944,2172.726,458.904
195.000,73,165.936,455.717,212.221
200.000,0,471.081,2099.798,513.411
200.000,1,1266.074,1289.971,213.672
200.000,2,458.322,1203.792,366.662
200.000,3,728.243,633.892,377.452
200.000,4,1073.116,560.073,464.382
200.000,5,86.966,1369.249,113.914
200.000,6,1948.671,1127.721,572.390
200.000,7,284.709,1782.407,345.826
200.000,8,703.799,1801.651,279.295
200.000,9,648.299,1295.565,477.263
200.000,10,424.735,867.544,580.506
200.000,11,1781.059,785.084,540.013
200.000,12,463.596,165.568,362.435
200.000,13,577.347,777.330,532.038
200.000,14,1236.841,1126.194,511.222
200.000,15,1069.358,1913.581,529.882
200.000,16,632.118,2314.387,205.200
200.000,17,1936.826,353.310,134.165
200.000,18,1530.983,1997.124,589.328
200.000,19,811.758,325.532,117.704
200.000,20,1082.097,562.022,473.304
200.000,21,841.274,2246.411,340.486
200.000,22,906.272,1833.175,485.472
200.000,23,825.103,1103.303,117.601
200.000,24,1143.671,2109.796,112.946
200.000,25,771.259,1187.817,266.444
200.000,26,410.646,918.974,252.987
200.000,27,1151.283,17.645,306.713
200.000,28,1937.243,1717.830,575.807
200.000,29,1040.839,255.849,480.448
200.000,30,618.961,643.890,194.153
200.000,31,1726.625,2076.887,408.592
200.000,32,1793.540,1684.176,145.919
200.000,33,1412.291,2024.856,162.020
200.000,34,1395.236,2087.711,111.937
200.000,35,1230.997,1170.471,323.577
200.000,36,183.393,1914.747,253.491
200.000,37,45.228,1113.781,378.567
200.000,38,715.115,1196.057,390.101
200.000,39,296.467,1828.121,269.178
200.000,40,1037.198,983.784,143.115
200.000,41,15.686,770.153,311.968
200.000,42,1795.562,1386.649,467.612
200.000,43,1905.982,1968.936,549.996
200.000,44,575.993,1693.921,371.386
200.000,45,567.745,1015.387,186.737
200.000,46,1892.379,788.949,326.045
200.000,47,254.900,1614.910,432.178
200.000,48,997.111,1946.712,533.831
200.000,49,936.308,1627.831,262.595
200.000,50,1603.525,802.988,420.307
200.000,51,1082.942,1043.934,413.569
200.000,52,364.964,331.210,584.173
200.000,53,1213.514,752.710,270.106
200.000,54,1635.335,1366.771,483.515
200.000,55,102.993,1472.049,592.877
200.000,56,582.597,1824.818,581.472
200.000,57,1874.714,855.193,212.840
200.000,58,930.869,131.666,276.327
200.000,59,686.202,393.711,532.599
200.000,60,124.262,708.750,465.708
200.000,61,1843.447,282.858,161.029
200.000,62,976.160,995.344,403.714
200.000,63,1201.226,1270.420,245.527
200.000,64,1159.742,944.163,322.528
200.000,65,1782.648,1858.889,307.679
200.000,66,527.025,1061.552,385.798
200.000,67,142.993,2008.633,274.141
200.000,68,1397.242,1634.281,309.262
200.000,69,1047.405,249.405,491.371
200.000,70,1243.002,584.438,426.859
200.000,71,1994.821,2320.371,245.145
200.000,72,913.395,2289.730,462.221
200.000,73,92.489,422.685,213.685
205.000,0,425.041,1969.478,513.909
205.000,1,1323.303,1167.964,212.439
205.000,2,528.147,1204.618,364.272
205.000,3,743.559,488.516,386.233
205.000,4,1025.739,622.445,459.897
205.000,5,126.386,1267.412,114.547
205.000,6,2003.009,1233.847,573.628
205.000,7,299.894,1683.513,344.149
205.000,8,753.670,1878.537,279.289
205.000,9,732.744,1276.597,476.649
205.000,10,388.399,769.832,577.247
205.000,11,1659.944,768.328,538.756
205.000,12,518.304,25.601,361.635
205.000,13,474.317,870.628,524.523
205.000,14,1142.713,1027.465,509.762
205.000,15,982.842,1830.191,532.545
205.000,16,610.984,2351.672,210.229
205.000,17,1961.927,278.947,141.105
205.000,18,1604.620,1890.491,579.569
205.000,19,920.076,254.536,112.475
205.000,20,949.007,507.611,473.033
205.000,21,896.198,2211.386,341.204
205.000,22,930.005,1929.374,482.062
205.000,23,868.161,1035.194,114.906
205.000,24,1019.982,2118.595,115.425
205.000,25,903.452,1217.430,279.288
205.000,26,379.441,1004.543,253.398
205.000,27,1081.998,131.444,301.226
205.000,28,1793.756,1759.948,571.985
205.000,29,1143.209,261.165,474.412
205.000,30,740.482,688.170,186.705
205.000,31,1834.772,2158.560,418.270
205.000,32,1835.801,1760.947,145.501
205.000,33,1537.109,1947.852,158.072
205.000,34,1434.991,2193.444,111.363
205.000,35,1161.107,1045.246,323.151
205.000,36,306.071,1881.507,256.478
205.000,37,187.036,1161.594,379.999
205.000,38,665.765,1266.750,388.426
205.000,39,374.370,1831.970,274.892
205.000,40,1102.514,874.955,140.727
205.000,41,75.471,839.945,315.134
205.000,42,1825.522,1483.779,466.571
205.000,43,1816.258,1862.270,556.790
205.000,44,467.323,1631.004,381.072
205.000,45,674.303,1082.869,190.292
205.000,46,1897.674,867.897,327.906
205.000,47,208.845,1702.415,433.430
205.000,48,1083.186,1977.204,530.885
205.000,49,841.923,1734.674,261.968
205.000,50,1644.056,684.414,418.810
205.000,51,1202.530,1061.123,407.295
205.000,52,347.869,445.638,583.949
205.000,53,1253.718,864.458,264.609
205.000,54,1717.238,1412.815,483.970
205.000,55,35.694,1370.278,596.920
205.000,56,632.159,1917.587,582.270
205.000,57,1850.114,989.513,212.640
205.000,58,1010.552,120.205,275.496
205.000,59,635.120,503.499,537.117
205.000,60,124.565,799.977,461.957
205.000,61,1791.619,382.958,159.587
205.000,62,1008.749,1131.043,402.759
205.000,63,1219.902,1166.765,243.680
205.000,64,1173.880,858.749,318.380
205.000,65,1821.020,1921.048,303.539
205.000,66,517.856,942.251,380.768
205.000,67,59.623,2066.509,270.159
205.000,68,1409.068,1530.862,309.106
205.000,69,1020.467,332.017,488.705
205.000,70,1293.609,675.993,425.494
205.000,71,1981.560,2224.774,241.835
205.000,72,850.636,2341.902,465.525
205.000,73,19.526,399.256,215.766
210.000,0,386.710,1823.241,515.198
210.000,1,1381.548,1046.684,207.949
210.000,2,608.667,1218.950,360.398
210.000,3,782.947,339.974,391.415
210.000,4,979.611,684.064,455.080
210.000,5,153.128,1161.956,117.238
210.000,6,2000.295,1353.115,574.962
210.000,7,289.735,1590.786,341.512
210.000,8,792.240,1950.797,279.067
210.000,9,815.957,1265.890,478.096
210.000,10,350.063,662.916,578.169
210.000,11,1556.005,730.323,538.568
210.000,12,595.312,100.726,365.284
210.000,13,360.346,960.704,518.939
210.000,14,1055.464,923.542,505.290
210.000,15,900.441,1755.526,532.121
210.000,16,585.038,2260.116,212.879
210.000,17,1985.107,206.163,146.374
210.000,18,1635.387,1760.156,573.909
210.000,19,1044.403,199.526,109.008
210.000,20,829.954,444.049,471.447
210.000,21,956.857,2188.171,341.741
210.000,22,940.386,2020.170,480.585
210.000,23,892.419,957.427,111.091
210.000,24,896.382,2143.189,117.489
210.000,25,1027.197,1257.283,287.070
210.000,26,343.791,1068.194,253.505
210.000,27,990.290,233.568,295.025
210.000,28,1655.201,1824.106,570.188
210.000,29,1228.082,213.087,473.636
210.000,30,857.367,733.538,178.983
210.000,31,1923.990,2258.890,421.375
210.000,32,1892.026,1822.934,145.315
210.000,33,1662.134,1860.654,154.751
210.000,34,1487.290,2293.936,107.473
210.000,35,1093.979,921.006,322.272
210.000,36,434.036,1859.275,261.474
210.000,37,333.189,1169.336,384.568
210.000,38,653.154,1358.528,382.801
210.000,39,452.199,1816.751,279.074
210.000,40,1162.894,766.204,138.569
210.000,41,153.511,910.140,315.863
210.000,42,1842.859,1589.111,463.621
210.000,43,1720.910,1763.821,559.526
210.000,44,358.259,1558.940,388.796
210.000,45,785.011,1157.507,189.830
210.000,46,1900.167,950.723,330.413
210.000,47,167.958,1772.263,434.008
210.000,48,1177.684,2012.365,530.721
210.000,49,770.304,1855.583,258.722
210.000,50,1685.005,567.064,418.281
210.000,51,1313.466,1069.263,400.313
210.000,52,357.272,561.495,583.491
210.000,53,1336.024,954.480,258.243
210.000,54,1798.803,1470.987,482.765
210.000,55,7.918,1248.611,595.512
210.000,56,692.071,1993.861,584.556
210.000,57,1802.724,1107.243,212.561
210.000,58,1081.812,120.874,275.022
210.000,59,576.438,590.963,542.088
210.000,60,104.231,892.690,457.345
210.000,61,1751.006,490.312,160.229
210.000,62,1068.107,1267.240,404.913
210.000,63,1241.695,1075.622,245.642
210.000,64,1199.513,781.937,316.160
210.000,65,1869.826,1976.044,298.581
210.000,66,490.678,825.232,378.904
210.000,67,37.700,2108.717,264.837
210.000,68,1428.479,1432.605,308.085
210.000,69,1012.571,421.608,485.403
210.000,70,1326.014,770.144,425.188
210.000,71,1916.030,2124.909,240.256
210.000,72,795.176,2223.882,463.898
210.000,73,57.164,360.789,216.914
215.000,0,303.249,1695.093,510.979
215.000,1,1428.385,912.897,205.905
215.000,2,684.055,1245.485,354.141
215.000,3,845.239,203.231,396.303
215.000,4,924.487,749.885,448.684
215.000,5,193.030,1061.654,122.420
215.000,6,1987.587,1471.094,578.577
215.000,7,310.242,1501.977,340.485
215.000,8,836.679,2010.328,279.091
215.000,9,897.366,1224.246,482.379
215.000,10,313.848,556.146,578.276
215.000,11,1435.983,701.029,538.817
215.000,12,652.124,236.552,368.815
215.000,13,234.971,1033.330,509.999
215.000,14,1019.337,791.911,503.038
215.000,15,856.904,1649.489,529.044
215.000,16,579.259,2176.452,218.554
215.000,17,1983.945,128.207,151.176
215.000,18,1644.012,1624.510,565.886
215.000,19,1175.938,187.359,105.710
215.000,20,717.519,372.529,470.827
215.000,21,1023.094,2172.233,342.557
215.000,22,967.574,2117.288,481.113
215.000,23,925.517,883.000,106.639
215.000,24,778.173,2184.220,119.665
215.000,25,1154.758,1270.147,294.448
215.000,26,290.805,1127.303,253.546
215.000,27,929.121,347.245,289.750
215.000,28,1511.789,1881.237,566.977
215.000,29,1317.227,154.244,471.496
215.000,30,971.686,792.304,172.550
215.000,31,2003.930,2371.733,427.145
215.000,32,1938.327,1894.957,145.936
215.000,33,1812.892,1836.019,157.900
215.000,34,1538.890,2350.277,104.562
215.000,35,1042.848,787.915,317.547
215.000,36,562.037,1854.828,263.456
215.000,37,472.922,1181.035,389.315
215.000,38,635.863,1445.819,376.533
215.000,39,536.599,1811.113,282.677
215.000,40,1249.695,683.311,137.336
215.000,41,227.769,994.645,315.596
215.000,42,1848.657,1694.709,461.661
215.000,43,1623.671,1656.359,566.718
215.000,44,264.105,1472.403,397.933
215.000,45,905.540,1206.588,188.439
215.000,46,1892.318,1033.595,328.740
215.000,47,109.771,1840.524,433.107
215.000,48,1252.811,2070.739,529.315
215.000,49,689.958,1979.817,258.199
215.000,50,1736.012,447.244,417.490
215.000,51,1428.166,1080.477,396.872
215.000,52,321.250,679.587,588.582
215.000,53,1429.214,1036.900,251.169
215.000,54,1886.552,1507.068,481.267
215.000,55,6.207,1123.825,589.332
215.000,56,733.253,2088.967,585.576
215.000,57,1764.936,1230.009,211.281
215.000,58,1145.567,108.709,274.311
215.000,59,509.680,684.129,547.251
215.000,60,84.520,982.430,454.356
215.000,61,1713.651,595.243,157.405
215.000,62,1128.798,1405.063,404.589
215.000,63,1262.321,984.836,248.027
215.000,64,1225.590,709.545,313.002
215.000,65,1926.878,2029.865,295.068
215.000,66,425.458,715.836,376.802
215.000,67,127.940,2147.674,260.718
215.000,68,1447.060,1328.393,305.941
215.000,69,999.384,511.930,483.158
215.000,70,1373.978,864.234,428.019
215.000,71,1821.831,2045.680,237.913
215.000,72,755.597,2100.689,465.049
215.000,73,131.692,323.361,217.993
220.000,0,244.332,1548.776,508.187
220.000,1,1441.092,783.411,204.716
220.000,2,766.799,1268.423,348.363
220.000,3,866.847,48.289,402.004
220.000,4,869.699,826.536,444.077
220.000,5,214.968,953.979,127.793
220.000,6,1972.251,1569.908,580.389
220.000,7,304.488,1404.752,338.882
220.000,8,861.336,2077.868,277.911
220.000,9,968.304,1197.774,485.716
220.000,10,233.063,477.708,577.996
220.000,11,1324.989,666.691,534.990
220.000,12,683.692,384.889,369.751
220.000,13,136.928,1136.965,504.080
220.000,14,987.263,662.555,499.918
220.000,15,802.203,1552.388,529.954
220.000,16,544.800,2094.494,224.407
220.000,17,1987.694,61.664,155.548
220.000,18,1680.879,1500.561,558.315
220.000,19,1298.040,131.103,102.393
220.000,20,585.316,336.035,467.527
220.000,21,1087.603,2146.835,344.759
220.000,22,978.661,2207.760,481.352
220.000,23,948.245,809.866,102.718
220.000,24,653.219,2201.575,118.243
220.000,25,1282.877,1276.697,302.846
220.000,26,252.498,1197.465,251.457
220.000,27,853.657,460.577,286.978
220.000,28,1377.205,1953.240,557.287
220.000,29,1413.754,104.560,467.133
220.000,30,1081.281,852.693,167.303
220.000,31,1947.286,2272.096,430.988
220.000,32,1983.236,1968.913,148.006
220.000,33,1949.577,1779.536,157.238
220.000,34,1603.087,2264.567,101.500
220.000,35,981.161,650.704,308.455
220.000,36,682.828,1825.064,265.022
220.000,37,616.970,1179.350,395.981
220.000,38,588.260,1526.881,370.150
220.000,39,623.013,1808.866,286.556
220.000,40,1350.912,610.364,135.763
220.000,41,295.168,1074.588,315.954
220.000,42,1886.062,1787.488,459.033
220.000,43,1535.481,1564.120,568.385
220.000,44,182.012,1382.339,403.183
220.000,45,1037.584,1219.226,187.128
220.000,46,1873.646,1120.339,327.095
220.000,47,106.857,1932.072,431.799
220.000,48,1332.590,2119.271,523.147
220.000,49,618.434,2110.290,257.314
220.000,50,1772.704,329.454,414.018
220.000,51,1552.989,1087.750,390.905
220.000,52,283.968,790.668,592.776
220.000,53,1520.398,1107.991,243.117
220.000,54,1976.945,1536.282,476.701
220.000,55,28.233,998.024,583.390
220.000,56,790.902,2182.686,586.945
220.000,57,1715.288,1351.456,211.755
220.000,58,1211.866,115.108,270.934
220.000,59,427.890,777.162,548.083
220.000,60,81.096,1063.863,451.492
220.000,61,1707.509,708.378,153.053
220.000,62,1174.394,1543.669,403.989
220.000,63,1258.278,888.941,248.272
220.000,64,1244.829,626.939,311.715
220.000,65,1997.527,2067.698,291.921
220.000,66,390.562,610.001,371.417
220.000,67,197.081,2214.849,254.445
220.000,68,1468.556,1221.313,299.553
220.000,69,1007.081,600.446,481.073
220.000,70,1418.322,949.167,427.876
220.000,71,1731.665,1959.801,233.508
220.000,72,693.900,1994.817,461.829
220.000,73,194.955,280.587,219.368
225.000,0,181.641,1419.471,503.298
225.000,1,1488.315,657.808,202.906
225.000,2,850.334,1285.245,343.756
225.000,3,912.478,103.619,408.959
225.000,4,812.922,880.228,437.892
225.000,5,249.777,847.968,131.203
225.000,6,1943.209,1666.188,580.272
225.000,7,264.850,1313.558,339.289
225.000,8,900.234,2145.273,276.706
225.000,9,1023.563,1150.384,487.980
225.000,10,169.898,393.122,580.999
225.000,11,1222.549,619.802,531.788
225.000,12,791.896,493.422,372.021
225.000,13,23.438,1213.272,496.636
225.000,14,939.876,533.335,498.275
225.000,15,728.294,1468.377,533.254
225.000,16,518.496,2014.509,227.282
225.000,17,2011.058,16.370,161.013
225.000,18,1711.380,1374.834,550.689
225.000,19,1429.585,99.359,101.712
225.000,20,460.823,296.829,464.368
225.000,21,1164.893,2113.084,349.178
225.000,22,979.607,2301.083,481.160
225.000,23,978.019,740.076,100.842
225.000,24,526.504,2202.939,117.975
225.000,25,1417.665,1292.215,313.208
225.000,26,209.636,1264.329,251.388
225.000,27,782.430,589.262,283.898
225.000,28,1233.990,1979.319,550.835
225.000,29,1513.998,83.640,466.428
225.000,30,1171.584,940.285,162.853
225.000,31,1845.012,2178.799,435.472
225.000,32,2020.815,2042.911,147.449
225.000,33,1970.736,1723.527,152.452
225.000,34,1635.434,2152.274,103.459
225.000,35,927.337,519.998,299.374
225.000,36,797.952,1778.753,264.421
225.000,37,762.478,1235.431,396.404
225.000,38,519.330,1584.260,365.800
225.000,39,707.905,1800.674,291.373
225.000,40,1460.516,542.310,128.697
225.000,41,375.394,1164.993,318.486
225.000,42,1921.433,1879.520,456.545
225.000,43,1424.882,1504.855,573.104
225.000,44,99.341,1280.771,407.133
225.000,45,1154.338,1296.460,186.870
225.000,46,1881.499,1211.507,327.542
225.000,47,96.131,2021.497,431.555
225.000,48,1419.243,2162.319,520.166
225.000,49,540.423,2227.898,256.400
225.000,50,1800.715,211.605,412.398
225.000,51,1671.981,1131.379,389.061
225.000,52,247.989,913.468,598.199
225.000,53,1579.658,1206.792,235.087
225.000,54,1963.998,1583.038,476.076
225.000,55,64.902,882.893,579.541
225.000,56,842.029,2279.180,588.959
225.000,57,1681.397,1477.626,214.060
225.000,58,1291.049,129.479,267.481
225.000,59,354.168,874.189,549.235
225.000,60,87.173,1148.239,448.184
225.000,61,1680.769,810.578,148.813
225.000,62,1213.073,1684.682,407.207
225.000,63,1222.604,800.709,248.341
225.000,64,1247.638,541.690,309.709
225.000,65,1982.229,2121.708,288.184
225.000,66,385.630,492.589,364.947
225.000,67,263.732,2284.338,251.868
225.000,68,1504.286,1116.321,291.637
225.000,69,1005.705,691.130,478.890
225.000,70,1472.074,1027.171,429.636
225.000,71,1647.385,1886.117,226.843
225.000,72,627.607,1894.001,459.979
225.000,73,250.362,230.285,221.912
230.000,0,125.679,1282.420,503.289
230.000,1,1497.121,519.522,200.608
230.000,2,932.037,1298.152,340.079
230.000,3,986.117,232.461,412.006
230.000,4,743.964,919.096,432.341
230.000,5,259.322,735.055,138.008
230.000,6,1939.573,1781.353,580.935
230.000,7,244.253,1219.952,340.819
230.000,8,939.898,2208.180,274.191
230.000,9,1094.505,1118.360,491.205
230.000,10,98.039,315.410,582.448
230.000,11,1132.328,566.220,529.305
230.000,12,870.988,623.117,374.534
230.000,13,113.438,1294.669,488.276
230.000,14,879.869,395.973,497.246
230.000,15,630.937,1419.491,534.696
230.000,16,518.330,1925.937,231.210
230.000,17,2009.115,95.823,166.018
230.000,18,1769.730,1260.987,543.453
230.000,19,1552.285,68.144,104.352
230.000,20,345.629,213.012,462.786
230.000,21,1248.257,2105.440,353.158
230.000,22,994.116,2370.067,478.576
230.000,23,1006.254,667.674,101.755
230.000,24,408.249,2212.045,118.144
230.000,25,1537.948,1345.082,319.562
230.000,26,164.110,1336.540,252.063
230.000,27,706.214,707.328,283.255
230.000,28,1094.764,2036.645,543.973
230.000,29,1612.644,62.763,464.187
230.000,30,1274.069,1010.559,155.145
230.000,31,1753.050,2082.703,442.351
230.000,32,1975.179,2118.422,147.773
230.000,33,1853.016,1670.235,150.874
230.000,34,1667.991,2046.441,107.541
230.000,35,878.441,385.543,292.606
230.000,36,917.604,1738.323,263.997
230.000,37,897.498,1272.712,400.409
230.000,38,466.917,1651.877,363.078
230.000,39,783.375,1773.989,296.977
230.000,40,1531.594,448.699,123.714
230.000,41,476.776,1222.821,317.878
230.000,42,1936.592,1972.654,455.458
230.000,43,1323.388,1416.121,580.425
230.000,44,32.361,1217.464,410.230
230.000,45,1292.143,1332.143,190.024
230.000,46,1901.069,1296.434,326.510
230.000,47,60.832,2108.169,434.113
230.000,48,1502.812,2219.603,518.785
230.000,49,456.475,2351.439,255.076
230.000,50,1849.365,96.609,409.250
230.000,51,1802.197,1159.950,381.134
230.000,52,199.818,1028.270,596.194
230.000,53,1644.618,1316.418,227.947
230.000,54,1883.358,1648.371,477.841
230.000,55,79.676,763.633,576.898
230.000,56,903.772,2374.575,589.161
230.000,57,1654.674,1612.250,216.880
230.000,58,1372.710,140.631,266.296
230.000,59,268.185,961.991,551.330
230.000,60,88.113,1233.436,443.083
230.000,61,1679.411,906.525,145.244
230.000,62,1251.773,1820.326,413.977
230.000,63,1221.709,705.545,247.598
230.000,64,1290.273,469.974,306.980
230.000,65,1923.415,2175.832,286.431
230.000,66,393.690,374.747,362.288
230.000,67,335.108,2345.094,246.952
230.000,68,1502.092,1007.043,288.195
230.000,69,1015.388,776.282,478.450
230.000,70,1528.365,1109.821,429.707
230.000,71,1569.503,1806.572,222.465
230.000,72,571.890,1782.969,462.960
230.000,73,310.847,181.764,223.196
235.000,0,68.582,1147.283,503.815
235.000,1,1505.108,376.940,198.655
235.000,2,1017.265,1315.020,335.941
235.000,3,1061.350,354.553,411.551
235.000,4,680.946,965.958,429.901
235.000,5,268.427,622.118,144.051
235.000,6,1929.150,1902.777,580.008
235.000,7,212.776,1130.542,341.177
235.000,8,981.655,2276.727,270.062
235.000,9,1175.789,1102.774,494.215
235.000,10,30.780,238.748,580.834
235.000,11,1015.709,553.453,526.705
235.000,12,941.735,757.493,375.234
235.000,13,208.520,1403.354,479.320
235.000,14,817.501,266.988,494.698
235.000,15,541.365,1346.216,531.919
235.000,16,507.718,1836.157,237.938
235.000,17,1990.557,175.741,170.494
235.000,18,1817.665,1142.027,534.232
235.000,19,1668.854,17.921,104.456
235.000,20,230.681,128.280,461.154
235.000,21,1322.553,2071.031,353.504
235.000,22,1000.525,2281.436,477.722
235.000,23,1018.163,587.366,104.185
235.000,24,294.896,2243.954,123.041
235.000,25,1654.912,1360.266,327.676
235.000,26,134.839,1413.932,252.880
235.000,27,623.610,822.233,278.995
235.000,28,960.175,2109.589,537.244
235.000,29,1701.559,15.466,463.033
235.000,30,1389.208,1065.241,151.531
235.000,31,1653.899,2002.110,447.067
235.000,32,1895.736,2165.749,148.380
235.000,33,1726.782,1612.610,148.249
235.000,34,1684.216,1940.506,113.514
235.000,35,808.419,262.567,290.385
235.000,36,1023.484,1672.749,264.269
235.000,37,1030.534,1304.108,405.461
235.000,38,420.422,1714.777,360.838
235.000,39,867.726,1755.989,300.307
235.000,40,1619.509,373.030,119.336
235.000,41,558.140,1298.754,318.829
235.000,42,1933.442,2073.239,451.903
235.000,43,1211.559,1336.499,582.571
235.000,44,158.209,1152.162,418.485
235.000,45,1422.316,1357.755,193.358
235.000,46,1915.317,1385.105,329.675
235.000,47,42.641,2209.265,436.952
235.000,48,1578.765,2284.460,519.318
235.000,49,366.232,2264.515,250.254
235.000,50,1903.123,29.138,409.289
235.000,51,1930.214,1178.295,372.762
235.000,52,135.705,1125.926,593.395
235.000,53,1726.885,1412.580,225.267
235.000,54,1806.570,1710.488,476.629
235.000,55,102.557,642.834,572.156
235.000,56,955.279,2272.802,587.828
235.000,57,1621.033,1743.676,221.965
235.000,58,1456.412,137.552,263.560
235.000,59,185.008,1052.896,550.843
235.000,60,113.236,1318.262,439.952
235.000,61,1636.250,998.554,145.609
235.000,62,1333.672,1943.749,422.517
235.000,63,1237.454,611.663,249.074
235.000,64,1340.830,401.799,304.285
235.000,65,1861.905,2229.475,285.810
235.000,66,377.320,263.564,356.098
235.000,67,407.948,2338.110,242.492
235.000,68,1514.678,902.829,282.659
235.000,69,1036.199,859.261,475.459
235.000,70,1593.584,1179.291,429.160
235.000,71,1502.881,1713.868,220.495
235.000,72,510.866,1665.085,467.298
235.000,73,375.515,131.158,221.442
240.000,0,10.462,1017.729,508.317
240.000,1,1509.687,232.723,193.057
240.000,2,1096.738,1327.102,332.879
240.000,3,1130.193,470.606,409.011
240.000,4,632.980,1008.770,428.563
240.000,5,297.235,515.177,146.645
240.000,6,1932.912,2022.412,581.526
240.000,7,211.885,1043.239,337.272
240.000,8,1034.316,2350.240,269.218
240.000,9,1254.394,1104.053,498.140
240.000,10,23.070,159.514,581.317
240.000,11,900.098,522.443,527.104
240.000,12,1031.215,879.823,374.714
240.000,13,303.002,1517.378,472.100
240.000,14,755.713,137.082,496.037
240.000,15,468.532,1256.864,528.111
240.000,16,493.599,1745.494,242.590
240.000,17,1973.334,250.106,174.486
240.000,18,1903.449,1037.357,524.046
240.000,19,1809.368,45.655,110.671
240.000,20,117.402,29.957,459.498
240.000,21,1404.888,2067.086,354.908
240.000,22,988.612,2194.641,475.811
240.000,23,1052.767,513.523,107.493
240.000,24,178.136,2274.277,128.303
240.000,25,1786.754,1352.056,333.723
240.000,26,104.226,1492.387,252.363
240.000,27,573.846,948.779,276.342
240.000,28,813.290,2127.424,533.348
240.000,29,1797.648,29.970,460.674
240.000,30,1490.301,1141.972,144.486
240.000,31,1542.109,1931.271,453.668
240.000,32,1836.117,2227.967,150.563
240.000,33,1596.894,1553.869,148.592
240.000,34,1706.171,1829.417,116.954
240.000,35,722.191,154.627,286.371
240.000,36,1147.207,1637.644,264.692
240.000,37,1177.065,1305.791,410.250
240.000,38,387.361,1792.339,358.597
240.000,39,950.047,1764.626,304.942
240.000,40,1738.033,314.308,118.183
240.000,41,643.667,1364.764,320.784
240.000,42,1962.718,2165.989,448.147
240.000,43,1099.801,1268.691,584.055
240.000,44,264.598,1078.548,428.516
240.000,45,1545.387,1399.884,199.628
240.000,46,1917.623,1468.275,332.407
240.000,47,6.275,2293.724,437.373
240.000,48,1650.845,2335.151,517.913
240.000,49,285.239,2152.920,247.229
240.000,50,1936.075,156.008,409.449
240.000,51,1957.469,1187.937,366.566
240.000,52,75.454,1232.279,591.579
240.000,53,1775.596,1521.871,222.053
240.000,54,1725.417,1769.367,477.166
240.000,55,154.760,541.578,570.363
240.000,56,1032.394,2187.582,587.056
240.000,57,1600.829,1876.531,221.286
240.000,58,1546.570,119.103,262.255
240.000,59,95.929,1134.665,553.664
240.000,60,140.626,1396.743,438.459
240.000,61,1589.416,1090.910,146.412
240.000,62,1430.546,2056.921,429.171
240.000,63,1250.849,515.904,248.117
240.000,64,1371.869,328.896,297.947
240.000,65,1802.993,2284.083,283.703
240.000,66,335.514,152.538,350.859
240.000,67,491.146,2311.472,240.588
240.000,68,1514.998,799.443,276.887
240.000,69,1042.457,946.969,472.521
240.000,70,1658.329,1242.061,429.760
240.000,71,1418.989,1642.138,215.686
240.000,72,435.719,1562.129,465.554
240.000,73,454.609,97.863,221.705
245.000,0,42.052,877.905,508.731
245.000,1,1527.336,90.633,191.599
245.000,2,1164.219,1360.373,331.399
245.000,3,1165.025,609.748,415.006
245.000,4,583.424,1060.555,425.395
245.000,5,302.869,398.680,148.865
245.000,6,1901.497,2133.797,585.923
245.000,7,196.985,953.495,336.109
245.000,8,1070.401,2318.964,268.473
245.000,9,1327.112,1097.407,501.804
245.000,10,74.217,73.100,580.984
245.000,11,779.876,518.214,524.507
245.000,12,1092.778,1013.986,373.559
245.000,13,390.018,1635.849,467.753
245.000,14,698.906,22.369,493.270
245.000,15,360.224,1195.587,524.228
245.000,16,480.163,1653.065,247.249
245.000,17,1958.584,324.594,178.317
245.000,18,1975.369,926.161,521.128
245.000,19,1935.388,89.468,113.654
245.000,20,25.528,51.865,461.397
245.000,21,1482.999,2078.273,356.318
245.000,22,997.066,2101.315,473.831
245.000,23,1070.154,443.026,108.726
245.000,24,53.926,2291.671,133.499
245.000,25,1913.694,1342.808,338.391
245.000,26,72.553,1578.350,249.791
245.000,27,539.923,1094.021,274.049
245.000,28,671.994,2163.681,532.016
245.000,29,1889.715,66.558,460.360
245.000,30,1614.347,1170.880,140.107
245.000,31,1447.524,1838.327,459.919
245.000,32,1798.164,2312.101,151.633
245.000,33,1505.443,1442.318,146.203
245.000,34,1765.186,1726.949,118.499
245.000,35,640.383,43.592,283.685
245.000,36,1268.676,1590.223,267.894
245.000,37,1332.402,1288.889,409.195
245.000,38,371.825,1876.068,355.805
245.000,39,1028.503,1750.525,308.127
245.000,40,1828.699,211.023,117.711
245.000,41,733.547,1427.427,322.118
245.000,42,2004.558,2251.035,442.625
245.000,43,990.915,1184.105,587.588
245.000,44,377.287,1045.078,435.075
245.000,45,1673.883,1458.456,203.818
245.000,46,1921.216,1552.048,335.294
245.000,47,36.045,2374.850,436.895
245.000,48,1729.198,2378.346,516.512
245.000,49,196.158,2045.842,244.268
245.000,50,1970.317,278.132,413.883
245.000,51,1829.734,1209.957,361.347
245.000,52,32.801,1347.478,586.211
245.000,53,1847.879,1614.507,218.281
245.000,54,1623.558,1802.772,479.886
245.000,55,226.353,456.893,562.703
245.000,56,1100.611,2091.088,585.161
245.000,57,1580.816,2008.345,223.123
245.000,58,1625.092,115.285,261.116
245.000,59,2.451,1201.853,554.312
245.000,60,156.117,1477.065,436.395
245.000,61,1529.834,1188.145,145.859
245.000,62,1529.250,2184.111,435.106
245.000,63,1269.389,422.268,248.520
245.000,64,1413.620,258.663,291.917
245.000,65,1757.612,2344.373,282.249
245.000,66,308.887,38.665,346.859
245.000,67,580.114,2294.620,238.438
245.000,68,1523.106,702.518,273.973
245.000,69,1060.480,1036.725,471.244
245.000,70,1726.812,1309.146,430.858
245.000,71,1331.322,1563.225,212.135
245.000,72,383.914,1444.646,463.330
245.000,73,521.917,73.699,222.933
250.000,0,60.213,748.787,506.876
250.000,1,1592.855,72.735,193.800
250.000,2,1223.939,1402.110,329.360
250.000,3,1166.070,756.409,423.438
250.000,4,535.964,1130.166,423.692
250.000,5,275.026,283.420,152.724
250.000,6,1877.671,2238.969,590.668
250.000,7,213.952,869.065,335.237
250.000,8,1087.393,2237.026,269.302
250.000,9,1401.153,1090.284,506.442
250.000,10,118.398,17.249,582.212
250.000,11,659.840,480.644,525.061
250.000,12,1171.915,1136.944,373.987
250.000,13,468.237,1763.717,467.438
250.000,14,641.233,161.344,491.624
250.000,15,241.696,1166.364,525.834
250.000,16,472.848,1568.334,251.771
250.000,17,1947.415,400.677,181.187
250.000,18,1993.627,808.265,515.511
250.000,19,1974.822,166.559,112.109
250.000,20,144.597,107.303,457.949
250.000,21,1556.720,2055.906,357.281
250.000,22,1011.351,2007.410,471.173
250.000,23,1083.866,362.869,110.589
250.000,24,80.634,2296.554,133.941
250.000,25,1993.007,1343.704,341.969
250.000,26,56.785,1664.156,249.261
250.000,27,480.535,1225.494,268.798
250.000,28,541.622,2218.696,531.003
250.000,29,1978.272,109.049,459.699
250.000,30,1740.989,1186.399,136.189
250.000,31,1343.794,1751.109,470.316
250.000,32,1746.892,2368.739,150.251
250.000,33,1379.659,1385.721,147.660
250.000,34,1786.894,1617.519,117.107
250.000,35,575.197,94.895,280.824
250.000,36,1381.227,1535.864,265.225
250.000,37,1490.224,1270.702,414.644
250.000,38,334.415,1944.639,353.694
250.000,39,1104.233,1734.015,310.143
250.000,40,1935.636,127.001,119.321
250.000,41,824.878,1472.912,324.029
250.000,42,2004.975,2340.829,441.324
250.000,43,890.488,1087.122,594.189
250.000,44,495.041,1012.622,439.584
250.000,45,1777.847,1545.219,210.472
250.000,46,1937.292,1636.563,337.259
250.000,47,75.230,2295.398,437.743
250.000,48,1812.941,2337.599,514.023
250.000,49,125.863,1929.629,243.311
250.000,50,1990.353,373.907,416.051
250.000,51,1718.580,1270.807,359.800
250.000,52,39.172,1473.007,579.214
250.000,53,1909.813,1710.844,214.730
250.000,54,1529.927,1853.059,482.331
250.000,55,289.989,358.074,554.115
250.000,56,1170.691,2003.940,582.433
250.000,57,1537.184,2126.684,222.044
250.000,58,1694.385,113.031,259.471
250.000,59,90.787,1277.005,555.056
250.000,60,159.412,1564.575,432.605
250.000,61,1447.236,1262.495,143.635
250.000,62,1613.488,2313.158,435.519
250.000,63,1301.539,335.595,248.288
250.000,64,1441.426,183.260,286.991
250.000,65,1701.169,2363.775,279.972
250.000,66,298.410,81.385,341.971
250.000,67,663.819,2258.998,237.133
250.000,68,1500.787,603.311,270.343
250.000,69,1082.474,1124.602,469.244
250.000,70,1770.634,1398.579,430.906
250.000,71,1236.301,1501.112,211.337
250.000,72,362.322,1321.898,461.768
250.000,73,579.834,29.560,220.932
255.000,0,104.804,617.443,504.191
255.000,1,1668.998,197.467,194.990
255.000,2,1290.363,1420.212,326.096
255.000,3,1186.488,909.911,431.079
255.000,4,501.095,1201.366,422.498
255.000,5,260.573,168.507,154.611
255.000,6,1862.523,2344.222,592.449
255.000,7,213.675,789.009,334.372
255.000,8,1100.461,2152.748,268.367
255.000,9,1477.440,1075.197,511.376
255.000,10,162.238,103.960,582.131
255.000,11,566.556,402.882,523.600
255.000,12,1242.301,1251.413,377.336
255.000,13,558.642,1875.447,462.413
255.000,14,567.510,283.325,491.837
255.000,15,149.011,1121.350,531.021
255.000,16,475.031,1482.403,255.670
255.000,17,1943.210,475.606,184.918
255.000,18,1956.846,681.831,506.472
255.000,19,1865.175,249.675,115.251
255.000,20,256.561,164.615,458.121
255.000,21,1635.910,2048.360,358.990
255.000,22,1017.746,1910.544,471.907
255.000,23,1107.786,276.923,112.954
255.000,24,212.888,2292.041,133.205
255.000,25,1863.399,1338.805,345.627
255.000,26,45.557,1742.539,250.428
255.000,27,423.985,1344.256,266.488
255.000,28,406.913,2248.947,525.203
255.000,29,1962.618,153.139,458.868
255.000,30,1856.830,1238.222,129.996
255.000,31,1276.891,1635.984,476.636
255.000,32,1712.973,2292.369,152.223
255.000,33,1257.085,1322.926,150.803
255.000,34,1831.795,1508.023,117.870
255.000,35,490.346,210.928,276.805
255.000,36,1486.355,1469.017,263.874
255.000,37,1641.903,1275.350,418.602
255.000,38,276.318,2008.825,350.271
255.000,39,1191.733,1717.458,317.094
255.000,40,2002.175,60.172,117.206
255.000,41,916.832,1513.198,326.570
255.000,42,1976.336,2320.714,441.501
255.000,43,791.948,992.918,598.092
255.000,44,602.724,931.293,444.664
255.000,45,1882.974,1625.231,218.934
255.000,46,1960.717,1710.444,340.587
255.000,47,120.453,2211.000,436.824
255.000,48,1909.474,2317.381,509.922
255.000,49,59.807,1802.409,242.332
255.000,50,1923.645,492.591,415.565
255.000,51,1599.182,1308.157,355.415
255.000,52,35.203,1598.101,575.059
255.000,53,1989.494,1798.246,208.299
255.000,54,1443.365,1903.381,482.645
255.000,55,344.525,243.880,544.949
255.000,56,1222.904,1904.741,582.381
255.000,57,1483.657,2239.896,222.476
255.000,58,1766.473,148.257,258.143
255.000,59,152.757,1369.709,554.480
255.000,60,171.082,1662.721,426.341
255.000,61,1356.207,1339.134,138.266
255.000,62,1682.135,2289.340,436.348
255.000,63,1304.216,242.360,248.239
255.000,64,1475.787,105.537,284.252
255.000,65,1651.432,2301.288,278.797
255.000,66,267.183,200.920,338.693
255.000,67,756.032,2259.157,234.199
255.000,68,1519.881,507.337,263.474
255.000,69,1082.568,1220.087,468.921
255.000,70,1807.043,1483.722,428.849
255.000,71,1164.403,1406.580,211.349
255.000,72,351.152,1193.939,457.611
255.000,73,646.145,16.599,221.873
260.000,0,134.953,473.348,505.114
260.000,1,1747.335,315.125,199.630
260.000,2,1352.804,1455.051,322.337
260.000,3,1178.851,1058.771,436.285
260.000,4,450.946,1268.434,418.062
260.000,5,280.967,57.753,157.946
260.000,6,1854.663,2297.090,594.276
260.000,7,210.396,697.898,333.617
260.000,8,1129.687,2065.883,264.616
260.000,9,1552.809,1037.592,514.146
260.000,10,220.170,183.218,580.621
260.000,11,458.399,357.328,521.429
260.000,12,1324.781,1369.129,381.181
260.000,13,685.893,1940.039,454.373
260.000,14,496.028,396.287,491.019
260.000,15,66.243,1060.768,532.751
260.000,16,479.592,1404.427,260.747
260.000,17,1925.776,545.182,187.215
260.000,18,1921.542,552.584,500.904
260.000,19,1752.223,333.351,116.511
260.000,20,380.696,220.886,461.466
260.000,21,1719.879,2059.184,362.435
260.000,22,1020.929,1817.987,468.677
260.000,23,1123.424,190.279,116.414
260.000,24,340.513,2304.289,138.016
260.000,25,1731.120,1362.433,350.864
260.000,26,11.833,1812.869,250.402
260.000,27,398.098,1479.009,258.963
260.000,28,263.454,2258.677,522.587
260.000,29,1871.374,193.686,454.590
260.000,30,1973.172,1304.809,123.165
260.000,31,1187.819,1541.175,481.181
260.000,32,1687.535,2212.811,154.105
260.000,33,1133.101,1260.607,153.168
260.000,34,1873.825,1400.247,118.919
260.000,35,405.694,334.526,272.912
260.000,36,1604.782,1447.498,267.555
260.000,37,1790.886,1292.030,417.647
260.000,38,226.325,2077.637,345.061
260.000,39,1284.491,1728.834,323.729
260.000,40,1908.953,9.044,112.655
260.000,41,999.262,1576.072,327.780
260.000,42,1976.024,2216.903,440.141
260.000,43,716.487,882.702,596.491
260.000,44,700.867,853.422,448.903
260.000,45,2006.778,1695.368,222.958
260.000,46,1975.286,1794.977,340.098
260.000,47,176.562,2132.087,439.601
260.000,48,2005.146,2293.614,507.472
260.000,49,36.676,1691.265,237.489
260.000,50,1930.288,620.792,410.764
260.000,51,1466.613,1328.228,345.804
260.000,52,22.638,1712.394,571.900
260.000,53,1973.523,1901.376,202.913
260.000,54,1358.517,1949.868,483.685
260.000,55,382.774,120.153,538.334
260.000,56,1265.927,1796.222,578.947
260.000,57,1419.830,2359.482,219.997
260.000,58,1841.829,169.559,256.190
260.000,59,215.166,1465.415,553.446
260.000,60,165.663,1759.510,422.121
260.000,61,1295.201,1437.309,132.721
260.000,62,1739.688,2148.859,437.416
260.000,63,1310.972,149.155,246.713
260.000,64,1494.885,23.825,282.498
260.000,65,1594.041,2238.689,275.915
260.000,66,239.182,319.619,335.006
260.000,67,843.090,2220.555,228.633
260.000,68,1531.779,412.139,259.515
260.000,69,1096.022,1315.000,466.957
260.000,70,1851.208,1572.213,425.349
260.000,71,1082.619,1334.662,211.861
260.000,72,326.748,1075.677,460.386
260.000,73,723.475,65.388,223.992
265.000,0,147.035,325.447,509.049
265.000,1,1816.726,429.843,202.332
265.000,2,1411.655,1495.240,318.107
265.000,3,1160.468,1204.276,442.137
265.000,4,389.308,1345.409,409.985
265.000,5,310.920,60.642,162.394
265.000,6,1838.129,2189.091,594.665
265.000,7,243.244,603.412,330.194
265.000,8,1155.292,1983.458,261.538
265.000,9,1635.833,997.333,518.156
265.000,10,289.839,256.130,580.240
265.000,11,344.604,346.991,518.026
265.000,12,1422.010,1479.406,383.213
265.000,13,817.560,2001.419,445.531
265.000,14,442.705,522.258,491.589
265.000,15,33.215,1008.996,534.527
265.000,16,470.074,1327.622,266.123
265.000,17,1913.808,623.378,190.521
265.000,18,1842.094,442.316,497.427
265.000,19,1632.001,392.920,112.653
265.000,20,506.619,280.383,463.973
265.000,21,1802.173,2083.677,362.482
265.000,22,998.007,1722.597,466.667
265.000,23,1124.894,108.708,120.986
265.000,24,462.903,2332.125,143.781
265.000,25,1605.671,1365.025,360.289
265.000,26,58.198,1871.194,251.014
265.000,27,329.577,1597.614,251.437
265.000,28,122.647,2295.581,521.407
265.000,29,1787.390,253.417,451.734
265.000,30,1952.897,1390.020,116.232
265.000,31,1099.635,1450.200,484.656
265.000,32,1660.654,2134.216,155.762
265.000,33,1008.514,1193.271,154.734
265.000,34,1910.298,1284.745,121.952
265.000,35,333.492,457.967,267.594
265.000,36,1725.530,1433.517,264.487
265.000,37,1935.522,1302.050,418.445
265.000,38,189.512,2149.244,342.231
265.000,39,1372.723,1730.845,326.799
265.000,40,1802.468,69.696,107.537
265.000,41,1062.860,1669.045,331.603
265.000,42,1960.057,2115.198,440.363
265.000,43,642.975,773.463,594.421
265.000,44,827.546,800.588,454.570
265.000,45,1908.852,1759.511,223.764
265.000,46,2008.035,1876.698,338.798
265.000,47,222.251,2050.378,442.846
265.000,48,1942.451,2244.073,505.570
265.000,49,116.936,1579.304,237.165
265.000,50,1903.715,747.558,407.505
265.000,51,1339.516,1347.810,339.555
265.000,52,71.728,1827.268,571.030
265.000,53,1902.997,2000.605,197.720
265.000,54,1261.445,1979.347,484.750
265.000,55,409.767,13.765,533.939
265.000,56,1338.087,1706.907,575.740
265.000,57,1380.471,2263.297,221.196
265.000,58,1917.390,169.602,253.042
265.000,59,278.176,1563.698,556.147
265.000,60,178.238,1854.016,420.466
265.000,61,1259.186,1544.782,127.755
265.000,62,1843.295,2023.628,441.509
265.000,63,1345.150,55.877,245.891
265.000,64,1517.723,57.588,279.228
265.000,65,1530.434,2187.891,271.726
265.000,66,215.236,432.894,330.217
265.000,67,921.366,2176.069,222.360
265.000,68,1519.615,318.466,255.943
265.000,69,1107.467,1402.251,465.896
265.000,70,1904.985,1645.660,423.848
265.000,71,1009.728,1236.628,211.961
265.000,72,282.641,958.845,462.055
265.000,73,797.523,111.430,228.260
270.000,0,174.784,181.301,514.438
270.000,1,1896.768,551.047,206.319
270.000,2,1465.760,1543.014,314.551
270.000,3,1186.355,1350.060,448.588
270.000,4,321.530,1406.716,402.966
270.000,5,307.969,171.932,167.588
270.000,6,1848.134,2075.783,593.870
270.000,7,250.924,503.885,323.911
270.000,8,1179.689,1896.677,257.758
270.000,9,1716.540,961.810,521.306
270.000,10,355.544,343.567,583.688
270.000,11,229.593,340.836,512.282
270.000,12,1517.264,1582.502,386.817
270.000,13,945.259,2065.338,434.187
270.000,14,352.932,641.018,490.328
270.000,15,61.680,918.166,534.549
270.000,16,461.483,1246.301,271.199
270.000,17,1920.290,699.288,197.537
270.000,18,1789.911,331.748,494.160
270.000,19,1534.413,485.144,112.416
270.000,20,615.619,358.854,463.611
270.000,21,1888.955,2094.498,365.502
270.000,22,990.651,1636.546,466.359
270.000,23,1140.954,33.077,124.555
270.000,24,574.803,2366.499,144.845
270.000,25,1481.869,1385.829,370.621
270.000,26,123.886,1923.939,251.944
270.000,27,283.329,1730.394,247.606
270.000,28,18.145,2327.351,517.689
270.000,29,1687.674,280.952,449.108
270.000,30,1859.174,1483.375,110.397
270.000,31,1002.875,1374.501,490.122
270.000,32,1603.015,2064.714,153.543
270.000,33,877.469,1142.753,150.983
270.000,34,1934.750,1168.155,128.778
270.000,35,251.714,573.287,260.407
270.000,36,1852.518,1395.673,260.611
270.000,37,1937.772,1305.732,422.467
270.000,38,167.294,2224.655,339.010
270.000,39,1454.225,1717.071,331.967
270.000,40,1707.571,139.114,103.322
270.000,41,1146.044,1748.917,335.963
270.000,42,1948.215,2008.982,440.022
270.000,43,518.757,717.104,595.283
270.000,44,947.877,734.723,457.561
270.000,45,1786.247,1830.881,226.161
270.000,46,1992.304,1962.636,336.557
270.000,47,264.335,1975.986,443.195
270.000,48,1852.254,2228.852,504.142
270.000,49,222.375,1479.608,240.914
270.000,50,1848.220,866.535,406.286
270.000,51,1210.881,1354.124,333.727
270.000,52,104.159,1949.839,566.778
270.000,53,1832.250,2100.422,193.484
270.000,54,1154.772,2018.572,487.063
270.000,55,429.379,129.141,529.341
270.000,56,1391.005,1619.746,575.138
270.000,57,1329.322,2149.441,224.786
270.000,58,1987.312,176.912,251.001
270.000,59,353.265,1651.382,560.182
270.000,60,161.533,1943.108,416.461
270.000,61,1226.103,1648.596,125.223
270.000,62,1968.933,1944.877,446.146
270.000,63,1380.327,37.574,244.937
270.000,64,1514.568,139.197,275.899
270.000,65,1474.333,2134.416,271.478
270.000,66,181.654,547.135,325.151
270.000,67,988.691,2114.871,217.101
270.000,68,1529.867,217.587,252.728
270.000,69,1121.314,1491.804,465.502
270.000,70,1960.932,1707.349,424.423
270.000,71,950.143,1130.570,213.011
270.000,72,229.506,839.327,466.212
270.000,73,858.552,170.654,231.875
275.000,0,234.562,54.228,513.974
275.000,1,1967.765,676.588,206.354
275.000,2,1531.167,1588.506,311.380
275.000,3,1177.396,1495.608,450.870
275.000,4,257.845,1470.118,398.197
275.000,5,311.983,281.266,171.295
275.000,6,1845.489,1965.053,593.136
275.000,7,243.845,408.693,322.504
275.000,8,1190.323,1814.197,253.613
275.000,9,1789.619,934.558,524.087
275.000,10,404.665,431.227,583.348
275.000,11,103.072,333.257,507.609
275.000,12,1629.581,1683.167,389.392
275.000,13,1035.511,2168.233,427.426
275.000,14,266.464,743.910,491.516
275.000,15,89.225,814.699,533.133
275.000,16,475.785,1163.259,275.591
275.000,17,1896.987,767.042,202.762
275.000,18,1721.464,226.811,487.482
275.000,19,1412.397,558.251,116.638
275.000,20,738.359,405.498,462.695
275.000,21,1959.385,2076.225,366.314
275.000,22,993.669,1556.545,463.632
275.000,23,1171.324,46.495,128.067
275.000,24,696.324,2313.915,147.293
275.000,25,1359.168,1404.577,375.285
275.000,26,183.066,1989.307,249.819
275.000,27,222.940,1865.671,241.869
275.000,28,146.569,2374.436,515.557
275.000,29,1583.778,278.406,448.162
275.000,30,1745.106,1559.157,104.158
275.000,31,899.936,1288.238,496.427
275.000,32,1558.313,1984.397,150.308
275.000,33,744.497,1103.643,145.024
275.000,34,1953.241,1061.987,132.153
275.000,35,187.363,700.853,256.030
275.000,36,1972.613,1376.592,261.129
275.000,37,1808.857,1347.368,428.523
275.000,38,137.415,2308.571,334.761
275.000,39,1539.688,1709.351,334.931
275.000,40,1624.690,218.437,100.144
275.000,41,1214.684,1829.249,337.344
275.000,42,1929.043,1905.695,436.174
275.000,43,394.197,651.686,593.196
275.000,44,1067.292,661.921,462.997
275.000,45,1680.541,1929.519,230.996
275.000,46,1975.670,2058.086,338.911
275.000,47,323.912,1907.189,442.031
275.000,48,1765.660,2189.901,500.883
275.000,49,308.018,1358.802,242.702
275.000,50,1776.882,976.511,405.774
275.000,51,1083.785,1400.906,324.238
275.000,52,127.014,2063.452,561.258
275.000,53,1750.763,2198.369,191.622
275.000,54,1046.973,2047.305,484.878
275.000,55,446.838,243.437,524.058
275.000,56,1455.089,1534.711,577.469
275.000,57,1298.016,2026.242,227.962
275.000,58,1973.001,181.007,248.715
275.000,59,422.514,1749.898,562.755
275.000,60,163.495,2028.954,413.255
275.000,61,1227.750,1763.650,122.989
275.000,62,1941.912,1865.902,448.372
275.000,63,1387.964,133.683,246.229
275.000,64,1534.087,215.583,272.715
275.000,65,1413.606,2081.532,268.163
275.000,66,131.517,660.469,319.187
275.000,67,1054.602,2047.678,211.610
275.000,68,1561.193,115.503,248.072
275.000,69,1129.095,1572.493,464.639
275.000,70,2012.904,1778.383,424.860
275.000,71,876.490,1028.627,212.323
275.000,72,172.054,719.930,471.337
275.000,73,926.551,210.523,232.650
280.000,0,291.910,85.849,514.239
280.000,1,2004.789,800.180,207.137
280.000,2,1605.435,1623.327,306.043
280.000,3,1166.504,1640.623,452.788
280.000,4,213.120,1546.972,394.487
280.000,5,327.362,394.124,176.957
280.000,6,1817.003,1854.169,595.750
280.000,7,246.281,316.046,323.325
280.000,8,1223.412,1727.284,249.773
280.000,9,1859.110,897.198,526.740
280.000,10,462.730,516.342,583.541
280.000,11,11.535,309.332,505.355
280.000,12,1723.759,1796.790,393.352
280.000,13,1136.248,2264.771,423.716
280.000,14,203.825,864.901,493.784
280.000,15,118.068,704.061,532.291
280.000,16,485.317,1075.752,280.472
280.000,17,1866.208,836.847,207.831
280.000,18,1650.832,121.300,483.521
280.000,19,1288.335,602.829,122.056
280.000,20,864.125,458.898,457.355
280.000,21,2002.620,2063.625,364.934
280.000,22,1003.279,1476.923,462.429
280.000,23,1203.952,120.879,128.166
280.000,24,829.100,2274.929,153.918
280.000,25,1235.226,1402.548,381.550
280.000,26,224.017,2066.461,246.964
280.000,27,168.000,2001.700,237.979
280.000,28,292.967,2350.809,513.301
280.000,29,1474.669,282.866,445.439
280.000,30,1631.194,1628.049,102.581
280.000,31,815.164,1186.720,503.565
280.000,32,1509.689,1913.675,150.489
280.000,33,621.777,1041.200,141.618
280.000,34,2000.910,957.187,133.386
280.000,35,99.781,813.478,250.736
280.000,36,1945.742,1353.264,260.009
280.000,37,1668.405,1358.488,432.165
280.000,38,105.982,2358.229,329.239
280.000,39,1622.644,1705.524,337.760
280.000,40,1542.361,312.860,103.880
280.000,41,1310.686,1874.585,339.648
280.000,42,1914.424,1811.838,434.840
280.000,43,295.451,558.680,591.519
280.000,44,1184.969,609.404,467.854
280.000,45,1548.997,2002.754,238.005
280.000,46,1992.765,2154.744,342.165
280.000,47,367.362,1824.083,441.616
280.000,48,1694.460,2143.837,497.809
280.000,49,386.357,1241.986,244.121
280.000,50,1734.422,1088.319,402.513
280.000,51,968.369,1472.280,318.681
280.000,52,186.415,2169.305,557.273
280.000,53,1648.681,2274.824,185.131
280.000,54,962.313,2106.113,485.041
280.000,55,485.635,354.267,522.729
280.000,56,1491.300,1430.696,579.129
280.000,57,1253.360,1906.966,235.215
280.000,58,1900.007,184.190,245.384
280.000,59,493.707,1839.340,562.572
280.000,60,189.406,2111.452,411.625
280.000,61,1177.853,1855.317,123.379
280.000,62,1859.348,1753.936,453.200
280.000,63,1369.852,231.572,247.933
280.000,64,1571.102,290.009,272.630
280.000,65,1362.787,2031.910,263.751
280.000,66,78.936,770.296,311.702
280.000,67,1138.530,2023.270,207.387
280.000,68,1615.795,18.884,242.851
280.000,69,1150.787,1649.861,462.718
280.000,70,1974.856,1854.394,427.013
280.000,71,776.256,963.952,210.043
280.000,72,79.831,635.828,469.921
280.000,73,989.112,241.129,234.003
285.000,0,328.447,224.089,513.143
285.000,1,1974.715,929.525,204.591
285.000,2,1673.089,1668.715,300.915
285.000,3,1198.430,1786.315,456.152
285.000,4,152.321,1619.832,389.608
285.000,5,332.999,507.673,184.243
285.000,6,1776.446,1748.382,597.352
285.000,7,274.122,233.152,323.707
285.000,8,1267.709,1652.382,249.230
285.000,9,1924.188,848.175,530.745
285.000,10,524.832,600.995,582.862
285.000,11,122.409,294.213,504.917
285.000,12,1768.087,1936.106,393.679
285.000,13,1260.911,2339.054,419.932
285.000,14,150.139,998.737,492.921
285.000,15,168.913,595.849,533.111
285.000,16,473.528,991.462,288.059
285.000,17,1850.123,910.488,211.814
285.000,18,1585.518,17.992,479.157
285.000,19,1166.534,645.713,126.157
285.000,20,994.994,519.916,454.837
285.000,21,1928.030,2046.738,368.134
285.000,22,1003.809,1400.562,462.450
285.000,23,1218.497,201.257,131.884
285.000,24,954.805,2245.600,160.513
285.000,25,1113.305,1393.422,385.809
285.000,26,267.287,2139.751,247.692
285.000,27,86.988,2129.657,236.141
285.000,28,436.627,2326.899,514.718
285.000,29,1381.089,318.842,445.311
285.000,30,1513.885,1687.351,102.033
285.000,31,724.672,1089.312,506.299
285.000,32,1457.612,1851.549,148.701
285.000,33,493.848,982.581,136.214
285.000,34,1999.667,854.864,135.119
285.000,35,14.972,923.958,246.701
285.000,36,1839.367,1305.263,257.030
285.000,37,1530.226,1386.644,431.324
285.000,38,50.231,2303.144,325.572
285.000,39,1707.912,1683.759,340.538
285.000,40,1468.075,411.630,105.670
285.000,41,1410.628,1910.167,343.337
285.000,42,1922.873,1710.545,432.150
285.000,43,183.855,468.523,587.595
285.000,44,1312.363,568.517,477.633
285.000,45,1437.112,2088.384,242.655
285.000,46,2000.319,2251.063,346.049
285.000,47,413.526,1742.461,438.860
285.000,48,1623.193,2086.058,494.914
285.000,49,453.253,1114.575,241.603
285.000,50,1726.659,1208.813,402.753
285.000,51,848.256,1526.113,314.408
285.000,52,229.896,2289.736,553.968
285.000,53,1551.206,2347.794,180.088
285.000,54,881.867,2168.125,487.911
285.000,55,559.698,457.079,517.423
285.000,56,1569.263,1358.413,580.190
285.000,57,1212.818,1787.764,236.112
285.000,58,1815.777,169.483,241.618
285.000,59,568.094,1918.496,563.266
285.000,60,164.878,2192.481,410.685
285.000,61,1114.775,1945.907,120.500
285.000,62,1759.443,1649.061,454.480
285.000,63,1370.012,331.957,249.119
285.000,64,1601.176,363.710,271.664
285.000,65,1299.332,1982.560,257.465
285.000,66,43.315,890.310,301.037
285.000,67,1221.840,1986.968,205.910
285.000,68,1615.729,102.129,237.604
285.000,69,1171.552,1737.199,459.477
285.000,70,1939.821,1944.976,425.883
285.000,71,680.476,891.631,205.141
285.000,72,21.451,529.455,469.652
285.000,73,1054.305,276.874,238.825
290.000,0,320.248,367.563,510.906
290.000,1,1918.358,1052.930,203.407
290.000,2,1748.995,1705.769,296.934
290.000,3,1199.818,1934.402,461.982
290.000,4,90.365,1683.765,387.422
290.000,5,355.900,620.506,189.342
290.000,6,1774.328,1645.270,599.421
290.000,7,274.826,144.192,323.034
290.000,8,1300.714,1566.719,249.747
290.000,9,2000.213,818.706,533.514
290.000,10,593.003,675.982,582.532
290.000,11,227.992,272.216,503.262
290.000,12,1831.380,2066.703,393.191
290.000,13,1382.081,2330.988,415.059
290.000,14,78.334,1117.243,491.157
290.000,15,227.645,498.941,532.901
290.000,16,460.795,907.296,295.899
290.000,17,1852.959,984.437,215.126
290.000,18,1550.701,117.401,474.696
290.000,19,1047.101,680.160,130.294
290.000,20,1130.793,574.887,456.378
290.000,21,1855.344,2031.552,372.439
290.000,22,1001.052,1318.687,461.294
290.000,23,1219.370,280.850,135.008
290.000,24,1079.028,2248.868,160.885
290.000,25,1001.038,1365.599,389.644
290.000,26,326.136,2207.525,246.677
290.000,27,33.874,2261.651,236.187
290.000,28,574.309,2296.137,511.108
290.000,29,1289.327,346.563,443.672
290.000,30,1396.222,1749.981,104.986
290.000,31,629.376,1001.144,509.008
290.000,32,1415.570,1792.938,146.851
290.000,33,359.828,971.434,135.024
290.000,34,1952.213,760.821,139.203
290.000,35,70.853,1033.001,240.719
290.000,36,1727.440,1296.392,256.825
290.000,37,1388.521,1414.937,432.865
290.000,38,1.744,2237.879,322.114
290.000,39,1798.310,1678.795,343.149
290.000,40,1392.075,504.566,108.152
290.000,41,1504.810,1968.602,342.925
290.000,42,1916.434,1609.773,428.380
290.000,43,66.175,391.692,585.063
290.000,44,1435.481,548.791,484.510
290.000,45,1321.553,2160.354,245.036
290.000,46,1992.932,2331.768,350.183
290.000,47,475.970,1672.829,437.658
290.000,48,1538.481,2046.767,492.127
290.000,49,559.352,1007.566,242.706
290.000,50,1675.168,1312.858,402.400
290.000,51,721.943,1552.240,309.917
290.000,52,285.534,2336.750,551.766
290.000,53,1474.177,2321.319,178.004
290.000,54,793.658,2223.485,489.780
290.000,55,627.363,563.742,510.061
290.000,56,1624.137,1267.930,582.539
290.000,57,1144.504,1680.185,233.467
290.000,58,1734.306,168.789,239.811
290.000,59,658.223,1991.055,568.506
290.000,60,151.692,2276.652,406.978
290.000,61,1066.556,2043.573,120.173
290.000,62,1656.648,1538.000,457.205
290.000,63,1368.210,429.502,250.345
290.000,64,1640.520,429.130,269.108
290.000,65,1227.137,1948.641,251.108
290.000,66,22.114,1002.707,292.572
290.000,67,1308.606,1955.441,202.081
290.000,68,1600.556,203.446,234.122
290.000,69,1195.601,1819.385,455.991
290.000,70,1914.525,2039.336,423.660
290.000,71,584.348,817.472,200.651
290.000,72,3.658,403.173,472.364
290.000,73,1131.979,299.360,241.387
295.000,0,330.376,508.777,509.893
295.000,1,1871.276,1186.854,204.956
295.000,2,1836.928,1707.169,293.052
295.000,3,1225.458,2075.647,469.395
295.000,4,23.018,1743.496,385.078
295.000,5,347.181,735.922,195.171
295.000,6,1781.225,1536.054,599.715
295.000,7,250.213,57.542,323.811
295.000,8,1346.548,1489.057,249.239
295.000,9,1956.755,787.205,535.149
295.000,10,672.938,735.759,586.082
295.000,11,343.663,258.302,500.413
295.000,12,1952.303,2166.170,390.542
295.000,13,1508.258,2276.142,407.072
295.000,14,26.055,1219.480,490.493
295.000,15,274.684,398.240,531.093
295.000,16,450.790,825.162,302.010
295.000,17,1846.583,1068.855,218.068
295.000,18,1522.032,238.899,468.330
295.000,19,943.502,747.700,131.738
295.000,20,1261.410,655.335,460.145
295.000,21,1780.114,2042.679,375.889
295.000,22,998.668,1228.987,458.255
295.000,23,1227.245,359.187,137.701
295.000,24,1203.536,2275.573,160.680
295.000,25,895.739,1296.709,395.039
295.000,26,392.893,2258.021,242.195
295.000,27,11.792,2345.064,235.991
295.000,28,722.362,2297.838,505.560
295.000,29,1201.182,378.663,442.280
295.000,30,1279.354,1823.034,105.633
295.000,31,534.648,908.766,512.061
295.000,32,1363.052,1734.400,147.469
295.000,33,233.279,928.310,128.317
295.000,34,1914.917,649.072,142.076
295.000,35,114.607,1165.189,236.230
295.000,36,1610.941,1271.991,256.590
295.000,37,1240.544,1421.525,438.037
295.000,38,40.540,2164.812,318.127
295.000,39,1885.909,1690.990,347.365
295.000,40,1287.170,572.739,113.416
295.000,41,1570.532,2055.817,345.324
295.000,42,1911.521,1512.651,425.306
295.000,43,44.899,313.775,580.547
295.000,44,1539.477,483.690,489.452
295.000,45,1202.634,2232.652,250.508
295.000,46,1980.347,2345.614,351.294
295.000,47,534.426,1604.806,438.312
295.000,48,1458.171,1994.201,488.423
295.000,49,618.953,872.195,241.782
295.000,50,1639.561,1428.438,404.567
295.000,51,594.182,1578.398,309.538
295.000,52,348.295,2222.260,548.049
295.000,53,1416.757,2213.303,177.032
295.000,54,713.051,2287.057,490.032
295.000,55,673.794,666.727,505.044
295.000,56,1674.902,1176.911,584.184
295.000,57,1088.102,1571.196,231.859
295.000,58,1656.194,191.376,237.640
295.000,59,737.403,2074.158,572.969
295.000,60,158.639,2365.749,405.627
295.000,61,1026.684,2142.181,120.875
295.000,62,1542.302,1447.279,461.139
295.000,63,1364.107,530.263,250.353
295.000,64,1670.804,504.967,266.424
295.000,65,1164.359,1902.783,246.777
295.000,66,40.064,1113.422,286.460
295.000,67,1393.066,1927.040,198.718
295.000,68,1616.139,301.408,231.949
295.000,69,1216.955,1899.663,453.044
295.000,70,1840.246,2107.034,424.111
295.000,71,486.566,748.174,195.778
295.000,72,38.097,287.193,475.612
295.000,73,1207.115,338.102,246.427
