t_s,node,x,y,z
0.000,0,302.701,1424.756,518.687
0.000,1,2091.702,510.659,347.300
0.000,2,805.024,784.739,378.833
0.000,3,2511.389,1047.005,354.860
0.000,4,2210.568,261.819,159.520
0.000,5,1316.149,811.473,497.766
0.000,6,1125.507,689.353,142.093
0.000,7,324.344,604.978,336.733
0.000,8,1350.312,829.795,214.943
0.000,9,224.700,803.019,468.121
0.000,10,1272.005,411.665,358.012
0.000,11,635.436,479.352,184.445
0.000,12,884.667,407.580,164.708
0.000,13,7.650,1205.668,180.185
0.000,14,777.078,1154.847,173.066
0.000,15,2488.035,623.400,365.884
0.000,16,1552.778,90.330,143.105
0.000,17,586.681,1204.396,120.795
0.000,18,2477.669,956.014,103.382
0.000,19,956.330,1297.609,575.026
0.000,20,263.019,699.895,252.016
0.000,21,1030.893,1383.906,273.612
0.000,22,909.245,727.263,193.227
0.000,23,176.304,447.969,298.488
0.000,24,1583.306,1254.885,388.619
0.000,25,2154.543,759.433,573.345
0.000,26,520.147,1517.991,498.142
0.000,27,1059.418,833.210,554.795
0.000,28,2588.563,1014.590,207.097
0.000,29,2282.999,518.773,383.618
0.000,30,89.097,1007.472,384.523
0.000,31,2413.387,1174.000,424.808
0.000,32,413.489,1443.429,339.804
0.000,33,312.464,765.169,343.249
0.000,34,2078.492,701.556,473.683
0.000,35,464.675,1254.508,595.133
0.000,36,1218.042,1230.575,452.025
0.000,37,1342.814,743.818,486.291
0.000,38,1166.601,739.717,165.449
0.000,39,1333.988,392.205,222.498
0.000,40,1015.808,42.478,114.468
0.000,41,633.241,1452.674,554.892
0.000,42,1633.277,304.437,456.235
0.000,43,897.488,923.305,448.312
0.000,44,2001.371,38.908,542.605
0.000,45,1164.765,982.005,427.709
0.000,46,320.115,1258.373,443.375
0.000,47,1228.546,1223.069,478.987
0.000,48,2560.369,1321.105,523.993
0.000,49,523.988,137.039,135.755
0.000,50,1102.166,1441.913,112.814
0.000,51,1667.525,617.192,185.242
0.000,52,448.892,414.401,118.041
0.000,53,1936.165,384.813,197.280
0.000,54,1422.447,1535.607,185.335
0.000,55,2070.873,422.532,482.697
0.000,56,1314.747,434.087,447.144
0.000,57,1596.102,232.245,209.970
0.000,58,2025.044,1354.198,427.226
0.000,59,1403.566,172.715,155.197
0.000,60,1481.150,907.534,425.223
5.000,0,357.646,1517.448,518.276
5.000,1,2089.426,620.132,347.604
5.000,2,927.729,788.716,383.021
5.000,3,2421.134,1006.648,357.851
5.000,4,2084.770,287.228,153.194
5.000,5,1459.305,846.193,492.133
5.000,6,1140.824,805.792,142.961
5.000,7,471.532,593.144,339.085
5.000,8,1254.979,818.219,216.297
5.000,9,141.415,905.556,470.981
5.000,10,1279.116,527.502,363.611
5.000,11,591.929,600.203,181.358
5.000,12,897.292,325.375,161.590
5.000,13,38.964,1076.723,174.499
5.000,14,776.120,1081.934,174.405
5.000,15,2501.154,750.216,357.523
5.000,16,1456.556,147.954,138.964
5.000,17,676.724,1220.856,121.855
5.000,18,2348.311,889.188,107.059
5.000,19,819.814,1233.076,567.867
5.000,20,377.820,695.079,251.791
5.000,21,1098.052,1307.220,271.251
5.000,22,829.185,707.401,195.726
5.000,23,288.158,497.360,296.383
5.000,24,1513.531,1211.993,389.571
5.000,25,2116.683,658.525,569.598
5.000,26,419.149,1509.159,500.912
5.000,27,924.317,799.888,561.059
5.000,28,2486.416,944.119,206.325
5.000,29,2299.393,395.453,388.011
5.000,30,36.778,949.549,388.504
5.000,31,2334.785,1133.278,418.578
5.000,32,556.747,1473.549,337.739
5.000,33,330.640,666.985,340.841
5.000,34,2113.923,838.053,478.863
5.000,35,385.093,1164.406,589.631
5.000,36,1345.533,1171.623,456.751
5.000,37,1254.338,672.987,487.829
5.000,38,1152.513,648.710,165.943
5.000,39,1382.312,513.335,227.974
5.000,40,1045.249,41.771,111.805
5.000,41,565.932,1418.831,554.246
5.000,42,1672.950,431.804,451.821
5.000,43,777.134,1006.430,447.325
5.000,44,2016.122,124.607,542.026
5.000,45,1105.600,857.801,421.021
5.000,46,197.907,1256.922,444.592
5.000,47,1184.399,1335.704,483.452
5.000,48,2540.653,1331.979,529.411
5.000,49,643.838,68.866,130.948
5.000,50,1070.867,1558.531,118.284
5.000,51,1588.635,547.862,183.153
5.000,52,484.748,308.126,113.342
5.000,53,2057.761,477.129,193.463
5.000,54,1430.646,1467.533,188.816
5.000,55,2106.624,547.486,480.054
5.000,56,1337.883,352.772,442.424
5.000,57,1591.438,112.350,209.728
5.000,58,2023.452,1443.300,427.341
5.000,59,1492.795,188.569,157.521
5.000,60,1552.692,873.569,425.611
10.000,0,405.630,1522.740,518.488
10.000,1,2105.235,728.469,350.896
10.000,2,1043.794,790.398,387.632
10.000,3,2338.503,959.055,360.351
10.000,4,1958.877,272.569,146.800
10.000,5,1597.898,885.957,487.216
10.000,6,1151.918,924.943,140.113
10.000,7,619.343,575.720,343.416
10.000,8,1155.106,824.149,217.952
10.000,9,83.558,1022.716,472.443
10.000,10,1287.978,641.910,368.599
10.000,11,555.974,727.704,180.306
10.000,12,918.210,240.648,159.077
10.000,13,60.001,950.995,169.735
10.000,14,767.271,1015.245,175.875
10.000,15,2498.573,884.156,348.555
10.000,16,1349.987,177.621,136.122
10.000,17,762.899,1255.959,124.298
10.000,18,2206.377,854.717,111.133
10.000,19,671.753,1187.354,561.350
10.000,20,489.771,696.535,254.419
10.000,21,1176.045,1243.997,270.794
10.000,22,747.307,694.851,195.723
10.000,23,394.798,566.174,292.510
10.000,24,1442.252,1172.302,389.863
10.000,25,2058.157,565.500,564.043
10.000,26,325.233,1493.335,501.731
10.000,27,790.065,792.711,567.417
10.000,28,2365.139,874.439,203.324
10.000,29,2335.076,277.077,392.276
10.000,30,9.973,883.722,392.060
10.000,31,2258.581,1098.262,410.987
10.000,32,705.830,1513.859,335.275
10.000,33,355.177,572.211,340.142
10.000,34,2164.372,972.986,482.205
10.000,35,298.239,1083.701,582.555
10.000,36,1447.829,1082.197,462.248
10.000,37,1167.002,606.541,487.293
10.000,38,1140.110,556.889,165.377
10.000,39,1433.187,636.857,233.256
10.000,40,1074.558,120.145,108.981
10.000,41,487.030,1393.446,552.243
10.000,42,1723.303,561.968,449.123
10.000,43,655.804,1082.809,444.228
10.000,44,2028.241,201.446,542.707
10.000,45,1031.746,746.233,417.274
10.000,46,84.206,1252.029,444.395
10.000,47,1155.295,1456.655,486.401
10.000,48,2447.794,1355.618,531.927
10.000,49,765.841,6.386,128.874
10.000,50,1039.301,1440.255,120.661
10.000,51,1504.759,488.281,183.112
10.000,52,520.176,204.355,108.100
10.000,53,2176.977,573.836,188.122
10.000,54,1435.373,1354.247,191.668
10.000,55,2136.709,673.183,474.413
10.000,56,1360.281,268.684,435.227
10.000,57,1576.603,21.636,212.488
10.000,58,2025.845,1533.325,427.517
10.000,59,1583.127,209.882,159.060
10.000,60,1621.839,837.738,426.348
15.000,0,467.312,1438.033,517.833
15.000,1,2091.101,836.354,354.515
15.000,2,1162.157,813.073,392.609
15.000,3,2248.125,920.919,361.984
15.000,4,1830.391,249.801,142.811
15.000,5,1743.682,872.177,482.868
15.000,6,1153.058,1040.279,140.374
15.000,7,764.545,562.233,349.525
15.000,8,1054.328,839.551,219.967
15.000,9,22.517,1139.484,474.060
15.000,10,1287.225,757.169,375.463
15.000,11,511.573,852.837,179.288
15.000,12,925.675,144.454,156.093
15.000,13,85.564,822.148,166.969
15.000,14,775.649,947.632,180.238
15.000,15,2498.685,1014.943,341.786
15.000,16,1244.160,230.152,132.270
15.000,17,854.211,1280.546,125.378
15.000,18,2061.578,819.913,108.997
15.000,19,534.438,1113.203,554.687
15.000,20,597.397,707.525,258.002
15.000,21,1260.591,1191.529,270.081
15.000,22,669.504,687.476,197.469
15.000,23,512.929,598.627,288.283
15.000,24,1366.910,1147.317,390.087
15.000,25,2002.309,466.002,556.044
15.000,26,232.722,1476.666,502.167
15.000,27,662.189,796.494,572.989
15.000,28,2258.986,781.864,199.313
15.000,29,2386.542,163.402,398.160
15.000,30,57.764,830.668,395.263
15.000,31,2184.555,1056.650,404.670
15.000,32,856.458,1524.909,333.705
15.000,33,373.282,473.482,338.376
15.000,34,2166.557,1111.992,484.913
15.000,35,211.942,1007.660,575.430
15.000,36,1537.411,989.423,464.624
15.000,37,1069.782,540.148,487.407
15.000,38,1115.579,470.637,168.147
15.000,39,1499.125,753.002,235.118
15.000,40,1097.216,200.603,106.175
15.000,41,409.933,1349.543,552.120
15.000,42,1774.921,687.489,445.134
15.000,43,528.527,1141.573,444.193
15.000,44,2037.041,273.976,543.787
15.000,45,971.287,627.345,412.631
15.000,46,40.825,1248.634,444.420
15.000,47,1128.023,1550.852,488.620
15.000,48,2347.794,1362.927,533.193
15.000,49,873.284,86.240,123.973
15.000,50,1025.980,1325.586,122.091
15.000,51,1418.028,434.996,185.593
15.000,52,542.207,91.936,100.754
15.000,53,2298.288,663.948,182.507
15.000,54,1409.096,1245.603,193.776
15.000,55,2176.312,800.619,467.994
15.000,56,1357.884,183.933,428.998
15.000,57,1565.398,130.553,213.142
15.000,58,2051.471,1512.604,427.536
15.000,59,1681.374,231.120,162.499
15.000,60,1695.198,795.909,426.091
20.000,0,536.385,1363.800,516.397
20.000,1,2080.199,944.096,356.167
20.000,2,1280.540,807.610,397.785
20.000,3,2158.138,880.225,363.414
20.000,4,1694.152,225.767,135.533
20.000,5,1889.917,861.843,477.597
20.000,6,1154.600,1158.194,140.557
20.000,7,915.848,558.733,357.579
20.000,8,953.513,838.605,223.067
20.000,9,68.347,1244.145,478.303
20.000,10,1301.965,866.825,381.861
20.000,11,479.085,982.876,179.962
20.000,12,913.322,46.808,154.555
20.000,13,94.045,692.093,164.148
20.000,14,782.254,882.945,185.799
20.000,15,2509.477,1140.472,336.971
20.000,16,1141.377,279.011,126.702
20.000,17,951.909,1285.453,125.916
20.000,18,1949.515,737.179,107.838
20.000,19,408.655,1023.946,549.862
20.000,20,710.845,704.634,260.117
20.000,21,1339.123,1134.397,267.262
20.000,22,588.188,703.718,197.413
20.000,23,637.458,623.816,280.561
20.000,24,1282.692,1139.558,388.870
20.000,25,1939.878,370.174,546.367
20.000,26,136.925,1463.050,503.469
20.000,27,532.654,789.886,580.261
20.000,28,2148.500,697.647,192.768
20.000,29,2413.337,32.541,405.035
20.000,30,90.368,770.322,398.281
20.000,31,2111.864,1021.687,400.634
20.000,32,1001.030,1550.012,331.693
20.000,33,376.812,370.999,336.080
20.000,34,2190.755,1248.537,488.299
20.000,35,114.551,954.117,571.638
20.000,36,1649.709,902.945,466.515
20.000,37,981.291,464.624,490.521
20.000,38,1079.315,386.407,171.396
20.000,39,1556.246,872.249,236.050
20.000,40,1132.471,276.485,101.471
20.000,41,331.277,1315.772,550.566
20.000,42,1833.234,807.430,441.317
20.000,43,399.397,1191.750,443.327
20.000,44,2039.072,352.221,541.293
20.000,45,886.874,523.340,405.879
20.000,46,158.654,1257.885,443.907
20.000,47,1093.206,1433.059,493.863
20.000,48,2248.227,1374.140,536.745
20.000,49,997.741,137.422,119.907
20.000,50,988.616,1224.601,123.251
20.000,51,1338.641,368.235,185.858
20.000,52,555.667,28.816,103.567
20.000,53,2399.245,776.454,176.483
20.000,54,1381.210,1130.309,194.903
20.000,55,2224.086,933.445,464.689
20.000,56,1358.032,104.671,423.873
20.000,57,1545.943,248.087,214.271
20.000,58,2075.202,1429.726,427.184
20.000,59,1775.477,258.969,168.966
20.000,60,1748.576,726.441,425.437
25.000,0,606.564,1277.629,514.382
25.000,1,2089.692,1052.248,354.852
25.000,2,1402.822,804.054,403.797
25.000,3,2080.474,818.290,363.295
25.000,4,1558.420,196.990,127.796
25.000,5,2029.560,859.750,472.929
25.000,6,1187.799,1280.287,142.538
25.000,7,1070.416,580.963,363.627
25.000,8,858.088,848.272,227.491
25.000,9,171.621,1338.814,484.525
25.000,10,1305.163,981.250,386.146
25.000,11,429.256,1106.967,182.815
25.000,12,910.473,47.759,151.961
25.000,13,118.856,564.609,161.215
25.000,14,771.529,822.458,189.512
25.000,15,2527.022,1267.863,330.257
25.000,16,1019.233,286.956,121.738
25.000,17,1052.740,1281.200,127.941
25.000,18,1837.895,655.394,108.503
25.000,19,297.714,919.680,546.662
25.000,20,822.528,709.775,261.592
25.000,21,1415.543,1073.132,263.229
25.000,22,496.250,705.891,196.485
25.000,23,760.802,647.754,273.982
25.000,24,1202.321,1120.444,388.836
25.000,25,1896.744,276.926,538.350
25.000,26,43.040,1439.330,505.089
25.000,27,426.749,724.176,586.965
25.000,28,2050.002,599.710,188.755
25.000,29,2435.473,110.291,410.160
25.000,30,134.538,711.057,401.737
25.000,31,2028.727,990.780,397.346
25.000,32,1145.322,1561.645,330.871
25.000,33,403.018,271.501,333.961
25.000,34,2200.742,1389.451,490.838
25.000,35,11.873,896.231,571.312
25.000,36,1770.106,829.875,467.142
25.000,37,892.537,400.295,495.071
25.000,38,1050.055,297.116,174.214
25.000,39,1600.162,996.870,236.596
25.000,40,1169.399,357.714,102.186
25.000,41,249.132,1295.334,548.243
25.000,42,1892.276,927.063,439.585
25.000,43,266.828,1242.816,445.665
25.000,44,2038.738,436.744,537.227
25.000,45,779.243,443.142,398.299
25.000,46,265.983,1293.256,442.985
25.000,47,1052.841,1325.203,497.884
25.000,48,2161.533,1403.733,538.877
25.000,49,1126.030,149.220,115.346
25.000,50,936.623,1128.359,127.249
25.000,51,1242.711,307.495,183.052
25.000,52,602.210,117.047,108.620
25.000,53,2510.916,877.316,171.288
25.000,54,1332.449,1017.864,200.327
25.000,55,2236.116,1076.175,465.016
25.000,56,1387.576,27.877,419.643
25.000,57,1519.347,368.640,217.120
25.000,58,2079.360,1344.197,426.995
25.000,59,1862.998,295.899,175.708
25.000,60,1800.574,659.982,423.537
30.000,0,691.693,1206.529,510.190
30.000,1,2090.964,1164.209,352.766
30.000,2,1517.839,822.426,405.907
30.000,3,1999.218,768.136,362.355
30.000,4,1429.469,173.593,118.728
30.000,5,2165.161,852.755,467.034
30.000,6,1237.865,1394.464,146.042
30.000,7,1223.789,607.246,363.712
30.000,8,775.274,878.150,231.884
30.000,9,279.827,1424.872,488.715
30.000,10,1297.134,1100.159,386.306
30.000,11,391.477,1235.766,187.615
30.000,12,942.053,133.673,148.565
30.000,13,156.459,442.197,159.808
30.000,14,763.367,747.323,192.691
30.000,15,2575.053,1385.114,324.135
30.000,16,900.971,302.983,119.994
30.000,17,1155.868,1275.494,131.449
30.000,18,1700.228,603.733,109.278
30.000,19,173.835,838.625,546.758
30.000,20,928.388,721.495,264.391
30.000,21,1501.746,1003.656,257.475
30.000,22,410.612,692.980,198.724
30.000,23,885.157,648.550,271.795
30.000,24,1116.813,1115.161,390.023
30.000,25,1851.155,187.920,530.651
30.000,26,62.392,1412.168,507.237
30.000,27,317.366,673.253,594.124
30.000,28,1940.789,517.647,180.504
30.000,29,2474.657,241.160,416.417
30.000,30,193.027,653.275,404.289
30.000,31,1944.803,974.248,393.195
30.000,32,1287.169,1562.295,328.785
30.000,33,431.317,169.489,332.433
30.000,34,2208.177,1526.446,494.413
30.000,35,58.391,804.076,568.593
30.000,36,1899.205,777.400,467.391
30.000,37,795.733,354.103,498.501
30.000,38,1011.183,205.739,179.507
30.000,39,1629.398,1121.402,234.595
30.000,40,1194.807,452.023,104.831
30.000,41,164.304,1261.938,548.403
30.000,42,1963.283,1040.616,438.452
30.000,43,127.207,1296.290,449.994
30.000,44,2045.210,520.366,533.064
30.000,45,663.371,362.568,390.605
30.000,46,370.496,1299.065,442.440
30.000,47,1014.671,1219.269,503.677
30.000,48,2071.208,1409.599,542.461
30.000,49,1241.793,193.669,112.842
30.000,50,870.355,1042.581,133.096
30.000,51,1153.148,244.955,179.681
30.000,52,630.852,217.466,116.437
30.000,53,2583.258,995.749,165.246
30.000,54,1278.847,918.571,205.840
30.000,55,2271.840,1219.881,462.685
30.000,56,1419.228,55.520,415.672
30.000,57,1518.010,484.476,216.825
30.000,58,2093.243,1258.974,424.369
30.000,59,1959.294,318.274,179.627
30.000,60,1852.808,589.787,424.434
35.000,0,771.992,1131.053,504.965
35.000,1,2087.462,1271.300,352.111
35.000,2,1629.657,826.523,408.893
35.000,3,1917.595,714.078,361.014
35.000,4,1303.460,182.888,110.735
35.000,5,2305.701,836.759,462.657
35.000,6,1285.630,1505.258,151.593
35.000,7,1382.115,615.674,363.953
35.000,8,683.558,901.413,236.265
35.000,9,377.700,1523.222,490.878
35.000,10,1292.176,1226.873,391.620
35.000,11,373.029,1363.534,188.109
35.000,12,963.546,221.790,145.104
35.000,13,176.435,318.008,159.834
35.000,14,768.214,668.247,195.707
35.000,15,2593.537,1501.250,319.477
35.000,16,793.751,318.254,116.792
35.000,17,1258.886,1269.332,133.337
35.000,18,1559.093,557.737,105.584
35.000,19,34.168,792.542,547.273
35.000,20,1030.401,747.754,264.927
35.000,21,1599.288,940.190,256.606
35.000,22,330.895,689.092,201.583
35.000,23,1011.616,665.065,268.018
35.000,24,1029.652,1121.509,387.832
35.000,25,1802.330,94.637,525.956
35.000,26,149.572,1358.944,508.953
35.000,27,196.736,642.373,597.592
35.000,28,1825.007,445.346,176.282
35.000,29,2515.616,367.140,425.190
35.000,30,252.801,592.999,406.068
35.000,31,1871.006,936.251,388.826
35.000,32,1431.321,1563.952,325.018
35.000,33,467.794,73.526,331.510
35.000,34,2208.966,1471.150,499.081
35.000,35,143.106,724.957,566.738
35.000,36,2017.820,692.298,468.190
35.000,37,695.895,296.445,504.103
35.000,38,980.152,123.842,181.769
35.000,39,1651.980,1243.490,232.908
35.000,40,1238.556,540.572,107.849
35.000,41,94.424,1217.256,546.880
35.000,42,2022.217,1151.727,435.318
35.000,43,18.798,1359.833,455.437
35.000,44,2073.139,599.666,530.150
35.000,45,557.237,275.743,381.286
35.000,46,465.692,1264.747,443.483
35.000,47,971.071,1111.712,509.951
35.000,48,1983.475,1408.915,546.953
35.000,49,1350.294,269.510,110.560
35.000,50,815.032,943.834,138.417
35.000,51,1068.281,183.664,177.471
35.000,52,676.271,313.808,122.931
35.000,53,2464.964,1088.256,163.477
35.000,54,1235.321,819.190,213.152
35.000,55,2284.443,1362.056,458.438
35.000,56,1442.734,125.547,412.851
35.000,57,1536.742,588.808,218.140
35.000,58,2104.801,1179.673,423.292
35.000,59,2065.536,319.290,180.398
35.000,60,1927.895,545.716,425.156
40.000,0,866.600,1069.276,500.791
40.000,1,2085.831,1374.581,350.756
40.000,2,1740.221,820.494,411.878
40.000,3,1834.550,650.826,360.020
40.000,4,1176.615,201.089,103.604
40.000,5,2455.374,841.599,458.179
40.000,6,1322.879,1502.250,156.339
40.000,7,1540.457,565.798,367.595
40.000,8,579.415,923.186,240.140
40.000,9,469.091,1511.658,494.315
40.000,10,1277.713,1343.592,397.882
40.000,11,343.950,1486.468,186.724
40.000,12,975.382,314.639,142.926
40.000,13,191.351,192.542,160.798
40.000,14,789.041,593.133,199.913
40.000,15,2580.615,1501.454,312.505
40.000,16,687.699,322.954,112.354
40.000,17,1357.285,1256.053,134.740
40.000,18,1425.397,492.041,103.518
40.000,19,114.884,738.209,543.208
40.000,20,1133.363,755.998,264.107
40.000,21,1702.454,886.562,257.632
40.000,22,252.215,675.562,201.787
40.000,23,1127.640,695.825,262.616
40.000,24,942.790,1097.466,384.037
40.000,25,1768.105,12.367,520.905
40.000,26,234.311,1305.239,511.132
40.000,27,64.064,620.269,591.969
40.000,28,1750.345,321.152,173.065
40.000,29,2556.872,488.223,431.488
40.000,30,310.121,534.738,407.550
40.000,31,1804.488,891.957,385.274
40.000,32,1575.155,1553.134,326.287
40.000,33,502.496,20.876,330.323
40.000,34,2210.376,1337.804,502.656
40.000,35,229.576,647.732,565.762
40.000,36,2156.240,640.122,468.343
40.000,37,590.990,238.845,510.665
40.000,38,945.088,49.343,181.381
40.000,39,1678.528,1369.114,234.865
40.000,40,1276.391,627.276,111.471
40.000,41,34.105,1173.296,545.981
40.000,42,2074.674,1260.586,434.351
40.000,43,148.481,1438.806,455.252
40.000,44,2083.457,679.583,530.439
40.000,45,466.539,171.717,371.693
40.000,46,573.868,1217.853,443.381
40.000,47,914.701,1003.568,514.317
40.000,48,1903.615,1408.585,550.604
40.000,49,1453.087,359.036,108.560
40.000,50,757.537,840.649,146.885
40.000,51,975.470,125.624,175.577
40.000,52,705.836,415.531,125.957
40.000,53,2337.043,1163.269,160.744
40.000,54,1193.980,717.813,218.582
40.000,55,2308.334,1495.957,449.523
40.000,56,1462.811,194.121,409.131
40.000,57,1553.445,695.354,221.433
40.000,58,2119.070,1105.058,422.470
40.000,59,2176.426,323.403,180.767
40.000,60,1992.255,489.239,426.090
45.000,0,946.298,993.508,497.094
45.000,1,2094.180,1484.532,348.434
45.000,2,1848.618,819.605,414.299
45.000,3,1742.181,597.660,361.821
45.000,4,1046.058,220.208,105.430
45.000,5,2598.610,851.128,452.336
45.000,6,1339.390,1371.748,156.856
45.000,7,1686.966,486.323,371.822
45.000,8,473.730,932.708,244.050
45.000,9,576.238,1430.258,498.548
45.000,10,1242.000,1453.623,402.635
45.000,11,287.973,1533.541,186.345
45.000,12,983.155,409.008,139.230
45.000,13,226.088,74.208,162.054
45.000,14,814.425,522.962,203.531
45.000,15,2581.884,1372.722,304.086
45.000,16,585.502,341.384,104.180
45.000,17,1448.640,1257.306,134.547
45.000,18,1292.603,421.953,101.830
45.000,19,241.553,670.819,539.783
45.000,20,1239.616,749.120,267.490
45.000,21,1793.233,828.647,258.217
45.000,22,179.265,659.826,201.427
45.000,23,1245.529,724.213,253.565
45.000,24,863.694,1050.948,382.485
45.000,25,1727.915,110.551,518.994
45.000,26,320.140,1278.614,517.049
45.000,27,88.882,590.529,586.982
45.000,28,1655.982,198.771,170.848
45.000,29,2590.572,608.721,435.088
45.000,30,365.186,484.609,409.596
45.000,31,1736.528,851.047,380.340
45.000,32,1721.973,1536.742,329.590
45.000,33,509.453,109.427,325.314
45.000,34,2233.478,1199.505,505.923
45.000,35,313.020,569.886,566.400
45.000,36,2301.001,597.504,471.130
45.000,37,483.576,182.782,516.137
45.000,38,931.784,34.966,181.907
45.000,39,1703.579,1500.355,236.835
45.000,40,1313.421,715.475,114.132
45.000,41,25.364,1124.412,544.977
45.000,42,2113.306,1377.090,433.784
45.000,43,262.776,1524.587,458.189
45.000,44,2090.252,761.454,530.684
45.000,45,371.526,82.912,361.247
45.000,46,694.185,1187.611,442.695
45.000,47,872.536,891.391,513.843
45.000,48,1817.395,1408.988,555.042
45.000,49,1538.221,470.765,101.513
45.000,50,708.212,747.110,151.929
45.000,51,878.435,69.424,174.760
45.000,52,726.119,520.740,128.947
45.000,53,2194.221,1214.812,160.889
45.000,54,1168.818,606.797,225.925
45.000,55,2335.457,1521.316,443.538
45.000,56,1486.797,268.486,405.545
45.000,57,1558.629,811.203,224.701
45.000,58,2142.708,1021.956,421.681
45.000,59,2286.203,340.569,181.947
45.000,60,2061.094,440.010,428.142
50.000,0,1008.647,903.861,496.657
50.000,1,2105.077,1525.830,348.639
50.000,2,1962.347,834.169,417.568
50.000,3,1637.630,557.532,364.351
50.000,4,922.990,233.625,109.435
50.000,5,2452.549,856.903,445.801
50.000,6,1387.160,1261.774,153.334
50.000,7,1846.368,469.489,374.453
50.000,8,371.462,952.507,247.689
50.000,9,674.572,1349.065,504.065
50.000,10,1234.430,1568.729,407.433
50.000,11,239.048,1409.356,184.806
50.000,12,984.773,505.565,134.690
50.000,13,239.478,52.506,162.236
50.000,14,826.117,440.542,207.637
50.000,15,2591.149,1238.960,294.184
50.000,16,484.569,367.903,100.796
50.000,17,1532.918,1249.549,134.999
50.000,18,1156.769,353.078,104.099
50.000,19,357.551,588.445,536.332
50.000,20,1347.909,766.625,271.167
50.000,21,1883.946,759.498,263.502
50.000,22,101.847,663.660,204.413
50.000,23,1358.870,763.401,248.049
50.000,24,793.859,1007.359,382.243
50.000,25,1688.848,206.260,516.621
50.000,26,417.279,1275.592,520.629
50.000,27,220.548,553.187,581.742
50.000,28,1544.943,87.959,171.829
50.000,29,2592.512,734.182,437.033
50.000,30,399.185,411.965,413.837
50.000,31,1663.967,796.586,374.224
50.000,32,1865.479,1509.837,332.319
50.000,33,509.056,204.266,320.230
50.000,34,2238.026,1062.255,508.222
50.000,35,385.987,486.656,567.228
50.000,36,2443.630,559.725,476.765
50.000,37,417.459,104.220,520.773
50.000,38,913.820,114.574,184.215
50.000,39,1749.326,1502.667,240.439
50.000,40,1352.735,806.863,115.304
50.000,41,86.847,1081.701,542.930
50.000,42,2143.186,1497.394,431.098
50.000,43,365.484,1524.465,460.219
50.000,44,2100.626,849.410,530.597
50.000,45,276.193,46.762,349.928
50.000,46,812.924,1195.893,439.585
50.000,47,820.231,786.272,518.170
50.000,48,1731.713,1406.710,559.911
50.000,49,1641.611,560.281,103.407
50.000,50,674.912,635.924,156.529
50.000,51,781.129,12.989,172.237
50.000,52,729.974,626.187,131.517
50.000,53,2042.569,1241.948,160.684
50.000,54,1149.748,486.800,233.997
50.000,55,2373.332,1401.339,438.872
50.000,56,1509.696,344.994,402.282
50.000,57,1535.231,932.804,228.400
50.000,58,2164.243,937.461,420.229
50.000,59,2381.413,349.782,182.583
50.000,60,2127.870,385.818,432.601
55.000,0,1060.909,821.498,495.911
55.000,1,2114.212,1404.850,353.503
55.000,2,2080.123,820.753,425.034
55.000,3,1529.687,543.619,366.302
55.000,4,807.193,238.310,113.155
55.000,5,2308.408,876.635,435.667
55.000,6,1450.161,1163.023,148.452
55.000,7,1998.803,470.215,373.938
55.000,8,272.235,973.664,250.614
55.000,9,764.147,1257.356,508.769
55.000,10,1235.411,1448.593,413.736
55.000,11,184.228,1290.017,182.294
55.000,12,985.820,596.948,129.028
55.000,13,224.504,178.522,163.758
55.000,14,814.296,355.295,213.467
55.000,15,2587.575,1106.823,285.234
55.000,16,384.791,409.582,104.986
55.000,17,1621.673,1255.111,136.117
55.000,18,1038.876,273.598,106.235
55.000,19,477.431,519.609,534.815
55.000,20,1460.581,812.317,276.513
55.000,21,1969.878,679.760,270.015
55.000,22,22.713,666.810,208.664
55.000,23,1466.692,819.295,243.516
55.000,24,729.184,965.618,381.951
55.000,25,1654.583,304.436,512.897
55.000,26,516.716,1283.833,521.459
55.000,27,347.774,517.804,577.798
55.000,28,1429.620,23.105,168.974
55.000,29,2589.700,863.408,439.396
55.000,30,434.468,332.596,419.354
55.000,31,1586.918,752.175,367.643
55.000,32,2011.533,1491.238,336.818
55.000,33,506.674,302.962,315.338
55.000,34,2248.042,927.737,508.430
55.000,35,450.168,385.772,568.502
55.000,36,2558.883,477.897,483.237
55.000,37,354.150,21.207,525.255
55.000,38,891.522,198.616,187.601
55.000,39,1802.112,1382.078,243.986
55.000,40,1410.716,900.840,116.777
55.000,41,155.649,1048.051,544.098
55.000,42,2175.301,1524.113,428.960
55.000,43,498.544,1476.362,462.572
55.000,44,2079.865,926.307,529.792
55.000,45,200.535,169.149,346.802
55.000,46,931.817,1207.793,437.493
55.000,47,770.358,677.811,525.065
55.000,48,1655.083,1410.959,563.652
55.000,49,1723.133,666.478,109.089
55.000,50,647.238,519.403,160.934
55.000,51,684.216,83.041,170.806
55.000,52,721.651,726.908,131.377
55.000,53,1893.739,1271.666,156.486
55.000,54,1092.398,376.510,242.005
55.000,55,2406.867,1272.469,434.527
55.000,56,1526.890,427.608,397.674
55.000,57,1515.921,1061.165,230.856
55.000,58,2174.785,859.641,419.694
55.000,59,2473.489,349.079,183.846
55.000,60,2194.263,335.769,437.761
60.000,0,1125.669,768.168,495.659
60.000,1,2105.979,1292.396,356.534
60.000,2,2197.841,818.432,435.849
60.000,3,1428.768,524.847,366.675
60.000,4,692.578,242.543,115.797
60.000,5,2159.924,896.135,424.307
60.000,6,1513.902,1066.989,146.425
60.000,7,2147.621,482.690,370.914
60.000,8,172.575,993.170,252.020
60.000,9,842.648,1152.015,514.988
60.000,10,1238.318,1331.799,418.300
60.000,11,105.235,1181.457,180.587
60.000,12,989.368,683.881,124.984
60.000,13,212.813,301.091,164.838
60.000,14,829.092,273.817,220.966
60.000,15,2601.347,970.212,277.673
60.000,16,295.873,483.117,109.380
60.000,17,1712.299,1258.751,136.566
60.000,18,918.464,190.768,109.771
60.000,19,608.354,452.019,532.573
60.000,20,1574.435,834.534,279.657
60.000,21,2045.729,593.859,274.748
60.000,22,69.643,658.816,210.998
60.000,23,1575.910,857.619,239.300
60.000,24,669.426,921.490,382.510
60.000,25,1622.664,401.489,510.704
60.000,26,610.036,1249.975,521.723
60.000,27,479.824,494.075,574.274
60.000,28,1306.393,98.866,165.500
60.000,29,2563.454,991.907,441.380
60.000,30,481.827,265.016,424.890
60.000,31,1509.360,702.385,360.315
60.000,32,2163.281,1490.690,339.987
60.000,33,517.351,410.122,311.026
60.000,34,2230.772,798.765,508.810
60.000,35,496.216,273.493,569.008
60.000,36,2526.422,404.307,486.263
60.000,37,273.315,56.132,526.392
60.000,38,881.321,285.563,189.584
60.000,39,1853.556,1257.612,245.777
60.000,40,1440.903,1000.462,118.364
60.000,41,223.615,1020.487,543.114
60.000,42,2227.733,1420.939,426.450
60.000,43,621.135,1424.405,463.789
60.000,44,2052.391,1013.196,528.984
60.000,45,116.507,279.440,346.965
60.000,46,1059.533,1212.991,436.729
60.000,47,732.707,562.652,531.229
60.000,48,1572.975,1425.893,567.530
60.000,49,1775.740,782.963,113.793
60.000,50,631.555,403.236,162.192
60.000,51,593.291,141.456,168.719
60.000,52,700.914,831.509,131.621
60.000,53,1748.912,1316.121,152.069
60.000,54,1055.038,257.374,249.820
60.000,55,2461.606,1147.039,433.421
60.000,56,1532.391,506.874,391.906
60.000,57,1499.920,1178.809,231.530
60.000,58,2190.955,783.887,422.103
60.000,59,2563.814,363.424,185.017
60.000,60,2258.539,293.892,441.900
65.000,0,1190.083,709.157,494.007
65.000,1,2106.275,1180.144,358.511
65.000,2,2325.438,819.639,443.157
65.000,3,1333.135,500.951,371.464
65.000,4,579.289,247.976,123.185
65.000,5,2017.799,919.385,415.686
65.000,6,1565.920,972.712,151.500
65.000,7,2300.579,499.400,369.198
65.000,8,76.835,1029.067,253.170
65.000,9,943.602,1064.275,520.378
65.000,10,1245.029,1214.537,422.569
65.000,11,29.430,1069.361,180.401
65.000,12,982.540,767.271,121.326
65.000,13,211.390,421.430,164.016
65.000,14,841.762,186.469,226.748
65.000,15,2592.981,838.909,269.564
65.000,16,197.606,549.027,113.684
65.000,17,1804.934,1273.271,138.935
65.000,18,785.337,123.500,113.598
65.000,19,742.524,386.225,527.765
65.000,20,1687.874,849.731,279.281
65.000,21,2146.429,529.287,278.555
65.000,22,151.990,650.164,211.967
65.000,23,1683.227,907.197,233.547
65.000,24,607.825,874.130,382.132
65.000,25,1584.996,490.566,509.561
65.000,26,702.993,1210.662,523.032
65.000,27,605.306,454.355,570.390
65.000,28,1180.223,156.931,162.192
65.000,29,2528.555,1108.750,446.960
65.000,30,533.919,190.430,429.797
65.000,31,1444.499,635.572,353.793
65.000,32,2323.875,1488.615,339.130
65.000,33,545.597,510.224,307.172
65.000,34,2240.768,672.042,510.446
65.000,35,542.361,165.234,568.904
65.000,36,2387.254,367.792,487.330
65.000,37,200.286,136.033,527.104
65.000,38,873.075,379.868,190.825
65.000,39,1921.126,1138.013,250.902
65.000,40,1459.727,1102.449,120.585
65.000,41,282.572,978.399,543.095
65.000,42,2265.869,1310.046,422.787
65.000,43,744.853,1369.882,464.934
65.000,44,2050.949,1103.283,528.300
65.000,45,23.572,375.923,343.342
65.000,46,1187.820,1205.870,433.615
65.000,47,673.332,456.404,533.992
65.000,48,1484.707,1423.667,573.150
65.000,49,1836.309,895.444,120.137
65.000,50,646.721,294.233,162.966
65.000,51,506.203,203.955,163.674
65.000,52,724.986,938.677,131.248
65.000,53,1614.604,1382.969,151.360
65.000,54,1005.331,147.022,256.611
65.000,55,2482.598,1015.102,433.147
65.000,56,1535.806,585.842,387.368
65.000,57,1494.444,1294.170,233.727
65.000,58,2190.790,700.548,422.162
65.000,59,2551.234,380.839,185.285
65.000,60,2314.178,245.267,445.486
70.000,0,1236.552,624.315,489.147
70.000,1,2122.664,1069.294,358.751
70.000,2,2447.302,849.019,446.833
70.000,3,1238.854,472.924,375.162
70.000,4,461.737,247.984,129.877
70.000,5,1873.878,926.014,409.109
70.000,6,1605.206,868.676,156.152
70.000,7,2450.778,473.160,363.471
70.000,8,22.023,1048.828,255.220
70.000,9,1051.287,981.190,527.436
70.000,10,1246.341,1104.638,428.035
70.000,11,37.368,964.338,179.222
70.000,12,968.887,853.196,117.497
70.000,13,198.940,550.856,161.700
70.000,14,838.188,108.709,228.830
70.000,15,2594.037,710.547,263.051
70.000,16,110.187,619.512,119.318
70.000,17,1898.917,1284.918,141.534
70.000,18,660.798,44.006,114.212
70.000,19,874.068,321.134,522.888
70.000,20,1799.859,850.111,279.496
70.000,21,2239.989,442.388,280.132
70.000,22,230.977,646.206,211.111
70.000,23,1792.229,933.553,227.572
70.000,24,540.627,833.982,380.504
70.000,25,1517.012,564.396,508.711
70.000,26,803.149,1176.676,522.270
70.000,27,736.044,415.808,562.042
70.000,28,1067.332,238.983,160.891
70.000,29,2500.442,1226.735,450.939
70.000,30,596.065,120.422,435.048
70.000,31,1363.662,592.113,346.107
70.000,32,2482.367,1505.539,336.885
70.000,33,590.622,603.928,302.914
70.000,34,2273.574,542.595,516.782
70.000,35,603.093,59.268,570.492
70.000,36,2254.042,319.783,489.564
70.000,37,111.179,198.704,525.963
70.000,38,877.779,477.739,194.220
70.000,39,1968.558,1007.237,257.608
70.000,40,1488.937,1199.010,121.817
70.000,41,345.348,931.307,541.275
70.000,42,2330.262,1209.245,417.016
70.000,43,864.123,1305.497,464.828
70.000,44,2051.986,1197.387,525.859
70.000,45,65.995,482.041,338.569
70.000,46,1314.970,1196.019,432.561
70.000,47,590.889,369.261,541.707
70.000,48,1400.852,1419.378,579.512
70.000,49,1923.599,994.226,125.538
70.000,50,659.012,188.167,165.185
70.000,51,433.089,290.944,157.675
70.000,52,760.108,1037.350,132.999
70.000,53,1479.530,1462.390,151.426
70.000,54,985.476,30.797,264.049
70.000,55,2482.821,891.527,434.013
70.000,56,1537.169,663.798,382.373
70.000,57,1506.044,1410.791,233.372
70.000,58,2158.575,619.165,421.642
70.000,59,2476.026,418.205,185.641
70.000,60,2386.734,220.842,447.995
75.000,0,1300.513,552.932,484.469
75.000,1,2143.063,960.889,357.965
75.000,2,2564.865,868.929,449.663
75.000,3,1146.275,435.358,379.741
75.000,4,341.120,226.386,135.442
75.000,5,1732.819,892.629,407.083
75.000,6,1622.155,751.419,160.789
75.000,7,2573.127,471.779,359.533
75.000,8,120.959,1036.388,259.149
75.000,9,1150.792,887.585,534.149
75.000,10,1261.893,993.230,435.190
75.000,11,55.820,838.274,177.552
75.000,12,957.903,936.741,112.301
75.000,13,198.157,681.296,158.277
75.000,14,827.951,37.975,229.827
75.000,15,2587.153,581.375,258.744
75.000,16,8.969,675.926,123.247
75.000,17,1998.524,1299.156,142.429
75.000,18,559.170,65.095,115.251
75.000,19,1018.537,281.097,514.902
75.000,20,1909.659,855.636,281.776
75.000,21,2329.127,362.298,280.767
75.000,22,308.088,644.714,211.287
75.000,23,1902.363,957.696,220.867
75.000,24,472.747,795.708,379.650
75.000,25,1475.129,654.941,508.667
75.000,26,901.804,1147.763,520.601
75.000,27,871.443,420.419,554.535
75.000,28,939.363,303.585,162.334
75.000,29,2498.075,1353.071,454.278
75.000,30,647.387,53.325,440.426
75.000,31,1275.364,564.096,338.174
75.000,32,2546.242,1522.730,332.928
75.000,33,621.139,701.768,298.957
75.000,34,2301.713,408.919,521.361
75.000,35,667.694,43.824,569.098
75.000,36,2123.862,273.305,491.466
75.000,37,33.402,262.670,524.080
75.000,38,871.928,563.355,196.999
75.000,39,2024.379,882.561,269.463
75.000,40,1499.350,1292.515,122.011
75.000,41,410.339,877.673,536.152
75.000,42,2388.159,1103.226,408.006
75.000,43,996.109,1258.130,463.870
75.000,44,2048.198,1287.217,525.482
75.000,45,151.669,584.613,335.395
75.000,46,1445.343,1183.000,428.559
75.000,47,518.888,282.760,549.372
75.000,48,1314.724,1414.889,585.963
75.000,49,2030.808,1069.749,131.441
75.000,50,630.520,85.361,168.082
75.000,51,350.204,372.387,154.777
75.000,52,805.209,1132.450,135.259
75.000,53,1344.264,1542.847,153.862
75.000,54,971.805,98.489,268.976
75.000,55,2489.632,777.889,434.452
75.000,56,1538.628,738.526,377.903
75.000,57,1489.922,1525.655,229.320
75.000,58,2134.626,532.920,422.365
75.000,59,2399.335,465.045,187.829
75.000,60,2454.747,185.276,447.637
80.000,0,1374.999,480.254,480.804
80.000,1,2126.642,847.221,356.611
80.000,2,2519.448,871.899,454.277
80.000,3,1062.906,374.428,384.669
80.000,4,209.422,236.727,140.772
80.000,5,1586.805,883.784,404.272
80.000,6,1643.669,626.841,170.527
80.000,7,2416.749,477.366,358.832
80.000,8,218.174,1014.109,260.827
80.000,9,1252.448,798.249,538.200
80.000,10,1264.105,878.844,439.814
80.000,11,85.022,714.522,175.752
80.000,12,959.883,1026.385,107.333
80.000,13,209.867,811.680,156.018
80.000,14,829.679,34.575,231.522
80.000,15,2588.700,455.804,254.791
80.000,16,113.738,720.731,126.354
80.000,17,2091.292,1296.948,145.017
80.000,18,467.654,161.315,114.449
80.000,19,1163.323,254.115,506.819
80.000,20,2015.581,872.854,282.855
80.000,21,2418.974,298.975,280.481
80.000,22,392.375,627.699,213.464
80.000,23,2016.383,979.390,213.579
80.000,24,410.106,758.258,378.949
80.000,25,1431.810,755.458,509.278
80.000,26,999.678,1119.108,521.023
80.000,27,1006.698,419.306,547.962
80.000,28,816.682,364.703,164.385
80.000,29,2485.058,1477.395,457.183
80.000,30,711.711,5.130,446.678
80.000,31,1186.713,516.166,334.445
80.000,32,2404.815,1563.917,330.176
80.000,33,641.381,804.849,296.185
80.000,34,2304.577,281.404,529.113
80.000,35,700.675,164.175,565.930
80.000,36,1984.114,227.308,493.887
80.000,37,51.789,327.616,524.998
80.000,38,833.927,637.460,199.244
80.000,39,2071.339,745.928,283.155
80.000,40,1503.198,1386.138,121.182
80.000,41,475.081,827.822,531.985
80.000,42,2464.251,998.555,399.755
80.000,43,1137.865,1224.204,459.256
80.000,44,2048.036,1376.103,525.255
80.000,45,245.477,673.575,331.506
80.000,46,1575.692,1183.854,422.631
80.000,47,466.561,178.081,556.886
80.000,48,1227.156,1419.332,587.557
80.000,49,2130.135,1152.961,135.198
80.000,50,584.201,9.804,171.965
80.000,51,260.104,451.025,154.453
80.000,52,857.847,1228.432,140.756
80.000,53,1208.152,1515.347,154.102
80.000,54,970.083,218.317,273.933
80.000,55,2513.381,667.223,431.785
80.000,56,1541.193,813.387,373.032
80.000,57,1471.639,1480.978,228.832
80.000,58,2108.726,443.430,420.932
80.000,59,2323.107,500.180,190.621
80.000,60,2520.633,143.629,448.789
85.000,0,1455.702,411.391,477.502
85.000,1,2118.330,730.018,356.621
85.000,2,2406.361,860.706,458.407
85.000,3,970.078,325.104,390.684
85.000,4,76.307,275.730,149.786
85.000,5,1435.388,891.434,404.344
85.000,6,1653.066,502.787,180.784
85.000,7,2264.799,497.439,356.961
85.000,8,305.497,956.728,265.195
85.000,9,1340.050,694.529,543.033
85.000,10,1235.388,762.857,442.342
85.000,11,148.770,598.470,174.230
85.000,12,984.872,1119.176,102.013
85.000,13,234.693,941.512,155.156
85.000,14,833.330,93.396,234.852
85.000,15,2594.496,336.128,250.468
85.000,16,217.976,768.140,126.860
85.000,17,2173.478,1295.723,146.831
85.000,18,367.409,257.279,115.364
85.000,19,1297.729,184.220,504.332
85.000,20,2115.061,901.438,284.155
85.000,21,2497.090,229.743,278.824
85.000,22,465.615,585.892,217.296
85.000,23,2138.501,1014.669,205.378
85.000,24,357.965,714.611,378.772
85.000,25,1402.918,866.932,510.258
85.000,26,1093.284,1085.400,520.871
85.000,27,1143.423,399.385,541.066
85.000,28,688.035,429.596,161.387
85.000,29,2473.903,1528.632,461.551
85.000,30,775.030,40.258,451.137
85.000,31,1109.940,466.094,330.591
85.000,32,2260.356,1547.099,326.445
85.000,33,657.840,912.126,291.629
85.000,34,2261.367,158.860,540.086
85.000,35,745.258,282.738,564.273
85.000,36,1857.427,148.543,497.108
85.000,37,130.351,398.940,526.846
85.000,38,805.789,711.628,201.369
85.000,39,2106.254,606.944,291.605
85.000,40,1501.386,1475.885,121.680
85.000,41,541.675,781.064,532.660
85.000,42,2538.725,892.967,395.250
85.000,43,1272.774,1185.074,454.863
85.000,44,2047.385,1467.928,524.316
85.000,45,332.417,768.229,328.457
85.000,46,1710.090,1203.678,416.839
85.000,47,420.269,62.319,562.752
85.000,48,1142.167,1413.139,590.802
85.000,49,2247.526,1219.352,141.339
85.000,50,544.020,106.916,176.756
85.000,51,179.135,528.061,152.788
85.000,52,909.280,1325.594,144.915
85.000,53,1092.372,1415.954,151.754
85.000,54,989.073,336.045,278.881
85.000,55,2552.280,547.397,425.936
85.000,56,1554.232,889.234,367.456
85.000,57,1445.288,1373.125,231.031
85.000,58,2088.617,359.168,420.992
85.000,59,2249.865,531.837,192.575
85.000,60,2588.096,103.809,449.962
90.000,0,1531.303,340.272,475.831
90.000,1,2126.945,611.442,357.369
90.000,2,2286.852,839.577,466.328
90.000,3,864.489,290.809,395.024
90.000,4,53.005,301.292,158.353
90.000,5,1287.090,886.098,405.149
90.000,6,1675.991,387.703,187.102
90.000,7,2112.769,528.398,354.426
90.000,8,401.808,919.782,267.611
90.000,9,1464.869,616.538,543.521
90.000,10,1195.191,652.502,446.633
90.000,11,231.987,489.408,173.808
90.000,12,1018.899,1206.954,100.646
90.000,13,263.162,1065.794,149.930
90.000,14,847.913,152.907,237.920
90.000,15,2589.919,215.982,246.629
90.000,16,308.727,820.800,129.402
90.000,17,2251.875,1308.935,147.383
90.000,18,264.536,355.221,117.775
90.000,19,1442.826,127.836,500.659
90.000,20,2219.083,932.976,281.483
90.000,21,2538.564,126.827,276.351
90.000,22,549.040,564.366,221.944
90.000,23,2247.610,1067.498,199.737
90.000,24,294.076,675.240,376.400
90.000,25,1361.945,980.453,509.476
90.000,26,1191.915,1054.686,524.120
90.000,27,1279.776,369.563,535.430
90.000,28,557.820,498.297,156.047
90.000,29,2452.121,1396.095,466.716
90.000,30,830.095,94.273,455.330
90.000,31,1041.105,423.155,326.761
90.000,32,2115.068,1509.307,322.092
90.000,33,669.706,1024.795,287.003
90.000,34,2227.132,29.095,549.823
90.000,35,811.512,393.067,559.969
90.000,36,1734.246,89.901,495.179
90.000,37,230.067,458.743,529.488
90.000,38,775.011,791.124,202.950
90.000,39,2127.996,461.869,301.735
90.000,40,1517.477,1560.747,125.785
90.000,41,617.347,734.861,531.450
90.000,42,2596.551,784.732,396.129
90.000,43,1395.225,1110.678,449.234
90.000,44,2028.753,1556.064,521.492
90.000,45,438.686,845.577,327.527
90.000,46,1839.922,1223.476,411.915
90.000,47,374.082,61.393,568.317
90.000,48,1048.061,1416.806,593.167
90.000,49,2364.583,1280.384,146.951
90.000,50,504.056,211.475,181.057
90.000,51,87.563,597.615,151.576
90.000,52,926.222,1434.546,147.802
90.000,53,977.849,1321.347,153.356
90.000,54,979.952,447.286,283.873
90.000,55,2579.519,429.764,422.515
90.000,56,1588.539,964.210,362.515
90.000,57,1432.240,1263.375,234.103
90.000,58,2079.859,277.013,420.261
90.000,59,2174.858,582.442,193.864
90.000,60,2550.101,72.015,450.962
95.000,0,1608.004,262.157,473.866
95.000,1,2132.581,494.132,360.404
95.000,2,2167.130,807.642,476.999
95.000,3,770.329,247.697,399.758
95.000,4,188.947,312.982,165.690
95.000,5,1142.270,889.089,405.231
95.000,6,1690.915,280.771,195.054
95.000,7,1974.246,571.421,357.392
95.000,8,510.164,923.878,272.121
95.000,9,1589.302,533.858,544.359
95.000,10,1172.535,544.799,451.546
95.000,11,297.995,374.409,173.563
95.000,12,1025.497,1296.131,104.225
95.000,13,276.897,1188.511,144.984
95.000,14,878.242,212.532,240.931
95.000,15,2601.259,94.560,241.004
95.000,16,417.621,836.559,130.588
95.000,17,2334.014,1320.529,148.152
95.000,18,145.258,439.076,123.321
95.000,19,1588.203,90.480,493.638
95.000,20,2329.173,957.309,280.739
95.000,21,2588.991,33.345,275.524
95.000,22,637.569,537.040,225.794
95.000,23,2361.917,1100.942,192.085
95.000,24,230.674,645.432,373.734
95.000,25,1307.022,1084.556,505.853
95.000,26,1290.306,1024.319,524.404
95.000,27,1416.081,325.866,526.622
95.000,28,438.938,584.895,154.424
95.000,29,2431.885,1268.503,471.071
95.000,30,866.590,159.135,459.849
95.000,31,970.646,383.643,322.080
95.000,32,1976.233,1476.985,321.642
95.000,33,673.246,1140.434,280.838
95.000,34,2237.753,108.938,554.374
95.000,35,885.792,491.875,555.015
95.000,36,1615.417,29.913,494.009
95.000,37,333.524,514.505,532.367
95.000,38,743.885,870.420,204.424
95.000,39,2160.088,317.191,310.846
95.000,40,1540.545,1494.576,129.364
95.000,41,693.786,702.792,531.202
95.000,42,2531.462,669.910,392.342
95.000,43,1502.190,1023.918,445.729
95.000,44,2030.473,1482.670,520.101
95.000,45,566.268,898.185,327.402
95.000,46,1959.597,1240.630,406.845
95.000,47,326.181,174.566,574.128
95.000,48,950.567,1414.295,596.547
95.000,49,2469.053,1358.430,150.567
95.000,50,464.847,317.881,187.900
95.000,51,9.612,652.363,151.397
95.000,52,935.956,1539.449,151.984
95.000,53,847.011,1256.235,159.994
95.000,54,990.682,563.096,290.088
95.000,55,2597.271,310.857,422.735
95.000,56,1620.147,1048.950,357.523
95.000,57,1436.103,1148.691,236.589
95.000,58,2087.967,192.472,420.350
95.000,59,2098.030,628.657,194.423
95.000,60,2501.384,25.775,452.362
100.000,0,1655.973,166.492,471.165
100.000,1,2173.305,389.391,362.067
100.000,2,2048.813,806.952,486.615
100.000,3,688.023,201.869,405.195
100.000,4,314.273,338.747,174.700
100.000,5,1002.471,904.595,402.840
100.000,6,1709.122,176.562,202.838
100.000,7,1836.622,602.106,363.115
100.000,8,617.593,924.748,274.267
100.000,9,1681.716,435.125,545.807
100.000,10,1149.422,434.877,455.929
100.000,11,308.102,239.406,171.711
100.000,12,1034.101,1394.468,108.355
100.000,13,279.850,1304.372,140.769
100.000,14,912.600,276.745,245.741
100.000,15,2602.278,45.242,235.185
100.000,16,529.542,840.084,133.973
100.000,17,2418.036,1306.719,150.805
100.000,18,22.967,513.204,129.557
100.000,19,1733.652,48.956,484.615
100.000,20,2445.875,969.278,279.373
100.000,21,2541.322,56.189,274.644
100.000,22,723.820,514.508,228.374
100.000,23,2476.232,1114.584,188.961
100.000,24,163.417,617.902,371.612
100.000,25,1272.411,1197.868,499.519
100.000,26,1386.999,1005.253,523.988
100.000,27,1545.008,262.680,517.488
100.000,28,324.902,683.569,155.449
100.000,29,2432.393,1153.075,474.486
100.000,30,888.161,230.209,464.849
100.000,31,897.229,341.794,316.598
100.000,32,1833.095,1474.528,321.783
100.000,33,687.958,1250.046,275.583
100.000,34,2221.342,241.027,555.659
100.000,35,952.742,594.592,549.622
100.000,36,1480.793,33.540,494.433
100.000,37,432.588,579.287,533.385
100.000,38,727.731,949.536,206.210
100.000,39,2218.388,186.448,319.213
100.000,40,1574.458,1408.492,134.833
100.000,41,770.988,678.499,530.188
100.000,42,2494.842,544.616,389.179
100.000,43,1594.863,918.605,442.083
100.000,44,2013.136,1397.621,518.179
100.000,45,699.572,931.503,322.622
100.000,46,2071.011,1281.232,401.906
100.000,47,297.381,290.395,580.178
100.000,48,856.945,1412.019,597.148
100.000,49,2581.317,1428.936,150.034
100.000,50,402.966,414.784,191.494
100.000,51,93.636,733.090,148.378
100.000,52,972.869,1500.579,156.251
100.000,53,725.111,1177.173,165.365
100.000,54,996.907,676.541,294.762
100.000,55,2573.450,181.397,418.805
100.000,56,1623.095,1137.743,353.114
100.000,57,1444.073,1030.106,238.954
100.000,58,2123.698,115.541,419.792
100.000,59,2010.127,656.128,193.916
100.000,60,2440.505,24.268,453.054
105.000,0,1702.053,82.001,469.520
105.000,1,2206.205,286.524,360.645
105.000,2,1931.420,792.950,495.942
105.000,3,603.604,155.690,407.904
105.000,4,420.226,372.555,184.932
105.000,5,864.386,920.456,401.581
105.000,6,1731.371,65.809,209.754
105.000,7,1702.299,619.667,367.799
105.000,8,722.078,925.332,276.237
105.000,9,1732.609,321.625,545.203
105.000,10,1117.282,324.583,459.285
105.000,11,324.263,109.051,169.055
105.000,12,1051.060,1491.874,111.939
105.000,13,287.071,1418.326,137.760
105.000,14,942.160,346.303,249.376
105.000,15,2585.020,164.242,228.148
105.000,16,635.619,831.870,140.152
105.000,17,2499.080,1293.729,152.821
105.000,18,115.056,606.200,133.389
105.000,19,1882.403,0.589,479.163
105.000,20,2562.189,958.863,279.856
105.000,21,2476.296,137.151,275.409
105.000,22,808.918,497.172,230.109
105.000,23,2586.619,1121.608,187.845
105.000,24,85.996,591.330,371.995
105.000,25,1240.178,1304.226,494.897
105.000,26,1482.813,965.533,524.015
105.000,27,1689.674,234.945,508.814
105.000,28,205.726,774.726,156.322
105.000,29,2407.929,1036.935,478.400
105.000,30,903.489,299.029,467.909
105.000,31,819.806,310.294,310.697
105.000,32,1691.488,1464.860,320.982
105.000,33,704.693,1352.423,271.535
105.000,34,2204.175,372.471,559.608
105.000,35,1022.888,699.429,543.391
105.000,36,1338.647,62.406,496.243
105.000,37,526.979,638.760,537.040
105.000,38,705.859,1038.468,207.545
105.000,39,2290.248,66.092,327.064
105.000,40,1593.079,1315.248,140.113
105.000,41,845.708,657.157,529.285
105.000,42,2423.946,431.338,381.424
105.000,43,1713.015,848.719,441.674
105.000,44,1988.044,1313.857,517.573
105.000,45,817.280,998.430,317.916
105.000,46,2188.125,1269.104,401.905
105.000,47,250.218,399.238,586.260
105.000,48,771.202,1443.517,593.249
105.000,49,2519.591,1529.607,154.348
105.000,50,338.721,505.362,193.998
105.000,51,183.317,802.187,145.538
105.000,52,1025.566,1403.763,158.712
105.000,53,605.880,1081.421,166.924
105.000,54,985.243,790.975,297.522
105.000,55,2582.561,51.344,413.367
105.000,56,1633.884,1218.471,351.330
105.000,57,1449.874,915.495,240.724
105.000,58,2169.263,44.748,417.569
105.000,59,1908.854,656.508,194.821
105.000,60,2370.687,56.629,452.611
110.000,0,1738.435,23.145,468.768
110.000,1,2250.541,187.639,359.363
110.000,2,1811.018,783.873,503.643
110.000,3,515.184,118.236,408.909
110.000,4,511.982,423.768,191.927
110.000,5,728.309,928.301,401.109
110.000,6,1752.668,64.641,214.258
110.000,7,1558.726,601.457,371.348
110.000,8,818.633,934.113,277.586
110.000,9,1759.685,192.884,546.180
110.000,10,1081.243,215.788,464.547
110.000,11,377.180,18.054,165.477
110.000,12,1063.989,1530.472,116.896
110.000,13,306.149,1528.204,137.496
110.000,14,954.985,417.373,252.738
110.000,15,2577.368,290.417,223.576
110.000,16,736.827,838.734,146.276
110.000,17,2578.002,1294.026,152.813
110.000,18,199.465,732.444,137.451
110.000,19,2024.809,50.872,469.721
110.000,20,2519.398,941.168,279.358
110.000,21,2404.398,206.617,276.509
110.000,22,892.078,482.020,231.523
110.000,23,2495.654,1135.713,184.471
110.000,24,17.610,555.252,373.212
110.000,25,1197.953,1398.397,490.043
110.000,26,1578.092,931.474,525.148
110.000,27,1837.031,221.631,500.722
110.000,28,83.709,852.601,156.932
110.000,29,2394.463,919.125,483.319
110.000,30,923.415,368.798,470.910
110.000,31,738.968,278.763,303.927
110.000,32,1553.641,1437.450,319.685
110.000,33,731.891,1452.915,266.501
110.000,34,2178.789,499.183,563.043
110.000,35,1098.689,807.601,536.123
110.000,36,1196.983,105.057,499.383
110.000,37,631.563,668.405,540.013
110.000,38,693.825,1122.313,207.419
110.000,39,2348.231,68.580,332.628
110.000,40,1617.502,1221.106,145.525
110.000,41,921.718,639.645,527.478
110.000,42,2352.646,321.867,371.974
110.000,43,1833.830,785.645,442.815
110.000,44,1977.720,1226.712,519.190
110.000,45,908.249,1105.777,310.802
110.000,46,2311.676,1247.686,405.114
110.000,47,230.106,516.308,592.193
110.000,48,694.262,1486.530,587.203
110.000,49,2436.796,1500.419,158.077
110.000,50,281.824,605.435,197.059
110.000,51,290.453,853.575,146.089
110.000,52,1071.601,1301.902,160.902
110.000,53,486.591,986.038,167.554
110.000,54,994.017,913.256,299.806
110.000,55,2576.100,101.543,409.648
110.000,56,1666.556,1289.326,348.247
110.000,57,1456.306,802.897,242.402
110.000,58,2181.929,45.779,417.131
110.000,59,1814.523,670.389,196.116
110.000,60,2303.704,89.869,451.450
115.000,0,1788.250,112.261,468.104
115.000,1,2286.573,79.230,358.360
115.000,2,1685.981,792.175,509.983
115.000,3,439.093,53.269,411.347
115.000,4,608.940,462.275,198.686
115.000,5,591.907,933.994,403.132
115.000,6,1782.489,171.352,219.656
115.000,7,1405.446,598.464,376.991
115.000,8,914.504,952.741,279.784
115.000,9,1809.123,68.550,547.060
115.000,10,1068.000,106.244,469.941
115.000,11,441.631,122.754,163.537
115.000,12,1071.918,1429.318,122.661
115.000,13,325.512,1480.524,135.353
115.000,14,965.085,489.986,255.176
115.000,15,2568.264,413.815,219.430
115.000,16,841.436,858.057,152.519
115.000,17,2542.674,1309.100,154.559
115.000,18,305.218,833.665,143.130
115.000,19,2160.550,113.606,458.133
115.000,20,2409.106,924.438,278.172
115.000,21,2327.424,270.493,276.116
115.000,22,977.357,470.386,232.760
115.000,23,2380.501,1146.317,181.334
115.000,24,64.199,515.886,372.466
115.000,25,1156.576,1485.548,486.104
115.000,26,1669.325,907.984,527.045
115.000,27,1975.041,214.701,495.060
115.000,28,59.807,930.268,156.229
115.000,29,2411.608,795.591,485.739
115.000,30,964.582,426.691,473.241
115.000,31,651.300,252.008,295.537
115.000,32,1414.350,1401.718,320.805
115.000,33,744.014,1553.895,263.890
115.000,34,2192.213,624.408,564.237
115.000,35,1150.965,932.174,527.676
115.000,36,1055.066,130.371,501.816
115.000,37,727.260,723.082,543.575
115.000,38,666.286,1211.293,207.521
115.000,39,2376.676,198.275,338.155
115.000,40,1668.209,1142.959,149.278
115.000,41,995.766,614.274,527.290
115.000,42,2307.888,203.207,362.647
115.000,43,1953.941,726.421,439.421
115.000,44,1978.581,1139.249,523.378
115.000,45,996.662,1218.984,304.651
115.000,46,2442.499,1277.414,410.081
115.000,47,196.730,630.844,599.154
115.000,48,612.902,1509.266,582.275
115.000,49,2337.214,1415.719,160.259
115.000,50,242.108,716.943,200.736
115.000,51,392.942,913.922,148.176
115.000,52,1109.287,1203.567,164.673
115.000,53,401.612,863.204,167.440
115.000,54,987.235,1031.354,306.277
115.000,55,2578.827,225.168,408.579
115.000,56,1715.736,1350.668,344.229
115.000,57,1447.156,695.056,244.129
115.000,58,2184.055,134.177,417.837
115.000,59,1720.919,677.163,197.719
115.000,60,2243.064,121.978,450.560
120.000,0,1814.745,205.577,468.864
120.000,1,2320.402,38.688,359.215
120.000,2,1561.327,831.108,518.839
120.000,3,353.836,0.118,411.393
120.000,4,714.680,487.706,205.604
120.000,5,455.026,932.514,404.470
120.000,6,1812.303,278.481,225.018
120.000,7,1246.722,597.668,384.848
120.000,8,1008.893,972.700,280.860
120.000,9,1894.014,63.360,550.844
120.000,10,1063.397,20.504,473.783
120.000,11,503.013,227.485,161.232
120.000,12,1069.827,1334.506,128.153
120.000,13,380.028,1364.127,129.494
120.000,14,961.686,562.333,255.536
120.000,15,2551.611,539.613,215.443
120.000,16,936.397,899.931,155.974
120.000,17,2448.967,1291.040,156.399
120.000,18,425.075,919.110,144.444
120.000,19,2309.906,149.503,447.089
120.000,20,2290.280,893.861,279.220
120.000,21,2262.447,349.126,277.512
120.000,22,1060.365,445.261,234.052
120.000,23,2263.937,1144.247,176.571
120.000,24,135.061,474.468,370.406
120.000,25,1121.762,1556.579,484.149
120.000,26,1751.597,876.330,527.645
120.000,27,2110.675,208.896,490.612
120.000,28,165.922,1016.580,154.680
120.000,29,2424.922,669.979,489.277
120.000,30,1011.705,476.553,475.632
120.000,31,582.664,194.230,291.412
120.000,32,1279.053,1362.877,318.725
120.000,33,764.246,1480.731,262.148
120.000,34,2208.555,762.782,563.287
120.000,35,1199.768,1054.057,521.247
120.000,36,921.705,163.253,502.732
120.000,37,831.624,770.719,546.763
120.000,38,645.277,1303.233,206.346
120.000,39,2428.261,311.167,345.118
120.000,40,1722.796,1065.987,149.964
120.000,41,1065.369,579.911,526.584
120.000,42,2267.032,80.982,354.517
120.000,43,2064.144,660.812,438.378
120.000,44,1974.556,1053.276,528.826
120.000,45,1063.086,1338.123,296.954
120.000,46,2574.533,1299.826,417.117
120.000,47,159.708,742.300,593.388
120.000,48,526.282,1516.254,577.345
120.000,49,2232.836,1331.149,165.972
120.000,50,173.392,813.424,205.218
120.000,51,490.639,994.064,148.418
120.000,52,1151.319,1107.597,170.918
120.000,53,282.441,771.258,167.672
120.000,54,987.082,1145.441,312.881
120.000,55,2584.132,346.733,403.755
120.000,56,1767.736,1407.558,340.150
120.000,57,1446.808,576.675,247.145
120.000,58,2189.891,211.892,419.820
120.000,59,1632.526,690.594,202.004
120.000,60,2175.586,155.309,450.612
125.000,0,1838.317,291.963,468.790
125.000,1,2311.013,154.163,362.810
125.000,2,1442.343,871.281,530.827
125.000,3,279.352,66.471,413.328
125.000,4,828.642,469.242,213.105
125.000,5,314.796,940.428,403.474
125.000,6,1839.690,386.473,228.717
125.000,7,1094.008,616.552,390.581
125.000,8,1098.333,984.357,280.836
125.000,9,1981.203,183.035,551.996
125.000,10,1077.244,128.589,478.713
125.000,11,560.909,331.604,159.887
125.000,12,1092.767,1241.435,134.222
125.000,13,432.349,1257.305,122.274
125.000,14,949.788,633.762,256.348
125.000,15,2531.527,664.812,212.812
125.000,16,1039.867,933.258,161.892
125.000,17,2359.900,1263.147,158.695
125.000,18,552.395,984.384,142.896
125.000,19,2459.814,162.626,439.534
125.000,20,2168.978,874.364,279.042
125.000,21,2213.633,433.180,277.932
125.000,22,1145.433,436.721,236.968
125.000,23,2144.433,1151.710,171.030
125.000,24,200.140,419.238,369.862
125.000,25,1091.134,1468.288,482.659
125.000,26,1836.275,860.903,529.279
125.000,27,2240.154,186.608,485.909
125.000,28,267.674,1101.096,150.800
125.000,29,2435.542,544.246,492.790
125.000,30,1055.627,541.019,478.644
125.000,31,526.560,124.779,287.486
125.000,32,1137.208,1343.297,316.713
125.000,33,793.795,1383.201,260.114
125.000,34,2204.727,901.860,567.550
125.000,35,1253.702,1170.513,514.138
125.000,36,785.251,193.206,502.594
125.000,37,945.757,816.006,549.796
125.000,38,623.539,1390.906,207.806
125.000,39,2457.412,432.392,353.591
125.000,40,1748.006,980.394,151.990
125.000,41,1133.460,528.889,526.544
125.000,42,2216.010,53.377,349.541
125.000,43,2182.107,601.898,439.412
125.000,44,1981.183,965.575,530.687
125.000,45,1138.783,1448.188,290.011
125.000,46,2495.917,1313.533,418.578
125.000,47,116.786,849.180,585.786
125.000,48,437.643,1515.860,572.866
125.000,49,2132.680,1235.926,170.902
125.000,50,100.997,895.547,209.083
125.000,51,590.907,1051.563,151.011
125.000,52,1198.555,1015.854,174.654
125.000,53,146.449,715.716,165.359
125.000,54,1012.995,1262.176,317.655
125.000,55,2573.343,473.353,399.226
125.000,56,1797.585,1478.750,336.183
125.000,57,1431.877,454.520,251.207
125.000,58,2197.234,293.076,419.185
125.000,59,1546.603,702.183,205.001
125.000,60,2109.799,190.864,452.672
130.000,0,1867.845,385.372,468.850
130.000,1,2298.686,262.588,362.735
130.000,2,1344.664,929.469,541.689
130.000,3,212.499,145.903,415.937
130.000,4,946.249,464.924,221.307
130.000,5,169.260,940.628,404.946
130.000,6,1874.638,489.006,230.791
130.000,7,948.270,627.285,397.033
130.000,8,1190.608,995.291,282.200
130.000,9,2070.842,299.381,553.602
130.000,10,1090.058,234.166,484.953
130.000,11,646.154,424.341,159.629
130.000,12,1107.702,1156.559,141.185
130.000,13,453.703,1138.640,115.176
130.000,14,937.706,710.500,258.664
130.000,15,2507.745,783.884,209.548
130.000,16,1145.166,976.897,168.340
130.000,17,2276.788,1241.227,159.887
130.000,18,666.427,1060.053,142.522
130.000,19,2575.662,172.609,438.742
130.000,20,2059.092,851.173,279.641
130.000,21,2171.266,527.952,277.381
130.000,22,1235.746,443.472,240.749
130.000,23,2032.384,1167.739,167.014
130.000,24,274.057,377.878,367.410
130.000,25,1043.011,1389.339,479.183
130.000,26,1926.979,846.675,531.010
130.000,27,2367.666,152.816,476.324
130.000,28,379.913,1170.274,146.209
130.000,29,2427.168,416.925,495.180
130.000,30,1100.579,613.029,483.479
130.000,31,470.016,54.975,281.853
130.000,32,992.579,1336.190,313.452
130.000,33,804.988,1278.346,258.523
130.000,34,2167.674,1038.179,569.844
130.000,35,1336.954,1268.913,506.168
130.000,36,654.564,226.671,503.003
130.000,37,1057.598,885.620,553.944
130.000,38,612.500,1475.853,207.651
130.000,39,2496.918,557.438,359.877
130.000,40,1780.490,901.869,153.325
130.000,41,1214.149,489.945,524.205
130.000,42,2150.127,157.115,346.292
130.000,43,2291.816,515.155,442.848
130.000,44,1972.929,875.570,532.800
130.000,45,1224.012,1551.275,287.391
130.000,46,2366.504,1326.967,415.844
130.000,47,92.555,958.921,577.867
130.000,48,347.511,1517.531,570.220
130.000,49,2038.017,1140.927,171.942
130.000,50,38.140,983.494,210.688
130.000,51,681.521,1125.398,150.589
130.000,52,1244.625,923.257,176.090
130.000,53,14.673,646.606,162.544
130.000,54,1020.950,1387.650,320.494
130.000,55,2543.078,595.525,393.261
130.000,56,1806.859,1549.140,331.949
130.000,57,1398.671,336.234,251.378
130.000,58,2196.090,372.012,418.723
130.000,59,1456.007,714.404,207.620
130.000,60,2049.452,227.368,455.444
135.000,0,1905.726,475.242,469.956
135.000,1,2267.009,362.474,361.394
135.000,2,1233.433,964.535,553.424
135.000,3,161.792,239.710,418.307
135.000,4,1064.285,465.814,227.196
135.000,5,22.789,938.829,405.436
135.000,6,1897.211,598.977,228.809
135.000,7,808.058,608.743,399.200
135.000,8,1272.749,975.128,281.887
135.000,9,2161.512,407.687,556.523
135.000,10,1096.856,342.505,492.144
135.000,11,735.812,515.053,161.446
135.000,12,1125.570,1067.000,146.152
135.000,13,480.374,1011.626,109.583
135.000,14,927.704,785.446,259.360
135.000,15,2463.046,901.200,207.739
135.000,16,1252.015,1031.881,174.198
135.000,17,2193.631,1219.673,162.007
135.000,18,775.501,1155.662,141.337
135.000,19,2458.093,257.205,432.489
135.000,20,1961.573,800.145,280.641
135.000,21,2111.886,614.413,277.654
135.000,22,1322.435,449.736,245.778
135.000,23,1924.623,1181.169,165.592
135.000,24,347.383,349.147,367.916
135.000,25,1009.003,1297.401,477.594
135.000,26,2018.598,819.757,531.718
135.000,27,2494.530,116.948,467.612
135.000,28,495.648,1239.813,139.067
135.000,29,2403.111,294.401,498.628
135.000,30,1153.720,677.960,487.958
135.000,31,404.011,7.046,276.196
135.000,32,853.261,1305.362,309.149
135.000,33,821.223,1178.235,258.325
135.000,34,2150.933,1181.858,572.694
135.000,35,1438.934,1347.399,498.171
135.000,36,528.883,287.197,504.621
135.000,37,1145.648,971.922,557.771
135.000,38,591.893,1561.393,207.263
135.000,39,2542.919,691.542,367.037
135.000,40,1797.293,812.979,158.614
135.000,41,1292.726,448.332,521.504
135.000,42,2104.495,262.030,343.479
135.000,43,2382.764,401.535,444.579
135.000,44,1961.915,786.940,533.822
135.000,45,1293.850,1478.539,283.810
135.000,46,2241.589,1339.061,416.339
135.000,47,75.223,1074.147,571.261
135.000,48,257.543,1524.385,567.266
135.000,49,1937.019,1051.748,174.778
135.000,50,14.884,1077.327,216.138
135.000,51,781.085,1181.862,147.496
135.000,52,1271.720,818.363,178.653
135.000,53,121.190,567.224,162.650
135.000,54,1036.067,1506.926,323.830
135.000,55,2498.469,704.605,390.148
135.000,56,1820.753,1518.844,330.324
135.000,57,1372.609,216.543,249.047
135.000,58,2189.490,460.108,420.231
135.000,59,1363.817,716.731,209.584
135.000,60,1992.284,278.590,456.691
140.000,0,1933.189,567.947,469.723
140.000,1,2245.912,462.047,357.632
140.000,2,1116.426,996.378,565.467
140.000,3,107.471,319.267,422.497
140.000,4,1185.954,471.338,233.693
140.000,5,132.340,956.750,402.162
140.000,6,1917.543,710.033,229.059
140.000,7,662.427,610.286,401.656
140.000,8,1369.501,965.626,283.637
140.000,9,2256.046,508.567,558.195
140.000,10,1109.202,451.989,497.053
140.000,11,816.854,617.461,160.012
140.000,12,1143.255,975.287,151.113
140.000,13,517.705,879.244,103.448
140.000,14,938.295,861.142,260.176
140.000,15,2422.450,1021.053,203.761
140.000,16,1344.652,1088.260,179.597
140.000,17,2105.693,1201.727,166.833
140.000,18,897.524,1236.502,141.735
140.000,19,2321.140,314.701,424.518
140.000,20,1865.586,740.194,278.476
140.000,21,2032.872,684.000,276.266
140.000,22,1407.892,452.527,251.467
140.000,23,1812.705,1189.098,163.892
140.000,24,421.619,330.144,369.419
140.000,25,992.872,1202.744,475.843
140.000,26,2110.615,814.788,530.200
140.000,27,2550.890,97.965,461.710
140.000,28,611.197,1303.491,133.287
140.000,29,2367.346,173.293,500.993
140.000,30,1212.255,737.068,492.573
140.000,31,336.556,41.448,273.801
140.000,32,719.317,1248.015,308.832
140.000,33,857.515,1073.075,256.189
140.000,34,2167.086,1320.426,576.824
140.000,35,1524.223,1435.327,494.158
140.000,36,420.268,378.639,505.727
140.000,37,1236.746,1049.047,558.928
140.000,38,582.271,1487.752,208.790
140.000,39,2582.663,818.604,375.557
140.000,40,1809.603,721.201,161.836
140.000,41,1353.246,378.386,519.118
140.000,42,2050.059,373.124,341.480
140.000,43,2481.476,296.150,445.502
140.000,44,1956.609,703.771,535.212
140.000,45,1340.883,1367.618,278.839
140.000,46,2120.475,1371.409,417.532
140.000,47,56.002,1192.289,563.407
140.000,48,170.506,1528.365,562.702
140.000,49,1818.408,991.292,178.912
140.000,50,30.883,1180.328,219.829
140.000,51,887.031,1226.558,143.843
140.000,52,1286.421,704.587,182.739
140.000,53,252.625,490.613,164.813
140.000,54,1064.077,1506.096,327.809
140.000,55,2473.247,815.266,388.642
140.000,56,1855.299,1445.150,328.742
140.000,57,1350.382,100.148,247.126
140.000,58,2177.428,549.636,422.016
140.000,59,1266.860,712.202,211.985
140.000,60,1936.099,327.909,455.968
145.000,0,1987.875,651.666,466.732
145.000,1,2229.771,561.325,355.884
145.000,2,989.815,1009.123,573.736
145.000,3,41.166,386.398,423.645
145.000,4,1314.351,486.650,241.319
145.000,5,271.983,982.721,398.334
145.000,6,1942.400,818.951,229.072
145.000,7,511.087,610.644,404.459
145.000,8,1472.367,954.933,285.675
145.000,9,2355.884,605.687,558.211
145.000,10,1136.940,560.464,500.858
145.000,11,856.904,734.180,157.579
145.000,12,1157.162,878.181,158.726
145.000,13,588.510,769.581,101.881
145.000,14,950.588,929.726,261.805
145.000,15,2381.700,1148.791,198.694
145.000,16,1448.970,1142.691,180.166
145.000,17,2014.669,1180.996,169.543
145.000,18,1030.960,1302.776,148.275
145.000,19,2173.697,353.538,414.786
145.000,20,1755.846,698.530,277.388
145.000,21,1937.301,730.703,275.271
145.000,22,1496.202,433.641,256.375
145.000,23,1697.577,1214.638,161.576
145.000,24,492.253,295.795,370.511
145.000,25,986.635,1109.932,472.529
145.000,26,2202.625,803.010,530.610
145.000,27,2412.087,67.137,458.384
145.000,28,726.763,1378.614,128.223
145.000,29,2353.147,48.642,503.891
145.000,30,1264.345,799.322,496.793
145.000,31,276.705,96.593,272.836
145.000,32,577.009,1190.023,314.085
145.000,33,876.792,971.940,256.203
145.000,34,2167.691,1457.186,580.658
145.000,35,1580.490,1537.872,489.984
145.000,36,288.069,442.159,509.629
145.000,37,1336.074,1095.879,559.185
145.000,38,572.231,1402.118,210.086
145.000,39,2523.020,943.065,379.435
145.000,40,1818.951,633.110,163.170
145.000,41,1402.469,303.219,517.346
145.000,42,2005.265,491.801,342.801
145.000,43,2580.895,223.665,448.091
145.000,44,1941.210,622.365,535.589
145.000,45,1413.549,1269.474,273.402
145.000,46,2000.028,1381.587,418.588
145.000,47,35.517,1311.172,555.267
145.000,48,84.563,1527.979,559.976
145.000,49,1693.739,961.955,183.127
145.000,50,54.964,1280.855,223.550
145.000,51,996.132,1259.329,141.785
145.000,52,1288.825,590.518,188.321
145.000,53,388.553,424.374,164.531
145.000,54,1098.427,1389.290,331.253
145.000,55,2469.870,933.806,388.497
145.000,56,1904.928,1375.221,323.328
145.000,57,1323.656,31.063,246.832
145.000,58,2158.224,632.063,422.396
145.000,59,1169.364,723.377,213.474
145.000,60,1869.406,376.255,455.968
150.000,0,2039.054,730.303,464.611
150.000,1,2200.637,653.725,355.496
150.000,2,858.680,1008.617,581.718
150.000,3,34.525,447.759,422.890
150.000,4,1447.258,503.519,250.082
150.000,5,413.245,945.628,396.299
150.000,6,1985.419,918.448,232.039
150.000,7,360.370,606.241,407.216
150.000,8,1583.450,938.534,285.224
150.000,9,2433.063,723.346,558.918
150.000,10,1177.201,670.817,506.296
150.000,11,893.747,844.498,155.042
150.000,12,1191.025,794.519,162.987
150.000,13,618.989,645.213,103.103
150.000,14,962.668,995.367,265.308
150.000,15,2336.266,1269.259,191.425
150.000,16,1547.428,1203.574,183.215
150.000,17,1927.696,1154.835,169.445
150.000,18,1155.315,1378.324,152.973
150.000,19,2029.697,398.131,405.425
150.000,20,1651.573,657.946,277.940
150.000,21,1833.739,766.095,273.070
150.000,22,1573.692,393.724,259.861
150.000,23,1575.408,1254.579,161.446
150.000,24,565.136,255.733,371.556
150.000,25,980.612,1012.003,470.065
150.000,26,2292.365,778.785,530.054
150.000,27,2276.140,44.977,451.739
150.000,28,855.760,1427.575,126.232
150.000,29,2340.897,98.416,507.464
150.000,30,1307.299,862.040,499.456
150.000,31,217.567,149.229,272.990
150.000,32,426.648,1158.405,315.001
150.000,33,885.331,864.176,256.961
150.000,34,2148.167,1537.660,583.601
150.000,35,1636.104,1501.892,487.174
150.000,36,156.970,512.215,514.271
150.000,37,1449.083,1134.603,558.731
150.000,38,565.316,1316.854,210.371
150.000,39,2441.005,1054.501,383.111
150.000,40,1834.051,548.831,163.922
150.000,41,1467.705,245.827,517.545
150.000,42,1980.816,619.440,341.179
150.000,43,2455.432,151.478,446.373
150.000,44,1898.928,555.472,534.909
150.000,45,1515.120,1191.155,266.371
150.000,46,1884.670,1389.026,421.163
150.000,47,17.825,1428.439,547.301
150.000,48,14.625,1543.492,556.844
150.000,49,1567.386,911.654,189.463
150.000,50,85.669,1379.325,225.600
150.000,51,1092.869,1321.665,143.771
150.000,52,1295.397,481.748,194.753
150.000,53,526.527,369.662,161.731
150.000,54,1106.193,1267.853,336.493
150.000,55,2450.743,1062.037,385.454
150.000,56,1951.131,1302.233,318.048
150.000,57,1312.898,156.710,246.328
150.000,58,2150.822,708.620,422.413
150.000,59,1075.975,736.755,213.521
150.000,60,1798.616,422.535,456.930
155.000,0,2078.815,818.310,462.334
155.000,1,2168.786,753.090,355.333
155.000,2,726.208,1019.454,590.707
155.000,3,125.300,478.306,425.267
155.000,4,1571.681,530.439,263.569
155.000,5,547.660,890.182,395.704
155.000,6,2029.775,1023.775,237.328
155.000,7,219.454,644.869,412.424
155.000,8,1696.096,936.279,283.741
155.000,9,2503.185,845.066,561.555
155.000,10,1227.020,768.086,511.097
155.000,11,953.937,949.422,149.898
155.000,12,1214.686,712.797,163.530
155.000,13,622.083,518.450,107.940
155.000,14,973.768,1067.095,270.375
155.000,15,2322.450,1393.769,183.886
155.000,16,1629.973,1283.834,190.233
155.000,17,1832.325,1134.222,170.016
155.000,18,1284.963,1426.913,156.949
155.000,19,1876.589,422.947,395.929
155.000,20,1542.773,629.252,279.434
155.000,21,1732.442,799.626,270.489
155.000,22,1644.142,345.527,263.522
155.000,23,1455.136,1300.526,161.611
155.000,24,645.021,219.669,373.351
155.000,25,955.989,911.208,468.417
155.000,26,2378.755,742.438,529.632
155.000,27,2137.958,23.097,444.895
155.000,28,986.949,1475.570,123.214
155.000,29,2307.114,218.703,511.224
155.000,30,1341.296,931.161,500.008
155.000,31,147.875,185.082,273.757
155.000,32,274.241,1147.305,309.460
155.000,33,877.179,757.221,255.893
155.000,34,2161.004,1395.545,587.642
155.000,35,1671.016,1405.325,482.681
155.000,36,31.223,585.088,518.297
155.000,37,1564.597,1167.049,557.899
155.000,38,554.514,1232.489,209.057
155.000,39,2351.248,1165.727,391.000
155.000,40,1849.777,449.518,166.132
155.000,41,1531.355,194.282,518.585
155.000,42,1961.814,745.075,339.733
155.000,43,2358.203,61.089,443.062
155.000,44,1879.912,476.252,534.770
155.000,45,1607.337,1089.237,259.535
155.000,46,1764.488,1401.923,422.415
155.000,47,72.460,1539.216,544.074
155.000,48,108.476,1556.901,551.654
155.000,49,1434.127,871.622,195.352
155.000,50,160.639,1458.405,227.693
155.000,51,1177.703,1387.429,144.299
155.000,52,1286.955,372.858,198.311
155.000,53,657.676,299.348,161.538
155.000,54,1134.679,1143.847,340.090
155.000,55,2446.299,1194.308,382.070
155.000,56,1982.992,1222.084,315.804
155.000,57,1327.296,282.270,244.655
155.000,58,2163.800,786.187,421.579
155.000,59,982.549,754.246,213.120
155.000,60,1725.192,462.408,457.894
160.000,0,2114.041,910.059,460.510
160.000,1,2144.497,846.690,356.175
160.000,2,604.382,1037.515,597.453
160.000,3,207.060,529.362,427.871
160.000,4,1696.240,558.654,275.599
160.000,5,694.257,852.255,396.155
160.000,6,2075.194,1124.444,243.057
160.000,7,77.586,674.034,416.783
160.000,8,1804.265,908.028,284.426
160.000,9,2584.595,965.335,562.339
160.000,10,1274.843,872.191,514.415
160.000,11,1011.867,1061.116,145.655
160.000,12,1247.175,628.257,164.982
160.000,13,608.678,395.656,110.988
160.000,14,1009.864,1134.148,275.088
160.000,15,2291.304,1514.854,179.257
160.000,16,1718.283,1358.191,198.914
160.000,17,1730.131,1130.387,169.808
160.000,18,1415.622,1482.350,158.348
160.000,19,1724.973,439.267,387.451
160.000,20,1432.216,599.370,283.143
160.000,21,1638.789,827.668,265.586
160.000,22,1718.875,308.452,265.236
160.000,23,1342.426,1328.723,158.326
160.000,24,728.483,199.235,375.011
160.000,25,919.941,816.600,467.136
160.000,26,2461.751,717.409,532.932
160.000,27,2000.078,8.701,437.890
160.000,28,1117.475,1538.653,120.607
160.000,29,2265.540,341.634,511.569
160.000,30,1381.117,988.097,500.269
160.000,31,85.545,233.902,272.025
160.000,32,119.798,1130.570,304.244
160.000,33,868.114,653.726,252.639
160.000,34,2164.804,1258.924,592.932
160.000,35,1702.285,1299.417,477.225
160.000,36,119.381,631.515,525.355
160.000,37,1671.390,1208.099,558.632
160.000,38,555.015,1145.327,207.280
160.000,39,2278.521,1279.418,398.199
160.000,40,1865.876,349.429,171.335
160.000,41,1595.569,139.368,516.706
160.000,42,1953.761,866.801,337.661
160.000,43,2266.128,31.643,440.869
160.000,44,1852.139,387.220,534.874
160.000,45,1659.953,960.699,254.837
160.000,46,1641.936,1414.908,418.522
160.000,47,137.004,1480.450,537.916
160.000,48,200.880,1553.708,546.636
160.000,49,1303.159,831.667,201.802
160.000,50,228.538,1542.584,229.397
160.000,51,1252.191,1459.810,146.369
160.000,52,1296.590,267.508,202.085
160.000,53,779.873,208.000,158.673
160.000,54,1180.974,1021.595,342.535
160.000,55,2410.234,1308.442,376.390
160.000,56,2006.287,1132.601,315.227
160.000,57,1336.840,406.504,244.718
160.000,58,2184.945,864.837,422.208
160.000,59,895.493,796.412,212.549
160.000,60,1645.296,492.753,456.605
165.000,0,2153.588,1000.609,458.071
165.000,1,2119.889,937.037,357.181
165.000,2,486.719,1052.292,594.538
165.000,3,296.779,571.327,430.293
165.000,4,1814.215,576.005,283.002
165.000,5,836.868,838.503,389.523
165.000,6,2090.192,1229.974,247.107
165.000,7,78.439,652.056,418.652
165.000,8,1906.009,881.093,287.711
165.000,9,2509.340,1076.529,566.315
165.000,10,1282.074,978.257,518.162
165.000,11,1086.562,1169.307,143.770
165.000,12,1280.731,541.562,167.599
165.000,13,599.175,271.623,114.826
165.000,14,1044.966,1193.040,278.459
165.000,15,2280.097,1488.005,175.585
165.000,16,1821.809,1389.399,206.514
165.000,17,1629.516,1148.505,169.515
165.000,18,1528.602,1544.195,161.332
165.000,19,1573.808,430.316,378.089
165.000,20,1327.923,556.742,283.793
165.000,21,1551.469,868.563,264.674
165.000,22,1801.315,291.723,266.905
165.000,23,1227.346,1350.311,151.712
165.000,24,803.766,188.106,377.481
165.000,25,885.980,721.984,463.468
165.000,26,2546.579,695.852,535.090
165.000,27,1872.382,54.633,430.440
165.000,28,1251.173,1549.952,122.137
165.000,29,2226.453,463.992,512.673
165.000,30,1416.191,1046.177,500.392
165.000,31,11.395,285.199,270.685
165.000,32,59.855,1130.581,301.850
165.000,33,850.536,555.746,248.235
165.000,34,2179.086,1124.734,598.431
165.000,35,1754.016,1198.798,472.614
165.000,36,251.800,690.879,531.035
165.000,37,1771.213,1269.785,559.430
165.000,38,546.509,1054.590,204.196
165.000,39,2198.502,1391.860,405.195
165.000,40,1895.267,261.832,176.105
165.000,41,1653.681,65.030,515.460
165.000,42,1945.869,981.136,336.905
165.000,43,2152.973,117.453,440.959
165.000,44,1840.199,297.152,533.740
165.000,45,1716.718,827.068,251.880
165.000,46,1527.331,1426.565,414.198
165.000,47,212.074,1382.270,529.437
165.000,48,286.226,1517.432,542.490
165.000,49,1170.015,786.547,207.350
165.000,50,266.367,1496.010,233.068
165.000,51,1329.810,1537.608,148.783
165.000,52,1315.370,163.249,207.023
165.000,53,916.965,133.232,155.271
165.000,54,1220.554,904.912,345.524
165.000,55,2373.239,1435.771,367.513
165.000,56,2027.401,1037.400,312.957
165.000,57,1313.045,526.483,247.236
165.000,58,2205.607,945.956,424.003
165.000,59,811.458,840.208,212.434
165.000,60,1565.470,508.302,456.671
170.000,0,2168.738,1109.189,459.040
170.000,1,2107.102,1038.319,358.435
170.000,2,361.684,1052.032,588.454
170.000,3,386.027,598.101,432.528
170.000,4,1939.583,598.831,290.478
170.000,5,975.309,816.507,384.074
170.000,6,2088.759,1327.565,251.434
170.000,7,215.237,585.806,422.386
170.000,8,1997.103,843.632,291.258
170.000,9,2406.209,1173.674,574.210
170.000,10,1273.326,1077.848,520.772
170.000,11,1159.162,1278.608,140.897
170.000,12,1313.896,458.564,171.104
170.000,13,597.029,141.417,117.096
170.000,14,1081.243,1247.943,279.945
170.000,15,2242.821,1363.836,173.885
170.000,16,1933.485,1423.660,213.644
170.000,17,1533.343,1173.836,167.916
170.000,18,1653.123,1461.686,161.936
170.000,19,1415.555,427.986,372.417
170.000,20,1226.945,535.483,283.493
170.000,21,1467.496,919.658,263.142
170.000,22,1891.160,280.513,270.662
170.000,23,1118.816,1379.189,144.083
170.000,24,875.826,156.953,379.817
170.000,25,838.000,627.636,458.652
170.000,26,2565.334,672.412,535.439
170.000,27,1738.328,94.525,424.760
170.000,28,1375.869,1483.526,119.371
170.000,29,2201.353,589.436,517.425
170.000,30,1454.867,1105.491,501.205
170.000,31,72.180,339.800,268.645
170.000,32,212.704,1122.237,299.161
170.000,33,829.615,455.758,243.431
170.000,34,2173.516,991.647,592.839
170.000,35,1803.333,1088.804,468.890
170.000,36,370.852,766.659,535.910
170.000,37,1869.313,1329.043,559.990
170.000,38,518.202,962.468,202.698
170.000,39,2105.325,1495.802,413.169
170.000,40,1906.614,176.911,179.939
170.000,41,1720.086,10.519,516.177
170.000,42,1942.030,1094.924,334.910
170.000,43,2020.350,179.612,440.684
170.000,44,1838.445,209.388,533.027
170.000,45,1785.466,703.089,250.137
170.000,46,1405.482,1424.669,414.376
170.000,47,247.677,1261.544,521.108
170.000,48,375.920,1489.946,537.167
170.000,49,1050.988,711.012,215.496
170.000,50,283.160,1390.424,239.632
170.000,51,1405.373,1514.104,149.231
170.000,52,1335.899,57.916,211.637
170.000,53,1063.238,86.087,149.273
170.000,54,1253.473,794.620,351.203
170.000,55,2321.189,1557.878,357.502
170.000,56,2031.400,942.747,310.756
170.000,57,1266.252,635.777,250.405
170.000,58,2236.130,1027.185,425.963
170.000,59,722.401,872.403,212.474
170.000,60,1490.336,535.427,458.227
175.000,0,2207.736,1212.088,457.581
175.000,1,2129.995,1148.118,359.135
175.000,2,237.635,1039.201,583.501
175.000,3,477.490,603.281,433.661
175.000,4,2077.539,606.943,301.055
175.000,5,1122.148,815.523,378.241
175.000,6,2067.667,1433.524,258.386
175.000,7,347.799,529.013,426.366
175.000,8,2094.127,808.178,293.162
175.000,9,2299.968,1269.871,580.249
175.000,10,1291.292,1185.928,523.303
175.000,11,1209.668,1396.457,139.254
175.000,12,1333.559,378.470,177.349
175.000,13,588.020,12.167,119.467
175.000,14,1101.084,1305.296,280.140
175.000,15,2245.622,1234.865,171.247
175.000,16,2047.743,1454.235,217.433
175.000,17,1430.392,1175.619,165.150
175.000,18,1773.796,1397.806,162.242
175.000,19,1268.617,451.066,371.820
175.000,20,1131.336,556.191,284.409
175.000,21,1402.911,990.570,261.803
175.000,22,1982.478,278.878,275.814
175.000,23,1009.200,1392.915,137.441
175.000,24,955.116,128.553,380.625
175.000,25,782.412,543.586,454.510
175.000,26,2484.436,645.589,538.349
175.000,27,1597.809,111.818,417.707
175.000,28,1490.326,1398.497,115.664
175.000,29,2185.882,712.345,522.083
175.000,30,1509.401,1156.243,502.349
175.000,31,153.571,392.132,267.026
175.000,32,359.979,1098.476,299.708
175.000,33,826.845,354.497,240.076
175.000,34,2170.737,855.497,588.191
175.000,35,1857.937,974.614,467.659
175.000,36,501.069,833.426,540.317
175.000,37,1958.331,1409.486,560.628
175.000,38,480.614,876.715,205.242
175.000,39,2025.360,1515.408,419.454
175.000,40,1917.619,90.049,182.021
175.000,41,1793.121,56.169,515.939
175.000,42,1878.716,1195.554,330.077
175.000,43,1886.205,223.715,441.646
175.000,44,1831.289,125.412,532.600
175.000,45,1866.667,582.095,249.831
175.000,46,1275.852,1409.612,415.496
175.000,47,267.080,1138.002,515.763
175.000,48,467.273,1460.136,534.505
175.000,49,952.020,614.965,223.779
175.000,50,320.421,1280.818,248.245
175.000,51,1477.863,1425.752,148.115
175.000,52,1370.232,58.130,216.503
175.000,53,1202.651,25.214,144.671
175.000,54,1278.279,677.769,357.105
175.000,55,2285.086,1429.547,353.746
175.000,56,2063.145,855.211,309.328
175.000,57,1223.050,749.347,253.018
175.000,58,2239.860,1116.744,428.349
175.000,59,629.117,884.618,212.916
175.000,60,1419.689,571.813,459.567
180.000,0,2248.544,1308.116,456.016
180.000,1,2169.590,1254.767,360.440
180.000,2,117.790,1052.152,577.275
180.000,3,563.549,641.979,433.340
180.000,4,2207.312,640.681,308.700
180.000,5,1273.267,831.856,371.135
180.000,6,2064.178,1549.315,265.726
180.000,7,480.821,493.135,429.077
180.000,8,2182.300,774.941,292.232
180.000,9,2176.067,1346.718,586.526
180.000,10,1316.841,1300.934,528.817
180.000,11,1235.456,1525.418,139.555
180.000,12,1339.104,294.052,181.687
180.000,13,613.102,134.291,122.751
180.000,14,1117.846,1370.423,282.293
180.000,15,2254.492,1100.172,166.450
180.000,16,2138.370,1514.679,222.457
180.000,17,1331.115,1174.962,165.581
180.000,18,1886.458,1343.110,163.929
180.000,19,1122.083,505.320,371.196
180.000,20,1034.752,586.939,283.677
180.000,21,1312.186,1047.335,261.956
180.000,22,2062.860,272.025,280.091
180.000,23,897.045,1416.279,133.708
180.000,24,1034.695,101.766,381.619
180.000,25,729.241,463.084,451.777
180.000,26,2401.203,631.797,539.877
180.000,27,1462.922,129.477,412.193
180.000,28,1609.279,1339.780,112.196
180.000,29,2198.636,838.908,525.190
180.000,30,1563.576,1203.281,503.766
180.000,31,213.342,456.038,265.671
180.000,32,507.118,1103.318,300.493
180.000,33,824.437,251.486,235.811
180.000,34,2186.819,714.901,581.489
180.000,35,1902.123,849.853,464.892
180.000,36,641.591,843.331,541.997
180.000,37,2052.408,1481.076,560.838
180.000,38,469.521,784.609,206.982
180.000,39,1946.224,1396.020,423.709
180.000,40,1952.469,13.631,183.452
180.000,41,1837.207,116.858,516.044
180.000,42,1817.119,1308.148,326.554
180.000,43,1765.735,270.929,441.329
180.000,44,1844.572,42.837,533.222
180.000,45,1919.253,448.547,247.328
180.000,46,1141.606,1406.819,418.635
180.000,47,281.089,1019.265,511.112
180.000,48,540.956,1409.051,529.825
180.000,49,878.360,514.446,230.156
180.000,50,357.388,1166.477,257.757
180.000,51,1529.693,1325.459,145.122
180.000,52,1390.311,162.937,217.330
180.000,53,1330.719,47.039,140.775
180.000,54,1306.415,553.764,360.743
180.000,55,2250.377,1299.989,348.397
180.000,56,2093.315,773.862,308.685
180.000,57,1206.330,867.584,253.896
180.000,58,2256.957,1203.686,428.314
180.000,59,544.693,911.120,215.412
180.000,60,1358.381,613.360,462.343
185.000,0,2308.185,1392.973,452.729
185.000,1,2206.463,1370.055,362.726
185.000,2,1.263,1069.516,568.752
185.000,3,642.895,697.450,433.911
185.000,4,2329.467,682.985,312.749
185.000,5,1425.817,829.574,366.178
185.000,6,2098.737,1464.048,269.247
185.000,7,621.927,446.770,430.652
185.000,8,2273.639,732.093,291.601
185.000,9,2047.543,1418.972,590.324
185.000,10,1346.885,1408.941,536.535
185.000,11,1267.854,1480.101,135.884
185.000,12,1343.171,205.008,184.054
185.000,13,647.291,252.929,128.547
185.000,14,1139.392,1432.327,285.153
185.000,15,2237.900,970.550,164.865
185.000,16,2231.232,1554.447,226.580
185.000,17,1238.834,1161.861,167.696
185.000,18,1973.827,1248.060,169.038
185.000,19,971.140,558.770,366.453
185.000,20,944.537,632.445,286.425
185.000,21,1231.956,1118.058,263.569
185.000,22,2145.727,263.696,283.395
185.000,23,776.230,1444.753,128.387
185.000,24,1116.005,80.273,383.170
185.000,25,658.179,394.720,449.685
185.000,26,2323.244,590.304,540.370
185.000,27,1328.382,143.688,411.768
185.000,28,1740.210,1306.217,111.641
185.000,29,2219.755,955.488,525.184
185.000,30,1618.037,1243.463,505.861
185.000,31,292.985,505.723,263.346
185.000,32,650.900,1112.293,296.775
185.000,33,842.969,151.581,230.034
185.000,34,2218.267,577.678,576.742
185.000,35,1957.435,729.639,459.324
185.000,36,785.632,861.499,541.460
185.000,37,2149.453,1548.281,562.078
185.000,38,483.475,697.341,208.650
185.000,39,1876.901,1275.966,432.671
185.000,40,1979.405,79.446,185.958
185.000,41,1877.394,175.302,516.144
185.000,42,1743.732,1411.733,324.929
185.000,43,1633.534,294.934,445.775
185.000,44,1846.010,63.462,533.977
185.000,45,1989.930,320.792,243.051
185.000,46,1010.238,1406.260,422.696
185.000,47,292.216,903.819,505.794
185.000,48,612.675,1368.147,525.945
185.000,49,796.308,415.782,236.863
185.000,50,396.747,1052.254,265.804
185.000,51,1608.184,1243.822,144.487
185.000,52,1412.851,269.736,220.166
185.000,53,1456.735,131.183,138.573
185.000,54,1317.606,431.927,364.590
185.000,55,2198.347,1180.796,345.233
185.000,56,2110.163,699.782,309.874
185.000,57,1207.245,995.768,251.178
185.000,58,2268.345,1285.518,428.725
185.000,59,452.954,940.349,218.187
185.000,60,1307.148,661.637,464.727
190.000,0,2370.357,1471.690,451.328
190.000,1,2258.292,1484.569,364.576
190.000,2,116.982,1044.712,563.064
190.000,3,712.173,765.432,436.402
190.000,4,2455.830,698.395,316.811
190.000,5,1569.247,794.941,366.378
190.000,6,2112.172,1355.923,272.942
190.000,7,769.502,400.639,434.795
190.000,8,2365.211,688.664,289.300
190.000,9,1922.591,1489.453,595.367
190.000,10,1383.453,1510.822,541.616
190.000,11,1317.734,1357.136,134.967
190.000,12,1357.058,121.338,185.279
190.000,13,658.922,374.883,135.909
190.000,14,1170.128,1495.168,285.702
190.000,15,2238.191,835.737,162.950
190.000,16,2349.616,1524.459,229.766
190.000,17,1142.939,1153.393,169.799
190.000,18,2052.696,1148.284,170.738
190.000,19,818.436,623.323,359.881
190.000,20,851.593,660.640,289.597
190.000,21,1151.536,1185.972,262.172
190.000,22,2231.226,278.001,286.635
190.000,23,655.487,1478.370,124.534
190.000,24,1196.547,50.187,386.064
190.000,25,583.812,331.889,448.263
190.000,26,2248.613,539.815,541.152
190.000,27,1194.630,172.127,410.432
190.000,28,1863.792,1259.584,115.665
190.000,29,2243.406,1065.994,523.609
190.000,30,1649.796,1286.776,508.206
190.000,31,376.629,565.616,262.121
190.000,32,790.199,1121.533,295.948
190.000,33,857.048,55.589,224.773
190.000,34,2238.820,440.930,570.061
190.000,35,1997.157,611.114,452.446
190.000,36,923.489,917.684,541.687
190.000,37,2244.886,1521.145,564.733
190.000,38,485.072,610.342,209.438
190.000,39,1805.585,1158.274,439.315
190.000,40,1996.012,158.999,189.343
190.000,41,1927.709,220.250,515.517
190.000,42,1678.738,1519.264,322.765
190.000,43,1499.086,333.743,448.890
190.000,44,1847.930,152.210,531.256
190.000,45,2079.732,198.953,236.646
190.000,46,880.287,1419.020,426.104
190.000,47,308.266,792.722,503.078
190.000,48,691.267,1335.386,524.832
190.000,49,702.700,320.528,242.518
190.000,50,427.619,941.060,272.824
190.000,51,1698.395,1189.505,143.111
190.000,52,1445.455,369.445,226.336
190.000,53,1557.120,243.572,139.152
190.000,54,1319.217,316.262,368.385
190.000,55,2151.840,1068.479,342.826
190.000,56,2139.278,622.738,311.121
190.000,57,1251.984,1119.538,252.283
190.000,58,2285.451,1363.304,430.867
190.000,59,360.532,965.520,220.164
190.000,60,1254.622,713.631,466.253
195.000,0,2416.499,1552.547,449.994
195.000,1,2270.641,1528.831,365.608
195.000,2,221.970,1003.103,559.880
195.000,3,784.659,836.086,437.600
195.000,4,2580.771,714.110,320.000
195.000,5,1709.525,752.934,366.036
195.000,6,2113.415,1248.175,277.216
195.000,7,904.521,334.354,442.492
195.000,8,2456.213,646.114,287.210
195.000,9,1799.654,1564.509,597.669
195.000,10,1429.247,1525.247,545.159
195.000,11,1391.051,1234.810,135.426
195.000,12,1364.580,33.239,186.622
195.000,13,668.803,498.782,142.813
195.000,14,1199.259,1549.578,285.238
195.000,15,2228.743,703.850,161.028
195.000,16,2467.680,1481.871,233.401
195.000,17,1042.718,1141.871,170.102
195.000,18,2148.262,1047.987,171.847
195.000,19,678.247,700.330,348.562
195.000,20,748.260,668.418,292.436
195.000,21,1102.028,1283.539,261.012
195.000,22,2310.223,276.470,286.908
195.000,23,528.030,1490.766,121.451
195.000,24,1269.320,13.829,388.937
195.000,25,508.994,265.852,445.249
195.000,26,2166.889,503.774,543.911
195.000,27,1054.759,181.039,407.918
195.000,28,1976.978,1190.491,118.130
195.000,29,2228.477,1174.749,523.675
195.000,30,1691.821,1334.358,510.400
195.000,31,460.133,612.075,263.469
195.000,32,930.373,1099.743,293.925
195.000,33,876.269,58.252,220.550
195.000,34,2237.257,298.420,563.466
195.000,35,2059.914,509.502,446.202
195.000,36,1043.887,999.286,544.395
195.000,37,2331.211,1457.837,567.620
195.000,38,473.011,517.154,208.878
195.000,39,1763.768,1026.300,444.677
195.000,40,2017.734,243.276,193.991
195.000,41,1982.662,262.141,515.196
195.000,42,1627.942,1487.589,320.303
195.000,43,1372.245,388.408,449.901
195.000,44,1851.293,233.182,528.770
195.000,45,2188.909,102.826,231.423
195.000,46,756.696,1436.916,429.443
195.000,47,319.727,678.934,500.707
195.000,48,770.056,1296.254,524.080
195.000,49,622.178,215.185,247.510
195.000,50,457.939,827.019,279.048
195.000,51,1774.474,1119.938,141.533
195.000,52,1498.274,464.973,232.934
195.000,53,1646.235,359.481,141.483
195.000,54,1335.721,192.715,375.641
195.000,55,2087.497,968.428,337.367
195.000,56,2150.870,532.654,312.209
195.000,57,1305.229,1233.902,256.451
195.000,58,2303.522,1436.063,433.608
195.000,59,260.838,988.905,221.862
195.000,60,1194.616,756.663,466.738
200.000,0,2464.067,1500.677,448.982
200.000,1,2248.928,1408.824,365.139
200.000,2,325.304,979.507,554.335
200.000,3,855.863,905.088,437.981
200.000,4,2475.609,728.325,327.989
200.000,5,1856.136,737.732,363.154
200.000,6,2101.079,1131.566,277.444
200.000,7,1042.122,284.228,447.302
200.000,8,2555.225,605.232,287.329
200.000,9,1697.539,1473.512,592.087
200.000,10,1440.947,1411.484,547.396
200.000,11,1491.605,1126.370,139.818
200.000,12,1368.021,71.588,190.815
200.000,13,680.232,624.237,146.674
200.000,14,1215.490,1525.141,287.023
200.000,15,2188.334,580.023,155.717
200.000,16,2574.853,1432.380,239.341
200.000,17,948.572,1149.123,171.654
200.000,18,2262.691,960.244,173.017
200.000,19,528.733,744.621,336.863
200.000,20,641.382,678.721,296.431
200.000,21,1058.627,1380.999,260.439
200.000,22,2387.274,259.754,286.955
200.000,23,400.482,1487.347,115.507
200.000,24,1342.322,30.583,389.901
200.000,25,466.989,177.891,443.116
200.000,26,2080.804,484.747,548.291
200.000,27,923.190,220.675,405.739
200.000,28,2101.622,1145.078,120.096
200.000,29,2208.829,1287.967,524.834
200.000,30,1744.362,1382.359,512.455
200.000,31,552.212,622.799,263.308
200.000,32,1077.882,1078.293,290.045
200.000,33,893.211,154.044,215.282
200.000,34,2244.910,163.435,558.582
200.000,35,2136.502,408.271,440.159
200.000,36,1164.435,1067.309,545.112
200.000,37,2434.236,1397.123,572.130
200.000,38,447.218,427.002,210.020
200.000,39,1752.714,881.107,451.841
200.000,40,2047.096,326.720,197.005
200.000,41,2044.483,304.056,512.300
200.000,42,1579.323,1358.605,320.235
200.000,43,1232.157,419.969,448.310
200.000,44,1834.652,309.520,526.049
200.000,45,2282.090,16.806,225.768
200.000,46,632.062,1433.011,429.029
200.000,47,353.203,565.642,493.735
200.000,48,856.080,1258.528,521.539
200.000,49,541.138,105.835,252.983
200.000,50,481.704,716.149,284.948
200.000,51,1844.789,1045.803,139.792
200.000,52,1541.524,558.553,238.703
200.000,53,1751.049,440.072,144.232
200.000,54,1352.113,71.709,385.601
200.000,55,2022.474,866.619,333.479
200.000,56,2161.527,444.961,312.483
200.000,57,1342.901,1355.963,259.894
200.000,58,2317.865,1515.715,439.340
200.000,59,163.628,1009.877,223.316
200.000,60,1134.266,802.271,468.854
205.000,0,2514.110,1419.516,450.331
205.000,1,2210.117,1299.400,364.475
205.000,2,434.766,940.731,546.451
205.000,3,932.661,968.733,439.621
205.000,4,2347.118,726.911,334.799
205.000,5,1998.655,715.658,353.762
205.000,6,2095.852,1017.205,278.826
205.000,7,1193.119,272.154,450.364
205.000,8,2536.875,589.153,287.666
205.000,9,1592.460,1389.263,588.198
205.000,10,1460.467,1290.033,547.207
205.000,11,1587.754,1014.176,141.215
205.000,12,1374.022,160.983,196.507
205.000,13,699.229,758.517,147.812
205.000,14,1230.408,1466.122,292.212
205.000,15,2179.767,460.194,147.803
205.000,16,2514.819,1376.833,243.569
205.000,17,860.905,1137.372,171.338
205.000,18,2377.500,866.229,176.860
205.000,19,379.238,777.258,327.164
205.000,20,535.736,680.276,298.300
205.000,21,998.225,1460.312,258.864
205.000,22,2466.795,245.742,287.403
205.000,23,283.726,1507.848,109.204
205.000,24,1412.261,67.796,389.546
205.000,25,413.490,83.467,442.216
205.000,26,1988.951,469.303,548.940
205.000,27,793.336,282.712,405.224
205.000,28,2229.596,1103.198,123.126
205.000,29,2165.392,1402.628,524.979
205.000,30,1797.291,1436.095,513.589
205.000,31,638.713,628.329,262.916
205.000,32,1232.763,1063.393,288.167
205.000,33,912.295,254.801,210.702
205.000,34,2236.977,34.283,556.270
205.000,35,2221.877,311.867,435.193
205.000,36,1288.775,1121.498,551.307
205.000,37,2533.770,1329.514,576.716
205.000,38,413.219,345.418,212.107
205.000,39,1693.991,741.727,458.937
205.000,40,2071.416,411.990,200.939
205.000,41,2109.070,349.352,508.906
205.000,42,1521.709,1232.529,319.118
205.000,43,1118.373,514.477,447.491
205.000,44,1816.937,389.794,524.137
205.000,45,2365.543,135.719,218.770
205.000,46,505.802,1450.055,426.523
205.000,47,377.031,452.891,485.774
205.000,48,939.167,1232.497,520.310
205.000,49,439.596,7.486,257.530
205.000,50,497.733,606.329,288.504
205.000,51,1914.981,975.916,140.327
205.000,52,1578.299,646.669,243.790
205.000,53,1872.074,506.921,142.345
205.000,54,1355.648,72.837,394.311
205.000,55,1961.133,756.265,331.368
205.000,56,2191.448,359.590,313.876
205.000,57,1385.409,1482.301,264.954
205.000,58,2323.133,1534.992,442.638
205.000,59,67.018,1015.302,224.008
205.000,60,1064.020,843.419,472.986
210.000,0,2565.279,1332.078,453.096
210.000,1,2186.875,1187.695,365.329
210.000,2,558.732,923.571,537.002
210.000,3,1007.084,1022.933,441.311
210.000,4,2230.736,715.269,339.790
210.000,5,2138.757,709.853,342.378
210.000,6,2115.393,906.978,280.576
210.000,7,1344.805,255.420,452.904
210.000,8,2438.432,571.012,288.987
210.000,9,1479.021,1314.026,583.918
210.000,10,1491.591,1162.668,548.953
210.000,11,1681.707,903.440,141.521
210.000,12,1362.607,244.161,202.527
210.000,13,696.486,891.888,151.722
210.000,14,1254.084,1399.379,298.235
210.000,15,2170.526,332.383,141.912
210.000,16,2413.252,1324.840,248.119
210.000,17,778.886,1149.533,170.507
210.000,18,2479.806,760.628,181.399
210.000,19,240.285,848.987,319.515
210.000,20,424.292,652.298,298.141
210.000,21,929.741,1524.780,259.011
210.000,22,2546.592,261.569,286.141
210.000,23,167.631,1551.355,103.406
210.000,24,1471.280,117.562,389.988
210.000,25,372.352,23.271,441.920
210.000,26,1910.492,438.938,548.042
210.000,27,666.054,343.268,403.608
210.000,28,2359.630,1061.567,125.097
210.000,29,2147.395,1527.518,527.206
210.000,30,1846.840,1490.796,515.918
210.000,31,722.267,646.158,260.820
210.000,32,1385.491,1068.012,289.151
210.000,33,916.653,356.000,207.379
210.000,34,2239.457,110.250,552.356
210.000,35,2298.849,210.568,431.724
210.000,36,1415.790,1154.269,555.564
210.000,37,2558.154,1262.781,578.288
210.000,38,383.724,264.520,212.881
210.000,39,1652.478,598.011,469.167
210.000,40,2087.880,502.362,203.972
210.000,41,2174.120,393.055,505.632
210.000,42,1507.724,1093.042,313.353
210.000,43,1010.157,613.772,445.075
210.000,44,1811.720,475.817,525.061
210.000,45,2445.944,253.718,212.093
210.000,46,381.263,1472.573,428.086
210.000,47,395.852,335.999,478.503
210.000,48,1022.880,1203.012,516.577
210.000,49,310.582,85.238,262.232
210.000,50,523.755,496.520,289.765
210.000,51,1993.126,913.783,142.970
210.000,52,1605.876,742.762,250.728
210.000,53,2004.315,563.558,139.219
210.000,54,1352.171,192.697,396.576
210.000,55,1920.919,629.269,327.042
210.000,56,2202.403,273.083,313.610
210.000,57,1389.830,1510.846,269.917
210.000,58,2336.179,1452.816,441.955
210.000,59,30.313,1042.791,226.519
210.000,60,988.248,872.155,476.612
215.000,0,2586.671,1238.783,452.521
215.000,1,2150.841,1082.634,364.869
215.000,2,680.690,942.885,527.049
215.000,3,1070.863,1073.054,442.598
215.000,4,2112.118,718.608,344.081
215.000,5,2283.029,736.349,331.590
215.000,6,2146.594,800.118,284.334
215.000,7,1490.929,251.169,454.742
215.000,8,2349.252,545.853,292.114
215.000,9,1384.377,1227.582,578.361
215.000,10,1537.406,1052.577,552.099
215.000,11,1758.883,787.611,138.416
215.000,12,1345.410,326.414,209.441
215.000,13,679.306,1016.701,156.906
215.000,14,1273.192,1322.275,304.117
215.000,15,2156.441,205.500,137.431
215.000,16,2297.076,1280.694,253.044
215.000,17,703.424,1143.446,170.026
215.000,18,2551.279,636.872,185.923
215.000,19,94.982,904.917,308.564
215.000,20,306.786,625.001,295.836
215.000,21,857.434,1545.545,257.903
215.000,22,2562.003,264.833,285.983
215.000,23,49.352,1556.453,101.746
215.000,24,1551.776,151.307,391.382
215.000,25,326.389,121.609,438.352
215.000,26,1833.398,397.391,545.387
215.000,27,531.518,377.871,402.626
215.000,28,2485.326,1011.537,129.466
215.000,29,2138.180,1476.421,532.258
215.000,30,1899.116,1547.616,519.202
215.000,31,792.319,671.975,259.381
215.000,32,1539.108,1081.682,290.030
215.000,33,927.980,456.432,205.313
215.000,34,2239.735,234.055,546.062
215.000,35,2364.087,104.712,428.311
215.000,36,1556.122,1157.619,557.477
215.000,37,2499.020,1165.857,580.826
215.000,38,361.398,190.844,215.052
215.000,39,1601.794,466.750,477.113
215.000,40,2105.450,588.323,208.870
215.000,41,2238.796,439.085,502.883
215.000,42,1470.790,971.810,310.989
215.000,43,898.176,693.084,442.926
215.000,44,1809.870,567.609,525.910
215.000,45,2537.357,362.154,206.064
215.000,46,251.224,1471.597,431.400
215.000,47,432.342,217.487,470.296
215.000,48,1108.749,1182.148,510.974
215.000,49,187.647,163.572,263.565
215.000,50,537.737,385.372,291.331
215.000,51,2081.970,879.800,144.434
215.000,52,1639.572,841.527,256.979
215.000,53,2157.608,583.051,136.084
215.000,54,1374.577,303.801,396.403
215.000,55,1883.054,506.471,321.154
215.000,56,2214.048,193.071,311.821
215.000,57,1377.811,1385.463,273.957
215.000,58,2359.673,1367.311,440.438
215.000,59,126.651,1052.471,230.444
215.000,60,921.340,920.127,478.458
220.000,0,2546.136,1137.856,453.525
220.000,1,2097.146,993.066,365.014
220.000,2,794.128,992.035,515.622
220.000,3,1135.313,1134.164,445.562
220.000,4,1993.605,696.975,349.787
220.000,5,2425.863,769.677,326.085
220.000,6,2175.946,689.210,287.897
220.000,7,1640.554,225.297,458.203
220.000,8,2260.642,526.798,294.921
220.000,9,1284.365,1139.324,572.538
220.000,10,1543.380,943.576,558.665
220.000,11,1824.999,679.544,132.616
220.000,12,1335.353,410.575,215.371
220.000,13,662.091,1142.964,163.880
220.000,14,1273.786,1242.327,309.187
220.000,15,2123.904,78.970,134.451
220.000,16,2194.246,1209.618,257.022
220.000,17,622.399,1131.454,170.466
220.000,18,2545.568,528.867,188.348
220.000,19,68.899,975.682,297.580
220.000,20,192.113,616.485,294.715
220.000,21,786.791,1465.835,257.473
220.000,22,2492.359,222.974,290.995
220.000,23,99.602,1546.522,104.421
220.000,24,1639.863,168.921,391.146
220.000,25,262.789,210.422,433.590
220.000,26,1748.759,363.596,544.734
220.000,27,392.465,416.187,402.235
220.000,28,2587.295,957.513,129.103
220.000,29,2136.644,1352.023,539.877
220.000,30,1952.940,1528.604,521.020
220.000,31,855.646,709.392,257.765
220.000,32,1691.072,1091.649,290.345
220.000,33,939.696,555.143,202.834
220.000,34,2256.008,361.995,538.661
220.000,35,2421.548,6.238,427.170
220.000,36,1706.554,1135.647,556.059
220.000,37,2429.513,1079.685,583.713
220.000,38,345.633,112.561,218.910
220.000,39,1533.078,341.155,480.924
220.000,40,2125.166,665.000,211.270
220.000,41,2295.786,501.635,501.124
220.000,42,1427.218,851.352,307.642
220.000,43,779.394,764.175,440.224
220.000,44,1802.533,670.491,525.539
220.000,45,2561.529,464.649,197.307
220.000,46,129.148,1439.265,435.923
220.000,47,468.271,96.223,463.888
220.000,48,1200.686,1166.756,504.048
220.000,49,99.355,264.222,267.956
220.000,50,561.454,270.904,293.061
220.000,51,2171.311,838.752,147.013
220.000,52,1690.362,937.176,264.108
220.000,53,2315.014,621.525,131.917
220.000,54,1415.034,415.415,396.038
220.000,55,1841.909,374.882,316.800
220.000,56,2243.776,120.302,311.364
220.000,57,1370.641,1273.407,279.582
220.000,58,2382.042,1281.156,438.719
220.000,59,224.532,1044.445,235.263
220.000,60,851.918,959.318,478.609
225.000,0,2520.050,1029.676,454.897
225.000,1,2062.876,897.611,364.250
225.000,2,907.681,1021.449,504.702
225.000,3,1210.612,1189.752,448.389
225.000,4,1871.171,688.158,358.940
225.000,5,2575.385,771.637,325.227
225.000,6,2196.405,577.457,295.255
225.000,7,1780.290,192.513,463.858
225.000,8,2178.836,534.765,298.138
225.000,9,1187.442,1039.984,567.562
225.000,10,1543.487,835.174,562.848
225.000,11,1888.068,569.824,127.290
225.000,12,1331.263,498.934,222.583
225.000,13,650.334,1271.238,170.727
225.000,14,1286.067,1174.899,312.920
225.000,15,2109.829,80.142,129.843
225.000,16,2082.206,1162.048,259.258
225.000,17,536.387,1114.923,170.356
225.000,18,2406.202,458.872,189.686
225.000,19,185.420,1073.636,291.779
225.000,20,82.612,604.374,294.905
225.000,21,709.929,1389.252,257.039
225.000,22,2436.220,162.373,296.421
225.000,23,221.825,1526.568,106.832
225.000,24,1727.797,189.964,391.208
225.000,25,200.306,297.544,429.452
225.000,26,1657.112,335.415,544.951
225.000,27,254.421,456.523,399.253
225.000,28,2455.822,896.142,126.199
225.000,29,2153.184,1229.200,547.961
225.000,30,2021.785,1476.227,523.481
225.000,31,922.834,746.876,254.818
225.000,32,1850.411,1073.587,291.110
225.000,33,949.122,651.808,200.866
225.000,34,2298.938,486.277,531.538
225.000,35,2481.716,104.164,423.057
225.000,36,1859.351,1122.439,560.409
225.000,37,2349.059,1001.094,586.343
225.000,38,331.240,36.118,222.061
225.000,39,1486.805,208.244,483.947
225.000,40,2156.886,748.092,214.726
225.000,41,2352.217,556.644,501.617
225.000,42,1363.126,740.775,304.612
225.000,43,671.249,854.852,436.209
225.000,44,1794.978,775.195,523.652
225.000,45,2471.386,570.929,192.710
225.000,46,16.086,1418.797,438.524
225.000,47,517.211,32.913,459.747
225.000,48,1297.565,1143.787,498.018
225.000,49,9.458,368.900,272.868
225.000,50,582.151,167.294,294.817
225.000,51,2263.498,779.397,148.854
225.000,52,1750.617,1026.438,271.049
225.000,53,2456.560,694.868,130.319
225.000,54,1412.835,526.797,399.304
225.000,55,1799.385,248.043,311.340
225.000,56,2265.563,34.763,310.628
225.000,57,1353.765,1169.082,286.790
225.000,58,2410.575,1200.260,437.958
225.000,59,325.443,1050.590,237.452
225.000,60,779.533,995.007,479.842
230.000,0,2485.537,919.557,454.238
230.000,1,2042.837,796.863,364.332
230.000,2,1018.685,1044.132,495.737
230.000,3,1298.262,1240.756,451.625
230.000,4,1740.135,704.264,367.356
230.000,5,2463.638,791.290,322.846
230.000,6,2218.029,458.859,304.852
230.000,7,1921.173,193.693,466.513
230.000,8,2090.794,563.795,299.829
230.000,9,1098.301,951.495,563.484
230.000,10,1548.258,724.386,564.812
230.000,11,1954.225,451.123,123.751
230.000,12,1339.611,582.321,230.107
230.000,13,641.019,1406.256,175.215
230.000,14,1303.776,1107.917,314.839
230.000,15,2097.269,211.340,126.876
230.000,16,1981.196,1112.619,260.614
230.000,17,438.699,1097.451,168.993
230.000,18,2294.169,360.104,190.605
230.000,19,283.987,1188.890,283.138
230.000,20,38.858,594.284,297.982
230.000,21,621.872,1332.477,255.031
230.000,22,2375.899,103.059,301.101
230.000,23,340.876,1523.138,111.736
230.000,24,1811.394,212.296,391.486
230.000,25,136.870,384.457,429.423
230.000,26,1564.250,309.032,545.211
230.000,27,113.867,494.244,394.365
230.000,28,2314.169,856.691,119.786
230.000,29,2166.450,1106.270,554.116
230.000,30,2087.521,1423.751,525.268
230.000,31,990.405,794.534,249.807
230.000,32,2012.329,1046.515,287.791
230.000,33,949.670,750.532,196.556
230.000,34,2345.618,609.486,526.538
230.000,35,2546.703,205.160,419.531
230.000,36,2001.986,1138.876,566.414
230.000,37,2246.138,963.591,588.784
230.000,38,324.636,53.944,224.477
230.000,39,1449.683,83.934,484.017
230.000,40,2172.513,840.806,220.666
230.000,41,2413.269,608.071,500.642
230.000,42,1313.849,618.188,303.561
230.000,43,558.814,935.312,434.978
230.000,44,1772.745,866.066,523.526
230.000,45,2365.434,666.139,184.727
230.000,46,109.769,1430.158,438.020
230.000,47,564.285,139.050,454.904
230.000,48,1399.427,1148.989,492.900
230.000,49,104.812,466.879,275.968
230.000,50,616.786,67.846,295.668
230.000,51,2343.051,706.832,149.838
230.000,52,1810.698,1105.489,275.870
230.000,53,2585.329,771.037,129.403
230.000,54,1387.582,639.693,402.709
230.000,55,1748.266,113.394,304.554
230.000,56,2290.149,70.786,305.802
230.000,57,1347.522,1059.857,289.914
230.000,58,2445.122,1123.418,437.638
230.000,59,426.192,1054.776,237.814
230.000,60,715.952,1024.775,480.412
235.000,0,2450.402,821.879,450.552
235.000,1,2024.164,698.542,362.655
235.000,2,1133.326,1037.471,488.599
235.000,3,1381.397,1293.628,454.266
235.000,4,1620.245,769.527,373.817
235.000,5,2323.388,799.954,317.410
235.000,6,2266.438,345.573,312.978
235.000,7,2066.531,207.770,470.470
235.000,8,2001.481,599.041,303.286
235.000,9,995.864,880.108,558.725
235.000,10,1551.480,608.975,567.387
235.000,11,2020.971,331.359,118.843
235.000,12,1370.368,663.517,237.369
235.000,13,625.384,1544.548,182.902
235.000,14,1310.174,1044.761,317.097
235.000,15,2090.374,341.184,124.839
235.000,16,1875.925,1058.566,259.702
235.000,17,342.983,1077.293,168.833
235.000,18,2183.430,257.656,190.429
235.000,19,394.575,1291.917,272.015
235.000,20,139.907,601.151,298.882
235.000,21,538.246,1264.771,253.991
235.000,22,2289.834,78.526,304.456
235.000,23,463.141,1509.019,119.342
235.000,24,1887.485,226.471,393.319
235.000,25,81.774,471.725,428.565
235.000,26,1477.902,274.186,547.819
235.000,27,27.926,508.661,390.290
235.000,28,2168.140,798.395,115.477
235.000,29,2160.904,982.728,556.392
235.000,30,2150.753,1371.816,526.376
235.000,31,1050.107,849.426,246.049
235.000,32,2154.797,965.306,280.579
235.000,33,952.023,847.051,194.011
235.000,34,2337.897,735.954,522.708
235.000,35,2595.113,314.316,419.007
235.000,36,2132.585,1196.337,571.058
235.000,37,2142.886,925.874,591.063
235.000,38,319.720,129.638,227.939
235.000,39,1394.604,35.348,487.146
235.000,40,2175.225,928.203,226.442
235.000,41,2472.262,664.559,499.715
235.000,42,1279.439,485.995,299.037
235.000,43,431.782,983.349,431.824
235.000,44,1770.103,956.064,522.533
235.000,45,2281.560,776.309,176.657
235.000,46,233.826,1446.158,436.525
235.000,47,594.701,254.200,450.359
235.000,48,1495.654,1172.602,484.923
235.000,49,208.107,564.365,285.759
235.000,50,643.622,47.115,296.790
235.000,51,2431.260,654.152,149.223
235.000,52,1855.743,1196.351,280.031
235.000,53,2483.836,843.873,124.483
235.000,54,1380.888,754.103,407.074
235.000,55,1705.551,31.068,298.207
235.000,56,2345.521,149.670,300.293
235.000,57,1351.982,955.043,291.693
235.000,58,2460.468,1038.599,436.502
235.000,59,524.317,1070.310,238.151
235.000,60,658.446,1059.347,481.268
240.000,0,2411.923,725.978,447.176
240.000,1,2027.659,594.868,360.099
240.000,2,1255.873,1034.420,481.515
240.000,3,1471.324,1330.511,455.712
240.000,4,1501.064,818.493,377.057
240.000,5,2183.945,843.229,314.536
240.000,6,2301.112,232.465,319.906
240.000,7,2214.321,225.797,473.628
240.000,8,1912.072,641.300,308.965
240.000,9,895.519,805.761,554.827
240.000,10,1548.163,496.043,569.057
240.000,11,2078.444,200.376,111.623
240.000,12,1414.109,739.894,245.463
240.000,13,644.569,1443.488,184.835
240.000,14,1312.454,977.471,319.491
240.000,15,2115.245,475.064,120.774
240.000,16,1789.972,975.505,261.917
240.000,17,258.295,1070.426,169.649
240.000,18,2064.999,173.460,192.312
240.000,19,500.094,1396.902,260.823
240.000,20,245.904,596.566,297.811
240.000,21,452.976,1195.454,253.692
240.000,22,2200.801,60.810,305.094
240.000,23,583.124,1503.629,124.710
240.000,24,1965.386,235.603,396.036
240.000,25,36.155,567.442,426.705
240.000,26,1390.295,240.752,549.676
240.000,27,161.162,533.507,384.740
240.000,28,2033.245,760.992,109.559
240.000,29,2133.175,869.660,557.435
240.000,30,2206.942,1321.614,528.690
240.000,31,1122.226,892.435,243.355
240.000,32,2304.868,904.140,272.932
240.000,33,979.146,938.458,190.509
240.000,34,2345.735,862.276,518.518
240.000,35,2518.306,414.895,415.561
240.000,36,2265.606,1247.805,577.458
240.000,37,2040.686,884.792,592.936
240.000,38,304.892,204.330,230.101
240.000,39,1341.349,146.212,491.911
240.000,40,2171.660,1011.620,230.340
240.000,41,2534.603,721.176,499.347
240.000,42,1241.816,362.838,294.223
240.000,43,295.481,1033.457,429.970
240.000,44,1759.047,1047.546,521.033
240.000,45,2186.167,873.886,170.351
240.000,46,361.083,1463.648,433.195
240.000,47,628.978,369.839,442.732
240.000,48,1592.479,1177.359,477.423
240.000,49,315.426,657.695,294.604
240.000,50,670.906,164.744,302.261
240.000,51,2518.135,593.295,147.982
240.000,52,1869.643,1293.251,283.645
240.000,53,2344.013,860.762,121.144
240.000,54,1406.074,863.229,410.965
240.000,55,1635.158,142.260,291.822
240.000,56,2392.937,228.605,297.631
240.000,57,1336.017,838.092,296.126
240.000,58,2462.543,952.125,435.274
240.000,59,617.950,1090.742,239.389
240.000,60,588.454,1096.422,483.742
245.000,0,2356.785,637.833,444.582
245.000,1,2043.175,493.239,358.845
245.000,2,1378.538,1051.992,473.676
245.000,3,1566.056,1372.183,456.749
245.000,4,1387.608,856.701,377.045
245.000,5,2038.453,878.466,312.554
245.000,6,2340.252,119.017,326.377
245.000,7,2364.420,220.342,473.881
245.000,8,1816.030,678.473,311.696
245.000,9,789.230,733.158,551.205
245.000,10,1573.245,382.983,569.812
245.000,11,2158.549,81.139,109.050
245.000,12,1453.256,816.732,252.013
245.000,13,653.604,1313.995,188.041
245.000,14,1306.295,912.281,321.575
245.000,15,2144.460,613.786,113.564
245.000,16,1698.826,901.484,266.346
245.000,17,167.215,1068.825,171.559
245.000,18,1931.578,114.686,195.344
245.000,19,594.952,1502.729,251.143
245.000,20,353.757,600.324,296.199
245.000,21,356.992,1138.855,251.916
245.000,22,2117.174,28.322,306.930
245.000,23,701.095,1501.612,128.903
245.000,24,2045.754,253.765,397.477
245.000,25,13.751,654.228,423.398
245.000,26,1308.110,217.115,552.632
245.000,27,292.950,546.338,378.353
245.000,28,1906.753,695.257,101.547
245.000,29,2089.530,773.493,558.915
245.000,30,2251.017,1268.964,530.429
245.000,31,1191.844,929.443,242.743
245.000,32,2440.007,841.092,264.590
245.000,33,1007.746,1022.146,188.702
245.000,34,2366.500,994.752,511.063
245.000,35,2441.711,517.475,410.575
245.000,36,2396.459,1299.661,584.177
245.000,37,1944.530,827.998,592.623
245.000,38,292.426,275.565,231.797
245.000,39,1279.028,253.726,495.690
245.000,40,2182.441,1094.425,235.786
245.000,41,2591.224,757.662,500.689
245.000,42,1184.685,243.743,289.594
245.000,43,155.804,1079.578,428.643
245.000,44,1760.024,1143.511,520.581
245.000,45,2097.535,975.211,161.197
245.000,46,487.690,1490.778,429.562
245.000,47,681.589,472.973,434.024
245.000,48,1685.469,1165.976,470.847
245.000,49,407.675,765.692,300.619
245.000,50,648.808,275.738,308.386
245.000,51,2590.215,511.690,147.278
245.000,52,1899.789,1386.681,290.245
245.000,53,2202.288,901.406,121.231
245.000,54,1435.223,969.278,413.803
245.000,55,1583.073,258.489,285.017
245.000,56,2422.552,312.450,295.753
245.000,57,1305.672,722.099,299.862
245.000,58,2454.059,856.751,435.316
245.000,59,699.991,1130.908,242.365
245.000,60,518.829,1131.533,486.593
250.000,0,2305.285,539.880,443.319
250.000,1,2058.410,391.018,359.199
250.000,2,1508.558,1052.561,464.384
250.000,3,1649.855,1426.097,456.518
250.000,4,1266.808,883.819,377.614
250.000,5,1894.408,914.068,311.505
250.000,6,2394.171,8.019,331.661
250.000,7,2516.468,194.279,479.180
250.000,8,1719.142,705.969,312.452
250.000,9,677.549,664.275,550.716
250.000,10,1562.873,265.655,572.844
250.000,11,2230.191,60.330,105.047
250.000,12,1485.968,903.523,259.213
250.000,13,661.818,1183.218,193.840
250.000,14,1319.048,852.843,324.644
250.000,15,2178.398,751.089,111.523
250.000,16,1593.960,864.509,272.376
250.000,17,81.683,1085.637,176.580
250.000,18,1790.388,94.326,199.707
250.000,19,694.645,1539.481,243.406
250.000,20,461.787,585.976,294.647
250.000,21,258.786,1095.974,249.913
250.000,22,2020.394,7.447,310.023
250.000,23,814.141,1463.478,132.615
250.000,24,2125.293,286.800,398.124
250.000,25,67.382,736.878,420.883
250.000,26,1219.272,212.866,553.978
250.000,27,419.286,575.564,373.561
250.000,28,1776.728,646.178,103.592
250.000,29,2075.138,666.031,561.057
250.000,30,2290.345,1231.454,533.309
250.000,31,1263.812,964.716,242.779
250.000,32,2581.184,802.832,259.430
250.000,33,1034.614,1115.788,186.154
250.000,34,2330.519,1119.988,504.002
250.000,35,2379.220,630.943,405.502
250.000,36,2532.470,1341.221,587.134
250.000,37,1852.820,758.468,591.648
250.000,38,292.326,355.476,234.963
250.000,39,1226.979,364.181,500.094
250.000,40,2207.861,1178.907,239.718
250.000,41,2516.141,798.521,500.607
250.000,42,1127.325,123.070,283.647
250.000,43,20.066,1132.425,425.044
250.000,44,1760.485,1237.677,520.709
250.000,45,2023.090,1084.185,156.725
250.000,46,604.299,1539.044,426.508
250.000,47,740.974,576.689,427.035
250.000,48,1776.260,1141.336,465.120
250.000,49,529.397,839.614,308.591
250.000,50,628.441,391.233,313.742
250.000,51,2523.079,430.229,147.434
250.000,52,1934.818,1484.502,294.557
250.000,53,2064.211,955.527,119.117
250.000,54,1468.034,1073.787,417.733
250.000,55,1537.472,377.407,281.027
250.000,56,2463.849,394.285,294.271
250.000,57,1286.220,613.321,303.468
250.000,58,2475.958,763.965,434.382
250.000,59,787.318,1168.748,243.453
250.000,60,440.515,1153.861,488.782
255.000,0,2245.916,444.876,443.093
255.000,1,2080.632,285.653,359.635
255.000,2,1636.621,1035.452,457.360
255.000,3,1724.217,1472.475,456.445
255.000,4,1151.916,907.856,381.731
255.000,5,1745.222,924.772,307.825
255.000,6,2428.674,119.764,335.631
255.000,7,2545.521,161.794,482.682
255.000,8,1612.195,731.822,314.452
255.000,9,574.359,584.786,551.905
255.000,10,1566.754,145.333,578.229
255.000,11,2302.654,174.463,104.850
255.000,12,1513.863,989.278,266.349
255.000,13,680.191,1053.590,197.183
255.000,14,1322.334,790.926,326.215
255.000,15,2194.849,880.169,107.969
255.000,16,1479.085,844.896,277.431
255.000,17,13.907,1093.115,181.217
255.000,18,1660.384,38.207,204.566
255.000,19,830.046,1488.601,239.811
255.000,20,566.069,568.706,295.350
255.000,21,172.460,1037.805,248.182
255.000,22,1927.609,36.103,314.336
255.000,23,927.237,1417.713,138.923
255.000,24,2197.264,326.586,398.364
255.000,25,123.567,819.345,416.721
255.000,26,1126.661,217.034,555.451
255.000,27,536.395,632.892,370.698
255.000,28,1639.171,613.121,107.649
255.000,29,2091.502,549.797,565.803
255.000,30,2341.403,1198.026,535.891
255.000,31,1337.038,1012.931,241.342
255.000,32,2464.794,791.788,255.664
255.000,33,1042.816,1222.177,183.308
255.000,34,2304.887,1247.721,501.897
255.000,35,2303.185,727.623,396.716
255.000,36,2529.155,1382.297,588.675
255.000,37,1763.862,679.431,591.307
255.000,38,298.835,432.440,238.036
255.000,39,1185.402,482.283,504.229
255.000,40,2221.189,1275.376,240.395
255.000,41,2430.108,831.126,500.612
255.000,42,1061.837,9.873,279.115
255.000,43,116.756,1219.586,423.635
255.000,44,1769.663,1331.301,519.442
255.000,45,1947.716,1210.003,150.106
255.000,46,718.835,1560.479,423.718
255.000,47,788.856,681.348,419.748
255.000,48,1865.325,1120.992,458.318
255.000,49,659.222,895.497,312.578
255.000,50,616.965,506.315,317.853
255.000,51,2415.032,379.451,149.878
255.000,52,1951.544,1542.711,297.626
255.000,53,1929.725,1005.041,118.550
255.000,54,1500.850,1173.869,422.865
255.000,55,1501.917,503.827,276.394
255.000,56,2509.175,466.910,292.506
255.000,57,1253.414,504.099,307.566
255.000,58,2483.716,672.884,434.064
255.000,59,880.264,1205.988,244.526
255.000,60,368.940,1183.695,489.926
260.000,0,2190.019,351.681,444.014
260.000,1,2086.838,175.818,357.139
260.000,2,1761.836,1037.530,449.994
260.000,3,1787.031,1536.313,458.441
260.000,4,1041.051,949.535,386.959
260.000,5,1594.219,937.554,301.907
260.000,6,2468.869,229.860,341.280
260.000,7,2408.347,114.512,484.431
260.000,8,1505.551,746.471,317.753
260.000,9,513.134,462.099,554.558
260.000,10,1579.646,34.110,582.671
260.000,11,2361.268,292.951,106.650
260.000,12,1545.009,1072.943,271.999
260.000,13,701.143,931.754,198.860
260.000,14,1318.131,723.107,327.856
260.000,15,2212.447,1003.019,101.442
260.000,16,1362.971,825.067,283.991
260.000,17,93.906,1109.730,182.207
260.000,18,1534.937,43.456,207.905
260.000,19,961.104,1435.822,235.513
260.000,20,662.509,563.047,295.906
260.000,21,91.139,980.089,243.846
260.000,22,1838.878,57.386,319.795
260.000,23,1038.791,1377.583,141.742
260.000,24,2268.755,374.920,399.844
260.000,25,184.448,906.511,413.882
260.000,26,1032.152,193.896,558.408
260.000,27,663.099,665.141,367.760
260.000,28,1508.450,560.599,108.112
260.000,29,2091.960,426.565,570.324
260.000,30,2388.472,1154.286,538.892
260.000,31,1402.335,1064.214,237.849
260.000,32,2315.281,824.330,251.940
260.000,33,1063.705,1328.409,179.785
260.000,34,2266.238,1383.237,499.619
260.000,35,2228.999,812.820,388.360
260.000,36,2383.332,1400.335,592.584
260.000,37,1656.929,613.800,592.681
260.000,38,291.501,512.884,241.738
260.000,39,1158.616,603.937,506.947
260.000,40,2236.355,1366.245,239.229
260.000,41,2350.541,859.881,498.658
260.000,42,996.063,101.501,276.194
260.000,43,240.994,1296.053,421.811
260.000,44,1785.805,1427.465,518.798
260.000,45,1859.445,1318.042,144.185
260.000,46,836.684,1566.953,423.437
260.000,47,850.073,780.606,414.687
260.000,48,1950.211,1114.481,451.179
260.000,49,790.657,947.092,317.989
260.000,50,618.496,626.231,321.850
260.000,51,2317.030,324.105,150.948
260.000,52,1998.355,1455.754,299.461
260.000,53,1817.538,1108.017,117.422
260.000,54,1560.326,1271.821,426.540
260.000,55,1442.185,615.690,272.073
260.000,56,2557.954,534.652,289.847
260.000,57,1244.738,391.313,311.232
260.000,58,2500.900,575.283,432.760
260.000,59,973.316,1244.258,242.411
260.000,60,305.664,1215.673,492.845
265.000,0,2145.703,254.299,444.126
265.000,1,2102.334,73.962,353.317
265.000,2,1891.947,1024.809,443.850
265.000,3,1863.314,1543.349,460.634
265.000,4,926.380,990.720,391.876
265.000,5,1439.270,972.165,295.056
265.000,6,2497.663,335.438,343.335
265.000,7,2263.059,71.050,487.194
265.000,8,1407.975,745.900,320.099
265.000,9,425.728,355.450,554.112
265.000,10,1588.451,76.003,586.858
265.000,11,2414.351,417.231,108.751
265.000,12,1567.399,1159.106,278.200
265.000,13,709.069,802.038,202.426
265.000,14,1315.949,655.826,331.983
265.000,15,2216.729,1124.748,104.600
265.000,16,1241.054,790.186,291.885
265.000,17,175.621,1140.667,183.510
265.000,18,1406.246,111.086,211.858
265.000,19,1089.000,1372.414,226.403
265.000,20,760.589,564.537,295.537
265.000,21,6.439,931.222,241.929
265.000,22,1746.055,75.893,324.963
265.000,23,1157.347,1339.888,145.594
265.000,24,2348.023,421.254,401.155
265.000,25,250.320,993.478,411.625
265.000,26,949.014,160.814,562.301
265.000,27,791.009,682.044,362.572
265.000,28,1377.800,521.935,106.836
265.000,29,2088.500,301.407,576.240
265.000,30,2436.630,1103.975,540.956
265.000,31,1473.439,1099.910,233.577
265.000,32,2167.912,837.104,247.267
265.000,33,1061.345,1440.640,173.846
265.000,34,2248.802,1524.833,497.184
265.000,35,2181.382,917.583,379.399
265.000,36,2240.086,1405.901,596.711
265.000,37,1565.150,528.612,592.076
265.000,38,267.863,597.085,245.749
265.000,39,1121.278,730.638,509.146
265.000,40,2265.646,1448.668,239.534
265.000,41,2278.540,897.476,495.746
265.000,42,935.502,215.773,273.024
265.000,43,364.873,1368.750,424.350
265.000,44,1793.880,1518.362,518.285
265.000,45,1790.626,1430.945,136.403
265.000,46,951.231,1549.579,422.769
265.000,47,896.231,891.378,411.912
265.000,48,2023.735,1110.455,446.319
265.000,49,928.125,969.113,318.606
265.000,50,661.964,739.663,327.523
265.000,51,2279.027,224.216,151.560
265.000,52,2035.574,1366.437,300.113
265.000,53,1725.434,1226.965,116.185
265.000,54,1608.218,1373.693,432.039
265.000,55,1422.048,736.488,265.382
265.000,56,2586.258,621.201,287.081
265.000,57,1242.922,281.854,312.106
265.000,58,2531.581,476.788,431.123
265.000,59,1079.625,1273.546,240.617
265.000,60,248.404,1259.843,496.083
270.000,0,2105.161,155.187,443.647
270.000,1,2097.118,51.832,351.858
270.000,2,2020.615,1046.589,435.583
270.000,3,1948.045,1486.677,462.154
270.000,4,802.978,1026.108,396.572
270.000,5,1281.364,1013.175,288.681
270.000,6,2525.217,449.238,345.456
270.000,7,2119.188,42.958,486.726
270.000,8,1311.951,715.971,324.088
270.000,9,321.700,263.044,555.616
270.000,10,1605.205,182.336,592.237
270.000,11,2454.233,542.824,108.124
270.000,12,1585.061,1250.191,282.914
270.000,13,750.169,677.217,205.118
270.000,14,1312.945,585.915,336.426
270.000,15,2271.137,1239.130,111.778
270.000,16,1115.170,742.531,297.132
270.000,17,262.334,1153.704,185.703
270.000,18,1282.279,188.565,211.312
270.000,19,1230.047,1332.905,219.501
270.000,20,861.942,573.875,296.440
270.000,21,85.570,862.934,240.842
270.000,22,1653.098,94.080,327.834
270.000,23,1269.216,1321.288,149.229
270.000,24,2432.661,465.193,403.484
270.000,25,332.319,1073.706,412.240
270.000,26,873.423,124.679,564.213
270.000,27,917.911,664.608,355.395
270.000,28,1255.164,472.426,105.237
270.000,29,2063.905,182.337,580.074
270.000,30,2490.554,1055.069,543.276
270.000,31,1531.973,1139.165,229.992
270.000,32,2025.939,869.763,240.487
270.000,33,1097.821,1548.829,169.710
270.000,34,2227.267,1471.665,493.595
270.000,35,2120.223,1018.009,371.833
270.000,36,2095.500,1412.157,599.187
270.000,37,1463.591,459.150,593.826
270.000,38,246.471,685.262,247.782
270.000,39,1084.483,857.829,511.623
270.000,40,2286.349,1535.181,239.402
270.000,41,2227.910,958.496,493.371
270.000,42,906.174,351.548,269.409
270.000,43,500.659,1423.240,426.887
270.000,44,1793.224,1516.956,517.109
270.000,45,1738.323,1562.311,126.480
270.000,46,1068.478,1518.289,421.494
270.000,47,959.522,998.454,410.055
270.000,48,2105.786,1088.478,442.421
270.000,49,1062.330,967.604,317.971
270.000,50,702.391,848.649,333.938
270.000,51,2233.963,124.017,149.244
270.000,52,2064.260,1270.988,301.570
270.000,53,1636.543,1337.445,114.353
270.000,54,1641.551,1475.898,435.602
270.000,55,1390.491,859.444,259.314
270.000,56,2573.326,701.753,283.954
270.000,57,1201.781,175.018,314.261
270.000,58,2571.298,385.662,429.472
270.000,59,1182.617,1291.227,241.418
270.000,60,194.545,1306.744,498.738
275.000,0,2038.438,62.653,440.006
275.000,1,2110.336,155.113,352.575
275.000,2,2145.598,1060.412,429.248
275.000,3,2026.826,1433.889,463.321
275.000,4,679.431,1048.580,405.250
275.000,5,1114.588,1018.700,284.232
275.000,6,2559.977,561.955,347.532
275.000,7,1975.307,27.053,490.021
275.000,8,1235.758,651.483,324.410
275.000,9,212.500,179.080,557.442
275.000,10,1611.827,297.557,598.762
275.000,11,2529.189,652.711,110.788
275.000,12,1583.417,1346.218,284.949
275.000,13,763.624,547.697,205.899
275.000,14,1321.284,518.288,342.372
275.000,15,2293.800,1363.924,117.788
275.000,16,994.298,706.109,299.391
275.000,17,356.602,1154.763,189.629
275.000,18,1169.605,287.865,212.232
275.000,19,1370.383,1288.183,209.157
275.000,20,972.297,583.493,300.130
275.000,21,177.295,801.804,237.030
275.000,22,1558.212,98.790,331.940
275.000,23,1390.959,1304.109,152.270
275.000,24,2522.712,496.990,406.300
275.000,25,400.307,1158.994,412.289
275.000,26,789.476,108.871,564.441
275.000,27,1049.142,647.408,349.484
275.000,28,1142.354,404.893,108.115
275.000,29,2021.952,72.521,583.749
275.000,30,2540.111,1000.536,545.795
275.000,31,1603.948,1168.330,226.745
275.000,32,1887.166,892.600,234.577
275.000,33,1138.487,1491.398,167.286
275.000,34,2188.874,1339.185,487.498
275.000,35,2044.621,1111.370,362.102
275.000,36,1956.546,1461.371,591.483
275.000,37,1372.887,382.688,597.092
275.000,38,232.929,777.801,247.569
275.000,39,1046.250,983.827,517.187
275.000,40,2309.454,1495.043,242.901
275.000,41,2172.779,1013.018,491.345
275.000,42,871.966,482.072,264.008
275.000,43,631.928,1479.642,429.609
275.000,44,1771.987,1425.870,517.121
275.000,45,1681.956,1431.471,121.138
275.000,46,1182.587,1523.361,420.520
275.000,47,993.839,1112.961,405.863
275.000,48,2192.030,1067.012,440.190
275.000,49,1185.774,1013.514,316.679
275.000,50,726.957,950.800,338.042
275.000,51,2187.313,23.844,146.564
275.000,52,2083.518,1164.535,303.067
275.000,53,1553.962,1447.312,110.299
275.000,54,1663.140,1541.507,437.038
275.000,55,1344.412,973.935,255.092
275.000,56,2519.918,767.500,281.153
275.000,57,1184.282,61.019,314.638
275.000,58,2599.799,301.039,427.351
275.000,59,1280.289,1311.259,243.491
275.000,60,120.672,1337.053,500.344
280.000,0,1946.952,7.912,431.406
280.000,1,2109.968,260.062,355.689
280.000,2,2255.324,1090.399,426.396
280.000,3,2103.219,1391.239,466.251
280.000,4,564.750,1084.237,414.277
280.000,5,955.346,983.423,281.540
280.000,6,2594.522,676.574,351.515
280.000,7,1833.772,22.432,494.182
280.000,8,1160.420,590.972,325.624
280.000,9,97.328,104.452,561.034
280.000,10,1602.031,407.857,594.808
280.000,11,2565.732,776.451,111.983
280.000,12,1583.208,1438.516,286.929
280.000,13,785.225,426.104,204.764
280.000,14,1335.272,452.328,347.798
280.000,15,2302.104,1487.560,122.183
280.000,16,874.027,678.655,300.845
280.000,17,449.996,1167.735,195.809
280.000,18,1051.495,390.080,211.735
280.000,19,1500.512,1234.411,202.715
280.000,20,1085.004,575.918,307.174
280.000,21,263.991,753.061,233.792
280.000,22,1466.702,97.616,334.137
280.000,23,1502.593,1246.633,158.996
280.000,24,2589.184,503.195,406.495
280.000,25,475.202,1236.153,408.158
280.000,26,715.493,71.634,564.635
280.000,27,1183.094,649.036,345.276
280.000,28,1033.802,324.631,110.014
280.000,29,1992.983,49.335,586.798
280.000,30,2588.056,947.634,547.650
280.000,31,1682.505,1190.923,224.633
280.000,32,1738.805,871.609,231.174
280.000,33,1162.414,1400.383,165.128
280.000,34,2179.150,1197.410,478.254
280.000,35,1963.508,1206.029,350.162
280.000,36,1805.552,1472.453,585.939
280.000,37,1274.315,311.384,598.317
280.000,38,243.402,871.957,245.903
280.000,39,959.380,1087.407,529.098
280.000,40,2345.221,1398.554,247.676
280.000,41,2099.906,1048.590,492.146
280.000,42,803.099,597.756,257.043
280.000,43,742.983,1556.445,431.137
280.000,44,1724.529,1339.539,515.128
280.000,45,1617.526,1310.636,117.170
280.000,46,1296.949,1536.964,418.886
280.000,47,1002.141,1232.870,398.995
280.000,48,2272.117,1033.422,436.264
280.000,49,1293.282,1090.743,316.533
280.000,50,769.546,1049.402,343.180
280.000,51,2110.922,63.768,146.742
280.000,52,2091.685,1047.625,305.124
280.000,53,1453.746,1543.695,107.180
280.000,54,1682.463,1428.253,443.038
280.000,55,1304.164,1089.422,250.814
280.000,56,2477.651,837.474,279.667
280.000,57,1186.210,58.099,317.522
280.000,58,2575.344,207.946,426.190
280.000,59,1377.831,1332.436,245.637
280.000,60,50.541,1360.791,499.532
285.000,0,1888.952,99.096,429.447
285.000,1,2099.325,372.062,356.882
285.000,2,2361.354,1134.451,424.213
285.000,3,2186.861,1365.440,468.825
285.000,4,447.228,1129.260,420.432
285.000,5,791.660,987.599,278.507
285.000,6,2592.576,799.913,351.692
285.000,7,1682.275,51.874,493.202
285.000,8,1060.532,575.507,325.918
285.000,9,27.717,28.872,561.039
285.000,10,1598.474,520.060,587.390
285.000,11,2577.134,896.397,109.938
285.000,12,1594.121,1525.599,288.471
285.000,13,787.550,306.944,206.217
285.000,14,1354.472,385.572,351.097
285.000,15,2316.333,1509.759,127.819
285.000,16,763.603,639.638,305.166
285.000,17,535.950,1193.215,199.648
285.000,18,932.601,490.212,213.213
285.000,19,1626.193,1168.087,192.642
285.000,20,1194.318,577.515,313.463
285.000,21,352.049,703.668,230.460
285.000,22,1384.133,119.169,337.136
285.000,23,1598.984,1180.432,165.687
285.000,24,2521.430,526.129,404.905
285.000,25,544.215,1306.672,404.389
285.000,26,639.659,32.023,564.202
285.000,27,1312.528,688.408,338.424
285.000,28,916.787,247.252,110.038
285.000,29,1945.918,151.723,588.760
285.000,30,2564.379,897.801,550.010
285.000,31,1756.945,1232.598,220.464
285.000,32,1599.638,859.290,232.204
285.000,33,1182.012,1302.369,162.159
285.000,34,2176.993,1063.996,470.806
285.000,35,1878.717,1296.000,339.168
285.000,36,1661.355,1515.991,584.637
285.000,37,1184.958,235.106,595.897
285.000,38,232.853,964.135,243.702
285.000,39,859.402,1184.388,540.150
285.000,40,2356.547,1299.644,252.148
285.000,41,2026.588,1075.003,493.633
285.000,42,745.556,719.452,251.859
285.000,43,861.575,1484.576,434.201
285.000,44,1687.660,1249.385,510.872
285.000,45,1553.487,1194.758,111.175
285.000,46,1416.327,1541.631,415.046
285.000,47,1053.786,1353.307,394.509
285.000,48,2358.468,998.803,434.921
285.000,49,1388.472,1167.345,315.385
285.000,50,802.794,1145.697,350.433
285.000,51,2033.550,136.668,145.679
285.000,52,2110.973,935.951,310.781
285.000,53,1321.711,1524.687,105.906
285.000,54,1706.478,1326.997,446.364
285.000,55,1249.113,1198.071,246.091
285.000,56,2427.296,909.306,277.161
285.000,57,1194.516,168.117,318.026
285.000,58,2533.421,124.573,425.182
285.000,59,1477.096,1362.540,244.094
285.000,60,13.061,1399.488,499.082
290.000,0,1808.348,169.627,427.996
290.000,1,2090.400,485.739,358.877
290.000,2,2475.539,1177.521,419.798
290.000,3,2276.874,1346.754,471.673
290.000,4,326.123,1164.853,426.554
290.000,5,640.808,1017.988,272.912
290.000,6,2587.913,919.107,352.069
290.000,7,1533.592,52.569,492.592
290.000,8,963.492,565.018,327.418
290.000,9,118.844,87.430,555.947
290.000,10,1584.757,632.259,582.060
290.000,11,2497.732,1000.479,105.521
290.000,12,1610.445,1524.893,290.639
290.000,13,762.561,191.289,211.445
290.000,14,1368.143,313.783,355.212
290.000,15,2298.119,1384.022,135.766
290.000,16,666.447,578.234,310.848
290.000,17,619.772,1233.859,200.497
290.000,18,813.029,592.043,216.627
290.000,19,1737.254,1072.010,182.291
290.000,20,1299.913,587.811,316.652
290.000,21,439.615,640.455,225.713
290.000,22,1309.491,143.425,338.468
290.000,23,1705.157,1142.021,171.411
290.000,24,2449.110,546.305,403.260
290.000,25,600.473,1381.287,400.951
290.000,26,561.987,4.763,563.912
290.000,27,1435.637,752.331,328.875
290.000,28,794.878,184.915,108.749
290.000,29,1887.626,258.001,590.454
290.000,30,2520.861,835.744,552.847
290.000,31,1831.610,1284.149,214.655
290.000,32,1457.632,896.165,230.620
290.000,33,1208.184,1201.582,160.181
290.000,34,2127.179,932.047,462.094
290.000,35,1809.857,1391.999,329.679
290.000,36,1514.738,1560.495,587.743
290.000,37,1089.012,177.334,589.315
290.000,38,203.764,1050.806,243.673
290.000,39,794.988,1301.399,549.261
290.000,40,2391.718,1209.403,255.167
290.000,41,1961.853,1111.995,494.011
290.000,42,688.341,845.489,244.666
290.000,43,977.160,1416.706,435.388
290.000,44,1655.422,1159.550,505.798
290.000,45,1496.313,1070.689,103.613
290.000,46,1542.736,1555.684,412.806
290.000,47,1103.277,1471.175,389.773
290.000,48,2449.103,967.298,432.344
290.000,49,1491.316,1253.960,313.764
290.000,50,839.056,1242.708,358.104
290.000,51,1961.137,210.076,142.984
290.000,52,2149.701,829.235,315.605
290.000,53,1179.385,1474.060,104.331
290.000,54,1755.634,1226.941,449.986
290.000,55,1215.730,1316.073,239.174
290.000,56,2367.923,973.178,274.685
290.000,57,1204.343,272.833,316.992
290.000,58,2509.736,40.394,426.694
290.000,59,1569.819,1387.729,243.684
290.000,60,64.312,1451.934,499.383
295.000,0,1715.588,236.447,430.644
295.000,1,2062.959,593.291,360.393
295.000,2,2593.038,1224.023,416.456
295.000,3,2356.312,1302.104,471.716
295.000,4,217.997,1206.238,435.173
295.000,5,492.174,1049.603,268.391
295.000,6,2581.989,1026.562,353.959
295.000,7,1387.758,49.080,496.288
295.000,8,872.657,561.072,327.596
295.000,9,202.925,191.482,549.585
295.000,10,1561.737,747.283,575.422
295.000,11,2408.217,1092.960,102.641
295.000,12,1620.100,1442.627,294.595
295.000,13,740.608,72.478,216.532
295.000,14,1406.547,250.498,358.653
295.000,15,2266.820,1254.669,144.556
295.000,16,567.223,525.021,316.236
295.000,17,692.134,1285.170,201.501
295.000,18,686.817,684.009,219.024
295.000,19,1860.677,985.860,175.694
295.000,20,1406.330,626.007,318.012
295.000,21,497.156,557.274,219.500
295.000,22,1238.920,170.489,340.594
295.000,23,1819.625,1127.105,174.116
295.000,24,2386.343,578.106,402.086
295.000,25,638.344,1473.198,399.756
295.000,26,480.609,24.726,564.507
295.000,27,1566.346,797.119,321.717
295.000,28,682.731,109.736,108.250
295.000,29,1855.509,379.094,592.858
295.000,30,2488.192,775.632,555.198
295.000,31,1900.812,1331.954,208.335
295.000,32,1312.041,902.346,228.596
295.000,33,1236.155,1101.753,159.732
295.000,34,2114.444,790.129,456.093
295.000,35,1777.780,1504.642,321.468
295.000,36,1371.851,1544.478,590.342
295.000,37,986.497,140.150,583.143
295.000,38,188.801,1138.560,241.897
295.000,39,734.686,1418.787,559.496
295.000,40,2409.896,1122.903,258.270
295.000,41,1897.336,1146.431,491.773
295.000,42,647.261,979.408,235.992
295.000,43,1095.715,1350.794,437.332
295.000,44,1626.003,1071.711,503.357
295.000,45,1421.318,958.611,104.703
295.000,46,1669.399,1550.659,410.745
295.000,47,1155.475,1537.105,382.308
295.000,48,2541.919,947.481,428.503
295.000,49,1586.081,1350.873,313.657
295.000,50,870.062,1345.730,366.782
295.000,51,1908.607,293.322,141.996
295.000,52,2198.671,724.076,322.295
295.000,53,1045.213,1423.926,103.362
295.000,54,1801.800,1118.002,455.018
295.000,55,1163.902,1424.347,233.534
295.000,56,2310.000,1043.077,272.605
295.000,57,1200.238,382.265,318.234
295.000,58,2500.755,58.533,429.111
295.000,59,1668.886,1385.866,242.741
295.000,60,135.113,1495.731,499.137
