t_s,node,x,y,z
0.000,0,921.405,1533.063,545.304
0.000,1,1906.773,2016.261,447.790
0.000,2,1431.204,1294.117,500.926
0.000,3,1969.619,248.073,157.172
0.000,4,382.391,211.193,459.097
0.000,5,82.982,2147.857,169.674
0.000,6,1562.125,293.503,326.294
0.000,7,1080.877,1396.583,289.595
0.000,8,1087.885,847.041,231.174
0.000,9,1966.941,1050.428,370.213
0.000,10,333.386,679.518,590.211
0.000,11,1696.989,1107.814,321.105
0.000,12,2100.906,808.497,149.775
0.000,13,1755.136,1273.703,540.282
0.000,14,932.716,1285.065,496.620
0.000,15,1216.951,718.470,291.891
0.000,16,635.907,850.336,508.605
0.000,17,1942.181,364.109,107.103
0.000,18,831.550,1901.744,459.892
0.000,19,734.453,654.599,345.610
0.000,20,1146.086,866.296,375.409
0.000,21,212.904,2093.886,554.962
0.000,22,1080.610,27.060,498.245
0.000,23,874.273,1242.026,581.005
0.000,24,2126.301,725.788,256.655
0.000,25,972.426,1840.707,243.766
0.000,26,1322.928,1996.638,439.975
0.000,27,1243.735,1021.289,234.507
0.000,28,1967.983,1359.518,515.915
0.000,29,679.663,1792.387,243.932
0.000,30,935.989,969.837,217.476
0.000,31,90.676,878.752,175.994
0.000,32,1621.875,552.004,315.747
0.000,33,143.339,580.626,128.482
0.000,34,1297.818,582.014,238.876
0.000,35,2006.510,833.452,422.126
0.000,36,463.653,1944.781,329.716
0.000,37,898.860,808.852,262.780
0.000,38,1101.678,322.304,239.657
0.000,39,49.014,1387.347,549.102
0.000,40,1611.361,1517.325,520.048
0.000,41,433.361,1212.907,470.348
0.000,42,1402.343,1868.283,112.806
0.000,43,630.479,1271.415,171.713
0.000,44,1472.224,824.395,446.089
0.000,45,110.169,381.022,117.310
0.000,46,2104.264,884.714,228.491
0.000,47,1515.683,1416.125,139.231
0.000,48,683.653,1127.228,407.771
0.000,49,1950.673,2003.769,362.949
0.000,50,2076.668,718.585,388.016
0.000,51,1975.051,1066.935,423.915
0.000,52,151.698,1052.279,328.869
0.000,53,929.136,1406.796,434.506
0.000,54,923.832,1346.174,404.299
0.000,55,2150.912,919.213,360.721
0.000,56,322.694,36.724,133.752
0.000,57,536.890,1770.693,322.168
0.000,58,1265.325,1844.933,138.074
0.000,59,451.424,1316.178,117.277
0.000,60,214.814,394.316,361.600
0.000,61,996.842,504.492,465.745
0.000,62,733.731,175.181,327.486
0.000,63,1156.165,1629.449,481.243
0.000,64,667.310,308.486,300.458
0.000,65,2169.083,1980.372,349.368
0.000,66,860.471,232.127,531.321
0.000,67,847.094,1493.852,127.399
5.000,0,1018.976,1550.905,543.419
5.000,1,1788.137,2009.071,447.863
5.000,2,1362.135,1207.397,504.966
5.000,3,2059.621,305.201,152.801
5.000,4,263.695,240.969,459.095
5.000,5,158.703,2031.893,167.277
5.000,6,1610.105,181.169,329.580
5.000,7,1015.473,1312.407,289.469
5.000,8,1052.582,967.132,234.748
5.000,9,1974.830,1178.987,366.453
5.000,10,392.584,615.033,591.780
5.000,11,1787.658,1125.065,316.446
5.000,12,2076.182,890.967,152.427
5.000,13,1690.139,1353.845,545.335
5.000,14,986.814,1378.666,495.711
5.000,15,1265.954,652.748,291.989
5.000,16,593.008,756.756,504.301
5.000,17,1897.689,289.708,109.687
5.000,18,861.553,1789.816,462.240
5.000,19,846.814,622.187,342.486
5.000,20,1241.155,935.876,380.025
5.000,21,81.826,2083.276,557.794
5.000,22,1114.049,98.052,504.236
5.000,23,967.069,1130.235,577.982
5.000,24,2223.755,671.647,257.577
5.000,25,1026.445,1907.119,246.772
5.000,26,1389.486,1925.300,440.862
5.000,27,1355.530,1021.015,237.763
5.000,28,2004.877,1499.190,517.513
5.000,29,812.690,1752.067,247.185
5.000,30,828.337,992.520,212.898
5.000,31,155.227,1003.419,175.211
5.000,32,1677.416,643.914,314.824
5.000,33,63.420,656.277,131.199
5.000,34,1265.798,497.448,240.772
5.000,35,2137.904,872.502,418.931
5.000,36,541.153,2038.105,324.991
5.000,37,997.695,753.522,259.140
5.000,38,1060.664,223.140,232.816
5.000,39,38.401,1424.690,545.489
5.000,40,1687.830,1430.254,518.419
5.000,41,362.496,1274.766,471.953
5.000,42,1369.504,1797.944,114.333
5.000,43,531.399,1249.121,173.452
5.000,44,1545.389,705.021,438.167
5.000,45,29.444,319.160,119.053
5.000,46,1971.949,886.740,230.854
5.000,47,1629.979,1393.004,141.606
5.000,48,789.573,1115.940,403.131
5.000,49,1855.159,2094.552,363.258
5.000,50,2119.973,632.582,385.366
5.000,51,1975.433,1172.500,419.470
5.000,52,240.849,1144.414,331.139
5.000,53,800.387,1463.853,427.365
5.000,54,994.444,1305.241,400.483
5.000,55,2205.084,813.691,359.584
5.000,56,285.172,120.900,133.153
5.000,57,622.260,1783.732,325.535
5.000,58,1367.821,1927.775,145.389
5.000,59,449.678,1455.987,119.916
5.000,60,256.849,480.133,357.316
5.000,61,1074.139,511.426,465.711
5.000,62,657.520,258.852,331.935
5.000,63,1133.906,1755.351,480.124
5.000,64,580.484,180.857,298.220
5.000,65,2069.905,1901.557,346.425
5.000,66,772.167,239.774,532.065
5.000,67,888.773,1433.826,127.493
10.000,0,1109.790,1579.975,540.187
10.000,1,1677.881,1986.746,448.219
10.000,2,1311.022,1114.516,507.728
10.000,3,2159.839,346.827,150.106
10.000,4,130.872,242.565,459.759
10.000,5,209.144,1907.446,163.715
10.000,6,1646.301,58.004,334.444
10.000,7,965.351,1218.942,290.173
10.000,8,1006.288,1088.838,238.591
10.000,9,1988.814,1312.084,363.548
10.000,10,469.218,554.398,592.066
10.000,11,1875.887,1147.434,312.901
10.000,12,2069.619,979.848,156.234
10.000,13,1625.708,1437.019,550.590
10.000,14,1027.008,1479.585,495.357
10.000,15,1316.275,593.408,292.447
10.000,16,542.936,661.663,500.347
10.000,17,1833.466,236.410,112.664
10.000,18,918.236,1685.134,463.336
10.000,19,963.258,596.029,341.288
10.000,20,1313.285,1031.330,383.322
10.000,21,57.561,2101.380,557.934
10.000,22,1138.607,220.498,509.515
10.000,23,1084.858,1028.744,571.781
10.000,24,2142.433,663.753,257.254
10.000,25,1074.331,1980.498,249.607
10.000,26,1465.345,1867.033,441.485
10.000,27,1476.527,1006.198,241.808
10.000,28,2034.284,1635.029,517.222
10.000,29,956.691,1740.844,248.924
10.000,30,735.079,1040.083,210.423
10.000,31,228.994,1127.235,174.636
10.000,32,1717.734,749.069,314.018
10.000,33,30.485,720.029,133.713
10.000,34,1233.093,411.275,242.798
10.000,35,2194.826,896.818,412.056
10.000,36,618.049,2141.435,316.340
10.000,37,1095.586,702.691,255.534
10.000,38,1012.205,137.671,227.643
10.000,39,115.725,1461.843,543.369
10.000,40,1770.487,1348.240,517.208
10.000,41,285.113,1325.619,472.664
10.000,42,1340.163,1727.316,116.755
10.000,43,438.983,1222.517,175.855
10.000,44,1620.213,589.177,433.470
10.000,45,46.618,249.707,122.370
10.000,46,1835.753,906.875,231.565
10.000,47,1737.045,1362.641,143.629
10.000,48,875.266,1049.626,398.795
10.000,49,1771.285,2198.500,363.605
10.000,50,2144.350,542.851,382.386
10.000,51,1954.877,1271.684,414.413
10.000,52,314.018,1237.157,334.298
10.000,53,659.749,1467.979,419.773
10.000,54,1074.081,1284.719,398.286
10.000,55,2227.816,702.649,363.313
10.000,56,233.284,194.049,132.386
10.000,57,702.659,1798.779,326.406
10.000,58,1450.173,2021.279,149.436
10.000,59,453.868,1586.358,122.896
10.000,60,292.610,569.386,354.581
10.000,61,1163.341,512.297,465.242
10.000,62,582.684,341.226,338.789
10.000,63,1125.936,1884.654,479.326
10.000,64,494.310,66.137,292.110
10.000,65,1959.112,1839.806,339.802
10.000,66,681.109,255.536,530.272
10.000,67,906.818,1362.634,128.282
15.000,0,1194.962,1626.884,538.748
15.000,1,1557.999,1980.804,445.540
15.000,2,1275.538,1012.567,514.006
15.000,3,2217.969,405.186,147.216
15.000,4,7.586,253.163,461.418
15.000,5,258.566,1791.327,160.828
15.000,6,1713.778,54.336,339.221
15.000,7,911.081,1120.626,291.906
15.000,8,973.519,1206.711,242.968
15.000,9,1961.600,1434.211,359.313
15.000,10,528.382,482.721,592.825
15.000,11,1977.259,1156.802,306.456
15.000,12,2050.820,1065.790,159.855
15.000,13,1552.162,1511.927,550.414
15.000,14,1052.866,1584.148,495.417
15.000,15,1352.513,513.025,294.165
15.000,16,493.755,565.734,494.078
15.000,17,1773.865,173.665,115.851
15.000,18,993.607,1596.837,465.908
15.000,19,1079.369,589.491,336.011
15.000,20,1407.580,1097.464,388.709
15.000,21,187.787,2081.936,559.435
15.000,22,1155.205,338.705,516.174
15.000,23,1178.673,920.666,569.858
15.000,24,2037.271,664.764,257.316
15.000,25,1124.788,2054.783,250.111
15.000,26,1532.925,1803.628,440.985
15.000,27,1595.829,999.378,243.169
15.000,28,2055.581,1770.858,520.594
15.000,29,1104.955,1725.015,250.951
15.000,30,630.305,1059.290,205.628
15.000,31,324.548,1236.620,174.269
15.000,32,1749.370,840.498,313.087
15.000,33,109.953,797.977,135.275
15.000,34,1176.367,337.993,242.545
15.000,35,2066.250,952.116,409.554
15.000,36,698.251,2218.324,310.983
15.000,37,1192.271,657.501,248.293
15.000,38,978.100,37.255,223.417
15.000,39,191.526,1507.990,544.832
15.000,40,1858.472,1265.177,516.085
15.000,41,196.735,1379.443,472.868
15.000,42,1314.962,1657.490,118.586
15.000,43,338.514,1182.679,178.368
15.000,44,1699.885,474.980,429.973
15.000,45,123.364,183.588,124.399
15.000,46,1697.693,899.287,231.632
15.000,47,1836.374,1319.162,148.081
15.000,48,977.053,1021.342,397.053
15.000,49,1661.921,2177.588,361.503
15.000,50,2174.471,445.709,380.643
15.000,51,1946.248,1387.771,408.941
15.000,52,405.597,1327.675,340.494
15.000,53,531.744,1527.664,414.644
15.000,54,1149.267,1257.555,396.308
15.000,55,2192.911,578.410,363.497
15.000,56,190.752,271.558,130.467
15.000,57,779.006,1815.273,329.422
15.000,58,1539.844,2112.854,156.839
15.000,59,457.590,1725.061,123.352
15.000,60,340.060,649.963,354.611
15.000,61,1249.383,523.365,466.386
15.000,62,506.587,415.586,343.219
15.000,63,1088.998,2009.824,481.202
15.000,64,443.288,91.618,290.073
15.000,65,1843.918,1783.410,336.688
15.000,66,581.794,262.145,530.088
15.000,67,933.753,1294.991,129.041
20.000,0,1282.294,1657.643,537.916
20.000,1,1439.871,1971.926,446.041
20.000,2,1215.349,921.422,519.599
20.000,3,2117.172,446.749,145.587
20.000,4,128.585,253.985,463.679
20.000,5,322.777,1681.858,160.473
20.000,6,1790.012,146.982,348.421
20.000,7,838.490,1037.140,289.902
20.000,8,921.514,1327.060,247.296
20.000,9,1979.038,1570.755,355.621
20.000,10,581.366,412.560,594.870
20.000,11,2065.204,1182.844,300.939
20.000,12,2030.296,1147.453,163.769
20.000,13,1495.092,1592.151,552.118
20.000,14,1083.705,1697.410,493.726
20.000,15,1402.133,459.520,294.237
20.000,16,437.483,482.953,490.526
20.000,17,1707.834,122.654,118.470
20.000,18,1059.351,1503.926,467.410
20.000,19,1184.355,534.800,332.236
20.000,20,1504.685,1166.273,394.813
20.000,21,318.571,2077.167,563.652
20.000,22,1181.641,448.163,519.270
20.000,23,1287.082,814.763,566.003
20.000,24,1929.015,633.450,257.694
20.000,25,1172.476,2133.070,249.803
20.000,26,1611.769,1743.175,439.886
20.000,27,1703.302,942.219,246.776
20.000,28,2076.069,1913.667,523.202
20.000,29,1241.767,1667.657,254.265
20.000,30,525.574,1086.119,200.523
20.000,31,389.650,1360.318,170.097
20.000,32,1773.993,946.394,310.636
20.000,33,209.169,863.288,139.057
20.000,34,1126.140,254.205,242.730
20.000,35,1939.993,1006.378,404.767
20.000,36,774.230,2123.694,304.832
20.000,37,1297.060,615.816,240.770
20.000,38,926.601,82.100,219.391
20.000,39,262.506,1556.530,545.816
20.000,40,1941.244,1178.040,515.953
20.000,41,119.156,1439.853,475.541
20.000,42,1288.848,1580.390,118.048
20.000,43,245.525,1135.053,179.046
20.000,44,1790.052,362.127,423.399
20.000,45,208.304,115.839,126.409
20.000,46,1565.387,897.518,231.818
20.000,47,1943.212,1305.411,152.705
20.000,48,1074.786,977.152,393.375
20.000,49,1564.479,2084.434,363.400
20.000,50,2199.879,347.601,376.553
20.000,51,1911.495,1488.815,404.069
20.000,52,513.109,1389.074,347.051
20.000,53,406.117,1588.615,410.002
20.000,54,1233.435,1239.606,392.794
20.000,55,2150.953,466.409,366.394
20.000,56,154.168,352.369,129.940
20.000,57,850.069,1854.584,329.065
20.000,58,1635.370,2198.230,166.389
20.000,59,459.815,1861.933,125.041
20.000,60,372.702,730.668,353.659
20.000,61,1332.618,538.015,469.645
20.000,62,426.610,492.558,348.037
20.000,63,1075.293,2139.007,480.302
20.000,64,391.696,228.037,286.292
20.000,65,1733.668,1720.457,331.848
20.000,66,497.861,260.576,529.084
20.000,67,961.137,1231.062,130.704
25.000,0,1379.088,1675.334,536.622
25.000,1,1323.927,1954.108,446.807
25.000,2,1168.594,821.966,519.626
25.000,3,2019.552,504.390,141.383
25.000,4,253.678,284.549,465.341
25.000,5,375.605,1560.300,160.859
25.000,6,1845.995,258.934,351.645
25.000,7,750.828,968.856,289.805
25.000,8,853.402,1436.785,252.026
25.000,9,1941.155,1700.709,352.384
25.000,10,643.943,344.192,595.041
25.000,11,2149.360,1198.691,297.242
25.000,12,2001.535,1229.131,167.094
25.000,13,1420.492,1657.441,554.470
25.000,14,1137.091,1782.289,493.177
25.000,15,1452.607,398.172,295.344
25.000,16,371.778,394.511,489.262
25.000,17,1638.091,82.350,120.877
25.000,18,1101.994,1397.819,469.580
25.000,19,1292.053,486.472,328.568
25.000,20,1579.267,1249.852,399.896
25.000,21,456.002,2081.650,564.461
25.000,22,1209.614,565.053,526.713
25.000,23,1382.377,708.765,558.888
25.000,24,1829.441,585.528,257.802
25.000,25,1206.042,2212.184,250.423
25.000,26,1691.723,1686.519,437.708
25.000,27,1819.802,914.228,249.186
25.000,28,2136.198,2042.559,524.048
25.000,29,1381.622,1634.096,261.174
25.000,30,419.295,1111.769,197.689
25.000,31,443.786,1497.473,169.950
25.000,32,1812.174,1050.245,311.293
25.000,33,300.122,916.463,141.159
25.000,34,1076.695,177.103,243.570
25.000,35,1810.483,1042.519,400.719
25.000,36,857.978,2030.432,296.202
25.000,37,1414.226,578.930,235.651
25.000,38,894.765,180.925,216.574
25.000,39,341.092,1599.939,545.168
25.000,40,2017.168,1095.143,515.469
25.000,41,31.874,1485.931,473.710
25.000,42,1275.696,1508.425,119.305
25.000,43,153.006,1082.258,180.652
25.000,44,1874.760,239.841,414.638
25.000,45,312.895,71.488,131.950
25.000,46,1433.271,900.385,234.466
25.000,47,2060.490,1284.460,157.022
25.000,48,1171.350,934.193,390.355
25.000,49,1487.510,1977.086,364.216
25.000,50,2236.266,250.050,374.553
25.000,51,1898.042,1595.939,400.437
25.000,52,619.025,1462.198,349.511
25.000,53,277.718,1661.989,404.198
25.000,54,1309.957,1213.841,391.554
25.000,55,2081.517,364.068,368.332
25.000,56,141.316,438.887,130.081
25.000,57,925.571,1885.306,328.770
25.000,58,1737.860,2191.651,172.089
25.000,59,460.749,1993.449,125.452
25.000,60,398.784,825.819,353.942
25.000,61,1408.702,569.138,472.198
25.000,62,325.045,550.234,351.293
25.000,63,1071.130,2171.732,480.360
25.000,64,295.740,346.457,283.091
25.000,65,1621.427,1656.651,332.046
25.000,66,398.545,263.039,529.632
25.000,67,991.927,1160.206,131.282
30.000,0,1471.775,1698.715,535.120
30.000,1,1214.847,1926.763,445.406
30.000,2,1114.087,729.680,523.258
30.000,3,1933.372,568.178,139.763
30.000,4,380.153,290.714,465.648
30.000,5,428.197,1435.497,157.333
30.000,6,1893.972,368.516,357.190
30.000,7,675.999,891.406,293.358
30.000,8,809.966,1559.665,260.810
30.000,9,1950.380,1829.024,349.106
30.000,10,699.442,277.854,596.043
30.000,11,2223.729,1192.693,292.776
30.000,12,1967.005,1305.117,169.858
30.000,13,1335.312,1719.159,555.432
30.000,14,1169.377,1886.106,490.420
30.000,15,1502.242,330.052,295.311
30.000,16,333.351,293.997,483.804
30.000,17,1567.441,29.211,124.491
30.000,18,1162.786,1300.569,470.070
30.000,19,1415.129,471.749,323.269
30.000,20,1654.809,1334.525,403.463
30.000,21,582.304,2085.621,565.824
30.000,22,1259.399,679.429,531.316
30.000,23,1465.578,593.577,549.436
30.000,24,1718.667,557.021,256.629
30.000,25,1255.947,2159.874,253.568
30.000,26,1768.034,1632.933,439.875
30.000,27,1939.748,898.035,251.727
30.000,28,2178.978,2181.019,524.523
30.000,29,1523.364,1618.584,267.289
30.000,30,325.995,1158.300,194.395
30.000,31,516.601,1617.197,167.730
30.000,32,1886.071,1138.093,311.818
30.000,33,367.479,1006.941,145.717
30.000,34,1030.991,91.043,244.179
30.000,35,1681.735,1092.122,398.415
30.000,36,934.597,1928.989,289.463
30.000,37,1508.717,522.018,230.784
30.000,38,859.226,274.859,211.830
30.000,39,426.988,1634.474,544.291
30.000,40,2092.267,1008.833,515.758
30.000,41,57.144,1541.789,475.288
30.000,42,1275.429,1436.471,120.980
30.000,43,61.167,1037.602,181.394
30.000,44,1986.779,153.923,410.075
30.000,45,401.594,12.096,132.979
30.000,46,1302.169,872.117,237.927
30.000,47,2178.439,1284.048,159.482
30.000,48,1273.494,911.557,385.805
30.000,49,1389.429,1887.742,369.399
30.000,50,2211.941,160.605,370.248
30.000,51,1895.220,1698.937,394.058
30.000,52,720.762,1527.650,354.113
30.000,53,157.533,1742.965,398.101
30.000,54,1392.469,1192.493,390.692
30.000,55,2043.571,243.877,366.475
30.000,56,89.221,513.796,130.809
30.000,57,996.695,1925.163,330.173
30.000,58,1839.868,2113.215,175.855
30.000,59,498.692,2123.370,125.414
30.000,60,426.221,913.811,352.217
30.000,61,1489.842,604.374,472.644
30.000,62,231.487,606.493,353.763
30.000,63,1041.060,2043.511,479.521
30.000,64,204.064,469.722,278.236
30.000,65,1524.618,1579.414,327.528
30.000,66,316.197,292.406,527.986
30.000,67,1033.018,1096.578,133.656
35.000,0,1552.569,1743.226,532.769
35.000,1,1096.067,1925.192,445.784
35.000,2,1057.732,638.388,526.121
35.000,3,1828.588,603.832,137.291
35.000,4,501.773,289.430,467.505
35.000,5,514.562,1331.904,156.270
35.000,6,1934.616,482.415,361.736
35.000,7,604.416,805.544,294.458
35.000,8,765.975,1683.666,266.972
35.000,9,1958.199,1961.798,344.155
35.000,10,758.583,201.541,596.481
35.000,11,2126.536,1205.302,287.871
35.000,12,1942.578,1390.336,171.747
35.000,13,1281.571,1815.954,556.467
35.000,14,1205.081,1989.735,487.384
35.000,15,1536.731,251.684,297.176
35.000,16,286.534,203.188,479.725
35.000,17,1494.788,34.473,127.144
35.000,18,1208.639,1194.801,470.800
35.000,19,1527.157,419.230,318.604
35.000,20,1756.029,1399.524,407.856
35.000,21,708.928,2099.337,566.154
35.000,22,1287.137,789.149,536.643
35.000,23,1537.990,460.106,540.963
35.000,24,1614.624,533.328,255.671
35.000,25,1304.238,2079.801,253.623
35.000,26,1839.031,1562.142,439.864
35.000,27,2054.252,881.212,254.236
35.000,28,2215.178,2131.664,524.750
35.000,29,1663.499,1625.615,273.009
35.000,30,218.024,1191.792,188.199
35.000,31,575.701,1744.933,165.113
35.000,32,1933.511,1223.966,312.383
35.000,33,443.959,1084.151,150.728
35.000,34,992.765,2.290,244.026
35.000,35,1549.231,1137.070,394.482
35.000,36,1007.446,1826.907,278.230
35.000,37,1596.133,463.619,226.819
35.000,38,822.226,367.661,207.578
35.000,39,507.921,1680.640,543.499
35.000,40,2145.771,902.266,512.726
35.000,41,124.346,1612.487,474.139
35.000,42,1260.996,1363.973,122.103
35.000,43,44.026,1002.624,182.942
35.000,44,2061.424,38.409,407.865
35.000,45,480.893,62.412,134.383
35.000,46,1169.357,843.829,240.120
35.000,47,2178.917,1263.874,163.611
35.000,48,1353.960,854.838,382.765
35.000,49,1299.221,1786.558,371.769
35.000,50,2187.204,65.855,367.237
35.000,51,1887.617,1810.788,388.811
35.000,52,827.327,1605.481,360.085
35.000,53,29.715,1790.902,388.375
35.000,54,1478.908,1179.624,386.290
35.000,55,1982.425,136.771,367.132
35.000,56,32.209,583.846,130.753
35.000,57,1067.111,1958.643,332.208
35.000,58,1896.986,1997.445,180.042
35.000,59,500.541,2181.755,128.127
35.000,60,441.448,1011.718,350.785
35.000,61,1566.997,608.356,473.685
35.000,62,146.307,679.330,359.747
35.000,63,1022.786,1910.970,479.393
35.000,64,98.471,579.173,274.127
35.000,65,1414.835,1517.563,324.559
35.000,66,234.379,323.293,528.193
35.000,67,1062.902,1023.030,135.036
40.000,0,1640.241,1788.635,530.095
40.000,1,977.661,1934.225,446.940
40.000,2,1010.849,544.681,528.140
40.000,3,1736.340,661.156,134.928
40.000,4,624.235,291.109,468.562
40.000,5,553.253,1211.780,154.398
40.000,6,1976.715,599.848,368.457
40.000,7,527.832,718.894,296.601
40.000,8,701.580,1791.884,271.278
40.000,9,1950.891,2099.901,342.662
40.000,10,817.214,129.187,598.120
40.000,11,2030.389,1236.248,281.800
40.000,12,1901.231,1472.615,172.834
40.000,13,1205.292,1879.752,559.048
40.000,14,1249.762,2094.897,483.416
40.000,15,1574.109,175.343,298.516
40.000,16,238.625,104.777,474.119
40.000,17,1422.258,81.685,130.556
40.000,18,1271.983,1100.025,471.283
40.000,19,1620.634,349.344,315.517
40.000,20,1821.334,1485.301,410.731
40.000,21,847.271,2086.542,567.460
40.000,22,1301.081,907.275,542.490
40.000,23,1614.984,339.104,535.447
40.000,24,1518.397,478.110,255.043
40.000,25,1347.582,2003.520,254.875
40.000,26,1918.449,1494.788,440.167
40.000,27,2173.633,864.733,256.281
40.000,28,2226.873,1998.274,523.354
40.000,29,1805.999,1608.481,280.153
40.000,30,111.764,1225.434,185.915
40.000,31,662.139,1858.576,163.320
40.000,32,1975.373,1324.347,308.301
40.000,33,530.517,1144.920,152.915
40.000,34,946.913,81.553,242.212
40.000,35,1413.998,1141.209,392.521
40.000,36,1089.810,1737.230,270.920
40.000,37,1689.429,406.147,223.077
40.000,38,799.898,460.741,204.367
40.000,39,582.015,1723.008,541.255
40.000,40,2223.461,817.413,510.449
40.000,41,203.200,1663.339,473.375
40.000,42,1237.456,1296.641,123.830
40.000,43,138.698,956.978,185.805
40.000,44,2152.010,76.777,404.443
40.000,45,566.405,126.810,138.891
40.000,46,1039.493,824.042,241.691
40.000,47,2067.761,1247.692,165.302
40.000,48,1452.149,828.842,377.846
40.000,49,1196.427,1695.024,373.083
40.000,50,2134.925,37.722,364.000
40.000,51,1865.885,1915.724,380.891
40.000,52,934.876,1665.957,365.136
40.000,53,113.813,1823.030,380.947
40.000,54,1560.675,1158.872,382.430
40.000,55,1936.021,27.231,369.629
40.000,56,17.260,662.997,131.159
40.000,57,1144.822,1984.269,333.574
40.000,58,1972.640,1901.526,185.521
40.000,59,512.496,2047.164,131.710
40.000,60,453.490,1101.208,349.968
40.000,61,1634.475,635.169,474.779
40.000,62,66.076,752.672,365.824
40.000,63,987.355,1788.412,481.450
40.000,64,18.884,694.791,268.492
40.000,65,1305.738,1458.996,320.579
40.000,66,151.308,334.951,529.012
40.000,67,1070.346,948.445,133.683
45.000,0,1728.233,1792.288,527.956
45.000,1,858.337,1940.848,449.532
45.000,2,975.436,440.314,532.117
45.000,3,1649.973,725.349,134.860
45.000,4,756.174,288.127,470.970
45.000,5,617.193,1097.238,150.535
45.000,6,2032.177,708.642,372.381
45.000,7,450.538,638.371,300.534
45.000,8,632.648,1897.717,277.484
45.000,9,1950.102,2229.959,337.730
45.000,10,868.935,57.302,598.776
45.000,11,1934.798,1246.020,274.655
45.000,12,1891.877,1562.802,176.902
45.000,13,1121.109,1935.334,558.970
45.000,14,1268.457,2204.282,479.892
45.000,15,1632.772,114.311,299.605
45.000,16,207.529,5.937,469.133
45.000,17,1364.153,136.542,134.449
45.000,18,1333.386,997.015,471.327
45.000,19,1729.016,296.574,312.863
45.000,20,1898.770,1568.648,415.304
45.000,21,986.220,2064.111,567.176
45.000,22,1295.805,1030.820,550.509
45.000,23,1692.391,215.521,531.571
45.000,24,1414.382,454.875,253.215
45.000,25,1379.331,1919.217,258.294
45.000,26,1987.956,1427.608,439.705
45.000,27,2173.471,840.265,257.684
45.000,28,2191.114,1860.684,525.275
45.000,29,1939.293,1558.580,284.309
45.000,30,10.465,1265.847,181.180
45.000,31,738.943,1983.049,160.681
45.000,32,2033.451,1420.662,308.441
45.000,33,631.058,1190.125,154.965
45.000,34,909.032,165.277,240.957
45.000,35,1285.702,1188.672,389.312
45.000,36,1146.154,1627.011,265.363
45.000,37,1783.353,351.718,221.455
45.000,38,768.803,562.276,199.910
45.000,39,664.067,1756.646,539.199
45.000,40,2172.413,731.369,510.288
45.000,41,299.818,1708.714,473.512
45.000,42,1230.138,1225.804,125.009
45.000,43,237.152,922.429,188.488
45.000,44,2213.160,196.666,401.052
45.000,45,651.474,184.373,143.400
45.000,46,910.174,815.283,239.717
45.000,47,1955.717,1201.125,168.481
45.000,48,1555.475,806.068,374.835
45.000,49,1137.863,1582.749,373.639
45.000,50,2115.777,135.762,362.389
45.000,51,1834.954,2021.602,377.539
45.000,52,1034.936,1735.832,369.412
45.000,53,239.442,1883.061,373.970
45.000,54,1637.874,1125.327,378.983
45.000,55,1885.422,90.595,371.523
45.000,56,55.487,743.229,130.187
45.000,57,1218.461,2020.744,336.317
45.000,58,2074.885,1822.654,191.679
45.000,59,518.374,1913.625,135.850
45.000,60,481.979,1188.261,346.776
45.000,61,1715.576,653.071,475.369
45.000,62,15.718,839.588,370.046
45.000,63,943.557,1668.284,480.970
45.000,64,110.989,799.200,267.351
45.000,65,1202.863,1390.969,317.914
45.000,66,63.219,344.765,528.764
45.000,67,1095.645,887.640,134.869
50.000,0,1808.873,1832.548,526.025
50.000,1,741.153,1942.458,448.563
50.000,2,940.596,339.988,536.042
50.000,3,1551.073,774.085,130.247
50.000,4,880.986,314.427,471.832
50.000,5,658.846,976.037,150.276
50.000,6,2109.118,807.451,376.213
50.000,7,390.979,539.798,302.222
50.000,8,554.764,2001.495,281.583
50.000,9,1926.829,2097.673,336.126
50.000,10,937.104,15.367,598.279
50.000,11,1844.033,1273.217,272.247
50.000,12,1868.361,1648.003,180.750
50.000,13,1047.352,2005.200,563.042
50.000,14,1287.370,2140.212,474.989
50.000,15,1685.691,53.624,300.907
50.000,16,168.418,103.743,466.298
50.000,17,1309.540,199.946,139.073
50.000,18,1408.779,912.495,473.685
50.000,19,1837.795,231.180,307.563
50.000,20,1984.589,1654.871,420.360
50.000,21,1117.642,2066.510,567.837
50.000,22,1339.645,1149.319,555.930
50.000,23,1810.113,127.289,523.585
50.000,24,1304.366,442.019,252.400
50.000,25,1419.505,1847.379,261.234
50.000,26,2044.836,1344.362,439.431
50.000,27,2062.283,800.995,260.321
50.000,28,2131.242,1724.834,529.311
50.000,29,2079.756,1526.127,292.271
50.000,30,90.376,1299.984,175.749
50.000,31,801.814,2114.356,157.858
50.000,32,2099.953,1509.645,306.553
50.000,33,714.052,1275.185,157.268
50.000,34,855.601,242.921,240.687
50.000,35,1145.586,1196.426,383.385
50.000,36,1212.881,1527.315,259.178
50.000,37,1886.327,307.946,213.491
50.000,38,750.783,662.279,194.166
50.000,39,751.375,1771.873,535.907
50.000,40,2094.534,635.843,510.913
50.000,41,389.702,1761.183,472.561
50.000,42,1225.362,1149.119,127.771
50.000,43,330.686,887.836,190.249
50.000,44,2175.532,305.888,397.408
50.000,45,740.303,239.932,145.301
50.000,46,776.358,802.964,238.349
50.000,47,1847.863,1165.556,173.058
50.000,48,1655.889,794.347,371.658
50.000,49,1058.687,1474.886,374.489
50.000,50,2089.692,233.765,358.510
50.000,51,1813.854,2136.078,372.251
50.000,52,1124.323,1825.843,372.166
50.000,53,379.365,1907.372,368.031
50.000,54,1724.021,1100.361,375.350
50.000,55,1825.899,198.508,373.689
50.000,56,93.614,828.980,128.606
50.000,57,1282.679,2063.980,340.016
50.000,58,2176.136,1741.772,196.349
50.000,59,494.634,1779.801,136.666
50.000,60,531.237,1268.837,345.758
50.000,61,1789.446,672.231,477.095
50.000,62,102.270,913.980,372.594
50.000,63,900.347,1546.407,475.540
50.000,64,200.573,914.030,263.449
50.000,65,1098.517,1320.812,314.818
50.000,66,46.595,370.076,529.955
50.000,67,1126.040,822.538,135.118
55.000,0,1899.555,1862.909,526.730
55.000,1,625.466,1939.798,449.243
55.000,2,922.826,226.463,539.760
55.000,3,1438.509,790.033,126.614
55.000,4,1011.370,319.068,473.366
55.000,5,703.154,850.258,151.494
55.000,6,2171.538,913.737,381.195
55.000,7,328.050,450.888,302.800
55.000,8,492.544,2116.466,286.325
55.000,9,1946.291,1967.270,333.020
55.000,10,1009.121,73.549,597.925
55.000,11,1749.301,1296.516,268.490
55.000,12,1850.940,1739.921,184.568
55.000,13,973.923,2078.374,563.312
55.000,14,1321.054,2032.579,470.859
55.000,15,1737.845,0.836,301.990
55.000,16,127.117,197.090,461.668
55.000,17,1248.415,254.238,143.419
55.000,18,1463.735,815.853,476.685
55.000,19,1950.129,185.940,304.170
55.000,20,2068.218,1723.192,427.660
55.000,21,1247.714,2081.627,566.587
55.000,22,1365.934,1269.701,561.603
55.000,23,1912.894,25.575,519.771
55.000,24,1198.551,413.123,251.172
55.000,25,1468.963,1769.634,262.921
55.000,26,2120.484,1280.808,440.374
55.000,27,1943.449,771.790,262.891
55.000,28,2117.095,1593.564,531.071
55.000,29,2225.954,1506.735,298.945
55.000,30,195.360,1332.833,172.999
55.000,31,844.972,2196.230,154.162
55.000,32,2136.976,1607.951,307.393
55.000,33,808.084,1324.995,159.727
55.000,34,825.146,327.281,239.047
55.000,35,1010.091,1229.349,379.802
55.000,36,1286.769,1424.918,252.256
55.000,37,1978.990,253.670,207.583
55.000,38,706.451,760.314,190.599
55.000,39,838.497,1788.756,536.769
55.000,40,2025.116,539.622,510.344
55.000,41,477.578,1805.082,473.088
55.000,42,1203.684,1076.278,130.638
55.000,43,415.955,843.174,193.357
55.000,44,2095.019,416.833,396.741
55.000,45,813.927,306.282,150.187
55.000,46,633.771,803.732,237.461
55.000,47,1748.519,1118.630,175.999
55.000,48,1755.699,770.281,366.467
55.000,49,991.795,1360.201,375.911
55.000,50,2073.037,335.070,356.944
55.000,51,1777.205,2232.152,364.931
55.000,52,1222.460,1905.257,378.694
55.000,53,512.481,1948.777,360.438
55.000,54,1809.420,1081.837,371.397
55.000,55,1754.077,292.483,373.349
55.000,56,142.168,897.325,129.508
55.000,57,1356.277,2109.036,342.595
55.000,58,2204.363,1658.527,202.093
55.000,59,495.769,1642.165,138.754
55.000,60,576.702,1352.895,344.824
55.000,61,1872.434,693.915,477.522
55.000,62,201.048,965.612,376.615
55.000,63,868.517,1419.037,475.924
55.000,64,281.322,1041.934,257.527
55.000,65,992.588,1259.090,311.826
55.000,66,135.535,376.461,528.641
55.000,67,1153.091,756.257,136.066
60.000,0,1993.156,1878.736,525.565
60.000,1,512.199,1922.838,449.188
60.000,2,864.702,137.142,542.736
60.000,3,1332.894,829.778,121.823
60.000,4,1133.233,351.331,475.414
60.000,5,754.549,727.624,155.022
60.000,6,2216.470,1034.619,388.496
60.000,7,275.371,356.971,302.884
60.000,8,450.880,2209.120,290.008
60.000,9,1945.903,1836.837,330.972
60.000,10,1081.379,130.685,598.204
60.000,11,1647.095,1313.630,267.035
60.000,12,1833.992,1830.776,188.804
60.000,13,894.364,2132.636,564.099
60.000,14,1383.831,1947.419,469.741
60.000,15,1775.768,77.107,304.351
60.000,16,79.980,282.828,458.751
60.000,17,1205.217,317.561,145.518
60.000,18,1520.868,717.113,478.937
60.000,19,2066.491,151.507,299.983
60.000,20,2167.762,1781.727,430.080
60.000,21,1386.474,2100.847,568.326
60.000,22,1391.242,1383.489,566.741
60.000,23,2025.744,97.195,514.575
60.000,24,1105.004,360.683,252.441
60.000,25,1524.947,1696.529,261.984
60.000,26,2188.673,1196.712,436.056
60.000,27,1833.140,733.745,267.166
60.000,28,2085.340,1460.870,528.410
60.000,29,2108.999,1490.488,304.635
60.000,30,290.694,1385.153,167.209
60.000,31,918.383,2070.466,154.363
60.000,32,2189.609,1705.412,306.262
60.000,33,902.505,1374.496,162.853
60.000,34,772.292,411.342,239.886
60.000,35,880.662,1278.738,376.188
60.000,36,1353.070,1317.848,246.850
60.000,37,2066.241,193.356,202.326
60.000,38,645.772,848.778,185.655
60.000,39,911.844,1841.015,538.101
60.000,40,1944.349,450.952,511.963
60.000,41,562.401,1852.531,474.264
60.000,42,1184.681,1003.160,131.536
60.000,43,498.816,787.920,195.807
60.000,44,2022.727,534.955,393.132
60.000,45,890.744,378.783,153.140
60.000,46,498.882,795.174,238.200
60.000,47,1635.901,1101.171,177.338
60.000,48,1854.602,723.580,362.384
60.000,49,922.783,1252.295,377.007
60.000,50,2052.494,434.036,353.790
60.000,51,1751.669,2128.401,357.986
60.000,52,1341.515,1956.235,382.112
60.000,53,640.238,2016.030,352.255
60.000,54,1886.283,1049.014,367.593
60.000,55,1703.261,405.282,373.495
60.000,56,189.531,974.209,130.285
60.000,57,1428.773,2134.475,343.220
60.000,58,2104.526,1569.949,209.101
60.000,59,505.091,1505.651,139.645
60.000,60,588.574,1446.250,344.771
60.000,61,1947.010,722.390,479.821
60.000,62,281.370,1043.125,381.187
60.000,63,831.073,1296.724,475.042
60.000,64,333.971,1174.692,254.582
60.000,65,873.330,1208.203,307.906
60.000,66,220.631,408.006,528.099
60.000,67,1184.509,685.664,137.679
65.000,0,2080.195,1903.803,522.897
65.000,1,401.471,1900.430,450.918
65.000,2,803.960,51.804,544.055
65.000,3,1239.565,878.102,120.911
65.000,4,1261.068,375.693,479.795
65.000,5,822.404,613.801,154.523
65.000,6,2218.465,1147.705,394.436
65.000,7,199.472,274.015,302.209
65.000,8,409.356,2086.098,291.118
65.000,9,1909.026,1704.073,327.364
65.000,10,1164.135,173.143,598.358
65.000,11,1551.618,1326.564,263.169
65.000,12,1818.337,1926.258,193.549
65.000,13,818.654,2204.099,564.606
65.000,14,1425.081,1840.503,466.480
65.000,15,1833.772,132.164,306.827
65.000,16,18.610,372.387,453.316
65.000,17,1135.140,364.754,148.987
65.000,18,1553.475,601.410,483.133
65.000,19,2186.766,129.633,299.431
65.000,20,2212.561,1832.181,434.182
65.000,21,1521.803,2115.798,568.416
65.000,22,1435.487,1500.499,575.313
65.000,23,2128.210,209.279,507.864
65.000,24,1008.091,343.270,250.271
65.000,25,1575.574,1623.486,263.908
65.000,26,2239.382,1113.686,437.086
65.000,27,1730.119,681.228,270.118
65.000,28,2076.310,1321.153,530.253
65.000,29,1976.723,1453.560,308.215
65.000,30,392.279,1417.141,161.000
65.000,31,988.040,1940.827,154.011
65.000,32,2232.601,1801.447,304.248
65.000,33,990.547,1429.118,164.164
65.000,34,728.723,486.197,239.836
65.000,35,749.376,1340.884,371.519
65.000,36,1416.150,1209.642,240.405
65.000,37,2167.457,147.205,197.372
65.000,38,599.657,937.925,181.520
65.000,39,995.296,1870.061,536.972
65.000,40,1860.848,354.132,514.465
65.000,41,645.244,1904.681,474.125
65.000,42,1161.238,936.968,133.966
65.000,43,589.510,742.278,200.446
65.000,44,1935.113,652.101,384.436
65.000,45,973.241,437.670,154.725
65.000,46,365.916,808.778,237.361
65.000,47,1516.104,1088.224,179.014
65.000,48,1952.587,685.222,358.193
65.000,49,836.121,1152.880,375.665
65.000,50,2023.207,536.305,352.439
65.000,51,1737.930,2027.424,352.349
65.000,52,1445.290,2026.796,384.277
65.000,53,779.292,2054.116,344.920
65.000,54,1962.385,1044.281,364.290
65.000,55,1623.541,502.245,371.101
65.000,56,232.010,1050.202,130.996
65.000,57,1494.606,2168.554,344.569
65.000,58,2003.463,1484.541,210.356
65.000,59,501.596,1373.040,143.878
65.000,60,625.349,1535.935,342.509
65.000,61,2020.904,741.347,483.253
65.000,62,378.329,1094.081,386.548
65.000,63,827.082,1169.328,473.453
65.000,64,434.816,1273.338,249.639
65.000,65,760.694,1150.162,305.596
65.000,66,306.356,423.670,530.288
65.000,67,1215.934,626.228,137.288
70.000,0,2167.131,1930.244,521.476
70.000,1,285.458,1901.876,450.907
70.000,2,768.867,54.886,548.523
70.000,3,1147.251,927.251,116.671
70.000,4,1391.224,401.933,480.192
70.000,5,854.468,484.034,153.630
70.000,6,2201.035,1273.261,399.692
70.000,7,128.587,190.800,301.672
70.000,8,389.604,1962.072,294.990
70.000,9,1906.028,1567.401,321.864
70.000,10,1234.804,233.197,598.192
70.000,11,1458.524,1341.185,262.528
70.000,12,1791.466,2010.296,197.566
70.000,13,769.049,2166.560,565.459
70.000,14,1467.527,1730.209,462.787
70.000,15,1889.329,201.213,308.104
70.000,16,17.866,471.821,448.028
70.000,17,1062.223,409.164,151.856
70.000,18,1631.895,517.531,484.780
70.000,19,2166.725,78.434,296.027
70.000,20,2136.413,1915.862,438.799
70.000,21,1647.607,2094.136,566.780
70.000,22,1450.702,1621.533,582.857
70.000,23,2224.565,319.405,500.627
70.000,24,912.539,298.797,252.036
70.000,25,1615.126,1545.829,264.698
70.000,26,2171.889,1049.218,438.466
70.000,27,1624.242,629.993,275.137
70.000,28,2032.982,1179.693,529.751
70.000,29,1845.310,1419.060,312.719
70.000,30,504.172,1416.149,156.198
70.000,31,1026.183,1806.856,153.401
70.000,32,2209.528,1902.984,303.739
70.000,33,1081.675,1504.267,165.205
70.000,34,696.914,571.139,237.908
70.000,35,614.683,1380.284,368.280
70.000,36,1485.464,1106.579,237.091
70.000,37,2203.106,92.097,192.865
70.000,38,553.237,1027.296,178.008
70.000,39,1079.057,1901.182,536.105
70.000,40,1789.191,259.365,518.000
70.000,41,712.595,1978.544,472.152
70.000,42,1124.204,875.976,136.795
70.000,43,682.901,709.281,200.800
70.000,44,1864.532,783.536,376.515
70.000,45,1059.337,495.021,157.718
70.000,46,233.118,801.717,236.669
70.000,47,1401.223,1063.406,183.571
70.000,48,2055.266,673.505,351.859
70.000,49,723.333,1077.759,375.888
70.000,50,1999.666,631.256,350.279
70.000,51,1707.875,1924.155,348.696
70.000,52,1526.814,2124.444,386.286
70.000,53,914.245,2103.780,338.799
70.000,54,2035.717,1029.605,361.546
70.000,55,1572.692,610.927,371.882
70.000,56,274.974,1124.508,129.872
70.000,57,1568.161,2182.180,345.640
70.000,58,1894.292,1416.430,217.377
70.000,59,523.254,1235.495,145.078
70.000,60,661.242,1629.856,341.158
70.000,61,2100.118,769.838,484.127
70.000,62,456.512,1177.122,391.908
70.000,63,775.956,1050.999,475.067
70.000,64,507.685,1406.949,244.734
70.000,65,657.207,1077.431,303.117
70.000,66,402.369,421.232,532.634
70.000,67,1236.299,558.700,137.680
75.000,0,2215.360,1953.042,520.768
75.000,1,175.919,1917.256,450.355
75.000,2,724.005,150.937,549.176
75.000,3,1040.374,963.070,114.993
75.000,4,1509.251,447.916,480.472
75.000,5,919.225,359.725,152.847
75.000,6,2155.662,1394.406,404.298
75.000,7,56.196,112.688,299.511
75.000,8,351.946,1847.474,300.632
75.000,9,1901.006,1427.373,318.108
75.000,10,1292.094,299.954,599.714
75.000,11,1368.412,1333.962,260.015
75.000,12,1771.468,2100.883,202.910
75.000,13,733.771,2071.630,568.463
75.000,14,1515.040,1631.128,462.810
75.000,15,1946.232,263.190,309.487
75.000,16,63.758,567.769,443.174
75.000,17,1002.427,473.274,154.838
75.000,18,1709.378,434.071,487.247
75.000,19,2051.470,54.871,293.504
75.000,20,2042.561,1978.632,440.330
75.000,21,1772.245,2068.010,569.352
75.000,22,1503.970,1737.534,584.798
75.000,23,2154.062,433.043,497.669
75.000,24,805.977,266.891,253.098
75.000,25,1657.170,1470.145,265.462
75.000,26,2088.993,992.942,439.159
75.000,27,1510.411,599.083,279.916
75.000,28,1981.698,1052.683,525.104
75.000,29,1712.064,1377.593,321.134
75.000,30,607.792,1449.728,153.659
75.000,31,1083.719,1674.902,149.991
75.000,32,2155.130,2004.628,303.226
75.000,33,1156.807,1585.453,165.987
75.000,34,653.530,652.205,239.438
75.000,35,477.146,1423.525,364.047
75.000,36,1545.502,992.994,230.908
75.000,37,2093.855,57.717,185.037
75.000,38,506.100,1120.784,173.654
75.000,39,1155.663,1940.884,533.611
75.000,40,1707.426,169.974,519.417
75.000,41,787.656,2048.888,471.857
75.000,42,1100.730,796.513,139.834
75.000,43,764.836,657.772,202.884
75.000,44,1808.643,913.281,372.662
75.000,45,1154.929,536.247,160.402
75.000,46,109.906,807.946,238.583
75.000,47,1290.081,1058.450,187.708
75.000,48,2150.717,651.500,349.935
75.000,49,614.067,996.150,374.152
75.000,50,1991.318,732.037,349.244
75.000,51,1697.219,1813.346,343.759
75.000,52,1630.038,2191.413,387.642
75.000,53,1048.305,2151.079,334.439
75.000,54,2109.281,1000.418,358.816
75.000,55,1499.490,703.829,371.198
75.000,56,308.559,1209.494,130.610
75.000,57,1638.577,2216.750,348.653
75.000,58,1798.152,1331.623,221.273
75.000,59,547.982,1094.359,145.321
75.000,60,690.634,1715.401,340.471
75.000,61,2177.308,784.760,487.168
75.000,62,536.161,1263.491,396.771
75.000,63,727.040,928.200,472.739
75.000,64,581.982,1529.356,237.765
75.000,65,564.551,988.846,298.469
75.000,66,493.288,432.283,533.070
75.000,67,1253.840,495.428,138.210
80.000,0,2130.984,1991.518,520.743
80.000,1,58.020,1904.765,449.724
80.000,2,701.906,256.006,550.347
80.000,3,946.611,1012.709,113.735
80.000,4,1638.944,428.122,483.397
80.000,5,985.639,251.321,152.752
80.000,6,2097.569,1507.253,411.294
80.000,7,22.492,28.324,299.332
80.000,8,309.819,1730.038,305.429
80.000,9,1870.605,1295.411,314.779
80.000,10,1356.553,364.036,599.593
80.000,11,1275.229,1355.670,254.932
80.000,12,1739.801,2180.883,207.556
80.000,13,663.472,1992.014,574.171
80.000,14,1541.947,1522.174,458.890
80.000,15,2002.316,327.453,310.497
80.000,16,108.509,660.039,438.776
80.000,17,936.036,525.232,155.857
80.000,18,1760.455,330.353,491.519
80.000,19,1937.169,29.814,289.209
80.000,20,1960.065,2057.900,445.524
80.000,21,1903.456,2042.436,567.772
80.000,22,1544.117,1853.098,590.160
80.000,23,2086.465,558.871,491.576
80.000,24,699.861,252.375,255.694
80.000,25,1703.797,1387.962,266.827
80.000,26,2010.707,944.516,440.180
80.000,27,1390.866,566.063,283.341
80.000,28,1956.672,924.874,527.167
80.000,29,1572.591,1323.890,324.688
80.000,30,712.878,1462.966,149.096
80.000,31,1153.746,1547.628,147.426
80.000,32,2099.646,2096.480,301.076
80.000,33,1229.393,1665.656,168.557
80.000,34,602.878,735.664,237.720
80.000,35,338.913,1450.458,362.029
80.000,36,1614.233,882.730,224.579
80.000,37,1987.055,27.618,179.956
80.000,38,480.064,1224.660,168.059
80.000,39,1239.411,1970.188,532.458
80.000,40,1619.431,87.237,518.530
80.000,41,872.450,2107.443,474.885
80.000,42,1080.604,719.768,142.309
80.000,43,864.882,621.661,205.341
80.000,44,1733.951,1036.979,366.472
80.000,45,1234.300,591.845,163.991
80.000,46,35.999,817.528,241.120
80.000,47,1184.289,1033.389,192.691
80.000,48,2211.181,632.458,346.034
80.000,49,505.299,918.618,373.011
80.000,50,1984.048,829.477,344.580
80.000,51,1686.054,1702.807,339.821
80.000,52,1725.856,2201.855,393.943
80.000,53,1180.651,2199.324,326.780
80.000,54,2189.331,971.688,356.673
80.000,55,1421.279,790.664,371.720
80.000,56,343.318,1296.841,131.760
80.000,57,1716.971,2223.957,351.465
80.000,58,1700.750,1250.235,225.709
80.000,59,544.907,947.472,142.906
80.000,60,723.937,1800.928,338.484
80.000,61,2222.296,798.005,488.590
80.000,62,627.416,1339.116,399.135
80.000,63,662.985,814.426,472.325
80.000,64,664.706,1651.033,232.210
80.000,65,464.834,918.419,295.781
80.000,66,583.819,430.370,530.467
80.000,67,1287.951,427.678,137.934
85.000,0,2043.272,2013.260,517.691
85.000,1,59.332,1890.860,447.722
85.000,2,660.267,357.101,552.988
85.000,3,860.228,1072.718,111.215
85.000,4,1766.768,447.470,483.265
85.000,5,1028.791,128.176,152.160
85.000,6,2069.146,1624.364,417.166
85.000,7,93.666,64.514,298.529
85.000,8,267.172,1613.809,311.790
85.000,9,1838.844,1164.499,312.495
85.000,10,1422.451,423.305,598.858
85.000,11,1184.890,1363.333,250.007
85.000,12,1724.737,2196.832,211.470
85.000,13,596.242,1918.150,575.940
85.000,14,1584.589,1421.293,457.857
85.000,15,2051.579,396.106,310.697
85.000,16,182.708,739.009,435.826
85.000,17,871.142,574.891,158.700
85.000,18,1827.075,235.892,494.481
85.000,19,1825.752,27.551,286.154
85.000,20,1884.082,2147.983,449.246
85.000,21,2031.323,2037.691,568.875
85.000,22,1572.175,1974.242,592.670
85.000,23,1993.572,663.673,490.074
85.000,24,597.142,216.821,257.481
85.000,25,1751.436,1308.409,267.627
85.000,26,1956.223,866.945,440.642
85.000,27,1267.068,548.622,283.858
85.000,28,1898.635,796.832,527.553
85.000,29,1440.563,1275.782,328.811
85.000,30,811.409,1509.576,145.506
85.000,31,1218.897,1420.332,144.943
85.000,32,2053.065,2194.035,301.519
85.000,33,1318.902,1727.516,170.617
85.000,34,562.248,822.416,237.343
85.000,35,209.596,1502.985,358.143
85.000,36,1690.698,785.035,217.574
85.000,37,1887.181,29.115,174.866
85.000,38,446.807,1327.840,163.358
85.000,39,1319.813,2018.578,531.938
85.000,40,1540.364,6.981,518.473
85.000,41,949.316,2153.135,474.616
85.000,42,1071.458,642.736,143.846
85.000,43,959.557,589.894,208.903
85.000,44,1655.156,1149.913,362.577
85.000,45,1329.049,643.106,168.395
85.000,46,172.073,829.535,240.291
85.000,47,1080.175,989.280,197.520
85.000,48,2106.387,614.066,343.038
85.000,49,387.677,852.859,371.354
85.000,50,1962.860,922.424,341.993
85.000,51,1677.595,1598.728,335.536
85.000,52,1839.860,2157.541,394.895
85.000,53,1308.742,2194.876,320.665
85.000,54,2204.241,942.021,353.303
85.000,55,1353.434,893.647,371.973
85.000,56,368.531,1388.809,130.249
85.000,57,1808.057,2210.856,352.290
85.000,58,1593.794,1185.553,228.953
85.000,59,570.343,814.480,145.866
85.000,60,765.140,1882.330,334.657
85.000,61,2146.492,831.004,490.747
85.000,62,698.432,1430.397,402.598
85.000,63,632.610,692.267,470.749
85.000,64,718.755,1783.200,228.054
85.000,65,355.917,840.146,290.095
85.000,66,678.660,437.501,529.344
85.000,67,1297.830,356.431,137.625
90.000,0,1950.581,2035.557,515.357
90.000,1,180.184,1883.849,444.753
90.000,2,605.473,450.011,555.321
90.000,3,753.606,1100.500,109.054
90.000,4,1884.678,469.796,484.824
90.000,5,1077.770,1.176,150.792
90.000,6,2023.505,1739.113,421.840
90.000,7,138.055,162.546,298.458
90.000,8,234.768,1494.476,317.264
90.000,9,1838.495,1029.838,307.716
90.000,10,1477.268,495.392,596.892
90.000,11,1087.764,1364.850,243.703
90.000,12,1693.216,2108.051,213.178
90.000,13,549.433,1824.646,578.443
90.000,14,1596.176,1314.184,455.811
90.000,15,2099.142,460.097,312.413
90.000,16,241.292,823.881,430.341
90.000,17,809.851,628.618,162.239
90.000,18,1896.728,136.572,497.711
90.000,19,1719.666,70.185,284.525
90.000,20,1809.981,2225.839,452.726
90.000,21,2159.369,2025.475,571.235
90.000,22,1561.744,2095.634,597.873
90.000,23,1922.100,794.874,487.627
90.000,24,493.204,186.375,257.310
90.000,25,1808.845,1237.017,267.836
90.000,26,1895.479,794.278,440.803
90.000,27,1154.992,498.763,285.449
90.000,28,1866.620,669.464,529.193
90.000,29,1299.516,1255.101,332.456
90.000,30,915.252,1532.579,141.973
90.000,31,1295.448,1291.480,144.715
90.000,32,2008.525,2175.701,300.369
90.000,33,1417.952,1788.783,171.975
90.000,34,505.543,906.408,237.591
90.000,35,82.757,1565.153,355.439
90.000,36,1768.507,682.272,212.145
90.000,37,1778.716,76.182,169.756
90.000,38,421.026,1436.076,158.804
90.000,39,1387.543,2066.631,529.400
90.000,40,1461.183,90.512,516.334
90.000,41,1023.428,2202.445,474.897
90.000,42,1048.789,564.342,146.860
90.000,43,1047.280,543.315,211.125
90.000,44,1580.002,1269.433,355.975
90.000,45,1404.241,716.068,170.276
90.000,46,304.896,825.657,242.949
90.000,47,965.557,951.247,203.190
90.000,48,2002.558,577.028,339.555
90.000,49,285.337,780.947,370.362
90.000,50,1934.171,1011.174,339.980
90.000,51,1652.631,1492.221,333.919
90.000,52,1959.687,2124.874,394.929
90.000,53,1440.847,2145.706,313.353
90.000,54,2123.822,921.000,349.507
90.000,55,1289.583,991.822,371.996
90.000,56,422.623,1460.111,130.788
90.000,57,1879.754,2178.510,355.984
90.000,58,1495.283,1098.951,235.394
90.000,59,571.608,684.285,147.270
90.000,60,796.517,1965.748,332.637
90.000,61,2061.412,847.696,493.051
90.000,62,786.628,1502.920,406.482
90.000,63,597.246,572.488,468.648
90.000,64,801.685,1902.234,224.095
90.000,65,257.232,760.809,282.750
90.000,66,768.314,425.254,528.769
90.000,67,1323.405,288.172,136.283
95.000,0,1855.632,2070.056,514.049
95.000,1,295.362,1850.677,445.286
95.000,2,573.104,546.812,555.494
95.000,3,653.315,1144.499,106.233
95.000,4,2007.314,518.840,488.756
95.000,5,1125.676,114.369,150.370
95.000,6,1972.595,1847.691,425.452
95.000,7,186.664,260.810,300.744
95.000,8,184.307,1386.651,322.650
95.000,9,1863.249,897.323,302.267
95.000,10,1536.803,563.993,596.807
95.000,11,994.468,1380.172,236.565
95.000,12,1666.797,2013.723,216.247
95.000,13,460.981,1761.371,578.777
95.000,14,1657.798,1229.779,451.837
95.000,15,2146.092,529.009,314.342
95.000,16,290.507,916.473,424.186
95.000,17,748.333,683.419,165.092
95.000,18,1969.478,42.466,498.364
95.000,19,1601.944,109.826,279.289
95.000,20,1734.490,2149.324,456.304
95.000,21,2189.211,2008.248,571.744
95.000,22,1562.242,2214.789,596.042
95.000,23,1799.414,888.860,479.296
95.000,24,385.721,151.848,256.138
95.000,25,1858.746,1168.722,267.502
95.000,26,1840.793,717.717,440.851
95.000,27,1037.014,459.381,286.984
95.000,28,1841.715,536.817,524.172
95.000,29,1156.022,1258.671,337.965
95.000,30,1012.953,1566.983,139.018
95.000,31,1374.739,1176.803,145.371
95.000,32,1966.756,2085.222,299.018
95.000,33,1503.095,1851.161,175.888
95.000,34,479.855,1002.041,237.947
95.000,35,58.184,1601.486,351.668
95.000,36,1836.581,583.973,207.895
95.000,37,1672.856,116.961,164.899
95.000,38,400.429,1540.938,153.828
95.000,39,1474.308,2097.158,528.141
95.000,40,1381.738,169.049,517.529
95.000,41,1111.077,2218.672,474.618
95.000,42,1022.912,495.649,148.510
95.000,43,1143.211,502.501,212.235
95.000,44,1492.459,1380.687,353.988
95.000,45,1501.045,763.383,171.493
95.000,46,440.490,802.934,239.784
95.000,47,860.021,908.858,208.350
95.000,48,1896.937,553.699,334.747
95.000,49,180.178,698.529,373.863
95.000,50,1888.559,1104.924,337.451
95.000,51,1633.363,1385.492,326.929
95.000,52,2079.458,2078.655,400.260
95.000,53,1564.899,2066.857,308.883
95.000,54,2051.540,884.443,346.256
95.000,55,1220.327,1090.547,373.408
95.000,56,461.361,1539.529,130.784
95.000,57,1955.608,2142.083,358.136
95.000,58,1397.951,1026.040,239.910
95.000,59,565.760,544.510,147.013
95.000,60,827.408,2051.902,329.926
95.000,61,1980.729,852.554,494.705
95.000,62,861.317,1585.062,411.083
95.000,63,559.707,446.299,469.692
95.000,64,899.998,2007.926,222.285
95.000,65,160.794,687.059,278.931
95.000,66,854.041,429.125,528.479
95.000,67,1336.087,218.524,135.328
100.000,0,1773.899,2120.270,513.154
100.000,1,409.992,1817.784,442.703
100.000,2,534.408,641.609,558.382
100.000,3,554.542,1166.738,104.964
100.000,4,2138.943,530.194,488.773
100.000,5,1171.554,235.266,148.675
100.000,6,1935.479,1958.800,433.276
100.000,7,249.331,353.434,302.235
100.000,8,111.373,1285.199,326.821
100.000,9,1826.114,773.826,297.720
100.000,10,1607.210,628.880,594.632
100.000,11,902.608,1395.034,232.919
100.000,12,1641.451,1925.780,220.367
100.000,13,394.052,1681.172,578.478
100.000,14,1700.492,1130.500,449.619
100.000,15,2197.336,593.158,313.218
100.000,16,347.642,1007.205,418.227
100.000,17,683.715,738.323,170.213
100.000,18,2044.882,72.711,496.972
100.000,19,1488.251,156.048,273.144
100.000,20,1664.587,2065.939,459.676
100.000,21,2064.744,1958.408,573.971
100.000,22,1597.237,2122.404,589.868
100.000,23,1699.304,1001.454,478.282
100.000,24,284.068,119.697,255.801
100.000,25,1884.755,1083.756,268.334
100.000,26,1773.764,650.554,440.146
100.000,27,916.431,453.891,293.681
100.000,28,1813.666,405.474,526.917
100.000,29,1015.555,1255.604,340.389
100.000,30,1112.100,1582.655,136.912
100.000,31,1436.669,1046.194,144.563
100.000,32,1912.443,1985.613,297.746
100.000,33,1588.622,1918.614,179.993
100.000,34,443.955,1088.322,236.631
100.000,35,187.733,1643.301,346.437
100.000,36,1908.892,488.239,204.762
100.000,37,1569.080,166.657,159.632
100.000,38,374.950,1643.118,148.034
100.000,39,1554.305,2133.679,527.636
100.000,40,1301.784,256.962,520.156
100.000,41,1179.892,2146.617,476.625
100.000,42,998.097,428.317,148.534
100.000,43,1240.472,468.435,214.388
100.000,44,1401.846,1491.979,353.569
100.000,45,1578.404,824.334,173.743
100.000,46,569.926,783.744,238.803
100.000,47,744.795,881.884,214.612
100.000,48,1795.822,517.646,330.700
100.000,49,91.965,596.444,373.294
100.000,50,1864.314,1203.433,333.858
100.000,51,1602.084,1280.472,322.807
100.000,52,2180.597,1999.900,403.543
100.000,53,1705.928,2041.148,305.725
100.000,54,1970.125,857.543,343.008
100.000,55,1157.824,1189.782,372.630
100.000,56,507.561,1614.473,129.265
100.000,57,2028.755,2114.429,360.200
100.000,58,1281.157,981.266,243.019
100.000,59,563.090,400.000,148.382
100.000,60,877.702,2133.851,329.244
100.000,61,1902.484,854.062,497.425
100.000,62,929.022,1665.619,412.688
100.000,63,516.347,321.704,470.633
100.000,64,982.288,2139.534,220.818
100.000,65,57.424,611.585,275.348
100.000,66,935.550,441.980,526.351
100.000,67,1378.432,162.948,133.745
105.000,0,1686.542,2143.937,512.086
105.000,1,522.411,1822.532,444.009
105.000,2,510.845,744.964,562.389
105.000,3,454.091,1207.674,102.543
105.000,4,2212.915,542.504,487.527
105.000,5,1233.362,348.363,153.086
105.000,6,1879.467,2058.082,437.223
105.000,7,324.065,442.167,304.133
105.000,8,52.869,1177.482,328.103
105.000,9,1840.174,634.794,296.306
105.000,10,1670.624,693.087,594.314
105.000,11,814.337,1406.444,227.571
105.000,12,1630.729,1836.520,223.263
105.000,13,351.715,1585.061,579.400
105.000,14,1739.476,1029.450,446.128
105.000,15,2226.355,657.017,313.165
105.000,16,396.529,1103.114,414.024
105.000,17,620.036,794.991,173.925
105.000,18,2113.773,168.893,498.424
105.000,19,1375.542,195.025,267.346
105.000,20,1568.577,2012.061,464.954
105.000,21,1933.285,1935.999,572.860
105.000,22,1616.707,2005.011,586.871
105.000,23,1577.546,1088.712,478.431
105.000,24,181.840,101.860,256.618
105.000,25,1933.410,1003.863,269.443
105.000,26,1717.380,574.344,441.070
105.000,27,797.164,410.239,297.822
105.000,28,1804.636,263.777,523.734
105.000,29,869.304,1237.647,344.059
105.000,30,1210.722,1599.977,132.949
105.000,31,1516.617,926.713,142.542
105.000,32,1866.069,1888.827,296.137
105.000,33,1655.943,2000.488,181.114
105.000,34,401.217,1164.290,236.314
105.000,35,307.534,1700.352,343.420
105.000,36,1956.186,376.684,199.033
105.000,37,1471.799,220.774,154.429
105.000,38,329.671,1736.919,143.338
105.000,39,1631.577,2184.235,526.066
105.000,40,1204.365,337.557,519.866
105.000,41,1247.598,2084.685,478.540
105.000,42,980.307,353.714,149.426
105.000,43,1339.277,444.840,218.346
105.000,44,1340.164,1612.844,349.465
105.000,45,1670.943,883.736,177.263
105.000,46,701.255,753.259,240.109
105.000,47,634.556,850.652,217.698
105.000,48,1700.586,476.794,325.114
105.000,49,23.951,503.439,374.170
105.000,50,1845.186,1298.676,330.661
105.000,51,1603.700,1175.688,319.215
105.000,52,2201.121,1919.490,405.480
105.000,53,1846.112,2005.017,298.771
105.000,54,1898.587,835.420,341.281
105.000,55,1106.375,1304.818,372.503
105.000,56,556.694,1688.884,129.152
105.000,57,2096.366,2075.961,361.868
105.000,58,1181.712,902.087,244.528
105.000,59,551.536,262.581,145.152
105.000,60,928.632,2208.452,328.671
105.000,61,1824.715,861.128,498.384
105.000,62,1019.254,1741.882,418.605
105.000,63,468.126,203.759,470.336
105.000,64,1068.096,2192.911,214.502
105.000,65,64.921,532.252,270.424
105.000,66,1027.692,437.743,525.580
105.000,67,1408.636,90.070,134.651
110.000,0,1596.559,2174.308,509.000
110.000,1,634.953,1798.845,445.854
110.000,2,491.686,848.931,565.291
110.000,3,365.342,1256.835,100.101
110.000,4,2097.080,569.491,487.245
110.000,5,1290.253,468.927,151.815
110.000,6,1845.558,2176.900,440.540
110.000,7,396.566,533.552,305.916
110.000,8,7.426,1064.131,332.287
110.000,9,1842.798,507.670,290.815
110.000,10,1732.454,761.880,593.153
110.000,11,722.908,1417.743,222.902
110.000,12,1598.597,1752.906,226.188
110.000,13,289.351,1504.797,581.364
110.000,14,1777.372,921.258,444.434
110.000,15,2172.665,714.384,313.628
110.000,16,432.632,1204.219,410.013
110.000,17,542.348,829.997,175.896
110.000,18,2170.400,270.689,501.891
110.000,19,1264.167,244.415,261.530
110.000,20,1471.460,1956.847,469.821
110.000,21,1800.489,1937.755,574.260
110.000,22,1622.311,1887.874,581.220
110.000,23,1487.688,1207.178,471.620
110.000,24,82.816,90.870,257.867
110.000,25,1993.242,939.136,271.511
110.000,26,1652.488,503.256,441.692
110.000,27,685.303,383.369,300.109
110.000,28,1795.349,130.519,523.175
110.000,29,731.346,1189.030,347.563
110.000,30,1316.556,1633.856,129.023
110.000,31,1562.292,790.863,140.973
110.000,32,1813.407,1806.492,294.594
110.000,33,1742.261,2077.332,183.684
110.000,34,351.839,1241.004,236.655
110.000,35,442.874,1734.421,339.562
110.000,36,2037.357,276.303,193.795
110.000,37,1372.389,273.636,148.118
110.000,38,279.386,1822.807,139.537
110.000,39,1704.401,2223.421,525.142
110.000,40,1144.001,436.819,518.237
110.000,41,1335.474,2033.337,480.308
110.000,42,958.349,286.438,151.510
110.000,43,1438.912,414.346,219.193
110.000,44,1250.877,1723.097,346.172
110.000,45,1765.597,932.326,176.216
110.000,46,836.545,746.682,240.574
110.000,47,522.842,842.399,221.290
110.000,48,1601.813,436.188,321.025
110.000,49,113.390,412.082,374.396
110.000,50,1799.487,1388.334,325.927
110.000,51,1604.412,1067.605,312.208
110.000,52,2109.711,1827.664,408.334
110.000,53,1967.002,1945.462,291.678
110.000,54,1815.826,836.660,339.044
110.000,55,1042.367,1414.634,376.045
110.000,56,607.060,1758.288,127.768
110.000,57,2171.760,2036.216,365.336
110.000,58,1096.505,817.469,249.556
110.000,59,582.302,122.286,146.235
110.000,60,942.460,2145.780,325.302
110.000,61,1740.269,848.369,497.382
110.000,62,1104.358,1815.156,423.957
110.000,63,419.478,87.912,470.088
110.000,64,1139.654,2058.739,212.036
110.000,65,173.989,458.200,267.211
110.000,66,1111.857,443.484,525.703
110.000,67,1436.002,33.247,135.791
115.000,0,1501.690,2187.109,506.392
115.000,1,755.237,1776.089,444.742
115.000,2,441.048,932.093,569.255
115.000,3,283.829,1325.959,101.970
115.000,4,1977.334,572.350,488.881
115.000,5,1360.531,578.394,147.218
115.000,6,1793.075,2153.248,446.372
115.000,7,473.263,610.373,307.716
115.000,8,58.594,949.583,334.611
115.000,9,1828.554,375.882,285.990
115.000,10,1795.242,835.827,590.013
115.000,11,631.736,1434.171,220.988
115.000,12,1568.683,1669.339,229.035
115.000,13,228.529,1430.609,582.108
115.000,14,1815.708,811.827,443.282
115.000,15,2129.175,786.140,315.364
115.000,16,503.755,1277.890,404.185
115.000,17,470.336,870.535,177.638
115.000,18,2218.975,375.640,502.614
115.000,19,1163.634,296.118,256.296
115.000,20,1376.432,1900.331,477.162
115.000,21,1669.275,1930.871,573.794
115.000,22,1638.253,1766.472,575.940
115.000,23,1369.535,1292.472,464.243
115.000,24,36.819,53.309,259.088
115.000,25,2045.842,863.811,271.905
115.000,26,1584.246,432.959,442.241
115.000,27,587.940,316.716,301.528
115.000,28,1778.537,25.428,522.991
115.000,29,585.264,1174.656,349.646
115.000,30,1420.437,1658.031,128.338
115.000,31,1643.908,668.984,140.163
115.000,32,1792.258,1704.021,292.546
115.000,33,1822.646,2133.050,183.698
115.000,34,313.096,1321.180,236.435
115.000,35,579.190,1750.563,332.704
115.000,36,2113.048,178.149,188.327
115.000,37,1297.930,358.742,144.371
115.000,38,254.541,1915.615,133.772
115.000,39,1777.606,2190.163,525.537
115.000,40,1065.380,525.490,519.056
115.000,41,1421.162,1987.254,480.139
115.000,42,940.118,218.969,153.381
115.000,43,1526.244,373.565,221.808
115.000,44,1158.126,1826.163,343.174
115.000,45,1856.028,977.211,179.674
115.000,46,973.172,749.195,240.198
115.000,47,409.696,835.271,226.390
115.000,48,1497.365,417.612,319.635
115.000,49,199.264,314.833,376.269
115.000,50,1783.678,1489.849,323.289
115.000,51,1588.000,960.601,307.230
115.000,52,2012.263,1754.242,412.622
115.000,53,2102.229,1902.097,288.590
115.000,54,1741.391,814.407,336.090
115.000,55,980.516,1522.964,375.180
115.000,56,660.301,1834.137,126.720
115.000,57,2227.778,1993.132,367.700
115.000,58,1007.664,737.201,254.769
115.000,59,560.548,18.367,147.681
115.000,60,972.421,2058.309,324.572
115.000,61,1658.319,870.239,498.832
115.000,62,1178.828,1900.627,429.279
115.000,63,399.680,64.433,467.917
115.000,64,1224.202,1936.044,208.019
115.000,65,280.488,384.381,262.184
115.000,66,1207.375,448.682,524.760
115.000,67,1454.852,50.573,136.051
120.000,0,1413.076,2215.685,505.221
120.000,1,873.544,1784.024,445.278
120.000,2,403.363,1025.941,572.581
120.000,3,195.792,1384.937,104.079
120.000,4,1851.791,590.044,491.489
120.000,5,1434.065,681.429,146.944
120.000,6,1754.725,2034.194,452.753
120.000,7,526.676,706.979,311.307
120.000,8,88.513,829.984,338.047
120.000,9,1825.158,236.593,285.043
120.000,10,1854.478,911.962,586.924
120.000,11,538.856,1469.087,215.821
120.000,12,1532.042,1587.878,231.989
120.000,13,151.741,1359.688,581.904
120.000,14,1871.258,714.863,440.651
120.000,15,2079.682,846.338,314.683
120.000,16,569.621,1358.476,399.398
120.000,17,397.820,919.158,179.910
120.000,18,2180.952,465.631,503.603
120.000,19,1057.272,351.630,252.985
120.000,20,1283.749,1835.763,480.875
120.000,21,1534.229,1926.211,572.796
120.000,22,1663.502,1652.881,575.891
120.000,23,1266.481,1400.863,460.279
120.000,24,133.764,4.081,259.320
120.000,25,2104.065,792.823,272.958
120.000,26,1512.585,352.894,445.018
120.000,27,485.969,258.654,304.685
120.000,28,1746.267,163.497,521.650
120.000,29,444.218,1141.132,354.153
120.000,30,1520.173,1696.140,125.493
120.000,31,1691.604,532.269,139.037
120.000,32,1742.310,1613.721,290.535
120.000,33,1907.729,2195.833,183.611
120.000,34,269.713,1399.847,235.439
120.000,35,718.585,1765.117,327.581
120.000,36,2169.916,70.465,181.800
120.000,37,1193.809,389.519,140.733
120.000,38,225.873,2008.496,128.843
120.000,39,1864.294,2179.702,523.965
120.000,40,1000.160,620.281,517.665
120.000,41,1498.254,1931.206,480.209
120.000,42,901.022,159.219,152.084
120.000,43,1615.273,328.241,225.877
120.000,44,1063.973,1921.699,338.725
120.000,45,1938.550,1028.778,183.924
120.000,46,1106.728,766.520,242.085
120.000,47,302.073,818.429,232.704
120.000,48,1400.145,381.859,317.108
120.000,49,295.253,223.602,381.482
120.000,50,1766.214,1587.382,321.468
120.000,51,1543.013,863.441,302.745
120.000,52,1922.530,1666.125,418.162
120.000,53,2230.469,1850.203,282.393
120.000,54,1667.362,786.083,332.668
120.000,55,919.283,1635.269,375.865
120.000,56,695.067,1918.702,127.115
120.000,57,2159.098,1952.844,368.492
120.000,58,904.505,661.055,259.760
120.000,59,541.690,156.917,148.278
120.000,60,1003.484,1966.006,322.348
120.000,61,1583.758,908.450,499.951
120.000,62,1246.277,1997.177,435.388
120.000,63,353.410,185.672,467.551
120.000,64,1324.989,1834.690,203.397
120.000,65,399.358,330.071,259.275
120.000,66,1294.567,456.298,526.845
120.000,67,1478.182,122.564,137.260
125.000,0,1322.627,2222.078,505.730
125.000,1,991.299,1784.634,447.963
125.000,2,353.066,1126.679,576.017
125.000,3,95.979,1416.556,105.292
125.000,4,1726.406,590.101,489.883
125.000,5,1490.030,797.402,144.906
125.000,6,1694.326,1924.810,457.805
125.000,7,608.818,776.992,309.776
125.000,8,120.175,702.434,344.037
125.000,9,1812.397,101.631,283.200
125.000,10,1937.528,962.007,584.013
125.000,11,436.286,1479.731,210.633
125.000,12,1505.205,1502.225,236.318
125.000,13,71.125,1293.968,581.884
125.000,14,1910.743,609.925,439.021
125.000,15,2036.938,908.766,316.621
125.000,16,634.256,1447.738,394.144
125.000,17,328.123,972.494,180.647
125.000,18,2118.719,568.550,503.099
125.000,19,934.839,376.989,250.154
125.000,20,1203.430,1759.027,481.753
125.000,21,1394.471,1910.785,573.425
125.000,22,1677.198,1537.108,574.981
125.000,23,1178.451,1514.283,455.442
125.000,24,237.844,28.396,259.775
125.000,25,2147.514,721.694,272.844
125.000,26,1452.670,270.714,443.149
125.000,27,372.120,235.855,305.664
125.000,28,1725.437,298.890,525.264
125.000,29,302.722,1113.192,361.670
125.000,30,1620.767,1725.000,123.158
125.000,31,1757.212,401.615,139.162
125.000,32,1693.515,1517.514,288.428
125.000,33,1999.125,2199.764,184.684
125.000,34,207.936,1466.787,235.887
125.000,35,853.780,1772.695,323.611
125.000,36,2224.407,50.144,178.098
125.000,37,1085.591,416.487,134.836
125.000,38,186.108,2106.127,124.107
125.000,39,1945.201,2141.692,521.255
125.000,40,930.365,717.120,517.599
125.000,41,1570.383,1867.359,481.460
125.000,42,875.337,90.968,153.827
125.000,43,1702.974,284.041,229.341
125.000,44,960.778,2026.976,329.646
125.000,45,2006.932,1106.210,187.705
125.000,46,1237.572,736.889,243.836
125.000,47,188.548,783.632,236.740
125.000,48,1291.474,369.719,311.102
125.000,49,383.350,134.160,382.363
125.000,50,1733.426,1683.296,319.716
125.000,51,1508.862,774.375,297.016
125.000,52,1817.480,1591.821,419.922
125.000,53,2109.770,1777.107,274.065
125.000,54,1588.698,742.942,328.961
125.000,55,854.722,1741.903,376.474
125.000,56,736.012,1997.698,126.755
125.000,57,2087.365,1926.167,370.908
125.000,58,810.834,574.876,265.510
125.000,59,545.373,305.655,149.407
125.000,60,1028.604,1871.726,320.314
125.000,61,1508.027,933.110,502.603
125.000,62,1338.784,2064.988,439.567
125.000,63,333.935,308.726,467.085
125.000,64,1433.158,1729.664,199.333
125.000,65,496.010,248.920,255.271
125.000,66,1392.219,447.413,524.728
125.000,67,1503.290,184.136,138.949
130.000,0,1236.512,2191.692,504.568
130.000,1,1102.901,1785.082,449.297
130.000,2,281.440,1205.377,578.049
130.000,3,3.676,1485.314,105.186
130.000,4,1600.117,595.992,492.429
130.000,5,1544.700,914.157,143.789
130.000,6,1647.979,1811.900,462.497
130.000,7,681.298,859.524,312.553
130.000,8,188.800,593.896,349.332
130.000,9,1810.606,44.928,279.681
130.000,10,1990.971,1039.073,584.536
130.000,11,338.258,1501.066,204.537
130.000,12,1465.006,1423.784,239.166
130.000,13,6.821,1218.977,583.745
130.000,14,1973.246,514.037,438.605
130.000,15,1989.257,975.478,318.061
130.000,16,699.194,1531.394,390.071
130.000,17,260.666,1020.624,182.375
130.000,18,2053.051,664.509,506.178
130.000,19,822.988,420.718,247.733
130.000,20,1123.133,1689.345,484.337
130.000,21,1254.837,1914.748,576.453
130.000,22,1694.996,1421.091,568.820
130.000,23,1082.488,1622.874,452.581
130.000,24,341.398,48.679,260.795
130.000,25,2178.607,638.271,273.582
130.000,26,1379.782,202.163,441.864
130.000,27,249.790,221.198,310.188
130.000,28,1695.502,436.244,528.739
130.000,29,169.412,1062.730,367.132
130.000,30,1733.143,1746.868,120.020
130.000,31,1797.490,260.620,138.061
130.000,32,1660.582,1418.216,288.810
130.000,33,2073.303,2110.700,189.340
130.000,34,174.396,1547.403,235.774
130.000,35,990.792,1785.915,323.493
130.000,36,2144.616,140.338,173.715
130.000,37,984.985,453.654,128.330
130.000,38,120.726,2190.661,121.398
130.000,39,2025.611,2098.103,518.684
130.000,40,883.046,824.237,520.312
130.000,41,1661.229,1831.044,482.036
130.000,42,839.693,33.386,154.426
130.000,43,1800.924,237.824,233.517
130.000,44,862.221,2134.235,324.849
130.000,45,2081.001,1170.706,192.207
130.000,46,1371.108,728.102,247.000
130.000,47,77.459,755.138,240.028
130.000,48,1192.612,349.059,305.028
130.000,49,453.587,27.840,379.920
130.000,50,1712.860,1784.075,319.323
130.000,51,1501.011,670.602,291.673
130.000,52,1706.255,1528.431,422.850
130.000,53,1976.931,1726.863,268.288
130.000,54,1523.724,704.653,326.850
130.000,55,787.637,1852.386,377.176
130.000,56,763.368,2087.791,125.732
130.000,57,2021.238,1882.719,372.775
130.000,58,729.325,473.808,272.584
130.000,59,552.031,438.050,149.497
130.000,60,1065.181,1781.470,319.255
130.000,61,1428.416,941.320,502.972
130.000,62,1418.836,2144.062,442.264
130.000,63,303.640,432.910,467.919
130.000,64,1505.254,1600.546,193.785
130.000,65,600.911,170.591,251.901
130.000,66,1485.784,484.468,523.713
130.000,67,1542.325,248.633,139.267
135.000,0,1151.162,2156.515,502.538
135.000,1,1218.332,1784.615,451.852
135.000,2,223.217,1307.990,580.137
135.000,3,107.007,1529.735,107.469
135.000,4,1482.893,625.936,489.748
135.000,5,1620.897,1024.117,139.387
135.000,6,1600.307,1693.876,469.426
135.000,7,761.076,939.313,315.433
135.000,8,236.530,482.238,354.659
135.000,9,1825.420,181.164,275.630
135.000,10,2050.573,1103.872,582.563
135.000,11,243.082,1500.100,197.547
135.000,12,1457.830,1338.674,241.900
135.000,13,84.950,1146.292,583.200
135.000,14,1969.907,401.443,437.153
135.000,15,1933.494,1040.239,319.137
135.000,16,746.103,1624.482,387.062
135.000,17,190.318,1062.823,185.014
135.000,18,1991.956,771.347,507.891
135.000,19,704.732,460.355,245.495
135.000,20,1032.642,1613.291,489.213
135.000,21,1116.946,1909.740,579.757
135.000,22,1721.510,1304.596,565.260
135.000,23,964.048,1706.128,446.802
135.000,24,440.424,76.920,259.187
135.000,25,2216.355,559.175,275.590
135.000,26,1302.669,148.454,440.580
135.000,27,134.668,191.866,314.272
135.000,28,1657.126,570.155,531.100
135.000,29,33.725,1003.847,372.742
135.000,30,1843.387,1753.860,116.084
135.000,31,1819.126,116.120,136.228
135.000,32,1596.358,1333.625,286.484
135.000,33,2171.739,2054.866,193.455
135.000,34,133.567,1632.588,235.509
135.000,35,1121.699,1800.626,320.951
135.000,36,2061.061,229.663,167.694
135.000,37,886.135,504.808,124.363
135.000,38,83.780,2171.410,119.528
135.000,39,2103.011,2049.754,517.888
135.000,40,811.825,903.304,521.253
135.000,41,1749.419,1786.898,484.814
135.000,42,822.616,37.095,155.281
135.000,43,1899.297,207.338,236.862
135.000,44,781.579,2201.302,321.567
135.000,45,2170.978,1224.541,194.760
135.000,46,1507.718,718.964,252.155
135.000,47,47.894,738.962,241.236
135.000,48,1083.004,321.393,300.816
135.000,49,526.844,83.583,382.158
135.000,50,1671.770,1886.010,316.147
135.000,51,1458.080,565.220,284.957
135.000,52,1594.762,1467.309,425.634
135.000,53,1857.741,1640.854,261.860
135.000,54,1444.074,673.767,322.625
135.000,55,713.947,1954.106,378.276
135.000,56,782.221,2182.082,125.837
135.000,57,1938.695,1838.301,374.413
135.000,58,622.466,410.407,276.689
135.000,59,531.966,572.282,149.601
135.000,60,1108.826,1694.726,317.282
135.000,61,1348.984,951.268,503.297
135.000,62,1499.469,2221.710,447.288
135.000,63,278.210,566.020,465.161
135.000,64,1608.562,1499.190,191.833
135.000,65,710.625,102.781,249.584
135.000,66,1577.131,515.623,522.816
135.000,67,1571.279,322.224,140.067
140.000,0,1061.501,2122.480,500.848
140.000,1,1327.190,1775.003,452.459
140.000,2,180.384,1411.762,581.702
140.000,3,207.428,1576.009,108.597
140.000,4,1362.449,659.539,488.942
140.000,5,1675.242,1142.788,135.788
140.000,6,1575.175,1573.559,473.898
140.000,7,834.791,1019.103,314.987
140.000,8,267.440,359.326,359.538
140.000,9,1812.656,318.530,274.263
140.000,10,2109.656,1180.830,581.968
140.000,11,154.812,1538.620,191.841
140.000,12,1426.312,1251.808,245.317
140.000,13,158.396,1067.035,582.464
140.000,14,2031.596,315.002,436.389
140.000,15,1880.308,1102.764,321.002
140.000,16,804.380,1707.662,383.362
140.000,17,121.061,1108.004,188.479
140.000,18,1946.111,880.691,506.789
140.000,19,590.386,490.033,242.468
140.000,20,964.204,1529.270,492.022
140.000,21,985.133,1890.964,581.179
140.000,22,1748.410,1190.864,561.746
140.000,23,852.383,1796.410,442.696
140.000,24,546.821,111.435,261.033
140.000,25,2223.339,472.831,277.459
140.000,26,1236.349,77.999,441.609
140.000,27,30.816,133.521,317.806
140.000,28,1634.554,705.556,530.806
140.000,29,110.082,969.379,376.592
140.000,30,1945.572,1796.810,110.638
140.000,31,1860.030,26.530,136.564
140.000,32,1546.241,1242.033,284.131
140.000,33,2219.752,1982.019,196.737
140.000,34,87.457,1714.102,236.336
140.000,35,1257.130,1830.992,314.663
140.000,36,1972.537,314.613,159.753
140.000,37,778.784,526.731,121.070
140.000,38,21.399,2087.306,116.446
140.000,39,2188.934,2003.803,516.714
140.000,40,748.748,992.950,520.156
140.000,41,1826.841,1734.603,484.838
140.000,42,804.860,107.868,156.021
140.000,43,1995.340,190.408,238.567
140.000,44,690.978,2091.766,319.796
140.000,45,2209.513,1277.801,197.691
140.000,46,1640.671,697.283,250.972
140.000,47,155.068,698.650,245.306
140.000,48,984.753,296.854,296.820
140.000,49,625.361,172.926,382.653
140.000,50,1659.468,1984.470,312.239
140.000,51,1453.691,457.895,281.930
140.000,52,1475.031,1419.136,431.138
140.000,53,1724.040,1590.935,258.891
140.000,54,1364.534,641.523,318.995
140.000,55,650.429,2058.338,377.951
140.000,56,838.284,2185.305,126.184
140.000,57,1863.122,1800.799,376.995
140.000,58,517.247,339.346,282.888
140.000,59,549.460,703.715,152.865
140.000,60,1147.039,1604.509,313.613
140.000,61,1270.989,980.487,505.158
140.000,62,1577.769,2161.629,454.791
140.000,63,233.520,693.702,465.194
140.000,64,1683.577,1381.909,187.385
140.000,65,813.865,30.989,248.283
140.000,66,1660.767,538.110,524.003
140.000,67,1607.936,386.937,141.353
145.000,0,974.295,2097.522,499.580
145.000,1,1438.587,1770.174,452.619
145.000,2,126.918,1502.304,586.469
145.000,3,304.144,1628.113,110.192
145.000,4,1247.304,693.140,489.273
145.000,5,1733.294,1252.357,133.478
145.000,6,1511.239,1466.543,480.463
145.000,7,899.242,1108.087,317.228
145.000,8,315.195,247.692,362.455
145.000,9,1800.907,451.920,269.824
145.000,10,2178.259,1241.535,581.350
145.000,11,60.537,1533.002,187.283
145.000,12,1393.517,1174.772,249.729
145.000,13,241.776,1004.790,582.406
145.000,14,2077.056,219.834,436.440
145.000,15,1828.923,1161.906,322.065
145.000,16,856.503,1801.019,379.073
145.000,17,52.030,1156.820,192.063
145.000,18,1873.633,976.367,509.125
145.000,19,476.217,516.290,238.579
145.000,20,882.035,1445.482,493.922
145.000,21,845.131,1890.280,581.039
145.000,22,1771.368,1075.186,557.531
145.000,23,751.146,1905.852,437.441
145.000,24,655.992,149.654,260.987
145.000,25,2178.216,393.647,279.137
145.000,26,1172.695,0.890,441.158
145.000,27,99.238,110.912,321.821
145.000,28,1604.136,839.341,532.697
145.000,29,248.176,943.811,381.029
145.000,30,2049.142,1820.827,106.892
145.000,31,1941.360,139.986,137.207
145.000,32,1486.274,1151.344,283.220
145.000,33,2135.569,1916.827,198.132
145.000,34,49.057,1797.336,235.775
145.000,35,1389.429,1874.323,309.624
145.000,36,1885.971,396.802,155.008
145.000,37,680.911,579.282,115.109
145.000,38,13.884,1999.388,112.631
145.000,39,2204.521,1975.032,514.922
145.000,40,658.298,1067.465,521.552
145.000,41,1906.552,1692.059,485.416
145.000,42,795.442,185.361,157.068
145.000,43,2085.537,143.762,240.882
145.000,44,645.947,1954.815,314.538
145.000,45,2122.198,1337.854,199.984
145.000,46,1771.876,652.433,254.758
145.000,47,263.731,662.197,247.346
145.000,48,885.878,265.070,294.871
145.000,49,744.819,235.752,383.947
145.000,50,1614.726,2079.397,309.150
145.000,51,1422.901,356.282,279.043
145.000,52,1376.433,1350.101,432.611
145.000,53,1596.154,1533.346,251.071
145.000,54,1291.393,604.131,317.915
145.000,55,585.165,2160.357,378.314
145.000,56,892.213,2105.620,124.797
145.000,57,1798.820,1771.673,378.839
145.000,58,440.182,249.966,288.083
145.000,59,535.822,839.948,153.220
145.000,60,1181.725,1514.586,309.978
145.000,61,1192.108,992.114,507.742
145.000,62,1664.992,2088.852,459.797
145.000,63,219.109,817.552,466.775
145.000,64,1755.622,1253.294,181.457
145.000,65,922.689,43.500,244.127
145.000,66,1750.965,550.792,523.082
145.000,67,1642.285,455.991,141.864
150.000,0,884.407,2068.311,500.051
150.000,1,1551.058,1755.990,452.039
150.000,2,56.631,1589.464,589.137
150.000,3,396.081,1684.729,113.009
150.000,4,1126.314,722.279,490.199
150.000,5,1790.969,1371.688,130.713
150.000,6,1442.184,1345.435,487.302
150.000,7,970.021,1194.091,317.946
150.000,8,379.723,139.802,364.105
150.000,9,1782.948,580.155,264.882
150.000,10,2240.180,1307.758,580.483
150.000,11,41.681,1550.725,183.850
150.000,12,1371.389,1088.727,252.968
150.000,13,300.685,917.816,581.981
150.000,14,2116.071,112.642,434.195
150.000,15,1793.156,1225.822,322.184
150.000,16,907.454,1893.798,375.236
150.000,17,11.997,1222.305,194.846
150.000,18,1807.183,1075.088,513.988
150.000,19,364.157,542.515,236.979
150.000,20,820.585,1348.582,498.103
150.000,21,708.847,1893.965,580.901
150.000,22,1828.178,965.862,553.708
150.000,23,651.838,2012.238,433.175
150.000,24,763.030,185.343,261.198
150.000,25,2130.061,326.535,278.522
150.000,26,1103.085,65.659,439.643
150.000,27,210.436,96.171,327.948
150.000,28,1562.854,971.779,537.523
150.000,29,392.029,925.770,386.355
150.000,30,2149.582,1838.906,100.109
150.000,31,2031.168,251.231,138.146
150.000,32,1447.924,1049.775,282.087
150.000,33,2049.594,1840.879,199.227
150.000,34,16.056,1879.037,234.727
150.000,35,1520.440,1930.089,307.454
150.000,36,1805.301,489.520,152.341
150.000,37,584.581,618.876,107.368
150.000,38,42.320,1896.272,106.162
150.000,39,2123.681,1934.271,512.758
150.000,40,580.956,1156.676,522.140
150.000,41,1992.279,1652.729,485.608
150.000,42,777.999,257.634,157.650
150.000,43,2173.535,107.199,243.494
150.000,44,582.264,1823.036,308.673
150.000,45,2035.626,1405.888,201.685
150.000,46,1899.467,629.048,258.889
150.000,47,373.350,646.859,249.199
150.000,48,791.207,224.765,291.019
150.000,49,845.448,327.488,386.041
150.000,50,1588.973,2182.220,307.790
150.000,51,1424.758,244.989,273.960
150.000,52,1274.786,1281.308,435.017
150.000,53,1453.913,1497.633,243.779
150.000,54,1208.440,576.866,313.931
150.000,55,511.387,2191.279,379.394
150.000,56,938.437,2029.478,120.516
150.000,57,1733.899,1728.797,381.286
150.000,58,346.754,157.686,293.197
150.000,59,545.035,981.234,156.383
150.000,60,1219.062,1422.285,308.271
150.000,61,1117.929,1016.087,507.498
150.000,62,1743.628,2009.801,465.733
150.000,63,177.433,935.938,465.472
150.000,64,1834.931,1131.952,175.178
150.000,65,1024.418,113.748,237.599
150.000,66,1831.392,568.063,522.602
150.000,67,1686.192,523.555,143.193
155.000,0,796.955,2052.264,497.069
155.000,1,1670.029,1745.380,449.822
155.000,2,5.151,1671.967,592.063
155.000,3,493.356,1745.212,118.908
155.000,4,1006.888,736.209,491.608
155.000,5,1845.942,1495.254,130.844
155.000,6,1382.817,1229.488,493.256
155.000,7,1045.412,1265.714,315.698
155.000,8,411.462,14.294,366.453
155.000,9,1779.004,715.005,262.702
155.000,10,2180.874,1379.580,578.839
155.000,11,139.140,1574.729,179.349
155.000,12,1347.973,1011.571,256.219
155.000,13,358.198,831.679,583.669
155.000,14,2172.494,17.241,432.085
155.000,15,1744.810,1300.059,323.977
155.000,16,947.606,1987.178,372.879
155.000,17,84.989,1277.347,196.818
155.000,18,1754.550,1185.691,517.005
155.000,19,256.362,590.313,235.675
155.000,20,738.747,1265.513,502.448
155.000,21,569.782,1879.951,584.167
155.000,22,1885.829,858.822,548.895
155.000,23,560.399,2122.686,426.941
155.000,24,864.601,217.112,262.007
155.000,25,2088.391,252.194,281.508
155.000,26,1031.370,134.850,437.762
155.000,27,316.500,57.970,334.443
155.000,28,1546.776,1108.705,537.757
155.000,29,529.413,899.392,391.440
155.000,30,2229.905,1887.112,105.782
155.000,31,2084.847,378.167,140.889
155.000,32,1389.891,959.955,281.783
155.000,33,1946.086,1791.208,200.629
155.000,34,25.490,1957.937,233.516
155.000,35,1646.857,1957.420,303.536
155.000,36,1760.280,602.066,146.603
155.000,37,478.966,668.480,102.169
155.000,38,87.465,1802.980,102.975
155.000,39,2048.418,1889.355,511.702
155.000,40,497.237,1241.023,520.998
155.000,41,2073.929,1605.766,487.253
155.000,42,772.431,337.890,158.911
155.000,43,2206.509,64.804,245.171
155.000,44,515.522,1698.923,304.081
155.000,45,1959.102,1464.867,203.040
155.000,46,2031.160,633.635,260.928
155.000,47,491.144,626.094,253.014
155.000,48,693.899,201.382,286.470
155.000,49,939.766,421.304,385.336
155.000,50,1544.446,2181.801,302.405
155.000,51,1388.416,138.229,268.893
155.000,52,1183.242,1200.740,437.922
155.000,53,1327.879,1448.352,237.981
155.000,54,1125.643,560.548,308.879
155.000,55,468.152,2073.433,381.706
155.000,56,994.246,1952.460,118.546
155.000,57,1658.006,1699.215,384.214
155.000,58,233.234,100.899,300.683
155.000,59,577.460,1108.894,155.026
155.000,60,1250.433,1343.622,308.376
155.000,61,1042.671,1017.281,509.137
155.000,62,1841.330,1949.380,471.414
155.000,63,186.885,1063.846,464.947
155.000,64,1913.104,1010.911,170.255
155.000,65,1127.832,191.360,235.775
155.000,66,1919.049,572.730,522.246
155.000,67,1715.280,591.921,144.779
160.000,0,708.028,2042.441,494.805
160.000,1,1785.501,1729.340,448.808
160.000,2,53.247,1767.768,593.646
160.000,3,589.795,1779.402,122.720
160.000,4,883.321,761.694,495.934
160.000,5,1922.312,1600.806,128.688
160.000,6,1354.533,1101.646,498.661
160.000,7,1125.597,1347.162,318.007
160.000,8,453.633,111.768,372.282
160.000,9,1743.772,847.300,259.149
160.000,10,2123.493,1445.087,577.315
160.000,11,236.653,1594.603,175.834
160.000,12,1322.303,929.345,257.621
160.000,13,416.711,745.660,586.656
160.000,14,2228.324,72.608,430.482
160.000,15,1677.233,1356.193,324.228
160.000,16,1014.967,2076.515,371.108
160.000,17,156.284,1322.986,198.518
160.000,18,1683.218,1283.401,520.719
160.000,19,150.271,647.468,233.285
160.000,20,677.785,1170.789,505.404
160.000,21,433.944,1888.960,584.732
160.000,22,1906.962,735.248,543.860
160.000,23,475.439,2211.862,422.990
160.000,24,967.661,243.167,261.987
160.000,25,2065.848,166.029,285.013
160.000,26,961.403,195.189,437.823
160.000,27,437.816,37.670,339.377
160.000,28,1527.730,1243.315,541.012
160.000,29,660.973,870.614,398.182
160.000,30,2118.902,1918.373,108.208
160.000,31,2145.509,510.635,143.242
160.000,32,1335.510,861.488,277.515
160.000,33,1861.050,1721.022,201.870
160.000,34,61.978,2041.474,234.356
160.000,35,1778.248,1993.843,297.000
160.000,36,1679.515,706.648,143.915
160.000,37,370.158,715.124,105.143
160.000,38,141.887,1715.690,100.775
160.000,39,1967.340,1862.279,511.338
160.000,40,419.240,1324.573,520.832
160.000,41,2149.371,1533.494,486.813
160.000,42,745.379,408.874,160.832
160.000,43,2112.362,27.059,247.196
160.000,44,415.855,1593.027,301.647
160.000,45,1876.466,1525.284,205.233
160.000,46,2160.126,638.671,261.945
160.000,47,594.673,609.117,257.376
160.000,48,590.025,170.596,284.401
160.000,49,1017.626,522.491,387.641
160.000,50,1505.775,2087.321,297.048
160.000,51,1375.416,29.627,262.722
160.000,52,1103.672,1103.413,441.638
160.000,53,1199.904,1380.307,229.844
160.000,54,1052.506,524.012,304.596
160.000,55,413.475,1966.643,382.206
160.000,56,1036.575,1870.902,116.103
160.000,57,1572.914,1674.994,387.724
160.000,58,145.669,5.007,308.895
160.000,59,582.808,1242.229,157.609
160.000,60,1281.703,1259.700,307.038
160.000,61,955.588,1032.427,512.350
160.000,62,1924.016,1874.435,476.189
160.000,63,174.980,1192.472,461.717
160.000,64,1998.993,887.946,167.263
160.000,65,1242.088,252.221,232.996
160.000,66,2008.036,593.011,521.041
160.000,67,1753.250,657.201,146.235
165.000,0,627.159,2028.587,493.853
165.000,1,1904.396,1720.392,449.583
165.000,2,109.191,1858.005,595.300
165.000,3,679.364,1836.931,125.474
165.000,4,757.301,749.197,496.696
165.000,5,1993.756,1723.131,127.393
165.000,6,1298.204,981.197,502.764
165.000,7,1196.964,1434.654,319.359
165.000,8,498.932,231.639,377.747
165.000,9,1723.464,983.806,255.727
165.000,10,2061.735,1507.717,575.367
165.000,11,329.491,1604.838,172.411
165.000,12,1316.507,848.631,260.615
165.000,13,483.677,666.073,589.955
165.000,14,2211.490,172.386,429.439
165.000,15,1635.894,1426.695,325.212
165.000,16,1071.197,2162.063,367.916
165.000,17,224.300,1366.340,201.944
165.000,18,1612.612,1378.908,520.922
165.000,19,40.629,700.886,231.312
165.000,20,590.032,1097.063,510.219
165.000,21,295.395,1871.993,586.308
165.000,22,1927.186,612.611,539.438
165.000,23,402.789,2075.813,416.158
165.000,24,1072.097,258.253,263.596
165.000,25,2011.796,85.433,285.584
165.000,26,891.370,268.474,439.158
165.000,27,557.844,19.578,342.150
165.000,28,1488.300,1371.780,543.081
165.000,29,802.339,854.728,399.568
165.000,30,2018.750,1967.428,111.764
165.000,31,2216.731,636.079,140.634
165.000,32,1273.317,776.268,276.135
165.000,33,1754.173,1677.733,202.588
165.000,34,98.399,2133.723,234.710
165.000,35,1911.318,2037.914,292.860
165.000,36,1624.681,819.344,138.586
165.000,37,266.451,762.005,109.641
165.000,38,164.313,1608.997,105.731
165.000,39,1878.385,1839.389,509.988
165.000,40,340.923,1408.582,524.375
165.000,41,2218.606,1469.117,487.472
165.000,42,719.553,478.944,161.999
165.000,43,2017.325,12.324,249.350
165.000,44,317.280,1477.269,292.264
165.000,45,1790.276,1573.280,207.636
165.000,46,2163.037,628.370,262.267
165.000,47,705.913,571.265,261.489
165.000,48,491.772,145.579,281.036
165.000,49,1114.776,610.718,390.069
165.000,50,1473.764,1998.913,291.255
165.000,51,1335.941,87.676,258.040
165.000,52,1015.883,1013.799,444.139
165.000,53,1065.750,1326.211,220.455
165.000,54,980.515,493.268,302.380
165.000,55,346.867,1862.684,383.576
165.000,56,1092.007,1800.518,114.648
165.000,57,1492.553,1654.043,390.976
165.000,58,38.410,95.149,313.600
165.000,59,602.147,1379.992,157.928
165.000,60,1309.462,1169.882,305.485
165.000,61,868.811,1037.368,513.866
165.000,62,1987.415,1781.196,481.231
165.000,63,126.182,1312.396,465.852
165.000,64,2099.569,778.698,163.370
165.000,65,1355.802,300.014,229.692
165.000,66,2097.388,622.191,520.350
165.000,67,1788.243,725.138,147.217
170.000,0,539.754,2013.361,490.758
170.000,1,2023.464,1706.395,449.714
170.000,2,157.433,1956.360,596.909
170.000,3,778.227,1880.161,124.552
170.000,4,628.421,747.459,495.718
170.000,5,2040.536,1852.568,125.534
170.000,6,1268.837,870.441,504.992
170.000,7,1265.707,1520.065,318.855
170.000,8,519.524,356.246,384.159
170.000,9,1674.600,1115.261,252.798
170.000,10,2011.662,1583.576,574.595
170.000,11,428.455,1589.738,167.872
170.000,12,1276.915,769.963,263.933
170.000,13,543.629,582.556,591.995
170.000,14,2190.288,284.273,426.591
170.000,15,1609.153,1495.653,327.138
170.000,16,1138.322,2212.446,364.907
170.000,17,279.519,1417.692,204.852
170.000,18,1528.310,1461.760,520.447
170.000,19,82.033,733.142,227.390
170.000,20,511.408,1011.727,513.506
170.000,21,156.985,1868.313,586.657
170.000,22,1944.021,486.421,533.448
170.000,23,286.093,1986.259,409.171
170.000,24,1179.228,261.804,263.613
170.000,25,1970.388,4.267,286.929
170.000,26,817.337,343.857,439.035
170.000,27,671.171,13.411,346.364
170.000,28,1457.174,1509.046,542.934
170.000,29,923.660,784.027,404.445
170.000,30,1917.408,2008.850,116.967
170.000,31,2181.869,754.306,140.474
170.000,32,1242.187,669.260,275.377
170.000,33,1671.177,1613.320,204.380
170.000,34,134.234,2219.138,233.666
170.000,35,2043.275,2058.176,288.840
170.000,36,1560.096,932.191,130.193
170.000,37,172.463,821.405,116.245
170.000,38,208.894,1516.869,112.186
170.000,39,1802.401,1800.027,509.657
170.000,40,293.097,1511.218,524.380
170.000,41,2163.702,1409.521,488.374
170.000,42,694.779,539.771,164.389
170.000,43,1916.350,38.599,250.655
170.000,44,269.560,1340.050,289.765
170.000,45,1715.996,1633.939,209.122
170.000,46,2029.134,637.275,265.390
170.000,47,817.394,544.607,265.676
170.000,48,390.488,123.199,277.865
170.000,49,1195.781,717.772,388.233
170.000,50,1422.969,1917.062,287.520
170.000,51,1316.438,199.227,253.729
170.000,52,914.049,939.513,447.434
170.000,53,929.332,1269.502,210.905
170.000,54,894.871,468.210,298.261
170.000,55,275.858,1757.052,385.198
170.000,56,1116.064,1717.945,111.885
170.000,57,1412.922,1634.755,393.760
170.000,58,78.543,160.312,318.297
170.000,59,598.263,1513.314,159.945
170.000,60,1347.682,1082.100,303.553
170.000,61,789.189,1049.730,515.322
170.000,62,2076.545,1719.410,484.639
170.000,63,68.615,1427.313,466.904
170.000,64,2189.447,667.603,162.990
170.000,65,1464.524,360.836,226.606
170.000,66,2181.659,617.671,519.287
170.000,67,1827.971,785.544,148.873
175.000,0,444.701,1991.086,490.697
175.000,1,2142.631,1675.483,450.807
175.000,2,197.437,2054.538,599.473
175.000,3,875.111,1926.697,126.508
175.000,4,509.680,760.593,496.812
175.000,5,2072.599,1971.331,125.364
175.000,6,1234.750,755.720,511.443
175.000,7,1329.659,1605.989,318.411
175.000,8,573.104,471.431,386.658
175.000,9,1676.928,1249.657,250.428
175.000,10,1953.117,1642.040,571.823
175.000,11,530.461,1584.481,159.442
175.000,12,1253.977,677.661,269.879
175.000,13,614.393,508.266,592.635
175.000,14,2150.975,386.511,422.143
175.000,15,1556.943,1548.619,328.586
175.000,16,1191.918,2126.911,360.276
175.000,17,340.439,1478.025,207.287
175.000,18,1469.278,1558.729,522.539
175.000,19,194.923,767.803,224.716
175.000,20,432.648,935.063,519.074
175.000,21,19.152,1861.798,588.050
175.000,22,1972.036,373.936,531.327
175.000,23,166.287,1909.907,406.557
175.000,24,1290.147,271.292,261.446
175.000,25,1918.833,76.302,285.609
175.000,26,753.110,417.685,440.692
175.000,27,782.111,59.339,346.998
175.000,28,1442.525,1646.728,543.675
175.000,29,1065.496,755.313,412.947
175.000,30,1807.069,2022.803,121.311
175.000,31,2097.392,873.874,138.639
175.000,32,1187.848,578.398,275.431
175.000,33,1577.401,1552.940,207.656
175.000,34,154.758,2145.360,233.777
175.000,35,2164.415,2113.083,286.007
175.000,36,1477.827,1025.836,124.246
175.000,37,75.383,859.715,121.855
175.000,38,238.388,1412.154,117.830
175.000,39,1722.474,1764.590,509.511
175.000,40,233.542,1612.259,525.453
175.000,41,2088.724,1346.771,488.432
175.000,42,662.925,603.198,166.339
175.000,43,1822.555,87.291,253.544
175.000,44,203.692,1207.497,283.609
175.000,45,1627.255,1679.615,213.602
175.000,46,1891.072,618.100,265.353
175.000,47,931.757,526.259,268.610
175.000,48,292.440,74.883,273.421
175.000,49,1296.268,809.627,389.346
175.000,50,1384.008,1826.381,286.891
175.000,51,1303.121,309.233,247.606
175.000,52,789.770,892.530,452.274
175.000,53,807.383,1206.921,205.361
175.000,54,819.190,442.146,292.976
175.000,55,205.300,1655.031,384.197
175.000,56,1149.869,1639.312,111.564
175.000,57,1341.012,1592.555,394.804
175.000,58,164.034,253.482,326.473
175.000,59,586.017,1646.271,159.367
175.000,60,1385.010,990.279,303.363
175.000,61,709.969,1060.536,517.241
175.000,62,2148.825,1636.804,490.639
175.000,63,9.170,1541.675,464.314
175.000,64,2194.353,551.920,159.267
175.000,65,1577.808,425.700,223.663
175.000,66,2194.327,625.701,519.737
175.000,67,1852.669,852.090,148.743
180.000,0,355.164,1968.891,489.439
180.000,1,2210.263,1668.048,449.496
180.000,2,273.059,2144.287,598.904
180.000,3,961.510,1989.056,129.413
180.000,4,388.985,777.787,496.755
180.000,5,2117.342,2093.484,124.061
180.000,6,1178.868,647.983,515.973
180.000,7,1405.710,1675.870,318.779
180.000,8,595.207,598.448,388.626
180.000,9,1687.191,1384.868,248.522
180.000,10,1908.988,1711.538,569.851
180.000,11,628.147,1590.892,153.733
180.000,12,1215.440,591.156,271.082
180.000,13,693.033,435.626,592.285
180.000,14,2122.296,496.058,422.337
180.000,15,1504.527,1618.573,329.949
180.000,16,1257.464,2042.041,354.899
180.000,17,396.035,1539.896,211.057
180.000,18,1396.381,1644.204,525.822
180.000,19,305.587,810.164,221.756
180.000,20,354.833,860.512,523.718
180.000,21,125.797,1886.884,588.390
180.000,22,1987.673,251.004,528.035
180.000,23,73.963,1793.302,404.594
180.000,24,1386.702,324.923,261.736
180.000,25,1856.382,134.642,286.836
180.000,26,668.497,467.474,441.009
180.000,27,895.442,93.233,349.335
180.000,28,1438.811,1783.262,546.981
180.000,29,1195.241,712.644,418.089
180.000,30,1697.658,2044.332,129.765
180.000,31,2003.278,984.193,136.201
180.000,32,1150.695,481.016,273.069
180.000,33,1491.969,1479.286,211.797
180.000,34,183.552,2056.518,235.344
180.000,35,2161.916,2144.806,282.810
180.000,36,1389.726,1117.081,118.810
180.000,37,37.232,908.974,125.708
180.000,38,269.485,1311.119,122.449
180.000,39,1650.854,1716.260,510.623
180.000,40,144.758,1694.054,525.539
180.000,41,2009.806,1288.146,487.493
180.000,42,648.240,675.531,167.140
180.000,43,1724.479,113.174,257.353
180.000,44,151.171,1075.933,277.458
180.000,45,1546.698,1742.249,217.008
180.000,46,1758.482,585.024,266.274
180.000,47,1039.158,484.025,270.632
180.000,48,189.547,49.059,271.980
180.000,49,1371.144,920.185,388.109
180.000,50,1357.361,1723.085,286.781
180.000,51,1272.976,416.469,242.516
180.000,52,687.371,812.601,457.655
180.000,53,681.094,1146.367,197.666
180.000,54,744.161,408.594,290.336
180.000,55,157.925,1540.412,386.136
180.000,56,1196.855,1560.850,112.595
180.000,57,1272.075,1551.411,398.150
180.000,58,243.012,347.966,331.279
180.000,59,592.016,1781.194,158.857
180.000,60,1420.903,897.182,301.162
180.000,61,629.852,1063.399,518.738
180.000,62,2239.282,1565.309,494.728
180.000,63,29.393,1668.703,459.430
180.000,64,2099.235,440.270,152.557
180.000,65,1673.904,506.253,221.087
180.000,66,2101.745,610.352,519.745
180.000,67,1876.842,917.902,148.049
185.000,0,271.201,1927.848,488.133
185.000,1,2094.434,1662.543,449.009
185.000,2,321.084,2212.006,595.660
185.000,3,1064.360,2035.895,132.353
185.000,4,256.892,785.126,498.339
185.000,5,2178.710,2208.473,126.696
185.000,6,1120.471,541.398,522.654
185.000,7,1478.568,1763.192,320.942
185.000,8,606.043,728.113,391.164
185.000,9,1700.328,1516.675,243.381
185.000,10,1843.914,1775.803,568.897
185.000,11,727.337,1583.540,146.420
185.000,12,1195.982,506.414,272.956
185.000,13,775.960,373.219,593.921
185.000,14,2090.282,597.437,419.157
185.000,15,1459.560,1683.210,329.423
185.000,16,1310.155,1953.895,350.265
185.000,17,455.086,1600.445,213.636
185.000,18,1326.295,1738.767,528.156
185.000,19,425.021,850.078,217.631
185.000,20,263.274,783.170,525.706
185.000,21,261.286,1871.599,590.221
185.000,22,1990.475,125.632,519.942
185.000,23,40.021,1677.379,400.004
185.000,24,1491.206,353.534,262.457
185.000,25,1809.206,213.571,285.980
185.000,26,602.194,527.706,440.671
185.000,27,1008.107,127.355,354.027
185.000,28,1429.755,1919.090,548.357
185.000,29,1339.322,700.131,421.260
185.000,30,1588.199,2077.133,134.159
185.000,31,1903.695,1089.375,132.299
185.000,32,1119.545,378.948,272.448
185.000,33,1401.913,1411.428,217.667
185.000,34,236.316,1981.156,232.754
185.000,35,2034.068,2195.869,277.542
185.000,36,1331.299,1225.736,115.802
185.000,37,138.925,954.095,134.130
185.000,38,309.509,1213.260,127.036
185.000,39,1572.221,1677.403,510.193
185.000,40,62.696,1779.525,523.993
185.000,41,1936.810,1232.560,488.092
185.000,42,611.010,745.302,167.913
185.000,43,1628.873,143.959,257.749
185.000,44,53.224,970.111,273.537
185.000,45,1477.102,1822.198,219.981
185.000,46,1624.604,568.349,267.467
185.000,47,1153.141,473.806,272.836
185.000,48,90.168,30.820,268.146
185.000,49,1475.558,1002.403,389.700
185.000,50,1340.933,1615.561,284.428
185.000,51,1246.014,522.779,237.553
185.000,52,582.645,741.522,460.712
185.000,53,560.679,1074.698,191.649
185.000,54,678.695,365.479,287.913
185.000,55,85.331,1450.532,385.191
185.000,56,1245.353,1478.090,111.586
185.000,57,1201.407,1518.523,400.323
185.000,58,334.167,434.277,335.005
185.000,59,594.434,1921.281,160.687
185.000,60,1437.631,806.930,300.018
185.000,61,555.234,1077.924,519.727
185.000,62,2148.084,1507.528,500.946
185.000,63,75.863,1785.145,460.136
185.000,64,2032.530,305.563,146.757
185.000,65,1781.885,580.811,218.561
185.000,66,2013.547,621.153,519.717
185.000,67,1911.458,993.092,148.975
190.000,0,188.825,1903.846,486.840
190.000,1,1981.292,1648.432,448.328
190.000,2,369.165,2119.766,594.981
190.000,3,1170.036,2068.454,133.191
190.000,4,126.504,805.533,500.630
190.000,5,2227.433,2139.430,125.122
190.000,6,1079.658,420.972,527.976
190.000,7,1530.705,1853.827,321.748
190.000,8,661.171,850.681,397.211
190.000,9,1707.262,1648.098,240.058
190.000,10,1783.700,1841.888,567.685
190.000,11,826.360,1588.774,142.425
190.000,12,1156.298,427.235,273.576
190.000,13,840.118,291.848,594.922
190.000,14,2066.685,707.492,420.662
190.000,15,1419.609,1752.870,332.089
190.000,16,1356.447,1858.974,344.784
190.000,17,518.388,1658.091,217.687
190.000,18,1253.839,1839.681,530.845
190.000,19,527.611,918.397,213.945
190.000,20,188.567,698.668,531.459
190.000,21,394.574,1912.849,589.033
190.000,22,2019.916,0.552,513.015
190.000,23,158.942,1590.565,397.710
190.000,24,1585.758,394.035,262.243
190.000,25,1771.677,293.350,288.331
190.000,26,529.089,587.837,438.499
190.000,27,1124.559,149.717,356.354
190.000,28,1416.846,2053.237,546.130
190.000,29,1472.378,644.345,426.970
190.000,30,1488.462,2110.724,137.601
190.000,31,1830.015,1213.638,126.892
190.000,32,1078.703,278.110,271.000
190.000,33,1338.230,1327.436,221.445
190.000,34,275.439,1902.303,233.691
190.000,35,1908.399,2207.763,273.847
190.000,36,1266.274,1329.567,108.715
190.000,37,242.525,992.379,137.079
190.000,38,351.820,1112.974,130.585
190.000,39,1492.170,1639.877,512.084
190.000,40,14.499,1871.703,520.234
190.000,41,1856.538,1181.223,488.250
190.000,42,573.939,812.396,170.370
190.000,43,1542.191,183.817,260.973
190.000,44,33.988,854.573,268.572
190.000,45,1387.649,1883.553,222.452
190.000,46,1497.499,594.933,266.576
190.000,47,1263.781,431.048,273.233
190.000,48,23.031,15.101,264.744
190.000,49,1571.289,1095.379,389.062
190.000,50,1299.239,1514.615,283.374
190.000,51,1213.323,624.821,232.599
190.000,52,489.250,668.180,465.077
190.000,53,428.328,1022.294,182.919
190.000,54,605.712,333.479,284.057
190.000,55,25.182,1346.058,385.637
190.000,56,1288.694,1401.997,110.546
190.000,57,1130.411,1483.440,400.857
190.000,58,428.066,522.464,342.630
190.000,59,612.126,2059.159,161.819
190.000,60,1464.826,713.364,297.922
190.000,61,471.755,1104.169,523.060
190.000,62,2091.788,1408.094,506.187
190.000,63,120.644,1908.845,459.602
190.000,64,1977.799,175.344,141.537
190.000,65,1892.684,644.580,217.146
190.000,66,1920.205,639.267,519.349
190.000,67,1946.861,1057.907,148.335
195.000,0,101.817,1854.479,484.953
195.000,1,1867.183,1650.821,449.022
195.000,2,407.575,2021.187,593.971
195.000,3,1258.288,2123.909,136.209
195.000,4,0.506,812.439,502.159
195.000,5,2186.903,2029.223,122.378
195.000,6,1024.828,311.275,535.335
195.000,7,1587.113,1943.828,322.702
195.000,8,727.685,958.044,397.748
195.000,9,1718.126,1773.503,237.752
195.000,10,1736.874,1919.299,566.265
195.000,11,929.984,1596.548,140.509
195.000,12,1136.221,338.623,273.117
195.000,13,919.522,225.732,596.014
195.000,14,2015.623,807.757,418.187
195.000,15,1375.667,1821.494,333.396
195.000,16,1409.965,1770.662,339.699
195.000,17,573.639,1726.223,218.667
195.000,18,1198.371,1945.611,534.384
195.000,19,626.028,984.832,210.107
195.000,20,115.078,616.062,537.453
195.000,21,533.764,1896.109,587.983
195.000,22,2036.228,119.415,506.882
195.000,23,258.078,1487.199,392.454
195.000,24,1679.275,407.055,259.641
195.000,25,1709.111,358.208,288.174
195.000,26,448.174,648.517,439.590
195.000,27,1234.239,181.310,361.924
195.000,28,1369.750,2183.879,546.833
195.000,29,1604.616,600.077,433.892
195.000,30,1387.567,2153.776,139.615
195.000,31,1785.404,1340.046,127.657
195.000,32,1034.564,183.662,268.028
195.000,33,1254.275,1254.470,224.070
195.000,34,313.282,1825.000,236.135
195.000,35,1770.425,2196.284,268.900
195.000,36,1209.113,1441.027,103.972
195.000,37,347.110,1038.812,138.225
195.000,38,373.839,1013.700,135.613
195.000,39,1411.056,1612.504,511.199
195.000,40,101.150,1942.223,521.446
195.000,41,1773.110,1127.702,487.716
195.000,42,549.235,883.352,170.449
195.000,43,1456.695,240.934,263.899
195.000,44,115.810,734.974,262.802
195.000,45,1301.363,1944.138,225.960
195.000,46,1372.535,566.021,268.239
195.000,47,1371.331,386.458,277.432
195.000,48,121.708,29.304,264.267
195.000,49,1679.289,1173.630,388.864
195.000,50,1267.146,1417.858,283.525
195.000,51,1194.279,733.828,228.849
195.000,52,394.872,593.871,467.539
195.000,53,293.505,972.342,179.255
195.000,54,522.362,323.120,283.316
195.000,55,39.676,1239.452,384.703
195.000,56,1333.600,1328.071,109.955
195.000,57,1050.954,1454.246,404.484
195.000,58,517.546,618.706,349.974
195.000,59,636.401,2201.636,160.415
195.000,60,1508.308,630.417,296.860
195.000,61,389.953,1102.888,525.838
195.000,62,2025.724,1316.557,512.369
195.000,63,140.259,2036.036,461.126
195.000,64,1882.063,64.974,136.745
195.000,65,1993.714,712.773,213.374
195.000,66,1835.347,667.792,519.149
195.000,67,1974.315,1123.092,150.398
200.000,0,5.715,1824.396,484.396
200.000,1,1750.546,1662.511,451.321
200.000,2,454.646,1928.484,591.888
200.000,3,1354.311,2169.162,137.583
200.000,4,136.366,802.957,501.159
200.000,5,2109.438,1922.227,123.374
200.000,6,976.012,194.150,537.632
200.000,7,1644.040,2035.829,325.009
200.000,8,775.080,1074.119,404.002
200.000,9,1694.729,1906.642,236.750
200.000,10,1674.763,1985.211,563.342
200.000,11,1024.564,1628.574,136.902
200.000,12,1113.981,249.249,274.262
200.000,13,991.360,149.625,599.096
200.000,14,1965.147,909.587,416.971
200.000,15,1323.809,1890.146,336.304
200.000,16,1472.701,1688.380,334.981
200.000,17,633.440,1794.778,220.900
200.000,18,1114.861,2043.439,535.277
200.000,19,737.035,1024.206,210.005
200.000,20,40.411,541.461,538.376
200.000,21,673.417,1900.091,588.316
200.000,22,2070.023,229.400,504.654
200.000,23,355.252,1375.675,384.092
200.000,24,1787.225,433.456,258.860
200.000,25,1663.537,436.516,288.109
200.000,26,382.363,718.124,439.349
200.000,27,1349.265,219.215,365.462
200.000,28,1340.121,2134.833,548.102
200.000,29,1746.088,580.607,437.121
200.000,30,1283.006,2182.817,141.987
200.000,31,1740.581,1475.655,124.934
200.000,32,991.373,88.477,268.339
200.000,33,1163.549,1188.300,225.071
200.000,34,370.820,1752.385,235.722
200.000,35,1637.106,2177.676,266.860
200.000,36,1128.417,1539.878,100.066
200.000,37,438.626,1104.782,141.334
200.000,38,416.182,915.973,140.062
200.000,39,1338.387,1562.393,509.640
200.000,40,167.725,2031.146,524.683
200.000,41,1693.220,1075.756,488.726
200.000,42,534.935,955.983,172.877
200.000,43,1371.989,310.323,266.318
200.000,44,215.197,631.671,259.857
200.000,45,1208.351,1990.404,229.450
200.000,46,1239.880,583.542,271.486
200.000,47,1485.991,380.062,281.246
200.000,48,221.366,56.917,259.893
200.000,49,1767.141,1283.659,386.063
200.000,50,1237.500,1321.719,282.481
200.000,51,1169.649,831.713,222.276
200.000,52,314.287,500.609,468.459
200.000,53,173.264,896.295,176.610
200.000,54,438.686,298.832,281.381
200.000,55,89.415,1128.989,385.228
200.000,56,1389.618,1260.371,107.305
200.000,57,984.235,1412.741,407.314
200.000,58,597.768,726.342,357.028
200.000,59,637.064,2117.241,162.124
200.000,60,1548.794,545.136,294.033
200.000,61,311.494,1123.277,525.836
200.000,62,1937.740,1240.674,516.020
200.000,63,161.489,2163.654,459.326
200.000,64,1807.434,72.007,132.771
200.000,65,2085.882,793.303,209.200
200.000,66,1746.243,697.713,521.426
200.000,67,2023.759,1177.661,150.468
205.000,0,101.073,1804.040,483.053
205.000,1,1632.834,1652.003,450.944
205.000,2,501.344,1830.120,591.253
205.000,3,1458.529,2201.594,138.888
205.000,4,265.049,807.405,501.626
205.000,5,2052.260,1801.565,124.404
205.000,6,919.219,88.813,543.466
205.000,7,1699.868,2130.296,325.952
205.000,8,822.979,1181.829,405.641
205.000,9,1656.586,2036.979,231.963
205.000,10,1612.611,2045.482,559.734
205.000,11,1115.867,1665.553,133.370
205.000,12,1090.717,160.156,279.548
205.000,13,1066.214,72.028,597.322
205.000,14,1914.926,1014.482,416.536
205.000,15,1267.780,1949.493,337.484
205.000,16,1516.208,1599.632,328.554
205.000,17,684.397,1859.443,222.400
205.000,18,1064.405,2149.373,537.435
205.000,19,855.840,1047.593,205.135
205.000,20,35.644,444.622,544.522
205.000,21,808.138,1884.407,587.412
205.000,22,2103.683,348.239,500.174
205.000,23,450.287,1259.669,376.724
205.000,24,1892.444,471.992,258.631
205.000,25,1609.617,512.426,290.159
205.000,26,297.867,774.587,441.374
205.000,27,1465.429,249.570,368.228
205.000,28,1300.773,1997.182,547.103
205.000,29,1885.479,542.468,441.493
205.000,30,1172.113,2217.532,146.426
205.000,31,1702.983,1616.957,121.828
205.000,32,938.460,9.754,267.332
205.000,33,1078.610,1115.491,226.839
205.000,34,421.195,1673.712,236.201
205.000,35,1511.608,2124.037,262.886
205.000,36,1056.572,1645.056,102.514
205.000,37,536.039,1155.201,146.822
205.000,38,479.882,831.648,145.217
205.000,39,1262.382,1519.876,507.297
205.000,40,258.186,2110.470,524.248
205.000,41,1618.646,1008.477,487.442
205.000,42,489.659,1010.333,174.696
205.000,43,1287.223,364.022,269.807
205.000,44,292.590,510.821,255.797
205.000,45,1111.465,2043.008,232.209
205.000,46,1103.229,567.292,273.834
205.000,47,1595.286,332.499,286.528
205.000,48,323.674,89.969,257.635
205.000,49,1858.234,1381.831,386.475
205.000,50,1206.890,1226.083,279.260
205.000,51,1150.846,938.759,218.755
205.000,52,219.365,420.176,469.013
205.000,53,49.488,838.951,170.158
205.000,54,366.686,266.318,280.038
205.000,55,154.544,1020.743,383.913
205.000,56,1434.965,1179.474,108.351
205.000,57,920.261,1375.235,409.391
205.000,58,674.940,836.039,359.684
205.000,59,654.777,1977.731,163.136
205.000,60,1587.523,457.582,288.845
205.000,61,241.887,1152.531,528.748
205.000,62,1860.060,1150.793,522.387
205.000,63,199.752,2164.164,457.603
205.000,64,1715.513,190.154,129.235
205.000,65,2171.055,889.214,205.331
205.000,66,1653.713,692.757,519.704
205.000,67,2061.871,1241.240,152.484
210.000,0,189.262,1776.719,480.897
210.000,1,1514.501,1651.332,451.624
210.000,2,544.879,1727.500,590.236
210.000,3,1553.142,2205.673,140.437
210.000,4,393.013,832.079,501.971
210.000,5,1997.999,1686.939,120.701
210.000,6,853.424,16.157,547.406
210.000,7,1774.270,2212.171,326.862
210.000,8,851.229,1304.079,409.064
210.000,9,1635.748,2170.966,227.845
210.000,10,1564.386,2132.612,558.574
210.000,11,1206.855,1701.726,127.352
210.000,12,1086.199,66.558,284.048
210.000,13,1150.540,13.194,595.065
210.000,14,1881.648,1116.602,415.257
210.000,15,1225.971,2018.769,339.435
210.000,16,1576.392,1523.249,322.477
210.000,17,753.638,1898.903,224.539
210.000,18,995.192,2217.934,537.826
210.000,19,969.731,1074.046,200.956
210.000,20,99.664,348.317,548.624
210.000,21,937.839,1866.071,590.701
210.000,22,2117.290,464.842,495.701
210.000,23,574.888,1185.047,372.637
210.000,24,1999.925,507.282,257.896
210.000,25,1578.087,598.088,293.340
210.000,26,219.663,829.709,440.120
210.000,27,1579.151,254.473,371.526
210.000,28,1279.483,1856.854,546.563
210.000,29,2016.666,510.372,450.819
210.000,30,1075.026,2183.571,152.870
210.000,31,1640.968,1751.385,118.308
210.000,32,887.011,97.403,267.017
210.000,33,966.357,1077.733,226.262
210.000,34,451.108,1589.119,235.801
210.000,35,1370.417,2080.041,257.425
210.000,36,988.617,1757.853,108.363
210.000,37,644.981,1180.265,153.741
210.000,38,538.014,743.128,149.669
210.000,39,1182.977,1488.181,505.584
210.000,40,319.762,2203.732,522.580
210.000,41,1543.271,943.945,488.366
210.000,42,475.147,1074.480,175.604
210.000,43,1190.414,399.145,271.240
210.000,44,369.880,385.573,248.135
210.000,45,1030.715,2104.784,234.659
210.000,46,963.430,546.340,274.698
210.000,47,1694.089,278.122,289.054
210.000,48,434.116,123.112,254.036
210.000,49,1942.611,1485.020,385.725
210.000,50,1178.048,1128.396,276.963
210.000,51,1148.133,1046.915,216.981
210.000,52,114.068,362.337,472.083
210.000,53,103.160,795.446,163.824
210.000,54,288.702,246.568,277.089
210.000,55,219.839,907.744,385.236
210.000,56,1483.686,1093.970,109.384
210.000,57,844.687,1351.492,412.832
210.000,58,750.717,936.513,363.703
210.000,59,641.662,1831.814,165.046
210.000,60,1640.379,378.755,285.938
210.000,61,158.580,1159.339,532.174
210.000,62,1776.489,1078.508,528.074
210.000,63,216.048,2034.712,455.560
210.000,64,1628.482,316.045,124.858
210.000,65,2208.961,988.612,201.226
210.000,66,1564.076,702.304,518.885
210.000,67,2087.996,1311.276,151.336
215.000,0,278.031,1740.593,478.946
215.000,1,1403.988,1643.521,452.083
215.000,2,602.284,1630.435,589.043
215.000,3,1642.934,2139.804,142.521
215.000,4,522.392,847.024,505.359
215.000,5,1925.983,1580.794,120.866
215.000,6,800.522,122.389,549.106
215.000,7,1835.291,2156.887,328.904
215.000,8,899.287,1421.843,416.305
215.000,9,1606.306,2145.286,227.522
215.000,10,1502.734,2198.533,558.855
215.000,11,1303.307,1712.794,121.941
215.000,12,1065.014,19.244,288.146
215.000,13,1219.522,92.635,593.295
215.000,14,1843.929,1224.409,412.532
215.000,15,1176.628,2079.102,337.933
215.000,16,1622.502,1424.603,320.314
215.000,17,823.352,1948.812,227.944
215.000,18,957.879,2099.230,537.829
215.000,19,1075.670,1115.456,196.802
215.000,20,190.951,282.310,553.786
215.000,21,1066.188,1837.742,590.738
215.000,22,2151.068,580.094,492.747
215.000,23,663.932,1070.530,371.062
215.000,24,2102.465,520.405,257.937
215.000,25,1531.704,674.826,295.093
215.000,26,136.812,877.187,439.569
215.000,27,1693.728,289.926,376.368
215.000,28,1228.405,1721.738,548.735
215.000,29,2159.730,485.335,455.517
215.000,30,974.169,2155.064,157.064
215.000,31,1561.941,1876.845,116.763
215.000,32,834.681,185.816,266.117
215.000,33,866.651,1025.046,225.859
215.000,34,498.254,1507.092,236.451
215.000,35,1226.269,2080.072,255.706
215.000,36,941.804,1871.794,114.874
215.000,37,743.711,1226.374,159.321
215.000,38,605.766,672.111,152.892
215.000,39,1108.409,1438.543,504.298
215.000,40,402.388,2166.286,519.652
215.000,41,1456.922,890.200,491.336
215.000,42,465.947,1154.666,177.245
215.000,43,1092.566,413.510,273.634
215.000,44,455.320,271.856,241.526
215.000,45,956.148,2167.893,239.750
215.000,46,830.092,527.154,276.265
215.000,47,1808.540,260.233,292.678
215.000,48,537.633,158.433,250.116
215.000,49,2048.760,1570.698,386.649
215.000,50,1136.700,1036.844,273.136
215.000,51,1125.981,1155.461,214.305
215.000,52,4.507,306.775,476.062
215.000,53,243.103,750.062,154.422
215.000,54,211.338,215.094,273.482
215.000,55,281.992,806.515,384.972
215.000,56,1524.035,1005.347,107.496
215.000,57,765.973,1328.375,415.071
215.000,58,851.990,1018.646,366.740
215.000,59,652.551,1696.042,164.913
215.000,60,1676.847,295.194,286.197
215.000,61,75.707,1179.892,534.122
215.000,62,1715.668,988.198,532.365
215.000,63,225.586,1903.571,454.776
215.000,64,1536.186,432.937,118.163
215.000,65,2111.722,1076.033,195.496
215.000,66,1474.747,710.036,519.040
215.000,67,2126.675,1374.477,151.589
220.000,0,370.927,1708.478,478.139
220.000,1,1286.067,1649.973,449.775
220.000,2,638.253,1522.895,588.757
220.000,3,1730.587,2084.955,146.629
220.000,4,653.356,837.082,508.842
220.000,5,1841.027,1481.681,117.487
220.000,6,722.198,220.883,552.346
220.000,7,1903.628,2070.059,327.998
220.000,8,924.518,1538.119,422.556
220.000,9,1610.256,2010.850,222.537
220.000,10,1439.450,2197.357,557.142
220.000,11,1405.212,1709.715,118.691
220.000,12,1054.107,111.762,292.023
220.000,13,1304.554,154.851,591.924
220.000,14,1790.097,1316.496,409.107
220.000,15,1144.494,2146.559,339.872
220.000,16,1671.889,1331.023,315.594
220.000,17,875.271,2007.025,230.129
220.000,18,909.051,1991.456,538.543
220.000,19,1193.637,1148.725,192.763
220.000,20,268.021,199.972,555.382
220.000,21,1202.173,1839.913,588.834
220.000,22,2173.891,691.885,488.286
220.000,23,728.419,940.760,363.287
220.000,24,2194.198,580.796,260.391
220.000,25,1494.118,763.293,297.529
220.000,26,59.346,937.329,439.546
220.000,27,1814.423,313.356,379.912
220.000,28,1201.231,1584.952,553.208
220.000,29,2159.552,452.776,462.477
220.000,30,877.325,2129.386,162.081
220.000,31,1468.597,1988.167,116.626
220.000,32,788.527,280.755,264.546
220.000,33,775.085,973.241,227.108
220.000,34,542.727,1427.827,237.864
220.000,35,1085.394,2064.370,251.150
220.000,36,878.709,1977.443,121.475
220.000,37,838.644,1285.212,166.357
220.000,38,626.465,566.604,155.223
220.000,39,1035.331,1386.262,503.157
220.000,40,485.277,2087.141,519.574
220.000,41,1391.029,817.216,493.558
220.000,42,444.703,1223.375,177.620
220.000,43,1002.355,453.948,278.714
220.000,44,540.814,160.523,234.679
220.000,45,860.872,2221.487,240.597
220.000,46,695.384,538.792,280.152
220.000,47,1921.102,220.643,295.619
220.000,48,637.707,185.810,247.903
220.000,49,2143.240,1664.177,391.249
220.000,50,1104.643,939.240,269.775
220.000,51,1111.124,1261.102,208.340
220.000,52,107.185,237.892,478.978
220.000,53,382.878,707.795,145.454
220.000,54,133.376,183.972,269.600
220.000,55,348.018,702.110,384.194
220.000,56,1573.838,925.757,106.687
220.000,57,693.796,1279.839,419.300
220.000,58,964.023,1081.565,371.489
220.000,59,666.046,1558.694,164.911
220.000,60,1703.449,203.548,284.828
220.000,61,22.057,1209.800,536.274
220.000,62,1630.022,913.396,539.712
220.000,63,272.403,1784.160,455.382
220.000,64,1457.344,558.423,114.821
220.000,65,2011.552,1164.650,191.325
220.000,66,1374.200,724.562,518.108
220.000,67,2164.647,1442.878,151.791
225.000,0,469.436,1702.802,478.923
225.000,1,1172.708,1638.980,449.705
225.000,2,697.280,1433.086,583.531
225.000,3,1831.736,2043.947,150.442
225.000,4,783.831,842.521,508.272
225.000,5,1798.717,1353.515,117.928
225.000,6,653.290,315.791,555.193
225.000,7,1980.626,1997.282,327.256
225.000,8,976.155,1657.581,428.072
225.000,9,1603.135,1872.391,217.096
225.000,10,1380.563,2123.159,553.641
225.000,11,1503.640,1709.665,116.902
225.000,12,1027.620,196.217,295.053
225.000,13,1379.371,237.011,590.946
225.000,14,1761.620,1420.460,405.438
225.000,15,1084.727,2197.828,338.894
225.000,16,1703.656,1234.423,309.737
225.000,17,937.907,2055.231,231.651
225.000,18,877.373,1872.076,540.800
225.000,19,1313.752,1189.909,190.353
225.000,20,355.706,121.298,557.585
225.000,21,1333.338,1812.314,588.312
225.000,22,2185.372,806.950,481.548
225.000,23,817.091,823.368,355.795
225.000,24,2171.868,599.255,262.290
225.000,25,1439.194,832.470,297.039
225.000,26,9.517,1013.564,440.687
225.000,27,1922.782,350.246,382.697
225.000,28,1156.874,1450.312,552.319
225.000,29,2022.755,414.735,469.239
225.000,30,779.415,2077.011,164.890
225.000,31,1397.592,2110.791,114.070
225.000,32,725.606,369.890,263.705
225.000,33,684.720,905.767,230.261
225.000,34,581.788,1352.372,237.523
225.000,35,945.827,2045.790,250.632
225.000,36,808.520,2078.483,125.622
225.000,37,934.229,1344.689,170.639
225.000,38,684.512,479.596,158.555
225.000,39,961.549,1348.934,501.229
225.000,40,569.161,2013.991,519.502
225.000,41,1312.373,750.493,494.186
225.000,42,415.304,1285.708,178.855
225.000,43,903.096,492.532,281.290
225.000,44,617.493,37.281,230.817
225.000,45,779.585,2176.018,242.551
225.000,46,558.980,541.422,283.788
225.000,47,2032.673,204.908,298.998
225.000,48,736.732,220.942,243.635
225.000,49,2224.878,1760.773,394.319
225.000,50,1062.843,841.010,266.679
225.000,51,1064.421,1367.557,202.628
225.000,52,203.786,160.055,483.284
225.000,53,517.405,662.925,136.598
225.000,54,63.879,149.968,264.314
225.000,55,418.304,595.986,383.930
225.000,56,1605.003,847.530,108.397
225.000,57,624.664,1248.567,421.934
225.000,58,1046.735,1182.458,375.752
225.000,59,655.451,1425.433,163.942
225.000,60,1748.236,119.860,282.712
225.000,61,96.635,1230.355,538.292
225.000,62,1541.135,842.142,546.169
225.000,63,317.231,1657.652,456.519
225.000,64,1383.828,687.123,106.686
225.000,65,1907.377,1226.854,184.922
225.000,66,1284.782,719.476,517.257
225.000,67,2194.613,1508.947,154.261
230.000,0,553.173,1690.922,479.565
230.000,1,1057.563,1651.906,452.009
230.000,2,737.180,1331.889,580.675
230.000,3,1929.748,2007.832,152.533
230.000,4,912.610,844.864,506.506
230.000,5,1746.223,1225.782,116.513
230.000,6,636.719,441.404,559.984
230.000,7,2051.422,1910.912,328.777
230.000,8,1029.347,1773.648,431.710
230.000,9,1600.391,1742.744,214.108
230.000,10,1319.335,2049.673,553.116
230.000,11,1603.876,1713.080,113.995
230.000,12,1027.075,285.943,297.583
230.000,13,1440.858,316.463,588.729
230.000,14,1725.348,1525.563,401.477
230.000,15,1032.069,2194.014,339.450
230.000,16,1747.641,1132.625,304.034
230.000,17,992.619,2113.266,233.695
230.000,18,819.876,1771.309,541.792
230.000,19,1426.945,1240.975,190.470
230.000,20,457.732,62.207,560.193
230.000,21,1477.239,1820.973,587.705
230.000,22,2214.929,917.100,477.388
230.000,23,929.510,736.718,347.125
230.000,24,2065.649,619.701,261.750
230.000,25,1398.429,910.744,297.139
230.000,26,82.271,1086.462,441.656
230.000,27,2033.298,365.848,383.197
230.000,28,1134.480,1312.622,553.014
230.000,29,1891.805,375.615,476.110
230.000,30,680.519,2039.666,166.325
230.000,31,1345.069,2197.717,111.841
230.000,32,670.673,469.171,263.023
230.000,33,593.680,852.778,235.034
230.000,34,629.028,1268.480,235.916
230.000,35,813.468,2007.681,250.001
230.000,36,732.957,2184.642,131.362
230.000,37,1023.780,1405.652,174.342
230.000,38,717.519,381.593,162.461
230.000,39,879.821,1310.023,500.351
230.000,40,638.207,1921.093,520.487
230.000,41,1236.599,692.940,495.454
230.000,42,395.191,1356.271,180.330
230.000,43,818.242,552.598,285.988
230.000,44,687.207,106.409,225.787
230.000,45,687.929,2130.956,245.554
230.000,46,425.931,527.066,287.559
230.000,47,2145.438,199.076,304.459
230.000,48,828.971,268.730,239.004
230.000,49,2141.190,1838.156,393.703
230.000,50,1030.858,742.371,264.457
230.000,51,1038.863,1476.234,199.222
230.000,52,299.011,75.519,490.047
230.000,53,647.945,598.124,126.221
230.000,54,1.480,107.843,262.743
230.000,55,465.080,485.441,384.156
230.000,56,1646.007,773.219,106.327
230.000,57,558.122,1205.874,425.830
230.000,58,1129.369,1281.737,381.197
230.000,59,638.421,1283.905,164.531
230.000,60,1783.206,34.672,280.339
230.000,61,180.148,1234.180,539.853
230.000,62,1482.353,744.329,550.803
230.000,63,343.804,1529.405,458.990
230.000,64,1287.538,802.719,100.013
230.000,65,1798.337,1296.577,180.238
230.000,66,1196.875,732.079,516.077
230.000,67,2212.687,1576.693,153.854
235.000,0,638.683,1661.156,479.307
235.000,1,941.416,1659.188,452.281
235.000,2,769.476,1233.968,577.625
235.000,3,2021.623,1944.561,154.947
235.000,4,1034.980,863.381,507.957
235.000,5,1670.280,1126.091,113.886
235.000,6,581.408,556.402,566.082
235.000,7,2129.556,1828.254,330.948
235.000,8,1055.929,1898.848,437.166
235.000,9,1574.720,1615.227,211.216
235.000,10,1268.845,1979.696,554.657
235.000,11,1706.913,1701.769,110.169
235.000,12,997.581,361.705,301.715
235.000,13,1507.344,392.416,586.298
235.000,14,1673.664,1624.242,402.529
235.000,15,977.112,2136.646,337.648
235.000,16,1797.810,1043.014,300.862
235.000,17,1053.151,2166.942,236.749
235.000,18,762.295,1665.460,540.869
235.000,19,1529.684,1307.633,186.184
235.000,20,546.566,12.424,564.774
235.000,21,1610.464,1811.217,589.747
235.000,22,2236.029,1035.295,469.626
235.000,23,1036.762,636.553,342.441
235.000,24,1967.670,648.790,260.647
235.000,25,1348.143,986.933,299.563
235.000,26,139.245,1165.927,441.682
235.000,27,2147.005,395.417,384.746
235.000,28,1105.795,1178.931,556.639
235.000,29,1756.834,340.525,478.534
235.000,30,590.124,1986.343,171.087
235.000,31,1289.983,2062.162,110.743
235.000,32,623.390,566.998,260.691
235.000,33,494.183,807.122,237.614
235.000,34,685.184,1196.610,238.639
235.000,35,685.520,1955.197,248.024
235.000,36,656.919,2163.907,134.818
235.000,37,1135.207,1448.511,180.098
235.000,38,729.860,283.573,167.373
235.000,39,800.215,1265.750,498.675
235.000,40,705.639,1830.125,518.253
235.000,41,1154.131,650.390,495.518
235.000,42,375.849,1434.906,182.254
235.000,43,740.333,603.022,287.667
235.000,44,748.374,238.203,220.459
235.000,45,591.547,2105.522,248.077
235.000,46,293.638,526.045,290.875
235.000,47,2216.136,158.743,308.721
235.000,48,934.335,297.152,232.436
235.000,49,2043.616,1926.420,396.151
235.000,50,1006.866,642.923,262.176
235.000,51,1034.495,1585.548,192.333
235.000,52,403.986,39.508,492.370
235.000,53,779.680,539.802,116.642
235.000,54,74.909,87.128,261.127
235.000,55,551.477,396.959,383.934
235.000,56,1692.030,697.702,105.504
235.000,57,479.645,1179.925,426.863
235.000,58,1228.014,1367.644,385.403
235.000,59,652.239,1144.417,170.092
235.000,60,1813.394,70.441,276.402
235.000,61,261.699,1239.082,542.076
235.000,62,1392.513,684.972,556.987
235.000,63,385.690,1397.687,458.002
235.000,64,1218.045,935.366,104.324
235.000,65,1703.025,1377.495,176.982
235.000,66,1106.150,737.335,514.747
235.000,67,2231.305,1643.297,154.636
240.000,0,721.816,1635.118,478.711
240.000,1,828.239,1648.075,453.262
240.000,2,806.203,1135.261,574.742
240.000,3,2124.104,1905.765,157.024
240.000,4,1157.850,875.744,510.520
240.000,5,1614.283,1005.460,115.215
240.000,6,543.315,669.350,571.618
240.000,7,2194.786,1742.044,335.445
240.000,8,1121.094,2004.755,440.513
240.000,9,1540.359,1487.483,207.072
240.000,10,1215.659,1905.070,554.350
240.000,11,1797.534,1739.672,106.562
240.000,12,981.416,446.391,306.015
240.000,13,1552.498,487.597,582.976
240.000,14,1627.399,1724.129,402.451
240.000,15,928.348,2077.096,339.115
240.000,16,1851.961,950.009,297.276
240.000,17,1116.873,2221.000,239.679
240.000,18,695.194,1567.303,538.689
240.000,19,1633.772,1356.062,181.581
240.000,20,637.598,83.708,571.595
240.000,21,1741.118,1796.031,590.316
240.000,22,2231.341,1151.314,465.795
240.000,23,1140.485,527.505,337.766
240.000,24,1875.882,686.752,259.735
240.000,25,1291.657,1059.459,301.447
240.000,26,207.039,1237.999,443.110
240.000,27,2210.366,446.523,389.428
240.000,28,1091.375,1035.933,560.400
240.000,29,1617.670,299.178,482.519
240.000,30,487.544,1943.972,175.890
240.000,31,1233.006,1931.571,111.460
240.000,32,606.873,671.768,258.021
240.000,33,406.667,743.522,240.281
240.000,34,717.383,1110.800,237.194
240.000,35,549.241,1925.045,242.813
240.000,36,588.490,2055.686,142.397
240.000,37,1236.727,1493.340,185.014
240.000,38,773.240,188.913,171.348
240.000,39,715.995,1223.092,498.317
240.000,40,775.103,1740.264,517.809
240.000,41,1068.252,594.243,494.969
240.000,42,359.271,1511.231,183.924
240.000,43,660.118,661.923,290.402
240.000,44,824.119,362.757,218.881
240.000,45,498.513,2059.081,253.054
240.000,46,157.519,540.829,292.123
240.000,47,2097.995,146.260,309.352
240.000,48,1036.288,334.712,227.071
240.000,49,1950.487,2018.962,394.913
240.000,50,979.569,550.163,258.551
240.000,51,1005.944,1687.991,189.070
240.000,52,515.275,23.173,494.982
240.000,53,914.450,494.590,112.880
240.000,54,150.025,55.233,258.355
240.000,55,612.756,297.236,384.254
240.000,56,1714.500,621.671,104.465
240.000,57,406.365,1144.392,430.540
240.000,58,1330.086,1429.144,389.082
240.000,59,660.060,1009.652,173.003
240.000,60,1848.588,160.559,274.306
240.000,61,338.850,1262.324,543.733
240.000,62,1308.899,616.733,558.223
240.000,63,391.427,1266.831,454.322
240.000,64,1125.510,1050.653,108.205
240.000,65,1591.373,1443.919,169.474
240.000,66,1018.693,734.565,513.989
240.000,67,2217.759,1707.072,155.405
245.000,0,807.436,1625.740,479.378
245.000,1,716.561,1644.590,457.105
245.000,2,854.058,1032.777,569.563
245.000,3,2202.216,1821.179,159.132
245.000,4,1278.552,917.592,512.580
245.000,5,1548.833,893.659,113.388
245.000,6,491.133,784.946,576.910
245.000,7,2208.545,1663.229,337.258
245.000,8,1164.651,2130.376,441.034
245.000,9,1516.136,1344.001,203.000
245.000,10,1149.543,1837.677,553.663
245.000,11,1893.187,1767.818,101.450
245.000,12,945.049,531.891,307.313
245.000,13,1618.762,566.583,581.794
245.000,14,1584.091,1822.558,401.716
245.000,15,876.438,2017.859,338.727
245.000,16,1895.121,858.290,294.450
245.000,17,1183.050,2199.200,242.549
245.000,18,640.464,1463.743,538.842
245.000,19,1744.500,1394.003,176.452
245.000,20,720.158,153.025,574.812
245.000,21,1872.014,1773.184,590.878
245.000,22,2214.729,1264.101,461.464
245.000,23,1228.288,409.444,332.621
245.000,24,1777.167,723.464,259.201
245.000,25,1245.422,1143.656,302.114
245.000,26,265.213,1309.501,442.914
245.000,27,2098.910,479.576,392.104
245.000,28,1067.310,902.933,560.677
245.000,29,1482.047,246.331,486.276
245.000,30,392.272,1896.246,181.359
245.000,31,1169.952,1802.622,114.060
245.000,32,548.562,753.432,256.493
245.000,33,322.029,675.725,241.903
245.000,34,764.502,1022.921,236.541
245.000,35,410.778,1890.711,239.409
245.000,36,540.165,1938.669,149.716
245.000,37,1327.467,1560.976,192.260
245.000,38,804.636,88.778,175.531
245.000,39,640.180,1179.478,499.490
245.000,40,852.087,1659.832,517.248
245.000,41,1000.556,529.114,496.018
245.000,42,331.407,1581.476,185.943
245.000,43,573.246,714.873,292.076
245.000,44,918.596,465.348,215.357
245.000,45,402.163,2006.451,257.128
245.000,46,27.198,531.595,291.981
245.000,47,1987.430,130.551,314.951
245.000,48,1149.258,355.352,224.144
245.000,49,1850.576,2107.291,393.498
245.000,50,940.993,455.593,254.857
245.000,51,984.737,1797.548,184.083
245.000,52,618.751,98.280,496.904
245.000,53,1054.837,469.830,104.068
245.000,54,217.068,7.749,256.614
245.000,55,670.279,186.833,385.705
245.000,56,1744.190,535.449,106.294
245.000,57,341.078,1094.307,431.839
245.000,58,1418.997,1518.254,393.511
245.000,59,647.747,879.588,175.787
245.000,60,1873.604,254.334,273.874
245.000,61,423.545,1274.785,545.829
245.000,62,1202.462,562.734,561.758
245.000,63,429.366,1143.586,453.769
245.000,64,1034.042,1154.829,115.360
245.000,65,1501.235,1534.742,164.818
245.000,66,935.647,747.577,513.922
245.000,67,2184.768,1769.792,157.132
250.000,0,892.896,1605.907,477.865
250.000,1,599.384,1608.298,460.704
250.000,2,896.394,933.236,568.849
250.000,3,2158.362,1774.900,162.211
250.000,4,1403.951,940.362,516.017
250.000,5,1504.950,776.966,113.885
250.000,6,409.564,879.060,580.993
250.000,7,2160.877,1564.942,337.639
250.000,8,1260.915,2220.062,442.802
250.000,9,1515.864,1212.372,197.867
250.000,10,1101.860,1763.272,551.457
250.000,11,1986.237,1776.283,102.245
250.000,12,938.623,616.833,311.167
250.000,13,1692.231,638.335,578.414
250.000,14,1549.794,1931.075,401.382
250.000,15,832.504,1952.312,340.265
250.000,16,1923.401,759.010,290.243
250.000,17,1233.868,2135.527,246.350
250.000,18,573.073,1365.190,539.317
250.000,19,1857.617,1429.462,174.596
250.000,20,798.882,243.263,575.559
250.000,21,2004.799,1770.102,592.921
250.000,22,2201.516,1378.210,456.434
250.000,23,1330.442,312.783,326.251
250.000,24,1664.610,745.484,258.013
250.000,25,1180.323,1214.812,302.845
250.000,26,325.365,1394.019,441.574
250.000,27,1988.580,510.359,395.740
250.000,28,1023.609,769.339,556.043
250.000,29,1353.338,195.891,491.024
250.000,30,294.068,1846.162,184.594
250.000,31,1106.402,1672.357,113.269
250.000,32,493.791,843.112,254.394
250.000,33,238.035,607.379,243.853
250.000,34,805.753,935.940,237.231
250.000,35,286.077,1845.007,236.870
250.000,36,469.399,1830.209,156.664
250.000,37,1430.844,1613.144,195.311
250.000,38,818.042,26.828,181.580
250.000,39,555.190,1144.019,500.632
250.000,40,913.213,1567.486,516.370
250.000,41,920.233,472.816,496.870
250.000,42,306.433,1651.615,187.101
250.000,43,480.451,762.208,294.155
250.000,44,1003.518,580.121,209.929
250.000,45,331.732,1931.095,259.566
250.000,46,111.883,535.377,295.742
250.000,47,1884.002,86.668,319.054
250.000,48,1242.959,400.449,221.176
250.000,49,1748.357,2201.636,390.857
250.000,50,897.764,359.027,250.058
250.000,51,966.746,1905.540,180.941
250.000,52,727.494,165.682,498.777
250.000,53,1193.464,442.219,106.257
250.000,54,293.201,31.549,254.232
250.000,55,711.071,72.839,386.845
250.000,56,1779.876,455.345,105.516
250.000,57,271.208,1055.136,432.900
250.000,58,1523.496,1595.137,397.232
250.000,59,643.902,742.034,174.363
250.000,60,1912.242,340.205,273.069
250.000,61,505.254,1266.353,546.777
250.000,62,1117.309,494.524,567.581
250.000,63,471.022,1015.499,455.302
250.000,64,964.086,1281.411,121.712
250.000,65,1388.720,1604.113,159.812
250.000,66,854.416,750.277,512.640
250.000,67,2147.156,1839.607,158.983
255.000,0,978.100,1570.630,475.271
255.000,1,488.190,1636.294,460.569
255.000,2,960.885,846.825,567.237
255.000,3,2077.337,1709.359,164.316
255.000,4,1534.971,950.247,514.196
255.000,5,1430.322,677.104,111.726
255.000,6,361.605,988.733,585.999
255.000,7,2091.916,1483.492,340.178
255.000,8,1318.415,2122.378,445.117
255.000,9,1522.611,1083.142,190.309
255.000,10,1042.945,1695.783,549.821
255.000,11,2089.692,1785.722,109.479
255.000,12,905.160,691.237,314.213
255.000,13,1766.350,704.094,578.444
255.000,14,1534.759,2038.698,400.065
255.000,15,764.047,1911.657,339.875
255.000,16,1983.676,676.438,285.715
255.000,17,1291.636,2076.236,251.338
255.000,18,517.406,1259.153,541.967
255.000,19,1973.915,1457.001,167.686
255.000,20,889.953,316.067,577.576
255.000,21,2141.880,1737.260,594.173
255.000,22,2183.398,1489.653,448.394
255.000,23,1453.345,239.639,322.755
255.000,24,1560.833,782.598,259.137
255.000,25,1145.217,1285.279,300.743
255.000,26,394.917,1462.030,442.241
255.000,27,1876.642,540.457,402.180
255.000,28,981.571,629.969,555.210
255.000,29,1216.686,137.264,495.509
255.000,30,196.937,1794.713,189.832
255.000,31,1046.679,1542.298,111.207
255.000,32,446.946,931.378,252.892
255.000,33,152.935,536.767,245.833
255.000,34,860.374,861.496,235.529
255.000,35,153.682,1817.818,231.743
255.000,36,404.950,1712.729,164.440
255.000,37,1534.055,1663.915,200.416
255.000,38,873.228,122.371,189.982
255.000,39,475.082,1103.220,501.280
255.000,40,985.107,1475.413,516.174
255.000,41,842.870,406.819,495.617
255.000,42,278.778,1717.406,189.124
255.000,43,389.873,785.650,299.359
255.000,44,1100.997,691.622,206.918
255.000,45,266.229,1853.422,262.512
255.000,46,242.720,549.635,296.155
255.000,47,1777.823,65.531,321.779
255.000,48,1333.366,443.550,219.353
255.000,49,1661.416,2160.742,388.220
255.000,50,869.955,263.223,245.877
255.000,51,945.192,2011.411,177.954
255.000,52,834.506,229.188,501.773
255.000,53,1322.312,387.444,112.257
255.000,54,375.098,62.864,251.852
255.000,55,767.729,46.554,385.732
255.000,56,1830.398,380.068,105.362
255.000,57,202.324,1013.139,435.603
255.000,58,1622.515,1682.759,403.907
255.000,59,676.552,604.508,177.836
255.000,60,1938.799,438.282,273.515
255.000,61,577.801,1273.665,549.629
255.000,62,1027.115,429.099,572.087
255.000,63,474.144,887.446,457.780
255.000,64,862.526,1389.861,125.236
255.000,65,1291.210,1683.012,157.082
255.000,66,766.522,758.084,510.820
255.000,67,2112.824,1903.370,160.117
260.000,0,1064.039,1535.975,473.526
260.000,1,374.583,1643.219,460.120
260.000,2,1020.458,751.255,560.253
260.000,3,1989.399,1658.137,165.770
260.000,4,1651.849,984.025,513.338
260.000,5,1362.576,569.372,108.555
260.000,6,323.704,1101.903,589.984
260.000,7,2016.840,1395.846,340.955
260.000,8,1349.190,1997.822,449.068
260.000,9,1494.245,953.685,183.407
260.000,10,986.825,1629.033,550.214
260.000,11,2181.303,1771.887,115.302
260.000,12,855.567,761.061,317.365
260.000,13,1836.919,785.007,576.033
260.000,14,1488.886,2140.462,397.709
260.000,15,708.701,1854.792,341.529
260.000,16,2039.284,584.826,280.666
260.000,17,1363.340,2015.598,254.290
260.000,18,462.288,1150.600,544.730
260.000,19,2089.466,1484.687,163.874
260.000,20,981.590,382.964,581.141
260.000,21,2200.586,1738.375,592.852
260.000,22,2116.179,1583.380,443.837
260.000,23,1554.348,135.722,317.991
260.000,24,1454.472,807.483,259.334
260.000,25,1108.020,1366.754,302.885
260.000,26,461.678,1527.036,443.879
260.000,27,1760.194,554.913,408.038
260.000,28,936.413,498.301,555.307
260.000,29,1083.613,89.742,501.249
260.000,30,104.055,1732.203,192.755
260.000,31,982.062,1410.090,109.017
260.000,32,407.133,1017.144,249.559
260.000,33,59.391,469.418,246.978
260.000,34,898.713,775.791,236.062
260.000,35,15.564,1800.141,227.929
260.000,36,328.868,1610.591,168.766
260.000,37,1645.937,1704.918,203.723
260.000,38,913.383,222.082,197.347
260.000,39,400.198,1057.549,500.017
260.000,40,1070.808,1409.592,515.116
260.000,41,766.217,352.853,494.414
260.000,42,255.752,1785.959,188.881
260.000,43,310.372,845.154,303.769
260.000,44,1169.895,816.564,200.892
260.000,45,180.339,1789.254,265.337
260.000,46,380.039,574.472,296.206
260.000,47,1665.907,49.991,326.534
260.000,48,1442.742,472.580,215.728
260.000,49,1548.861,2076.578,386.210
260.000,50,841.130,173.127,242.659
260.000,51,910.784,2111.794,173.159
260.000,52,942.263,282.459,502.323
260.000,53,1442.298,308.207,118.363
260.000,54,447.907,96.603,247.789
260.000,55,829.083,146.479,384.747
260.000,56,1866.350,296.156,107.053
260.000,57,126.487,978.066,437.312
260.000,58,1731.176,1758.386,409.641
260.000,59,671.323,467.113,179.090
260.000,60,1996.943,512.368,270.505
260.000,61,656.671,1274.546,551.450
260.000,62,941.401,352.732,579.763
260.000,63,489.482,758.422,457.866
260.000,64,781.262,1511.657,132.482
260.000,65,1190.765,1764.162,150.421
260.000,66,675.634,774.853,509.074
260.000,67,2076.185,1970.054,161.081
265.000,0,1147.090,1497.206,473.586
265.000,1,265.385,1631.766,459.188
265.000,2,1066.133,650.648,558.642
265.000,3,1894.589,1600.886,167.095
265.000,4,1777.529,972.710,515.868
265.000,5,1302.594,454.782,108.636
265.000,6,261.733,1211.662,594.918
265.000,7,1944.827,1317.440,341.918
265.000,8,1403.799,1890.066,455.130
265.000,9,1483.054,827.715,179.579
265.000,10,909.307,1582.065,548.254
265.000,11,2201.707,1774.752,119.441
265.000,12,830.026,844.918,319.447
265.000,13,1912.461,850.234,575.182
265.000,14,1428.202,2229.913,395.484
265.000,15,654.663,1795.586,341.981
265.000,16,2106.029,499.736,276.001
265.000,17,1436.032,1954.026,257.411
265.000,18,393.235,1050.545,546.616
265.000,19,2205.314,1515.818,161.738
265.000,20,1070.551,453.510,584.308
265.000,21,2074.291,1705.771,595.136
265.000,22,2095.115,1700.191,440.797
265.000,23,1647.121,26.665,314.579
265.000,24,1348.094,812.831,261.235
265.000,25,1040.169,1443.213,306.197
265.000,26,536.899,1588.703,443.300
265.000,27,1646.579,581.759,413.579
265.000,28,914.921,360.385,556.867
265.000,29,943.464,64.034,507.698
265.000,30,12.335,1677.714,194.880
265.000,31,918.994,1277.823,110.767
265.000,32,370.411,1115.918,248.169
265.000,33,17.960,390.569,248.118
265.000,34,949.640,705.376,234.748
265.000,35,124.338,1789.809,225.511
265.000,36,267.311,1509.390,174.420
265.000,37,1746.758,1754.921,209.901
265.000,38,944.448,321.566,203.776
265.000,39,323.253,1013.305,500.230
265.000,40,1115.157,1311.051,514.530
265.000,41,690.438,288.855,495.220
265.000,42,221.033,1848.151,188.956
265.000,43,212.737,876.528,306.582
265.000,44,1254.511,938.355,196.426
265.000,45,110.146,1719.589,268.564
265.000,46,505.630,576.950,294.671
265.000,47,1550.415,21.528,330.185
265.000,48,1549.097,474.162,212.634
265.000,49,1450.571,1979.909,387.788
265.000,50,802.649,81.275,237.842
265.000,51,914.850,2220.024,168.826
265.000,52,1056.033,327.452,504.952
265.000,53,1561.641,241.620,124.185
265.000,54,515.923,125.524,245.242
265.000,55,879.608,252.665,383.715
265.000,56,1913.404,214.442,106.238
265.000,57,49.222,944.837,440.761
265.000,58,1845.902,1817.158,415.509
265.000,59,681.130,325.880,177.196
265.000,60,2031.786,596.908,269.802
265.000,61,735.039,1279.068,553.919
265.000,62,880.310,258.178,583.835
265.000,63,527.297,636.461,455.235
265.000,64,686.848,1624.992,137.010
265.000,65,1080.227,1841.359,147.782
265.000,66,582.914,780.712,508.953
265.000,67,2056.467,2044.084,162.679
270.000,0,1236.123,1495.380,471.675
270.000,1,147.161,1659.989,460.513
270.000,2,1103.678,551.534,552.100
270.000,3,1794.395,1550.852,169.739
270.000,4,1898.549,985.223,515.640
270.000,5,1247.185,327.284,109.698
270.000,6,203.205,1322.401,598.840
270.000,7,1865.638,1243.739,342.608
270.000,8,1468.577,1778.870,461.852
270.000,9,1470.917,699.345,176.512
270.000,10,835.545,1526.343,548.144
270.000,11,2108.951,1772.122,122.198
270.000,12,808.411,933.061,322.707
270.000,13,1987.271,921.746,569.974
270.000,14,1370.897,2139.486,394.041
270.000,15,596.475,1733.572,343.620
270.000,16,2171.034,418.221,270.300
270.000,17,1495.110,1895.572,259.583
270.000,18,326.339,962.288,547.258
270.000,19,2164.870,1573.033,159.054
270.000,20,1166.091,523.075,588.668
270.000,21,1936.534,1722.351,597.012
270.000,22,2052.183,1810.710,437.237
270.000,23,1738.149,97.152,309.807
270.000,24,1242.987,827.950,259.306
270.000,25,976.694,1511.509,307.295
270.000,26,615.546,1649.928,445.116
270.000,27,1526.664,611.370,415.498
270.000,28,881.439,224.630,554.214
270.000,29,806.568,14.293,515.073
270.000,30,89.138,1627.618,196.180
270.000,31,879.448,1140.663,109.201
270.000,32,348.783,1213.137,246.070
270.000,33,115.289,334.140,250.074
270.000,34,996.326,625.283,232.773
270.000,35,251.581,1747.193,224.173
270.000,36,184.728,1409.972,179.896
270.000,37,1854.228,1786.779,215.038
270.000,38,963.504,425.092,210.129
270.000,39,234.929,976.610,501.491
270.000,40,1181.781,1227.593,514.371
270.000,41,599.672,242.189,496.108
270.000,42,212.895,1923.281,188.590
270.000,43,121.351,926.669,309.980
270.000,44,1301.513,1069.122,191.183
270.000,45,20.284,1660.640,273.668
270.000,46,637.717,527.976,298.686
270.000,47,1436.517,15.172,335.445
270.000,48,1651.566,489.702,210.288
270.000,49,1349.512,1888.594,391.328
270.000,50,771.480,23.390,233.788
270.000,51,899.888,2131.117,163.217
270.000,52,1135.604,423.898,510.333
270.000,53,1706.167,221.050,134.766
270.000,54,600.987,141.438,242.004
270.000,55,929.306,360.682,384.566
270.000,56,1946.496,128.352,106.632
270.000,57,38.697,917.757,443.021
270.000,58,1937.929,1900.026,420.090
270.000,59,700.273,187.654,173.939
270.000,60,2072.235,678.924,266.817
270.000,61,812.387,1302.823,555.420
270.000,62,790.826,190.146,588.007
270.000,63,565.295,513.022,453.100
270.000,64,601.913,1748.819,144.295
270.000,65,989.251,1928.625,145.068
270.000,66,489.804,781.996,507.345
270.000,67,2021.110,2107.760,164.627
275.000,0,1324.157,1493.844,469.425
275.000,1,30.577,1646.885,460.228
275.000,2,1166.136,461.437,549.254
275.000,3,1699.051,1496.556,170.628
275.000,4,2018.904,1015.323,516.585
275.000,5,1209.186,201.830,107.175
275.000,6,159.023,1444.078,594.255
275.000,7,1803.669,1150.885,342.470
275.000,8,1539.708,1675.343,466.470
275.000,9,1498.283,569.354,172.457
275.000,10,788.495,1449.311,546.784
275.000,11,2018.192,1789.494,125.692
275.000,12,759.707,1013.163,325.540
275.000,13,2059.331,999.780,566.768
275.000,14,1325.120,2033.138,390.675
275.000,15,539.732,1671.518,344.646
275.000,16,2231.814,329.665,265.825
275.000,17,1564.159,1837.359,260.895
275.000,18,260.285,860.335,550.761
275.000,19,2062.651,1614.575,154.686
275.000,20,1220.156,633.648,592.094
275.000,21,1805.258,1699.043,598.294
275.000,22,2021.059,1927.094,431.083
275.000,23,1862.953,181.377,306.008
275.000,24,1142.045,852.387,258.374
275.000,25,923.124,1576.447,309.843
275.000,26,669.592,1717.845,443.221
275.000,27,1407.446,643.832,420.578
275.000,28,861.626,94.755,554.911
275.000,29,663.129,19.553,521.937
275.000,30,187.441,1592.234,198.437
275.000,31,817.438,1009.225,109.693
275.000,32,329.036,1309.807,243.893
275.000,33,194.998,264.173,253.868
275.000,34,1045.314,545.249,231.722
275.000,35,389.995,1697.614,215.921
275.000,36,111.334,1302.984,188.422
275.000,37,1956.196,1821.925,222.728
275.000,38,998.313,520.560,216.577
275.000,39,155.141,934.844,501.696
275.000,40,1267.736,1152.993,515.043
275.000,41,525.341,186.964,493.306
275.000,42,202.585,2001.601,191.279
275.000,43,27.602,951.915,311.382
275.000,44,1356.586,1200.972,188.535
275.000,45,62.909,1591.264,277.665
275.000,46,774.665,525.249,302.086
275.000,47,1320.534,16.396,337.588
275.000,48,1746.934,538.156,204.809
275.000,49,1261.192,1790.104,395.268
275.000,50,757.644,127.809,231.287
275.000,51,868.734,2028.354,157.206
275.000,52,1236.702,495.367,514.891
275.000,53,1845.734,177.878,142.645
275.000,54,677.069,172.793,239.900
275.000,55,1003.190,446.415,385.029
275.000,56,1986.953,54.646,105.591
275.000,57,117.956,884.480,446.739
275.000,58,2038.532,1979.500,424.842
275.000,59,707.398,47.733,172.580
275.000,60,2113.762,754.400,265.435
275.000,61,893.065,1317.424,556.141
275.000,62,719.184,108.684,592.738
275.000,63,585.697,387.692,453.489
275.000,64,530.689,1882.646,149.532
275.000,65,893.066,2004.177,143.463
275.000,66,396.081,790.096,506.398
275.000,67,1970.904,2166.192,166.416
280.000,0,1411.164,1464.300,467.046
280.000,1,98.198,1646.297,460.279
280.000,2,1210.240,364.675,544.552
280.000,3,1602.873,1439.805,173.133
280.000,4,2150.657,1030.452,519.505
280.000,5,1129.824,100.369,105.092
280.000,6,109.991,1565.863,585.649
280.000,7,1714.577,1088.722,343.772
280.000,8,1584.628,1557.273,471.186
280.000,9,1464.740,439.809,167.651
280.000,10,736.318,1381.511,546.565
280.000,11,1926.895,1829.367,130.502
280.000,12,726.207,1089.328,327.856
280.000,13,2136.110,1068.142,564.139
280.000,14,1279.213,1926.774,387.236
280.000,15,489.565,1604.439,345.466
280.000,16,2207.539,224.503,262.473
280.000,17,1622.886,1784.453,261.553
280.000,18,190.900,768.660,551.725
280.000,19,1951.471,1668.957,151.635
280.000,20,1299.308,704.235,598.230
280.000,21,1673.911,1693.456,598.291
280.000,22,1988.397,2048.132,423.768
280.000,23,1978.314,262.697,302.438
280.000,24,1029.088,881.656,255.869
280.000,25,867.193,1648.300,312.825
280.000,26,748.461,1781.383,443.853
280.000,27,1301.590,692.322,424.568
280.000,28,829.164,42.996,557.689
280.000,29,534.474,67.655,530.775
280.000,30,280.852,1531.750,205.290
280.000,31,765.621,867.775,110.331
280.000,32,279.480,1403.347,243.817
280.000,33,294.783,203.535,258.706
280.000,34,1077.603,466.587,231.739
280.000,35,506.147,1619.649,211.523
280.000,36,56.512,1193.704,193.554
280.000,37,2054.956,1877.424,230.301
280.000,38,1036.722,615.466,221.357
280.000,39,77.205,890.549,500.028
280.000,40,1333.438,1059.508,517.141
280.000,41,445.518,127.618,490.939
280.000,42,172.067,2067.698,192.187
280.000,43,84.724,990.936,316.584
280.000,44,1448.987,1309.826,182.780
280.000,45,148.167,1537.092,279.561
280.000,46,910.334,521.594,305.143
280.000,47,1202.440,27.092,343.782
280.000,48,1845.782,578.810,202.145
280.000,49,1179.949,1685.844,396.671
280.000,50,728.517,224.341,228.023
280.000,51,848.548,1914.239,153.017
280.000,52,1347.851,548.275,518.156
280.000,53,1977.243,138.592,148.300
280.000,54,747.978,217.593,236.464
280.000,55,1083.311,541.949,385.183
280.000,56,2030.710,27.269,105.165
280.000,57,191.791,849.278,450.282
280.000,58,2131.450,2065.076,428.506
280.000,59,702.997,102.740,170.180
280.000,60,2139.273,840.253,263.825
280.000,61,971.691,1343.119,557.900
280.000,62,638.488,21.635,598.867
280.000,63,586.050,256.013,453.779
280.000,64,449.352,2011.226,152.022
280.000,65,788.227,2062.890,138.437
280.000,66,305.852,796.487,505.540
280.000,67,1926.894,2224.477,167.653
285.000,0,1497.554,1422.956,469.132
285.000,1,209.803,1641.512,459.549
285.000,2,1258.497,280.963,542.110
285.000,3,1506.491,1388.853,174.625
285.000,4,2199.299,1061.239,521.235
285.000,5,1070.832,36.208,103.576
285.000,6,55.085,1678.498,578.719
285.000,7,1638.727,1000.619,344.589
285.000,8,1628.010,1439.304,475.542
285.000,9,1486.850,313.590,164.754
285.000,10,673.898,1317.669,544.792
285.000,11,1837.506,1858.550,133.118
285.000,12,681.949,1164.761,332.044
285.000,13,2211.626,1140.666,563.758
285.000,14,1248.538,1823.915,382.912
285.000,15,433.003,1546.312,346.545
285.000,16,2165.843,123.000,256.781
285.000,17,1681.968,1729.751,265.725
285.000,18,108.744,686.737,550.175
285.000,19,1842.892,1727.944,147.293
285.000,20,1391.165,774.131,595.947
285.000,21,1537.870,1686.891,599.565
285.000,22,1988.489,2171.921,416.030
285.000,23,2088.585,362.051,295.741
285.000,24,924.491,902.415,256.762
285.000,25,816.943,1717.101,313.253
285.000,26,825.308,1839.250,444.854
285.000,27,1186.501,719.329,428.226
285.000,28,789.502,175.598,557.836
285.000,29,399.451,95.953,538.095
285.000,30,388.111,1508.754,209.469
285.000,31,700.957,740.541,109.347
285.000,32,234.777,1501.675,242.130
285.000,33,383.446,133.952,265.598
285.000,34,1118.539,389.998,232.345
285.000,35,632.613,1564.419,207.394
285.000,36,32.293,1097.763,200.575
285.000,37,2162.870,1913.896,234.986
285.000,38,1067.739,711.135,226.951
285.000,39,21.556,842.598,498.275
285.000,40,1409.372,975.824,518.664
285.000,41,371.496,62.915,492.051
285.000,42,141.196,2137.247,194.839
285.000,43,185.899,1003.971,318.485
285.000,44,1527.279,1425.760,176.087
285.000,45,238.101,1484.677,281.804
285.000,46,1042.561,498.762,307.037
285.000,47,1089.145,32.500,348.370
285.000,48,1941.263,623.134,198.983
285.000,49,1097.527,1582.719,397.386
285.000,50,694.704,316.069,226.016
285.000,51,841.572,1803.730,145.395
285.000,52,1461.161,601.436,517.251
285.000,53,2119.619,134.154,153.604
285.000,54,825.198,253.620,233.858
285.000,55,1134.299,647.648,384.794
285.000,56,2082.677,114.840,104.573
285.000,57,265.493,813.794,453.194
285.000,58,2232.520,2135.272,432.129
285.000,59,720.905,241.231,167.744
285.000,60,2171.649,926.715,262.846
285.000,61,1056.356,1350.784,560.139
285.000,62,558.501,48.854,597.662
285.000,63,626.133,138.335,455.492
285.000,64,363.564,2126.612,154.803
285.000,65,684.287,2141.013,134.028
285.000,66,216.564,822.784,505.319
285.000,67,1905.949,2176.687,167.494
290.000,0,1582.128,1385.486,467.263
290.000,1,330.543,1677.427,460.779
290.000,2,1298.094,186.913,538.481
290.000,3,1412.021,1329.418,178.451
290.000,4,2076.634,1085.920,527.519
290.000,5,994.586,146.400,104.028
290.000,6,14.064,1795.352,573.235
290.000,7,1568.675,916.321,345.394
290.000,8,1683.611,1328.029,479.392
290.000,9,1500.064,178.474,159.388
290.000,10,597.959,1266.783,545.863
290.000,11,1739.179,1881.204,137.039
290.000,12,654.499,1255.349,336.561
290.000,13,2188.893,1218.806,563.033
290.000,14,1197.060,1729.652,380.987
290.000,15,380.605,1480.574,347.118
290.000,16,2126.655,29.420,251.018
290.000,17,1753.603,1682.578,267.608
290.000,18,57.592,582.860,552.067
290.000,19,1730.028,1772.385,142.420
290.000,20,1461.973,861.705,592.801
290.000,21,1412.618,1642.143,599.259
290.000,22,1963.990,2170.394,408.986
290.000,23,2172.697,481.151,290.846
290.000,24,825.510,938.215,253.577
290.000,25,772.347,1796.461,315.396
290.000,26,887.749,1915.521,443.875
290.000,27,1066.556,753.342,433.365
290.000,28,766.475,314.002,559.110
290.000,29,277.578,158.985,542.243
290.000,30,500.327,1500.538,212.974
290.000,31,644.249,609.654,110.802
290.000,32,184.829,1598.263,240.506
290.000,33,461.912,61.423,267.124
290.000,34,1148.977,307.142,231.666
290.000,35,766.593,1541.290,200.827
290.000,36,109.271,999.747,202.604
290.000,37,2202.912,1960.871,238.761
290.000,38,1114.722,809.587,230.483
290.000,39,98.551,791.451,498.437
290.000,40,1498.423,903.628,521.011
290.000,41,291.557,9.277,490.922
290.000,42,125.014,2202.739,195.355
290.000,43,275.109,1031.100,322.156
290.000,44,1609.664,1539.356,170.245
290.000,45,336.027,1445.636,283.205
290.000,46,1170.728,480.407,306.765
290.000,47,972.329,42.445,353.475
290.000,48,2041.100,658.679,194.578
290.000,49,992.917,1499.865,397.736
290.000,50,657.013,408.449,223.114
290.000,51,819.804,1697.801,142.411
290.000,52,1567.302,678.722,519.056
290.000,53,2210.883,113.816,160.938
290.000,54,902.817,290.363,230.130
290.000,55,1195.630,752.567,384.904
290.000,56,2110.555,193.991,102.575
290.000,57,341.181,794.785,456.505
290.000,58,2152.155,2214.599,437.056
290.000,59,754.271,374.965,170.954
290.000,60,2206.815,1007.868,262.186
290.000,61,1131.580,1380.462,560.648
290.000,62,489.623,138.543,591.948
290.000,63,673.156,15.868,452.847
290.000,64,262.376,2227.310,157.889
290.000,65,579.412,2208.534,130.190
290.000,66,128.082,835.696,505.124
290.000,67,1869.652,2114.593,167.765
295.000,0,1657.486,1335.440,464.505
295.000,1,447.314,1657.286,461.121
295.000,2,1355.405,100.081,533.757
295.000,3,1315.728,1270.579,184.409
295.000,4,1952.123,1082.605,528.506
295.000,5,937.854,256.461,102.522
295.000,6,29.777,1910.593,567.492
295.000,7,1505.340,826.149,343.592
295.000,8,1709.927,1204.203,479.284
295.000,9,1455.880,42.168,155.534
295.000,10,535.825,1201.366,546.278
295.000,11,1647.502,1903.868,139.816
295.000,12,627.842,1337.991,342.554
295.000,13,2135.764,1307.799,560.437
295.000,14,1145.371,1631.097,379.611
295.000,15,333.613,1405.623,349.488
295.000,16,2068.424,69.714,244.433
295.000,17,1811.186,1624.476,268.669
295.000,18,1.546,480.641,553.603
295.000,19,1618.985,1826.707,140.152
295.000,20,1558.652,926.242,585.222
295.000,21,1278.615,1645.800,597.967
295.000,22,1948.122,2054.773,404.843
295.000,23,2178.549,570.183,283.014
295.000,24,729.899,976.332,253.448
295.000,25,736.479,1878.670,316.743
295.000,26,957.030,1985.325,444.131
295.000,27,954.284,795.919,438.551
295.000,28,748.556,447.002,558.406
295.000,29,134.502,188.409,546.515
295.000,30,609.832,1474.471,218.258
295.000,31,597.825,471.384,112.930
295.000,32,145.164,1690.528,239.597
295.000,33,544.049,27.567,270.247
295.000,34,1198.357,230.121,232.183
295.000,35,903.725,1506.666,194.406
295.000,36,161.107,879.319,208.933
295.000,37,2106.114,2014.571,244.358
295.000,38,1150.163,911.862,234.865
295.000,39,178.828,759.455,496.788
295.000,40,1564.763,815.821,522.254
295.000,41,213.065,59.501,491.775
295.000,42,96.528,2180.440,196.512
295.000,43,365.763,1069.131,323.595
295.000,44,1697.088,1655.423,169.673
295.000,45,417.036,1385.421,286.777
295.000,46,1300.209,452.341,308.765
295.000,47,850.580,51.072,357.491
295.000,48,2147.864,696.165,189.996
295.000,49,906.679,1399.663,397.071
295.000,50,625.706,503.019,219.933
295.000,51,819.140,1587.533,139.306
295.000,52,1679.932,737.652,523.028
295.000,53,2075.940,67.699,166.118
295.000,54,977.826,326.340,229.090
295.000,55,1248.097,865.502,382.939
295.000,56,2156.033,269.393,100.811
295.000,57,408.979,760.425,458.524
295.000,58,2049.697,2132.068,443.712
295.000,59,774.090,517.579,172.420
295.000,60,2231.174,1091.637,260.192
295.000,61,1210.605,1404.965,563.250
295.000,62,397.866,200.866,590.035
295.000,63,716.695,110.390,451.658
295.000,64,189.987,2106.033,164.584
295.000,65,494.956,2167.298,126.960
295.000,66,43.287,850.277,504.297
295.000,67,1843.095,2047.410,167.056
