seed,t,src,dst,dist_m,rssi_level,rssi_slope,rssi_n,beacon_ratio,retry_rate,tx_attempts,trials_probe,fails_probe,trials_cbr,fails_cbr,trials_future,fails_future,pdr_future
2,4.0000,0,7,528.6260,-88.7549,-0.0081,4,0.1000,1.0000,8,6,4,0,0,6,4,0.3333
2,4.0000,0,12,571.1903,-89.0628,0.0277,4,0.1000,1.0000,6,6,4,0,0,6,4,0.3333
2,4.0000,1,2,673.8632,-88.8791,-0.8470,5,0.1220,1.0000,8,6,6,0,0,6,6,0.0000
2,4.0000,1,13,257.0259,-84.8164,0.9675,40,0.9756,0.0000,4,4,0,0,0,4,0,1.0000
2,4.0000,1,14,500.0872,-87.0760,-0.1584,15,0.3659,0.6667,6,8,8,0,0,8,8,0.0000
2,4.0000,2,4,382.3913,-87.1288,0.4300,23,0.5750,0.6667,6,4,0,0,0,4,0,1.0000
2,4.0000,2,8,678.9732,-89.1488,1.0548,3,0.0750,1.0000,6,4,4,0,0,4,4,0.0000
2,4.0000,2,10,425.3785,-87.6768,-0.2392,23,0.5750,0.8750,8,6,4,0,0,6,4,0.3333
2,4.0000,2,14,633.0928,-88.8906,0.1862,4,0.1000,1.0000,8,6,6,0,0,6,6,0.0000
2,4.0000,3,4,524.6854,-88.7890,0.3301,5,0.1250,0.8333,6,8,7,0,0,8,7,0.1250
2,4.0000,3,9,277.7390,-84.7837,-0.3966,39,0.9750,0.0000,4,5,2,0,0,5,2,0.6000
2,4.0000,3,10,501.2327,-89.3686,-0.0966,7,0.1750,1.0000,4,7,4,0,0,7,4,0.4286
2,4.0000,3,11,480.4690,-87.8792,-0.0649,22,0.5500,1.0000,6,10,9,0,0,10,9,0.1000
2,4.0000,4,2,382.3913,-87.0532,0.1058,22,0.5500,0.6667,6,6,3,0,0,6,3,0.5000
2,4.0000,4,3,524.6854,-88.2851,0.4752,5,0.1250,1.0000,8,7,6,0,0,7,6,0.1429
2,4.0000,4,5,576.5407,-87.8580,-1.6661,5,0.1250,1.0000,6,8,7,0,0,8,7,0.1250
2,4.0000,4,6,628.7384,-88.6483,0.7537,9,0.2250,0.8571,7,2,2,0,0,2,2,0.0000
2,4.0000,4,8,487.1895,-86.5292,0.2556,20,0.5000,0.2000,5,8,7,0,0,8,7,0.1250
2,4.0000,4,9,509.8696,-87.9527,-0.1100,10,0.2500,1.0000,8,7,6,0,0,7,6,0.1429
2,4.0000,4,10,196.2473,-80.8640,-0.4222,40,1.0000,0.0000,4,5,1,0,0,5,1,0.8000
2,4.0000,4,11,538.6636,-89.4315,0.3020,6,0.1500,1.0000,4,7,6,0,0,7,6,0.1429
2,4.0000,5,4,576.5407,-88.3580,0.8189,5,0.1250,1.0000,4,8,8,0,0,8,8,0.0000
2,4.0000,5,6,182.1385,-77.4847,-2.0309,39,0.9750,0.0000,4,5,1,0,0,5,1,0.8000
2,4.0000,5,8,364.0285,-86.7950,0.1898,29,0.7250,0.5000,6,5,2,0,0,5,2,0.6000
2,4.0000,5,9,564.6441,-88.7116,0.2190,4,0.1000,1.0000,4,6,4,0,0,6,4,0.3333
2,4.0000,5,10,400.4177,-87.5691,0.2944,20,0.5000,0.4000,5,7,4,0,0,7,4,0.4286
2,4.0000,6,4,628.7384,-89.7078,-0.0656,9,0.2250,1.0000,6,8,8,0,0,8,8,0.0000
2,4.0000,6,5,182.1385,-77.1898,-1.6581,40,1.0000,0.0000,4,4,0,0,0,4,0,1.0000
2,4.0000,6,8,343.4081,-86.9351,0.0876,32,0.8000,0.0000,4,5,2,0,0,5,2,0.6000
2,4.0000,6,9,482.2535,-88.1770,0.0562,8,0.2000,1.0000,6,8,7,34,19,42,26,0.3810
2,4.0000,6,10,441.4150,-87.6363,0.5414,29,0.7250,0.5000,4,7,6,0,0,7,6,0.1429
2,4.0000,7,0,528.6260,-88.4679,0.1531,6,0.1463,1.0000,6,6,4,0,0,6,4,0.3333
2,4.0000,7,12,152.8752,-81.8911,1.3010,41,1.0000,0.0000,3,4,0,0,0,4,0,1.0000
2,4.0000,8,4,487.1895,-87.4524,-1.0712,29,0.7250,0.8750,8,8,8,0,0,8,8,0.0000
2,4.0000,8,5,364.0285,-86.7109,-0.1866,31,0.7750,0.0000,4,6,2,0,0,6,2,0.6667
2,4.0000,8,6,343.4081,-86.7925,-0.0824,31,0.7750,0.4000,5,4,0,0,0,4,0,1.0000
2,4.0000,8,9,567.7755,-88.8921,-0.1315,7,0.1750,0.8571,7,8,8,0,0,8,8,0.0000
2,4.0000,8,10,381.9898,-86.5537,-0.5033,38,0.9500,0.2000,5,8,4,0,0,8,4,0.5000
2,4.0000,9,3,277.7390,-84.7330,-0.0680,39,0.9750,0.2000,5,5,1,24,5,29,6,0.7931
2,4.0000,9,4,509.8696,-87.9756,-0.0219,14,0.3500,1.0000,8,7,6,0,0,7,6,0.1429
2,4.0000,9,5,564.6441,-89.0156,0.1693,6,0.1500,1.0000,8,8,8,0,0,8,8,0.0000
2,4.0000,9,6,482.2535,-88.0893,-0.1828,12,0.3000,1.0000,8,6,3,0,0,6,3,0.5000
2,4.0000,9,8,567.7755,-88.6680,-0.0177,5,0.1250,1.0000,6,8,8,0,0,8,8,0.0000
2,4.0000,9,10,384.7098,-87.4797,0.1356,23,0.5750,0.5000,6,8,6,0,0,8,6,0.2500
2,4.0000,9,11,537.8168,-88.1453,-0.5800,16,0.4000,0.5714,7,8,8,0,0,8,8,0.0000
2,4.0000,10,2,425.3785,-88.0363,-0.1000,22,0.5500,1.0000,8,7,5,0,0,7,5,0.2857
2,4.0000,10,3,501.2327,-89.3720,0.2496,7,0.1750,1.0000,4,6,3,0,0,6,3,0.5000
2,4.0000,10,4,196.2473,-81.1414,-0.1162,39,0.9750,0.0000,4,4,0,0,0,4,0,1.0000
2,4.0000,10,5,400.4177,-87.5288,0.4565,24,0.6000,0.4000,5,6,2,0,0,6,2,0.6667
2,4.0000,10,6,441.4150,-87.0723,-0.3309,28,0.7000,0.4286,7,7,5,0,0,7,5,0.2857
2,4.0000,10,8,381.9898,-86.2211,-0.3674,33,0.8250,0.0000,4,7,6,0,0,7,6,0.1429
2,4.0000,10,9,384.7098,-86.9861,0.4383,24,0.6000,0.5000,6,6,4,0,0,6,4,0.3333
2,4.0000,10,11,556.3445,-88.5322,0.1419,4,0.1000,1.0000,2,8,7,0,0,8,7,0.1250
2,4.0000,11,3,480.4690,-88.2453,-0.2285,17,0.4250,0.7143,7,6,4,0,0,6,4,0.3333
2,4.0000,11,9,537.8168,-87.7857,-0.0236,20,0.5000,1.0000,6,8,8,0,0,8,8,0.0000
2,4.0000,11,14,256.1357,-85.4329,1.1982,33,0.8250,0.0000,4,4,0,0,0,4,0,1.0000
2,4.0000,12,0,571.1903,-88.2838,-0.2482,5,0.1250,1.0000,6,5,2,0,0,5,2,0.6000
2,4.0000,12,7,152.8752,-81.8394,1.2595,40,1.0000,0.0000,4,4,0,0,0,4,0,1.0000
2,4.0000,13,1,257.0259,-85.0213,-0.1209,38,0.9500,0.2000,5,4,0,0,0,4,0,1.0000
2,4.0000,14,1,500.0872,-88.1407,-0.0464,18,0.4500,0.7143,7,8,8,0,0,8,8,0.0000
2,4.0000,14,2,633.0928,-89.5142,0.3495,4,0.1000,1.0000,8,8,8,0,0,8,8,0.0000
2,4.0000,14,4,634.3264,-89.3786,0.0632,4,0.1000,1.0000,4,4,4,0,0,4,4,0.0000
2,4.0000,14,11,256.1357,-85.5669,1.0162,31,0.7750,0.2500,4,5,2,0,0,5,2,0.6000
2,8.0000,0,6,625.9163,-89.3316,0.1694,5,0.1220,1.0000,6,8,8,0,0,8,8,0.0000
2,8.0000,0,7,406.7619,-88.4849,0.0647,23,0.5610,0.6667,6,4,0,0,0,4,0,1.0000
2,8.0000,0,12,386.2434,-87.7743,-0.0078,17,0.4146,0.6667,6,4,0,0,0,4,0,1.0000
2,8.0000,1,13,229.0660,-83.7327,0.0353,40,1.0000,0.0000,4,4,0,0,0,4,0,1.0000
2,8.0000,1,14,604.4024,-88.5729,-0.4109,6,0.1500,1.0000,8,8,7,0,0,8,7,0.1250
2,8.0000,2,4,390.2897,-87.1089,0.0052,32,0.7805,0.0000,4,8,7,0,0,8,7,0.1250
2,8.0000,2,5,465.6175,-88.3344,0.4519,13,0.3171,0.8333,6,5,2,0,0,5,2,0.6000
2,8.0000,2,10,428.6061,-87.2917,0.0113,23,0.5610,0.6667,6,8,7,0,0,8,7,0.1250
2,8.0000,2,11,549.2480,-88.9475,0.3943,6,0.1463,1.0000,8,8,8,0,0,8,8,0.0000
2,8.0000,2,14,701.2460,-89.5524,0.1703,3,0.0732,1.0000,6,4,4,0,0,4,4,0.0000
2,8.0000,3,4,462.6265,-88.5154,0.0486,17,0.4250,0.8750,8,8,7,0,0,8,7,0.1250
2,8.0000,3,8,664.0174,-88.4268,-1.0722,3,0.0750,1.0000,4,6,6,0,0,6,6,0.0000
2,8.0000,3,9,283.0786,-85.0301,-0.1907,36,0.9000,0.4000,5,5,1,0,0,5,1,0.8000
2,8.0000,3,10,369.1626,-87.8516,0.6529,23,0.5750,0.5714,7,6,3,0,0,6,3,0.5000
2,8.0000,3,11,583.7403,-88.0852,-0.2062,14,0.3500,0.9000,10,6,6,0,0,6,6,0.0000
2,8.0000,4,2,390.2897,-87.6372,-0.2343,29,0.7250,0.5000,6,6,3,0,0,6,3,0.5000
2,8.0000,4,3,462.6265,-87.5826,0.1611,9,0.2250,0.8571,7,8,6,0,0,8,6,0.2500
2,8.0000,4,5,596.6356,-89.4791,0.1283,3,0.0750,0.8750,8,8,8,0,0,8,8,0.0000
2,8.0000,4,6,726.9892,-89.1748,-0.4217,3,0.0750,1.0000,2,4,4,0,0,4,4,0.0000
2,8.0000,4,8,659.5602,-88.3113,-0.4308,8,0.2000,0.8750,8,2,2,0,0,2,2,0.0000
2,8.0000,4,9,591.7403,-88.3630,0.8090,6,0.1500,0.8571,7,8,8,0,0,8,8,0.0000
2,8.0000,4,10,248.4915,-83.3216,-0.5771,37,0.9250,0.2000,5,4,0,0,0,4,0,1.0000
2,8.0000,4,11,424.6666,-88.3165,0.3024,12,0.3000,0.8571,7,5,2,0,0,5,2,0.6000
2,8.0000,5,2,465.6175,-88.4034,1.4297,5,0.1220,1.0000,6,6,4,0,0,6,4,0.3333
2,8.0000,5,4,596.6356,-88.9476,0.2880,5,0.1220,1.0000,8,8,8,0,0,8,8,0.0000
2,8.0000,5,6,328.6446,-83.8971,-1.0473,35,0.8537,0.2000,5,6,4,0,0,6,4,0.3333
2,8.0000,5,8,425.0380,-87.1457,-0.2226,31,0.7561,0.4000,5,7,6,0,0,7,6,0.1429
2,8.0000,5,9,561.9825,-88.0700,0.5519,5,0.1220,0.6667,6,8,8,0,0,8,8,0.0000
2,8.0000,5,10,406.5444,-88.0761,0.2352,24,0.5854,0.5714,7,10,6,0,0,10,6,0.4000
2,8.0000,6,3,628.9473,-89.1221,0.3687,4,0.1000,1.0000,4,8,8,0,0,8,8,0.0000
2,8.0000,6,5,328.6446,-84.6885,-1.4391,38,0.9500,0.0000,4,7,4,0,0,7,4,0.4286
2,8.0000,6,8,348.1070,-86.2061,-0.3012,37,0.9250,0.4000,5,6,3,0,0,6,3,0.5000
2,8.0000,6,9,385.3681,-87.8886,0.7378,22,0.5500,0.6190,42,5,1,69,25,74,26,0.6486
2,8.0000,6,10,484.4563,-88.4494,-0.1105,21,0.5250,0.8571,7,7,5,0,0,7,5,0.2857
2,8.0000,7,0,406.7619,-88.0606,0.1170,17,0.4250,0.6667,6,4,0,0,0,4,0,1.0000
2,8.0000,7,12,103.9128,-77.4868,0.7684,40,1.0000,0.0000,4,4,0,0,0,4,0,1.0000
2,8.0000,8,0,626.3491,-88.9628,0.7756,4,0.1000,1.0000,4,5,4,0,0,5,4,0.2000
2,8.0000,8,4,659.5602,-88.9586,-0.1032,6,0.1500,1.0000,8,2,2,0,0,2,2,0.0000
2,8.0000,8,5,425.0380,-86.6905,-0.1942,23,0.5750,0.3333,6,6,4,0,0,6,4,0.3333
2,8.0000,8,6,348.1070,-86.1166,-0.3251,32,0.8000,0.0000,4,7,4,0,0,7,4,0.4286
2,8.0000,8,9,537.8459,-88.9505,-0.4075,8,0.2000,1.0000,8,7,6,0,0,7,6,0.1429
2,8.0000,8,10,488.5359,-88.0531,-0.2285,17,0.4250,0.5000,8,8,8,0,0,8,8,0.0000
2,8.0000,9,3,283.0786,-84.9820,-0.0855,38,0.9744,0.2069,29,4,0,56,7,60,7,0.8833
2,8.0000,9,4,591.7403,-88.4005,-0.1505,14,0.3590,0.8571,7,4,4,0,0,4,4,0.0000
2,8.0000,9,5,561.9825,-88.7279,0.4753,8,0.2051,1.0000,8,8,8,0,0,8,8,0.0000
2,8.0000,9,6,385.3681,-87.6838,0.5801,21,0.5385,0.5000,6,5,1,0,0,5,1,0.8000
2,8.0000,9,8,537.8459,-89.0048,-0.1718,11,0.2821,1.0000,8,6,4,0,0,6,4,0.3333
2,8.0000,9,10,380.7289,-86.2986,-0.1254,33,0.8462,0.7500,8,7,5,0,0,7,5,0.2857
2,8.0000,9,11,698.5318,-88.7671,0.5534,4,0.1026,1.0000,8,4,4,0,0,4,4,0.0000
2,8.0000,10,2,428.6061,-88.4666,0.1809,17,0.4359,0.7143,7,7,5,0,0,7,5,0.2857
2,8.0000,10,3,369.1626,-87.8294,0.3899,24,0.6154,0.5000,6,6,3,0,0,6,3,0.5000
2,8.0000,10,4,248.4915,-82.8904,-0.1515,37,0.9487,0.0000,4,4,0,0,0,4,0,1.0000
2,8.0000,10,5,406.5444,-87.6695,-0.2578,23,0.5897,0.3333,6,5,1,0,0,5,1,0.8000
2,8.0000,10,6,484.4563,-87.9325,0.0008,20,0.5128,0.7143,7,8,8,0,0,8,8,0.0000
2,8.0000,10,8,488.5359,-86.8514,-0.3968,21,0.5385,0.8571,7,10,9,0,0,10,9,0.1000
2,8.0000,10,9,380.7289,-86.8181,-0.3341,27,0.6923,0.6667,6,6,3,0,0,6,3,0.5000
2,8.0000,10,11,491.8592,-88.7007,0.5298,10,0.2564,0.8750,8,8,7,0,0,8,7,0.1250
2,8.0000,11,2,549.2480,-88.8591,-0.2644,3,0.0750,1.0000,8,8,6,0,0,8,6,0.2500
2,8.0000,11,3,583.7403,-88.7014,0.0419,11,0.2750,0.6667,6,8,8,0,0,8,8,0.0000
2,8.0000,11,4,424.6666,-87.9714,0.6054,12,0.3000,0.8750,8,7,5,0,0,7,5,0.2857
2,8.0000,11,9,698.5318,-88.8866,-0.2071,8,0.2000,1.0000,8,4,4,0,0,4,4,0.0000
2,8.0000,11,10,491.8592,-88.5293,0.4738,14,0.3500,0.7143,7,7,5,0,0,7,5,0.2857
2,8.0000,11,14,211.5701,-83.1992,0.2352,38,0.9500,0.0000,4,4,0,0,0,4,0,1.0000
2,8.0000,12,0,386.2434,-87.9856,0.8917,10,0.2564,0.4000,5,5,1,0,0,5,1,0.8000
2,8.0000,12,7,103.9128,-77.4329,1.2543,39,1.0000,0.0000,4,4,0,0,0,4,0,1.0000
2,8.0000,13,1,229.0660,-84.1294,0.4020,38,0.9500,0.0000,4,4,0,0,0,4,0,1.0000
2,8.0000,14,1,604.4024,-88.7342,-0.2569,15,0.3750,1.0000,8,2,2,0,0,2,2,0.0000
2,8.0000,14,4,597.1696,-89.2647,0.0411,4,0.1000,1.0000,4,8,8,0,0,8,8,0.0000
2,8.0000,14,11,211.5701,-83.0587,0.3014,39,0.9750,0.4000,5,4,0,0,0,4,0,1.0000
2,12.0000,0,6,631.3757,-89.1864,-0.4005,6,0.1500,1.0000,8,4,4,0,0,4,4,0.0000
2,12.0000,0,7,329.6980,-87.3285,0.8460,24,0.6000,0.0000,4,5,1,0,0,5,1,0.8000
2,12.0000,0,8,520.9473,-88.5523,-0.1977,4,0.1000,1.0000,8,8,7,0,0,8,7,0.1250
2,12.0000,0,12,236.3722,-85.3558,1.3004,36,0.9000,0.0000,4,4,0,0,0,4,0,1.0000
2,12.0000,1,13,187.7875,-83.0820,-0.0229,40,1.0000,0.0000,4,4,0,0,0,4,0,1.0000
2,12.0000,2,4,429.6786,-87.5540,0.1650,22,0.5641,0.8750,8,7,4,0,0,7,4,0.4286
2,12.0000,2,5,330.0410,-87.5724,0.1958,22,0.5641,0.4000,5,5,1,0,0,5,1,0.8000
2,12.0000,2,10,444.1896,-87.8033,-0.5659,17,0.4359,0.8750,8,7,6,0,0,7,6,0.1429
2,12.0000,2,11,456.0919,-88.6159,0.1647,19,0.4872,1.0000,8,8,6,0,0,8,6,0.2500
2,12.0000,3,4,488.7609,-88.3822,-0.3576,16,0.4000,0.8750,8,8,7,0,0,8,7,0.1250
2,12.0000,3,6,502.5837,-88.4340,-0.4041,10,0.2500,1.0000,8,8,8,0,0,8,8,0.0000
2,12.0000,3,8,603.1386,-89.5844,0.1867,3,0.0750,1.0000,6,8,7,0,0,8,7,0.1250
2,12.0000,3,9,313.5637,-85.3410,0.0691,34,0.8500,0.2000,5,5,1,0,0,5,1,0.8000
2,12.0000,3,10,257.1115,-85.6880,0.6657,28,0.7000,0.5000,6,4,0,0,0,4,0,1.0000
2,12.0000,4,2,429.6786,-88.1167,-0.4736,20,0.5000,0.5000,6,7,6,0,0,7,6,0.1429
2,12.0000,4,3,488.7609,-88.5240,0.1771,16,0.4000,0.7500,8,8,8,0,0,8,8,0.0000
2,12.0000,4,5,633.4552,-88.7392,0.1901,4,0.1000,1.0000,8,4,4,0,0,4,4,0.0000
2,12.0000,4,10,321.4417,-85.1984,0.0053,36,0.9000,0.0000,4,7,4,0,0,7,4,0.4286
2,12.0000,4,11,361.8261,-87.3684,0.8124,24,0.6000,0.4000,5,8,4,0,0,8,4,0.5000
2,12.0000,4,14,549.5713,-89.1820,-0.1314,9,0.2250,1.0000,8,7,6,0,0,7,6,0.1429
2,12.0000,5,2,330.0410,-86.8707,1.2185,22,0.5500,0.6667,6,6,2,0,0,6,2,0.6667
2,12.0000,5,4,633.4552,-89.0183,-0.8408,3,0.0750,1.0000,8,2,2,0,0,2,2,0.0000
2,12.0000,5,6,449.6555,-86.6008,-0.2782,22,0.5500,0.6667,6,8,8,0,0,8,8,0.0000
2,12.0000,5,8,548.2280,-87.5607,-0.5280,11,0.2750,0.8571,7,8,8,0,0,8,8,0.0000
2,12.0000,5,9,599.2062,-88.6470,-0.0674,8,0.2000,1.0000,8,8,8,0,0,8,8,0.0000
2,12.0000,5,10,449.8123,-87.6025,0.1189,23,0.5750,0.6000,10,5,3,0,0,5,3,0.4000
2,12.0000,6,0,631.3757,-89.6988,-0.1489,3,0.0750,1.0000,8,8,8,0,0,8,8,0.0000
2,12.0000,6,2,716.8013,-89.3561,-0.3665,3,0.0750,,0,8,8,0,0,8,8,0.0000
2,12.0000,6,3,502.5837,-88.8513,-0.0218,10,0.2500,1.0000,8,7,6,0,0,7,6,0.1429
2,12.0000,6,5,449.6555,-86.7856,-0.6110,30,0.7500,0.5714,7,8,7,0,0,8,7,0.1250
2,12.0000,6,8,367.9024,-86.6608,-0.1065,31,0.7750,0.5000,6,7,5,0,0,7,5,0.2857
2,12.0000,6,9,248.4495,-85.8532,0.6728,33,0.8250,0.3514,74,4,0,54,2,58,2,0.9655
2,12.0000,6,10,488.4512,-88.9741,0.1656,11,0.2750,0.7143,7,7,6,0,0,7,6,0.1429
2,12.0000,7,0,329.6980,-86.7087,0.1838,36,0.9000,0.0000,4,5,1,0,0,5,1,0.8000
2,12.0000,7,12,165.1979,-76.9935,-0.9190,40,1.0000,0.0000,4,5,1,0,0,5,1,0.8000
2,12.0000,8,0,520.9473,-89.3422,0.2003,9,0.2250,0.8000,5,8,6,0,0,8,6,0.2500
2,12.0000,8,3,603.1386,-89.4388,0.7790,3,0.0750,1.0000,8,8,8,0,0,8,8,0.0000
2,12.0000,8,5,548.2280,-88.4496,0.1170,13,0.3250,0.6667,6,8,8,0,0,8,8,0.0000
2,12.0000,8,6,367.9024,-86.8498,-0.2908,32,0.8000,0.5714,7,7,5,0,0,7,5,0.2857
2,12.0000,8,9,477.5132,-87.7180,0.4818,6,0.1500,0.8571,7,8,8,0,0,8,8,0.0000
2,12.0000,8,10,586.0866,-88.6738,0.1418,7,0.1750,1.0000,8,8,8,0,0,8,8,0.0000
2,12.0000,9,3,313.5637,-85.9319,-0.3878,33,0.8250,0.1167,60,7,3,68,21,75,24,0.6800
2,12.0000,9,5,599.2062,-89.3870,0.0895,7,0.1750,1.0000,8,8,8,0,0,8,8,0.0000
2,12.0000,9,6,248.4495,-85.8830,0.7322,33,0.8250,0.2000,5,4,0,0,0,4,0,1.0000
2,12.0000,9,8,477.5132,-88.9203,0.1497,14,0.3500,0.6667,6,7,5,0,0,7,5,0.2857
2,12.0000,9,10,417.6760,-87.1740,-0.2995,20,0.5000,0.7143,7,8,8,0,0,8,8,0.0000
2,12.0000,10,2,444.1896,-87.2198,0.4602,16,0.4000,0.7143,7,7,4,0,0,7,4,0.4286
2,12.0000,10,3,257.1115,-85.2883,1.1544,31,0.7750,0.5000,6,4,0,0,0,4,0,1.0000
2,12.0000,10,4,321.4417,-84.5741,-0.5263,38,0.9500,0.0000,4,6,2,0,0,6,2,0.6667
2,12.0000,10,5,449.8123,-87.5493,-0.3428,20,0.5000,0.2000,5,8,7,0,0,8,7,0.1250
2,12.0000,10,6,488.4512,-88.8274,-0.2479,13,0.3250,1.0000,8,8,8,0,0,8,8,0.0000
2,12.0000,10,8,586.0866,-88.7315,0.0400,12,0.3000,0.9000,10,8,8,0,0,8,8,0.0000
2,12.0000,10,9,417.6760,-87.2917,-0.2014,26,0.6500,0.5000,6,7,6,0,0,7,6,0.1429
2,12.0000,10,11,497.6200,-87.8546,0.6422,16,0.4000,0.8750,8,8,8,0,0,8,8,0.0000
2,12.0000,11,2,456.0919,-88.4160,0.1569,13,0.3250,0.7500,8,6,4,0,0,6,4,0.3333
2,12.0000,11,3,686.3042,-88.7968,1.3801,3,0.0750,1.0000,8,8,8,0,0,8,8,0.0000
2,12.0000,11,4,361.8261,-87.3966,0.1098,26,0.6500,0.7143,7,6,2,0,0,6,2,0.6667
2,12.0000,11,10,497.6200,-88.4284,0.1340,14,0.3500,0.7143,7,8,8,0,0,8,8,0.0000
2,12.0000,11,14,320.6005,-84.3001,-0.7024,36,0.9000,0.0000,4,7,5,0,0,7,5,0.2857
2,12.0000,12,0,236.3722,-85.8114,0.2185,32,0.8000,0.2000,5,4,0,0,0,4,0,1.0000
2,12.0000,12,7,165.1979,-77.4866,-1.8618,40,1.0000,0.0000,4,4,0,0,0,4,0,1.0000
2,12.0000,13,1,187.7875,-82.6348,0.3986,41,1.0000,0.0000,4,4,0,0,0,4,0,1.0000
2,12.0000,14,4,549.5713,-88.9601,-0.2919,8,0.2000,1.0000,8,8,7,0,0,8,7,0.1250
2,12.0000,14,11,320.6005,-84.8021,-1.1399,36,0.9000,0.0000,4,4,0,0,0,4,0,1.0000
2,16.0000,0,7,255.3667,-85.0968,0.3112,37,0.9250,0.2000,5,4,0,0,0,4,0,1.0000
2,16.0000,0,8,458.0346,-87.6282,0.1213,14,0.3500,0.8750,8,7,5,0,0,7,5,0.2857
2,16.0000,0,12,197.1085,-81.9924,0.1824,40,1.0000,0.0000,4,4,0,0,0,4,0,1.0000
2,16.0000,1,13,70.7030,-75.8030,3.0026,40,1.0000,0.0000,4,4,0,0,0,4,0,1.0000
2,16.0000,2,4,503.8453,-88.0399,0.0306,19,0.4634,0.5714,7,8,8,0,0,8,8,0.0000
2,16.0000,2,5,233.9729,-84.8674,1.2187,37,0.9024,0.2000,5,4,0,0,0,4,0,1.0000
2,16.0000,2,10,466.1965,-87.6626,0.5058,17,0.4146,0.8571,7,8,8,0,0,8,8,0.0000
2,16.0000,2,11,450.7134,-87.6829,-0.2244,19,0.4634,0.7500,8,7,4,0,0,7,4,0.4286
2,16.0000,3,4,585.1392,-88.5440,-0.2416,13,0.3250,0.8750,8,8,8,0,0,8,8,0.0000
2,16.0000,3,6,396.0259,-87.8775,0.5223,20,0.5000,1.0000,8,5,1,0,0,5,1,0.8000
2,16.0000,3,8,537.1906,-88.5865,0.0059,6,0.1500,0.8750,8,8,8,0,0,8,8,0.0000
2,16.0000,3,9,339.9832,-85.4685,0.0450,33,0.8250,0.2000,5,6,3,0,0,6,3,0.5000
2,16.0000,3,10,229.0802,-83.8683,0.0422,38,0.9500,0.0000,4,4,0,0,0,4,0,1.0000
2,16.0000,4,2,503.8453,-87.9998,0.1128,16,0.4000,0.8571,7,8,8,0,0,8,8,0.0000
2,16.0000,4,3,585.1392,-88.8335,0.2403,8,0.2000,1.0000,8,4,4,0,0,4,4,0.0000
2,16.0000,4,10,384.7414,-86.3887,-0.2182,31,0.7750,0.5714,7,7,6,0,0,7,6,0.1429
2,16.0000,4,11,405.7446,-87.4004,-0.3711,29,0.7250,0.5000,8,5,4,0,0,5,4,0.2000
2,16.0000,4,14,510.8143,-88.2488,-0.2975,15,0.3750,0.8571,7,8,6,0,0,8,6,0.2500
2,16.0000,5,2,233.9729,-84.9155,0.2196,38,0.9500,0.3333,6,4,0,0,0,4,0,1.0000
2,16.0000,5,6,605.7720,-88.7052,0.0016,13,0.3250,1.0000,8,8,8,0,0,8,8,0.0000
2,16.0000,5,10,567.7571,-87.9549,-0.8850,13,0.3250,0.6000,5,8,8,0,0,8,8,0.0000
2,16.0000,6,3,396.0259,-87.7177,0.3782,19,0.4750,0.8571,7,7,3,66,28,73,31,0.5753
2,16.0000,6,5,605.7720,-88.8589,0.1745,13,0.3250,0.8750,8,4,4,0,0,4,4,0.0000
2,16.0000,6,8,394.3021,-87.0250,0.1619,30,0.7500,0.7143,7,7,4,0,0,7,4,0.4286
2,16.0000,6,9,159.9555,-82.6809,1.1077,40,1.0000,0.0345,58,4,0,7,0,11,0,1.0000
2,16.0000,6,10,510.1215,-88.4884,0.3191,14,0.3500,0.8571,7,8,8,0,0,8,8,0.0000
2,16.0000,7,0,255.3667,-85.7021,0.6948,38,0.9500,0.2000,5,5,1,0,0,5,1,0.8000
2,16.0000,7,12,294.8485,-83.3859,-1.4154,40,1.0000,0.2000,5,5,2,0,0,5,2,0.6000
2,16.0000,8,0,458.0346,-88.2613,0.2666,12,0.3000,0.7500,8,7,5,0,0,7,5,0.2857
2,16.0000,8,3,537.1906,-89.1050,-0.0028,8,0.2000,1.0000,8,8,7,0,0,8,7,0.1250
2,16.0000,8,5,696.7924,-89.1861,-0.1215,5,0.1250,1.0000,8,2,2,0,0,2,2,0.0000
2,16.0000,8,6,394.3021,-87.6802,0.0099,26,0.6500,0.7143,7,7,4,0,0,7,4,0.4286
2,16.0000,8,9,422.1015,-88.6055,-0.3580,20,0.5000,1.0000,8,7,5,0,0,7,5,0.2857
2,16.0000,8,10,674.6920,-88.9681,0.1499,5,0.1250,1.0000,8,8,8,0,0,8,8,0.0000
2,16.0000,9,3,339.9832,-86.2636,-0.1459,34,0.8293,0.3200,75,7,4,11,5,18,9,0.5000
2,16.0000,9,6,159.9555,-82.7869,1.1716,39,0.9512,0.0000,4,4,0,0,0,4,0,1.0000
2,16.0000,9,8,422.1015,-88.3298,0.0654,15,0.3659,0.7143,7,6,2,0,0,6,2,0.6667
2,16.0000,9,10,512.5630,-88.2128,-0.4082,20,0.4878,1.0000,8,8,8,0,0,8,8,0.0000
2,16.0000,10,2,466.1965,-88.7741,-0.2711,16,0.3902,0.5714,7,7,4,0,0,7,4,0.4286
2,16.0000,10,3,229.0802,-83.8597,0.2643,41,1.0000,0.0000,4,4,0,0,0,4,0,1.0000
2,16.0000,10,4,384.7414,-86.7141,-0.6272,33,0.8049,0.3333,6,7,5,0,0,7,5,0.2857
2,16.0000,10,5,567.7571,-88.3477,-0.0330,13,0.3171,0.8750,8,8,8,0,0,8,8,0.0000
2,16.0000,10,6,510.1215,-89.0238,0.1227,13,0.3171,1.0000,8,8,7,0,0,8,7,0.1250
2,16.0000,10,9,512.5630,-88.0658,0.0629,14,0.3415,0.8571,7,8,8,0,0,8,8,0.0000
2,16.0000,10,11,595.1456,-88.6646,-0.1981,14,0.3415,1.0000,8,6,6,0,0,6,6,0.0000
2,16.0000,11,2,450.7134,-87.9362,-0.2188,23,0.5750,0.6667,6,8,8,0,0,8,8,0.0000
2,16.0000,11,4,405.7446,-87.8063,-0.5920,24,0.6000,0.3333,6,7,6,0,0,7,6,0.1429
2,16.0000,11,10,595.1456,-87.7369,-0.2365,8,0.2000,1.0000,8,8,8,0,0,8,8,0.0000
2,16.0000,11,14,467.0116,-87.7473,-0.0829,21,0.5250,0.7143,7,8,8,0,0,8,8,0.0000
2,16.0000,12,0,197.1085,-82.3942,0.9274,39,0.9750,0.0000,4,4,0,0,0,4,0,1.0000
2,16.0000,12,7,294.8485,-82.9594,-0.7778,39,0.9750,0.0000,4,6,2,0,0,6,2,0.6667
2,16.0000,13,1,70.7030,-75.8754,3.3239,40,1.0000,0.0000,4,4,0,0,0,4,0,1.0000
2,16.0000,14,4,510.8143,-88.3397,0.1034,9,0.2250,0.8750,8,8,7,0,0,8,7,0.1250
2,16.0000,14,11,467.0116,-87.5540,-0.4185,28,0.7000,0.0000,4,8,6,0,0,8,6,0.2500
2,20.0000,0,7,192.5863,-83.6453,0.9922,40,1.0000,0.0000,4,4,0,0,0,4,0,1.0000
2,20.0000,0,8,423.7368,-87.8786,-0.2605,22,0.5500,0.7143,7,7,5,0,0,7,5,0.2857
2,20.0000,0,12,260.4577,-82.3443,-0.2920,39,0.9750,0.0000,4,6,4,0,0,6,4,0.3333
2,20.0000,1,13,147.7668,-77.0539,-2.1530,40,1.0000,0.0000,4,4,0,0,0,4,0,1.0000
2,20.0000,2,3,548.1443,-88.7401,0.3117,10,0.2500,1.0000,6,7,5,0,0,7,5,0.2857
2,20.0000,2,4,594.7804,-89.0115,-0.3256,9,0.2250,1.0000,8,2,2,0,0,2,2,0.0000
2,20.0000,2,5,214.6599,-82.7385,0.5255,40,1.0000,0.0000,4,5,1,0,0,5,1,0.8000
2,20.0000,2,10,493.8825,-88.5313,-0.3044,13,0.3250,1.0000,8,8,8,0,0,8,8,0.0000
2,20.0000,2,11,507.7978,-87.6838,0.0436,17,0.4250,0.5714,7,8,8,0,0,8,8,0.0000
2,20.0000,3,2,548.1443,-89.3503,-0.2395,7,0.1750,1.0000,8,8,7,0,0,8,7,0.1250
2,20.0000,3,6,348.2927,-87.2041,0.2106,29,0.7250,0.2000,5,5,1,0,0,5,1,0.8000
2,20.0000,3,8,523.0720,-89.0493,0.1015,17,0.4250,1.0000,8,8,7,0,0,8,7,0.1250
2,20.0000,3,9,403.0784,-86.8032,-0.4302,29,0.7250,0.5000,6,7,6,0,0,7,6,0.1429
2,20.0000,3,10,281.8456,-84.4150,-0.8602,39,0.9750,0.0000,4,7,3,0,0,7,3,0.5714
2,20.0000,4,2,594.7804,-88.4336,-0.6027,9,0.2250,1.0000,8,8,8,0,0,8,8,0.0000
2,20.0000,4,3,698.6848,-87.9878,-0.5299,4,0.1000,1.0000,4,4,4,0,0,4,4,0.0000
2,20.0000,4,10,446.3598,-88.3960,-0.0833,27,0.6750,0.8571,7,7,5,0,0,7,5,0.2857
2,20.0000,4,11,494.8549,-88.0363,-0.2862,24,0.6000,0.8000,5,8,7,0,0,8,7,0.1250
2,20.0000,4,14,488.4755,-87.8166,0.1399,11,0.2750,0.7500,8,7,6,50,44,57,50,0.1228
2,20.0000,5,2,214.6599,-82.8696,0.6660,39,0.9750,0.0000,4,4,0,0,0,4,0,1.0000
2,20.0000,5,10,687.7076,-89.1411,0.2666,3,0.0750,1.0000,8,2,2,0,0,2,2,0.0000
2,20.0000,5,11,583.4582,-88.9862,-0.3868,4,0.1000,1.0000,6,7,6,0,0,7,6,0.1429
2,20.0000,6,2,700.0971,-89.6152,0.0201,4,0.1000,1.0000,2,6,6,0,0,6,6,0.0000
2,20.0000,6,3,348.2927,-86.9433,0.6110,27,0.6750,0.4247,73,6,2,104,96,110,98,0.1091
2,20.0000,6,8,439.6296,-87.3612,-0.1557,27,0.6750,0.5714,7,8,7,0,0,8,7,0.1250
2,20.0000,6,9,142.4779,-79.0101,0.2853,40,1.0000,0.0000,11,4,0,0,0,4,0,1.0000
2,20.0000,6,10,561.8014,-88.3197,-0.4071,12,0.3000,1.0000,8,6,6,0,0,6,6,0.0000
2,20.0000,7,0,192.5863,-82.9483,0.6741,40,1.0000,0.2000,5,4,0,0,0,4,0,1.0000
2,20.0000,7,8,554.2306,-89.6387,0.4854,3,0.0750,1.0000,6,8,8,0,0,8,8,0.0000
2,20.0000,7,12,398.1260,-86.6524,-0.3145,35,0.8750,0.4000,5,6,4,0,0,6,4,0.3333
2,20.0000,8,0,423.7368,-88.6865,0.0540,25,0.6098,0.7143,7,7,5,0,0,7,5,0.2857
2,20.0000,8,3,523.0720,-88.5994,0.1373,12,0.2927,0.8750,8,7,5,0,0,7,5,0.2857
2,20.0000,8,6,439.6296,-88.3089,-0.5432,27,0.6585,0.5714,7,7,6,0,0,7,6,0.1429
2,20.0000,8,7,554.2306,-89.3108,0.3031,3,0.0732,1.0000,8,7,6,0,0,7,6,0.1429
2,20.0000,8,9,395.1605,-87.9476,0.2831,24,0.5854,0.7143,7,5,1,0,0,5,1,0.8000
2,20.0000,8,12,424.1167,-88.3224,0.0267,13,0.3171,0.8571,7,6,4,0,0,6,4,0.3333
2,20.0000,9,0,660.4363,-89.3090,-0.3259,3,0.0750,1.0000,6,6,6,0,0,6,6,0.0000
2,20.0000,9,3,403.0784,-86.4336,-0.5341,31,0.7750,0.5000,18,6,3,0,0,6,3,0.5000
2,20.0000,9,6,142.4779,-77.6329,0.5064,40,1.0000,0.0000,4,4,0,0,0,4,0,1.0000
2,20.0000,9,8,395.1605,-87.1001,-0.3197,26,0.6500,0.3333,6,6,4,0,0,6,4,0.3333
2,20.0000,9,10,645.0107,-89.0043,-0.5893,4,0.1000,1.0000,8,6,6,0,0,6,6,0.0000
2,20.0000,9,12,525.5410,-88.1313,0.4124,7,0.1750,1.0000,8,5,1,0,0,5,1,0.8000
2,20.0000,10,2,493.8825,-88.6962,0.4967,19,0.4750,0.5714,7,8,8,0,0,8,8,0.0000
2,20.0000,10,3,281.8456,-84.6486,-0.0508,38,0.9500,0.0000,4,5,1,0,0,5,1,0.8000
2,20.0000,10,4,446.3598,-87.6735,-0.1464,22,0.5500,0.7143,7,7,5,96,89,103,94,0.0874
2,20.0000,10,5,687.7076,-89.4065,0.1285,4,0.1000,1.0000,8,4,4,0,0,4,4,0.0000
2,20.0000,10,6,561.8014,-88.7735,-0.0381,7,0.1750,0.8750,8,8,8,0,0,8,8,0.0000
2,20.0000,10,9,645.0107,-89.0170,0.2719,3,0.0750,1.0000,8,8,8,0,0,8,8,0.0000
2,20.0000,10,14,693.1648,-89.3712,-0.1073,3,0.0750,1.0000,8,2,2,0,0,2,2,0.0000
2,20.0000,11,2,507.7978,-88.8050,-0.1331,16,0.4000,1.0000,8,8,8,0,0,8,8,0.0000
2,20.0000,11,4,494.8549,-88.3764,0.1323,24,0.6000,0.8571,7,8,8,0,0,8,8,0.0000
2,20.0000,11,5,583.4582,-88.4438,0.3815,7,0.1750,1.0000,8,8,8,0,0,8,8,0.0000
2,20.0000,11,13,583.8919,-89.0464,0.9150,6,0.1500,1.0000,6,8,8,0,0,8,8,0.0000
2,20.0000,12,0,260.4577,-83.0522,-0.2687,39,0.9750,0.0000,4,6,3,0,0,6,3,0.5000
2,20.0000,12,7,398.1260,-86.3186,-0.4109,32,0.8000,0.3333,6,7,5,0,0,7,5,0.2857
2,20.0000,12,8,424.1167,-88.4736,0.9231,11,0.2750,1.0000,8,5,1,0,0,5,1,0.8000
2,20.0000,12,9,525.5410,-88.8084,0.2672,3,0.0750,1.0000,7,7,5,0,0,7,5,0.2857
2,20.0000,13,1,147.7668,-76.5524,-2.1699,40,1.0000,0.0000,4,4,0,0,0,4,0,1.0000
2,20.0000,13,11,583.8919,-88.1844,-0.3117,5,0.1250,1.0000,4,8,8,0,0,8,8,0.0000
2,20.0000,14,4,488.4755,-88.9028,-0.2351,13,0.3250,0.8750,8,6,4,0,0,6,4,0.3333
2,20.0000,14,10,693.1648,-89.7112,0.1781,3,0.0750,1.0000,6,8,8,0,0,8,8,0.0000
2,20.0000,14,11,646.3659,-88.3347,0.9139,5,0.1250,0.7500,8,4,4,0,0,4,4,0.0000
2,24.0000,0,7,172.3180,-81.0601,0.1039,40,1.0000,0.0000,4,4,0,0,0,4,0,1.0000
2,24.0000,0,8,434.0640,-87.5159,0.3014,17,0.4250,0.7143,7,7,6,0,0,7,6,0.1429
2,24.0000,0,12,417.3582,-86.1306,-0.9246,32,0.8000,0.6667,6,8,7,0,0,8,7,0.1250
2,24.0000,1,11,539.1343,-89.0586,0.9116,3,0.0732,1.0000,6,7,4,0,0,7,4,0.4286
2,24.0000,1,13,145.5129,-79.6554,0.1319,41,1.0000,0.0000,4,4,0,0,0,4,0,1.0000
2,24.0000,2,3,478.9162,-88.5859,-0.0097,10,0.2500,0.7143,7,6,4,0,0,6,4,0.3333
2,24.0000,2,5,285.1774,-83.7415,-0.8261,39,0.9750,0.2000,5,4,0,0,0,4,0,1.0000
2,24.0000,2,10,545.1190,-87.8268,-0.3825,15,0.3750,1.0000,8,8,8,0,0,8,8,0.0000
2,24.0000,3,2,478.9162,-88.1610,0.1677,10,0.2500,0.8750,8,8,7,0,0,8,7,0.1250
2,24.0000,3,6,344.5819,-86.2783,-0.2067,28,0.7000,0.2000,5,6,2,0,0,6,2,0.6667
2,24.0000,3,8,512.5598,-88.4637,-0.0052,11,0.2750,0.8750,8,8,8,0,0,8,8,0.0000
2,24.0000,3,9,465.2901,-88.0432,-0.1525,28,0.7000,0.8571,7,8,7,0,0,8,7,0.1250
2,24.0000,3,10,378.2191,-86.1012,-0.6331,36,0.9000,0.4286,7,7,4,0,0,7,4,0.4286
2,24.0000,4,10,528.9921,-87.7856,-0.4374,12,0.3000,0.7143,7,8,8,0,0,8,8,0.0000
2,24.0000,4,11,618.5474,-88.8380,1.0249,3,0.0750,0.8750,8,6,6,0,0,6,6,0.0000
2,24.0000,4,14,475.7721,-88.2420,0.2141,13,0.3250,0.8772,57,4,2,2,2,6,4,0.3333
2,24.0000,5,2,285.1774,-83.9734,-0.1509,39,0.9750,0.0000,4,5,4,0,0,5,4,0.2000
2,24.0000,5,11,541.4291,-88.2543,-0.8511,5,0.1250,0.8571,7,8,8,0,0,8,8,0.0000
2,24.0000,6,3,344.5819,-87.0874,-0.0413,36,0.9000,0.8909,110,8,5,71,29,79,34,0.5696
2,24.0000,6,8,482.4422,-88.6047,0.2510,17,0.4250,0.8750,8,7,6,0,0,7,6,0.1429
2,24.0000,6,9,203.8402,-80.6516,-1.0799,39,0.9750,0.0000,4,4,0,0,0,4,0,1.0000
2,24.0000,6,10,588.5205,-88.5951,0.2215,8,0.2000,1.0000,6,6,6,0,0,6,6,0.0000
2,24.0000,6,12,546.9825,-88.6175,0.1149,3,0.0750,1.0000,6,7,6,0,0,7,6,0.1429
2,24.0000,7,0,172.3180,-80.4562,-0.1355,40,1.0000,0.0000,4,4,0,0,0,4,0,1.0000
2,24.0000,7,8,500.1839,-88.5180,-0.4554,15,0.3750,1.0000,8,8,8,0,0,8,8,0.0000
2,24.0000,7,12,516.7423,-87.8918,-0.2427,25,0.6250,0.6667,6,8,8,0,0,8,8,0.0000
2,24.0000,8,0,434.0640,-87.4234,-0.0419,26,0.6500,0.7143,7,7,5,0,0,7,5,0.2857
2,24.0000,8,3,512.5598,-88.8846,-0.4257,11,0.2750,0.7143,7,8,8,0,0,8,8,0.0000
2,24.0000,8,6,482.4422,-88.2270,0.1589,21,0.5250,0.8571,7,7,6,0,0,7,6,0.1429
2,24.0000,8,7,500.1839,-88.7104,0.2641,12,0.3000,0.8571,7,8,8,0,0,8,8,0.0000
2,24.0000,8,9,359.9852,-87.4324,0.1551,25,0.6250,0.2000,5,5,2,0,0,5,2,0.6000
2,24.0000,8,12,259.4718,-86.2265,0.8837,36,0.9000,0.6667,6,4,0,0,0,4,0,1.0000
2,24.0000,9,0,672.3336,-88.9286,0.9146,3,0.0750,1.0000,6,4,4,0,0,4,4,0.0000
2,24.0000,9,3,465.2901,-88.3259,0.2855,15,0.3750,0.5000,6,6,4,0,0,6,4,0.3333
2,24.0000,9,6,203.8402,-80.6013,-0.9136,39,0.9750,0.0000,4,4,0,0,0,4,0,1.0000
2,24.0000,9,8,359.9852,-86.9557,0.3980,28,0.7000,0.6667,6,5,2,0,0,5,2,0.6000
2,24.0000,9,12,357.3978,-87.5478,0.4877,20,0.5000,0.2000,5,5,1,0,0,5,1,0.8000
2,24.0000,10,2,545.1190,-88.9002,0.5880,11,0.2821,1.0000,8,8,6,0,0,8,6,0.2500
2,24.0000,10,3,378.2191,-85.9594,-0.0449,35,0.8974,0.2000,5,8,7,0,0,8,7,0.1250
2,24.0000,10,4,528.9921,-88.2002,0.1746,18,0.4615,0.9126,103,8,8,4,4,12,12,0.0000
2,24.0000,11,1,539.1343,-89.0736,0.0807,10,0.2500,1.0000,2,10,10,0,0,10,10,0.0000
2,24.0000,11,2,621.2152,-88.6577,-0.1818,7,0.1750,1.0000,8,4,4,0,0,4,4,0.0000
2,24.0000,11,4,618.5474,-88.5604,-0.0945,14,0.3500,1.0000,8,6,6,0,0,6,6,0.0000
2,24.0000,11,5,541.4291,-88.3295,0.6217,8,0.2000,1.0000,8,6,6,0,0,6,6,0.0000
2,24.0000,11,13,465.3611,-88.3516,-0.3842,13,0.3250,1.0000,8,6,4,0,0,6,4,0.3333
2,24.0000,12,0,417.3582,-85.8251,-0.5937,31,0.7750,0.5000,6,8,7,0,0,8,7,0.1250
2,24.0000,12,6,546.9825,-89.4185,0.1652,7,0.1750,1.0000,8,7,6,0,0,7,6,0.1429
2,24.0000,12,7,516.7423,-88.0740,-0.1114,21,0.5250,0.7143,7,8,8,0,0,8,8,0.0000
2,24.0000,12,8,259.4718,-86.9439,0.6417,27,0.6750,0.2000,5,4,0,0,0,4,0,1.0000
2,24.0000,12,9,357.3978,-87.6633,0.9597,22,0.5500,0.7143,7,4,0,0,0,4,0,1.0000
2,24.0000,13,1,145.5129,-78.8562,0.2303,40,1.0000,0.0000,4,4,0,0,0,4,0,1.0000
2,24.0000,13,11,465.3611,-88.4490,-0.1939,14,0.3500,1.0000,8,7,5,0,0,7,5,0.2857
2,24.0000,14,4,475.7721,-88.3961,0.0505,18,0.4500,0.6667,6,7,5,0,0,7,5,0.2857
2,28.0000,0,7,198.3294,-81.3957,-0.4279,40,1.0000,0.0000,4,4,0,0,0,4,0,1.0000
2,28.0000,0,8,476.8077,-87.4211,-0.6219,17,0.4250,0.8571,7,8,8,0,0,8,8,0.0000
2,28.0000,0,12,588.3960,-88.2592,-0.3207,17,0.4250,0.8750,8,6,6,0,0,6,6,0.0000
2,28.0000,1,11,360.5621,-87.6286,0.1588,22,0.5500,0.5714,7,6,2,0,0,6,2,0.6667
2,28.0000,1,13,140.1458,-78.8966,0.1555,40,1.0000,0.0000,4,4,0,0,0,4,0,1.0000
2,28.0000,2,3,412.9285,-87.8218,0.0957,14,0.3500,0.6667,6,7,5,0,0,7,5,0.2857
2,28.0000,2,5,407.5621,-86.2393,-1.0161,32,0.8000,0.0000,4,7,6,0,0,7,6,0.1429
2,28.0000,2,10,588.0827,-89.0386,-0.0263,14,0.3500,1.0000,8,4,4,0,0,4,4,0.0000
2,28.0000,3,2,412.9285,-88.0433,0.3826,23,0.5750,0.8750,8,5,2,0,0,5,2,0.6000
2,28.0000,3,6,389.7577,-86.7575,-0.0640,27,0.6750,0.3333,6,7,5,0,0,7,5,0.2857
2,28.0000,3,8,526.4375,-88.4553,0.6346,10,0.2500,1.0000,8,8,7,0,0,8,7,0.1250
2,28.0000,3,9,532.2376,-88.4792,-0.1097,12,0.3000,0.8750,8,8,8,0,0,8,8,0.0000
2,28.0000,3,10,509.4418,-88.1258,-0.2262,21,0.5250,0.5714,7,8,8,0,0,8,8,0.0000
2,28.0000,3,12,546.7891,-89.2947,0.0289,7,0.1750,1.0000,4,7,6,0,0,7,6,0.1429
2,28.0000,4,10,580.8419,-88.2180,-0.6828,7,0.1750,1.0000,8,8,8,0,0,8,8,0.0000
2,28.0000,4,11,766.5428,-89.4274,1.7905,3,0.0750,1.0000,6,2,2,0,0,2,2,0.0000
2,28.0000,4,14,381.1269,-87.2935,0.1334,22,0.5500,0.6667,6,5,1,0,0,5,1,0.8000
2,28.0000,5,2,407.5621,-86.5183,-0.4936,35,0.8750,0.8000,5,7,5,0,0,7,5,0.2857
2,28.0000,5,11,533.8141,-89.2828,0.0077,9,0.2250,1.0000,8,7,6,0,0,7,6,0.1429
2,28.0000,6,3,389.7577,-86.8114,-0.2756,36,0.9000,0.4304,79,6,4,92,68,98,72,0.2653
2,28.0000,6,8,540.4369,-88.6641,-0.1566,12,0.3000,0.8571,7,8,8,0,0,8,8,0.0000
2,28.0000,6,9,302.8046,-83.8532,-1.1479,39,0.9750,0.0000,4,5,1,0,0,5,1,0.8000
2,28.0000,6,10,608.0759,-89.2947,-0.3421,3,0.0750,1.0000,6,10,10,0,0,10,10,0.0000
2,28.0000,6,12,480.9801,-88.1986,0.3896,12,0.3000,0.8571,7,7,6,0,0,7,6,0.1429
2,28.0000,7,0,198.3294,-81.4276,0.1726,40,1.0000,0.0000,4,4,0,0,0,4,0,1.0000
2,28.0000,7,8,538.5744,-89.0287,-0.1332,13,0.3250,1.0000,8,7,6,0,0,7,6,0.1429
2,28.0000,7,12,663.4787,-88.3630,-0.4520,7,0.1750,1.0000,8,6,6,0,0,6,6,0.0000
2,28.0000,8,0,476.8077,-88.3523,0.0173,24,0.6000,0.7143,7,8,7,0,0,8,7,0.1250
2,28.0000,8,3,526.4375,-88.6633,-0.2408,11,0.2750,1.0000,8,7,6,0,0,7,6,0.1429
2,28.0000,8,6,540.4369,-88.6849,-0.0292,11,0.2750,0.8571,7,8,7,0,0,8,7,0.1250
2,28.0000,8,7,538.5744,-88.6176,0.3504,12,0.3000,1.0000,8,8,8,0,0,8,8,0.0000
2,28.0000,8,9,333.6209,-86.6334,0.2492,29,0.7250,0.4000,5,5,1,0,0,5,1,0.8000
2,28.0000,8,12,152.9514,-81.8073,0.5972,39,0.9750,0.0000,4,4,0,0,0,4,0,1.0000
2,28.0000,9,3,532.2376,-88.4904,-0.2466,16,0.4000,0.6667,6,8,8,0,0,8,8,0.0000
2,28.0000,9,6,302.8046,-84.4128,-0.4666,40,1.0000,0.0000,4,6,2,0,0,6,2,0.6667
2,28.0000,9,8,333.6209,-87.1025,0.1759,35,0.8750,0.4000,5,4,0,0,0,4,0,1.0000
2,28.0000,9,12,264.7951,-85.2497,0.3760,36,0.9000,0.2000,5,4,0,0,0,4,0,1.0000
2,28.0000,10,2,588.0827,-89.4650,0.0768,7,0.1750,0.7500,8,8,8,0,0,8,8,0.0000
2,28.0000,10,3,509.4418,-87.8780,0.0715,18,0.4500,0.8750,8,8,8,0,0,8,8,0.0000
2,28.0000,10,4,580.8419,-88.5934,-0.5572,7,0.1750,1.0000,12,8,8,0,0,8,8,0.0000
2,28.0000,10,6,608.0759,-89.1518,0.3918,8,0.2000,1.0000,6,8,8,0,0,8,8,0.0000
2,28.0000,11,1,360.5621,-87.7075,0.5353,19,0.4750,1.0000,10,4,2,0,0,4,2,0.5000
2,28.0000,11,5,533.8141,-88.4446,-0.3041,9,0.2250,1.0000,6,7,6,0,0,7,6,0.1429
2,28.0000,11,13,352.4492,-87.4053,0.4197,23,0.5750,0.6667,6,5,2,0,0,5,2,0.6000
2,28.0000,12,0,588.3960,-88.0409,-0.3599,9,0.2250,0.8750,8,4,4,0,0,4,4,0.0000
2,28.0000,12,3,546.7891,-87.6079,0.5210,4,0.1000,1.0000,6,8,6,0,0,8,6,0.2500
2,28.0000,12,6,480.9801,-88.8409,0.0438,15,0.3750,0.8571,7,8,7,0,0,8,7,0.1250
2,28.0000,12,7,663.4787,-88.7454,-0.1383,4,0.1000,1.0000,8,6,6,0,0,6,6,0.0000
2,28.0000,12,8,152.9514,-81.9822,1.2607,39,0.9750,0.0000,4,4,0,0,0,4,0,1.0000
2,28.0000,12,9,264.7951,-85.5091,0.7161,34,0.8500,0.0000,4,5,1,0,0,5,1,0.8000
2,28.0000,13,1,140.1458,-79.2934,0.3143,40,1.0000,0.0000,4,4,0,0,0,4,0,1.0000
2,28.0000,13,4,622.3465,-89.3085,1.1391,4,0.1000,1.0000,6,8,8,0,0,8,8,0.0000
2,28.0000,13,11,352.4492,-87.4948,0.8604,26,0.6500,0.7143,7,7,4,0,0,7,4,0.4286
2,28.0000,14,4,381.1269,-88.3620,0.1586,23,0.5750,0.7143,7,5,2,0,0,5,2,0.6000
2,32.0000,0,7,263.6464,-83.3238,-0.8341,39,1.0000,0.0000,4,4,0,0,0,4,0,1.0000
2,32.0000,0,8,559.4951,-88.0024,-0.0861,11,0.2821,1.0000,8,8,8,0,0,8,8,0.0000
2,32.0000,1,11,228.5475,-85.3557,0.7543,36,0.9000,0.3333,6,3,0,0,0,3,0,1.0000
2,32.0000,1,13,132.2782,-78.1045,0.5838,40,1.0000,0.0000,4,4,0,0,0,4,0,1.0000
2,32.0000,2,3,343.8407,-86.7534,0.2424,23,0.5750,0.7143,7,5,2,0,0,5,2,0.6000
2,32.0000,2,5,531.1473,-87.9792,-0.1164,16,0.4000,0.8571,7,8,8,0,0,8,8,0.0000
2,32.0000,3,2,343.8407,-86.7412,0.4588,26,0.6500,0.4000,5,6,2,0,0,6,2,0.6667
2,32.0000,3,6,483.8386,-87.7352,0.1260,23,0.5750,0.7143,7,8,7,0,0,8,7,0.1250
2,32.0000,3,8,571.5540,-88.8980,-0.2041,10,0.2500,0.8750,8,8,8,0,0,8,8,0.0000
2,32.0000,3,9,604.8962,-88.5728,-0.0489,8,0.2000,1.0000,8,6,6,0,0,6,6,0.0000
2,32.0000,3,10,608.2810,-89.1246,0.0638,11,0.2750,1.0000,8,8,8,0,0,8,8,0.0000
2,32.0000,3,12,463.0828,-88.1269,0.5383,14,0.3500,0.8571,7,7,6,0,0,7,6,0.1429
2,32.0000,4,14,327.6786,-87.0815,0.0900,32,0.8000,0.2000,5,6,4,0,0,6,4,0.3333
2,32.0000,5,2,531.1473,-87.8718,-0.6630,14,0.3500,0.7143,7,8,8,0,0,8,8,0.0000
2,32.0000,5,11,498.4493,-88.4248,0.2013,11,0.2750,0.8571,7,8,8,0,0,8,8,0.0000
2,32.0000,6,3,483.8386,-88.3702,-0.0242,23,0.5750,0.7347,98,8,8,95,78,103,86,0.1650
2,32.0000,6,8,590.3575,-88.9128,-0.4004,7,0.1750,1.0000,8,8,8,0,0,8,8,0.0000
2,32.0000,6,9,399.1375,-86.7590,-0.2470,32,0.8000,0.2000,5,6,4,0,0,6,4,0.3333
2,32.0000,6,10,638.9324,-89.3133,0.1197,6,0.1500,1.0000,10,6,6,0,0,6,6,0.0000
2,32.0000,6,12,420.6725,-88.1719,0.0201,21,0.5250,0.8571,7,6,3,0,0,6,3,0.5000
2,32.0000,7,0,263.6464,-83.0153,-0.9353,37,0.9250,0.0000,4,4,0,0,0,4,0,1.0000
2,32.0000,7,8,619.0482,-88.8401,-0.3920,5,0.1250,0.8571,7,8,8,0,0,8,8,0.0000
2,32.0000,8,0,559.4951,-88.4796,-0.3438,10,0.2500,0.8750,8,8,8,0,0,8,8,0.0000
2,32.0000,8,3,571.5540,-88.9162,-0.1522,9,0.2250,0.8571,7,8,8,0,0,8,8,0.0000
2,32.0000,8,6,590.3575,-88.6204,-0.3576,7,0.1750,0.8750,8,6,6,0,0,6,6,0.0000
2,32.0000,8,7,619.0482,-88.9365,0.2577,6,0.1500,1.0000,8,8,8,0,0,8,8,0.0000
2,32.0000,8,9,305.1872,-85.9256,0.0648,38,0.9500,0.2000,5,4,0,0,0,4,0,1.0000
2,32.0000,8,12,219.9738,-80.4355,-1.2055,40,1.0000,0.0000,4,6,3,0,0,6,3,0.5000
2,32.0000,9,3,604.8962,-88.9464,-0.0325,9,0.2250,1.0000,8,8,8,0,0,8,8,0.0000
2,32.0000,9,6,399.1375,-86.8677,-0.8396,28,0.7000,0.3333,6,7,6,0,0,7,6,0.1429
2,32.0000,9,8,305.1872,-86.0369,-0.2400,33,0.8250,0.0000,4,5,1,0,0,5,1,0.8000
2,32.0000,9,12,296.1998,-84.9509,0.1745,40,1.0000,0.0000,4,5,2,0,0,5,2,0.6000
2,32.0000,10,3,608.2810,-88.9230,-0.0914,10,0.2500,1.0000,8,8,8,0,0,8,8,0.0000
2,32.0000,10,4,631.9292,-89.0855,-0.3194,5,0.1250,1.0000,8,8,8,0,0,8,8,0.0000
2,32.0000,10,6,638.9324,-89.2407,-0.4213,4,0.1000,1.0000,8,8,8,0,0,8,8,0.0000
2,32.0000,11,1,228.5475,-85.7385,0.8801,37,0.9250,0.5000,4,4,0,0,0,4,0,1.0000
2,32.0000,11,5,498.4493,-88.3605,-0.3361,12,0.3000,0.8571,7,6,4,0,0,6,4,0.3333
2,32.0000,11,13,302.9132,-86.2183,0.3213,30,0.7500,0.4000,5,4,0,0,0,4,0,1.0000
2,32.0000,12,3,463.0828,-88.4659,-0.1001,11,0.2750,0.7500,8,7,6,0,0,7,6,0.1429
2,32.0000,12,6,420.6725,-88.0428,0.0223,15,0.3750,0.8750,8,7,5,0,0,7,5,0.2857
2,32.0000,12,8,219.9738,-81.3660,-0.8547,39,0.9750,0.0000,4,5,2,0,0,5,2,0.6000
2,32.0000,12,9,296.1998,-84.9458,0.1199,38,0.9500,0.2000,5,4,1,0,0,4,1,0.7500
2,32.0000,13,1,132.2782,-78.4823,0.3449,40,1.0000,0.0000,4,4,0,0,0,4,0,1.0000
2,32.0000,13,11,302.9132,-86.4136,0.2160,30,0.7500,0.5714,7,4,0,0,0,4,0,1.0000
2,32.0000,14,4,327.6786,-87.0928,-0.2077,28,0.7000,0.4000,5,5,1,0,0,5,1,0.8000
2,32.0000,14,10,685.4775,-89.6600,-0.0521,3,0.0750,1.0000,6,2,2,0,0,2,2,0.0000
2,32.0000,14,13,658.4327,-88.9177,0.8766,3,0.0750,1.0000,4,6,5,0,0,6,5,0.1667
2,36.0000,0,7,334.7480,-84.9383,-0.5344,38,0.9500,0.0000,4,6,2,0,0,6,2,0.6667
2,36.0000,1,5,461.3637,-87.9949,0.8893,10,0.2500,1.0000,4,5,2,0,0,5,2,0.6000
2,36.0000,1,11,152.1721,-80.0015,1.1017,40,1.0000,0.0000,3,4,0,0,0,4,0,1.0000
2,36.0000,1,13,144.6361,-78.9964,-0.2577,40,1.0000,0.0000,4,4,0,0,0,4,0,1.0000
2,36.0000,2,3,318.0400,-86.3753,-0.0469,34,0.8500,0.4000,5,6,3,0,0,6,3,0.5000
2,36.0000,2,6,589.9107,-89.5684,-0.2291,4,0.1000,1.0000,4,8,8,0,0,8,8,0.0000
2,36.0000,2,10,479.3615,-88.4225,-0.2251,16,0.4000,1.0000,8,6,3,0,0,6,3,0.5000
2,36.0000,3,2,318.0400,-86.1851,-0.0303,32,0.8000,0.3333,6,5,2,0,0,5,2,0.6000
2,36.0000,3,6,437.7546,-88.0101,0.4769,18,0.4500,0.8750,8,4,0,0,0,4,0,1.0000
2,36.0000,3,8,617.9515,-89.3920,0.0097,5,0.1250,1.0000,8,6,6,0,0,6,6,0.0000
2,36.0000,3,9,666.7275,-89.6792,-0.0803,4,0.1000,1.0000,6,4,4,0,0,4,4,0.0000
2,36.0000,3,10,648.0700,-88.5918,-0.4331,5,0.1250,1.0000,8,6,6,0,0,6,6,0.0000
2,36.0000,3,12,439.1036,-88.5147,-0.1427,17,0.4250,0.8571,7,8,5,0,0,8,5,0.3750
2,36.0000,4,10,682.6284,-89.1200,-0.1049,6,0.1500,1.0000,8,4,4,0,0,4,4,0.0000
2,36.0000,4,14,360.9960,-86.7513,-0.1055,32,0.8000,0.6667,6,6,4,0,0,6,4,0.3333
2,36.0000,5,1,461.3637,-88.3333,0.5774,5,0.1282,1.0000,8,6,2,0,0,6,2,0.6667
2,36.0000,5,2,639.4316,-88.5810,-0.8128,5,0.1282,1.0000,8,8,8,0,0,8,8,0.0000
2,36.0000,5,11,482.6650,-88.1137,0.4635,13,0.3333,1.0000,8,8,7,0,0,8,7,0.1250
2,36.0000,5,13,526.6767,-88.8227,-0.6899,3,0.0769,1.0000,6,8,7,0,0,8,7,0.1250
2,36.0000,6,3,437.7546,-88.1774,0.5369,20,0.5000,0.8350,103,7,5,48,38,55,43,0.2182
2,36.0000,6,8,589.4358,-89.0478,0.1168,3,0.0750,1.0000,8,6,6,0,0,6,6,0.0000
2,36.0000,6,9,461.6835,-87.9027,-0.2484,24,0.6000,0.6667,6,8,8,0,0,8,8,0.0000
2,36.0000,6,12,359.5385,-87.5161,0.6356,27,0.6750,0.5000,6,5,1,40,25,45,26,0.4222
2,36.0000,7,0,334.7480,-85.8874,-0.5035,34,0.8500,0.0000,4,7,4,0,0,7,4,0.4286
2,36.0000,7,8,729.4204,-89.5561,0.0527,3,0.0750,1.0000,8,2,2,0,0,2,2,0.0000
2,36.0000,8,3,617.9515,-88.9827,-0.1953,9,0.2250,1.0000,8,8,8,0,0,8,8,0.0000
2,36.0000,8,6,589.4358,-88.9900,0.4573,4,0.1000,1.0000,6,8,8,0,0,8,8,0.0000
2,36.0000,8,7,729.4204,-89.3778,-0.4113,3,0.0750,1.0000,8,2,2,0,0,2,2,0.0000
2,36.0000,8,9,286.3125,-85.6464,0.3413,39,0.9750,0.0000,4,4,0,0,0,4,0,1.0000
2,36.0000,8,12,364.0597,-85.0943,-1.3485,36,0.9000,0.5000,6,6,4,0,0,6,4,0.3333
2,36.0000,9,6,461.6835,-88.0176,-0.0115,25,0.6410,0.8571,7,8,8,0,0,8,8,0.0000
2,36.0000,9,8,286.3125,-85.7098,-0.1064,38,0.9744,0.2000,5,4,0,0,0,4,0,1.0000
2,36.0000,9,12,422.9465,-86.6474,-0.6888,31,0.7949,0.4000,5,8,7,0,0,8,7,0.1250
2,36.0000,10,2,479.3615,-88.7108,0.1175,13,0.3250,0.8571,7,7,6,0,0,7,6,0.1429
2,36.0000,10,3,648.0700,-89.0069,-0.5872,5,0.1250,1.0000,8,8,8,0,0,8,8,0.0000
2,36.0000,10,4,682.6284,-88.6624,0.3337,3,0.0750,1.0000,8,2,2,6,6,8,8,0.0000
2,36.0000,10,6,685.7341,-89.5577,0.1468,3,0.0750,1.0000,8,2,2,0,0,2,2,0.0000
2,36.0000,11,1,152.1721,-80.7289,1.1329,40,1.0000,0.0000,4,4,0,0,0,4,0,1.0000
2,36.0000,11,5,482.6650,-88.0519,-0.3292,12,0.3000,0.6667,6,6,4,0,0,6,4,0.3333
2,36.0000,11,13,211.3208,-84.0735,0.5946,40,1.0000,0.0000,4,4,0,0,0,4,0,1.0000
2,36.0000,12,3,439.1036,-87.5859,0.4158,20,0.5000,0.8571,7,7,6,37,27,44,33,0.2500
2,36.0000,12,6,359.5385,-87.1651,0.3579,26,0.6500,0.7143,7,7,5,0,0,7,5,0.2857
2,36.0000,12,8,364.0597,-84.6641,-1.0377,34,0.8500,0.4000,5,5,3,0,0,5,3,0.4000
2,36.0000,12,9,422.9465,-86.4722,-0.4484,32,0.8000,0.2500,4,7,5,0,0,7,5,0.2857
2,36.0000,13,1,144.6361,-78.8757,0.2215,40,1.0000,0.0000,4,4,0,0,0,4,0,1.0000
2,36.0000,13,5,526.6767,-88.2958,-0.0025,5,0.1250,1.0000,6,8,6,0,0,8,6,0.2500
2,36.0000,13,11,211.3208,-84.1628,0.7799,39,0.9750,0.0000,4,4,1,0,0,4,1,0.7500
2,36.0000,13,14,557.8165,-89.2330,0.1022,7,0.1750,1.0000,8,7,6,0,0,7,6,0.1429
2,36.0000,14,4,360.9960,-86.5426,-0.6157,36,0.9000,0.2000,5,7,5,0,0,7,5,0.2857
2,36.0000,14,13,557.8165,-89.4083,0.0118,7,0.1750,0.8333,6,8,8,0,0,8,8,0.0000
2,40.0000,0,7,409.5968,-86.7453,0.1716,27,0.6750,0.3333,6,7,5,0,0,7,5,0.2857
2,40.0000,1,5,267.6975,-87.0356,0.6680,30,0.7500,0.4000,5,4,0,0,0,4,0,1.0000
2,40.0000,1,11,285.3347,-82.0869,-1.5786,39,0.9750,0.0000,4,8,5,0,0,8,5,0.3750
2,40.0000,1,13,167.9606,-79.4819,-0.2302,40,1.0000,0.0000,4,4,0,0,0,4,0,1.0000
2,40.0000,2,3,325.1355,-86.5521,-0.4996,35,0.8750,0.5000,6,5,1,0,0,5,1,0.8000
2,40.0000,2,6,489.0427,-88.8314,-0.1385,10,0.2500,1.0000,8,7,6,0,0,7,6,0.1429
2,40.0000,2,10,443.4303,-87.4749,0.2611,20,0.5000,0.5000,6,5,2,0,0,5,2,0.6000
2,40.0000,3,2,325.1355,-85.8102,-0.4678,33,0.8250,0.4000,5,4,0,0,0,4,0,1.0000
2,40.0000,3,6,390.6368,-87.1895,0.1154,27,0.6750,0.0000,4,5,1,0,0,5,1,0.8000
2,40.0000,3,12,451.1094,-88.0760,-0.0541,20,0.5000,0.6250,8,6,4,0,0,6,4,0.3333
2,40.0000,4,14,448.6660,-87.6927,-0.6383,25,0.6410,0.6667,6,9,8,0,0,9,8,0.1111
2,40.0000,5,1,267.6975,-86.1590,1.0237,30,0.7317,0.3333,6,4,0,0,0,4,0,1.0000
2,40.0000,5,11,474.9213,-88.3536,-0.0965,17,0.4146,0.8750,8,8,8,0,0,8,8,0.0000
2,40.0000,5,13,372.6183,-87.9756,0.2106,17,0.4146,0.8750,8,4,0,0,0,4,0,1.0000
2,40.0000,6,2,489.0427,-89.1378,-0.2503,7,0.1750,1.0000,8,7,6,0,0,7,6,0.1429
2,40.0000,6,3,390.6368,-87.7220,0.4395,24,0.6000,0.7818,55,6,3,87,58,93,61,0.3441
2,40.0000,6,8,610.5699,-88.9007,-0.0935,5,0.1250,1.0000,6,8,8,0,0,8,8,0.0000
2,40.0000,6,9,546.6875,-88.7652,0.1926,20,0.5000,1.0000,8,8,8,0,0,8,8,0.0000
2,40.0000,6,12,371.5354,-87.2580,0.0246,30,0.7500,0.5778,45,4,0,0,0,4,0,1.0000
2,40.0000,7,0,409.5968,-87.4394,0.2277,29,0.7073,0.5714,7,8,7,0,0,8,7,0.1250
2,40.0000,8,9,274.5349,-84.7256,0.7433,37,0.9250,0.0000,4,4,0,0,0,4,0,1.0000
2,40.0000,8,12,501.0289,-87.9113,0.2941,23,0.5750,0.6667,6,8,8,0,0,8,8,0.0000
2,40.0000,9,6,546.6875,-88.3784,0.0254,15,0.3659,1.0000,8,8,8,0,0,8,8,0.0000
2,40.0000,9,8,274.5349,-84.4704,0.4343,39,0.9512,0.0000,4,4,0,0,0,4,0,1.0000
2,40.0000,9,12,591.7106,-88.8224,0.2234,13,0.3171,0.8750,8,6,6,0,0,6,6,0.0000
2,40.0000,10,2,443.4303,-87.8298,0.2769,21,0.5122,0.8571,7,6,3,0,0,6,3,0.5000
2,40.0000,10,14,667.7034,-88.9256,-0.1697,3,0.0732,1.0000,96,8,8,62,62,70,70,0.0000
2,40.0000,11,1,285.3347,-81.9564,-1.5799,39,0.9750,0.0000,4,5,2,0,0,5,2,0.6000
2,40.0000,11,5,474.9213,-88.3084,-0.1097,16,0.4000,0.6667,6,6,3,0,0,6,3,0.5000
2,40.0000,11,13,224.9395,-82.2891,-0.2819,40,1.0000,0.0000,4,4,0,0,0,4,0,1.0000
2,40.0000,11,14,459.5235,-88.5876,0.5525,8,0.2000,1.0000,6,4,0,0,0,4,0,1.0000
2,40.0000,12,3,451.1094,-87.8460,-0.0965,23,0.5750,0.7500,44,8,8,0,0,8,8,0.0000
2,40.0000,12,6,371.5354,-86.7890,-0.0388,31,0.7750,0.7143,7,6,4,0,0,6,4,0.3333
2,40.0000,12,8,501.0289,-87.5989,0.0499,16,0.4000,0.6000,5,8,8,0,0,8,8,0.0000
2,40.0000,12,9,591.7106,-88.8786,-0.0571,14,0.3500,0.7143,7,8,8,0,0,8,8,0.0000
2,40.0000,13,1,167.9606,-79.6409,-0.2201,40,1.0000,0.0000,4,4,0,0,0,4,0,1.0000
2,40.0000,13,5,372.6183,-88.1395,0.4371,22,0.5500,0.7500,8,4,0,0,0,4,0,1.0000
2,40.0000,13,11,224.9395,-82.8115,-0.4558,40,1.0000,0.2500,4,4,0,0,0,4,0,1.0000
2,40.0000,13,14,507.6169,-88.6242,0.1323,10,0.2500,0.8571,7,7,5,0,0,7,5,0.2857
2,40.0000,14,4,448.6660,-87.4785,-0.6115,27,0.6923,0.7143,7,7,6,0,0,7,6,0.1429
2,40.0000,14,11,459.5235,-88.8058,0.5070,7,0.1795,0.8750,8,5,2,0,0,5,2,0.6000
2,40.0000,14,13,507.6169,-88.9800,0.3744,7,0.1795,1.0000,8,8,7,0,0,8,7,0.1250
2,44.0000,0,7,494.0116,-87.9221,-0.1303,18,0.4390,0.7143,7,8,8,0,0,8,8,0.0000
2,44.0000,1,5,100.8999,-80.8119,2.7906,39,0.9750,0.0000,4,4,0,0,0,4,0,1.0000
2,44.0000,1,11,468.4672,-87.1270,-0.7637,29,0.7250,0.6250,8,8,8,0,0,8,8,0.0000
2,44.0000,1,13,170.5443,-80.5667,-0.1274,40,1.0000,0.0000,4,4,0,0,0,4,0,1.0000
2,44.0000,1,14,642.8133,-88.9533,0.2597,4,0.1000,1.0000,8,6,6,0,0,6,6,0.0000
2,44.0000,2,3,349.3405,-86.4926,-0.0156,33,0.8250,0.2000,5,5,2,0,0,5,2,0.6000
2,44.0000,2,6,407.9513,-88.1200,-0.2421,21,0.5250,0.8571,7,5,1,0,0,5,1,0.8000
2,44.0000,2,10,444.8815,-88.3184,0.1841,21,0.5250,0.4000,5,8,8,0,0,8,8,0.0000
2,44.0000,2,12,507.1613,-88.5860,0.5561,11,0.2750,1.0000,8,7,6,0,0,7,6,0.1429
2,44.0000,3,2,349.3405,-86.2742,-0.2168,34,0.8500,0.0000,4,4,0,0,0,4,0,1.0000
2,44.0000,3,6,357.0858,-86.8481,-0.0655,29,0.7250,0.2000,5,6,3,0,0,6,3,0.5000
2,44.0000,3,7,643.2331,-89.2345,0.0565,3,0.0750,1.0000,2,8,8,0,0,8,8,0.0000
2,44.0000,3,12,523.5769,-88.3927,0.1150,14,0.3500,0.6667,6,8,8,0,0,8,8,0.0000
2,44.0000,4,14,446.2091,-88.3091,-0.3890,22,0.5500,0.8889,9,6,4,0,0,6,4,0.3333
2,44.0000,5,1,100.8999,-79.9526,2.5530,40,1.0000,0.0000,4,4,0,0,0,4,0,1.0000
2,44.0000,5,11,488.0503,-87.4153,0.1909,11,0.2750,1.0000,8,7,5,0,0,7,5,0.2857
2,44.0000,5,13,233.8129,-85.5986,0.9694,37,0.9250,0.0000,4,4,0,0,0,4,0,1.0000
2,44.0000,6,2,407.9513,-87.4129,0.2875,25,0.6250,0.8571,7,6,3,0,0,6,3,0.5000
2,44.0000,6,3,357.0858,-86.8740,-0.1912,31,0.7750,0.6559,93,5,2,67,18,72,20,0.7222
2,44.0000,6,8,674.2267,-89.8099,-0.0478,5,0.1250,1.0000,8,4,4,0,0,4,4,0.0000
2,44.0000,6,9,661.6275,-89.0837,-0.4220,5,0.1250,1.0000,8,4,4,0,0,4,4,0.0000
2,44.0000,6,12,445.5858,-87.5966,0.2107,29,0.7250,0.0000,4,8,8,0,0,8,8,0.0000
2,44.0000,7,0,494.0116,-87.7877,-1.0615,19,0.4872,0.8750,8,8,7,0,0,8,7,0.1250
2,44.0000,8,6,674.2267,-88.9679,-0.5162,3,0.0750,1.0000,8,4,4,0,0,4,4,0.0000
2,44.0000,8,9,287.3751,-85.2147,0.3003,38,0.9500,0.0000,4,4,0,0,0,4,0,1.0000
2,44.0000,8,12,642.4914,-89.2039,-0.3915,10,0.2500,1.0000,8,4,4,0,0,4,4,0.0000
2,44.0000,9,6,661.6275,-89.1535,-0.1958,4,0.1000,1.0000,8,8,8,0,0,8,8,0.0000
2,44.0000,9,8,287.3751,-85.7953,0.7518,40,1.0000,0.0000,4,4,0,0,0,4,0,1.0000
2,44.0000,10,2,444.8815,-88.3376,-0.1568,17,0.4250,0.5000,6,7,6,0,0,7,6,0.1429
2,44.0000,11,1,468.4672,-87.1378,-0.6999,29,0.7250,0.4000,5,6,4,0,0,6,4,0.3333
2,44.0000,11,5,488.0503,-88.3316,-0.4353,13,0.3250,0.5000,6,7,6,0,0,7,6,0.1429
2,44.0000,11,13,343.4049,-84.7966,-0.4098,36,0.9000,0.0000,4,8,4,0,0,8,4,0.5000
2,44.0000,11,14,285.2093,-86.7106,1.2941,21,0.5250,0.0000,4,4,0,0,0,4,0,1.0000
2,44.0000,12,2,507.1613,-88.2312,0.0186,9,0.2250,1.0000,8,7,6,0,0,7,6,0.1429
2,44.0000,12,3,523.5769,-88.5652,-0.6738,10,0.2500,1.0000,8,8,8,0,0,8,8,0.0000
2,44.0000,12,6,445.5858,-87.6657,-0.3568,26,0.6500,0.6667,6,6,4,0,0,6,4,0.3333
2,44.0000,12,8,642.4914,-88.8296,0.0046,7,0.1750,1.0000,8,4,4,0,0,4,4,0.0000
2,44.0000,13,1,170.5443,-80.0232,-0.1227,40,1.0000,0.0000,4,4,0,0,0,4,0,1.0000
2,44.0000,13,5,233.8129,-85.0808,0.7344,37,0.9250,0.0000,4,4,0,0,0,4,0,1.0000
2,44.0000,13,11,343.4049,-84.5193,-0.9946,38,0.9500,0.0000,4,5,1,0,0,5,1,0.8000
2,44.0000,13,14,497.2830,-88.4359,0.1346,13,0.3250,0.7143,7,8,8,0,0,8,8,0.0000
2,44.0000,14,1,642.8133,-89.2665,0.0631,3,0.0750,1.0000,8,4,4,0,0,4,4,0.0000
2,44.0000,14,4,446.2091,-88.2446,0.1444,22,0.5500,0.8571,7,7,6,0,0,7,6,0.1429
2,44.0000,14,10,674.2950,-89.2251,0.2679,5,0.1250,,0,8,8,0,0,8,8,0.0000
2,44.0000,14,11,285.2093,-86.5349,0.8852,31,0.7750,0.4000,5,4,0,0,0,4,0,1.0000
2,44.0000,14,13,497.2830,-88.5244,0.2071,12,0.3000,0.8750,8,8,8,0,0,8,8,0.0000
2,48.0000,0,7,577.5809,-88.5650,-0.0570,9,0.2308,1.0000,8,6,6,0,0,6,6,0.0000
2,48.0000,1,5,178.3336,-76.7271,-2.0824,40,1.0000,0.0000,4,5,2,0,0,5,2,0.6000
2,48.0000,1,10,569.1653,-89.3232,-0.0684,4,0.1000,1.0000,6,7,6,0,0,7,6,0.1429
2,48.0000,1,13,210.5098,-81.4596,-0.3577,40,1.0000,0.0000,4,4,0,0,0,4,0,1.0000
2,48.0000,2,3,394.8722,-87.2371,-0.0987,27,0.6750,0.4000,5,8,7,0,0,8,7,0.1250
2,48.0000,2,6,370.7419,-87.1253,0.3520,28,0.7000,0.2000,5,7,5,0,0,7,5,0.2857
2,48.0000,2,10,548.0410,-87.7831,-0.0016,21,0.5250,1.0000,8,6,6,0,0,6,6,0.0000
2,48.0000,2,12,379.7038,-87.7881,0.9524,18,0.4500,0.8571,7,5,2,0,0,5,2,0.6000
2,48.0000,3,2,394.8722,-87.0459,-0.5411,27,0.6750,0.0000,4,8,7,20,14,28,21,0.2500
2,48.0000,3,6,328.8356,-86.1697,-0.5410,33,0.8250,0.5000,6,5,2,0,0,5,2,0.6000
2,48.0000,3,7,496.4253,-88.2616,-0.4907,3,0.0750,1.0000,8,6,3,0,0,6,3,0.5000
2,48.0000,3,12,563.2905,-88.3976,0.4198,5,0.1250,1.0000,8,8,8,0,0,8,8,0.0000
2,48.0000,4,14,428.1708,-87.9177,0.7367,22,0.5500,0.6667,6,7,5,0,0,7,5,0.2857
2,48.0000,5,1,178.3336,-76.4672,-1.6401,40,1.0000,0.0000,4,4,0,0,0,4,0,1.0000
2,48.0000,5,11,497.5283,-88.2709,-0.3794,21,0.5250,0.7143,7,8,7,0,0,8,7,0.1250
2,48.0000,5,13,161.7165,-81.6235,0.7007,39,0.9750,0.0000,4,4,0,0,0,4,0,1.0000
2,48.0000,5,14,542.6971,-88.5409,1.1540,6,0.1500,1.0000,2,6,4,0,0,6,4,0.3333
2,48.0000,6,2,370.7419,-87.3315,0.7335,30,0.7500,0.5000,6,5,2,0,0,5,2,0.6000
2,48.0000,6,3,328.8356,-86.7383,-0.0148,33,0.8250,0.2778,72,5,0,90,66,95,66,0.3053
2,48.0000,6,12,515.1534,-88.5225,0.2631,17,0.4250,1.0000,8,8,8,0,0,8,8,0.0000
2,48.0000,7,0,577.5809,-88.4546,0.1607,9,0.2250,0.8750,8,8,8,0,0,8,8,0.0000
2,48.0000,7,3,496.4253,-88.9580,-0.0955,3,0.0750,1.0000,4,6,4,97,89,103,93,0.0971
2,48.0000,8,6,716.8059,-89.4898,-0.1129,3,0.0732,1.0000,4,4,4,0,0,4,4,0.0000
2,48.0000,8,9,295.7324,-85.0016,-0.0892,38,0.9268,0.0000,4,4,0,0,0,4,0,1.0000
2,48.0000,9,8,295.7324,-85.7983,0.2842,38,0.9500,0.0000,4,5,1,0,0,5,1,0.8000
2,48.0000,10,1,569.1653,-89.3162,0.4429,6,0.1500,1.0000,8,8,8,0,0,8,8,0.0000
2,48.0000,10,2,548.0410,-88.2717,-0.2238,19,0.4750,0.8571,7,8,7,0,0,8,7,0.1250
2,48.0000,10,5,591.4233,-89.2033,-1.0073,5,0.1250,1.0000,6,6,6,0,0,6,6,0.0000
2,48.0000,10,13,481.5379,-88.6512,0.9804,11,0.2750,1.0000,8,6,4,0,0,6,4,0.3333
2,48.0000,11,1,658.4240,-88.6748,-0.4407,9,0.2308,0.6667,6,2,2,0,0,2,2,0.0000
2,48.0000,11,4,499.6671,-88.7970,-0.0159,7,0.1795,0.8750,8,7,5,0,0,7,5,0.2857
2,48.0000,11,5,497.5283,-87.7500,0.0422,19,0.4872,0.8571,7,8,7,0,0,8,7,0.1250
2,48.0000,11,13,479.9714,-87.4634,-0.7711,23,0.5897,0.5000,8,8,8,0,0,8,8,0.0000
2,48.0000,11,14,105.3696,-81.4104,2.5588,39,1.0000,0.0000,4,4,0,0,0,4,0,1.0000
2,48.0000,12,2,379.7038,-87.6184,0.1273,22,0.5500,0.8571,7,5,1,0,0,5,1,0.8000
2,48.0000,12,3,563.2905,-88.7925,-0.1576,12,0.3000,1.0000,8,8,8,0,0,8,8,0.0000
2,48.0000,12,6,515.1534,-88.1565,-0.2377,16,0.4000,0.6667,6,7,6,0,0,7,6,0.1429
2,48.0000,12,10,731.3082,-89.6709,0.0418,3,0.0750,1.0000,4,6,6,0,0,6,6,0.0000
2,48.0000,13,1,210.5098,-81.6893,-0.3288,40,1.0000,0.0000,4,4,0,0,0,4,0,1.0000
2,48.0000,13,5,161.7165,-81.3159,0.7847,40,1.0000,0.0000,4,4,0,0,0,4,0,1.0000
2,48.0000,13,10,481.5379,-88.6428,0.1370,12,0.3000,1.0000,8,7,5,0,0,7,5,0.2857
2,48.0000,13,11,479.9714,-87.3916,-0.7232,28,0.7000,0.2000,5,8,8,0,0,8,8,0.0000
2,48.0000,13,14,504.5105,-88.6274,0.1842,11,0.2750,1.0000,8,8,8,0,0,8,8,0.0000
2,48.0000,14,4,428.1708,-87.9421,-0.0052,25,0.6098,0.8571,7,7,4,0,0,7,4,0.4286
2,48.0000,14,5,542.6971,-88.1306,1.3602,3,0.0732,1.0000,4,7,5,0,0,7,5,0.2857
2,48.0000,14,11,105.3696,-81.3065,1.8042,41,1.0000,0.0000,4,4,0,0,0,4,0,1.0000
2,48.0000,14,13,504.5105,-88.1131,-0.3472,15,0.3659,1.0000,8,8,8,0,0,8,8,0.0000
2,52.0000,1,5,362.6791,-83.5301,-1.7492,34,0.8500,0.4000,5,8,7,0,0,8,7,0.1250
2,52.0000,1,10,474.1968,-88.4063,0.2860,14,0.3500,0.8571,7,8,7,0,0,8,7,0.1250
2,52.0000,1,13,236.6691,-82.6776,0.0555,40,1.0000,0.0000,4,4,0,0,0,4,0,1.0000
2,52.0000,2,3,465.0608,-87.7467,-0.5873,21,0.5250,0.8750,8,8,7,0,0,8,7,0.1250
2,52.0000,2,6,370.0138,-86.7297,-0.1538,23,0.5750,0.7143,7,6,3,0,0,6,3,0.5000
2,52.0000,2,12,282.9784,-85.5881,1.1357,33,0.8250,0.4000,5,4,0,0,0,4,0,1.0000
2,52.0000,3,2,465.0608,-87.6249,-0.4829,24,0.6154,0.7500,28,7,6,63,59,70,65,0.0714
2,52.0000,3,6,307.5669,-86.7066,-0.2893,31,0.7949,0.4000,5,4,0,0,0,4,0,1.0000
2,52.0000,3,7,335.9618,-87.3983,0.8249,26,0.6667,0.5000,6,5,1,0,0,5,1,0.8000
2,52.0000,3,12,634.5120,-89.0464,-0.1449,11,0.2821,1.0000,8,8,8,0,0,8,8,0.0000
2,52.0000,4,11,375.6505,-87.9317,0.4225,23,0.5750,0.7143,7,6,4,0,0,6,4,0.3333
2,52.0000,4,14,437.5548,-88.0455,-0.6801,24,0.6000,0.7143,7,7,5,0,0,7,5,0.2857
2,52.0000,5,1,362.6791,-84.0973,-1.9116,38,0.9500,0.0000,4,7,5,0,0,7,5,0.2857
2,52.0000,5,10,520.8166,-88.2511,-0.4839,6,0.1500,0.8571,7,8,8,0,0,8,8,0.0000
2,52.0000,5,11,527.6830,-88.2953,-0.8367,11,0.2750,0.8750,8,8,8,0,0,8,8,0.0000
2,52.0000,5,13,229.5889,-81.5723,-0.8146,40,1.0000,0.0000,4,4,0,0,0,4,0,1.0000
2,52.0000,5,14,418.8717,-88.0292,0.2149,18,0.4500,0.6667,6,5,1,0,0,5,1,0.8000
2,52.0000,6,2,370.0138,-86.4154,0.4431,31,0.7750,0.4000,5,5,2,0,0,5,2,0.6000
2,52.0000,6,3,307.5669,-85.6199,0.6859,36,0.9000,0.6947,95,5,1,103,85,108,86,0.2037
2,52.0000,6,7,541.3586,-89.0651,-0.3325,5,0.1250,1.0000,4,7,6,0,0,7,6,0.1429
2,52.0000,6,12,592.2458,-88.9274,0.1618,6,0.1500,1.0000,8,6,6,0,0,6,6,0.0000
2,52.0000,7,3,335.9618,-86.6331,0.8114,25,0.6250,0.9029,103,5,1,96,67,101,68,0.3267
2,52.0000,7,6,541.3586,-89.1901,-0.5465,4,0.1000,,0,8,8,0,0,8,8,0.0000
2,52.0000,8,9,308.0737,-85.9859,-0.1070,36,0.9000,0.0000,4,6,3,0,0,6,3,0.5000
2,52.0000,9,8,308.0737,-85.8835,0.0604,38,0.9500,0.2000,5,6,4,0,0,6,4,0.3333
2,52.0000,10,1,474.1968,-88.4822,0.4224,6,0.1500,1.0000,8,7,6,0,0,7,6,0.1429
2,52.0000,10,5,520.8166,-89.1017,0.3871,10,0.2500,1.0000,6,7,4,0,0,7,4,0.4286
2,52.0000,10,13,338.7294,-88.1032,0.3460,25,0.6250,0.6667,6,4,0,25,2,29,2,0.9310
2,52.0000,10,14,622.1014,-89.0130,-0.3122,4,0.1000,1.0000,6,4,4,0,0,4,4,0.0000
2,52.0000,11,4,375.6505,-87.3336,1.0063,23,0.5750,0.7143,7,5,2,0,0,5,2,0.6000
2,52.0000,11,5,527.6830,-88.7253,0.0378,16,0.4000,0.8750,8,8,8,0,0,8,8,0.0000
2,52.0000,11,10,684.5083,-89.0704,-1.0266,3,0.0750,1.0000,2,8,8,0,0,8,8,0.0000
2,52.0000,11,13,633.4655,-88.9453,0.0958,9,0.2250,1.0000,8,6,6,0,0,6,6,0.0000
2,52.0000,11,14,109.2634,-72.9436,-0.1369,39,0.9750,0.0000,4,5,2,0,0,5,2,0.6000
2,52.0000,12,2,282.9784,-85.8039,0.2726,32,0.7805,0.2000,5,4,0,0,0,4,0,1.0000
2,52.0000,12,3,634.5120,-89.4841,0.2429,6,0.1463,1.0000,8,4,4,0,0,4,4,0.0000
2,52.0000,12,6,592.2458,-89.8896,-0.0627,3,0.0732,0.8571,7,4,4,0,0,4,4,0.0000
2,52.0000,13,1,236.6691,-83.0527,-0.2366,40,1.0000,0.0000,4,4,0,0,0,4,0,1.0000
2,52.0000,13,5,229.5889,-80.9670,-1.1162,40,1.0000,0.0000,4,4,0,0,0,4,0,1.0000
2,52.0000,13,10,338.7294,-87.4391,0.7748,24,0.6000,0.7143,7,6,2,0,0,6,2,0.6667
2,52.0000,13,11,633.4655,-88.8771,-0.1703,6,0.1500,1.0000,8,5,4,0,0,5,4,0.2000
2,52.0000,13,14,533.7963,-88.6412,0.1380,7,0.1750,1.0000,8,7,6,46,45,53,51,0.0377
2,52.0000,14,4,437.5548,-87.7286,0.1892,21,0.5385,0.5714,7,8,8,0,0,8,8,0.0000
2,52.0000,14,5,418.8717,-88.5807,-0.2949,12,0.3077,0.7143,7,5,2,0,0,5,2,0.6000
2,52.0000,14,11,109.2634,-72.2774,0.0826,39,1.0000,0.0000,4,4,0,0,0,4,0,1.0000
2,52.0000,14,13,533.7963,-88.4223,0.2990,8,0.2051,1.0000,8,8,8,0,0,8,8,0.0000
2,56.0000,1,5,558.9020,-87.3229,-1.1108,17,0.4250,0.8750,8,5,4,0,0,5,4,0.2000
2,56.0000,1,10,425.4010,-88.3411,-0.0752,20,0.5000,0.8750,8,8,8,0,0,8,8,0.0000
2,56.0000,1,13,262.3570,-83.6021,-0.1295,38,0.9500,0.0000,4,4,0,0,0,4,0,1.0000
2,56.0000,2,3,550.9874,-88.1564,-0.4744,17,0.4250,0.8750,8,8,8,0,0,8,8,0.0000
2,56.0000,2,6,418.5928,-87.5519,0.1111,19,0.4750,0.5000,6,7,4,0,0,7,4,0.4286
2,56.0000,2,12,272.8698,-84.4847,-0.0523,39,0.9750,0.0000,4,5,1,0,0,5,1,0.8000
2,56.0000,3,2,550.9874,-87.9738,0.0100,13,0.3250,0.9286,70,8,8,36,35,44,43,0.0227
2,56.0000,3,6,303.4555,-85.2984,0.3423,37,0.9250,0.0000,4,5,2,0,0,5,2,0.6000
2,56.0000,3,7,187.3839,-84.3103,1.5211,38,0.9500,0.2000,5,4,0,0,0,4,0,1.0000
2,56.0000,4,11,328.8444,-86.7393,0.5727,33,0.8250,0.6667,6,6,3,0,0,6,3,0.5000
2,56.0000,4,14,468.9713,-88.2015,-0.4598,19,0.4750,0.7143,7,7,5,0,0,7,5,0.2857
2,56.0000,5,1,558.9020,-87.6553,-0.6252,18,0.4500,0.7143,7,8,8,0,0,8,8,0.0000
2,56.0000,5,10,467.7227,-87.9681,-0.4263,10,0.2500,1.0000,8,6,3,0,0,6,3,0.5000
2,56.0000,5,11,558.1077,-89.3364,0.1559,10,0.2500,1.0000,8,8,8,0,0,8,8,0.0000
2,56.0000,5,13,360.6131,-85.0648,-1.0488,37,0.9250,0.0000,4,6,4,0,0,6,4,0.3333
2,56.0000,5,14,309.4135,-87.1113,0.0126,29,0.7250,0.2000,5,4,0,26,2,30,2,0.9333
2,56.0000,6,2,418.5928,-87.8497,-0.2179,24,0.6000,0.4000,5,6,4,26,20,32,24,0.2500
2,56.0000,6,3,303.4555,-86.0051,0.5111,34,0.8500,0.7963,108,4,0,122,82,126,82,0.3492
2,56.0000,6,7,405.7489,-88.2212,0.6621,13,0.3250,0.8571,7,6,2,0,0,6,2,0.6667
2,56.0000,7,3,187.3839,-84.4336,1.6532,35,0.8750,0.6733,101,4,0,7,2,11,2,0.8182
2,56.0000,7,6,405.7489,-88.3989,0.2450,20,0.5000,1.0000,8,7,3,91,67,98,70,0.2857
2,56.0000,8,9,355.0578,-86.6107,-0.0616,33,0.8250,0.5000,6,7,4,0,0,7,4,0.4286
2,56.0000,9,8,355.0578,-85.7811,-0.4131,36,0.9000,0.6667,6,6,3,0,0,6,3,0.5000
2,56.0000,10,1,425.4010,-87.8393,-0.0174,19,0.4872,0.8571,7,6,3,0,0,6,3,0.5000
2,56.0000,10,5,467.7227,-88.2516,0.3927,18,0.4615,0.5714,7,7,5,89,79,96,84,0.1250
2,56.0000,10,12,692.9722,-89.2454,0.1617,3,0.0769,,0,6,6,0,0,6,6,0.0000
2,56.0000,10,13,222.2502,-85.1498,1.0236,37,0.9487,0.0690,29,4,0,4,0,8,0,1.0000
2,56.0000,10,14,625.2665,-88.5905,-0.0734,3,0.0769,1.0000,4,6,6,0,0,6,6,0.0000
2,56.0000,11,4,328.8444,-86.8728,0.0279,31,0.7750,0.4000,5,4,0,0,0,4,0,1.0000
2,56.0000,11,5,558.1077,-88.8715,0.1976,10,0.2500,1.0000,8,7,6,0,0,7,6,0.1429
2,56.0000,11,10,720.4397,-88.8770,-1.6323,3,0.0750,1.0000,8,4,4,0,0,4,4,0.0000
2,56.0000,11,14,277.6709,-81.0867,-1.6505,40,1.0000,0.4000,5,6,3,0,0,6,3,0.5000
2,56.0000,12,2,272.8698,-84.4826,0.3133,37,0.9487,0.0000,4,6,3,0,0,6,3,0.5000
2,56.0000,13,1,262.3570,-84.4381,-0.2483,39,0.9750,0.0000,4,6,1,0,0,6,1,0.8333
2,56.0000,13,5,360.6131,-85.4045,-1.0952,36,0.9000,0.0000,4,7,5,0,0,7,5,0.2857
2,56.0000,13,10,222.2502,-85.0638,1.0940,37,0.9250,0.3333,6,4,0,0,0,4,0,1.0000
2,56.0000,13,14,613.9346,-88.9880,0.0734,11,0.2750,0.9623,53,4,4,6,6,10,10,0.0000
2,56.0000,14,4,468.9713,-88.3374,0.0402,17,0.4250,1.0000,8,7,4,0,0,7,4,0.4286
2,56.0000,14,5,309.4135,-86.8096,0.4128,27,0.6750,0.4000,5,5,1,0,0,5,1,0.8000
2,56.0000,14,11,277.6709,-81.0705,-2.5079,40,1.0000,0.0000,4,5,2,0,0,5,2,0.6000
2,56.0000,14,13,613.9346,-88.9171,0.2235,14,0.3500,1.0000,8,8,8,0,0,8,8,0.0000
2,60.0000,1,10,471.8662,-88.4350,-0.2104,27,0.6750,1.0000,8,7,6,0,0,7,6,0.1429
2,60.0000,1,13,288.4554,-85.2570,0.0652,38,0.9500,0.0000,4,6,2,0,0,6,2,0.6667
2,60.0000,2,3,626.0191,-88.9598,0.0926,8,0.2000,1.0000,8,4,3,0,0,4,3,0.2500
2,60.0000,2,6,503.7091,-88.2859,-0.2126,17,0.4250,0.5714,7,8,8,0,0,8,8,0.0000
2,60.0000,2,12,357.4730,-85.4681,-0.8985,34,0.8500,0.2000,5,5,2,0,0,5,2,0.6000
2,60.0000,3,2,626.0191,-89.5893,-0.0136,3,0.0750,0.9773,44,6,6,58,58,64,64,0.0000
2,60.0000,3,6,307.9207,-85.5310,0.0487,36,0.9000,0.4000,5,5,1,0,0,5,1,0.8000
2,60.0000,3,7,60.7260,-76.6016,2.9179,40,1.0000,0.0000,4,4,0,0,0,4,0,1.0000
2,60.0000,4,5,532.8175,-89.3270,-0.5335,3,0.0750,0.0000,1,6,3,0,0,6,3,0.5000
2,60.0000,4,11,310.1565,-85.7972,-0.0348,37,0.9250,0.5000,6,6,4,0,0,6,4,0.3333
2,60.0000,4,14,423.8232,-88.2210,0.2293,18,0.4500,0.7143,7,6,3,0,0,6,3,0.5000
2,60.0000,5,10,429.2811,-88.3312,-0.0494,20,0.5000,0.5000,6,5,3,0,0,5,3,0.4000
2,60.0000,5,11,597.1217,-89.1419,-0.3481,8,0.2000,1.0000,8,8,8,0,0,8,8,0.0000
2,60.0000,5,13,507.3640,-87.6287,-0.2123,21,0.5250,0.6667,6,8,7,0,0,8,7,0.1250
2,60.0000,5,14,196.8750,-83.4156,0.9938,38,0.9500,0.0667,30,5,1,47,1,52,2,0.9615
2,60.0000,6,2,503.7091,-87.7060,-0.0786,21,0.5250,0.7500,32,7,5,0,0,7,5,0.2857
2,60.0000,6,3,307.9207,-85.6245,-0.1092,33,0.8250,0.6508,126,3,0,105,63,108,63,0.4167
2,60.0000,6,7,282.6193,-86.0415,0.5684,35,0.8750,0.3333,6,4,0,0,0,4,0,1.0000
2,60.0000,7,2,648.1475,-88.8328,-0.5440,3,0.0750,,0,4,4,0,0,4,4,0.0000
2,60.0000,7,3,60.7260,-76.1685,2.6562,40,1.0000,0.1818,11,4,0,49,0,53,0,1.0000
2,60.0000,7,6,282.6193,-86.6544,1.0665,32,0.8000,0.7143,98,4,0,6,3,10,3,0.7000
2,60.0000,8,9,420.3393,-86.9022,-0.3356,27,0.6750,0.5714,7,6,6,0,0,6,6,0.0000
2,60.0000,9,8,420.3393,-87.0396,-0.4582,30,0.7500,0.5000,6,6,4,0,0,6,4,0.3333
2,60.0000,10,1,471.8662,-89.0139,0.2850,19,0.4634,0.5000,6,7,6,0,0,7,6,0.1429
2,60.0000,10,5,429.2811,-88.4433,0.1524,20,0.4878,0.8750,96,7,5,87,61,94,66,0.2979
2,60.0000,10,13,187.6896,-82.3856,0.0460,41,1.0000,0.0000,8,4,0,0,0,4,0,1.0000
2,60.0000,10,14,589.3983,-89.2953,-0.1399,5,0.1220,1.0000,6,8,8,0,0,8,8,0.0000
2,60.0000,11,4,310.1565,-85.3202,-0.3203,36,0.9000,0.0000,4,6,4,0,0,6,4,0.3333
2,60.0000,11,5,597.1217,-88.6263,-0.6849,6,0.1500,0.8571,7,8,8,0,0,8,8,0.0000
2,60.0000,11,14,465.6078,-86.8146,-1.3132,24,0.6000,0.5000,6,8,7,0,0,8,7,0.1250
2,60.0000,12,2,357.4730,-85.6650,-0.1166,37,0.9024,0.5000,6,5,2,0,0,5,2,0.6000
2,60.0000,13,1,288.4554,-84.9244,-0.0189,37,0.9250,0.1667,6,3,0,0,0,3,0,1.0000
2,60.0000,13,5,507.3640,-87.8541,0.2134,20,0.5000,0.7143,7,7,6,0,0,7,6,0.1429
2,60.0000,13,10,187.6896,-82.1587,0.5542,40,1.0000,0.0000,4,4,0,0,0,4,0,1.0000
2,60.0000,13,14,693.8668,-88.9611,0.2562,4,0.1000,1.0000,10,4,4,0,0,4,4,0.0000
2,60.0000,14,4,423.8232,-88.1415,0.5385,18,0.4390,0.5714,7,6,4,0,0,6,4,0.3333
2,60.0000,14,5,196.8750,-84.0113,0.8545,38,0.9268,0.2000,5,4,0,0,0,4,0,1.0000
2,60.0000,14,10,589.3983,-89.5000,0.0556,8,0.1951,1.0000,8,8,8,0,0,8,8,0.0000
2,60.0000,14,11,465.6078,-86.5445,-0.8324,28,0.6829,0.4000,5,8,7,0,0,8,7,0.1250
2,64.0000,0,8,526.8398,-89.0684,0.1825,7,0.1707,1.0000,8,5,4,0,0,5,4,0.2000
2,64.0000,1,10,568.5697,-88.7187,-0.1243,17,0.4250,0.8571,7,6,6,0,0,6,6,0.0000
2,64.0000,1,13,324.4851,-84.7157,0.2748,33,0.8250,0.3333,6,7,4,0,0,7,4,0.4286
2,64.0000,2,6,618.6281,-89.2583,0.4783,3,0.0750,1.0000,8,4,4,0,0,4,4,0.0000
2,64.0000,2,7,587.3979,-88.7718,0.4763,7,0.1750,1.0000,2,8,8,0,0,8,8,0.0000
2,64.0000,2,12,487.5860,-87.1699,0.1908,18,0.4500,0.4000,5,8,8,0,0,8,8,0.0000
2,64.0000,3,6,323.0890,-85.0176,-0.4852,30,0.7500,0.2000,5,4,0,0,0,4,0,1.0000
2,64.0000,3,7,134.2268,-72.1507,-2.8041,40,1.0000,0.0000,4,4,0,0,0,4,0,1.0000
2,64.0000,4,5,360.1426,-87.9165,0.4639,22,0.5500,0.5000,6,5,1,0,0,5,1,0.8000
2,64.0000,4,11,435.3505,-87.1240,-0.6723,31,0.7750,0.6667,6,7,4,0,0,7,4,0.4286
2,64.0000,4,14,392.3902,-87.3139,0.0617,26,0.6500,0.5000,6,8,4,0,0,8,4,0.5000
2,64.0000,5,4,360.1426,-87.5967,0.4817,18,0.4500,0.7500,8,5,1,0,0,5,1,0.8000
2,64.0000,5,10,422.3628,-87.8025,0.0154,24,0.6000,0.6000,5,8,5,0,0,8,5,0.3750
2,64.0000,5,13,654.0423,-88.8615,-0.2863,7,0.1750,0.8750,8,4,4,0,0,4,4,0.0000
2,64.0000,5,14,162.6668,-80.7400,0.6139,40,1.0000,0.0385,52,4,0,37,0,41,0,1.0000
2,64.0000,6,2,618.6281,-88.7085,-0.5910,12,0.3000,0.7143,7,6,6,0,0,6,6,0.0000
2,64.0000,6,3,323.0890,-85.4073,0.1018,37,0.9250,0.5833,108,5,1,72,28,77,29,0.6234
2,64.0000,6,7,240.0502,-84.2512,0.4683,39,0.9750,0.0000,4,4,0,0,0,4,0,1.0000
2,64.0000,7,2,587.3979,-89.2796,-0.4237,5,0.1250,1.0000,4,8,7,0,0,8,7,0.1250
2,64.0000,7,3,134.2268,-72.8609,-2.7770,40,1.0000,0.0000,53,5,0,1,0,6,0,1.0000
2,64.0000,7,6,240.0502,-83.8294,0.8147,40,1.0000,0.3000,10,6,1,0,0,6,1,0.8333
2,64.0000,8,0,526.8398,-88.9655,0.5667,8,0.2000,0.8750,8,5,2,0,0,5,2,0.6000
2,64.0000,8,9,486.4209,-87.7756,-0.2613,25,0.6250,1.0000,6,8,8,0,0,8,8,0.0000
2,64.0000,9,8,486.4209,-87.2291,0.0084,20,0.5000,0.6667,6,8,8,0,0,8,8,0.0000
2,64.0000,10,1,568.5697,-88.5274,-0.3336,10,0.2564,0.8571,7,8,8,0,0,8,8,0.0000
2,64.0000,10,5,422.3628,-87.7034,-0.2485,21,0.5385,0.7021,94,6,2,91,72,97,74,0.2371
2,64.0000,10,13,253.2760,-82.4526,-1.0369,39,1.0000,0.0000,4,4,0,0,0,4,0,1.0000
2,64.0000,10,14,581.0091,-89.1565,-0.4716,4,0.1026,1.0000,8,8,8,0,0,8,8,0.0000
2,64.0000,11,4,435.3505,-86.4707,-0.9133,31,0.7561,0.6667,6,8,8,0,0,8,8,0.0000
2,64.0000,11,5,633.4208,-88.2932,0.7956,4,0.0976,1.0000,8,4,4,0,0,4,4,0.0000
2,64.0000,11,14,630.2448,-88.9825,0.4203,5,0.1220,0.8750,8,2,2,0,0,2,2,0.0000
2,64.0000,12,2,487.5860,-87.6333,-0.1761,23,0.5897,0.4000,5,8,8,0,0,8,8,0.0000
2,64.0000,13,1,324.4851,-85.8894,-0.1746,35,0.8750,0.0000,3,5,0,0,0,5,0,1.0000
2,64.0000,13,5,654.0423,-88.1377,0.3617,6,0.1500,0.8571,7,6,6,0,0,6,6,0.0000
2,64.0000,13,10,253.2760,-82.4957,-0.4330,39,0.9750,0.0000,4,4,0,0,0,4,0,1.0000
2,64.0000,14,4,392.3902,-87.4235,-0.5566,24,0.6000,0.6667,6,7,4,0,0,7,4,0.4286
2,64.0000,14,5,162.6668,-80.8908,0.3008,39,0.9750,0.0000,4,4,0,0,0,4,0,1.0000
2,64.0000,14,10,581.0091,-88.2121,-0.4481,6,0.1500,1.0000,8,6,6,0,0,6,6,0.0000
2,64.0000,14,11,630.2448,-88.6535,-0.6982,7,0.1750,0.8750,8,4,4,0,0,4,4,0.0000
2,68.0000,0,8,367.6254,-87.9417,0.1970,16,0.4103,0.8000,5,4,0,0,0,4,0,1.0000
2,68.0000,1,6,583.6710,-88.9842,-0.3856,3,0.0750,1.0000,6,8,7,0,0,8,7,0.1250
2,68.0000,1,10,678.0281,-89.3940,0.0998,4,0.1000,1.0000,6,4,4,0,0,4,4,0.0000
2,68.0000,1,13,363.9170,-87.0380,-0.1599,30,0.7500,0.5714,7,5,2,0,0,5,2,0.6000
2,68.0000,2,6,743.0846,-89.4085,0.6894,3,0.0750,1.0000,4,4,4,0,0,4,4,0.0000
2,68.0000,2,7,528.4153,-88.8290,0.1627,10,0.2500,1.0000,8,8,7,0,0,8,7,0.1250
2,68.0000,2,12,629.2914,-88.6539,-0.2144,10,0.2500,1.0000,8,8,8,0,0,8,8,0.0000
2,68.0000,3,6,349.0413,-86.7682,-0.6083,37,0.9250,0.0000,4,5,1,0,0,5,1,0.8000
2,68.0000,3,7,275.2171,-82.0709,-1.5455,40,1.0000,0.0000,4,5,2,0,0,5,2,0.6000
2,68.0000,4,5,262.8594,-85.8841,-0.0741,35,0.8750,0.2000,5,4,0,0,0,4,0,1.0000
2,68.0000,4,10,496.3538,-88.9130,0.1798,11,0.2750,1.0000,6,10,7,0,0,10,7,0.3000
2,68.0000,4,11,580.0328,-88.4053,-0.6510,12,0.3000,0.5714,7,3,2,0,0,3,2,0.3333
2,68.0000,4,14,393.4019,-87.3460,0.1184,26,0.6500,0.5000,8,6,4,0,0,6,4,0.3333
2,68.0000,5,4,262.8594,-85.3563,0.0853,34,0.8500,0.2000,5,3,0,0,0,3,0,1.0000
2,68.0000,5,10,471.4857,-88.0985,-0.4233,19,0.4750,0.6250,8,8,8,0,0,8,8,0.0000
2,68.0000,5,14,164.8521,-80.8759,-0.1824,40,1.0000,0.0000,41,4,0,2,0,6,0,1.0000
2,68.0000,6,1,583.6710,-89.2635,-0.3510,3,0.0732,1.0000,2,7,6,0,0,7,6,0.1429
2,68.0000,6,3,349.0413,-86.8971,0.1787,33,0.8049,0.3766,77,4,0,92,65,96,65,0.3229
2,68.0000,6,7,312.8546,-84.6789,-0.4621,38,0.9268,0.0000,4,4,0,0,0,4,0,1.0000
2,68.0000,7,2,528.4153,-89.0891,-0.0473,9,0.2250,0.8750,8,6,4,49,48,55,52,0.0545
2,68.0000,7,3,275.2171,-81.9460,-1.8540,40,1.0000,0.0000,6,6,4,0,0,6,4,0.3333
2,68.0000,7,6,312.8546,-85.1196,-0.5889,40,1.0000,0.1667,6,4,0,0,0,4,0,1.0000
2,68.0000,8,0,367.6254,-87.8907,0.1306,15,0.3846,0.4000,5,5,2,0,0,5,2,0.6000
2,68.0000,8,3,658.3820,-88.8513,-0.2365,4,0.1026,1.0000,6,2,2,0,0,2,2,0.0000
2,68.0000,8,9,476.5156,-88.4309,-0.3176,18,0.4615,1.0000,8,7,6,0,0,7,6,0.1429
2,68.0000,9,8,476.5156,-88.5419,0.0438,17,0.4250,1.0000,8,7,6,0,0,7,6,0.1429
2,68.0000,10,4,496.3538,-89.1468,-0.1252,9,0.2250,1.0000,8,8,8,0,0,8,8,0.0000
2,68.0000,10,5,471.4857,-87.8725,-0.0043,22,0.5500,0.7629,97,8,8,2,0,10,8,0.2000
2,68.0000,10,13,356.4856,-85.5685,-0.4379,31,0.7750,0.0000,4,6,4,0,0,6,4,0.3333
2,68.0000,10,14,576.5577,-88.3164,0.2365,3,0.0750,1.0000,8,6,6,100,97,106,103,0.0283
2,68.0000,11,4,580.0328,-88.4300,-0.2936,14,0.3500,1.0000,8,4,4,0,0,4,4,0.0000
2,68.0000,12,2,629.2914,-88.3619,-1.2979,7,0.1750,1.0000,8,4,4,0,0,4,4,0.0000
2,68.0000,12,13,561.4957,-89.0752,-0.3256,9,0.2250,1.0000,8,8,8,0,0,8,8,0.0000
2,68.0000,13,1,363.9170,-86.7886,0.3049,27,0.6750,0.0000,5,6,4,0,0,6,4,0.3333
2,68.0000,13,10,356.4856,-85.2005,-0.7017,39,0.9750,0.0000,4,7,4,0,0,7,4,0.4286
2,68.0000,13,12,561.4957,-88.9855,-0.2009,7,0.1750,1.0000,8,10,10,0,0,10,10,0.0000
2,68.0000,14,4,393.4019,-87.1823,0.0515,29,0.7250,0.5714,7,7,6,0,0,7,6,0.1429
2,68.0000,14,5,164.8521,-80.4463,-0.0499,40,1.0000,0.0000,4,4,0,0,0,4,0,1.0000
2,68.0000,14,10,576.5577,-88.4181,-0.3028,4,0.1000,1.0000,6,8,8,0,0,8,8,0.0000
2,72.0000,0,3,531.1459,-88.8929,-0.4055,8,0.1951,1.0000,8,7,6,0,0,7,6,0.1429
2,72.0000,0,8,238.6995,-85.2940,0.7893,39,0.9512,0.0000,4,4,0,0,0,4,0,1.0000
2,72.0000,1,6,465.6661,-88.2323,0.1978,11,0.2750,0.8750,8,8,7,0,0,8,7,0.1250
2,72.0000,1,7,644.6997,-89.1970,-0.5124,5,0.1250,1.0000,8,8,8,0,0,8,8,0.0000
2,72.0000,1,13,386.5365,-86.8875,-0.1732,27,0.6750,0.4000,5,7,5,0,0,7,5,0.2857
2,72.0000,2,7,476.3301,-88.5332,0.3827,16,0.4000,0.8750,8,7,6,0,0,7,6,0.1429
2,72.0000,3,0,531.1459,-88.8515,0.2125,5,0.1250,1.0000,8,7,5,0,0,7,5,0.2857
2,72.0000,3,6,395.8463,-86.8355,-0.5131,28,0.7000,0.2000,5,8,6,0,0,8,6,0.2500
2,72.0000,3,7,418.1148,-86.1424,-0.7093,34,0.8500,0.4000,5,8,7,0,0,8,7,0.1250
2,72.0000,4,5,286.7181,-84.6235,-0.0706,37,0.9487,0.0000,4,6,4,0,0,6,4,0.3333
2,72.0000,4,10,410.6002,-88.1411,-0.1466,17,0.4359,0.7000,10,4,2,0,0,4,2,0.5000
2,72.0000,4,14,448.7442,-87.6380,0.7254,19,0.4872,0.6667,6,6,3,0,0,6,3,0.5000
2,72.0000,5,4,286.7181,-84.1555,0.0361,37,0.9250,0.0000,3,5,2,0,0,5,2,0.6000
2,72.0000,5,10,561.6427,-88.4509,-0.0402,9,0.2250,1.0000,8,8,8,0,0,8,8,0.0000
2,72.0000,5,14,242.4041,-82.1179,-1.4164,39,0.9750,0.0000,6,4,0,6,0,10,0,1.0000
2,72.0000,6,1,465.6661,-88.4440,0.6955,11,0.2750,0.8571,7,6,4,0,0,6,4,0.3333
2,72.0000,6,3,395.8463,-87.4443,-0.0358,33,0.8250,0.6771,96,7,5,104,97,111,102,0.0811
2,72.0000,6,7,447.5443,-86.9767,0.1797,30,0.7500,0.0000,4,7,6,0,0,7,6,0.1429
2,72.0000,7,1,644.6997,-89.5858,0.0619,4,0.1000,1.0000,6,8,8,0,0,8,8,0.0000
2,72.0000,7,2,476.3301,-89.1307,0.1482,10,0.2500,0.9455,55,7,5,99,90,106,95,0.1038
2,72.0000,7,3,418.1148,-85.7725,-0.7081,35,0.8750,0.6667,6,6,6,0,0,6,6,0.0000
2,72.0000,7,6,447.5443,-87.3493,0.0614,27,0.6750,0.0000,4,8,8,0,0,8,8,0.0000
2,72.0000,8,0,238.6995,-85.4394,0.9608,35,0.8750,0.4000,5,4,0,0,0,4,0,1.0000
2,72.0000,8,9,526.4446,-87.9429,-0.3752,16,0.4000,0.8571,7,8,8,0,0,8,8,0.0000
2,72.0000,9,8,526.4446,-88.6350,0.3784,10,0.2500,0.8571,7,6,6,0,0,6,6,0.0000
2,72.0000,10,4,410.6002,-87.7152,0.1485,21,0.5250,1.0000,8,6,3,0,0,6,3,0.5000
2,72.0000,10,5,561.6427,-88.7291,-0.1103,16,0.4000,0.8000,10,6,6,47,46,53,52,0.0189
2,72.0000,10,13,478.8620,-88.0491,-0.0830,25,0.6250,0.6667,6,7,6,0,0,7,6,0.1429
2,72.0000,10,14,584.5605,-88.5859,-0.3591,5,0.1250,0.9717,106,8,7,56,56,64,63,0.0156
2,72.0000,12,13,573.4204,-88.8548,-0.0590,8,0.2000,1.0000,8,6,6,0,0,6,6,0.0000
2,72.0000,13,1,386.5365,-87.0361,-0.0209,26,0.6500,0.6667,6,9,7,0,0,9,7,0.2222
2,72.0000,13,10,478.8620,-87.3922,-0.3335,19,0.4750,0.5714,7,8,8,0,0,8,8,0.0000
2,72.0000,13,12,573.4204,-88.5302,-0.0286,7,0.1750,1.0000,10,4,4,0,0,4,4,0.0000
2,72.0000,14,4,448.7442,-87.3727,-0.2147,20,0.4878,0.8571,7,7,6,0,0,7,6,0.1429
2,72.0000,14,5,242.4041,-82.0655,-1.0712,41,1.0000,0.0000,4,4,0,0,0,4,0,1.0000
2,76.0000,0,3,456.5809,-88.4041,-0.0305,12,0.3000,0.8571,7,8,7,0,0,8,7,0.1250
2,76.0000,0,8,217.5333,-82.1600,0.0177,40,1.0000,0.0000,4,6,1,0,0,6,1,0.8333
2,76.0000,1,6,389.6771,-87.7686,0.2211,24,0.6000,0.8750,8,5,1,0,0,5,1,0.8000
2,76.0000,1,7,623.6482,-89.3204,-0.1320,7,0.1750,1.0000,8,10,9,0,0,10,9,0.1000
2,76.0000,1,13,426.6558,-87.1698,-0.2064,25,0.6250,0.7143,7,7,4,0,0,7,4,0.4286
2,76.0000,2,7,382.0252,-87.7837,0.2274,17,0.4250,0.8571,7,4,0,0,0,4,0,1.0000
2,76.0000,3,0,456.5809,-88.5213,0.3714,19,0.4750,0.7143,7,7,4,0,0,7,4,0.4286
2,76.0000,3,6,423.3150,-87.9971,-0.2441,26,0.6500,0.7500,8,7,4,0,0,7,4,0.4286
2,76.0000,3,7,568.6205,-87.8747,0.4739,15,0.3750,0.8750,8,8,8,0,0,8,8,0.0000
2,76.0000,4,5,440.9685,-86.6534,-0.4855,32,0.7805,0.6667,6,8,7,0,0,8,7,0.1250
2,76.0000,4,10,315.4611,-87.4284,0.0996,28,0.6829,0.5000,4,4,0,0,0,4,0,1.0000
2,76.0000,4,14,439.7201,-87.3147,0.3008,26,0.6341,0.5000,6,8,7,95,81,103,88,0.1456
2,76.0000,5,4,440.9685,-86.7295,-1.1437,34,0.8500,0.4000,5,8,7,0,0,8,7,0.1250
2,76.0000,5,14,180.0052,-82.1486,1.3184,39,0.9750,0.0000,10,4,0,0,0,4,0,1.0000
2,76.0000,6,1,389.6771,-87.7521,0.3238,22,0.5500,0.6667,6,4,0,0,0,4,0,1.0000
2,76.0000,6,3,423.3150,-88.0586,0.2173,32,0.8000,0.9189,111,8,7,102,97,110,104,0.0545
2,76.0000,6,7,604.3757,-88.0651,0.2844,7,0.1750,0.8571,7,8,8,0,0,8,8,0.0000
2,76.0000,7,1,623.6482,-88.8782,-0.5281,3,0.0750,1.0000,8,8,8,0,0,8,8,0.0000
2,76.0000,7,2,382.0252,-88.2738,0.2250,23,0.5750,0.8962,106,6,3,75,40,81,43,0.4691
2,76.0000,7,3,568.6205,-88.0996,-0.1791,19,0.4750,1.0000,6,10,10,0,0,10,10,0.0000
2,76.0000,7,6,604.3757,-88.5301,-0.5060,9,0.2250,1.0000,8,6,6,0,0,6,6,0.0000
2,76.0000,8,0,217.5333,-82.4622,0.3022,40,1.0000,0.0000,4,4,0,0,0,4,0,1.0000
2,76.0000,8,3,663.1003,-89.4555,-0.3069,3,0.0750,1.0000,4,2,2,0,0,2,2,0.0000
2,76.0000,8,9,601.0622,-88.8337,0.1321,8,0.2000,1.0000,8,6,6,0,0,6,6,0.0000
2,76.0000,9,8,601.0622,-89.3581,-0.2682,10,0.2500,1.0000,6,6,6,0,0,6,6,0.0000
2,76.0000,10,4,315.4611,-87.0889,0.8821,29,0.7250,0.5000,6,4,0,53,3,57,3,0.9474
2,76.0000,10,5,632.0554,-89.0396,-0.2353,3,0.0750,0.9811,53,8,8,2,2,10,10,0.0000
2,76.0000,10,13,628.7673,-88.4542,-0.0964,11,0.2750,0.8571,7,4,4,0,0,4,4,0.0000
2,76.0000,10,14,537.9197,-88.6798,-0.1103,9,0.2250,0.9844,64,8,8,0,0,8,8,0.0000
2,76.0000,13,1,426.6558,-87.3886,-0.4263,18,0.4500,0.7778,9,6,3,0,0,6,3,0.5000
2,76.0000,13,10,628.7673,-89.3019,-0.4811,5,0.1250,1.0000,8,4,4,0,0,4,4,0.0000
2,76.0000,13,12,633.2096,-87.6333,0.4358,4,0.1000,1.0000,4,6,6,0,0,6,6,0.0000
2,76.0000,14,4,439.7201,-88.1853,0.2486,21,0.5250,0.8571,7,7,4,0,0,7,4,0.4286
2,76.0000,14,5,180.0052,-82.4679,0.3125,40,1.0000,0.0000,4,4,0,0,0,4,0,1.0000
2,76.0000,14,10,537.9197,-88.9246,0.4619,11,0.2750,1.0000,8,8,7,0,0,8,7,0.1250
2,80.0000,0,3,442.2205,-87.3914,-0.0929,19,0.4750,0.8750,8,7,5,0,0,7,5,0.2857
2,80.0000,0,8,271.5284,-84.0419,-0.5183,39,0.9750,0.1667,6,4,0,0,0,4,0,1.0000
2,80.0000,1,6,318.9383,-86.9276,0.0843,23,0.5750,0.2000,5,5,1,0,0,5,1,0.8000
2,80.0000,1,7,622.6901,-89.2912,0.0267,5,0.1250,0.9000,10,2,2,0,0,2,2,0.0000
2,80.0000,1,13,457.4359,-88.0136,-0.3741,22,0.5500,0.5714,7,7,6,0,0,7,6,0.1429
2,80.0000,2,7,243.3255,-86.0737,0.6833,37,0.9250,0.0000,4,4,0,0,0,4,0,1.0000
2,80.0000,3,0,442.2205,-88.2560,-0.2605,20,0.5000,0.5714,7,8,7,0,0,8,7,0.1250
2,80.0000,3,6,436.7184,-87.3942,0.2038,18,0.4500,0.5714,7,7,4,0,0,7,4,0.4286
2,80.0000,4,5,522.6728,-88.3491,-0.3660,13,0.3250,0.8750,8,8,8,0,0,8,8,0.0000
2,80.0000,4,10,135.8331,-82.3036,1.5913,40,1.0000,0.0000,4,4,0,0,0,4,0,1.0000
2,80.0000,4,12,532.8921,-88.9844,-0.9336,5,0.1250,0.8750,8,7,6,0,0,7,6,0.1429
2,80.0000,4,14,525.1559,-88.6391,0.1552,16,0.4000,0.8544,103,8,8,8,8,16,16,0.0000
2,80.0000,5,4,522.6728,-88.9553,0.0048,7,0.1750,0.8750,8,7,6,0,0,7,6,0.1429
2,80.0000,5,10,549.8167,-89.2088,0.1195,5,0.1250,1.0000,6,7,4,0,0,7,4,0.4286
2,80.0000,5,11,604.9493,-88.8495,0.2675,3,0.0750,1.0000,8,8,7,0,0,8,7,0.1250
2,80.0000,5,14,103.0394,-79.2092,1.8215,40,1.0000,0.0000,4,4,0,30,0,34,0,1.0000
2,80.0000,6,1,318.9383,-86.4681,-0.0279,35,0.8750,0.0000,4,4,0,0,0,4,0,1.0000
2,80.0000,6,3,436.7184,-88.0754,-0.2481,18,0.4500,0.9455,110,8,6,104,93,112,99,0.1161
2,80.0000,7,1,622.6901,-88.9463,-0.3849,6,0.1500,1.0000,8,4,4,0,0,4,4,0.0000
2,80.0000,7,2,243.3255,-85.5813,1.2804,36,0.9000,0.5309,81,4,0,52,0,56,0,1.0000
2,80.0000,7,3,718.1164,-89.2286,-0.1463,4,0.1000,1.0000,10,4,4,0,0,4,4,0.0000
2,80.0000,7,6,726.7252,-89.0687,0.1509,5,0.1250,1.0000,6,2,2,0,0,2,2,0.0000
2,80.0000,8,0,271.5284,-83.7710,-0.7226,38,0.9500,0.0000,4,4,0,0,0,4,0,1.0000
2,80.0000,9,0,604.7471,-88.9002,-0.0687,4,0.1000,1.0000,8,8,8,0,0,8,8,0.0000
2,80.0000,10,4,135.8331,-83.0307,2.1999,39,0.9750,0.0526,57,4,0,4,0,8,0,1.0000
2,80.0000,10,5,549.8167,-88.8421,-0.0870,7,0.1750,1.0000,10,8,7,91,79,99,86,0.1313
2,80.0000,10,14,527.7896,-88.0822,-0.1356,13,0.3250,1.0000,8,8,7,0,0,8,7,0.1250
2,80.0000,11,5,604.9493,-89.6826,-0.1219,3,0.0750,1.0000,8,7,6,0,0,7,6,0.1429
2,80.0000,12,4,532.8921,-88.6592,0.5400,9,0.2250,1.0000,8,8,8,0,0,8,8,0.0000
2,80.0000,13,1,457.4359,-88.4839,0.1733,14,0.3500,0.5000,6,8,8,0,0,8,8,0.0000
2,80.0000,14,4,525.1559,-88.6119,-0.3999,11,0.2821,0.5714,7,7,6,0,0,7,6,0.1429
2,80.0000,14,5,103.0394,-79.2669,1.3831,39,1.0000,0.0000,4,4,0,0,0,4,0,1.0000
2,80.0000,14,10,527.7896,-88.6961,0.2572,11,0.2821,0.8750,8,9,8,0,0,9,8,0.1111
2,80.0000,14,11,700.7325,-88.9815,1.0544,3,0.0769,1.0000,2,8,8,0,0,8,8,0.0000
2,84.0000,0,3,430.4534,-88.0486,0.2009,25,0.6250,0.7143,7,7,5,0,0,7,5,0.2857
2,84.0000,0,8,321.3389,-85.7118,-0.1966,38,0.9500,0.0000,4,4,2,0,0,4,2,0.5000
2,84.0000,0,9,570.1817,-88.6625,0.3759,11,0.2750,1.0000,8,7,6,0,0,7,6,0.1429
2,84.0000,1,3,557.5088,-89.2803,-0.1380,6,0.1500,1.0000,8,8,8,0,0,8,8,0.0000
2,84.0000,1,6,218.9977,-84.6074,0.7801,39,0.9750,0.2000,5,4,0,0,0,4,0,1.0000
2,84.0000,1,13,482.2520,-88.5872,0.0971,21,0.5250,0.8571,7,8,8,0,0,8,8,0.0000
2,84.0000,2,7,106.9237,-80.6887,1.6486,40,1.0000,0.0000,4,4,0,0,0,4,0,1.0000
2,84.0000,3,0,430.4534,-87.5653,0.0929,25,0.6250,0.8750,8,8,7,0,0,8,7,0.1250
2,84.0000,3,1,557.5088,-89.1360,0.3406,7,0.1750,1.0000,4,8,8,0,0,8,8,0.0000
2,84.0000,3,6,456.2636,-88.2019,0.2344,18,0.4500,0.5714,7,7,6,0,0,7,6,0.1429
2,84.0000,3,8,533.8745,-88.7484,0.2517,10,0.2500,1.0000,8,7,6,0,0,7,6,0.1429
2,84.0000,4,5,543.9514,-88.0317,-0.0484,9,0.2250,1.0000,8,8,8,0,0,8,8,0.0000
2,84.0000,4,10,119.6611,-74.8436,0.3869,39,0.9750,0.0000,4,4,0,3,0,7,0,1.0000
2,84.0000,4,12,533.0868,-88.4144,-0.2427,11,0.2750,0.8571,7,8,7,0,0,8,7,0.1250
2,84.0000,4,14,656.6752,-88.9172,-0.1572,6,0.1500,1.0000,16,6,6,0,0,6,6,0.0000
2,84.0000,5,4,543.9514,-89.0101,0.1455,12,0.3000,0.8571,7,8,8,0,0,8,8,0.0000
2,84.0000,5,10,427.2622,-87.9516,0.5312,16,0.4000,0.5714,7,6,3,0,0,6,3,0.5000
2,84.0000,5,11,473.5089,-88.8423,-0.1546,8,0.2000,0.8750,8,5,3,0,0,5,3,0.4000
2,84.0000,5,14,138.3810,-76.1837,-0.7457,40,1.0000,0.0000,34,4,0,28,2,32,2,0.9375
2,84.0000,6,1,218.9977,-84.6228,0.8420,39,0.9750,0.0000,4,4,0,0,0,4,0,1.0000
2,84.0000,6,3,456.2636,-87.9890,0.2285,28,0.7000,0.8839,112,7,5,103,93,110,98,0.1091
2,84.0000,7,2,106.9237,-80.9833,1.8421,40,1.0000,0.0000,56,4,0,52,0,56,0,1.0000
2,84.0000,7,13,625.3175,-89.3696,0.2384,3,0.0750,1.0000,6,8,8,0,0,8,8,0.0000
2,84.0000,8,0,321.3389,-85.3127,-0.0552,39,0.9750,0.0000,4,6,3,0,0,6,3,0.5000
2,84.0000,8,3,533.8745,-89.0961,0.4490,4,0.1000,1.0000,8,8,7,0,0,8,7,0.1250
2,84.0000,9,0,570.1817,-88.5884,0.5274,6,0.1463,1.0000,8,8,8,0,0,8,8,0.0000
2,84.0000,10,4,119.6611,-74.8180,0.6052,39,0.9750,0.0000,8,4,0,3,0,7,0,1.0000
2,84.0000,10,5,427.2622,-88.7317,0.2930,16,0.4000,0.8687,99,6,3,40,19,46,22,0.5217
2,84.0000,10,12,518.1367,-88.6724,-0.6836,4,0.1000,1.0000,8,5,1,0,0,5,1,0.8000
2,84.0000,10,14,543.6008,-88.7836,-0.3054,12,0.3000,0.8750,8,8,8,0,0,8,8,0.0000
2,84.0000,11,5,473.5089,-88.3966,-0.0206,10,0.2564,0.8571,7,7,4,0,0,7,4,0.4286
2,84.0000,11,12,531.0133,-89.4835,-0.0139,5,0.1282,1.0000,8,7,6,0,0,7,6,0.1429
2,84.0000,11,14,561.9257,-89.1555,0.1924,6,0.1538,1.0000,8,7,6,0,0,7,6,0.1429
2,84.0000,12,4,533.0868,-88.4473,-0.1027,8,0.2000,1.0000,8,8,8,0,0,8,8,0.0000
2,84.0000,12,10,518.1367,-88.7248,-0.1431,8,0.2000,0.6667,3,7,3,0,0,7,3,0.5714
2,84.0000,12,11,531.0133,-89.0022,0.0233,6,0.1500,1.0000,6,7,6,0,0,7,6,0.1429
2,84.0000,13,1,482.2520,-88.2191,0.2877,19,0.4750,1.0000,8,7,6,0,0,7,6,0.1429
2,84.0000,13,7,625.3175,-89.1930,-0.1720,3,0.0750,1.0000,6,6,6,0,0,6,6,0.0000
2,84.0000,14,4,656.6752,-89.0681,-0.5543,6,0.1500,0.8571,7,4,4,0,0,4,4,0.0000
2,84.0000,14,5,138.3810,-75.4726,-0.7841,40,1.0000,0.0000,4,4,0,0,0,4,0,1.0000
2,84.0000,14,10,543.6008,-88.5734,-0.2510,20,0.5000,0.8889,9,6,5,0,0,6,5,0.1667
2,88.0000,0,3,482.9654,-88.2791,0.2647,23,0.5750,0.7143,7,8,6,0,0,8,6,0.2500
2,88.0000,0,8,370.8868,-87.3462,-0.4768,36,0.9000,0.5000,4,6,2,0,0,6,2,0.6667
2,88.0000,0,9,528.2307,-88.4538,0.3036,11,0.2750,0.8571,7,8,8,0,0,8,8,0.0000
2,88.0000,1,3,504.1892,-88.2356,0.1759,7,0.1750,1.0000,8,7,5,0,0,7,5,0.2857
2,88.0000,1,6,183.1235,-81.5052,0.2740,40,1.0000,0.0000,4,4,0,0,0,4,0,1.0000
2,88.0000,1,13,520.4880,-88.4433,0.0093,14,0.3500,1.0000,8,8,8,0,0,8,8,0.0000
2,88.0000,2,7,122.5418,-74.7685,-0.5067,41,1.0000,0.0000,4,4,0,0,0,4,0,1.0000
2,88.0000,2,9,526.0137,-88.6253,0.1218,8,0.1951,1.0000,6,8,7,0,0,8,7,0.1250
2,88.0000,3,0,482.9654,-87.6475,0.2251,16,0.4000,0.8750,8,8,8,0,0,8,8,0.0000
2,88.0000,3,1,504.1892,-88.2313,-0.5314,5,0.1250,1.0000,8,7,4,0,0,7,4,0.4286
2,88.0000,3,6,505.9112,-88.5153,-0.1410,16,0.4000,0.8571,7,8,7,0,0,8,7,0.1250
2,88.0000,3,8,397.5134,-88.1626,0.1721,17,0.4250,0.8571,7,5,1,0,0,5,1,0.8000
2,88.0000,4,5,573.8551,-88.8725,0.0777,9,0.2250,1.0000,8,8,8,0,0,8,8,0.0000
2,88.0000,4,10,295.7005,-81.3070,-2.3163,38,0.9500,0.0000,7,7,4,0,0,7,4,0.4286
2,88.0000,4,12,607.6919,-88.7410,-0.4361,7,0.1750,0.8750,8,8,8,0,0,8,8,0.0000
2,88.0000,5,4,573.8551,-87.9426,0.1949,9,0.2250,1.0000,8,10,10,0,0,10,10,0.0000
2,88.0000,5,10,312.7232,-86.6569,0.4098,28,0.7000,0.5000,6,4,0,0,0,4,0,1.0000
2,88.0000,5,11,352.5044,-87.2468,-0.2440,27,0.6750,0.6000,5,5,0,0,0,5,0,1.0000
2,88.0000,5,12,510.0575,-89.3474,-0.0136,7,0.1750,0.8750,8,5,0,0,0,5,0,1.0000
2,88.0000,5,14,217.2881,-80.9170,-1.2369,39,0.9750,0.0625,32,4,0,56,5,60,5,0.9167
2,88.0000,6,1,183.1235,-81.7022,0.7013,40,1.0000,0.0000,4,4,0,0,0,4,0,1.0000
2,88.0000,6,3,505.9112,-88.3726,0.1515,18,0.4500,0.8909,110,8,8,2,2,10,10,0.0000
2,88.0000,6,13,592.5998,-89.0889,-0.0609,5,0.1250,1.0000,4,6,4,0,0,6,4,0.3333
2,88.0000,7,2,122.5418,-74.6784,-0.5014,39,0.9750,0.0000,56,4,0,52,0,56,0,1.0000
2,88.0000,7,13,621.7670,-89.3685,0.2232,5,0.1250,1.0000,8,8,8,0,0,8,8,0.0000
2,88.0000,8,0,370.8868,-85.7101,-0.4899,34,0.8293,0.5000,6,7,4,0,0,7,4,0.4286
2,88.0000,8,3,397.5134,-88.0308,0.4789,19,0.4634,0.8750,8,6,3,0,0,6,3,0.5000
2,88.0000,9,0,528.2307,-88.8542,-0.1645,9,0.2250,1.0000,8,8,8,0,0,8,8,0.0000
2,88.0000,9,2,526.0137,-89.2532,-0.3710,7,0.1750,1.0000,6,8,7,0,0,8,7,0.1250
2,88.0000,9,7,631.1909,-88.9204,0.7392,5,0.1250,1.0000,8,8,7,0,0,8,7,0.1250
2,88.0000,10,4,295.7005,-81.7700,-2.1612,38,0.9500,0.0000,7,5,1,0,0,5,1,0.8000
2,88.0000,10,5,312.7232,-86.9461,0.1947,26,0.6500,0.4783,46,4,0,57,7,61,7,0.8852
2,88.0000,10,11,463.0099,-88.0139,-1.3565,5,0.1250,1.0000,4,6,3,0,0,6,3,0.5000
2,88.0000,10,12,390.8327,-87.3506,0.8074,19,0.4750,0.2000,5,3,0,0,0,3,0,1.0000
2,88.0000,10,14,520.6232,-89.0569,-0.2576,9,0.2250,1.0000,8,7,6,0,0,7,6,0.1429
2,88.0000,11,5,352.5044,-87.5420,0.5754,23,0.5750,0.5714,7,5,1,0,0,5,1,0.8000
2,88.0000,11,10,463.0099,-88.4455,0.7993,4,0.1000,1.0000,2,5,2,0,0,5,2,0.6000
2,88.0000,11,12,430.5840,-88.2442,-0.0162,19,0.4750,0.8571,7,7,5,0,0,7,5,0.2857
2,88.0000,11,14,454.4663,-88.4490,0.2289,16,0.4000,0.8571,7,7,5,0,0,7,5,0.2857
2,88.0000,12,4,607.6919,-88.6633,-0.1982,6,0.1500,1.0000,8,8,8,0,0,8,8,0.0000
2,88.0000,12,5,510.0575,-88.6707,-0.2880,6,0.1500,1.0000,8,8,8,0,0,8,8,0.0000
2,88.0000,12,10,390.8327,-88.4498,0.5572,17,0.4250,0.4286,7,5,1,0,0,5,1,0.8000
2,88.0000,12,11,430.5840,-87.9478,0.5680,21,0.5250,0.8571,7,6,3,0,0,6,3,0.5000
2,88.0000,13,1,520.4880,-88.0379,-0.2165,9,0.2250,0.8571,7,8,6,0,0,8,6,0.2500
2,88.0000,13,6,592.5998,-89.0194,0.2227,6,0.1500,1.0000,6,7,6,0,0,7,6,0.1429
2,88.0000,13,7,621.7670,-89.0801,0.0604,4,0.1000,1.0000,6,8,8,0,0,8,8,0.0000
2,88.0000,14,5,217.2881,-81.2903,-1.1407,39,0.9750,0.0000,4,5,1,0,0,5,1,0.8000
2,88.0000,14,10,520.6232,-88.3863,0.0685,9,0.2250,0.8333,6,8,8,0,0,8,8,0.0000
2,88.0000,14,11,454.4663,-88.6656,0.2713,13,0.3250,0.8571,7,6,3,0,0,6,3,0.5000
2,92.0000,0,3,556.1508,-88.8602,0.2486,14,0.3500,0.7500,8,8,8,0,0,8,8,0.0000
2,92.0000,0,8,451.9303,-87.2253,0.0652,24,0.6000,0.3333,6,7,6,0,0,7,6,0.1429
2,92.0000,0,9,496.3924,-88.3075,0.4741,13,0.3250,1.0000,8,10,9,0,0,10,9,0.1000
2,92.0000,1,3,462.4220,-88.4536,0.6867,12,0.3000,0.7143,7,6,3,88,70,94,73,0.2234
2,92.0000,1,6,211.3472,-82.0816,-0.4169,40,1.0000,0.0000,4,5,2,0,0,5,2,0.6000
2,92.0000,1,13,545.1669,-88.6860,0.1519,11,0.2750,1.0000,8,6,6,0,0,6,6,0.0000
2,92.0000,2,7,255.2309,-81.3652,-1.3886,40,1.0000,0.0000,4,7,4,0,0,7,4,0.4286
2,92.0000,2,9,412.3927,-88.2323,0.6065,18,0.4500,0.8750,8,6,3,0,0,6,3,0.5000
2,92.0000,2,13,594.5947,-88.9881,-0.0254,5,0.1250,1.0000,6,8,8,0,0,8,8,0.0000
2,92.0000,3,0,556.1508,-88.6428,0.0911,14,0.3500,1.0000,8,8,8,0,0,8,8,0.0000
2,92.0000,3,1,462.4220,-87.8532,0.1340,16,0.4000,0.5714,7,6,1,0,0,6,1,0.8333
2,92.0000,3,6,560.7116,-88.8157,0.0136,19,0.4750,0.8750,8,8,8,0,0,8,8,0.0000
2,92.0000,3,8,269.8677,-85.8894,0.7582,29,0.7250,0.2000,5,5,1,0,0,5,1,0.8000
2,92.0000,4,5,585.5197,-88.9865,0.1218,5,0.1250,1.0000,8,8,8,0,0,8,8,0.0000
2,92.0000,4,10,449.0152,-87.1047,-0.6138,25,0.6250,0.5714,7,8,7,0,0,8,7,0.1250
2,92.0000,5,4,585.5197,-89.0542,-0.3607,3,0.0750,1.0000,10,8,8,0,0,8,8,0.0000
2,92.0000,5,10,212.0947,-84.3521,1.0288,39,0.9750,0.0000,4,4,0,0,0,4,0,1.0000
2,92.0000,5,11,238.7208,-85.5304,0.5863,38,0.9500,0.0000,5,4,0,0,0,4,0,1.0000
2,92.0000,5,12,398.0636,-87.8825,0.1560,22,0.5500,0.0000,5,5,2,0,0,5,2,0.6000
2,92.0000,5,14,300.7652,-84.5292,-0.7268,40,1.0000,0.0833,60,6,2,4,0,10,2,0.8000
2,92.0000,6,1,211.3472,-81.6652,-0.7468,40,1.0000,0.0000,4,4,0,58,8,62,8,0.8710
2,92.0000,6,2,570.3406,-88.9874,0.3750,8,0.2000,1.0000,8,8,8,0,0,8,8,0.0000
2,92.0000,6,3,560.7116,-89.1001,-0.4340,10,0.2500,1.0000,10,8,8,0,0,8,8,0.0000
2,92.0000,6,13,545.9387,-89.1553,-0.4167,8,0.2000,0.6667,6,7,6,0,0,7,6,0.1429
2,92.0000,7,2,255.2309,-81.6179,-1.8001,39,0.9750,0.0000,56,7,2,93,64,100,66,0.3400
2,92.0000,7,9,573.3112,-89.2117,0.3968,5,0.1250,1.0000,6,8,8,0,0,8,8,0.0000
2,92.0000,7,13,656.7210,-89.3019,0.0039,6,0.1500,1.0000,8,8,8,0,0,8,8,0.0000
2,92.0000,8,0,451.9303,-87.2578,-0.3714,27,0.6750,0.5714,7,6,4,0,0,6,4,0.3333
2,92.0000,8,3,269.8677,-85.9977,0.9145,31,0.7750,0.5000,6,4,0,0,0,4,0,1.0000
2,92.0000,9,0,496.3924,-88.9197,0.2058,8,0.2000,1.0000,8,8,6,0,0,8,6,0.2500
2,92.0000,9,2,412.3927,-88.2082,-0.2109,18,0.4500,0.8750,8,7,6,0,0,7,6,0.1429
2,92.0000,10,4,449.0152,-87.3271,-0.4202,30,0.7500,0.2000,5,8,7,0,0,8,7,0.1250
2,92.0000,10,5,212.0947,-83.8879,0.8946,40,1.0000,0.1148,61,4,0,4,0,8,0,1.0000
2,92.0000,10,11,284.6687,-86.9379,0.8417,32,0.8000,0.5000,6,4,0,48,0,52,0,1.0000
2,92.0000,10,12,295.9359,-86.4132,0.5103,32,0.8000,0.0000,3,5,1,0,0,5,1,0.8000
2,92.0000,10,14,481.6151,-88.6805,0.0369,13,0.3250,0.8571,7,8,5,0,0,8,5,0.3750
2,92.0000,11,5,238.7208,-85.7456,0.7089,37,0.9250,0.2000,5,4,0,0,0,4,0,1.0000
2,92.0000,11,10,284.6687,-87.2439,0.7166,29,0.7250,0.4000,5,4,0,0,0,4,0,1.0000
2,92.0000,11,12,397.9629,-87.7730,-0.2422,24,0.6000,0.7143,7,7,6,0,0,7,6,0.1429
2,92.0000,11,14,408.0972,-87.4467,0.0697,22,0.5500,0.7143,7,6,3,86,65,92,68,0.2609
2,92.0000,12,4,677.8373,-88.5636,0.2027,6,0.1500,1.0000,8,6,6,0,0,6,6,0.0000
2,92.0000,12,5,398.0636,-88.0865,0.5042,22,0.5500,1.0000,8,8,5,0,0,8,5,0.3750
2,92.0000,12,10,295.9359,-87.1788,0.3998,34,0.8500,0.2000,5,3,0,0,0,3,0,1.0000
2,92.0000,12,11,397.9629,-87.3918,0.5751,23,0.5750,0.5000,6,6,2,0,0,6,2,0.6667
2,92.0000,12,14,511.1521,-88.2354,0.1157,7,0.1750,1.0000,8,6,3,0,0,6,3,0.5000
2,92.0000,13,1,545.1669,-89.0479,-0.2642,11,0.2750,0.7500,8,8,7,0,0,8,7,0.1250
2,92.0000,13,2,594.5947,-88.9883,0.2832,6,0.1500,1.0000,8,8,8,0,0,8,8,0.0000
2,92.0000,13,6,545.9387,-89.3546,-0.4454,6,0.1500,0.8571,7,8,6,0,0,8,6,0.2500
2,92.0000,14,5,300.7652,-84.0110,-0.4962,38,0.9268,0.2000,5,6,4,0,0,6,4,0.3333
2,92.0000,14,10,481.6151,-88.1633,-0.2608,17,0.4146,1.0000,8,8,8,0,0,8,8,0.0000
2,92.0000,14,11,408.0972,-87.4759,0.4739,22,0.5366,0.5000,6,8,7,0,0,8,7,0.1250
2,92.0000,14,12,511.1521,-89.0906,-0.3482,10,0.2439,0.8750,8,8,5,0,0,8,5,0.3750
2,96.0000,0,1,666.1989,-89.2975,0.2090,3,0.0750,1.0000,4,4,4,0,0,4,4,0.0000
2,96.0000,0,2,542.8778,-89.0181,-0.1589,5,0.1250,,0,7,5,0,0,7,5,0.2857
2,96.0000,0,3,671.8268,-88.7530,-1.0527,3,0.0750,1.0000,8,2,2,0,0,2,2,0.0000
2,96.0000,0,6,625.6862,-89.5763,-0.2909,3,0.0750,1.0000,6,10,10,0,0,10,10,0.0000
2,96.0000,0,8,561.4613,-88.3851,-0.4221,14,0.3500,0.8571,7,8,8,0,0,8,8,0.0000
2,96.0000,0,9,475.5914,-87.9160,0.1618,18,0.4500,0.9000,10,7,6,0,0,7,6,0.1429
2,96.0000,1,3,425.4473,-87.6223,-0.0151,18,0.4500,0.7766,94,7,4,47,35,54,39,0.2778
2,96.0000,1,6,285.6225,-83.4056,-0.5587,39,0.9750,0.4000,5,5,2,0,0,5,2,0.6000
2,96.0000,1,8,536.0518,-89.1314,0.3990,6,0.1500,1.0000,2,7,6,0,0,7,6,0.1429
2,96.0000,1,13,569.3125,-88.6390,0.1269,15,0.3750,1.0000,6,8,8,0,0,8,8,0.0000
2,96.0000,2,1,649.2676,-89.0973,0.1231,3,0.0750,1.0000,2,8,8,0,0,8,8,0.0000
2,96.0000,2,6,447.7564,-88.4758,0.0129,11,0.2750,1.0000,8,7,5,0,0,7,5,0.2857
2,96.0000,2,7,388.0143,-86.1403,-1.0300,34,0.8500,0.5714,7,6,3,0,0,6,3,0.5000
2,96.0000,2,9,322.3698,-86.8580,0.6094,29,0.7250,0.5000,6,4,0,0,0,4,0,1.0000
2,96.0000,3,0,671.8268,-89.5626,0.3332,4,0.1000,1.0000,8,2,2,0,0,2,2,0.0000
2,96.0000,3,1,425.4473,-88.1246,0.2758,22,0.5500,0.1667,6,6,4,0,0,6,4,0.3333
2,96.0000,3,6,655.7761,-88.7856,-0.6284,5,0.1250,1.0000,8,4,4,0,0,4,4,0.0000
2,96.0000,3,8,186.2265,-83.2593,0.7588,40,1.0000,0.2000,5,4,0,0,0,4,0,1.0000
2,96.0000,4,5,551.3891,-88.5690,-0.2921,9,0.2250,1.0000,8,7,6,0,0,7,6,0.1429
2,96.0000,4,10,512.2738,-88.1902,-0.6297,19,0.4750,0.8750,8,9,8,0,0,9,8,0.1111
2,96.0000,4,11,556.4771,-88.5812,0.4714,5,0.1250,1.0000,4,8,7,0,0,8,7,0.1250
2,96.0000,5,4,551.3891,-88.4508,0.3802,10,0.2500,1.0000,8,7,6,0,0,7,6,0.1429
2,96.0000,5,10,152.4804,-80.9145,0.8095,40,1.0000,0.0000,4,4,0,0,0,4,0,1.0000
2,96.0000,5,11,150.5717,-81.9914,1.3577,39,0.9750,0.0000,4,3,0,0,0,3,0,1.0000
2,96.0000,5,12,365.1162,-86.4265,0.0385,29,0.7250,0.4000,5,7,4,0,0,7,4,0.4286
2,96.0000,5,14,370.0609,-86.2534,-0.3553,36,0.9000,0.2000,10,6,3,0,0,6,3,0.5000
2,96.0000,6,0,625.6862,-89.2014,0.0185,6,0.1500,1.0000,8,8,7,0,0,8,7,0.1250
2,96.0000,6,1,285.6225,-84.0799,-0.4184,40,1.0000,0.1290,62,5,1,70,23,75,24,0.6800
2,96.0000,6,2,447.7564,-88.3599,0.4021,14,0.3500,1.0000,8,8,6,0,0,8,6,0.2500
2,96.0000,6,3,655.7761,-88.3050,0.0500,4,0.1000,1.0000,8,2,2,0,0,2,2,0.0000
2,96.0000,6,9,584.2371,-88.9668,0.0629,3,0.0750,1.0000,2,7,6,0,0,7,6,0.1429
2,96.0000,6,13,498.1033,-88.3956,0.4385,13,0.3250,0.8571,7,8,6,0,0,8,6,0.2500
2,96.0000,7,2,388.0143,-86.1193,-0.8268,32,0.8000,0.6600,100,7,6,58,54,65,60,0.0769
2,96.0000,7,9,519.6407,-88.7723,0.0269,11,0.2750,1.0000,8,7,5,0,0,7,5,0.2857
2,96.0000,8,0,561.4613,-88.5208,-0.1614,15,0.3750,0.6667,6,8,7,0,0,8,7,0.1250
2,96.0000,8,1,536.0518,-88.8163,-0.9995,5,0.1250,0.8750,8,8,6,0,0,8,6,0.2500
2,96.0000,8,3,186.2265,-83.2938,0.9804,40,1.0000,0.0000,4,4,0,0,0,4,0,1.0000
2,96.0000,9,0,475.5914,-87.8513,-0.0065,16,0.4000,0.7500,8,8,8,0,0,8,8,0.0000
2,96.0000,9,2,322.3698,-87.0425,-0.0351,33,0.8250,0.8571,7,7,4,0,0,7,4,0.4286
2,96.0000,9,7,519.6407,-89.4312,0.0693,11,0.2750,0.8750,8,7,4,0,0,7,4,0.4286
2,96.0000,10,4,512.2738,-88.3928,0.3014,12,0.3000,0.8750,8,8,8,0,0,8,8,0.0000
2,96.0000,10,5,152.4804,-80.6151,0.8302,40,1.0000,0.0000,8,4,0,0,0,4,0,1.0000
2,96.0000,10,11,206.0525,-83.3668,0.4134,40,1.0000,0.0000,52,5,0,28,0,33,0,1.0000
2,96.0000,10,12,276.4262,-85.3644,0.2505,38,0.9500,0.2000,5,5,1,28,5,33,6,0.8182
2,96.0000,10,14,439.3855,-88.1688,-0.1168,14,0.3500,0.6250,8,5,2,0,0,5,2,0.6000
2,96.0000,11,4,556.4771,-89.4621,0.4475,3,0.0750,1.0000,6,8,8,0,0,8,8,0.0000
2,96.0000,11,5,150.5717,-81.1342,1.0842,37,0.9250,0.0000,4,4,0,0,0,4,0,1.0000
2,96.0000,11,10,206.0525,-83.2565,1.1409,37,0.9250,0.0000,4,4,0,0,0,4,0,1.0000
2,96.0000,11,12,457.1637,-87.6875,-0.3724,23,0.5750,0.8571,7,8,8,0,0,8,8,0.0000
2,96.0000,11,14,459.1673,-88.5715,-0.2763,21,0.5250,0.7391,92,8,8,53,47,61,55,0.0984
2,96.0000,12,4,709.8906,-89.3272,0.1813,6,0.1500,1.0000,6,8,8,0,0,8,8,0.0000
2,96.0000,12,5,365.1162,-87.0946,0.1332,35,0.8750,0.6250,8,7,6,0,0,7,6,0.1429
2,96.0000,12,10,276.4262,-84.9020,0.0950,39,0.9750,0.0000,3,7,4,0,0,7,4,0.4286
2,96.0000,12,11,457.1637,-88.2218,-0.0625,25,0.6250,0.3333,6,8,8,0,0,8,8,0.0000
2,96.0000,12,14,402.9079,-88.1667,0.0039,22,0.5500,0.5000,6,6,2,36,18,42,20,0.5238
2,96.0000,13,1,569.3125,-89.0120,0.4932,9,0.2250,0.8750,8,8,8,0,0,8,8,0.0000
2,96.0000,13,2,537.9883,-88.7191,0.5325,10,0.2500,1.0000,8,8,7,0,0,8,7,0.1250
2,96.0000,13,6,498.1033,-88.5085,-0.3288,9,0.2250,0.7500,8,8,8,0,0,8,8,0.0000
2,96.0000,14,5,370.0609,-86.6340,-0.5601,33,0.8250,0.6667,6,7,5,0,0,7,5,0.2857
2,96.0000,14,10,439.3855,-87.9925,0.3999,13,0.3250,1.0000,8,6,4,0,0,6,4,0.3333
2,96.0000,14,11,459.1673,-87.5913,-0.0452,27,0.6750,0.8750,8,7,6,0,0,7,6,0.1429
2,96.0000,14,12,402.9079,-88.0247,0.3702,14,0.3500,0.6250,8,6,3,0,0,6,3,0.5000
2,100.0000,0,1,658.2506,-88.1997,-0.7030,3,0.0750,1.0000,4,4,4,0,0,4,4,0.0000
2,100.0000,0,2,457.3772,-88.9090,0.2878,10,0.2500,0.7143,7,8,7,0,0,8,7,0.1250
2,100.0000,0,6,564.5149,-88.5854,-0.3680,4,0.1000,1.0000,10,7,5,0,0,7,5,0.2857
2,100.0000,0,8,684.0726,-88.9635,-0.7666,3,0.0750,1.0000,8,2,2,0,0,2,2,0.0000
2,100.0000,0,9,466.5117,-88.3289,-0.4530,9,0.2250,0.8571,7,8,8,0,0,8,8,0.0000
2,100.0000,1,2,620.3833,-88.9896,0.8855,4,0.1000,1.0000,8,8,8,0,0,8,8,0.0000
2,100.0000,1,3,398.5536,-88.0890,0.3429,26,0.6500,0.7222,54,5,2,0,0,5,2,0.6000
2,100.0000,1,6,365.1164,-86.1382,-0.0664,34,0.8500,0.4000,5,7,5,0,0,7,5,0.2857
2,100.0000,1,8,412.5995,-88.5565,-0.2077,22,0.5500,0.8571,7,6,3,0,0,6,3,0.5000
2,100.0000,1,13,591.7847,-88.8789,0.4381,5,0.1250,1.0000,8,8,8,32,32,40,40,0.0000
2,100.0000,2,0,457.3772,-88.2050,0.3264,14,0.3500,0.7143,7,7,6,0,0,7,6,0.1429
2,100.0000,2,1,620.3833,-89.0870,-0.4821,3,0.0750,1.0000,8,7,6,0,0,7,6,0.1429
2,100.0000,2,6,361.2043,-87.0055,0.5643,29,0.7250,0.7143,7,6,4,0,0,6,4,0.3333
2,100.0000,2,7,430.4524,-87.1214,0.2994,27,0.6750,0.5000,6,7,4,0,0,7,4,0.4286
2,100.0000,2,9,281.2499,-85.3448,0.7315,36,0.9000,0.0000,4,4,0,0,0,4,0,1.0000
2,100.0000,2,13,492.7648,-88.7603,0.2704,16,0.4000,0.7143,7,6,4,0,0,6,4,0.3333
2,100.0000,3,1,398.5536,-87.2461,-0.1867,18,0.4500,0.6667,6,6,4,32,21,38,25,0.3421
2,100.0000,3,8,138.7773,-80.3620,0.8195,40,1.0000,0.0000,4,4,0,0,0,4,0,1.0000
2,100.0000,4,5,505.2231,-88.5542,-0.2583,7,0.1750,0.8571,7,8,8,0,0,8,8,0.0000
2,100.0000,4,10,600.8241,-88.9547,-0.3127,7,0.1750,0.8889,9,8,8,0,0,8,8,0.0000
2,100.0000,4,11,463.3253,-88.2472,0.2450,13,0.3250,0.8750,8,7,3,0,0,7,3,0.5714
2,100.0000,5,4,505.2231,-88.5575,-0.0999,10,0.2500,0.8571,7,8,8,0,0,8,8,0.0000
2,100.0000,5,10,190.3486,-79.7754,-0.7336,39,0.9750,0.0000,4,5,1,0,0,5,1,0.8000
2,100.0000,5,11,119.0598,-77.8714,0.8007,39,0.9750,0.0000,3,5,0,0,0,5,0,1.0000
2,100.0000,5,12,454.7417,-87.0660,-0.3210,17,0.4250,0.5714,7,7,6,0,0,7,6,0.1429
2,100.0000,5,14,448.3378,-87.3557,-0.5526,24,0.6000,0.5000,6,7,5,0,0,7,5,0.2857
2,100.0000,6,0,564.5149,-88.5994,-1.1867,8,0.2000,0.8750,8,8,7,0,0,8,7,0.1250
2,100.0000,6,1,365.1164,-85.5216,-0.5719,31,0.7750,0.3200,75,6,4,9,4,15,8,0.4667
2,100.0000,6,2,361.2043,-87.7354,0.3217,29,0.7250,0.7500,8,5,1,0,0,5,1,0.8000
2,100.0000,6,9,489.4732,-89.2405,0.1919,10,0.2500,0.8571,7,8,6,0,0,8,6,0.2500
2,100.0000,6,13,506.0561,-88.2113,-0.0947,16,0.4000,0.7500,8,8,8,0,0,8,8,0.0000
2,100.0000,7,2,430.4524,-87.6042,-0.1260,23,0.5750,0.9231,65,6,4,48,48,54,52,0.0370
2,100.0000,7,9,465.1102,-87.9578,0.1880,14,0.3500,0.7143,7,3,0,51,39,54,39,0.2778
2,100.0000,8,1,412.5995,-88.1599,0.3642,18,0.4615,0.7500,8,5,1,0,0,5,1,0.8000
2,100.0000,8,3,138.7773,-79.9487,0.6843,39,1.0000,0.0000,4,4,0,0,0,4,0,1.0000
2,100.0000,9,0,466.5117,-88.4990,-0.3058,18,0.4500,1.0000,8,7,6,0,0,7,6,0.1429
2,100.0000,9,2,281.2499,-85.7863,0.0620,33,0.8250,0.5714,7,6,2,19,3,25,5,0.8000
2,100.0000,9,6,489.4732,-88.3805,0.0869,8,0.2000,0.8571,7,7,6,0,0,7,6,0.1429
2,100.0000,9,7,465.1102,-88.5887,0.1334,17,0.4250,0.5714,7,7,6,0,0,7,6,0.1429
2,100.0000,10,4,600.8241,-89.3485,-0.0102,8,0.1951,1.0000,8,2,2,0,0,2,2,0.0000
2,100.0000,10,5,190.3486,-79.7723,-0.8144,41,1.0000,0.0000,4,4,0,0,0,4,0,1.0000
2,100.0000,10,11,298.5948,-83.7527,-0.8677,40,0.9756,0.0000,33,7,6,0,0,7,6,0.1429
2,100.0000,10,12,320.9723,-85.3976,-0.6794,39,0.9512,0.1818,33,4,0,2,0,6,0,1.0000
2,100.0000,10,14,366.0954,-87.8224,0.3506,29,0.7073,0.4000,5,6,2,66,20,72,22,0.6944
2,100.0000,11,4,463.3253,-88.4653,0.8343,12,0.3000,1.0000,8,7,6,0,0,7,6,0.1429
2,100.0000,11,5,119.0598,-77.7334,0.7914,40,1.0000,0.0000,4,4,0,0,0,4,0,1.0000
2,100.0000,11,10,298.5948,-83.7690,-0.7730,40,1.0000,0.0000,4,6,4,0,0,6,4,0.3333
2,100.0000,11,12,573.4257,-88.9292,-0.0743,19,0.4750,1.0000,8,8,8,0,0,8,8,0.0000
2,100.0000,11,14,541.0365,-88.3502,-0.6151,14,0.3500,0.9016,61,8,8,0,0,8,8,0.0000
2,100.0000,12,5,454.7417,-87.4852,-0.5058,17,0.4250,0.8571,7,8,8,0,0,8,8,0.0000
2,100.0000,12,10,320.9723,-85.4971,0.0037,33,0.8250,0.5714,7,4,0,0,0,4,0,1.0000
2,100.0000,12,11,573.4257,-88.5972,0.2089,14,0.3500,1.0000,8,8,8,0,0,8,8,0.0000
2,100.0000,12,14,348.0699,-87.2316,0.3784,29,0.7250,0.4762,42,5,1,3,2,8,3,0.6250
2,100.0000,13,1,591.7847,-88.7696,-0.0892,6,0.1500,1.0000,8,8,8,0,0,8,8,0.0000
2,100.0000,13,2,492.7648,-88.6924,0.2353,14,0.3500,0.8750,8,7,6,48,47,55,53,0.0364
2,100.0000,13,6,506.0561,-87.9880,0.2359,14,0.3500,1.0000,8,8,8,0,0,8,8,0.0000
2,100.0000,14,5,448.3378,-87.7354,0.0107,26,0.6500,0.7143,7,8,8,0,0,8,8,0.0000
2,100.0000,14,10,366.0954,-87.4852,0.4632,23,0.5750,0.6667,6,6,2,0,0,6,2,0.6667
2,100.0000,14,11,541.0365,-88.2484,-0.0038,19,0.4750,0.8571,7,6,6,0,0,6,6,0.0000
2,100.0000,14,12,348.0699,-87.5000,0.1723,29,0.7250,0.5000,6,7,3,0,0,7,3,0.5714
2,104.0000,0,2,420.0713,-87.7707,-0.0653,26,0.6667,0.8750,8,7,5,0,0,7,5,0.2857
2,104.0000,0,6,528.3966,-89.0568,-0.1207,9,0.2308,0.7143,7,6,4,0,0,6,4,0.3333
2,104.0000,0,9,493.4947,-88.2454,0.1532,12,0.3077,1.0000,8,7,6,0,0,7,6,0.1429
2,104.0000,1,3,335.3789,-86.4061,0.2693,25,0.6250,0.4000,5,4,0,0,0,4,0,1.0000
2,104.0000,1,6,495.4465,-87.8758,-0.1040,20,0.5000,0.7143,7,7,6,0,0,7,6,0.1429
2,104.0000,1,8,337.4399,-86.8225,0.6252,27,0.6750,0.5000,6,6,2,0,0,6,2,0.6667
2,104.0000,1,13,632.9064,-88.8839,-0.2504,4,0.1000,1.0000,40,8,8,52,52,60,60,0.0000
2,104.0000,2,0,420.0713,-87.9681,0.5214,26,0.6500,0.8571,7,7,6,0,0,7,6,0.1429
2,104.0000,2,1,621.6595,-89.1073,-1.2548,3,0.0750,0.8571,7,2,2,0,0,2,2,0.0000
2,104.0000,2,6,286.7263,-85.1377,0.7507,29,0.7250,0.6667,6,4,0,0,0,4,0,1.0000
2,104.0000,2,7,497.5332,-87.9589,-0.3455,15,0.3750,0.5714,7,8,8,0,0,8,8,0.0000
2,104.0000,2,9,312.1868,-85.6943,-0.0125,35,0.8750,0.0000,4,6,3,14,12,20,15,0.2500
2,104.0000,2,13,419.2767,-88.3824,0.0290,21,0.5250,0.6667,6,7,4,0,0,7,4,0.4286
2,104.0000,3,1,335.3789,-87.3993,0.7356,30,0.7500,0.6579,38,5,1,95,77,100,78,0.2200
2,104.0000,3,8,178.8310,-78.6955,-0.6989,40,1.0000,0.0000,4,4,0,0,0,4,0,1.0000
2,104.0000,4,5,473.8376,-88.5345,0.0167,17,0.4250,1.0000,8,6,3,0,0,6,3,0.5000
2,104.0000,4,11,437.5144,-87.9589,-0.1169,21,0.5250,0.4286,7,7,5,0,0,7,5,0.2857
2,104.0000,5,4,473.8376,-88.2290,-0.3847,11,0.2750,1.0000,8,8,8,0,0,8,8,0.0000
2,104.0000,5,10,300.0559,-83.5587,-0.9085,38,0.9500,0.2000,5,5,2,0,0,5,2,0.6000
2,104.0000,5,11,186.1531,-78.9266,-1.4728,40,1.0000,0.0000,5,3,0,0,0,3,0,1.0000
2,104.0000,5,12,609.4228,-87.7229,-0.7632,6,0.1500,0.8571,7,2,2,0,0,2,2,0.0000
2,104.0000,5,14,529.2295,-88.6612,-0.7238,12,0.3000,0.7143,7,8,8,0,0,8,8,0.0000
2,104.0000,6,0,528.3966,-87.9016,-0.0053,6,0.1500,0.8750,8,7,6,0,0,7,6,0.1429
2,104.0000,6,1,495.4465,-87.4750,-0.0552,19,0.4750,0.5333,15,8,7,96,96,104,103,0.0096
2,104.0000,6,2,286.7263,-86.6084,0.4715,33,0.8250,0.2000,5,4,0,0,0,4,0,1.0000
2,104.0000,6,9,423.8233,-87.9688,0.3850,16,0.4000,0.7500,8,6,3,0,0,6,3,0.5000
2,104.0000,6,13,499.7052,-88.5230,0.2816,9,0.2250,1.0000,8,8,8,0,0,8,8,0.0000
2,104.0000,7,2,497.5332,-87.7464,-0.3175,14,0.3500,0.9630,54,8,8,8,8,16,16,0.0000
2,104.0000,7,9,422.7491,-87.5903,-0.4231,14,0.3500,0.7222,54,7,3,96,92,103,95,0.0777
2,104.0000,7,13,588.7726,-88.6974,-0.3251,4,0.1000,1.0000,6,8,8,0,0,8,8,0.0000
2,104.0000,8,1,337.4399,-86.7480,-0.0351,30,0.7317,0.2000,5,4,0,0,0,4,0,1.0000
2,104.0000,8,3,178.8310,-78.7761,-1.0356,41,1.0000,0.0000,4,4,0,0,0,4,0,1.0000
2,104.0000,9,0,493.4947,-88.7716,0.2439,14,0.3500,0.8571,7,8,6,0,0,8,6,0.2500
2,104.0000,9,2,312.1868,-85.7699,0.1111,39,0.9750,0.2000,25,7,5,14,10,21,15,0.2857
2,104.0000,9,6,423.8233,-87.8774,0.3764,17,0.4250,0.8571,7,6,4,0,0,6,4,0.3333
2,104.0000,9,7,422.7491,-87.6519,0.1454,17,0.4250,0.8571,7,7,5,6,4,13,9,0.3077
2,104.0000,10,5,300.0559,-83.2133,-1.0649,38,0.9744,0.0000,4,6,4,0,0,6,4,0.3333
2,104.0000,10,11,478.3551,-87.3205,-0.5743,27,0.6923,0.8571,7,6,6,0,0,6,6,0.0000
2,104.0000,10,12,396.5457,-86.4379,-0.4811,30,0.7692,0.0000,6,7,5,0,0,7,5,0.2857
2,104.0000,10,14,297.4118,-86.5559,0.2972,29,0.7436,0.3056,72,4,0,55,3,59,3,0.9492
2,104.0000,11,4,437.5144,-87.9876,-0.0542,24,0.6000,0.8571,7,7,6,0,0,7,6,0.1429
2,104.0000,11,5,186.1531,-78.7430,-1.1219,40,1.0000,0.0000,4,4,0,0,0,4,0,1.0000
2,104.0000,11,10,478.3551,-86.8625,-0.9780,27,0.6750,0.6667,6,8,8,0,0,8,8,0.0000
2,104.0000,11,12,739.3744,-89.0680,0.1080,4,0.1000,1.0000,8,2,2,0,0,2,2,0.0000
2,104.0000,12,5,609.4228,-88.2911,-0.3343,14,0.3500,1.0000,8,4,4,0,0,4,4,0.0000
2,104.0000,12,10,396.5457,-86.7355,-0.1798,27,0.6750,0.0000,4,8,8,0,0,8,8,0.0000
2,104.0000,12,11,739.3744,-88.8891,-0.4139,5,0.1250,1.0000,8,2,2,0,0,2,2,0.0000
2,104.0000,12,14,360.9736,-86.0170,-0.2290,29,0.7250,0.3750,8,7,5,0,0,7,5,0.2857
2,104.0000,13,1,632.9064,-88.9020,-0.0631,5,0.1250,1.0000,8,4,4,0,0,4,4,0.0000
2,104.0000,13,2,419.2767,-88.1846,0.2966,17,0.4250,0.9636,55,6,4,104,104,110,108,0.0182
2,104.0000,13,6,499.7052,-87.8917,-0.4194,12,0.3000,1.0000,8,7,6,0,0,7,6,0.1429
2,104.0000,13,7,588.7726,-89.1295,0.2782,6,0.1500,1.0000,6,8,8,0,0,8,8,0.0000
2,104.0000,14,5,529.2295,-87.9479,-0.2664,14,0.3500,1.0000,8,8,8,0,0,8,8,0.0000
2,104.0000,14,10,297.4118,-86.0180,0.1539,32,0.8000,0.3333,6,4,0,0,0,4,0,1.0000
2,104.0000,14,12,360.9736,-87.1256,-0.2962,28,0.7000,0.4286,7,5,2,0,0,5,2,0.6000
2,108.0000,0,2,416.2450,-87.1159,0.3642,24,0.5854,0.7143,7,8,7,0,0,8,7,0.1250
2,108.0000,0,6,490.1820,-88.9992,-0.1110,15,0.3659,0.6667,6,6,5,0,0,6,5,0.1667
2,108.0000,0,9,510.8901,-88.7088,-0.2149,15,0.3659,0.8571,7,8,7,0,0,8,7,0.1250
2,108.0000,1,3,285.5174,-85.9424,0.7380,36,0.9000,0.0000,4,4,0,2,0,6,0,1.0000
2,108.0000,1,6,612.4599,-88.4827,-0.0326,8,0.2000,0.8571,7,6,6,42,42,48,48,0.0000
2,108.0000,1,8,303.3901,-86.1580,0.1883,35,0.8750,0.3333,6,4,0,0,0,4,0,1.0000
2,108.0000,2,0,416.2450,-87.6020,-0.2177,25,0.6250,0.8571,7,7,6,0,0,7,6,0.1429
2,108.0000,2,6,285.3310,-85.3576,-0.3256,37,0.9250,0.0000,4,4,0,0,0,4,0,1.0000
2,108.0000,2,7,553.3547,-88.6101,0.1729,8,0.2000,1.0000,8,8,8,44,43,52,51,0.0192
2,108.0000,2,9,376.3462,-86.3859,-0.2010,28,0.7000,0.7500,20,8,6,0,0,8,6,0.2500
2,108.0000,2,13,347.0130,-87.1209,0.6663,27,0.6750,0.5714,7,4,0,0,0,4,0,1.0000
2,108.0000,3,1,285.5174,-85.2513,0.5951,34,0.8500,0.7800,100,4,0,45,22,49,22,0.5510
2,108.0000,3,8,281.5075,-83.3171,-0.7424,40,1.0000,0.0000,4,6,3,0,0,6,3,0.5000
2,108.0000,4,5,456.7847,-87.5285,0.5906,14,0.3590,0.5000,6,7,5,0,0,7,5,0.2857
2,108.0000,4,7,500.6215,-89.5902,0.0966,3,0.0769,1.0000,6,5,2,0,0,5,2,0.6000
2,108.0000,4,11,480.1194,-87.8179,-0.3600,20,0.5128,0.7143,7,7,5,0,0,7,5,0.2857
2,108.0000,5,4,456.7847,-88.0258,0.5926,12,0.3000,1.0000,8,6,5,0,0,6,5,0.1667
2,108.0000,5,10,417.5027,-86.8486,-0.1559,33,0.8250,0.4000,5,8,6,0,0,8,6,0.2500
2,108.0000,5,11,294.6294,-83.5014,-1.6703,39,0.9750,0.0000,3,10,9,0,0,10,9,0.1000
2,108.0000,5,14,589.1252,-89.3458,-0.3630,5,0.1250,1.0000,8,8,8,0,0,8,8,0.0000
2,108.0000,6,0,490.1820,-88.6194,-0.3834,9,0.2250,0.8571,7,8,8,0,0,8,8,0.0000
2,108.0000,6,1,612.4599,-89.1466,-0.1192,10,0.2500,0.9904,104,8,8,60,60,68,68,0.0000
2,108.0000,6,2,285.3310,-84.9722,-0.0669,36,0.9000,0.0000,4,5,1,0,0,5,1,0.8000
2,108.0000,6,9,403.9606,-87.5922,0.3249,27,0.6750,0.5000,6,6,3,2,1,8,4,0.5000
2,108.0000,6,13,514.4531,-87.8751,-0.2085,10,0.2500,1.0000,8,7,6,0,0,7,6,0.1429
2,108.0000,7,2,553.3547,-88.7495,0.2412,11,0.2750,1.0000,16,8,8,46,46,54,54,0.0000
2,108.0000,7,4,500.6215,-89.1827,-0.3412,6,0.1500,0.8750,8,6,4,0,0,6,4,0.3333
2,108.0000,7,9,385.6018,-88.0092,0.0197,23,0.5750,0.9223,103,6,3,58,56,64,59,0.0781
2,108.0000,7,13,570.4634,-88.4387,0.2051,13,0.3250,1.0000,8,8,8,0,0,8,8,0.0000
2,108.0000,8,1,303.3901,-86.0704,0.1915,34,0.8718,0.0000,4,6,3,0,0,6,3,0.5000
2,108.0000,8,3,281.5075,-82.8818,-1.1231,37,0.9487,0.0000,4,6,3,0,0,6,3,0.5000
2,108.0000,9,0,510.8901,-88.3180,-0.1916,13,0.3250,0.7500,8,8,8,0,0,8,8,0.0000
2,108.0000,9,2,376.3462,-86.5301,-0.8923,33,0.8250,0.7143,21,7,6,8,8,15,14,0.0667
2,108.0000,9,6,403.9606,-88.4699,0.0746,24,0.6000,0.6667,6,8,8,0,0,8,8,0.0000
2,108.0000,9,7,385.6018,-87.8956,0.0360,23,0.5750,0.6923,13,5,1,1,0,6,1,0.8333
2,108.0000,9,13,605.7117,-89.3740,0.2430,4,0.1000,1.0000,4,8,8,0,0,8,8,0.0000
2,108.0000,10,5,417.5027,-86.5676,-0.4626,30,0.7500,0.6667,6,8,8,0,0,8,8,0.0000
2,108.0000,10,11,674.2517,-88.6858,-0.2098,6,0.1500,1.0000,6,4,4,0,0,4,4,0.0000
2,108.0000,10,12,454.3942,-87.4475,-0.4940,19,0.4750,0.7143,7,5,2,0,0,5,2,0.6000
2,108.0000,10,14,229.2914,-84.2130,0.4055,40,1.0000,0.0508,59,4,0,53,1,57,1,0.9825
2,108.0000,11,4,480.1194,-88.0789,-0.3336,20,0.5000,0.8571,7,8,8,0,0,8,8,0.0000
2,108.0000,11,5,294.6294,-83.7098,-0.6564,37,0.9250,0.0000,4,6,2,0,0,6,2,0.6667
2,108.0000,11,10,674.2517,-88.9295,-0.0682,5,0.1250,1.0000,8,2,2,0,0,2,2,0.0000
2,108.0000,12,10,454.3942,-87.8330,-0.4871,23,0.5750,1.0000,8,7,6,0,0,7,6,0.1429
2,108.0000,12,14,438.2482,-87.3083,-0.2469,27,0.6750,0.7143,7,8,8,0,0,8,8,0.0000
2,108.0000,13,2,347.0130,-86.5600,0.3573,32,0.8000,0.9818,110,5,2,89,70,94,72,0.2340
2,108.0000,13,6,514.4531,-88.6129,-0.0164,11,0.2750,0.8571,7,7,5,2,2,9,7,0.2222
2,108.0000,13,7,570.4634,-88.6058,-0.3239,6,0.1500,1.0000,8,8,8,0,0,8,8,0.0000
2,108.0000,14,5,589.1252,-88.4204,0.0951,6,0.1500,1.0000,8,8,8,0,0,8,8,0.0000
2,108.0000,14,10,229.2914,-84.3900,1.0170,38,0.9500,0.0000,4,4,0,0,0,4,0,1.0000
2,108.0000,14,12,438.2482,-87.5310,-0.2021,29,0.7250,0.4000,5,8,8,0,0,8,8,0.0000
2,112.0000,0,2,479.1537,-87.7612,-0.2400,22,0.5641,0.8750,8,7,6,0,0,7,6,0.1429
2,112.0000,0,6,465.9131,-88.1253,-0.0593,16,0.4103,0.8333,6,9,7,0,0,9,7,0.2222
2,112.0000,0,9,547.2787,-88.2079,-0.0858,12,0.3077,0.8750,8,8,8,0,0,8,8,0.0000
2,112.0000,1,3,229.1981,-84.0670,-0.1035,40,1.0000,0.0000,6,4,0,0,0,4,0,1.0000
2,112.0000,1,8,360.2149,-85.7021,-0.5185,34,0.8500,0.0000,4,6,3,0,0,6,3,0.5000
2,112.0000,2,0,479.1537,-87.9292,0.2448,16,0.4000,0.8571,7,6,4,0,0,6,4,0.3333
2,112.0000,2,6,353.7004,-86.0922,-0.4268,38,0.9500,0.0000,4,6,3,0,0,6,3,0.5000
2,112.0000,2,7,620.4860,-88.5975,-0.1650,8,0.2000,0.9808,52,8,8,104,104,112,112,0.0000
2,112.0000,2,8,542.6200,-89.1117,-0.2403,6,0.1500,0.8000,5,7,6,0,0,7,6,0.1429
2,112.0000,2,9,483.0221,-87.4384,-0.6240,21,0.5250,0.7500,8,7,6,0,0,7,6,0.1429
2,112.0000,2,13,270.4838,-86.0555,1.0983,36,0.9000,0.0000,4,4,0,0,0,4,0,1.0000
2,112.0000,3,1,229.1981,-84.6686,0.5537,39,1.0000,0.4490,49,4,0,0,0,4,0,1.0000
2,112.0000,3,8,388.5942,-86.7111,-0.4540,37,0.9487,0.5000,6,6,4,0,0,6,4,0.3333
2,112.0000,4,5,456.4007,-88.4448,-0.0977,21,0.5250,0.7143,7,6,4,0,0,6,4,0.3333
2,112.0000,4,7,293.1383,-87.0374,0.6535,30,0.7500,0.4000,5,4,0,0,0,4,0,1.0000
2,112.0000,4,11,583.3617,-88.1589,-0.7451,15,0.3750,0.7143,7,4,4,0,0,4,4,0.0000
2,112.0000,5,4,456.4007,-88.1855,0.5684,19,0.4750,0.8333,6,10,9,0,0,10,9,0.1000
2,112.0000,5,10,555.0520,-88.7511,-0.3599,10,0.2500,0.7500,8,8,7,0,0,8,7,0.1250
2,112.0000,5,11,410.0021,-86.5319,-0.7186,30,0.7500,0.9000,10,7,4,0,0,7,4,0.4286
2,112.0000,5,14,675.8170,-88.8545,-0.8114,3,0.0750,1.0000,8,6,6,0,0,6,6,0.0000
2,112.0000,6,0,465.9131,-88.0749,0.0775,17,0.4250,1.0000,8,7,4,0,0,7,4,0.4286
2,112.0000,6,2,353.7004,-85.9920,-0.3526,33,0.8250,0.2000,5,5,2,0,0,5,2,0.6000
2,112.0000,6,9,443.2861,-88.0627,0.1156,18,0.4500,0.5000,8,6,4,0,0,6,4,0.3333
2,112.0000,6,13,553.1920,-88.4635,0.1930,7,0.1750,0.8571,7,8,8,0,0,8,8,0.0000
2,112.0000,7,2,620.4860,-88.7748,0.1375,9,0.2250,1.0000,54,6,6,104,104,110,110,0.0000
2,112.0000,7,4,293.1383,-86.7439,0.4302,30,0.7500,0.6667,6,4,0,0,0,4,0,1.0000
2,112.0000,7,9,372.7120,-87.3109,-0.2087,26,0.6500,0.9219,64,4,1,0,0,4,1,0.7500
2,112.0000,7,13,608.8255,-87.4644,-0.2515,5,0.1250,1.0000,8,8,8,0,0,8,8,0.0000
2,112.0000,8,1,360.2149,-85.3666,0.0477,31,0.7750,0.5000,6,5,2,0,0,5,2,0.6000
2,112.0000,8,2,542.6200,-88.9551,-0.4613,8,0.2000,1.0000,6,7,5,0,0,7,5,0.2857
2,112.0000,8,3,388.5942,-85.9456,-0.6501,30,0.7500,0.5000,6,7,5,0,0,7,5,0.2857
2,112.0000,8,13,530.0933,-89.4736,0.1980,4,0.1000,0.7143,7,6,4,0,0,6,4,0.3333
2,112.0000,9,0,547.2787,-89.0568,-0.0850,12,0.3000,1.0000,8,7,6,0,0,7,6,0.1429
2,112.0000,9,2,483.0221,-87.5356,-0.2672,24,0.6000,0.9333,15,8,8,0,0,8,8,0.0000
2,112.0000,9,6,443.2861,-87.7361,-0.0629,22,0.5500,1.0000,8,8,8,0,0,8,8,0.0000
2,112.0000,9,7,372.7120,-87.2823,0.5336,28,0.7000,0.1667,6,6,4,0,0,6,4,0.3333
2,112.0000,9,13,621.9834,-89.0513,-0.1654,6,0.1500,1.0000,8,8,8,0,0,8,8,0.0000
2,112.0000,10,5,555.0520,-87.8545,-0.2516,14,0.3500,1.0000,8,8,8,0,0,8,8,0.0000
2,112.0000,10,12,471.1260,-87.8473,-0.3863,20,0.5000,0.4000,5,8,8,0,0,8,8,0.0000
2,112.0000,10,14,169.4733,-82.2219,1.0019,40,1.0000,0.0175,57,4,0,52,0,56,0,1.0000
2,112.0000,11,4,583.3617,-88.7875,-0.4334,12,0.3000,1.0000,8,8,8,0,0,8,8,0.0000
2,112.0000,11,5,410.0021,-86.4479,-0.3817,34,0.8500,0.3333,6,8,6,0,0,8,6,0.2500
2,112.0000,12,10,471.1260,-87.7354,0.3839,13,0.3250,0.8571,7,7,5,0,0,7,5,0.2857
2,112.0000,12,14,517.8373,-88.0893,-0.0950,17,0.4250,1.0000,8,8,8,0,0,8,8,0.0000
2,112.0000,13,2,270.4838,-85.7534,0.2245,33,0.8462,0.7660,94,4,0,58,6,62,6,0.9032
2,112.0000,13,6,553.1920,-89.1356,0.1065,8,0.2051,0.7778,9,6,6,0,0,6,6,0.0000
2,112.0000,13,7,608.8255,-89.5951,0.3373,3,0.0769,1.0000,8,8,8,0,0,8,8,0.0000
2,112.0000,13,8,530.0933,-88.8994,-0.0360,8,0.2051,0.8571,7,7,6,0,0,7,6,0.1429
2,112.0000,13,9,621.9834,-88.9644,-0.3738,3,0.0769,1.0000,8,4,4,0,0,4,4,0.0000
2,112.0000,14,5,675.8170,-88.5958,-0.1643,3,0.0769,1.0000,8,6,6,0,0,6,6,0.0000
2,112.0000,14,10,169.4733,-81.7798,1.0572,39,1.0000,0.0000,4,4,0,0,0,4,0,1.0000
2,112.0000,14,12,517.8373,-88.0527,-0.3041,20,0.5128,1.0000,8,8,7,0,0,8,7,0.1250
2,116.0000,0,2,570.8482,-88.8575,-0.8099,10,0.2500,0.8571,7,8,8,0,0,8,8,0.0000
2,116.0000,0,6,448.9734,-87.9964,0.0611,20,0.5000,0.7778,9,7,5,0,0,7,5,0.2857
2,116.0000,0,9,607.6319,-89.0849,-0.5280,7,0.1750,1.0000,8,4,4,0,0,4,4,0.0000
2,116.0000,1,3,202.6469,-83.0157,0.2791,40,1.0000,0.0000,4,4,0,0,0,4,0,1.0000
2,116.0000,1,8,462.6784,-87.4621,-0.6239,26,0.6500,0.5000,6,7,6,0,0,7,6,0.1429
2,116.0000,2,0,570.8482,-88.3674,-0.0559,15,0.3750,0.6667,6,8,8,0,0,8,8,0.0000
2,116.0000,2,6,460.2282,-88.0696,-0.3228,25,0.6250,0.5000,6,8,8,0,0,8,8,0.0000
2,116.0000,2,8,396.6400,-88.1389,0.3870,17,0.4250,0.8571,7,6,3,0,0,6,3,0.5000
2,116.0000,2,9,603.8745,-88.3197,0.0880,11,0.2750,0.8571,7,8,8,0,0,8,8,0.0000
2,116.0000,2,13,181.9160,-82.8503,0.7488,39,0.9750,0.0000,4,4,0,0,0,4,0,1.0000
2,116.0000,3,1,202.6469,-82.8484,-0.0554,39,0.9750,0.0000,4,4,0,0,0,4,0,1.0000
2,116.0000,3,8,493.4266,-88.2492,-0.4994,18,0.4500,0.6667,6,8,8,42,42,50,50,0.0000
2,116.0000,4,5,465.4627,-88.2831,0.3080,13,0.3250,0.6667,6,6,4,0,0,6,4,0.3333
2,116.0000,4,7,100.5444,-81.1331,2.0100,39,0.9750,0.0000,4,4,0,0,0,4,0,1.0000
2,116.0000,4,9,469.5296,-88.0760,-1.3956,3,0.0750,0.8000,5,6,3,0,0,6,3,0.5000
2,116.0000,5,4,465.4627,-87.6844,0.1749,14,0.3590,0.9000,10,6,4,0,0,6,4,0.3333
2,116.0000,5,7,506.4348,-89.1863,-0.1841,13,0.3333,0.8750,8,8,6,0,0,8,6,0.2500
2,116.0000,5,10,683.2693,-88.8779,-0.0636,4,0.1026,0.8750,8,4,4,0,0,4,4,0.0000
2,116.0000,5,11,560.6713,-88.4325,-0.0521,17,0.4359,0.5714,7,7,6,0,0,7,6,0.1429
2,116.0000,6,0,448.9734,-88.4205,-0.3735,23,0.5750,0.5714,7,7,3,0,0,7,3,0.5714
2,116.0000,6,2,460.2282,-87.3638,-0.5590,30,0.7500,0.4000,5,8,7,0,0,8,7,0.1250
2,116.0000,6,9,537.6184,-88.0642,-0.0735,18,0.4500,0.6667,6,8,8,0,0,8,8,0.0000
2,116.0000,6,13,592.3672,-88.3318,0.5530,5,0.1250,1.0000,8,6,6,0,0,6,6,0.0000
2,116.0000,7,2,686.5249,-89.1403,0.0094,4,0.1000,1.0000,110,0,0,6,6,6,6,0.0000
2,116.0000,7,4,100.5444,-80.8222,2.4529,38,0.9500,0.0000,4,4,0,0,0,4,0,1.0000
2,116.0000,7,5,506.4348,-88.3605,0.6500,9,0.2250,1.0000,6,6,4,0,0,6,4,0.3333
2,116.0000,7,9,372.6486,-87.3068,0.0701,23,0.5750,0.2500,4,7,6,94,83,101,89,0.1188
2,116.0000,8,1,462.6784,-87.2436,-0.1159,28,0.6829,0.4000,5,8,8,0,0,8,8,0.0000
2,116.0000,8,2,396.6400,-87.6818,0.2969,19,0.4634,0.7143,7,5,1,0,0,5,1,0.8000
2,116.0000,8,3,493.4266,-87.0250,-0.3445,21,0.5122,0.7143,7,7,6,0,0,7,6,0.1429
2,116.0000,8,13,410.4397,-88.2084,0.1260,19,0.4634,0.6667,6,5,2,0,0,5,2,0.6000
2,116.0000,9,0,607.6319,-87.7814,-0.6485,4,0.1000,0.8571,7,6,6,0,0,6,6,0.0000
2,116.0000,9,2,603.8745,-89.0296,-0.0306,10,0.2500,1.0000,8,6,6,0,0,6,6,0.0000
2,116.0000,9,4,469.5296,-89.3787,0.2958,5,0.1250,0.6667,3,4,0,0,0,4,0,1.0000
2,116.0000,9,6,537.6184,-88.5736,-0.0697,16,0.4000,1.0000,8,8,8,0,0,8,8,0.0000
2,116.0000,9,7,372.6486,-87.4519,-0.2268,26,0.6500,0.6667,6,7,5,52,41,59,46,0.2203
2,116.0000,10,5,683.2693,-89.6244,-0.2065,3,0.0732,1.0000,8,2,2,0,0,2,2,0.0000
2,116.0000,10,12,559.8126,-89.0229,0.0011,14,0.3415,1.0000,8,8,8,0,0,8,8,0.0000
2,116.0000,10,14,115.0436,-78.9053,1.4360,41,1.0000,0.0000,56,4,0,52,0,56,0,1.0000
2,116.0000,11,5,560.6713,-88.1201,-0.8659,14,0.3500,0.7500,8,8,8,0,0,8,8,0.0000
2,116.0000,12,10,559.8126,-89.0513,-0.0014,12,0.3000,0.7143,7,8,8,0,0,8,8,0.0000
2,116.0000,12,14,641.3109,-88.2079,-0.7795,8,0.2000,1.0000,8,4,4,0,0,4,4,0.0000
2,116.0000,13,2,181.9160,-83.3169,1.1850,38,0.9500,0.0968,62,4,0,52,0,56,0,1.0000
2,116.0000,13,6,592.3672,-89.1820,-0.4268,7,0.1750,1.0000,6,8,8,0,0,8,8,0.0000
2,116.0000,13,8,410.4397,-88.3057,0.5306,15,0.3750,0.8571,7,5,2,0,0,5,2,0.6000
2,116.0000,14,10,115.0436,-78.4871,0.8940,41,1.0000,0.0000,4,4,0,0,0,4,0,1.0000
2,116.0000,14,12,641.3109,-88.4506,0.4087,6,0.1463,0.8750,8,8,8,0,0,8,8,0.0000
2,120.0000,0,2,568.2120,-88.7262,-0.9917,4,0.1000,1.0000,8,6,6,0,0,6,6,0.0000
2,120.0000,0,6,426.1033,-87.5311,0.0523,29,0.7250,0.7143,7,7,6,0,0,7,6,0.1429
2,120.0000,0,9,641.9582,-88.8470,0.4075,4,0.1000,1.0000,4,8,8,0,0,8,8,0.0000
2,120.0000,1,3,183.7515,-81.4127,0.1168,40,1.0000,0.0000,4,4,0,0,0,4,0,1.0000
2,120.0000,1,8,605.3677,-89.1674,-0.0199,10,0.2500,0.8571,7,6,6,0,0,6,6,0.0000
2,120.0000,2,0,568.2120,-89.2596,0.4308,5,0.1250,1.0000,8,8,8,0,0,8,8,0.0000
2,120.0000,2,6,575.5306,-88.5566,0.0638,14,0.3500,1.0000,8,6,6,4,4,10,10,0.0000
2,120.0000,2,8,257.8705,-85.6836,0.1415,34,0.8500,0.5000,6,4,0,0,0,4,0,1.0000
2,120.0000,2,13,117.6876,-78.5668,1.0715,40,1.0000,0.0000,4,4,0,0,0,4,0,1.0000
2,120.0000,3,1,183.7515,-81.6343,0.5073,40,1.0000,0.0000,4,4,0,0,0,4,0,1.0000
2,120.0000,3,8,610.6355,-88.7891,-0.4068,13,0.3250,1.0000,50,8,8,104,104,112,112,0.0000
2,120.0000,4,5,453.1888,-88.2895,0.2155,24,0.6000,0.6667,6,8,7,0,0,8,7,0.1250
2,120.0000,4,7,128.2928,-72.0403,-0.4830,40,1.0000,0.0000,4,4,0,0,0,4,0,1.0000
2,120.0000,4,9,291.4765,-87.4889,0.6642,29,0.7250,0.5000,6,4,0,0,0,4,0,1.0000
2,120.0000,5,4,453.1888,-88.4128,0.2006,16,0.3902,0.6667,6,7,5,0,0,7,5,0.2857
2,120.0000,5,7,369.9732,-87.5210,-0.3037,18,0.4390,0.7500,8,5,1,0,0,5,1,0.8000
2,120.0000,5,9,606.9757,-88.7659,1.1607,3,0.0732,,0,8,8,0,0,8,8,0.0000
2,120.0000,5,11,506.5425,-88.2230,-0.1096,6,0.1463,0.8571,7,6,6,0,0,6,6,0.0000
2,120.0000,6,0,426.1033,-87.9333,-0.0468,22,0.5641,0.4286,7,8,6,0,0,8,6,0.2500
2,120.0000,6,2,575.5306,-88.8942,-0.3741,9,0.2308,0.8750,8,8,8,0,0,8,8,0.0000
2,120.0000,6,9,682.5595,-88.5837,-0.8797,4,0.1026,1.0000,8,2,2,0,0,2,2,0.0000
2,120.0000,6,13,651.4587,-89.0138,-0.5390,3,0.0769,1.0000,6,6,6,0,0,6,6,0.0000
2,120.0000,7,4,128.2928,-72.2473,-0.8469,40,1.0000,0.0000,4,4,0,0,0,4,0,1.0000
2,120.0000,7,5,369.9732,-87.4195,0.8481,25,0.6250,0.6667,6,6,3,0,0,6,3,0.5000
2,120.0000,7,9,389.1110,-87.2211,-0.0512,32,0.8000,0.8812,101,7,5,8,7,15,12,0.2000
2,120.0000,8,1,605.3677,-89.1869,-0.0781,10,0.2500,1.0000,8,8,8,0,0,8,8,0.0000
2,120.0000,8,2,257.8705,-86.6562,0.6373,31,0.7750,0.2000,5,4,0,0,0,4,0,1.0000
2,120.0000,8,3,610.6355,-88.9640,-0.0800,10,0.2500,0.8571,7,4,4,0,0,4,4,0.0000
2,120.0000,8,13,299.5070,-86.6308,0.0045,25,0.6250,0.4000,5,4,0,5,0,9,0,1.0000
2,120.0000,9,2,735.1192,-89.6041,-0.0979,3,0.0750,1.0000,6,4,4,0,0,4,4,0.0000
2,120.0000,9,4,291.4765,-86.0841,0.3988,30,0.7500,0.0000,4,4,0,0,0,4,0,1.0000
2,120.0000,9,6,682.5595,-87.9300,-0.7395,4,0.1000,1.0000,8,6,6,2,2,8,8,0.0000
2,120.0000,9,7,389.1110,-87.0682,0.2255,31,0.7750,0.7797,59,6,3,2,1,8,4,0.5000
2,120.0000,10,12,695.2104,-89.1707,-0.2689,6,0.1500,1.0000,8,5,4,0,0,5,4,0.2000
2,120.0000,10,14,96.0783,-74.4942,0.5696,40,1.0000,0.0000,56,4,0,52,0,56,0,1.0000
2,120.0000,11,5,506.5425,-88.7567,-0.0323,15,0.3750,1.0000,8,8,8,0,0,8,8,0.0000
2,120.0000,12,5,698.8999,-89.1695,0.5444,3,0.0750,1.0000,4,2,2,0,0,2,2,0.0000
2,120.0000,13,2,117.6876,-79.1466,1.0231,39,0.9750,0.0000,56,4,0,31,0,35,0,1.0000
2,120.0000,13,8,299.5070,-87.5767,-0.1502,30,0.7500,0.4000,5,4,0,0,0,4,0,1.0000
2,120.0000,14,10,96.0783,-74.7799,0.7471,40,1.0000,0.0000,4,4,0,0,0,4,0,1.0000
2,120.0000,14,12,672.2683,-89.0016,0.0279,4,0.1000,1.0000,8,8,8,0,0,8,8,0.0000
2,124.0000,0,2,562.2123,-88.5954,-0.2134,7,0.1750,1.0000,6,8,8,0,0,8,8,0.0000
2,124.0000,0,6,448.6585,-87.7311,-0.2341,22,0.5500,0.8571,7,7,6,0,0,7,6,0.1429
2,124.0000,0,9,683.8894,-89.0956,-0.3052,6,0.1500,1.0000,8,2,2,0,0,2,2,0.0000
2,124.0000,0,13,595.2188,-88.6274,-0.2112,4,0.1000,1.0000,8,7,6,0,0,7,6,0.1429
2,124.0000,1,3,186.7004,-81.1858,0.0725,40,1.0000,0.0000,4,4,0,0,0,4,0,1.0000
2,124.0000,1,8,769.1586,-89.0108,0.3031,6,0.1500,1.0000,6,4,4,0,0,4,4,0.0000
2,124.0000,2,0,562.2123,-89.1892,-0.4137,5,0.1250,1.0000,8,8,8,0,0,8,8,0.0000
2,124.0000,2,8,172.6446,-82.2389,0.8422,40,1.0000,0.0000,4,4,0,0,0,4,0,1.0000
2,124.0000,2,13,53.3411,-73.4930,1.6563,40,1.0000,0.0000,4,4,0,0,0,4,0,1.0000
2,124.0000,3,1,186.7004,-81.3798,-0.0987,40,1.0000,0.0000,4,4,0,0,0,4,0,1.0000
2,124.0000,4,0,595.6452,-87.9418,-0.3467,3,0.0750,1.0000,4,8,8,0,0,8,8,0.0000
2,124.0000,4,5,458.6240,-88.3321,-0.3371,20,0.5000,0.8750,8,8,7,0,0,8,7,0.1250
2,124.0000,4,7,325.5828,-82.8133,-1.9970,39,0.9750,0.0000,4,7,5,0,0,7,5,0.2857
2,124.0000,4,9,216.1394,-84.0622,0.9635,40,1.0000,0.0000,4,4,0,0,0,4,0,1.0000
2,124.0000,5,4,458.6240,-87.6918,0.0760,20,0.5128,0.7143,7,6,4,0,0,6,4,0.3333
2,124.0000,5,7,299.1391,-86.2919,0.3566,33,0.8462,0.2000,5,4,0,0,0,4,0,1.0000
2,124.0000,5,9,419.8540,-88.3372,0.6499,12,0.3077,1.0000,8,6,2,0,0,6,2,0.6667
2,124.0000,5,11,437.4966,-87.8312,0.1021,21,0.5385,1.0000,6,6,2,0,0,6,2,0.6667
2,124.0000,5,12,713.5665,-89.6658,0.0412,3,0.0769,1.0000,4,6,6,0,0,6,6,0.0000
2,124.0000,6,0,448.6585,-87.0910,-0.6045,22,0.5500,0.7500,8,8,8,0,0,8,8,0.0000
2,124.0000,7,4,325.5828,-83.0693,-2.0093,40,1.0000,0.0000,4,7,5,0,0,7,5,0.2857
2,124.0000,7,5,299.1391,-85.5873,0.2646,33,0.8250,0.5000,6,4,0,0,0,4,0,1.0000
2,124.0000,7,9,431.1102,-88.0495,-0.4832,26,0.6500,0.8000,15,8,7,0,0,8,7,0.1250
2,124.0000,7,11,433.5569,-88.6458,-0.0792,10,0.2500,1.0000,6,7,5,0,0,7,5,0.2857
2,124.0000,8,0,555.5484,-89.3229,0.7983,3,0.0750,1.0000,4,8,7,0,0,8,7,0.1250
2,124.0000,8,2,172.6446,-82.1227,1.0156,40,1.0000,0.0000,4,4,0,0,0,4,0,1.0000
2,124.0000,8,3,697.2273,-89.7440,-0.0836,3,0.0750,1.0000,4,8,8,0,0,8,8,0.0000
2,124.0000,8,13,217.3793,-83.4268,0.6763,38,0.9500,0.0000,9,5,0,0,0,5,0,1.0000
2,124.0000,9,0,683.8894,-89.6074,0.0912,3,0.0750,1.0000,8,6,6,0,0,6,6,0.0000
2,124.0000,9,4,216.1394,-83.7914,0.6280,40,1.0000,0.0000,4,4,0,0,0,4,0,1.0000
2,124.0000,9,5,419.8540,-88.5343,0.2072,13,0.3250,0.8750,8,5,2,0,0,5,2,0.6000
2,124.0000,9,7,431.1102,-87.3820,0.2913,23,0.5750,0.5000,8,8,7,0,0,8,7,0.1250
2,124.0000,10,14,123.5799,-76.0775,-1.1977,39,1.0000,0.0000,56,4,0,53,1,57,1,0.9825
2,124.0000,11,5,437.4966,-87.8423,0.3541,17,0.4250,1.0000,8,6,2,0,0,6,2,0.6667
2,124.0000,11,7,433.5569,-88.4240,0.4157,15,0.3750,1.0000,6,6,3,0,0,6,3,0.5000
2,124.0000,12,14,651.9622,-88.9857,0.2477,4,0.1000,1.0000,6,2,2,0,0,2,2,0.0000
2,124.0000,13,0,595.2188,-88.8183,-0.0956,5,0.1250,1.0000,8,8,8,0,0,8,8,0.0000
2,124.0000,13,2,53.3411,-73.0040,2.2356,40,1.0000,0.0000,35,4,0,0,0,4,0,1.0000
2,124.0000,13,8,217.3793,-84.1966,0.6838,40,1.0000,0.0000,4,4,0,0,0,4,0,1.0000
2,124.0000,14,10,123.5799,-75.8387,-0.6917,39,1.0000,0.0000,4,4,0,0,0,4,0,1.0000
2,128.0000,0,2,570.2785,-89.1833,-0.0533,5,0.1250,1.0000,8,8,8,0,0,8,8,0.0000
2,128.0000,0,4,450.4889,-88.8888,-0.0611,16,0.4000,1.0000,8,6,2,0,0,6,2,0.6667
2,128.0000,0,6,475.6587,-88.5778,0.0073,16,0.4000,0.8571,7,8,8,0,0,8,8,0.0000
2,128.0000,0,8,439.6559,-88.6780,-0.0476,13,0.3250,0.8750,8,7,3,0,0,7,3,0.5714
2,128.0000,0,13,544.0616,-88.8541,0.0116,13,0.3250,0.8571,7,8,8,0,0,8,8,0.0000
2,128.0000,1,3,214.2234,-82.0639,-0.6568,40,1.0000,0.0000,4,4,0,0,0,4,0,1.0000
2,128.0000,2,0,570.2785,-88.8342,0.0606,6,0.1500,1.0000,8,7,6,0,0,7,6,0.1429
2,128.0000,2,8,185.8540,-80.5928,0.1229,40,1.0000,0.0000,4,4,0,0,0,4,0,1.0000
2,128.0000,2,13,83.8675,-71.1888,-0.9774,40,1.0000,0.0000,4,4,0,0,0,4,0,1.0000
2,128.0000,3,1,214.2234,-82.2909,0.1489,40,1.0000,0.0000,4,4,0,0,0,4,0,1.0000
2,128.0000,4,0,450.4889,-88.2829,0.1020,14,0.3500,1.0000,8,5,2,0,0,5,2,0.6000
2,128.0000,4,5,444.7251,-87.6851,-0.3632,18,0.4500,0.8750,8,8,6,0,0,8,6,0.2500
2,128.0000,4,7,529.7605,-87.2545,-0.8053,23,0.5750,0.7143,7,7,6,0,0,7,6,0.1429
2,128.0000,4,9,285.8624,-83.7212,-0.7512,40,1.0000,0.0000,4,7,5,0,0,7,5,0.2857
2,128.0000,5,4,444.7251,-88.2215,-0.1360,17,0.4146,0.6667,6,8,7,0,0,8,7,0.1250
2,128.0000,5,7,293.6443,-85.3421,0.2139,38,0.9268,0.0000,4,6,3,0,0,6,3,0.5000
2,128.0000,5,9,254.3051,-85.7018,1.0239,25,0.6098,0.3333,6,4,0,0,0,4,0,1.0000
2,128.0000,5,11,381.6957,-86.5617,0.3658,25,0.6098,0.3333,6,4,0,0,0,4,0,1.0000
2,128.0000,6,0,475.6587,-88.1396,-0.0230,19,0.4750,1.0000,8,8,8,0,0,8,8,0.0000
2,128.0000,6,8,698.9252,-88.8174,-0.6519,3,0.0750,,0,6,6,0,0,6,6,0.0000
2,128.0000,7,4,529.7605,-87.4361,-0.6784,22,0.5500,0.7143,7,6,6,0,0,6,6,0.0000
2,128.0000,7,5,293.6443,-85.7342,0.2379,38,0.9500,0.0000,4,5,1,0,0,5,1,0.8000
2,128.0000,7,9,488.9354,-87.7237,0.1844,14,0.3500,0.8750,8,7,6,0,0,7,6,0.1429
2,128.0000,7,11,295.4858,-86.8190,0.4883,34,0.8500,0.7143,7,4,0,0,0,4,0,1.0000
2,128.0000,8,0,439.6559,-87.4339,0.2087,7,0.1750,0.8750,8,6,2,0,0,6,2,0.6667
2,128.0000,8,2,185.8540,-80.4905,-0.5514,39,0.9750,0.0000,4,4,0,0,0,4,0,1.0000
2,128.0000,8,13,212.8780,-82.9283,-0.0056,39,0.9750,0.0000,5,4,0,0,0,4,0,1.0000
2,128.0000,9,4,285.8624,-83.5855,-0.8844,40,1.0000,0.0000,4,6,3,0,0,6,3,0.5000
2,128.0000,9,5,254.3051,-86.1369,0.5988,36,0.9000,0.4000,5,4,0,0,0,4,0,1.0000
2,128.0000,9,7,488.9354,-88.5159,0.0762,23,0.5750,0.8750,8,8,8,0,0,8,8,0.0000
2,128.0000,10,14,173.6730,-78.9929,-1.0892,40,1.0000,0.0175,57,4,0,52,0,56,0,1.0000
2,128.0000,11,5,381.6957,-87.4161,0.2602,25,0.6250,0.3333,6,6,3,0,0,6,3,0.5000
2,128.0000,11,7,295.4858,-86.7068,0.9461,30,0.7500,0.5000,6,4,0,0,0,4,0,1.0000
2,128.0000,13,0,544.0616,-88.7027,0.0303,8,0.2000,1.0000,8,6,5,0,0,6,5,0.1667
2,128.0000,13,2,83.8675,-70.0307,-1.2219,40,1.0000,0.0000,4,4,0,0,0,4,0,1.0000
2,128.0000,13,8,212.8780,-81.9395,-0.0500,40,1.0000,0.0000,4,4,0,0,0,4,0,1.0000
2,128.0000,14,10,173.6730,-78.8291,-0.2961,39,0.9750,0.0000,4,4,0,0,0,4,0,1.0000
2,132.0000,0,2,587.9904,-88.5001,0.3153,6,0.1500,1.0000,8,8,8,0,0,8,8,0.0000
2,132.0000,0,4,313.3197,-87.3315,0.7690,32,0.8000,0.3333,6,4,0,0,0,4,0,1.0000
2,132.0000,0,6,502.3509,-88.7028,0.3278,15,0.3750,1.0000,8,8,8,0,0,8,8,0.0000
2,132.0000,0,8,330.2075,-87.1596,0.4359,32,0.8000,0.4286,7,4,0,0,0,4,0,1.0000
2,132.0000,0,13,543.5177,-89.2505,0.0306,7,0.1750,1.0000,8,8,7,0,0,8,7,0.1250
2,132.0000,1,2,530.9900,-88.2596,-0.2629,6,0.1500,1.0000,6,8,7,0,0,8,7,0.1250
2,132.0000,1,3,253.4363,-83.6798,-0.8726,40,1.0000,0.0000,4,4,0,0,0,4,0,1.0000
2,132.0000,1,13,473.8397,-87.9719,0.6838,10,0.2500,1.0000,4,6,4,0,0,6,4,0.3333
2,132.0000,2,0,587.9904,-89.2989,0.2058,9,0.2250,0.8571,7,7,6,0,0,7,6,0.1429
2,132.0000,2,1,530.9900,-88.9477,0.5194,4,0.1000,1.0000,6,6,2,0,0,6,2,0.6667
2,132.0000,2,3,622.3741,-89.4847,-0.1786,3,0.0750,1.0000,8,6,6,0,0,6,6,0.0000
2,132.0000,2,8,286.6641,-83.0858,-1.0122,39,0.9750,0.0000,4,6,2,0,0,6,2,0.6667
2,132.0000,2,13,147.6870,-76.5471,-1.5744,39,0.9750,0.0000,4,4,0,0,0,4,0,1.0000
2,132.0000,3,1,253.4363,-83.7339,-0.4647,41,1.0000,0.0000,4,4,0,0,0,4,0,1.0000
2,132.0000,3,2,622.3741,-89.0471,-0.0105,5,0.1220,1.0000,8,8,8,0,0,8,8,0.0000
2,132.0000,3,13,546.8823,-89.0697,0.0222,7,0.1707,1.0000,4,8,7,93,78,101,85,0.1584
2,132.0000,4,0,313.3197,-87.0621,0.4506,32,0.8000,0.4000,5,4,0,0,0,4,0,1.0000
2,132.0000,4,5,475.8316,-88.6375,-0.0967,23,0.5750,0.7500,8,8,6,0,0,8,6,0.2500
2,132.0000,4,6,597.6132,-89.4296,-0.0520,5,0.1250,,0,8,8,0,0,8,8,0.0000
2,132.0000,4,7,712.5802,-88.3364,0.4914,6,0.1500,0.8571,7,2,2,0,0,2,2,0.0000
2,132.0000,4,8,562.8264,-89.1860,4.0746,3,0.0750,0.8750,8,6,6,0,0,6,6,0.0000
2,132.0000,4,9,472.7943,-86.9519,-1.1798,36,0.9000,0.7143,7,8,8,0,0,8,8,0.0000
2,132.0000,5,4,475.8316,-88.2710,-0.3647,17,0.4359,0.8750,8,8,7,0,0,8,7,0.1250
2,132.0000,5,7,351.4648,-86.6282,-0.6940,33,0.8462,0.5000,6,7,5,0,0,7,5,0.2857
2,132.0000,5,9,193.8001,-82.3109,0.9623,38,0.9744,0.0000,4,4,0,0,0,4,0,1.0000
2,132.0000,5,11,315.1510,-86.7312,0.7193,31,0.7949,0.0000,4,6,3,0,0,6,3,0.5000
2,132.0000,6,0,502.3509,-88.2241,0.0332,18,0.4500,1.0000,8,8,8,0,0,8,8,0.0000
2,132.0000,7,5,351.4648,-85.8841,-0.5089,30,0.7500,0.2000,5,6,3,0,0,6,3,0.5000
2,132.0000,7,9,532.4554,-88.7999,-0.6265,13,0.3250,0.8571,7,8,7,0,0,8,7,0.1250
2,132.0000,7,11,264.7780,-84.8558,-0.0945,39,0.9750,0.0000,4,5,1,0,0,5,1,0.8000
2,132.0000,8,0,330.2075,-87.1613,0.4528,26,0.6500,0.3333,6,4,0,0,0,4,0,1.0000
2,132.0000,8,2,286.6641,-83.0995,-0.7168,39,0.9750,0.0000,4,5,2,0,0,5,2,0.6000
2,132.0000,8,4,562.8264,-88.4519,0.8323,5,0.1250,1.0000,2,6,6,0,0,6,6,0.0000
2,132.0000,8,13,301.0395,-84.5139,-1.0756,40,1.0000,0.0000,4,6,3,0,0,6,3,0.5000
2,132.0000,9,4,472.7943,-86.4536,-0.9919,29,0.7250,0.5000,6,8,8,0,0,8,8,0.0000
2,132.0000,9,5,193.8001,-82.3075,0.9241,40,1.0000,0.0000,4,4,0,0,0,4,0,1.0000
2,132.0000,9,7,532.4554,-88.3758,0.2862,11,0.2750,1.0000,8,8,8,0,0,8,8,0.0000
2,132.0000,9,11,455.2052,-88.9754,-1.0445,6,0.1500,0.8571,7,6,3,0,0,6,3,0.5000
2,132.0000,10,14,216.6248,-81.9653,-0.6775,40,1.0000,0.0000,56,4,0,52,0,56,0,1.0000
2,132.0000,11,5,315.1510,-86.4986,0.7509,35,0.8750,0.5000,6,5,1,0,0,5,1,0.8000
2,132.0000,11,7,264.7780,-84.6067,-0.0724,39,0.9750,0.0000,4,5,2,0,0,5,2,0.6000
2,132.0000,11,9,455.2052,-88.5897,0.4121,9,0.2250,1.0000,8,5,2,0,0,5,2,0.6000
2,132.0000,12,11,598.7544,-89.5367,-0.1457,4,0.1000,1.0000,4,8,8,0,0,8,8,0.0000
2,132.0000,13,0,543.5177,-89.4609,0.1058,11,0.2750,0.8333,6,8,8,0,0,8,8,0.0000
2,132.0000,13,1,473.8397,-88.3464,-0.0755,11,0.2750,1.0000,8,7,4,0,0,7,4,0.4286
2,132.0000,13,2,147.6870,-76.3004,-1.3772,40,1.0000,0.0000,4,4,0,0,0,4,0,1.0000
2,132.0000,13,3,546.8823,-89.0431,-0.7132,6,0.1500,1.0000,8,7,5,0,0,7,5,0.2857
2,132.0000,13,8,301.0395,-84.4786,-0.4872,39,0.9750,0.0000,4,5,2,0,0,5,2,0.6000
2,132.0000,14,10,216.6248,-82.4910,-0.5242,40,1.0000,0.0000,4,4,0,0,0,4,0,1.0000
2,136.0000,0,2,618.9272,-89.3822,0.2804,6,0.1500,1.0000,8,8,8,0,0,8,8,0.0000
2,136.0000,0,4,276.2798,-85.0368,0.6169,39,0.9750,0.0000,4,5,2,0,0,5,2,0.6000
2,136.0000,0,6,540.9692,-88.9901,-0.1833,10,0.2500,1.0000,8,8,8,0,0,8,8,0.0000
2,136.0000,0,8,220.4114,-84.5485,1.0767,38,0.9500,0.0000,4,4,0,0,0,4,0,1.0000
2,136.0000,0,13,587.5535,-88.9858,0.1046,5,0.1250,0.8750,8,8,8,0,0,8,8,0.0000
2,136.0000,1,2,410.2235,-88.4785,0.0327,19,0.4750,0.8750,8,5,2,0,0,5,2,0.6000
2,136.0000,1,3,291.9321,-85.2942,-1.0567,38,0.9500,0.0000,4,5,2,0,0,5,2,0.6000
2,136.0000,1,13,319.9179,-87.1874,1.1955,25,0.6250,0.6667,6,5,1,0,0,5,1,0.8000
2,136.0000,2,0,618.9272,-88.6069,1.3189,4,0.1000,0.8571,7,8,8,0,0,8,8,0.0000
2,136.0000,2,1,410.2235,-88.6120,-0.1673,15,0.3750,0.3333,6,6,3,0,0,6,3,0.5000
2,136.0000,2,3,571.6804,-88.6546,0.4186,5,0.1250,1.0000,6,8,8,0,0,8,8,0.0000
2,136.0000,2,8,411.7544,-86.1895,-0.8110,30,0.7500,0.3333,6,8,6,0,0,8,6,0.2500
2,136.0000,2,13,218.6137,-81.5092,-0.9025,37,0.9250,0.0000,4,5,1,0,0,5,1,0.8000
2,136.0000,3,1,291.9321,-85.0008,-0.1607,40,1.0000,0.0000,4,4,0,0,0,4,0,1.0000
2,136.0000,3,13,428.7952,-88.3488,0.3384,15,0.3750,0.8416,101,5,2,72,30,77,32,0.5844
2,136.0000,4,0,276.2798,-84.6695,0.1639,38,0.9500,0.0000,4,5,2,0,0,5,2,0.6000
2,136.0000,4,5,505.7583,-88.6477,0.3097,18,0.4500,0.7500,8,8,8,0,0,8,8,0.0000
2,136.0000,4,6,541.7689,-88.1404,0.5392,10,0.2500,1.0000,8,8,8,0,0,8,8,0.0000
2,136.0000,4,8,483.5910,-88.6592,-0.0672,13,0.3250,1.0000,6,10,8,0,0,10,8,0.2000
2,136.0000,4,9,675.4145,-88.7712,-0.5654,11,0.2750,1.0000,8,4,4,0,0,4,4,0.0000
2,136.0000,5,4,505.7583,-88.4676,-0.1858,22,0.5500,0.8750,8,8,7,0,0,8,7,0.1250
2,136.0000,5,7,471.2792,-87.4243,-0.9097,25,0.6250,0.7143,7,6,5,0,0,6,5,0.1667
2,136.0000,5,9,305.1709,-83.4391,-1.5480,38,0.9500,0.0000,4,8,5,0,0,8,5,0.3750
2,136.0000,5,11,287.7476,-85.9878,0.1989,36,0.9000,0.5000,6,5,1,0,0,5,1,0.8000
2,136.0000,6,0,540.9692,-88.1893,-0.2421,8,0.2000,1.0000,8,8,8,0,0,8,8,0.0000
2,136.0000,6,4,541.7689,-88.8120,-0.0607,5,0.1250,1.0000,8,8,8,0,0,8,8,0.0000
2,136.0000,6,8,558.6876,-88.9178,0.6564,7,0.1750,1.0000,8,8,8,0,0,8,8,0.0000
2,136.0000,6,13,489.6675,-88.6647,0.8291,8,0.2000,0.7143,7,7,6,0,0,7,6,0.1429
2,136.0000,7,5,471.2792,-87.2564,-0.4943,20,0.5000,0.5000,6,8,8,0,0,8,8,0.0000
2,136.0000,7,9,610.7212,-89.0668,-0.0726,9,0.2250,0.8750,8,8,8,0,0,8,8,0.0000
2,136.0000,7,11,347.3995,-85.3503,-0.9678,35,0.8750,0.2000,5,8,7,0,0,8,7,0.1250
2,136.0000,7,12,435.3721,-88.3601,0.4956,13,0.3250,0.6667,6,4,0,0,0,4,0,1.0000
2,136.0000,8,0,220.4114,-85.1853,0.4428,39,0.9750,0.0000,4,4,0,0,0,4,0,1.0000
2,136.0000,8,2,411.7544,-86.9914,-0.8798,35,0.8750,0.4000,5,7,6,0,0,7,6,0.1429
2,136.0000,8,4,483.5910,-88.4328,0.0948,15,0.3750,1.0000,6,8,7,0,0,8,7,0.1250
2,136.0000,8,6,558.6876,-89.2530,-0.3261,3,0.0750,0.8750,8,8,8,0,0,8,8,0.0000
2,136.0000,8,13,417.5272,-86.6042,-0.3157,30,0.7500,0.5000,6,5,4,0,0,5,4,0.2000
2,136.0000,9,4,675.4145,-87.8768,-0.9841,7,0.1750,1.0000,8,6,6,0,0,6,6,0.0000
2,136.0000,9,5,305.1709,-83.5856,-1.1224,39,0.9750,0.0000,4,5,2,0,0,5,2,0.6000
2,136.0000,9,7,610.7212,-89.0328,-0.0100,12,0.3000,1.0000,8,4,4,0,0,4,4,0.0000
2,136.0000,9,11,345.6951,-87.6222,0.1936,31,0.7750,0.5000,6,7,4,0,0,7,4,0.4286
2,136.0000,10,14,252.6331,-83.8228,-0.5136,40,1.0000,0.0000,56,4,0,55,4,59,4,0.9322
2,136.0000,11,5,287.7476,-85.4718,0.1265,35,0.8750,0.2000,5,4,0,0,0,4,0,1.0000
2,136.0000,11,7,347.3995,-85.9796,-0.1059,38,0.9500,0.4000,5,6,3,0,0,6,3,0.5000
2,136.0000,11,9,345.6951,-87.3065,0.4082,26,0.6500,0.4000,5,6,2,0,0,6,2,0.6667
2,136.0000,11,12,602.2343,-89.1284,-0.1080,5,0.1250,1.0000,8,8,8,0,0,8,8,0.0000
2,136.0000,12,7,435.3721,-88.8261,0.2751,16,0.4000,0.8571,7,5,1,0,0,5,1,0.8000
2,136.0000,12,11,602.2343,-88.9665,-0.7936,4,0.1000,1.0000,8,8,8,0,0,8,8,0.0000
2,136.0000,13,0,587.5535,-88.7182,-0.5165,11,0.2750,1.0000,8,6,6,0,0,6,6,0.0000
2,136.0000,13,1,319.9179,-87.3703,0.4225,24,0.6000,0.5714,7,5,2,0,0,5,2,0.6000
2,136.0000,13,2,218.6137,-80.8074,-0.7952,40,1.0000,0.0000,4,5,1,0,0,5,1,0.8000
2,136.0000,13,3,428.7952,-88.4238,0.7466,13,0.3250,0.7143,7,8,5,0,0,8,5,0.3750
2,136.0000,13,6,489.6675,-88.3560,0.0410,12,0.3000,1.0000,8,7,5,0,0,7,5,0.2857
2,136.0000,13,8,417.5272,-86.4561,-0.1549,33,0.8250,0.4000,5,6,4,0,0,6,4,0.3333
2,136.0000,14,10,252.6331,-83.8613,-0.3392,40,1.0000,0.0000,4,4,0,0,0,4,0,1.0000
2,136.0000,14,12,639.0390,-89.0143,-0.6121,3,0.0750,,0,6,6,0,0,6,6,0.0000
2,140.0000,0,2,642.2806,-88.8001,0.4253,3,0.0732,1.0000,8,6,6,0,0,6,6,0.0000
2,140.0000,0,4,403.9558,-86.1364,-0.3163,28,0.6829,0.4000,5,8,8,0,0,8,8,0.0000
2,140.0000,0,5,464.0855,-89.0163,0.1409,8,0.1951,1.0000,8,7,5,37,27,44,32,0.2727
2,140.0000,0,6,567.0014,-88.8358,-0.2816,7,0.1707,1.0000,8,8,8,0,0,8,8,0.0000
2,140.0000,0,8,102.0214,-79.1243,1.6935,39,0.9512,0.0000,4,4,0,0,0,4,0,1.0000
2,140.0000,1,2,307.2866,-86.7833,0.5628,33,0.8250,0.4000,5,4,0,0,0,4,0,1.0000
2,140.0000,1,3,350.0986,-85.8670,0.0147,34,0.8500,0.4000,5,5,1,0,0,5,1,0.8000
2,140.0000,1,13,222.8487,-84.5827,0.7494,37,0.9250,0.2000,5,4,0,0,0,4,0,1.0000
2,140.0000,2,0,642.2806,-89.3795,-0.7169,3,0.0750,1.0000,8,8,8,0,0,8,8,0.0000
2,140.0000,2,1,307.2866,-86.8963,0.6438,28,0.7000,0.5000,6,5,2,0,0,5,2,0.6000
2,140.0000,2,3,539.5239,-88.5422,0.2911,5,0.1250,1.0000,8,7,6,0,0,7,6,0.1429
2,140.0000,2,6,636.7470,-89.5160,-0.0356,3,0.0750,1.0000,4,4,4,0,0,4,4,0.0000
2,140.0000,2,8,556.2223,-88.6100,-0.7444,10,0.2500,0.7500,8,6,5,0,0,6,5,0.1667
2,140.0000,2,13,293.0966,-83.9463,-0.9373,40,1.0000,0.2000,5,6,4,0,0,6,4,0.3333
2,140.0000,3,1,350.0986,-86.6924,-0.4872,31,0.7750,0.0000,4,5,1,0,0,5,1,0.8000
2,140.0000,3,2,539.5239,-89.0952,0.0136,6,0.1500,0.6667,6,8,8,0,0,8,8,0.0000
2,140.0000,3,6,644.3238,-89.2549,-0.6311,3,0.0750,1.0000,2,8,8,0,0,8,8,0.0000
2,140.0000,3,13,308.4047,-87.5909,0.4656,25,0.6250,0.4156,77,4,0,56,4,60,4,0.9333
2,140.0000,4,0,403.9558,-86.0369,-0.8500,34,0.8500,0.4000,5,7,4,0,0,7,4,0.4286
2,140.0000,4,5,550.5597,-88.1020,0.5418,10,0.2500,1.0000,8,8,8,0,0,8,8,0.0000
2,140.0000,4,6,547.7156,-88.6840,0.1273,10,0.2500,1.0000,8,8,8,0,0,8,8,0.0000
2,140.0000,4,8,465.4719,-88.7121,0.3642,15,0.3750,0.8000,10,6,5,0,0,6,5,0.1667
2,140.0000,5,0,464.0855,-88.6487,-0.0895,9,0.2250,0.8750,8,6,4,0,0,6,4,0.3333
2,140.0000,5,4,550.5597,-87.9923,0.3013,8,0.2000,0.8750,8,8,8,0,0,8,8,0.0000
2,140.0000,5,7,611.5685,-88.3514,-0.9044,14,0.3500,0.8333,6,6,6,0,0,6,6,0.0000
2,140.0000,5,9,461.8023,-86.8069,-0.5666,34,0.8500,0.6250,8,8,8,0,0,8,8,0.0000
2,140.0000,5,11,288.8301,-84.6338,0.1365,40,1.0000,0.2000,5,4,0,18,2,22,2,0.9091
2,140.0000,6,0,567.0014,-88.8605,0.7176,13,0.3250,1.0000,8,8,8,0,0,8,8,0.0000
2,140.0000,6,4,547.7156,-89.1938,-0.0302,7,0.1750,1.0000,8,7,6,0,0,7,6,0.1429
2,140.0000,6,8,541.6160,-88.5748,-0.1374,7,0.1750,1.0000,8,8,8,0,0,8,8,0.0000
2,140.0000,6,13,447.9920,-88.2690,0.3210,14,0.3500,0.8571,7,8,7,0,0,8,7,0.1250
2,140.0000,7,5,611.5685,-88.2390,-0.0515,7,0.1750,1.0000,8,6,6,0,0,6,6,0.0000
2,140.0000,7,11,510.2383,-87.4011,-0.6575,25,0.6250,0.8750,8,8,8,0,0,8,8,0.0000
2,140.0000,7,12,332.8957,-86.7886,0.3110,31,0.7750,0.0000,4,4,0,0,0,4,0,1.0000
2,140.0000,8,0,102.0214,-79.0751,2.2084,40,0.9756,0.0000,4,4,0,0,0,4,0,1.0000
2,140.0000,8,2,556.2223,-88.3314,-0.4898,12,0.2927,0.8571,7,8,8,0,0,8,8,0.0000
2,140.0000,8,4,465.4719,-87.5321,0.2072,20,0.4878,0.8750,8,8,7,0,0,8,7,0.1250
2,140.0000,8,5,551.6651,-89.4334,0.2914,6,0.1463,1.0000,2,8,8,0,0,8,8,0.0000
2,140.0000,8,6,541.6160,-88.8304,-0.0783,6,0.1463,1.0000,8,8,8,0,0,8,8,0.0000
2,140.0000,8,13,559.0160,-88.1398,-0.1468,11,0.2683,0.8000,5,10,10,0,0,10,10,0.0000
2,140.0000,9,5,461.8023,-87.1257,-0.8134,31,0.7750,0.4000,5,8,8,0,0,8,8,0.0000
2,140.0000,9,7,664.8445,-89.3713,0.0124,7,0.1750,1.0000,4,2,2,0,0,2,2,0.0000
2,140.0000,9,11,292.0038,-85.9258,0.0016,36,0.9000,0.5714,7,6,3,0,0,6,3,0.5000
2,140.0000,9,12,649.7189,-88.4476,-0.0518,3,0.0750,,0,8,8,0,0,8,8,0.0000
2,140.0000,10,14,270.3356,-84.5743,-0.1190,40,1.0000,0.0678,59,5,1,55,5,60,6,0.9000
2,140.0000,11,5,288.8301,-85.3218,-0.0042,39,0.9750,0.0000,4,4,0,0,0,4,0,1.0000
2,140.0000,11,7,510.2383,-87.0673,-0.6075,24,0.6000,0.5000,6,8,8,0,0,8,8,0.0000
2,140.0000,11,9,292.0038,-86.0089,0.5711,37,0.9250,0.3333,6,6,3,0,0,6,3,0.5000
2,140.0000,11,12,642.0475,-88.4546,0.1246,4,0.1000,1.0000,8,2,2,0,0,2,2,0.0000
2,140.0000,12,7,332.8957,-86.9604,0.4459,22,0.5500,0.2000,5,4,0,0,0,4,0,1.0000
2,140.0000,12,11,642.0475,-89.3113,0.0339,3,0.0750,1.0000,8,6,6,0,0,6,6,0.0000
2,140.0000,13,0,645.9371,-89.1390,-0.1697,4,0.1000,1.0000,6,8,8,0,0,8,8,0.0000
2,140.0000,13,1,222.8487,-84.5635,0.5993,40,1.0000,0.4000,5,4,0,0,0,4,0,1.0000
2,140.0000,13,2,293.0966,-84.7701,-0.3839,38,0.9500,0.2000,5,7,3,0,0,7,3,0.5714
2,140.0000,13,3,308.4047,-87.0181,1.1454,27,0.6750,0.6250,8,4,0,0,0,4,0,1.0000
2,140.0000,13,6,447.9920,-88.0974,-0.2163,22,0.5500,0.7143,7,6,4,0,0,6,4,0.3333
2,140.0000,13,8,559.0160,-88.1592,-0.4610,10,0.2500,0.6667,6,8,8,0,0,8,8,0.0000
2,140.0000,14,10,270.3356,-84.4388,-0.0009,41,1.0000,0.0000,4,5,1,0,0,5,1,0.8000
2,144.0000,0,2,680.0409,-89.0839,0.3290,3,0.0750,1.0000,6,2,2,0,0,2,2,0.0000
2,144.0000,0,4,463.6721,-88.0299,-0.2790,20,0.5000,1.0000,8,8,7,0,0,8,7,0.1250
2,144.0000,0,5,369.0289,-87.9117,0.0908,24,0.6000,0.7273,44,5,2,91,64,96,66,0.3125
2,144.0000,0,6,603.3483,-88.8460,-0.0704,6,0.1500,1.0000,8,8,8,0,0,8,8,0.0000
2,144.0000,0,8,115.1781,-74.7829,-0.2376,39,0.9750,0.0000,4,4,0,0,0,4,0,1.0000
2,144.0000,1,2,232.1513,-84.9108,0.3812,40,1.0000,0.0000,4,4,0,0,0,4,0,1.0000
2,144.0000,1,3,407.7250,-86.8447,-0.6941,29,0.7250,0.2000,5,7,6,0,0,7,6,0.1429
2,144.0000,1,6,491.9223,-88.7042,0.3433,9,0.2250,0.8571,7,8,7,0,0,8,7,0.1250
2,144.0000,1,13,222.5877,-82.8332,-0.1330,40,1.0000,0.0000,4,4,0,0,0,4,0,1.0000
2,144.0000,2,1,232.1513,-85.4850,0.6102,35,0.8974,0.4000,5,4,0,0,0,4,0,1.0000
2,144.0000,2,3,540.8138,-88.6042,-0.3969,11,0.2821,0.8571,7,8,8,0,0,8,8,0.0000
2,144.0000,2,6,615.8537,-89.2800,0.0713,5,0.1282,1.0000,4,7,6,0,0,7,6,0.1429
2,144.0000,2,13,367.7119,-86.3236,-0.7393,33,0.8462,0.6667,6,4,0,0,0,4,0,1.0000
2,144.0000,3,1,407.7250,-87.2088,-0.4076,24,0.6000,0.2000,5,7,6,0,0,7,6,0.1429
2,144.0000,3,2,540.8138,-88.9616,-0.1355,8,0.2000,1.0000,8,7,6,0,0,7,6,0.1429
2,144.0000,3,6,561.1919,-88.7543,-0.5803,4,0.1000,1.0000,8,8,8,0,0,8,8,0.0000
2,144.0000,3,13,206.3056,-83.7522,0.7660,37,0.9250,0.0667,60,4,0,61,9,65,9,0.8615
2,144.0000,4,0,463.6721,-87.7048,-0.4709,20,0.5000,0.5714,7,8,7,0,0,8,7,0.1250
2,144.0000,4,5,522.9728,-88.4715,0.4711,6,0.1500,1.0000,8,6,6,0,0,6,6,0.0000
2,144.0000,4,6,521.5832,-88.1032,-0.0862,8,0.2000,1.0000,8,7,6,0,0,7,6,0.1429
2,144.0000,4,8,378.9808,-87.8372,-0.0880,28,0.7000,0.8333,6,7,5,0,0,7,5,0.2857
2,144.0000,5,0,369.0289,-87.6209,0.4277,27,0.6750,0.6667,6,5,2,0,0,5,2,0.6000
2,144.0000,5,4,522.9728,-88.2735,0.0855,11,0.2750,1.0000,8,8,8,0,0,8,8,0.0000
2,144.0000,5,8,426.8740,-88.5832,0.2723,19,0.4750,1.0000,8,6,2,0,0,6,2,0.6667
2,144.0000,5,9,632.7107,-89.0509,-0.1787,12,0.3000,1.0000,8,2,2,0,0,2,2,0.0000
2,144.0000,5,11,295.5754,-85.3320,-0.0226,39,0.9750,0.0909,22,5,1,55,15,60,16,0.7333
2,144.0000,6,0,603.3483,-88.8085,-0.2249,7,0.1750,1.0000,8,8,8,0,0,8,8,0.0000
2,144.0000,6,1,491.9223,-88.3484,0.0943,12,0.3000,1.0000,8,6,3,0,0,6,3,0.5000
2,144.0000,6,2,615.8537,-89.5046,0.5931,3,0.0750,1.0000,8,4,4,0,0,4,4,0.0000
2,144.0000,6,3,561.1919,-88.9072,0.4302,4,0.1000,1.0000,6,7,6,0,0,7,6,0.1429
2,144.0000,6,4,521.5832,-88.5188,0.0464,10,0.2500,0.8571,7,6,4,0,0,6,4,0.3333
2,144.0000,6,8,573.5390,-89.0031,-0.2087,10,0.2500,1.0000,8,7,6,0,0,7,6,0.1429
2,144.0000,6,13,433.3186,-88.3293,0.1783,20,0.5000,0.8750,8,6,4,92,87,98,91,0.0714
2,144.0000,7,12,289.5399,-86.1893,0.5357,34,0.8500,0.0000,4,6,2,0,0,6,2,0.6667
2,144.0000,8,0,115.1781,-74.5570,-0.2547,40,1.0000,0.0000,4,4,0,0,0,4,0,1.0000
2,144.0000,8,4,378.9808,-87.6776,0.7622,21,0.5250,0.8750,8,6,3,0,0,6,3,0.5000
2,144.0000,8,5,426.8740,-88.5902,0.5837,15,0.3750,1.0000,8,6,3,0,0,6,3,0.5000
2,144.0000,8,6,573.5390,-89.0868,-0.2018,8,0.2000,1.0000,8,8,8,0,0,8,8,0.0000
2,144.0000,9,5,632.7107,-88.0184,0.1372,10,0.2500,1.0000,8,4,4,0,0,4,4,0.0000
2,144.0000,9,11,392.6874,-86.7264,-0.0418,31,0.7750,0.5000,6,7,6,0,0,7,6,0.1429
2,144.0000,10,14,337.0913,-85.8796,-0.6864,36,0.9000,0.1000,60,8,6,83,50,91,56,0.3846
2,144.0000,11,5,295.5754,-85.8888,-0.0113,39,0.9512,0.0000,4,5,1,0,0,5,1,0.8000
2,144.0000,11,9,392.6874,-85.9224,-0.4460,36,0.8780,0.5000,6,8,8,0,0,8,8,0.0000
2,144.0000,12,7,289.5399,-86.2585,-0.1160,38,0.9500,0.0000,4,5,1,0,0,5,1,0.8000
2,144.0000,12,14,687.2279,-88.9186,-0.8309,4,0.1000,1.0000,6,8,8,0,0,8,8,0.0000
2,144.0000,13,1,222.5877,-81.8929,0.2213,40,1.0000,0.0000,4,4,0,0,0,4,0,1.0000
2,144.0000,13,2,367.7119,-86.5998,-0.7881,32,0.8000,0.4286,7,7,6,0,0,7,6,0.1429
2,144.0000,13,3,206.3056,-84.4920,0.5049,38,0.9500,0.0000,4,4,0,9,0,13,0,1.0000
2,144.0000,13,6,433.3186,-87.8210,-0.1511,26,0.6500,0.6667,6,8,8,0,0,8,8,0.0000
2,144.0000,13,8,706.2763,-88.7187,-0.0581,3,0.0750,1.0000,8,4,4,0,0,4,4,0.0000
2,144.0000,14,9,559.3906,-89.5424,-0.0048,6,0.1500,1.0000,8,8,8,0,0,8,8,0.0000
2,144.0000,14,10,337.0913,-85.2759,-0.5066,38,0.9500,0.2000,5,6,2,0,0,6,2,0.6667
2,144.0000,14,12,687.2279,-88.9993,0.0702,5,0.1250,1.0000,8,6,6,0,0,6,6,0.0000
2,148.0000,0,4,551.0869,-88.5620,-0.1268,13,0.3250,0.8750,8,8,7,0,0,8,7,0.1250
2,148.0000,0,5,333.5691,-86.3750,-0.1732,35,0.8750,0.6875,96,5,1,97,79,102,80,0.2157
2,148.0000,0,6,663.2606,-88.9001,0.0401,4,0.1000,1.0000,8,2,2,0,0,2,2,0.0000
2,148.0000,0,8,198.2616,-79.9332,-1.1863,40,1.0000,0.0000,4,4,0,0,0,4,0,1.0000
2,148.0000,0,11,592.0863,-88.5570,-0.0814,5,0.1250,1.0000,4,8,8,0,0,8,8,0.0000
2,148.0000,1,2,222.8065,-82.8076,-0.2396,40,1.0000,0.0000,4,5,2,20,4,25,6,0.7600
2,148.0000,1,3,464.8030,-87.7325,-0.2893,30,0.7500,0.8571,7,8,8,31,29,39,37,0.0513
2,148.0000,1,6,374.9872,-88.1879,0.5320,24,0.6000,0.8750,8,5,1,0,0,5,1,0.8000
2,148.0000,1,13,328.1945,-84.8009,-0.9197,37,0.9250,0.0000,4,5,2,0,0,5,2,0.6000
2,148.0000,2,1,222.8065,-82.7096,-0.2291,37,0.9024,0.0000,4,4,0,0,0,4,0,1.0000
2,148.0000,2,3,551.7569,-88.8635,-0.3314,9,0.2195,1.0000,8,8,8,32,31,40,39,0.0250
2,148.0000,2,13,426.7407,-86.8126,-0.4563,24,0.5854,0.0000,4,6,4,0,0,6,4,0.3333
2,148.0000,3,1,464.8030,-87.7607,0.7895,24,0.6000,0.8571,7,7,6,0,0,7,6,0.1429
2,148.0000,3,2,551.7569,-88.6912,-0.0289,9,0.2250,0.8571,7,7,6,0,0,7,6,0.1429
2,148.0000,3,4,681.6120,-89.4300,0.6660,3,0.0750,,0,7,6,0,0,7,6,0.1429
2,148.0000,3,6,478.9439,-87.7798,0.4183,12,0.3000,1.0000,8,7,5,0,0,7,5,0.2857
2,148.0000,3,13,158.1104,-81.1641,0.6563,39,0.9750,0.1385,65,4,0,64,17,68,17,0.7500
2,148.0000,4,0,551.0869,-88.5211,-0.3152,13,0.3250,0.8750,8,6,5,0,0,6,5,0.1667
2,148.0000,4,5,491.6808,-88.4948,0.3523,9,0.2250,1.0000,6,7,3,0,0,7,3,0.5714
2,148.0000,4,6,506.0186,-88.9418,0.2544,9,0.2250,0.8571,7,8,7,0,0,8,7,0.1250
2,148.0000,4,8,402.8950,-86.8537,-0.5044,29,0.7250,0.7143,7,6,4,0,0,6,4,0.3333
2,148.0000,5,0,333.5691,-86.8851,0.1793,29,0.7250,0.4000,5,4,0,0,0,4,0,1.0000
2,148.0000,5,4,491.6808,-88.1768,0.8270,10,0.2500,1.0000,8,8,8,0,0,8,8,0.0000
2,148.0000,5,8,315.9799,-87.2678,0.0031,24,0.6000,0.3333,6,4,0,0,0,4,0,1.0000
2,148.0000,5,11,311.4164,-85.5925,-0.0201,33,0.8250,0.2667,60,5,2,64,43,69,45,0.3478
2,148.0000,6,0,663.2606,-88.8778,-0.2462,5,0.1250,1.0000,8,8,8,0,0,8,8,0.0000
2,148.0000,6,1,374.9872,-87.9115,0.2495,20,0.5000,0.5000,6,4,0,87,71,91,71,0.2198
2,148.0000,6,2,587.0957,-89.2354,-0.4362,4,0.1000,1.0000,4,7,6,0,0,7,6,0.1429
2,148.0000,6,3,478.9439,-88.1527,0.4675,9,0.2250,0.8571,7,6,4,0,0,6,4,0.3333
2,148.0000,6,4,506.0186,-87.9156,-0.5663,8,0.2000,0.6667,6,8,8,0,0,8,8,0.0000
2,148.0000,6,8,665.9332,-89.1144,-0.0292,6,0.1500,0.8571,7,2,2,0,0,2,2,0.0000
2,148.0000,6,13,423.9235,-87.7733,0.0325,23,0.5750,0.9286,98,7,6,11,10,18,16,0.1111
2,148.0000,7,12,335.1182,-85.7599,-0.5336,38,0.9268,0.3333,6,6,3,0,0,6,3,0.5000
2,148.0000,8,0,198.2616,-79.4141,-1.3744,39,0.9750,0.0000,4,4,0,0,0,4,0,1.0000
2,148.0000,8,4,402.8950,-87.2114,-0.0391,30,0.7500,0.5000,6,8,8,0,0,8,8,0.0000
2,148.0000,8,5,315.9799,-86.7681,-0.2320,31,0.7750,0.5000,6,4,0,0,0,4,0,1.0000
2,148.0000,8,6,665.9332,-88.2154,0.7323,3,0.0750,1.0000,8,6,6,0,0,6,6,0.0000
2,148.0000,8,11,597.6124,-89.4789,-0.1793,3,0.0750,1.0000,4,5,4,0,0,5,4,0.2000
2,148.0000,9,11,554.1873,-88.4617,-0.1868,15,0.3750,0.8571,7,8,7,0,0,8,7,0.1250
2,148.0000,9,14,501.4614,-88.0976,-0.2188,7,0.1750,0.5000,6,6,4,0,0,6,4,0.3333
2,148.0000,10,14,419.5021,-86.8892,-0.2622,29,0.7250,0.6154,91,7,4,96,79,103,83,0.1942
2,148.0000,11,0,592.0863,-89.2765,0.8370,4,0.1000,1.0000,8,8,8,0,0,8,8,0.0000
2,148.0000,11,5,311.4164,-86.5086,0.0597,30,0.7500,0.2000,5,5,1,0,0,5,1,0.8000
2,148.0000,11,8,597.6124,-89.6352,0.0495,4,0.1000,1.0000,8,6,6,0,0,6,6,0.0000
2,148.0000,11,9,554.1873,-87.7299,-0.0022,17,0.4250,1.0000,8,8,8,0,0,8,8,0.0000
2,148.0000,12,7,335.1182,-85.9289,-0.3233,32,0.8000,0.2000,5,4,0,0,0,4,0,1.0000
2,148.0000,13,1,328.1945,-84.5399,-1.2896,40,1.0000,0.0000,4,7,5,0,0,7,5,0.2857
2,148.0000,13,2,426.7407,-87.9870,-0.1045,23,0.5750,0.8571,7,7,4,0,0,7,4,0.4286
2,148.0000,13,3,158.1104,-80.7943,0.3384,40,1.0000,0.0000,13,5,2,3,0,8,2,0.7500
2,148.0000,13,6,423.9235,-87.0842,0.4571,23,0.5750,1.0000,8,8,8,0,0,8,8,0.0000
2,148.0000,14,9,501.4614,-88.3123,0.3302,15,0.3846,1.0000,8,8,8,0,0,8,8,0.0000
2,148.0000,14,10,419.5021,-87.4815,-0.7042,29,0.7436,0.3333,6,7,4,0,0,7,4,0.4286
2,152.0000,0,1,641.7815,-89.0758,1.0873,3,0.0750,1.0000,2,8,8,0,0,8,8,0.0000
2,152.0000,0,4,648.8653,-89.2977,-0.0555,6,0.1500,0.8750,8,6,6,0,0,6,6,0.0000
2,152.0000,0,5,368.7941,-86.2144,-0.1759,27,0.6750,0.7843,102,5,2,103,99,108,101,0.0648
2,152.0000,0,8,298.6779,-84.3942,-1.0231,38,0.9500,0.0000,4,7,5,0,0,7,5,0.2857
2,152.0000,0,11,604.7727,-89.2818,-0.2143,7,0.1750,1.0000,8,7,6,0,0,7,6,0.1429
2,152.0000,0,12,515.7076,-88.4847,-0.5400,3,0.0750,1.0000,8,7,5,0,0,7,5,0.2857
2,152.0000,1,2,244.2977,-83.3380,0.2653,39,0.9750,0.2400,25,5,2,3,0,8,2,0.7500
2,152.0000,1,3,534.9390,-88.5366,0.0300,16,0.4000,0.9487,39,8,8,0,0,8,8,0.0000
2,152.0000,1,6,299.3792,-85.8383,0.2945,31,0.7750,0.2000,5,5,1,0,0,5,1,0.8000
2,152.0000,1,13,493.4190,-86.9168,-0.3473,20,0.5000,0.4000,5,8,8,0,0,8,8,0.0000
2,152.0000,2,1,244.2977,-82.7912,-0.2514,36,0.9000,0.0000,4,4,0,0,0,4,0,1.0000
2,152.0000,2,3,513.4921,-88.3324,-0.2221,11,0.2750,0.9750,40,7,6,6,5,13,11,0.1538
2,152.0000,2,6,487.0985,-88.3741,0.4458,9,0.2250,0.8750,8,8,6,0,0,8,6,0.2500
2,152.0000,2,13,435.3069,-87.4360,0.0214,24,0.6000,0.6667,6,6,3,0,0,6,3,0.5000
2,152.0000,3,1,534.9390,-87.9046,-0.3616,14,0.3500,0.8571,7,8,8,0,0,8,8,0.0000
2,152.0000,3,2,513.4921,-88.5950,-0.3014,11,0.2750,0.8571,7,6,4,0,0,6,4,0.3333
2,152.0000,3,6,454.8625,-88.1556,-0.2581,18,0.4500,0.7143,7,7,6,0,0,7,6,0.1429
2,152.0000,3,13,193.5991,-80.0638,-0.9728,40,1.0000,0.2500,68,4,0,75,31,79,31,0.6076
2,152.0000,4,0,648.8653,-88.8110,0.4135,5,0.1250,0.8333,6,8,8,0,0,8,8,0.0000
2,152.0000,4,3,498.2166,-88.4162,0.3243,7,0.1750,0.8750,8,7,5,0,0,7,5,0.2857
2,152.0000,4,5,450.7276,-88.2439,-0.0932,19,0.4750,0.4286,7,7,5,0,0,7,5,0.2857
2,152.0000,4,6,493.9542,-88.9092,0.2531,18,0.4500,0.8750,8,7,5,0,0,7,5,0.2857
2,152.0000,4,8,499.1214,-88.0136,-0.2107,17,0.4250,0.6667,6,8,8,0,0,8,8,0.0000
2,152.0000,5,0,368.7941,-86.4987,-0.1085,28,0.7000,0.0000,4,8,5,0,0,8,5,0.3750
2,152.0000,5,4,450.7276,-88.3789,-0.1096,19,0.4750,1.0000,8,7,6,0,0,7,6,0.1429
2,152.0000,5,6,619.7544,-89.4350,-0.0165,3,0.0750,1.0000,2,6,6,0,0,6,6,0.0000
2,152.0000,5,8,273.6566,-84.9230,0.2110,37,0.9250,0.0000,4,5,1,0,0,5,1,0.8000
2,152.0000,5,11,370.4663,-86.4447,-0.7562,33,0.8250,0.6522,69,5,1,40,32,45,33,0.2667
2,152.0000,6,1,299.3792,-86.2829,0.2762,33,0.8049,0.7802,91,4,0,5,3,9,3,0.6667
2,152.0000,6,2,487.0985,-88.9693,-0.6139,5,0.1220,0.8571,7,8,8,0,0,8,8,0.0000
2,152.0000,6,3,454.8625,-88.6366,0.0477,17,0.4146,0.6667,6,8,7,0,0,8,7,0.1250
2,152.0000,6,4,493.9542,-88.6690,-0.2642,10,0.2439,1.0000,8,8,6,0,0,8,6,0.2500
2,152.0000,6,13,456.8459,-87.0666,-0.0741,14,0.3415,0.8889,18,7,5,98,95,105,100,0.0476
2,152.0000,7,12,377.3049,-86.7576,-0.4566,34,0.8718,0.5000,6,5,1,0,0,5,1,0.8000
2,152.0000,7,14,473.9324,-88.4123,-0.1882,15,0.3846,1.0000,8,7,5,0,0,7,5,0.2857
2,152.0000,8,0,298.6779,-84.2536,-0.7526,39,0.9750,0.0000,4,5,2,0,0,5,2,0.6000
2,152.0000,8,4,499.1214,-88.5235,-0.0593,24,0.6000,1.0000,8,8,8,0,0,8,8,0.0000
2,152.0000,8,5,273.6566,-84.9940,0.2331,39,0.9750,0.0000,4,4,0,0,0,4,0,1.0000
2,152.0000,8,11,516.5089,-88.6445,0.1004,8,0.2000,0.8000,5,8,7,0,0,8,7,0.1250
2,152.0000,9,11,721.1264,-89.2509,-0.0364,4,0.1000,0.8750,8,2,2,0,0,2,2,0.0000
2,152.0000,9,14,524.4872,-88.5199,-0.4246,12,0.3000,0.6667,6,8,8,0,0,8,8,0.0000
2,152.0000,10,14,486.4088,-88.2403,0.0366,22,0.5500,0.8058,103,8,7,7,6,15,13,0.1333
2,152.0000,11,0,604.7727,-89.5289,-0.1439,8,0.2000,1.0000,8,8,8,0,0,8,8,0.0000
2,152.0000,11,5,370.4663,-86.5120,-0.7790,32,0.8000,0.2000,5,7,3,0,0,7,3,0.5714
2,152.0000,11,8,516.5089,-88.4312,0.1629,5,0.1250,1.0000,6,8,8,0,0,8,8,0.0000
2,152.0000,12,0,515.7076,-88.5529,0.5064,5,0.1250,1.0000,2,8,6,0,0,8,6,0.2500
2,152.0000,12,7,377.3049,-86.4995,-0.2270,33,0.8250,0.0000,4,5,2,0,0,5,2,0.6000
2,152.0000,13,1,493.4190,-86.9366,-1.2064,18,0.4500,0.7143,7,7,6,0,0,7,6,0.1429
2,152.0000,13,2,435.3069,-88.0403,-0.0843,21,0.5250,0.5714,7,7,6,0,0,7,6,0.1429
2,152.0000,13,3,193.5991,-80.2903,-0.1671,39,0.9750,0.2500,8,3,0,9,0,12,0,1.0000
2,152.0000,13,6,456.8459,-87.7584,-0.1844,15,0.3750,1.0000,8,8,8,0,0,8,8,0.0000
2,152.0000,14,7,473.9324,-88.6704,-0.2455,11,0.2683,1.0000,8,7,6,0,0,7,6,0.1429
2,152.0000,14,9,524.4872,-88.6339,-0.0840,15,0.3659,1.0000,8,8,8,0,0,8,8,0.0000
2,152.0000,14,10,486.4088,-87.7874,-0.2887,26,0.6341,0.5714,7,7,5,0,0,7,5,0.2857
2,156.0000,0,1,585.1840,-89.0381,-0.8978,4,0.1000,1.0000,8,7,6,0,0,7,6,0.1429
2,156.0000,0,5,471.3875,-87.3897,0.0432,22,0.5500,0.9352,108,8,8,104,103,112,111,0.0089
2,156.0000,0,8,408.2530,-86.5765,-1.3592,34,0.8500,0.7143,7,7,6,0,0,7,6,0.1429
2,156.0000,0,12,403.8417,-88.3762,0.3717,23,0.5750,0.7143,7,5,1,0,0,5,1,0.8000
2,156.0000,1,0,585.1840,-88.2262,0.5277,5,0.1282,1.0000,6,8,8,0,0,8,8,0.0000
2,156.0000,1,2,320.0667,-84.8103,-0.7032,38,0.9744,0.2500,8,8,6,0,0,8,6,0.2500
2,156.0000,1,3,591.5830,-88.6328,0.0884,10,0.2564,1.0000,8,6,6,0,0,6,6,0.0000
2,156.0000,1,4,648.4622,-88.7605,-0.2953,5,0.1282,1.0000,6,8,8,0,0,8,8,0.0000
2,156.0000,1,6,293.9159,-85.2985,0.0696,39,1.0000,0.2000,5,4,1,0,0,4,1,0.7500
2,156.0000,1,13,672.0224,-88.4283,-0.6300,6,0.1538,1.0000,8,4,4,0,0,4,4,0.0000
2,156.0000,2,1,320.0667,-85.7491,-0.7099,37,0.9250,0.0000,4,7,5,0,0,7,5,0.2857
2,156.0000,2,3,453.5724,-88.3502,0.0915,26,0.6500,0.8462,13,7,5,0,0,7,5,0.2857
2,156.0000,2,4,665.5550,-89.7001,0.0776,4,0.1000,,0,6,6,0,0,6,6,0.0000
2,156.0000,2,6,398.5530,-87.6915,-0.1239,18,0.4500,0.7500,8,7,4,0,0,7,4,0.4286
2,156.0000,2,13,450.0961,-87.8034,0.1217,22,0.5500,0.5000,6,8,8,0,0,8,8,0.0000
2,156.0000,3,1,591.5830,-88.6110,-0.1726,7,0.1750,1.0000,8,8,8,0,0,8,8,0.0000
2,156.0000,3,2,453.5724,-88.5190,0.1116,14,0.3500,0.6667,6,7,5,0,0,7,5,0.2857
2,156.0000,3,4,329.3705,-87.3676,0.4832,21,0.5250,0.7143,7,4,0,0,0,4,0,1.0000
2,156.0000,3,6,455.1344,-88.4704,-0.1040,17,0.4250,0.8571,7,8,6,0,0,8,6,0.2500
2,156.0000,3,13,284.7012,-83.1887,-1.0709,39,0.9750,0.3924,79,5,1,94,73,99,74,0.2525
2,156.0000,4,3,329.3705,-87.5884,0.8314,27,0.6750,0.7143,7,4,0,0,0,4,0,1.0000
2,156.0000,4,5,442.7471,-88.0873,-0.0791,20,0.5000,0.7143,7,7,6,0,0,7,6,0.1429
2,156.0000,4,6,508.3838,-88.2808,0.1581,8,0.2000,0.7143,7,8,7,0,0,8,7,0.1250
2,156.0000,4,8,659.2214,-89.3512,-0.2054,10,0.2500,1.0000,8,6,6,0,0,6,6,0.0000
2,156.0000,4,13,594.0916,-88.8815,-0.1485,4,0.1000,1.0000,8,8,8,0,0,8,8,0.0000
2,156.0000,5,0,471.3875,-87.2339,-0.5095,17,0.4359,0.6250,8,8,8,0,0,8,8,0.0000
2,156.0000,5,1,630.3291,-89.4201,0.2595,3,0.0769,1.0000,4,4,4,0,0,4,4,0.0000
2,156.0000,5,4,442.7471,-87.9023,-0.2950,20,0.5128,0.8571,7,7,5,0,0,7,5,0.2857
2,156.0000,5,6,616.7728,-89.0101,0.0044,4,0.1026,1.0000,6,8,8,0,0,8,8,0.0000
2,156.0000,5,8,338.9700,-85.6680,-0.8944,33,0.8462,0.2000,5,8,7,0,0,8,7,0.1250
2,156.0000,5,11,439.8812,-87.7240,-0.5519,24,0.6154,0.7333,45,7,6,10,7,17,13,0.2353
2,156.0000,6,1,293.9159,-85.6236,-0.2565,33,0.8250,0.3333,9,6,3,0,0,6,3,0.5000
2,156.0000,6,2,398.5530,-87.4970,0.8111,19,0.4750,1.0000,8,6,2,0,0,6,2,0.6667
2,156.0000,6,3,455.1344,-87.4744,-0.3496,16,0.4000,0.8750,8,8,7,0,0,8,7,0.1250
2,156.0000,6,4,508.3838,-88.4552,0.4503,14,0.3500,0.7500,8,6,6,0,0,6,6,0.0000
2,156.0000,6,13,515.5067,-88.4487,0.0444,13,0.3250,0.9524,105,8,8,104,103,112,111,0.0089
2,156.0000,7,9,642.0386,-89.0575,0.2291,3,0.0750,1.0000,2,8,8,0,0,8,8,0.0000
2,156.0000,7,12,468.9002,-87.5499,-0.4295,24,0.6000,0.2000,5,8,8,0,0,8,8,0.0000
2,156.0000,7,14,423.4214,-87.8905,0.0742,14,0.3500,0.7143,7,6,4,0,0,6,4,0.3333
2,156.0000,8,0,408.2530,-86.4412,-0.1968,33,0.8250,0.4000,5,7,6,0,0,7,6,0.1429
2,156.0000,8,4,659.2214,-88.3425,0.0242,9,0.2250,1.0000,8,8,8,0,0,8,8,0.0000
2,156.0000,8,5,338.9700,-85.6231,-0.4580,34,0.8500,0.0000,4,6,4,0,0,6,4,0.3333
2,156.0000,8,11,467.0750,-88.0804,-0.2260,20,0.5000,0.8750,8,7,4,0,0,7,4,0.4286
2,156.0000,9,7,642.0386,-89.2074,0.1579,3,0.0750,1.0000,8,8,8,0,0,8,8,0.0000
2,156.0000,9,14,563.8929,-88.6057,0.1768,6,0.1500,1.0000,8,8,8,0,0,8,8,0.0000
2,156.0000,10,14,475.9440,-88.1739,-0.4163,13,0.3250,0.8667,15,7,4,0,0,7,4,0.4286
2,156.0000,11,0,688.5202,-88.3754,-0.3998,4,0.1000,1.0000,8,2,2,0,0,2,2,0.0000
2,156.0000,11,5,439.8812,-86.6183,-0.3931,23,0.5750,0.4286,7,7,5,0,0,7,5,0.2857
2,156.0000,11,8,467.0750,-88.8670,-0.1586,20,0.5000,1.0000,8,6,4,0,0,6,4,0.3333
2,156.0000,12,0,403.8417,-88.0589,0.2273,20,0.5000,0.7500,8,5,2,0,0,5,2,0.6000
2,156.0000,12,7,468.9002,-87.9553,-0.1031,24,0.6000,0.4000,5,8,8,0,0,8,8,0.0000
2,156.0000,13,2,450.0961,-87.6871,0.4663,17,0.4359,0.8571,7,6,4,0,0,6,4,0.3333
2,156.0000,13,3,284.7012,-83.8303,-1.0813,38,0.9744,0.0000,12,6,3,4,2,10,5,0.5000
2,156.0000,13,4,594.0916,-89.2010,-0.0252,8,0.2051,1.0000,4,6,6,0,0,6,6,0.0000
2,156.0000,13,6,515.5067,-88.7979,-0.0134,19,0.4872,1.0000,8,8,8,0,0,8,8,0.0000
2,156.0000,14,7,423.4214,-88.0143,-0.1096,25,0.6250,0.8571,7,7,6,0,0,7,6,0.1429
2,156.0000,14,9,563.8929,-88.7340,-0.5384,8,0.2000,1.0000,8,8,8,0,0,8,8,0.0000
2,156.0000,14,10,475.9440,-88.1282,0.1490,19,0.4750,0.7143,7,6,2,0,0,6,2,0.6667
2,160.0000,0,1,517.0285,-88.5249,0.1369,13,0.3250,0.8571,7,7,6,0,0,7,6,0.1429
2,160.0000,0,5,609.3085,-88.2142,-0.6797,6,0.1500,0.9911,112,6,6,8,8,14,14,0.0000
2,160.0000,0,7,624.1551,-89.5028,-0.2647,8,0.2000,1.0000,8,8,8,0,0,8,8,0.0000
2,160.0000,0,8,529.6872,-87.8031,-0.2165,20,0.5000,0.8571,7,8,8,48,48,56,56,0.0000
2,160.0000,0,12,282.2799,-86.2181,0.7492,34,0.8500,0.2000,5,4,0,0,0,4,0,1.0000
2,160.0000,1,0,517.0285,-88.9210,-0.4749,6,0.1463,1.0000,8,8,7,0,0,8,7,0.1250
2,160.0000,1,2,462.3476,-87.1095,-0.3908,19,0.4634,0.7500,8,8,8,3,2,11,10,0.0909
2,160.0000,1,3,660.0427,-88.7008,-0.6447,4,0.0976,1.0000,6,4,4,0,0,4,4,0.0000
2,160.0000,1,6,342.1475,-84.9851,-0.1725,33,0.8049,0.2500,4,6,2,0,0,6,2,0.6667
2,160.0000,2,1,462.3476,-86.7702,-1.1309,27,0.6750,0.7143,7,7,5,0,0,7,5,0.2857
2,160.0000,2,3,419.7784,-87.9946,-0.3527,21,0.5250,0.7143,7,5,2,0,0,5,2,0.6000
2,160.0000,2,4,553.4156,-88.7402,0.6380,5,0.1250,1.0000,6,6,4,0,0,6,4,0.3333
2,160.0000,2,6,357.6284,-87.0302,0.3059,27,0.6750,0.5714,7,5,1,3,2,8,3,0.6250
2,160.0000,2,13,442.5456,-87.9306,0.1176,20,0.5000,1.0000,8,7,6,0,0,7,6,0.1429
2,160.0000,3,2,419.7784,-87.8014,0.3218,22,0.5500,0.7143,7,7,5,0,0,7,5,0.2857
2,160.0000,3,4,164.6428,-83.3991,1.5595,38,0.9500,0.0000,4,4,0,0,0,4,0,1.0000
2,160.0000,3,6,502.1094,-88.6291,-0.0734,20,0.5000,0.7500,8,8,8,0,0,8,8,0.0000
2,160.0000,3,13,416.3281,-86.7187,-0.4704,28,0.7000,0.7475,99,5,2,102,94,107,96,0.1028
2,160.0000,4,2,553.4156,-89.2624,0.1686,5,0.1250,1.0000,8,8,7,0,0,8,7,0.1250
2,160.0000,4,3,164.6428,-83.2130,1.8888,37,0.9250,0.0000,4,4,0,0,0,4,0,1.0000
2,160.0000,4,5,453.1871,-87.6523,0.1909,20,0.5000,0.8571,7,6,5,0,0,6,5,0.1667
2,160.0000,4,6,541.8133,-88.4161,-0.1698,13,0.3250,0.8750,8,8,8,0,0,8,8,0.0000
2,160.0000,4,13,535.7970,-88.5955,-0.0748,6,0.1500,1.0000,8,8,7,0,0,8,7,0.1250
2,160.0000,5,0,609.3085,-88.6661,-0.5476,12,0.3000,1.0000,8,8,8,0,0,8,8,0.0000
2,160.0000,5,3,555.2257,-89.0036,0.9281,5,0.1250,1.0000,4,8,7,0,0,8,7,0.1250
2,160.0000,5,4,453.1871,-88.2588,-0.7871,19,0.4750,0.7143,7,7,5,0,0,7,5,0.2857
2,160.0000,5,8,456.3663,-86.9452,-0.6362,27,0.6750,0.8750,8,8,8,0,0,8,8,0.0000
2,160.0000,5,11,474.3155,-88.0514,-0.0345,17,0.4250,0.7647,17,7,5,0,0,7,5,0.2857
2,160.0000,6,1,342.1475,-85.9980,-0.1371,34,0.8500,0.5000,6,6,4,4,3,10,7,0.3000
2,160.0000,6,2,357.6284,-87.7207,0.4502,32,0.8000,0.3333,6,5,2,0,0,5,2,0.6000
2,160.0000,6,3,502.1094,-87.6974,-0.7163,19,0.4750,0.8750,8,8,8,96,95,104,103,0.0096
2,160.0000,6,4,541.8133,-88.9104,0.1521,12,0.3000,1.0000,6,8,8,0,0,8,8,0.0000
2,160.0000,6,13,591.2374,-89.1303,0.1540,5,0.1250,0.9911,112,8,8,4,4,12,12,0.0000
2,160.0000,7,0,624.1551,-89.5956,0.2132,3,0.0750,1.0000,8,7,6,0,0,7,6,0.1429
2,160.0000,7,9,610.7417,-89.3149,-1.5999,5,0.1250,1.0000,8,8,8,0,0,8,8,0.0000
2,160.0000,7,12,615.1987,-88.4136,-0.2811,9,0.2250,1.0000,8,4,4,0,0,4,4,0.0000
2,160.0000,7,14,428.9134,-87.3792,0.0172,26,0.6500,0.6667,6,5,2,0,0,5,2,0.6000
2,160.0000,8,0,529.6872,-88.2989,0.2195,12,0.3000,0.8571,7,8,8,0,0,8,8,0.0000
2,160.0000,8,5,456.3663,-87.2742,-0.2291,23,0.5750,0.6667,6,8,8,0,0,8,8,0.0000
2,160.0000,8,11,426.5816,-87.8159,0.1462,13,0.3250,0.5714,7,8,6,0,0,8,6,0.2500
2,160.0000,9,7,610.7417,-88.3468,-0.9501,4,0.1000,1.0000,8,8,8,0,0,8,8,0.0000
2,160.0000,9,14,642.8132,-88.1312,-0.5975,7,0.1750,1.0000,8,6,6,0,0,6,6,0.0000
2,160.0000,10,14,447.5669,-87.9633,0.5787,16,0.4000,0.5714,7,7,5,37,31,44,36,0.1818
2,160.0000,11,5,474.3155,-87.6122,0.3398,19,0.4750,0.7143,7,7,6,0,0,7,6,0.1429
2,160.0000,11,8,426.5816,-88.3565,0.5605,18,0.4500,0.6667,6,8,7,0,0,8,7,0.1250
2,160.0000,12,0,282.2799,-85.9778,0.2716,34,0.8500,0.4000,5,4,0,0,0,4,0,1.0000
2,160.0000,12,1,607.4332,-89.7136,0.1623,4,0.1000,1.0000,4,6,6,0,0,6,6,0.0000
2,160.0000,12,7,615.1987,-88.4702,-0.0650,9,0.2250,1.0000,8,6,6,0,0,6,6,0.0000
2,160.0000,13,2,442.5456,-87.2596,-0.0559,18,0.4390,0.6667,6,8,8,0,0,8,8,0.0000
2,160.0000,13,3,416.3281,-86.1617,-0.8354,34,0.8293,0.5000,10,9,7,2,2,11,9,0.1818
2,160.0000,13,4,535.7970,-89.1722,0.4713,4,0.0976,1.0000,6,8,7,0,0,8,7,0.1250
2,160.0000,13,6,591.2374,-88.8806,-0.4398,6,0.1463,1.0000,8,6,6,0,0,6,6,0.0000
2,160.0000,14,7,428.9134,-87.3707,-0.1724,22,0.5500,0.8571,7,7,6,0,0,7,6,0.1429
2,160.0000,14,9,642.8132,-88.2682,-0.5024,3,0.0750,1.0000,8,6,6,0,0,6,6,0.0000
2,160.0000,14,10,447.5669,-88.1767,0.2617,18,0.4500,0.3333,6,8,7,0,0,8,7,0.1250
2,164.0000,0,1,459.3479,-88.1912,0.5065,13,0.3250,0.8571,7,6,4,0,0,6,4,0.3333
2,164.0000,0,7,616.7046,-89.1732,-0.1610,3,0.0750,1.0000,8,6,6,0,0,6,6,0.0000
2,164.0000,0,12,270.6227,-84.9036,0.2635,40,1.0000,0.0000,4,4,0,0,0,4,0,1.0000
2,164.0000,1,0,459.3479,-88.4783,-0.2398,11,0.2750,0.8750,8,8,6,0,0,8,6,0.2500
2,164.0000,1,2,592.4707,-88.1460,-0.3628,11,0.2750,0.9091,11,8,8,0,0,8,8,0.0000
2,164.0000,1,5,640.0544,-89.5152,-0.0536,5,0.1250,1.0000,8,6,6,0,0,6,6,0.0000
2,164.0000,1,6,448.0723,-87.9121,-0.3290,24,0.6000,0.3333,6,8,8,0,0,8,8,0.0000
2,164.0000,1,12,473.3031,-88.2346,-0.9176,11,0.2750,1.0000,8,8,8,0,0,8,8,0.0000
2,164.0000,2,1,592.4707,-88.2297,0.1542,9,0.2308,0.7143,7,5,4,0,0,5,4,0.2000
2,164.0000,2,3,400.4675,-87.9398,0.3329,27,0.6923,0.4000,5,6,4,0,0,6,4,0.3333
2,164.0000,2,4,433.3807,-88.3001,-0.0461,14,0.3590,0.6667,6,5,2,0,0,5,2,0.6000
2,164.0000,2,6,356.3009,-86.8556,0.4040,30,0.7692,0.3750,8,5,1,0,0,5,1,0.8000
2,164.0000,2,13,457.1015,-87.7396,0.1047,22,0.5641,0.8571,7,8,8,0,0,8,8,0.0000
2,164.0000,3,2,400.4675,-87.7349,-0.2770,23,0.5750,0.7143,7,7,4,0,0,7,4,0.4286
2,164.0000,3,4,123.7864,-77.3788,1.1187,40,1.0000,0.0000,4,4,0,30,14,34,14,0.5882
2,164.0000,3,5,428.2016,-88.1338,0.5726,16,0.4000,0.8889,9,5,3,0,0,5,3,0.4000
2,164.0000,3,6,574.0337,-88.7335,-0.0396,13,0.3250,1.0000,8,4,4,0,0,4,4,0.0000
2,164.0000,3,13,551.2913,-87.9118,-0.6264,16,0.4000,0.8972,107,5,4,64,64,69,68,0.0145
2,164.0000,4,2,433.3807,-87.1445,0.0433,9,0.2195,0.8750,8,6,3,0,0,6,3,0.5000
2,164.0000,4,3,123.7864,-77.6886,0.8739,40,0.9756,0.0000,4,4,0,0,0,4,0,1.0000
2,164.0000,4,5,480.5982,-88.1645,-0.1908,19,0.4634,0.8333,6,6,3,0,0,6,3,0.5000
2,164.0000,4,6,575.1508,-88.7349,0.3603,8,0.1951,1.0000,8,6,6,0,0,6,6,0.0000
2,164.0000,4,13,486.0192,-88.9946,0.3412,7,0.1707,0.8750,8,7,5,33,26,40,31,0.2250
2,164.0000,5,1,640.0544,-88.9194,0.0005,4,0.1000,1.0000,6,8,8,0,0,8,8,0.0000
2,164.0000,5,3,428.2016,-88.5457,-0.3191,13,0.3250,0.8750,8,5,2,0,0,5,2,0.6000
2,164.0000,5,4,480.5982,-87.6509,0.0797,16,0.4000,0.7143,7,8,7,0,0,8,7,0.1250
2,164.0000,5,8,585.5506,-88.1854,-0.2510,10,0.2500,1.0000,8,8,8,0,0,8,8,0.0000
2,164.0000,5,11,440.7901,-87.8417,0.1311,19,0.4750,0.7143,7,6,3,0,0,6,3,0.5000
2,164.0000,6,1,448.0723,-86.9199,-0.3384,27,0.6750,0.7000,10,8,7,0,0,8,7,0.1250
2,164.0000,6,2,356.3009,-86.5656,-0.0757,32,0.8000,0.4000,5,7,5,0,0,7,5,0.2857
2,164.0000,6,3,574.0337,-88.4757,-0.6009,11,0.2750,0.9904,104,8,8,104,103,112,111,0.0089
2,164.0000,6,4,575.1508,-89.1946,0.3815,9,0.2250,1.0000,8,8,8,0,0,8,8,0.0000
2,164.0000,6,13,650.2410,-89.3733,-0.0100,4,0.1000,1.0000,12,6,6,0,0,6,6,0.0000
2,164.0000,7,0,616.7046,-89.1501,0.5103,4,0.1000,0.8571,7,8,8,0,0,8,8,0.0000
2,164.0000,7,9,605.9006,-89.3919,0.0422,4,0.1000,1.0000,8,8,8,0,0,8,8,0.0000
2,164.0000,7,14,412.3114,-87.9143,0.3960,22,0.5500,0.4000,5,8,5,0,0,8,5,0.3750
2,164.0000,8,0,655.7448,-88.3172,0.0227,4,0.0976,1.0000,8,6,6,0,0,6,6,0.0000
2,164.0000,8,5,585.5506,-88.3374,-0.4211,12,0.2927,1.0000,8,6,6,0,0,6,6,0.0000
2,164.0000,8,11,424.8908,-87.6180,0.4938,23,0.5610,0.7500,8,7,6,1,0,8,6,0.2500
2,164.0000,9,7,605.9006,-89.4077,-0.2836,3,0.0750,1.0000,8,8,8,0,0,8,8,0.0000
2,164.0000,9,10,713.8266,-89.2718,-1.0836,3,0.0750,1.0000,8,4,4,0,0,4,4,0.0000
2,164.0000,10,9,713.8266,-89.3251,0.4582,3,0.0750,1.0000,4,8,8,0,0,8,8,0.0000
2,164.0000,10,14,427.7813,-87.6665,0.3866,20,0.5000,0.8182,44,5,2,88,66,93,68,0.2688
2,164.0000,11,5,440.7901,-87.9415,-0.0423,20,0.5000,0.8571,7,6,3,0,0,6,3,0.5000
2,164.0000,11,8,424.8908,-87.8470,0.5690,20,0.5000,0.8750,8,6,4,0,0,6,4,0.3333
2,164.0000,12,0,270.6227,-84.2931,-0.2393,37,0.9487,0.0000,4,4,0,0,0,4,0,1.0000
2,164.0000,12,1,473.3031,-88.3552,-0.3448,13,0.3333,1.0000,6,6,4,0,0,6,4,0.3333
2,164.0000,13,2,457.1015,-87.3730,0.1808,20,0.5128,1.0000,8,8,8,0,0,8,8,0.0000
2,164.0000,13,3,551.2913,-87.9748,-0.3020,11,0.2821,0.8182,11,7,6,0,0,7,6,0.1429
2,164.0000,13,4,486.0192,-88.1533,-0.0639,12,0.3077,0.8750,8,8,8,0,0,8,8,0.0000
2,164.0000,13,6,650.2410,-89.0159,-0.0801,3,0.0769,1.0000,6,6,6,0,0,6,6,0.0000
2,164.0000,14,7,412.3114,-87.8188,0.0077,20,0.5128,0.8571,7,5,2,0,0,5,2,0.6000
2,164.0000,14,9,666.3590,-88.7756,-0.1035,3,0.0769,1.0000,6,4,4,0,0,4,4,0.0000
2,164.0000,14,10,427.7813,-87.8493,-0.1222,21,0.5385,0.8750,8,7,5,0,0,7,5,0.2857
2,168.0000,0,1,386.1322,-87.8207,0.2661,19,0.4750,0.6667,6,5,2,0,0,5,2,0.6000
2,168.0000,0,7,662.2594,-88.8265,-0.3812,4,0.1000,1.0000,6,8,8,0,0,8,8,0.0000
2,168.0000,0,12,301.3421,-85.3219,-0.3612,38,0.9500,0.0000,4,4,0,0,0,4,0,1.0000
2,168.0000,1,0,386.1322,-87.7157,-0.0833,24,0.6000,0.7500,8,4,0,0,0,4,0,1.0000
2,168.0000,1,2,731.6119,-88.9228,0.5729,3,0.0750,1.0000,8,2,2,0,0,2,2,0.0000
2,168.0000,1,6,584.6737,-88.8016,-0.0754,13,0.3250,1.0000,8,8,8,0,0,8,8,0.0000
2,168.0000,1,12,395.5280,-88.0942,0.3755,23,0.5750,1.0000,8,4,1,0,0,4,1,0.7500
2,168.0000,2,3,388.6963,-87.2706,0.4012,23,0.5610,0.6667,6,7,5,0,0,7,5,0.2857
2,168.0000,2,4,335.8313,-87.0740,0.8483,18,0.4390,0.4000,5,5,1,0,0,5,1,0.8000
2,168.0000,2,6,404.1687,-87.2131,-0.3095,26,0.6341,0.2000,5,5,2,0,0,5,2,0.6000
2,168.0000,2,13,491.9762,-88.1268,-0.4340,16,0.3902,1.0000,8,7,6,22,16,29,22,0.2414
2,168.0000,3,2,388.6963,-87.3315,-0.0389,25,0.6250,0.5714,7,8,6,0,0,8,6,0.2500
2,168.0000,3,4,268.4204,-81.0345,-1.6004,40,1.0000,0.4118,34,6,2,89,62,95,64,0.3263
2,168.0000,3,5,299.1476,-86.0822,0.9586,29,0.7250,0.6000,5,4,0,0,0,4,0,1.0000
2,168.0000,3,6,655.0668,-88.9571,-0.1758,6,0.1500,1.0000,4,8,8,0,0,8,8,0.0000
2,168.0000,3,13,677.3834,-88.8541,-0.0343,7,0.1750,0.9855,69,4,4,0,0,4,4,0.0000
2,168.0000,4,2,335.8313,-87.3125,0.1444,24,0.6000,0.5000,6,4,0,16,4,20,4,0.8000
2,168.0000,4,3,268.4204,-81.3011,-1.3701,40,1.0000,0.0000,4,8,5,0,0,8,5,0.3750
2,168.0000,4,5,511.1142,-88.7739,-0.2788,12,0.3000,0.5000,6,8,8,0,0,8,8,0.0000
2,168.0000,4,6,612.9486,-89.3126,-0.2143,3,0.0750,1.0000,6,6,6,0,0,6,6,0.0000
2,168.0000,4,13,425.7706,-87.8898,0.5552,17,0.4250,0.7750,40,5,1,40,25,45,26,0.4222
2,168.0000,5,3,299.1476,-86.9610,0.6537,30,0.7317,0.4000,5,4,0,0,0,4,0,1.0000
2,168.0000,5,4,511.1142,-88.6915,-0.0203,15,0.3659,0.8750,8,7,6,0,0,7,6,0.1429
2,168.0000,5,11,464.2078,-87.3433,-0.1870,22,0.5366,0.5000,6,7,6,0,0,7,6,0.1429
2,168.0000,6,1,584.6737,-88.3673,-0.4030,17,0.4250,0.8750,8,6,6,0,0,6,6,0.0000
2,168.0000,6,2,404.1687,-86.7551,-0.0529,25,0.6250,0.7143,7,6,4,0,0,6,4,0.3333
2,168.0000,6,3,655.0668,-89.0755,-0.4179,3,0.0750,0.9911,112,2,2,62,62,64,64,0.0000
2,168.0000,7,9,606.0825,-89.0612,0.5293,5,0.1250,1.0000,8,8,8,0,0,8,8,0.0000
2,168.0000,7,14,358.6922,-87.1658,-0.0880,30,0.7500,0.6250,8,6,4,0,0,6,4,0.3333
2,168.0000,8,11,517.0909,-88.0396,-0.2743,15,0.3750,0.7500,8,8,8,0,0,8,8,0.0000
2,168.0000,9,7,606.0825,-89.5798,-0.1320,5,0.1250,1.0000,8,8,8,0,0,8,8,0.0000
2,168.0000,9,10,615.3855,-89.3534,-0.8944,4,0.1000,1.0000,4,5,4,0,0,5,4,0.2000
2,168.0000,10,14,407.8711,-87.9097,0.2145,21,0.5250,0.7312,93,6,3,88,56,94,59,0.3723
2,168.0000,11,5,464.2078,-87.9645,0.4085,18,0.4500,0.5000,6,8,6,0,0,8,6,0.2500
2,168.0000,11,8,517.0909,-87.6572,0.2233,20,0.5000,0.6667,6,8,8,0,0,8,8,0.0000
2,168.0000,12,0,301.3421,-85.1673,-0.1977,39,0.9512,0.0000,4,5,1,0,0,5,1,0.8000
2,168.0000,12,1,395.5280,-87.9201,0.2362,23,0.5610,0.6667,6,7,3,0,0,7,3,0.5714
2,168.0000,13,2,491.9762,-87.9797,0.1541,18,0.4500,1.0000,8,8,6,0,0,8,6,0.2500
2,168.0000,13,3,677.3834,-88.9317,-0.4189,5,0.1250,0.8571,7,2,2,0,0,2,2,0.0000
2,168.0000,13,4,425.7706,-88.1327,0.0924,18,0.4500,1.0000,8,5,2,0,0,5,2,0.6000
2,168.0000,14,7,358.6922,-87.3967,0.1085,27,0.6750,0.4000,5,6,3,0,0,6,3,0.5000
2,168.0000,14,9,621.1377,-88.7354,-0.1458,3,0.0750,1.0000,4,8,8,0,0,8,8,0.0000
2,168.0000,14,10,407.8711,-87.7388,-0.1868,25,0.6250,0.7143,7,5,2,0,0,5,2,0.6000
2,172.0000,0,1,349.9932,-87.0332,-0.3349,24,0.6000,0.4000,5,6,2,0,0,6,2,0.6667
2,172.0000,0,7,720.2127,-88.9233,-0.2002,4,0.1000,1.0000,8,4,4,0,0,4,4,0.0000
2,172.0000,0,12,406.1836,-86.7004,-0.4643,31,0.7750,0.0000,4,8,6,0,0,8,6,0.2500
2,172.0000,1,0,349.9932,-87.1041,0.1222,35,0.8750,0.0000,4,5,1,0,0,5,1,0.8000
2,172.0000,1,11,511.9675,-87.9633,0.2491,6,0.1500,1.0000,8,8,5,0,0,8,5,0.3750
2,172.0000,1,12,406.0250,-87.4914,-0.3371,26,0.6500,0.2500,4,7,5,0,0,7,5,0.2857
2,172.0000,2,3,411.2183,-87.0003,0.1116,23,0.5897,0.7143,7,7,5,32,18,39,23,0.4103
2,172.0000,2,4,254.1377,-85.4277,-0.0924,35,0.8974,0.2000,5,4,0,0,0,4,0,1.0000
2,172.0000,2,6,466.2287,-87.7443,-0.5310,15,0.3846,0.4000,5,7,6,0,0,7,6,0.1429
2,172.0000,2,13,382.7485,-87.6742,0.9010,19,0.4872,0.7586,29,6,4,4,2,10,6,0.4000
2,172.0000,3,2,411.2183,-87.6844,-0.1122,29,0.7250,0.7500,8,5,1,58,55,63,56,0.1111
2,172.0000,3,4,427.3183,-85.4176,-0.9483,28,0.7000,0.6737,95,6,4,2,2,8,6,0.2500
2,172.0000,3,5,217.0389,-84.1027,0.4268,40,1.0000,0.0000,4,4,0,0,0,4,0,1.0000
2,172.0000,4,2,254.1377,-85.2938,0.6544,35,0.8750,0.2000,20,4,0,0,0,4,0,1.0000
2,172.0000,4,3,427.3183,-86.4224,-1.2636,32,0.8000,0.6250,8,7,6,1,0,8,6,0.2500
2,172.0000,4,5,559.0682,-88.8364,0.0635,8,0.2000,1.0000,8,8,8,0,0,8,8,0.0000
2,172.0000,4,13,246.4684,-86.1664,1.0374,37,0.9250,0.5778,45,4,0,0,0,4,0,1.0000
2,172.0000,5,3,217.0389,-84.3057,0.4949,38,0.9500,0.0000,4,4,0,0,0,4,0,1.0000
2,172.0000,5,4,559.0682,-88.5627,-0.0675,7,0.1750,0.8571,7,7,6,0,0,7,6,0.1429
2,172.0000,5,11,552.6166,-88.4021,-0.1481,13,0.3250,0.8571,7,8,8,0,0,8,8,0.0000
2,172.0000,6,2,466.2287,-87.7974,-0.2414,24,0.6000,0.6667,6,8,6,38,24,46,30,0.3478
2,172.0000,6,3,727.0712,-88.5381,-1.1656,3,0.0750,1.0000,64,4,4,0,0,4,4,0.0000
2,172.0000,7,0,720.2127,-89.0376,-0.2545,3,0.0750,1.0000,8,6,6,0,0,6,6,0.0000
2,172.0000,7,9,620.6406,-89.0093,-0.1348,4,0.1000,1.0000,8,4,4,0,0,4,4,0.0000
2,172.0000,7,10,651.8315,-89.3251,0.2144,6,0.1500,,0,8,8,0,0,8,8,0.0000
2,172.0000,7,14,306.0148,-86.5092,0.2230,37,0.9250,0.6667,6,4,0,0,0,4,0,1.0000
2,172.0000,8,11,620.5324,-88.8275,-0.1849,11,0.2750,1.0000,8,8,8,0,0,8,8,0.0000
2,172.0000,9,7,620.6406,-89.2582,0.1296,6,0.1500,1.0000,8,8,8,0,0,8,8,0.0000
2,172.0000,9,10,501.7361,-89.1127,-0.1403,9,0.2250,0.8000,5,7,5,0,0,7,5,0.2857
2,172.0000,9,14,616.5598,-88.8106,-0.0085,7,0.1750,1.0000,8,8,8,0,0,8,8,0.0000
2,172.0000,10,9,501.7361,-88.1895,0.7804,8,0.2000,1.0000,8,6,3,0,0,6,3,0.5000
2,172.0000,10,14,410.2111,-88.0049,-0.4667,23,0.5750,0.6277,94,7,5,47,30,54,35,0.3519
2,172.0000,11,1,511.9675,-89.1940,-0.2790,8,0.2000,1.0000,4,7,5,0,0,7,5,0.2857
2,172.0000,11,5,552.6166,-88.0779,-0.3201,14,0.3500,0.7500,8,6,6,0,0,6,6,0.0000
2,172.0000,11,8,620.5324,-88.3926,-0.5641,4,0.1000,1.0000,8,4,4,0,0,4,4,0.0000
2,172.0000,12,0,406.1836,-86.4320,-0.8712,34,0.8500,0.2000,5,8,8,0,0,8,8,0.0000
2,172.0000,12,1,406.0250,-87.5262,-0.1131,27,0.6750,0.4286,7,7,6,0,0,7,6,0.1429
2,172.0000,13,2,382.7485,-87.8891,-0.3069,15,0.3750,0.7500,8,5,1,0,0,5,1,0.8000
2,172.0000,13,4,246.4684,-86.4862,1.1094,27,0.6750,0.4000,5,4,0,0,0,4,0,1.0000
2,172.0000,14,7,306.0148,-86.6000,0.1708,33,0.8049,0.5000,6,4,0,0,0,4,0,1.0000
2,172.0000,14,9,616.5598,-89.0111,0.3590,5,0.1220,1.0000,8,8,8,0,0,8,8,0.0000
2,172.0000,14,10,410.2111,-87.7846,-0.1113,25,0.6098,0.4000,5,8,6,0,0,8,6,0.2500
2,176.0000,0,1,333.9601,-85.9675,0.1662,32,0.8205,0.3333,6,5,1,0,0,5,1,0.8000
2,176.0000,0,11,715.9156,-89.5707,-0.7497,3,0.0769,1.0000,2,2,2,0,0,2,2,0.0000
2,176.0000,0,12,558.9948,-88.0321,-0.1794,13,0.3333,0.7500,8,2,2,0,0,2,2,0.0000
2,176.0000,1,0,333.9601,-86.6795,0.4580,30,0.7500,0.2000,5,7,6,0,0,7,6,0.1429
2,176.0000,1,11,441.2916,-87.4840,0.2062,15,0.3750,0.6250,8,5,1,0,0,5,1,0.8000
2,176.0000,1,12,511.7214,-87.2685,-0.3196,15,0.3750,0.7143,7,8,8,0,0,8,8,0.0000
2,176.0000,2,3,435.5480,-87.6143,-0.2001,25,0.6098,0.5897,39,6,2,19,16,25,18,0.2800
2,176.0000,2,4,245.8423,-83.8619,0.4671,40,0.9756,0.0000,4,4,0,0,0,4,0,1.0000
2,176.0000,2,5,518.1803,-88.6715,0.2703,8,0.1951,1.0000,8,8,7,0,0,8,7,0.1250
2,176.0000,2,6,451.6705,-88.1190,0.3964,17,0.4146,0.8571,7,5,2,0,0,5,2,0.6000
2,176.0000,2,13,286.8281,-86.5732,0.5806,33,0.8049,0.6000,10,5,1,0,0,5,1,0.8000
2,176.0000,3,2,435.5480,-87.6528,-0.1912,20,0.5000,0.8889,63,8,6,0,0,8,6,0.2500
2,176.0000,3,4,592.8146,-88.6607,-0.0652,17,0.4250,0.7500,8,6,6,94,94,100,100,0.0000
2,176.0000,3,5,191.0696,-82.3141,0.6285,40,1.0000,0.0000,4,4,0,0,0,4,0,1.0000
2,176.0000,3,11,611.3690,-88.8437,-0.0202,4,0.1000,1.0000,6,8,8,0,0,8,8,0.0000
2,176.0000,4,2,245.8423,-83.5465,-0.3048,39,0.9750,0.0000,4,5,1,0,0,5,1,0.8000
2,176.0000,4,3,592.8146,-88.0907,-0.8347,12,0.3000,0.7500,8,2,2,0,0,2,2,0.0000
2,176.0000,4,5,605.7018,-89.0905,-0.2201,4,0.1000,1.0000,8,8,8,0,0,8,8,0.0000
2,176.0000,4,6,536.2354,-89.2422,0.1318,6,0.1500,0.8571,7,4,4,0,0,4,4,0.0000
2,176.0000,4,13,81.1596,-80.0820,2.6345,40,1.0000,0.0000,4,4,0,0,0,4,0,1.0000
2,176.0000,5,2,518.1803,-88.6687,-0.5395,7,0.1795,1.0000,8,8,8,0,0,8,8,0.0000
2,176.0000,5,3,191.0696,-82.1580,0.3591,39,1.0000,0.0000,4,4,0,0,0,4,0,1.0000
2,176.0000,5,4,605.7018,-88.9199,-0.1077,10,0.2564,0.8571,7,6,6,0,0,6,6,0.0000
2,176.0000,5,11,651.9511,-89.1029,-0.2602,5,0.1282,1.0000,8,4,4,0,0,4,4,0.0000
2,176.0000,6,2,451.6705,-88.0976,0.4097,21,0.5250,0.6522,46,6,4,101,96,107,100,0.0654
2,176.0000,6,4,536.2354,-89.6318,-0.0213,3,0.0750,1.0000,64,8,8,0,0,8,8,0.0000
2,176.0000,6,13,547.2809,-88.7665,0.3394,4,0.1000,1.0000,6,6,4,0,0,6,4,0.3333
2,176.0000,7,9,669.3182,-88.9755,1.2453,4,0.1000,1.0000,4,8,8,0,0,8,8,0.0000
2,176.0000,7,14,275.4749,-85.4430,0.4907,38,0.9500,0.0000,4,4,0,0,0,4,0,1.0000
2,176.0000,9,10,438.8187,-88.2403,-0.0056,20,0.5000,0.7143,7,10,9,0,0,10,9,0.1000
2,176.0000,10,7,594.2466,-88.6067,0.4395,5,0.1250,1.0000,8,7,6,0,0,7,6,0.1429
2,176.0000,10,9,438.8187,-88.4372,0.7621,18,0.4500,0.5000,6,6,3,0,0,6,3,0.5000
2,176.0000,10,14,420.8197,-87.8773,-0.0794,20,0.5000,0.6481,54,8,8,84,57,92,65,0.2935
2,176.0000,11,1,441.2916,-87.8029,-0.2665,14,0.3500,0.7143,7,7,6,0,0,7,6,0.1429
2,176.0000,11,3,611.3690,-89.0522,-0.1037,5,0.1250,1.0000,8,6,6,0,0,6,6,0.0000
2,176.0000,11,5,651.9511,-89.1412,-0.0734,3,0.0750,1.0000,6,4,4,0,0,4,4,0.0000
2,176.0000,11,8,691.5295,-88.8440,-0.3825,4,0.1000,1.0000,4,4,4,0,0,4,4,0.0000
2,176.0000,12,0,558.9948,-88.2323,-0.3949,19,0.4750,1.0000,8,6,6,0,0,6,6,0.0000
2,176.0000,12,1,511.7214,-87.9084,-0.3575,11,0.2750,0.8571,7,7,6,0,0,7,6,0.1429
2,176.0000,13,2,286.8281,-86.7870,0.2104,26,0.6500,0.2000,5,4,0,0,0,4,0,1.0000
2,176.0000,13,3,665.7171,-88.7730,0.5015,4,0.1000,1.0000,4,6,6,0,0,6,6,0.0000
2,176.0000,13,4,81.1596,-79.6412,2.0955,39,0.9750,0.0000,4,4,0,0,0,4,0,1.0000
2,176.0000,13,6,547.2809,-88.5084,0.3570,3,0.0750,1.0000,6,8,8,0,0,8,8,0.0000
2,176.0000,14,7,275.4749,-86.0367,0.1917,38,0.9500,0.0000,4,4,0,0,0,4,0,1.0000
2,176.0000,14,9,677.0070,-88.2748,-0.4220,3,0.0750,1.0000,8,4,4,0,0,4,4,0.0000
2,176.0000,14,10,420.8197,-87.7951,-0.2984,21,0.5250,0.7500,8,6,4,0,0,6,4,0.3333
2,180.0000,0,1,338.2983,-85.9627,-0.0889,31,0.7750,0.2000,5,6,2,0,0,6,2,0.6667
2,180.0000,1,0,338.2983,-86.1744,0.3816,34,0.8500,0.8571,7,6,3,0,0,6,3,0.5000
2,180.0000,1,11,442.4131,-87.9842,-0.1959,15,0.3750,0.2000,5,5,2,0,0,5,2,0.6000
2,180.0000,1,12,669.9882,-88.7757,0.0120,8,0.2000,1.0000,8,4,4,0,0,4,4,0.0000
2,180.0000,2,3,470.7010,-88.4752,-0.1860,20,0.5000,0.7200,25,8,8,36,33,44,41,0.0682
2,180.0000,2,4,324.1181,-84.7237,-0.9284,37,0.9250,0.0000,4,5,2,0,0,5,2,0.6000
2,180.0000,2,5,450.7257,-88.5319,-0.0331,21,0.5250,0.8750,8,7,5,0,0,7,5,0.2857
2,180.0000,2,6,434.8735,-87.8169,0.0919,20,0.5000,0.4000,5,5,2,0,0,5,2,0.6000
2,180.0000,2,13,222.3957,-83.9705,0.3901,40,1.0000,0.2000,5,4,0,1,0,5,0,1.0000
2,180.0000,3,2,470.7010,-88.0325,-0.1749,19,0.4750,0.7500,8,8,8,48,48,56,56,0.0000
2,180.0000,3,5,248.1720,-82.6878,-0.8129,40,1.0000,0.0000,4,5,1,0,0,5,1,0.8000
2,180.0000,3,13,674.7302,-88.9934,0.5512,3,0.0750,1.0000,8,8,8,0,0,8,8,0.0000
2,180.0000,4,2,324.1181,-84.5586,-0.3921,36,0.9000,0.2000,5,7,4,0,0,7,4,0.4286
2,180.0000,4,5,667.5726,-88.3603,0.8490,3,0.0750,1.0000,8,7,7,0,0,7,7,0.0000
2,180.0000,4,6,506.1179,-88.7367,0.4528,14,0.3500,1.0000,4,8,7,0,0,8,7,0.1250
2,180.0000,4,13,119.6820,-71.1779,-1.9797,39,0.9750,0.0000,4,4,0,0,0,4,0,1.0000
2,180.0000,5,2,450.7257,-88.4874,-0.0321,14,0.3500,1.0000,8,7,5,0,0,7,5,0.2857
2,180.0000,5,3,248.1720,-82.6240,-1.0430,40,1.0000,0.0000,4,4,0,0,0,4,0,1.0000
2,180.0000,6,2,434.8735,-88.3032,0.1838,23,0.5750,0.9346,107,7,4,102,93,109,97,0.1101
2,180.0000,6,4,506.1179,-89.0057,0.1886,9,0.2250,1.0000,8,7,6,0,0,7,6,0.1429
2,180.0000,6,13,413.9300,-88.4443,-0.3159,16,0.4000,0.6667,6,7,4,0,0,7,4,0.4286
2,180.0000,7,9,637.2907,-89.5287,0.0019,3,0.0750,1.0000,8,8,8,0,0,8,8,0.0000
2,180.0000,7,10,508.7209,-88.3462,0.2074,4,0.1000,0.8571,7,7,5,0,0,7,5,0.2857
2,180.0000,7,14,247.9770,-84.6278,-0.0273,37,0.9250,0.0000,4,4,0,0,0,4,0,1.0000
2,180.0000,8,7,607.5382,-88.8598,0.0889,6,0.1500,1.0000,6,6,6,0,0,6,6,0.0000
2,180.0000,9,10,390.6609,-88.1008,0.0641,16,0.4000,0.9000,10,4,0,0,0,4,0,1.0000
2,180.0000,9,14,673.5646,-89.1615,0.6297,4,0.1000,1.0000,6,6,6,0,0,6,6,0.0000
2,180.0000,10,7,508.7209,-88.9917,0.0612,6,0.1500,0.8571,7,6,4,0,0,6,4,0.3333
2,180.0000,10,9,390.6609,-88.3722,0.0100,25,0.6250,0.5000,6,4,0,0,0,4,0,1.0000
2,180.0000,10,14,396.3193,-87.0484,0.0789,24,0.6000,0.7065,92,7,6,89,61,96,67,0.3021
2,180.0000,11,1,442.4131,-87.7471,-0.0024,15,0.3750,0.8571,7,8,6,0,0,8,6,0.2500
2,180.0000,11,8,758.0934,-89.0094,-0.1444,4,0.1000,1.0000,4,4,4,0,0,4,4,0.0000
2,180.0000,11,12,618.6123,-89.3874,-0.0162,5,0.1250,1.0000,6,8,8,0,0,8,8,0.0000
2,180.0000,12,1,669.9882,-89.4376,-0.0367,3,0.0750,0.8571,7,2,2,0,0,2,2,0.0000
2,180.0000,12,11,618.6123,-88.8241,-0.4226,3,0.0750,1.0000,8,8,8,0,0,8,8,0.0000
2,180.0000,13,2,222.3957,-83.6320,0.9251,39,0.9750,0.0000,4,4,0,0,0,4,0,1.0000
2,180.0000,13,3,674.7302,-88.9405,-0.0930,3,0.0750,1.0000,6,2,2,0,0,2,2,0.0000
2,180.0000,13,4,119.6820,-71.6055,-0.8601,40,1.0000,0.0000,4,4,0,0,0,4,0,1.0000
2,180.0000,13,5,602.2759,-89.0013,0.3266,5,0.1250,1.0000,2,8,8,0,0,8,8,0.0000
2,180.0000,13,6,413.9300,-88.0866,0.6102,17,0.4250,1.0000,8,6,2,0,0,6,2,0.6667
2,180.0000,14,7,247.9770,-84.1933,0.7210,40,1.0000,0.0000,4,4,0,0,0,4,0,1.0000
2,180.0000,14,8,694.6490,-89.1979,0.0108,3,0.0750,1.0000,2,8,8,0,0,8,8,0.0000
2,180.0000,14,10,396.3193,-87.3822,0.8860,20,0.5000,0.6667,6,7,4,0,0,7,4,0.4286
2,184.0000,0,1,328.7479,-86.2171,-0.2305,32,0.8000,0.3333,6,6,3,0,0,6,3,0.5000
2,184.0000,1,0,328.7479,-86.6589,0.2762,32,0.8000,0.5000,6,4,0,0,0,4,0,1.0000
2,184.0000,1,11,553.0189,-88.7190,0.2501,14,0.3500,0.4000,5,4,4,0,0,4,4,0.0000
2,184.0000,2,3,535.2685,-88.2955,-0.2412,12,0.3000,0.9318,44,8,8,33,32,41,40,0.0244
2,184.0000,2,4,420.2377,-86.9491,-0.7452,30,0.7500,0.4000,5,6,2,0,0,6,2,0.6667
2,184.0000,2,5,413.4886,-87.4223,0.0334,18,0.4500,0.7143,7,6,3,0,0,6,3,0.5000
2,184.0000,2,6,418.8475,-87.5390,0.0330,17,0.4250,0.4000,5,7,4,0,0,7,4,0.4286
2,184.0000,2,13,195.9681,-82.1223,0.1756,40,1.0000,0.0000,5,5,1,2,0,7,1,0.8571
2,184.0000,3,2,535.2685,-88.4877,0.0343,13,0.3250,1.0000,56,8,8,104,104,112,112,0.0000
2,184.0000,3,5,349.5411,-85.4894,-0.5964,35,0.8750,0.2000,5,6,2,0,0,6,2,0.6667
2,184.0000,4,2,420.2377,-86.6777,0.0856,28,0.7000,0.5714,7,5,1,0,0,5,1,0.8000
2,184.0000,4,6,549.9810,-88.6549,0.2911,11,0.2750,0.8750,8,8,8,0,0,8,8,0.0000
2,184.0000,4,13,293.3164,-81.7047,-1.6961,39,0.9750,0.0000,4,4,0,0,0,4,0,1.0000
2,184.0000,5,2,413.4886,-87.7598,0.1674,21,0.5122,0.7143,7,4,0,0,0,4,0,1.0000
2,184.0000,5,3,349.5411,-85.1782,-0.8504,38,0.9268,0.0000,4,8,5,0,0,8,5,0.3750
2,184.0000,5,13,554.9928,-89.0373,0.1045,11,0.2683,1.0000,8,7,6,0,0,7,6,0.1429
2,184.0000,6,2,418.8475,-88.0000,0.1784,23,0.5750,0.8899,109,6,4,104,101,110,105,0.0455
2,184.0000,6,3,671.3343,-89.4133,0.0524,4,0.1000,1.0000,4,4,4,0,0,4,4,0.0000
2,184.0000,6,4,549.9810,-88.0322,-0.0199,7,0.1750,0.8571,7,8,7,0,0,8,7,0.1250
2,184.0000,6,11,568.5128,-88.9487,-0.8316,3,0.0750,1.0000,4,8,7,0,0,8,7,0.1250
2,184.0000,6,12,582.3012,-89.0277,-0.1087,5,0.1250,1.0000,6,8,8,0,0,8,8,0.0000
2,184.0000,6,13,316.7341,-86.2823,0.5293,25,0.6250,0.5714,7,4,0,0,0,4,0,1.0000
2,184.0000,7,8,572.0903,-88.5568,0.0257,5,0.1250,0.8750,8,8,7,0,0,8,7,0.1250
2,184.0000,7,9,506.1134,-88.2533,0.2541,8,0.2000,1.0000,8,7,5,0,0,7,5,0.2857
2,184.0000,7,10,452.8414,-88.4748,0.5446,15,0.3750,0.7143,7,8,7,0,0,8,7,0.1250
2,184.0000,7,14,243.2641,-84.0163,-0.1871,40,1.0000,0.0000,4,5,1,0,0,5,1,0.8000
2,184.0000,8,7,572.0903,-88.4784,0.0695,5,0.1250,1.0000,6,8,8,0,0,8,8,0.0000
2,184.0000,8,14,525.2311,-88.8819,-0.1380,4,0.1000,1.0000,8,8,7,0,0,8,7,0.1250
2,184.0000,9,7,506.1134,-87.9852,0.3549,15,0.3750,1.0000,8,7,6,0,0,7,6,0.1429
2,184.0000,9,10,261.5630,-86.0490,0.5279,34,0.8500,0.0000,4,4,0,0,0,4,0,1.0000
2,184.0000,9,14,591.7615,-89.3926,-0.3002,5,0.1250,1.0000,6,3,2,0,0,3,2,0.3333
2,184.0000,10,7,452.8414,-88.6142,-0.0006,16,0.4000,0.6667,6,5,2,0,0,5,2,0.6000
2,184.0000,10,9,261.5630,-86.3516,0.4820,32,0.8000,0.0000,4,4,0,0,0,4,0,1.0000
2,184.0000,10,14,423.4609,-87.0597,0.4036,23,0.5750,0.6979,96,7,6,92,69,99,75,0.2424
2,184.0000,11,1,553.0189,-88.1505,-0.9005,8,0.2000,0.7500,8,8,8,0,0,8,8,0.0000
2,184.0000,11,6,568.5128,-88.6072,-0.4691,3,0.0750,1.0000,6,8,7,0,0,8,7,0.1250
2,184.0000,11,12,571.6675,-88.9237,1.0326,3,0.0750,1.0000,8,8,8,0,0,8,8,0.0000
2,184.0000,12,2,633.4713,-89.1550,0.3401,3,0.0750,1.0000,2,4,4,0,0,4,4,0.0000
2,184.0000,12,11,571.6675,-88.7435,-0.4406,4,0.1000,1.0000,8,6,6,0,0,6,6,0.0000
2,184.0000,13,2,195.9681,-81.8426,0.7020,40,0.9756,0.0000,4,4,0,0,0,4,0,1.0000
2,184.0000,13,3,687.5764,-88.9835,-0.1960,3,0.0732,1.0000,2,2,2,0,0,2,2,0.0000
2,184.0000,13,4,293.3164,-81.7150,-2.1505,41,1.0000,0.0000,4,5,2,0,0,5,2,0.6000
2,184.0000,13,5,554.9928,-89.3454,0.0455,7,0.1707,1.0000,8,8,8,0,0,8,8,0.0000
2,184.0000,13,6,316.7341,-87.7519,0.6671,29,0.7073,0.3333,6,5,2,0,0,5,2,0.6000
2,184.0000,14,7,243.2641,-83.8483,0.3290,38,0.9744,0.0000,4,4,0,0,0,4,0,1.0000
2,184.0000,14,8,525.2311,-89.5599,0.0805,4,0.1026,1.0000,8,6,4,0,0,6,4,0.3333
2,184.0000,14,10,423.4609,-87.6548,0.2742,23,0.5897,0.5714,7,7,6,0,0,7,6,0.1429
2,188.0000,0,1,272.8246,-85.4378,-0.1385,36,0.9000,0.5000,6,4,0,0,0,4,0,1.0000
2,188.0000,0,8,579.7673,-89.0572,0.4200,3,0.0750,1.0000,4,7,3,0,0,7,3,0.5714
2,188.0000,1,0,272.8246,-85.5851,0.3106,36,0.9000,0.0000,4,4,0,0,0,4,0,1.0000
2,188.0000,1,8,579.6548,-88.7970,-0.1303,5,0.1250,1.0000,8,8,8,0,0,8,8,0.0000
2,188.0000,1,14,575.8994,-88.9828,0.9684,6,0.1500,1.0000,6,8,8,0,0,8,8,0.0000
2,188.0000,2,3,611.9079,-89.3097,-0.1115,7,0.1795,0.9756,41,6,6,62,62,68,68,0.0000
2,188.0000,2,4,410.9163,-87.8439,-0.0989,22,0.5641,0.3333,6,6,2,0,0,6,2,0.6667
2,188.0000,2,5,376.3721,-87.2281,0.2375,27,0.6923,0.5000,6,7,4,0,0,7,4,0.4286
2,188.0000,2,6,403.8290,-87.4445,0.3465,26,0.6667,0.5714,7,8,6,0,0,8,6,0.2500
2,188.0000,2,13,242.0401,-81.9296,-0.6429,38,0.9744,0.1429,7,5,1,3,1,8,2,0.7500
2,188.0000,3,2,611.9079,-88.3098,-1.0545,6,0.1500,1.0000,112,6,6,104,104,110,110,0.0000
2,188.0000,3,5,495.7376,-87.4449,-0.7488,31,0.7750,0.3333,6,7,5,0,0,7,5,0.2857
2,188.0000,4,2,410.9163,-87.5873,0.2513,21,0.5250,0.2000,5,6,6,0,0,6,6,0.0000
2,188.0000,4,6,479.5492,-88.7979,-0.3961,11,0.2750,1.0000,8,7,5,0,0,7,5,0.2857
2,188.0000,4,13,302.5081,-85.2611,0.0904,35,0.8750,0.0000,4,5,1,0,0,5,1,0.8000
2,188.0000,5,2,376.3721,-87.8662,0.3457,26,0.6667,0.0000,4,7,5,0,0,7,5,0.2857
2,188.0000,5,3,495.7376,-87.2097,-0.2439,23,0.5897,0.6250,8,8,8,0,0,8,8,0.0000
2,188.0000,5,13,555.5603,-88.9028,0.0817,10,0.2564,0.8571,7,8,8,0,0,8,8,0.0000
2,188.0000,6,2,403.8290,-87.1414,0.0438,28,0.7000,0.9545,110,4,0,97,86,101,86,0.1485
2,188.0000,6,4,479.5492,-88.7654,0.0488,13,0.3250,0.8750,8,8,8,0,0,8,8,0.0000
2,188.0000,6,5,555.1121,-88.8437,-0.2935,6,0.1500,1.0000,2,7,6,0,0,7,6,0.1429
2,188.0000,6,11,542.7400,-89.2103,-0.1612,10,0.2500,0.8750,8,8,7,0,0,8,7,0.1250
2,188.0000,6,12,553.6415,-88.7606,0.7030,5,0.1250,1.0000,8,8,8,0,0,8,8,0.0000
2,188.0000,6,13,253.4009,-85.3118,0.0431,38,0.9500,0.0000,4,4,0,0,0,4,0,1.0000
2,188.0000,7,8,554.4423,-88.8808,-0.0105,9,0.2250,0.8750,8,8,7,0,0,8,7,0.1250
2,188.0000,7,9,434.7383,-88.6195,0.1892,17,0.4250,0.7143,7,7,5,0,0,7,5,0.2857
2,188.0000,7,10,420.7719,-87.7910,0.2061,18,0.4500,0.8750,8,5,2,0,0,5,2,0.6000
2,188.0000,7,14,287.5047,-84.6855,-0.4245,39,0.9750,0.2000,5,4,0,28,14,32,14,0.5625
2,188.0000,8,1,579.6548,-88.6465,-0.4518,7,0.1750,1.0000,8,8,8,0,0,8,8,0.0000
2,188.0000,8,7,554.4423,-88.2938,-0.1404,8,0.2000,1.0000,8,8,8,0,0,8,8,0.0000
2,188.0000,8,14,376.1626,-87.8131,0.5221,22,0.5500,0.8750,8,4,0,0,0,4,0,1.0000
2,188.0000,9,7,434.7383,-87.8926,0.5035,20,0.5000,0.8571,7,6,3,0,0,6,3,0.5000
2,188.0000,9,10,136.8340,-82.5972,1.3313,40,1.0000,0.0000,4,4,0,0,0,4,0,1.0000
2,188.0000,9,14,533.0112,-89.1442,0.0696,6,0.1500,0.6667,3,6,4,0,0,6,4,0.3333
2,188.0000,10,7,420.7719,-87.6169,0.1170,21,0.5250,0.4000,5,7,5,28,14,35,19,0.4571
2,188.0000,10,9,136.8340,-81.2627,1.9535,40,1.0000,0.0000,4,4,0,0,0,4,0,1.0000
2,188.0000,10,14,450.2705,-88.6124,-0.0427,20,0.5000,0.7576,99,6,3,59,51,65,54,0.1692
2,188.0000,11,6,542.7400,-88.5820,0.0651,8,0.2000,0.8750,8,8,8,0,0,8,8,0.0000
2,188.0000,11,12,561.2345,-88.8752,-0.0234,5,0.1250,1.0000,8,6,6,0,0,6,6,0.0000
2,188.0000,12,2,584.3701,-88.6980,0.2442,7,0.1750,1.0000,4,8,8,0,0,8,8,0.0000
2,188.0000,12,6,553.6415,-89.0759,0.0355,11,0.2750,0.8571,7,8,8,0,0,8,8,0.0000
2,188.0000,12,11,561.2345,-88.6063,0.0722,9,0.2250,1.0000,6,8,7,0,0,8,7,0.1250
2,188.0000,12,13,471.6996,-88.0662,0.1972,8,0.2000,0.8571,7,7,5,0,0,7,5,0.2857
2,188.0000,13,2,242.0401,-82.3845,-0.5838,40,1.0000,0.0000,4,4,0,0,0,4,0,1.0000
2,188.0000,13,4,302.5081,-86.0552,0.0283,39,0.9750,0.4000,5,5,1,0,0,5,1,0.8000
2,188.0000,13,5,555.5603,-89.3278,-0.2386,7,0.1750,1.0000,8,8,8,0,0,8,8,0.0000
2,188.0000,13,6,253.4009,-84.1771,0.3181,39,0.9750,0.4000,5,5,1,0,0,5,1,0.8000
2,188.0000,13,12,471.6996,-88.5656,-0.1051,13,0.3250,1.0000,4,6,4,0,0,6,4,0.3333
2,188.0000,14,0,606.0891,-89.3385,0.2491,5,0.1220,1.0000,6,6,6,0,0,6,6,0.0000
2,188.0000,14,1,575.8994,-89.2210,-0.0001,5,0.1220,1.0000,8,8,8,0,0,8,8,0.0000
2,188.0000,14,7,287.5047,-84.4273,-0.0052,40,0.9756,0.0000,4,5,2,0,0,5,2,0.6000
2,188.0000,14,8,376.1626,-87.6708,0.4277,19,0.4634,0.6667,6,4,0,0,0,4,0,1.0000
2,188.0000,14,9,533.0112,-88.3680,-1.3572,7,0.1707,1.0000,8,8,8,0,0,8,8,0.0000
2,188.0000,14,10,450.2705,-88.1732,-0.1715,28,0.6829,0.8571,7,7,6,0,0,7,6,0.1429
2,192.0000,0,1,252.3072,-84.8704,0.6635,37,0.9250,0.0000,4,6,1,0,0,6,1,0.8333
2,192.0000,0,8,458.2321,-88.4118,-0.2037,8,0.2000,0.4286,7,4,2,0,0,4,2,0.5000
2,192.0000,0,14,590.5197,-89.1009,-0.2840,6,0.1500,1.0000,8,8,8,0,0,8,8,0.0000
2,192.0000,1,0,252.3072,-84.4553,0.2944,40,1.0000,0.0000,4,4,0,0,0,4,0,1.0000
2,192.0000,1,8,515.5213,-88.7237,0.4703,8,0.2000,1.0000,8,8,8,0,0,8,8,0.0000
2,192.0000,1,14,564.6640,-89.0868,-0.1692,9,0.2250,1.0000,8,8,8,0,0,8,8,0.0000
2,192.0000,2,4,458.0567,-87.9088,-0.2151,22,0.5500,0.3333,6,8,8,0,0,8,8,0.0000
2,192.0000,2,5,368.1631,-87.8427,0.0522,25,0.6250,0.5714,7,6,3,208,100,214,103,0.5187
2,192.0000,2,6,400.3668,-86.9368,0.0930,28,0.7000,0.7500,8,8,7,0,0,8,7,0.1250
2,192.0000,2,12,554.6831,-89.4523,-0.1345,7,0.1750,1.0000,8,8,8,0,0,8,8,0.0000
2,192.0000,2,13,317.3674,-84.7208,-1.0977,36,0.9000,0.2500,8,8,6,0,0,8,6,0.2500
2,192.0000,3,5,632.3928,-88.1767,-0.1453,5,0.1250,0.7143,7,6,6,0,0,6,6,0.0000
2,192.0000,4,2,458.0567,-87.7200,-0.3435,23,0.5750,1.0000,6,8,7,0,0,8,7,0.1250
2,192.0000,4,6,457.2549,-88.2835,0.6229,13,0.3250,0.7143,7,6,4,0,0,6,4,0.3333
2,192.0000,4,12,526.3328,-89.4664,0.2332,5,0.1250,1.0000,6,8,7,0,0,8,7,0.1250
2,192.0000,4,13,320.0065,-85.8243,0.2214,35,0.8750,0.2000,5,6,3,0,0,6,3,0.5000
2,192.0000,5,2,368.1631,-87.4891,0.0736,28,0.6829,0.7143,7,5,1,168,82,173,83,0.5202
2,192.0000,5,3,632.3928,-88.6343,0.5045,8,0.1951,1.0000,8,8,8,0,0,8,8,0.0000
2,192.0000,5,6,532.4744,-89.2833,0.0711,10,0.2439,1.0000,8,8,8,0,0,8,8,0.0000
2,192.0000,5,13,604.6826,-88.7396,0.3793,3,0.0732,1.0000,8,8,8,0,0,8,8,0.0000
2,192.0000,6,2,400.3668,-87.0729,-0.1708,24,0.6000,0.8515,101,8,5,91,71,99,76,0.2323
2,192.0000,6,3,672.3571,-89.6981,-0.0667,3,0.0750,1.0000,4,4,4,0,0,4,4,0.0000
2,192.0000,6,4,457.2549,-88.3491,0.3225,20,0.5000,1.0000,8,8,6,0,0,8,6,0.2500
2,192.0000,6,5,532.4744,-88.6773,-0.2025,8,0.2000,0.8571,7,8,6,0,0,8,6,0.2500
2,192.0000,6,11,582.6359,-88.3186,0.0825,8,0.2000,0.8750,8,8,8,0,0,8,8,0.0000
2,192.0000,6,12,544.9381,-88.5946,-0.1328,14,0.3500,1.0000,8,8,8,0,0,8,8,0.0000
2,192.0000,6,13,240.9862,-83.5996,0.1820,39,0.9750,0.0000,4,6,2,0,0,6,2,0.6667
2,192.0000,7,8,610.8641,-89.0045,-0.0257,8,0.1951,0.8750,8,6,6,0,0,6,6,0.0000
2,192.0000,7,9,405.6561,-88.0307,0.0676,23,0.5610,0.7143,7,6,4,0,0,6,4,0.3333
2,192.0000,7,10,363.6821,-87.3918,0.1297,26,0.6341,0.4000,5,5,2,0,0,5,2,0.6000
2,192.0000,7,14,339.3166,-85.6482,-0.6434,38,0.9268,0.4375,32,7,3,44,19,51,22,0.5686
2,192.0000,8,0,458.2321,-87.6746,-0.3238,9,0.2250,0.8571,7,6,4,0,0,6,4,0.3333
2,192.0000,8,1,515.5213,-88.3646,-0.2977,6,0.1500,1.0000,8,7,6,0,0,7,6,0.1429
2,192.0000,8,7,610.8641,-89.1912,0.0127,6,0.1500,1.0000,8,8,8,0,0,8,8,0.0000
2,192.0000,8,14,298.1509,-86.0550,0.4001,33,0.8250,0.0000,4,4,0,0,0,4,0,1.0000
2,192.0000,9,7,405.6561,-87.6926,-0.4665,18,0.4615,0.5000,6,7,5,0,0,7,5,0.2857
2,192.0000,9,10,98.4181,-75.1598,1.1468,38,0.9744,0.0000,4,4,0,0,0,4,0,1.0000
2,192.0000,9,14,486.6216,-88.2199,0.5322,13,0.3333,0.6667,6,8,7,0,0,8,7,0.1250
2,192.0000,10,7,363.6821,-87.4363,0.7217,26,0.6500,0.5429,35,5,1,46,20,51,21,0.5882
2,192.0000,10,9,98.4181,-75.1893,1.3792,40,1.0000,0.0000,4,4,0,0,0,4,0,1.0000
2,192.0000,10,14,470.1107,-88.2697,0.2757,16,0.4000,0.8308,65,7,6,41,36,48,42,0.1250
2,192.0000,11,6,582.6359,-89.1481,-0.0730,8,0.2000,1.0000,8,4,4,0,0,4,4,0.0000
2,192.0000,11,12,589.5149,-89.0950,-0.2377,6,0.1500,1.0000,6,10,10,0,0,10,10,0.0000
2,192.0000,11,13,612.2092,-88.9963,0.3066,4,0.1000,1.0000,8,8,8,0,0,8,8,0.0000
2,192.0000,12,2,554.6831,-88.6441,0.4018,7,0.1750,1.0000,8,8,8,0,0,8,8,0.0000
2,192.0000,12,4,526.3328,-89.2808,-0.0263,6,0.1500,0.8333,6,7,6,0,0,7,6,0.1429
2,192.0000,12,6,544.9381,-88.4809,0.5328,12,0.3000,1.0000,8,8,8,0,0,8,8,0.0000
2,192.0000,12,13,342.8120,-87.4369,1.5254,24,0.6000,0.7143,7,5,2,0,0,5,2,0.6000
2,192.0000,13,2,317.3674,-84.9015,-0.9850,35,0.8750,0.0000,4,8,5,0,0,8,5,0.3750
2,192.0000,13,4,320.0065,-86.0099,-0.0093,36,0.9000,0.2000,5,5,1,0,0,5,1,0.8000
2,192.0000,13,5,604.6826,-89.4175,0.0474,4,0.1000,1.0000,8,2,2,0,0,2,2,0.0000
2,192.0000,13,6,240.9862,-84.4297,0.1317,40,1.0000,0.2000,5,4,0,0,0,4,0,1.0000
2,192.0000,13,11,612.2092,-89.2034,0.3043,3,0.0750,1.0000,6,8,8,0,0,8,8,0.0000
2,192.0000,13,12,342.8120,-87.4168,0.4276,32,0.8000,0.6667,6,5,1,0,0,5,1,0.8000
2,192.0000,14,0,590.5197,-88.9879,-0.1957,5,0.1250,1.0000,6,6,6,0,0,6,6,0.0000
2,192.0000,14,1,564.6640,-89.2849,0.2285,7,0.1750,1.0000,8,10,10,0,0,10,10,0.0000
2,192.0000,14,7,339.3166,-86.5146,-0.2894,33,0.8250,0.4000,5,6,3,0,0,6,3,0.5000
2,192.0000,14,8,298.1509,-86.7422,0.2336,33,0.8250,0.0000,4,6,2,0,0,6,2,0.6667
2,192.0000,14,9,486.6216,-88.3447,0.4568,11,0.2750,1.0000,8,8,7,0,0,8,7,0.1250
2,192.0000,14,10,470.1107,-88.0455,-0.1285,24,0.6000,0.8571,7,8,7,0,0,8,7,0.1250
2,196.0000,0,1,247.8354,-84.2297,0.4381,40,1.0000,0.1667,6,4,0,0,0,4,0,1.0000
2,196.0000,0,8,347.2283,-87.6399,0.2189,25,0.6250,0.5000,4,5,2,0,0,5,2,0.6000
2,196.0000,0,14,588.0100,-88.6310,0.4823,6,0.1500,1.0000,8,8,8,0,0,8,8,0.0000
2,196.0000,1,0,247.8354,-84.2495,-0.4274,40,1.0000,0.0000,4,4,0,0,0,4,0,1.0000
2,196.0000,1,8,476.2821,-88.3224,0.1884,18,0.4500,1.0000,8,7,4,0,0,7,4,0.4286
2,196.0000,1,9,606.2684,-88.8561,-0.3680,3,0.0750,1.0000,2,6,3,0,0,6,3,0.5000
2,196.0000,1,14,607.7871,-88.7575,-0.1575,7,0.1750,1.0000,8,7,6,0,0,7,6,0.1429
2,196.0000,2,4,582.5292,-88.8776,-0.0922,12,0.3000,1.0000,8,4,4,0,0,4,4,0.0000
2,196.0000,2,5,352.1702,-86.4055,0.4146,28,0.7000,0.4813,214,4,0,4,0,8,0,1.0000
2,196.0000,2,6,392.9526,-87.3798,0.2408,29,0.7250,0.8750,8,7,4,0,0,7,4,0.4286
2,196.0000,2,12,521.5370,-88.6947,0.1594,11,0.2750,1.0000,8,8,8,0,0,8,8,0.0000
2,196.0000,2,13,413.7163,-87.5966,-0.0950,24,0.6000,0.7500,8,8,8,0,0,8,8,0.0000
2,196.0000,3,5,779.4140,-89.0908,0.4628,3,0.0750,1.0000,6,6,6,0,0,6,6,0.0000
2,196.0000,4,2,582.5292,-88.1762,-0.4504,8,0.1951,0.8750,8,6,6,0,0,6,6,0.0000
2,196.0000,4,6,539.9664,-89.1272,-0.1880,8,0.1951,0.6667,6,6,6,0,0,6,6,0.0000
2,196.0000,4,12,420.7584,-88.2327,0.8423,24,0.5854,0.8750,8,6,3,0,0,6,3,0.5000
2,196.0000,4,13,384.9300,-86.2481,-0.4744,31,0.7561,0.5000,6,7,6,0,0,7,6,0.1429
2,196.0000,5,2,352.1702,-87.1700,0.1125,29,0.7250,0.4798,173,5,1,0,0,5,1,0.8000
2,196.0000,5,6,511.1099,-89.2548,0.1553,9,0.2250,1.0000,8,8,8,0,0,8,8,0.0000
2,196.0000,6,2,392.9526,-87.3088,0.0057,24,0.6000,0.7677,99,7,5,5,2,12,7,0.4167
2,196.0000,6,4,539.9664,-87.8778,-0.3530,16,0.4000,0.7500,8,8,8,0,0,8,8,0.0000
2,196.0000,6,5,511.1099,-88.5524,-0.1349,18,0.4500,0.7500,8,6,4,0,0,6,4,0.3333
2,196.0000,6,12,556.1308,-88.3730,-0.2890,7,0.1750,1.0000,8,6,6,0,0,6,6,0.0000
2,196.0000,6,13,283.8850,-84.0486,-0.5880,37,0.9250,0.3333,6,4,0,0,0,4,0,1.0000
2,196.0000,7,8,680.6365,-89.5567,0.0837,4,0.1000,1.0000,6,6,6,0,0,6,6,0.0000
2,196.0000,7,9,457.2157,-87.8833,0.0558,24,0.6000,0.6667,6,8,8,0,0,8,8,0.0000
2,196.0000,7,10,293.0901,-85.8821,0.3560,32,0.8000,0.4000,5,4,0,0,0,4,0,1.0000
2,196.0000,7,14,420.2689,-87.3202,-0.4974,27,0.6750,0.4314,51,8,8,0,0,8,8,0.0000
2,196.0000,8,0,347.2283,-87.8147,0.5241,24,0.6000,0.6667,6,5,1,0,0,5,1,0.8000
2,196.0000,8,1,476.2821,-88.7644,-0.2327,10,0.2500,0.8571,7,6,4,0,0,6,4,0.3333
2,196.0000,8,9,591.0264,-89.1133,0.4471,4,0.1000,1.0000,4,8,7,0,0,8,7,0.1250
2,196.0000,8,10,647.7411,-88.6476,-0.3288,3,0.0750,,0,6,6,0,0,6,6,0.0000
2,196.0000,8,14,304.1087,-85.3620,0.0483,38,0.9500,0.0000,4,4,0,0,0,4,0,1.0000
2,196.0000,9,7,457.2157,-87.1526,-0.2336,24,0.6000,0.7143,7,8,8,0,0,8,8,0.0000
2,196.0000,9,8,591.0264,-88.4107,2.2220,5,0.1250,1.0000,4,8,7,0,0,8,7,0.1250
2,196.0000,9,10,222.1702,-79.3492,-1.9937,40,1.0000,0.0000,4,4,0,0,0,4,0,1.0000
2,196.0000,9,14,490.7429,-88.3066,-0.4648,19,0.4750,0.8750,8,7,6,0,0,7,6,0.1429
2,196.0000,10,7,293.0901,-86.8924,0.6594,35,0.8750,0.4118,51,4,0,0,0,4,0,1.0000
2,196.0000,10,9,222.1702,-79.4957,-2.1492,39,0.9750,0.0000,4,4,0,0,0,4,0,1.0000
2,196.0000,10,14,488.5517,-88.2754,-0.3689,16,0.4000,0.8750,48,6,4,95,76,101,80,0.2079
2,196.0000,11,6,663.0999,-88.5242,0.0234,7,0.1750,1.0000,4,8,8,0,0,8,8,0.0000
2,196.0000,11,12,632.0766,-89.6365,-0.0133,4,0.1000,1.0000,10,8,8,0,0,8,8,0.0000
2,196.0000,11,13,538.5700,-89.4767,0.0565,4,0.1000,1.0000,8,8,8,0,0,8,8,0.0000
2,196.0000,12,2,521.5370,-88.7711,0.0555,13,0.3250,1.0000,8,6,4,0,0,6,4,0.3333
2,196.0000,12,4,420.7584,-87.8410,0.0428,20,0.5000,0.8571,7,7,5,0,0,7,5,0.2857
2,196.0000,12,6,556.1308,-88.9620,0.1254,11,0.2750,1.0000,8,8,8,0,0,8,8,0.0000
2,196.0000,12,11,632.0766,-88.1218,0.4902,4,0.1000,1.0000,8,6,6,0,0,6,6,0.0000
2,196.0000,12,13,280.2144,-85.6792,0.4089,32,0.8000,0.4000,5,5,2,0,0,5,2,0.6000
2,196.0000,13,2,413.7163,-86.7156,-0.6294,29,0.7250,0.6250,8,8,6,0,0,8,6,0.2500
2,196.0000,13,4,384.9300,-86.8579,-0.0252,35,0.8750,0.2000,5,6,3,0,0,6,3,0.5000
2,196.0000,13,6,283.8850,-83.7305,-0.0646,38,0.9500,0.0000,4,5,1,0,0,5,1,0.8000
2,196.0000,13,11,538.5700,-88.6426,0.2101,12,0.3000,1.0000,8,8,6,0,0,8,6,0.2500
2,196.0000,13,12,280.2144,-85.6947,0.7973,35,0.8750,0.2000,5,6,2,0,0,6,2,0.6667
2,196.0000,14,0,588.0100,-88.6433,-0.3499,10,0.2500,1.0000,6,8,8,0,0,8,8,0.0000
2,196.0000,14,1,607.7871,-89.1763,0.3193,8,0.2000,1.0000,10,4,4,0,0,4,4,0.0000
2,196.0000,14,7,420.2689,-87.3238,0.1016,23,0.5750,0.5000,6,8,8,0,0,8,8,0.0000
2,196.0000,14,8,304.1087,-85.4039,-0.3090,40,1.0000,0.3333,6,5,2,0,0,5,2,0.6000
2,196.0000,14,9,490.7429,-88.7620,0.0196,13,0.3250,0.8750,8,7,5,0,0,7,5,0.2857
2,196.0000,14,10,488.5517,-88.1377,0.1663,19,0.4750,0.8750,8,8,7,0,0,8,7,0.1250
2,200.0000,0,1,256.5059,-84.1514,-0.2289,40,1.0000,0.0000,4,4,0,0,0,4,0,1.0000
2,200.0000,0,8,216.4577,-84.3556,0.9071,36,0.9000,0.4000,5,4,0,0,0,4,0,1.0000
2,200.0000,0,9,483.6246,-87.1868,0.0504,3,0.0750,1.0000,6,6,2,0,0,6,2,0.6667
2,200.0000,0,14,609.2435,-89.5712,0.2443,4,0.1000,1.0000,8,8,8,0,0,8,8,0.0000
2,200.0000,1,0,256.5059,-84.6598,0.0135,39,0.9750,0.0000,4,4,0,0,0,4,0,1.0000
2,200.0000,1,8,408.0657,-87.9182,0.4481,26,0.6500,0.5714,7,5,1,0,0,5,1,0.8000
2,200.0000,1,9,419.7301,-88.8752,-0.0092,17,0.4250,0.5000,6,4,0,0,0,4,0,1.0000
2,200.0000,2,5,344.5552,-86.9504,0.0940,34,0.8500,0.0000,8,6,3,0,0,6,3,0.5000
2,200.0000,2,6,398.8619,-87.5751,-0.8090,23,0.5750,0.5714,7,7,6,0,0,7,6,0.1429
2,200.0000,2,12,515.5727,-88.9424,-0.1940,13,0.3250,1.0000,8,8,8,0,0,8,8,0.0000
2,200.0000,2,13,509.2849,-88.4590,-0.3541,27,0.6750,1.0000,8,6,6,0,0,6,6,0.0000
2,200.0000,4,6,641.0060,-89.1671,-0.3370,8,0.2000,1.0000,6,6,6,0,0,6,6,0.0000
2,200.0000,4,11,500.7380,-88.6835,0.2477,9,0.2250,1.0000,4,6,4,0,0,6,4,0.3333
2,200.0000,4,12,381.5914,-87.5437,0.1396,25,0.6250,0.5000,6,7,5,0,0,7,5,0.2857
2,200.0000,4,13,428.5004,-87.7871,-0.1582,21,0.5250,0.8571,7,7,4,0,0,7,4,0.4286
2,200.0000,5,2,344.5552,-86.6781,-0.3569,33,0.8462,0.2000,5,6,3,0,0,6,3,0.5000
2,200.0000,5,6,520.6163,-88.4243,0.6022,12,0.3077,1.0000,8,8,8,0,0,8,8,0.0000
2,200.0000,6,2,398.8619,-87.0309,-0.0355,18,0.4500,0.5833,12,6,3,0,0,6,3,0.5000
2,200.0000,6,5,520.6163,-88.2456,0.2803,14,0.3500,0.6667,6,8,6,0,0,8,6,0.2500
2,200.0000,6,11,704.2735,-88.6602,-0.6797,3,0.0750,1.0000,4,6,6,0,0,6,6,0.0000
2,200.0000,6,12,593.5724,-88.8995,0.6474,7,0.1750,1.0000,6,6,6,0,0,6,6,0.0000
2,200.0000,6,13,352.9334,-85.4131,0.1564,33,0.8250,0.0000,4,7,5,0,0,7,5,0.2857
2,200.0000,7,9,472.4162,-88.0959,0.1862,17,0.4250,1.0000,8,8,7,0,0,8,7,0.1250
2,200.0000,7,10,164.5762,-84.2915,1.3638,39,0.9750,0.0000,4,4,0,0,0,4,0,1.0000
2,200.0000,7,14,455.3214,-87.1316,-0.1441,13,0.3250,1.0000,8,7,5,43,37,50,42,0.1600
2,200.0000,8,0,216.4577,-84.7635,1.0723,36,0.9000,0.2000,5,4,0,0,0,4,0,1.0000
2,200.0000,8,1,408.0657,-87.7072,-0.0407,24,0.6000,0.6667,6,6,2,0,0,6,2,0.6667
2,200.0000,8,9,464.7234,-87.9238,0.4141,15,0.3750,0.8750,8,6,3,0,0,6,3,0.5000
2,200.0000,8,10,617.0339,-89.1279,-0.6467,4,0.1000,1.0000,6,8,8,0,0,8,8,0.0000
2,200.0000,8,14,429.3608,-86.6175,-0.4726,28,0.7000,0.0000,4,8,7,0,0,8,7,0.1250
2,200.0000,9,0,483.6246,-88.6413,0.3635,8,0.2000,0.8571,7,6,4,0,0,6,4,0.3333
2,200.0000,9,1,419.7301,-88.1679,0.2072,19,0.4750,0.7143,7,7,2,0,0,7,2,0.7143
2,200.0000,9,7,472.4162,-88.5236,0.0570,14,0.3500,1.0000,8,7,5,0,0,7,5,0.2857
2,200.0000,9,8,464.7234,-88.4554,0.2833,16,0.4000,0.8750,8,8,7,0,0,8,7,0.1250
2,200.0000,9,10,336.1273,-83.9061,-0.4026,33,0.8250,0.0000,4,8,6,0,0,8,6,0.2500
2,200.0000,9,14,517.2650,-88.6821,-0.0309,18,0.4500,0.8571,7,7,6,0,0,7,6,0.1429
2,200.0000,10,7,164.5762,-83.0224,1.6498,40,1.0000,0.0000,4,4,0,23,0,27,0,1.0000
2,200.0000,10,8,617.0339,-89.1834,0.1760,5,0.1250,1.0000,8,6,6,0,0,6,6,0.0000
2,200.0000,10,9,336.1273,-84.3762,-0.6375,34,0.8500,0.0000,4,7,4,0,0,7,4,0.4286
2,200.0000,10,14,464.3933,-87.9711,0.2415,17,0.4250,0.7921,101,8,7,51,41,59,48,0.1864
2,200.0000,11,4,500.7380,-88.9924,0.3579,5,0.1250,0.8750,8,7,6,0,0,7,6,0.1429
2,200.0000,11,13,472.7034,-88.2239,-0.4418,9,0.2250,1.0000,8,8,6,0,0,8,6,0.2500
2,200.0000,12,2,515.5727,-88.6075,0.1024,9,0.2250,0.6667,6,8,7,0,0,8,7,0.1250
2,200.0000,12,4,381.5914,-87.0382,-0.1590,28,0.7000,0.7143,7,5,1,0,0,5,1,0.8000
2,200.0000,12,6,593.5724,-88.8828,-0.1180,4,0.1000,1.0000,8,8,8,0,0,8,8,0.0000
2,200.0000,12,11,660.0225,-89.0030,-0.1691,4,0.1000,1.0000,6,6,6,0,0,6,6,0.0000
2,200.0000,12,13,326.7761,-85.3179,-0.2637,40,1.0000,0.4000,5,7,5,0,0,7,5,0.2857
2,200.0000,13,2,509.2849,-88.2815,-0.3477,19,0.4750,0.7500,8,8,8,0,0,8,8,0.0000
2,200.0000,13,4,428.5004,-87.2191,-0.0281,24,0.6000,0.5000,6,7,4,0,0,7,4,0.4286
2,200.0000,13,6,352.9334,-85.8959,-0.3044,34,0.8500,0.2000,5,7,4,0,0,7,4,0.4286
2,200.0000,13,11,472.7034,-88.7789,0.0369,12,0.3000,0.7500,8,7,6,0,0,7,6,0.1429
2,200.0000,13,12,326.7761,-85.4012,-0.5819,35,0.8750,0.3333,6,6,3,0,0,6,3,0.5000
2,200.0000,14,0,609.2435,-88.7890,0.1379,4,0.1000,1.0000,8,8,8,0,0,8,8,0.0000
2,200.0000,14,1,667.8194,-88.8130,-1.0169,5,0.1250,1.0000,4,4,4,0,0,4,4,0.0000
2,200.0000,14,7,455.3214,-87.9880,-0.0576,20,0.5000,1.0000,8,8,5,0,0,8,5,0.3750
2,200.0000,14,8,429.3608,-86.8712,-0.9337,29,0.7250,0.4000,5,8,7,0,0,8,7,0.1250
2,200.0000,14,9,517.2650,-88.1697,0.2090,16,0.4000,0.7143,7,7,6,0,0,7,6,0.1429
2,200.0000,14,10,464.3933,-88.3931,0.9720,15,0.3750,0.8750,8,7,4,0,0,7,4,0.4286
2,204.0000,0,1,291.9163,-84.8549,-0.3602,39,0.9750,0.0000,4,5,1,0,0,5,1,0.8000
2,204.0000,0,8,92.0933,-78.4702,1.7308,40,1.0000,0.0000,4,4,0,0,0,4,0,1.0000
2,204.0000,0,9,340.6999,-87.2382,0.7804,24,0.6000,0.3333,6,4,0,0,0,4,0,1.0000
2,204.0000,0,14,641.0265,-88.9681,-0.1767,5,0.1250,1.0000,8,8,8,0,0,8,8,0.0000
2,204.0000,1,0,291.9163,-85.0722,-0.5869,40,1.0000,0.0000,4,7,4,0,0,7,4,0.4286
2,204.0000,1,8,372.7828,-87.3431,0.1044,32,0.8000,0.2000,5,5,1,0,0,5,1,0.8000
2,204.0000,1,9,284.3739,-86.6996,1.0478,33,0.8250,0.0000,4,4,0,0,0,4,0,1.0000
2,204.0000,2,5,339.3610,-86.5077,0.0703,31,0.7750,0.5000,6,4,0,0,0,4,0,1.0000
2,204.0000,2,6,395.3906,-87.8321,0.2017,26,0.6500,0.8571,7,6,3,0,0,6,3,0.5000
2,204.0000,2,12,494.8290,-87.8610,-0.0806,10,0.2500,1.0000,8,8,8,0,0,8,8,0.0000
2,204.0000,2,13,608.9454,-88.3414,0.5302,9,0.2250,1.0000,6,6,6,0,0,6,6,0.0000
2,204.0000,4,11,360.4541,-88.0050,0.3219,20,0.5000,0.6667,6,4,0,0,0,4,0,1.0000
2,204.0000,4,12,379.6048,-86.9998,-0.1104,26,0.6500,0.7143,7,8,6,0,0,8,6,0.2500
2,204.0000,4,13,356.9473,-87.8931,-0.0070,25,0.6250,0.5714,7,5,1,0,0,5,1,0.8000
2,204.0000,5,2,339.3610,-86.7611,0.4485,32,0.8000,0.5000,6,6,2,0,0,6,2,0.6667
2,204.0000,5,6,505.5052,-88.5029,-0.0208,11,0.2750,1.0000,8,6,3,0,0,6,3,0.5000
2,204.0000,6,2,395.3906,-87.6633,0.1808,26,0.6500,0.5000,6,5,2,0,0,5,2,0.6000
2,204.0000,6,4,630.3801,-89.0036,0.7169,6,0.1500,1.0000,4,8,8,0,0,8,8,0.0000
2,204.0000,6,5,505.5052,-88.2586,0.0000,11,0.2750,0.7500,8,7,6,0,0,7,6,0.1429
2,204.0000,6,13,446.0555,-87.0409,-0.0471,24,0.6000,0.7143,7,7,4,0,0,7,4,0.4286
2,204.0000,7,9,452.5852,-88.9798,-0.0582,15,0.3750,0.8750,8,7,5,0,0,7,5,0.2857
2,204.0000,7,10,67.7360,-74.0528,2.9505,40,1.0000,0.0000,4,5,1,0,0,5,1,0.8000
2,204.0000,7,14,503.3860,-88.2354,-0.0663,21,0.5250,0.8400,50,8,8,0,0,8,8,0.0000
2,204.0000,8,0,92.0933,-79.1383,1.7636,40,1.0000,0.0000,4,4,0,0,0,4,0,1.0000
2,204.0000,8,1,372.7828,-87.1495,0.3346,26,0.6500,0.3333,6,5,2,0,0,5,2,0.6000
2,204.0000,8,9,363.6507,-87.8675,-0.0446,21,0.5250,0.5000,6,6,3,0,0,6,3,0.5000
2,204.0000,8,10,667.4990,-89.1596,-0.9265,3,0.0750,1.0000,8,6,6,0,0,6,6,0.0000
2,204.0000,8,14,596.7003,-87.9707,-0.5940,16,0.4000,0.8750,8,8,8,0,0,8,8,0.0000
2,204.0000,9,0,340.6999,-87.4694,0.4251,21,0.5250,0.6667,6,5,1,0,0,5,1,0.8000
2,204.0000,9,1,284.3739,-86.9370,0.3052,32,0.8000,0.2857,7,5,1,0,0,5,1,0.8000
2,204.0000,9,7,452.5852,-88.2350,-0.1481,26,0.6500,0.7143,7,7,6,0,0,7,6,0.1429
2,204.0000,9,8,363.6507,-88.1612,0.6486,25,0.6250,0.8750,8,7,4,0,0,7,4,0.4286
2,204.0000,9,10,448.5311,-87.7115,-0.3229,26,0.6500,0.7500,8,7,6,0,0,7,6,0.1429
2,204.0000,9,14,548.7972,-88.7151,-0.0299,6,0.1500,0.8571,7,8,8,0,0,8,8,0.0000
2,204.0000,10,7,67.7360,-74.1487,3.2062,40,1.0000,0.0000,27,5,1,0,0,5,1,0.8000
2,204.0000,10,8,667.4990,-88.8051,0.7739,5,0.1250,1.0000,6,4,4,0,0,4,4,0.0000
2,204.0000,10,9,448.5311,-87.0758,-0.2017,32,0.8000,0.5714,7,8,8,0,0,8,8,0.0000
2,204.0000,10,14,447.7021,-88.5411,0.0371,25,0.6250,0.8136,59,8,7,90,68,98,75,0.2347
2,204.0000,11,4,360.4541,-88.2244,0.6027,22,0.5500,0.8571,7,6,2,0,0,6,2,0.6667
2,204.0000,11,6,676.9277,-89.4518,-0.1013,3,0.0750,1.0000,2,6,6,0,0,6,6,0.0000
2,204.0000,11,12,671.0108,-89.0471,0.0160,5,0.1250,1.0000,2,2,2,0,0,2,2,0.0000
2,204.0000,11,13,361.3799,-87.3433,-0.0490,24,0.6000,0.7500,8,4,0,0,0,4,0,1.0000
2,204.0000,12,2,494.8290,-88.7585,-0.1985,13,0.3333,0.8750,8,7,6,0,0,7,6,0.1429
2,204.0000,12,4,379.6048,-86.6281,-0.0044,26,0.6667,0.2000,5,6,4,0,0,6,4,0.3333
2,204.0000,12,6,623.7862,-88.9724,0.5652,4,0.1026,1.0000,8,8,8,0,0,8,8,0.0000
2,204.0000,12,13,428.5728,-87.2025,-0.2442,29,0.7436,0.7143,7,7,6,0,0,7,6,0.1429
2,204.0000,13,2,608.9454,-88.6080,0.6991,4,0.1000,1.0000,8,6,6,0,0,6,6,0.0000
2,204.0000,13,4,356.9473,-87.3375,0.4515,33,0.8250,0.5714,7,7,4,0,0,7,4,0.4286
2,204.0000,13,6,446.0555,-87.4337,-0.4953,26,0.6500,0.5714,7,6,3,0,0,6,3,0.5000
2,204.0000,13,11,361.3799,-87.8983,0.4356,23,0.5750,0.8571,7,5,1,0,0,5,1,0.8000
2,204.0000,13,12,428.5728,-87.0247,-0.4384,27,0.6750,0.5000,6,7,6,0,0,7,6,0.1429
2,204.0000,14,0,641.0265,-89.3959,0.1196,6,0.1500,1.0000,8,6,6,0,0,6,6,0.0000
2,204.0000,14,7,503.3860,-88.3836,-0.0422,18,0.4500,0.6250,8,8,8,0,0,8,8,0.0000
2,204.0000,14,8,596.7003,-87.9961,-0.2217,11,0.2750,0.8750,8,6,5,0,0,6,5,0.1667
2,204.0000,14,9,548.7972,-88.4028,0.0496,8,0.2000,0.8571,7,8,8,0,0,8,8,0.0000
2,204.0000,14,10,447.7021,-87.8650,-0.3167,17,0.4250,0.5714,7,8,6,0,0,8,6,0.2500
2,208.0000,0,1,358.8320,-85.9541,-0.1459,32,0.8000,0.2000,5,7,5,0,0,7,5,0.2857
2,208.0000,0,7,625.4075,-89.2925,0.3747,3,0.0750,,0,6,6,0,0,6,6,0.0000
2,208.0000,0,8,112.2039,-73.4208,-0.8208,40,1.0000,0.0000,4,4,0,0,0,4,0,1.0000
2,208.0000,0,9,235.0676,-84.7616,0.0801,39,0.9750,0.0000,4,4,0,0,0,4,0,1.0000
2,208.0000,1,0,358.8320,-86.4269,-0.5294,28,0.7000,0.5714,7,5,2,0,0,5,2,0.6000
2,208.0000,1,8,372.1134,-86.6373,-0.0017,30,0.7500,0.2000,5,4,0,0,0,4,0,1.0000
2,208.0000,1,9,296.0392,-84.1053,-0.2174,37,0.9250,0.0000,4,5,1,0,0,5,1,0.8000
2,208.0000,2,5,262.2755,-86.0215,0.3685,36,0.9000,0.0000,4,4,0,0,0,4,0,1.0000
2,208.0000,2,6,405.7745,-87.8203,0.3968,22,0.5500,0.5000,6,4,0,0,0,4,0,1.0000
2,208.0000,2,12,466.3465,-88.5422,0.0709,13,0.3250,1.0000,8,7,5,0,0,7,5,0.2857
2,208.0000,4,6,651.9997,-89.3017,-0.4231,4,0.1000,0.8571,7,6,6,0,0,6,6,0.0000
2,208.0000,4,11,248.6647,-85.4169,0.8361,33,0.8250,0.0000,4,4,0,0,0,4,0,1.0000
2,208.0000,4,12,469.7951,-87.8689,-0.1592,24,0.6000,0.7500,8,8,6,0,0,8,6,0.2500
2,208.0000,4,13,293.0448,-86.3549,0.5597,35,0.8750,0.2000,5,5,1,0,0,5,1,0.8000
2,208.0000,5,2,262.2755,-85.7293,0.8454,36,0.8780,0.3333,6,4,0,0,0,4,0,1.0000
2,208.0000,5,6,361.2365,-87.5610,1.0388,24,0.5854,0.5000,6,4,0,0,0,4,0,1.0000
2,208.0000,6,2,405.7745,-87.4755,-0.0239,23,0.5750,0.4000,5,7,5,0,0,7,5,0.2857
2,208.0000,6,4,651.9997,-89.3968,-0.7085,3,0.0750,1.0000,8,6,6,0,0,6,6,0.0000
2,208.0000,6,5,361.2365,-87.6097,0.1305,24,0.6000,0.8571,7,4,0,0,0,4,0,1.0000
2,208.0000,6,11,646.1489,-89.5784,0.1355,3,0.0750,1.0000,4,8,8,0,0,8,8,0.0000
2,208.0000,6,12,653.4017,-88.2056,-0.6964,4,0.1000,1.0000,8,4,4,0,0,4,4,0.0000
2,208.0000,6,13,557.3550,-88.2765,-0.1596,13,0.3250,0.5714,7,8,8,0,0,8,8,0.0000
2,208.0000,7,9,506.0280,-87.9984,-0.3621,14,0.3500,0.7143,7,8,8,0,0,8,8,0.0000
2,208.0000,7,10,231.5699,-78.7467,-3.2858,40,1.0000,0.2000,5,4,0,0,0,4,0,1.0000
2,208.0000,7,14,591.5456,-88.1671,0.3353,10,0.2500,1.0000,8,8,8,0,0,8,8,0.0000
2,208.0000,8,0,112.2039,-73.3398,-0.5682,41,1.0000,0.0000,4,4,0,0,0,4,0,1.0000
2,208.0000,8,1,372.1134,-86.8445,0.0713,30,0.7317,0.4000,5,6,4,0,0,6,4,0.3333
2,208.0000,8,7,699.7654,-89.7141,0.1192,3,0.0732,1.0000,4,6,6,0,0,6,6,0.0000
2,208.0000,8,9,331.6852,-86.4094,0.2643,37,0.9024,0.5000,6,5,1,0,0,5,1,0.8000
2,208.0000,9,0,235.0676,-84.9649,0.9669,37,0.9250,0.2000,5,4,0,0,0,4,0,1.0000
2,208.0000,9,1,296.0392,-85.2881,0.1636,38,0.9500,0.2000,5,5,2,0,0,5,2,0.6000
2,208.0000,9,7,506.0280,-87.8269,-0.3476,17,0.4250,0.8571,7,8,8,0,0,8,8,0.0000
2,208.0000,9,8,331.6852,-86.6963,0.5978,33,0.8250,0.5714,7,5,2,0,0,5,2,0.6000
2,208.0000,9,10,584.4804,-88.4078,-0.8800,15,0.3750,0.8571,7,6,6,4,4,10,10,0.0000
2,208.0000,9,14,530.6897,-88.7289,0.0782,7,0.1750,1.0000,8,8,7,0,0,8,7,0.1250
2,208.0000,10,0,685.6823,-88.9779,-2.4829,3,0.0732,1.0000,4,4,4,0,0,4,4,0.0000
2,208.0000,10,7,231.5699,-78.3236,-2.8771,41,1.0000,0.2000,5,5,2,21,0,26,2,0.9231
2,208.0000,10,9,584.4804,-88.6498,0.2711,15,0.3659,1.0000,8,8,8,52,52,60,60,0.0000
2,208.0000,10,14,442.4443,-88.2304,-0.0133,25,0.6098,0.7653,98,8,6,10,8,18,14,0.2222
2,208.0000,11,4,248.6647,-85.7726,0.8572,36,0.9000,0.3333,6,4,0,0,0,4,0,1.0000
2,208.0000,11,13,285.3579,-86.2034,0.4141,35,0.8750,0.0000,4,4,0,0,0,4,0,1.0000
2,208.0000,12,2,466.3465,-88.4634,0.1221,16,0.4000,0.8571,7,7,6,0,0,7,6,0.1429
2,208.0000,12,4,469.7951,-87.4936,-0.3238,24,0.6000,0.6667,6,7,6,0,0,7,6,0.1429
2,208.0000,12,6,653.4017,-88.4887,1.9918,3,0.0750,1.0000,8,8,8,0,0,8,8,0.0000
2,208.0000,12,13,567.2079,-88.6934,0.0814,14,0.3500,0.8571,7,2,2,0,0,2,2,0.0000
2,208.0000,13,4,293.0448,-85.8421,-0.2903,33,0.8250,0.5714,7,4,0,0,0,4,0,1.0000
2,208.0000,13,6,557.3550,-88.4190,-0.3105,12,0.3000,0.5000,6,8,8,0,0,8,8,0.0000
2,208.0000,13,11,285.3579,-86.3307,1.0471,33,0.8250,0.2000,5,4,0,0,0,4,0,1.0000
2,208.0000,13,12,567.2079,-87.9904,0.3878,14,0.3500,0.8571,7,6,6,0,0,6,6,0.0000
2,208.0000,14,0,578.2866,-88.7795,-0.7072,3,0.0750,1.0000,6,8,7,0,0,8,7,0.1250
2,208.0000,14,7,591.5456,-88.7563,-0.2263,7,0.1750,1.0000,8,8,8,0,0,8,8,0.0000
2,208.0000,14,8,677.2612,-88.1023,-1.5672,4,0.1000,0.8333,6,4,4,0,0,4,4,0.0000
2,208.0000,14,9,530.6897,-88.8320,0.3536,15,0.3750,1.0000,8,7,6,0,0,7,6,0.1429
2,208.0000,14,10,442.4443,-87.9463,-0.3038,23,0.5750,0.7500,8,8,7,0,0,8,7,0.1250
2,212.0000,0,1,426.5095,-87.5997,-0.2044,28,0.7000,0.7143,7,6,3,0,0,6,3,0.5000
2,212.0000,0,7,547.3085,-89.5153,0.2323,3,0.0750,1.0000,6,7,6,0,0,7,6,0.1429
2,212.0000,0,8,224.0560,-80.4566,-1.7436,40,1.0000,0.0000,4,4,0,0,0,4,0,1.0000
2,212.0000,0,9,234.5629,-83.5910,0.5631,40,1.0000,0.0000,4,5,1,0,0,5,1,0.8000
2,212.0000,0,14,466.9680,-87.5869,0.3952,8,0.2000,0.8571,7,7,6,0,0,7,6,0.1429
2,212.0000,1,0,426.5095,-87.2346,-0.2990,25,0.6250,0.4000,5,8,8,0,0,8,8,0.0000
2,212.0000,1,8,383.6272,-87.4271,-0.3925,28,0.7000,0.0000,4,7,5,0,0,7,5,0.2857
2,212.0000,1,9,403.1299,-86.1998,-0.4139,34,0.8500,0.2000,5,7,5,0,0,7,5,0.2857
2,212.0000,2,5,234.1526,-84.0994,-0.0730,39,0.9750,0.0000,4,4,0,0,0,4,0,1.0000
2,212.0000,2,6,409.9140,-87.8067,0.4518,26,0.6500,0.0000,4,6,2,0,0,6,2,0.6667
2,212.0000,2,12,470.1812,-88.7304,0.0040,14,0.3500,0.7143,7,7,5,0,0,7,5,0.2857
2,212.0000,3,13,639.8910,-89.6093,0.1304,3,0.0750,1.0000,4,7,6,0,0,7,6,0.1429
2,212.0000,4,6,705.1668,-89.1122,-0.2508,3,0.0750,1.0000,6,6,6,0,0,6,6,0.0000
2,212.0000,4,11,199.2782,-82.5472,0.1618,40,1.0000,0.0000,4,4,0,0,0,4,0,1.0000
2,212.0000,4,12,620.9421,-88.3966,-0.5388,7,0.1750,0.7500,8,6,6,0,0,6,6,0.0000
2,212.0000,4,13,233.2319,-84.1939,0.2100,39,0.9750,0.2000,5,4,0,0,0,4,0,1.0000
2,212.0000,5,2,234.1526,-83.4269,0.4457,40,1.0000,0.0000,4,4,0,0,0,4,0,1.0000
2,212.0000,5,6,218.2783,-84.6321,1.0842,39,0.9750,0.0000,4,4,0,0,0,4,0,1.0000
2,212.0000,6,2,409.9140,-87.3270,-0.0770,23,0.5750,0.7143,7,8,7,0,0,8,7,0.1250
2,212.0000,6,4,705.1668,-89.5231,0.3656,5,0.1250,1.0000,6,6,6,0,0,6,6,0.0000
2,212.0000,6,5,218.2783,-85.4638,1.2405,36,0.9000,0.0000,4,5,0,0,0,5,0,1.0000
2,212.0000,6,11,618.2419,-89.1747,0.0654,5,0.1250,1.0000,8,8,8,0,0,8,8,0.0000
2,212.0000,6,13,688.2556,-89.1895,0.4507,6,0.1500,1.0000,8,6,6,0,0,6,6,0.0000
2,212.0000,7,1,562.3300,-88.8048,0.2253,7,0.1750,1.0000,4,7,6,0,0,7,6,0.1429
2,212.0000,7,9,601.7172,-88.4147,-0.1625,8,0.2000,1.0000,8,8,7,0,0,8,7,0.1250
2,212.0000,7,10,293.5781,-84.8245,-0.0323,40,1.0000,0.0000,4,5,1,0,0,5,1,0.8000
2,212.0000,7,14,679.4726,-89.2727,-0.0006,5,0.1250,1.0000,8,2,2,0,0,2,2,0.0000
2,212.0000,8,0,224.0560,-79.8326,-1.3737,39,0.9750,0.0000,4,5,1,0,0,5,1,0.8000
2,212.0000,8,1,383.6272,-87.7573,-0.4603,22,0.5500,0.6667,6,7,6,0,0,7,6,0.1429
2,212.0000,8,9,361.1050,-86.2192,0.2461,30,0.7500,0.2000,5,6,4,0,0,6,4,0.3333
2,212.0000,9,0,234.5629,-83.6432,-0.1344,40,1.0000,0.0000,4,4,0,0,0,4,0,1.0000
2,212.0000,9,1,403.1299,-86.1469,-0.3929,36,0.9000,0.4000,5,8,8,0,0,8,8,0.0000
2,212.0000,9,7,601.7172,-89.0509,-0.2682,10,0.2500,1.0000,8,8,8,0,0,8,8,0.0000
2,212.0000,9,8,361.1050,-86.4502,-0.2657,31,0.7750,0.4000,5,6,4,0,0,6,4,0.3333
2,212.0000,9,14,464.0866,-88.4688,-0.1586,13,0.3250,0.8750,8,8,6,0,0,8,6,0.2500
2,212.0000,10,0,527.0185,-88.9840,0.6718,4,0.1000,1.0000,4,8,7,0,0,8,7,0.1250
2,212.0000,10,7,293.5781,-84.4519,-0.3571,38,0.9500,0.0769,26,5,2,7,2,12,4,0.6667
2,212.0000,10,9,575.2748,-88.5143,1.2944,3,0.0750,1.0000,60,8,8,0,0,8,8,0.0000
2,212.0000,10,14,446.0059,-88.3580,0.3038,17,0.4250,0.7778,18,7,6,79,62,86,68,0.2093
2,212.0000,11,4,199.2782,-82.1364,0.5340,40,1.0000,0.0000,4,4,0,0,0,4,0,1.0000
2,212.0000,11,6,618.2419,-89.3256,0.2750,6,0.1500,0.8333,6,8,8,0,0,8,8,0.0000
2,212.0000,11,13,278.5059,-85.1730,0.0805,40,1.0000,0.0000,4,6,3,0,0,6,3,0.5000
2,212.0000,12,2,470.1812,-88.4095,0.1852,18,0.4390,0.8571,7,8,8,0,0,8,8,0.0000
2,212.0000,12,4,620.9421,-88.0812,-0.2317,11,0.2683,0.8571,7,4,4,0,0,4,4,0.0000
2,212.0000,12,5,645.3234,-89.4484,0.2319,3,0.0732,1.0000,6,4,4,0,0,4,4,0.0000
2,212.0000,13,3,639.8910,-88.8537,-0.9443,3,0.0750,1.0000,8,6,6,0,0,6,6,0.0000
2,212.0000,13,4,233.2319,-84.5822,0.1571,40,1.0000,0.0000,4,4,0,0,0,4,0,1.0000
2,212.0000,13,6,688.2556,-88.7262,-0.6572,3,0.0750,1.0000,8,6,6,0,0,6,6,0.0000
2,212.0000,13,11,278.5059,-84.6488,0.0042,39,0.9750,0.0000,4,5,2,0,0,5,2,0.6000
2,212.0000,14,0,466.9680,-88.6982,0.7423,8,0.2051,0.8750,8,5,2,0,0,5,2,0.6000
2,212.0000,14,7,679.4726,-89.1838,-0.1843,5,0.1282,1.0000,8,4,4,0,0,4,4,0.0000
2,212.0000,14,9,464.0866,-88.5613,0.4401,18,0.4615,0.8571,7,8,5,0,0,8,5,0.3750
2,212.0000,14,10,446.0059,-87.6905,-0.1956,23,0.5897,0.8750,8,7,4,0,0,7,4,0.4286
2,216.0000,0,1,527.7367,-88.0056,-0.4726,16,0.4000,0.5000,6,7,6,0,0,7,6,0.1429
2,216.0000,0,7,503.7131,-88.8064,-0.1620,9,0.2250,0.8571,7,8,8,0,0,8,8,0.0000
2,216.0000,0,8,353.0610,-85.1727,-0.9553,36,0.9000,0.0000,4,6,3,0,0,6,3,0.5000
2,216.0000,0,9,328.7339,-84.7360,-0.7021,34,0.8500,0.2000,5,6,3,0,0,6,3,0.5000
2,216.0000,0,10,354.9080,-87.5331,-0.0009,22,0.5500,0.4000,5,5,1,0,0,5,1,0.8000
2,216.0000,0,14,410.5893,-88.0958,0.3277,23,0.5750,0.8571,7,6,3,0,0,6,3,0.5000
2,216.0000,1,0,527.7367,-88.1458,-0.2487,17,0.4250,1.0000,8,8,7,0,0,8,7,0.1250
2,216.0000,1,7,513.6234,-88.2287,0.2461,14,0.3500,1.0000,8,7,5,0,0,7,5,0.2857
2,216.0000,1,8,399.0969,-86.9020,0.2361,20,0.5000,0.7143,7,5,1,0,0,5,1,0.8000
2,216.0000,1,9,591.8956,-87.6398,-0.8005,10,0.2500,0.7143,7,8,8,0,0,8,8,0.0000
2,216.0000,2,5,290.0918,-84.3722,-0.2556,38,0.9268,0.0000,4,4,0,0,0,4,0,1.0000
2,216.0000,2,6,428.4062,-88.0619,-0.0138,28,0.6829,0.3333,6,6,2,0,0,6,2,0.6667
2,216.0000,2,12,475.7609,-88.5210,-0.2509,14,0.3415,0.7143,7,7,6,0,0,7,6,0.1429
2,216.0000,4,11,246.8554,-82.3575,-0.5385,39,0.9750,0.0000,4,4,0,0,0,4,0,1.0000
2,216.0000,4,13,176.8918,-82.2788,1.0922,40,1.0000,0.0000,4,4,0,0,0,4,0,1.0000
2,216.0000,5,2,290.0918,-84.3882,-0.9310,36,0.9231,0.0000,4,5,2,0,0,5,2,0.6000
2,216.0000,5,6,154.2050,-80.8281,1.0480,39,1.0000,0.0000,4,4,0,0,0,4,0,1.0000
2,216.0000,5,12,624.8656,-88.8372,-0.7871,4,0.1026,1.0000,4,6,6,0,0,6,6,0.0000
2,216.0000,6,2,428.4062,-88.1641,0.2440,21,0.5250,0.8750,8,7,5,0,0,7,5,0.2857
2,216.0000,6,5,154.2050,-81.1424,0.8216,40,1.0000,0.0000,5,3,0,0,0,3,0,1.0000
2,216.0000,6,11,583.6195,-88.5700,0.9620,4,0.1000,1.0000,8,6,4,0,0,6,4,0.3333
2,216.0000,7,0,503.7131,-88.7147,0.2592,10,0.2500,1.0000,8,8,8,0,0,8,8,0.0000
2,216.0000,7,1,513.6234,-88.3304,0.0788,10,0.2500,0.8571,7,7,6,0,0,7,6,0.1429
2,216.0000,7,10,357.3291,-86.4912,-0.4533,31,0.7750,0.2000,5,5,2,0,0,5,2,0.6000
2,216.0000,8,0,353.0610,-84.6359,-0.8300,34,0.8500,0.2000,5,6,4,0,0,6,4,0.3333
2,216.0000,8,1,399.0969,-87.7055,-0.4071,31,0.7750,0.8571,7,8,6,0,0,8,6,0.2500
2,216.0000,8,9,471.3994,-87.5583,-0.1253,22,0.5500,0.6667,6,8,8,0,0,8,8,0.0000
2,216.0000,9,0,328.7339,-84.5905,-0.4998,37,0.9250,0.0000,4,7,5,0,0,7,5,0.2857
2,216.0000,9,1,591.8956,-88.6558,-0.3005,17,0.4250,1.0000,8,2,2,0,0,2,2,0.0000
2,216.0000,9,8,471.3994,-87.8088,-0.3734,29,0.7250,0.6667,6,8,8,0,0,8,8,0.0000
2,216.0000,9,10,545.5096,-88.8078,0.0490,11,0.2750,0.8571,7,8,8,0,0,8,8,0.0000
2,216.0000,9,14,385.5219,-87.3596,0.4096,20,0.5000,0.7500,8,5,2,0,0,5,2,0.6000
2,216.0000,10,0,354.9080,-87.3006,0.7930,20,0.5000,0.8750,8,4,0,0,0,4,0,1.0000
2,216.0000,10,7,357.3291,-86.6635,-0.2090,34,0.8500,0.3333,12,5,2,0,0,5,2,0.6000
2,216.0000,10,9,545.5096,-88.8937,0.0154,7,0.1750,1.0000,8,8,8,0,0,8,8,0.0000
2,216.0000,10,14,459.4890,-87.9238,-0.1632,22,0.5500,0.7907,86,8,6,92,71,100,77,0.2300
2,216.0000,11,4,246.8554,-82.7256,-0.9481,39,1.0000,0.0000,4,5,2,0,0,5,2,0.6000
2,216.0000,11,6,583.6195,-88.9105,-0.2192,6,0.1538,1.0000,8,7,6,0,0,7,6,0.1429
2,216.0000,11,13,378.0878,-85.7008,-1.3339,31,0.7949,0.5000,6,6,4,0,0,6,4,0.3333
2,216.0000,12,2,475.7609,-88.1293,-0.4140,20,0.5128,1.0000,8,8,6,0,0,8,6,0.2500
2,216.0000,13,4,176.8918,-81.9805,0.5494,40,1.0000,0.0000,4,4,0,0,0,4,0,1.0000
2,216.0000,13,11,378.0878,-86.0207,-0.4209,33,0.8250,0.4000,5,6,3,0,0,6,3,0.5000
2,216.0000,14,0,410.5893,-88.0404,0.0032,21,0.5122,0.4000,5,7,5,0,0,7,5,0.2857
2,216.0000,14,3,632.6766,-89.5988,-0.0213,4,0.0976,1.0000,6,6,6,0,0,6,6,0.0000
2,216.0000,14,9,385.5219,-88.0619,0.3113,24,0.5854,0.6250,8,4,0,0,0,4,0,1.0000
2,216.0000,14,10,459.4890,-88.0544,-0.3715,16,0.3902,0.5714,7,7,6,0,0,7,6,0.1429
2,220.0000,0,1,626.0760,-88.9337,-0.9187,5,0.1250,0.8571,7,6,6,0,0,6,6,0.0000
2,220.0000,0,7,475.8236,-88.6180,-0.2115,16,0.4000,1.0000,8,7,5,0,0,7,5,0.2857
2,220.0000,0,8,479.4420,-87.9154,-0.1237,31,0.7750,0.5000,6,7,6,0,0,7,6,0.1429
2,220.0000,0,9,470.2017,-87.0661,-0.5045,23,0.5750,0.5000,6,8,8,0,0,8,8,0.0000
2,220.0000,0,10,201.0697,-84.9047,1.4707,38,0.9500,0.2000,5,4,0,0,0,4,0,1.0000
2,220.0000,0,14,404.6344,-87.7404,0.1933,30,0.7500,0.5000,6,5,2,0,0,5,2,0.6000
2,220.0000,1,7,447.4885,-87.8989,0.1078,18,0.4390,0.7143,7,7,6,0,0,7,6,0.1429
2,220.0000,1,8,414.3580,-88.2558,0.2672,27,0.6585,0.2000,5,8,6,0,0,8,6,0.2500
2,220.0000,2,5,411.4087,-85.9165,-0.4460,29,0.7436,0.0000,4,8,7,0,0,8,7,0.1250
2,220.0000,2,6,431.6416,-87.4541,0.2080,18,0.4615,0.3333,6,6,3,0,0,6,3,0.5000
2,220.0000,2,12,530.0937,-88.4970,-0.2305,10,0.2564,0.8571,7,8,8,0,0,8,8,0.0000
2,220.0000,3,13,554.2030,-89.1443,-0.2291,8,0.2000,1.0000,6,8,8,91,85,99,93,0.0606
2,220.0000,3,14,572.1674,-88.5571,-0.9830,6,0.1500,1.0000,8,6,6,0,0,6,6,0.0000
2,220.0000,4,11,325.2534,-84.8156,-0.4357,38,0.9500,0.0000,4,6,3,0,0,6,3,0.5000
2,220.0000,4,13,180.7944,-81.0654,0.5238,40,1.0000,0.0000,4,4,0,0,0,4,0,1.0000
2,220.0000,5,2,411.4087,-86.8008,-0.5336,29,0.7250,0.4000,5,7,6,0,0,7,6,0.1429
2,220.0000,5,6,164.8317,-80.6552,-0.1008,40,1.0000,0.0000,4,4,0,0,0,4,0,1.0000
2,220.0000,5,11,407.0696,-88.0817,0.1679,12,0.3000,0.5000,6,5,2,0,0,5,2,0.6000
2,220.0000,5,12,599.5613,-89.0624,-0.0164,6,0.1500,1.0000,6,4,4,0,0,4,4,0.0000
2,220.0000,6,2,431.6416,-88.4069,-0.1566,24,0.6000,0.7143,7,8,6,0,0,8,6,0.2500
2,220.0000,6,5,164.8317,-79.3000,-0.4607,39,0.9750,0.0000,3,4,0,0,0,4,0,1.0000
2,220.0000,6,11,475.5089,-88.8692,-0.1085,9,0.2250,0.6667,6,6,4,0,0,6,4,0.3333
2,220.0000,7,0,475.8236,-88.7816,-0.0517,16,0.4000,1.0000,8,8,7,0,0,8,7,0.1250
2,220.0000,7,1,447.4885,-87.9980,0.4705,17,0.4250,0.8571,7,8,6,0,0,8,6,0.2500
2,220.0000,7,10,393.4699,-87.3778,-0.0915,37,0.9250,0.4000,5,7,6,0,0,7,6,0.1429
2,220.0000,8,0,479.4420,-87.4915,-0.4136,23,0.5750,0.6667,6,8,7,0,0,8,7,0.1250
2,220.0000,8,1,414.3580,-86.7759,-0.1396,25,0.6250,0.7500,8,7,5,0,0,7,5,0.2857
2,220.0000,8,7,625.1003,-89.4616,0.1639,7,0.1750,1.0000,6,8,8,0,0,8,8,0.0000
2,220.0000,8,9,605.3357,-88.6274,0.4727,6,0.1500,1.0000,8,8,8,0,0,8,8,0.0000
2,220.0000,8,10,629.5311,-89.2674,0.4114,4,0.1000,1.0000,4,6,6,0,0,6,6,0.0000
2,220.0000,9,0,470.2017,-87.6757,-0.4164,25,0.6098,0.7143,7,8,8,0,0,8,8,0.0000
2,220.0000,9,1,772.1436,-89.5172,-0.0483,4,0.0976,1.0000,2,2,2,0,0,2,2,0.0000
2,220.0000,9,8,605.3357,-88.5433,-0.1150,6,0.1463,1.0000,8,4,4,0,0,4,4,0.0000
2,220.0000,9,10,555.6601,-89.2338,-0.0765,10,0.2439,1.0000,8,8,8,0,0,8,8,0.0000
2,220.0000,9,14,323.4989,-86.0310,0.7679,33,0.8049,0.4000,5,4,0,0,0,4,0,1.0000
2,220.0000,10,0,201.0697,-84.6844,1.3472,38,0.9500,0.0000,4,4,0,0,0,4,0,1.0000
2,220.0000,10,7,393.4699,-87.2784,-0.0775,28,0.7000,0.4000,5,9,7,0,0,9,7,0.2222
2,220.0000,10,9,555.6601,-88.5655,-0.1133,11,0.2750,1.0000,8,8,8,0,0,8,8,0.0000
2,220.0000,10,14,468.9380,-88.2772,-0.3532,17,0.4250,0.7700,100,7,4,101,94,108,98,0.0926
2,220.0000,11,4,325.2534,-85.6270,-0.5989,40,0.9756,0.4000,5,5,1,0,0,5,1,0.8000
2,220.0000,11,5,407.0696,-88.3908,0.2679,16,0.3902,0.8571,7,5,1,0,0,5,1,0.8000
2,220.0000,11,6,475.5089,-88.5359,0.3204,8,0.1951,0.8571,7,6,3,0,0,6,3,0.5000
2,220.0000,11,13,503.0381,-87.7512,-0.3280,25,0.6098,0.6667,6,8,8,0,0,8,8,0.0000
2,220.0000,12,2,530.0937,-88.6524,-0.2721,17,0.4250,0.7500,8,8,8,0,0,8,8,0.0000
2,220.0000,12,5,599.5613,-88.3992,-0.0359,3,0.0750,1.0000,8,8,8,0,0,8,8,0.0000
2,220.0000,12,11,656.8144,-89.3196,-0.2981,3,0.0750,1.0000,2,4,4,0,0,4,4,0.0000
2,220.0000,13,3,554.2030,-89.0173,-0.0385,5,0.1250,1.0000,6,7,6,0,0,7,6,0.1429
2,220.0000,13,4,180.7944,-80.4255,-0.0390,40,1.0000,0.0000,4,4,0,0,0,4,0,1.0000
2,220.0000,13,11,503.0381,-88.0459,-0.4968,26,0.6500,0.5000,6,8,8,0,0,8,8,0.0000
2,220.0000,14,0,404.6344,-87.4316,-0.2421,28,0.7000,0.7143,7,6,3,0,0,6,3,0.5000
2,220.0000,14,3,572.1674,-89.0668,-0.2286,5,0.1250,1.0000,6,8,7,0,0,8,7,0.1250
2,220.0000,14,9,323.4989,-86.9824,0.1660,33,0.8250,0.0000,4,6,2,0,0,6,2,0.6667
2,220.0000,14,10,468.9380,-87.9835,-0.1253,16,0.4000,0.8571,7,8,8,0,0,8,8,0.0000
2,224.0000,0,7,512.3242,-87.9384,-0.2926,15,0.3750,0.7143,7,8,8,0,0,8,8,0.0000
2,224.0000,0,8,636.9681,-88.6350,0.2337,9,0.2250,0.8571,7,6,6,0,0,6,6,0.0000
2,224.0000,0,9,628.5202,-88.9258,-0.5411,5,0.1250,1.0000,8,8,8,0,0,8,8,0.0000
2,224.0000,0,10,141.5070,-79.3685,0.9966,39,0.9750,0.0000,4,4,0,0,0,4,0,1.0000
2,224.0000,0,14,460.4474,-87.8679,-0.0808,25,0.6250,0.4000,5,8,8,0,0,8,8,0.0000
2,224.0000,1,7,364.1821,-87.6337,0.3995,24,0.6154,0.8571,7,5,2,0,0,5,2,0.6000
2,224.0000,1,8,457.1272,-87.3971,-0.2712,19,0.4872,0.7500,8,7,6,0,0,7,6,0.1429
2,224.0000,2,5,503.3687,-87.9748,-0.5081,18,0.4500,0.8750,8,7,6,0,0,7,6,0.1429
2,224.0000,2,6,429.5494,-87.9371,-0.3776,15,0.3750,0.5000,6,8,6,0,0,8,6,0.2500
2,224.0000,2,12,577.2406,-88.7220,-0.0271,7,0.1750,1.0000,8,8,8,0,0,8,8,0.0000
2,224.0000,3,4,557.6922,-88.8238,0.0962,6,0.1500,0.8571,7,8,8,0,0,8,8,0.0000
2,224.0000,3,13,521.1463,-88.8708,-0.1133,8,0.2000,0.9394,99,8,7,101,93,109,100,0.0826
2,224.0000,3,14,515.1845,-88.4913,-1.2677,5,0.1250,1.0000,6,8,8,0,0,8,8,0.0000
2,224.0000,4,3,557.6922,-89.0845,0.4365,5,0.1250,1.0000,8,7,6,0,0,7,6,0.1429
2,224.0000,4,5,518.4876,-88.3548,-0.1606,9,0.2250,1.0000,8,7,6,0,0,7,6,0.1429
2,224.0000,4,11,447.5875,-87.0886,-0.4329,25,0.6250,0.5000,6,8,8,0,0,8,8,0.0000
2,224.0000,4,13,215.4696,-81.5370,0.0651,40,1.0000,0.0000,4,5,1,0,0,5,1,0.8000
2,224.0000,5,2,503.3687,-88.1922,0.0434,18,0.4500,0.8571,7,7,5,0,0,7,5,0.2857
2,224.0000,5,4,518.4876,-88.6174,-0.3743,9,0.2250,0.8571,7,8,8,0,0,8,8,0.0000
2,224.0000,5,6,202.4602,-80.9384,-1.0039,39,0.9750,0.0000,4,4,0,0,0,4,0,1.0000
2,224.0000,5,11,261.7646,-85.9467,0.7919,32,0.8000,0.4000,5,4,0,0,0,4,0,1.0000
2,224.0000,5,12,536.0767,-88.7332,-0.6771,6,0.1500,1.0000,4,8,8,0,0,8,8,0.0000
2,224.0000,6,2,429.5494,-88.1715,-0.1841,21,0.5250,0.7500,8,5,2,0,0,5,2,0.6000
2,224.0000,6,5,202.4602,-80.8134,-0.4534,39,0.9750,0.0000,4,4,0,0,0,4,0,1.0000
2,224.0000,6,11,293.4221,-87.2764,0.7610,29,0.7250,0.6667,6,4,0,0,0,4,0,1.0000
2,224.0000,7,0,512.3242,-88.2715,-0.0085,19,0.4750,0.8750,8,8,8,0,0,8,8,0.0000
2,224.0000,7,1,364.1821,-87.5691,-0.0882,25,0.6250,0.7500,8,7,4,0,0,7,4,0.4286
2,224.0000,7,8,621.0416,-88.9951,-0.3370,3,0.0750,1.0000,6,8,8,0,0,8,8,0.0000
2,224.0000,7,10,482.6165,-87.8016,0.0186,25,0.6250,0.8571,7,7,6,0,0,7,6,0.1429
2,224.0000,8,0,636.9681,-88.6045,-0.4622,5,0.1250,0.8750,8,2,2,0,0,2,2,0.0000
2,224.0000,8,1,457.1272,-87.9933,-0.3062,25,0.6250,0.7143,7,8,8,0,0,8,8,0.0000
2,224.0000,8,7,621.0416,-89.5294,0.3914,3,0.0750,1.0000,8,6,6,0,0,6,6,0.0000
2,224.0000,9,0,628.5202,-88.3070,-0.4914,6,0.1538,1.0000,8,4,4,0,0,4,4,0.0000
2,224.0000,9,10,562.3887,-88.2415,0.1951,9,0.2308,1.0000,8,8,8,0,0,8,8,0.0000
2,224.0000,9,14,280.8345,-86.3264,-0.4251,35,0.8974,0.0000,4,4,0,0,0,4,0,1.0000
2,224.0000,10,0,141.5070,-79.1260,0.4402,39,0.9750,0.0000,4,4,0,0,0,4,0,1.0000
2,224.0000,10,1,673.2323,-89.1269,0.5292,3,0.0750,,0,4,4,0,0,4,4,0.0000
2,224.0000,10,7,482.6165,-87.5814,-0.5580,22,0.5500,0.7778,9,7,6,0,0,7,6,0.1429
2,224.0000,10,9,562.3887,-89.0097,-0.0886,6,0.1500,1.0000,8,8,8,0,0,8,8,0.0000
2,224.0000,10,14,440.9318,-88.1224,0.3636,13,0.3250,0.9074,108,7,4,102,94,109,98,0.1009
2,224.0000,11,4,447.5875,-86.6386,-0.8399,24,0.6154,0.2000,5,8,8,0,0,8,8,0.0000
2,224.0000,11,5,261.7646,-85.5114,1.0831,27,0.6923,0.2000,5,4,0,0,0,4,0,1.0000
2,224.0000,11,6,293.4221,-86.2855,1.0363,24,0.6154,0.5000,6,4,0,0,0,4,0,1.0000
2,224.0000,11,13,651.8486,-88.6787,0.2889,6,0.1538,1.0000,8,2,2,0,0,2,2,0.0000
2,224.0000,12,2,577.2406,-89.0026,0.1571,9,0.2250,1.0000,8,8,7,0,0,8,7,0.1250
2,224.0000,12,11,571.9538,-88.7597,0.0780,3,0.0750,1.0000,4,4,4,0,0,4,4,0.0000
2,224.0000,13,3,521.1463,-88.0744,0.0568,10,0.2500,0.8571,7,7,6,0,0,7,6,0.1429
2,224.0000,13,4,215.4696,-81.9357,0.2003,40,1.0000,0.0000,4,4,0,0,0,4,0,1.0000
2,224.0000,13,11,651.8486,-88.4311,-0.3956,12,0.3000,1.0000,8,2,2,0,0,2,2,0.0000
2,224.0000,14,0,460.4474,-87.9840,0.1062,28,0.7000,0.5000,6,6,3,0,0,6,3,0.5000
2,224.0000,14,3,515.1845,-89.1256,0.2677,6,0.1500,0.8750,8,8,8,0,0,8,8,0.0000
2,224.0000,14,9,280.8345,-85.7238,-0.0262,37,0.9250,0.3333,6,4,0,0,0,4,0,1.0000
2,224.0000,14,10,440.9318,-88.6172,0.1719,19,0.4750,1.0000,8,7,6,0,0,7,6,0.1429
2,228.0000,0,7,582.9114,-89.0109,0.0401,12,0.3000,1.0000,8,8,8,0,0,8,8,0.0000
2,228.0000,0,10,261.1798,-81.4444,-1.1350,38,0.9500,0.0000,4,7,3,0,0,7,3,0.5714
2,228.0000,0,14,582.2135,-88.9671,0.1099,13,0.3250,1.0000,8,8,8,52,51,60,59,0.0167
2,228.0000,1,7,315.2979,-86.5363,0.0871,30,0.7317,0.4000,5,5,2,0,0,5,2,0.6000
2,228.0000,1,8,503.8633,-87.8744,-0.1158,11,0.2683,0.8571,7,7,6,0,0,7,6,0.1429
2,228.0000,2,5,560.7962,-88.2446,-0.0454,11,0.2750,0.8571,7,8,8,0,0,8,8,0.0000
2,228.0000,2,6,430.4459,-87.9273,-0.0863,22,0.5500,0.7500,8,6,3,0,0,6,3,0.5000
2,228.0000,2,11,554.1415,-89.2488,-0.1967,6,0.1500,,0,6,4,0,0,6,4,0.3333
2,228.0000,2,12,525.4676,-89.0894,0.1674,8,0.2000,1.0000,8,9,7,0,0,9,7,0.2222
2,228.0000,3,4,488.2488,-88.5716,0.3911,16,0.4000,1.0000,8,6,4,0,0,6,4,0.3333
2,228.0000,3,9,500.1607,-88.9307,0.1369,11,0.2750,0.8750,8,6,3,0,0,6,3,0.5000
2,228.0000,3,13,458.7573,-88.5320,-0.3174,11,0.2750,0.9174,109,7,6,95,79,102,85,0.1667
2,228.0000,3,14,464.8398,-88.0125,0.6759,16,0.4000,1.0000,8,8,7,0,0,8,7,0.1250
2,228.0000,4,3,488.2488,-88.2564,0.0163,9,0.2250,0.8571,7,6,4,0,0,6,4,0.3333
2,228.0000,4,5,426.2099,-88.4698,-0.0431,17,0.4250,0.8571,7,8,5,0,0,8,5,0.3750
2,228.0000,4,11,565.0116,-88.5466,0.0587,14,0.3500,1.0000,8,8,8,0,0,8,8,0.0000
2,228.0000,4,13,284.4108,-83.1826,-1.4223,40,1.0000,0.2000,5,5,1,0,0,5,1,0.8000
2,228.0000,5,2,560.7962,-88.8081,0.1042,10,0.2500,0.7143,7,8,8,0,0,8,8,0.0000
2,228.0000,5,4,426.2099,-88.1761,0.4329,24,0.6000,1.0000,8,6,3,0,0,6,3,0.5000
2,228.0000,5,6,266.7747,-83.3726,-0.8016,38,0.9500,0.0000,4,6,2,0,0,6,2,0.6667
2,228.0000,5,11,235.9048,-82.9779,0.5388,40,1.0000,0.0000,4,5,1,0,0,5,1,0.8000
2,228.0000,5,12,469.6781,-88.5809,-0.1321,14,0.3500,1.0000,8,6,3,0,0,6,3,0.5000
2,228.0000,5,13,681.0837,-88.5444,-0.0268,4,0.1000,,0,6,6,0,0,6,6,0.0000
2,228.0000,6,2,430.4459,-88.1528,-0.1605,24,0.6000,0.4000,5,7,6,0,0,7,6,0.1429
2,228.0000,6,5,266.7747,-83.1966,-0.5615,39,0.9750,0.0000,4,5,1,0,0,5,1,0.8000
2,228.0000,6,11,126.3893,-81.9355,1.9620,40,1.0000,0.0000,4,4,0,0,0,4,0,1.0000
2,228.0000,6,12,490.3112,-87.9307,0.3377,10,0.2500,1.0000,8,7,6,0,0,7,6,0.1429
2,228.0000,7,0,582.9114,-88.5334,-0.1357,10,0.2500,1.0000,8,8,8,0,0,8,8,0.0000
2,228.0000,7,1,315.2979,-86.1392,0.1948,30,0.7500,0.5714,7,4,0,0,0,4,0,1.0000
2,228.0000,7,8,618.7687,-88.4234,-0.1956,6,0.1500,1.0000,8,7,5,0,0,7,5,0.2857
2,228.0000,7,10,588.2937,-89.0309,-0.2092,10,0.2500,0.8571,7,6,6,0,0,6,6,0.0000
2,228.0000,8,1,503.8633,-88.1908,-0.3076,16,0.4000,1.0000,8,8,8,0,0,8,8,0.0000
2,228.0000,8,10,644.4715,-88.2277,1.7635,5,0.1250,1.0000,4,6,6,0,0,6,6,0.0000
2,228.0000,9,3,500.1607,-89.0380,0.2725,9,0.2250,0.8571,7,6,4,0,0,6,4,0.3333
2,228.0000,9,10,578.5624,-89.0890,0.3612,6,0.1500,1.0000,8,8,8,0,0,8,8,0.0000
2,228.0000,9,14,254.6555,-84.9641,0.2274,39,0.9750,0.0000,4,5,1,0,0,5,1,0.8000
2,228.0000,10,0,261.1798,-81.5257,-1.0700,40,1.0000,0.0000,4,6,4,77,46,83,50,0.3976
2,228.0000,10,7,588.2937,-88.8626,0.0298,15,0.3750,0.8571,7,4,4,0,0,4,4,0.0000
2,228.0000,10,9,578.5624,-89.2222,-0.0341,5,0.1250,1.0000,8,7,6,0,0,7,6,0.1429
2,228.0000,10,14,421.4613,-87.7394,0.0191,22,0.5500,0.8991,109,7,5,10,10,17,15,0.1176
2,228.0000,11,4,565.0116,-88.7592,-0.4826,13,0.3250,1.0000,8,8,8,0,0,8,8,0.0000
2,228.0000,11,5,235.9048,-83.7411,-0.0387,40,1.0000,0.0000,4,4,0,0,0,4,0,1.0000
2,228.0000,11,6,126.3893,-81.5382,2.1296,40,1.0000,0.0000,4,4,0,0,0,4,0,1.0000
2,228.0000,11,12,539.2429,-89.1118,0.5990,6,0.1500,1.0000,8,7,6,0,0,7,6,0.1429
2,228.0000,12,2,525.4676,-88.8566,0.1563,6,0.1500,0.8750,8,5,4,0,0,5,4,0.2000
2,228.0000,12,5,469.6781,-88.5398,0.2220,18,0.4500,0.6250,8,7,6,0,0,7,6,0.1429
2,228.0000,12,6,490.3112,-88.2944,0.3565,8,0.2000,1.0000,8,7,6,0,0,7,6,0.1429
2,228.0000,12,11,539.2429,-88.6882,-0.0428,9,0.2250,1.0000,4,8,8,0,0,8,8,0.0000
2,228.0000,13,3,458.7573,-88.3135,-0.1675,14,0.3500,0.8571,7,7,5,0,0,7,5,0.2857
2,228.0000,13,4,284.4108,-83.8545,-1.3175,38,0.9500,0.0000,4,5,1,0,0,5,1,0.8000
2,228.0000,14,0,582.2135,-88.8676,-0.2213,9,0.2250,0.5000,6,8,8,0,0,8,8,0.0000
2,228.0000,14,3,464.8398,-88.6724,0.0469,11,0.2750,1.0000,8,6,4,0,0,6,4,0.3333
2,228.0000,14,9,254.6555,-84.6458,0.5150,39,0.9750,0.0000,4,4,0,0,0,4,0,1.0000
2,228.0000,14,10,421.4613,-87.6793,0.2405,22,0.5500,0.8571,7,8,6,0,0,8,6,0.2500
2,232.0000,0,10,419.9505,-86.7278,-0.8432,29,0.7250,0.4286,7,8,8,0,0,8,8,0.0000
2,232.0000,1,7,235.9804,-85.0583,0.4739,38,0.9500,0.4000,5,5,1,0,0,5,1,0.8000
2,232.0000,1,8,449.8384,-87.9281,0.1951,21,0.5250,0.8571,7,7,4,0,0,7,4,0.4286
2,232.0000,2,5,604.2997,-89.0407,0.1536,6,0.1500,1.0000,8,2,2,0,0,2,2,0.0000
2,232.0000,2,6,400.6018,-87.9889,-0.2310,25,0.6250,0.5000,6,6,3,0,0,6,3,0.5000
2,232.0000,2,11,447.0487,-88.4063,0.1285,15,0.3750,0.6667,6,7,5,0,0,7,5,0.2857
2,232.0000,2,12,481.2747,-88.6474,-0.1882,12,0.3000,0.7778,9,7,7,0,0,7,7,0.0000
2,232.0000,3,4,442.0478,-88.2204,0.3076,14,0.3500,0.6667,6,6,3,0,0,6,3,0.5000
2,232.0000,3,9,404.2934,-87.2034,0.0912,18,0.4500,0.5000,6,7,4,0,0,7,4,0.4286
2,232.0000,3,13,400.6925,-87.5976,0.1458,22,0.5500,0.8333,102,7,3,89,65,96,68,0.2917
2,232.0000,3,14,435.8649,-88.2791,0.3063,19,0.4750,0.8750,8,7,5,0,0,7,5,0.2857
2,232.0000,4,3,442.0478,-87.5687,-0.0166,16,0.3902,0.6667,6,7,6,0,0,7,6,0.1429
2,232.0000,4,5,391.2198,-87.6274,0.0421,32,0.7805,0.6250,8,8,6,0,0,8,6,0.2500
2,232.0000,4,6,749.0781,-89.4324,-1.0967,3,0.0732,1.0000,4,4,4,0,0,4,4,0.0000
2,232.0000,4,9,659.8146,-89.5460,0.1518,3,0.0732,1.0000,6,8,8,0,0,8,8,0.0000
2,232.0000,4,11,720.1442,-89.5203,0.1382,6,0.1463,1.0000,8,2,2,0,0,2,2,0.0000
2,232.0000,4,13,341.5576,-85.6800,-0.2282,30,0.7317,0.2000,5,6,4,0,0,6,4,0.3333
2,232.0000,5,2,604.2997,-89.1571,0.4288,5,0.1250,1.0000,8,8,8,0,0,8,8,0.0000
2,232.0000,5,4,391.2198,-87.4785,0.0837,29,0.7250,0.5000,6,6,2,0,0,6,2,0.6667
2,232.0000,5,6,378.7329,-86.1795,-0.1704,30,0.7500,0.3333,6,7,4,0,0,7,4,0.4286
2,232.0000,5,11,367.8943,-85.0794,-0.8662,37,0.9250,0.2000,5,6,4,0,0,6,4,0.3333
2,232.0000,5,12,409.7042,-88.0692,0.0841,26,0.6500,0.5000,6,7,5,0,0,7,5,0.2857
2,232.0000,6,2,400.6018,-88.1322,-0.4197,21,0.5250,0.8571,7,6,3,0,0,6,3,0.5000
2,232.0000,6,5,378.7329,-85.7931,-0.1059,34,0.8500,0.2000,5,7,6,0,0,7,6,0.1429
2,232.0000,6,11,160.7545,-77.7942,-0.6164,40,1.0000,0.0000,4,4,0,0,0,4,0,1.0000
2,232.0000,6,12,447.1901,-87.7890,0.0910,16,0.4000,0.8571,7,7,3,0,0,7,3,0.5714
2,232.0000,7,1,235.9804,-85.2761,0.2299,39,0.9750,0.0000,4,4,0,0,0,4,0,1.0000
2,232.0000,7,8,524.9640,-87.7964,-0.4162,6,0.1500,0.7143,7,5,2,0,0,5,2,0.6000
2,232.0000,7,10,660.0693,-89.3854,-1.8155,3,0.0750,1.0000,6,4,4,0,0,4,4,0.0000
2,232.0000,8,1,449.8384,-88.3945,-0.4342,12,0.3000,1.0000,8,5,1,0,0,5,1,0.8000
2,232.0000,8,7,524.9640,-88.6938,0.0733,11,0.2750,1.0000,10,8,7,0,0,8,7,0.1250
2,232.0000,8,10,567.5016,-88.8176,0.1442,11,0.2750,1.0000,6,8,8,0,0,8,8,0.0000
2,232.0000,9,3,404.2934,-88.0082,-0.0380,23,0.5750,0.6667,6,5,2,0,0,5,2,0.6000
2,232.0000,9,10,620.2055,-89.3781,-0.1150,6,0.1500,1.0000,8,4,4,0,0,4,4,0.0000
2,232.0000,9,13,423.5675,-88.0197,0.1458,10,0.2500,0.8000,5,5,2,0,0,5,2,0.6000
2,232.0000,9,14,270.5154,-84.3741,-0.4334,40,1.0000,0.2000,5,4,0,0,0,4,0,1.0000
2,232.0000,10,0,419.9505,-86.1831,-0.7490,33,0.8250,0.6024,83,7,6,100,91,107,97,0.0935
2,232.0000,10,8,567.5016,-89.0555,0.5462,5,0.1250,0.8750,8,7,6,0,0,7,6,0.1429
2,232.0000,10,9,620.2055,-88.8138,-0.0266,4,0.1000,0.8571,7,6,6,0,0,6,6,0.0000
2,232.0000,10,14,413.8464,-87.9009,0.2059,29,0.7250,0.8824,17,6,3,0,0,6,3,0.5000
2,232.0000,11,2,447.0487,-88.0450,0.1330,9,0.2250,0.7500,8,6,2,0,0,6,2,0.6667
2,232.0000,11,5,367.8943,-85.4840,-1.2723,36,0.9000,0.0000,4,6,4,0,0,6,4,0.3333
2,232.0000,11,6,160.7545,-77.1459,-0.8231,40,1.0000,0.0000,4,4,0,0,0,4,0,1.0000
2,232.0000,11,12,553.7216,-89.0283,0.4262,11,0.2750,0.8571,7,8,8,0,0,8,8,0.0000
2,232.0000,12,2,481.2747,-88.5873,0.0725,22,0.5500,0.8000,5,8,8,0,0,8,8,0.0000
2,232.0000,12,5,409.7042,-88.0005,0.1080,24,0.6000,0.8571,7,5,2,0,0,5,2,0.6000
2,232.0000,12,6,447.1901,-87.9585,0.4847,19,0.4750,0.8571,7,8,8,0,0,8,8,0.0000
2,232.0000,12,11,553.7216,-88.3680,-0.1072,14,0.3500,1.0000,8,8,8,0,0,8,8,0.0000
2,232.0000,13,3,400.6925,-88.1007,0.0133,21,0.5250,0.7143,7,5,2,0,0,5,2,0.6000
2,232.0000,13,4,341.5576,-86.1448,-0.4555,36,0.9000,0.2000,5,7,5,0,0,7,5,0.2857
2,232.0000,13,9,423.5675,-88.1945,0.2999,13,0.3250,0.8571,7,6,3,0,0,6,3,0.5000
2,232.0000,14,0,721.3819,-89.6592,0.1673,5,0.1250,1.0000,8,4,4,0,0,4,4,0.0000
2,232.0000,14,3,435.8649,-87.9550,0.1838,26,0.6500,0.6667,6,7,4,0,0,7,4,0.4286
2,232.0000,14,9,270.5154,-84.1309,-0.2609,39,0.9750,0.0000,4,5,1,0,0,5,1,0.8000
2,232.0000,14,10,413.8464,-88.0839,-0.3055,23,0.5750,0.7500,8,8,7,0,0,8,7,0.1250
2,232.0000,14,13,617.2487,-89.1877,-0.0318,5,0.1250,1.0000,4,8,8,0,0,8,8,0.0000
2,236.0000,0,10,590.2492,-88.2982,0.0558,12,0.3000,1.0000,8,2,2,0,0,2,2,0.0000
2,236.0000,1,7,217.6298,-82.8056,0.5168,40,1.0000,0.2000,5,4,0,0,0,4,0,1.0000
2,236.0000,1,8,353.0229,-86.8022,0.6098,28,0.7000,0.5714,7,4,0,0,0,4,0,1.0000
2,236.0000,1,10,626.5872,-88.8190,0.1618,4,0.1000,1.0000,4,4,4,0,0,4,4,0.0000
2,236.0000,2,5,645.8899,-89.1758,-0.0662,5,0.1250,1.0000,2,8,8,0,0,8,8,0.0000
2,236.0000,2,6,392.5252,-87.3186,0.3373,26,0.6500,0.5000,6,6,4,0,0,6,4,0.3333
2,236.0000,2,11,399.6096,-87.9383,0.3258,26,0.6500,0.7143,7,6,3,0,0,6,3,0.5000
2,236.0000,2,12,486.7779,-88.3944,-0.2835,23,0.5750,1.0000,7,7,5,0,0,7,5,0.2857
2,236.0000,3,4,421.3031,-87.8331,0.2830,24,0.6000,0.5000,6,8,6,0,0,8,6,0.2500
2,236.0000,3,9,325.2043,-86.5984,0.4740,31,0.7750,0.5714,7,5,2,0,0,5,2,0.6000
2,236.0000,3,13,348.6248,-87.4516,-0.0226,32,0.8000,0.7083,96,4,0,75,33,79,33,0.5823
2,236.0000,3,14,413.7202,-87.4520,0.1377,23,0.5750,0.7143,7,6,4,0,0,6,4,0.3333
2,236.0000,4,3,421.3031,-87.3606,-0.0933,19,0.4750,0.8571,7,7,4,0,0,7,4,0.4286
2,236.0000,4,5,411.4827,-87.7019,0.5424,24,0.6000,0.7500,8,6,4,0,0,6,4,0.3333
2,236.0000,4,9,548.9735,-88.9555,-0.1267,4,0.1000,1.0000,8,8,7,0,0,8,7,0.1250
2,236.0000,4,13,403.0946,-86.9811,-0.3645,31,0.7750,0.6667,6,7,4,0,0,7,4,0.4286
2,236.0000,5,4,411.4827,-87.2811,-0.2234,30,0.7500,0.3333,6,7,4,0,0,7,4,0.4286
2,236.0000,5,6,474.0548,-87.4581,-0.0144,26,0.6500,0.5714,7,6,4,0,0,6,4,0.3333
2,236.0000,5,11,549.5625,-87.4866,-0.5023,21,0.5250,0.6667,6,8,8,0,0,8,8,0.0000
2,236.0000,5,12,360.8232,-87.6925,0.1218,27,0.6750,0.7143,7,7,4,0,0,7,4,0.4286
2,236.0000,6,2,392.5252,-86.9149,0.1203,25,0.6250,0.5000,6,5,2,0,0,5,2,0.6000
2,236.0000,6,5,474.0548,-87.7586,-0.4001,21,0.5250,0.8571,7,8,8,0,0,8,8,0.0000
2,236.0000,6,11,310.5600,-83.3600,-1.9949,40,1.0000,0.0000,4,7,5,0,0,7,5,0.2857
2,236.0000,6,12,478.1615,-88.2573,-0.1785,22,0.5500,0.4286,7,8,8,0,0,8,8,0.0000
2,236.0000,7,1,217.6298,-82.6556,0.5415,40,1.0000,0.0000,4,4,0,0,0,4,0,1.0000
2,236.0000,7,8,440.6227,-88.6303,-0.2307,18,0.4500,0.4000,5,5,2,0,0,5,2,0.6000
2,236.0000,8,1,353.0229,-87.6005,0.1223,29,0.7250,0.2000,5,6,2,0,0,6,2,0.6667
2,236.0000,8,7,440.6227,-88.3864,0.2939,17,0.4250,0.8750,8,6,4,0,0,6,4,0.3333
2,236.0000,8,10,541.6786,-88.8082,-0.2058,4,0.1000,1.0000,8,8,8,0,0,8,8,0.0000
2,236.0000,9,3,325.2043,-87.1998,0.1187,33,0.8250,0.4000,5,4,0,0,0,4,0,1.0000
2,236.0000,9,4,548.9735,-88.8668,-0.3287,9,0.2250,1.0000,8,7,6,0,0,7,6,0.1429
2,236.0000,9,13,253.7295,-86.4568,0.6996,35,0.8750,0.4000,5,4,0,0,0,4,0,1.0000
2,236.0000,9,14,323.8518,-85.4083,-0.2271,38,0.9500,0.0000,4,6,4,0,0,6,4,0.3333
2,236.0000,10,0,590.2492,-88.6705,-0.4793,16,0.4000,0.9065,107,7,6,4,4,11,10,0.0909
2,236.0000,10,1,626.5872,-88.9735,-0.5320,3,0.0750,1.0000,6,7,6,0,0,7,6,0.1429
2,236.0000,10,8,541.6786,-88.7613,0.3029,9,0.2250,0.8571,7,8,8,0,0,8,8,0.0000
2,236.0000,10,14,400.1578,-87.4799,0.3723,27,0.6750,0.5000,6,8,7,50,45,58,52,0.1034
2,236.0000,11,2,399.6096,-87.9409,-0.0092,26,0.6500,0.3333,6,7,5,0,0,7,5,0.2857
2,236.0000,11,5,549.5625,-87.8133,-0.4461,23,0.5750,0.6667,6,8,8,0,0,8,8,0.0000
2,236.0000,11,6,310.5600,-83.1877,-1.8819,40,1.0000,0.0000,4,6,4,0,0,6,4,0.3333
2,236.0000,11,12,634.5787,-88.7329,0.1570,6,0.1500,1.0000,8,8,8,0,0,8,8,0.0000
2,236.0000,12,2,486.7779,-87.8905,0.0255,17,0.4250,1.0000,8,10,9,0,0,10,9,0.1000
2,236.0000,12,5,360.8232,-87.0541,0.1018,28,0.7000,0.4000,5,5,2,0,0,5,2,0.6000
2,236.0000,12,6,478.1615,-87.9064,-0.0791,19,0.4750,1.0000,8,8,8,0,0,8,8,0.0000
2,236.0000,12,11,634.5787,-88.6364,-1.2065,6,0.1500,1.0000,8,8,8,0,0,8,8,0.0000
2,236.0000,13,3,348.6248,-86.9217,0.0841,34,0.8500,0.4000,5,5,2,0,0,5,2,0.6000
2,236.0000,13,4,403.0946,-86.7043,-0.1612,27,0.6750,0.7143,7,6,4,0,0,6,4,0.3333
2,236.0000,13,9,253.7295,-86.1411,0.8322,33,0.8250,0.5000,6,4,0,0,0,4,0,1.0000
2,236.0000,13,14,518.1159,-89.0197,-0.1425,6,0.1500,1.0000,8,7,6,0,0,7,6,0.1429
2,236.0000,14,3,413.7202,-88.0600,0.2076,24,0.6154,0.5714,7,5,1,0,0,5,1,0.8000
2,236.0000,14,9,323.8518,-85.4638,-0.1517,37,0.9487,0.2000,5,6,2,0,0,6,2,0.6667
2,236.0000,14,10,400.1578,-87.9528,0.3827,25,0.6410,0.8750,8,6,3,0,0,6,3,0.5000
2,236.0000,14,13,518.1159,-89.1394,0.1480,16,0.4103,1.0000,8,8,8,0,0,8,8,0.0000
2,240.0000,1,7,271.6442,-83.5646,-0.5809,40,1.0000,0.0000,4,4,0,0,0,4,0,1.0000
2,240.0000,1,8,328.8356,-87.1961,0.5367,33,0.8250,0.0000,4,7,3,0,0,7,3,0.5714
2,240.0000,1,10,526.3568,-88.5686,-0.3321,7,0.1750,1.0000,4,8,8,0,0,8,8,0.0000
2,240.0000,2,5,687.2260,-89.2088,0.2133,3,0.0732,1.0000,8,6,6,0,0,6,6,0.0000
2,240.0000,2,6,408.4593,-87.5569,0.3935,27,0.6585,0.6667,6,7,5,0,0,7,5,0.2857
2,240.0000,2,11,416.6223,-87.1653,-0.0744,25,0.6098,0.5000,6,6,4,0,0,6,4,0.3333
2,240.0000,2,12,503.1652,-88.2951,0.1871,12,0.2927,0.7143,7,8,7,0,0,8,7,0.1250
2,240.0000,3,4,440.7074,-88.1597,-0.1473,28,0.7000,0.7500,8,8,5,0,0,8,5,0.3750
2,240.0000,3,9,354.5402,-86.9210,0.0641,35,0.8750,0.4000,5,6,3,0,0,6,3,0.5000
2,240.0000,3,10,648.4388,-89.0486,0.6460,3,0.0750,1.0000,2,6,6,0,0,6,6,0.0000
2,240.0000,3,13,306.3975,-86.6070,0.3174,31,0.7750,0.4177,79,5,2,72,30,77,32,0.5844
2,240.0000,3,14,406.4934,-87.1387,-0.2764,25,0.6250,0.6667,6,6,3,0,0,6,3,0.5000
2,240.0000,4,3,440.7074,-87.6928,-0.6345,20,0.5128,0.5714,7,7,6,0,0,7,6,0.1429
2,240.0000,4,5,442.1238,-88.0253,0.2356,20,0.5128,0.6667,6,8,8,0,0,8,8,0.0000
2,240.0000,4,9,550.6840,-88.0342,0.3012,4,0.1026,0.8750,8,8,7,0,0,8,7,0.1250
2,240.0000,4,13,463.8992,-88.1878,-0.3497,18,0.4615,0.5714,7,7,3,0,0,7,3,0.5714
2,240.0000,5,2,687.2260,-89.2267,0.1987,4,0.1000,1.0000,8,6,6,0,0,6,6,0.0000
2,240.0000,5,4,442.1238,-88.5453,-0.0122,19,0.4750,0.5714,7,6,4,0,0,6,4,0.3333
2,240.0000,5,6,566.3546,-88.4220,-0.2189,15,0.3750,0.6667,6,8,8,0,0,8,8,0.0000
2,240.0000,5,12,344.2007,-87.1695,0.0110,28,0.7000,0.5714,7,6,2,0,0,6,2,0.6667
2,240.0000,5,13,575.3042,-89.7606,0.0079,4,0.1000,1.0000,8,8,8,0,0,8,8,0.0000
2,240.0000,6,2,408.4593,-87.4779,-0.2587,26,0.6500,0.4000,5,6,4,0,0,6,4,0.3333
2,240.0000,6,5,566.3546,-87.2124,-0.4507,10,0.2500,1.0000,8,8,8,0,0,8,8,0.0000
2,240.0000,6,11,478.4178,-86.7541,-0.8941,23,0.5750,0.7143,7,8,7,0,0,8,7,0.1250
2,240.0000,6,12,543.3059,-88.7379,-0.0446,17,0.4250,1.0000,8,10,10,0,0,10,10,0.0000
2,240.0000,7,1,271.6442,-83.8566,-0.5396,40,1.0000,0.0000,4,4,0,0,0,4,0,1.0000
2,240.0000,7,8,368.3894,-87.6519,0.1576,24,0.6000,0.4000,5,6,4,0,0,6,4,0.3333
2,240.0000,8,1,328.8356,-86.2786,0.5401,36,0.9000,0.3333,6,4,0,0,0,4,0,1.0000
2,240.0000,8,7,368.3894,-86.8300,0.4762,28,0.7000,0.6667,6,5,1,0,0,5,1,0.8000
2,240.0000,8,10,573.5331,-87.8859,-0.0958,6,0.1500,1.0000,8,8,8,0,0,8,8,0.0000
2,240.0000,9,3,354.5402,-86.5681,0.0710,29,0.7436,0.0000,4,5,1,0,0,5,1,0.8000
2,240.0000,9,4,550.6840,-89.0601,0.0315,12,0.3077,0.8571,7,8,7,0,0,8,7,0.1250
2,240.0000,9,13,141.0574,-82.2876,1.6397,38,0.9744,0.0000,4,4,0,0,0,4,0,1.0000
2,240.0000,9,14,384.8227,-86.6386,0.0342,29,0.7436,0.6667,6,7,6,0,0,7,6,0.1429
2,240.0000,10,8,573.5331,-88.4383,-0.3132,11,0.2683,1.0000,8,8,8,0,0,8,8,0.0000
2,240.0000,10,14,403.6279,-87.7809,0.5041,29,0.7073,0.8966,58,6,3,104,87,110,90,0.1818
2,240.0000,11,2,416.6223,-87.8510,0.0998,26,0.6341,0.7143,7,5,2,0,0,5,2,0.6000
2,240.0000,11,6,478.4178,-87.1554,-0.7206,28,0.6829,0.6667,6,8,5,0,0,8,5,0.3750
2,240.0000,12,2,503.1652,-88.6372,0.4975,14,0.3500,0.9000,10,5,3,0,0,5,3,0.4000
2,240.0000,12,5,344.2007,-86.8329,0.0400,31,0.7750,0.4000,5,6,3,0,0,6,3,0.5000
2,240.0000,12,6,543.3059,-88.6520,0.0536,11,0.2750,1.0000,8,8,8,0,0,8,8,0.0000
2,240.0000,12,11,732.5841,-88.9660,0.3507,4,0.1000,1.0000,8,4,4,0,0,4,4,0.0000
2,240.0000,13,3,306.3975,-86.0265,0.5847,36,0.9000,0.4000,5,4,0,0,0,4,0,1.0000
2,240.0000,13,4,463.8992,-87.6093,-0.3234,19,0.4750,0.6667,6,7,6,0,0,7,6,0.1429
2,240.0000,13,5,575.3042,-88.7941,0.1271,5,0.1250,0.8333,6,8,7,0,0,8,7,0.1250
2,240.0000,13,9,141.0574,-81.2423,1.5962,40,1.0000,0.0000,4,4,0,0,0,4,0,1.0000
2,240.0000,13,14,441.9736,-88.6963,-0.1701,17,0.4250,0.8571,7,7,5,0,0,7,5,0.2857
2,240.0000,14,3,406.4934,-87.3940,0.2316,27,0.6585,0.2000,5,6,2,0,0,6,2,0.6667
2,240.0000,14,9,384.8227,-86.7139,-0.3734,36,0.8780,0.3333,6,7,6,0,0,7,6,0.1429
2,240.0000,14,10,403.6279,-88.1049,0.0523,26,0.6341,0.5000,6,6,3,0,0,6,3,0.5000
2,240.0000,14,13,441.9736,-87.9010,-0.0054,15,0.3659,1.0000,8,6,4,0,0,6,4,0.3333
2,244.0000,1,7,332.2163,-85.4206,-0.0448,36,0.9000,0.0000,4,6,2,0,0,6,2,0.6667
2,244.0000,1,8,401.2974,-87.0020,-0.2775,28,0.7000,0.4286,7,7,6,0,0,7,6,0.1429
2,244.0000,1,10,448.2739,-88.7916,0.2851,15,0.3750,1.0000,8,6,4,0,0,6,4,0.3333
2,244.0000,2,6,425.8972,-87.5201,-0.0564,26,0.6500,0.7143,7,7,5,0,0,7,5,0.2857
2,244.0000,2,11,397.4536,-87.4327,0.2810,30,0.7500,0.6667,6,6,2,0,0,6,2,0.6667
2,244.0000,2,12,561.8421,-88.4997,-0.3034,17,0.4250,0.8750,8,8,8,0,0,8,8,0.0000
2,244.0000,3,4,490.2188,-88.1972,0.1252,17,0.4250,0.6250,8,8,8,0,0,8,8,0.0000
2,244.0000,3,9,410.7276,-87.2445,-0.0173,29,0.7250,0.5000,6,7,4,0,0,7,4,0.4286
2,244.0000,3,13,260.8524,-85.1696,0.0049,39,0.9750,0.4156,77,4,0,62,13,66,13,0.8030
2,244.0000,3,14,430.5417,-87.5363,-0.2725,25,0.6250,0.5000,6,7,6,0,0,7,6,0.1429
2,244.0000,4,3,490.2188,-87.2550,-0.2974,17,0.4250,0.8571,7,8,7,0,0,8,7,0.1250
2,244.0000,4,5,484.0465,-88.2584,-0.2968,25,0.6250,1.0000,8,7,6,0,0,7,6,0.1429
2,244.0000,4,9,601.9824,-89.1791,-0.2702,5,0.1250,0.8750,8,6,6,0,0,6,6,0.0000
2,244.0000,4,13,539.0723,-88.0724,-0.1385,15,0.3750,0.4286,7,8,8,0,0,8,8,0.0000
2,244.0000,5,4,484.0465,-88.2540,-0.0402,15,0.3750,0.6667,6,7,5,0,0,7,5,0.2857
2,244.0000,5,6,680.9950,-88.6527,-0.2441,5,0.1250,1.0000,8,4,4,0,0,4,4,0.0000
2,244.0000,5,9,512.9228,-89.0709,-1.3979,4,0.1000,1.0000,6,7,5,0,0,7,5,0.2857
2,244.0000,5,12,335.1690,-86.0438,0.9112,31,0.7750,0.3333,6,5,2,0,0,5,2,0.6000
2,244.0000,5,13,550.5720,-89.0669,-0.1033,10,0.2500,1.0000,8,6,6,0,0,6,6,0.0000
2,244.0000,6,2,425.8972,-87.4309,0.1045,30,0.7500,0.6667,6,6,4,0,0,6,4,0.3333
2,244.0000,6,5,680.9950,-89.3069,-0.0748,6,0.1500,1.0000,8,4,4,0,0,4,4,0.0000
2,244.0000,6,11,475.8663,-87.7847,-0.3247,13,0.3250,0.8750,8,7,6,0,0,7,6,0.1429
2,244.0000,6,12,641.3803,-88.3585,0.2118,3,0.0750,1.0000,10,6,6,0,0,6,6,0.0000
2,244.0000,7,1,332.2163,-86.0955,-0.5228,39,0.9750,0.0000,4,6,3,0,0,6,3,0.5000
2,244.0000,7,8,345.2135,-87.1118,0.2603,31,0.7750,0.6667,6,6,3,0,0,6,3,0.5000
2,244.0000,8,1,401.2974,-87.0923,0.0280,27,0.6750,0.0000,4,7,4,0,0,7,4,0.4286
2,244.0000,8,7,345.2135,-86.3401,0.1014,33,0.8250,0.2000,5,6,4,0,0,6,4,0.3333
2,244.0000,8,10,674.7015,-88.8534,-0.3522,6,0.1500,1.0000,8,6,6,0,0,6,6,0.0000
2,244.0000,9,3,410.7276,-87.1878,0.1761,25,0.6250,0.2000,5,6,4,0,0,6,4,0.3333
2,244.0000,9,4,601.9824,-88.3494,0.2139,6,0.1500,0.8750,8,8,8,0,0,8,8,0.0000
2,244.0000,9,5,512.9228,-89.5070,-0.2079,3,0.0750,1.0000,6,7,6,0,0,7,6,0.1429
2,244.0000,9,13,156.4252,-78.2838,-0.6641,40,1.0000,0.0000,4,4,0,0,0,4,0,1.0000
2,244.0000,9,14,481.4133,-87.1464,-1.0740,24,0.6000,0.8571,7,7,6,0,0,7,6,0.1429
2,244.0000,10,1,448.2739,-88.3567,0.1280,14,0.3500,1.0000,8,6,3,0,0,6,3,0.5000
2,244.0000,10,3,602.9089,-88.8996,0.1538,5,0.1250,1.0000,8,2,2,0,0,2,2,0.0000
2,244.0000,10,8,674.7015,-88.8650,-0.0225,4,0.1000,1.0000,8,4,4,0,0,4,4,0.0000
2,244.0000,10,14,388.5361,-87.1621,-0.0448,27,0.6750,0.8182,110,6,3,102,82,108,85,0.2130
2,244.0000,11,2,397.4536,-87.6859,0.2777,28,0.7000,0.4000,5,7,5,0,0,7,5,0.2857
2,244.0000,11,6,475.8663,-88.0556,0.3273,18,0.4500,0.6250,8,8,7,0,0,8,7,0.1250
2,244.0000,12,2,561.8421,-88.6037,-0.0122,14,0.3500,0.6000,5,8,8,0,0,8,8,0.0000
2,244.0000,12,4,719.7271,-89.5857,-0.1332,3,0.0750,1.0000,6,2,2,0,0,2,2,0.0000
2,244.0000,12,5,335.1690,-86.4178,0.1434,31,0.7750,0.5000,6,7,3,0,0,7,3,0.5714
2,244.0000,12,6,641.3803,-89.2930,0.0209,7,0.1750,1.0000,8,4,4,0,0,4,4,0.0000
2,244.0000,13,3,260.8524,-85.1553,0.2542,40,1.0000,0.0000,4,5,1,0,0,5,1,0.8000
2,244.0000,13,4,539.0723,-88.4779,-0.2330,19,0.4750,0.8571,7,8,8,0,0,8,8,0.0000
2,244.0000,13,5,550.5720,-88.7033,-0.1370,9,0.2250,0.8750,8,8,8,0,0,8,8,0.0000
2,244.0000,13,9,156.4252,-77.7668,0.0283,40,1.0000,0.0000,4,4,0,0,0,4,0,1.0000
2,244.0000,13,14,411.5742,-87.2373,0.4076,21,0.5250,0.7143,7,6,4,0,0,6,4,0.3333
2,244.0000,14,3,430.5417,-88.1575,-0.3269,24,0.6000,0.3333,6,8,6,0,0,8,6,0.2500
2,244.0000,14,9,481.4133,-88.4450,-0.0462,19,0.4750,0.8571,7,8,8,0,0,8,8,0.0000
2,244.0000,14,10,388.5361,-86.9675,0.4829,30,0.7500,0.5000,6,7,5,0,0,7,5,0.2857
2,244.0000,14,13,411.5742,-88.0481,-0.0201,24,0.6000,0.6667,6,7,5,0,0,7,5,0.2857
2,248.0000,1,7,391.5763,-86.6699,-0.2233,25,0.6250,0.3333,6,6,4,0,0,6,4,0.3333
2,248.0000,1,8,528.0211,-88.1965,-0.6487,23,0.5750,0.8571,7,6,6,0,0,6,6,0.0000
2,248.0000,1,10,387.6479,-87.5543,0.1306,27,0.6750,0.6667,6,4,0,0,0,4,0,1.0000
2,248.0000,2,6,444.6173,-87.2012,0.2616,22,0.5500,0.7143,7,7,5,0,0,7,5,0.2857
2,248.0000,2,11,403.8361,-87.2435,0.1129,28,0.7000,0.3333,6,6,4,0,0,6,4,0.3333
2,248.0000,2,12,610.6147,-88.8533,-0.5864,7,0.1750,1.0000,8,4,4,0,0,4,4,0.0000
2,248.0000,3,4,566.0392,-88.3564,0.5531,15,0.3750,1.0000,8,8,8,0,0,8,8,0.0000
2,248.0000,3,9,507.8919,-88.0403,-0.4254,22,0.5500,0.5714,7,7,6,0,0,7,6,0.1429
2,248.0000,3,10,562.6311,-89.2953,-0.7321,4,0.1000,1.0000,8,8,7,0,0,8,7,0.1250
2,248.0000,3,13,217.3156,-83.4193,0.4618,40,1.0000,0.1970,66,4,0,56,6,60,6,0.9000
2,248.0000,3,14,458.9118,-88.1602,0.3250,21,0.5250,0.8571,7,6,4,0,0,6,4,0.3333
2,248.0000,4,3,566.0392,-88.3324,-0.1016,13,0.3250,0.8750,8,8,8,0,0,8,8,0.0000
2,248.0000,4,5,542.7129,-88.4785,-0.0655,12,0.3000,0.8571,7,8,8,0,0,8,8,0.0000
2,248.0000,4,9,712.2782,-89.2713,1.0569,3,0.0750,1.0000,6,6,6,0,0,6,6,0.0000
2,248.0000,4,13,606.0687,-88.9830,-0.1860,7,0.1750,1.0000,8,8,8,0,0,8,8,0.0000
2,248.0000,5,4,542.7129,-88.0777,-0.2098,13,0.3250,0.7143,7,8,8,0,0,8,8,0.0000
2,248.0000,5,9,378.3054,-87.8834,0.8959,16,0.4000,0.7143,7,8,5,0,0,8,5,0.3750
2,248.0000,5,12,340.7708,-86.6206,0.0012,36,0.9000,0.4000,5,7,3,0,0,7,3,0.5714
2,248.0000,5,13,518.4661,-88.8164,-0.0638,15,0.3750,1.0000,6,8,8,0,0,8,8,0.0000
2,248.0000,6,2,444.6173,-87.6934,-0.0936,31,0.7750,0.6667,6,6,4,0,0,6,4,0.3333
2,248.0000,6,11,470.8358,-88.5667,-0.4482,21,0.5250,0.8571,7,6,3,0,0,6,3,0.5000
2,248.0000,7,1,391.5763,-87.0916,-0.6495,30,0.7500,0.5000,6,5,1,0,0,5,1,0.8000
2,248.0000,7,8,418.9107,-86.6542,-0.2314,29,0.7250,0.5000,6,8,8,0,0,8,8,0.0000
2,248.0000,8,1,528.0211,-87.2330,-0.2314,17,0.4250,0.5714,7,8,8,0,0,8,8,0.0000
2,248.0000,8,7,418.9107,-87.1979,-0.3154,29,0.7250,0.6667,6,6,6,0,0,6,6,0.0000
2,248.0000,9,3,507.8919,-87.8908,-0.1854,18,0.4500,0.6667,6,8,6,0,0,8,6,0.2500
2,248.0000,9,5,378.3054,-87.9836,-0.1747,20,0.5000,0.8571,7,8,4,0,0,8,4,0.5000
2,248.0000,9,12,635.2146,-89.5565,0.0858,5,0.1250,1.0000,4,8,8,0,0,8,8,0.0000
2,248.0000,9,13,293.9716,-82.9489,-1.2862,39,0.9750,0.0000,4,7,5,0,0,7,5,0.2857
2,248.0000,9,14,570.2272,-88.7557,0.0306,13,0.3250,0.8571,7,8,8,0,0,8,8,0.0000
2,248.0000,10,1,387.6479,-87.7115,0.0110,24,0.6000,0.5000,6,5,1,0,0,5,1,0.8000
2,248.0000,10,3,562.6311,-88.5564,0.3003,7,0.1750,1.0000,2,8,8,0,0,8,8,0.0000
2,248.0000,10,14,379.2666,-87.1370,0.0659,26,0.6500,0.7870,108,5,1,104,79,109,80,0.2661
2,248.0000,11,2,403.8361,-87.5787,-0.4946,29,0.7250,0.7143,7,7,5,0,0,7,5,0.2857
2,248.0000,11,6,470.8358,-88.3003,-0.0351,15,0.3750,0.8750,8,8,8,0,0,8,8,0.0000
2,248.0000,12,2,610.6147,-88.8049,-0.0062,5,0.1250,1.0000,8,8,8,0,0,8,8,0.0000
2,248.0000,12,5,340.7708,-86.5541,-0.4016,35,0.8750,0.4286,7,5,1,0,0,5,1,0.8000
2,248.0000,13,3,217.3156,-83.4875,0.7053,40,1.0000,0.2000,5,4,0,0,0,4,0,1.0000
2,248.0000,13,4,606.0687,-89.1369,-0.1167,9,0.2250,1.0000,8,8,8,0,0,8,8,0.0000
2,248.0000,13,5,518.4661,-88.3326,0.0562,4,0.1000,1.0000,8,8,8,0,0,8,8,0.0000
2,248.0000,13,9,293.9716,-83.4881,-1.7330,39,0.9750,0.0000,4,5,2,0,0,5,2,0.6000
2,248.0000,13,14,415.8318,-87.4280,0.3095,21,0.5250,0.6667,6,6,3,0,0,6,3,0.5000
2,248.0000,14,3,458.9118,-88.3017,0.1408,22,0.5500,0.7500,8,7,6,0,0,7,6,0.1429
2,248.0000,14,9,570.2272,-88.0963,-0.1644,11,0.2750,1.0000,8,8,8,0,0,8,8,0.0000
2,248.0000,14,10,379.2666,-87.3367,0.2426,35,0.8750,0.7143,7,5,4,0,0,5,4,0.2000
2,248.0000,14,13,415.8318,-87.6522,0.4038,24,0.6000,0.7143,7,6,3,0,0,6,3,0.5000
2,252.0000,0,8,456.3666,-87.7304,0.1305,9,0.2250,0.8571,7,5,1,0,0,5,1,0.8000
2,252.0000,1,7,442.4643,-87.7793,0.0157,23,0.5750,0.6667,6,8,6,0,0,8,6,0.2500
2,252.0000,1,8,671.1427,-89.1006,0.8665,4,0.1000,1.0000,6,2,2,0,0,2,2,0.0000
2,252.0000,1,10,327.2158,-87.0708,0.3536,30,0.7500,0.0000,4,5,1,0,0,5,1,0.8000
2,252.0000,2,6,466.6580,-87.6834,0.0395,18,0.4500,0.7143,7,8,6,0,0,8,6,0.2500
2,252.0000,2,11,428.7179,-87.5335,0.1016,23,0.5750,0.6667,6,7,4,0,0,7,4,0.4286
2,252.0000,2,12,692.9687,-89.5394,-0.2127,7,0.1750,1.0000,4,8,8,0,0,8,8,0.0000
2,252.0000,3,4,537.0547,-88.9753,0.1088,11,0.2683,1.0000,8,8,8,0,0,8,8,0.0000
2,252.0000,3,9,638.7357,-88.1964,-0.3770,5,0.1220,0.8571,7,6,6,0,0,6,6,0.0000
2,252.0000,3,10,564.6651,-88.8643,-0.3812,8,0.1951,0.8750,8,7,6,0,0,7,6,0.1429
2,252.0000,3,13,193.3010,-82.1449,0.8027,41,1.0000,0.1000,60,4,0,57,7,61,7,0.8852
2,252.0000,3,14,433.1325,-87.8872,-0.0616,17,0.4146,0.6667,6,7,6,0,0,7,6,0.1429
2,252.0000,4,3,537.0547,-88.0154,-0.3319,8,0.2000,1.0000,8,8,8,0,0,8,8,0.0000
2,252.0000,4,5,532.7611,-87.8260,-0.3730,8,0.2000,1.0000,8,8,7,0,0,8,7,0.1250
2,252.0000,4,12,694.3021,-89.3356,-0.0370,3,0.0750,1.0000,4,4,4,0,0,4,4,0.0000
2,252.0000,4,13,545.2364,-88.8933,-0.0487,7,0.1750,1.0000,8,7,5,0,0,7,5,0.2857
2,252.0000,5,3,629.7278,-89.4755,0.2215,5,0.1250,1.0000,6,8,8,0,0,8,8,0.0000
2,252.0000,5,4,532.7611,-88.2399,-0.6633,6,0.1500,1.0000,8,8,8,0,0,8,8,0.0000
2,252.0000,5,9,296.2037,-86.0868,0.7073,32,0.8000,0.6250,8,5,2,0,0,5,2,0.6000
2,252.0000,5,12,360.6532,-86.9606,-0.0414,34,0.8500,0.4286,7,7,5,0,0,7,5,0.2857
2,252.0000,5,13,484.1479,-88.3483,0.2776,13,0.3250,1.0000,8,7,4,0,0,7,4,0.4286
2,252.0000,6,2,466.6580,-87.6225,0.2826,17,0.4250,0.6667,6,8,7,0,0,8,7,0.1250
2,252.0000,6,11,485.8854,-88.4406,0.1281,15,0.3750,0.5000,6,8,8,0,0,8,8,0.0000
2,252.0000,7,1,442.4643,-87.8717,0.0892,20,0.5000,0.2000,5,8,6,0,0,8,6,0.2500
2,252.0000,7,8,538.5687,-88.3549,-0.1170,15,0.3750,1.0000,8,8,8,0,0,8,8,0.0000
2,252.0000,8,0,456.3666,-88.8051,-0.1793,15,0.3750,0.8750,8,7,4,0,0,7,4,0.4286
2,252.0000,8,7,538.5687,-88.3810,-0.3657,16,0.4000,1.0000,6,8,8,0,0,8,8,0.0000
2,252.0000,9,3,638.7357,-88.9025,0.8704,9,0.2250,0.7500,8,2,2,0,0,2,2,0.0000
2,252.0000,9,5,296.2037,-86.1899,0.5538,34,0.8500,0.5000,8,5,2,0,0,5,2,0.6000
2,252.0000,9,13,449.5148,-87.2019,-0.6230,30,0.7500,0.7143,7,7,6,0,0,7,6,0.1429
2,252.0000,9,14,630.2907,-89.4570,-0.3436,3,0.0750,1.0000,8,8,8,0,0,8,8,0.0000
2,252.0000,10,1,327.2158,-86.6651,0.3308,29,0.7250,0.2000,5,4,0,0,0,4,0,1.0000
2,252.0000,10,3,564.6651,-88.8099,0.1825,9,0.2250,1.0000,8,8,7,0,0,8,7,0.1250
2,252.0000,10,13,619.0690,-89.5874,-0.0975,5,0.1250,1.0000,6,8,8,0,0,8,8,0.0000
2,252.0000,10,14,393.3372,-87.3800,0.0001,31,0.7750,0.7339,109,5,1,104,85,109,86,0.2110
2,252.0000,11,2,428.7179,-87.8052,0.1085,21,0.5385,0.7143,7,7,5,0,0,7,5,0.2857
2,252.0000,11,6,485.8854,-87.9579,-0.2396,15,0.3846,1.0000,8,8,7,0,0,8,7,0.1250
2,252.0000,12,2,692.9687,-89.0187,-0.4077,3,0.0750,1.0000,8,2,2,0,0,2,2,0.0000
2,252.0000,12,5,360.6532,-86.9635,0.1230,30,0.7500,0.2000,5,5,1,0,0,5,1,0.8000
2,252.0000,12,9,584.7264,-89.0781,-0.0478,3,0.0750,1.0000,4,8,8,0,0,8,8,0.0000
2,252.0000,13,3,193.3010,-82.0120,0.7031,40,1.0000,0.0000,4,4,0,0,0,4,0,1.0000
2,252.0000,13,4,545.2364,-88.8968,0.4067,6,0.1500,1.0000,8,8,8,0,0,8,8,0.0000
2,252.0000,13,5,484.1479,-87.9732,-0.0931,15,0.3750,1.0000,8,6,4,0,0,6,4,0.3333
2,252.0000,13,9,449.5148,-87.2245,-0.9832,28,0.7000,0.4000,5,8,8,0,0,8,8,0.0000
2,252.0000,13,10,619.0690,-88.6645,-0.2308,4,0.1000,1.0000,8,4,3,0,0,4,3,0.2500
2,252.0000,13,14,390.1968,-87.0211,0.5076,28,0.7000,0.5000,6,5,1,0,0,5,1,0.8000
2,252.0000,14,3,433.1325,-88.1412,0.1336,18,0.4500,0.8571,7,4,0,0,0,4,0,1.0000
2,252.0000,14,9,630.2907,-88.1027,-0.1947,6,0.1500,1.0000,8,8,8,0,0,8,8,0.0000
2,252.0000,14,10,393.3372,-87.3551,0.1427,30,0.7500,0.8000,5,7,4,0,0,7,4,0.4286
2,252.0000,14,13,390.1968,-87.1233,0.1481,22,0.5500,0.5000,6,7,6,0,0,7,6,0.1429
2,256.0000,0,8,343.9263,-87.7088,0.1213,25,0.6250,0.2000,5,6,2,0,0,6,2,0.6667
2,256.0000,1,3,561.3831,-88.8240,1.5081,4,0.1000,1.0000,8,7,6,0,0,7,6,0.1429
2,256.0000,1,7,478.5784,-87.8505,-0.2536,18,0.4500,0.7500,8,8,8,0,0,8,8,0.0000
2,256.0000,1,10,252.0949,-85.4298,0.7891,35,0.8750,0.2000,5,4,0,0,0,4,0,1.0000
2,256.0000,2,6,496.3967,-88.1334,-0.0654,19,0.4750,0.7500,8,8,8,0,0,8,8,0.0000
2,256.0000,2,11,405.9128,-87.5304,-0.3157,25,0.6250,0.5714,7,6,4,0,0,6,4,0.3333
2,256.0000,3,1,561.3831,-89.0624,0.0259,7,0.1795,1.0000,6,6,3,0,0,6,3,0.5000
2,256.0000,3,4,518.0680,-88.3345,-0.4120,8,0.2051,1.0000,8,6,4,0,0,6,4,0.3333
2,256.0000,3,5,601.3862,-88.5728,-0.0397,6,0.1538,1.0000,4,7,6,0,0,7,6,0.1429
2,256.0000,3,10,424.0184,-87.9985,0.1219,15,0.3846,0.8571,7,5,1,0,0,5,1,0.8000
2,256.0000,3,13,170.1167,-80.7638,0.5455,39,1.0000,0.1148,61,4,0,56,4,60,4,0.9333
2,256.0000,3,14,338.2822,-87.5594,0.5844,30,0.7692,0.8571,7,5,2,0,0,5,2,0.6000
2,256.0000,4,3,518.0680,-88.1824,-0.3938,12,0.3000,1.0000,8,8,8,0,0,8,8,0.0000
2,256.0000,4,5,536.5952,-88.5980,0.7346,8,0.2000,0.8750,8,8,8,0,0,8,8,0.0000
2,256.0000,4,13,500.7670,-88.6360,0.1548,19,0.4750,0.7143,7,8,7,0,0,8,7,0.1250
2,256.0000,5,4,536.5952,-88.4080,0.3636,11,0.2750,1.0000,8,8,7,0,0,8,7,0.1250
2,256.0000,5,9,341.5439,-86.2466,-0.2078,36,0.9000,0.4000,5,6,2,0,0,6,2,0.6667
2,256.0000,5,12,374.7131,-87.1804,-0.2663,30,0.7500,0.7143,7,6,3,0,0,6,3,0.5000
2,256.0000,5,13,457.1378,-87.9726,-0.1518,18,0.4500,0.5714,7,7,5,0,0,7,5,0.2857
2,256.0000,6,2,496.3967,-88.0574,0.3798,18,0.4615,0.8750,8,8,8,0,0,8,8,0.0000
2,256.0000,6,11,452.0472,-88.4997,0.2803,17,0.4359,1.0000,8,5,1,0,0,5,1,0.8000
2,256.0000,7,1,478.5784,-88.4303,-0.0923,21,0.5250,0.7500,8,7,6,0,0,7,6,0.1429
2,256.0000,7,8,565.2655,-88.5947,0.0682,11,0.2750,1.0000,8,8,8,0,0,8,8,0.0000
2,256.0000,8,0,343.9263,-87.1027,0.3319,24,0.6000,0.5714,7,4,0,0,0,4,0,1.0000
2,256.0000,8,7,565.2655,-88.8366,-0.1245,7,0.1750,1.0000,8,8,8,0,0,8,8,0.0000
2,256.0000,9,5,341.5439,-86.3177,-0.4237,35,0.8750,0.4000,5,7,6,0,0,7,6,0.1429
2,256.0000,9,12,589.2149,-89.4311,0.0057,7,0.1750,1.0000,8,8,8,0,0,8,8,0.0000
2,256.0000,9,13,622.6817,-87.8337,-0.5121,9,0.2250,0.8571,7,8,8,0,0,8,8,0.0000
2,256.0000,9,14,651.8822,-89.2319,0.0198,4,0.1000,1.0000,8,4,4,0,0,4,4,0.0000
2,256.0000,10,1,252.0949,-85.8173,0.5857,34,0.8500,0.0000,4,4,0,0,0,4,0,1.0000
2,256.0000,10,3,424.0184,-88.2621,0.5949,12,0.3000,0.8750,8,6,3,0,0,6,3,0.5000
2,256.0000,10,13,486.0029,-89.2163,0.3017,6,0.1500,1.0000,8,7,5,0,0,7,5,0.2857
2,256.0000,10,14,387.9661,-87.1247,-0.1405,31,0.7750,0.7890,109,5,2,104,82,109,84,0.2294
2,256.0000,11,2,405.9128,-87.6910,0.2570,28,0.7000,0.7143,7,5,2,0,0,5,2,0.6000
2,256.0000,11,6,452.0472,-87.6500,-0.2417,27,0.6750,0.8750,8,7,5,0,0,7,5,0.2857
2,256.0000,12,5,374.7131,-86.8672,0.1242,24,0.6000,0.2000,5,5,1,0,0,5,1,0.8000
2,256.0000,12,9,589.2149,-88.6030,-0.3896,10,0.2500,1.0000,8,8,8,0,0,8,8,0.0000
2,256.0000,13,3,170.1167,-81.6850,-0.0120,40,1.0000,0.0000,4,4,0,0,0,4,0,1.0000
2,256.0000,13,4,500.7670,-88.9928,-0.1862,8,0.2000,1.0000,8,8,6,0,0,8,6,0.2500
2,256.0000,13,5,457.1378,-88.3977,0.1382,16,0.4000,0.6667,6,8,7,0,0,8,7,0.1250
2,256.0000,13,9,622.6817,-88.4668,-0.1577,12,0.3000,1.0000,8,6,6,0,0,6,6,0.0000
2,256.0000,13,10,486.0029,-88.1158,0.6838,10,0.2500,0.7500,4,6,4,0,0,6,4,0.3333
2,256.0000,13,14,292.8042,-86.0704,-0.1614,35,0.8750,0.2000,5,4,0,0,0,4,0,1.0000
2,256.0000,14,1,628.9622,-88.7425,-4.9105,3,0.0750,1.0000,4,8,8,0,0,8,8,0.0000
2,256.0000,14,3,338.2822,-87.1599,0.6451,31,0.7750,0.0000,4,5,1,0,0,5,1,0.8000
2,256.0000,14,10,387.9661,-87.6789,-0.2557,29,0.7250,0.5714,7,7,4,0,0,7,4,0.4286
2,256.0000,14,13,292.8042,-86.5477,0.5960,29,0.7250,0.8571,7,4,0,0,0,4,0,1.0000
2,260.0000,0,8,204.1831,-84.6435,1.4036,38,0.9500,0.3333,6,4,0,0,0,4,0,1.0000
2,260.0000,1,3,416.6464,-88.2645,0.4822,14,0.3500,0.8571,7,6,2,0,0,6,2,0.6667
2,260.0000,1,7,545.4602,-88.4452,-0.0196,17,0.4250,1.0000,8,8,6,31,30,39,36,0.0769
2,260.0000,1,10,191.0443,-82.9369,0.6303,40,1.0000,0.0000,4,4,0,0,0,4,0,1.0000
2,260.0000,1,13,497.9863,-88.1647,0.0084,5,0.1250,1.0000,8,7,4,0,0,7,4,0.4286
2,260.0000,1,14,561.0368,-89.0896,0.2064,7,0.1750,1.0000,8,8,8,0,0,8,8,0.0000
2,260.0000,2,6,544.6213,-88.4896,0.5608,8,0.2000,1.0000,8,8,8,0,0,8,8,0.0000
2,260.0000,2,11,398.9242,-87.1114,0.0713,23,0.5750,0.6667,6,6,3,0,0,6,3,0.5000
2,260.0000,3,1,416.6464,-88.6936,-0.2995,15,0.3750,0.5000,6,4,0,0,0,4,0,1.0000
2,260.0000,3,4,477.0032,-88.1645,-0.1840,18,0.4500,0.6667,6,7,6,0,0,7,6,0.1429
2,260.0000,3,5,574.2732,-89.4400,0.4337,4,0.1000,0.8571,7,8,8,0,0,8,8,0.0000
2,260.0000,3,10,273.0139,-86.4514,0.6809,32,0.8000,0.2000,5,4,0,0,0,4,0,1.0000
2,260.0000,3,13,156.7947,-79.6249,0.4910,39,0.9750,0.0667,60,4,0,97,48,101,48,0.5248
2,260.0000,3,14,296.0741,-85.3940,0.1830,34,0.8500,0.4000,5,4,0,0,0,4,0,1.0000
2,260.0000,4,3,477.0032,-88.5750,0.3125,10,0.2500,1.0000,8,8,8,0,0,8,8,0.0000
2,260.0000,4,5,515.7184,-87.7749,0.5845,8,0.2000,1.0000,8,8,7,0,0,8,7,0.1250
2,260.0000,4,13,427.4553,-88.1502,0.0933,26,0.6500,0.8750,8,6,3,0,0,6,3,0.5000
2,260.0000,5,3,574.2732,-89.5518,-0.2303,5,0.1250,1.0000,8,8,8,0,0,8,8,0.0000
2,260.0000,5,4,515.7184,-88.5757,-0.7167,10,0.2500,0.8750,8,8,7,0,0,8,7,0.1250
2,260.0000,5,9,487.9789,-87.8803,-0.0918,20,0.5000,0.3333,6,8,7,0,0,8,7,0.1250
2,260.0000,5,12,405.9598,-88.0467,0.0185,27,0.6750,0.5000,6,5,2,0,0,5,2,0.6000
2,260.0000,5,13,430.6325,-88.2098,-0.4018,14,0.3500,0.7143,7,6,4,0,0,6,4,0.3333
2,260.0000,5,14,472.6378,-88.0709,-0.8061,10,0.2500,1.0000,8,7,5,0,0,7,5,0.2857
2,260.0000,6,2,544.6213,-89.2138,0.0049,13,0.3171,1.0000,8,8,8,0,0,8,8,0.0000
2,260.0000,6,11,432.6410,-87.6277,-0.0139,24,0.5854,0.2000,5,6,4,0,0,6,4,0.3333
2,260.0000,7,1,545.4602,-88.9680,0.2919,16,0.4103,0.8571,7,8,8,0,0,8,8,0.0000
2,260.0000,7,8,571.0226,-89.1572,-0.2684,8,0.2051,1.0000,8,8,8,0,0,8,8,0.0000
2,260.0000,8,0,204.1831,-85.4372,1.0764,38,0.9500,0.0000,4,4,0,0,0,4,0,1.0000
2,260.0000,8,7,571.0226,-88.7708,0.0388,6,0.1500,1.0000,8,8,8,0,0,8,8,0.0000
2,260.0000,9,5,487.9789,-86.8635,-0.6011,20,0.5000,0.8571,7,7,5,0,0,7,5,0.2857
2,260.0000,9,14,691.7059,-89.3069,-0.4566,3,0.0750,1.0000,4,2,2,0,0,2,2,0.0000
2,260.0000,10,1,191.0443,-83.0313,0.8954,40,1.0000,0.0000,4,4,0,19,0,23,0,1.0000
2,260.0000,10,3,273.0139,-86.5228,0.6042,34,0.8500,0.5000,6,4,0,0,0,4,0,1.0000
2,260.0000,10,13,344.9526,-88.0259,0.5486,26,0.6500,0.7143,7,4,0,0,0,4,0,1.0000
2,260.0000,10,14,371.6058,-86.0772,0.7573,30,0.7500,0.7706,109,7,3,103,74,110,77,0.3000
2,260.0000,11,2,398.9242,-87.3189,0.1720,27,0.6750,0.4000,5,6,2,0,0,6,2,0.6667
2,260.0000,11,6,432.6410,-87.8099,-0.0301,20,0.5000,0.7143,7,6,3,0,0,6,3,0.5000
2,260.0000,12,5,405.9598,-87.0864,0.2557,24,0.5854,0.2000,5,7,6,0,0,7,6,0.1429
2,260.0000,12,9,712.5167,-89.4813,0.4867,4,0.0976,1.0000,8,4,4,0,0,4,4,0.0000
2,260.0000,13,1,497.9863,-89.3378,0.2455,8,0.2000,1.0000,6,7,4,40,29,47,33,0.2979
2,260.0000,13,3,156.7947,-80.0122,0.1008,39,0.9750,0.0000,4,4,0,0,0,4,0,1.0000
2,260.0000,13,4,427.4553,-88.1465,0.7482,21,0.5250,0.7500,8,7,5,0,0,7,5,0.2857
2,260.0000,13,5,430.6325,-88.0124,0.1440,20,0.5000,0.8750,8,6,3,0,0,6,3,0.5000
2,260.0000,13,10,344.9526,-87.4674,0.4064,24,0.6000,0.6667,6,4,0,46,28,50,28,0.4400
2,260.0000,13,12,718.4424,-89.1972,0.0194,3,0.0750,1.0000,4,4,4,0,0,4,4,0.0000
2,260.0000,13,14,243.3014,-84.9211,0.4605,38,0.9500,0.0000,4,5,2,0,0,5,2,0.6000
2,260.0000,14,1,561.0368,-88.3915,0.8971,4,0.1000,1.0000,8,8,8,0,0,8,8,0.0000
2,260.0000,14,3,296.0741,-85.9097,-0.0081,34,0.8500,0.2000,5,6,2,0,0,6,2,0.6667
2,260.0000,14,5,472.6378,-88.7865,0.1319,10,0.2500,1.0000,4,7,6,0,0,7,6,0.1429
2,260.0000,14,10,371.6058,-87.2908,0.0765,27,0.6750,0.5714,7,4,0,0,0,4,0,1.0000
2,260.0000,14,13,243.3014,-84.6468,0.4490,38,0.9500,0.0000,4,4,0,0,0,4,0,1.0000
2,264.0000,0,7,541.2085,-89.1086,0.3396,4,0.1000,1.0000,6,8,8,0,0,8,8,0.0000
2,264.0000,0,8,113.0974,-79.0160,1.7371,40,1.0000,0.0000,4,4,0,0,0,4,0,1.0000
2,264.0000,1,3,303.5797,-86.9935,-0.3931,29,0.7250,0.3333,6,4,0,0,0,4,0,1.0000
2,264.0000,1,7,622.6297,-88.5242,-0.6805,7,0.1750,0.9231,39,6,6,0,0,6,6,0.0000
2,264.0000,1,10,176.2744,-80.6936,0.2116,40,1.0000,0.0000,4,4,0,0,0,4,0,1.0000
2,264.0000,1,13,368.5361,-87.7181,0.5442,26,0.6500,0.5714,7,4,0,0,0,4,0,1.0000
2,264.0000,1,14,514.7744,-89.2841,0.0853,9,0.2250,1.0000,8,8,7,0,0,8,7,0.1250
2,264.0000,2,6,566.2722,-88.7338,-0.0825,11,0.2750,1.0000,8,8,8,0,0,8,8,0.0000
2,264.0000,2,11,407.5216,-87.1984,-0.0817,26,0.6500,0.5000,6,4,1,0,0,4,1,0.7500
2,264.0000,3,1,303.5797,-86.7218,0.8759,32,0.8000,0.0000,4,5,1,0,0,5,1,0.8000
2,264.0000,3,4,448.7263,-88.3569,0.7272,14,0.3500,0.8571,7,8,7,0,0,8,7,0.1250
2,264.0000,3,5,550.3435,-88.8114,0.1622,8,0.2000,1.0000,8,8,8,0,0,8,8,0.0000
2,264.0000,3,10,134.3771,-81.9815,1.4860,39,0.9750,0.0000,4,4,0,0,0,4,0,1.0000
2,264.0000,3,13,154.1787,-79.4358,0.2101,39,0.9750,0.4752,101,4,0,98,50,102,50,0.5098
2,264.0000,3,14,321.5298,-85.2451,-0.0701,38,0.9500,0.0000,4,8,6,0,0,8,6,0.2500
2,264.0000,4,3,448.7263,-88.3134,0.0265,21,0.5250,1.0000,8,6,4,0,0,6,4,0.3333
2,264.0000,4,5,494.4477,-88.7932,-0.5010,10,0.2500,0.8750,8,8,7,0,0,8,7,0.1250
2,264.0000,4,10,505.8579,-89.0040,0.1318,6,0.1500,0.8000,5,7,6,0,0,7,6,0.1429
2,264.0000,4,13,359.3025,-87.7977,0.8616,26,0.6500,0.5000,6,4,0,0,0,4,0,1.0000
2,264.0000,4,14,555.6420,-89.4728,-0.4061,3,0.0750,1.0000,6,8,8,0,0,8,8,0.0000
2,264.0000,5,3,550.3435,-88.8490,-0.4908,10,0.2500,1.0000,8,8,7,0,0,8,7,0.1250
2,264.0000,5,4,494.4477,-88.6347,0.0343,12,0.3000,0.8750,8,7,5,0,0,7,5,0.2857
2,264.0000,5,9,637.3319,-89.2465,-0.1991,7,0.1750,0.8750,8,4,4,0,0,4,4,0.0000
2,264.0000,5,12,421.9156,-87.6761,-0.1806,27,0.6750,0.4000,5,7,4,0,0,7,4,0.4286
2,264.0000,5,13,409.8866,-87.7243,0.0317,25,0.6250,0.6667,6,6,2,0,0,6,2,0.6667
2,264.0000,5,14,332.4593,-87.3346,0.0626,21,0.5250,0.7143,7,5,2,0,0,5,2,0.6000
2,264.0000,6,2,566.2722,-88.4704,0.3865,9,0.2250,1.0000,8,8,7,0,0,8,7,0.1250
2,264.0000,6,11,396.8363,-87.6509,-0.1049,24,0.6000,0.6667,6,6,2,0,0,6,2,0.6667
2,264.0000,7,1,622.6297,-89.1166,0.0369,5,0.1250,1.0000,8,6,6,0,0,6,6,0.0000
2,264.0000,7,8,549.9816,-88.3219,-0.0509,12,0.3000,1.0000,8,8,8,0,0,8,8,0.0000
2,264.0000,8,0,113.0974,-79.4011,0.8550,40,1.0000,0.0000,4,4,0,0,0,4,0,1.0000
2,264.0000,8,7,549.9816,-88.4707,0.0898,10,0.2500,1.0000,8,9,8,0,0,9,8,0.1111
2,264.0000,9,2,605.9975,-89.0177,-0.5698,4,0.1000,1.0000,2,8,8,0,0,8,8,0.0000
2,264.0000,9,5,637.3319,-88.9357,0.2793,6,0.1500,0.7143,7,6,6,0,0,6,6,0.0000
2,264.0000,10,1,176.2744,-80.5143,-0.1124,39,0.9750,0.0000,23,5,1,0,0,5,1,0.8000
2,264.0000,10,3,134.3771,-81.6189,1.6090,40,1.0000,0.0000,4,4,0,0,0,4,0,1.0000
2,264.0000,10,4,505.8579,-88.7344,0.0427,4,0.1000,1.0000,8,5,2,0,0,5,2,0.6000
2,264.0000,10,13,202.7144,-83.9469,1.2894,35,0.8750,0.0000,4,4,0,4,2,8,2,0.7500
2,264.0000,10,14,367.4288,-86.9281,0.1873,34,0.8500,0.7000,110,6,3,94,62,100,65,0.3500
2,264.0000,11,2,407.5216,-87.7044,0.1503,30,0.7500,0.3333,6,7,5,0,0,7,5,0.2857
2,264.0000,11,6,396.8363,-86.9388,0.0354,25,0.6250,0.5000,6,4,0,0,0,4,0,1.0000
2,264.0000,12,4,663.2991,-89.4325,-0.3408,3,0.0750,1.0000,4,8,8,0,0,8,8,0.0000
2,264.0000,12,5,421.9156,-87.6611,0.0723,23,0.5750,0.8571,7,7,4,0,0,7,4,0.4286
2,264.0000,13,1,368.5361,-87.5951,0.1666,19,0.4750,0.7021,47,5,1,4,3,9,4,0.5556
2,264.0000,13,3,154.1787,-78.8162,-0.4055,37,0.9250,0.0000,4,4,0,0,0,4,0,1.0000
2,264.0000,13,4,359.3025,-87.6424,0.1453,25,0.6250,0.7143,7,5,2,0,0,5,2,0.6000
2,264.0000,13,5,409.8866,-87.8179,0.0950,20,0.5000,0.5000,6,8,8,0,0,8,8,0.0000
2,264.0000,13,10,202.7144,-83.9156,1.1396,36,0.9000,0.5600,50,5,1,0,0,5,1,0.8000
2,264.0000,13,14,256.4145,-83.5880,0.0804,39,0.9750,0.4000,5,4,0,2,0,6,0,1.0000
2,264.0000,14,1,514.7744,-88.2236,0.2051,7,0.1750,1.0000,8,8,8,0,0,8,8,0.0000
2,264.0000,14,3,321.5298,-84.8307,-0.0345,36,0.9000,0.3333,6,4,0,0,0,4,0,1.0000
2,264.0000,14,4,555.6420,-88.8848,1.1478,4,0.1000,1.0000,8,8,8,0,0,8,8,0.0000
2,264.0000,14,5,332.4593,-87.5523,0.1415,26,0.6500,0.8571,7,5,1,0,0,5,1,0.8000
2,264.0000,14,10,367.4288,-86.6801,-0.1538,30,0.7500,0.0000,4,6,4,0,0,6,4,0.3333
2,264.0000,14,13,256.4145,-84.8139,-0.1164,39,0.9750,0.0000,4,6,3,0,0,6,3,0.5000
2,268.0000,0,7,473.8241,-88.3508,0.1507,18,0.4500,1.0000,8,6,3,0,0,6,3,0.5000
2,268.0000,0,8,205.7094,-78.4608,-1.1826,40,1.0000,0.0000,4,4,0,0,0,4,0,1.0000
2,268.0000,1,3,267.1594,-85.0400,0.4607,38,0.9500,0.0000,4,5,1,0,0,5,1,0.8000
2,268.0000,1,4,557.7221,-88.7227,0.2353,5,0.1250,1.0000,8,8,8,0,0,8,8,0.0000
2,268.0000,1,10,237.4817,-82.0867,-0.4080,39,0.9750,0.0000,4,6,3,0,0,6,3,0.5000
2,268.0000,1,13,306.9548,-85.9586,0.1096,34,0.8500,0.0000,4,4,0,0,0,4,0,1.0000
2,268.0000,1,14,503.6500,-88.1397,-0.5282,15,0.3750,0.8750,8,7,5,0,0,7,5,0.2857
2,268.0000,2,6,461.1643,-88.3089,0.1636,18,0.4500,1.0000,8,6,2,0,0,6,2,0.6667
2,268.0000,2,9,480.4129,-88.7215,-0.1328,7,0.1750,1.0000,8,7,6,0,0,7,6,0.1429
2,268.0000,2,11,419.6598,-88.2383,-0.1847,22,0.5500,0.2500,4,9,7,0,0,9,7,0.2222
2,268.0000,3,1,267.1594,-84.8790,0.4286,40,1.0000,0.2000,5,5,1,0,0,5,1,0.8000
2,268.0000,3,4,424.3371,-88.5373,0.5281,11,0.2750,0.8750,8,8,7,0,0,8,7,0.1250
2,268.0000,3,5,516.6765,-88.4253,0.6433,8,0.2000,1.0000,8,8,6,0,0,8,6,0.2500
2,268.0000,3,10,133.1147,-77.0529,-0.0121,40,1.0000,0.0000,4,4,0,0,0,4,0,1.0000
2,268.0000,3,13,156.0771,-79.6458,-0.3884,40,1.0000,0.4902,102,4,0,104,59,108,59,0.4537
2,268.0000,3,14,406.4877,-86.7918,-0.2574,30,0.7500,0.7500,8,8,6,0,0,8,6,0.2500
2,268.0000,4,1,557.7221,-88.8628,-0.2133,4,0.1026,1.0000,6,7,6,0,0,7,6,0.1429
2,268.0000,4,3,424.3371,-87.9268,0.5067,19,0.4872,0.6667,6,6,4,0,0,6,4,0.3333
2,268.0000,4,5,487.3267,-88.0471,-0.0312,12,0.3077,0.8750,8,8,8,0,0,8,8,0.0000
2,268.0000,4,10,354.1824,-87.9901,0.3239,20,0.5128,0.8571,7,4,0,0,0,4,0,1.0000
2,268.0000,4,13,305.0469,-85.7746,-0.2881,31,0.7949,0.0000,4,4,0,0,0,4,0,1.0000
2,268.0000,4,14,532.1721,-88.9534,0.3958,8,0.2051,1.0000,8,8,8,0,0,8,8,0.0000
2,268.0000,5,3,516.6765,-88.9088,-0.0623,16,0.4000,0.8750,8,8,8,0,0,8,8,0.0000
2,268.0000,5,4,487.3267,-88.1209,-0.0195,9,0.2250,0.7143,7,7,6,0,0,7,6,0.1429
2,268.0000,5,10,423.2711,-88.5081,-0.0973,15,0.3750,0.8750,8,5,2,0,0,5,2,0.6000
2,268.0000,5,12,459.0535,-87.3233,-0.2565,19,0.4750,0.5714,7,8,7,0,0,8,7,0.1250
2,268.0000,5,13,390.9798,-87.8850,0.3808,20,0.5000,0.3333,6,7,5,0,0,7,5,0.2857
2,268.0000,5,14,205.6895,-84.2240,1.4684,35,0.8750,0.4000,5,4,0,0,0,4,0,1.0000
2,268.0000,6,2,461.1643,-88.8461,-0.1514,16,0.4000,0.8750,8,7,6,0,0,7,6,0.1429
2,268.0000,6,9,561.6999,-89.0481,0.0273,7,0.1750,1.0000,6,8,8,0,0,8,8,0.0000
2,268.0000,6,11,216.1676,-85.2984,1.0927,38,0.9500,0.3333,6,4,0,0,0,4,0,1.0000
2,268.0000,7,0,473.8241,-88.6720,-0.2501,12,0.2927,0.8750,8,7,3,0,0,7,3,0.5714
2,268.0000,7,8,530.0561,-88.1897,-1.0902,4,0.0976,1.0000,8,7,6,0,0,7,6,0.1429
2,268.0000,8,0,205.7094,-79.3323,-1.4719,40,1.0000,0.0000,4,5,1,0,0,5,1,0.8000
2,268.0000,8,7,530.0561,-89.1137,-0.3828,6,0.1500,0.8889,9,6,4,0,0,6,4,0.3333
2,268.0000,9,2,480.4129,-89.1998,0.3443,13,0.3250,1.0000,8,6,4,0,0,6,4,0.3333
2,268.0000,9,6,561.6999,-88.7298,0.3384,7,0.1750,0.8571,7,8,8,0,0,8,8,0.0000
2,268.0000,9,11,536.4748,-88.7094,1.4130,5,0.1250,1.0000,6,7,5,0,0,7,5,0.2857
2,268.0000,10,1,237.4817,-81.9262,-0.2145,40,1.0000,0.2000,5,4,0,0,0,4,0,1.0000
2,268.0000,10,3,133.1147,-76.6622,0.2493,40,1.0000,0.0000,4,4,0,0,0,4,0,1.0000
2,268.0000,10,4,354.1824,-87.3825,0.7799,23,0.5750,0.4000,5,4,0,0,0,4,0,1.0000
2,268.0000,10,5,423.2711,-87.6534,0.5685,18,0.4500,1.0000,8,8,5,0,0,8,5,0.3750
2,268.0000,10,13,69.6360,-78.1285,2.9264,40,1.0000,0.2500,8,4,0,0,0,4,0,1.0000
2,268.0000,10,14,359.6929,-86.9485,0.3097,28,0.7000,0.6500,100,5,2,98,65,103,67,0.3495
2,268.0000,11,2,419.6598,-87.8934,-0.0432,29,0.7250,0.7143,7,7,5,0,0,7,5,0.2857
2,268.0000,11,6,216.1676,-85.6032,1.0322,36,0.9000,0.0000,4,4,0,0,0,4,0,1.0000
2,268.0000,11,9,536.4748,-88.7795,0.2469,6,0.1500,1.0000,4,6,3,0,0,6,3,0.5000
2,268.0000,12,5,459.0535,-87.9418,-0.1211,26,0.6500,0.5714,7,7,6,0,0,7,6,0.1429
2,268.0000,12,14,515.1247,-89.0243,-0.1787,6,0.1500,1.0000,4,8,6,0,0,8,6,0.2500
2,268.0000,13,1,306.9548,-86.2078,0.5333,35,0.8750,0.4444,9,6,3,0,0,6,3,0.5000
2,268.0000,13,3,156.0771,-80.3414,-0.1503,40,1.0000,0.0000,4,4,0,0,0,4,0,1.0000
2,268.0000,13,4,305.0469,-86.3355,0.1313,35,0.8750,0.4000,5,5,1,0,0,5,1,0.8000
2,268.0000,13,5,390.9798,-87.3768,0.0646,32,0.8000,1.0000,8,6,3,0,0,6,3,0.5000
2,268.0000,13,10,69.6360,-77.6944,2.6836,40,1.0000,0.2000,5,4,0,0,0,4,0,1.0000
2,268.0000,13,14,333.7263,-85.4057,-0.6736,37,0.9250,0.0000,6,5,1,0,0,5,1,0.8000
2,268.0000,14,1,503.6500,-88.3696,-0.2517,15,0.3750,1.0000,8,8,8,0,0,8,8,0.0000
2,268.0000,14,3,406.4877,-87.1617,-0.0217,30,0.7500,0.0000,4,8,7,0,0,8,7,0.1250
2,268.0000,14,4,532.1721,-88.7211,0.1486,12,0.3000,1.0000,8,4,2,0,0,4,2,0.5000
2,268.0000,14,5,205.6895,-84.4289,1.4042,38,0.9500,0.2000,5,4,0,0,0,4,0,1.0000
2,268.0000,14,10,359.6929,-87.3015,0.0880,33,0.8250,0.6667,6,5,1,0,0,5,1,0.8000
2,268.0000,14,12,515.1247,-88.0289,2.5987,7,0.1750,1.0000,6,7,5,0,0,7,5,0.2857
2,268.0000,14,13,333.7263,-85.0943,-0.2327,35,0.8750,0.5000,6,6,1,0,0,6,1,0.8333
2,272.0000,0,7,399.4328,-88.1204,0.2459,16,0.4000,0.5000,6,6,2,0,0,6,2,0.6667
2,272.0000,0,8,316.6999,-84.0344,-1.2053,38,0.9500,0.0000,4,6,4,0,0,6,4,0.3333
2,272.0000,1,3,330.8021,-85.6723,-0.4603,37,0.9250,0.2000,5,6,3,0,0,6,3,0.5000
2,272.0000,1,4,551.6828,-88.6514,-0.1556,5,0.1250,1.0000,8,8,7,0,0,8,7,0.1250
2,272.0000,1,5,451.4044,-88.6081,-0.1846,9,0.2250,0.8571,7,6,3,0,0,6,3,0.5000
2,272.0000,1,10,342.3868,-85.0999,-0.6594,37,0.9250,0.5000,6,7,6,0,0,7,6,0.1429
2,272.0000,1,13,355.5792,-85.4728,-0.6178,36,0.9000,0.0000,4,8,6,0,0,8,6,0.2500
2,272.0000,1,14,532.9769,-88.6805,-0.2714,17,0.4250,0.7143,7,8,8,0,0,8,8,0.0000
2,272.0000,2,6,387.8050,-88.2347,0.3265,23,0.5750,0.3333,6,6,3,0,0,6,3,0.5000
2,272.0000,2,9,376.4100,-87.2965,0.7495,18,0.4500,0.8571,7,8,5,0,0,8,5,0.3750
2,272.0000,2,11,419.4435,-87.3305,-0.1101,26,0.6500,0.7778,9,6,3,0,0,6,3,0.5000
2,272.0000,3,1,330.8021,-85.5265,-0.1293,39,0.9750,0.2000,5,7,5,0,0,7,5,0.2857
2,272.0000,3,4,387.0678,-86.9822,0.1233,26,0.6500,0.8750,8,6,3,0,0,6,3,0.5000
2,272.0000,3,5,490.2722,-88.3957,-0.1585,14,0.3500,0.7500,8,8,7,0,0,8,7,0.1250
2,272.0000,3,10,261.0690,-81.9880,-1.1481,40,1.0000,0.0000,4,6,2,0,0,6,2,0.6667
2,272.0000,3,13,171.0764,-80.1861,0.1105,40,1.0000,0.5463,108,4,0,98,57,102,57,0.4412
2,272.0000,3,14,540.7079,-87.6630,-0.0341,17,0.4250,0.7500,8,8,8,0,0,8,8,0.0000
2,272.0000,4,1,551.6828,-88.8050,-0.0502,8,0.2000,0.8571,7,8,8,0,0,8,8,0.0000
2,272.0000,4,3,387.0678,-87.5122,-0.3392,24,0.6000,0.6667,6,7,5,0,0,7,5,0.2857
2,272.0000,4,5,467.0683,-88.4870,-0.0184,19,0.4750,1.0000,8,7,6,0,0,7,6,0.1429
2,272.0000,4,10,269.0030,-84.8601,0.8502,39,0.9750,0.0000,4,4,0,0,0,4,0,1.0000
2,272.0000,4,13,241.0856,-84.7983,0.1004,39,0.9750,0.0000,4,4,0,0,0,4,0,1.0000
2,272.0000,4,14,585.4982,-88.4166,0.1349,3,0.0750,1.0000,8,6,5,0,0,6,5,0.1667
2,272.0000,5,1,451.4044,-88.1229,0.0829,15,0.3750,1.0000,8,7,6,0,0,7,6,0.1429
2,272.0000,5,3,490.2722,-87.3185,-0.1413,14,0.3500,1.0000,8,7,5,0,0,7,5,0.2857
2,272.0000,5,4,467.0683,-88.4073,0.3418,19,0.4750,0.8571,7,7,6,0,0,7,6,0.1429
2,272.0000,5,10,260.5730,-86.0932,0.8415,26,0.6500,0.4000,5,4,0,0,0,4,0,1.0000
2,272.0000,5,12,475.4260,-88.1988,-0.1232,21,0.5250,0.8750,8,8,8,0,0,8,8,0.0000
2,272.0000,5,13,373.5635,-86.9263,-0.2808,26,0.6500,0.7143,7,6,4,0,0,6,4,0.3333
2,272.0000,5,14,175.7695,-80.8963,0.6503,39,0.9750,0.0000,4,4,0,0,0,4,0,1.0000
2,272.0000,6,2,387.8050,-88.1565,0.0893,28,0.7000,0.8571,7,6,2,0,0,6,2,0.6667
2,272.0000,6,9,457.7911,-88.5402,-0.0344,13,0.3250,1.0000,8,6,4,0,0,6,4,0.3333
2,272.0000,6,11,129.9733,-79.5820,1.2323,40,1.0000,0.0000,4,4,0,0,0,4,0,1.0000
2,272.0000,7,0,399.4328,-88.2080,0.0327,17,0.4250,0.4286,7,7,6,0,0,7,6,0.1429
2,272.0000,7,3,605.1267,-89.6405,0.8181,3,0.0750,1.0000,6,8,8,0,0,8,8,0.0000
2,272.0000,7,8,524.8132,-88.5858,-0.2452,15,0.3750,0.8571,7,8,8,0,0,8,8,0.0000
2,272.0000,8,0,316.6999,-83.9076,-1.1255,39,0.9750,0.2000,5,6,3,0,0,6,3,0.5000
2,272.0000,8,7,524.8132,-88.1246,0.4657,12,0.3000,0.6667,6,8,6,0,0,8,6,0.2500
2,272.0000,9,2,376.4100,-87.9742,0.4503,24,0.6000,0.6667,6,6,3,0,0,6,3,0.5000
2,272.0000,9,6,457.7911,-88.1812,0.9546,13,0.3250,1.0000,8,8,6,0,0,8,6,0.2500
2,272.0000,9,11,386.0377,-88.3582,-0.3865,16,0.4000,0.7143,7,6,4,0,0,6,4,0.3333
2,272.0000,10,1,342.3868,-85.6107,-0.8669,38,0.9268,0.0000,4,6,4,0,0,6,4,0.3333
2,272.0000,10,3,261.0690,-80.9834,-1.7914,41,1.0000,0.0000,4,6,2,0,0,6,2,0.6667
2,272.0000,10,4,269.0030,-85.4869,0.5653,36,0.8780,0.0000,4,5,1,0,0,5,1,0.8000
2,272.0000,10,5,260.5730,-85.9638,0.8149,33,0.8049,0.6250,8,4,0,0,0,4,0,1.0000
2,272.0000,10,13,115.9277,-71.7015,-1.9415,40,0.9756,0.0000,4,4,0,0,0,4,0,1.0000
2,272.0000,10,14,367.6888,-86.7534,-0.1990,34,0.8293,0.6505,103,6,3,98,67,104,70,0.3269
2,272.0000,11,2,419.4435,-88.1792,-0.3197,20,0.5000,0.7143,7,5,2,0,0,5,2,0.6000
2,272.0000,11,6,129.9733,-79.8986,1.2263,40,1.0000,0.0000,4,4,0,0,0,4,0,1.0000
2,272.0000,11,9,386.0377,-87.2974,0.6411,21,0.5250,0.5000,6,5,1,0,0,5,1,0.8000
2,272.0000,12,5,475.4260,-87.9840,0.2509,16,0.4000,0.8571,7,8,8,0,0,8,8,0.0000
2,272.0000,12,10,626.4810,-89.2442,-0.4467,3,0.0750,,0,8,8,0,0,8,8,0.0000
2,272.0000,12,14,407.9538,-88.0936,0.5626,22,0.5500,0.7500,8,5,1,0,0,5,1,0.8000
2,272.0000,13,1,355.5792,-86.2357,-0.3295,35,0.8974,0.5000,6,6,3,0,0,6,3,0.5000
2,272.0000,13,3,171.0764,-80.0692,-0.3478,39,1.0000,0.0000,4,4,0,0,0,4,0,1.0000
2,272.0000,13,4,241.0856,-85.0795,0.4914,36,0.9231,0.2000,5,4,0,0,0,4,0,1.0000
2,272.0000,13,5,373.5635,-87.2962,-0.1038,32,0.8205,0.5000,6,7,4,0,0,7,4,0.4286
2,272.0000,13,10,115.9277,-71.8542,-1.7909,39,1.0000,0.0000,4,4,0,0,0,4,0,1.0000
2,272.0000,13,12,701.1228,-89.4008,-0.3019,3,0.0769,1.0000,4,4,4,0,0,4,4,0.0000
2,272.0000,13,14,460.9775,-87.5084,-0.4525,27,0.6923,0.2000,5,8,8,0,0,8,8,0.0000
2,272.0000,14,1,532.9769,-88.4264,-0.2428,9,0.2250,1.0000,8,8,8,0,0,8,8,0.0000
2,272.0000,14,3,540.7079,-88.5046,-0.1487,25,0.6250,0.8750,8,6,6,0,0,6,6,0.0000
2,272.0000,14,4,585.4982,-88.8320,0.1727,8,0.2000,0.5000,4,8,8,0,0,8,8,0.0000
2,272.0000,14,5,175.7695,-80.9863,0.0273,39,0.9750,0.0000,4,4,0,0,0,4,0,1.0000
2,272.0000,14,10,367.6888,-87.1039,0.5455,33,0.8250,0.2000,5,6,4,0,0,6,4,0.3333
2,272.0000,14,12,407.9538,-87.7736,0.2632,24,0.6000,0.7143,7,7,6,0,0,7,6,0.1429
2,272.0000,14,13,460.9775,-87.1356,-0.5833,23,0.5750,0.1667,6,7,6,0,0,7,6,0.1429
2,276.0000,0,7,369.5071,-87.0300,0.8127,28,0.7000,0.3333,6,6,4,0,0,6,4,0.3333
2,276.0000,0,8,412.7536,-87.2746,-0.3888,26,0.6500,0.6667,6,7,4,0,0,7,4,0.4286
2,276.0000,1,3,441.3515,-87.2814,-0.3273,29,0.7250,0.5000,6,8,8,0,0,8,8,0.0000
2,276.0000,1,4,585.3166,-89.2423,-0.2867,6,0.1500,0.8750,8,8,8,0,0,8,8,0.0000
2,276.0000,1,5,390.0666,-87.7325,0.6968,22,0.5500,0.5000,6,7,5,0,0,7,5,0.2857
2,276.0000,1,10,462.8693,-86.9947,-0.2061,19,0.4750,0.8571,7,7,6,0,0,7,6,0.1429
2,276.0000,1,13,470.1007,-87.2941,0.1359,26,0.6500,0.7500,8,8,8,0,0,8,8,0.0000
2,276.0000,1,14,576.6879,-88.7825,-0.1524,7,0.1750,1.0000,8,8,8,0,0,8,8,0.0000
2,276.0000,2,6,357.9128,-87.1546,0.4494,31,0.7750,0.5000,6,6,2,0,0,6,2,0.6667
2,276.0000,2,9,300.4248,-86.5120,0.4866,32,0.8000,0.6250,8,5,2,0,0,5,2,0.6000
2,276.0000,2,11,423.4613,-87.9710,0.3911,26,0.6500,0.5000,6,4,2,0,0,4,2,0.5000
2,276.0000,3,1,441.3515,-86.9110,-0.8638,31,0.7750,0.7143,7,8,8,0,0,8,8,0.0000
2,276.0000,3,4,342.7974,-86.8943,0.2976,31,0.7750,0.5000,6,5,1,0,0,5,1,0.8000
2,276.0000,3,5,472.6264,-88.0902,0.0774,20,0.5000,0.8750,8,6,4,0,0,6,4,0.3333
2,276.0000,3,7,542.8392,-88.8941,0.0776,11,0.2750,1.0000,6,10,8,0,0,10,8,0.2000
2,276.0000,3,10,406.8764,-86.3199,-0.6641,32,0.8000,0.3333,6,6,4,0,0,6,4,0.3333
2,276.0000,3,13,200.2021,-81.1884,-0.1231,40,1.0000,0.5588,102,4,0,85,47,89,47,0.4719
2,276.0000,3,14,690.4247,-88.8082,0.8788,5,0.1250,1.0000,8,2,2,0,0,2,2,0.0000
2,276.0000,4,1,585.3166,-88.6111,-0.8962,7,0.1707,1.0000,8,8,8,0,0,8,8,0.0000
2,276.0000,4,3,342.7974,-86.8060,0.3304,30,0.7317,0.7143,7,5,1,0,0,5,1,0.8000
2,276.0000,4,5,446.4851,-88.0904,-0.3350,18,0.4390,0.8571,7,8,7,0,0,8,7,0.1250
2,276.0000,4,7,408.7757,-88.3878,0.0591,21,0.5122,0.8750,8,5,2,0,0,5,2,0.6000
2,276.0000,4,10,300.0698,-85.1156,-0.3989,38,0.9268,0.0000,4,7,3,0,0,7,3,0.5714
2,276.0000,4,13,173.8432,-82.0191,0.4834,40,0.9756,0.0000,4,4,0,0,0,4,0,1.0000
2,276.0000,4,14,697.2878,-89.6555,-0.2004,3,0.0732,0.8333,6,4,4,0,0,4,4,0.0000
2,276.0000,5,1,390.0666,-87.8758,0.2113,22,0.5500,0.8571,7,7,6,0,0,7,6,0.1429
2,276.0000,5,3,472.6264,-88.2194,0.2652,15,0.3750,0.7143,7,8,7,0,0,8,7,0.1250
2,276.0000,5,4,446.4851,-88.4791,0.1437,23,0.5750,0.8571,7,6,3,0,0,6,3,0.5000
2,276.0000,5,10,159.3084,-82.1041,1.3019,39,0.9750,0.0000,4,4,0,0,0,4,0,1.0000
2,276.0000,5,12,500.3542,-88.7953,0.2312,12,0.3000,1.0000,8,7,6,0,0,7,6,0.1429
2,276.0000,5,13,357.6924,-86.4941,-0.0188,31,0.7750,0.6667,6,7,4,0,0,7,4,0.4286
2,276.0000,5,14,278.9447,-82.7339,-1.1365,40,1.0000,0.0000,4,5,1,0,0,5,1,0.8000
2,276.0000,6,2,357.9128,-86.6754,0.3125,34,0.8500,0.3333,6,5,2,0,0,5,2,0.6000
2,276.0000,6,9,368.4303,-87.6004,0.4402,25,0.6250,0.6667,6,5,1,0,0,5,1,0.8000
2,276.0000,6,11,249.5037,-80.8908,-1.6869,40,1.0000,0.0000,4,4,0,0,0,4,0,1.0000
2,276.0000,7,0,369.5071,-86.3816,0.4248,25,0.6250,0.8571,7,4,0,0,0,4,0,1.0000
2,276.0000,7,3,542.8392,-88.4074,0.6138,5,0.1250,1.0000,8,7,5,0,0,7,5,0.2857
2,276.0000,7,4,408.7757,-88.2668,0.7203,12,0.3000,0.8889,9,5,2,0,0,5,2,0.6000
2,276.0000,7,8,503.3389,-88.5816,-0.3207,13,0.3250,1.0000,8,8,7,0,0,8,7,0.1250
2,276.0000,7,13,506.0874,-88.6414,1.3456,5,0.1250,1.0000,6,8,7,0,0,8,7,0.1250
2,276.0000,8,0,412.7536,-86.9892,-0.2670,26,0.6500,0.5000,6,8,8,0,0,8,8,0.0000
2,276.0000,8,7,503.3389,-89.0052,-0.1231,8,0.2000,0.7500,8,7,5,0,0,7,5,0.2857
2,276.0000,9,2,300.4248,-86.5428,0.3681,34,0.8500,0.5000,6,4,0,0,0,4,0,1.0000
2,276.0000,9,6,368.4303,-87.3837,0.0468,23,0.5750,0.7500,8,4,0,0,0,4,0,1.0000
2,276.0000,9,11,252.0998,-85.9821,0.1293,39,0.9750,0.6667,6,4,0,0,0,4,0,1.0000
2,276.0000,10,1,462.8693,-87.0059,-0.5061,27,0.6923,0.6667,6,8,8,0,0,8,8,0.0000
2,276.0000,10,3,406.8764,-85.9106,-1.3197,31,0.7949,0.3333,6,7,6,0,0,7,6,0.1429
2,276.0000,10,4,300.0698,-85.2016,-0.0167,38,0.9744,0.2000,5,7,6,0,0,7,6,0.1429
2,276.0000,10,5,159.3084,-82.4270,0.8589,38,0.9744,0.0000,4,5,1,0,0,5,1,0.8000
2,276.0000,10,12,506.1194,-88.8739,0.1838,9,0.2308,0.8571,7,6,4,7,6,13,10,0.2308
2,276.0000,10,13,241.8391,-80.3826,-1.8308,39,1.0000,0.0000,4,6,2,0,0,6,2,0.6667
2,276.0000,10,14,400.0131,-87.4430,-0.2873,30,0.7692,0.6731,104,8,5,92,71,100,76,0.2400
2,276.0000,11,2,423.4613,-87.4929,0.6067,21,0.5250,0.4000,5,5,1,0,0,5,1,0.8000
2,276.0000,11,6,249.5037,-80.2950,-1.9591,40,1.0000,0.0000,4,6,2,0,0,6,2,0.6667
2,276.0000,11,9,252.0998,-85.7821,0.8332,32,0.8000,0.2000,5,4,0,0,0,4,0,1.0000
2,276.0000,12,5,500.3542,-88.7451,-0.2343,14,0.3500,1.0000,8,8,7,0,0,8,7,0.1250
2,276.0000,12,10,506.1194,-88.2096,-0.1235,7,0.1750,1.0000,8,6,4,0,0,6,4,0.3333
2,276.0000,12,14,373.9825,-87.4321,-0.0639,26,0.6500,0.2000,5,7,4,3,2,10,6,0.4000
2,276.0000,13,1,470.1007,-86.8694,-0.7746,29,0.7250,0.5000,6,8,7,0,0,8,7,0.1250
2,276.0000,13,3,200.2021,-81.3190,0.0048,39,0.9750,0.0000,4,4,0,0,0,4,0,1.0000
2,276.0000,13,4,173.8432,-83.0951,0.5939,40,1.0000,0.0000,4,4,0,0,0,4,0,1.0000
2,276.0000,13,5,357.6924,-86.3099,0.0131,27,0.6750,0.5714,7,7,4,0,0,7,4,0.4286
2,276.0000,13,7,506.0874,-87.7606,0.8457,4,0.1000,1.0000,4,6,4,0,0,6,4,0.3333
2,276.0000,13,10,241.8391,-81.0016,-1.6748,40,1.0000,0.0000,4,5,2,0,0,5,2,0.6000
2,276.0000,13,12,690.1053,-88.9240,0.9370,3,0.0750,1.0000,4,6,6,0,0,6,6,0.0000
2,276.0000,13,14,599.3444,-88.7355,0.2322,14,0.3500,1.0000,8,2,2,0,0,2,2,0.0000
2,276.0000,14,1,576.6879,-89.1396,-0.1281,5,0.1250,1.0000,8,6,6,0,0,6,6,0.0000
2,276.0000,14,3,690.4247,-89.3951,-0.6376,4,0.1000,1.0000,6,4,4,0,0,4,4,0.0000
2,276.0000,14,5,278.9447,-82.8812,-0.9067,39,0.9750,0.0000,4,6,3,0,0,6,3,0.5000
2,276.0000,14,10,400.0131,-87.5551,-0.1815,26,0.6500,0.6667,6,7,4,0,0,7,4,0.4286
2,276.0000,14,12,373.9825,-87.2962,0.8405,35,0.8750,0.8571,7,8,7,0,0,8,7,0.1250
2,276.0000,14,13,599.3444,-88.6436,0.1903,10,0.2500,0.8571,7,2,2,0,0,2,2,0.0000
2,280.0000,0,4,623.9681,-89.2122,-0.1359,3,0.0750,1.0000,2,7,6,0,0,7,6,0.1429
2,280.0000,0,7,399.1066,-87.0225,-0.0658,29,0.7250,0.6667,6,7,5,0,0,7,5,0.2857
2,280.0000,0,8,539.4326,-88.1463,-0.0791,12,0.3000,0.5714,7,7,6,0,0,7,6,0.1429
2,280.0000,1,3,579.4058,-88.6120,-0.2098,10,0.2500,1.0000,8,6,6,0,0,6,6,0.0000
2,280.0000,1,4,693.1167,-88.7803,-2.5959,4,0.1000,1.0000,8,4,4,0,0,4,4,0.0000
2,280.0000,1,5,440.1415,-87.9189,0.0722,21,0.5250,0.7143,7,8,7,0,0,8,7,0.1250
2,280.0000,1,10,583.1959,-87.6737,0.4958,12,0.3000,0.8571,7,8,8,0,0,8,8,0.0000
2,280.0000,1,13,623.3613,-88.6387,-0.1373,8,0.2000,1.0000,8,8,8,0,0,8,8,0.0000
2,280.0000,1,14,640.4146,-89.2256,-0.2634,4,0.1000,1.0000,8,4,4,0,0,4,4,0.0000
2,280.0000,2,6,404.5271,-87.6719,-0.1879,24,0.6000,0.3333,6,5,2,0,0,5,2,0.6000
2,280.0000,2,9,268.6583,-85.2028,0.1720,38,0.9500,0.4000,5,4,0,0,0,4,0,1.0000
2,280.0000,2,11,420.9286,-87.8521,0.4616,28,0.7000,0.5000,4,7,4,0,0,7,4,0.4286
2,280.0000,3,1,579.4058,-88.1740,-0.3138,13,0.3250,1.0000,8,6,6,0,0,6,6,0.0000
2,280.0000,3,4,310.1643,-86.6787,0.0278,34,0.8500,0.2000,5,5,1,0,0,5,1,0.8000
2,280.0000,3,5,463.4598,-88.1272,0.0553,22,0.5500,0.6667,6,7,5,0,0,7,5,0.2857
2,280.0000,3,7,512.1626,-88.4650,-0.1517,13,0.3250,0.8000,10,8,8,0,0,8,8,0.0000
2,280.0000,3,10,566.0876,-88.2998,0.1705,19,0.4750,0.6667,6,8,8,0,0,8,8,0.0000
2,280.0000,3,13,248.0011,-83.2902,-0.9442,40,1.0000,0.5281,89,4,0,101,78,105,78,0.2571
2,280.0000,4,0,623.9681,-89.2665,0.3103,3,0.0750,1.0000,6,8,8,0,0,8,8,0.0000
2,280.0000,4,1,693.1167,-88.3325,-1.3256,4,0.1000,1.0000,8,2,2,0,0,2,2,0.0000
2,280.0000,4,3,310.1643,-86.4094,0.3882,36,0.9000,0.2000,5,4,0,0,0,4,0,1.0000
2,280.0000,4,5,438.9005,-87.6294,0.7418,16,0.4000,0.8750,8,5,2,0,0,5,2,0.6000
2,280.0000,4,7,283.3124,-86.9420,0.7100,33,0.8250,0.4000,5,4,0,37,17,41,17,0.5854
2,280.0000,4,10,465.4775,-87.4288,0.3888,27,0.6750,0.4286,7,7,6,0,0,7,6,0.1429
2,280.0000,4,13,148.3927,-79.5887,0.6343,39,0.9750,0.0000,4,4,0,0,0,4,0,1.0000
2,280.0000,5,1,440.1415,-87.9067,-0.0683,20,0.5128,0.8571,7,8,8,0,0,8,8,0.0000
2,280.0000,5,3,463.4598,-88.3834,-0.3257,15,0.3846,0.8750,8,5,2,0,0,5,2,0.6000
2,280.0000,5,4,438.9005,-88.4957,0.1214,17,0.4359,0.5000,6,8,6,0,0,8,6,0.2500
2,280.0000,5,10,156.8998,-78.6218,0.1400,38,0.9744,0.0000,4,4,0,0,0,4,0,1.0000
2,280.0000,5,12,530.2340,-88.6990,0.1847,13,0.3333,0.8571,7,7,6,0,0,7,6,0.1429
2,280.0000,5,13,333.4955,-86.7892,0.7459,30,0.7692,0.5714,7,6,4,0,0,6,4,0.3333
2,280.0000,5,14,424.4401,-86.6218,-0.5628,33,0.8462,0.2000,5,8,7,0,0,8,7,0.1250
2,280.0000,6,2,404.5271,-87.5401,-0.2086,25,0.6250,0.4000,5,10,9,0,0,10,9,0.1000
2,280.0000,6,9,356.5623,-87.2975,0.2699,27,0.6750,0.2000,5,5,2,0,0,5,2,0.6000
2,280.0000,6,11,426.5438,-86.0538,-0.6868,34,0.8500,0.0000,4,8,6,0,0,8,6,0.2500
2,280.0000,7,0,399.1066,-86.9930,0.2582,23,0.5750,0.0000,4,7,5,0,0,7,5,0.2857
2,280.0000,7,3,512.1626,-88.9688,-0.2265,6,0.1500,0.7143,7,8,8,0,0,8,8,0.0000
2,280.0000,7,4,283.3124,-86.5555,0.6140,31,0.7750,0.4000,5,5,1,0,0,5,1,0.8000
2,280.0000,7,8,507.2915,-88.6239,-0.4049,12,0.3000,0.8750,8,7,6,0,0,7,6,0.1429
2,280.0000,7,10,684.5920,-89.3847,0.5902,4,0.1000,1.0000,4,6,6,0,0,6,6,0.0000
2,280.0000,7,13,389.7422,-88.2622,0.3582,16,0.4000,0.8750,8,6,3,0,0,6,3,0.5000
2,280.0000,8,0,539.4326,-88.2277,-0.3920,15,0.3750,1.0000,8,8,8,0,0,8,8,0.0000
2,280.0000,8,7,507.2915,-88.5157,-0.0824,16,0.4000,0.7143,7,6,4,0,0,6,4,0.3333
2,280.0000,9,2,268.6583,-85.1752,0.6035,37,0.9250,0.0000,4,5,1,0,0,5,1,0.8000
2,280.0000,9,6,356.5623,-86.2889,-0.2353,33,0.8250,0.0000,4,7,3,0,0,7,3,0.5714
2,280.0000,9,11,169.7124,-83.0448,1.0084,40,1.0000,0.0000,4,4,0,0,0,4,0,1.0000
2,280.0000,10,1,583.1959,-88.3308,-0.0253,13,0.3250,1.0000,8,6,6,0,0,6,6,0.0000
2,280.0000,10,3,566.0876,-88.3677,0.0695,20,0.5000,0.8571,7,6,6,0,0,6,6,0.0000
2,280.0000,10,4,465.4775,-86.5424,-0.5842,27,0.6750,0.8571,7,8,8,0,0,8,8,0.0000
2,280.0000,10,5,156.8998,-78.8339,-0.0267,39,0.9750,0.2000,5,5,2,0,0,5,2,0.6000
2,280.0000,10,7,684.5920,-88.5308,-0.9497,3,0.0750,1.0000,4,2,2,0,0,2,2,0.0000
2,280.0000,10,12,419.3472,-88.0293,0.7147,18,0.4500,0.7692,13,6,3,0,0,6,3,0.5000
2,280.0000,10,13,376.9594,-85.7913,-1.0781,37,0.9250,0.3333,6,8,7,0,0,8,7,0.1250
2,280.0000,10,14,411.2809,-87.5393,-0.2490,23,0.5750,0.7600,100,8,8,102,97,110,105,0.0455
2,280.0000,11,2,420.9286,-87.4500,-0.0899,24,0.6000,0.2000,5,7,5,0,0,7,5,0.2857
2,280.0000,11,6,426.5438,-86.3684,-0.5348,31,0.7750,0.3333,6,6,3,0,0,6,3,0.5000
2,280.0000,11,9,169.7124,-82.6885,1.1879,40,1.0000,0.0000,4,4,0,0,0,4,0,1.0000
2,280.0000,12,5,530.2340,-88.2714,0.0383,12,0.3000,0.8750,8,6,6,0,0,6,6,0.0000
2,280.0000,12,10,419.3472,-87.7555,0.3701,21,0.5250,0.6667,6,7,5,0,0,7,5,0.2857
2,280.0000,12,14,428.2632,-87.1054,-0.3376,28,0.7000,0.6000,10,7,5,0,0,7,5,0.2857
2,280.0000,13,1,623.3613,-88.2718,-0.0287,9,0.2250,0.8750,8,4,4,0,0,4,4,0.0000
2,280.0000,13,3,248.0011,-83.2156,-0.7225,38,0.9500,0.0000,4,4,0,0,0,4,0,1.0000
2,280.0000,13,4,148.3927,-79.1992,0.3203,40,1.0000,0.0000,4,4,0,37,12,41,12,0.7073
2,280.0000,13,5,333.4955,-86.3284,-0.0223,31,0.7750,0.5714,7,5,1,0,0,5,1,0.8000
2,280.0000,13,7,389.7422,-88.2230,-0.1312,16,0.4000,0.6667,6,6,3,45,35,51,38,0.2549
2,280.0000,13,10,376.9594,-86.0144,-1.1465,36,0.9000,0.4000,5,7,5,0,0,7,5,0.2857
2,280.0000,14,1,640.4146,-89.4824,0.0027,4,0.1000,1.0000,6,6,6,0,0,6,6,0.0000
2,280.0000,14,5,424.4401,-86.6052,-0.5765,34,0.8500,0.5000,6,7,4,0,0,7,4,0.4286
2,280.0000,14,10,411.2809,-86.8464,0.3775,26,0.6500,0.5714,7,7,5,0,0,7,5,0.2857
2,280.0000,14,12,428.2632,-87.4483,0.0448,25,0.6250,0.8750,8,8,7,0,0,8,7,0.1250
2,284.0000,0,3,589.5603,-89.0270,0.4220,4,0.1000,1.0000,2,8,8,0,0,8,8,0.0000
2,284.0000,0,4,503.8690,-88.9339,0.8718,7,0.1750,0.8571,7,8,6,0,0,8,6,0.2500
2,284.0000,0,7,459.2425,-88.2414,-0.3862,27,0.6750,0.7143,7,6,3,0,0,6,3,0.5000
2,284.0000,0,8,674.6508,-89.0472,-0.8320,4,0.1000,0.8571,7,4,4,0,0,4,4,0.0000
2,284.0000,0,13,581.9885,-89.3309,0.5891,5,0.1250,1.0000,6,7,6,0,0,7,6,0.1429
2,284.0000,1,5,550.7648,-88.0562,-0.5765,15,0.3846,0.8750,8,6,6,0,0,6,6,0.0000
2,284.0000,2,6,491.0670,-88.1562,-0.1486,29,0.7250,0.4000,5,8,8,0,0,8,8,0.0000
2,284.0000,2,9,296.2699,-84.8123,-0.2373,39,0.9750,0.0000,4,4,0,0,0,4,0,1.0000
2,284.0000,2,11,365.2861,-87.0936,0.3839,32,0.8000,0.5714,7,5,1,0,0,5,1,0.8000
2,284.0000,3,4,286.4567,-85.9764,0.1693,35,0.8750,0.2000,5,4,0,0,0,4,0,1.0000
2,284.0000,3,5,455.9631,-87.9269,0.3017,17,0.4250,0.7143,7,8,8,0,0,8,8,0.0000
2,284.0000,3,7,541.9772,-88.5995,0.0896,8,0.2000,1.0000,8,8,8,0,0,8,8,0.0000
2,284.0000,3,10,723.8984,-89.1498,0.0473,4,0.1000,1.0000,8,6,6,0,0,6,6,0.0000
2,284.0000,3,13,279.7799,-84.4985,-0.2736,36,0.9000,0.7429,105,5,1,104,70,109,71,0.3486
2,284.0000,4,0,503.8690,-89.1356,-0.0982,8,0.2000,1.0000,8,6,4,0,0,6,4,0.3333
2,284.0000,4,3,286.4567,-85.7303,0.5040,38,0.9500,0.0000,4,5,1,0,0,5,1,0.8000
2,284.0000,4,5,450.5957,-88.0831,0.1214,19,0.4750,0.4000,5,6,4,0,0,6,4,0.3333
2,284.0000,4,7,293.0199,-84.8469,-0.1092,40,1.0000,0.4146,41,6,2,0,0,6,2,0.6667
2,284.0000,4,10,653.3257,-88.6517,-0.2317,11,0.2750,0.8571,7,4,4,0,0,4,4,0.0000
2,284.0000,4,13,178.4935,-79.9601,-0.6877,40,1.0000,0.0000,4,4,0,0,0,4,0,1.0000
2,284.0000,5,1,550.7648,-88.7162,-0.1125,17,0.4250,1.0000,8,8,8,0,0,8,8,0.0000
2,284.0000,5,3,455.9631,-88.0456,0.3428,15,0.3750,0.4000,5,8,7,0,0,8,7,0.1250
2,284.0000,5,4,450.5957,-88.0770,-0.0884,20,0.5000,0.7500,8,7,6,0,0,7,6,0.1429
2,284.0000,5,7,587.8328,-89.0762,-0.9097,3,0.0750,1.0000,6,8,7,0,0,8,7,0.1250
2,284.0000,5,10,288.0987,-82.7608,-1.5424,38,0.9500,0.0000,4,6,2,0,0,6,2,0.6667
2,284.0000,5,12,587.1730,-89.0715,-0.2706,5,0.1250,0.8571,7,8,8,0,0,8,8,0.0000
2,284.0000,5,13,314.0451,-86.5445,-0.1739,32,0.8000,0.6667,6,5,2,0,0,5,2,0.6000
2,284.0000,5,14,571.3993,-88.6896,0.0198,15,0.3750,0.8750,8,8,8,0,0,8,8,0.0000
2,284.0000,6,2,491.0670,-87.8722,-0.6428,24,0.5854,0.9000,10,6,6,0,0,6,6,0.0000
2,284.0000,6,9,381.3034,-86.7113,0.0318,30,0.7317,0.4000,5,7,4,0,0,7,4,0.4286
2,284.0000,6,11,447.8111,-88.2132,-0.1724,26,0.6341,0.7500,8,8,8,0,0,8,8,0.0000
2,284.0000,7,0,459.2425,-87.7606,0.0051,24,0.6000,0.7143,7,7,6,0,0,7,6,0.1429
2,284.0000,7,3,541.9772,-88.8866,-0.1570,14,0.3500,1.0000,8,8,8,0,0,8,8,0.0000
2,284.0000,7,4,293.0199,-84.8330,-0.0288,36,0.9000,0.2000,5,5,2,0,0,5,2,0.6000
2,284.0000,7,5,587.8328,-87.7136,-0.7773,4,0.1000,1.0000,4,8,8,0,0,8,8,0.0000
2,284.0000,7,8,503.1635,-88.1592,0.1342,9,0.2250,0.8571,7,8,5,0,0,8,5,0.3750
2,284.0000,7,13,328.7730,-86.3448,0.7838,30,0.7500,0.5000,6,4,0,0,0,4,0,1.0000
2,284.0000,8,0,674.6508,-89.1802,-0.2412,4,0.1000,1.0000,8,6,6,0,0,6,6,0.0000
2,284.0000,8,7,503.1635,-88.6509,-0.1662,12,0.3000,0.6667,6,6,5,0,0,6,5,0.1667
2,284.0000,8,13,689.8568,-89.1308,-0.1439,3,0.0750,1.0000,4,4,4,0,0,4,4,0.0000
2,284.0000,9,2,296.2699,-84.9265,-0.7807,39,0.9750,0.2000,5,4,0,0,0,4,0,1.0000
2,284.0000,9,6,381.3034,-86.6937,-0.3459,31,0.7750,0.4286,7,6,2,0,0,6,2,0.6667
2,284.0000,9,11,154.5107,-78.8415,0.5584,40,1.0000,0.0000,4,4,0,0,0,4,0,1.0000
2,284.0000,10,4,653.3257,-88.7498,-0.0470,10,0.2500,1.0000,8,4,4,0,0,4,4,0.0000
2,284.0000,10,5,288.0987,-82.2940,-1.3734,39,0.9750,0.4000,5,6,2,0,0,6,2,0.6667
2,284.0000,10,12,388.0986,-87.7569,0.0231,30,0.7500,0.5000,6,6,3,0,0,6,3,0.5000
2,284.0000,10,13,513.0986,-87.5901,-0.0935,18,0.4500,0.8750,8,8,8,0,0,8,8,0.0000
2,284.0000,10,14,418.2161,-87.2419,-0.1471,27,0.6750,0.9545,110,7,6,102,93,109,99,0.0917
2,284.0000,11,2,365.2861,-87.3538,0.1868,28,0.6829,0.7143,7,5,2,0,0,5,2,0.6000
2,284.0000,11,6,447.8111,-87.8712,0.0800,28,0.6829,0.5000,6,5,2,0,0,5,2,0.6000
2,284.0000,11,9,154.5107,-79.7552,-0.0494,41,1.0000,0.0000,4,4,0,0,0,4,0,1.0000
2,284.0000,12,5,587.1730,-88.9417,-0.0390,5,0.1250,1.0000,6,8,8,0,0,8,8,0.0000
2,284.0000,12,10,388.0986,-86.6545,-0.4215,27,0.6750,0.7143,7,6,2,0,0,6,2,0.6667
2,284.0000,12,14,506.2539,-87.7299,-0.6223,12,0.3000,0.7143,7,6,6,0,0,6,6,0.0000
2,284.0000,13,3,279.7799,-84.6116,-0.2223,40,1.0000,0.0000,4,4,0,0,0,4,0,1.0000
2,284.0000,13,4,178.4935,-80.1485,-0.4648,40,1.0000,0.2927,41,4,0,0,0,4,0,1.0000
2,284.0000,13,5,314.0451,-85.8170,0.2708,33,0.8250,0.2000,5,4,0,0,0,4,0,1.0000
2,284.0000,13,7,328.7730,-86.6680,0.2931,33,0.8250,0.7451,51,6,2,96,73,102,75,0.2647
2,284.0000,13,10,513.0986,-88.0011,-0.4284,23,0.5750,0.7143,7,8,8,0,0,8,8,0.0000
2,284.0000,14,5,571.3993,-87.7351,-0.3955,14,0.3500,0.5714,7,6,6,0,0,6,6,0.0000
2,284.0000,14,10,418.2161,-88.0899,0.0867,21,0.5250,0.7143,7,7,6,0,0,7,6,0.1429
2,284.0000,14,12,506.2539,-88.1248,-0.1540,17,0.4250,0.8750,8,7,6,0,0,7,6,0.1429
2,288.0000,0,3,479.1977,-88.5887,-0.3056,13,0.3250,1.0000,8,9,5,0,0,9,5,0.4444
2,288.0000,0,4,394.0567,-87.5748,0.5754,20,0.5000,0.7500,8,7,5,0,0,7,5,0.2857
2,288.0000,0,7,560.5092,-88.3429,-0.2990,12,0.3000,0.5000,6,8,8,0,0,8,8,0.0000
2,288.0000,0,13,481.8573,-88.7115,0.6200,10,0.2500,0.8571,7,7,5,0,0,7,5,0.2857
2,288.0000,2,6,614.1070,-88.8198,-0.2912,14,0.3500,1.0000,8,8,8,0,0,8,8,0.0000
2,288.0000,2,9,375.3825,-86.2504,-0.3311,35,0.8750,0.0000,4,7,5,0,0,7,5,0.2857
2,288.0000,2,11,376.1433,-86.4065,0.0559,34,0.8500,0.2000,5,6,3,0,0,6,3,0.5000
2,288.0000,3,0,479.1977,-88.6027,-0.2290,12,0.3000,0.8750,8,7,5,0,0,7,5,0.2857
2,288.0000,3,4,268.3949,-84.2996,0.1827,40,1.0000,0.0000,4,4,0,0,0,4,0,1.0000
2,288.0000,3,5,441.4310,-88.2156,0.1979,22,0.5500,1.0000,8,6,3,0,0,6,3,0.5000
2,288.0000,3,13,288.7305,-85.6150,-0.3122,39,0.9750,0.6514,109,4,0,103,68,107,68,0.3645
2,288.0000,4,0,394.0567,-87.9690,0.3719,20,0.5000,0.6667,6,4,0,0,0,4,0,1.0000
2,288.0000,4,3,268.3949,-84.8746,0.1776,38,0.9500,0.2000,5,4,0,0,0,4,0,1.0000
2,288.0000,4,5,464.1431,-88.4918,-0.0988,19,0.4750,0.6667,6,8,8,0,0,8,8,0.0000
2,288.0000,4,7,430.3420,-86.5008,-0.6158,31,0.7750,0.3333,6,8,8,0,0,8,8,0.0000
2,288.0000,4,13,221.2376,-82.2650,-0.7397,39,0.9750,0.0000,4,4,0,0,0,4,0,1.0000
2,288.0000,5,1,690.1578,-88.7885,1.0001,4,0.0976,1.0000,8,2,2,0,0,2,2,0.0000
2,288.0000,5,3,441.4310,-88.3776,0.3368,17,0.4146,0.8750,8,5,2,0,0,5,2,0.6000
2,288.0000,5,4,464.1431,-88.1204,-0.3089,17,0.4146,0.8571,7,6,4,0,0,6,4,0.3333
2,288.0000,5,7,510.8283,-88.5210,-0.2826,9,0.2195,0.8750,8,6,4,0,0,6,4,0.3333
2,288.0000,5,10,448.7262,-86.4088,-1.0092,33,0.8049,0.3333,6,8,6,0,0,8,6,0.2500
2,288.0000,5,12,595.2001,-88.5040,-1.7959,3,0.0732,1.0000,8,8,8,0,0,8,8,0.0000
2,288.0000,5,13,290.7675,-86.1359,-0.1923,39,0.9512,0.4000,5,5,2,0,0,5,2,0.6000
2,288.0000,6,2,614.1070,-88.3701,-0.3713,10,0.2500,1.0000,6,8,8,0,0,8,8,0.0000
2,288.0000,6,9,437.7023,-87.7833,-0.1758,28,0.7000,0.5714,7,9,7,0,0,9,7,0.2222
2,288.0000,6,11,480.6853,-88.3648,0.1330,15,0.3750,1.0000,8,8,7,0,0,8,7,0.1250
2,288.0000,7,0,560.5092,-88.6062,0.0880,10,0.2500,0.8571,7,7,6,0,0,7,6,0.1429
2,288.0000,7,3,618.5063,-88.2291,-0.2691,5,0.1250,1.0000,8,6,6,0,0,6,6,0.0000
2,288.0000,7,4,430.3420,-87.1362,-0.5918,31,0.7750,0.4000,5,7,6,0,0,7,6,0.1429
2,288.0000,7,5,510.8283,-88.2053,0.2221,8,0.2000,1.0000,8,8,6,0,0,8,6,0.2500
2,288.0000,7,8,408.1585,-87.6562,0.5707,16,0.4000,0.6250,8,6,4,0,0,6,4,0.3333
2,288.0000,7,13,346.2846,-86.5158,-0.2286,29,0.7250,0.0000,4,7,5,0,0,7,5,0.2857
2,288.0000,8,7,408.1585,-87.6978,0.3426,21,0.5250,0.8333,6,6,4,0,0,6,4,0.3333
2,288.0000,9,2,375.3825,-86.2653,-0.3988,31,0.7750,0.0000,4,8,7,0,0,8,7,0.1250
2,288.0000,9,6,437.7023,-87.6899,-0.8009,19,0.4750,0.3333,6,8,7,0,0,8,7,0.1250
2,288.0000,9,11,302.7712,-82.6536,-1.3778,40,1.0000,0.0000,4,7,5,0,0,7,5,0.2857
2,288.0000,10,5,448.7262,-86.4878,-0.6801,26,0.6500,0.3333,6,8,8,0,0,8,8,0.0000
2,288.0000,10,12,375.7935,-87.4353,-0.1673,28,0.7000,0.5000,6,6,4,0,0,6,4,0.3333
2,288.0000,10,13,666.4473,-88.9858,0.4022,7,0.1750,1.0000,8,4,4,0,0,4,4,0.0000
2,288.0000,10,14,424.3212,-88.1824,-0.2125,23,0.5750,0.9083,109,7,5,93,77,100,82,0.1800
2,288.0000,11,2,376.1433,-86.5534,0.1518,33,0.8250,0.4000,5,8,5,0,0,8,5,0.3750
2,288.0000,11,6,480.6853,-88.5264,0.0365,25,0.6250,0.4000,5,8,7,0,0,8,7,0.1250
2,288.0000,11,9,302.7712,-83.3766,-1.3745,40,1.0000,0.0000,4,5,2,0,0,5,2,0.6000
2,288.0000,12,5,595.2001,-88.6042,0.2306,6,0.1500,1.0000,8,8,8,0,0,8,8,0.0000
2,288.0000,12,8,558.8469,-89.5605,0.0935,5,0.1250,1.0000,6,8,7,0,0,8,7,0.1250
2,288.0000,12,10,375.7935,-86.9629,0.1066,24,0.6000,0.3333,6,6,4,0,0,6,4,0.3333
2,288.0000,12,14,584.7709,-88.1734,-0.2213,11,0.2750,1.0000,6,8,8,0,0,8,8,0.0000
2,288.0000,13,0,481.8573,-89.2086,0.0601,9,0.2250,0.8571,7,7,6,0,0,7,6,0.1429
2,288.0000,13,3,288.7305,-85.2912,-0.0928,40,1.0000,0.0000,4,4,0,0,0,4,0,1.0000
2,288.0000,13,4,221.2376,-82.0265,-0.4231,40,1.0000,0.0000,4,5,1,0,0,5,1,0.8000
2,288.0000,13,5,290.7675,-86.2861,0.1400,36,0.9000,0.0000,4,4,0,0,0,4,0,1.0000
2,288.0000,13,7,346.2846,-86.6119,-0.2101,32,0.8000,0.7353,102,5,1,100,76,105,77,0.2667
2,288.0000,13,8,608.3829,-89.0103,0.4867,4,0.1000,1.0000,6,8,8,0,0,8,8,0.0000
2,288.0000,13,10,666.4473,-88.9028,-0.2029,9,0.2250,1.0000,8,2,2,0,0,2,2,0.0000
2,288.0000,14,5,736.0279,-88.6088,-0.1709,5,0.1250,1.0000,6,4,4,0,0,4,4,0.0000
2,288.0000,14,10,424.3212,-87.4604,-0.0582,21,0.5250,0.8571,7,7,5,0,0,7,5,0.2857
2,288.0000,14,12,584.7709,-88.9087,0.5714,5,0.1250,0.8571,7,8,8,0,0,8,8,0.0000
2,292.0000,0,3,373.2261,-87.4466,0.3175,25,0.6250,0.5556,9,5,2,0,0,5,2,0.6000
2,292.0000,0,4,286.6388,-86.6317,0.4424,29,0.7250,0.7143,7,4,0,0,0,4,0,1.0000
2,292.0000,0,7,683.5195,-88.1188,-0.4670,4,0.1000,1.0000,8,6,6,0,0,6,6,0.0000
2,292.0000,0,13,403.6214,-87.6121,0.0287,20,0.5000,0.7143,7,5,2,0,0,5,2,0.6000
2,292.0000,2,9,487.4288,-87.3008,0.0624,19,0.4750,0.7143,7,8,8,0,0,8,8,0.0000
2,292.0000,2,11,452.7239,-87.9492,-0.5409,26,0.6500,0.5000,6,7,5,0,0,7,5,0.2857
2,292.0000,3,0,373.2261,-87.3834,0.3156,24,0.6000,0.7143,7,6,2,0,0,6,2,0.6667
2,292.0000,3,4,280.5330,-84.9390,0.0483,38,0.9500,0.0000,4,4,0,0,0,4,0,1.0000
2,292.0000,3,5,419.2429,-88.2756,0.0918,16,0.4000,0.5000,6,5,2,0,0,5,2,0.6000
2,292.0000,3,13,306.0072,-85.6752,0.1748,35,0.8750,0.6355,107,5,2,102,69,107,71,0.3364
2,292.0000,4,0,286.6388,-86.4836,0.4131,34,0.8500,0.0000,4,4,0,0,0,4,0,1.0000
2,292.0000,4,3,280.5330,-85.1151,-0.2566,38,0.9500,0.0000,4,4,0,0,0,4,0,1.0000
2,292.0000,4,5,489.8042,-87.8473,-0.1543,15,0.3750,1.0000,8,8,8,0,0,8,8,0.0000
2,292.0000,4,7,575.0972,-88.3918,-0.0769,15,0.3750,1.0000,8,4,4,0,0,4,4,0.0000
2,292.0000,4,13,273.5092,-84.1443,-0.7512,39,0.9750,0.0000,4,4,0,0,0,4,0,1.0000
2,292.0000,5,3,419.2429,-87.7741,0.3481,22,0.5641,0.4000,5,8,8,0,0,8,8,0.0000
2,292.0000,5,4,489.8042,-88.1605,-0.3758,19,0.4872,0.6667,6,8,8,0,0,8,8,0.0000
2,292.0000,5,7,454.0255,-88.5599,0.0776,13,0.3333,0.6667,6,8,8,0,0,8,8,0.0000
2,292.0000,5,10,612.3951,-89.1460,-0.4503,10,0.2564,0.7500,8,8,8,0,0,8,8,0.0000
2,292.0000,5,12,569.1769,-88.9534,0.5830,6,0.1538,1.0000,8,8,8,0,0,8,8,0.0000
2,292.0000,5,13,269.0413,-84.7619,0.1999,36,0.9231,0.4000,5,4,0,0,0,4,0,1.0000
2,292.0000,6,9,552.1703,-88.3869,0.0501,20,0.5000,0.7778,9,6,6,0,0,6,6,0.0000
2,292.0000,6,11,493.1545,-88.7799,-0.1495,12,0.3000,0.8750,8,8,8,0,0,8,8,0.0000
2,292.0000,7,0,683.5195,-88.7994,-0.1044,6,0.1500,0.8571,7,4,4,0,0,4,4,0.0000
2,292.0000,7,4,575.0972,-88.5948,-1.1801,10,0.2500,0.8571,7,8,8,0,0,8,8,0.0000
2,292.0000,7,5,454.0255,-88.3592,-0.0246,18,0.4500,0.7500,8,7,4,0,0,7,4,0.4286
2,292.0000,7,8,358.0429,-87.0912,0.2914,27,0.6750,0.6667,6,6,2,0,0,6,2,0.6667
2,292.0000,7,12,521.0949,-88.6968,-0.2045,10,0.2500,0.6667,3,8,8,0,0,8,8,0.0000
2,292.0000,7,13,386.5773,-87.3010,-0.2755,31,0.7750,0.7143,7,7,5,0,0,7,5,0.2857
2,292.0000,8,0,691.3558,-88.8945,0.1970,4,0.1000,,0,2,2,0,0,2,2,0.0000
2,292.0000,8,7,358.0429,-87.3709,0.4264,26,0.6500,0.6667,6,5,2,0,0,5,2,0.6000
2,292.0000,8,12,428.2978,-88.4196,-0.2829,13,0.3250,0.7500,8,6,4,0,0,6,4,0.3333
2,292.0000,8,13,513.1810,-88.5531,0.5214,13,0.3250,0.8571,7,7,5,0,0,7,5,0.2857
2,292.0000,9,2,487.4288,-87.7627,0.3068,19,0.4634,0.8750,8,8,7,0,0,8,7,0.1250
2,292.0000,9,6,552.1703,-88.1873,0.0130,21,0.5122,0.8750,8,6,6,0,0,6,6,0.0000
2,292.0000,9,11,468.2073,-87.4219,-0.1776,29,0.7073,0.7143,7,8,8,0,0,8,8,0.0000
2,292.0000,10,5,612.3951,-88.4054,-0.3636,17,0.4146,1.0000,8,6,6,0,0,6,6,0.0000
2,292.0000,10,12,426.4490,-86.6982,-0.3313,32,0.7805,0.6667,6,8,7,6,5,14,12,0.1429
2,292.0000,10,14,414.0078,-88.2852,0.1031,26,0.6341,0.8200,100,7,5,84,58,91,63,0.3077
2,292.0000,11,2,452.7239,-87.6981,-0.0143,26,0.6500,0.6250,8,8,8,0,0,8,8,0.0000
2,292.0000,11,6,493.1545,-88.2387,-0.6919,17,0.4250,0.8750,8,7,5,0,0,7,5,0.2857
2,292.0000,11,9,468.2073,-86.6555,-0.5213,33,0.8250,0.4000,5,7,6,0,0,7,6,0.1429
2,292.0000,12,5,569.1769,-88.9916,-0.0961,5,0.1250,1.0000,8,8,7,0,0,8,7,0.1250
2,292.0000,12,7,521.0949,-88.6631,0.2892,4,0.1000,1.0000,8,8,7,0,0,8,7,0.1250
2,292.0000,12,8,428.2978,-88.1174,0.5856,10,0.2500,0.8750,8,6,3,0,0,6,3,0.5000
2,292.0000,12,10,426.4490,-87.2840,0.2877,21,0.5250,0.6667,6,5,2,6,6,11,8,0.2727
2,292.0000,12,14,667.4642,-89.1554,-0.3671,3,0.0750,1.0000,8,4,4,0,0,4,4,0.0000
2,292.0000,13,0,403.6214,-87.8237,0.2857,21,0.5250,0.8571,7,5,2,0,0,5,2,0.6000
2,292.0000,13,3,306.0072,-85.2320,-0.4675,39,0.9750,0.0000,4,5,1,0,0,5,1,0.8000
2,292.0000,13,4,273.5092,-84.2401,-0.3967,39,0.9750,0.2000,5,3,0,0,0,3,0,1.0000
2,292.0000,13,5,269.0413,-85.2914,0.4132,38,0.9500,0.0000,4,5,1,0,0,5,1,0.8000
2,292.0000,13,7,386.5773,-86.6236,-0.1847,25,0.6250,0.7333,105,7,6,102,91,109,97,0.1101
2,292.0000,13,8,513.1810,-88.8498,-0.4749,5,0.1250,1.0000,8,7,5,0,0,7,5,0.2857
2,292.0000,14,10,414.0078,-87.9122,0.1749,22,0.5500,0.7143,7,7,5,0,0,7,5,0.2857
2,292.0000,14,12,667.4642,-89.1748,-0.5031,3,0.0750,1.0000,8,2,2,0,0,2,2,0.0000
2,296.0000,0,3,274.7396,-85.7849,0.9699,32,0.8000,0.4000,5,4,0,0,0,4,0,1.0000
2,296.0000,0,4,227.8954,-84.6387,0.6783,40,1.0000,0.0000,4,5,1,0,0,5,1,0.8000
2,296.0000,0,5,553.5291,-89.3876,-0.4497,5,0.1250,1.0000,4,8,8,0,0,8,8,0.0000
2,296.0000,0,13,356.0197,-87.4726,-0.0064,27,0.6750,0.4000,5,6,4,0,0,6,4,0.3333
2,296.0000,2,1,619.5167,-89.0307,0.0501,4,0.1026,1.0000,6,6,6,0,0,6,6,0.0000
2,296.0000,2,9,604.5157,-88.5698,-0.3953,11,0.2821,1.0000,8,8,8,0,0,8,8,0.0000
2,296.0000,2,11,566.4226,-88.0970,-0.2699,12,0.3077,0.7143,7,8,8,0,0,8,8,0.0000
2,296.0000,3,0,274.7396,-86.5065,0.7020,28,0.7000,0.3333,6,4,0,0,0,4,0,1.0000
2,296.0000,3,4,301.8898,-85.4094,-0.2326,38,0.9500,0.0000,4,4,0,0,0,4,0,1.0000
2,296.0000,3,5,403.2402,-87.9992,0.2514,26,0.6500,0.4000,5,6,3,0,0,6,3,0.5000
2,296.0000,3,13,346.2083,-85.6428,0.0945,32,0.8000,0.6636,107,6,3,104,85,110,88,0.2000
2,296.0000,4,0,227.8954,-83.7197,0.7328,40,1.0000,0.0000,4,4,0,0,0,4,0,1.0000
2,296.0000,4,3,301.8898,-85.2049,0.1267,38,0.9500,0.0000,4,5,1,0,0,5,1,0.8000
2,296.0000,4,5,511.1482,-87.8721,0.5759,14,0.3500,1.0000,8,8,8,0,0,8,8,0.0000
2,296.0000,4,13,331.3251,-85.8965,-0.4752,37,0.9250,0.0000,4,5,2,0,0,5,2,0.6000
2,296.0000,5,0,553.5291,-88.8706,-0.1887,4,0.0976,1.0000,6,7,5,0,0,7,5,0.2857
2,296.0000,5,3,403.2402,-88.0499,-0.2401,27,0.6585,1.0000,8,6,3,0,0,6,3,0.5000
2,296.0000,5,4,511.1482,-88.6606,0.3173,15,0.3659,1.0000,8,7,6,0,0,7,6,0.1429
2,296.0000,5,7,482.0554,-88.3632,0.3746,21,0.5122,1.0000,8,7,6,0,0,7,6,0.1429
2,296.0000,5,8,512.2168,-88.8044,0.2410,11,0.2683,1.0000,6,8,7,0,0,8,7,0.1250
2,296.0000,5,12,554.2934,-88.7553,0.1779,9,0.2195,1.0000,8,8,8,0,0,8,8,0.0000
2,296.0000,5,13,258.2862,-84.7617,0.1744,39,0.9512,0.0000,4,6,2,0,0,6,2,0.6667
2,296.0000,6,9,657.5621,-88.6713,-0.0715,3,0.0769,1.0000,6,6,6,0,0,6,6,0.0000
2,296.0000,6,11,504.1746,-88.6076,-0.2679,17,0.4359,1.0000,8,8,8,0,0,8,8,0.0000
2,296.0000,7,5,482.0554,-88.5353,-0.2730,22,0.5366,0.5714,7,8,7,0,0,8,7,0.1250
2,296.0000,7,8,349.3055,-86.8253,-0.6258,31,0.7561,0.3333,6,6,3,0,0,6,3,0.5000
2,296.0000,7,10,650.5367,-89.3989,-0.0168,7,0.1707,1.0000,8,8,8,0,0,8,8,0.0000
2,296.0000,7,12,424.3164,-87.9616,0.3122,22,0.5366,1.0000,8,7,5,0,0,7,5,0.2857
2,296.0000,7,13,473.6091,-87.8816,0.2192,17,0.4146,0.7143,7,8,8,0,0,8,8,0.0000
2,296.0000,8,5,512.2168,-88.5788,0.0925,11,0.2750,1.0000,8,8,7,0,0,8,7,0.1250
2,296.0000,8,7,349.3055,-86.8478,-0.2548,31,0.7750,0.4000,5,6,3,0,0,6,3,0.5000
2,296.0000,8,12,259.9938,-85.5110,1.4381,32,0.8000,0.6667,6,4,0,0,0,4,0,1.0000
2,296.0000,8,13,462.4090,-88.1779,0.1555,17,0.4250,0.7143,7,8,6,0,0,8,6,0.2500
2,296.0000,9,2,604.5157,-88.3155,0.0304,11,0.2750,0.8750,8,8,8,0,0,8,8,0.0000
2,296.0000,9,6,657.5621,-88.6604,-0.2054,3,0.0750,1.0000,6,4,4,0,0,4,4,0.0000
2,296.0000,9,11,642.6569,-89.0716,-0.2398,7,0.1750,1.0000,8,4,4,0,0,4,4,0.0000
2,296.0000,10,7,650.5367,-88.7582,-0.6621,5,0.1250,1.0000,8,8,8,0,0,8,8,0.0000
2,296.0000,10,12,562.7409,-88.2712,-0.4403,17,0.4250,0.8571,14,8,8,0,0,8,8,0.0000
2,296.0000,10,14,382.1196,-88.0286,0.1553,22,0.5500,0.6923,91,6,3,89,64,95,67,0.2947
2,296.0000,11,2,566.4226,-88.7550,-0.2310,14,0.3500,1.0000,8,8,8,0,0,8,8,0.0000
2,296.0000,11,6,504.1746,-88.3050,0.1840,19,0.4750,0.7143,7,8,8,0,0,8,8,0.0000
2,296.0000,11,9,642.6569,-88.5979,-0.4210,6,0.1500,0.8571,7,8,8,0,0,8,8,0.0000
2,296.0000,12,5,554.2934,-88.7741,0.1066,8,0.2000,0.8750,8,8,8,0,0,8,8,0.0000
2,296.0000,12,7,424.3164,-87.6522,0.4829,19,0.4750,0.8750,8,8,5,0,0,8,5,0.3750
2,296.0000,12,8,259.9938,-85.8698,1.2450,32,0.8000,0.5000,6,4,0,0,0,4,0,1.0000
2,296.0000,12,10,562.7409,-88.2532,-0.4549,14,0.3500,0.7273,11,6,6,0,0,6,6,0.0000
2,296.0000,13,0,356.0197,-87.0519,-0.3570,26,0.6500,0.4000,5,5,1,0,0,5,1,0.8000
2,296.0000,13,3,346.2083,-86.5458,-0.4805,35,0.8750,0.2000,5,6,3,0,0,6,3,0.5000
2,296.0000,13,4,331.3251,-85.2704,0.0752,37,0.9250,0.0000,3,4,0,0,0,4,0,1.0000
2,296.0000,13,5,258.2862,-84.8163,-0.1061,39,0.9750,0.2000,5,4,0,0,0,4,0,1.0000
2,296.0000,13,7,473.6091,-87.8699,0.0164,22,0.5500,0.8899,109,8,8,104,101,112,109,0.0268
2,296.0000,13,8,462.4090,-88.1060,-0.5527,8,0.2000,0.7143,7,8,8,0,0,8,8,0.0000
2,296.0000,14,10,382.1196,-87.0771,0.1754,25,0.6250,0.7143,7,8,5,0,0,8,5,0.3750
