t_s,node,x,y,z
0.000,0,297.192,1133.635,499.770
0.000,1,398.633,1872.306,349.091
0.000,2,19.620,729.805,383.299
0.000,3,1286.543,1727.226,185.930
0.000,4,142.621,456.059,588.932
0.000,5,1192.368,1489.250,122.537
0.000,6,1019.285,1792.984,217.925
0.000,7,1265.141,867.676,315.921
0.000,8,23.260,1276.378,446.955
0.000,9,732.970,990.364,483.678
0.000,10,493.302,1558.279,496.678
0.000,11,338.362,1467.436,162.007
0.000,12,462.868,1143.895,403.143
0.000,13,654.406,953.789,295.330
0.000,14,68.968,1846.254,167.060
0.000,15,23.891,487.422,116.163
0.000,16,611.097,741.582,369.572
0.000,17,358.114,1657.415,398.787
0.000,18,18.247,187.617,574.378
0.000,19,723.620,970.361,575.105
0.000,20,461.497,1159.518,246.224
0.000,21,919.675,892.735,512.627
0.000,22,203.102,6.161,476.433
0.000,23,417.591,713.624,449.703
0.000,24,1250.975,1427.485,588.935
0.000,25,1138.510,647.193,293.358
0.000,26,1006.468,806.539,583.965
0.000,27,729.713,829.270,491.171
0.000,28,253.884,115.512,299.921
0.000,29,699.418,1041.193,342.274
0.000,30,565.016,1572.327,137.973
0.000,31,811.793,1022.293,312.452
0.000,32,246.851,611.838,510.908
0.000,33,632.278,1169.536,384.633
0.000,34,645.679,1188.279,118.311
0.000,35,1095.506,708.805,264.951
0.000,36,1082.064,1700.040,249.458
0.000,37,769.265,236.821,179.478
0.000,38,1258.842,1190.602,313.489
0.000,39,147.027,907.337,232.919
0.000,40,167.695,1192.452,596.736
0.000,41,1036.892,295.381,142.735
0.000,42,881.207,1848.234,436.324
0.000,43,456.317,1704.378,359.249
0.000,44,261.357,1814.258,479.910
0.000,45,1059.062,1235.759,113.045
0.000,46,557.790,593.487,474.634
0.000,47,257.507,843.058,172.956
0.000,48,935.533,959.379,427.858
0.000,49,1112.829,16.613,209.913
0.000,50,1049.184,1180.155,393.576
0.000,51,1099.652,1643.716,346.573
0.000,52,55.656,1183.474,285.745
0.000,53,1082.498,842.643,301.431
0.000,54,1165.215,1443.450,477.634
0.000,55,1048.224,254.544,203.230
0.000,56,651.855,1851.715,303.430
0.000,57,1206.562,646.019,118.763
0.000,58,690.799,1123.522,119.552
0.000,59,874.627,815.976,363.024
0.000,60,667.743,567.032,480.475
0.000,61,866.680,526.420,547.709
0.000,62,235.517,1238.454,278.276
0.000,63,937.500,809.177,567.776
0.000,64,883.475,145.912,546.714
0.000,65,348.046,1266.719,246.458
0.000,66,114.531,1545.980,143.308
0.000,67,543.229,585.322,365.624
5.000,0,224.583,1088.108,502.322
5.000,1,404.950,1777.585,350.967
5.000,2,17.951,625.359,380.634
5.000,3,1217.798,1678.142,189.556
5.000,4,114.574,569.978,586.377
5.000,5,1069.307,1413.593,121.826
5.000,6,997.073,1858.513,218.180
5.000,7,1202.104,867.738,318.581
5.000,8,76.087,1160.839,450.738
5.000,9,650.502,1011.848,484.065
5.000,10,458.962,1478.162,495.470
5.000,11,194.021,1446.098,160.583
5.000,12,488.015,1065.232,401.713
5.000,13,740.515,1000.144,290.668
5.000,14,17.932,1835.751,171.840
5.000,15,11.091,412.284,116.921
5.000,16,520.472,815.526,370.853
5.000,17,296.222,1603.269,399.125
5.000,18,52.732,78.124,578.894
5.000,19,823.293,1059.253,570.154
5.000,20,492.402,1037.263,242.635
5.000,21,874.787,963.470,512.072
5.000,22,89.956,30.340,477.451
5.000,23,513.712,698.116,447.745
5.000,24,1161.190,1503.073,585.357
5.000,25,1024.647,617.362,297.447
5.000,26,980.701,907.595,586.235
5.000,27,689.765,695.237,493.242
5.000,28,168.366,189.460,304.221
5.000,29,686.985,907.040,335.234
5.000,30,660.350,1625.470,139.677
5.000,31,952.527,1026.259,309.549
5.000,32,167.018,574.849,513.326
5.000,33,511.712,1171.188,381.582
5.000,34,687.963,1329.572,118.971
5.000,35,1019.105,635.340,261.768
5.000,36,958.021,1658.006,256.181
5.000,37,835.532,197.164,179.096
5.000,38,1205.689,1091.799,309.357
5.000,39,232.938,993.428,229.692
5.000,40,39.553,1132.315,590.595
5.000,41,1024.930,412.843,145.405
5.000,42,788.819,1838.361,432.223
5.000,43,328.724,1660.221,350.573
5.000,44,183.249,1821.040,480.978
5.000,45,1150.026,1265.415,108.843
5.000,46,606.838,687.224,472.961
5.000,47,359.613,799.815,177.828
5.000,48,958.460,1091.340,429.849
5.000,49,1236.150,24.146,212.733
5.000,50,969.991,1152.305,393.061
5.000,51,1208.480,1681.356,349.537
5.000,52,23.281,1311.661,284.663
5.000,53,1170.380,872.682,302.243
5.000,54,1093.061,1510.986,481.680
5.000,55,1142.180,253.706,197.396
5.000,56,729.253,1863.467,300.999
5.000,57,1125.538,660.784,119.583
5.000,58,670.747,974.413,123.478
5.000,59,932.856,943.383,355.777
5.000,60,700.044,455.775,482.274
5.000,61,810.834,423.946,549.896
5.000,62,301.769,1281.787,281.230
5.000,63,1078.538,817.704,570.945
5.000,64,919.569,9.538,548.479
5.000,65,328.850,1352.358,250.677
5.000,66,144.431,1630.394,144.928
5.000,67,684.975,613.067,369.283
10.000,0,156.291,1037.063,504.862
10.000,1,414.770,1684.875,351.772
10.000,2,1.928,523.931,376.927
10.000,3,1148.907,1623.688,189.715
10.000,4,105.276,690.152,583.392
10.000,5,944.342,1340.818,124.011
10.000,6,987.548,1756.019,216.198
10.000,7,1087.276,873.623,320.988
10.000,8,112.380,1037.748,454.169
10.000,9,570.008,1041.895,484.344
10.000,10,443.174,1389.206,495.049
10.000,11,67.575,1385.401,158.625
10.000,12,493.112,983.549,402.203
10.000,13,820.513,1060.920,287.517
10.000,14,45.540,1776.420,174.929
10.000,15,3.293,337.356,118.051
10.000,16,429.123,886.104,370.677
10.000,17,233.294,1558.243,397.621
10.000,18,88.412,55.788,584.141
10.000,19,912.719,1165.884,562.586
10.000,20,509.488,913.105,235.773
10.000,21,821.514,1028.399,510.349
10.000,22,40.817,45.060,479.522
10.000,23,610.076,666.246,444.470
10.000,24,1063.718,1575.723,581.075
10.000,25,912.910,582.191,302.477
10.000,26,944.596,1018.046,588.817
10.000,27,654.835,562.870,495.402
10.000,28,81.824,265.646,307.299
10.000,29,659.370,779.875,332.099
10.000,30,742.296,1691.258,143.244
10.000,31,1086.178,1009.816,304.021
10.000,32,75.099,556.665,514.243
10.000,33,388.145,1156.211,379.051
10.000,34,747.059,1454.287,116.426
10.000,35,930.941,575.869,255.677
10.000,36,823.943,1640.808,260.091
10.000,37,895.308,150.602,177.571
10.000,38,1140.699,996.526,305.806
10.000,39,324.931,1073.632,225.887
10.000,40,94.300,1084.647,586.404
10.000,41,1024.090,520.470,145.614
10.000,42,704.880,1834.315,428.247
10.000,43,206.425,1604.338,342.245
10.000,44,102.010,1702.387,482.959
10.000,45,1242.465,1262.244,104.100
10.000,46,644.493,793.117,471.853
10.000,47,456.047,740.578,183.361
10.000,48,1018.298,1217.647,432.235
10.000,49,1229.367,55.920,214.390
10.000,50,884.648,1126.001,392.572
10.000,51,1255.261,1706.234,352.543
10.000,52,33.909,1433.974,284.635
10.000,53,1261.040,885.678,304.607
10.000,54,1012.639,1576.169,487.137
10.000,55,1234.926,279.932,194.260
10.000,56,812.748,1875.617,299.746
10.000,57,1044.315,685.193,122.871
10.000,58,599.731,846.612,124.989
10.000,59,998.333,1071.604,348.218
10.000,60,745.943,346.267,486.845
10.000,61,723.868,331.944,550.257
10.000,62,364.313,1322.036,285.166
10.000,63,1209.044,867.778,571.981
10.000,64,962.887,141.997,549.951
10.000,65,343.483,1437.987,255.979
10.000,66,152.610,1712.468,148.624
10.000,67,828.395,629.280,371.804
15.000,0,86.229,986.136,509.966
15.000,1,410.542,1593.067,354.268
15.000,2,5.896,410.657,372.429
15.000,3,1080.911,1573.379,190.540
15.000,4,93.080,813.068,580.618
15.000,5,834.861,1258.515,123.101
15.000,6,959.853,1657.046,214.737
15.000,7,981.462,905.012,325.179
15.000,8,140.087,908.870,455.556
15.000,9,484.886,1061.650,486.633
15.000,10,424.417,1302.479,493.300
15.000,11,73.791,1324.131,157.240
15.000,12,506.311,901.093,401.049
15.000,13,900.920,1121.772,285.688
15.000,14,93.742,1703.092,179.402
15.000,15,22.018,264.771,120.962
15.000,16,349.728,972.109,370.072
15.000,17,180.094,1493.825,396.895
15.000,18,152.232,165.543,589.415
15.000,19,995.993,1275.507,553.920
15.000,20,525.075,789.353,232.790
15.000,21,776.192,1102.704,507.828
15.000,22,144.521,93.363,480.507
15.000,23,701.794,618.472,443.045
15.000,24,958.812,1638.513,576.561
15.000,25,801.117,525.118,309.111
15.000,26,930.183,1122.689,589.052
15.000,27,616.268,430.419,498.457
15.000,28,15.520,343.801,314.185
15.000,29,630.638,650.170,323.492
15.000,30,816.448,1765.432,145.244
15.000,31,1228.649,1004.458,296.321
15.000,32,12.270,531.020,514.760
15.000,33,265.636,1149.110,373.573
15.000,34,815.765,1585.220,114.454
15.000,35,856.235,499.840,251.129
15.000,36,695.808,1628.622,263.297
15.000,37,963.709,116.510,177.205
15.000,38,1092.061,895.952,304.496
15.000,39,401.610,1169.449,218.862
15.000,40,224.179,1021.100,581.241
15.000,41,1034.741,638.158,147.899
15.000,42,616.955,1828.219,424.345
15.000,43,100.239,1513.350,333.317
15.000,44,32.576,1577.342,487.710
15.000,45,1248.169,1270.949,101.170
15.000,46,671.156,890.413,470.646
15.000,47,541.631,665.406,187.991
15.000,48,1063.799,1342.062,436.526
15.000,49,1105.070,78.342,215.213
15.000,50,797.325,1098.168,393.570
15.000,51,1143.375,1736.451,355.685
15.000,52,56.816,1564.791,286.862
15.000,53,1221.988,916.010,306.236
15.000,54,934.441,1639.459,492.578
15.000,55,1237.575,276.978,191.627
15.000,56,894.064,1862.866,298.034
15.000,57,957.949,712.741,125.021
15.000,58,576.012,700.279,125.611
15.000,59,1074.540,1194.754,341.140
15.000,60,803.519,240.827,488.519
15.000,61,629.921,241.733,550.298
15.000,62,438.410,1354.719,288.582
15.000,63,1229.150,910.615,573.035
15.000,64,1003.864,271.253,552.005
15.000,65,358.534,1518.338,259.867
15.000,66,175.652,1793.339,150.041
15.000,67,972.751,654.568,376.574
20.000,0,31.592,915.285,513.103
20.000,1,430.444,1505.025,353.466
20.000,2,4.548,300.030,368.410
20.000,3,1016.409,1506.306,193.492
20.000,4,69.715,930.898,578.618
20.000,5,708.699,1188.899,123.170
20.000,6,917.912,1566.380,211.387
20.000,7,867.826,906.719,327.091
20.000,8,182.706,786.054,457.420
20.000,9,401.055,1092.341,488.233
20.000,10,401.597,1209.091,493.110
20.000,11,207.209,1281.821,154.032
20.000,12,515.853,824.206,400.424
20.000,13,977.510,1169.435,284.402
20.000,14,160.119,1644.331,182.458
20.000,15,13.448,184.699,123.509
20.000,16,263.835,1046.098,369.745
20.000,17,119.094,1447.392,397.989
20.000,18,210.346,279.025,594.948
20.000,19,1094.438,1364.439,549.810
20.000,20,547.061,662.035,230.838
20.000,21,723.068,1172.477,505.233
20.000,22,250.342,140.015,481.572
20.000,23,792.484,575.758,437.752
20.000,24,866.506,1706.604,574.284
20.000,25,692.886,477.875,314.324
20.000,26,902.937,1227.085,589.527
20.000,27,596.841,289.016,500.228
20.000,28,99.270,413.503,320.592
20.000,29,600.880,522.171,318.557
20.000,30,900.871,1831.230,147.206
20.000,31,1222.495,982.549,292.054
20.000,32,97.805,496.594,515.363
20.000,33,146.617,1144.862,371.129
20.000,34,887.177,1704.056,115.516
20.000,35,785.683,425.133,246.714
20.000,36,564.311,1612.822,267.014
20.000,37,1029.280,74.793,175.343
20.000,38,1042.368,796.417,301.410
20.000,39,474.150,1268.370,214.919
20.000,40,365.999,978.862,576.541
20.000,41,1056.631,748.954,148.177
20.000,42,528.964,1825.004,421.448
20.000,43,29.205,1444.086,325.037
20.000,44,26.724,1449.187,492.517
20.000,45,1155.996,1278.243,104.593
20.000,46,729.715,982.317,468.912
20.000,47,635.540,611.397,192.615
20.000,48,1127.325,1459.794,442.134
20.000,49,981.097,74.241,217.189
20.000,50,722.710,1066.470,393.607
20.000,51,1031.829,1768.379,359.807
20.000,52,114.910,1686.624,288.008
20.000,53,1128.035,942.380,307.300
20.000,54,842.077,1684.793,495.247
20.000,55,1144.117,272.633,187.279
20.000,56,979.140,1859.850,295.915
20.000,57,878.861,731.313,125.617
20.000,58,536.584,560.375,123.738
20.000,59,1152.498,1312.263,337.003
20.000,60,852.647,121.956,490.068
20.000,61,549.131,149.466,550.350
20.000,62,504.404,1393.963,292.829
20.000,63,1096.193,947.449,574.302
20.000,64,1035.398,407.435,554.695
20.000,65,371.920,1596.699,264.477
20.000,66,196.191,1866.187,150.942
20.000,67,1108.304,719.572,377.789
25.000,0,33.634,859.455,517.641
25.000,1,441.956,1412.496,355.322
25.000,2,17.681,197.486,365.184
25.000,3,951.650,1452.270,195.831
25.000,4,46.765,1050.469,575.530
25.000,5,596.059,1108.615,122.196
25.000,6,899.580,1465.941,209.891
25.000,7,753.763,880.231,330.081
25.000,8,237.528,660.352,459.503
25.000,9,322.272,1126.705,490.549
25.000,10,372.795,1121.491,491.736
25.000,11,327.719,1216.234,153.123
25.000,12,534.800,744.678,398.403
25.000,13,1064.302,1218.698,281.766
25.000,14,215.014,1577.645,186.694
25.000,15,28.117,103.252,124.365
25.000,16,188.302,1127.069,368.447
25.000,17,67.850,1403.200,398.597
25.000,18,289.441,384.239,599.315
25.000,19,1190.432,1458.310,543.656
25.000,20,541.460,535.164,227.600
25.000,21,669.130,1235.890,502.723
25.000,22,354.116,192.627,483.238
25.000,23,891.222,558.586,432.628
25.000,24,760.856,1779.617,572.203
25.000,25,579.329,446.300,320.751
25.000,26,873.405,1328.840,591.788
25.000,27,552.662,156.429,502.750
25.000,28,169.155,506.324,324.768
25.000,29,603.155,387.582,313.308
25.000,30,988.620,1860.747,149.723
25.000,31,1089.981,980.288,287.867
25.000,32,180.240,462.206,517.079
25.000,33,26.998,1144.950,367.677
25.000,34,962.676,1819.198,117.175
25.000,35,738.381,329.825,242.346
25.000,36,443.281,1581.000,270.461
25.000,37,1085.234,29.349,173.947
25.000,38,989.138,698.266,297.581
25.000,39,563.459,1358.454,209.918
25.000,40,492.986,902.423,572.801
25.000,41,1072.996,858.463,150.995
25.000,42,440.772,1813.321,417.651
25.000,43,159.317,1405.562,319.064
25.000,44,66.690,1320.452,492.943
25.000,45,1065.943,1289.963,108.218
25.000,46,775.603,1075.666,467.165
25.000,47,733.667,564.753,197.933
25.000,48,1175.117,1587.962,448.656
25.000,49,855.690,97.938,220.322
25.000,50,646.267,1042.856,392.651
25.000,51,921.519,1805.766,363.278
25.000,52,152.721,1813.402,286.585
25.000,53,1049.328,976.781,308.250
25.000,54,762.456,1753.346,500.340
25.000,55,1053.929,248.314,181.154
25.000,56,1059.913,1856.574,295.110
25.000,57,806.368,770.764,127.328
25.000,58,492.546,423.694,124.278
25.000,59,1220.579,1442.578,334.651
25.000,60,902.095,6.567,492.437
25.000,61,481.337,45.674,552.235
25.000,62,576.115,1431.072,295.474
25.000,63,958.792,968.324,577.365
25.000,64,1054.048,543.859,556.564
25.000,65,371.147,1684.209,268.362
25.000,66,215.694,1784.336,155.102
25.000,67,1248.516,764.712,381.461
30.000,0,95.053,793.973,520.501
30.000,1,453.412,1309.269,358.018
30.000,2,57.677,91.730,360.636
30.000,3,900.473,1384.082,197.436
30.000,4,18.690,1163.539,570.435
30.000,5,475.298,1030.685,123.172
30.000,6,868.629,1368.732,207.092
30.000,7,639.100,886.030,332.825
30.000,8,295.658,542.658,461.546
30.000,9,239.625,1161.935,491.603
30.000,10,354.227,1032.246,491.711
30.000,11,465.411,1171.051,150.035
30.000,12,533.480,664.360,397.184
30.000,13,1139.842,1276.266,280.888
30.000,14,279.958,1507.555,191.526
30.000,15,42.590,21.156,124.729
30.000,16,100.705,1203.974,368.883
30.000,17,3.943,1362.566,398.888
30.000,18,355.207,490.446,595.031
30.000,19,1293.358,1540.817,535.166
30.000,20,565.276,404.874,222.929
30.000,21,624.194,1309.027,501.319
30.000,22,454.383,249.697,484.763
30.000,23,990.454,540.294,429.519
30.000,24,656.912,1851.448,565.583
30.000,25,464.676,397.552,326.925
30.000,26,841.411,1433.542,594.291
30.000,27,526.570,19.059,503.284
30.000,28,256.340,580.653,329.250
30.000,29,582.965,252.182,308.011
30.000,30,1068.471,1795.800,150.032
30.000,31,953.598,964.509,282.829
30.000,32,264.238,430.905,517.844
30.000,33,100.347,1134.542,363.747
30.000,34,1047.671,1812.353,115.239
30.000,35,653.782,266.923,236.622
30.000,36,312.815,1556.420,274.985
30.000,37,1151.626,2.516,172.113
30.000,38,916.380,608.454,291.961
30.000,39,654.844,1450.362,205.463
30.000,40,611.234,832.990,569.043
30.000,41,1076.932,972.582,152.600
30.000,42,348.965,1822.032,412.686
30.000,43,287.222,1356.244,310.976
30.000,44,109.370,1185.774,493.095
30.000,45,976.941,1304.698,112.241
30.000,46,806.515,1177.981,465.435
30.000,47,834.594,518.474,201.001
30.000,48,1236.581,1709.949,451.900
30.000,49,727.188,102.123,224.091
30.000,50,574.214,1007.672,392.828
30.000,51,812.070,1843.578,367.076
30.000,52,205.862,1818.806,286.016
30.000,53,961.237,985.723,311.040
30.000,54,672.219,1811.189,505.563
30.000,55,960.610,257.447,176.086
30.000,56,1145.243,1833.198,293.177
30.000,57,722.619,788.920,128.620
30.000,58,449.434,287.973,127.852
30.000,59,1287.759,1573.602,327.531
30.000,60,949.577,115.602,493.308
30.000,61,404.542,63.953,554.979
30.000,62,647.879,1463.581,298.863
30.000,63,827.158,1014.108,580.546
30.000,64,1080.959,682.956,557.853
30.000,65,383.248,1767.401,273.794
30.000,66,237.902,1702.510,157.675
30.000,67,1188.936,779.953,383.466
35.000,0,156.475,733.269,523.722
35.000,1,465.502,1212.770,360.369
35.000,2,75.105,26.685,356.283
35.000,3,838.276,1335.591,199.753
35.000,4,5.195,1277.793,568.832
35.000,5,356.328,956.659,123.385
35.000,6,865.068,1264.080,205.229
35.000,7,525.663,904.974,337.937
35.000,8,340.451,420.209,466.918
35.000,9,161.119,1194.950,494.202
35.000,10,325.501,953.825,491.773
35.000,11,604.643,1150.805,148.358
35.000,12,549.096,583.173,395.439
35.000,13,1226.272,1322.810,277.699
35.000,14,339.393,1439.588,197.261
35.000,15,55.598,65.399,126.651
35.000,16,13.550,1281.413,369.159
35.000,17,65.770,1320.396,398.720
35.000,18,387.904,617.119,589.326
35.000,19,1194.474,1639.528,526.280
35.000,20,585.473,283.513,220.353
35.000,21,571.994,1379.269,500.089
35.000,22,560.715,297.094,485.726
35.000,23,1087.240,510.623,428.158
35.000,24,550.772,1816.747,563.552
35.000,25,350.995,366.356,334.895
35.000,26,820.225,1541.303,596.059
35.000,27,497.896,122.799,506.441
35.000,28,332.612,656.388,335.321
35.000,29,586.155,118.101,301.978
35.000,30,1155.965,1736.019,153.488
35.000,31,822.388,960.209,279.427
35.000,32,352.804,397.319,519.430
35.000,33,217.420,1114.159,360.019
35.000,34,1129.676,1698.672,116.622
35.000,35,581.152,191.607,230.040
35.000,36,180.129,1539.050,279.217
35.000,37,1224.371,30.349,170.493
35.000,38,849.769,513.432,288.091
35.000,39,725.376,1546.949,201.447
35.000,40,735.343,760.869,565.841
35.000,41,1091.254,1084.266,154.198
35.000,42,262.053,1822.795,410.184
35.000,43,408.917,1301.040,306.872
35.000,44,188.078,1059.756,495.959
35.000,45,881.207,1304.097,115.953
35.000,46,835.416,1279.622,465.628
35.000,47,940.458,488.875,205.573
35.000,48,1278.241,1829.510,453.529
35.000,49,601.959,93.971,225.173
35.000,50,500.845,966.639,392.534
35.000,51,700.313,1871.539,371.897
35.000,52,241.805,1693.779,286.057
35.000,53,881.906,1021.487,311.109
35.000,54,579.199,1861.855,511.912
35.000,55,870.157,263.807,172.305
35.000,56,1223.733,1807.662,288.966
35.000,57,637.278,812.731,130.193
35.000,58,409.854,147.198,130.308
35.000,59,1241.278,1706.254,319.930
35.000,60,985.120,225.866,496.857
35.000,61,312.883,149.672,555.235
35.000,62,720.666,1496.574,302.167
35.000,63,697.954,1069.218,584.344
35.000,64,1086.353,826.477,559.377
35.000,65,382.488,1854.914,279.027
35.000,66,244.053,1618.137,158.907
35.000,67,1038.168,795.514,385.096
40.000,0,227.297,687.453,526.681
40.000,1,489.257,1126.202,360.358
40.000,2,79.162,137.616,353.522
40.000,3,759.215,1296.667,202.099
40.000,4,19.279,1390.958,565.797
40.000,5,230.776,887.428,123.513
40.000,6,849.175,1164.613,203.421
40.000,7,407.137,909.035,339.817
40.000,8,391.804,302.731,469.993
40.000,9,79.828,1217.882,496.374
40.000,10,301.367,866.956,491.275
40.000,11,735.934,1113.254,145.442
40.000,12,573.026,502.736,394.236
40.000,13,1275.080,1373.442,274.786
40.000,14,401.111,1374.272,202.343
40.000,15,74.724,141.014,127.692
40.000,16,65.251,1363.440,369.105
40.000,17,116.423,1255.629,399.679
40.000,18,430.825,737.509,584.978
40.000,19,1101.820,1737.404,520.024
40.000,20,612.318,160.803,215.310
40.000,21,528.877,1449.527,498.817
40.000,22,680.385,319.225,484.604
40.000,23,1177.348,480.454,424.535
40.000,24,453.099,1747.227,561.467
40.000,25,238.255,327.735,339.867
40.000,26,792.385,1651.543,598.721
40.000,27,465.690,255.938,508.070
40.000,28,427.207,723.610,340.014
40.000,29,576.903,36.295,297.669
40.000,30,1233.809,1658.089,154.021
40.000,31,687.063,964.966,273.157
40.000,32,444.245,376.431,519.961
40.000,33,335.801,1121.667,354.586
40.000,34,1202.480,1573.754,118.028
40.000,35,508.691,112.140,226.324
40.000,36,51.549,1538.695,283.765
40.000,37,1287.901,73.857,167.812
40.000,38,800.198,409.572,284.136
40.000,39,813.099,1635.255,197.609
40.000,40,865.555,697.420,564.092
40.000,41,1082.270,1198.380,154.910
40.000,42,175.672,1823.748,406.134
40.000,43,531.347,1258.483,300.562
40.000,44,244.189,935.804,500.030
40.000,45,792.182,1327.745,119.254
40.000,46,889.459,1377.118,465.532
40.000,47,1031.747,432.910,210.982
40.000,48,1218.035,1801.561,455.776
40.000,49,481.856,105.531,230.484
40.000,50,436.409,923.461,393.157
40.000,51,585.768,1865.001,377.441
40.000,52,305.501,1577.766,285.001
40.000,53,798.338,1049.114,313.213
40.000,54,491.398,1833.911,516.825
40.000,55,782.840,287.271,167.685
40.000,56,1261.540,1801.459,286.725
40.000,57,559.504,840.807,131.969
40.000,58,350.461,15.925,131.304
40.000,59,1167.395,1817.468,313.847
40.000,60,1026.784,339.092,498.164
40.000,61,226.495,241.932,555.177
40.000,62,791.315,1534.435,305.109
40.000,63,574.306,1137.306,588.300
40.000,64,1146.140,957.376,561.426
40.000,65,389.816,1804.380,283.967
40.000,66,264.683,1533.411,158.941
40.000,67,896.322,830.655,388.050
45.000,0,286.608,622.413,530.998
45.000,1,502.631,1030.890,361.558
45.000,2,98.319,238.922,348.850
45.000,3,706.065,1230.010,202.663
45.000,4,35.981,1511.104,563.315
45.000,5,110.253,813.374,125.910
45.000,6,832.810,1068.511,201.408
45.000,7,296.826,923.248,340.509
45.000,8,424.508,182.419,471.938
45.000,9,12.307,1245.365,498.454
45.000,10,273.495,782.127,489.683
45.000,11,873.724,1077.770,145.853
45.000,12,567.712,421.888,394.050
45.000,13,1199.615,1426.891,272.368
45.000,14,462.764,1308.343,205.719
45.000,15,90.338,217.720,130.978
45.000,16,159.734,1420.974,366.906
45.000,17,174.503,1217.318,399.700
45.000,18,490.073,854.253,577.805
45.000,19,1024.424,1856.265,511.803
45.000,20,638.682,34.147,211.886
45.000,21,467.605,1505.456,497.068
45.000,22,791.280,352.649,482.640
45.000,23,1273.902,450.105,420.094
45.000,24,346.667,1679.176,557.525
45.000,25,128.147,288.401,344.248
45.000,26,793.704,1766.138,599.292
45.000,27,443.507,390.645,509.510
45.000,28,516.447,806.385,346.363
45.000,29,566.357,173.581,293.101
45.000,30,1236.368,1596.060,156.709
45.000,31,542.329,946.393,269.180
45.000,32,522.219,347.625,520.239
45.000,33,455.201,1098.843,349.074
45.000,34,1287.789,1455.978,119.662
45.000,35,446.639,21.418,222.546
45.000,36,94.086,1513.337,286.779
45.000,37,1228.463,106.597,166.541
45.000,38,752.146,308.868,278.020
45.000,39,895.274,1725.514,190.722
45.000,40,989.107,646.196,562.523
45.000,41,1080.348,1308.740,159.421
45.000,42,89.008,1837.650,400.604
45.000,43,651.346,1186.896,290.085
45.000,44,305.047,804.628,501.847
45.000,45,701.174,1357.133,124.628
45.000,46,937.104,1471.693,462.898
45.000,47,1131.502,388.189,214.542
45.000,48,1164.404,1677.239,457.044
45.000,49,355.382,131.001,234.758
45.000,50,360.952,893.067,393.104
45.000,51,468.548,1852.041,381.531
45.000,52,349.306,1446.411,284.691
45.000,53,703.967,1065.043,316.314
45.000,54,403.699,1769.596,521.264
45.000,55,688.251,280.046,163.987
45.000,56,1177.532,1803.598,284.918
45.000,57,472.733,856.701,132.773
45.000,58,280.274,125.851,132.550
45.000,59,1091.385,1812.588,309.391
45.000,60,1043.458,460.372,498.868
45.000,61,138.078,317.170,553.815
45.000,62,864.269,1562.756,306.729
45.000,63,438.253,1155.425,589.183
45.000,64,1169.466,1099.308,564.628
45.000,65,394.140,1720.882,288.909
45.000,66,287.869,1451.386,159.825
45.000,67,757.541,866.673,390.776
50.000,0,348.543,552.641,534.277
50.000,1,532.213,942.541,364.352
50.000,2,110.262,352.850,344.018
50.000,3,645.524,1173.221,204.373
50.000,4,49.823,1631.267,560.854
50.000,5,14.902,732.140,126.422
50.000,6,809.240,970.907,200.042
50.000,7,187.852,944.629,340.451
50.000,8,457.808,62.636,472.361
50.000,9,93.863,1257.760,499.990
50.000,10,247.991,701.134,488.523
50.000,11,1004.623,1032.800,143.891
50.000,12,577.745,340.657,394.917
50.000,13,1118.043,1480.304,269.463
50.000,14,524.068,1243.965,212.598
50.000,15,102.665,293.224,132.099
50.000,16,247.742,1497.796,364.963
50.000,17,237.739,1173.995,399.838
50.000,18,535.102,973.995,572.434
50.000,19,931.580,1798.209,506.967
50.000,20,681.494,108.933,205.851
50.000,21,420.938,1577.405,496.407
50.000,22,898.476,387.924,482.084
50.000,23,1210.330,429.087,418.347
50.000,24,235.496,1627.925,553.226
50.000,25,17.094,236.387,347.567
50.000,26,787.437,1873.872,598.093
50.000,27,413.578,527.997,508.482
50.000,28,609.414,862.708,353.495
50.000,29,557.160,306.976,287.026
50.000,30,1145.507,1545.720,160.317
50.000,31,406.469,946.744,262.035
50.000,32,609.796,330.606,522.497
50.000,33,583.572,1076.875,346.592
50.000,34,1233.972,1323.027,120.293
50.000,35,362.806,54.048,217.755
50.000,36,221.884,1500.042,289.289
50.000,37,1166.405,147.946,164.029
50.000,38,690.118,213.917,273.381
50.000,39,978.308,1810.609,185.043
50.000,40,1101.644,565.346,556.632
50.000,41,1106.063,1425.549,158.802
50.000,42,2.959,1835.778,396.162
50.000,43,771.442,1120.396,286.351
50.000,44,377.903,675.838,501.095
50.000,45,618.061,1386.754,127.426
50.000,46,978.482,1566.991,460.959
50.000,47,1220.828,328.668,218.569
50.000,48,1113.522,1558.390,459.398
50.000,49,230.192,136.567,238.446
50.000,50,286.884,854.687,392.343
50.000,51,362.911,1803.447,383.720
50.000,52,391.747,1323.942,282.570
50.000,53,621.873,1122.297,318.910
50.000,54,322.344,1701.095,526.565
50.000,55,598.397,285.192,161.481
50.000,56,1098.292,1783.976,284.888
50.000,57,387.848,876.089,135.951
50.000,58,253.461,267.820,132.711
50.000,59,1032.361,1677.773,301.048
50.000,60,1088.402,568.613,500.455
50.000,61,59.878,418.315,554.238
50.000,62,926.240,1608.207,308.724
50.000,63,305.481,1188.477,592.594
50.000,64,1162.022,1242.242,566.314
50.000,65,409.591,1640.726,294.860
50.000,66,298.660,1368.271,162.640
50.000,67,620.424,913.190,391.929
55.000,0,415.630,489.609,537.200
55.000,1,547.252,852.661,367.367
55.000,2,128.164,463.882,341.095
55.000,3,587.066,1109.909,205.931
55.000,4,91.039,1741.179,558.298
55.000,5,135.405,659.072,127.619
55.000,6,802.380,862.579,195.883
55.000,7,75.737,950.061,341.686
55.000,8,525.345,63.352,475.614
55.000,9,167.320,1299.874,500.085
55.000,10,222.977,615.560,488.887
55.000,11,1142.532,982.075,143.180
55.000,12,593.991,255.604,395.146
55.000,13,1031.609,1527.803,264.833
55.000,14,598.223,1183.502,218.072
55.000,15,117.448,367.179,134.194
55.000,16,316.466,1584.799,364.455
55.000,17,300.396,1137.527,401.540
55.000,18,584.486,1091.672,567.968
55.000,19,843.051,1705.090,500.496
55.000,20,707.530,230.660,201.028
55.000,21,357.751,1645.921,494.199
55.000,22,1014.391,416.094,481.782
55.000,23,1111.145,421.254,414.623
55.000,24,123.346,1572.669,548.821
55.000,25,98.636,193.689,355.142
55.000,26,752.107,1774.049,597.465
55.000,27,391.760,666.862,511.599
55.000,28,694.533,937.250,358.660
55.000,29,528.913,438.577,282.900
55.000,30,1057.715,1493.225,162.481
55.000,31,271.694,963.237,255.184
55.000,32,690.965,300.936,525.220
55.000,33,706.876,1064.772,342.363
55.000,34,1168.244,1200.753,121.362
55.000,35,295.411,138.680,212.637
55.000,36,347.321,1467.301,292.880
55.000,37,1102.704,181.148,162.271
55.000,38,636.042,119.274,270.190
55.000,39,1058.116,1839.636,181.010
55.000,40,1223.591,501.320,551.959
55.000,41,1076.953,1536.440,161.087
55.000,42,87.104,1853.065,392.153
55.000,43,907.677,1089.159,279.241
55.000,44,452.017,557.674,501.004
55.000,45,520.188,1409.694,132.047
55.000,46,1006.364,1668.726,459.685
55.000,47,1255.082,277.980,222.589
55.000,48,1048.332,1437.407,464.557
55.000,49,105.145,140.985,243.410
55.000,50,220.583,814.167,391.202
55.000,51,250.344,1792.541,385.697
55.000,52,433.777,1191.219,281.248
55.000,53,542.181,1160.842,320.352
55.000,54,238.283,1641.679,531.285
55.000,55,508.554,304.245,159.038
55.000,56,1016.237,1780.792,282.466
55.000,57,304.197,896.178,137.976
55.000,58,188.979,390.323,132.777
55.000,59,974.543,1549.680,293.606
55.000,60,1128.824,676.732,501.776
55.000,61,49.590,498.641,552.933
55.000,62,995.764,1646.164,311.621
55.000,63,171.378,1214.189,597.206
55.000,64,1169.145,1377.496,567.137
55.000,65,416.285,1556.726,299.173
55.000,66,327.154,1293.940,165.751
55.000,67,477.898,929.222,396.436
60.000,0,483.955,433.776,541.004
60.000,1,568.608,759.444,369.700
60.000,2,128.241,569.447,338.195
60.000,3,510.634,1056.261,209.579
60.000,4,104.537,1854.261,555.924
60.000,5,258.807,582.386,128.663
60.000,6,785.199,759.491,195.160
60.000,7,56.823,951.077,343.769
60.000,8,575.952,182.888,475.439
60.000,9,246.234,1329.719,502.468
60.000,10,206.060,530.192,489.745
60.000,11,1275.331,950.242,143.741
60.000,12,608.032,177.958,395.689
60.000,13,951.257,1583.815,261.963
60.000,14,668.729,1121.698,220.698
60.000,15,141.999,441.833,135.777
60.000,16,386.494,1675.489,363.191
60.000,17,359.894,1080.689,402.065
60.000,18,639.469,1212.597,563.742
60.000,19,745.813,1609.061,495.212
60.000,20,739.523,356.875,196.346
60.000,21,296.537,1714.169,492.291
60.000,22,1124.195,458.750,482.912
60.000,23,1018.420,384.790,411.720
60.000,24,26.547,1503.178,546.960
60.000,25,210.301,161.750,361.312
60.000,26,727.446,1667.042,596.212
60.000,27,372.577,804.747,513.812
60.000,28,783.624,1015.230,364.554
60.000,29,504.682,569.013,278.681
60.000,30,960.513,1456.196,162.539
60.000,31,136.032,924.897,249.364
60.000,32,775.644,270.919,526.897
60.000,33,824.096,1059.854,339.984
60.000,34,1076.286,1087.669,120.082
60.000,35,229.560,218.992,207.415
60.000,36,477.928,1471.018,297.972
60.000,37,1031.347,224.446,159.800
60.000,38,574.641,28.300,268.732
60.000,39,1137.329,1745.275,175.644
60.000,40,1222.062,448.811,549.126
60.000,41,1070.589,1650.309,162.534
60.000,42,175.563,1854.691,387.762
60.000,43,1039.777,1046.007,272.616
60.000,44,501.591,420.141,499.711
60.000,45,434.651,1449.386,136.346
60.000,46,1044.130,1771.597,458.306
60.000,47,1161.631,223.018,228.402
60.000,48,990.975,1312.540,467.528
60.000,49,31.152,141.511,246.317
60.000,50,148.746,784.698,392.395
60.000,51,138.824,1752.831,390.859
60.000,52,454.627,1060.412,280.435
60.000,53,452.914,1182.128,322.132
60.000,54,160.191,1573.937,536.912
60.000,55,407.864,311.447,152.708
60.000,56,931.746,1775.764,279.715
60.000,57,226.297,937.358,140.740
60.000,58,151.563,530.650,133.527
60.000,59,895.127,1433.785,287.396
60.000,60,1164.898,785.838,506.162
60.000,61,128.469,594.461,553.494
60.000,62,1068.504,1668.438,313.243
60.000,63,38.564,1217.657,599.227
60.000,64,1219.087,1510.758,569.193
60.000,65,417.015,1471.415,302.845
60.000,66,344.759,1205.860,168.654
60.000,67,338.493,968.408,397.732
65.000,0,546.950,378.067,544.522
65.000,1,579.193,662.526,371.703
65.000,2,133.050,678.822,334.638
65.000,3,437.135,1007.523,211.981
65.000,4,127.004,1779.360,554.206
65.000,5,379.048,496.389,129.647
65.000,6,753.685,661.778,193.897
65.000,7,167.641,955.089,346.504
65.000,8,615.124,301.849,479.768
65.000,9,326.183,1360.867,504.845
65.000,10,172.367,446.583,489.329
65.000,11,1176.501,883.293,143.838
65.000,12,609.238,103.783,395.776
65.000,13,859.585,1633.739,258.697
65.000,14,711.815,1049.411,226.511
65.000,15,149.900,517.957,137.221
65.000,16,473.257,1753.203,363.023
65.000,17,421.381,1031.515,402.534
65.000,18,692.932,1336.314,557.783
65.000,19,663.284,1500.979,486.995
65.000,20,767.796,473.658,191.334
65.000,21,240.920,1781.662,492.036
65.000,22,1234.123,496.235,482.453
65.000,23,920.250,378.211,408.616
65.000,24,94.987,1450.090,542.971
65.000,25,324.895,122.073,364.175
65.000,26,690.829,1562.752,593.377
65.000,27,356.803,942.609,513.890
65.000,28,871.751,1082.807,371.757
65.000,29,476.723,700.428,272.319
65.000,30,873.813,1391.687,165.874
65.000,31,27.680,935.650,241.763
65.000,32,863.756,239.456,529.031
65.000,33,940.428,1051.751,336.792
65.000,34,977.538,984.003,121.710
65.000,35,142.724,278.608,202.607
65.000,36,605.373,1447.547,301.490
65.000,37,958.236,263.919,156.867
65.000,38,501.264,62.744,265.884
65.000,39,1217.636,1658.515,172.085
65.000,40,1105.910,376.273,546.041
65.000,41,1087.682,1759.883,162.439
65.000,42,263.808,1854.355,382.364
65.000,43,1164.706,990.325,268.414
65.000,44,593.424,311.595,501.566
65.000,45,338.993,1460.692,141.365
65.000,46,1079.929,1867.513,458.716
65.000,47,1070.554,159.699,233.799
65.000,48,932.446,1193.442,471.534
65.000,49,156.642,144.282,247.642
65.000,50,70.707,752.807,390.802
65.000,51,22.302,1723.963,394.800
65.000,52,475.152,935.456,279.893
65.000,53,365.184,1205.889,322.602
65.000,54,80.566,1514.294,540.729
65.000,55,312.128,314.653,147.426
65.000,56,850.104,1760.998,275.551
65.000,57,144.784,958.918,142.452
65.000,58,136.744,682.783,133.297
65.000,59,813.058,1314.724,280.925
65.000,60,1218.250,892.610,507.534
65.000,61,203.997,689.266,556.813
65.000,62,1134.059,1713.711,315.400
65.000,63,120.731,1246.412,595.358
65.000,64,1239.329,1650.942,572.718
65.000,65,414.548,1385.488,307.752
65.000,66,355.823,1121.648,171.093
65.000,67,211.464,1040.361,400.284
70.000,0,607.591,313.354,548.776
70.000,1,608.550,570.732,372.801
70.000,2,144.431,785.788,331.289
70.000,3,377.817,946.337,213.423
70.000,4,152.109,1665.062,553.508
70.000,5,495.020,426.896,129.894
70.000,6,728.151,564.862,190.331
70.000,7,284.030,948.611,349.403
70.000,8,661.457,420.991,479.825
70.000,9,407.546,1381.684,505.490
70.000,10,142.352,365.459,489.899
70.000,11,1037.028,850.684,139.937
70.000,12,622.946,25.850,395.241
70.000,13,772.836,1690.266,256.871
70.000,14,768.951,974.672,231.367
70.000,15,181.946,587.539,138.502
70.000,16,551.611,1839.959,365.597
70.000,17,477.200,982.026,402.553
70.000,18,756.383,1439.926,553.811
70.000,19,554.491,1422.982,480.778
70.000,20,779.333,598.605,188.698
70.000,21,173.339,1834.808,488.269
70.000,22,1235.508,527.098,485.172
70.000,23,818.554,362.775,403.403
70.000,24,195.465,1389.342,538.325
70.000,25,439.722,77.782,368.311
70.000,26,686.720,1449.815,590.966
70.000,27,323.858,1075.920,516.360
70.000,28,955.946,1155.186,375.752
70.000,29,463.597,830.485,268.447
70.000,30,782.720,1346.438,165.075
70.000,31,165.089,922.264,235.166
70.000,32,947.018,207.486,528.751
70.000,33,1064.208,1036.818,332.926
70.000,34,880.474,877.565,121.287
70.000,35,85.195,375.672,196.721
70.000,36,736.140,1442.774,303.714
70.000,37,895.409,305.876,155.729
70.000,38,451.264,158.124,262.369
70.000,39,1275.512,1576.775,166.463
70.000,40,973.285,323.455,542.129
70.000,41,1094.531,1874.045,162.928
70.000,42,354.071,1847.626,377.098
70.000,43,1292.318,939.318,261.232
70.000,44,663.234,182.975,498.693
70.000,45,249.391,1477.184,146.828
70.000,46,1137.746,1797.687,455.619
70.000,47,984.557,92.110,239.630
70.000,48,877.718,1074.543,475.721
70.000,49,279.667,168.863,251.721
70.000,50,18.850,730.040,390.104
70.000,51,88.884,1695.486,399.776
70.000,52,511.936,802.723,277.175
70.000,53,281.215,1234.292,321.924
70.000,54,7.773,1438.145,544.465
70.000,55,214.980,306.054,142.953
70.000,56,772.752,1730.132,273.854
70.000,57,72.717,994.898,144.622
70.000,58,88.909,821.554,136.321
70.000,59,727.687,1202.697,275.200
70.000,60,1256.214,1006.791,508.648
70.000,61,282.025,785.870,558.097
70.000,62,1200.175,1740.548,317.306
70.000,63,254.001,1289.928,593.575
70.000,64,1253.707,1788.680,575.255
70.000,65,405.710,1306.662,309.417
70.000,66,368.107,1039.207,172.304
70.000,67,73.649,1083.987,402.241
75.000,0,678.598,257.796,552.508
75.000,1,628.082,481.367,375.642
75.000,2,172.049,893.912,326.721
75.000,3,300.116,895.044,215.605
75.000,4,176.619,1549.688,549.506
75.000,5,611.912,356.679,130.891
75.000,6,683.119,475.315,190.730
75.000,7,398.728,957.188,352.422
75.000,8,688.508,544.392,479.971
75.000,9,493.684,1396.907,506.030
75.000,10,133.503,280.539,489.050
75.000,11,906.196,806.995,139.159
75.000,12,641.200,56.360,394.145
75.000,13,686.151,1742.324,254.490
75.000,14,828.243,912.026,236.074
75.000,15,204.261,669.043,141.287
75.000,16,615.515,1815.441,365.300
75.000,17,539.717,943.956,402.680
75.000,18,818.314,1555.233,550.060
75.000,19,464.833,1324.908,473.649
75.000,20,801.405,721.927,183.991
75.000,21,121.385,1845.695,485.590
75.000,22,1124.682,546.467,487.984
75.000,23,721.825,345.320,398.661
75.000,24,300.121,1328.416,534.021
75.000,25,562.217,49.552,375.525
75.000,26,673.109,1331.777,588.349
75.000,27,286.832,1203.931,516.770
75.000,28,1042.015,1230.814,379.517
75.000,29,445.555,963.710,262.357
75.000,30,695.613,1285.026,166.605
75.000,31,297.309,903.831,230.930
75.000,32,1026.449,167.481,528.516
75.000,33,1182.292,1044.492,327.796
75.000,34,805.041,758.433,121.872
75.000,35,6.540,452.311,191.946
75.000,36,862.509,1415.960,309.928
75.000,37,822.114,338.662,154.250
75.000,38,401.499,260.024,260.548
75.000,39,1220.593,1471.271,161.633
75.000,40,855.940,247.280,536.991
75.000,41,1093.318,1757.339,164.342
75.000,42,440.387,1847.754,374.395
75.000,43,1154.458,908.386,252.293
75.000,44,736.420,60.779,503.745
75.000,45,152.006,1483.432,151.814
75.000,46,1189.505,1701.677,452.664
75.000,47,888.226,40.910,245.678
75.000,48,838.351,946.126,478.255
75.000,49,404.788,171.377,255.887
75.000,50,96.917,709.944,389.682
75.000,51,206.510,1679.651,404.441
75.000,52,560.413,675.960,276.297
75.000,53,188.484,1248.738,322.237
75.000,54,81.532,1384.977,549.310
75.000,55,121.344,318.230,137.212
75.000,56,686.599,1715.823,270.733
75.000,57,22.729,1023.907,146.837
75.000,58,49.301,961.201,138.166
75.000,59,639.146,1090.578,269.419
75.000,60,1262.064,1112.833,509.314
75.000,61,374.552,869.877,557.712
75.000,62,1266.975,1776.614,319.856
75.000,63,385.550,1326.178,591.283
75.000,64,1281.298,1811.827,577.266
75.000,65,410.169,1227.415,314.672
75.000,66,376.987,954.140,172.508
75.000,67,73.147,1123.851,405.588
80.000,0,744.241,207.070,556.573
80.000,1,649.414,392.844,376.839
80.000,2,183.088,1003.148,321.295
80.000,3,252.110,828.864,218.023
80.000,4,205.977,1431.908,548.419
80.000,5,727.112,270.105,133.816
80.000,6,659.201,370.247,189.450
80.000,7,508.509,957.023,355.012
80.000,8,725.401,665.571,482.619
80.000,9,575.576,1426.218,507.766
80.000,10,124.024,192.017,489.319
80.000,11,778.432,746.937,137.659
80.000,12,659.790,133.603,392.930
80.000,13,604.209,1801.285,251.255
80.000,14,884.989,846.842,239.339
80.000,15,218.463,746.012,144.140
80.000,16,694.391,1726.435,363.343
80.000,17,598.350,895.428,403.199
80.000,18,885.625,1665.302,545.548
80.000,19,375.090,1225.081,466.641
80.000,20,802.958,849.166,178.712
80.000,21,70.804,1777.751,483.675
80.000,22,1007.286,576.406,488.634
80.000,23,621.900,329.761,394.084
80.000,24,407.396,1264.698,530.827
80.000,25,674.956,12.818,380.939
80.000,26,651.941,1226.200,585.931
80.000,27,239.119,1333.404,516.492
80.000,28,1135.746,1301.335,384.732
80.000,29,428.026,1094.387,259.345
80.000,30,611.316,1223.355,167.029
80.000,31,429.954,907.205,226.047
80.000,32,1105.414,120.801,530.503
80.000,33,1278.713,1047.717,325.093
80.000,34,734.360,641.613,121.412
80.000,35,78.848,530.676,187.902
80.000,36,994.762,1385.442,316.878
80.000,37,754.560,369.531,152.941
80.000,38,339.377,354.037,254.181
80.000,39,1140.302,1383.395,159.818
80.000,40,731.378,190.118,530.434
80.000,41,1089.688,1641.261,165.824
80.000,42,528.654,1861.989,370.502
80.000,43,1036.593,841.230,246.269
80.000,44,807.910,90.182,507.263
80.000,45,53.920,1501.212,156.707
80.000,46,1254.700,1615.827,451.615
80.000,47,789.794,9.994,250.226
80.000,48,788.487,822.386,481.357
80.000,49,526.588,164.742,257.451
80.000,50,172.056,673.579,389.261
80.000,51,312.532,1647.218,411.393
80.000,52,578.077,537.955,276.624
80.000,53,100.627,1275.056,326.602
80.000,54,156.681,1315.111,554.580
80.000,55,27.302,319.533,133.130
80.000,56,600.025,1713.459,269.330
80.000,57,109.462,1048.689,148.093
80.000,58,45.905,1103.997,141.256
80.000,59,585.508,961.231,264.473
80.000,60,1218.198,1219.421,510.632
80.000,61,456.528,965.682,559.461
80.000,62,1248.488,1807.333,323.824
80.000,63,522.499,1340.505,589.614
80.000,64,1269.183,1680.580,578.549
80.000,65,412.436,1141.554,318.420
80.000,66,397.107,868.138,174.632
80.000,67,211.439,1169.091,408.238
85.000,0,818.765,158.273,559.563
85.000,1,660.197,303.996,378.304
85.000,2,221.462,1105.402,318.102
85.000,3,180.694,776.638,221.247
85.000,4,219.344,1318.796,545.053
85.000,5,848.176,195.309,135.501
85.000,6,645.916,269.133,189.921
85.000,7,619.730,974.316,356.461
85.000,8,747.913,793.195,485.848
85.000,9,658.448,1450.590,508.814
85.000,10,86.342,109.232,490.180
85.000,11,640.238,708.431,139.427
85.000,12,674.516,215.233,392.855
85.000,13,536.554,1869.975,247.553
85.000,14,949.848,782.053,241.995
85.000,15,245.217,818.457,146.565
85.000,16,782.849,1663.636,363.213
85.000,17,664.886,858.446,402.710
85.000,18,948.720,1777.187,539.520
85.000,19,274.085,1135.901,460.232
85.000,20,809.004,974.353,175.849
85.000,21,8.189,1708.516,482.424
85.000,22,903.481,623.513,489.434
85.000,23,527.204,314.707,390.626
85.000,24,511.184,1207.191,527.226
85.000,25,783.450,47.069,385.028
85.000,26,625.886,1123.474,585.014
85.000,27,217.841,1468.095,520.025
85.000,28,1223.540,1369.933,390.468
85.000,29,396.304,1227.368,253.038
85.000,30,518.451,1173.396,168.176
85.000,31,559.336,893.916,222.301
85.000,32,1193.846,110.071,530.689
85.000,33,1155.071,1062.301,324.577
85.000,34,641.422,538.731,120.617
85.000,35,145.819,610.482,184.137
85.000,36,1125.316,1366.603,320.077
85.000,37,688.883,412.268,150.059
85.000,38,292.356,455.628,250.108
85.000,39,1065.133,1293.128,157.009
85.000,40,608.124,114.815,529.064
85.000,41,1111.211,1530.285,165.878
85.000,42,615.013,1870.017,366.622
85.000,43,906.692,784.780,240.178
85.000,44,875.252,215.135,509.362
85.000,45,48.452,1519.660,159.843
85.000,46,1289.736,1517.214,451.504
85.000,47,691.376,61.911,253.576
85.000,48,731.447,706.143,482.957
85.000,49,648.961,163.587,259.528
85.000,50,244.925,643.928,389.221
85.000,51,423.849,1610.938,415.713
85.000,52,638.533,413.174,273.382
85.000,53,12.172,1285.175,328.280
85.000,54,233.837,1244.300,559.574
85.000,55,59.688,332.123,127.576
85.000,56,528.376,1704.996,267.591
85.000,57,193.984,1074.554,150.007
85.000,58,8.643,1240.637,140.793
85.000,59,495.429,855.182,256.330
85.000,60,1161.376,1326.577,512.636
85.000,61,535.643,1061.284,558.136
85.000,62,1176.544,1839.955,326.897
85.000,63,664.263,1349.348,586.593
85.000,64,1235.613,1551.062,582.158
85.000,65,411.341,1057.940,322.636
85.000,66,401.123,783.721,176.836
85.000,67,347.279,1194.851,410.607
90.000,0,890.626,106.810,562.286
90.000,1,685.313,213.864,376.997
90.000,2,242.180,1210.728,314.293
90.000,3,112.912,716.935,223.373
90.000,4,244.746,1200.826,543.344
90.000,5,961.271,110.854,135.508
90.000,6,615.246,164.798,189.363
90.000,7,731.942,966.086,357.892
90.000,8,790.300,920.224,486.733
90.000,9,739.044,1484.309,511.365
90.000,10,57.068,23.529,490.194
90.000,11,501.240,673.798,138.145
90.000,12,697.894,293.492,390.612
90.000,13,459.459,1804.563,246.366
90.000,14,994.484,706.150,247.077
90.000,15,263.366,895.505,149.574
90.000,16,872.908,1603.418,365.461
90.000,17,720.840,813.601,402.914
90.000,18,1005.524,1844.497,533.743
90.000,19,167.060,1048.619,451.242
90.000,20,810.577,1099.297,173.706
90.000,21,38.438,1636.765,480.616
90.000,22,789.451,659.110,491.744
90.000,23,430.480,293.083,386.941
90.000,24,602.219,1132.840,521.587
90.000,25,890.633,95.161,389.115
90.000,26,611.060,1012.339,583.239
90.000,27,199.729,1602.243,521.914
90.000,28,1265.788,1430.269,397.884
90.000,29,371.880,1361.787,247.831
90.000,30,444.433,1100.406,166.996
90.000,31,697.032,894.221,216.713
90.000,32,1282.768,100.429,531.300
90.000,33,1031.845,1061.909,321.333
90.000,34,558.601,423.927,119.877
90.000,35,234.338,670.911,178.212
90.000,36,1250.071,1332.694,320.881
90.000,37,625.662,449.431,149.320
90.000,38,221.133,541.147,244.339
90.000,39,987.123,1204.908,151.697
90.000,40,476.818,56.999,524.971
90.000,41,1131.485,1421.173,165.861
90.000,42,702.132,1875.024,362.100
90.000,43,783.990,727.408,232.883
90.000,44,953.028,339.720,508.036
90.000,45,146.454,1519.127,164.584
90.000,46,1259.044,1409.134,450.659
90.000,47,605.258,129.166,258.146
90.000,48,679.041,581.778,483.947
90.000,49,773.155,184.680,260.246
90.000,50,316.883,612.900,390.198
90.000,51,531.869,1568.106,417.208
90.000,52,664.450,285.303,271.968
90.000,53,83.380,1318.048,330.188
90.000,54,322.356,1178.135,565.947
90.000,55,146.723,346.594,122.534
90.000,56,445.319,1695.769,265.165
90.000,57,276.702,1097.924,152.888
90.000,58,48.053,1378.089,144.538
90.000,59,433.429,733.038,249.957
90.000,60,1129.636,1444.078,514.865
90.000,61,632.813,1132.183,559.253
90.000,62,1105.586,1871.214,328.132
90.000,63,800.889,1401.980,582.774
90.000,64,1182.276,1425.426,585.885
90.000,65,407.573,973.338,327.351
90.000,66,446.019,705.449,179.766
90.000,67,487.985,1246.868,415.660
95.000,0,947.306,44.605,566.901
95.000,1,690.433,125.649,379.372
95.000,2,263.027,1316.662,310.219
95.000,3,46.970,658.586,225.144
95.000,4,264.992,1084.855,542.206
95.000,5,1080.259,39.915,137.804
95.000,6,589.917,61.801,188.492
95.000,7,842.159,981.468,359.984
95.000,8,824.893,1042.312,490.187
95.000,9,819.651,1500.631,514.320
95.000,10,53.005,75.630,488.736
95.000,11,366.150,635.370,135.176
95.000,12,709.969,373.209,391.051
95.000,13,385.372,1747.870,243.214
95.000,14,1051.958,640.024,250.946
95.000,15,272.696,971.313,151.828
95.000,16,966.580,1541.537,362.582
95.000,17,780.457,767.174,402.644
95.000,18,1064.273,1729.529,528.092
95.000,19,62.139,950.254,444.968
95.000,20,837.489,1222.168,167.568
95.000,21,94.627,1563.707,478.773
95.000,22,677.700,673.829,493.209
95.000,23,332.494,278.990,383.550
95.000,24,695.625,1046.810,518.255
95.000,25,1002.571,124.592,395.947
95.000,26,577.876,905.872,580.334
95.000,27,163.168,1735.120,523.574
95.000,28,1188.565,1515.048,404.713
95.000,29,375.644,1493.969,242.529
95.000,30,344.841,1063.105,171.862
95.000,31,832.686,890.431,214.373
95.000,32,1214.650,73.334,533.802
95.000,33,912.127,1052.952,320.589
95.000,34,484.991,302.459,119.096
95.000,35,309.331,744.464,173.677
95.000,36,1202.771,1301.810,323.572
95.000,37,560.917,486.757,147.539
95.000,38,164.267,635.664,241.291
95.000,39,892.768,1125.364,147.094
95.000,40,346.568,3.973,522.430
95.000,41,1148.318,1308.079,166.536
95.000,42,787.503,1863.437,357.773
95.000,43,651.546,683.965,225.029
95.000,44,1041.152,449.108,510.221
95.000,45,235.612,1544.435,168.668
95.000,46,1195.085,1323.985,448.528
95.000,47,501.967,181.117,262.326
95.000,48,630.306,450.792,486.516
95.000,49,896.870,215.984,264.240
95.000,50,393.879,580.840,388.767
95.000,51,642.235,1527.969,423.230
95.000,52,710.473,163.913,270.619
95.000,53,173.816,1352.556,332.190
95.000,54,413.954,1112.078,569.833
95.000,55,240.125,336.132,119.548
95.000,56,356.631,1693.444,262.787
95.000,57,360.518,1115.415,156.126
95.000,58,116.121,1507.711,142.410
95.000,59,373.590,606.478,242.972
95.000,60,1099.454,1556.576,518.518
95.000,61,708.064,1227.984,559.811
95.000,62,1034.788,1858.398,331.745
95.000,63,936.052,1443.346,578.424
95.000,64,1145.186,1288.018,589.154
95.000,65,410.719,888.731,331.436
95.000,66,463.816,623.089,181.924
95.000,67,622.269,1296.931,417.461
100.000,0,1021.192,0.366,568.478
100.000,1,715.552,40.863,380.677
100.000,2,269.975,1419.475,306.597
100.000,3,24.431,594.355,226.403
100.000,4,271.354,969.629,539.715
100.000,5,1202.286,54.653,135.794
100.000,6,566.693,59.497,185.338
100.000,7,953.399,997.296,362.894
100.000,8,864.845,1159.891,492.388
100.000,9,896.679,1525.897,516.497
100.000,10,26.864,159.384,488.203
100.000,11,235.503,593.824,133.296
100.000,12,726.964,454.438,390.060
100.000,13,303.671,1693.878,242.336
100.000,14,1116.910,581.456,253.007
100.000,15,289.243,1049.615,154.869
100.000,16,1049.161,1470.202,361.851
100.000,17,841.887,719.565,403.880
100.000,18,1106.712,1608.211,523.260
100.000,19,27.746,847.537,440.333
100.000,20,846.644,1351.070,163.348
100.000,21,147.951,1497.902,475.372
100.000,22,568.623,698.689,492.307
100.000,23,241.450,254.234,381.171
100.000,24,806.859,996.257,512.581
100.000,25,1107.956,180.476,399.947
100.000,26,545.215,797.627,579.910
100.000,27,152.867,1871.529,524.475
100.000,28,1093.322,1579.381,411.366
100.000,29,349.671,1622.116,236.643
100.000,30,267.435,996.511,173.991
100.000,31,967.062,876.649,209.994
100.000,32,1141.252,27.497,535.485
100.000,33,790.520,1022.864,316.494
100.000,34,410.182,185.008,120.284
100.000,35,383.236,826.687,170.480
100.000,36,1071.958,1283.343,328.575
100.000,37,492.488,519.768,145.583
100.000,38,115.373,735.016,238.645
100.000,39,805.812,1042.649,140.639
100.000,40,208.579,44.167,517.391
100.000,41,1152.755,1196.862,166.291
100.000,42,875.342,1863.458,354.686
100.000,43,518.302,628.366,217.773
100.000,44,1115.187,572.193,511.419
100.000,45,330.791,1552.600,170.893
100.000,46,1154.795,1224.698,447.527
100.000,47,402.591,229.992,266.801
100.000,48,591.855,326.893,490.024
100.000,49,1019.358,248.440,267.827
100.000,50,465.691,547.732,389.327
100.000,51,752.488,1489.156,426.088
100.000,52,737.773,32.492,271.516
100.000,53,266.768,1372.730,333.707
100.000,54,508.119,1063.342,575.179
100.000,55,341.790,325.698,114.032
100.000,56,276.893,1681.998,262.436
100.000,57,435.566,1144.377,159.221
100.000,58,163.303,1648.246,143.860
100.000,59,320.266,473.713,238.955
100.000,60,1043.930,1659.073,522.030
100.000,61,789.013,1317.833,559.354
100.000,62,968.216,1821.549,332.999
100.000,63,1071.717,1486.387,576.328
100.000,64,1128.614,1147.794,592.289
100.000,65,400.599,800.823,335.448
100.000,66,483.467,543.440,183.233
100.000,67,750.372,1354.579,419.116
105.000,0,1081.632,65.134,570.729
105.000,1,742.875,60.815,383.149
105.000,2,269.120,1527.059,301.765
105.000,3,92.347,537.314,226.489
105.000,4,284.194,855.722,537.748
105.000,5,1239.937,130.593,135.249
105.000,6,557.951,156.808,184.787
105.000,7,1063.254,998.991,366.304
105.000,8,910.001,1280.641,494.519
105.000,9,974.430,1553.847,518.084
105.000,10,4.841,242.768,488.239
105.000,11,106.053,542.267,132.230
105.000,12,722.953,536.240,388.118
105.000,13,224.828,1634.465,239.567
105.000,14,1160.542,505.312,258.435
105.000,15,303.978,1127.652,156.910
105.000,16,1144.973,1406.378,360.866
105.000,17,904.031,671.126,403.930
105.000,18,1154.672,1489.960,519.751
105.000,19,136.545,766.715,431.013
105.000,20,882.654,1473.119,161.231
105.000,21,195.346,1426.380,474.175
105.000,22,466.773,750.301,491.663
105.000,23,147.783,214.785,376.759
105.000,24,905.075,922.981,508.996
105.000,25,1220.934,224.737,403.960
105.000,26,515.994,690.088,577.969
105.000,27,148.882,1736.176,525.515
105.000,28,998.658,1650.677,419.385
105.000,29,314.776,1756.104,228.688
105.000,30,172.626,952.831,176.369
105.000,31,1099.871,876.651,200.185
105.000,32,1053.791,8.992,535.916
105.000,33,668.397,1023.346,313.300
105.000,34,336.785,59.924,119.226
105.000,35,458.885,896.050,165.392
105.000,36,941.236,1272.884,333.965
105.000,37,424.793,556.681,143.057
105.000,38,66.974,829.469,233.267
105.000,39,717.210,964.496,135.843
105.000,40,75.084,92.095,508.773
105.000,41,1161.453,1086.528,167.845
105.000,42,962.536,1850.853,349.370
105.000,43,393.476,574.253,210.268
105.000,44,1176.681,702.254,510.816
105.000,45,419.955,1563.515,174.808
105.000,46,1105.939,1129.726,444.014
105.000,47,306.351,281.753,269.658
105.000,48,526.534,209.333,493.498
105.000,49,1145.835,253.549,270.674
105.000,50,543.119,515.695,388.913
105.000,51,853.794,1442.158,429.803
105.000,52,782.917,107.640,269.295
105.000,53,356.895,1391.837,335.576
105.000,54,590.009,993.475,578.934
105.000,55,439.046,323.382,109.552
105.000,56,199.458,1664.061,260.184
105.000,57,516.768,1182.043,162.700
105.000,58,226.396,1786.545,143.382
105.000,59,259.108,347.537,233.561
105.000,60,999.454,1771.781,525.739
105.000,61,856.530,1423.982,559.870
105.000,62,897.771,1793.847,335.643
105.000,63,1207.508,1515.268,573.466
105.000,64,1106.234,1013.704,596.616
105.000,65,402.480,716.156,339.253
105.000,66,499.187,461.659,184.916
105.000,67,885.555,1414.204,422.965
110.000,0,1143.092,124.086,572.663
110.000,1,758.732,156.100,383.967
110.000,2,281.760,1637.341,298.923
110.000,3,150.547,479.022,229.284
110.000,4,307.745,744.855,536.486
110.000,5,1125.787,210.732,134.104
110.000,6,542.264,257.387,183.444
110.000,7,1175.614,1001.620,370.201
110.000,8,976.223,1399.237,499.049
110.000,9,1053.326,1578.304,518.453
110.000,10,24.618,327.643,488.637
110.000,11,27.190,503.734,129.176
110.000,12,732.422,625.171,387.443
110.000,13,142.863,1573.552,233.977
110.000,14,1221.400,434.129,264.101
110.000,15,324.373,1206.856,159.098
110.000,16,1228.230,1327.637,359.700
110.000,17,972.404,630.771,404.242
110.000,18,1209.183,1372.720,515.695
110.000,19,211.843,652.405,423.423
110.000,20,899.418,1606.072,155.534
110.000,21,255.374,1362.025,472.491
110.000,22,359.449,782.533,491.905
110.000,23,51.237,191.988,373.574
110.000,24,1005.617,851.763,504.222
110.000,25,1245.449,266.264,408.720
110.000,26,489.440,586.526,576.113
110.000,27,131.848,1600.898,527.343
110.000,28,931.727,1741.634,422.704
110.000,29,286.769,1859.615,221.294
110.000,30,84.501,905.588,177.953
110.000,31,1233.637,882.194,195.417
110.000,32,970.008,30.123,536.434
110.000,33,544.808,1020.800,310.438
110.000,34,251.517,50.298,118.685
110.000,35,534.964,978.597,160.729
110.000,36,816.446,1245.006,336.992
110.000,37,352.272,595.699,140.921
110.000,38,8.784,914.068,229.262
110.000,39,647.012,860.447,129.194
110.000,40,60.955,156.097,503.993
110.000,41,1169.299,974.693,166.471
110.000,42,1053.336,1845.018,345.518
110.000,43,260.430,529.608,203.347
110.000,44,1245.295,831.222,508.967
110.000,45,516.984,1571.621,177.560
110.000,46,1060.160,1030.976,441.665
110.000,47,208.515,337.392,276.778
110.000,48,482.524,84.631,496.140
110.000,49,1265.435,289.103,275.400
110.000,50,619.020,482.958,388.821
110.000,51,966.202,1406.972,431.580
110.000,52,817.441,235.423,270.234
110.000,53,456.919,1418.569,336.819
110.000,54,680.505,931.866,582.384
110.000,55,533.578,316.603,106.327
110.000,56,115.312,1656.895,260.050
110.000,57,596.251,1208.570,164.295
110.000,58,243.305,1819.944,145.589
110.000,59,198.645,214.786,227.869
110.000,60,960.798,1860.829,527.275
110.000,61,947.221,1503.921,558.739
110.000,62,825.442,1760.365,338.904
110.000,63,1254.206,1577.846,571.690
110.000,64,1065.712,880.562,597.864
110.000,65,414.174,629.100,344.479
110.000,66,503.917,375.776,187.721
110.000,67,1024.708,1447.264,424.854
115.000,0,1205.942,183.221,574.924
115.000,1,787.850,243.224,387.291
115.000,2,307.642,1745.189,293.067
115.000,3,215.443,421.172,232.832
115.000,4,337.881,628.344,534.232
115.000,5,991.324,272.983,133.717
115.000,6,498.118,346.800,180.238
115.000,7,1285.843,1003.191,374.378
115.000,8,1027.768,1513.865,502.657
115.000,9,1134.433,1600.506,521.943
115.000,10,47.980,409.799,488.401
115.000,11,164.361,473.882,128.382
115.000,12,741.605,704.425,386.461
115.000,13,59.024,1514.452,230.245
115.000,14,1289.158,378.104,268.893
115.000,15,350.720,1281.788,161.961
115.000,16,1271.814,1251.890,358.947
115.000,17,1025.496,574.927,403.912
115.000,18,1264.539,1251.264,510.699
115.000,19,310.264,562.449,415.651
115.000,20,905.292,1729.575,151.203
115.000,21,310.823,1292.309,470.319
115.000,22,249.503,810.118,493.460
115.000,23,51.395,164.147,369.408
115.000,24,1118.951,805.939,499.707
115.000,25,1124.970,292.750,413.145
115.000,26,486.367,476.067,575.024
115.000,27,88.494,1467.830,528.317
115.000,28,837.989,1812.987,429.577
115.000,29,267.758,1728.516,214.435
115.000,30,0.200,846.131,180.097
115.000,31,1210.814,861.461,192.801
115.000,32,889.105,58.456,536.678
115.000,33,423.034,1007.992,307.110
115.000,34,167.122,171.767,120.095
115.000,35,618.091,1051.354,157.492
115.000,36,704.687,1189.155,342.019
115.000,37,282.446,628.017,139.794
115.000,38,57.881,1005.572,224.122
115.000,39,563.477,770.389,122.828
115.000,40,199.898,200.224,501.079
115.000,41,1171.735,863.617,166.085
115.000,42,1138.154,1838.881,341.038
115.000,43,133.276,472.569,198.543
115.000,44,1265.056,953.337,509.656
115.000,45,609.649,1586.790,181.237
115.000,46,1005.073,939.459,440.816
115.000,47,109.787,381.951,282.493
115.000,48,429.157,34.893,499.771
115.000,49,1195.646,327.891,279.998
115.000,50,695.733,445.450,388.390
115.000,51,1082.442,1397.486,436.238
115.000,52,846.764,372.352,268.442
115.000,53,549.023,1434.986,339.609
115.000,54,757.448,875.654,587.402
115.000,55,618.641,317.938,102.435
115.000,56,36.497,1642.639,259.052
115.000,57,674.162,1245.384,165.018
115.000,58,270.088,1673.320,148.794
115.000,59,135.967,82.453,220.541
115.000,60,898.851,1755.985,531.006
115.000,61,1010.441,1608.520,557.519
115.000,62,759.637,1712.106,340.989
115.000,63,1121.016,1613.365,571.251
115.000,64,1026.264,748.642,599.041
115.000,65,409.583,540.692,350.511
115.000,66,509.438,288.234,189.248
115.000,67,1168.348,1477.797,429.271
120.000,0,1259.865,257.500,580.175
120.000,1,814.011,332.131,388.600
120.000,2,322.458,1858.523,288.335
120.000,3,282.167,365.636,234.433
120.000,4,348.722,504.623,530.861
120.000,5,864.881,321.079,134.326
120.000,6,472.498,454.999,178.347
120.000,7,1172.137,992.789,378.134
120.000,8,1075.404,1633.912,503.994
120.000,9,1216.528,1625.145,521.811
120.000,10,74.189,492.590,487.179
120.000,11,289.298,419.006,125.258
120.000,12,740.033,790.063,387.978
120.000,13,25.946,1464.102,226.661
120.000,14,1252.874,302.554,272.874
120.000,15,362.441,1357.998,163.950
120.000,16,1178.231,1178.860,359.537
120.000,17,1088.341,524.386,403.431
120.000,18,1276.292,1127.644,505.334
120.000,19,410.633,467.085,410.000
120.000,20,922.611,1849.202,145.282
120.000,21,362.104,1218.056,467.367
120.000,22,145.439,875.099,494.882
120.000,23,145.761,132.264,364.447
120.000,24,1210.267,715.249,498.484
120.000,25,1012.497,327.983,419.204
120.000,26,443.961,378.296,573.107
120.000,27,44.531,1334.938,530.831
120.000,28,744.734,1872.159,433.744
120.000,29,269.215,1604.117,209.871
120.000,30,76.513,781.223,182.325
120.000,31,1081.620,835.507,188.602
120.000,32,811.385,97.045,538.040
120.000,33,303.159,986.991,304.355
120.000,34,95.707,296.910,119.572
120.000,35,688.371,1128.346,152.870
120.000,36,573.712,1163.708,343.042
120.000,37,217.439,654.773,137.742
120.000,38,117.686,1092.564,218.699
120.000,39,484.187,679.858,116.728
120.000,40,323.692,281.164,496.884
120.000,41,1205.348,755.339,165.520
120.000,42,1226.304,1827.453,336.084
120.000,43,10.949,409.355,191.746
120.000,44,1189.341,1075.886,508.379
120.000,45,698.950,1598.160,185.730
120.000,46,965.945,839.293,440.273
120.000,47,14.347,439.458,288.210
120.000,48,363.691,146.539,500.728
120.000,49,1070.381,329.952,283.081
120.000,50,772.400,420.418,389.444
120.000,51,1193.322,1367.070,438.387
120.000,52,872.057,510.517,269.005
120.000,53,642.169,1461.820,342.616
120.000,54,837.051,804.105,592.689
120.000,55,716.152,314.523,102.510
120.000,56,57.308,1617.696,256.750
120.000,57,752.715,1270.585,166.667
120.000,58,318.878,1534.919,151.336
120.000,59,78.610,58.274,213.942
120.000,60,836.954,1654.373,533.135
120.000,61,1074.274,1705.174,558.276
120.000,62,692.260,1676.567,344.421
120.000,63,996.820,1679.175,568.091
120.000,64,988.018,611.928,598.769
120.000,65,421.347,451.158,355.221
120.000,66,529.231,207.859,190.806
120.000,67,1271.270,1548.022,431.990
125.000,0,1259.819,314.078,583.268
125.000,1,830.264,425.804,390.954
125.000,2,348.884,1779.490,283.208
125.000,3,346.980,308.800,238.972
125.000,4,362.598,390.402,529.559
125.000,5,753.942,406.860,133.153
125.000,6,443.275,555.230,176.039
125.000,7,1061.910,1004.582,383.308
125.000,8,1113.738,1758.577,505.605
125.000,9,1280.441,1646.675,523.079
125.000,10,107.604,578.247,487.251
125.000,11,417.117,378.002,125.797
125.000,12,762.219,868.140,386.407
125.000,13,106.460,1415.781,223.630
125.000,14,1194.729,236.498,276.164
125.000,15,386.229,1424.786,166.660
125.000,16,1104.222,1092.707,360.740
125.000,17,1149.149,481.214,403.748
125.000,18,1207.457,1019.639,502.611
125.000,19,500.594,365.548,402.895
125.000,20,964.295,1779.565,143.545
125.000,21,404.430,1135.602,463.683
125.000,22,33.046,904.309,496.610
125.000,23,242.697,92.422,361.860
125.000,24,1264.285,644.278,493.809
125.000,25,909.095,382.155,423.811
125.000,26,435.149,269.493,571.831
125.000,27,20.662,1203.945,534.552
125.000,28,660.741,1801.273,439.725
125.000,29,252.262,1467.066,204.851
125.000,30,163.509,715.967,184.449
125.000,31,949.629,837.674,184.298
125.000,32,733.431,137.430,538.275
125.000,33,186.245,972.103,301.103
125.000,34,16.365,417.631,116.137
125.000,35,771.949,1198.866,147.914
125.000,36,452.214,1123.975,345.495
125.000,37,149.512,689.357,136.029
125.000,38,171.214,1185.713,212.476
125.000,39,408.616,583.722,113.242
125.000,40,439.180,369.219,492.185
125.000,41,1203.114,641.877,166.502
125.000,42,1264.899,1826.900,331.659
125.000,43,140.482,345.271,183.852
125.000,44,1136.570,1212.367,509.368
125.000,45,787.117,1620.143,189.349
125.000,46,932.206,734.666,441.016
125.000,47,99.548,476.277,292.794
125.000,48,296.877,261.367,503.790
125.000,49,943.985,337.013,286.451
125.000,50,839.474,380.533,389.436
125.000,51,1282.323,1343.612,441.106
125.000,52,902.799,633.295,269.953
125.000,53,731.410,1494.278,345.895
125.000,54,917.081,733.663,596.148
125.000,55,814.945,312.401,108.628
125.000,56,136.520,1617.360,256.319
125.000,57,840.304,1293.127,168.165
125.000,58,371.797,1400.248,152.333
125.000,59,22.056,193.058,207.302
125.000,60,793.758,1543.652,533.799
125.000,61,1163.182,1796.527,558.902
125.000,62,622.380,1651.644,347.419
125.000,63,852.769,1698.583,564.693
125.000,64,944.032,475.285,597.139
125.000,65,428.897,367.785,359.988
125.000,66,544.562,123.116,193.937
125.000,67,1143.098,1613.645,435.046
130.000,0,1197.333,368.395,586.997
130.000,1,860.428,516.122,394.481
130.000,2,368.055,1668.497,278.965
130.000,3,420.029,265.330,242.042
130.000,4,399.114,280.108,527.967
130.000,5,637.564,481.093,135.606
130.000,6,409.585,650.014,174.467
130.000,7,950.440,998.341,385.927
130.000,8,1151.274,1858.214,509.937
130.000,9,1197.220,1673.146,523.441
130.000,10,123.034,658.626,487.200
130.000,11,547.571,319.864,122.823
130.000,12,762.329,950.831,384.968
130.000,13,188.945,1364.081,219.740
130.000,14,1142.029,166.816,280.101
130.000,15,405.777,1497.221,167.997
130.000,16,1019.738,1017.234,361.526
130.000,17,1207.962,432.612,405.791
130.000,18,1164.066,897.771,498.808
130.000,19,574.585,250.869,395.301
130.000,20,995.951,1658.760,138.780
130.000,21,463.317,1073.762,461.584
130.000,22,97.078,933.525,497.570
130.000,23,346.223,66.693,358.679
130.000,24,1165.660,572.724,489.667
130.000,25,798.331,434.504,428.344
130.000,26,437.300,152.526,567.970
130.000,27,15.710,1063.958,535.204
130.000,28,579.378,1721.048,445.649
130.000,29,244.708,1334.713,198.296
130.000,30,250.021,655.703,186.346
130.000,31,820.352,813.365,179.517
130.000,32,654.622,168.304,540.887
130.000,33,63.255,972.983,298.759
130.000,34,73.012,535.276,119.310
130.000,35,858.169,1262.565,142.273
130.000,36,325.843,1086.075,349.644
130.000,37,87.952,728.442,134.225
130.000,38,238.225,1275.797,207.288
130.000,39,324.189,493.156,108.570
130.000,40,562.167,435.498,491.017
130.000,41,1230.464,534.977,166.449
130.000,42,1180.544,1817.180,324.708
130.000,43,274.133,296.728,175.989
130.000,44,1061.333,1331.959,508.877
130.000,45,886.696,1631.493,193.938
130.000,46,896.092,637.396,441.466
130.000,47,201.878,522.995,297.750
130.000,48,263.946,385.243,507.480
130.000,49,819.012,348.124,290.173
130.000,50,916.592,368.464,389.363
130.000,51,1173.395,1316.661,444.187
130.000,52,939.477,762.135,270.441
130.000,53,820.120,1516.109,346.788
130.000,54,997.729,673.061,599.732
130.000,55,906.259,318.326,112.432
130.000,56,217.200,1613.668,253.931
130.000,57,918.115,1317.601,170.105
130.000,58,409.482,1261.483,153.404
130.000,59,60.561,305.131,198.301
130.000,60,738.676,1440.029,537.661
130.000,61,1239.838,1852.193,558.949
130.000,62,552.887,1614.564,350.037
130.000,63,720.635,1745.643,562.674
130.000,64,910.313,340.811,593.013
130.000,65,434.255,279.848,364.344
130.000,66,555.646,36.266,196.863
130.000,67,998.366,1638.940,439.169
135.000,0,1127.536,417.366,592.822
135.000,1,884.423,604.923,396.144
135.000,2,384.393,1561.765,274.516
135.000,3,486.512,217.730,243.832
135.000,4,416.020,165.454,526.305
135.000,5,526.001,563.850,134.696
135.000,6,385.411,749.742,172.347
135.000,7,837.462,990.859,386.172
135.000,8,1205.654,1742.388,511.115
135.000,9,1118.958,1699.280,525.652
135.000,10,134.756,743.553,485.834
135.000,11,683.038,279.919,120.352
135.000,12,776.437,1025.465,383.237
135.000,13,270.801,1315.302,216.092
135.000,14,1076.361,116.225,284.712
135.000,15,433.660,1571.824,169.591
135.000,16,940.229,924.443,360.325
135.000,17,1278.372,384.991,405.514
135.000,18,1125.854,779.631,490.966
135.000,19,659.300,149.461,389.329
135.000,20,1005.348,1532.387,134.687
135.000,21,522.250,1000.161,458.235
135.000,22,216.268,959.656,496.928
135.000,23,441.231,48.294,354.430
135.000,24,1057.469,519.061,484.971
135.000,25,683.457,464.112,431.901
135.000,26,401.744,44.731,566.308
135.000,27,53.534,929.997,538.379
135.000,28,485.241,1666.011,451.743
135.000,29,227.878,1201.019,193.677
135.000,30,342.611,604.874,189.815
135.000,31,692.082,813.243,172.883
135.000,32,569.884,187.840,543.679
135.000,33,65.905,979.508,294.989
135.000,34,161.673,649.049,120.522
135.000,35,919.453,1344.363,136.993
135.000,36,193.191,1056.419,353.178
135.000,37,28.443,773.621,130.541
135.000,38,280.163,1382.459,203.608
135.000,39,235.908,412.527,103.881
135.000,40,690.084,498.499,486.903
135.000,41,1255.217,429.512,167.602
135.000,42,1095.176,1789.055,320.710
135.000,43,398.822,242.537,169.328
135.000,44,976.239,1447.920,512.046
135.000,45,980.198,1664.918,197.877
135.000,46,838.753,546.360,440.653
135.000,47,304.248,573.722,301.695
135.000,48,207.292,503.598,512.518
135.000,49,694.292,354.827,292.837
135.000,50,993.840,345.130,388.534
135.000,51,1064.159,1283.319,448.207
135.000,52,997.959,889.096,268.389
135.000,53,909.841,1521.479,346.746
135.000,54,1076.761,613.146,596.427
135.000,55,997.256,317.778,116.637
135.000,56,299.800,1606.395,252.581
135.000,57,990.547,1361.753,171.800
135.000,58,459.441,1117.668,155.706
135.000,59,141.135,425.144,191.296
135.000,60,690.225,1326.103,542.211
135.000,61,1254.158,1772.005,558.528
135.000,62,491.340,1570.103,352.284
135.000,63,583.279,1763.654,561.379
135.000,64,864.814,206.787,588.971
135.000,65,434.673,196.509,368.521
135.000,66,570.556,50.969,200.247
135.000,67,865.234,1692.468,439.194
140.000,0,1055.826,468.221,596.634
140.000,1,896.647,699.135,397.816
140.000,2,422.235,1451.245,269.704
140.000,3,558.947,178.115,247.462
140.000,4,427.252,45.805,522.304
140.000,5,403.400,642.749,135.567
140.000,6,379.538,853.488,172.155
140.000,7,725.726,1010.241,390.282
140.000,8,1263.766,1622.045,512.842
140.000,9,1037.101,1728.616,528.159
140.000,10,157.424,830.757,486.553
140.000,11,811.137,230.967,120.026
140.000,12,787.190,1105.485,382.689
140.000,13,352.087,1253.716,213.574
140.000,14,1015.122,49.893,288.710
140.000,15,459.739,1643.366,172.628
140.000,16,842.483,857.834,361.806
140.000,17,1235.211,354.506,405.649
140.000,18,1063.462,666.656,484.254
140.000,19,770.174,80.415,382.476
140.000,20,1024.625,1402.639,129.146
140.000,21,584.320,935.420,456.257
140.000,22,323.344,1003.592,497.315
140.000,23,535.254,18.199,350.441
140.000,24,967.808,443.340,480.760
140.000,25,568.908,503.691,435.562
140.000,26,384.164,68.191,563.179
140.000,27,59.391,787.355,541.636
140.000,28,401.049,1585.049,456.652
140.000,29,214.950,1067.161,187.951
140.000,30,415.327,529.936,191.491
140.000,31,558.351,780.847,166.612
140.000,32,481.018,205.846,545.907
140.000,33,187.143,961.539,292.620
140.000,34,243.158,767.156,119.882
140.000,35,995.134,1419.344,132.949
140.000,36,73.851,1006.729,355.844
140.000,37,36.248,812.261,128.647
140.000,38,333.468,1478.646,202.154
140.000,39,158.584,321.663,103.991
140.000,40,819.025,576.577,484.286
140.000,41,1264.378,317.765,168.349
140.000,42,1008.371,1808.364,318.399
140.000,43,518.613,171.975,161.975
140.000,44,896.712,1568.718,513.938
140.000,45,1076.124,1685.570,200.263
140.000,46,773.797,458.778,439.498
140.000,47,408.963,601.740,306.898
140.000,48,165.920,626.635,515.551
140.000,49,569.901,330.772,295.625
140.000,50,1065.251,309.822,388.329
140.000,51,950.921,1255.154,451.096
140.000,52,1035.163,1020.561,267.560
140.000,53,990.197,1554.613,346.100
140.000,54,1161.767,550.626,590.716
140.000,55,1088.258,316.244,120.540
140.000,56,385.971,1607.279,248.889
140.000,57,1067.879,1396.676,175.305
140.000,58,511.943,982.346,159.504
140.000,59,225.290,544.162,183.286
140.000,60,644.813,1225.654,543.504
140.000,61,1198.970,1666.811,557.660
140.000,62,418.074,1543.408,356.776
140.000,63,457.894,1825.277,558.744
140.000,64,828.215,71.025,586.720
140.000,65,429.025,117.105,373.453
140.000,66,597.753,130.451,203.287
140.000,67,733.134,1755.606,440.365
145.000,0,995.996,528.356,598.290
145.000,1,890.130,791.953,399.145
145.000,2,437.822,1339.880,264.689
145.000,3,621.535,119.065,248.464
145.000,4,451.529,68.118,518.579
145.000,5,294.044,725.161,136.870
145.000,6,363.624,956.762,170.350
145.000,7,606.085,998.663,391.211
145.000,8,1244.481,1509.529,517.176
145.000,9,954.669,1753.426,528.311
145.000,10,197.331,919.568,486.473
145.000,11,947.080,198.168,118.283
145.000,12,801.921,1179.811,382.026
145.000,13,433.406,1199.724,210.132
145.000,14,950.526,25.386,294.341
145.000,15,494.337,1712.510,175.631
145.000,16,766.628,782.919,363.011
145.000,17,1179.242,307.723,406.910
145.000,18,1003.747,546.950,477.158
145.000,19,863.817,25.963,373.746
145.000,20,1025.817,1276.409,125.825
145.000,21,640.820,868.415,455.537
145.000,22,434.795,1047.633,498.162
145.000,23,634.353,6.427,346.664
145.000,24,889.527,348.474,478.665
145.000,25,452.281,532.733,440.572
145.000,26,342.778,173.556,561.360
145.000,27,81.339,650.626,540.585
145.000,28,318.633,1498.136,463.778
145.000,29,196.262,936.682,182.904
145.000,30,495.123,469.277,195.068
145.000,31,426.045,762.737,162.436
145.000,32,393.667,230.447,545.590
145.000,33,306.015,959.076,292.543
145.000,34,310.665,891.746,119.963
145.000,35,1049.651,1510.131,127.233
145.000,36,69.488,989.800,358.338
145.000,37,98.918,841.742,126.902
145.000,38,374.704,1577.517,197.397
145.000,39,61.490,249.644,110.107
145.000,40,952.453,627.180,482.133
145.000,41,1280.658,200.923,167.242
145.000,42,921.210,1805.978,314.387
145.000,43,644.902,130.114,154.498
145.000,44,820.443,1693.625,515.571
145.000,45,1175.350,1699.316,205.235
145.000,46,740.656,350.973,438.694
145.000,47,502.383,650.918,311.078
145.000,48,130.648,756.284,519.467
145.000,49,451.485,371.366,298.289
145.000,50,1148.539,282.375,387.700
145.000,51,834.065,1233.818,454.567
145.000,52,1078.494,1145.981,265.325
145.000,53,1079.402,1585.624,347.080
145.000,54,1255.705,488.526,584.057
145.000,55,1181.150,328.267,125.340
145.000,56,468.308,1612.111,246.847
145.000,57,1139.794,1430.658,177.461
145.000,58,559.002,846.503,160.815
145.000,59,308.282,662.242,179.714
145.000,60,605.558,1110.811,543.417
145.000,61,1122.794,1570.113,557.800
145.000,62,355.497,1495.011,360.858
145.000,63,315.974,1851.707,554.673
145.000,64,785.302,67.154,584.622
145.000,65,437.303,34.144,377.754
145.000,66,609.420,213.171,204.649
145.000,67,597.773,1806.538,441.802
150.000,0,940.302,593.931,594.280
150.000,1,889.547,890.803,400.579
150.000,2,457.076,1225.752,260.039
150.000,3,681.024,53.364,249.444
150.000,4,483.384,181.501,516.410
150.000,5,170.779,803.829,137.714
150.000,6,349.400,1056.654,166.962
150.000,7,494.168,996.963,391.697
150.000,8,1209.016,1388.440,520.115
150.000,9,868.052,1766.003,529.606
150.000,10,233.878,1007.178,487.352
150.000,11,1070.413,147.378,117.865
150.000,12,825.834,1249.575,382.104
150.000,13,517.724,1147.926,208.311
150.000,14,888.340,88.194,299.600
150.000,15,512.188,1788.889,178.499
150.000,16,681.337,706.100,360.773
150.000,17,1117.298,262.630,408.328
150.000,18,952.758,424.759,468.805
150.000,19,956.780,118.132,368.717
150.000,20,1046.530,1149.317,122.817
150.000,21,681.134,794.010,453.253
150.000,22,544.619,1080.045,498.914
150.000,23,735.242,26.712,343.018
150.000,24,802.835,262.942,473.520
150.000,25,331.400,563.778,448.487
150.000,26,314.434,280.021,560.732
150.000,27,87.884,514.334,542.466
150.000,28,242.002,1422.566,469.665
150.000,29,176.531,804.891,178.970
150.000,30,588.063,424.173,197.759
150.000,31,292.958,766.012,158.739
150.000,32,308.811,249.095,547.503
150.000,33,435.635,948.713,287.560
150.000,34,399.150,1002.073,116.877
150.000,35,1119.572,1583.137,121.760
150.000,36,190.400,950.089,363.978
150.000,37,161.215,888.253,126.695
150.000,38,426.641,1678.719,195.792
150.000,39,28.730,160.200,118.211
150.000,40,1073.700,694.932,480.433
150.000,41,1287.352,87.137,167.422
150.000,42,835.758,1792.286,309.401
150.000,43,778.455,99.930,149.272
150.000,44,715.318,1801.873,518.162
150.000,45,1270.439,1711.528,208.252
150.000,46,708.825,250.709,439.893
150.000,47,594.729,707.586,315.087
150.000,48,65.430,877.225,524.328
150.000,49,339.439,402.957,300.113
150.000,50,1223.563,253.470,388.032
150.000,51,720.156,1199.315,459.705
150.000,52,1126.441,1273.755,262.367
150.000,53,1170.409,1615.408,348.623
150.000,54,1232.073,433.317,580.167
150.000,55,1277.039,340.679,128.280
150.000,56,549.128,1590.977,245.016
150.000,57,1226.735,1455.028,181.622
150.000,58,606.265,708.065,161.364
150.000,59,359.674,795.646,173.843
150.000,60,570.829,996.858,546.623
150.000,61,1051.797,1471.354,558.656
150.000,62,280.128,1474.333,364.874
150.000,63,176.143,1863.699,552.511
150.000,64,766.183,205.894,583.974
150.000,65,436.078,51.687,382.301
150.000,66,642.505,285.574,205.713
150.000,67,457.007,1842.561,445.792
155.000,0,885.735,656.205,590.945
155.000,1,909.129,984.434,402.780
155.000,2,474.359,1124.847,257.287
155.000,3,750.459,11.161,252.358
155.000,4,506.503,290.755,513.172
155.000,5,47.475,875.267,137.852
155.000,6,314.226,1153.203,165.031
155.000,7,384.244,1015.043,393.616
155.000,8,1179.168,1261.832,523.915
155.000,9,785.122,1785.493,531.501
155.000,10,259.200,1099.000,489.562
155.000,11,1201.744,115.417,115.699
155.000,12,832.630,1328.700,381.052
155.000,13,593.900,1090.527,204.390
155.000,14,819.302,136.105,303.415
155.000,15,524.406,1866.249,181.724
155.000,16,585.860,635.246,361.933
155.000,17,1067.547,205.640,408.940
155.000,18,896.082,309.744,464.986
155.000,19,1048.916,222.249,361.141
155.000,20,1033.334,1022.926,118.779
155.000,21,726.495,720.113,449.755
155.000,22,664.515,1086.449,498.385
155.000,23,832.109,50.089,339.986
155.000,24,714.382,174.070,468.269
155.000,25,213.988,603.961,454.454
155.000,26,316.157,383.689,559.129
155.000,27,121.512,378.417,545.580
155.000,28,144.946,1352.101,476.847
155.000,29,157.887,672.958,171.496
155.000,30,678.884,355.125,200.240
155.000,31,160.421,756.267,153.048
155.000,32,219.687,274.259,548.836
155.000,33,557.717,943.412,284.075
155.000,34,457.147,1136.114,116.389
155.000,35,1198.214,1658.940,116.821
155.000,36,309.811,911.141,365.507
155.000,37,222.494,922.358,126.258
155.000,38,480.392,1774.547,191.878
155.000,39,127.144,78.185,123.779
155.000,40,1197.002,752.059,476.911
155.000,41,1276.984,38.795,166.174
155.000,42,748.062,1794.333,304.327
155.000,43,904.873,55.110,143.862
155.000,44,635.317,1820.759,519.454
155.000,45,1214.582,1710.692,211.831
155.000,46,674.349,148.693,439.050
155.000,47,691.856,752.326,319.957
155.000,48,7.083,996.262,528.589
155.000,49,217.907,414.989,303.217
155.000,50,1270.175,228.296,389.097
155.000,51,613.422,1191.480,461.373
155.000,52,1155.351,1403.783,261.544
155.000,53,1262.194,1631.565,349.418
155.000,54,1146.544,364.720,575.141
155.000,55,1200.390,352.787,132.482
155.000,56,632.252,1586.869,243.500
155.000,57,1276.659,1470.868,185.809
155.000,58,648.862,573.679,164.884
155.000,59,439.226,910.313,168.014
155.000,60,531.424,888.748,551.557
155.000,61,971.684,1382.397,557.502
155.000,62,206.044,1441.342,366.928
155.000,63,37.798,1827.080,551.949
155.000,64,731.429,342.517,580.025
155.000,65,435.897,131.451,385.232
155.000,66,660.464,367.507,207.283
155.000,67,317.889,1869.247,447.607
160.000,0,809.601,704.338,588.765
160.000,1,934.626,1070.189,404.984
160.000,2,484.506,1014.906,254.904
160.000,3,822.476,44.491,255.856
160.000,4,506.902,404.023,511.192
160.000,5,83.679,959.759,138.376
160.000,6,318.419,1257.716,161.663
160.000,7,273.540,990.109,397.547
160.000,8,1114.784,1142.805,524.258
160.000,9,707.814,1816.478,531.031
160.000,10,294.099,1187.794,491.172
160.000,11,1252.139,60.073,113.751
160.000,12,855.040,1413.556,380.759
160.000,13,681.710,1040.013,199.763
160.000,14,762.167,205.194,308.753
160.000,15,537.964,1807.990,184.266
160.000,16,493.336,572.283,361.219
160.000,17,999.299,163.316,409.143
160.000,18,817.577,203.603,460.472
160.000,19,1148.855,312.491,352.983
160.000,20,1048.764,893.372,115.411
160.000,21,776.678,644.321,446.837
160.000,22,781.640,1105.800,497.956
160.000,23,930.653,69.003,334.760
160.000,24,609.227,111.453,464.636
160.000,25,105.499,643.263,457.035
160.000,26,287.225,493.923,555.454
160.000,27,141.640,242.978,547.067
160.000,28,57.113,1287.526,480.314
160.000,29,146.964,540.050,169.036
160.000,30,782.198,312.469,203.638
160.000,31,27.711,744.337,147.586
160.000,32,132.035,300.403,551.177
160.000,33,679.450,952.739,280.112
160.000,34,522.284,1258.790,116.247
160.000,35,1246.179,1753.651,113.028
160.000,36,432.728,869.691,371.210
160.000,37,286.273,962.158,122.432
160.000,38,540.779,1858.197,189.111
160.000,39,215.740,9.206,127.773
160.000,40,1250.925,818.663,475.557
160.000,41,1262.382,153.475,166.696
160.000,42,660.852,1778.599,300.347
160.000,43,1032.567,4.313,138.342
160.000,44,542.204,1709.552,521.894
160.000,45,1127.291,1733.503,216.622
160.000,46,633.308,53.919,437.449
160.000,47,784.253,801.031,322.708
160.000,48,85.712,1097.693,532.639
160.000,49,92.019,404.300,308.116
160.000,50,1198.189,190.779,389.351
160.000,51,496.474,1169.607,463.399
160.000,52,1201.832,1531.580,260.830
160.000,53,1229.450,1655.395,352.253
160.000,54,1065.992,300.304,568.615
160.000,55,1107.873,350.942,137.089
160.000,56,716.054,1576.813,242.465
160.000,57,1204.813,1502.767,189.085
160.000,58,696.731,432.641,164.801
160.000,59,496.606,1045.555,162.904
160.000,60,499.040,775.433,551.396
160.000,61,898.179,1280.359,558.675
160.000,62,135.510,1404.587,369.207
160.000,63,124.491,1819.327,546.051
160.000,64,687.021,479.283,575.767
160.000,65,446.606,212.784,390.899
160.000,66,690.143,451.229,210.917
160.000,67,184.440,1827.424,451.899
165.000,0,737.491,754.643,585.903
165.000,1,932.587,1161.999,406.485
165.000,2,497.422,908.738,249.059
165.000,3,891.841,96.574,257.860
165.000,4,526.434,527.412,510.292
165.000,5,211.508,1027.772,137.259
165.000,6,297.516,1358.735,161.232
165.000,7,158.716,980.197,398.834
165.000,8,1032.498,1037.755,527.407
165.000,9,629.625,1838.224,531.212
165.000,10,325.543,1269.736,490.804
165.000,11,1125.564,2.272,112.100
165.000,12,874.334,1489.434,378.432
165.000,13,763.186,978.239,197.255
165.000,14,702.016,276.847,312.856
165.000,15,553.000,1732.279,186.746
165.000,16,424.932,481.594,359.604
165.000,17,928.754,121.224,408.484
165.000,18,767.604,82.786,454.530
165.000,19,1246.957,400.302,347.319
165.000,20,1080.523,765.991,109.089
165.000,21,829.408,577.426,444.306
165.000,22,893.455,1141.142,500.890
165.000,23,1020.702,110.281,330.599
165.000,24,507.526,41.047,461.289
165.000,25,0.827,691.700,463.120
165.000,26,274.403,604.827,554.664
165.000,27,151.083,112.988,546.096
165.000,28,31.266,1203.747,483.560
165.000,29,110.065,411.472,165.380
165.000,30,861.122,241.183,207.083
165.000,31,107.937,710.096,140.839
165.000,32,48.270,335.807,553.122
165.000,33,798.487,958.558,276.574
165.000,34,602.030,1368.205,117.554
165.000,35,1256.248,1832.889,105.686
165.000,36,561.846,847.683,377.979
165.000,37,360.599,1002.607,118.906
165.000,38,580.839,1791.284,185.255
165.000,39,297.364,94.156,134.155
165.000,40,1123.884,887.552,473.335
165.000,41,1251.819,270.337,165.320
165.000,42,567.212,1785.488,297.061
165.000,43,1153.438,60.183,131.566
165.000,44,483.994,1577.475,523.819
165.000,45,1036.465,1751.468,220.050
165.000,46,583.695,60.004,437.291
165.000,47,884.334,843.591,328.936
165.000,48,123.305,1226.480,537.047
165.000,49,23.888,431.491,311.934
165.000,50,1114.815,163.385,388.024
165.000,51,384.299,1150.671,466.104
165.000,52,1234.481,1665.226,260.136
165.000,53,1133.209,1672.049,353.775
165.000,54,988.348,230.775,566.030
165.000,55,1017.232,346.231,139.789
165.000,56,796.879,1552.599,241.104
165.000,57,1126.859,1529.566,191.169
165.000,58,743.043,289.344,166.066
165.000,59,574.855,1166.566,157.570
165.000,60,420.357,681.630,553.963
165.000,61,807.083,1197.047,559.758
165.000,62,61.973,1372.366,371.970
165.000,63,256.785,1774.266,542.105
165.000,64,652.291,614.022,573.505
165.000,65,435.968,296.259,394.033
165.000,66,712.768,535.610,212.883
165.000,67,47.160,1809.272,458.135
170.000,0,673.405,811.811,583.108
170.000,1,958.501,1250.502,408.659
170.000,2,525.546,803.670,244.553
170.000,3,953.490,157.337,258.438
170.000,4,562.926,638.291,508.713
170.000,5,337.215,1090.973,137.299
170.000,6,282.512,1460.334,158.554
170.000,7,52.270,989.422,400.056
170.000,8,991.452,915.276,529.825
170.000,9,550.105,1868.240,534.593
170.000,10,337.686,1351.943,489.954
170.000,11,991.409,59.047,111.323
170.000,12,886.379,1564.997,377.758
170.000,13,853.666,934.839,194.749
170.000,14,659.479,355.664,317.225
170.000,15,570.875,1661.503,188.384
170.000,16,345.933,395.888,359.040
170.000,17,868.801,69.088,410.065
170.000,18,700.698,40.516,449.147
170.000,19,1232.729,495.406,342.224
170.000,20,1109.813,641.871,101.744
170.000,21,889.300,520.093,443.912
170.000,22,1006.695,1160.229,503.588
170.000,23,1117.770,122.553,328.100
170.000,24,406.158,33.203,458.128
170.000,25,103.336,728.811,467.350
170.000,26,272.769,715.475,552.213
170.000,27,175.348,34.087,549.025
170.000,28,128.743,1140.356,487.890
170.000,29,79.934,281.425,160.448
170.000,30,937.884,171.209,206.605
170.000,31,240.468,689.036,135.233
170.000,32,50.735,357.816,554.925
170.000,33,916.274,963.256,271.486
170.000,34,681.520,1485.341,117.842
170.000,35,1176.552,1849.064,101.786
170.000,36,688.612,806.870,382.080
170.000,37,427.473,1038.059,116.894
170.000,38,648.920,1700.083,180.699
170.000,39,385.378,180.314,140.545
170.000,40,987.858,941.341,468.274
170.000,41,1222.803,380.375,166.629
170.000,42,474.601,1781.282,291.585
170.000,43,1290.908,89.833,123.192
170.000,44,424.392,1443.505,523.615
170.000,45,945.357,1777.092,224.106
170.000,46,537.670,159.391,436.141
170.000,47,973.629,909.488,333.356
170.000,48,177.955,1350.334,539.349
170.000,49,150.890,432.011,314.324
170.000,50,1044.895,115.890,388.373
170.000,51,269.241,1116.931,469.823
170.000,52,1242.007,1801.714,259.000
170.000,53,1044.203,1717.040,355.051
170.000,54,913.394,160.951,561.502
170.000,55,922.090,341.472,143.537
170.000,56,876.534,1533.549,240.225
170.000,57,1045.992,1554.680,194.225
170.000,58,773.169,145.630,165.865
170.000,59,655.660,1287.740,148.567
170.000,60,379.270,569.456,554.408
170.000,61,725.746,1101.380,560.466
170.000,62,20.171,1336.010,374.062
170.000,63,390.730,1734.785,540.138
170.000,64,614.005,748.054,569.832
170.000,65,425.259,381.129,399.649
170.000,66,734.482,619.339,214.968
170.000,67,98.802,1765.588,461.194
175.000,0,608.792,871.649,580.776
175.000,1,957.690,1341.098,411.033
175.000,2,540.634,695.548,241.133
175.000,3,1010.919,210.318,259.891
175.000,4,596.897,748.010,505.261
175.000,5,456.399,1156.026,134.873
175.000,6,277.707,1565.720,155.699
175.000,7,79.245,1009.467,400.411
175.000,8,934.034,800.886,533.236
175.000,9,467.599,1845.318,535.469
175.000,10,359.833,1435.719,488.289
175.000,11,860.241,122.090,111.448
175.000,12,895.211,1642.881,377.841
175.000,13,934.144,876.608,190.683
175.000,14,602.340,432.786,321.177
175.000,15,580.275,1580.969,191.264
175.000,16,255.335,329.955,360.067
175.000,17,817.718,12.882,410.339
175.000,18,643.153,151.777,443.143
175.000,19,1131.598,588.869,333.091
175.000,20,1131.355,520.585,102.643
175.000,21,946.557,454.900,443.469
175.000,22,1121.641,1186.713,504.153
175.000,23,1216.623,140.598,325.119
175.000,24,293.906,89.620,453.301
175.000,25,212.175,786.039,471.795
175.000,26,256.169,822.191,549.032
175.000,27,190.840,169.835,552.367
175.000,28,228.585,1077.260,491.950
175.000,29,84.202,147.235,158.312
175.000,30,1010.313,108.287,208.664
175.000,31,382.807,691.431,128.001
175.000,32,134.130,384.687,555.349
175.000,33,1039.024,950.723,267.404
175.000,34,730.387,1621.602,114.368
175.000,35,1102.343,1776.582,101.966
175.000,36,809.152,787.747,386.041
175.000,37,491.942,1079.865,114.962
175.000,38,695.059,1603.174,177.102
175.000,39,467.873,269.950,146.925
175.000,40,877.656,1027.912,465.117
175.000,41,1222.890,492.855,168.192
175.000,42,391.537,1788.381,287.076
175.000,43,1156.988,129.898,114.651
175.000,44,337.443,1336.871,521.799
175.000,45,850.229,1787.738,227.652
175.000,46,481.152,263.350,435.529
175.000,47,1075.580,960.619,337.459
175.000,48,226.710,1476.034,542.740
175.000,49,278.181,453.492,317.045
175.000,50,965.393,83.840,388.835
175.000,51,168.026,1064.884,474.705
175.000,52,1262.154,1827.261,257.406
175.000,53,950.673,1726.873,357.200
175.000,54,845.279,73.406,558.358
175.000,55,832.721,341.807,147.272
175.000,56,957.949,1514.653,237.976
175.000,57,969.627,1585.440,194.654
175.000,58,814.134,6.538,166.209
175.000,59,733.571,1403.934,141.468
175.000,60,330.095,458.722,557.853
175.000,61,662.017,1002.049,560.729
175.000,62,88.687,1299.187,376.421
175.000,63,528.394,1697.632,535.544
175.000,64,587.930,888.002,568.013
175.000,65,418.510,464.939,404.392
175.000,66,754.456,705.725,218.164
175.000,67,236.663,1727.020,463.505
180.000,0,540.668,927.681,577.333
180.000,1,974.967,1434.563,414.965
180.000,2,562.142,586.466,239.967
180.000,3,1070.162,273.463,262.771
180.000,4,599.063,869.533,502.720
180.000,5,587.285,1214.415,134.852
180.000,6,239.433,1659.235,152.857
180.000,7,192.742,1012.129,403.681
180.000,8,881.473,686.134,533.358
180.000,9,387.261,1832.718,535.936
180.000,10,375.185,1520.227,489.153
180.000,11,736.062,177.068,110.949
180.000,12,912.498,1720.586,377.103
180.000,13,1016.558,822.358,187.813
180.000,14,539.372,495.567,326.393
180.000,15,586.993,1508.301,191.875
180.000,16,154.082,269.107,357.324
180.000,17,766.705,42.211,411.110
180.000,18,595.417,275.993,437.690
180.000,19,1023.995,670.511,326.815
180.000,20,1126.349,395.456,103.887
180.000,21,1003.271,396.834,441.309
180.000,22,1234.936,1238.215,504.960
180.000,23,1251.989,160.208,323.122
180.000,24,198.189,173.101,450.837
180.000,25,325.229,825.412,477.372
180.000,26,242.443,930.497,546.748
180.000,27,212.565,307.361,554.488
180.000,28,310.869,991.534,496.837
180.000,29,68.541,15.584,150.904
180.000,30,1101.387,54.543,210.077
180.000,31,513.139,683.004,121.650
180.000,32,220.908,398.354,554.901
180.000,33,1157.671,937.390,261.387
180.000,34,798.091,1750.530,115.482
180.000,35,1020.803,1701.608,107.787
180.000,36,935.359,757.939,389.828
180.000,37,562.846,1119.681,112.849
180.000,38,731.430,1501.312,173.253
180.000,39,541.473,370.043,152.784
180.000,40,760.101,1102.954,464.417
180.000,41,1215.395,607.050,168.710
180.000,42,308.730,1784.974,283.170
180.000,43,1028.635,181.608,113.192
180.000,44,265.563,1208.480,524.420
180.000,45,755.247,1799.811,231.618
180.000,46,445.067,352.988,433.160
180.000,47,1168.294,1021.834,341.610
180.000,48,272.717,1599.961,545.624
180.000,49,402.507,474.582,319.569
180.000,50,887.966,56.589,388.464
180.000,51,60.009,1019.341,479.580
180.000,52,1284.608,1705.217,258.260
180.000,53,863.482,1755.174,359.431
180.000,54,758.378,12.703,554.862
180.000,55,739.749,351.912,152.143
180.000,56,1037.663,1505.076,235.977
180.000,57,886.415,1609.433,198.010
180.000,58,846.420,143.751,167.354
180.000,59,822.592,1510.678,138.391
180.000,60,286.586,349.089,559.492
180.000,61,610.758,892.251,559.744
180.000,62,161.771,1264.724,379.466
180.000,63,651.851,1643.046,532.831
180.000,64,562.995,1023.636,566.136
180.000,65,422.356,545.617,408.284
180.000,66,771.850,784.765,220.301
180.000,67,366.953,1675.819,465.964
185.000,0,463.777,976.565,574.168
185.000,1,996.228,1524.260,415.886
185.000,2,595.423,488.319,237.398
185.000,3,1130.753,334.838,266.709
185.000,4,619.100,985.160,500.899
185.000,5,711.566,1292.931,135.796
185.000,6,208.080,1756.593,151.854
185.000,7,299.960,1012.951,405.337
185.000,8,848.067,563.019,534.677
185.000,9,304.529,1791.239,538.393
185.000,10,394.900,1605.511,490.573
185.000,11,594.930,196.390,109.820
185.000,12,929.872,1795.910,377.165
185.000,13,1106.983,769.339,186.005
185.000,14,476.416,560.505,331.124
185.000,15,596.679,1433.055,193.225
185.000,16,75.272,179.411,357.141
185.000,17,702.893,80.260,411.919
185.000,18,534.108,390.989,430.508
185.000,19,924.978,762.859,318.555
185.000,20,1143.168,269.021,108.195
185.000,21,1061.999,333.268,440.958
185.000,22,1216.678,1273.151,507.446
185.000,23,1161.401,197.220,319.137
185.000,24,110.504,259.730,446.672
185.000,25,436.345,860.825,482.470
185.000,26,212.880,1039.821,546.243
185.000,27,244.862,441.486,556.263
185.000,28,412.159,931.152,503.036
185.000,29,43.842,122.731,145.852
185.000,30,1188.310,22.064,212.128
185.000,31,647.184,695.196,117.691
185.000,32,307.149,412.422,555.157
185.000,33,1277.807,919.007,258.656
185.000,34,879.539,1861.536,115.536
185.000,35,947.206,1631.219,112.021
185.000,36,1062.658,732.872,396.728
185.000,37,632.569,1159.296,111.257
185.000,38,795.681,1409.991,168.820
185.000,39,610.110,473.936,159.239
185.000,40,656.673,1201.181,462.534
185.000,41,1181.779,720.013,168.408
185.000,42,220.654,1781.890,279.894
185.000,43,905.670,239.153,107.687
185.000,44,192.176,1084.329,523.781
185.000,45,661.424,1813.053,236.207
185.000,46,412.632,456.033,432.253
185.000,47,1257.359,1087.635,346.326
185.000,48,334.102,1717.371,549.436
185.000,49,530.756,475.328,322.988
185.000,50,805.927,41.521,388.553
185.000,51,74.643,988.176,481.981
185.000,52,1230.682,1584.706,255.779
185.000,53,774.938,1775.006,360.729
185.000,54,664.596,47.647,549.633
185.000,55,645.720,362.121,154.674
185.000,56,1118.962,1505.660,233.285
185.000,57,806.982,1647.955,200.647
185.000,58,863.682,287.787,169.805
185.000,59,885.399,1639.181,132.387
185.000,60,244.831,235.166,563.068
185.000,61,525.255,803.009,559.765
185.000,62,224.497,1220.853,383.291
185.000,63,792.506,1603.644,528.639
185.000,64,525.643,1157.414,562.790
185.000,65,417.351,634.318,414.744
185.000,66,801.330,864.265,223.094
185.000,67,496.462,1613.222,467.714
190.000,0,386.961,1021.584,572.118
190.000,1,1021.956,1617.307,417.952
190.000,2,609.060,378.532,231.238
190.000,3,1196.228,395.106,269.515
190.000,4,635.832,1103.487,497.930
190.000,5,826.469,1369.627,136.824
190.000,6,197.091,1854.772,150.171
190.000,7,405.000,1023.905,406.889
190.000,8,825.772,436.648,537.026
190.000,9,222.953,1773.417,539.372
190.000,10,436.040,1686.065,491.206
190.000,11,471.954,268.941,109.175
190.000,12,961.445,1875.717,377.043
190.000,13,1195.353,722.604,181.646
190.000,14,418.651,631.656,334.724
190.000,15,614.641,1355.216,196.072
190.000,16,0.077,92.105,356.979
190.000,17,636.226,125.510,411.916
190.000,18,453.350,492.446,427.335
190.000,19,843.173,873.746,311.616
190.000,20,1158.889,145.434,110.887
190.000,21,1113.083,267.404,440.878
190.000,22,1111.214,1316.195,509.704
190.000,23,1064.850,224.257,317.012
190.000,24,13.069,323.111,442.335
190.000,25,545.672,905.745,488.924
190.000,26,198.897,1148.252,546.960
190.000,27,286.944,571.539,558.557
190.000,28,499.713,856.774,506.626
190.000,29,27.674,257.486,143.476
190.000,30,1277.604,70.106,213.267
190.000,31,780.458,682.047,110.894
190.000,32,396.698,431.337,557.132
190.000,33,1181.412,932.028,254.361
190.000,34,949.666,1750.569,116.489
190.000,35,882.856,1543.613,115.242
190.000,36,1184.456,687.451,405.564
190.000,37,698.514,1200.888,108.497
190.000,38,844.908,1307.099,165.175
190.000,39,697.206,553.363,164.194
190.000,40,528.511,1254.566,458.660
190.000,41,1149.273,829.161,168.562
190.000,42,135.912,1776.004,275.581
190.000,43,785.143,305.698,102.027
190.000,44,119.985,957.854,525.533
190.000,45,568.122,1824.700,239.491
190.000,46,363.968,551.862,432.284
190.000,47,1232.622,1140.460,350.564
190.000,48,385.325,1845.395,553.539
190.000,49,655.303,467.691,326.801
190.000,50,730.537,1.754,387.795
190.000,51,186.244,966.482,487.546
190.000,52,1179.474,1463.503,254.551
190.000,53,691.685,1798.086,360.469
190.000,54,584.289,113.251,545.481
190.000,55,557.462,352.506,160.840
190.000,56,1199.289,1492.249,231.558
190.000,57,725.858,1663.336,203.275
190.000,58,911.909,423.781,170.065
190.000,59,971.936,1751.318,127.719
190.000,60,185.378,125.749,564.454
190.000,61,452.032,703.908,561.809
190.000,62,296.022,1190.665,385.597
190.000,63,923.205,1565.602,527.639
190.000,64,482.942,1286.454,558.282
190.000,65,412.820,712.521,418.207
190.000,66,810.057,948.721,225.482
190.000,67,635.202,1576.658,468.806
195.000,0,322.786,1078.993,569.227
195.000,1,1043.881,1706.974,420.206
195.000,2,618.857,272.505,227.227
195.000,3,1262.735,444.457,271.178
195.000,4,663.867,1210.502,494.696
195.000,5,955.462,1442.006,137.445
195.000,6,159.181,1796.982,148.102
195.000,7,517.980,1033.968,407.396
195.000,8,783.000,317.313,538.887
195.000,9,148.327,1749.417,540.703
195.000,10,474.332,1769.846,493.386
195.000,11,342.639,323.707,107.160
195.000,12,982.997,1790.665,375.944
195.000,13,1271.430,660.710,178.691
195.000,14,353.965,696.516,338.639
195.000,15,638.021,1284.586,198.618
195.000,16,92.164,28.652,356.435
195.000,17,581.933,174.353,413.000
195.000,18,393.179,606.003,421.846
195.000,19,756.875,982.899,305.908
195.000,20,1164.894,24.910,115.998
195.000,21,1170.087,198.569,439.441
195.000,22,1004.056,1356.276,512.248
195.000,23,966.349,247.259,313.607
195.000,24,89.471,397.848,437.299
195.000,25,659.306,941.880,494.885
195.000,26,174.833,1258.863,545.372
195.000,27,308.368,710.086,561.076
195.000,28,582.363,779.029,511.293
195.000,29,15.138,394.110,138.108
195.000,30,1211.168,123.877,213.371
195.000,31,915.134,687.087,104.851
195.000,32,486.031,446.617,558.408
195.000,33,1058.513,923.282,250.212
195.000,34,1059.457,1658.433,117.383
195.000,35,810.555,1471.166,120.997
195.000,36,1256.110,665.365,410.874
195.000,37,757.232,1246.808,105.786
195.000,38,894.893,1208.217,160.780
195.000,39,778.299,642.579,168.426
195.000,40,386.315,1284.296,451.518
195.000,41,1136.464,942.919,170.741
195.000,42,51.098,1780.993,271.378
195.000,43,659.561,360.294,103.547
195.000,44,34.890,845.737,525.045
195.000,45,474.720,1844.646,244.444
195.000,46,321.674,652.234,428.335
195.000,47,1142.942,1212.073,353.626
195.000,48,445.233,1791.651,557.448
195.000,49,774.609,496.748,330.027
195.000,50,648.182,34.321,386.976
195.000,51,293.616,917.113,494.308
195.000,52,1136.117,1333.417,257.548
195.000,53,608.097,1830.538,360.603
195.000,54,492.401,171.516,540.457
195.000,55,464.470,366.270,165.199
195.000,56,1281.769,1482.724,230.279
195.000,57,642.817,1686.123,204.253
195.000,58,944.213,559.063,172.894
195.000,59,1051.320,1871.557,122.662
195.000,60,162.912,6.039,567.697
195.000,61,377.409,601.282,562.898
195.000,62,363.665,1142.175,390.094
195.000,63,1061.530,1537.215,525.375
195.000,64,428.669,1418.093,555.299
195.000,65,412.167,802.401,423.166
195.000,66,838.886,1032.049,227.609
195.000,67,768.370,1518.644,473.718
200.000,0,259.492,1140.928,566.280
200.000,1,1065.182,1797.704,422.669
200.000,2,645.642,164.747,223.671
200.000,3,1247.913,494.032,271.405
200.000,4,661.681,1325.415,494.205
200.000,5,1072.250,1515.139,137.483
200.000,6,129.481,1695.527,146.354
200.000,7,630.276,1046.108,408.840
200.000,8,740.010,197.336,542.766
200.000,9,69.247,1724.614,541.590
200.000,10,496.224,1857.160,493.280
200.000,11,213.058,371.196,106.002
200.000,12,985.242,1711.705,376.874
200.000,13,1238.675,597.485,177.155
200.000,14,293.466,759.014,342.011
200.000,15,655.717,1215.850,201.137
200.000,16,195.395,40.383,356.437
200.000,17,517.337,211.976,414.430
200.000,18,336.303,722.951,412.990
200.000,19,665.926,1079.668,298.449
200.000,20,1182.967,127.927,121.159
200.000,21,1229.843,131.959,437.075
200.000,22,898.044,1387.881,513.771
200.000,23,867.732,262.841,311.305
200.000,24,190.542,476.362,434.620
200.000,25,773.408,981.005,500.166
200.000,26,154.250,1364.605,540.742
200.000,27,356.471,839.210,562.637
200.000,28,666.239,705.887,515.271
200.000,29,9.461,527.709,131.438
200.000,30,1120.508,169.704,217.022
200.000,31,1051.664,709.049,102.367
200.000,32,577.830,464.662,559.259
200.000,33,937.455,935.879,247.687
200.000,34,1135.537,1538.210,119.049
200.000,35,734.725,1392.609,125.845
200.000,36,1128.398,637.605,416.181
200.000,37,823.962,1289.347,103.908
200.000,38,952.577,1117.587,158.906
200.000,39,846.324,741.460,173.037
200.000,40,262.950,1355.369,450.065
200.000,41,1125.695,1055.766,168.999
200.000,42,48.827,1784.954,267.820
200.000,43,537.654,411.025,111.712
200.000,44,49.224,721.948,525.682
200.000,45,380.467,1867.976,249.096
200.000,46,296.313,755.537,427.699
200.000,47,1047.358,1270.800,357.370
200.000,48,494.023,1663.331,562.343
200.000,49,901.809,503.448,332.584
200.000,50,569.427,59.837,386.941
200.000,51,405.375,867.725,501.703
200.000,52,1118.728,1205.768,256.698
200.000,53,514.319,1853.460,360.746
200.000,54,405.615,244.515,536.609
200.000,55,375.214,352.872,169.989
200.000,56,1214.395,1475.424,227.542
200.000,57,561.905,1707.602,205.883
200.000,58,987.535,698.790,171.370
200.000,59,1130.064,1755.225,118.178
200.000,60,133.170,118.907,569.270
200.000,61,307.635,497.781,562.523
200.000,62,428.665,1103.903,392.442
200.000,63,1198.383,1518.397,521.675
200.000,64,385.771,1551.188,552.164
200.000,65,408.319,892.807,426.822
200.000,66,874.112,1109.313,229.584
200.000,67,912.337,1493.511,477.105
205.000,0,195.703,1203.815,562.420
205.000,1,1080.415,1858.049,424.988
205.000,2,644.119,52.011,218.168
205.000,3,1182.993,552.159,272.648
205.000,4,682.895,1443.863,492.722
205.000,5,1199.226,1578.307,139.252
205.000,6,108.690,1596.430,142.563
205.000,7,739.675,1056.161,413.866
205.000,8,705.228,78.608,543.346
205.000,9,10.551,1683.764,543.975
205.000,10,522.877,1809.263,491.710
205.000,11,84.123,440.547,106.382
205.000,12,1000.459,1626.397,375.171
205.000,13,1156.187,549.704,175.090
205.000,14,231.261,829.105,344.955
205.000,15,671.705,1140.851,203.683
205.000,16,271.734,130.162,355.617
205.000,17,465.765,265.933,415.255
205.000,18,282.413,843.097,410.120
205.000,19,565.652,1168.980,291.443
205.000,20,1195.281,252.792,125.207
205.000,21,1265.612,53.290,435.808
205.000,22,797.017,1436.395,513.656
205.000,23,769.283,278.384,307.797
205.000,24,296.067,537.654,433.383
205.000,25,879.773,1033.862,503.996
205.000,26,132.028,1471.332,541.678
205.000,27,399.266,971.225,563.598
205.000,28,756.062,631.683,520.289
205.000,29,3.805,656.930,126.261
205.000,30,1031.363,223.765,216.609
205.000,31,1191.356,698.997,108.611
205.000,32,657.967,506.427,559.038
205.000,33,816.482,941.315,244.328
205.000,34,1219.809,1427.856,118.909
205.000,35,667.184,1306.705,131.080
205.000,36,999.069,612.601,419.124
205.000,37,886.854,1333.562,101.377
205.000,38,1014.982,1024.260,154.052
205.000,39,934.264,833.222,175.837
205.000,40,136.547,1425.042,445.767
205.000,41,1100.001,1164.076,168.077
205.000,42,136.182,1781.525,263.599
205.000,43,426.604,493.755,116.729
205.000,44,104.040,597.435,529.145
205.000,45,284.672,1876.667,252.351
205.000,46,244.983,841.124,425.947
205.000,47,962.509,1336.839,362.273
205.000,48,529.202,1541.317,565.061
205.000,49,1025.654,524.440,335.794
205.000,50,495.985,107.984,385.960
205.000,51,519.006,843.480,504.825
205.000,52,1074.503,1075.866,257.015
205.000,53,426.486,1871.503,360.255
205.000,54,340.449,335.257,533.225
205.000,55,282.622,351.695,174.075
205.000,56,1132.972,1461.973,226.463
205.000,57,489.613,1742.692,209.270
205.000,58,1032.079,839.026,171.540
205.000,59,1189.094,1629.885,113.902
205.000,60,98.832,226.888,573.803
205.000,61,220.908,405.027,563.298
205.000,62,496.476,1066.601,396.210
205.000,63,1232.049,1472.991,515.374
205.000,64,350.171,1683.752,549.977
205.000,65,403.347,972.283,430.315
205.000,66,889.550,1189.178,232.990
205.000,67,1046.505,1457.047,478.114
210.000,0,135.658,1268.532,559.612
210.000,1,1107.150,1763.837,427.110
210.000,2,653.520,72.333,212.453
210.000,3,1110.706,601.824,275.447
210.000,4,707.803,1561.032,491.285
210.000,5,1247.960,1643.141,139.135
210.000,6,77.435,1494.170,141.115
210.000,7,850.866,1038.716,414.962
210.000,8,664.536,58.419,545.086
210.000,9,89.387,1653.531,544.211
210.000,10,559.854,1727.994,491.125
210.000,11,59.597,491.523,106.288
210.000,12,1005.288,1546.192,372.548
210.000,13,1064.295,510.416,172.297
210.000,14,174.224,895.306,349.241
210.000,15,688.594,1062.812,205.915
210.000,16,357.940,203.614,352.138
210.000,17,409.520,307.960,416.590
210.000,18,235.275,960.945,406.704
210.000,19,464.969,1266.082,285.327
210.000,20,1203.743,384.992,129.403
210.000,21,1280.091,20.903,434.071
210.000,22,683.537,1455.096,514.529
210.000,23,667.805,284.138,304.742
210.000,24,387.528,615.227,430.699
210.000,25,1000.360,1060.744,510.721
210.000,26,118.333,1582.533,538.333
210.000,27,445.848,1101.040,565.514
210.000,28,853.389,575.767,524.704
210.000,29,28.358,791.704,123.678
210.000,30,940.981,278.582,220.270
210.000,31,1248.309,721.863,113.084
210.000,32,742.804,523.666,561.546
210.000,33,691.330,927.107,240.131
210.000,34,1287.419,1301.213,119.922
210.000,35,598.003,1229.979,137.244
210.000,36,870.315,597.412,425.087
210.000,37,956.676,1362.233,100.889
210.000,38,1059.189,917.376,150.049
210.000,39,1008.702,927.259,182.189
210.000,40,11.629,1496.367,441.274
210.000,41,1101.846,1276.791,168.614
210.000,42,223.015,1784.777,259.473
210.000,43,302.512,560.347,123.487
210.000,44,151.632,461.807,530.469
210.000,45,186.084,1875.889,257.139
210.000,46,206.276,935.430,423.289
210.000,47,856.833,1373.364,365.559
210.000,48,581.133,1422.081,569.154
210.000,49,1145.570,534.322,336.032
210.000,50,417.736,141.501,385.898
210.000,51,634.665,819.762,508.920
210.000,52,1044.425,946.810,254.113
210.000,53,338.151,1841.205,361.704
210.000,54,251.256,402.776,527.838
210.000,55,195.715,358.819,177.403
210.000,56,1052.094,1440.731,224.799
210.000,57,419.595,1778.998,211.731
210.000,58,1069.013,979.959,174.804
210.000,59,1240.797,1498.812,107.864
210.000,60,50.142,336.905,574.653
210.000,61,131.289,309.721,562.093
210.000,62,561.104,1026.443,399.771
210.000,63,1103.314,1426.884,510.037
210.000,64,326.701,1816.096,548.408
210.000,65,403.490,1057.334,433.315
210.000,66,916.266,1272.631,234.773
210.000,67,1186.431,1422.936,480.422
215.000,0,81.948,1344.218,555.498
215.000,1,1132.067,1674.120,429.202
215.000,2,665.754,179.901,208.583
215.000,3,1041.424,657.433,277.211
215.000,4,729.948,1675.858,489.360
215.000,5,1117.946,1704.771,138.542
215.000,6,42.464,1392.122,138.055
215.000,7,968.346,1041.198,419.324
215.000,8,634.322,186.477,543.636
215.000,9,177.623,1624.032,545.812
215.000,10,591.584,1647.602,493.024
215.000,11,189.856,544.944,107.047
215.000,12,1008.611,1462.692,372.489
215.000,13,986.843,454.853,167.872
215.000,14,98.784,951.305,353.383
215.000,15,710.760,990.844,207.842
215.000,16,430.871,287.856,350.614
215.000,17,351.702,356.086,416.324
215.000,18,192.228,1079.260,400.170
215.000,19,355.970,1343.120,281.082
215.000,20,1247.609,511.638,133.098
215.000,21,1228.423,93.583,432.033
215.000,22,573.070,1481.923,514.778
215.000,23,568.762,301.888,301.310
215.000,24,493.175,679.164,426.049
215.000,25,1119.548,1066.166,514.277
215.000,26,115.659,1697.790,536.227
215.000,27,460.614,1237.498,566.780
215.000,28,948.105,519.204,527.715
215.000,29,44.266,922.743,117.764
215.000,30,850.472,328.750,222.864
215.000,31,1111.018,713.649,117.201
215.000,32,829.161,542.385,564.273
215.000,33,577.268,927.782,235.929
215.000,34,1212.067,1174.161,118.507
215.000,35,524.219,1158.846,142.557
215.000,36,740.810,576.399,432.107
215.000,37,1023.147,1408.435,102.393
215.000,38,1114.613,816.896,146.472
215.000,39,1085.432,1018.946,188.048
215.000,40,146.528,1551.720,438.545
215.000,41,1080.974,1390.796,169.064
215.000,42,310.724,1776.535,256.390
215.000,43,194.023,636.729,128.314
215.000,44,231.292,340.767,530.647
215.000,45,94.560,1862.774,261.768
215.000,46,135.234,1023.006,421.629
215.000,47,767.320,1432.850,371.328
215.000,48,623.206,1298.329,571.376
215.000,49,1275.414,531.739,340.734
215.000,50,334.979,150.556,385.702
215.000,51,741.958,792.840,511.508
215.000,52,978.774,828.241,252.218
215.000,53,249.309,1825.952,362.883
215.000,54,179.396,476.999,521.917
215.000,55,94.795,358.190,180.172
215.000,56,974.383,1426.570,222.466
215.000,57,341.633,1797.358,213.518
215.000,58,1084.573,1120.821,175.299
215.000,59,1288.209,1364.912,101.686
215.000,60,11.297,454.781,577.029
215.000,61,45.748,217.493,562.439
215.000,62,627.890,999.262,402.521
215.000,63,966.129,1397.094,507.268
215.000,64,288.482,1804.225,546.003
215.000,65,410.909,1142.995,436.545
215.000,66,921.237,1358.824,237.483
215.000,67,1244.703,1369.780,481.864
220.000,0,25.792,1409.072,553.330
220.000,1,1149.573,1588.078,432.155
220.000,2,679.303,284.123,206.977
220.000,3,975.388,718.278,280.346
220.000,4,742.336,1795.488,485.920
220.000,5,1005.670,1801.023,137.450
220.000,6,25.054,1291.692,135.843
220.000,7,1083.217,1035.349,421.032
220.000,8,583.388,303.125,545.172
220.000,9,264.121,1600.322,547.853
220.000,10,620.406,1566.878,493.400
220.000,11,323.900,582.228,105.930
220.000,12,1031.427,1381.698,370.564
220.000,13,905.610,410.181,164.219
220.000,14,37.443,1010.206,356.323
220.000,15,721.238,919.159,208.582
220.000,16,512.098,370.341,350.617
220.000,17,286.221,400.869,418.082
220.000,18,134.981,1200.607,395.527
220.000,19,282.168,1454.124,276.130
220.000,20,1280.674,634.302,136.330
220.000,21,1163.180,153.678,430.438
220.000,22,460.602,1505.506,515.786
220.000,23,474.497,312.531,298.665
220.000,24,597.839,742.667,423.763
220.000,25,1229.856,1102.558,516.061
220.000,26,110.984,1804.307,534.219
220.000,27,486.731,1376.199,568.472
220.000,28,1043.237,451.585,533.887
220.000,29,30.586,1058.270,113.741
220.000,30,751.106,372.365,224.476
220.000,31,971.959,687.334,123.047
220.000,32,908.236,565.941,564.962
220.000,33,462.034,929.595,232.506
220.000,34,1143.283,1047.880,118.378
220.000,35,459.004,1075.420,147.002
220.000,36,614.334,545.027,436.423
220.000,37,1080.611,1460.615,104.623
220.000,38,1157.124,713.416,141.724
220.000,39,1149.871,1120.804,191.760
220.000,40,266.880,1621.505,434.700
220.000,41,1065.692,1499.596,169.444
220.000,42,401.075,1768.197,251.243
220.000,43,74.514,701.308,132.451
220.000,44,327.095,239.352,532.555
220.000,45,4.712,1852.307,264.742
220.000,46,97.188,1115.789,421.509
220.000,47,666.708,1479.905,376.143
220.000,48,657.272,1164.957,572.364
220.000,49,1174.912,534.101,345.446
220.000,50,259.641,185.617,383.412
220.000,51,860.908,773.142,514.031
220.000,52,925.880,709.596,252.614
220.000,53,156.591,1793.913,363.097
220.000,54,87.928,533.999,515.250
220.000,55,0.021,353.104,184.875
220.000,56,897.886,1413.306,221.839
220.000,57,263.289,1818.660,216.845
220.000,58,1130.731,1263.386,177.185
220.000,59,1224.150,1246.058,105.784
220.000,60,43.715,564.052,578.720
220.000,61,54.899,133.906,560.821
220.000,62,698.068,971.786,402.676
220.000,63,833.452,1346.856,503.644
220.000,64,271.096,1664.999,542.335
220.000,65,420.835,1229.976,442.475
220.000,66,946.240,1441.463,240.157
220.000,67,1121.566,1303.262,485.604
225.000,0,49.790,1455.004,550.511
225.000,1,1185.900,1499.513,435.031
225.000,2,703.851,389.268,205.724
225.000,3,897.394,764.299,283.027
225.000,4,745.659,1838.224,482.124
225.000,5,903.585,1841.445,140.601
225.000,6,0.271,1195.190,134.912
225.000,7,1199.525,1041.703,423.766
225.000,8,540.694,421.522,547.378
225.000,9,350.923,1577.200,550.688
225.000,10,636.794,1483.583,493.912
225.000,11,450.089,635.965,105.983
225.000,12,1055.631,1305.449,369.430
225.000,13,825.539,357.676,162.459
225.000,14,36.275,1072.104,361.163
225.000,15,735.826,845.552,209.629
225.000,16,587.431,455.700,350.435
225.000,17,231.983,455.027,419.569
225.000,18,101.283,1330.078,391.828
225.000,19,180.364,1546.520,269.958
225.000,20,1286.664,767.932,140.912
225.000,21,1115.298,222.691,428.047
225.000,22,346.498,1550.359,516.099
225.000,23,382.276,336.045,295.087
225.000,24,712.110,811.162,417.597
225.000,25,1236.043,1147.369,522.631
225.000,26,87.602,1847.459,534.228
225.000,27,502.390,1511.981,570.285
225.000,28,1135.548,386.277,537.593
225.000,29,20.848,1190.291,112.223
225.000,30,667.206,440.097,225.402
225.000,31,834.405,686.874,127.601
225.000,32,993.751,576.969,566.098
225.000,33,342.741,916.536,230.428
225.000,34,1076.114,924.019,119.209
225.000,35,386.586,996.380,152.171
225.000,36,490.012,516.698,439.417
225.000,37,1143.636,1514.294,106.457
225.000,38,1228.501,627.924,137.580
225.000,39,1252.722,1189.731,198.124
225.000,40,407.759,1655.408,431.335
225.000,41,1064.143,1614.571,170.955
225.000,42,494.175,1751.953,246.064
225.000,43,67.607,749.437,138.648
225.000,44,390.665,110.322,537.149
225.000,45,97.343,1834.915,268.672
225.000,46,74.586,1219.690,422.684
225.000,47,565.367,1519.910,383.880
225.000,48,679.391,1038.127,574.704
225.000,49,1047.830,552.145,347.055
225.000,50,184.061,213.887,383.257
225.000,51,974.775,761.048,517.601
225.000,52,880.579,588.623,251.206
225.000,53,72.350,1764.953,363.953
225.000,54,16.235,610.434,508.458
225.000,55,92.734,353.770,189.831
225.000,56,817.829,1403.020,221.577
225.000,57,184.376,1846.550,220.246
225.000,58,1196.211,1395.830,179.845
225.000,59,1150.180,1131.294,113.211
225.000,60,60.964,678.700,582.008
225.000,61,152.204,46.414,563.432
225.000,62,775.220,957.371,405.532
225.000,63,698.439,1303.516,500.197
225.000,64,255.376,1526.308,539.655
225.000,65,421.030,1312.176,445.961
225.000,66,976.028,1520.817,243.039
225.000,67,983.664,1257.173,488.418
230.000,0,125.402,1510.175,546.097
230.000,1,1216.264,1411.828,438.478
230.000,2,714.759,497.774,201.722
230.000,3,834.174,816.520,284.844
230.000,4,776.810,1722.705,477.784
230.000,5,785.063,1756.753,139.909
230.000,6,37.185,1097.605,131.492
230.000,7,1268.150,1044.281,427.629
230.000,8,493.379,543.678,551.087
230.000,9,424.078,1535.512,551.725
230.000,10,662.655,1400.097,493.433
230.000,11,581.528,666.452,103.904
230.000,12,1063.866,1224.713,368.062
230.000,13,758.437,286.968,158.716
230.000,14,99.963,1142.704,364.189
230.000,15,740.660,766.893,211.721
230.000,16,666.138,543.503,351.337
230.000,17,171.505,498.541,419.227
230.000,18,53.847,1444.638,388.724
230.000,19,82.628,1645.131,263.723
230.000,20,1280.806,889.899,144.062
230.000,21,1067.262,288.425,426.116
230.000,22,233.411,1576.181,518.358
230.000,23,288.534,373.333,292.586
230.000,24,804.365,894.449,413.170
230.000,25,1126.744,1201.504,528.511
230.000,26,60.875,1740.336,532.630
230.000,27,517.145,1649.743,571.743
230.000,28,1228.253,313.447,543.148
230.000,29,42.035,1325.230,108.277
230.000,30,589.917,507.356,227.147
230.000,31,700.683,679.937,135.136
230.000,32,1074.041,607.029,566.806
230.000,33,219.774,931.864,228.081
230.000,34,1011.748,798.105,120.570
230.000,35,325.372,912.703,158.729
230.000,36,363.476,471.655,443.256
230.000,37,1214.418,1538.163,107.188
230.000,38,1285.643,526.293,133.395
230.000,39,1247.000,1280.104,204.038
230.000,40,537.033,1713.258,428.611
230.000,41,1052.262,1730.383,174.789
230.000,42,588.509,1762.521,243.338
230.000,43,201.574,806.775,145.668
230.000,44,466.792,18.155,537.101
230.000,45,191.530,1821.400,273.014
230.000,46,14.080,1308.267,421.283
230.000,47,479.066,1585.128,389.292
230.000,48,723.070,911.368,577.014
230.000,49,920.034,554.051,353.420
230.000,50,103.895,233.281,382.712
230.000,51,1084.621,745.449,522.652
230.000,52,857.521,455.735,252.086
230.000,53,19.437,1737.366,365.084
230.000,54,75.207,664.983,505.299
230.000,55,188.680,369.796,193.944
230.000,56,738.851,1380.306,220.173
230.000,57,106.934,1875.098,224.084
230.000,58,1253.063,1523.932,182.927
230.000,59,1069.549,1015.764,118.409
230.000,60,93.697,791.246,587.447
230.000,61,240.589,53.179,562.489
230.000,62,850.514,924.111,409.515
230.000,63,573.481,1250.648,499.708
230.000,64,227.303,1390.399,537.669
230.000,65,409.994,1399.209,450.769
230.000,66,1002.169,1599.864,245.585
230.000,67,854.962,1193.474,492.289
235.000,0,175.656,1573.909,541.311
235.000,1,1236.643,1321.114,438.163
235.000,2,743.635,602.225,199.863
235.000,3,762.928,871.279,287.538
235.000,4,794.076,1606.803,476.692
235.000,5,659.231,1694.668,139.966
235.000,6,69.038,999.367,129.608
235.000,7,1154.803,1046.601,430.136
235.000,8,429.394,653.910,550.964
235.000,9,503.912,1501.756,552.747
235.000,10,682.838,1310.952,491.904
235.000,11,714.478,720.847,101.684
235.000,12,1075.654,1144.300,366.935
235.000,13,687.725,223.757,156.104
235.000,14,154.481,1214.455,370.300
235.000,15,755.019,696.420,213.252
235.000,16,750.635,621.937,350.690
235.000,17,127.206,556.461,419.641
235.000,18,14.719,1571.163,385.797
235.000,19,26.069,1740.312,256.828
235.000,20,1248.499,1015.349,149.019
235.000,21,1018.908,355.358,425.152
235.000,22,117.560,1619.937,518.231
235.000,23,194.488,399.231,290.413
235.000,24,890.965,983.976,405.683
235.000,25,1020.952,1250.766,533.327
235.000,26,64.970,1631.400,530.516
235.000,27,532.803,1785.856,574.013
235.000,28,1269.321,246.150,548.392
235.000,29,56.298,1459.760,105.086
235.000,30,493.344,548.792,228.678
235.000,31,568.875,674.691,138.716
235.000,32,1160.392,640.587,568.626
235.000,33,92.299,929.755,225.301
235.000,34,912.696,696.740,120.376
235.000,35,240.725,840.051,164.437
235.000,36,238.624,459.287,447.788
235.000,37,1285.391,1573.166,110.403
235.000,38,1243.499,425.598,132.895
235.000,39,1162.631,1370.721,209.503
235.000,40,657.918,1790.071,423.181
235.000,41,1021.349,1837.410,176.960
235.000,42,682.155,1753.675,238.985
235.000,43,321.464,865.379,152.254
235.000,44,552.510,136.229,539.847
235.000,45,283.294,1804.052,276.860
235.000,46,33.786,1404.292,419.422
235.000,47,378.223,1629.182,392.508
235.000,48,766.582,790.969,580.238
235.000,49,793.315,563.311,355.371
235.000,50,27.253,267.414,382.575
235.000,51,1199.763,728.874,524.182
235.000,52,820.405,326.909,251.956
235.000,53,106.832,1706.185,366.051
235.000,54,167.615,718.718,501.176
235.000,55,285.160,362.222,198.090
235.000,56,662.903,1367.835,218.209
235.000,57,22.491,1851.259,225.971
235.000,58,1276.148,1661.338,189.690
235.000,59,999.302,888.660,125.306
235.000,60,149.492,899.477,590.511
235.000,61,297.950,158.568,561.671
235.000,62,914.992,888.593,413.266
235.000,63,436.522,1228.760,496.406
235.000,64,198.497,1254.014,535.852
235.000,65,416.019,1479.885,454.092
235.000,66,1002.027,1688.887,249.198
235.000,67,713.923,1170.186,493.822
240.000,0,240.706,1638.575,536.311
240.000,1,1259.300,1228.936,440.480
240.000,2,760.349,713.790,195.200
240.000,3,704.862,930.478,289.841
240.000,4,826.392,1487.370,474.501
240.000,5,542.062,1617.114,143.212
240.000,6,62.972,889.465,126.645
240.000,7,1044.539,1041.041,433.888
240.000,8,394.281,771.521,552.998
240.000,9,589.082,1480.111,554.864
240.000,10,699.192,1225.945,491.067
240.000,11,847.264,764.053,101.643
240.000,12,1093.364,1060.798,365.552
240.000,13,596.998,181.365,154.069
240.000,14,207.177,1289.201,374.055
240.000,15,764.005,626.406,214.732
240.000,16,836.880,696.613,349.718
240.000,17,72.193,616.980,420.234
240.000,18,76.358,1672.074,380.885
240.000,19,130.850,1831.360,250.828
240.000,20,1232.219,1141.355,156.690
240.000,21,955.853,412.152,424.001
240.000,22,12.793,1660.263,521.201
240.000,23,100.883,410.834,289.081
240.000,24,984.372,1057.612,398.802
240.000,25,905.910,1274.807,537.441
240.000,26,52.059,1523.791,526.929
240.000,27,546.010,1813.859,575.185
240.000,28,1185.449,171.143,555.070
240.000,29,66.302,1593.411,101.002
240.000,30,394.771,596.026,229.474
240.000,31,432.022,655.411,142.842
240.000,32,1242.225,672.963,568.879
240.000,33,42.067,927.568,222.127
240.000,34,848.484,568.336,118.699
240.000,35,163.272,777.693,167.854
240.000,36,118.818,427.970,451.274
240.000,37,1234.773,1606.484,112.830
240.000,38,1192.962,327.057,128.921
240.000,39,1084.495,1466.438,219.234
240.000,40,784.726,1856.289,419.594
240.000,41,990.349,1792.855,175.455
240.000,42,771.947,1743.392,234.599
240.000,43,455.886,923.297,158.045
240.000,44,625.875,260.736,542.505
240.000,45,371.982,1784.744,279.654
240.000,46,78.802,1500.345,419.270
240.000,47,280.367,1683.747,397.221
240.000,48,804.178,664.386,582.095
240.000,49,671.518,579.907,358.050
240.000,50,64.233,288.505,381.000
240.000,51,1269.482,692.822,526.734
240.000,52,782.788,195.369,248.681
240.000,53,205.350,1694.865,368.971
240.000,54,252.282,777.649,496.038
240.000,55,380.515,358.682,201.699
240.000,56,578.693,1368.393,214.593
240.000,57,69.004,1844.265,227.626
240.000,58,1235.813,1793.313,194.251
240.000,59,913.508,775.760,130.572
240.000,60,190.732,1007.560,590.180
240.000,61,382.937,242.503,561.948
240.000,62,982.133,865.601,415.032
240.000,63,301.721,1198.397,494.001
240.000,64,157.050,1122.572,532.079
240.000,65,421.865,1560.217,458.534
240.000,66,1020.566,1773.031,251.732
240.000,67,566.401,1151.021,497.666
245.000,0,307.602,1694.236,533.386
245.000,1,1279.852,1138.051,443.649
245.000,2,780.348,818.396,191.350
245.000,3,631.245,978.346,292.349
245.000,4,844.702,1372.239,473.207
245.000,5,414.035,1549.884,143.694
245.000,6,94.598,794.121,123.998
245.000,7,926.967,1041.040,435.493
245.000,8,344.701,888.814,556.244
245.000,9,670.645,1439.196,556.381
245.000,10,725.318,1145.697,491.302
245.000,11,966.074,834.998,100.679
245.000,12,1105.458,981.517,364.061
245.000,13,517.850,131.715,149.570
245.000,14,249.610,1365.699,379.692
245.000,15,773.016,552.887,216.354
245.000,16,933.348,756.227,349.725
245.000,17,15.356,663.858,421.452
245.000,18,126.244,1793.717,372.469
245.000,19,211.269,1798.658,244.282
245.000,20,1208.587,1265.868,160.482
245.000,21,894.668,474.073,421.459
245.000,22,91.636,1707.524,521.150
245.000,23,7.251,433.799,285.262
245.000,24,1082.260,1127.296,394.948
245.000,25,797.879,1307.293,542.312
245.000,26,31.582,1416.449,526.287
245.000,27,570.471,1684.075,577.340
245.000,28,1101.389,88.483,560.451
245.000,29,60.885,1724.516,101.548
245.000,30,312.635,653.970,230.853
245.000,31,299.017,645.456,149.296
245.000,32,1260.261,708.965,570.126
245.000,33,159.149,914.259,218.815
245.000,34,774.090,447.757,119.829
245.000,35,91.496,705.550,169.937
245.000,36,15.004,405.458,455.174
245.000,37,1172.370,1648.006,114.510
245.000,38,1143.975,227.977,124.187
245.000,39,1004.108,1556.543,225.255
245.000,40,919.246,1844.766,415.569
245.000,41,957.436,1686.328,178.724
245.000,42,855.460,1724.106,230.491
245.000,43,583.112,978.113,165.771
245.000,44,688.743,389.363,545.935
245.000,45,463.773,1758.038,284.443
245.000,46,116.853,1601.438,419.057
245.000,47,188.925,1736.884,402.525
245.000,48,830.872,534.292,587.568
245.000,49,549.108,587.977,361.251
245.000,50,140.170,322.141,379.875
245.000,51,1159.825,648.511,528.738
245.000,52,748.556,61.062,249.046
245.000,53,299.787,1667.863,370.574
245.000,54,328.958,847.998,491.804
245.000,55,468.931,364.501,206.704
245.000,56,502.204,1356.903,212.396
245.000,57,148.240,1821.457,230.834
245.000,58,1208.274,1815.071,195.528
245.000,59,861.471,647.233,134.392
245.000,60,234.781,1120.453,590.469
245.000,61,463.119,339.160,560.713
245.000,62,1052.848,827.583,418.032
245.000,63,169.612,1151.930,489.293
245.000,64,97.997,988.164,531.572
245.000,65,413.099,1634.398,464.044
245.000,66,1028.339,1856.010,252.677
245.000,67,436.626,1093.496,498.159
250.000,0,378.039,1745.436,530.921
250.000,1,1274.186,1047.367,444.262
250.000,2,782.305,925.555,186.440
250.000,3,568.871,1037.601,293.224
250.000,4,900.608,1267.817,472.951
250.000,5,297.946,1474.981,142.975
250.000,6,138.738,700.337,119.570
250.000,7,807.059,1047.245,437.492
250.000,8,287.044,1005.990,556.290
250.000,9,760.706,1425.109,555.899
250.000,10,760.600,1060.988,490.108
250.000,11,1099.991,881.756,100.752
250.000,12,1117.859,898.965,363.829
250.000,13,440.320,66.639,145.413
250.000,14,310.379,1426.011,383.330
250.000,15,792.226,478.049,218.046
250.000,16,1006.387,851.554,351.063
250.000,17,45.455,719.853,423.392
250.000,18,187.116,1835.263,367.487
250.000,19,316.996,1715.822,237.143
250.000,20,1180.097,1393.538,166.105
250.000,21,838.392,542.671,420.580
250.000,22,201.849,1751.105,522.567
250.000,23,104.960,436.573,281.873
250.000,24,1180.495,1195.871,392.108
250.000,25,685.379,1355.283,548.316
250.000,26,5.605,1306.628,525.228
250.000,27,588.478,1544.266,578.161
250.000,28,1028.054,6.569,565.575
250.000,29,66.084,1854.135,107.044
250.000,30,234.781,716.801,235.159
250.000,31,158.979,654.134,157.191
250.000,32,1170.589,743.461,569.704
250.000,33,279.588,910.051,215.001
250.000,34,679.652,337.523,119.363
250.000,35,17.875,639.157,173.829
250.000,36,146.263,381.842,460.536
250.000,37,1117.939,1698.015,117.050
250.000,38,1078.190,135.529,120.517
250.000,39,939.374,1665.972,232.491
250.000,40,1056.276,1792.171,410.826
250.000,41,939.964,1568.259,180.147
250.000,42,950.281,1722.893,225.965
250.000,43,695.307,1057.882,172.824
250.000,44,764.447,507.179,547.266
250.000,45,555.100,1739.971,289.322
250.000,46,160.313,1701.915,418.449
250.000,47,93.530,1785.177,405.728
250.000,48,875.483,410.869,591.900
250.000,49,418.217,610.380,365.424
250.000,50,216.692,346.279,379.871
250.000,51,1051.416,610.480,532.372
250.000,52,708.403,84.974,250.200
250.000,53,390.807,1648.779,371.748
250.000,54,415.856,898.395,486.400
250.000,55,561.264,364.432,210.876
250.000,56,418.563,1356.550,211.076
250.000,57,232.411,1801.453,233.153
250.000,58,1165.113,1677.927,196.258
250.000,59,792.869,526.782,142.094
250.000,60,272.631,1235.814,591.432
250.000,61,543.006,428.742,559.934
250.000,62,1116.382,789.240,421.648
250.000,63,41.246,1094.143,485.124
250.000,64,58.349,853.101,529.847
250.000,65,411.113,1723.352,468.284
250.000,66,1049.135,1806.114,255.232
250.000,67,307.448,1032.344,503.471
255.000,0,451.408,1797.690,526.486
255.000,1,1255.725,954.822,448.040
255.000,2,778.065,1030.120,179.654
255.000,3,513.889,1102.119,295.860
255.000,4,918.054,1148.930,468.505
255.000,5,175.985,1401.822,144.117
255.000,6,181.133,601.410,116.432
255.000,7,686.188,1047.910,439.004
255.000,8,255.930,1131.399,557.197
255.000,9,840.191,1386.932,556.852
255.000,10,790.118,974.406,488.704
255.000,11,1225.006,946.428,100.617
255.000,12,1128.269,820.886,363.499
255.000,13,357.367,3.703,142.978
255.000,14,368.811,1492.374,389.042
255.000,15,805.314,403.470,220.816
255.000,16,1086.250,929.496,350.407
255.000,17,104.132,764.705,423.160
255.000,18,229.514,1713.110,362.985
255.000,19,415.994,1631.310,230.996
255.000,20,1172.888,1517.398,172.094
255.000,21,772.092,607.266,418.044
255.000,22,308.170,1808.958,523.003
255.000,23,199.368,462.322,276.556
255.000,24,1283.284,1272.328,388.392
255.000,25,566.373,1391.559,554.522
255.000,26,39.730,1200.237,526.447
255.000,27,608.714,1405.118,579.215
255.000,28,937.251,82.442,570.328
255.000,29,77.009,1753.499,111.461
255.000,30,143.652,766.469,238.721
255.000,31,25.158,658.937,163.999
255.000,32,1084.372,772.830,570.397
255.000,33,405.234,901.939,209.519
255.000,34,610.088,212.915,119.189
255.000,35,46.709,553.952,178.998
255.000,36,274.064,362.072,467.020
255.000,37,1056.671,1738.954,119.636
255.000,38,1020.567,39.247,116.770
255.000,39,869.441,1763.148,237.393
255.000,40,1179.094,1713.374,406.661
255.000,41,934.840,1452.207,181.468
255.000,42,1039.253,1731.825,221.439
255.000,43,815.981,1119.244,178.786
255.000,44,830.452,625.100,548.633
255.000,45,647.968,1715.962,291.728
255.000,46,205.253,1807.795,417.347
255.000,47,27.841,1827.764,409.903
255.000,48,946.363,301.875,595.829
255.000,49,293.223,629.329,366.718
255.000,50,292.334,387.505,379.485
255.000,51,936.738,583.306,536.047
255.000,52,654.116,211.601,249.801
255.000,53,481.649,1619.766,371.176
255.000,54,515.190,942.333,481.339
255.000,55,657.318,376.969,215.415
255.000,56,339.810,1340.337,209.638
255.000,57,314.425,1774.001,236.680
255.000,58,1096.225,1549.990,198.410
255.000,59,708.217,420.172,150.484
255.000,60,307.030,1353.920,595.988
255.000,61,630.001,516.265,561.441
255.000,62,1183.763,757.082,424.319
255.000,63,100.000,1080.666,481.640
255.000,64,9.382,720.853,529.984
255.000,65,422.854,1812.824,474.748
255.000,66,1062.124,1725.575,258.381
255.000,67,170.171,995.001,504.988
260.000,0,529.829,1844.144,522.264
260.000,1,1232.001,860.166,447.989
260.000,2,802.717,1130.914,173.190
260.000,3,452.022,1157.003,296.341
260.000,4,940.882,1035.413,467.131
260.000,5,48.354,1344.114,144.096
260.000,6,210.781,500.272,112.129
260.000,7,571.977,1053.298,441.239
260.000,8,216.520,1251.796,558.663
260.000,9,914.207,1347.247,558.450
260.000,10,819.725,886.523,488.544
260.000,11,1199.746,981.205,101.120
260.000,12,1126.947,739.458,362.812
260.000,13,281.111,60.724,138.713
260.000,14,424.897,1557.853,394.749
260.000,15,823.454,328.231,221.655
260.000,16,1172.409,1009.197,350.699
260.000,17,163.940,813.803,423.826
260.000,18,277.642,1590.765,357.081
260.000,19,535.958,1561.046,224.078
260.000,20,1147.877,1640.836,175.526
260.000,21,726.786,673.730,414.704
260.000,22,425.867,1825.552,522.814
260.000,23,297.681,450.797,272.383
260.000,24,1172.554,1326.432,385.268
260.000,25,461.587,1446.419,558.749
260.000,26,53.500,1093.967,524.339
260.000,27,642.934,1270.544,579.447
260.000,28,849.648,145.233,575.593
260.000,29,88.002,1618.479,114.598
260.000,30,53.289,823.777,240.643
260.000,31,138.647,656.114,171.192
260.000,32,993.998,787.851,571.791
260.000,33,532.577,898.773,204.699
260.000,34,522.650,107.254,118.307
260.000,35,98.416,463.466,182.289
260.000,36,404.582,357.343,470.801
260.000,37,986.468,1776.033,121.277
260.000,38,983.787,77.915,112.934
260.000,39,782.294,1842.118,241.525
260.000,40,1257.829,1655.943,400.732
260.000,41,937.741,1343.619,180.257
260.000,42,1123.514,1724.911,219.353
260.000,43,942.746,1184.050,187.017
260.000,44,874.420,765.834,551.542
260.000,45,740.854,1691.530,295.853
260.000,46,246.725,1847.443,416.323
260.000,47,125.937,1871.469,414.228
260.000,48,982.321,180.373,597.623
260.000,49,175.666,659.948,369.127
260.000,50,362.947,432.680,379.328
260.000,51,819.721,560.525,540.384
260.000,52,645.390,340.701,248.031
260.000,53,575.177,1597.047,373.244
260.000,54,606.334,1004.881,476.589
260.000,55,749.064,380.521,218.192
260.000,56,262.780,1325.927,207.305
260.000,57,392.970,1744.662,239.635
260.000,58,1050.382,1415.816,199.011
260.000,59,620.904,306.091,156.127
260.000,60,337.313,1468.691,598.216
260.000,61,698.685,619.677,561.579
260.000,62,1256.398,731.078,429.073
260.000,63,233.706,1060.736,480.607
260.000,64,33.957,592.826,526.660
260.000,65,435.528,1848.210,477.426
260.000,66,1062.337,1637.758,260.334
260.000,67,31.926,948.355,505.308
265.000,0,590.848,1850.856,519.464
265.000,1,1215.751,769.975,450.550
265.000,2,797.923,1238.588,168.403
265.000,3,396.974,1222.509,296.321
265.000,4,958.240,918.722,462.888
265.000,5,99.634,1264.935,142.998
265.000,6,229.356,402.360,110.325
265.000,7,455.943,1066.609,445.678
265.000,8,171.439,1376.299,559.626
265.000,9,994.505,1320.907,559.768
265.000,10,850.452,800.233,490.634
265.000,11,1064.341,1014.015,101.072
265.000,12,1154.114,669.363,361.811
265.000,13,205.647,123.438,136.594
265.000,14,481.534,1623.251,397.425
265.000,15,846.971,263.532,224.681
265.000,16,1248.528,1096.439,349.260
265.000,17,236.673,849.631,423.856
265.000,18,323.111,1473.738,351.888
265.000,19,621.983,1463.846,216.739
265.000,20,1119.797,1770.568,179.128
265.000,21,665.961,733.530,412.204
265.000,22,537.856,1855.047,525.799
265.000,23,395.826,461.230,269.898
265.000,24,1060.674,1374.209,379.702
265.000,25,345.588,1465.846,563.848
265.000,26,81.964,991.256,523.894
265.000,27,679.025,1133.897,580.676
265.000,28,765.551,229.682,581.518
265.000,29,108.793,1485.536,119.262
265.000,30,45.033,885.767,242.070
265.000,31,271.720,644.066,176.157
265.000,32,916.448,823.060,574.556
265.000,33,651.695,911.348,201.679
265.000,34,448.485,16.418,117.260
265.000,35,181.774,391.912,189.506
265.000,36,533.531,339.895,476.329
265.000,37,921.594,1825.221,122.527
265.000,38,944.654,184.809,108.498
265.000,39,693.345,1825.914,246.849
265.000,40,1131.233,1589.745,398.598
265.000,41,933.206,1232.640,183.877
265.000,42,1213.661,1713.625,214.767
265.000,43,1071.411,1226.965,193.905
265.000,44,948.825,892.320,554.500
265.000,45,835.375,1684.058,300.703
265.000,46,274.923,1742.912,413.623
265.000,47,219.028,1809.991,417.699
265.000,48,1040.525,59.479,597.997
265.000,49,50.839,656.183,372.186
265.000,50,433.125,473.896,377.427
265.000,51,703.533,535.256,545.799
265.000,52,626.316,473.940,246.252
265.000,53,660.781,1573.456,374.170
265.000,54,691.649,1074.411,471.091
265.000,55,840.825,393.036,220.913
265.000,56,181.652,1307.833,206.014
265.000,57,465.547,1712.702,242.829
265.000,58,992.757,1292.801,202.150
265.000,59,520.987,209.133,159.916
265.000,60,391.968,1570.043,598.059
265.000,61,783.023,709.827,560.386
265.000,62,1254.784,689.377,431.364
265.000,63,367.336,1024.494,478.422
265.000,64,54.664,453.311,522.601
265.000,65,419.456,1763.727,482.391
265.000,66,1086.435,1553.426,260.587
265.000,67,111.854,912.589,508.907
270.000,0,666.010,1793.133,515.568
270.000,1,1189.965,680.975,451.636
270.000,2,801.811,1349.524,164.531
270.000,3,331.844,1281.555,298.630
270.000,4,974.849,805.930,460.107
270.000,5,227.555,1202.138,144.065
270.000,6,250.197,300.505,108.922
270.000,7,344.615,1069.539,450.559
270.000,8,120.739,1494.890,560.394
270.000,9,1074.292,1300.274,561.872
270.000,10,873.186,709.467,492.263
270.000,11,928.410,1042.960,101.171
270.000,12,1174.152,584.968,361.396
270.000,13,123.580,176.372,134.106
270.000,14,534.435,1690.531,401.850
270.000,15,853.026,184.927,226.335
270.000,16,1247.667,1180.540,349.548
270.000,17,297.001,891.905,424.227
270.000,18,376.827,1352.928,348.342
270.000,19,737.867,1390.644,207.880
270.000,20,1113.349,1845.645,182.042
270.000,21,612.999,798.706,408.067
270.000,22,653.246,1863.000,524.391
270.000,23,494.688,469.533,267.300
270.000,24,962.601,1449.712,374.668
270.000,25,234.562,1503.166,568.489
270.000,26,97.829,883.322,522.413
270.000,27,713.422,1001.921,582.698
270.000,28,675.775,294.082,585.899
270.000,29,148.119,1357.701,121.879
270.000,30,123.575,949.848,242.836
270.000,31,408.257,642.910,182.928
270.000,32,829.716,845.403,575.815
270.000,33,773.617,927.401,198.012
270.000,34,360.425,128.002,115.681
270.000,35,260.526,325.315,194.090
270.000,36,665.372,341.759,479.709
270.000,37,863.466,1865.150,123.916
270.000,38,873.388,273.629,103.775
270.000,39,604.698,1742.246,250.068
270.000,40,1003.287,1529.477,393.640
270.000,41,937.016,1117.195,185.485
270.000,42,1285.104,1707.561,210.284
270.000,43,1193.476,1283.724,199.223
270.000,44,1041.061,998.631,557.249
270.000,45,934.513,1676.849,304.436
270.000,46,333.762,1652.836,409.406
270.000,47,310.818,1758.021,420.184
270.000,48,1088.413,65.784,595.666
270.000,49,71.270,666.641,377.100
270.000,50,516.797,501.128,376.061
270.000,51,593.943,499.947,547.868
270.000,52,572.450,601.833,244.413
270.000,53,749.314,1552.319,374.288
270.000,54,779.700,1127.746,468.232
270.000,55,938.192,380.936,223.944
270.000,56,98.119,1294.947,204.144
270.000,57,538.752,1680.911,244.575
270.000,58,958.180,1155.415,204.213
270.000,59,465.392,77.516,165.617
270.000,60,433.280,1682.991,594.557
270.000,61,849.904,809.703,559.373
270.000,62,1184.692,653.404,434.968
270.000,63,488.567,967.400,473.665
270.000,64,85.563,317.273,521.061
270.000,65,391.773,1685.295,486.777
270.000,66,1084.710,1471.430,262.583
270.000,67,246.976,861.015,509.322
275.000,0,743.088,1749.244,510.962
275.000,1,1177.119,587.487,455.617
275.000,2,825.900,1460.614,159.741
275.000,3,263.123,1341.178,302.681
275.000,4,1006.452,694.652,457.124
275.000,5,336.219,1117.048,143.308
275.000,6,267.220,199.522,109.357
275.000,7,232.030,1075.062,454.879
275.000,8,69.365,1606.100,561.417
275.000,9,1155.502,1286.144,561.691
275.000,10,892.149,623.193,493.406
275.000,11,792.230,1068.204,100.808
275.000,12,1195.515,503.934,360.887
275.000,13,36.769,226.825,131.968
275.000,14,604.365,1739.885,405.976
275.000,15,875.215,113.691,227.826
275.000,16,1157.096,1251.387,348.762
275.000,17,362.585,935.352,424.731
275.000,18,420.400,1233.873,343.111
275.000,19,840.590,1297.380,201.729
275.000,20,1095.635,1716.931,187.174
275.000,21,551.330,856.312,406.691
275.000,22,771.076,1865.214,523.307
275.000,23,593.115,484.229,263.282
275.000,24,861.407,1519.196,367.341
275.000,25,114.778,1534.810,571.851
275.000,26,127.944,777.414,519.773
275.000,27,742.365,875.530,583.665
275.000,28,604.100,386.746,591.989
275.000,29,175.697,1225.853,126.567
275.000,30,212.149,1004.960,243.722
275.000,31,548.492,630.926,191.003
275.000,32,744.336,865.304,577.850
275.000,33,896.362,911.769,194.044
275.000,34,274.802,239.156,115.060
275.000,35,331.484,251.618,197.216
275.000,36,800.961,324.469,484.444
275.000,37,798.258,1848.007,127.247
275.000,38,801.611,366.412,101.439
275.000,39,513.528,1658.554,256.167
275.000,40,874.927,1457.093,391.441
275.000,41,934.227,1003.100,186.019
275.000,42,1194.328,1715.158,205.206
275.000,43,1245.511,1328.296,203.818
275.000,44,1104.818,1128.683,558.901
275.000,45,1024.011,1638.673,309.426
275.000,46,372.990,1550.766,407.003
275.000,47,403.717,1698.834,424.753
275.000,48,1144.136,186.340,592.756
275.000,49,199.725,685.133,380.062
275.000,50,589.465,531.548,375.953
275.000,51,481.625,476.365,549.931
275.000,52,552.476,738.009,243.925
275.000,53,837.659,1514.741,375.721
275.000,54,865.497,1186.698,465.460
275.000,55,1033.044,390.586,226.910
275.000,56,18.173,1296.856,201.885
275.000,57,626.690,1665.294,247.801
275.000,58,928.308,1015.192,206.421
275.000,59,410.719,55.313,171.652
275.000,60,463.183,1799.580,591.826
275.000,61,912.760,911.169,557.934
275.000,62,1104.767,631.612,437.064
275.000,63,618.659,933.849,470.132
275.000,64,99.461,182.960,519.774
275.000,65,387.556,1600.697,491.759
275.000,66,1094.271,1388.798,265.925
275.000,67,395.425,831.647,511.103
280.000,0,804.670,1689.111,508.463
280.000,1,1172.805,495.722,457.436
280.000,2,827.090,1570.264,154.054
280.000,3,185.451,1390.188,304.487
280.000,4,1050.921,587.394,455.629
280.000,5,463.429,1063.939,145.608
280.000,6,296.277,98.294,107.988
280.000,7,120.949,1070.217,459.457
280.000,8,9.800,1719.182,565.267
280.000,9,1239.306,1269.745,564.880
280.000,10,922.357,537.884,493.534
280.000,11,666.216,1129.732,101.002
280.000,12,1221.246,422.338,358.433
280.000,13,43.630,295.177,128.598
280.000,14,669.105,1800.959,410.820
280.000,15,898.644,38.969,231.373
280.000,16,1059.696,1303.227,346.823
280.000,17,417.964,994.387,424.747
280.000,18,473.933,1114.896,338.403
280.000,19,932.816,1211.909,193.102
280.000,20,1065.593,1594.633,193.282
280.000,21,499.513,926.337,405.664
280.000,22,885.908,1832.216,523.656
280.000,23,692.348,497.005,261.134
280.000,24,754.112,1579.706,364.720
280.000,25,23.713,1568.615,576.759
280.000,26,152.173,673.827,515.903
280.000,27,761.152,737.781,585.648
280.000,28,529.299,467.929,595.059
280.000,29,189.999,1093.959,132.377
280.000,30,302.947,1069.052,242.998
280.000,31,675.646,648.815,196.182
280.000,32,655.568,892.203,578.222
280.000,33,1018.634,891.801,189.956
280.000,34,206.897,361.271,112.677
280.000,35,398.239,164.115,201.349
280.000,36,923.155,282.044,488.962
280.000,37,725.309,1811.246,128.043
280.000,38,740.506,457.393,102.217
280.000,39,442.548,1563.939,263.632
280.000,40,746.546,1413.381,387.434
280.000,41,913.668,890.510,184.712
280.000,42,1108.847,1703.088,201.070
280.000,43,1116.645,1374.026,210.600
280.000,44,1161.909,1261.611,561.912
280.000,45,1112.852,1617.278,313.763
280.000,46,412.193,1453.215,406.183
280.000,47,503.047,1655.087,431.526
280.000,48,1179.598,312.301,588.075
280.000,49,322.058,690.982,384.225
280.000,50,664.028,569.233,377.218
280.000,51,371.492,466.098,553.463
280.000,52,487.387,859.067,244.387
280.000,53,928.747,1492.892,377.065
280.000,54,950.956,1247.624,461.586
280.000,55,1126.221,382.892,232.583
280.000,56,62.355,1292.584,200.360
280.000,57,709.706,1654.933,250.670
280.000,58,880.917,875.946,207.609
280.000,59,328.760,173.863,176.868
280.000,60,502.904,1844.966,591.072
280.000,61,997.161,1003.194,559.731
280.000,62,1035.212,591.877,439.467
280.000,63,756.473,923.706,465.336
280.000,64,152.439,55.798,515.266
280.000,65,388.570,1518.747,495.773
280.000,66,1111.282,1310.635,267.110
280.000,67,539.343,797.434,513.879
285.000,0,865.624,1631.452,505.515
285.000,1,1156.123,409.621,458.378
285.000,2,834.278,1680.405,151.831
285.000,3,126.335,1455.640,307.352
285.000,4,1078.371,474.730,455.258
285.000,5,574.508,972.489,148.880
285.000,6,312.333,12.359,107.335
285.000,7,9.204,1097.855,462.464
285.000,8,47.268,1831.193,566.903
285.000,9,1254.572,1252.720,566.901
285.000,10,944.977,451.178,493.327
285.000,11,542.849,1186.910,100.407
285.000,12,1231.764,344.358,356.032
285.000,13,126.484,340.151,125.964
285.000,14,739.930,1856.972,414.666
285.000,15,928.649,40.007,233.877
285.000,16,959.216,1363.458,345.794
285.000,17,469.003,1049.027,426.114
285.000,18,517.037,997.763,334.338
285.000,19,1022.555,1113.596,186.994
285.000,20,1067.772,1464.901,196.311
285.000,21,447.821,1000.781,403.803
285.000,22,987.605,1776.661,524.648
285.000,23,794.195,516.732,258.018
285.000,24,651.092,1647.785,360.920
285.000,25,135.398,1611.029,582.082
285.000,26,158.590,563.670,515.852
285.000,27,750.696,598.823,589.741
285.000,28,448.158,549.120,599.273
285.000,29,195.027,960.622,137.076
285.000,30,380.835,1141.823,244.247
285.000,31,809.766,628.287,198.537
285.000,32,574.874,933.875,580.865
285.000,33,1140.815,885.067,185.972
285.000,34,113.953,472.868,113.821
285.000,35,468.302,85.689,206.902
285.000,36,1043.243,249.327,491.386
285.000,37,651.415,1784.167,131.626
285.000,38,677.336,554.368,106.909
285.000,39,349.313,1484.169,267.272
285.000,40,618.870,1354.081,383.116
285.000,41,908.769,773.561,185.780
285.000,42,1016.693,1712.587,197.873
285.000,43,985.522,1397.848,217.798
285.000,44,1225.649,1389.667,562.220
285.000,45,1209.790,1596.487,319.267
285.000,46,460.297,1353.190,405.722
285.000,47,599.737,1604.495,438.291
285.000,48,1214.295,442.496,586.459
285.000,49,453.623,714.231,390.367
285.000,50,744.014,596.240,376.800
285.000,51,266.251,429.171,557.915
285.000,52,445.432,984.119,242.842
285.000,53,1015.298,1464.795,377.169
285.000,54,1036.287,1311.040,455.644
285.000,55,1218.089,384.001,238.495
285.000,56,143.279,1287.830,197.972
285.000,57,787.926,1620.607,253.840
285.000,58,834.821,747.961,213.873
285.000,59,251.111,291.441,185.383
285.000,60,542.128,1737.053,589.939
285.000,61,1066.748,1105.219,560.582
285.000,62,970.750,552.490,442.504
285.000,63,888.892,884.098,459.610
285.000,64,162.748,84.914,513.013
285.000,65,385.502,1433.780,500.210
285.000,66,1140.828,1228.979,269.363
285.000,67,673.776,762.581,517.858
290.000,0,924.938,1571.299,500.983
290.000,1,1135.297,310.495,461.379
290.000,2,849.378,1787.672,146.115
290.000,3,56.650,1502.924,309.902
290.000,4,1082.539,354.158,451.259
290.000,5,691.916,890.156,147.814
290.000,6,322.619,110.798,105.412
290.000,7,117.867,1099.209,464.218
290.000,8,85.912,1786.925,567.628
290.000,9,1169.851,1231.151,570.250
290.000,10,970.177,366.507,494.194
290.000,11,415.394,1234.973,102.145
290.000,12,1263.432,266.114,355.553
290.000,13,213.085,392.341,124.047
290.000,14,798.218,1814.288,419.379
290.000,15,943.252,115.560,235.229
290.000,16,858.378,1427.233,344.339
290.000,17,529.533,1092.853,427.081
290.000,18,587.834,889.913,329.950
290.000,19,1111.946,1012.897,178.501
290.000,20,1056.359,1344.749,199.408
290.000,21,400.394,1069.916,403.443
290.000,22,1101.934,1738.345,527.711
290.000,23,891.756,549.503,255.794
290.000,24,548.844,1723.356,356.277
290.000,25,251.076,1652.603,586.804
290.000,26,184.899,456.933,513.658
290.000,27,776.407,466.337,593.451
290.000,28,353.837,608.077,596.431
290.000,29,215.555,832.893,142.890
290.000,30,480.245,1180.477,244.463
290.000,31,939.481,606.426,205.084
290.000,32,487.033,955.072,583.101
290.000,33,1264.213,876.776,181.815
290.000,34,41.253,595.912,114.340
290.000,35,536.168,6.507,213.220
290.000,36,1169.849,222.332,496.014
290.000,37,587.405,1745.047,132.135
290.000,38,632.193,654.827,110.709
290.000,39,262.112,1407.039,272.861
290.000,40,490.960,1291.123,380.720
290.000,41,882.832,658.286,187.086
290.000,42,928.269,1724.259,194.809
290.000,43,864.615,1454.872,226.378
290.000,44,1279.592,1514.413,561.124
290.000,45,1265.700,1581.652,322.384
290.000,46,502.560,1258.713,404.985
290.000,47,695.469,1541.549,442.961
290.000,48,1257.666,564.348,582.687
290.000,49,576.362,728.630,394.493
290.000,50,825.798,618.905,376.148
290.000,51,152.871,410.825,560.067
290.000,52,400.533,1109.011,241.186
290.000,53,1107.939,1450.757,379.209
290.000,54,1119.718,1383.795,450.273
290.000,55,1272.223,397.278,243.355
290.000,56,223.719,1287.532,197.801
290.000,57,863.426,1588.619,255.608
290.000,58,779.249,608.544,215.776
290.000,59,176.392,411.440,193.326
290.000,60,596.079,1627.433,588.720
290.000,61,1148.529,1194.205,558.276
290.000,62,907.508,510.908,446.075
290.000,63,1019.316,844.744,456.447
290.000,64,186.937,221.183,513.165
290.000,65,368.998,1347.330,503.094
290.000,66,1163.621,1144.799,272.114
290.000,67,808.571,715.921,521.759
295.000,0,988.171,1505.722,496.627
295.000,1,1116.243,222.000,463.110
295.000,2,874.414,1847.491,141.846
295.000,3,14.434,1562.402,311.245
295.000,4,1103.659,239.405,450.393
295.000,5,810.179,820.970,148.693
295.000,6,341.670,211.504,103.778
295.000,7,236.140,1101.969,465.448
295.000,8,125.018,1666.945,570.517
295.000,9,1089.528,1207.825,571.147
295.000,10,994.557,279.492,493.573
295.000,11,280.412,1279.512,104.966
295.000,12,1266.581,183.106,355.241
295.000,13,296.956,449.787,122.101
295.000,14,865.153,1754.232,423.888
295.000,15,965.305,192.672,238.468
295.000,16,781.269,1516.205,345.913
295.000,17,597.120,1130.090,427.798
295.000,18,650.833,774.729,324.804
295.000,19,1214.546,921.676,171.096
295.000,20,1044.941,1219.824,204.201
295.000,21,345.994,1132.126,400.412
295.000,22,1208.785,1703.079,531.220
295.000,23,986.308,575.587,249.504
295.000,24,450.790,1791.355,354.684
295.000,25,372.278,1672.554,589.861
295.000,26,220.009,356.774,509.138
295.000,27,799.790,330.213,594.725
295.000,28,268.481,690.475,592.476
295.000,29,238.149,699.878,145.086
295.000,30,567.116,1243.492,246.272
295.000,31,1071.920,597.135,208.777
295.000,32,401.733,986.444,583.732
295.000,33,1188.348,876.065,179.586
295.000,34,64.771,697.245,115.088
295.000,35,613.591,74.471,216.892
295.000,36,1275.201,204.937,501.005
295.000,37,520.057,1709.559,133.456
295.000,38,583.513,758.142,115.324
295.000,39,172.948,1328.907,276.877
295.000,40,367.040,1209.438,376.441
295.000,41,883.212,545.733,189.945
295.000,42,846.210,1729.989,191.672
295.000,43,753.392,1532.302,233.954
295.000,44,1224.511,1644.356,561.519
295.000,45,1174.200,1554.552,325.395
295.000,46,559.901,1168.083,404.450
295.000,47,792.877,1491.500,448.690
295.000,48,1282.375,686.520,578.868
295.000,49,693.946,759.157,397.889
295.000,50,902.758,654.079,378.721
295.000,51,41.060,367.277,564.203
295.000,52,350.679,1229.373,240.343
295.000,53,1195.012,1418.176,381.179
295.000,54,1203.724,1445.568,445.150
295.000,55,1175.880,407.987,246.492
295.000,56,305.008,1281.683,194.450
295.000,57,943.760,1572.266,258.267
295.000,58,719.063,474.891,217.804
295.000,59,112.472,536.408,197.162
295.000,60,633.298,1512.043,587.597
295.000,61,1231.275,1288.485,557.679
295.000,62,845.303,482.707,448.724
295.000,63,1153.894,798.837,452.057
295.000,64,212.778,358.651,510.564
295.000,65,357.795,1266.620,508.141
295.000,66,1185.815,1059.007,274.102
295.000,67,946.704,697.893,527.270
