t_s,node,x,y,z
0.000,0,1592.878,1293.716,418.229
0.000,1,694.292,311.961,323.090
0.000,2,615.992,1357.719,545.238
0.000,3,855.664,55.599,408.647
0.000,4,2030.518,500.380,390.549
0.000,5,211.238,1568.867,554.356
0.000,6,1127.586,848.933,388.658
0.000,7,1673.209,1508.915,462.019
0.000,8,2343.714,451.312,109.117
0.000,9,1820.953,1757.228,489.618
0.000,10,506.968,1632.729,488.512
0.000,11,1760.716,1215.258,356.263
0.000,12,1460.444,1331.592,193.783
0.000,13,1128.628,1621.225,541.170
0.000,14,951.905,894.933,442.836
0.000,15,2202.651,1571.864,288.950
0.000,16,2278.460,148.886,508.813
0.000,17,2489.662,1877.568,362.626
0.000,18,2172.239,1834.770,373.011
0.000,19,336.477,534.828,427.445
0.000,20,1522.509,1537.483,469.089
0.000,21,2092.567,975.978,187.860
0.000,22,667.452,270.470,489.110
0.000,23,1841.451,1578.716,171.681
0.000,24,2240.990,1108.459,518.119
0.000,25,418.211,136.329,265.564
0.000,26,1081.732,1326.873,428.209
0.000,27,2342.853,363.163,159.798
0.000,28,210.148,760.378,496.391
0.000,29,124.582,761.326,360.288
0.000,30,1130.942,995.600,479.884
0.000,31,1009.111,324.304,462.094
0.000,32,766.018,1106.265,404.058
0.000,33,455.817,1039.789,506.346
0.000,34,291.890,1127.186,532.104
0.000,35,1773.519,311.847,433.145
0.000,36,994.878,399.023,302.123
0.000,37,1042.537,1654.497,516.940
0.000,38,2338.349,339.772,508.546
0.000,39,597.114,1296.273,368.501
0.000,40,1661.568,1861.938,454.243
0.000,41,22.775,1469.813,346.386
0.000,42,2427.516,837.037,264.490
0.000,43,376.172,1018.385,161.140
0.000,44,475.376,902.442,561.903
0.000,45,1262.504,172.454,302.418
0.000,46,1336.035,1351.413,454.309
0.000,47,1420.948,1325.517,302.405
0.000,48,275.229,15.933,111.616
0.000,49,170.241,83.660,466.776
0.000,50,2209.665,567.268,294.450
0.000,51,1212.747,1254.419,386.770
0.000,52,894.861,524.265,402.345
0.000,53,616.886,1528.516,302.986
0.000,54,2470.910,1572.453,416.262
0.000,55,1267.636,1368.658,507.948
0.000,56,1888.504,1146.310,597.287
0.000,57,2111.145,86.689,244.255
0.000,58,2019.746,1798.024,359.484
0.000,59,2408.627,250.401,211.996
0.000,60,2339.768,855.098,543.422
0.000,61,1383.176,1760.121,144.574
5.000,0,1451.947,1265.064,423.708
5.000,1,797.003,300.894,322.402
5.000,2,702.046,1287.247,547.498
5.000,3,976.287,19.514,406.683
5.000,4,2010.161,610.505,389.719
5.000,5,226.505,1657.940,558.000
5.000,6,1233.072,843.228,384.981
5.000,7,1757.230,1599.681,462.422
5.000,8,2441.515,429.094,111.802
5.000,9,1941.186,1784.203,486.410
5.000,10,521.519,1728.883,489.452
5.000,11,1885.887,1197.193,360.834
5.000,12,1349.969,1395.910,190.170
5.000,13,1139.380,1542.304,539.139
5.000,14,1049.221,899.480,444.823
5.000,15,2095.668,1542.383,293.910
5.000,16,2335.446,278.861,511.650
5.000,17,2494.714,1805.976,358.827
5.000,18,2198.221,1883.882,373.008
5.000,19,409.360,650.675,421.069
5.000,20,1444.683,1488.585,469.174
5.000,21,2222.359,938.941,189.318
5.000,22,593.464,170.157,487.592
5.000,23,1938.529,1633.365,171.768
5.000,24,2261.001,965.497,512.454
5.000,25,420.051,280.232,273.124
5.000,26,1087.334,1212.921,428.939
5.000,27,2267.786,259.166,163.339
5.000,28,121.182,717.653,492.420
5.000,29,224.265,712.504,363.366
5.000,30,1039.586,1097.941,482.418
5.000,31,944.061,258.733,460.071
5.000,32,889.540,1048.255,406.145
5.000,33,326.497,1109.202,499.194
5.000,34,281.680,1014.893,536.910
5.000,35,1859.323,384.347,435.829
5.000,36,1095.667,435.827,299.949
5.000,37,1115.472,1640.601,519.571
5.000,38,2428.354,269.605,513.964
5.000,39,563.474,1424.486,364.551
5.000,40,1573.370,1837.666,452.006
5.000,41,127.602,1492.674,351.352
5.000,42,2457.153,916.524,260.765
5.000,43,383.986,931.551,163.513
5.000,44,381.815,873.790,560.567
5.000,45,1281.430,43.221,300.942
5.000,46,1324.874,1261.720,450.942
5.000,47,1309.643,1387.559,297.626
5.000,48,358.646,106.798,109.456
5.000,49,257.490,128.201,470.054
5.000,50,2294.867,586.564,292.038
5.000,51,1294.119,1257.134,389.475
5.000,52,925.924,388.264,400.228
5.000,53,587.537,1602.538,300.612
5.000,54,2419.202,1618.474,414.278
5.000,55,1196.205,1329.565,509.872
5.000,56,1940.221,1046.510,594.930
5.000,57,2115.968,185.911,244.152
5.000,58,2117.361,1709.110,363.597
5.000,59,2455.981,266.997,212.554
5.000,60,2332.148,784.752,546.377
5.000,61,1349.875,1867.382,140.796
10.000,0,1304.008,1282.852,430.534
10.000,1,896.996,312.178,324.015
10.000,2,783.339,1208.055,548.860
10.000,3,1097.041,31.445,406.145
10.000,4,1984.196,716.807,386.925
10.000,5,235.472,1746.936,562.354
10.000,6,1341.794,840.549,381.082
10.000,7,1847.143,1681.928,463.096
10.000,8,2445.097,415.768,116.947
10.000,9,2062.374,1794.236,482.141
10.000,10,506.518,1815.536,492.290
10.000,11,2018.317,1203.351,367.286
10.000,12,1237.378,1458.896,185.032
10.000,13,1126.892,1459.215,536.287
10.000,14,1148.753,901.651,447.020
10.000,15,1992.081,1521.939,298.697
10.000,16,2398.918,408.279,515.973
10.000,17,2498.988,1727.358,356.245
10.000,18,2202.060,1803.698,373.611
10.000,19,461.990,782.618,414.719
10.000,20,1374.607,1443.451,469.163
10.000,21,2334.464,873.955,189.384
10.000,22,531.189,67.474,483.884
10.000,23,2050.230,1652.292,172.159
10.000,24,2265.583,820.977,508.409
10.000,25,401.760,424.364,279.344
10.000,26,1100.444,1099.807,433.525
10.000,27,2191.179,158.212,168.506
10.000,28,31.776,677.480,490.511
10.000,29,330.557,677.481,367.343
10.000,30,931.342,1184.010,488.184
10.000,31,876.887,185.911,458.403
10.000,32,1011.602,981.619,409.251
10.000,33,209.263,1189.425,493.588
10.000,34,246.275,905.127,538.562
10.000,35,1937.339,457.563,439.643
10.000,36,1185.322,487.231,296.413
10.000,37,1199.844,1631.493,519.945
10.000,38,2470.278,201.499,519.885
10.000,39,539.744,1561.475,359.135
10.000,40,1483.742,1815.874,449.768
10.000,41,225.331,1532.120,355.483
10.000,42,2484.853,989.298,258.249
10.000,43,368.178,847.310,164.842
10.000,44,292.034,851.664,562.729
10.000,45,1297.482,95.138,297.239
10.000,46,1313.963,1180.356,448.123
10.000,47,1201.678,1463.129,293.154
10.000,48,453.433,210.710,108.341
10.000,49,345.990,178.018,470.556
10.000,50,2378.412,600.591,291.751
10.000,51,1379.811,1256.994,392.896
10.000,52,962.264,248.951,397.440
10.000,53,558.382,1674.883,297.633
10.000,54,2367.488,1668.620,410.480
10.000,55,1112.359,1299.368,512.673
10.000,56,2025.462,961.777,591.031
10.000,57,2110.171,281.805,242.180
10.000,58,2224.899,1624.893,369.418
10.000,59,2337.531,287.435,212.755
10.000,60,2313.338,713.557,547.526
10.000,61,1339.585,1831.256,137.389
15.000,0,1157.197,1276.677,435.142
15.000,1,1002.363,297.935,323.679
15.000,2,861.134,1137.042,550.048
15.000,3,1223.284,51.341,402.287
15.000,4,1954.757,834.793,385.714
15.000,5,238.202,1834.999,565.483
15.000,6,1446.051,834.832,377.649
15.000,7,1924.444,1779.295,463.336
15.000,8,2340.088,395.385,119.352
15.000,9,2180.568,1798.401,478.311
15.000,10,488.187,1903.941,494.898
15.000,11,2138.736,1205.213,371.249
15.000,12,1125.150,1525.013,181.267
15.000,13,1115.728,1387.942,533.751
15.000,14,1242.341,893.837,447.431
15.000,15,1886.147,1502.192,301.201
15.000,16,2461.544,533.376,525.156
15.000,17,2491.314,1648.297,353.131
15.000,18,2206.153,1715.997,375.495
15.000,19,534.470,896.033,408.320
15.000,20,1309.638,1383.595,470.974
15.000,21,2446.558,821.307,190.575
15.000,22,446.762,34.581,479.913
15.000,23,2164.031,1662.904,171.682
15.000,24,2258.808,682.025,501.153
15.000,25,422.263,562.793,286.274
15.000,26,1097.889,987.259,437.958
15.000,27,2100.446,68.962,171.071
15.000,28,69.963,649.335,487.588
15.000,29,446.398,655.217,373.098
15.000,30,847.817,1297.906,495.051
15.000,31,818.946,110.490,457.917
15.000,32,1123.612,904.660,414.356
15.000,33,87.384,1248.851,488.574
15.000,34,224.573,805.545,538.915
15.000,35,2036.026,493.981,443.287
15.000,36,1286.345,523.558,292.246
15.000,37,1280.308,1606.226,523.084
15.000,38,2389.043,125.832,523.139
15.000,39,521.438,1696.185,352.739
15.000,40,1391.128,1783.542,444.619
15.000,41,327.862,1574.308,361.533
15.000,42,2478.922,1057.994,255.096
15.000,43,357.352,766.788,167.644
15.000,44,201.807,842.824,564.130
15.000,45,1326.973,223.371,294.216
15.000,46,1288.756,1099.583,445.165
15.000,47,1093.997,1535.714,288.782
15.000,48,540.557,318.486,109.988
15.000,49,435.815,226.007,472.817
15.000,50,2462.355,617.922,289.621
15.000,51,1461.115,1288.291,396.379
15.000,52,993.854,111.604,397.029
15.000,53,541.431,1752.441,293.300
15.000,54,2306.532,1707.266,408.759
15.000,55,1043.054,1257.786,515.178
15.000,56,2111.219,877.061,588.741
15.000,57,2114.240,385.082,240.009
15.000,58,2325.769,1541.936,376.038
15.000,59,2213.797,297.520,215.200
15.000,60,2301.316,643.732,550.620
15.000,61,1339.578,1731.322,135.751
20.000,0,1018.025,1257.740,440.536
20.000,1,1099.116,282.140,321.807
20.000,2,952.887,1077.344,551.915
20.000,3,1326.546,117.470,400.301
20.000,4,1913.308,949.547,382.513
20.000,5,228.821,1872.081,571.780
20.000,6,1545.535,825.959,372.266
20.000,7,2005.188,1874.423,462.969
20.000,8,2236.721,372.539,120.489
20.000,9,2307.024,1833.951,468.246
20.000,10,464.964,1812.904,499.534
20.000,11,2266.380,1189.837,375.950
20.000,12,1012.184,1588.657,174.327
20.000,13,1129.495,1310.066,529.916
20.000,14,1337.210,879.619,448.372
20.000,15,1783.269,1479.694,306.989
20.000,16,2478.978,663.888,531.980
20.000,17,2480.927,1567.372,348.920
20.000,18,2221.289,1626.584,376.390
20.000,19,613.662,1011.859,401.042
20.000,20,1229.406,1338.836,472.937
20.000,21,2424.554,786.940,191.427
20.000,22,387.482,135.993,475.452
20.000,23,2273.041,1690.118,172.262
20.000,24,2288.740,542.079,496.133
20.000,25,410.210,701.189,292.795
20.000,26,1107.558,879.090,439.814
20.000,27,2013.213,37.744,175.427
20.000,28,162.005,617.250,485.333
20.000,29,557.969,619.128,377.146
20.000,30,761.794,1402.552,500.624
20.000,31,747.778,39.529,455.081
20.000,32,1214.886,802.470,417.404
20.000,33,24.396,1333.318,481.117
20.000,34,218.945,697.973,540.678
20.000,35,2119.592,543.975,446.993
20.000,36,1380.650,571.212,289.754
20.000,37,1357.953,1591.752,523.717
20.000,38,2305.848,44.410,526.644
20.000,39,466.171,1828.370,344.885
20.000,40,1298.633,1762.513,442.500
20.000,41,430.918,1608.137,366.713
20.000,42,2451.179,1133.951,253.463
20.000,43,358.792,680.510,170.758
20.000,44,111.853,823.797,562.370
20.000,45,1352.511,357.502,292.393
20.000,46,1254.255,1021.743,440.966
20.000,47,986.467,1606.797,285.580
20.000,48,645.959,418.100,108.822
20.000,49,529.292,259.402,472.342
20.000,50,2444.607,640.396,288.049
20.000,51,1545.684,1314.044,400.338
20.000,52,1008.775,54.239,396.715
20.000,53,516.251,1826.933,291.342
20.000,54,2246.698,1753.359,406.123
20.000,55,963.924,1238.323,516.490
20.000,56,2209.981,803.822,583.719
20.000,57,2110.227,486.305,240.250
20.000,58,2425.683,1460.568,378.295
20.000,59,2087.439,316.923,217.032
20.000,60,2293.372,577.211,551.057
20.000,61,1351.770,1621.162,130.839
25.000,0,873.238,1250.499,446.985
25.000,1,1195.371,248.679,320.938
25.000,2,1039.907,1003.209,549.454
25.000,3,1438.574,170.869,396.179
25.000,4,1877.854,1062.457,382.549
25.000,5,230.812,1776.802,575.284
25.000,6,1649.561,811.205,368.864
25.000,7,2089.857,1812.355,464.385
25.000,8,2132.043,347.610,121.872
25.000,9,2420.749,1868.347,462.133
25.000,10,427.458,1728.572,503.593
25.000,11,2397.754,1200.727,380.623
25.000,12,911.203,1667.785,169.890
25.000,13,1135.467,1220.376,529.443
25.000,14,1430.577,868.595,450.560
25.000,15,1686.619,1444.867,311.650
25.000,16,2411.510,793.031,541.377
25.000,17,2486.533,1489.277,344.758
25.000,18,2227.319,1537.428,378.495
25.000,19,702.030,1119.530,394.361
25.000,20,1166.674,1283.379,472.767
25.000,21,2296.915,758.125,191.655
25.000,22,303.229,230.783,471.913
25.000,23,2384.949,1735.676,171.215
25.000,24,2308.872,397.616,489.309
25.000,25,407.684,844.241,298.400
25.000,26,1108.467,773.437,440.754
25.000,27,1926.746,128.516,178.275
25.000,28,256.808,578.995,480.354
25.000,29,676.158,599.736,381.243
25.000,30,658.317,1488.044,504.429
25.000,31,677.496,42.989,455.840
25.000,32,1315.524,708.056,420.321
25.000,33,147.168,1398.613,474.431
25.000,34,218.313,586.573,543.285
25.000,35,2211.685,586.871,449.702
25.000,36,1473.956,615.667,282.996
25.000,37,1434.715,1569.867,525.108
25.000,38,2214.274,18.183,529.044
25.000,39,426.647,1837.935,341.345
25.000,40,1208.617,1726.200,440.905
25.000,41,536.900,1642.607,370.935
25.000,42,2402.173,1198.689,250.665
25.000,43,362.864,587.209,174.461
25.000,44,19.520,817.568,559.825
25.000,45,1377.895,491.183,290.403
25.000,46,1243.393,935.922,437.114
25.000,47,879.250,1677.605,284.563
25.000,48,743.432,524.451,108.096
25.000,49,619.891,307.405,473.680
25.000,50,2356.447,663.923,287.811
25.000,51,1628.587,1334.382,403.384
25.000,52,1023.758,196.468,400.207
25.000,53,505.992,1900.671,288.602
25.000,54,2182.944,1798.383,405.342
25.000,55,886.774,1215.382,518.562
25.000,56,2282.753,711.942,581.603
25.000,57,2139.335,584.003,239.377
25.000,58,2488.695,1356.855,382.806
25.000,59,1967.893,350.638,216.684
25.000,60,2291.490,501.391,552.136
25.000,61,1338.851,1514.682,126.979
30.000,0,727.223,1236.525,451.813
30.000,1,1296.087,240.000,321.991
30.000,2,1132.302,934.517,551.551
30.000,3,1550.518,224.162,397.181
30.000,4,1850.309,1175.119,383.611
30.000,5,222.801,1680.941,580.616
30.000,6,1749.232,794.688,365.021
30.000,7,2177.617,1727.533,460.412
30.000,8,2033.361,327.018,122.816
30.000,9,2447.471,1868.753,457.578
30.000,10,425.654,1634.730,506.825
30.000,11,2471.874,1225.970,384.646
30.000,12,794.572,1714.355,166.093
30.000,13,1149.117,1135.529,526.192
30.000,14,1527.771,857.303,451.577
30.000,15,1586.518,1421.821,315.313
30.000,16,2323.307,903.776,547.063
30.000,17,2480.799,1416.718,343.576
30.000,18,2243.116,1447.208,379.196
30.000,19,764.092,1245.555,387.074
30.000,20,1107.643,1212.458,473.461
30.000,21,2182.059,695.615,195.525
30.000,22,245.715,340.976,467.082
30.000,23,2498.519,1775.469,168.817
30.000,24,2314.219,258.215,481.253
30.000,25,427.849,986.893,305.209
30.000,26,1105.394,664.170,440.418
30.000,27,1838.150,216.442,183.101
30.000,28,344.665,537.955,477.281
30.000,29,791.692,581.371,386.186
30.000,30,567.618,1590.437,510.144
30.000,31,604.246,109.259,454.057
30.000,32,1433.919,637.332,423.900
30.000,33,278.741,1451.038,469.520
30.000,34,209.540,478.346,544.146
30.000,35,2297.288,646.370,451.051
30.000,36,1568.036,660.556,280.277
30.000,37,1516.752,1540.971,527.983
30.000,38,2115.928,83.814,533.732
30.000,39,413.689,1702.172,333.174
30.000,40,1116.849,1701.397,436.370
30.000,41,638.497,1664.952,375.712
30.000,42,2357.977,1270.617,247.406
30.000,43,355.175,504.206,176.990
30.000,44,74.930,796.797,561.485
30.000,45,1416.122,620.025,287.096
30.000,46,1233.465,849.880,431.609
30.000,47,777.893,1753.573,279.658
30.000,48,838.902,632.791,107.294
30.000,49,704.845,360.381,474.691
30.000,50,2276.117,705.157,287.680
30.000,51,1711.706,1342.217,408.483
30.000,52,1047.270,344.432,400.132
30.000,53,472.686,1831.197,284.988
30.000,54,2127.111,1843.575,403.808
30.000,55,802.010,1181.867,521.026
30.000,56,2350.422,615.310,579.576
30.000,57,2170.862,677.159,241.524
30.000,58,2369.334,1299.803,390.799
30.000,59,1841.669,381.599,215.824
30.000,60,2277.115,426.282,556.793
30.000,61,1331.534,1413.032,124.948
35.000,0,579.005,1227.631,459.468
35.000,1,1383.698,207.989,322.448
35.000,2,1210.466,861.621,552.202
35.000,3,1670.999,270.117,394.363
35.000,4,1818.132,1286.300,380.748
35.000,5,220.144,1591.944,584.715
35.000,6,1852.495,775.919,361.008
35.000,7,2253.310,1631.165,460.173
35.000,8,1930.984,343.623,126.126
35.000,9,2328.371,1868.495,451.070
35.000,10,427.657,1545.377,510.176
35.000,11,2339.014,1220.410,385.468
35.000,12,679.789,1783.281,163.382
35.000,13,1159.503,1049.964,522.258
35.000,14,1619.113,868.998,453.139
35.000,15,1479.904,1412.728,319.823
35.000,16,2255.484,1030.036,550.632
35.000,17,2493.883,1342.833,341.558
35.000,18,2236.616,1366.554,379.811
35.000,19,856.970,1351.459,379.466
35.000,20,1025.670,1168.352,475.965
35.000,21,2062.030,665.139,198.850
35.000,22,194.892,453.126,464.233
35.000,23,2382.345,1804.556,164.752
35.000,24,2346.279,122.879,476.307
35.000,25,421.826,1137.158,313.257
35.000,26,1119.373,556.610,439.264
35.000,27,1751.339,311.598,187.248
35.000,28,439.316,498.468,472.460
35.000,29,901.821,543.949,392.253
35.000,30,468.461,1674.895,513.151
35.000,31,542.553,185.600,453.590
35.000,32,1547.419,567.562,424.961
35.000,33,408.636,1490.733,464.163
35.000,34,190.145,371.505,547.578
35.000,35,2373.927,711.677,453.967
35.000,36,1666.991,701.148,278.314
35.000,37,1592.815,1507.816,530.335
35.000,38,2028.478,155.481,537.011
35.000,39,373.043,1565.382,327.700
35.000,40,1023.456,1690.762,433.008
35.000,41,739.298,1689.771,378.993
35.000,42,2311.471,1337.511,245.769
35.000,43,357.339,425.771,180.833
35.000,44,167.386,773.922,563.770
35.000,45,1455.746,750.151,286.746
35.000,46,1223.185,762.849,427.869
35.000,47,665.359,1817.265,274.102
35.000,48,949.833,724.901,106.568
35.000,49,791.713,418.250,477.951
35.000,50,2192.627,732.121,288.278
35.000,51,1786.023,1346.754,410.873
35.000,52,1081.692,482.164,398.218
35.000,53,443.247,1758.825,281.773
35.000,54,2067.008,1891.271,402.928
35.000,55,722.147,1147.509,522.723
35.000,56,2416.280,523.157,576.544
35.000,57,2187.355,778.674,240.771
35.000,58,2258.152,1236.099,394.532
35.000,59,1720.850,419.230,214.171
35.000,60,2285.999,347.252,558.897
35.000,61,1327.782,1307.858,123.658
40.000,0,430.836,1235.437,465.959
40.000,1,1484.731,186.883,322.744
40.000,2,1291.216,783.924,553.066
40.000,3,1778.622,330.193,391.493
40.000,4,1803.076,1398.220,379.182
40.000,5,232.376,1496.588,588.900
40.000,6,1964.545,765.318,354.351
40.000,7,2338.954,1538.123,458.036
40.000,8,1829.637,313.470,129.019
40.000,9,2209.987,1882.181,448.098
40.000,10,414.072,1454.340,515.189
40.000,11,2205.419,1206.731,390.113
40.000,12,574.205,1855.238,159.041
40.000,13,1169.227,970.221,518.957
40.000,14,1719.153,872.928,453.112
40.000,15,1382.713,1367.382,325.033
40.000,16,2168.367,1145.555,558.496
40.000,17,2499.130,1264.699,338.060
40.000,18,2248.201,1279.490,380.625
40.000,19,952.012,1456.403,373.511
40.000,20,938.932,1141.254,475.412
40.000,21,1946.824,612.286,200.993
40.000,22,146.742,566.605,459.483
40.000,23,2271.959,1831.113,164.305
40.000,24,2376.468,37.600,469.976
40.000,25,419.381,1277.702,320.395
40.000,26,1119.259,442.278,441.410
40.000,27,1678.224,408.748,190.473
40.000,28,530.306,460.383,467.654
40.000,29,1010.235,505.902,395.935
40.000,30,358.985,1755.038,519.195
40.000,31,477.729,257.507,453.422
40.000,32,1672.829,501.492,428.955
40.000,33,528.996,1558.669,457.752
40.000,34,182.454,272.822,551.210
40.000,35,2461.640,773.132,455.189
40.000,36,1756.383,752.896,273.781
40.000,37,1671.013,1492.551,532.310
40.000,38,1925.427,203.497,541.133
40.000,39,348.291,1429.641,320.052
40.000,40,935.257,1667.346,429.553
40.000,41,845.959,1714.666,383.496
40.000,42,2299.142,1425.568,244.757
40.000,43,347.816,337.025,182.420
40.000,44,263.142,762.990,564.099
40.000,45,1479.864,882.848,283.466
40.000,46,1221.320,674.825,424.257
40.000,47,555.561,1888.202,267.727
40.000,48,1064.909,799.841,106.794
40.000,49,882.386,468.290,478.970
40.000,50,2098.349,754.652,285.733
40.000,51,1869.803,1366.617,412.929
40.000,52,1131.060,619.916,398.876
40.000,53,433.665,1678.541,279.008
40.000,54,2008.509,1868.124,400.521
40.000,55,647.814,1105.248,524.301
40.000,56,2477.452,455.537,573.250
40.000,57,2196.481,876.974,238.976
40.000,58,2146.374,1166.799,396.742
40.000,59,1597.906,438.669,216.178
40.000,60,2295.780,273.439,561.040
40.000,61,1315.282,1199.151,118.970
45.000,0,291.251,1235.876,472.787
45.000,1,1587.857,174.337,322.948
45.000,2,1366.351,697.809,553.211
45.000,3,1889.900,373.763,390.255
45.000,4,1783.439,1504.541,380.883
45.000,5,228.671,1405.043,592.129
45.000,6,2068.574,760.298,348.294
45.000,7,2425.277,1446.044,459.480
45.000,8,1723.706,289.899,131.698
45.000,9,2089.443,1890.167,443.960
45.000,10,400.205,1368.400,518.289
45.000,11,2078.258,1186.379,391.606
45.000,12,462.293,1876.187,156.160
45.000,13,1179.586,879.558,514.959
45.000,14,1812.873,848.744,455.388
45.000,15,1280.969,1354.679,328.999
45.000,16,2078.518,1246.218,560.950
45.000,17,2499.461,1189.394,336.077
45.000,18,2259.642,1197.008,381.341
45.000,19,1029.323,1579.415,368.374
45.000,20,863.190,1096.682,475.563
45.000,21,1824.591,565.722,205.437
45.000,22,96.351,680.475,455.476
45.000,23,2161.116,1859.055,163.232
45.000,24,2393.141,174.674,464.096
45.000,25,413.587,1419.110,326.790
45.000,26,1117.240,332.440,445.135
45.000,27,1598.288,495.742,196.694
45.000,28,613.063,420.060,465.606
45.000,29,1121.124,478.470,398.691
45.000,30,269.067,1869.523,526.940
45.000,31,427.932,349.473,450.488
45.000,32,1774.401,406.740,435.260
45.000,33,647.500,1636.621,452.358
45.000,34,174.892,167.396,554.838
45.000,35,2443.219,824.658,459.308
45.000,36,1853.636,795.359,269.953
45.000,37,1748.801,1454.445,534.540
45.000,38,1834.738,266.923,546.170
45.000,39,301.878,1300.931,314.008
45.000,40,840.175,1644.232,426.258
45.000,41,953.210,1745.081,387.252
45.000,42,2282.762,1506.373,241.054
45.000,43,349.132,252.619,184.819
45.000,44,349.852,735.565,562.741
45.000,45,1491.544,1013.612,279.031
45.000,46,1205.182,597.248,420.145
45.000,47,454.515,1821.113,262.847
45.000,48,1157.834,901.358,106.487
45.000,49,970.276,511.884,478.203
45.000,50,2012.242,771.101,284.046
45.000,51,1955.535,1384.264,417.029
45.000,52,1146.978,763.105,397.407
45.000,53,416.217,1603.612,275.570
45.000,54,1939.900,1833.800,400.235
45.000,55,581.954,1055.731,525.083
45.000,56,2392.837,367.696,570.156
45.000,57,2237.348,974.291,238.808
45.000,58,2045.962,1085.378,402.386
45.000,59,1469.250,448.310,216.909
45.000,60,2284.022,202.128,563.612
45.000,61,1317.070,1093.161,116.336
50.000,0,146.113,1220.322,479.247
50.000,1,1692.024,155.266,324.098
50.000,2,1425.806,603.838,555.371
50.000,3,1999.380,431.699,384.366
50.000,4,1765.730,1621.307,379.822
50.000,5,233.980,1314.735,595.875
50.000,6,2172.809,754.366,343.583
50.000,7,2484.064,1356.743,458.844
50.000,8,1620.094,256.646,133.950
50.000,9,1964.914,1901.332,441.250
50.000,10,365.536,1292.321,521.312
50.000,11,1948.955,1185.251,396.740
50.000,12,364.705,1790.374,151.274
50.000,13,1187.754,798.752,511.739
50.000,14,1908.913,846.909,456.448
50.000,15,1178.527,1343.913,332.612
50.000,16,2027.364,1372.911,566.849
50.000,17,2500.425,1117.194,332.947
50.000,18,2279.500,1113.191,381.086
50.000,19,1122.536,1690.653,363.453
50.000,20,785.183,1059.157,477.223
50.000,21,1701.202,506.890,205.592
50.000,22,37.059,788.593,451.248
50.000,23,2046.946,1875.311,161.371
50.000,24,2392.997,314.958,457.371
50.000,25,412.742,1565.499,332.752
50.000,26,1101.403,223.242,448.375
50.000,27,1523.946,604.358,201.328
50.000,28,708.715,396.760,461.346
50.000,29,1228.430,442.715,404.491
50.000,30,192.758,1814.998,529.889
50.000,31,362.251,426.163,448.712
50.000,32,1894.509,336.034,438.133
50.000,33,757.689,1724.701,446.510
50.000,34,170.757,49.357,555.791
50.000,35,2352.769,885.126,460.191
50.000,36,1951.869,846.965,265.350
50.000,37,1825.211,1435.158,535.834
50.000,38,1734.208,315.248,548.785
50.000,39,274.615,1169.218,308.047
50.000,40,748.689,1614.330,422.266
50.000,41,1056.603,1790.007,393.771
50.000,42,2260.859,1575.936,237.487
50.000,43,347.655,164.028,186.999
50.000,44,442.216,715.267,560.926
50.000,45,1530.371,1141.422,275.433
50.000,46,1201.882,510.427,416.462
50.000,47,339.266,1754.900,261.424
50.000,48,1227.911,1023.091,104.975
50.000,49,1045.005,572.222,481.236
50.000,50,1925.413,785.022,281.913
50.000,51,2033.947,1403.575,419.527
50.000,52,1193.618,905.452,398.373
50.000,53,397.290,1526.425,272.232
50.000,54,1876.076,1796.288,397.246
50.000,55,511.284,1008.963,527.513
50.000,56,2315.273,278.721,568.257
50.000,57,2250.532,1080.998,237.681
50.000,58,1946.816,994.837,408.289
50.000,59,1337.917,470.208,213.386
50.000,60,2277.878,135.192,566.023
50.000,61,1290.709,985.045,115.805
55.000,0,5.881,1195.401,483.889
55.000,1,1793.495,148.503,324.649
55.000,2,1514.562,541.629,555.776
55.000,3,2117.219,482.761,384.561
55.000,4,1719.992,1734.788,377.302
55.000,5,233.251,1220.509,598.706
55.000,6,2275.793,739.412,339.536
55.000,7,2388.590,1272.165,457.633
55.000,8,1514.855,243.222,136.270
55.000,9,1849.070,1880.132,437.968
55.000,10,366.041,1205.372,524.356
55.000,11,1812.362,1188.597,402.771
55.000,12,260.436,1711.772,145.907
55.000,13,1178.590,716.137,509.628
55.000,14,2002.150,853.018,457.058
55.000,15,1074.114,1313.423,336.145
55.000,16,1975.071,1501.512,572.060
55.000,17,2488.590,1038.025,327.599
55.000,18,2291.152,1024.678,380.673
55.000,19,1222.146,1798.061,355.320
55.000,20,717.395,1006.718,478.460
55.000,21,1592.093,443.611,207.693
55.000,22,28.787,890.210,445.277
55.000,23,1931.588,1884.300,159.095
55.000,24,2417.967,446.011,450.528
55.000,25,400.914,1707.595,336.702
55.000,26,1097.090,113.986,450.791
55.000,27,1434.658,695.719,207.877
55.000,28,791.227,345.280,457.687
55.000,29,1333.788,401.393,409.278
55.000,30,85.890,1723.989,534.039
55.000,31,296.035,502.647,447.671
55.000,32,2006.452,248.613,441.787
55.000,33,885.833,1775.150,439.592
55.000,34,146.373,73.433,558.199
55.000,35,2263.124,936.874,464.350
55.000,36,2043.418,899.209,261.160
55.000,37,1906.670,1427.625,536.523
55.000,38,1636.013,381.931,552.048
55.000,39,257.698,1033.354,299.850
55.000,40,654.963,1606.504,419.441
55.000,41,1154.978,1825.276,398.382
55.000,42,2238.990,1653.639,235.983
55.000,43,340.963,85.379,190.388
55.000,44,534.383,688.098,560.677
55.000,45,1565.369,1269.181,270.542
55.000,46,1186.066,429.127,411.954
55.000,47,221.103,1699.256,256.887
55.000,48,1314.939,1139.389,105.115
55.000,49,1136.237,628.648,485.299
55.000,50,1841.681,800.595,279.773
55.000,51,2116.342,1411.145,424.170
55.000,52,1232.634,1035.541,400.016
55.000,53,383.454,1451.924,267.731
55.000,54,1818.204,1747.554,395.333
55.000,55,440.193,966.122,531.380
55.000,56,2234.865,194.166,566.297
55.000,57,2257.448,1176.895,236.689
55.000,58,1835.878,925.953,413.342
55.000,59,1217.843,511.291,214.895
55.000,60,2282.387,63.425,568.840
55.000,61,1283.750,878.338,111.217
60.000,0,145.421,1186.947,487.128
60.000,1,1901.639,148.040,325.221
60.000,2,1589.440,466.300,558.317
60.000,3,2224.554,538.255,382.194
60.000,4,1694.104,1850.406,376.559
60.000,5,263.467,1130.590,597.982
60.000,6,2375.308,737.228,336.600
60.000,7,2296.371,1181.558,459.019
60.000,8,1417.746,196.266,140.112
60.000,9,1724.445,1872.987,433.367
60.000,10,367.726,1119.981,526.922
60.000,11,1688.967,1159.727,406.903
60.000,12,157.323,1632.097,144.990
60.000,13,1180.121,632.718,507.677
60.000,14,2100.221,853.246,458.716
60.000,15,964.188,1292.218,342.017
60.000,16,1904.982,1617.043,578.219
60.000,17,2487.391,967.473,324.354
60.000,18,2297.733,940.199,380.543
60.000,19,1302.653,1875.725,347.927
60.000,20,629.482,972.527,478.735
60.000,21,1472.562,388.643,209.445
60.000,22,94.191,992.823,439.739
60.000,23,1819.576,1892.840,155.496
60.000,24,2424.022,588.042,441.955
60.000,25,409.200,1845.046,341.849
60.000,26,1122.418,11.496,451.577
60.000,27,1356.124,795.274,214.589
60.000,28,884.825,306.214,453.789
60.000,29,1450.573,375.392,413.264
60.000,30,12.025,1611.696,539.732
60.000,31,228.238,577.831,445.710
60.000,32,2133.389,182.936,446.047
60.000,33,992.231,1854.292,431.147
60.000,34,105.515,173.172,561.794
60.000,35,2163.501,977.725,465.867
60.000,36,2144.852,939.858,256.377
60.000,37,1985.554,1422.600,537.936
60.000,38,1537.925,442.016,554.741
60.000,39,252.134,894.017,294.527
60.000,40,565.899,1581.909,417.908
60.000,41,1257.630,1857.017,401.800
60.000,42,2220.418,1732.572,233.527
60.000,43,328.351,10.241,193.436
60.000,44,627.330,675.584,558.118
60.000,45,1590.038,1398.790,267.551
60.000,46,1189.705,344.296,407.920
60.000,47,114.467,1628.801,253.235
60.000,48,1412.764,1247.893,103.242
60.000,49,1225.533,677.128,485.653
60.000,50,1753.550,811.730,278.745
60.000,51,2199.193,1425.837,426.815
60.000,52,1291.893,1172.442,398.213
60.000,53,348.476,1380.855,266.791
60.000,54,1760.414,1701.516,395.443
60.000,55,361.853,924.032,532.475
60.000,56,2150.157,111.382,563.969
60.000,57,2263.949,1277.279,233.638
60.000,58,1720.219,859.555,417.096
60.000,59,1087.255,520.000,213.885
60.000,60,2280.946,21.547,571.453
60.000,61,1273.879,769.751,107.157
65.000,0,291.896,1159.661,493.328
65.000,1,1991.459,119.015,324.564
65.000,2,1659.022,375.963,558.538
65.000,3,2340.226,567.779,379.954
65.000,4,1658.380,1844.283,374.053
65.000,5,262.227,1040.892,595.200
65.000,6,2478.937,709.238,332.310
65.000,7,2225.105,1076.362,457.765
65.000,8,1314.108,200.179,143.398
65.000,9,1598.902,1873.547,426.847
65.000,10,353.520,1031.716,529.837
65.000,11,1563.794,1164.899,411.529
65.000,12,37.249,1574.405,141.910
65.000,13,1182.396,555.072,505.326
65.000,14,2187.024,833.663,459.312
65.000,15,859.691,1273.280,345.002
65.000,16,1866.315,1748.266,587.126
65.000,17,2491.321,889.583,320.370
65.000,18,2294.002,855.564,381.600
65.000,19,1373.446,1752.387,341.528
65.000,20,551.983,919.254,480.917
65.000,21,1350.567,333.152,210.621
65.000,22,146.546,1102.273,438.278
65.000,23,1711.328,1860.643,154.285
65.000,24,2445.802,730.427,436.532
65.000,25,443.526,1814.182,347.883
65.000,26,1131.678,119.356,453.809
65.000,27,1255.478,875.169,218.973
65.000,28,978.892,274.738,453.452
65.000,29,1565.300,345.209,415.742
65.000,30,92.620,1510.345,547.375
65.000,31,154.866,640.409,445.382
65.000,32,2256.054,114.319,450.332
65.000,33,1115.862,1869.293,426.477
65.000,34,77.475,272.773,563.143
65.000,35,2075.937,1032.208,469.482
65.000,36,2254.831,979.387,252.580
65.000,37,2064.335,1408.310,539.445
65.000,38,1452.959,509.950,558.651
65.000,39,223.556,760.288,287.646
65.000,40,484.529,1543.335,415.723
65.000,41,1360.527,1892.937,407.606
65.000,42,2198.402,1817.682,232.808
65.000,43,335.142,95.759,197.643
65.000,44,719.223,665.737,558.341
65.000,45,1600.209,1531.630,263.656
65.000,46,1174.253,262.800,404.943
65.000,47,12.661,1544.025,248.619
65.000,48,1495.736,1368.842,100.766
65.000,49,1309.101,721.729,487.329
65.000,50,1662.518,825.067,277.794
65.000,51,2274.753,1461.146,430.464
65.000,52,1355.064,1293.757,395.515
65.000,53,321.909,1303.163,264.095
65.000,54,1694.095,1656.505,392.459
65.000,55,283.526,900.155,534.461
65.000,56,2060.289,33.662,559.833
65.000,57,2278.572,1380.273,233.501
65.000,58,1610.131,796.336,424.767
65.000,59,958.129,539.377,215.541
65.000,60,2268.168,94.518,574.732
65.000,61,1273.491,662.739,104.172
70.000,0,440.429,1127.367,496.315
70.000,1,2089.935,100.795,325.737
70.000,2,1735.053,294.198,559.538
70.000,3,2439.495,633.532,378.367
70.000,4,1623.329,1741.327,373.479
70.000,5,253.969,949.257,590.062
70.000,6,2418.358,700.218,327.838
70.000,7,2168.555,968.146,458.596
70.000,8,1211.212,203.073,147.062
70.000,9,1474.692,1860.313,421.267
70.000,10,341.400,937.942,531.356
70.000,11,1436.826,1150.295,416.995
70.000,12,85.413,1512.137,137.175
70.000,13,1175.718,473.408,501.848
70.000,14,2280.643,827.164,459.381
70.000,15,760.145,1239.203,348.257
70.000,16,1812.261,1878.721,596.264
70.000,17,2491.943,817.005,316.296
70.000,18,2290.049,763.195,382.358
70.000,19,1459.302,1646.832,336.067
70.000,20,479.359,877.046,483.350
70.000,21,1223.527,287.288,213.693
70.000,22,214.082,1206.506,435.260
70.000,23,1597.868,1818.219,153.509
70.000,24,2442.373,868.573,429.849
70.000,25,439.557,1668.734,353.692
70.000,26,1136.999,226.636,454.820
70.000,27,1195.057,982.632,224.703
70.000,28,1071.817,238.059,449.511
70.000,29,1676.490,304.894,419.312
70.000,30,177.731,1398.656,551.456
70.000,31,76.849,702.465,444.955
70.000,32,2373.815,37.225,457.303
70.000,33,1247.985,1831.505,421.043
70.000,34,68.968,382.321,568.498
70.000,35,1983.462,1078.586,473.458
70.000,36,2342.513,1039.184,248.671
70.000,37,2139.160,1373.719,540.839
70.000,38,1349.403,558.377,559.719
70.000,39,188.443,625.282,278.718
70.000,40,405.426,1512.617,412.269
70.000,41,1464.595,1878.958,411.319
70.000,42,2158.200,1891.605,230.785
70.000,43,321.635,175.313,201.073
70.000,44,815.540,647.278,561.406
70.000,45,1632.257,1656.104,260.489
70.000,46,1173.983,173.222,401.502
70.000,47,99.295,1469.130,243.647
70.000,48,1592.347,1470.504,101.539
70.000,49,1397.231,763.906,489.712
70.000,50,1585.295,845.275,276.285
70.000,51,2355.229,1476.241,434.744
70.000,52,1393.554,1431.847,394.195
70.000,53,304.643,1223.628,260.750
70.000,54,1625.733,1621.136,388.496
70.000,55,213.923,850.742,535.008
70.000,56,1983.522,61.677,556.921
70.000,57,2306.881,1474.288,233.384
70.000,58,1502.156,720.285,428.699
70.000,59,824.921,563.264,213.585
70.000,60,2254.891,169.513,578.928
70.000,61,1289.231,557.607,102.267
75.000,0,580.920,1133.578,500.607
75.000,1,2187.134,88.292,325.662
75.000,2,1812.359,217.948,561.079
75.000,3,2432.732,695.473,378.070
75.000,4,1582.814,1632.574,371.100
75.000,5,232.709,851.089,587.107
75.000,6,2319.932,706.729,324.769
75.000,7,2070.437,885.667,457.929
75.000,8,1110.164,183.377,152.423
75.000,9,1351.819,1840.254,415.747
75.000,10,338.259,850.334,535.257
75.000,11,1310.204,1123.487,423.797
75.000,12,199.560,1456.273,132.695
75.000,13,1177.867,388.842,499.701
75.000,14,2373.583,817.810,460.054
75.000,15,654.968,1225.470,353.210
75.000,16,1749.535,1771.404,596.282
75.000,17,2489.192,734.872,312.420
75.000,18,2309.109,682.655,385.017
75.000,19,1546.762,1535.057,329.248
75.000,20,409.708,830.029,484.297
75.000,21,1100.389,260.137,214.065
75.000,22,264.366,1312.344,433.315
75.000,23,1492.067,1767.463,152.279
75.000,24,2461.862,1010.422,428.395
75.000,25,430.550,1527.585,359.275
75.000,26,1134.796,341.397,458.252
75.000,27,1103.867,1064.356,230.564
75.000,28,1157.692,204.064,446.862
75.000,29,1786.218,270.078,425.126
75.000,30,282.005,1304.423,558.696
75.000,31,12.716,780.404,440.164
75.000,32,2501.276,24.888,464.714
75.000,33,1375.748,1768.005,415.678
75.000,34,55.742,486.761,571.869
75.000,35,1891.757,1127.536,474.730
75.000,36,2444.019,1085.271,241.824
75.000,37,2218.666,1372.207,543.867
75.000,38,1243.495,603.849,563.346
75.000,39,151.058,494.713,276.075
75.000,40,315.698,1481.096,409.145
75.000,41,1569.462,1838.696,417.841
75.000,42,2116.009,1832.213,228.157
75.000,43,318.221,255.179,203.013
75.000,44,916.171,642.634,561.879
75.000,45,1624.126,1793.304,258.636
75.000,46,1155.394,87.533,398.993
75.000,47,208.606,1405.615,240.629
75.000,48,1663.814,1598.807,103.406
75.000,49,1484.819,806.690,490.558
75.000,50,1500.525,861.301,277.561
75.000,51,2437.854,1493.225,437.389
75.000,52,1428.962,1572.709,392.669
75.000,53,282.244,1141.760,256.023
75.000,54,1564.879,1578.254,385.126
75.000,55,148.697,813.770,536.209
75.000,56,1901.174,143.729,554.977
75.000,57,2343.907,1570.333,232.147
75.000,58,1393.730,649.331,433.707
75.000,59,699.559,585.677,213.487
75.000,60,2252.241,240.399,582.602
75.000,61,1279.814,447.324,102.039
80.000,0,728.278,1139.000,506.300
80.000,1,2288.484,81.646,325.912
80.000,2,1890.995,142.308,561.182
80.000,3,2321.782,758.939,375.277
80.000,4,1565.756,1515.965,372.131
80.000,5,232.654,764.215,582.375
80.000,6,2218.832,702.318,320.598
80.000,7,1989.628,791.830,456.085
80.000,8,1008.219,157.931,154.423
80.000,9,1225.390,1846.019,411.962
80.000,10,331.839,761.627,538.145
80.000,11,1183.648,1109.467,427.138
80.000,12,306.853,1388.995,128.189
80.000,13,1168.603,309.885,496.754
80.000,14,2471.410,801.635,461.777
80.000,15,554.804,1210.588,358.846
80.000,16,1703.230,1631.986,592.389
80.000,17,2479.946,655.403,307.995
80.000,18,2338.262,599.009,386.287
80.000,19,1623.196,1418.449,324.058
80.000,20,342.036,777.491,485.763
80.000,21,980.606,216.745,213.585
80.000,22,322.202,1408.073,429.461
80.000,23,1382.334,1757.687,150.599
80.000,24,2467.934,1151.053,423.444
80.000,25,435.166,1382.415,363.719
80.000,26,1150.141,453.438,459.323
80.000,27,1015.387,1155.610,235.175
80.000,28,1244.815,159.283,443.125
80.000,29,1900.881,259.018,427.326
80.000,30,385.648,1209.930,560.492
80.000,31,41.677,871.238,438.581
80.000,32,2374.453,96.782,468.243
80.000,33,1486.064,1692.244,411.357
80.000,34,28.833,593.950,575.494
80.000,35,1805.978,1177.309,478.033
80.000,36,2461.255,1130.383,237.774
80.000,37,2296.018,1367.320,545.932
80.000,38,1161.676,690.082,568.221
80.000,39,137.486,352.599,269.902
80.000,40,221.721,1452.056,404.917
80.000,41,1669.209,1804.057,422.472
80.000,42,2088.468,1757.930,226.064
80.000,43,330.087,341.264,204.530
80.000,44,1014.824,644.611,560.816
80.000,45,1636.095,1875.762,256.710
80.000,46,1137.325,2.569,393.671
80.000,47,316.900,1334.783,239.801
80.000,48,1758.227,1709.854,105.565
80.000,49,1562.504,874.503,492.074
80.000,50,1412.737,890.351,275.691
80.000,51,2472.268,1508.161,440.059
80.000,52,1450.233,1713.113,387.869
80.000,53,272.014,1063.232,253.057
80.000,54,1493.414,1538.490,382.808
80.000,55,85.087,769.609,538.141
80.000,56,1811.741,215.229,551.234
80.000,57,2366.278,1664.277,230.828
80.000,58,1281.000,575.091,442.250
80.000,59,578.202,609.997,213.896
80.000,60,2245.003,311.330,584.337
80.000,61,1278.714,342.395,107.317
85.000,0,866.170,1162.694,510.542
85.000,1,2391.180,72.915,326.581
85.000,2,1972.376,61.860,561.662
85.000,3,2213.056,814.312,373.826
85.000,4,1537.298,1409.772,371.619
85.000,5,235.344,678.212,579.996
85.000,6,2110.283,680.291,317.479
85.000,7,1913.344,689.847,454.017
85.000,8,901.526,136.496,157.421
85.000,9,1100.578,1853.165,407.261
85.000,10,334.401,670.291,541.816
85.000,11,1054.787,1108.733,431.075
85.000,12,411.751,1305.951,124.381
85.000,13,1173.479,233.724,495.125
85.000,14,2431.213,800.440,463.391
85.000,15,452.358,1184.992,362.327
85.000,16,1633.462,1519.329,586.539
85.000,17,2485.108,584.389,304.462
85.000,18,2331.496,520.302,387.073
85.000,19,1701.748,1296.760,315.628
85.000,20,273.870,722.093,487.330
85.000,21,858.991,164.281,217.331
85.000,22,363.168,1517.467,424.833
85.000,23,1278.219,1722.823,148.796
85.000,24,2473.187,1289.007,417.046
85.000,25,427.462,1241.758,368.094
85.000,26,1175.237,556.001,461.060
85.000,27,935.474,1245.236,238.927
85.000,28,1323.784,107.481,440.539
85.000,29,2011.608,227.714,429.799
85.000,30,463.402,1103.537,565.636
85.000,31,96.526,950.305,437.705
85.000,32,2278.739,201.677,474.516
85.000,33,1589.833,1609.151,403.614
85.000,34,41.984,706.776,579.928
85.000,35,1726.229,1243.250,480.790
85.000,36,2362.787,1160.982,232.812
85.000,37,2381.049,1364.803,548.863
85.000,38,1078.655,764.372,571.736
85.000,39,78.983,223.462,261.125
85.000,40,126.544,1431.932,402.153
85.000,41,1773.693,1775.325,427.528
85.000,42,2052.317,1686.602,223.534
85.000,43,334.139,423.592,207.641
85.000,44,1106.332,616.559,560.033
85.000,45,1665.386,1744.494,254.578
85.000,46,1119.745,89.688,390.228
85.000,47,431.608,1261.738,235.002
85.000,48,1840.919,1827.880,108.679
85.000,49,1658.086,911.087,493.826
85.000,50,1322.434,895.646,273.534
85.000,51,2394.466,1534.420,443.938
85.000,52,1489.602,1851.437,385.961
85.000,53,242.445,985.326,250.275
85.000,54,1436.249,1486.089,381.999
85.000,55,15.299,730.625,538.236
85.000,56,1750.060,316.416,548.911
85.000,57,2386.391,1765.586,229.321
85.000,58,1181.809,496.035,448.597
85.000,59,457.553,637.784,211.549
85.000,60,2234.475,384.703,586.872
85.000,61,1273.445,237.731,111.381
90.000,0,1013.678,1164.359,516.114
90.000,1,2490.523,63.690,327.178
90.000,2,2054.319,34.294,563.354
90.000,3,2111.924,872.692,372.895
90.000,4,1513.798,1302.734,370.160
90.000,5,225.294,590.255,575.070
90.000,6,2008.643,665.935,314.862
90.000,7,1838.152,597.394,454.719
90.000,8,798.123,139.318,159.599
90.000,9,977.052,1858.036,401.531
90.000,10,329.458,574.467,543.395
90.000,11,930.581,1105.001,435.416
90.000,12,524.082,1239.086,122.768
90.000,13,1159.725,151.039,493.764
90.000,14,2332.473,805.071,466.514
90.000,15,345.157,1150.858,368.196
90.000,16,1577.914,1393.919,582.823
90.000,17,2488.065,502.783,299.364
90.000,18,2332.676,438.786,388.290
90.000,19,1789.888,1191.243,311.118
90.000,20,204.397,669.492,487.980
90.000,21,754.457,89.477,218.819
90.000,22,423.218,1623.016,421.955
90.000,23,1163.181,1693.517,145.783
90.000,24,2472.638,1424.369,411.909
90.000,25,439.477,1101.697,371.058
90.000,26,1174.448,667.396,462.635
90.000,27,872.520,1356.385,242.569
90.000,28,1423.110,76.440,439.806
90.000,29,2116.827,179.887,432.712
90.000,30,545.314,997.994,570.999
90.000,31,155.989,1035.534,434.757
90.000,32,2160.396,290.279,478.461
90.000,33,1714.754,1558.080,399.005
90.000,34,34.033,816.075,584.454
90.000,35,1642.930,1290.611,483.780
90.000,36,2261.003,1200.281,228.351
90.000,37,2457.343,1341.827,549.782
90.000,38,1006.952,852.760,577.328
90.000,39,44.356,97.618,252.450
90.000,40,35.217,1412.315,400.109
90.000,41,1877.154,1744.736,432.119
90.000,42,2035.562,1606.236,222.866
90.000,43,339.639,508.322,209.831
90.000,44,1196.264,582.643,558.937
90.000,45,1708.476,1616.614,252.640
90.000,46,1113.197,179.026,387.693
90.000,47,545.532,1196.707,230.425
90.000,48,1948.673,1866.769,108.162
90.000,49,1747.357,955.150,494.784
90.000,50,1238.715,919.249,273.430
90.000,51,2316.369,1531.084,448.098
90.000,52,1508.784,1795.221,385.595
90.000,53,228.061,903.445,246.848
90.000,54,1379.261,1437.042,379.333
90.000,55,60.333,706.008,539.328
90.000,56,1684.634,416.733,545.339
90.000,57,2399.955,1870.624,227.561
90.000,58,1088.048,406.990,455.571
90.000,59,335.660,671.835,214.108
90.000,60,2225.063,462.712,590.897
90.000,61,1267.605,131.745,112.908
95.000,0,1157.087,1152.122,522.031
95.000,1,2411.237,52.736,327.997
95.000,2,2128.029,104.881,567.445
95.000,3,2015.050,943.608,369.851
95.000,4,1480.620,1196.076,370.167
95.000,5,232.583,500.496,568.164
95.000,6,1901.028,669.797,311.269
95.000,7,1762.488,505.730,453.164
95.000,8,692.086,133.848,163.587
95.000,9,858.376,1833.278,399.253
95.000,10,331.277,488.125,546.408
95.000,11,799.328,1092.415,436.748
95.000,12,636.154,1178.149,117.304
95.000,13,1145.449,72.634,490.149
95.000,14,2244.563,765.245,466.894
95.000,15,242.898,1115.566,372.722
95.000,16,1523.435,1268.034,577.422
95.000,17,2488.304,424.703,294.744
95.000,18,2352.168,356.321,391.169
95.000,19,1885.217,1088.302,306.536
95.000,20,139.952,615.177,489.653
95.000,21,644.375,18.186,222.491
95.000,22,484.428,1729.692,416.992
95.000,23,1050.326,1664.768,145.389
95.000,24,2492.569,1564.179,407.626
95.000,25,420.598,953.381,378.684
95.000,26,1186.529,772.109,464.729
95.000,27,778.094,1434.521,247.706
95.000,28,1507.370,40.062,438.608
95.000,29,2232.065,173.382,438.219
95.000,30,665.353,925.645,576.664
95.000,31,225.646,1106.952,431.811
95.000,32,2024.265,337.623,479.326
95.000,33,1830.299,1483.011,392.186
95.000,34,10.402,920.127,588.389
95.000,35,1547.491,1328.164,486.797
95.000,36,2157.998,1220.587,225.984
95.000,37,2465.636,1337.646,551.191
95.000,38,911.593,907.884,582.515
95.000,39,20.610,43.263,246.156
95.000,40,55.741,1373.070,396.185
95.000,41,1980.666,1709.435,438.152
95.000,42,2014.691,1528.390,220.160
95.000,43,332.215,592.008,211.804
95.000,44,1284.073,555.351,557.956
95.000,45,1700.239,1483.074,250.616
95.000,46,1107.464,262.058,384.239
95.000,47,659.033,1143.724,225.821
95.000,48,2062.480,1774.763,106.246
95.000,49,1840.590,1004.361,494.938
95.000,50,1157.305,939.119,271.377
95.000,51,2231.003,1543.192,450.782
95.000,52,1549.301,1656.694,387.145
95.000,53,194.429,823.045,243.357
95.000,54,1319.053,1387.766,376.957
95.000,55,134.779,661.944,541.708
95.000,56,1610.529,507.896,543.472
95.000,57,2417.898,1826.153,227.116
95.000,58,990.128,317.822,460.602
95.000,59,211.476,707.792,215.568
95.000,60,2216.700,536.425,593.321
95.000,61,1266.457,23.962,118.252
100.000,0,1297.928,1114.275,528.109
100.000,1,2317.562,40.766,327.787
100.000,2,2210.831,170.790,566.320
100.000,3,1903.039,1005.838,365.833
100.000,4,1467.194,1082.178,369.035
100.000,5,236.101,412.207,565.434
100.000,6,1792.870,662.211,309.853
100.000,7,1677.982,409.051,453.119
100.000,8,585.866,123.719,167.047
100.000,9,734.884,1821.629,394.122
100.000,10,321.150,396.380,548.564
100.000,11,673.671,1094.755,441.090
100.000,12,742.159,1095.717,110.445
100.000,13,1141.790,13.047,488.252
100.000,14,2149.864,759.966,466.639
100.000,15,144.036,1086.802,375.740
100.000,16,1443.609,1140.657,571.541
100.000,17,2473.803,346.470,290.469
100.000,18,2362.716,275.045,391.146
100.000,19,1963.532,974.331,301.396
100.000,20,72.623,562.125,490.962
100.000,21,518.550,12.705,226.360
100.000,22,543.455,1832.748,413.735
100.000,23,947.477,1618.381,146.470
100.000,24,2462.675,1695.793,402.206
100.000,25,407.682,806.490,384.338
100.000,26,1193.469,881.828,467.229
100.000,27,716.081,1537.290,251.589
100.000,28,1588.690,12.436,435.269
100.000,29,2339.625,143.340,441.715
100.000,30,778.837,849.015,580.904
100.000,31,304.976,1170.426,428.039
100.000,32,1905.529,417.919,480.527
100.000,33,1959.244,1421.900,387.543
100.000,34,5.899,1027.110,590.766
100.000,35,1468.757,1392.736,490.860
100.000,36,2056.788,1238.575,221.518
100.000,37,2388.834,1325.902,553.485
100.000,38,823.466,986.205,585.614
100.000,39,65.889,169.943,242.350
100.000,40,137.835,1341.692,393.077
100.000,41,2075.351,1663.210,443.709
100.000,42,1987.082,1448.637,217.128
100.000,43,343.428,671.137,214.851
100.000,44,1376.194,542.436,557.082
100.000,45,1723.309,1350.316,249.704
100.000,46,1106.669,348.625,378.840
100.000,47,754.539,1054.646,222.111
100.000,48,2132.072,1648.259,108.082
100.000,49,1929.028,1058.219,494.971
100.000,50,1067.697,958.592,272.356
100.000,51,2144.909,1545.473,454.401
100.000,52,1573.990,1513.262,386.097
100.000,53,162.094,750.978,241.468
100.000,54,1263.245,1336.121,374.306
100.000,55,203.264,622.003,542.212
100.000,56,1524.209,585.707,537.780
100.000,57,2429.116,1726.099,225.315
100.000,58,895.733,226.054,468.013
100.000,59,86.743,740.745,213.041
100.000,60,2218.230,609.248,595.502
100.000,61,1272.992,84.157,120.663
105.000,0,1442.121,1107.541,535.472
105.000,1,2222.236,15.457,325.865
105.000,2,2275.467,263.141,566.607
105.000,3,1788.438,1053.267,362.187
105.000,4,1446.359,971.146,368.347
105.000,5,234.024,319.606,560.456
105.000,6,1689.080,652.129,305.122
105.000,7,1606.504,306.443,453.786
105.000,8,487.661,107.604,168.401
105.000,9,611.854,1796.193,389.779
105.000,10,308.621,307.995,552.176
105.000,11,548.352,1088.678,446.730
105.000,12,852.729,1018.436,106.002
105.000,13,1153.817,90.951,486.138
105.000,14,2055.491,751.322,466.179
105.000,15,42.833,1072.331,380.798
105.000,16,1389.053,1010.787,567.188
105.000,17,2476.936,272.939,286.841
105.000,18,2386.616,189.539,392.693
105.000,19,2059.344,867.849,294.983
105.000,20,23.362,521.927,491.097
105.000,21,398.025,65.746,227.692
105.000,22,595.926,1870.043,410.425
105.000,23,839.746,1568.391,141.990
105.000,24,2450.544,1834.778,396.843
105.000,25,391.734,664.960,389.592
105.000,26,1195.068,993.669,467.645
105.000,27,657.032,1647.187,257.382
105.000,28,1678.168,70.884,431.657
105.000,29,2456.836,145.536,445.521
105.000,30,867.793,743.480,586.025
105.000,31,389.910,1228.799,426.619
105.000,32,1779.183,490.490,486.914
105.000,33,2078.694,1354.439,381.729
105.000,34,5.599,1137.855,595.810
105.000,35,1386.461,1447.410,492.683
105.000,36,1967.839,1276.821,215.928
105.000,37,2305.877,1314.281,555.120
105.000,38,752.169,1059.848,590.936
105.000,39,123.394,291.127,233.521
105.000,40,218.915,1300.615,391.269
105.000,41,2186.664,1644.476,448.403
105.000,42,1976.398,1369.169,215.696
105.000,43,343.535,757.330,218.502
105.000,44,1470.709,542.467,556.906
105.000,45,1745.771,1218.323,245.903
105.000,46,1110.170,437.139,375.337
105.000,47,871.131,983.914,216.764
105.000,48,2219.594,1536.047,107.824
105.000,49,2021.928,1103.983,497.684
105.000,50,980.133,981.419,268.178
105.000,51,2063.464,1550.886,459.151
105.000,52,1636.669,1373.255,385.499
105.000,53,140.872,677.059,238.086
105.000,54,1204.098,1298.084,371.407
105.000,55,274.854,585.348,543.432
105.000,56,1423.699,643.558,536.779
105.000,57,2430.313,1631.550,224.733
105.000,58,794.079,145.982,475.611
105.000,59,62.776,751.730,215.397
105.000,60,2204.658,680.138,598.788
105.000,61,1283.504,191.102,123.860
110.000,0,1585.212,1106.174,544.559
110.000,1,2117.164,15.105,323.860
110.000,2,2344.309,351.933,565.717
110.000,3,1678.866,1117.181,360.085
110.000,4,1389.318,865.093,365.372
110.000,5,232.555,224.059,555.827
110.000,6,1588.274,625.982,301.262
110.000,7,1510.170,231.338,452.385
110.000,8,381.197,102.468,169.570
110.000,9,486.390,1774.711,385.244
110.000,10,305.667,215.674,555.720
110.000,11,420.119,1086.861,451.631
110.000,12,971.195,942.194,101.632
110.000,13,1153.061,168.917,481.266
110.000,14,1961.197,751.313,468.160
110.000,15,86.243,1069.833,386.903
110.000,16,1312.947,891.933,564.263
110.000,17,2459.773,193.637,282.773
110.000,18,2404.086,105.486,392.031
110.000,19,2150.395,759.289,293.833
110.000,20,92.647,464.280,493.500
110.000,21,268.536,105.335,229.047
110.000,22,660.829,1770.048,406.531
110.000,23,730.638,1528.827,140.387
110.000,24,2452.717,1836.976,393.284
110.000,25,400.303,521.685,397.987
110.000,26,1196.753,1104.323,468.618
110.000,27,553.727,1725.781,262.236
110.000,28,1766.544,115.135,426.365
110.000,29,2410.036,125.187,448.069
110.000,30,964.562,653.994,589.486
110.000,31,471.661,1283.200,423.649
110.000,32,1677.655,591.628,491.643
110.000,33,2201.491,1294.435,376.129
110.000,34,24.184,1241.316,599.180
110.000,35,1291.439,1484.027,495.276
110.000,36,1869.545,1301.543,212.868
110.000,37,2217.024,1315.196,557.109
110.000,38,653.921,1111.931,595.052
110.000,39,164.923,422.859,225.521
110.000,40,307.440,1269.195,388.631
110.000,41,2296.608,1636.229,453.192
110.000,42,1944.621,1297.346,213.851
110.000,43,368.346,831.931,220.660
110.000,44,1555.852,518.955,556.883
110.000,45,1773.672,1094.460,243.366
110.000,46,1111.695,517.303,369.648
110.000,47,987.953,916.670,211.728
110.000,48,2330.301,1441.338,104.703
110.000,49,2110.952,1149.161,500.503
110.000,50,898.232,1007.958,266.796
110.000,51,1984.498,1554.382,461.964
110.000,52,1670.627,1228.909,385.643
110.000,53,148.087,595.234,234.292
110.000,54,1141.644,1255.627,370.275
110.000,55,344.844,545.124,544.765
110.000,56,1344.739,733.106,534.221
110.000,57,2447.075,1528.731,225.380
110.000,58,697.511,61.357,479.786
110.000,59,187.119,780.115,217.211
110.000,60,2201.303,749.779,599.139
110.000,61,1295.443,298.974,127.237
115.000,0,1728.206,1078.400,551.452
115.000,1,2022.062,16.713,326.032
115.000,2,2429.219,425.054,565.276
115.000,3,1560.647,1165.708,357.911
115.000,4,1359.979,753.758,364.419
115.000,5,243.287,130.816,552.015
115.000,6,1479.795,595.106,299.149
115.000,7,1428.698,137.583,450.520
115.000,8,275.787,89.726,170.515
115.000,9,368.812,1773.098,383.082
115.000,10,279.659,124.816,557.229
115.000,11,286.506,1085.485,456.751
115.000,12,1064.084,851.172,104.796
115.000,13,1175.469,249.287,479.213
115.000,14,1865.883,749.688,469.025
115.000,15,181.899,1041.019,389.763
115.000,16,1231.332,772.331,558.298
115.000,17,2466.603,118.075,279.578
115.000,18,2409.091,18.432,393.617
115.000,19,2213.259,629.734,286.847
115.000,20,169.117,403.645,494.988
115.000,21,138.745,126.576,227.727
115.000,22,715.713,1660.509,401.083
115.000,23,614.373,1492.852,139.865
115.000,24,2443.947,1703.547,390.002
115.000,25,412.846,375.285,404.383
115.000,26,1186.827,1210.889,471.497
115.000,27,491.496,1834.091,266.360
115.000,28,1858.743,152.872,425.390
115.000,29,2308.394,87.982,450.918
115.000,30,1027.646,522.976,591.089
115.000,31,539.035,1358.332,422.500
115.000,32,1582.888,696.135,499.022
115.000,33,2317.250,1218.668,367.762
115.000,34,15.785,1354.250,595.517
115.000,35,1205.322,1539.208,501.357
115.000,36,1774.557,1341.560,208.113
115.000,37,2132.547,1300.552,558.342
115.000,38,568.559,1182.143,598.828
115.000,39,192.865,563.499,218.981
115.000,40,397.730,1255.653,384.286
115.000,41,2404.696,1599.336,458.280
115.000,42,1899.203,1224.446,209.539
115.000,43,381.532,915.889,223.014
115.000,44,1654.663,508.247,558.621
115.000,45,1814.250,971.879,241.663
115.000,46,1088.392,598.840,366.807
115.000,47,1107.350,856.971,205.821
115.000,48,2438.082,1350.270,107.355
115.000,49,2205.505,1194.035,503.257
115.000,50,806.423,1023.417,263.755
115.000,51,1897.933,1569.122,466.581
115.000,52,1701.194,1086.235,387.738
115.000,53,130.791,519.539,230.582
115.000,54,1075.905,1213.607,367.834
115.000,55,416.453,509.467,545.209
115.000,56,1278.386,834.043,533.309
115.000,57,2455.807,1433.985,223.549
115.000,58,599.385,28.114,485.314
115.000,59,318.682,781.475,217.041
115.000,60,2214.307,826.806,595.817
115.000,61,1304.302,407.194,129.808
120.000,0,1876.512,1076.484,558.697
120.000,1,1921.222,33.480,326.070
120.000,2,2499.211,511.218,565.353
120.000,3,1450.907,1232.162,356.614
120.000,4,1343.992,643.112,360.900
120.000,5,244.640,44.573,546.174
120.000,6,1371.790,590.549,295.066
120.000,7,1345.571,47.869,449.545
120.000,8,164.468,82.777,173.695
120.000,9,250.940,1765.464,378.692
120.000,10,263.473,36.025,557.632
120.000,11,161.668,1083.745,460.867
120.000,12,1173.068,774.914,108.880
120.000,13,1175.586,328.182,477.271
120.000,14,1766.834,753.961,470.969
120.000,15,281.460,1015.247,392.514
120.000,16,1151.776,653.725,553.091
120.000,17,2460.761,39.886,276.953
120.000,18,2411.016,70.258,395.242
120.000,19,2292.976,527.554,281.215
120.000,20,235.918,344.605,495.169
120.000,21,22.219,178.318,227.588
120.000,22,779.050,1559.737,395.501
120.000,23,498.776,1486.974,138.161
120.000,24,2422.279,1570.289,386.526
120.000,25,384.942,240.290,411.292
120.000,26,1215.633,1316.075,472.215
120.000,27,421.436,1881.065,271.436
120.000,28,1941.768,196.507,421.999
120.000,29,2188.372,80.255,453.066
120.000,30,1120.261,429.079,595.079
120.000,31,595.781,1441.168,419.144
120.000,32,1462.412,767.905,502.851
120.000,33,2444.735,1174.788,363.207
120.000,34,0.898,1459.875,593.963
120.000,35,1116.713,1587.101,504.761
120.000,36,1671.721,1377.664,204.552
120.000,37,2046.555,1285.228,561.682
120.000,38,479.188,1239.882,595.620
120.000,39,227.131,698.451,215.772
120.000,40,492.862,1237.741,381.257
120.000,41,2474.225,1564.473,465.669
120.000,42,1859.280,1153.654,206.114
120.000,43,387.851,1001.262,224.573
120.000,44,1745.059,484.218,556.971
120.000,45,1844.344,847.791,239.967
120.000,46,1071.159,688.997,361.730
120.000,47,1227.029,790.384,203.298
120.000,48,2452.806,1244.092,106.721
120.000,49,2291.582,1248.348,503.994
120.000,50,722.137,1045.093,262.911
120.000,51,1813.635,1566.812,471.874
120.000,52,1738.164,952.504,390.333
120.000,53,122.342,438.915,226.700
120.000,54,1007.404,1169.761,366.591
120.000,55,488.538,462.225,547.499
120.000,56,1204.573,923.815,528.093
120.000,57,2477.368,1334.385,223.027
120.000,58,503.491,114.757,489.715
120.000,59,437.106,815.994,218.441
120.000,60,2207.086,901.227,592.556
120.000,61,1295.901,514.954,131.522
125.000,0,2021.183,1058.797,567.237
125.000,1,1819.147,45.321,327.029
125.000,2,2428.738,591.276,567.866
125.000,3,1341.058,1282.197,353.498
125.000,4,1335.691,530.442,359.458
125.000,5,232.115,46.720,542.250
125.000,6,1268.642,589.926,290.975
125.000,7,1248.163,30.039,448.158
125.000,8,62.350,62.897,177.294
125.000,9,132.166,1757.094,371.627
125.000,10,239.092,55.889,557.474
125.000,11,32.619,1088.144,466.781
125.000,12,1281.029,702.610,112.378
125.000,13,1177.745,411.255,474.539
125.000,14,1675.576,732.400,470.678
125.000,15,392.146,994.033,395.055
125.000,16,1081.345,531.053,548.409
125.000,17,2448.435,41.645,273.352
125.000,18,2411.142,154.504,396.334
125.000,19,2371.182,411.823,274.586
125.000,20,315.395,299.705,497.779
125.000,21,129.699,207.978,227.758
125.000,22,857.603,1473.133,392.917
125.000,23,390.923,1473.326,136.189
125.000,24,2386.354,1438.502,379.459
125.000,25,388.723,93.874,418.222
125.000,26,1205.442,1414.389,474.712
125.000,27,346.306,1783.347,274.347
125.000,28,2023.386,241.221,419.152
125.000,29,2077.223,64.905,456.515
125.000,30,1220.389,337.070,598.723
125.000,31,669.358,1509.606,414.931
125.000,32,1351.350,845.100,507.475
125.000,33,2419.368,1115.261,357.083
125.000,34,20.773,1568.799,592.118
125.000,35,1042.009,1661.053,508.594
125.000,36,1578.634,1437.248,198.389
125.000,37,1966.485,1272.153,561.962
125.000,38,403.477,1318.228,590.165
125.000,39,236.349,838.796,209.321
125.000,40,580.787,1211.250,378.415
125.000,41,2372.584,1520.972,473.453
125.000,42,1812.094,1087.785,201.987
125.000,43,391.428,1085.810,227.213
125.000,44,1843.972,468.468,555.595
125.000,45,1889.270,720.560,232.779
125.000,46,1050.540,773.248,358.880
125.000,47,1329.725,726.995,200.443
125.000,48,2358.636,1138.292,103.595
125.000,49,2383.893,1280.270,508.091
125.000,50,637.911,1071.991,262.786
125.000,51,1734.275,1577.138,475.197
125.000,52,1756.110,810.279,391.747
125.000,53,95.791,365.413,223.558
125.000,54,944.388,1125.915,363.855
125.000,55,556.809,413.365,550.292
125.000,56,1132.138,1013.755,526.037
125.000,57,2477.704,1228.710,221.595
125.000,58,387.944,185.372,492.069
125.000,59,567.582,834.476,220.277
125.000,60,2191.220,975.692,588.625
125.000,61,1283.190,616.687,133.074
130.000,0,2165.639,1069.014,574.084
130.000,1,1728.130,75.240,326.126
130.000,2,2346.090,672.696,568.580
130.000,3,1222.980,1315.625,352.256
130.000,4,1305.901,419.944,360.085
130.000,5,230.916,146.604,536.795
130.000,6,1158.885,580.735,285.559
130.000,7,1149.647,106.532,447.984
130.000,8,45.427,31.204,180.379
130.000,9,14.724,1745.360,369.113
130.000,10,228.485,145.345,560.092
130.000,11,105.911,1089.755,468.774
130.000,12,1385.071,628.305,118.695
130.000,13,1176.488,489.930,469.792
130.000,14,1579.364,738.947,472.449
130.000,15,493.451,988.980,398.887
130.000,16,1037.050,397.318,540.827
130.000,17,2443.837,114.315,270.471
130.000,18,2432.020,241.944,396.473
130.000,19,2417.247,281.117,270.701
130.000,20,394.752,267.057,500.411
130.000,21,240.674,271.394,227.899
130.000,22,937.306,1371.604,388.028
130.000,23,275.604,1439.986,136.077
130.000,24,2344.091,1305.801,375.775
130.000,25,369.601,62.455,423.312
130.000,26,1210.862,1520.790,477.634
130.000,27,267.441,1684.399,276.122
130.000,28,2104.844,274.482,417.703
130.000,29,1968.245,22.873,458.328
130.000,30,1309.813,241.695,592.165
130.000,31,757.754,1569.741,414.623
130.000,32,1224.247,911.760,514.961
130.000,33,2312.911,1024.720,352.112
130.000,34,40.770,1680.552,591.810
130.000,35,969.689,1730.945,512.288
130.000,36,1483.147,1482.915,195.109
130.000,37,1886.706,1257.079,563.883
130.000,38,305.126,1356.159,587.065
130.000,39,282.026,973.194,204.894
130.000,40,674.708,1189.286,374.907
130.000,41,2265.453,1483.205,479.242
130.000,42,1782.678,1009.504,198.341
130.000,43,407.541,1168.661,229.413
130.000,44,1935.680,429.095,555.708
130.000,45,1905.521,586.501,230.622
130.000,46,1043.725,860.622,355.220
130.000,47,1444.607,669.982,196.095
130.000,48,2250.989,1042.781,100.684
130.000,49,2471.638,1337.473,511.787
130.000,50,551.701,1092.290,260.631
130.000,51,1645.925,1606.094,479.698
130.000,52,1765.672,656.913,388.276
130.000,53,82.549,280.349,220.776
130.000,54,886.004,1075.574,361.453
130.000,55,631.629,369.612,550.543
130.000,56,1049.521,1099.374,522.631
130.000,57,2486.490,1129.369,221.330
130.000,58,281.348,261.564,494.844
130.000,59,688.898,862.610,221.348
130.000,60,2188.939,1044.568,587.046
130.000,61,1277.806,719.897,132.920
135.000,0,2314.503,1054.301,581.355
135.000,1,1630.773,108.834,324.656
135.000,2,2272.995,748.216,570.842
135.000,3,1104.602,1357.799,352.735
135.000,4,1286.673,313.304,357.965
135.000,5,219.043,243.066,531.852
135.000,6,1058.866,565.072,282.381
135.000,7,1066.300,198.646,445.563
135.000,8,145.481,19.214,182.768
135.000,9,115.330,1736.248,364.187
135.000,10,218.652,235.809,564.946
135.000,11,232.569,1105.672,472.935
135.000,12,1477.483,537.228,120.509
135.000,13,1176.630,573.627,466.344
135.000,14,1487.862,741.418,474.915
135.000,15,593.977,968.413,403.384
135.000,16,948.943,282.750,531.986
135.000,17,2450.197,189.523,267.607
135.000,18,2450.494,330.259,396.284
135.000,19,2487.514,175.683,264.279
135.000,20,476.126,228.470,503.683
135.000,21,361.440,323.592,230.019
135.000,22,1007.365,1265.960,385.732
135.000,23,172.648,1387.084,135.066
135.000,24,2333.523,1165.841,369.280
135.000,25,358.346,203.815,427.340
135.000,26,1212.965,1627.482,479.520
135.000,27,201.793,1582.032,279.319
135.000,28,2185.793,329.046,416.435
135.000,29,1857.806,1.482,461.845
135.000,30,1426.554,168.390,584.847
135.000,31,830.211,1640.823,411.906
135.000,32,1107.340,979.388,519.349
135.000,33,2199.857,938.701,348.393
135.000,34,50.204,1791.922,589.711
135.000,35,882.189,1785.969,517.231
135.000,36,1406.417,1561.220,191.479
135.000,37,1808.504,1239.436,565.321
135.000,38,209.723,1415.959,585.951
135.000,39,305.747,1110.803,198.311
135.000,40,766.088,1155.759,372.125
135.000,41,2159.282,1456.542,483.475
135.000,42,1754.507,931.016,197.066
135.000,43,417.309,1253.417,232.827
135.000,44,2034.673,410.844,557.139
135.000,45,1939.344,463.179,226.721
135.000,46,1028.283,945.397,349.636
135.000,47,1559.515,601.249,189.334
135.000,48,2148.501,938.173,102.306
135.000,49,2443.343,1389.770,513.057
135.000,50,468.837,1113.220,259.863
135.000,51,1566.624,1635.186,483.050
135.000,52,1809.224,515.595,387.672
135.000,53,60.087,203.513,216.980
135.000,54,832.349,1019.570,360.902
135.000,55,692.491,319.036,552.864
135.000,56,964.483,1189.603,519.968
135.000,57,2463.700,1033.833,219.220
135.000,58,188.485,355.915,501.466
135.000,59,809.996,888.812,220.868
135.000,60,2188.915,1115.417,583.838
135.000,61,1257.557,824.238,134.223
140.000,0,2460.519,1044.073,587.712
140.000,1,1534.295,128.738,323.879
140.000,2,2197.493,833.576,573.515
140.000,3,998.278,1421.646,349.932
140.000,4,1267.995,199.792,355.674
140.000,5,201.296,331.753,528.202
140.000,6,965.465,546.550,277.635
140.000,7,978.554,288.401,444.783
140.000,8,247.328,7.498,186.891
140.000,9,237.138,1719.958,358.465
140.000,10,211.716,329.741,568.478
140.000,11,358.604,1110.640,477.918
140.000,12,1581.867,451.942,122.858
140.000,13,1168.096,650.280,465.484
140.000,14,1395.468,747.637,477.074
140.000,15,703.210,945.266,408.562
140.000,16,873.356,160.919,527.565
140.000,17,2451.870,258.738,265.485
140.000,18,2452.803,417.308,398.050
140.000,19,2412.675,54.403,260.223
140.000,20,541.819,172.506,504.084
140.000,21,478.666,379.053,231.639
140.000,22,1071.549,1170.588,382.273
140.000,23,63.511,1347.751,131.607
140.000,24,2291.175,1025.334,362.862
140.000,25,331.844,344.219,432.654
140.000,26,1226.253,1728.871,480.165
140.000,27,130.417,1484.303,285.026
140.000,28,2267.965,391.166,414.259
140.000,29,1743.374,26.874,464.838
140.000,30,1521.373,71.558,580.940
140.000,31,892.403,1719.137,410.976
140.000,32,990.628,1051.173,524.231
140.000,33,2070.016,879.058,339.555
140.000,34,87.320,1892.799,585.920
140.000,35,795.371,1835.276,519.579
140.000,36,1309.091,1597.366,187.714
140.000,37,1732.583,1223.119,566.231
140.000,38,115.325,1473.282,583.605
140.000,39,342.672,1244.711,191.957
140.000,40,857.138,1130.342,368.872
140.000,41,2056.676,1408.995,489.434
140.000,42,1724.231,863.053,194.914
140.000,43,414.428,1332.379,234.522
140.000,44,2122.697,381.138,556.732
140.000,45,1973.482,337.862,222.951
140.000,46,1028.142,1033.930,344.910
140.000,47,1674.213,538.511,184.816
140.000,48,2050.757,840.626,102.199
140.000,49,2350.583,1429.947,514.025
140.000,50,387.684,1138.630,256.069
140.000,51,1483.930,1631.370,486.269
140.000,52,1866.998,385.816,390.149
140.000,53,54.157,123.866,213.725
140.000,54,765.894,981.505,359.287
140.000,55,771.288,289.832,553.920
140.000,56,866.292,1261.647,517.137
140.000,57,2464.097,936.666,219.736
140.000,58,103.845,461.830,505.337
140.000,59,930.455,908.660,221.831
140.000,60,2176.192,1182.420,581.410
140.000,61,1250.022,931.710,136.599
145.000,0,2371.326,1025.803,592.631
145.000,1,1432.404,152.867,324.481
145.000,2,2124.084,923.335,577.207
145.000,3,894.446,1487.258,345.950
145.000,4,1234.770,90.667,354.357
145.000,5,195.163,423.699,522.970
145.000,6,859.718,533.639,271.756
145.000,7,886.618,375.402,445.062
145.000,8,347.057,38.844,187.782
145.000,9,354.373,1684.244,354.792
145.000,10,211.986,417.774,573.005
145.000,11,479.570,1095.351,483.429
145.000,12,1691.939,375.428,128.578
145.000,13,1168.996,734.516,463.955
145.000,14,1299.964,744.031,477.599
145.000,15,803.940,922.674,413.093
145.000,16,798.772,41.937,519.112
145.000,17,2453.966,329.875,262.919
145.000,18,2456.957,495.709,398.738
145.000,19,2334.901,67.555,255.735
145.000,20,617.935,129.504,506.098
145.000,21,595.498,435.429,233.160
145.000,22,1133.755,1066.928,378.115
145.000,23,50.958,1321.102,128.744
145.000,24,2274.137,884.615,358.180
145.000,25,319.075,487.977,435.642
145.000,26,1238.711,1836.943,482.101
145.000,27,46.109,1396.567,288.191
145.000,28,2351.527,449.932,410.954
145.000,29,1629.215,62.300,468.120
145.000,30,1621.198,19.898,574.143
145.000,31,949.657,1793.215,409.985
145.000,32,881.576,1141.426,529.686
145.000,33,1954.195,804.534,331.571
145.000,34,120.316,1813.085,582.814
145.000,35,720.212,1904.148,522.373
145.000,36,1205.452,1639.439,183.048
145.000,37,1654.099,1209.941,567.992
145.000,38,21.537,1535.126,579.735
145.000,39,381.492,1378.398,186.341
145.000,40,943.279,1112.576,365.838
145.000,41,1949.790,1381.615,495.728
145.000,42,1680.767,803.915,194.242
145.000,43,411.710,1414.374,237.714
145.000,44,2213.800,361.994,556.793
145.000,45,2015.324,210.445,219.088
145.000,46,1029.763,1117.983,340.881
145.000,47,1777.211,461.886,181.768
145.000,48,1948.969,743.748,103.031
145.000,49,2266.026,1470.506,515.936
145.000,50,304.514,1171.948,254.730
145.000,51,1404.822,1641.893,489.019
145.000,52,1942.194,257.215,388.840
145.000,53,34.878,48.354,210.599
145.000,54,707.606,941.738,356.635
145.000,55,842.917,252.136,556.546
145.000,56,789.495,1348.911,515.745
145.000,57,2431.465,844.173,218.937
145.000,58,24.345,551.669,508.372
145.000,59,1051.017,945.915,221.121
145.000,60,2185.593,1251.194,577.311
145.000,61,1264.404,1042.246,137.596
150.000,0,2231.561,1042.715,598.073
150.000,1,1332.615,177.565,323.350
150.000,2,2060.112,1021.844,577.909
150.000,3,777.111,1527.655,343.967
150.000,4,1189.050,32.658,353.301
150.000,5,209.002,512.061,520.457
150.000,6,755.309,507.817,266.836
150.000,7,808.335,468.125,444.031
150.000,8,450.677,64.599,190.065
150.000,9,466.203,1649.389,351.881
150.000,10,201.378,508.601,576.832
150.000,11,606.920,1083.433,486.007
150.000,12,1788.161,284.333,131.659
150.000,13,1181.339,812.651,459.303
150.000,14,1203.679,732.849,479.926
150.000,15,910.085,902.333,416.329
150.000,16,738.609,109.477,513.965
150.000,17,2437.834,405.256,258.970
150.000,18,2448.520,581.101,400.094
150.000,19,2251.792,176.602,250.175
150.000,20,692.289,81.025,507.987
150.000,21,717.135,482.974,232.060
150.000,22,1211.389,973.098,373.403
150.000,23,156.969,1271.445,126.703
150.000,24,2256.152,744.108,351.578
150.000,25,289.030,628.611,440.549
150.000,26,1257.838,1856.963,482.499
150.000,27,51.998,1312.724,292.589
150.000,28,2441.059,479.510,408.108
150.000,29,1520.527,87.610,471.807
150.000,30,1695.217,136.698,570.723
150.000,31,1006.189,1875.410,406.967
150.000,32,762.708,1227.312,536.699
150.000,33,1824.594,752.999,322.806
150.000,34,148.515,1707.604,578.434
150.000,35,629.988,1844.463,524.928
150.000,36,1103.226,1674.228,179.643
150.000,37,1572.525,1192.823,571.485
150.000,38,78.059,1588.812,574.428
150.000,39,408.299,1514.805,178.377
150.000,40,1031.683,1107.266,361.625
150.000,41,1838.488,1358.854,501.092
150.000,42,1643.281,734.995,191.024
150.000,43,424.844,1499.790,240.646
150.000,44,2307.476,330.806,557.974
150.000,45,2035.989,74.282,216.394
150.000,46,1021.847,1198.768,337.567
150.000,47,1877.585,379.312,175.051
150.000,48,1855.081,635.213,103.554
150.000,49,2179.979,1523.754,519.709
150.000,50,217.975,1193.310,254.300
150.000,51,1319.631,1660.835,492.218
150.000,52,1996.506,128.728,388.343
150.000,53,21.138,45.851,206.968
150.000,54,660.289,885.541,355.294
150.000,55,915.935,214.336,556.869
150.000,56,698.257,1421.975,510.089
150.000,57,2420.495,742.891,217.573
150.000,58,130.145,627.468,512.761
150.000,59,1180.876,965.439,223.236
150.000,60,2185.971,1323.177,573.373
150.000,61,1248.527,1153.193,142.225
155.000,0,2084.826,1028.183,592.414
155.000,1,1239.763,199.361,323.026
155.000,2,1985.498,1104.338,580.271
155.000,3,661.669,1578.509,340.805
155.000,4,1182.045,156.615,351.750
155.000,5,219.605,599.737,517.016
155.000,6,652.637,508.632,262.971
155.000,7,722.692,553.258,443.990
155.000,8,555.804,89.963,193.442
155.000,9,586.513,1654.995,349.038
155.000,10,202.941,593.150,578.489
155.000,11,728.634,1056.635,490.626
155.000,12,1902.118,225.677,134.091
155.000,13,1186.440,896.573,454.555
155.000,14,1109.359,719.728,482.778
155.000,15,1020.119,881.318,419.140
155.000,16,649.979,222.763,509.427
155.000,17,2430.477,484.852,257.708
155.000,18,2458.023,669.169,400.250
155.000,19,2173.512,300.259,241.540
155.000,20,776.331,44.688,510.897
155.000,21,835.096,519.879,233.511
155.000,22,1282.791,881.358,369.644
155.000,23,272.689,1236.553,125.223
155.000,24,2222.010,612.039,343.681
155.000,25,280.113,770.764,446.072
155.000,26,1247.234,1742.739,484.349
155.000,27,128.237,1213.324,298.723
155.000,28,2464.392,515.550,405.639
155.000,29,1412.514,118.714,474.516
155.000,30,1787.728,241.480,564.900
155.000,31,1076.623,1842.102,405.528
155.000,32,642.832,1301.375,540.544
155.000,33,1707.250,681.537,317.942
155.000,34,177.474,1600.441,576.126
155.000,35,547.384,1786.929,527.341
155.000,36,1008.223,1711.136,176.740
155.000,37,1494.092,1175.421,573.608
155.000,38,176.078,1636.144,571.441
155.000,39,435.070,1651.753,170.259
155.000,40,1120.471,1079.996,359.707
155.000,41,1727.390,1351.478,508.843
155.000,42,1620.815,657.744,187.726
155.000,43,421.017,1586.300,243.883
155.000,44,2400.886,298.102,557.776
155.000,45,2038.781,72.890,213.248
155.000,46,1021.464,1293.209,332.733
155.000,47,1996.328,321.976,168.867
155.000,48,1766.067,533.157,106.014
155.000,49,2100.003,1586.145,521.695
155.000,50,136.577,1218.870,253.758
155.000,51,1234.924,1685.709,496.325
155.000,52,2044.179,18.688,388.257
155.000,53,3.737,123.832,205.882
155.000,54,599.900,836.680,352.716
155.000,55,993.757,177.860,557.737
155.000,56,617.477,1507.305,506.990
155.000,57,2409.852,639.087,215.479
155.000,58,223.134,716.950,519.748
155.000,59,1305.898,968.755,228.050
155.000,60,2196.471,1395.052,569.435
155.000,61,1235.620,1256.404,144.849
160.000,0,1946.381,1024.566,585.614
160.000,1,1137.658,209.823,323.365
160.000,2,1924.429,1203.929,583.394
160.000,3,555.650,1647.049,337.994
160.000,4,1176.475,268.609,350.654
160.000,5,224.617,690.993,511.290
160.000,6,557.563,486.238,256.140
160.000,7,621.752,625.274,443.919
160.000,8,657.818,116.423,195.348
160.000,9,707.507,1637.791,344.958
160.000,10,192.876,681.950,582.976
160.000,11,847.974,1038.476,496.833
160.000,12,2018.104,164.098,139.706
160.000,13,1183.956,974.756,452.125
160.000,14,1014.461,720.990,484.162
160.000,15,1125.474,854.168,422.751
160.000,16,581.470,344.268,504.068
160.000,17,2430.501,557.321,255.112
160.000,18,2468.790,755.612,401.539
160.000,19,2097.857,429.924,235.464
160.000,20,846.372,30.206,512.477
160.000,21,954.625,564.128,235.448
160.000,22,1358.079,777.321,363.114
160.000,23,376.309,1198.731,122.846
160.000,24,2201.712,480.139,336.441
160.000,25,267.435,916.824,452.500
160.000,26,1231.685,1630.378,486.431
160.000,27,195.316,1109.674,302.480
160.000,28,2374.897,561.629,401.699
160.000,29,1292.897,151.692,478.123
160.000,30,1880.065,350.620,559.806
160.000,31,1144.684,1767.038,404.003
160.000,32,525.222,1373.616,544.464
160.000,33,1586.093,621.551,310.790
160.000,34,201.499,1489.448,573.043
160.000,35,462.768,1743.103,527.286
160.000,36,903.464,1741.150,172.527
160.000,37,1414.890,1160.530,574.765
160.000,38,271.712,1703.575,566.771
160.000,39,482.382,1777.982,161.350
160.000,40,1209.303,1066.916,356.359
160.000,41,1622.107,1305.563,512.801
160.000,42,1609.214,576.197,184.389
160.000,43,422.063,1669.757,246.520
160.000,44,2479.592,257.487,559.843
160.000,45,2058.345,202.303,210.385
160.000,46,1012.461,1384.263,328.663
160.000,47,2104.141,254.534,168.467
160.000,48,1668.857,436.057,107.045
160.000,49,2014.009,1638.628,524.059
160.000,50,53.160,1250.243,254.016
160.000,51,1152.677,1707.275,501.856
160.000,52,2100.078,147.191,387.787
160.000,53,20.400,208.390,202.431
160.000,54,530.944,804.286,350.354
160.000,55,1067.100,138.789,559.107
160.000,56,525.814,1589.250,504.437
160.000,57,2410.836,538.333,216.619
160.000,58,317.988,802.761,525.271
160.000,59,1433.396,963.075,230.122
160.000,60,2189.654,1465.712,567.026
160.000,61,1235.115,1364.094,147.403
165.000,0,1803.511,1015.222,581.220
165.000,1,1038.663,219.237,324.045
165.000,2,1841.447,1281.255,585.666
165.000,3,448.761,1710.605,334.985
165.000,4,1127.230,371.876,349.305
165.000,5,238.361,785.190,504.304
165.000,6,454.130,495.751,250.314
165.000,7,538.281,718.724,444.984
165.000,8,757.317,116.101,198.797
165.000,9,828.459,1617.412,341.172
165.000,10,194.685,766.153,585.736
165.000,11,975.881,1017.500,502.184
165.000,12,2127.876,86.869,142.779
165.000,13,1185.185,1055.201,450.798
165.000,14,921.603,705.621,484.897
165.000,15,1233.179,826.141,426.374
165.000,16,506.867,466.926,501.264
165.000,17,2425.657,634.233,250.196
165.000,18,2475.467,841.486,403.910
165.000,19,2048.064,566.378,232.346
165.000,20,922.280,83.956,512.830
165.000,21,1067.625,621.943,237.677
165.000,22,1419.539,671.962,358.077
165.000,23,476.663,1175.840,122.371
165.000,24,2181.197,346.570,331.965
165.000,25,249.234,1061.073,460.348
165.000,26,1224.894,1523.386,489.163
165.000,27,280.206,1022.857,306.992
165.000,28,2289.359,612.660,401.327
165.000,29,1175.273,167.156,481.842
165.000,30,1990.622,433.018,558.890
165.000,31,1207.997,1684.623,402.830
165.000,32,412.615,1461.777,550.913
165.000,33,1452.690,571.793,304.238
165.000,34,221.296,1388.238,571.917
165.000,35,384.850,1685.854,528.899
165.000,36,808.059,1787.906,168.736
165.000,37,1333.041,1152.152,574.254
165.000,38,352.124,1784.627,562.770
165.000,39,538.699,1881.202,153.375
165.000,40,1307.782,1061.584,352.939
165.000,41,1516.785,1289.881,517.996
165.000,42,1581.972,505.482,182.625
165.000,43,423.885,1753.854,249.344
165.000,44,2422.384,236.730,560.447
165.000,45,2087.708,329.619,206.593
165.000,46,1002.483,1468.533,324.874
165.000,47,2220.876,182.132,162.833
165.000,48,1559.237,345.901,105.414
165.000,49,1925.214,1686.560,527.138
165.000,50,33.734,1271.977,251.969
165.000,51,1067.912,1715.260,504.868
165.000,52,2125.140,282.495,388.617
165.000,53,45.983,284.446,197.912
165.000,54,469.887,761.369,348.004
165.000,55,1150.651,115.695,560.820
165.000,56,450.344,1675.643,502.261
165.000,57,2389.211,436.030,214.719
165.000,58,404.659,909.927,530.244
165.000,59,1565.372,959.654,230.748
165.000,60,2168.544,1537.369,562.327
165.000,61,1223.226,1470.962,149.302
170.000,0,1660.860,1008.709,574.716
170.000,1,940.305,252.310,325.597
170.000,2,1764.206,1367.512,584.388
170.000,3,346.326,1774.213,332.620
170.000,4,1109.063,486.474,350.064
170.000,5,243.548,878.504,499.527
170.000,6,351.784,482.945,246.995
170.000,7,456.596,808.966,445.106
170.000,8,862.655,145.660,202.901
170.000,9,949.385,1611.140,337.028
170.000,10,172.096,854.562,588.408
170.000,11,1100.205,997.300,505.094
170.000,12,2225.802,22.744,146.620
170.000,13,1191.637,1141.229,447.569
170.000,14,827.905,690.417,488.636
170.000,15,1340.745,826.429,429.922
170.000,16,437.697,585.795,493.483
170.000,17,2426.025,712.109,247.511
170.000,18,2486.858,928.949,405.535
170.000,19,1947.110,668.586,226.529
170.000,20,997.296,129.550,515.156
170.000,21,1187.529,677.629,241.630
170.000,22,1462.894,558.791,352.849
170.000,23,589.575,1152.067,120.931
170.000,24,2157.393,207.528,327.003
170.000,25,253.440,1198.987,465.772
170.000,26,1222.334,1412.116,491.544
170.000,27,359.173,929.320,309.609
170.000,28,2216.630,674.030,401.749
170.000,29,1061.034,194.200,485.657
170.000,30,2100.718,507.835,554.416
170.000,31,1289.126,1626.072,402.636
170.000,32,311.153,1560.547,557.663
170.000,33,1340.098,495.438,297.476
170.000,34,248.769,1282.097,568.984
170.000,35,311.394,1620.035,531.150
170.000,36,708.626,1836.728,164.241
170.000,37,1254.795,1143.548,575.739
170.000,38,455.853,1829.467,561.767
170.000,39,553.053,1745.763,146.745
170.000,40,1402.904,1067.015,348.156
170.000,41,1411.418,1259.846,523.198
170.000,42,1554.732,430.592,180.221
170.000,43,428.638,1838.102,251.523
170.000,44,2326.932,220.436,560.701
170.000,45,2115.358,456.932,203.424
170.000,46,977.467,1553.298,320.596
170.000,47,2322.482,104.256,157.467
170.000,48,1458.616,246.964,105.521
170.000,49,1832.810,1733.624,530.758
170.000,50,115.792,1298.008,250.406
170.000,51,985.046,1721.444,507.951
170.000,52,2164.713,423.116,386.249
170.000,53,81.021,363.014,194.770
170.000,54,409.356,718.229,345.742
170.000,55,1235.354,89.537,562.519
170.000,56,378.231,1767.170,500.644
170.000,57,2390.628,340.605,216.594
170.000,58,504.673,998.732,533.422
170.000,59,1687.841,984.497,230.622
170.000,60,2158.084,1613.793,560.214
170.000,61,1221.747,1574.386,152.114
175.000,0,1513.557,974.345,568.748
175.000,1,831.158,263.029,328.401
175.000,2,1679.854,1444.779,586.178
175.000,3,230.836,1810.516,329.601
175.000,4,1049.623,589.887,349.398
175.000,5,257.867,970.011,495.922
175.000,6,249.996,480.074,243.653
175.000,7,378.241,905.201,443.306
175.000,8,975.458,152.258,207.098
175.000,9,1072.656,1609.642,331.765
175.000,10,170.869,941.019,590.798
175.000,11,1227.063,993.755,508.638
175.000,12,2331.109,108.563,149.658
175.000,13,1198.630,1223.065,444.213
175.000,14,736.313,661.661,491.084
175.000,15,1441.961,813.886,435.282
175.000,16,383.505,710.870,486.294
175.000,17,2419.422,785.081,244.425
175.000,18,2484.714,1015.410,406.137
175.000,19,1868.240,785.748,219.946
175.000,20,1074.738,164.400,515.828
175.000,21,1305.384,722.249,245.540
175.000,22,1526.211,453.618,351.010
175.000,23,708.472,1122.959,117.326
175.000,24,2138.552,67.165,320.784
175.000,25,264.337,1342.391,471.184
175.000,26,1234.348,1297.453,494.741
175.000,27,440.621,832.452,315.279
175.000,28,2120.840,694.145,399.524
175.000,29,952.880,232.450,489.804
175.000,30,2203.520,594.701,547.809
175.000,31,1357.789,1559.258,401.076
175.000,32,206.813,1658.791,560.915
175.000,33,1229.003,411.802,293.272
175.000,34,251.421,1176.658,566.489
175.000,35,224.239,1575.974,533.352
175.000,36,602.483,1864.316,159.955
175.000,37,1183.570,1122.664,578.411
175.000,38,545.108,1893.912,559.496
175.000,39,606.803,1619.556,140.282
175.000,40,1489.356,1037.841,344.937
175.000,41,1309.962,1221.105,526.653
175.000,42,1527.302,360.453,177.313
175.000,43,440.757,1870.023,255.418
175.000,44,2230.453,187.375,561.943
175.000,45,2126.672,593.751,197.666
175.000,46,974.732,1639.350,317.629
175.000,47,2438.590,47.718,153.474
175.000,48,1364.932,149.450,108.078
175.000,49,1734.147,1769.225,530.520
175.000,50,198.768,1330.554,247.848
175.000,51,902.167,1733.395,511.217
175.000,52,2212.714,555.753,383.041
175.000,53,98.165,442.908,192.319
175.000,54,358.103,660.162,344.558
175.000,55,1304.915,50.044,563.776
175.000,56,280.222,1838.905,497.770
175.000,57,2358.375,239.461,216.547
175.000,58,603.823,1079.792,538.059
175.000,59,1812.420,1013.110,230.038
175.000,60,2157.086,1689.186,556.919
175.000,61,1209.483,1679.451,152.706
180.000,0,1362.348,961.291,564.211
180.000,1,736.506,291.032,328.754
180.000,2,1605.363,1532.273,587.826
180.000,3,124.440,1855.971,327.692
180.000,4,1015.162,699.708,346.821
180.000,5,279.386,1056.764,492.046
180.000,6,147.851,479.102,237.782
180.000,7,300.373,1005.754,444.626
180.000,8,1080.365,154.877,210.651
180.000,9,1191.252,1611.731,328.131
180.000,10,154.399,1029.350,593.650
180.000,11,1355.333,994.082,513.624
180.000,12,2433.582,197.773,153.067
180.000,13,1203.972,1298.313,442.121
180.000,14,639.442,649.193,491.910
180.000,15,1539.804,769.772,437.863
180.000,16,308.438,831.784,481.830
180.000,17,2427.339,863.321,241.325
180.000,18,2488.772,1097.491,408.344
180.000,19,1785.644,903.859,213.891
180.000,20,1145.325,216.607,516.006
180.000,21,1436.451,762.428,245.944
180.000,22,1593.225,349.420,349.320
180.000,23,812.518,1076.530,116.150
180.000,24,2124.005,98.492,314.716
180.000,25,256.861,1486.251,479.490
180.000,26,1246.183,1183.154,495.701
180.000,27,514.350,729.713,321.461
180.000,28,2032.280,731.540,396.092
180.000,29,840.869,247.176,493.299
180.000,30,2303.921,684.521,542.090
180.000,31,1435.756,1501.459,397.926
180.000,32,81.995,1728.028,564.308
180.000,33,1107.582,345.351,289.238
180.000,34,261.748,1069.168,562.441
180.000,35,134.857,1524.433,535.338
180.000,36,506.274,1899.693,155.736
180.000,37,1099.768,1121.317,580.414
180.000,38,649.450,1855.031,556.728
180.000,39,630.541,1483.172,134.403
180.000,40,1588.699,1025.579,342.512
180.000,41,1205.608,1194.186,532.214
180.000,42,1505.412,284.881,174.287
180.000,43,451.677,1786.841,258.437
180.000,44,2139.612,152.345,564.393
180.000,45,2138.916,721.892,195.027
180.000,46,971.704,1728.823,311.336
180.000,47,2441.609,22.462,148.093
180.000,48,1270.536,43.547,109.516
180.000,49,1642.526,1821.574,530.356
180.000,50,281.947,1346.719,244.869
180.000,51,818.163,1741.603,515.763
180.000,52,2244.961,698.774,379.429
180.000,53,135.768,519.131,189.927
180.000,54,298.022,615.826,344.231
180.000,55,1376.390,12.259,565.762
180.000,56,199.179,1876.027,494.671
180.000,57,2348.589,141.169,215.332
180.000,58,717.399,1151.205,544.210
180.000,59,1938.380,1036.869,229.502
180.000,60,2140.803,1760.270,554.972
180.000,61,1224.572,1778.179,153.706
185.000,0,1220.253,958.461,560.310
185.000,1,637.588,303.262,328.153
185.000,2,1544.790,1620.851,589.430
185.000,3,26.578,1888.814,323.230
185.000,4,989.270,817.488,346.118
185.000,5,280.443,1146.571,489.385
185.000,6,51.013,453.626,235.375
185.000,7,230.407,1101.648,444.285
185.000,8,1182.986,166.387,211.558
185.000,9,1310.948,1590.095,324.659
185.000,10,147.051,1122.772,594.735
185.000,11,1483.980,1011.645,515.574
185.000,12,2450.865,267.871,157.431
185.000,13,1204.349,1375.687,439.479
185.000,14,547.526,647.598,493.777
185.000,15,1648.055,749.235,442.180
185.000,16,255.810,962.713,476.381
185.000,17,2425.864,933.310,238.438
185.000,18,2489.781,1179.299,408.661
185.000,19,1702.936,1018.515,206.440
185.000,20,1226.242,256.467,517.433
185.000,21,1556.827,799.375,246.045
185.000,22,1659.389,248.756,346.202
185.000,23,925.063,1055.401,114.437
185.000,24,2124.587,241.949,309.115
185.000,25,287.959,1625.511,486.320
185.000,26,1246.702,1079.024,497.426
185.000,27,580.994,620.745,329.046
185.000,28,1939.935,768.702,393.862
185.000,29,734.039,265.580,496.996
185.000,30,2391.605,802.216,535.246
185.000,31,1499.416,1424.392,396.995
185.000,32,51.686,1785.931,568.508
185.000,33,987.597,280.005,285.152
185.000,34,282.804,959.834,559.418
185.000,35,39.590,1483.788,539.880
185.000,36,411.577,1855.497,151.295
185.000,37,1016.585,1112.509,581.101
185.000,38,737.430,1783.292,551.650
185.000,39,674.021,1343.883,125.982
185.000,40,1672.625,995.633,338.318
185.000,41,1106.178,1161.443,538.916
185.000,42,1467.796,218.367,172.951
185.000,43,460.813,1695.460,259.410
185.000,44,2047.459,122.611,565.321
185.000,45,2186.192,846.214,189.507
185.000,46,970.491,1811.965,309.389
185.000,47,2323.685,83.494,143.123
185.000,48,1188.727,74.888,113.540
185.000,49,1556.806,1871.932,530.778
185.000,50,363.233,1384.444,242.580
185.000,51,727.388,1746.717,519.432
185.000,52,2269.359,842.827,377.593
185.000,53,155.590,598.607,186.630
185.000,54,240.822,577.233,343.379
185.000,55,1446.150,21.654,568.111
185.000,56,127.026,1782.791,490.448
185.000,57,2340.046,35.383,214.696
185.000,58,823.249,1222.763,552.248
185.000,59,2064.008,1042.637,228.801
185.000,60,2127.724,1837.563,552.119
185.000,61,1210.188,1880.123,155.583
190.000,0,1082.887,930.147,554.740
190.000,1,537.191,329.602,327.539
190.000,2,1473.958,1708.448,591.230
190.000,3,98.823,1823.259,321.463
190.000,4,965.703,933.684,344.432
190.000,5,287.458,1241.785,484.340
190.000,6,71.374,443.665,232.108
190.000,7,150.594,1195.005,443.430
190.000,8,1288.825,184.954,215.422
190.000,9,1433.614,1596.351,319.736
190.000,10,144.627,1215.712,598.110
190.000,11,1607.013,1010.737,518.475
190.000,12,2338.480,328.008,161.531
190.000,13,1193.198,1455.864,437.876
190.000,14,448.083,644.320,495.790
190.000,15,1755.772,726.991,447.148
190.000,16,176.774,1079.935,468.171
190.000,17,2412.638,1009.695,235.011
190.000,18,2479.926,1265.684,409.468
190.000,19,1625.663,1137.422,199.253
190.000,20,1307.671,294.780,517.692
190.000,21,1664.224,866.262,247.011
190.000,22,1734.212,155.248,344.353
190.000,23,1026.931,1011.786,111.505
190.000,24,2088.814,380.089,302.245
190.000,25,322.561,1768.873,491.675
190.000,26,1250.093,968.672,498.740
190.000,27,641.550,516.865,334.048
190.000,28,1850.768,812.692,389.026
190.000,29,620.706,288.344,500.280
190.000,30,2483.365,903.322,527.475
190.000,31,1559.994,1340.202,395.643
190.000,32,180.904,1840.301,573.681
190.000,33,874.102,198.873,278.916
190.000,34,292.703,855.670,554.571
190.000,35,47.777,1439.049,543.953
190.000,36,318.778,1803.431,146.292
190.000,37,938.135,1101.680,583.831
190.000,38,825.694,1714.982,546.754
190.000,39,698.372,1203.585,117.346
190.000,40,1761.082,959.193,334.454
190.000,41,1008.084,1119.335,544.023
190.000,42,1441.464,140.851,169.866
190.000,43,456.371,1612.819,263.183
190.000,44,1956.052,100.310,565.682
190.000,45,2204.716,976.449,187.523
190.000,46,958.102,1900.320,306.141
190.000,47,2211.383,145.183,137.915
190.000,48,1081.515,170.093,114.361
190.000,49,1481.274,1863.350,532.209
190.000,50,447.567,1378.291,242.971
190.000,51,642.834,1749.701,523.028
190.000,52,2327.543,971.736,378.585
190.000,53,182.545,683.403,185.795
190.000,54,190.083,524.855,341.557
190.000,55,1517.707,61.323,568.118
190.000,56,50.186,1693.754,489.741
190.000,57,2326.412,73.405,213.130
190.000,58,922.450,1300.076,559.581
190.000,59,2192.840,1045.825,226.813
190.000,60,2109.320,1891.918,548.589
190.000,61,1200.701,1814.085,158.675
195.000,0,935.187,900.211,548.849
195.000,1,434.975,337.987,327.951
195.000,2,1381.920,1781.418,591.214
195.000,3,202.727,1757.759,319.659
195.000,4,929.398,1043.785,340.791
195.000,5,277.156,1332.209,480.813
195.000,6,180.586,451.050,226.883
195.000,7,48.944,1270.464,442.795
195.000,8,1398.561,187.868,218.439
195.000,9,1552.302,1570.160,313.558
195.000,10,137.428,1300.905,599.233
195.000,11,1730.698,992.310,521.726
195.000,12,2232.461,400.214,167.610
195.000,13,1192.456,1536.765,434.587
195.000,14,357.304,626.347,496.839
195.000,15,1866.465,713.619,452.683
195.000,16,108.550,1206.182,463.755
195.000,17,2416.166,1088.995,229.844
195.000,18,2487.757,1348.251,410.434
195.000,19,1561.208,1257.007,193.687
195.000,20,1379.652,348.750,519.431
195.000,21,1788.307,909.249,247.982
195.000,22,1794.556,44.123,338.213
195.000,23,1123.229,943.824,108.888
195.000,24,2075.986,520.311,295.754
195.000,25,338.233,1881.593,497.909
195.000,26,1239.667,859.786,501.195
195.000,27,720.097,423.736,337.621
195.000,28,1763.021,860.780,386.678
195.000,29,500.850,290.878,505.256
195.000,30,2426.810,1009.365,520.358
195.000,31,1630.841,1276.714,393.395
195.000,32,290.333,1873.401,575.858
195.000,33,753.994,137.400,275.173
195.000,34,298.023,749.009,552.644
195.000,35,134.298,1380.260,548.308
195.000,36,223.707,1757.897,140.561
195.000,37,865.118,1082.857,585.913
195.000,38,922.655,1659.376,542.714
195.000,39,701.478,1070.260,110.808
195.000,40,1848.869,927.354,332.915
195.000,41,910.936,1075.080,546.206
195.000,42,1425.829,65.860,167.838
195.000,43,462.521,1521.305,266.954
195.000,44,1864.984,61.928,565.331
195.000,45,2233.470,1107.488,182.562
195.000,46,930.139,1814.171,302.978
195.000,47,2105.890,212.170,134.779
195.000,48,985.287,276.704,113.548
195.000,49,1396.220,1806.411,534.008
195.000,50,531.979,1393.637,240.278
195.000,51,559.882,1762.592,526.706
195.000,52,2368.306,1103.528,375.924
195.000,53,209.336,762.114,183.383
195.000,54,138.140,476.628,339.232
195.000,55,1587.796,102.609,568.926
195.000,56,36.524,1603.402,487.990
195.000,57,2332.051,171.361,212.571
195.000,58,1025.362,1369.892,562.721
195.000,59,2318.312,1061.455,227.168
195.000,60,2109.685,1820.458,545.603
195.000,61,1202.358,1712.857,161.188
200.000,0,787.790,861.233,543.229
200.000,1,331.218,358.209,326.780
200.000,2,1296.312,1865.280,590.477
200.000,3,327.776,1721.598,316.775
200.000,4,905.084,1156.359,337.540
200.000,5,263.014,1425.934,475.914
200.000,6,285.617,426.792,221.254
200.000,7,55.901,1348.053,443.270
200.000,8,1506.803,198.449,224.110
200.000,9,1676.212,1556.376,310.145
200.000,10,136.496,1395.379,596.045
200.000,11,1856.091,972.600,525.266
200.000,12,2129.211,483.102,170.572
200.000,13,1185.953,1618.192,432.008
200.000,14,269.253,602.585,498.621
200.000,15,1973.899,708.826,457.399
200.000,16,41.200,1329.257,455.665
200.000,17,2419.781,1165.254,225.090
200.000,18,2486.575,1438.042,411.367
200.000,19,1476.151,1365.478,186.123
200.000,20,1451.447,398.301,522.298
200.000,21,1900.707,968.950,252.263
200.000,22,1860.951,66.879,336.242
200.000,23,1234.352,923.303,107.495
200.000,24,2037.906,656.110,290.125
200.000,25,348.145,1737.404,500.820
200.000,26,1253.135,749.881,502.634
200.000,27,803.184,329.626,343.602
200.000,28,1676.997,907.964,383.329
200.000,29,394.620,335.158,507.900
200.000,30,2324.910,1100.866,514.297
200.000,31,1694.224,1203.522,390.205
200.000,32,378.631,1767.531,580.763
200.000,33,626.596,83.239,269.303
200.000,34,294.208,641.572,548.458
200.000,35,223.624,1348.086,551.253
200.000,36,124.903,1707.112,136.258
200.000,37,788.343,1075.988,587.153
200.000,38,1013.747,1602.607,538.819
200.000,39,723.167,935.003,101.564
200.000,40,1936.226,899.690,330.207
200.000,41,804.456,1044.088,552.133
200.000,42,1401.605,7.789,166.332
200.000,43,476.287,1435.250,270.068
200.000,44,1768.120,50.939,566.431
200.000,45,2261.960,1231.290,180.411
200.000,46,902.553,1727.050,296.751
200.000,47,2002.306,282.197,131.286
200.000,48,885.763,383.821,115.330
200.000,49,1325.809,1744.405,534.690
200.000,50,616.746,1422.111,239.079
200.000,51,476.169,1782.815,529.218
200.000,52,2428.197,1233.932,374.123
200.000,53,244.306,828.659,180.892
200.000,54,78.543,440.134,337.386
200.000,55,1657.872,141.657,572.002
200.000,56,114.677,1512.163,482.197
200.000,57,2304.440,273.964,210.138
200.000,58,1131.989,1453.687,568.745
200.000,59,2440.645,1091.747,224.422
200.000,60,2121.705,1744.843,543.610
200.000,61,1198.282,1610.649,164.855
205.000,0,646.076,844.114,540.433
205.000,1,228.735,384.470,327.431
205.000,2,1216.898,1871.534,592.330
205.000,3,445.444,1677.147,315.999
205.000,4,868.288,1268.102,335.223
205.000,5,265.581,1521.178,469.368
205.000,6,389.638,421.329,217.589
205.000,7,137.539,1449.839,441.321
205.000,8,1612.929,210.141,226.982
205.000,9,1792.189,1512.902,306.993
205.000,10,138.689,1478.795,593.724
205.000,11,1984.022,971.953,530.379
205.000,12,2035.953,585.558,172.234
205.000,13,1192.312,1701.164,428.889
205.000,14,178.867,574.158,499.041
205.000,15,2075.271,684.781,460.932
205.000,16,55.444,1447.351,443.770
205.000,17,2415.278,1241.086,222.664
205.000,18,2483.552,1527.260,412.355
205.000,19,1417.330,1492.003,180.720
205.000,20,1519.168,444.566,523.686
205.000,21,2027.932,997.191,250.948
205.000,22,1912.787,173.981,333.434
205.000,23,1349.045,896.349,105.483
205.000,24,2003.673,784.549,283.688
205.000,25,327.020,1597.379,508.424
205.000,26,1274.680,637.615,503.601
205.000,27,899.574,249.969,346.039
205.000,28,1587.879,949.180,380.062
205.000,29,280.094,363.703,511.003
205.000,30,2229.282,1192.899,512.832
205.000,31,1763.160,1124.278,387.887
205.000,32,492.917,1688.693,588.057
205.000,33,502.983,12.970,263.087
205.000,34,315.263,536.864,546.072
205.000,35,320.630,1310.557,552.327
205.000,36,31.163,1662.399,134.105
205.000,37,710.780,1062.760,589.221
205.000,38,1106.313,1551.158,535.792
205.000,39,741.181,801.978,102.844
205.000,40,2021.418,880.451,329.079
205.000,41,696.418,1027.893,556.055
205.000,42,1376.852,87.182,163.395
205.000,43,478.155,1351.548,272.725
205.000,44,1674.294,40.219,568.230
205.000,45,2273.087,1358.674,177.792
205.000,46,885.488,1635.180,292.399
205.000,47,1908.114,373.770,126.009
205.000,48,807.841,505.586,115.996
205.000,49,1233.968,1690.275,535.911
205.000,50,701.069,1453.053,238.665
205.000,51,393.308,1800.991,531.726
205.000,52,2458.079,1376.830,376.451
205.000,53,264.749,910.122,178.378
205.000,54,11.807,409.620,335.022
205.000,55,1734.609,186.720,573.877
205.000,56,193.272,1428.397,479.006
205.000,57,2278.300,372.319,209.882
205.000,58,1240.962,1533.542,574.878
205.000,59,2439.498,1109.108,222.806
205.000,60,2107.685,1669.609,539.006
205.000,61,1207.657,1503.882,166.261
210.000,0,500.084,840.540,534.793
210.000,1,128.874,405.186,328.852
210.000,2,1139.091,1787.128,594.148
210.000,3,551.832,1606.248,314.558
210.000,4,846.381,1379.415,331.877
210.000,5,267.832,1610.977,465.203
210.000,6,492.448,411.459,213.082
210.000,7,217.256,1550.851,440.630
210.000,8,1713.250,223.047,228.707
210.000,9,1909.714,1484.686,303.012
210.000,10,127.397,1560.635,589.491
210.000,11,2110.496,969.982,536.416
210.000,12,1933.170,664.324,178.143
210.000,13,1202.652,1781.415,426.818
210.000,14,82.343,563.365,498.704
210.000,15,2188.119,652.572,466.782
210.000,16,108.484,1577.532,435.348
210.000,17,2400.257,1321.902,219.825
210.000,18,2500.710,1609.506,415.269
210.000,19,1320.353,1601.443,176.131
210.000,20,1579.082,514.805,526.988
210.000,21,2149.778,1051.039,257.817
210.000,22,1974.706,277.194,333.722
210.000,23,1463.388,877.562,103.446
210.000,24,1989.205,914.114,276.760
210.000,25,332.210,1450.977,513.886
210.000,26,1258.292,524.598,502.852
210.000,27,967.496,157.624,351.671
210.000,28,1496.745,981.960,378.508
210.000,29,170.263,412.533,512.983
210.000,30,2134.441,1295.292,509.581
210.000,31,1835.097,1049.969,387.658
210.000,32,610.268,1602.627,592.573
210.000,33,373.520,52.735,259.213
210.000,34,322.289,429.260,542.539
210.000,35,412.854,1265.289,556.713
210.000,36,56.326,1595.763,131.592
210.000,37,625.211,1048.542,590.672
210.000,38,1197.455,1478.799,533.483
210.000,39,758.619,661.375,107.156
210.000,40,2104.903,848.423,326.382
210.000,41,593.366,980.769,561.739
210.000,42,1356.845,167.259,161.034
210.000,43,459.477,1269.514,276.463
210.000,44,1576.942,36.855,568.048
210.000,45,2307.174,1484.815,171.695
210.000,46,878.575,1553.150,288.787
210.000,47,1802.358,453.724,121.647
210.000,48,706.331,610.390,113.945
210.000,49,1150.529,1634.744,538.676
210.000,50,782.910,1478.999,237.032
210.000,51,308.440,1834.565,535.763
210.000,52,2494.299,1510.895,377.407
210.000,53,304.240,981.545,175.413
210.000,54,52.563,369.097,331.934
210.000,55,1798.845,223.895,575.658
210.000,56,274.981,1346.382,477.295
210.000,57,2263.842,472.280,208.428
210.000,58,1356.705,1595.762,580.489
210.000,59,2320.441,1132.970,220.497
210.000,60,2097.490,1595.088,537.098
210.000,61,1215.611,1396.799,169.444
215.000,0,365.390,817.650,527.995
215.000,1,29.229,412.733,327.862
215.000,2,1075.297,1697.149,595.582
215.000,3,665.650,1554.621,311.670
215.000,4,821.067,1487.347,332.131
215.000,5,256.660,1698.966,460.003
215.000,6,596.361,400.909,209.248
215.000,7,300.830,1657.711,439.299
215.000,8,1818.698,222.847,229.718
215.000,9,2028.099,1461.155,298.412
215.000,10,126.173,1661.301,585.744
215.000,11,2236.634,973.103,541.827
215.000,12,1838.678,746.676,186.343
215.000,13,1198.564,1854.860,424.822
215.000,14,10.772,537.826,500.113
215.000,15,2291.254,625.862,467.256
215.000,16,179.400,1700.171,427.449
215.000,17,2384.675,1393.147,216.192
215.000,18,2499.234,1694.698,417.166
215.000,19,1245.800,1720.260,169.756
215.000,20,1662.427,547.387,529.632
215.000,21,2283.938,1067.335,261.612
215.000,22,2043.482,378.407,328.405
215.000,23,1574.256,838.105,101.829
215.000,24,1978.703,1048.999,269.043
215.000,25,321.489,1303.329,518.880
215.000,26,1267.253,417.158,507.156
215.000,27,1036.779,53.654,356.060
215.000,28,1406.550,1026.081,376.637
215.000,29,55.679,437.760,517.275
215.000,30,2046.796,1400.019,503.543
215.000,31,1893.114,960.111,384.164
215.000,32,730.508,1526.404,596.838
215.000,33,242.963,120.271,252.763
215.000,34,313.546,322.771,541.075
215.000,35,499.323,1209.987,558.765
215.000,36,151.488,1548.254,128.008
215.000,37,545.933,1022.527,594.228
215.000,38,1292.395,1407.932,528.899
215.000,39,769.644,518.282,113.871
215.000,40,2195.472,832.555,324.539
215.000,41,484.217,950.054,568.500
215.000,42,1337.609,246.219,157.022
215.000,43,456.149,1186.942,277.763
215.000,44,1483.539,9.006,565.241
215.000,45,2309.006,1615.149,169.441
215.000,46,872.311,1470.616,284.485
215.000,47,1682.468,498.664,118.003
215.000,48,614.894,720.152,114.610
215.000,49,1056.299,1592.811,541.398
215.000,50,868.004,1506.430,235.950
215.000,51,222.131,1855.261,540.573
215.000,52,2486.436,1651.240,375.128
215.000,53,325.797,1059.505,172.769
215.000,54,119.810,328.965,330.847
215.000,55,1871.689,257.440,576.177
215.000,56,348.035,1259.337,474.154
215.000,57,2226.398,570.762,208.230
215.000,58,1441.101,1695.091,586.366
215.000,59,2201.099,1167.807,220.641
215.000,60,2087.067,1515.405,535.193
215.000,61,1238.604,1292.568,173.472
220.000,0,231.079,758.467,523.891
220.000,1,65.542,431.237,328.434
220.000,2,998.568,1616.143,594.667
220.000,3,765.896,1486.755,309.061
220.000,4,777.095,1599.006,330.377
220.000,5,260.059,1787.229,454.393
220.000,6,700.424,391.745,205.831
220.000,7,380.292,1751.456,440.278
220.000,8,1919.900,239.195,232.246
220.000,9,2139.263,1420.276,294.142
220.000,10,109.729,1750.841,583.445
220.000,11,2356.673,965.682,545.041
220.000,12,1730.363,828.691,191.160
220.000,13,1197.512,1870.842,422.414
220.000,14,107.529,531.203,501.800
220.000,15,2390.378,589.910,472.101
220.000,16,265.360,1816.236,420.487
220.000,17,2394.636,1464.233,212.624
220.000,18,2476.089,1781.302,418.812
220.000,19,1161.697,1838.464,163.423
220.000,20,1738.416,589.475,531.423
220.000,21,2393.854,1143.810,263.654
220.000,22,2087.156,487.844,323.448
220.000,23,1686.918,818.731,100.593
220.000,24,1950.191,1185.495,263.637
220.000,25,311.217,1163.878,524.204
220.000,26,1272.159,309.606,510.598
220.000,27,1106.068,49.447,358.570
220.000,28,1323.753,1082.636,373.149
220.000,29,78.348,477.416,523.308
220.000,30,1968.461,1512.511,498.669
220.000,31,1945.228,871.187,383.583
220.000,32,852.439,1453.590,598.396
220.000,33,128.821,187.023,245.690
220.000,34,336.228,221.318,537.537
220.000,35,590.216,1161.696,563.197
220.000,36,244.526,1504.318,124.502
220.000,37,460.945,1019.718,597.301
220.000,38,1383.986,1342.915,523.155
220.000,39,792.906,378.299,119.652
220.000,40,2284.511,800.457,321.112
220.000,41,378.412,917.230,574.447
220.000,42,1301.005,324.233,154.324
220.000,43,449.396,1103.882,279.393
220.000,44,1391.771,3.672,566.817
220.000,45,2309.283,1746.001,170.076
220.000,46,881.110,1383.272,278.031
220.000,47,1565.017,559.102,113.134
220.000,48,519.223,824.442,113.662
220.000,49,964.490,1549.308,543.784
220.000,50,952.084,1531.070,233.129
220.000,51,138.358,1868.050,542.830
220.000,52,2443.422,1786.409,370.985
220.000,53,344.434,1137.158,169.801
220.000,54,184.235,287.517,326.843
220.000,55,1939.978,303.763,577.428
220.000,56,432.814,1179.054,469.459
220.000,57,2199.090,674.155,207.688
220.000,58,1554.342,1760.870,592.638
220.000,59,2073.349,1185.608,222.150
220.000,60,2088.075,1439.584,532.451
220.000,61,1225.007,1185.916,176.972
225.000,0,83.525,719.406,519.710
225.000,1,165.105,452.745,328.282
225.000,2,923.743,1524.719,597.547
225.000,3,872.760,1430.911,308.553
225.000,4,744.711,1710.907,326.131
225.000,5,271.433,1882.911,449.860
225.000,6,803.101,376.456,200.465
225.000,7,461.829,1846.452,440.198
225.000,8,2014.420,273.415,233.715
225.000,9,2257.532,1417.560,291.358
225.000,10,104.143,1841.259,581.425
225.000,11,2482.961,949.630,548.344
225.000,12,1626.500,911.961,194.222
225.000,13,1193.525,1791.280,420.691
225.000,14,204.364,512.651,505.733
225.000,15,2493.431,587.934,475.434
225.000,16,330.724,1844.680,411.481
225.000,17,2383.104,1539.766,209.682
225.000,18,2466.469,1865.156,420.203
225.000,19,1067.039,1847.158,155.879
225.000,20,1820.444,626.464,532.564
225.000,21,2479.387,1203.603,268.543
225.000,22,2144.283,590.945,316.652
225.000,23,1795.280,769.188,101.107
225.000,24,1903.188,1319.585,262.441
225.000,25,328.382,1018.018,529.021
225.000,26,1256.485,201.030,514.866
225.000,27,1180.915,149.070,362.717
225.000,28,1239.307,1123.898,370.431
225.000,29,185.123,507.369,527.772
225.000,30,1858.580,1587.963,496.521
225.000,31,2018.123,801.775,382.594
225.000,32,974.104,1371.338,594.211
225.000,33,4.243,248.004,239.136
225.000,34,355.118,120.168,534.648
225.000,35,680.254,1117.424,566.112
225.000,36,346.609,1474.405,119.000
225.000,37,381.365,1005.228,598.509
225.000,38,1486.290,1294.282,519.194
225.000,39,803.258,237.748,127.177
225.000,40,2377.912,789.330,317.219
225.000,41,274.271,865.926,579.228
225.000,42,1260.432,391.119,151.762
225.000,43,453.593,1018.082,280.744
225.000,44,1291.776,14.254,569.713
225.000,45,2354.202,1873.999,166.741
225.000,46,865.651,1302.108,273.724
225.000,47,1473.261,645.507,108.372
225.000,48,437.289,938.707,114.624
225.000,49,872.378,1499.964,543.736
225.000,50,1035.179,1550.167,233.156
225.000,51,55.659,1885.323,545.613
225.000,52,2419.168,1889.907,372.188
225.000,53,359.058,1214.328,166.588
225.000,54,240.903,243.904,324.575
225.000,55,2005.400,342.393,578.879
225.000,56,518.075,1100.030,467.110
225.000,57,2179.556,775.150,206.245
225.000,58,1671.286,1822.535,598.368
225.000,59,1939.769,1189.083,223.116
225.000,60,2079.740,1361.245,527.875
225.000,61,1212.892,1080.817,177.856
230.000,0,81.359,714.816,512.448
230.000,1,266.946,480.799,327.147
230.000,2,848.328,1441.748,598.908
230.000,3,994.695,1402.307,310.361
230.000,4,702.985,1821.059,321.341
230.000,5,281.136,1828.188,446.022
230.000,6,916.437,367.268,193.882
230.000,7,537.800,1866.807,441.171
230.000,8,2119.119,284.055,236.588
230.000,9,2382.533,1419.817,287.497
230.000,10,85.985,1875.965,578.150
230.000,11,2384.472,960.996,552.791
230.000,12,1516.503,979.019,196.674
230.000,13,1183.624,1709.342,418.564
230.000,14,299.788,473.080,508.672
230.000,15,2385.305,575.783,478.151
230.000,16,382.407,1717.626,403.546
230.000,17,2381.405,1618.650,207.035
230.000,18,2453.948,1848.755,422.353
230.000,19,1001.371,1718.475,148.327
230.000,20,1905.014,659.846,532.871
230.000,21,2367.543,1268.304,268.407
230.000,22,2214.545,692.589,312.844
230.000,23,1907.122,725.647,102.172
230.000,24,1870.186,1454.596,255.363
230.000,25,319.867,867.257,535.370
230.000,26,1279.086,95.823,518.160
230.000,27,1242.487,262.000,364.828
230.000,28,1143.421,1151.357,366.902
230.000,29,296.721,524.903,532.141
230.000,30,1762.856,1681.772,489.537
230.000,31,2074.460,718.571,381.146
230.000,32,1068.106,1264.414,590.081
230.000,33,134.574,291.464,234.476
230.000,34,356.874,13.645,530.880
230.000,35,772.163,1073.295,571.518
230.000,36,436.705,1426.959,114.689
230.000,37,297.368,990.973,598.588
230.000,38,1580.980,1220.953,514.710
230.000,39,850.357,113.016,134.206
230.000,40,2467.436,764.991,314.036
230.000,41,169.010,832.869,583.957
230.000,42,1246.700,468.264,149.228
230.000,43,472.945,936.200,281.163
230.000,44,1191.060,26.706,570.857
230.000,45,2377.186,1795.275,161.651
230.000,46,856.410,1211.949,269.297
230.000,47,1370.406,719.435,101.092
230.000,48,346.378,1048.068,114.803
230.000,49,776.443,1465.759,544.668
230.000,50,1122.183,1576.995,231.021
230.000,51,23.665,1901.056,548.948
230.000,52,2393.608,1749.834,372.374
230.000,53,380.490,1286.813,163.458
230.000,54,307.357,202.841,320.352
230.000,55,2078.197,374.561,579.128
230.000,56,609.462,1027.751,462.799
230.000,57,2152.758,869.311,206.145
230.000,58,1773.454,1899.819,594.921
230.000,59,1812.793,1201.376,220.692
230.000,60,2083.960,1292.256,523.523
230.000,61,1226.084,973.339,183.739
235.000,0,215.725,708.831,504.276
235.000,1,365.013,514.038,329.545
235.000,2,787.045,1351.373,597.859
235.000,3,1087.636,1313.673,308.679
235.000,4,672.095,1859.238,317.702
235.000,5,277.083,1738.936,442.324
235.000,6,1018.232,347.450,189.678
235.000,7,629.982,1782.312,440.443
235.000,8,2228.003,296.527,239.623
235.000,9,2479.317,1399.406,280.636
235.000,10,72.682,1785.344,575.531
235.000,11,2259.893,963.058,556.250
235.000,12,1414.946,1054.292,201.028
235.000,13,1189.167,1630.240,415.828
235.000,14,394.828,466.380,508.536
235.000,15,2276.348,565.231,479.970
235.000,16,450.389,1599.257,396.954
235.000,17,2376.125,1695.491,205.349
235.000,18,2432.024,1766.606,422.981
235.000,19,905.243,1610.866,138.314
235.000,20,1986.699,690.663,534.483
235.000,21,2241.491,1302.934,269.116
235.000,22,2271.688,793.341,306.334
235.000,23,2017.407,695.968,104.996
235.000,24,1831.533,1591.941,252.984
235.000,25,300.779,725.386,537.842
235.000,26,1283.044,25.388,523.195
235.000,27,1304.492,369.841,368.131
235.000,28,1058.326,1201.912,362.829
235.000,29,409.005,536.342,537.831
235.000,30,1661.309,1775.411,485.448
235.000,31,2154.314,660.523,378.441
235.000,32,1187.498,1189.603,585.825
235.000,33,247.142,369.139,228.430
235.000,34,369.846,101.018,526.575
235.000,35,872.179,1025.189,575.163
235.000,36,537.056,1377.899,110.256
235.000,37,215.701,971.873,599.490
235.000,38,1661.765,1145.220,512.619
235.000,39,885.327,41.571,139.633
235.000,40,2435.274,736.948,310.585
235.000,41,59.867,815.892,588.355
235.000,42,1218.293,541.984,146.412
235.000,43,468.565,854.271,282.226
235.000,44,1100.030,40.067,572.275
235.000,45,2393.223,1668.475,157.715
235.000,46,844.137,1126.003,264.337
235.000,47,1258.547,778.629,103.599
235.000,48,251.768,1156.400,114.365
235.000,49,687.071,1422.463,546.453
235.000,50,1205.855,1605.668,230.597
235.000,51,102.898,1892.597,551.757
235.000,52,2350.703,1609.271,370.563
235.000,53,389.763,1361.530,160.500
235.000,54,365.722,160.945,317.863
235.000,55,2149.445,422.463,581.937
235.000,56,694.241,946.742,459.469
235.000,57,2130.660,964.642,205.388
235.000,58,1876.364,1815.792,588.084
235.000,59,1688.540,1226.957,221.652
235.000,60,2078.385,1220.188,519.974
235.000,61,1220.863,871.634,186.226
240.000,0,362.082,701.240,497.814
240.000,1,463.772,538.932,327.829
240.000,2,720.862,1258.791,596.497
240.000,3,1198.028,1258.037,307.651
240.000,4,649.058,1747.702,315.652
240.000,5,273.470,1648.952,437.420
240.000,6,1121.478,331.104,186.401
240.000,7,711.953,1683.956,441.190
240.000,8,2334.114,298.164,242.500
240.000,9,2349.586,1390.272,274.214
240.000,10,69.463,1693.204,571.336
240.000,11,2130.147,979.802,561.172
240.000,12,1307.836,1126.435,204.251
240.000,13,1212.594,1548.498,414.863
240.000,14,488.016,454.709,511.114
240.000,15,2167.673,573.983,486.234
240.000,16,502.149,1468.107,390.747
240.000,17,2383.172,1773.915,202.384
240.000,18,2417.189,1679.305,422.560
240.000,19,816.429,1496.684,130.947
240.000,20,2067.104,732.191,535.488
240.000,21,2114.642,1346.120,268.973
240.000,22,2350.712,881.593,305.406
240.000,23,2124.249,660.494,107.157
240.000,24,1824.471,1737.689,246.621
240.000,25,299.374,581.578,544.184
240.000,26,1296.065,133.940,527.576
240.000,27,1388.429,458.788,373.553
240.000,28,961.876,1223.335,359.043
240.000,29,514.101,586.403,539.696
240.000,30,1582.347,1882.827,482.770
240.000,31,2231.581,602.425,376.920
240.000,32,1300.101,1119.972,581.028
240.000,33,370.490,428.621,223.334
240.000,34,395.272,201.625,521.817
240.000,35,962.193,976.039,577.075
240.000,36,637.660,1338.595,104.181
240.000,37,134.272,953.821,597.949
240.000,38,1759.931,1084.466,507.224
240.000,39,887.817,185.833,144.076
240.000,40,2353.891,717.551,305.308
240.000,41,64.956,792.080,594.305
240.000,42,1203.821,620.138,144.566
240.000,43,480.533,773.597,285.661
240.000,44,1017.582,70.811,571.601
240.000,45,2446.324,1551.597,155.307
240.000,46,828.947,1045.267,261.754
240.000,47,1149.948,854.578,107.466
240.000,48,162.384,1275.146,118.352
240.000,49,601.704,1374.060,544.868
240.000,50,1283.231,1634.489,231.404
240.000,51,192.492,1878.009,555.768
240.000,52,2329.622,1467.474,370.141
240.000,53,405.830,1434.276,157.541
240.000,54,425.935,113.477,314.376
240.000,55,2217.893,465.103,583.439
240.000,56,751.186,845.488,456.894
240.000,57,2101.292,1068.630,205.343
240.000,58,1979.796,1726.104,583.468
240.000,59,1555.763,1229.856,220.729
240.000,60,2082.001,1152.874,517.460
240.000,61,1225.147,760.482,187.748
245.000,0,509.632,672.766,491.184
245.000,1,565.508,553.960,328.350
245.000,2,645.203,1177.069,596.915
245.000,3,1317.176,1218.913,304.235
245.000,4,612.242,1645.207,314.747
245.000,5,288.284,1553.550,431.649
245.000,6,1228.769,317.964,180.789
245.000,7,756.195,1556.920,440.074
245.000,8,2430.441,329.973,244.983
245.000,9,2235.241,1382.709,270.550
245.000,10,74.993,1594.764,569.959
245.000,11,2011.430,940.472,564.415
245.000,12,1187.279,1187.045,208.905
245.000,13,1211.015,1468.643,412.517
245.000,14,587.134,436.253,514.840
245.000,15,2057.759,561.951,491.049
245.000,16,569.285,1349.357,384.873
245.000,17,2372.779,1852.873,198.054
245.000,18,2401.206,1595.315,422.232
245.000,19,711.010,1398.567,128.902
245.000,20,2136.535,778.081,537.574
245.000,21,2002.543,1404.750,270.074
245.000,22,2405.240,993.024,303.607
245.000,23,2225.353,602.342,111.169
245.000,24,1808.489,1873.830,238.970
245.000,25,296.563,440.861,551.785
245.000,26,1298.673,241.579,528.296
245.000,27,1461.317,561.605,379.815
245.000,28,889.248,1289.308,354.554
245.000,29,617.982,624.330,544.625
245.000,30,1494.286,1826.636,477.571
245.000,31,2313.562,551.316,374.886
245.000,32,1419.375,1045.412,580.060
245.000,33,489.452,495.173,217.749
245.000,34,416.971,308.077,520.837
245.000,35,1050.621,920.298,582.173
245.000,36,730.617,1301.011,101.400
245.000,37,47.026,931.771,595.971
245.000,38,1859.849,1027.480,503.711
245.000,39,911.573,321.788,151.345
245.000,40,2260.012,703.665,301.038
245.000,41,165.009,757.135,598.591
245.000,42,1178.211,695.451,140.802
245.000,43,465.696,685.750,289.163
245.000,44,923.323,83.929,573.945
245.000,45,2468.653,1423.366,148.691
245.000,46,796.030,962.138,257.251
245.000,47,1051.299,936.818,110.457
245.000,48,84.004,1388.853,120.404
245.000,49,516.483,1310.162,546.454
245.000,50,1361.579,1669.175,229.336
245.000,51,278.821,1872.900,560.462
245.000,52,2295.015,1328.251,368.395
245.000,53,451.861,1503.982,153.926
245.000,54,484.589,65.920,313.680
245.000,55,2294.671,504.072,586.187
245.000,56,818.847,749.410,453.681
245.000,57,2090.860,1176.255,204.447
245.000,58,2068.255,1620.904,576.724
245.000,59,1436.329,1253.571,219.158
245.000,60,2069.550,1080.570,514.858
245.000,61,1209.999,652.676,191.285
250.000,0,657.710,643.186,487.584
250.000,1,667.193,575.366,328.151
250.000,2,567.257,1097.741,598.852
250.000,3,1418.989,1148.618,302.910
250.000,4,584.613,1530.648,317.134
250.000,5,303.465,1465.710,425.763
250.000,6,1338.057,322.398,177.204
250.000,7,818.220,1448.972,438.828
250.000,8,2468.773,355.250,247.195
250.000,9,2109.977,1363.934,265.402
250.000,10,73.669,1510.575,566.457
250.000,11,1885.808,911.843,568.656
250.000,12,1086.236,1266.715,211.997
250.000,13,1188.518,1389.112,412.160
250.000,14,681.132,427.047,517.372
250.000,15,1954.659,555.463,493.974
250.000,16,648.084,1232.124,378.012
250.000,17,2358.301,1873.473,192.900
250.000,18,2407.034,1511.272,422.532
250.000,19,618.690,1281.351,121.369
250.000,20,2205.342,828.121,537.607
250.000,21,1879.833,1442.623,270.924
250.000,22,2468.278,1096.318,302.181
250.000,23,2336.375,564.770,112.646
250.000,24,1766.544,1792.180,235.173
250.000,25,312.578,303.368,558.306
250.000,26,1303.767,351.193,532.535
250.000,27,1540.132,653.496,382.680
250.000,28,811.561,1344.972,352.921
250.000,29,730.380,641.860,548.510
250.000,30,1396.647,1729.326,471.142
250.000,31,2387.266,485.875,373.018
250.000,32,1522.796,956.825,578.715
250.000,33,602.140,568.839,214.666
250.000,34,441.198,405.677,516.758
250.000,35,1144.193,866.946,585.195
250.000,36,827.915,1257.326,106.524
250.000,37,40.636,906.121,594.744
250.000,38,1954.248,966.538,499.867
250.000,39,942.125,453.047,158.081
250.000,40,2180.408,663.926,298.564
250.000,41,264.663,721.182,594.839
250.000,42,1153.913,778.367,137.158
250.000,43,476.530,606.175,291.417
250.000,44,833.514,117.054,573.535
250.000,45,2479.582,1297.929,146.335
250.000,46,790.220,870.312,253.880
250.000,47,947.595,1014.893,113.986
250.000,48,41.661,1488.170,120.534
250.000,49,421.751,1270.795,548.628
250.000,50,1445.469,1685.175,228.984
250.000,51,360.606,1862.195,563.021
250.000,52,2280.817,1187.987,367.937
250.000,53,461.258,1583.778,150.870
250.000,54,542.410,15.510,310.408
250.000,55,2362.052,559.415,587.465
250.000,56,897.609,657.688,452.288
250.000,57,2080.130,1276.656,204.311
250.000,58,2170.809,1543.021,569.389
250.000,59,1310.143,1285.975,219.221
250.000,60,2056.511,1008.789,512.564
250.000,61,1215.305,545.220,196.317
255.000,0,800.574,655.210,481.290
255.000,1,762.999,592.324,328.484
255.000,2,478.134,1034.861,597.690
255.000,3,1523.668,1090.667,301.963
255.000,4,516.582,1434.080,317.686
255.000,5,296.804,1376.097,420.562
255.000,6,1445.538,332.183,173.004
255.000,7,903.325,1358.019,437.116
255.000,8,2364.862,373.806,249.908
255.000,9,1990.788,1350.907,256.766
255.000,10,78.481,1417.475,562.128
255.000,11,1759.527,885.908,572.300
255.000,12,972.005,1327.881,215.838
255.000,13,1182.108,1318.136,409.639
255.000,14,778.801,405.899,518.793
255.000,15,1848.039,544.207,497.455
255.000,16,715.427,1102.285,369.919
255.000,17,2337.678,1798.337,188.976
255.000,18,2413.386,1429.079,424.043
255.000,19,532.557,1162.369,114.362
255.000,20,2293.777,861.460,540.106
255.000,21,1761.086,1500.752,272.692
255.000,22,2455.370,1188.072,299.884
255.000,23,2443.244,534.414,115.378
255.000,24,1759.337,1654.747,229.048
255.000,25,317.595,151.660,564.301
255.000,26,1321.401,460.294,534.728
255.000,27,1634.197,726.943,385.301
255.000,28,717.067,1375.449,350.327
255.000,29,842.891,673.320,552.953
255.000,30,1297.608,1627.185,466.342
255.000,31,2449.466,409.626,370.566
255.000,32,1633.360,869.825,571.319
255.000,33,724.016,632.813,208.846
255.000,34,451.379,509.660,514.138
255.000,35,1219.930,794.678,589.304
255.000,36,920.590,1204.244,111.445
255.000,37,124.891,903.501,592.558
255.000,38,2037.533,899.084,496.657
255.000,39,955.592,591.603,165.267
255.000,40,2095.375,629.274,294.830
255.000,41,368.982,703.962,588.764
255.000,42,1113.121,846.209,134.943
255.000,43,466.374,519.643,294.438
255.000,44,738.743,137.518,573.465
255.000,45,2497.721,1166.936,142.279
255.000,46,774.925,788.627,250.114
255.000,47,859.221,1109.654,118.673
255.000,48,138.983,1593.540,123.348
255.000,49,337.142,1221.158,548.356
255.000,50,1532.973,1713.695,229.501
255.000,51,447.781,1856.056,567.025
255.000,52,2245.046,1049.089,366.722
255.000,53,486.148,1655.574,147.537
255.000,54,608.846,29.649,307.996
255.000,55,2435.569,597.208,588.771
255.000,56,971.187,561.018,451.693
255.000,57,2064.078,1376.126,204.575
255.000,58,2273.482,1479.923,566.384
255.000,59,1184.447,1308.995,221.826
255.000,60,2044.380,931.233,509.336
255.000,61,1225.335,434.832,198.152
260.000,0,942.874,630.117,473.175
260.000,1,863.519,614.571,328.197
260.000,2,390.937,964.159,597.802
260.000,3,1642.089,1058.796,299.106
260.000,4,478.897,1331.516,315.903
260.000,5,310.249,1289.119,417.575
260.000,6,1552.332,311.807,169.660
260.000,7,999.350,1274.428,434.790
260.000,8,2255.921,388.412,253.095
260.000,9,1866.114,1344.345,251.286
260.000,10,85.756,1329.107,557.782
260.000,11,1635.572,885.442,577.810
260.000,12,882.076,1415.986,222.125
260.000,13,1186.296,1244.056,406.839
260.000,14,875.710,398.621,519.196
260.000,15,1745.302,532.476,503.286
260.000,16,792.723,981.384,363.964
260.000,17,2342.157,1724.470,186.759
260.000,18,2395.291,1344.057,425.661
260.000,19,426.877,1062.442,113.409
260.000,20,2378.739,888.589,542.284
260.000,21,1631.628,1521.378,277.345
260.000,22,2380.275,1291.054,294.420
260.000,23,2436.292,497.162,117.562
260.000,24,1723.911,1524.209,222.834
260.000,25,304.003,7.274,571.781
260.000,26,1321.981,568.847,536.808
260.000,27,1712.851,826.359,389.375
260.000,28,628.814,1406.293,346.792
260.000,29,947.513,707.611,556.481
260.000,30,1188.224,1535.686,462.209
260.000,31,2476.546,338.105,369.703
260.000,32,1758.809,801.391,566.166
260.000,33,847.707,701.156,204.720
260.000,34,469.873,620.821,512.578
260.000,35,1312.355,741.108,592.061
260.000,36,1028.184,1187.675,116.946
260.000,37,209.222,881.120,590.648
260.000,38,2136.591,852.683,492.657
260.000,39,984.591,730.542,170.404
260.000,40,2005.103,621.687,292.571
260.000,41,473.349,679.970,584.709
260.000,42,1081.967,914.930,135.014
260.000,43,463.676,436.013,297.353
260.000,44,646.073,155.780,571.457
260.000,45,2487.555,1037.832,139.130
260.000,46,769.717,703.926,246.515
260.000,47,755.606,1180.460,123.663
260.000,48,238.296,1690.889,122.637
260.000,49,262.056,1161.606,549.739
260.000,50,1620.872,1730.643,226.935
260.000,51,523.122,1827.489,570.157
260.000,52,2210.288,913.211,366.761
260.000,53,520.186,1731.964,144.767
260.000,54,673.272,77.142,306.116
260.000,55,2484.291,637.665,588.293
260.000,56,1050.210,474.532,448.943
260.000,57,2045.748,1478.511,202.314
260.000,58,2388.958,1408.668,561.551
260.000,59,1060.824,1316.391,220.085
260.000,60,2036.496,858.357,506.627
260.000,61,1217.474,334.937,200.488
265.000,0,1083.406,601.926,465.302
265.000,1,965.159,613.017,325.627
265.000,2,308.602,889.359,595.665
265.000,3,1753.126,1001.533,294.880
265.000,4,479.376,1216.853,315.605
265.000,5,306.229,1200.244,411.896
265.000,6,1657.036,305.134,164.860
265.000,7,1097.204,1188.998,432.835
265.000,8,2151.532,405.043,255.053
265.000,9,1747.463,1323.915,247.869
265.000,10,68.297,1243.093,554.646
265.000,11,1505.903,860.759,584.011
265.000,12,771.287,1484.220,227.035
265.000,13,1196.595,1161.644,404.377
265.000,14,969.611,382.858,521.275
265.000,15,1643.796,507.407,508.135
265.000,16,861.847,859.638,361.007
265.000,17,2325.877,1652.287,183.309
265.000,18,2385.870,1259.528,426.903
265.000,19,358.788,936.183,106.818
265.000,20,2461.185,929.849,545.265
265.000,21,1509.163,1566.129,279.841
265.000,22,2313.040,1396.907,291.777
265.000,23,2322.456,475.260,120.329
265.000,24,1684.969,1391.690,216.623
265.000,25,302.288,154.364,578.534
265.000,26,1337.408,674.072,539.816
265.000,27,1795.588,916.942,395.110
265.000,28,547.867,1446.895,343.332
265.000,29,1058.051,751.434,562.113
265.000,30,1090.674,1439.314,458.323
265.000,31,2412.883,272.435,369.378
265.000,32,1862.951,706.888,559.698
265.000,33,981.297,757.084,199.860
265.000,34,493.314,725.721,511.783
265.000,35,1404.575,695.730,594.832
265.000,36,1139.645,1178.557,119.851
265.000,37,284.341,860.082,589.652
265.000,38,2236.053,801.932,490.638
265.000,39,1029.068,859.568,177.136
265.000,40,1917.088,608.075,288.501
265.000,41,575.290,661.595,580.140
265.000,42,1063.079,996.300,132.190
265.000,43,449.985,355.396,301.692
265.000,44,555.577,171.798,572.557
265.000,45,2474.440,905.718,136.181
265.000,46,764.197,615.641,241.024
265.000,47,637.559,1244.842,130.483
265.000,48,357.839,1772.442,124.042
265.000,49,179.035,1105.030,550.615
265.000,50,1707.729,1746.737,224.262
265.000,51,605.329,1811.648,572.821
265.000,52,2180.405,774.219,365.197
265.000,53,534.092,1817.968,144.944
265.000,54,735.242,125.600,303.296
265.000,55,2397.001,662.243,589.278
265.000,56,1128.614,381.712,444.952
265.000,57,2018.505,1575.988,200.608
265.000,58,2486.305,1325.815,557.046
265.000,59,941.184,1354.457,222.506
265.000,60,2037.496,789.390,503.041
265.000,61,1202.526,228.334,203.555
270.000,0,1222.340,571.748,458.252
270.000,1,1061.252,634.943,326.750
270.000,2,239.913,799.728,593.146
270.000,3,1849.868,932.452,290.486
270.000,4,451.075,1103.349,314.151
270.000,5,329.112,1107.899,406.310
270.000,6,1759.922,284.878,161.343
270.000,7,1175.632,1093.401,431.533
270.000,8,2049.662,416.033,257.530
270.000,9,1626.322,1305.272,244.153
270.000,10,58.627,1156.826,550.146
270.000,11,1373.329,855.047,586.129
270.000,12,679.965,1573.938,231.332
270.000,13,1190.339,1081.645,400.100
270.000,14,1067.362,374.382,524.652
270.000,15,1537.795,477.993,512.510
270.000,16,908.924,730.439,354.158
270.000,17,2307.750,1580.952,180.491
270.000,18,2365.447,1170.138,426.104
270.000,19,271.853,828.291,100.461
270.000,20,2462.564,975.577,546.665
270.000,21,1388.394,1621.946,281.344
270.000,22,2245.405,1498.287,287.507
270.000,23,2209.374,457.025,124.428
270.000,24,1682.016,1252.932,211.826
270.000,25,279.264,299.002,588.251
270.000,26,1344.949,787.806,541.380
270.000,27,1872.787,1013.430,401.766
270.000,28,450.459,1474.002,341.290
270.000,29,1170.194,781.183,566.321
270.000,30,1002.159,1334.962,454.602
270.000,31,2345.964,200.945,369.862
270.000,32,1977.684,628.884,554.204
270.000,33,1092.464,836.663,194.700
270.000,34,519.086,830.018,510.993
270.000,35,1492.310,634.412,598.899
270.000,36,1244.230,1149.719,122.359
270.000,37,364.499,854.161,586.533
270.000,38,2321.482,723.602,485.465
270.000,39,1078.175,983.181,181.651
270.000,40,1830.747,572.533,285.074
270.000,41,689.404,635.427,571.862
270.000,42,1038.114,1069.082,130.580
270.000,43,467.601,279.857,303.422
270.000,44,463.085,199.752,571.104
270.000,45,2460.185,769.890,132.259
270.000,46,753.919,531.763,237.320
270.000,47,537.505,1317.107,136.779
270.000,48,449.087,1880.916,124.640
270.000,49,95.341,1045.569,553.705
270.000,50,1785.070,1777.830,220.520
270.000,51,693.796,1791.168,576.717
270.000,52,2119.654,639.595,363.797
270.000,53,556.444,1898.082,140.896
270.000,54,805.324,165.040,299.717
270.000,55,2321.858,704.794,588.921
270.000,56,1199.796,289.288,441.912
270.000,57,1994.873,1669.850,199.615
270.000,58,2408.571,1243.488,551.654
270.000,59,820.781,1383.210,222.288
270.000,60,2039.111,711.683,498.881
270.000,61,1196.000,120.585,205.996
275.000,0,1370.016,564.661,452.451
275.000,1,1163.491,655.471,327.387
275.000,2,156.522,727.510,591.610
275.000,3,1963.746,876.367,283.825
275.000,4,415.160,991.930,313.612
275.000,5,326.672,1019.248,404.876
275.000,6,1861.789,280.143,158.779
275.000,7,1240.348,988.741,429.971
275.000,8,1937.711,422.614,259.309
275.000,9,1510.298,1278.391,240.487
275.000,10,44.794,1064.504,546.812
275.000,11,1243.415,831.339,588.777
275.000,12,572.086,1649.484,238.622
275.000,13,1180.512,1003.643,397.090
275.000,14,1166.694,368.926,526.998
275.000,15,1435.235,467.857,518.221
275.000,16,955.498,604.797,348.186
275.000,17,2307.900,1501.812,179.187
275.000,18,2351.969,1086.303,426.412
275.000,19,183.462,712.244,106.794
275.000,20,2385.914,1033.990,550.576
275.000,21,1266.938,1664.399,281.364
275.000,22,2167.302,1595.251,284.137
275.000,23,2097.985,431.058,126.388
275.000,24,1650.999,1118.737,203.221
275.000,25,274.804,436.905,594.847
275.000,26,1352.512,894.382,541.615
275.000,27,1940.123,1113.496,405.831
275.000,28,363.687,1518.614,337.725
275.000,29,1287.011,808.590,569.177
275.000,30,894.990,1238.871,451.233
275.000,31,2278.174,130.129,367.189
275.000,32,2096.973,554.922,550.366
275.000,33,1194.301,932.333,188.081
275.000,34,534.522,936.931,508.558
275.000,35,1582.037,587.874,596.471
275.000,36,1342.222,1109.634,127.894
275.000,37,446.605,853.185,585.071
275.000,38,2405.110,646.845,479.832
275.000,39,1114.142,1116.309,188.405
275.000,40,1743.668,539.375,283.687
275.000,41,797.566,603.560,564.664
275.000,42,1016.102,1145.752,126.625
275.000,43,462.644,192.439,307.598
275.000,44,369.021,238.166,571.741
275.000,45,2430.763,645.104,130.582
275.000,46,743.548,449.616,234.022
275.000,47,419.643,1376.608,142.246
275.000,48,547.233,1824.052,125.425
275.000,49,17.603,1016.057,553.662
275.000,50,1870.891,1804.023,218.356
275.000,51,782.233,1760.756,581.062
275.000,52,2103.138,488.559,362.759
275.000,53,580.004,1822.764,135.962
275.000,54,865.833,212.687,297.567
275.000,55,2253.080,750.708,590.987
275.000,56,1296.828,218.919,438.298
275.000,57,1955.305,1766.854,199.161
275.000,58,2311.414,1148.275,543.502
275.000,59,694.520,1387.446,224.805
275.000,60,2032.429,636.243,495.620
275.000,61,1200.244,21.436,208.618
280.000,0,1511.039,553.920,446.442
280.000,1,1265.272,682.364,327.331
280.000,2,82.249,647.851,591.098
280.000,3,2079.460,825.637,280.715
280.000,4,384.740,881.086,310.843
280.000,5,331.428,930.654,400.010
280.000,6,1970.179,276.567,155.930
280.000,7,1329.922,896.595,427.500
280.000,8,1836.984,443.259,262.310
280.000,9,1398.241,1254.317,235.263
280.000,10,41.993,971.464,543.117
280.000,11,1118.875,831.928,590.703
280.000,12,461.622,1723.419,243.716
280.000,13,1192.667,929.211,394.074
280.000,14,1263.385,360.343,528.462
280.000,15,1324.542,446.111,520.079
280.000,16,1015.745,482.030,339.108
280.000,17,2306.004,1427.186,176.830
280.000,18,2321.445,1006.564,426.011
280.000,19,93.383,602.767,112.548
280.000,20,2300.437,1062.659,553.095
280.000,21,1150.113,1715.551,284.696
280.000,22,2087.890,1684.039,282.019
280.000,23,1990.887,395.065,130.666
280.000,24,1621.263,988.710,198.621
280.000,25,257.749,586.471,598.552
280.000,26,1380.341,1002.483,543.649
280.000,27,2033.197,1197.912,409.517
280.000,28,272.238,1539.910,336.382
280.000,29,1394.701,838.548,573.002
280.000,30,792.067,1148.683,447.848
280.000,31,2206.342,52.375,366.844
280.000,32,2218.279,500.793,548.682
280.000,33,1305.794,1015.944,184.460
280.000,34,564.312,1035.063,504.743
280.000,35,1665.640,525.316,592.633
280.000,36,1435.388,1064.796,133.492
280.000,37,523.720,843.831,584.154
280.000,38,2499.630,594.862,474.052
280.000,39,1143.840,1256.128,193.869
280.000,40,1647.792,519.120,280.276
280.000,41,900.283,566.283,559.597
280.000,42,994.524,1223.071,124.451
280.000,43,472.163,110.693,308.899
280.000,44,283.447,268.879,572.513
280.000,45,2408.798,511.100,127.581
280.000,46,729.646,359.478,229.912
280.000,47,302.558,1428.715,149.688
280.000,48,652.563,1733.889,124.140
280.000,49,98.475,955.500,556.473
280.000,50,1954.062,1841.166,216.468
280.000,51,861.544,1742.560,582.968
280.000,52,2080.852,355.904,363.898
280.000,53,598.338,1739.874,131.283
280.000,54,932.712,250.278,293.985
280.000,55,2182.971,788.473,591.925
280.000,56,1383.740,137.520,434.628
280.000,57,1937.244,1866.095,200.219
280.000,58,2201.739,1074.828,539.411
280.000,59,571.924,1391.232,226.158
280.000,60,2019.890,564.149,492.684
280.000,61,1206.054,89.912,211.056
285.000,0,1659.277,546.044,440.317
285.000,1,1370.034,694.049,327.016
285.000,2,15.166,562.025,588.122
285.000,3,2197.035,804.892,278.934
285.000,4,344.081,769.906,306.864
285.000,5,332.936,840.320,395.204
285.000,6,2077.282,279.194,149.066
285.000,7,1399.002,800.722,423.498
285.000,8,1730.850,454.315,268.193
285.000,9,1277.729,1257.382,231.233
285.000,10,22.793,883.044,540.706
285.000,11,991.236,818.356,594.776
285.000,12,371.077,1822.058,247.609
285.000,13,1201.157,849.694,391.951
285.000,14,1362.275,346.329,530.990
285.000,15,1219.888,419.632,521.936
285.000,16,1075.703,354.588,332.843
285.000,17,2298.176,1347.882,173.397
285.000,18,2302.229,921.250,429.159
285.000,19,15.392,483.040,119.019
285.000,20,2214.567,1098.124,554.314
285.000,21,1044.215,1798.477,287.522
285.000,22,2034.000,1796.139,279.874
285.000,23,1875.106,362.497,132.270
285.000,24,1604.809,855.099,193.795
285.000,25,231.083,725.472,593.602
285.000,26,1371.841,1114.191,544.452
285.000,27,2103.721,1298.763,416.130
285.000,28,176.984,1567.894,335.184
285.000,29,1504.112,872.148,578.785
285.000,30,678.418,1069.236,444.751
285.000,31,2132.533,26.200,365.601
285.000,32,2338.809,441.883,542.093
285.000,33,1420.339,1095.741,181.217
285.000,34,582.471,1142.087,499.741
285.000,35,1754.785,467.942,589.822
285.000,36,1536.647,1027.359,136.028
285.000,37,599.799,828.027,582.545
285.000,38,2408.816,535.193,471.014
285.000,39,1185.925,1388.502,198.980
285.000,40,1551.786,492.773,275.891
285.000,41,1003.670,554.327,554.901
285.000,42,970.794,1306.734,121.436
285.000,43,466.033,27.975,312.096
285.000,44,188.879,288.590,571.599
285.000,45,2389.139,383.435,123.546
285.000,46,703.136,274.084,226.900
285.000,47,206.534,1503.328,154.443
285.000,48,744.832,1626.600,125.592
285.000,49,185.420,904.716,559.806
285.000,50,2044.442,1852.874,213.047
285.000,51,943.752,1725.597,586.700
285.000,52,2047.747,219.535,361.751
285.000,53,622.927,1662.570,125.948
285.000,54,991.282,297.455,292.024
285.000,55,2112.127,828.445,593.651
285.000,56,1461.875,54.498,430.084
285.000,57,1901.883,1849.153,200.405
285.000,58,2104.498,990.514,535.313
285.000,59,447.194,1414.558,229.599
285.000,60,2021.537,485.641,489.292
285.000,61,1199.374,195.858,212.631
290.000,0,1803.495,539.432,430.716
290.000,1,1472.433,709.168,326.423
290.000,2,69.135,486.035,587.616
290.000,3,2317.116,770.828,278.299
290.000,4,322.897,656.759,307.224
290.000,5,310.260,749.109,390.599
290.000,6,2180.472,253.915,146.148
290.000,7,1483.764,706.703,422.195
290.000,8,1635.211,466.324,271.798
290.000,9,1159.520,1237.289,228.298
290.000,10,2.115,797.136,539.171
290.000,11,862.228,802.620,599.045
290.000,12,259.996,1896.350,250.127
290.000,13,1204.745,769.379,391.030
290.000,14,1467.343,339.227,531.394
290.000,15,1117.548,400.947,526.093
290.000,16,1118.898,214.384,328.449
290.000,17,2289.183,1271.354,170.196
290.000,18,2294.105,833.340,430.721
290.000,19,84.686,368.263,120.886
290.000,20,2132.672,1134.393,555.629
290.000,21,934.705,1879.687,290.760
290.000,22,1986.816,1884.680,277.046
290.000,23,1777.448,297.507,136.671
290.000,24,1574.718,720.718,186.175
290.000,25,227.105,872.149,585.896
290.000,26,1383.772,1225.590,547.839
290.000,27,2192.141,1378.146,421.158
290.000,28,81.573,1593.791,333.063
290.000,29,1612.250,903.124,583.414
290.000,30,573.151,975.870,440.283
290.000,31,2057.936,96.384,364.377
290.000,32,2445.946,356.211,533.070
290.000,33,1554.019,1155.893,177.247
290.000,34,599.890,1250.925,498.327
290.000,35,1848.224,430.356,586.890
290.000,36,1628.269,974.919,141.631
290.000,37,682.184,812.513,581.550
290.000,38,2307.912,484.871,468.623
290.000,39,1228.112,1525.033,206.853
290.000,40,1465.362,461.609,274.377
290.000,41,1106.488,525.180,552.057
290.000,42,942.979,1384.640,121.447
290.000,43,467.117,64.541,316.109
290.000,44,91.220,320.766,569.771
290.000,45,2344.533,251.379,122.726
290.000,46,674.686,191.820,223.467
290.000,47,95.153,1569.414,159.228
290.000,48,819.947,1508.056,122.963
290.000,49,269.478,853.055,562.014
290.000,50,2134.111,1866.523,211.064
290.000,51,1023.261,1694.899,591.514
290.000,52,1984.056,97.597,360.552
290.000,53,659.339,1589.226,122.317
290.000,54,1045.478,345.634,290.068
290.000,55,2031.329,855.526,595.367
290.000,56,1539.350,44.279,424.897
290.000,57,1877.843,1753.720,200.702
290.000,58,2012.530,893.470,531.523
290.000,59,321.583,1420.437,229.509
290.000,60,2022.296,410.107,486.030
290.000,61,1179.624,299.333,215.866
295.000,0,1949.075,520.804,425.612
295.000,1,1577.772,706.936,326.606
295.000,2,155.449,398.094,583.094
295.000,3,2433.337,745.561,276.105
295.000,4,294.093,547.102,305.633
295.000,5,308.737,651.580,387.912
295.000,6,2284.257,237.358,143.034
295.000,7,1552.045,605.313,421.381
295.000,8,1533.735,487.600,275.402
295.000,9,1040.832,1230.035,224.507
295.000,10,20.973,708.313,534.785
295.000,11,732.097,819.420,597.438
295.000,12,150.667,1828.346,255.692
295.000,13,1223.362,689.455,389.080
295.000,14,1565.935,340.158,530.749
295.000,15,1019.780,365.859,528.479
295.000,16,1188.606,87.114,324.117
295.000,17,2284.092,1196.866,167.946
295.000,18,2294.409,742.786,431.272
295.000,19,184.713,262.792,128.666
295.000,20,2050.406,1160.131,557.497
295.000,21,818.206,1865.803,293.016
295.000,22,1911.721,1788.760,272.241
295.000,23,1665.575,257.206,137.005
295.000,24,1557.366,583.000,181.576
295.000,25,210.922,1010.399,578.083
295.000,26,1382.975,1345.502,551.699
295.000,27,2263.060,1479.229,424.300
295.000,28,9.514,1644.329,331.167
295.000,29,1730.664,939.820,588.511
295.000,30,478.740,875.715,436.116
295.000,31,1992.207,174.138,362.518
295.000,32,2419.812,293.485,525.980
295.000,33,1670.446,1242.102,169.754
295.000,34,605.903,1369.097,495.277
295.000,35,1940.580,393.561,585.368
295.000,36,1734.013,935.874,146.175
295.000,37,759.827,793.919,579.927
295.000,38,2200.641,439.195,464.878
295.000,39,1257.078,1663.384,212.384
295.000,40,1370.930,459.297,272.400
295.000,41,1213.055,501.155,546.712
295.000,42,916.127,1458.694,119.028
295.000,43,468.957,148.314,319.471
295.000,44,12.691,336.500,571.076
295.000,45,2286.197,122.036,119.053
295.000,46,647.276,111.178,219.703
295.000,47,44.989,1630.798,164.903
295.000,48,925.949,1411.108,122.883
295.000,49,338.973,787.489,562.863
295.000,50,2222.456,1888.190,209.324
295.000,51,1105.412,1678.138,595.302
295.000,52,1969.328,66.634,361.496
295.000,53,672.911,1506.180,118.472
295.000,54,1104.625,392.201,288.555
295.000,55,1963.683,910.656,597.259
295.000,56,1610.430,140.631,420.838
295.000,57,1873.369,1649.010,198.929
295.000,58,1918.061,805.490,528.266
295.000,59,199.534,1446.897,229.571
295.000,60,2013.028,339.752,482.205
295.000,61,1188.316,406.358,216.927
