seed,t,src,dst,dist_m,rssi_level,rssi_slope,rssi_n,beacon_ratio,retry_rate,tx_attempts,trials_probe,fails_probe,trials_cbr,fails_cbr,trials_future,fails_future,pdr_future
9,4.0000,1,5,559.8284,-86.9599,0.4076,25,0.6250,0.7500,8,5,1,0,0,5,1,0.8000
9,4.0000,1,6,684.9521,-88.0747,0.2965,17,0.4250,0.8000,5,8,8,0,0,8,8,0.0000
9,4.0000,1,7,826.0152,-89.0509,-0.3829,6,0.1500,1.0000,8,8,7,48,48,56,55,0.0179
9,4.0000,1,9,700.9778,-88.1374,0.1732,19,0.4750,0.4000,5,5,2,0,0,5,2,0.6000
9,4.0000,2,7,260.7429,-80.5313,-0.2569,39,0.9750,0.0000,4,3,0,5,0,8,0,1.0000
9,4.0000,2,8,934.5064,-88.8262,0.3706,5,0.1250,1.0000,6,8,8,0,0,8,8,0.0000
9,4.0000,2,9,499.0058,-85.9194,0.6054,30,0.7500,0.0000,4,6,4,72,25,78,29,0.6282
9,4.0000,2,10,143.9332,-77.7674,1.2434,40,1.0000,0.0000,32,4,0,86,30,90,30,0.6667
9,4.0000,2,11,879.3625,-87.9750,0.2442,12,0.3000,0.8750,8,8,8,0,0,8,8,0.0000
9,4.0000,2,12,547.5436,-87.1071,-0.1546,29,0.7250,0.2000,5,5,1,0,0,5,1,0.8000
9,4.0000,2,13,305.7898,-82.9924,0.8759,40,1.0000,0.4000,5,5,1,0,0,5,1,0.8000
9,4.0000,3,4,791.5613,-88.4765,-0.2911,11,0.2750,0.7143,7,8,8,0,0,8,8,0.0000
9,4.0000,4,3,791.5613,-88.6099,0.0021,14,0.3500,0.6667,6,8,7,0,0,8,7,0.1250
9,4.0000,4,6,1010.8459,-88.5971,-0.2322,6,0.1500,1.0000,8,2,2,0,0,2,2,0.0000
9,4.0000,4,11,715.0997,-87.9378,-0.0605,22,0.5500,0.5000,6,7,6,0,0,7,6,0.1429
9,4.0000,5,1,559.8284,-87.4519,0.4610,25,0.6250,0.8571,7,5,2,0,0,5,2,0.6000
9,4.0000,5,4,1022.8161,-88.5563,-0.4432,4,0.1000,1.0000,6,6,6,0,0,6,6,0.0000
9,4.0000,5,6,296.5443,-81.2202,-0.1711,40,1.0000,0.0000,4,4,0,0,0,4,0,1.0000
9,4.0000,5,7,940.9796,-88.8410,-0.0123,5,0.1250,1.0000,6,8,8,0,0,8,8,0.0000
9,4.0000,5,9,675.0839,-87.5621,-0.0868,20,0.5000,1.0000,8,7,6,0,0,7,6,0.1429
9,4.0000,5,11,1040.5100,-88.6129,-0.3786,3,0.0750,1.0000,6,4,4,0,0,4,4,0.0000
9,4.0000,6,1,684.9521,-88.4244,0.5197,21,0.5250,0.7143,7,6,3,0,0,6,3,0.5000
9,4.0000,6,4,1010.8459,-89.5785,0.3194,3,0.0750,1.0000,8,8,8,0,0,8,8,0.0000
9,4.0000,6,5,296.5443,-80.5129,-0.2083,40,1.0000,0.0000,4,4,0,0,0,4,0,1.0000
9,4.0000,6,9,816.6445,-87.9904,0.2162,16,0.4000,0.8750,8,8,8,0,0,8,8,0.0000
9,4.0000,7,1,826.0152,-88.7975,-0.0067,12,0.3000,1.0000,8,8,6,0,0,8,6,0.2500
9,4.0000,7,2,260.7429,-79.7411,-0.0947,40,1.0000,0.0000,4,5,1,0,0,5,1,0.8000
9,4.0000,7,5,940.9796,-88.5953,-0.4068,5,0.1250,1.0000,8,8,8,0,0,8,8,0.0000
9,4.0000,7,9,291.1907,-81.7580,0.2989,40,1.0000,0.0000,4,4,0,5,0,9,0,1.0000
9,4.0000,7,10,358.4689,-83.6911,0.3296,39,0.9750,0.2000,5,5,1,0,0,5,1,0.8000
9,4.0000,7,11,870.5214,-88.0119,0.0738,17,0.4250,0.9000,10,8,8,0,0,8,8,0.0000
9,4.0000,7,12,716.8116,-88.4096,-0.2304,18,0.4500,1.0000,6,8,7,0,0,8,7,0.1250
9,4.0000,7,13,561.6436,-87.2349,0.1895,24,0.6000,0.5000,4,5,1,0,0,5,1,0.8000
9,4.0000,8,2,934.5064,-88.7880,0.3292,6,0.1538,1.0000,8,8,8,0,0,8,8,0.0000
9,4.0000,8,11,695.2117,-88.2146,0.4543,14,0.3590,0.8000,5,6,2,0,0,6,2,0.6667
9,4.0000,8,12,404.6807,-83.4038,0.0247,37,0.9487,0.0000,4,6,2,0,0,6,2,0.6667
9,4.0000,8,13,895.8572,-88.8511,0.7132,7,0.1795,0.8571,7,8,8,0,0,8,8,0.0000
9,4.0000,8,14,982.7979,-89.1002,-1.1821,3,0.0769,1.0000,2,8,8,0,0,8,8,0.0000
9,4.0000,9,1,700.9778,-87.8285,0.0390,21,0.5250,0.8750,8,6,4,0,0,6,4,0.3333
9,4.0000,9,2,499.0058,-85.5425,0.0588,33,0.8250,0.0000,4,6,2,0,0,6,2,0.6667
9,4.0000,9,5,675.0839,-88.5572,0.2215,23,0.5750,0.6000,5,9,5,0,0,9,5,0.4444
9,4.0000,9,6,816.6445,-88.1731,-0.2951,20,0.5000,0.8750,8,8,7,0,0,8,7,0.1250
9,4.0000,9,7,291.1907,-80.8908,0.0848,40,1.0000,0.0000,4,4,0,0,0,4,0,1.0000
9,4.0000,9,10,626.6282,-87.9829,-0.2584,28,0.7000,0.5714,7,5,2,0,0,5,2,0.6000
9,4.0000,9,11,721.4969,-88.1154,0.2312,22,0.5500,0.4000,5,8,8,0,0,8,8,0.0000
9,4.0000,9,12,772.3356,-88.6459,0.3496,13,0.3250,0.7143,7,6,4,0,0,6,4,0.3333
9,4.0000,9,13,800.5942,-89.0123,0.1268,13,0.3250,0.8000,5,7,6,0,0,7,6,0.1429
9,4.0000,10,2,143.9332,-77.6402,2.2311,39,1.0000,0.0000,4,4,0,0,0,4,0,1.0000
9,4.0000,10,7,358.4689,-83.0363,-0.4541,39,1.0000,0.0000,3,4,0,0,0,4,0,1.0000
9,4.0000,10,8,1005.5559,-88.7408,-0.0412,4,0.1026,,0,8,8,0,0,8,8,0.0000
9,4.0000,10,9,626.6282,-87.4662,0.3907,22,0.5641,0.8571,7,6,3,0,0,6,3,0.5000
9,4.0000,10,12,621.9791,-87.7053,0.1964,18,0.4615,0.7500,8,4,0,53,35,57,35,0.3860
9,4.0000,10,13,223.4467,-80.6723,0.5546,39,1.0000,0.0000,4,4,0,0,0,4,0,1.0000
9,4.0000,11,2,879.3625,-88.3819,-0.2284,7,0.1750,1.0000,8,8,7,0,0,8,7,0.1250
9,4.0000,11,4,715.0997,-87.1327,-0.1608,28,0.7000,1.0000,8,8,6,0,0,8,6,0.2500
9,4.0000,11,7,870.5214,-88.6474,0.4388,15,0.3750,0.8571,7,8,8,0,0,8,8,0.0000
9,4.0000,11,8,695.2117,-88.1684,-0.3693,15,0.3750,1.0000,6,9,7,0,0,9,7,0.2222
9,4.0000,11,9,721.4969,-87.5214,-0.1032,20,0.5000,0.7143,7,6,4,0,0,6,4,0.3333
9,4.0000,11,12,593.2140,-86.6583,0.3385,30,0.7500,0.2000,5,6,3,0,0,6,3,0.5000
9,4.0000,12,2,547.5436,-87.7240,0.6450,29,0.7250,0.6667,6,5,1,0,0,5,1,0.8000
9,4.0000,12,7,716.8116,-88.0053,-0.5616,22,0.5500,0.7143,7,6,3,0,0,6,3,0.5000
9,4.0000,12,8,404.6807,-83.7994,-0.1150,39,0.9750,0.0000,4,6,2,28,7,34,9,0.7353
9,4.0000,12,9,772.3356,-88.7889,0.0781,9,0.2250,1.0000,8,6,3,0,0,6,3,0.5000
9,4.0000,12,10,621.9791,-87.9233,0.2896,21,0.5250,0.5000,6,5,1,0,0,5,1,0.8000
9,4.0000,12,11,593.2140,-86.9347,0.6017,28,0.7000,0.5714,7,7,5,0,0,7,5,0.2857
9,4.0000,12,13,549.5103,-87.3618,0.0128,27,0.6750,0.0000,4,6,3,0,0,6,3,0.5000
9,4.0000,13,2,305.7898,-83.7568,0.6286,35,0.8974,0.0000,4,4,0,0,0,4,0,1.0000
9,4.0000,13,7,561.6436,-87.5866,0.2170,25,0.6410,0.6000,5,5,1,0,0,5,1,0.8000
9,4.0000,13,8,895.8572,-88.6525,0.1995,7,0.1795,1.0000,8,6,6,0,0,6,6,0.0000
9,4.0000,13,9,800.5942,-88.9774,0.2551,9,0.2308,1.0000,8,7,6,0,0,7,6,0.1429
9,4.0000,13,10,223.4467,-80.5224,0.8817,37,0.9487,0.4000,5,4,0,0,0,4,0,1.0000
9,4.0000,13,12,549.5103,-87.7191,0.1921,27,0.6923,0.5000,6,5,1,0,0,5,1,0.8000
9,8.0000,1,5,471.2256,-85.6977,-0.2881,31,0.7750,0.2000,5,4,0,50,23,54,23,0.5741
9,8.0000,1,6,583.0798,-88.1556,0.5681,23,0.5750,1.0000,8,5,2,0,0,5,2,0.6000
9,8.0000,1,7,756.4175,-88.6436,0.3902,12,0.3000,0.9821,56,7,5,4,4,11,9,0.1818
9,8.0000,1,9,636.1910,-87.4499,0.2885,25,0.6250,0.4000,5,8,8,48,45,56,53,0.0536
9,8.0000,2,7,307.0531,-81.0565,-0.3472,40,1.0000,0.0000,8,6,2,0,0,6,2,0.6667
9,8.0000,2,8,959.2220,-88.7587,-0.6597,6,0.1500,1.0000,8,8,8,0,0,8,8,0.0000
9,8.0000,2,9,479.6088,-86.2332,0.5375,36,0.9000,0.3718,78,4,0,84,29,88,29,0.6705
9,8.0000,2,10,125.5052,-72.8868,0.2752,40,1.0000,0.3333,90,4,0,116,65,120,65,0.4583
9,8.0000,2,11,973.9868,-89.2899,-0.1344,3,0.0750,1.0000,8,8,8,0,0,8,8,0.0000
9,8.0000,2,12,489.1105,-86.6633,0.3128,35,0.8750,0.2000,5,4,0,0,0,4,0,1.0000
9,8.0000,2,13,209.8194,-79.2990,0.9498,40,1.0000,0.2000,5,4,0,0,0,4,0,1.0000
9,8.0000,3,4,785.0949,-88.1279,-0.0387,12,0.3000,1.0000,8,8,7,0,0,8,7,0.1250
9,8.0000,4,3,785.0949,-88.9975,-0.0751,13,0.3250,0.8750,8,8,8,0,0,8,8,0.0000
9,8.0000,4,6,1142.6627,-89.3921,0.3242,4,0.1000,1.0000,2,4,4,0,0,4,4,0.0000
9,8.0000,4,11,814.4802,-88.5008,0.0966,14,0.3500,0.8571,7,8,8,0,0,8,8,0.0000
9,8.0000,5,1,471.2256,-86.2719,0.6539,30,0.7500,0.4000,5,5,1,0,0,5,1,0.8000
9,8.0000,5,6,363.2392,-82.6589,-0.5790,38,0.9500,0.0000,4,5,1,0,0,5,1,0.8000
9,8.0000,5,7,943.0330,-88.7718,0.9486,4,0.1000,1.0000,8,8,8,0,0,8,8,0.0000
9,8.0000,5,9,695.8404,-87.4809,0.3350,16,0.4000,0.8571,7,8,8,60,59,68,67,0.0147
9,8.0000,6,1,583.0798,-86.9931,-0.0357,22,0.5500,0.5000,6,7,5,0,0,7,5,0.2857
9,8.0000,6,5,363.2392,-82.6657,-0.4649,39,0.9750,0.0000,4,4,0,0,0,4,0,1.0000
9,8.0000,6,9,920.5733,-88.1504,-0.6189,6,0.1500,1.0000,8,8,8,0,0,8,8,0.0000
9,8.0000,7,1,756.4175,-88.7893,0.1377,19,0.4750,0.7500,8,7,5,0,0,7,5,0.2857
9,8.0000,7,2,307.0531,-80.7429,-0.0656,37,0.9250,0.2000,5,4,0,0,0,4,0,1.0000
9,8.0000,7,5,943.0330,-89.1283,-0.2559,9,0.2250,1.0000,8,8,8,0,0,8,8,0.0000
9,8.0000,7,9,292.0845,-81.5213,0.8677,39,0.9750,0.0000,9,4,0,0,0,4,0,1.0000
9,8.0000,7,10,414.8395,-83.6728,0.1035,35,0.8750,0.2000,5,4,0,0,0,4,0,1.0000
9,8.0000,7,11,1025.1217,-88.8067,0.5088,7,0.1750,1.0000,8,6,6,0,0,6,6,0.0000
9,8.0000,7,12,697.1100,-88.4312,0.2969,15,0.3750,0.8750,8,7,5,0,0,7,5,0.2857
9,8.0000,7,13,515.3084,-86.1246,0.5655,31,0.7750,0.2000,5,7,2,0,0,7,2,0.7143
9,8.0000,8,2,959.2220,-89.0469,0.0852,7,0.1750,1.0000,8,8,8,0,0,8,8,0.0000
9,8.0000,8,10,906.0337,-89.4866,-0.0167,5,0.1250,1.0000,8,8,8,0,0,8,8,0.0000
9,8.0000,8,11,600.4938,-87.5381,-0.0237,22,0.5500,0.3333,6,5,2,0,0,5,2,0.6000
9,8.0000,8,12,478.5375,-85.3155,-0.9270,33,0.8250,0.3333,6,5,2,0,0,5,2,0.6000
9,8.0000,8,13,875.8391,-89.1003,-0.0293,5,0.1250,1.0000,8,8,8,0,0,8,8,0.0000
9,8.0000,8,14,917.8895,-89.2825,0.2238,6,0.1500,1.0000,8,8,8,0,0,8,8,0.0000
9,8.0000,9,1,636.1910,-87.6630,0.2391,22,0.5500,0.6667,6,8,6,0,0,8,6,0.2500
9,8.0000,9,2,479.6088,-85.9955,0.0483,35,0.8750,0.3333,6,6,3,0,0,6,3,0.5000
9,8.0000,9,5,695.8404,-87.5451,0.1940,24,0.6000,0.5556,9,7,4,0,0,7,4,0.4286
9,8.0000,9,6,920.5733,-88.8639,-0.2964,13,0.3250,0.8750,8,8,8,0,0,8,8,0.0000
9,8.0000,9,7,292.0845,-81.1639,0.0606,39,0.9750,0.0000,4,4,0,0,0,4,0,1.0000
9,8.0000,9,8,1053.7921,-89.4897,0.4714,3,0.0750,1.0000,4,6,6,0,0,6,6,0.0000
9,8.0000,9,10,568.0825,-87.5554,0.0943,27,0.6750,0.4000,5,4,0,0,0,4,0,1.0000
9,8.0000,9,11,819.4325,-87.6664,0.5341,20,0.5000,1.0000,8,7,6,0,0,7,6,0.1429
9,8.0000,9,12,655.5756,-87.5189,0.7647,19,0.4750,0.6667,6,7,5,0,0,7,5,0.2857
9,8.0000,9,13,665.7348,-87.8475,-0.0444,18,0.4500,0.8571,7,7,5,0,0,7,5,0.2857
9,8.0000,10,2,125.5052,-72.4877,0.6188,39,0.9750,0.0000,4,4,0,0,0,4,0,1.0000
9,8.0000,10,7,414.8395,-83.6456,-0.2312,38,0.9500,0.0000,4,6,2,0,0,6,2,0.6667
9,8.0000,10,8,906.0337,-88.5908,0.2503,9,0.2250,1.0000,8,8,8,0,0,8,8,0.0000
9,8.0000,10,9,568.0825,-86.9484,0.0497,30,0.7500,0.5000,6,5,2,0,0,5,2,0.6000
9,8.0000,10,11,953.8338,-89.5587,-0.2038,4,0.1000,1.0000,8,8,8,0,0,8,8,0.0000
9,8.0000,10,12,437.5307,-86.6900,0.4532,33,0.8250,0.6140,57,5,2,101,46,106,48,0.5472
9,8.0000,10,13,116.3133,-76.2827,1.4180,39,0.9750,0.0000,4,5,1,0,0,5,1,0.8000
9,8.0000,11,2,973.9868,-89.0324,-0.1273,5,0.1250,0.8750,8,7,6,0,0,7,6,0.1429
9,8.0000,11,4,814.4802,-88.2683,-0.5620,17,0.4250,0.7500,8,5,4,0,0,5,4,0.2000
9,8.0000,11,5,1051.1297,-89.3155,0.8818,4,0.1000,1.0000,8,2,2,0,0,2,2,0.0000
9,8.0000,11,7,1025.1217,-88.7432,-0.2588,6,0.1500,1.0000,8,2,2,0,0,2,2,0.0000
9,8.0000,11,8,600.4938,-87.1617,0.4650,33,0.8250,0.7778,9,4,1,0,0,4,1,0.7500
9,8.0000,11,9,819.4325,-88.8165,0.0372,14,0.3500,0.6667,6,8,8,0,0,8,8,0.0000
9,8.0000,11,10,953.8338,-89.3285,-0.1973,5,0.1250,1.0000,8,8,8,0,0,8,8,0.0000
9,8.0000,11,12,608.3245,-87.3863,0.2219,28,0.7000,0.5000,6,8,8,0,0,8,8,0.0000
9,8.0000,12,2,489.1105,-86.1429,-0.0616,34,0.8500,0.2000,5,4,0,0,0,4,0,1.0000
9,8.0000,12,7,697.1100,-88.1444,0.1404,16,0.4000,0.5000,6,8,7,0,0,8,7,0.1250
9,8.0000,12,8,478.5375,-85.0182,-0.2755,37,0.9250,0.2647,34,6,2,84,42,90,44,0.5111
9,8.0000,12,9,655.5756,-87.7982,0.0358,17,0.4250,0.5000,6,5,1,0,0,5,1,0.8000
9,8.0000,12,10,437.5307,-86.0171,0.6278,29,0.7250,0.2000,5,4,0,0,0,4,0,1.0000
9,8.0000,12,11,608.3245,-86.9683,-0.2853,29,0.7250,0.7143,7,6,4,0,0,6,4,0.3333
9,8.0000,12,13,433.2414,-85.6708,0.4324,38,0.9500,0.5000,6,5,2,0,0,5,2,0.6000
9,8.0000,13,2,209.8194,-79.9085,1.1242,40,1.0000,0.0000,4,4,0,0,0,4,0,1.0000
9,8.0000,13,7,515.3084,-86.3624,0.3536,32,0.8000,0.2000,5,5,1,0,0,5,1,0.8000
9,8.0000,13,8,875.8391,-89.2435,0.3054,5,0.1250,1.0000,6,8,8,0,0,8,8,0.0000
9,8.0000,13,9,665.7348,-88.2150,-0.1183,19,0.4750,0.8571,7,8,6,0,0,8,6,0.2500
9,8.0000,13,10,116.3133,-75.8621,1.4816,40,1.0000,0.0000,4,5,1,0,0,5,1,0.8000
9,8.0000,13,12,433.2414,-86.2400,0.8716,37,0.9250,0.2000,5,4,0,0,0,4,0,1.0000
9,8.0000,14,8,917.8895,-89.0223,0.0139,3,0.0750,1.0000,10,4,4,0,0,4,4,0.0000
9,12.0000,1,2,1030.3951,-88.2824,-0.7154,3,0.0750,1.0000,8,8,8,0,0,8,8,0.0000
9,12.0000,1,5,406.1895,-84.9694,1.1479,32,0.8000,0.4259,54,5,1,0,0,5,1,0.8000
9,12.0000,1,6,574.5960,-86.4062,0.3198,28,0.7000,0.4000,5,5,1,0,0,5,1,0.8000
9,12.0000,1,7,743.2671,-88.0614,-0.1556,19,0.4750,0.8182,11,8,8,0,0,8,8,0.0000
9,12.0000,1,9,603.5580,-87.3820,-0.0356,24,0.6000,0.9464,56,5,2,120,119,125,121,0.0320
9,12.0000,2,1,1030.3951,-89.2296,-0.4152,4,0.1000,1.0000,6,8,8,0,0,8,8,0.0000
9,12.0000,2,7,344.6900,-82.3049,0.6983,39,0.9750,0.3333,6,4,0,0,0,4,0,1.0000
9,12.0000,2,8,1017.6264,-88.7152,-0.2542,5,0.1250,1.0000,8,10,10,0,0,10,10,0.0000
9,12.0000,2,9,458.8125,-85.7628,-0.0542,34,0.8500,0.3295,88,5,1,78,23,83,24,0.7108
9,12.0000,2,10,241.1613,-76.3214,-1.4664,40,1.0000,0.5417,120,4,0,120,70,124,70,0.4355
9,12.0000,2,11,1051.2989,-88.4647,-0.0479,5,0.1250,1.0000,8,2,2,0,0,2,2,0.0000
9,12.0000,2,12,446.8595,-85.3630,0.4515,32,0.8000,0.0000,4,4,0,0,0,4,0,1.0000
9,12.0000,2,13,191.5775,-77.2792,-0.1426,40,1.0000,0.0000,4,4,0,0,0,4,0,1.0000
9,12.0000,3,4,776.3861,-88.4200,0.0265,12,0.3000,0.8750,8,6,4,0,0,6,4,0.3333
9,12.0000,4,3,776.3861,-88.2791,0.2922,15,0.3750,1.0000,8,8,7,0,0,8,7,0.1250
9,12.0000,4,11,942.4118,-87.3227,-11.8028,3,0.0750,1.0000,8,6,6,0,0,6,6,0.0000
9,12.0000,5,1,406.1895,-84.9139,-0.1321,39,0.9750,0.2000,5,4,0,0,0,4,0,1.0000
9,12.0000,5,4,1069.6905,-89.5785,-0.0971,4,0.1000,1.0000,2,2,2,0,0,2,2,0.0000
9,12.0000,5,6,473.8821,-84.3487,-0.1611,36,0.9000,0.2000,5,5,1,0,0,5,1,0.8000
9,12.0000,5,7,981.1862,-88.1041,0.5665,4,0.1000,1.0000,8,8,8,0,0,8,8,0.0000
9,12.0000,5,9,733.7274,-88.2876,0.1149,25,0.6250,0.9853,68,8,8,0,0,8,8,0.0000
9,12.0000,6,1,574.5960,-87.0058,-0.1644,26,0.6500,0.7143,7,6,4,0,0,6,4,0.3333
9,12.0000,6,5,473.8821,-84.8763,-1.0955,38,0.9500,0.0000,4,5,1,0,0,5,1,0.8000
9,12.0000,6,9,1052.5218,-89.1281,-0.2945,11,0.2750,1.0000,8,2,2,0,0,2,2,0.0000
9,12.0000,7,1,743.2671,-88.4361,0.4852,15,0.3750,0.7143,7,7,4,0,0,7,4,0.4286
9,12.0000,7,2,344.6900,-82.8565,-0.3506,37,0.9250,0.0000,4,4,0,0,0,4,0,1.0000
9,12.0000,7,5,981.1862,-89.2727,0.1806,7,0.1750,1.0000,8,8,8,0,0,8,8,0.0000
9,12.0000,7,9,310.6058,-81.9273,0.0934,38,0.9500,0.0000,4,5,0,0,0,5,0,1.0000
9,12.0000,7,10,538.4994,-85.8891,-0.5183,35,0.8750,0.0000,4,7,3,0,0,7,3,0.5714
9,12.0000,7,12,666.9105,-88.3442,0.1221,15,0.3750,0.7143,7,6,4,0,0,6,4,0.3333
9,12.0000,7,13,513.1765,-86.5081,-0.3406,32,0.8000,0.2857,7,4,0,0,0,4,0,1.0000
9,12.0000,8,2,1017.6264,-88.6977,0.5366,3,0.0732,1.0000,8,4,4,0,0,4,4,0.0000
9,12.0000,8,9,1046.3716,-89.3971,0.1153,3,0.0732,1.0000,6,8,8,0,0,8,8,0.0000
9,12.0000,8,10,833.9303,-88.4485,-1.1723,4,0.0976,1.0000,8,8,8,0,0,8,8,0.0000
9,12.0000,8,11,506.6927,-86.7029,0.1728,29,0.7073,0.4000,5,4,0,0,0,4,0,1.0000
9,12.0000,8,12,582.7079,-86.2581,-1.1479,30,0.7317,0.4000,5,7,6,0,0,7,6,0.1429
9,12.0000,8,13,869.1557,-88.3195,0.2354,7,0.1707,1.0000,8,8,8,0,0,8,8,0.0000
9,12.0000,8,14,841.1067,-88.6218,0.2464,5,0.1220,1.0000,8,8,8,0,0,8,8,0.0000
9,12.0000,9,1,603.5580,-87.2398,0.3849,25,0.6250,0.7500,8,5,2,0,0,5,2,0.6000
9,12.0000,9,2,458.8125,-85.9576,-0.0874,32,0.8000,0.5000,6,5,2,0,0,5,2,0.6000
9,12.0000,9,5,733.7274,-88.2897,-0.4364,24,0.6000,0.5714,7,7,6,0,0,7,6,0.1429
9,12.0000,9,6,1052.5218,-89.5634,-0.1858,4,0.1000,1.0000,8,8,8,0,0,8,8,0.0000
9,12.0000,9,7,310.6058,-82.1313,-0.7658,37,0.9250,0.0000,4,4,0,0,0,4,0,1.0000
9,12.0000,9,10,549.2294,-86.7079,0.1456,30,0.7500,0.0000,4,7,5,0,0,7,5,0.2857
9,12.0000,9,11,903.9959,-88.8352,-0.1858,11,0.2750,0.8571,7,8,8,0,0,8,8,0.0000
9,12.0000,9,12,530.9349,-86.8796,0.3761,27,0.6750,0.7143,7,4,0,0,0,4,0,1.0000
9,12.0000,9,13,549.0569,-86.6550,0.6954,23,0.5750,0.7143,7,5,2,0,0,5,2,0.6000
9,12.0000,10,2,241.1613,-76.2587,-1.4405,40,1.0000,0.0000,4,4,0,0,0,4,0,1.0000
9,12.0000,10,7,538.4994,-85.2752,-0.5443,37,0.9250,0.3333,6,6,3,0,0,6,3,0.5000
9,12.0000,10,8,833.9303,-89.3362,-0.1465,8,0.2000,1.0000,8,8,7,0,0,8,7,0.1250
9,12.0000,10,9,549.2294,-86.2907,0.1267,35,0.8750,0.4000,5,5,2,0,0,5,2,0.6000
9,12.0000,10,11,884.3640,-89.1469,0.1767,5,0.1250,1.0000,8,8,8,0,0,8,8,0.0000
9,12.0000,10,12,294.4163,-82.5870,0.0540,36,0.9000,0.4528,106,4,0,96,39,100,39,0.6100
9,12.0000,10,13,67.2128,-69.4684,1.0488,39,0.9750,0.2000,5,4,0,0,0,4,0,1.0000
9,12.0000,11,2,1051.2989,-89.2410,-0.0294,4,0.1000,0.8571,7,4,4,0,0,4,4,0.0000
9,12.0000,11,4,942.4118,-88.7422,0.1865,6,0.1500,0.8000,5,8,8,0,0,8,8,0.0000
9,12.0000,11,5,1055.2752,-89.2267,-0.2585,5,0.1250,1.0000,2,6,6,0,0,6,6,0.0000
9,12.0000,11,8,506.6927,-86.6748,0.1403,25,0.6250,0.2500,4,5,1,0,0,5,1,0.8000
9,12.0000,11,9,903.9959,-88.9674,0.2027,9,0.2250,1.0000,8,8,8,0,0,8,8,0.0000
9,12.0000,11,10,884.3640,-88.8765,0.2247,5,0.1250,1.0000,8,8,7,0,0,8,7,0.1250
9,12.0000,11,12,643.6048,-87.8429,0.0740,19,0.4750,1.0000,8,7,6,0,0,7,6,0.1429
9,12.0000,11,13,937.4879,-88.7819,-0.2951,3,0.0750,1.0000,4,8,7,0,0,8,7,0.1250
9,12.0000,12,2,446.8595,-85.8913,0.2613,35,0.8750,0.0000,4,5,2,0,0,5,2,0.6000
9,12.0000,12,7,666.9105,-87.9511,-0.1072,25,0.6250,0.8750,8,7,6,0,0,7,6,0.1429
9,12.0000,12,8,582.7079,-86.0446,-0.8456,30,0.7500,0.4889,90,8,6,96,64,104,70,0.3269
9,12.0000,12,9,530.9349,-86.9609,0.1786,31,0.7750,0.2000,5,6,3,0,0,6,3,0.5000
9,12.0000,12,10,294.4163,-83.8205,0.8682,38,0.9500,0.0000,4,4,0,0,0,4,0,1.0000
9,12.0000,12,11,643.6048,-86.9893,-0.1110,27,0.6750,0.6667,6,6,3,0,0,6,3,0.5000
9,12.0000,12,13,326.0586,-84.0881,0.3630,37,0.9250,0.4000,5,4,0,0,0,4,0,1.0000
9,12.0000,13,2,191.5775,-77.4401,0.3320,40,1.0000,0.0000,4,4,0,0,0,4,0,1.0000
9,12.0000,13,7,513.1765,-87.0812,-0.2832,30,0.7500,0.2000,5,4,0,0,0,4,0,1.0000
9,12.0000,13,8,869.1557,-88.8532,-0.0505,10,0.2500,1.0000,8,7,6,0,0,7,6,0.1429
9,12.0000,13,9,549.0569,-87.4139,0.1494,23,0.5750,0.7500,8,5,1,0,0,5,1,0.8000
9,12.0000,13,10,67.2128,-69.2703,1.4000,40,1.0000,0.2000,5,4,0,0,0,4,0,1.0000
9,12.0000,13,11,937.4879,-89.3971,0.5081,3,0.0750,1.0000,8,8,8,0,0,8,8,0.0000
9,12.0000,13,12,326.0586,-84.2061,0.7365,37,0.9250,0.0000,4,4,0,0,0,4,0,1.0000
9,12.0000,14,8,841.1067,-89.0560,-0.1619,11,0.2750,1.0000,4,8,8,0,0,8,8,0.0000
9,16.0000,1,5,387.1796,-84.6776,0.0442,39,0.9750,0.2000,5,4,0,0,0,4,0,1.0000
9,16.0000,1,6,537.4737,-86.5121,0.0889,34,0.8500,0.2000,5,5,1,0,0,5,1,0.8000
9,16.0000,1,7,698.3971,-88.1119,0.1530,18,0.4500,1.0000,8,7,6,0,0,7,6,0.1429
9,16.0000,1,9,573.0116,-86.8363,0.5412,27,0.6750,0.9680,125,7,5,120,118,127,123,0.0315
9,16.0000,2,7,354.9775,-84.0853,0.1000,39,0.9750,0.0000,4,5,2,0,0,5,2,0.6000
9,16.0000,2,9,446.1667,-85.3426,-0.5634,36,0.9000,0.2892,83,4,0,76,21,80,21,0.7375
9,16.0000,2,10,389.2303,-81.9518,-1.5757,40,1.0000,0.5645,124,5,2,120,87,125,89,0.2880
9,16.0000,2,12,437.7930,-85.6108,0.1490,34,0.8500,0.0000,4,5,1,0,0,5,1,0.8000
9,16.0000,2,13,294.9947,-79.6279,-0.9883,40,1.0000,0.0000,4,5,1,0,0,5,1,0.8000
9,16.0000,3,4,774.4075,-88.2383,-0.0332,11,0.2750,0.6667,6,8,7,0,0,8,7,0.1250
9,16.0000,4,3,774.4075,-88.5976,-0.4742,13,0.3250,0.8750,8,8,7,0,0,8,7,0.1250
9,16.0000,4,11,1067.2789,-89.1454,0.4552,3,0.0750,1.0000,6,2,2,0,0,2,2,0.0000
9,16.0000,5,1,387.1796,-84.1715,-0.0888,36,0.9000,0.0000,4,6,2,0,0,6,2,0.6667
9,16.0000,5,6,495.7909,-85.9066,0.2332,35,0.8750,0.2000,5,5,1,0,0,5,1,0.8000
9,16.0000,5,7,974.3876,-88.7077,-0.2351,4,0.1000,1.0000,8,6,6,0,0,6,6,0.0000
9,16.0000,5,9,796.9062,-88.9846,-0.3591,14,0.3500,1.0000,8,8,8,0,0,8,8,0.0000
9,16.0000,6,1,537.4737,-86.3625,-0.0904,29,0.7250,0.6667,6,4,0,0,0,4,0,1.0000
9,16.0000,6,5,495.7909,-86.3152,-0.0456,37,0.9250,0.2000,5,5,1,0,0,5,1,0.8000
9,16.0000,6,9,1050.9648,-89.2816,0.2787,3,0.0750,1.0000,2,8,8,0,0,8,8,0.0000
9,16.0000,7,1,698.3971,-88.4522,0.0555,16,0.4000,0.5714,7,6,4,0,0,6,4,0.3333
9,16.0000,7,2,354.9775,-83.0788,-0.0339,33,0.8250,0.0000,4,4,0,0,0,4,0,1.0000
9,16.0000,7,5,974.3876,-88.3456,0.5897,5,0.1250,1.0000,8,6,6,0,0,6,6,0.0000
9,16.0000,7,9,226.4395,-81.5677,1.2916,36,0.9000,0.0000,5,4,0,0,0,4,0,1.0000
9,16.0000,7,10,627.6524,-86.7956,-0.7115,26,0.6500,0.4286,7,7,4,0,0,7,4,0.4286
9,16.0000,7,12,557.7343,-87.6696,0.3535,22,0.5500,0.6667,6,7,5,0,0,7,5,0.2857
9,16.0000,7,13,511.8020,-86.2551,0.5647,23,0.5750,0.0000,4,6,3,0,0,6,3,0.5000
9,16.0000,8,10,784.8583,-88.5302,-0.0817,14,0.3500,1.0000,8,7,6,0,0,7,6,0.1429
9,16.0000,8,11,423.1407,-85.4205,0.6728,35,0.8750,0.0000,4,5,2,0,0,5,2,0.6000
9,16.0000,8,12,689.6542,-87.5379,-0.0924,21,0.5250,0.8571,7,8,6,0,0,8,6,0.2500
9,16.0000,8,13,844.8610,-88.4069,0.0217,7,0.1750,1.0000,8,8,7,0,0,8,7,0.1250
9,16.0000,8,14,766.8807,-88.4453,-0.0596,14,0.3500,1.0000,8,7,6,0,0,7,6,0.1429
9,16.0000,9,1,573.0116,-87.1968,0.5970,30,0.7500,0.4000,5,7,4,0,0,7,4,0.4286
9,16.0000,9,2,446.1667,-85.3717,0.1112,38,0.9500,0.4000,5,4,0,0,0,4,0,1.0000
9,16.0000,9,5,796.9062,-88.4741,0.1966,13,0.3250,0.8571,7,6,6,0,0,6,6,0.0000
9,16.0000,9,7,226.4395,-80.9741,0.7744,39,0.9750,0.0000,4,5,1,0,0,5,1,0.8000
9,16.0000,9,10,605.3005,-87.4459,-0.1165,27,0.6750,0.7143,7,5,1,0,0,5,1,0.8000
9,16.0000,9,11,1007.4449,-88.9299,-0.4498,4,0.1000,1.0000,8,4,4,0,0,4,4,0.0000
9,16.0000,9,12,442.0659,-85.8103,0.5405,31,0.7750,0.0000,4,4,0,0,0,4,0,1.0000
9,16.0000,9,13,495.1479,-86.3360,0.5975,29,0.7250,0.4000,5,4,0,0,0,4,0,1.0000
9,16.0000,10,2,389.2303,-81.7104,-0.9197,39,0.9750,0.0000,4,4,0,0,0,4,0,1.0000
9,16.0000,10,7,627.6524,-87.1612,-0.5866,32,0.8000,0.5000,6,5,2,0,0,5,2,0.6000
9,16.0000,10,8,784.8583,-88.7515,-0.2238,14,0.3500,0.8750,8,7,6,0,0,7,6,0.1429
9,16.0000,10,9,605.3005,-87.2517,-0.1966,29,0.7250,0.4000,5,8,7,0,0,8,7,0.1250
9,16.0000,10,11,846.5804,-88.9891,-0.2664,10,0.2500,1.0000,8,9,8,0,0,9,8,0.1111
9,16.0000,10,12,275.5512,-80.7408,-0.0427,40,1.0000,0.3900,100,4,0,108,65,112,65,0.4196
9,16.0000,10,13,116.7689,-68.7198,-1.7521,40,1.0000,0.0000,4,4,0,0,0,4,0,1.0000
9,16.0000,11,5,1063.8460,-89.0061,-0.7234,3,0.0750,1.0000,6,6,6,0,0,6,6,0.0000
9,16.0000,11,8,423.1407,-85.6156,0.3454,35,0.8750,0.2000,5,4,0,0,0,4,0,1.0000
9,16.0000,11,9,1007.4449,-89.0874,0.1975,8,0.2000,1.0000,8,8,8,0,0,8,8,0.0000
9,16.0000,11,10,846.5804,-89.0265,-0.2022,9,0.2250,0.8750,8,8,8,0,0,8,8,0.0000
9,16.0000,11,12,728.3569,-87.5918,-0.2945,20,0.5000,0.8571,7,6,3,0,0,6,3,0.5000
9,16.0000,11,13,881.2001,-89.2379,-0.3266,4,0.1000,0.8750,8,8,8,0,0,8,8,0.0000
9,16.0000,11,14,921.2499,-89.5153,-0.0992,5,0.1250,1.0000,4,8,8,0,0,8,8,0.0000
9,16.0000,12,1,941.2417,-89.1788,0.3523,5,0.1250,,0,7,6,0,0,7,6,0.1429
9,16.0000,12,2,437.7930,-85.0818,0.0780,34,0.8500,0.4000,5,4,0,0,0,4,0,1.0000
9,16.0000,12,7,557.7343,-87.5182,0.1758,26,0.6500,0.8571,7,5,2,0,0,5,2,0.6000
9,16.0000,12,8,689.6542,-87.7754,0.1962,18,0.4500,0.6731,104,7,5,85,73,92,78,0.1522
9,16.0000,12,9,442.0659,-85.6554,0.0711,34,0.8500,0.5000,6,4,0,0,0,4,0,1.0000
9,16.0000,12,10,275.5512,-81.1561,0.2615,39,0.9750,0.0000,4,4,0,0,0,4,0,1.0000
9,16.0000,12,11,728.3569,-87.6096,0.0073,19,0.4750,0.5000,6,7,6,0,0,7,6,0.1429
9,16.0000,12,13,234.5163,-80.4952,0.4374,39,0.9750,0.0000,4,4,0,0,0,4,0,1.0000
9,16.0000,13,2,294.9947,-79.3845,-1.4377,39,0.9750,0.0000,4,4,0,0,0,4,0,1.0000
9,16.0000,13,7,511.8020,-86.4076,-0.5387,32,0.8000,0.0000,4,6,2,0,0,6,2,0.6667
9,16.0000,13,8,844.8610,-88.9163,0.4984,7,0.1750,0.8571,7,7,6,0,0,7,6,0.1429
9,16.0000,13,9,495.1479,-85.7954,0.5392,30,0.7500,0.2000,5,5,2,0,0,5,2,0.6000
9,16.0000,13,10,116.7689,-68.8324,-1.3359,39,0.9750,0.0000,4,6,1,0,0,6,1,0.8333
9,16.0000,13,11,881.2001,-87.5967,0.2091,5,0.1250,1.0000,8,7,6,0,0,7,6,0.1429
9,16.0000,13,12,234.5163,-80.8104,0.8100,37,0.9250,0.0000,4,4,0,0,0,4,0,1.0000
9,16.0000,14,8,766.8807,-87.9277,0.0427,10,0.2500,1.0000,8,7,5,0,0,7,5,0.2857
9,20.0000,1,5,357.6315,-84.0659,-0.5222,38,0.9500,0.0000,4,4,0,0,0,4,0,1.0000
9,20.0000,1,6,521.6955,-86.3324,-0.1974,32,0.8000,0.2000,5,6,2,0,0,6,2,0.6667
9,20.0000,1,7,615.5173,-88.1071,0.1782,17,0.4250,0.8571,7,6,2,0,0,6,2,0.6667
9,20.0000,1,9,571.4178,-87.2663,0.4313,28,0.7000,0.9685,127,7,5,120,119,127,124,0.0236
9,20.0000,1,12,770.2060,-88.6062,0.5232,9,0.2250,1.0000,8,8,8,0,0,8,8,0.0000
9,20.0000,1,13,904.2394,-88.9101,0.9313,5,0.1250,1.0000,2,8,7,0,0,8,7,0.1250
9,20.0000,2,1,1006.2587,-89.1380,-0.1455,7,0.1750,1.0000,6,8,8,0,0,8,8,0.0000
9,20.0000,2,7,422.8375,-83.5885,-1.1897,37,0.9250,0.4000,5,5,1,0,0,5,1,0.8000
9,20.0000,2,9,435.1119,-84.8761,0.6034,33,0.8250,0.2625,80,5,1,77,23,82,24,0.7073
9,20.0000,2,10,527.8767,-85.4004,-0.7149,36,0.9000,0.7120,125,5,1,120,106,125,107,0.1440
9,20.0000,2,12,441.6087,-85.0671,0.0405,34,0.8500,0.2000,5,5,1,0,0,5,1,0.8000
9,20.0000,2,13,386.5322,-83.0348,-0.9279,39,0.9750,0.2000,5,5,1,0,0,5,1,0.8000
9,20.0000,3,4,764.6933,-87.9752,0.1445,17,0.4250,0.8750,8,7,5,0,0,7,5,0.2857
9,20.0000,4,3,764.6933,-88.0740,-0.1420,16,0.4000,0.8750,8,6,4,0,0,6,4,0.3333
9,20.0000,5,1,357.6315,-83.6081,-0.6238,39,0.9750,0.3333,6,4,0,0,0,4,0,1.0000
9,20.0000,5,6,518.7213,-85.6840,-0.4629,33,0.8250,0.2000,5,6,2,0,0,6,2,0.6667
9,20.0000,5,7,893.7649,-89.3127,0.0480,6,0.1500,1.0000,6,7,6,0,0,7,6,0.1429
9,20.0000,5,9,844.6968,-88.4679,-0.3935,11,0.2750,1.0000,8,8,8,0,0,8,8,0.0000
9,20.0000,5,12,936.1035,-89.2662,0.2817,5,0.1250,1.0000,6,10,9,0,0,10,9,0.1000
9,20.0000,6,1,521.6955,-86.3036,1.1264,28,0.7000,0.0000,4,4,0,0,0,4,0,1.0000
9,20.0000,6,5,518.7213,-85.9703,-0.3131,32,0.8000,0.2000,5,4,0,0,0,4,0,1.0000
9,20.0000,7,1,615.5173,-87.3933,-0.1354,23,0.5750,0.6667,6,5,1,0,0,5,1,0.8000
9,20.0000,7,2,422.8375,-83.9339,-0.5931,39,0.9750,0.0000,4,4,0,0,0,4,0,1.0000
9,20.0000,7,5,893.7649,-89.0775,-0.0817,3,0.0750,1.0000,6,7,6,0,0,7,6,0.1429
9,20.0000,7,6,1033.0142,-88.5619,-0.9280,3,0.0750,1.0000,2,6,6,0,0,6,6,0.0000
9,20.0000,7,9,138.0519,-76.8010,1.4653,39,0.9750,0.0000,4,4,0,0,0,4,0,1.0000
9,20.0000,7,10,668.6677,-87.8410,0.5183,27,0.6750,0.5714,7,7,6,0,0,7,6,0.1429
9,20.0000,7,12,401.9071,-85.6595,0.9081,34,0.8500,0.7143,7,4,0,0,0,4,0,1.0000
9,20.0000,7,13,433.3968,-86.0047,0.3739,37,0.9250,0.5000,6,4,0,0,0,4,0,1.0000
9,20.0000,8,9,1098.0316,-89.6981,0.2075,3,0.0750,1.0000,4,6,6,0,0,6,6,0.0000
9,20.0000,8,10,725.6414,-88.2186,0.0817,15,0.3750,0.8571,7,7,6,0,0,7,6,0.1429
9,20.0000,8,11,352.0442,-83.5671,0.6783,38,0.9500,0.4000,5,5,1,0,0,5,1,0.8000
9,20.0000,8,12,789.8638,-87.7136,0.1214,13,0.3250,0.7500,8,8,8,0,0,8,8,0.0000
9,20.0000,8,13,838.9326,-88.3879,-0.5389,8,0.2000,0.8750,8,8,8,0,0,8,8,0.0000
9,20.0000,8,14,727.8697,-87.7742,-0.0389,15,0.3750,0.8571,7,7,6,0,0,7,6,0.1429
9,20.0000,9,1,571.4178,-86.7326,0.7357,27,0.6750,0.5714,7,5,1,0,0,5,1,0.8000
9,20.0000,9,2,435.1119,-85.7750,-0.2063,37,0.9250,0.0000,4,4,0,0,0,4,0,1.0000
9,20.0000,9,5,844.6968,-88.4649,-0.1104,15,0.3750,1.0000,6,8,8,0,0,8,8,0.0000
9,20.0000,9,7,138.0519,-76.3749,0.9396,40,1.0000,0.2000,5,4,0,0,0,4,0,1.0000
9,20.0000,9,10,659.0939,-87.4472,0.0478,26,0.6500,0.2000,5,5,2,0,0,5,2,0.6000
9,20.0000,9,12,334.5869,-83.7488,0.3741,38,0.9500,0.0000,4,4,0,0,0,4,0,1.0000
9,20.0000,9,13,429.6863,-85.5825,0.1465,35,0.8750,0.0000,4,6,3,0,0,6,3,0.5000
9,20.0000,10,2,527.8767,-85.3561,-0.8622,31,0.7949,0.0000,4,5,1,0,0,5,1,0.8000
9,20.0000,10,7,668.6677,-87.2566,-0.1643,23,0.5897,0.4000,5,8,8,0,0,8,8,0.0000
9,20.0000,10,8,725.6414,-87.9233,-0.4974,14,0.3590,0.8571,7,5,1,0,0,5,1,0.8000
9,20.0000,10,9,659.0939,-87.3963,0.0284,22,0.5641,0.8750,8,6,4,0,0,6,4,0.3333
9,20.0000,10,11,782.2535,-88.3204,-1.5759,7,0.1795,0.8889,9,7,5,50,49,57,54,0.0526
9,20.0000,10,12,374.2121,-82.1470,-0.1115,36,0.9231,0.5804,112,7,6,69,56,76,62,0.1842
9,20.0000,10,13,235.8192,-75.9112,-1.8163,38,0.9744,0.0000,4,5,1,0,0,5,1,0.8000
9,20.0000,11,8,352.0442,-83.8974,0.8193,38,0.9500,0.0000,4,4,0,7,0,11,0,1.0000
9,20.0000,11,10,782.2535,-88.2566,-0.7451,5,0.1250,1.0000,8,8,8,0,0,8,8,0.0000
9,20.0000,11,12,829.3816,-88.3836,-0.4100,12,0.3000,0.5000,6,8,8,0,0,8,8,0.0000
9,20.0000,11,13,854.2136,-88.7394,-0.0340,8,0.2000,1.0000,8,7,6,0,0,7,6,0.1429
9,20.0000,11,14,826.0673,-88.5892,-0.1951,10,0.2500,1.0000,8,7,6,0,0,7,6,0.1429
9,20.0000,12,1,770.2060,-88.8415,0.2710,16,0.4000,0.8571,7,6,3,0,0,6,3,0.5000
9,20.0000,12,2,441.6087,-85.1559,-0.2557,40,1.0000,0.0000,4,4,0,0,0,4,0,1.0000
9,20.0000,12,5,936.1035,-88.7715,-0.4341,6,0.1500,1.0000,3,9,9,0,0,9,9,0.0000
9,20.0000,12,7,401.9071,-85.9127,0.8955,39,0.9750,0.4000,5,5,2,0,0,5,2,0.6000
9,20.0000,12,8,789.8638,-88.2799,-0.4312,23,0.5750,0.8478,92,8,8,37,36,45,44,0.0222
9,20.0000,12,9,334.5869,-84.4528,0.9101,40,1.0000,0.0000,4,4,0,0,0,4,0,1.0000
9,20.0000,12,10,374.2121,-82.6582,-1.2398,39,0.9750,0.0000,4,5,1,0,0,5,1,0.8000
9,20.0000,12,11,829.3816,-88.3981,-0.3820,13,0.3250,0.8571,7,8,8,0,0,8,8,0.0000
9,20.0000,12,13,205.7678,-77.9704,0.1533,40,1.0000,0.0000,4,4,0,0,0,4,0,1.0000
9,20.0000,13,1,904.2394,-88.1444,0.3938,4,0.0976,1.0000,8,7,6,0,0,7,6,0.1429
9,20.0000,13,2,386.5322,-82.8786,-0.3012,40,0.9756,0.0000,4,5,1,0,0,5,1,0.8000
9,20.0000,13,7,433.3968,-85.1088,0.1202,35,0.8537,0.3333,6,5,1,0,0,5,1,0.8000
9,20.0000,13,8,838.9326,-89.3874,-0.2188,6,0.1463,0.8571,7,8,8,0,0,8,8,0.0000
9,20.0000,13,9,429.6863,-85.1762,0.4142,35,0.8537,0.4000,5,4,0,0,0,4,0,1.0000
9,20.0000,13,10,235.8192,-76.4629,-1.3776,40,0.9756,0.1667,6,4,2,0,0,4,2,0.5000
9,20.0000,13,11,854.2136,-89.0029,0.1806,12,0.2927,0.8571,7,8,7,0,0,8,7,0.1250
9,20.0000,13,12,205.7678,-78.6746,0.5389,40,0.9756,0.0000,4,3,0,0,0,3,0,1.0000
9,20.0000,14,8,727.8697,-87.9251,0.1948,18,0.4500,0.7143,7,8,8,0,0,8,8,0.0000
9,20.0000,14,11,826.0673,-88.3462,0.5482,9,0.2250,0.8750,8,8,7,0,0,8,7,0.1250
9,24.0000,1,2,1006.9186,-89.6146,-0.0096,4,0.1000,1.0000,8,8,8,0,0,8,8,0.0000
9,24.0000,1,5,319.6693,-82.7567,0.3382,40,1.0000,0.0000,4,4,0,0,0,4,0,1.0000
9,24.0000,1,6,524.1833,-86.3918,-0.0493,31,0.7750,0.3333,6,4,1,0,0,4,1,0.7500
9,24.0000,1,7,573.2779,-86.5409,0.1769,26,0.6500,0.3333,6,8,6,0,0,8,6,0.2500
9,24.0000,1,9,622.2232,-86.6846,-0.2892,24,0.6000,0.9764,127,8,6,120,120,128,126,0.0156
9,24.0000,1,12,628.8699,-88.1063,0.6673,21,0.5250,1.0000,8,6,4,0,0,6,4,0.3333
9,24.0000,1,13,771.1239,-88.5501,0.1393,14,0.3500,0.8750,8,6,4,0,0,6,4,0.3333
9,24.0000,2,1,1006.9186,-88.8996,0.4687,5,0.1250,1.0000,8,8,8,0,0,8,8,0.0000
9,24.0000,2,7,468.9626,-84.7098,0.1288,35,0.8750,0.2000,5,5,1,0,0,5,1,0.8000
9,24.0000,2,9,393.0996,-84.7607,0.5189,37,0.9250,0.2927,82,4,0,76,19,80,19,0.7625
9,24.0000,2,10,590.3984,-86.8952,-0.7419,26,0.6500,0.8560,125,6,3,120,111,126,114,0.0952
9,24.0000,2,12,436.6806,-84.7961,0.5704,35,0.8750,0.2000,5,5,2,0,0,5,2,0.6000
9,24.0000,2,13,437.6896,-85.3825,-0.1493,36,0.9000,0.2000,5,4,0,0,0,4,0,1.0000
9,24.0000,3,4,754.9219,-88.0957,0.2967,13,0.3250,0.7143,7,7,6,0,0,7,6,0.1429
9,24.0000,4,3,754.9219,-88.6450,0.0912,15,0.3750,0.6667,6,7,6,0,0,7,6,0.1429
9,24.0000,5,1,319.6693,-82.6418,-0.4398,38,0.9500,0.0000,4,5,2,0,0,5,2,0.6000
9,24.0000,5,6,556.9073,-86.2818,-0.1870,33,0.8250,0.3333,6,6,3,0,0,6,3,0.5000
9,24.0000,5,7,844.2717,-88.8530,-0.0721,5,0.1250,0.8571,7,6,6,0,0,6,6,0.0000
9,24.0000,5,9,906.2898,-87.6039,-0.5329,5,0.1250,1.0000,8,6,6,0,0,6,6,0.0000
9,24.0000,5,12,856.3274,-88.9834,0.0321,5,0.1250,0.9000,10,6,6,0,0,6,6,0.0000
9,24.0000,5,13,963.6393,-88.6305,-1.5097,3,0.0750,1.0000,8,8,8,0,0,8,8,0.0000
9,24.0000,6,1,524.1833,-86.2183,-0.0944,29,0.7250,0.0000,4,5,2,0,0,5,2,0.6000
9,24.0000,6,5,556.9073,-86.9560,-0.7184,28,0.7000,0.0000,4,5,2,0,0,5,2,0.6000
9,24.0000,7,1,573.2779,-87.1345,0.2017,27,0.6750,0.2000,5,5,1,0,0,5,1,0.8000
9,24.0000,7,2,468.9626,-85.2797,-0.1193,34,0.8500,0.0000,4,4,0,0,0,4,0,1.0000
9,24.0000,7,5,844.2717,-89.6838,-0.0678,4,0.1000,0.8571,7,8,8,0,0,8,8,0.0000
9,24.0000,7,6,957.5240,-88.1116,0.6092,3,0.0750,1.0000,6,6,6,0,0,6,6,0.0000
9,24.0000,7,9,172.3370,-74.6496,-0.7822,39,0.9750,0.0000,4,4,0,0,0,4,0,1.0000
9,24.0000,7,10,721.5945,-87.2493,0.8390,15,0.3750,0.8571,7,8,8,0,0,8,8,0.0000
9,24.0000,7,12,259.6814,-81.9425,1.3434,36,0.9000,0.0000,4,4,0,0,0,4,0,1.0000
9,24.0000,7,13,339.4877,-83.2802,0.3250,34,0.8500,0.0000,4,4,0,0,0,4,0,1.0000
9,24.0000,8,10,705.8513,-87.5868,-0.1889,16,0.4000,0.8571,7,6,3,0,0,6,3,0.5000
9,24.0000,8,11,293.1597,-82.1499,0.4498,39,0.9750,0.2000,5,4,0,0,0,4,0,1.0000
9,24.0000,8,12,898.0522,-88.6397,-0.1565,7,0.1750,1.0000,8,8,8,0,0,8,8,0.0000
9,24.0000,8,13,845.8185,-88.8676,-0.1675,12,0.3000,1.0000,8,8,8,0,0,8,8,0.0000
9,24.0000,8,14,677.8412,-87.9865,0.2145,21,0.5250,0.8571,7,7,4,0,0,7,4,0.4286
9,24.0000,9,1,622.2232,-87.5551,-0.1899,31,0.7750,0.2000,5,7,5,0,0,7,5,0.2857
9,24.0000,9,2,393.0996,-84.5084,0.2668,39,0.9750,0.0000,4,4,0,0,0,4,0,1.0000
9,24.0000,9,5,906.2898,-88.9748,-0.0967,7,0.1750,1.0000,8,8,8,0,0,8,8,0.0000
9,24.0000,9,7,172.3370,-74.9576,-0.3270,40,1.0000,0.0000,4,5,2,0,0,5,2,0.6000
9,24.0000,9,8,1123.0415,-89.3712,0.1953,3,0.0750,1.0000,6,4,4,0,0,4,4,0.0000
9,24.0000,9,10,732.7379,-88.1462,-0.1388,16,0.4000,0.4000,5,7,4,0,0,7,4,0.4286
9,24.0000,9,12,225.6219,-81.4257,1.0743,40,1.0000,0.0000,4,4,0,0,0,4,0,1.0000
9,24.0000,9,13,388.3020,-84.6496,0.3981,38,0.9500,0.5000,6,6,2,0,0,6,2,0.6667
9,24.0000,10,2,590.3984,-87.1971,-0.1938,30,0.7317,0.2000,5,8,8,0,0,8,8,0.0000
9,24.0000,10,7,721.5945,-88.0546,0.0704,20,0.4878,1.0000,8,8,8,0,0,8,8,0.0000
9,24.0000,10,8,705.8513,-87.9034,0.1090,23,0.5610,0.2000,5,7,6,0,0,7,6,0.1429
9,24.0000,10,9,732.7379,-87.6164,-0.2383,21,0.5122,0.6667,6,8,7,0,0,8,7,0.1250
9,24.0000,10,11,734.4914,-88.6492,0.0253,17,0.4146,0.9474,57,7,6,117,111,124,117,0.0565
9,24.0000,10,12,561.2586,-84.9448,-0.5565,38,0.9268,0.8158,76,6,3,0,0,6,3,0.5000
9,24.0000,10,13,389.2356,-81.8048,-1.3809,38,0.9268,0.2000,5,5,1,0,0,5,1,0.8000
9,24.0000,10,14,907.4055,-88.8396,0.8701,5,0.1220,1.0000,2,8,8,0,0,8,8,0.0000
9,24.0000,11,8,293.1597,-82.1137,0.2447,37,0.9250,0.0000,11,4,0,20,0,24,0,1.0000
9,24.0000,11,10,734.4914,-88.4523,0.1682,13,0.3250,1.0000,8,8,5,0,0,8,5,0.3750
9,24.0000,11,12,923.2863,-88.9230,0.5933,5,0.1250,1.0000,8,8,8,0,0,8,8,0.0000
9,24.0000,11,13,828.2484,-88.7534,-0.1279,10,0.2500,0.8571,7,8,8,0,0,8,8,0.0000
9,24.0000,11,14,720.4689,-87.7831,0.6802,10,0.2500,0.8571,7,8,6,0,0,8,6,0.2500
9,24.0000,12,1,628.8699,-88.2261,0.0658,23,0.5750,0.5000,6,5,2,0,0,5,2,0.6000
9,24.0000,12,2,436.6806,-84.2449,0.4053,37,0.9250,0.0000,4,4,0,0,0,4,0,1.0000
9,24.0000,12,5,856.3274,-88.5254,0.2920,7,0.1750,1.0000,9,8,6,0,0,8,6,0.2500
9,24.0000,12,7,259.6814,-81.9198,0.8824,39,0.9750,0.4000,5,4,0,0,0,4,0,1.0000
9,24.0000,12,8,898.0522,-88.8947,-0.3236,9,0.2250,0.9778,45,7,6,0,0,7,6,0.1429
9,24.0000,12,9,225.6219,-80.7074,1.2600,39,0.9750,0.0000,4,5,1,0,0,5,1,0.8000
9,24.0000,12,10,561.2586,-85.1068,-0.7554,36,0.9000,0.2000,5,8,6,0,0,8,6,0.2500
9,24.0000,12,11,923.2863,-88.7056,0.3945,13,0.3250,1.0000,8,8,8,0,0,8,8,0.0000
9,24.0000,12,13,234.6163,-78.9002,-0.5500,38,0.9500,0.0000,4,4,0,0,0,4,0,1.0000
9,24.0000,13,1,771.1239,-88.5893,0.3148,13,0.3333,0.8571,7,5,2,0,0,5,2,0.6000
9,24.0000,13,2,437.6896,-84.0392,-0.1779,36,0.9231,0.2000,5,5,1,0,0,5,1,0.8000
9,24.0000,13,5,963.6393,-89.5134,0.2075,4,0.1026,1.0000,8,8,8,0,0,8,8,0.0000
9,24.0000,13,7,339.4877,-83.6575,-0.0810,39,1.0000,0.2000,5,5,1,0,0,5,1,0.8000
9,24.0000,13,8,845.8185,-88.6120,-0.1261,11,0.2821,1.0000,8,10,10,0,0,10,10,0.0000
9,24.0000,13,9,388.3020,-83.8006,0.9321,38,0.9744,0.0000,4,4,0,0,0,4,0,1.0000
9,24.0000,13,10,389.2356,-81.8484,-1.2920,38,0.9744,0.5000,4,5,1,0,0,5,1,0.8000
9,24.0000,13,11,828.2484,-88.3026,0.0621,13,0.3333,0.8750,8,8,8,0,0,8,8,0.0000
9,24.0000,13,12,234.6163,-78.5681,-0.3149,39,1.0000,0.0000,3,4,0,0,0,4,0,1.0000
9,24.0000,14,8,677.8412,-87.8942,0.2544,24,0.6000,1.0000,8,5,2,0,0,5,2,0.6000
9,24.0000,14,11,720.4689,-88.1307,0.7233,15,0.3750,0.8750,8,7,4,0,0,7,4,0.4286
9,28.0000,1,2,972.5311,-89.5124,0.1402,3,0.0750,1.0000,8,8,8,0,0,8,8,0.0000
9,28.0000,1,5,287.9749,-81.9855,0.2225,40,1.0000,0.0000,4,4,0,0,0,4,0,1.0000
9,28.0000,1,6,558.2191,-86.4290,-0.2214,34,0.8500,0.2500,4,6,3,0,0,6,3,0.5000
9,28.0000,1,7,503.0476,-86.5981,0.1830,32,0.8000,0.7500,8,6,4,0,0,6,4,0.3333
9,28.0000,1,9,688.5923,-87.9677,-0.3827,28,0.7000,0.9844,128,8,8,120,118,128,126,0.0156
9,28.0000,1,10,1115.7166,-89.3279,0.5232,3,0.0750,,0,4,4,0,0,4,4,0.0000
9,28.0000,1,12,512.1240,-86.2034,0.2674,28,0.7000,0.6667,6,6,2,0,0,6,2,0.6667
9,28.0000,1,13,642.3764,-87.8794,0.0787,18,0.4500,0.6667,6,5,2,0,0,5,2,0.6000
9,28.0000,2,7,516.0517,-86.1694,0.0265,35,0.8750,0.2000,5,6,3,0,0,6,3,0.5000
9,28.0000,2,9,341.2071,-83.6597,-0.2011,38,0.9500,0.2375,80,5,2,83,31,88,33,0.6250
9,28.0000,2,10,638.6703,-87.6010,-0.1305,29,0.7250,0.9048,126,7,6,119,112,126,118,0.0635
9,28.0000,2,12,463.5999,-85.2051,-0.6795,35,0.8750,0.4000,5,5,1,0,0,5,1,0.8000
9,28.0000,2,13,474.4815,-85.1564,0.0458,34,0.8500,0.0000,4,5,1,0,0,5,1,0.8000
9,28.0000,3,4,739.1572,-87.9945,-0.3251,19,0.4750,0.8571,7,6,4,0,0,6,4,0.3333
9,28.0000,4,3,739.1572,-88.3139,0.0325,17,0.4250,0.8571,7,6,3,0,0,6,3,0.5000
9,28.0000,5,1,287.9749,-82.3221,0.2852,37,0.9250,0.4000,5,4,0,0,0,4,0,1.0000
9,28.0000,5,6,598.1391,-86.8748,-0.2397,31,0.7750,0.5000,6,5,1,0,0,5,1,0.8000
9,28.0000,5,7,768.1052,-88.0126,-0.1117,14,0.3500,1.0000,6,7,5,0,0,7,5,0.2857
9,28.0000,5,9,969.8100,-88.9992,-0.1584,8,0.2000,1.0000,6,8,8,0,0,8,8,0.0000
9,28.0000,5,12,778.7466,-88.9712,0.0921,13,0.3250,1.0000,6,10,10,0,0,10,10,0.0000
9,28.0000,5,13,857.4007,-88.4506,0.4740,6,0.1500,1.0000,8,7,6,0,0,7,6,0.1429
9,28.0000,6,1,558.2191,-86.6341,-0.4064,34,0.8500,0.4000,5,8,7,0,0,8,7,0.1250
9,28.0000,6,5,598.1391,-86.8403,0.4266,32,0.8000,0.4000,5,7,5,0,0,7,5,0.2857
9,28.0000,6,7,860.1533,-88.4701,-0.2196,8,0.2000,1.0000,8,8,7,0,0,8,7,0.1250
9,28.0000,7,1,503.0476,-87.1639,0.3980,30,0.7500,0.2000,5,5,1,0,0,5,1,0.8000
9,28.0000,7,2,516.0517,-85.3709,-0.4160,32,0.8000,0.0000,4,6,2,0,0,6,2,0.6667
9,28.0000,7,5,768.1052,-88.6849,-0.0445,11,0.2750,1.0000,8,8,8,0,0,8,8,0.0000
9,28.0000,7,6,860.1533,-89.0975,0.0007,10,0.2500,1.0000,6,7,6,0,0,7,6,0.1429
9,28.0000,7,8,1070.3526,-88.9884,0.2730,3,0.0750,,0,2,2,0,0,2,2,0.0000
9,28.0000,7,9,297.9221,-78.9846,-0.9529,40,1.0000,0.0000,4,4,0,0,0,4,0,1.0000
9,28.0000,7,10,796.9828,-88.0560,-0.2283,19,0.4750,1.0000,8,8,8,0,0,8,8,0.0000
9,28.0000,7,12,193.8560,-78.2733,0.8109,39,0.9750,0.0000,4,4,0,0,0,4,0,1.0000
9,28.0000,7,13,277.1609,-81.4136,0.5744,38,0.9500,0.0000,4,5,1,0,0,5,1,0.8000
9,28.0000,8,10,700.5676,-87.3192,-0.3565,20,0.5000,0.5000,6,7,6,0,0,7,6,0.1429
9,28.0000,8,11,255.2071,-80.8425,0.3660,38,0.9500,0.0000,4,4,0,0,0,4,0,1.0000
9,28.0000,8,12,998.2291,-88.7958,-0.2083,8,0.2000,1.0000,8,6,6,0,0,6,6,0.0000
9,28.0000,8,13,851.4237,-89.2629,0.3661,6,0.1500,1.0000,8,7,5,0,0,7,5,0.2857
9,28.0000,8,14,649.8475,-87.5080,0.1934,27,0.6750,0.5714,7,6,3,32,25,38,28,0.2632
9,28.0000,9,1,688.5923,-86.9387,0.3226,25,0.6250,0.7143,7,7,6,0,0,7,6,0.1429
9,28.0000,9,2,341.2071,-83.9079,0.3261,37,0.9250,0.0000,4,4,0,0,0,4,0,1.0000
9,28.0000,9,7,297.9221,-78.3433,-1.4989,39,0.9750,0.4000,5,4,0,0,0,4,0,1.0000
9,28.0000,9,10,829.9237,-88.5883,-0.0172,14,0.3500,0.5714,7,8,8,0,0,8,8,0.0000
9,28.0000,9,12,221.8567,-78.3680,-0.0299,38,0.9500,0.0000,4,4,0,0,0,4,0,1.0000
9,28.0000,9,13,433.3928,-84.7829,0.2638,34,0.8500,0.3333,6,4,0,0,0,4,0,1.0000
9,28.0000,10,2,638.6703,-87.3409,0.3314,18,0.4500,1.0000,8,5,2,0,0,5,2,0.6000
9,28.0000,10,7,796.9828,-88.2216,-0.1191,17,0.4250,1.0000,8,8,7,0,0,8,7,0.1250
9,28.0000,10,8,700.5676,-88.0198,-0.1699,22,0.5500,0.8571,7,7,5,168,156,175,161,0.0800
9,28.0000,10,9,829.9237,-88.2895,-0.2388,13,0.3250,0.8750,8,8,8,0,0,8,8,0.0000
9,28.0000,10,11,684.1582,-88.1710,0.2853,18,0.4500,0.9435,124,6,5,57,52,63,57,0.0952
9,28.0000,10,12,757.5859,-87.4208,-0.7642,26,0.6500,0.5000,6,8,8,0,0,8,8,0.0000
9,28.0000,10,13,529.9139,-85.1176,-0.6272,28,0.7000,0.2000,5,7,6,0,0,7,6,0.1429
9,28.0000,10,14,708.8691,-88.2198,0.0356,16,0.4000,1.0000,8,6,3,0,0,6,3,0.5000
9,28.0000,11,8,255.2071,-80.3415,0.3266,39,0.9750,0.0000,24,5,0,2,0,7,0,1.0000
9,28.0000,11,10,684.1582,-87.8678,0.2721,21,0.5250,0.6250,8,7,6,0,0,7,6,0.1429
9,28.0000,11,13,825.7437,-88.4649,-0.3630,13,0.3250,1.0000,8,8,7,0,0,8,7,0.1250
9,28.0000,11,14,621.5797,-87.9271,0.2422,19,0.4750,0.7500,8,5,2,34,22,39,24,0.3846
9,28.0000,12,1,512.1240,-87.2041,0.1557,28,0.7000,0.4000,5,5,2,0,0,5,2,0.6000
9,28.0000,12,2,463.5999,-85.1522,-0.0063,36,0.9000,0.0000,4,5,2,0,0,5,2,0.6000
9,28.0000,12,5,778.7466,-89.2921,-0.1761,8,0.2000,0.7500,8,7,6,0,0,7,6,0.1429
9,28.0000,12,7,193.8560,-78.6636,0.8541,40,1.0000,0.0000,4,4,0,0,0,4,0,1.0000
9,28.0000,12,8,998.2291,-88.8986,-0.4755,9,0.2250,0.8571,7,4,4,0,0,4,4,0.0000
9,28.0000,12,9,221.8567,-77.6132,0.1418,40,1.0000,0.2000,5,4,0,0,0,4,0,1.0000
9,28.0000,12,10,757.5859,-87.1596,-0.7919,28,0.7000,0.7500,8,7,6,0,0,7,6,0.1429
9,28.0000,12,13,300.6345,-80.0599,-0.2546,39,0.9750,0.0000,4,5,1,0,0,5,1,0.8000
9,28.0000,13,1,642.3764,-87.9313,0.0565,24,0.5854,0.4000,5,6,3,0,0,6,3,0.5000
9,28.0000,13,2,474.4815,-85.9786,-0.1232,37,0.9024,0.2000,5,4,0,0,0,4,0,1.0000
9,28.0000,13,5,857.4007,-89.1186,0.1247,7,0.1707,1.0000,8,7,6,0,0,7,6,0.1429
9,28.0000,13,7,277.1609,-82.0125,0.3518,41,1.0000,0.2000,5,4,0,0,0,4,0,1.0000
9,28.0000,13,8,851.4237,-89.1857,-0.7810,5,0.1220,1.0000,10,8,8,0,0,8,8,0.0000
9,28.0000,13,9,433.3928,-84.7748,-0.1819,40,0.9756,0.0000,4,5,1,0,0,5,1,0.8000
9,28.0000,13,10,529.9139,-85.5452,-0.0829,35,0.8537,0.2000,5,5,2,0,0,5,2,0.6000
9,28.0000,13,11,825.7437,-88.5732,0.0160,15,0.3659,1.0000,8,7,6,0,0,7,6,0.1429
9,28.0000,13,12,300.6345,-80.3711,-0.5477,41,1.0000,0.0000,4,4,0,0,0,4,0,1.0000
9,28.0000,14,8,649.8475,-88.0169,-0.0714,20,0.5000,0.4000,5,7,5,0,0,7,5,0.2857
9,28.0000,14,10,708.8691,-87.8534,-0.1045,5,0.1250,0.8571,7,8,8,0,0,8,8,0.0000
9,28.0000,14,11,621.5797,-87.0562,0.1014,17,0.4250,0.5714,7,8,5,0,0,8,5,0.3750
9,32.0000,1,2,930.4757,-88.8767,0.3395,4,0.1000,1.0000,8,8,8,0,0,8,8,0.0000
9,32.0000,1,5,266.0182,-81.3620,0.4301,39,0.9750,0.0000,4,4,0,0,0,4,0,1.0000
9,32.0000,1,6,614.8364,-87.2156,-0.3529,26,0.6500,0.5000,6,8,6,0,0,8,6,0.2500
9,32.0000,1,7,436.1288,-86.2541,0.3205,33,0.8250,0.6667,6,6,2,0,0,6,2,0.6667
9,32.0000,1,9,759.0717,-88.1952,0.4172,20,0.5000,0.9844,128,8,7,120,120,128,127,0.0078
9,32.0000,1,11,1024.0452,-89.3640,0.2485,3,0.0750,1.0000,4,4,4,0,0,4,4,0.0000
9,32.0000,1,12,447.9385,-86.2291,-0.2801,33,0.8250,0.3333,6,5,1,0,0,5,1,0.8000
9,32.0000,1,13,515.5352,-86.8322,0.2761,26,0.6500,0.4000,5,5,1,0,0,5,1,0.8000
9,32.0000,2,1,930.4757,-89.6525,0.0834,4,0.1000,1.0000,8,8,8,0,0,8,8,0.0000
9,32.0000,2,7,554.7859,-87.2127,-0.1373,34,0.8500,0.5000,6,6,2,0,0,6,2,0.6667
9,32.0000,2,9,333.7123,-82.4559,0.3873,37,0.9250,0.3750,88,4,0,81,27,85,27,0.6824
9,32.0000,2,10,695.2754,-87.9198,0.1857,16,0.4000,0.9365,126,8,7,68,66,76,73,0.0395
9,32.0000,2,12,540.1917,-85.0987,-0.3881,29,0.7250,0.2000,5,6,4,0,0,6,4,0.3333
9,32.0000,2,13,522.6791,-84.8810,0.2142,29,0.7250,0.2000,5,6,4,52,51,58,55,0.0517
9,32.0000,3,4,709.1053,-87.1755,0.2687,15,0.3750,0.6667,6,7,5,0,0,7,5,0.2857
9,32.0000,4,3,709.1053,-87.8361,0.4177,18,0.4500,0.5000,6,6,2,0,0,6,2,0.6667
9,32.0000,5,1,266.0182,-80.5180,0.4335,39,0.9750,0.0000,4,4,0,0,0,4,0,1.0000
9,32.0000,5,6,638.1324,-86.4673,-0.3713,22,0.5500,0.2000,5,8,5,0,0,8,5,0.3750
9,32.0000,5,7,689.0259,-87.9360,0.5833,16,0.4000,0.7143,7,7,5,0,0,7,5,0.2857
9,32.0000,5,8,972.3518,-89.2274,0.4057,3,0.0750,,0,8,8,0,0,8,8,0.0000
9,32.0000,5,12,711.8583,-87.6955,0.8513,17,0.4250,1.0000,10,8,6,0,0,8,6,0.2500
9,32.0000,5,13,746.1050,-88.1435,-0.3250,9,0.2250,0.8571,7,8,8,0,0,8,8,0.0000
9,32.0000,6,1,614.8364,-87.3915,0.1878,30,0.7500,0.8750,8,8,6,0,0,8,6,0.2500
9,32.0000,6,5,638.1324,-87.8512,0.2635,24,0.6000,0.7143,7,7,6,0,0,7,6,0.1429
9,32.0000,6,7,799.6291,-88.6321,0.2326,11,0.2750,0.8750,8,8,7,0,0,8,7,0.1250
9,32.0000,6,12,776.2972,-88.1111,1.0499,10,0.2500,0.8000,5,8,7,0,0,8,7,0.1250
9,32.0000,6,13,968.7198,-89.2787,0.2141,5,0.1250,1.0000,6,6,6,0,0,6,6,0.0000
9,32.0000,7,1,436.1288,-85.4348,-0.5032,38,0.9500,0.2000,5,5,1,0,0,5,1,0.8000
9,32.0000,7,2,554.7859,-86.2619,-0.1903,33,0.8250,0.3333,6,6,4,0,0,6,4,0.3333
9,32.0000,7,5,689.0259,-88.1126,0.4016,23,0.5750,1.0000,8,5,1,0,0,5,1,0.8000
9,32.0000,7,6,799.6291,-88.9317,0.1784,6,0.1500,0.8571,7,7,6,0,0,7,6,0.1429
9,32.0000,7,8,1005.8779,-89.0918,-1.1060,3,0.0750,1.0000,2,8,8,0,0,8,8,0.0000
9,32.0000,7,9,445.1524,-83.7038,-0.4504,39,0.9750,0.0000,4,4,0,0,0,4,0,1.0000
9,32.0000,7,10,848.4288,-88.4843,-0.0754,13,0.3250,1.0000,8,8,8,0,0,8,8,0.0000
9,32.0000,7,11,1023.8221,-88.3830,-0.2361,3,0.0750,1.0000,4,2,2,0,0,2,2,0.0000
9,32.0000,7,12,237.3466,-77.5025,-0.2865,40,1.0000,0.0000,4,4,0,0,0,4,0,1.0000
9,32.0000,7,13,196.3609,-78.7851,0.9799,40,1.0000,0.2000,5,4,0,0,0,4,0,1.0000
9,32.0000,8,1,939.6280,-88.6241,-0.4687,7,0.1750,1.0000,6,8,8,0,0,8,8,0.0000
9,32.0000,8,10,709.9219,-87.5980,0.3596,18,0.4500,0.8571,7,6,3,0,0,6,3,0.5000
9,32.0000,8,11,256.3034,-79.7426,-0.1319,39,0.9750,0.0000,4,4,0,0,0,4,0,1.0000
9,32.0000,8,13,852.1744,-87.7505,0.7434,7,0.1750,0.7143,7,6,4,0,0,6,4,0.3333
9,32.0000,8,14,672.2499,-87.4684,-0.3969,26,0.6500,0.7368,38,8,6,0,0,8,6,0.2500
9,32.0000,9,1,759.0717,-88.3727,-0.0989,23,0.5750,0.8571,7,8,8,0,0,8,8,0.0000
9,32.0000,9,2,333.7123,-82.4458,0.0326,37,0.9250,0.0000,4,3,0,0,0,3,0,1.0000
9,32.0000,9,6,1017.9742,-88.7994,-0.0510,6,0.1500,1.0000,8,4,4,0,0,4,4,0.0000
9,32.0000,9,7,445.1524,-83.3254,-0.3666,35,0.8750,0.0000,4,5,2,0,0,5,2,0.6000
9,32.0000,9,10,952.0068,-88.4749,-0.0365,8,0.2000,1.0000,8,8,8,0,0,8,8,0.0000
9,32.0000,9,12,312.2172,-80.6383,-1.1276,37,0.9250,0.0000,4,4,0,0,0,4,0,1.0000
9,32.0000,9,13,530.6806,-85.7330,-0.4076,32,0.8000,0.0000,4,7,5,0,0,7,5,0.2857
9,32.0000,10,2,695.2754,-88.0050,-0.1900,25,0.6250,0.4000,5,8,7,0,0,8,7,0.1250
9,32.0000,10,7,848.4288,-88.4984,0.0905,8,0.2000,0.8750,8,8,8,0,0,8,8,0.0000
9,32.0000,10,8,709.9219,-87.8842,-0.1948,23,0.5750,0.9200,175,7,6,119,116,126,122,0.0317
9,32.0000,10,9,952.0068,-88.0619,-1.6098,5,0.1250,1.0000,8,8,8,0,0,8,8,0.0000
9,32.0000,10,11,633.9733,-87.5092,-0.0021,18,0.4500,0.9048,63,7,4,5,4,12,8,0.3333
9,32.0000,10,12,957.4230,-88.7654,0.0727,7,0.1750,1.0000,8,6,6,0,0,6,6,0.0000
9,32.0000,10,13,661.7139,-87.1384,-0.4965,22,0.5500,0.8571,7,7,6,0,0,7,6,0.1429
9,32.0000,10,14,513.6786,-87.4508,0.2311,31,0.7750,0.5000,6,5,1,77,28,82,29,0.6463
9,32.0000,11,8,256.3034,-79.6178,-0.1714,40,1.0000,0.0000,7,4,0,0,0,4,0,1.0000
9,32.0000,11,10,633.9733,-87.9589,0.2796,21,0.5250,0.8571,7,7,5,0,0,7,5,0.2857
9,32.0000,11,13,849.8216,-88.5339,-0.3129,10,0.2500,0.8750,8,8,8,0,0,8,8,0.0000
9,32.0000,11,14,560.3931,-86.4056,0.0167,28,0.7000,0.6154,39,5,2,1,0,6,2,0.6667
9,32.0000,12,1,447.9385,-85.0675,0.2511,31,0.7750,0.4000,5,6,2,0,0,6,2,0.6667
9,32.0000,12,2,540.1917,-86.0220,-0.4431,32,0.8000,0.4000,5,4,0,0,0,4,0,1.0000
9,32.0000,12,5,711.8583,-87.9419,-0.2079,18,0.4500,0.8571,7,6,4,0,0,6,4,0.3333
9,32.0000,12,6,776.2972,-89.0435,-0.3109,10,0.2500,1.0000,8,6,4,0,0,6,4,0.3333
9,32.0000,12,7,237.3466,-77.5408,0.0342,38,0.9500,0.0000,4,4,0,0,0,4,0,1.0000
9,32.0000,12,9,312.2172,-80.3836,-0.3131,35,0.8750,0.0000,4,4,0,0,0,4,0,1.0000
9,32.0000,12,10,957.4230,-88.5696,-0.6729,10,0.2500,0.8571,7,6,6,0,0,6,6,0.0000
9,32.0000,12,13,379.0423,-83.4311,-0.3381,33,0.8250,0.2000,5,5,1,0,0,5,1,0.8000
9,32.0000,13,1,515.5352,-87.3872,0.8558,29,0.7250,0.5000,6,5,1,0,0,5,1,0.8000
9,32.0000,13,2,522.6791,-85.7074,-0.0883,32,0.8000,0.0000,4,7,5,0,0,7,5,0.2857
9,32.0000,13,5,746.1050,-88.0433,0.1269,14,0.3500,0.8571,7,7,3,0,0,7,3,0.5714
9,32.0000,13,7,196.3609,-79.2101,0.9540,38,0.9500,0.0000,4,4,0,0,0,4,0,1.0000
9,32.0000,13,8,852.1744,-88.7583,-0.0280,11,0.2750,1.0000,8,8,8,0,0,8,8,0.0000
9,32.0000,13,9,530.6806,-85.4158,-0.4076,35,0.8750,0.2000,5,8,5,0,0,8,5,0.3750
9,32.0000,13,10,661.7139,-86.9763,-0.4944,31,0.7750,0.4000,5,7,6,2,2,9,8,0.1111
9,32.0000,13,11,849.8216,-88.7997,-0.3765,9,0.2250,0.8571,7,8,8,0,0,8,8,0.0000
9,32.0000,13,12,379.0423,-82.5475,-0.2724,37,0.9250,0.0000,4,4,0,0,0,4,0,1.0000
9,32.0000,14,8,672.2499,-87.5613,-0.0679,27,0.6750,0.7143,7,8,8,0,0,8,8,0.0000
9,32.0000,14,10,513.6786,-87.0861,0.3022,25,0.6250,1.0000,8,4,0,0,0,4,0,1.0000
9,32.0000,14,11,560.3931,-86.3545,0.2314,26,0.6500,0.6250,8,6,4,0,0,6,4,0.3333
9,36.0000,1,2,931.0113,-89.0169,-0.1426,6,0.1538,1.0000,8,8,8,0,0,8,8,0.0000
9,36.0000,1,5,243.3837,-80.2493,0.9977,39,1.0000,0.0000,4,4,0,0,0,4,0,1.0000
9,36.0000,1,6,678.4272,-87.1869,-0.2909,23,0.5897,0.7500,8,6,4,0,0,6,4,0.3333
9,36.0000,1,7,397.6105,-84.8499,0.5090,35,0.8974,0.3333,6,5,1,0,0,5,1,0.8000
9,36.0000,1,8,818.6800,-89.5089,-0.0683,4,0.1026,0.8571,7,8,7,0,0,8,7,0.1250
9,36.0000,1,9,863.7476,-88.4872,-0.5762,9,0.2308,0.9922,128,4,4,8,8,12,12,0.0000
9,36.0000,1,11,977.5486,-89.4014,-0.2036,7,0.1795,1.0000,4,4,4,0,0,4,4,0.0000
9,36.0000,1,12,506.1889,-85.3378,-0.1789,32,0.8205,0.2000,5,4,0,110,101,114,101,0.1140
9,36.0000,1,13,416.2906,-85.0905,0.5989,34,0.8718,0.2000,5,4,0,0,0,4,0,1.0000
9,36.0000,2,1,931.0113,-88.8879,0.2598,9,0.2250,1.0000,8,8,8,0,0,8,8,0.0000
9,36.0000,2,7,610.9135,-87.1978,0.0533,27,0.6750,0.3333,6,7,5,118,117,125,122,0.0240
9,36.0000,2,9,365.4101,-83.1006,-0.9226,37,0.9250,0.3176,85,4,0,89,40,93,40,0.5699
9,36.0000,2,10,748.9351,-88.0431,-0.1254,16,0.4000,0.9605,76,6,4,0,0,6,4,0.3333
9,36.0000,2,12,651.5267,-86.9287,-0.1023,30,0.7500,0.6667,6,8,7,0,0,8,7,0.1250
9,36.0000,2,13,600.0287,-86.5140,0.0543,31,0.7750,0.9483,58,7,5,2,2,9,7,0.2222
9,36.0000,3,4,532.4400,-86.8904,0.3114,24,0.5854,0.7143,7,4,0,0,0,4,0,1.0000
9,36.0000,4,3,532.4400,-86.7968,0.1806,28,0.7000,0.3333,6,5,1,0,0,5,1,0.8000
9,36.0000,5,1,243.3837,-80.3661,0.4708,39,0.9750,0.0000,4,4,0,0,0,4,0,1.0000
9,36.0000,5,6,679.3949,-87.6410,-0.0334,23,0.5750,0.6250,8,7,6,0,0,7,6,0.1429
9,36.0000,5,7,628.2387,-87.7517,0.2646,24,0.6000,0.7143,7,5,1,0,0,5,1,0.8000
9,36.0000,5,8,877.5376,-89.3943,0.6030,6,0.1500,1.0000,8,8,8,0,0,8,8,0.0000
9,36.0000,5,12,703.7053,-88.1031,-0.0688,21,0.5250,0.7500,8,7,6,0,0,7,6,0.1429
9,36.0000,5,13,646.4783,-88.3783,-0.1021,21,0.5250,1.0000,8,5,2,0,0,5,2,0.6000
9,36.0000,6,1,678.4272,-87.3080,-0.3270,20,0.5000,0.7500,8,7,4,0,0,7,4,0.4286
9,36.0000,6,5,679.3949,-87.8192,-0.5971,20,0.5000,0.8571,7,6,4,0,0,6,4,0.3333
9,36.0000,6,7,763.6856,-88.8618,0.1438,13,0.3250,0.8750,8,7,6,0,0,7,6,0.1429
9,36.0000,6,9,1016.0207,-89.0694,-0.0500,3,0.0750,1.0000,8,6,6,0,0,6,6,0.0000
9,36.0000,6,12,627.5311,-87.5523,0.1176,19,0.4750,0.8750,8,6,2,0,0,6,2,0.6667
9,36.0000,6,13,855.1176,-89.0450,0.0074,5,0.1250,1.0000,6,8,8,0,0,8,8,0.0000
9,36.0000,7,1,397.6105,-84.1303,0.0194,31,0.7750,0.2000,5,5,1,0,0,5,1,0.8000
9,36.0000,7,2,610.9135,-87.7819,0.1821,26,0.6500,0.6667,6,6,4,0,0,6,4,0.3333
9,36.0000,7,5,628.2387,-87.7478,-0.2870,23,0.5750,0.2000,5,8,4,0,0,8,4,0.5000
9,36.0000,7,6,763.6856,-89.1166,0.2193,15,0.3750,0.8571,7,7,6,0,0,7,6,0.1429
9,36.0000,7,8,943.5275,-89.1135,0.2914,7,0.1750,1.0000,8,8,8,0,0,8,8,0.0000
9,36.0000,7,9,592.0432,-85.4642,-0.4087,30,0.7500,0.0000,4,5,2,0,0,5,2,0.6000
9,36.0000,7,10,889.5875,-88.7262,-0.2019,8,0.2000,1.0000,8,7,6,2,2,9,8,0.1111
9,36.0000,7,12,361.6284,-81.8672,-0.9558,35,0.8750,0.0000,4,5,1,0,0,5,1,0.8000
9,36.0000,7,13,104.8035,-75.2834,1.4744,38,0.9500,0.0000,4,4,0,2,0,6,0,1.0000
9,36.0000,8,1,818.6800,-88.7851,-0.2040,9,0.2250,1.0000,8,5,3,0,0,5,3,0.4000
9,36.0000,8,5,877.5376,-89.4943,0.4482,4,0.1000,0.8750,8,6,4,0,0,6,4,0.3333
9,36.0000,8,7,943.5275,-88.8390,0.4579,6,0.1500,1.0000,8,8,7,0,0,8,7,0.1250
9,36.0000,8,10,727.4692,-87.4155,0.2101,18,0.4500,0.5000,6,8,8,0,0,8,8,0.0000
9,36.0000,8,11,299.2513,-80.9283,-0.4496,39,0.9750,0.0000,4,5,1,0,0,5,1,0.8000
9,36.0000,8,13,859.9351,-88.9746,-0.5016,8,0.2000,0.6667,6,8,8,0,0,8,8,0.0000
9,36.0000,8,14,747.1357,-88.0204,-0.3069,22,0.5500,0.7500,8,8,7,0,0,8,7,0.1250
9,36.0000,9,1,863.7476,-88.2182,0.0199,5,0.1250,1.0000,8,8,7,0,0,8,7,0.1250
9,36.0000,9,2,365.4101,-83.4534,-0.0058,36,0.9000,0.0000,3,5,1,0,0,5,1,0.8000
9,36.0000,9,6,1016.0207,-89.4353,0.1240,3,0.0750,1.0000,4,6,6,0,0,6,6,0.0000
9,36.0000,9,7,592.0432,-86.4151,-0.2718,31,0.7750,0.4000,5,8,7,0,0,8,7,0.1250
9,36.0000,9,12,423.9060,-83.8210,-0.1294,37,0.9250,0.0000,4,5,1,0,0,5,1,0.8000
9,36.0000,9,13,640.7731,-86.8682,-0.4981,31,0.7750,0.7143,7,7,6,0,0,7,6,0.1429
9,36.0000,10,2,748.9351,-88.4347,-0.4031,19,0.4750,0.8750,8,6,4,0,0,6,4,0.3333
9,36.0000,10,7,889.5875,-88.5434,-0.0835,8,0.2000,1.0000,8,8,8,0,0,8,8,0.0000
9,36.0000,10,8,727.4692,-87.8564,0.4538,17,0.4250,0.9683,126,6,3,62,62,68,65,0.0441
9,36.0000,10,9,1069.6927,-88.9136,-0.1611,5,0.1250,1.0000,8,2,2,0,0,2,2,0.0000
9,36.0000,10,11,582.4168,-86.8770,0.0853,27,0.6750,0.6667,12,8,7,0,0,8,7,0.1250
9,36.0000,10,13,794.3121,-88.3239,-0.3788,14,0.3500,0.8571,7,8,8,0,0,8,8,0.0000
9,36.0000,10,14,346.6102,-84.5285,1.0312,37,0.9250,0.3537,82,5,1,94,6,99,7,0.9293
9,36.0000,11,8,299.2513,-81.0974,-0.6142,40,1.0000,0.0000,4,4,0,0,0,4,0,1.0000
9,36.0000,11,10,582.4168,-86.9871,0.0166,27,0.6750,0.7143,7,6,4,0,0,6,4,0.3333
9,36.0000,11,13,904.5578,-88.1448,-0.3890,7,0.1750,1.0000,8,8,8,0,0,8,8,0.0000
9,36.0000,11,14,562.7856,-86.4413,-0.2289,30,0.7500,0.3333,6,5,2,0,0,5,2,0.6000
9,36.0000,12,1,506.1889,-85.0046,-0.5229,33,0.8250,0.3333,6,6,3,0,0,6,3,0.5000
9,36.0000,12,2,651.5267,-86.8197,-0.5847,29,0.7250,0.0000,4,7,6,0,0,7,6,0.1429
9,36.0000,12,5,703.7053,-87.6930,0.3383,18,0.4500,0.6667,6,6,4,0,0,6,4,0.3333
9,36.0000,12,6,627.5311,-87.7777,0.0671,18,0.4500,0.6667,6,5,1,0,0,5,1,0.8000
9,36.0000,12,7,361.6284,-80.9688,-1.2300,35,0.8750,0.0000,4,5,2,0,0,5,2,0.6000
9,36.0000,12,9,423.9060,-84.5751,-0.5857,35,0.8750,0.0000,4,5,2,44,38,49,40,0.1837
9,36.0000,12,13,452.7893,-84.3748,-0.1760,34,0.8500,0.2000,5,7,4,0,0,7,4,0.4286
9,36.0000,13,1,416.2906,-84.9234,0.7642,34,0.8500,0.2000,5,4,0,0,0,4,0,1.0000
9,36.0000,13,2,600.0287,-86.6928,-0.1618,29,0.7250,0.7143,7,7,4,0,0,7,4,0.4286
9,36.0000,13,5,646.4783,-88.1138,-0.1076,21,0.5250,0.4286,7,6,3,0,0,6,3,0.5000
9,36.0000,13,6,855.1176,-88.6277,1.1738,4,0.1000,1.0000,8,8,8,0,0,8,8,0.0000
9,36.0000,13,7,104.8035,-74.7157,1.9408,39,0.9750,0.0000,4,4,0,0,0,4,0,1.0000
9,36.0000,13,8,859.9351,-88.7634,0.4788,7,0.1750,1.0000,8,8,8,0,0,8,8,0.0000
9,36.0000,13,9,640.7731,-86.9472,-0.1984,28,0.7000,0.6250,8,7,6,0,0,7,6,0.1429
9,36.0000,13,10,794.3121,-87.9797,-0.1679,13,0.3250,0.8889,9,8,8,2,2,10,10,0.0000
9,36.0000,13,11,904.5578,-88.6192,0.2917,5,0.1250,1.0000,8,8,8,0,0,8,8,0.0000
9,36.0000,13,12,452.7893,-84.6027,-0.3038,35,0.8750,0.0000,4,6,4,0,0,6,4,0.3333
9,36.0000,14,8,747.1357,-87.9817,-0.0382,21,0.5250,1.0000,8,7,6,0,0,7,6,0.1429
9,36.0000,14,10,346.6102,-84.7876,0.7463,33,0.8250,0.0000,4,4,0,31,2,35,2,0.9429
9,36.0000,14,11,562.7856,-86.8959,0.3066,22,0.5500,0.6667,6,5,1,0,0,5,1,0.8000
9,36.0000,14,13,1104.1523,-89.5292,1.2389,3,0.0750,,0,4,4,0,0,4,4,0.0000
9,40.0000,1,2,947.5434,-88.4468,0.1707,5,0.1220,1.0000,8,8,8,0,0,8,8,0.0000
9,40.0000,1,5,222.9983,-79.8163,0.5110,40,0.9756,0.0000,4,4,0,0,0,4,0,1.0000
9,40.0000,1,6,759.7484,-88.3857,-0.2201,22,0.5366,0.6667,6,7,6,0,0,7,6,0.1429
9,40.0000,1,7,386.1832,-84.1132,-0.2445,39,0.9512,0.2000,5,4,0,0,0,4,0,1.0000
9,40.0000,1,8,699.0501,-88.5384,-0.0635,21,0.5122,0.8750,8,7,5,0,0,7,5,0.2857
9,40.0000,1,9,880.4945,-89.0363,-0.1211,8,0.1951,1.0000,12,10,10,0,0,10,10,0.0000
9,40.0000,1,11,938.1240,-89.2826,-0.3064,4,0.0976,1.0000,4,8,8,0,0,8,8,0.0000
9,40.0000,1,12,637.2779,-86.9451,-0.2070,33,0.8049,0.8860,114,10,9,119,118,129,127,0.0155
9,40.0000,1,13,360.8509,-83.6403,0.2939,38,0.9268,0.0000,4,4,0,0,0,4,0,1.0000
9,40.0000,2,1,947.5434,-89.1619,-0.2775,7,0.1750,1.0000,8,6,6,0,0,6,6,0.0000
9,40.0000,2,7,648.5157,-87.6483,-0.3570,25,0.6250,0.9760,125,5,1,62,62,67,63,0.0597
9,40.0000,2,9,352.2092,-83.0409,0.1180,37,0.9250,0.4301,93,3,0,79,23,82,23,0.7195
9,40.0000,2,10,788.4378,-88.3079,0.2503,17,0.4250,0.6667,6,8,7,0,0,8,7,0.1250
9,40.0000,2,12,778.2287,-87.5274,0.4238,17,0.4250,0.8750,8,7,6,0,0,7,6,0.1429
9,40.0000,2,13,692.1186,-87.5962,-0.0188,22,0.5500,0.7778,9,7,5,58,58,65,63,0.0308
9,40.0000,2,14,932.5783,-89.6584,0.0189,4,0.1000,1.0000,8,8,7,0,0,8,7,0.1250
9,40.0000,3,4,365.2208,-85.7385,1.0203,34,0.8718,0.0000,4,4,0,0,0,4,0,1.0000
9,40.0000,4,3,365.2208,-85.4609,0.7524,35,0.8537,0.2000,5,4,0,0,0,4,0,1.0000
9,40.0000,5,1,222.9983,-78.9881,0.7543,40,1.0000,0.0000,4,4,0,0,0,4,0,1.0000
9,40.0000,5,6,733.7987,-87.6634,-0.4691,18,0.4500,0.8571,7,7,5,0,0,7,5,0.2857
9,40.0000,5,7,588.9326,-87.3456,0.1254,29,0.7250,0.2000,5,5,1,0,0,5,1,0.8000
9,40.0000,5,8,778.6892,-88.9894,0.2737,11,0.2750,1.0000,8,7,6,0,0,7,6,0.1429
9,40.0000,5,11,1066.4885,-89.7803,-0.1560,3,0.0750,1.0000,6,6,6,0,0,6,6,0.0000
9,40.0000,5,12,739.6533,-87.6972,-0.1992,24,0.6000,0.8571,7,6,4,0,0,6,4,0.3333
9,40.0000,5,13,560.4952,-87.4565,0.1393,31,0.7750,0.4000,5,6,3,0,0,6,3,0.5000
9,40.0000,6,1,759.7484,-87.3017,-0.2969,20,0.5000,0.5714,7,8,6,0,0,8,6,0.2500
9,40.0000,6,5,733.7987,-87.1214,-0.2146,19,0.4750,0.6667,6,7,6,0,0,7,6,0.1429
9,40.0000,6,7,779.0716,-88.2023,-0.0866,18,0.4500,0.8571,7,7,6,0,0,7,6,0.1429
9,40.0000,6,12,488.5724,-87.2941,0.0358,29,0.7250,0.3333,6,6,2,0,0,6,2,0.6667
9,40.0000,6,13,778.1918,-88.2170,0.4558,11,0.2750,1.0000,8,7,6,0,0,7,6,0.1429
9,40.0000,7,1,386.1832,-84.8078,-0.0114,35,0.8750,0.2000,5,4,0,0,0,4,0,1.0000
9,40.0000,7,2,648.5157,-87.0627,0.3297,23,0.5750,0.6667,6,8,6,0,0,8,6,0.2500
9,40.0000,7,5,588.9326,-87.3032,-0.0306,22,0.5500,0.5000,8,5,2,2,2,7,4,0.4286
9,40.0000,7,6,779.0716,-88.3943,-0.2633,13,0.3250,0.8571,7,8,8,0,0,8,8,0.0000
9,40.0000,7,8,874.3267,-88.7837,0.2517,7,0.1750,1.0000,8,7,6,0,0,7,6,0.1429
9,40.0000,7,9,621.3413,-86.7911,-0.2108,25,0.6250,0.4000,5,5,1,0,0,5,1,0.8000
9,40.0000,7,10,926.9736,-88.7244,-0.1357,7,0.1750,0.8889,9,6,6,0,0,6,6,0.0000
9,40.0000,7,11,973.3357,-89.1051,0.0300,7,0.1750,0.8750,8,6,6,0,0,6,6,0.0000
9,40.0000,7,12,519.3752,-85.0596,-0.3262,38,0.9500,0.2000,5,6,4,0,0,6,4,0.3333
9,40.0000,7,13,48.3682,-65.9046,2.1726,39,0.9750,0.0000,6,4,0,0,0,4,0,1.0000
9,40.0000,8,1,699.0501,-88.3301,0.0563,14,0.3500,0.6000,5,6,3,0,0,6,3,0.5000
9,40.0000,8,5,778.6892,-88.5149,-0.0035,13,0.3250,0.6667,6,8,8,0,0,8,8,0.0000
9,40.0000,8,7,874.3267,-89.3076,0.2237,3,0.0750,0.8750,8,8,8,0,0,8,8,0.0000
9,40.0000,8,10,809.4140,-87.7736,0.4906,14,0.3500,1.0000,8,7,6,0,0,7,6,0.1429
9,40.0000,8,11,378.2268,-82.7816,-0.7796,38,0.9500,0.2000,5,4,0,0,0,4,0,1.0000
9,40.0000,8,13,851.7405,-87.9699,-0.1061,9,0.2250,1.0000,8,8,8,0,0,8,8,0.0000
9,40.0000,8,14,824.9024,-88.1894,-0.1938,10,0.2500,0.8750,8,8,8,0,0,8,8,0.0000
9,40.0000,9,1,880.4945,-88.8290,1.8174,3,0.0750,0.8750,8,8,8,0,0,8,8,0.0000
9,40.0000,9,2,352.2092,-83.7584,-0.6224,39,0.9750,0.2000,5,4,0,0,0,4,0,1.0000
9,40.0000,9,7,621.3413,-87.4368,-0.2423,24,0.6000,0.8750,8,7,6,0,0,7,6,0.1429
9,40.0000,9,12,496.7402,-85.4311,-0.4992,37,0.9250,0.2000,5,4,0,0,0,4,0,1.0000
9,40.0000,9,13,669.4585,-87.8021,-0.4293,22,0.5500,0.8571,7,7,6,0,0,7,6,0.1429
9,40.0000,10,2,788.4378,-88.8494,0.2345,12,0.3000,0.6667,6,8,8,0,0,8,8,0.0000
9,40.0000,10,7,926.9736,-88.7405,-0.1393,7,0.1750,1.0000,8,8,8,0,0,8,8,0.0000
9,40.0000,10,8,809.4140,-88.7367,-0.0319,14,0.3500,0.9559,68,8,8,0,0,8,8,0.0000
9,40.0000,10,11,565.4749,-87.3036,0.5202,24,0.6000,0.8750,8,6,2,98,86,104,88,0.1538
9,40.0000,10,13,934.3917,-88.7810,-0.3741,10,0.2500,1.0000,8,6,6,0,0,6,6,0.0000
9,40.0000,10,14,187.2036,-80.5999,1.2736,40,1.0000,0.0707,99,4,0,72,6,76,6,0.9211
9,40.0000,11,1,938.1240,-89.0340,0.1581,6,0.1500,1.0000,8,8,8,0,0,8,8,0.0000
9,40.0000,11,5,1066.4885,-89.4867,-0.2601,3,0.0750,1.0000,8,4,4,0,0,4,4,0.0000
9,40.0000,11,7,973.3357,-89.2372,-0.2318,5,0.1250,1.0000,8,7,6,0,0,7,6,0.1429
9,40.0000,11,8,378.2268,-82.6837,-0.4158,39,0.9750,0.0000,4,6,2,43,30,49,32,0.3469
9,40.0000,11,10,565.4749,-86.8767,0.4998,35,0.8750,0.6667,6,6,3,0,0,6,3,0.5000
9,40.0000,11,13,954.9566,-88.4939,-0.2908,5,0.1250,1.0000,8,6,6,0,0,6,6,0.0000
9,40.0000,11,14,562.0440,-86.8635,0.1505,26,0.6500,0.4000,5,7,4,0,0,7,4,0.4286
9,40.0000,12,1,637.2779,-86.9662,-0.0942,32,0.8000,0.5000,6,8,8,0,0,8,8,0.0000
9,40.0000,12,2,778.2287,-87.6137,0.3012,16,0.4000,0.8571,7,8,8,0,0,8,8,0.0000
9,40.0000,12,5,739.6533,-88.1978,0.3303,21,0.5250,0.6667,6,7,6,0,0,7,6,0.1429
9,40.0000,12,6,488.5724,-86.4053,0.3337,28,0.7000,0.2000,5,5,1,0,0,5,1,0.8000
9,40.0000,12,7,519.3752,-84.7995,-1.1074,35,0.8750,0.4000,5,6,4,0,0,6,4,0.3333
9,40.0000,12,9,496.7402,-85.2904,-0.2236,35,0.8750,0.8163,49,5,2,18,17,23,19,0.1739
9,40.0000,12,13,547.6362,-85.8478,-0.3419,34,0.8500,0.5714,7,8,8,0,0,8,8,0.0000
9,40.0000,13,1,360.8509,-84.0703,0.0223,36,0.9000,0.0000,4,4,0,0,0,4,0,1.0000
9,40.0000,13,2,692.1186,-87.1674,-0.1283,24,0.6000,0.5714,7,7,5,0,0,7,5,0.2857
9,40.0000,13,5,560.4952,-86.9961,0.6189,22,0.5500,0.5000,6,7,4,2,2,9,6,0.3333
9,40.0000,13,6,778.1918,-88.9562,0.0833,12,0.3000,1.0000,8,7,6,0,0,7,6,0.1429
9,40.0000,13,7,48.3682,-66.4878,2.1649,37,0.9250,0.0000,4,4,0,0,0,4,0,1.0000
9,40.0000,13,8,851.7405,-88.8210,0.1521,6,0.1500,1.0000,8,8,8,0,0,8,8,0.0000
9,40.0000,13,9,669.4585,-87.6303,-0.2992,23,0.5750,0.8571,7,7,6,0,0,7,6,0.1429
9,40.0000,13,10,934.3917,-88.8916,-0.4140,5,0.1250,1.0000,10,8,8,0,0,8,8,0.0000
9,40.0000,13,11,954.9566,-89.2224,-0.4645,5,0.1250,1.0000,8,8,8,0,0,8,8,0.0000
9,40.0000,13,12,547.6362,-85.9589,-1.0270,28,0.7000,0.6667,6,6,4,0,0,6,4,0.3333
9,40.0000,14,2,932.5783,-88.6531,-0.3036,4,0.1026,1.0000,8,8,8,0,0,8,8,0.0000
9,40.0000,14,8,824.9024,-88.0152,0.0396,10,0.2564,0.8571,7,8,8,0,0,8,8,0.0000
9,40.0000,14,10,187.2036,-80.2315,1.4838,39,1.0000,0.0571,35,4,0,8,1,12,1,0.9167
9,40.0000,14,11,562.0440,-86.6883,0.1268,32,0.8205,0.2000,5,6,3,0,0,6,3,0.5000
9,44.0000,1,5,205.6841,-78.8105,0.2791,40,1.0000,0.0000,4,4,0,0,0,4,0,1.0000
9,44.0000,1,6,845.5965,-88.7051,0.4316,9,0.2250,0.8571,7,6,6,0,0,6,6,0.0000
9,44.0000,1,7,372.6809,-84.0898,0.4433,39,0.9750,0.0000,4,4,0,0,0,4,0,1.0000
9,44.0000,1,8,574.7628,-87.2368,0.4145,27,0.6750,0.7143,7,5,2,0,0,5,2,0.6000
9,44.0000,1,9,908.7230,-88.4851,0.5251,8,0.2000,1.0000,10,8,8,0,0,8,8,0.0000
9,44.0000,1,11,902.9239,-89.3306,-0.0442,12,0.3000,1.0000,8,8,6,0,0,8,6,0.2500
9,44.0000,1,12,815.6954,-87.4966,-0.2309,18,0.4500,0.9845,129,6,6,70,70,76,76,0.0000
9,44.0000,1,13,342.9716,-83.3025,-0.0721,39,0.9750,0.0000,4,4,0,38,17,42,17,0.5952
9,44.0000,2,1,981.9154,-89.0586,-0.3404,4,0.1000,1.0000,6,6,6,0,0,6,6,0.0000
9,44.0000,2,7,705.7518,-87.7114,-0.1952,23,0.5750,0.9403,67,8,8,0,0,8,8,0.0000
9,44.0000,2,9,337.1589,-82.5305,0.1998,40,1.0000,0.2805,82,5,0,81,31,86,31,0.6395
9,44.0000,2,10,836.7391,-88.7533,0.1282,11,0.2750,0.8750,8,8,8,0,0,8,8,0.0000
9,44.0000,2,12,917.3346,-89.0757,0.1766,6,0.1500,0.8571,7,6,6,60,60,66,66,0.0000
9,44.0000,2,13,790.0580,-88.1089,-0.5608,14,0.3500,0.9692,65,8,8,6,6,14,14,0.0000
9,44.0000,2,14,789.7543,-88.7592,0.4791,14,0.3500,0.8750,8,8,8,0,0,8,8,0.0000
9,44.0000,3,4,255.3708,-81.0688,1.4909,41,1.0000,0.0000,4,4,0,0,0,4,0,1.0000
9,44.0000,4,3,255.3708,-82.0463,0.3158,40,1.0000,0.0000,4,4,0,0,0,4,0,1.0000
9,44.0000,5,1,205.6841,-78.5802,-0.0661,40,1.0000,0.0000,4,4,0,0,0,4,0,1.0000
9,44.0000,5,6,788.7106,-87.8100,-0.1787,10,0.2500,0.7143,7,8,8,0,0,8,8,0.0000
9,44.0000,5,7,541.7234,-86.7019,0.1081,26,0.6500,0.2000,5,5,2,0,0,5,2,0.6000
9,44.0000,5,8,673.5998,-87.6638,0.3032,18,0.4500,0.8571,7,6,2,0,0,6,2,0.6667
9,44.0000,5,12,822.5347,-88.1800,0.3041,14,0.3500,0.6667,6,8,8,0,0,8,8,0.0000
9,44.0000,5,13,489.3088,-86.8760,-0.0215,31,0.7750,0.5000,6,6,3,0,0,6,3,0.5000
9,44.0000,6,1,845.5965,-87.9997,-0.6185,13,0.3250,0.7500,8,8,8,0,0,8,8,0.0000
9,44.0000,6,5,788.7106,-88.3158,0.2690,17,0.4250,0.8571,7,8,8,0,0,8,8,0.0000
9,44.0000,6,7,806.1662,-88.3224,0.0264,16,0.4000,0.8571,7,8,8,0,0,8,8,0.0000
9,44.0000,6,9,938.1637,-89.2323,0.4551,4,0.1000,1.0000,8,9,8,0,0,9,8,0.1111
9,44.0000,6,12,354.8219,-84.8412,0.9379,34,0.8500,0.3333,6,5,1,0,0,5,1,0.8000
9,44.0000,6,13,743.7870,-88.2929,0.2408,15,0.3750,0.8571,7,7,6,0,0,7,6,0.1429
9,44.0000,7,1,372.6809,-83.6796,0.5718,35,0.8750,0.0000,4,6,2,0,0,6,2,0.6667
9,44.0000,7,2,705.7518,-87.8786,-0.5286,18,0.4500,0.7500,8,7,6,0,0,7,6,0.1429
9,44.0000,7,5,541.7234,-86.7574,0.7028,27,0.6750,0.5714,7,6,3,0,0,6,3,0.5000
9,44.0000,7,6,806.1662,-88.4701,-0.1817,11,0.2750,1.0000,8,10,10,0,0,10,10,0.0000
9,44.0000,7,8,794.0916,-89.1037,-0.1555,11,0.2750,0.8571,7,7,6,0,0,7,6,0.1429
9,44.0000,7,9,663.8099,-87.7980,-0.0847,23,0.5750,0.2000,5,6,4,0,0,6,4,0.3333
9,44.0000,7,11,936.0816,-89.6583,-0.0865,3,0.0750,1.0000,6,8,8,0,0,8,8,0.0000
9,44.0000,7,12,703.9780,-87.7357,-0.3121,29,0.7250,0.6667,6,8,6,0,0,8,6,0.2500
9,44.0000,7,13,94.5439,-66.2924,-1.8328,39,0.9750,0.0000,4,4,0,0,0,4,0,1.0000
9,44.0000,7,14,965.8036,-88.6937,0.6101,3,0.0750,1.0000,6,8,8,0,0,8,8,0.0000
9,44.0000,8,1,574.7628,-87.4727,0.2649,19,0.4750,0.5000,6,7,2,0,0,7,2,0.7143
9,44.0000,8,5,673.5998,-88.4935,0.1025,15,0.3750,1.0000,8,7,5,0,0,7,5,0.2857
9,44.0000,8,7,794.0916,-88.0359,0.4864,10,0.2500,1.0000,8,7,6,0,0,7,6,0.1429
9,44.0000,8,10,893.9144,-88.8747,-0.3139,10,0.2500,0.8571,7,8,8,0,0,8,8,0.0000
9,44.0000,8,11,485.7221,-85.0718,-0.6840,36,0.9000,0.0000,4,6,3,0,0,6,3,0.5000
9,44.0000,8,13,812.0384,-89.0442,-0.4969,10,0.2500,1.0000,8,7,5,0,0,7,5,0.2857
9,44.0000,8,14,892.1289,-89.3618,-0.1699,9,0.2250,1.0000,8,8,8,0,0,8,8,0.0000
9,44.0000,9,1,908.7230,-88.5340,0.4309,11,0.2750,1.0000,8,8,8,0,0,8,8,0.0000
9,44.0000,9,2,337.1589,-83.1830,-0.0260,38,0.9500,0.0000,4,4,0,0,0,4,0,1.0000
9,44.0000,9,6,938.1637,-88.9269,1.1775,3,0.0750,1.0000,8,6,6,0,0,6,6,0.0000
9,44.0000,9,7,663.8099,-87.8653,0.3338,28,0.7000,0.8571,7,8,6,0,0,8,6,0.2500
9,44.0000,9,12,611.6901,-86.5245,-0.4883,37,0.9250,0.0000,4,7,5,0,0,7,5,0.2857
9,44.0000,9,13,721.8260,-87.6222,0.6066,19,0.4750,0.8571,7,6,3,0,0,6,3,0.5000
9,44.0000,10,2,836.7391,-88.5864,0.0733,11,0.2750,1.0000,8,7,6,0,0,7,6,0.1429
9,44.0000,10,7,963.8286,-88.9050,-0.5366,5,0.1250,1.0000,8,8,8,0,0,8,8,0.0000
9,44.0000,10,8,893.9144,-89.1734,-0.3326,6,0.1500,1.0000,8,8,8,0,0,8,8,0.0000
9,44.0000,10,11,518.6539,-87.2823,0.2922,26,0.6500,0.8462,104,5,1,107,86,112,87,0.2232
9,44.0000,10,13,1047.2751,-88.4927,-0.4801,4,0.1000,1.0000,6,8,8,0,0,8,8,0.0000
9,44.0000,10,14,122.0608,-73.8321,1.0460,40,1.0000,0.0789,76,4,0,68,8,72,8,0.8889
9,44.0000,11,1,902.9239,-89.0980,-0.0402,7,0.1750,1.0000,8,7,6,0,0,7,6,0.1429
9,44.0000,11,7,936.0816,-88.4722,-0.1302,3,0.0750,0.8571,7,8,8,0,0,8,8,0.0000
9,44.0000,11,8,485.7221,-85.4585,-0.2840,32,0.8000,0.6531,49,4,0,58,47,62,47,0.2419
9,44.0000,11,10,518.6539,-86.5469,0.0822,29,0.7250,0.5000,6,5,1,0,0,5,1,0.8000
9,44.0000,11,13,987.8607,-88.6327,1.0338,3,0.0750,1.0000,6,6,6,0,0,6,6,0.0000
9,44.0000,11,14,558.5322,-86.7200,0.1371,26,0.6500,0.5714,7,6,4,0,0,6,4,0.3333
9,44.0000,12,1,815.6954,-88.0612,-0.3891,15,0.3750,1.0000,8,4,4,0,0,4,4,0.0000
9,44.0000,12,2,917.3346,-88.3393,-0.0555,9,0.2250,1.0000,8,6,6,0,0,6,6,0.0000
9,44.0000,12,5,822.5347,-88.7638,0.1268,17,0.4250,0.8571,7,8,8,0,0,8,8,0.0000
9,44.0000,12,6,354.8219,-85.1147,0.2111,37,0.9250,0.2000,5,4,0,0,0,4,0,1.0000
9,44.0000,12,7,703.9780,-87.3838,-0.3364,27,0.6750,0.6667,6,7,6,0,0,7,6,0.1429
9,44.0000,12,9,611.6901,-86.4327,-0.2799,33,0.8250,0.8261,23,6,3,6,5,12,8,0.3333
9,44.0000,12,13,680.9003,-86.9004,0.6419,23,0.5750,1.0000,8,8,8,0,0,8,8,0.0000
9,44.0000,13,1,342.9716,-83.8913,-0.2243,38,0.9500,0.0000,4,4,0,0,0,4,0,1.0000
9,44.0000,13,2,790.0580,-88.1009,-0.2102,13,0.3250,0.7143,7,8,8,0,0,8,8,0.0000
9,44.0000,13,5,489.3088,-86.9928,0.0693,33,0.8250,0.6667,9,6,2,0,0,6,2,0.6667
9,44.0000,13,6,743.7870,-88.1052,0.1342,18,0.4500,0.8571,7,8,7,0,0,8,7,0.1250
9,44.0000,13,7,94.5439,-66.6385,-1.6989,40,1.0000,0.0000,4,4,0,0,0,4,0,1.0000
9,44.0000,13,8,812.0384,-88.6043,0.0540,9,0.2250,1.0000,8,7,6,0,0,7,6,0.1429
9,44.0000,13,9,721.8260,-88.3414,0.0743,18,0.4500,0.8571,7,8,7,46,46,54,53,0.0185
9,44.0000,13,11,987.8607,-89.3430,-0.2166,4,0.1000,1.0000,8,6,6,0,0,6,6,0.0000
9,44.0000,13,12,680.9003,-87.2035,-0.2570,29,0.7250,0.6667,6,8,8,0,0,8,8,0.0000
9,44.0000,14,2,789.7543,-89.0634,0.1033,8,0.2000,1.0000,8,8,7,0,0,8,7,0.1250
9,44.0000,14,8,892.1289,-88.5081,0.1483,9,0.2250,1.0000,8,8,8,0,0,8,8,0.0000
9,44.0000,14,10,122.0608,-73.7636,0.7807,40,1.0000,0.0833,12,4,0,0,0,4,0,1.0000
9,44.0000,14,11,558.5322,-87.0996,-0.2077,30,0.7500,0.5000,6,8,6,0,0,8,6,0.2500
9,44.0000,14,13,1052.1723,-87.4519,0.3361,3,0.0750,1.0000,2,8,8,0,0,8,8,0.0000
9,48.0000,1,5,206.3985,-77.5795,-0.2606,40,1.0000,0.0000,4,4,0,0,0,4,0,1.0000
9,48.0000,1,6,973.8479,-89.3720,-0.2280,4,0.1000,1.0000,6,8,8,0,0,8,8,0.0000
9,48.0000,1,7,354.8498,-83.1397,-0.4334,37,0.9250,0.0000,4,4,0,0,0,4,0,1.0000
9,48.0000,1,8,458.9279,-86.2385,-0.1114,34,0.8500,0.4000,5,4,0,0,0,4,0,1.0000
9,48.0000,1,9,927.1753,-88.0519,0.3703,6,0.1500,1.0000,8,6,6,0,0,6,6,0.0000
9,48.0000,1,11,872.8140,-88.1111,0.3790,7,0.1750,0.7500,8,8,7,0,0,8,7,0.1250
9,48.0000,1,13,361.4003,-83.3711,-0.0545,36,0.9000,0.4048,42,5,1,48,27,53,28,0.4717
9,48.0000,2,7,758.4121,-89.0250,0.0481,15,0.3750,1.0000,8,8,7,0,0,8,7,0.1250
9,48.0000,2,9,322.7234,-82.2184,-0.2517,39,0.9750,0.3605,86,4,0,76,20,80,20,0.7500
9,48.0000,2,10,879.3793,-89.0236,0.3823,5,0.1250,1.0000,8,8,8,0,0,8,8,0.0000
9,48.0000,2,13,874.8679,-88.8798,-0.3283,10,0.2500,1.0000,14,8,8,0,0,8,8,0.0000
9,48.0000,2,14,647.6788,-87.7190,-0.1591,17,0.4250,1.0000,8,7,4,106,106,113,110,0.0265
9,48.0000,3,4,279.1755,-79.9471,0.2534,39,1.0000,0.0000,4,5,1,0,0,5,1,0.8000
9,48.0000,4,3,279.1755,-80.1714,-0.2804,40,1.0000,0.0000,4,5,2,0,0,5,2,0.6000
9,48.0000,5,1,206.3985,-78.1121,0.1457,40,1.0000,0.0000,4,4,0,0,0,4,0,1.0000
9,48.0000,5,6,875.2916,-88.7144,-0.3261,10,0.2500,1.0000,8,8,8,0,0,8,8,0.0000
9,48.0000,5,7,489.4394,-86.6159,0.1249,30,0.7500,0.4000,5,4,0,0,0,4,0,1.0000
9,48.0000,5,8,577.7779,-88.0246,-0.0921,23,0.5750,0.3333,6,5,1,0,0,5,1,0.8000
9,48.0000,5,11,1061.8164,-89.2662,-0.6394,3,0.0750,1.0000,4,2,2,0,0,2,2,0.0000
9,48.0000,5,12,911.2916,-88.9803,0.3220,5,0.1250,1.0000,8,4,4,0,0,4,4,0.0000
9,48.0000,5,13,436.4617,-85.5405,0.2369,37,0.9250,0.5000,6,5,2,0,0,5,2,0.6000
9,48.0000,6,1,973.8479,-88.8403,-0.0047,4,0.1000,1.0000,8,2,2,0,0,2,2,0.0000
9,48.0000,6,5,875.2916,-88.4391,0.3194,7,0.1750,1.0000,8,4,4,0,0,4,4,0.0000
9,48.0000,6,7,875.5563,-88.8293,-0.3770,9,0.2250,1.0000,8,8,8,0,0,8,8,0.0000
9,48.0000,6,9,926.7567,-87.8671,1.2751,6,0.1500,0.8889,9,7,6,0,0,7,6,0.1429
9,48.0000,6,12,238.7939,-81.1901,0.3411,38,0.9500,0.2000,5,4,0,0,0,4,0,1.0000
9,48.0000,6,13,763.7188,-88.0804,-0.1867,18,0.4500,0.8571,7,8,7,0,0,8,7,0.1250
9,48.0000,7,1,354.8498,-82.3806,-0.1323,36,0.9231,0.3333,6,6,3,0,0,6,3,0.5000
9,48.0000,7,2,758.4121,-88.5949,-0.0782,20,0.5128,0.8571,7,8,8,0,0,8,8,0.0000
9,48.0000,7,5,489.4394,-86.4816,-0.0725,36,0.9231,0.5000,6,5,1,0,0,5,1,0.8000
9,48.0000,7,6,875.5563,-88.6593,-0.3956,8,0.2051,1.0000,10,6,6,0,0,6,6,0.0000
9,48.0000,7,8,725.7433,-88.0978,0.1663,20,0.5128,0.8571,7,8,7,0,0,8,7,0.1250
9,48.0000,7,9,707.5993,-88.0165,-0.0637,20,0.5128,0.6667,6,8,8,0,0,8,8,0.0000
9,48.0000,7,10,1014.8300,-89.1823,0.3425,3,0.0769,,0,6,6,0,0,6,6,0.0000
9,48.0000,7,11,925.3669,-89.0192,0.1579,6,0.1538,1.0000,8,8,8,0,0,8,8,0.0000
9,48.0000,7,12,867.4827,-88.1399,0.5921,12,0.3077,0.7500,8,8,8,0,0,8,8,0.0000
9,48.0000,7,13,155.8321,-72.7081,-1.4077,39,1.0000,0.0000,4,4,0,0,0,4,0,1.0000
9,48.0000,7,14,907.8735,-87.9914,0.9863,5,0.1282,1.0000,8,6,5,0,0,6,5,0.1667
9,48.0000,8,1,458.9279,-86.0713,0.8295,26,0.6667,0.2857,7,4,0,0,0,4,0,1.0000
9,48.0000,8,5,577.7779,-87.7555,-0.3481,22,0.5641,0.7143,7,5,2,0,0,5,2,0.6000
9,48.0000,8,7,725.7433,-88.9356,-0.1867,10,0.2564,0.8571,7,7,3,0,0,7,3,0.5714
9,48.0000,8,11,592.5623,-85.9728,0.0567,28,0.7179,0.5000,6,6,4,0,0,6,4,0.3333
9,48.0000,8,13,782.6142,-88.7033,0.3391,11,0.2821,0.7143,7,8,8,0,0,8,8,0.0000
9,48.0000,8,14,978.0296,-88.6446,-0.6686,8,0.2051,1.0000,8,2,2,0,0,2,2,0.0000
9,48.0000,9,1,927.1753,-88.7032,-0.6027,5,0.1220,1.0000,8,6,6,0,0,6,6,0.0000
9,48.0000,9,2,322.7234,-82.4911,-0.3720,39,0.9512,0.0000,4,4,0,0,0,4,0,1.0000
9,48.0000,9,6,926.7567,-88.4087,-0.3541,5,0.1220,1.0000,6,8,8,0,0,8,8,0.0000
9,48.0000,9,7,707.5993,-87.3810,-0.1699,24,0.5854,0.7500,8,6,4,0,0,6,4,0.3333
9,48.0000,9,12,746.5280,-87.0902,-0.2952,28,0.6829,0.7143,7,7,6,0,0,7,6,0.1429
9,48.0000,9,13,777.3276,-87.8652,-0.5569,14,0.3415,0.5000,6,8,8,0,0,8,8,0.0000
9,48.0000,9,14,910.8407,-89.4343,-1.9190,3,0.0732,1.0000,4,8,8,0,0,8,8,0.0000
9,48.0000,10,2,879.3793,-88.7661,0.0482,6,0.1500,0.8571,7,8,8,0,0,8,8,0.0000
9,48.0000,10,8,981.9894,-88.7637,-0.0432,7,0.1750,1.0000,8,8,8,0,0,8,8,0.0000
9,48.0000,10,11,488.5105,-86.2393,0.0576,35,0.8750,0.7768,112,5,1,105,67,110,68,0.3818
9,48.0000,10,14,260.7916,-77.0937,-2.1916,38,0.9500,0.1111,72,5,1,88,39,93,40,0.5699
9,48.0000,11,7,925.3669,-88.8424,-0.2057,8,0.2000,1.0000,8,7,6,0,0,7,6,0.1429
9,48.0000,11,8,592.5623,-86.1869,-0.4165,30,0.7500,0.7581,62,7,5,100,95,107,100,0.0654
9,48.0000,11,10,488.5105,-85.3727,-0.0495,30,0.7500,0.2000,5,5,1,0,0,5,1,0.8000
9,48.0000,11,13,1050.4083,-88.9159,0.0436,4,0.1000,1.0000,6,2,2,0,0,2,2,0.0000
9,48.0000,11,14,621.6896,-86.9686,0.4980,26,0.6500,0.6667,6,6,2,0,0,6,2,0.6667
9,48.0000,12,1,986.7166,-88.4404,0.0502,7,0.1750,1.0000,4,8,8,0,0,8,8,0.0000
9,48.0000,12,5,911.2916,-89.3148,-0.3502,7,0.1750,1.0000,8,8,8,0,0,8,8,0.0000
9,48.0000,12,6,238.7939,-81.8274,1.5038,40,1.0000,0.0000,4,4,0,0,0,4,0,1.0000
9,48.0000,12,7,867.4827,-88.0339,-0.1825,10,0.2500,0.8571,7,8,8,0,0,8,8,0.0000
9,48.0000,12,9,746.5280,-87.8653,-0.8865,15,0.3750,0.6667,12,8,8,0,0,8,8,0.0000
9,48.0000,12,13,791.1897,-87.8282,-0.0699,15,0.3750,1.0000,8,8,8,0,0,8,8,0.0000
9,48.0000,13,1,361.4003,-83.0700,-0.0221,38,0.9500,0.0000,4,4,0,0,0,4,0,1.0000
9,48.0000,13,2,874.8679,-88.5562,-0.1276,9,0.2250,1.0000,8,8,8,0,0,8,8,0.0000
9,48.0000,13,5,436.4617,-85.7121,0.2668,37,0.9250,0.3333,6,4,0,0,0,4,0,1.0000
9,48.0000,13,6,763.7188,-88.3149,0.2966,19,0.4750,0.8750,8,8,8,0,0,8,8,0.0000
9,48.0000,13,7,155.8321,-73.1642,-0.8676,40,1.0000,0.0000,4,4,0,0,0,4,0,1.0000
9,48.0000,13,8,782.6142,-88.7334,0.1441,10,0.2500,0.8571,7,6,6,0,0,6,6,0.0000
9,48.0000,13,9,777.3276,-88.6409,0.1258,15,0.3750,0.9815,54,8,8,56,55,64,63,0.0156
9,48.0000,13,10,1167.6793,-89.1826,-0.5121,3,0.0750,1.0000,2,4,4,0,0,4,4,0.0000
9,48.0000,13,12,791.1897,-88.0044,0.4374,19,0.4750,1.0000,8,8,8,0,0,8,8,0.0000
9,48.0000,14,2,647.6788,-87.9898,0.2800,23,0.5750,0.8750,8,4,0,0,0,4,0,1.0000
9,48.0000,14,7,907.8735,-89.1293,0.9489,6,0.1500,1.0000,8,6,6,0,0,6,6,0.0000
9,48.0000,14,8,978.0296,-88.6243,-0.2616,4,0.1000,1.0000,8,2,2,0,0,2,2,0.0000
9,48.0000,14,9,910.8407,-89.0091,1.3911,3,0.0750,1.0000,2,8,7,0,0,8,7,0.1250
9,48.0000,14,10,260.7916,-76.8531,-1.8533,40,1.0000,0.0000,4,6,2,2,1,8,3,0.6250
9,48.0000,14,11,621.6896,-87.0065,-0.0152,30,0.7500,0.7500,8,6,3,0,0,6,3,0.5000
9,52.0000,1,5,223.7485,-78.1219,-0.4075,40,1.0000,0.0000,4,3,0,0,0,3,0,1.0000
9,52.0000,1,7,341.8020,-82.9354,0.2420,39,0.9750,0.0000,4,4,0,0,0,4,0,1.0000
9,52.0000,1,8,368.2554,-84.3668,0.4906,39,0.9750,0.0000,4,4,0,0,0,4,0,1.0000
9,52.0000,1,9,948.3239,-89.2481,-0.6468,3,0.0750,1.0000,6,8,8,0,0,8,8,0.0000
9,52.0000,1,11,846.0512,-89.1132,0.2396,7,0.1750,0.8750,8,8,8,0,0,8,8,0.0000
9,52.0000,1,12,1167.0103,-88.9916,-0.2203,4,0.1000,1.0000,6,2,2,0,0,2,2,0.0000
9,52.0000,1,13,410.6142,-84.1663,-0.5109,36,0.9000,0.5283,53,6,2,0,0,6,2,0.6667
9,52.0000,1,14,964.3349,-88.6156,0.0598,3,0.0750,1.0000,8,8,8,0,0,8,8,0.0000
9,52.0000,2,1,1010.8519,-88.9858,-0.1739,3,0.0750,1.0000,6,8,8,0,0,8,8,0.0000
9,52.0000,2,7,810.3266,-88.5237,-0.0211,8,0.2000,0.8750,8,8,6,0,0,8,6,0.2500
9,52.0000,2,9,316.2200,-82.5888,-0.2171,38,0.9500,0.2500,80,4,0,71,13,75,13,0.8267
9,52.0000,2,10,922.0665,-88.3737,-0.1211,6,0.1500,1.0000,8,8,8,0,0,8,8,0.0000
9,52.0000,2,13,959.5699,-88.0139,-0.5401,5,0.1250,1.0000,8,6,6,0,0,6,6,0.0000
9,52.0000,2,14,509.6148,-87.0346,0.7643,28,0.7000,0.9735,113,4,0,115,101,119,101,0.1513
9,52.0000,3,4,410.3313,-83.1243,-0.6818,40,0.9756,0.2000,5,4,0,0,0,4,0,1.0000
9,52.0000,4,3,410.3313,-82.9612,-1.2697,39,0.9750,0.4000,5,4,0,0,0,4,0,1.0000
9,52.0000,5,1,223.7485,-78.1739,-0.1825,40,1.0000,0.0000,4,5,1,0,0,5,1,0.8000
9,52.0000,5,7,454.1151,-85.2422,-0.7337,35,0.8750,0.0000,4,6,2,0,0,6,2,0.6667
9,52.0000,5,8,500.2846,-86.1635,0.1107,28,0.7000,0.2000,5,5,1,0,0,5,1,0.8000
9,52.0000,5,9,974.3296,-89.0318,0.8033,3,0.0750,1.0000,4,8,8,0,0,8,8,0.0000
9,52.0000,5,13,417.1344,-83.8126,0.0964,37,0.9250,0.4000,5,4,0,0,0,4,0,1.0000
9,52.0000,6,1,1112.9730,-89.3223,-0.0220,4,0.1000,1.0000,2,2,2,0,0,2,2,0.0000
9,52.0000,6,5,975.6595,-88.8241,0.0958,5,0.1250,1.0000,4,4,4,0,0,4,4,0.0000
9,52.0000,6,7,976.2067,-88.6346,-0.4829,3,0.0750,1.0000,8,6,6,0,0,6,6,0.0000
9,52.0000,6,9,935.9063,-89.7847,-0.0009,6,0.1500,0.8571,7,8,8,0,0,8,8,0.0000
9,52.0000,6,12,148.2063,-77.2665,0.9232,40,1.0000,0.0000,4,4,0,0,0,4,0,1.0000
9,52.0000,6,13,817.3846,-88.0008,-0.3274,10,0.2500,0.8750,8,8,8,0,0,8,8,0.0000
9,52.0000,7,1,341.8020,-82.6156,0.0128,37,0.9250,0.5000,6,6,3,0,0,6,3,0.5000
9,52.0000,7,2,810.3266,-88.1743,-0.0695,15,0.3750,1.0000,8,8,8,0,0,8,8,0.0000
9,52.0000,7,5,454.1151,-85.3006,-0.3877,35,0.8750,0.2000,5,5,1,0,0,5,1,0.8000
9,52.0000,7,6,976.2067,-88.6450,-0.6961,6,0.1500,1.0000,6,2,2,0,0,2,2,0.0000
9,52.0000,7,8,670.6506,-88.1216,0.4333,21,0.5250,0.8750,8,8,7,0,0,8,7,0.1250
9,52.0000,7,9,755.9015,-87.8690,-0.6001,14,0.3500,1.0000,8,7,6,0,0,7,6,0.1429
9,52.0000,7,10,1064.0969,-89.7088,0.0589,3,0.0750,1.0000,6,2,2,0,0,2,2,0.0000
9,52.0000,7,11,914.7316,-88.4732,0.3003,8,0.2000,1.0000,8,8,8,0,0,8,8,0.0000
9,52.0000,7,13,225.3838,-77.2598,-0.9759,40,1.0000,0.0000,4,4,0,0,0,4,0,1.0000
9,52.0000,7,14,869.6377,-88.3918,1.0406,5,0.1250,0.8333,6,8,7,0,0,8,7,0.1250
9,52.0000,8,1,368.2554,-84.7608,0.5595,36,0.8780,0.0000,4,4,0,0,0,4,0,1.0000
9,52.0000,8,5,500.2846,-86.3027,0.1340,32,0.7805,0.4000,5,5,1,0,0,5,1,0.8000
9,52.0000,8,7,670.6506,-87.6272,-0.1912,20,0.4878,0.4286,7,5,4,0,0,5,4,0.2000
9,52.0000,8,10,1073.9374,-89.2985,0.0072,7,0.1707,1.0000,4,6,6,0,0,6,6,0.0000
9,52.0000,8,11,701.4021,-88.2356,0.0299,21,0.5122,0.6667,6,8,8,0,0,8,8,0.0000
9,52.0000,8,13,763.4282,-88.6230,0.2898,9,0.2195,1.0000,8,8,7,0,0,8,7,0.1250
9,52.0000,9,1,948.3239,-88.7885,0.2573,7,0.1750,1.0000,6,8,8,0,0,8,8,0.0000
9,52.0000,9,2,316.2200,-82.4650,-0.0470,37,0.9250,0.0000,4,4,0,0,0,4,0,1.0000
9,52.0000,9,6,935.9063,-88.6628,-0.1054,6,0.1500,1.0000,8,6,6,0,0,6,6,0.0000
9,52.0000,9,7,755.9015,-88.1182,0.0275,14,0.3500,0.6667,6,8,8,0,0,8,8,0.0000
9,52.0000,9,12,893.7643,-88.1726,0.2034,9,0.2250,0.8571,7,8,8,0,0,8,8,0.0000
9,52.0000,9,13,840.0624,-88.4833,0.1033,11,0.2750,1.0000,8,8,8,0,0,8,8,0.0000
9,52.0000,9,14,765.2314,-88.4696,0.8929,10,0.2500,1.0000,8,6,3,0,0,6,3,0.5000
9,52.0000,10,2,922.0665,-89.0641,0.2599,4,0.1000,1.0000,8,6,5,0,0,6,5,0.1667
9,52.0000,10,11,442.8620,-85.5461,-0.0171,36,0.9000,0.6182,110,6,3,98,59,104,62,0.4038
9,52.0000,10,14,432.6470,-83.4816,-1.9794,40,1.0000,0.4301,93,7,4,112,86,119,90,0.2437
9,52.0000,11,1,846.0512,-88.2055,-0.0058,9,0.2250,1.0000,8,8,8,0,0,8,8,0.0000
9,52.0000,11,7,914.7316,-88.3804,0.2875,8,0.2000,0.8571,7,8,8,0,0,8,8,0.0000
9,52.0000,11,8,701.4021,-87.3494,-0.3395,24,0.6000,0.9346,107,5,4,100,98,105,102,0.0286
9,52.0000,11,10,442.8620,-85.6250,-0.0821,34,0.8500,0.2000,5,4,0,0,0,4,0,1.0000
9,52.0000,11,14,673.8503,-87.8695,0.1161,22,0.5500,0.3333,6,8,6,0,0,8,6,0.2500
9,52.0000,12,6,148.2063,-77.3510,0.9376,40,1.0000,0.0000,4,4,0,0,0,4,0,1.0000
9,52.0000,12,7,1038.4424,-88.1449,-0.0336,3,0.0750,1.0000,8,4,4,0,0,4,4,0.0000
9,52.0000,12,9,893.7643,-88.5566,0.4250,7,0.1750,1.0000,8,8,8,0,0,8,8,0.0000
9,52.0000,12,13,901.1142,-88.5829,0.2143,6,0.1500,1.0000,8,8,8,0,0,8,8,0.0000
9,52.0000,13,1,410.6142,-83.3459,-0.0352,35,0.8750,0.0000,4,4,0,0,0,4,0,1.0000
9,52.0000,13,2,959.5699,-89.1214,-0.0745,12,0.3000,1.0000,8,8,8,0,0,8,8,0.0000
9,52.0000,13,5,417.1344,-85.0422,-0.2376,36,0.9000,0.0000,4,4,0,0,0,4,0,1.0000
9,52.0000,13,6,817.3846,-87.5898,0.2542,13,0.3250,1.0000,8,8,8,0,0,8,8,0.0000
9,52.0000,13,7,225.3838,-77.3576,-1.2839,40,1.0000,0.0000,4,4,0,0,0,4,0,1.0000
9,52.0000,13,8,763.4282,-88.5322,0.1864,13,0.3250,1.0000,6,7,6,0,0,7,6,0.1429
9,52.0000,13,9,840.0624,-88.3279,-0.5013,9,0.2250,0.9844,64,8,8,0,0,8,8,0.0000
9,52.0000,13,12,901.1142,-88.8991,-0.3531,11,0.2750,1.0000,8,8,8,0,0,8,8,0.0000
9,52.0000,13,14,1083.7279,-89.2343,0.1013,4,0.1000,,0,4,4,0,0,4,4,0.0000
9,52.0000,14,2,509.6148,-86.8977,0.6149,31,0.7750,0.0000,4,4,0,0,0,4,0,1.0000
9,52.0000,14,7,869.6377,-88.9337,-0.5854,4,0.1000,1.0000,6,8,8,0,0,8,8,0.0000
9,52.0000,14,8,1050.0945,-89.1328,0.8039,3,0.0750,1.0000,2,4,4,0,0,4,4,0.0000
9,52.0000,14,9,765.2314,-88.6878,0.1631,10,0.2500,0.8750,8,8,5,0,0,8,5,0.3750
9,52.0000,14,10,432.6470,-82.9441,-1.4730,39,0.9750,0.3750,8,6,2,36,29,42,31,0.2619
9,52.0000,14,11,673.8503,-87.5638,-0.1065,23,0.5750,0.5000,6,8,8,0,0,8,8,0.0000
9,56.0000,0,11,773.9363,-88.6887,0.1724,13,0.3250,1.0000,8,7,6,0,0,7,6,0.1429
9,56.0000,1,2,1007.5396,-89.2078,0.0258,6,0.1500,1.0000,126,2,2,120,120,122,122,0.0000
9,56.0000,1,5,265.0301,-79.1115,-0.5523,40,1.0000,0.0000,3,4,0,0,0,4,0,1.0000
9,56.0000,1,7,335.7419,-83.4957,-0.2102,39,0.9750,0.0000,4,4,0,0,0,4,0,1.0000
9,56.0000,1,8,307.9282,-82.9750,0.1723,38,0.9500,0.0000,4,4,0,0,0,4,0,1.0000
9,56.0000,1,11,815.9657,-89.1310,0.1115,10,0.2500,1.0000,8,8,8,0,0,8,8,0.0000
9,56.0000,1,13,483.9124,-85.4667,0.1978,36,0.9000,0.3333,6,6,3,0,0,6,3,0.5000
9,56.0000,1,14,937.4668,-88.8088,-0.3248,5,0.1250,1.0000,8,7,6,0,0,7,6,0.1429
9,56.0000,2,7,850.5008,-88.8369,0.2678,7,0.1750,0.7500,8,8,8,0,0,8,8,0.0000
9,56.0000,2,9,288.5114,-82.1488,0.6066,39,0.9750,0.1733,75,4,0,70,14,74,14,0.8108
9,56.0000,2,10,966.5183,-88.5562,-0.4254,4,0.1000,1.0000,8,8,8,0,0,8,8,0.0000
9,56.0000,2,13,1025.9878,-89.5095,0.0519,5,0.1250,1.0000,6,8,8,0,0,8,8,0.0000
9,56.0000,2,14,369.2500,-85.6235,0.5647,33,0.8250,0.8487,119,5,1,79,30,84,31,0.6310
9,56.0000,3,4,502.0130,-85.6567,-0.6933,38,0.9500,0.0000,4,6,2,0,0,6,2,0.6667
9,56.0000,4,3,502.0130,-84.9446,-0.7004,37,0.9250,0.0000,4,5,1,0,0,5,1,0.8000
9,56.0000,5,1,265.0301,-79.7269,-0.3858,40,1.0000,0.2000,5,5,1,0,0,5,1,0.8000
9,56.0000,5,7,435.8906,-85.8248,-0.4102,35,0.8750,0.3333,6,4,0,0,0,4,0,1.0000
9,56.0000,5,8,448.3208,-85.4640,-0.1658,34,0.8500,0.2000,5,4,0,0,0,4,0,1.0000
9,56.0000,5,13,421.8519,-84.4396,0.1314,39,0.9750,0.0000,4,5,1,0,0,5,1,0.8000
9,56.0000,6,9,964.6964,-89.1717,-0.0326,4,0.1000,1.0000,8,6,6,0,0,6,6,0.0000
9,56.0000,6,12,151.2915,-73.6100,0.0128,40,1.0000,0.0000,4,4,0,0,0,4,0,1.0000
9,56.0000,6,13,881.7144,-88.0781,0.6428,8,0.2000,1.0000,8,8,8,0,0,8,8,0.0000
9,56.0000,7,1,335.7419,-83.4562,-0.2131,36,0.9000,0.5000,6,4,0,0,0,4,0,1.0000
9,56.0000,7,2,850.5008,-88.1904,0.9071,9,0.2250,1.0000,8,7,6,0,0,7,6,0.1429
9,56.0000,7,5,435.8906,-84.4175,0.3242,34,0.8500,0.2000,5,5,1,0,0,5,1,0.8000
9,56.0000,7,8,626.8110,-87.8575,0.1239,20,0.5000,0.8750,8,7,3,0,0,7,3,0.5714
9,56.0000,7,9,821.4005,-88.4604,0.2024,14,0.3500,0.8571,7,6,6,0,0,6,6,0.0000
9,56.0000,7,11,912.6966,-88.7827,0.8917,4,0.1000,1.0000,8,8,8,0,0,8,8,0.0000
9,56.0000,7,13,293.7865,-79.2382,-0.5752,39,0.9750,0.0000,4,4,0,0,0,4,0,1.0000
9,56.0000,7,14,865.0994,-88.9137,0.1212,14,0.3500,0.8750,8,8,8,0,0,8,8,0.0000
9,56.0000,8,1,307.9282,-82.1723,0.3095,40,1.0000,0.0000,4,4,0,0,0,4,0,1.0000
9,56.0000,8,5,448.3208,-85.6338,0.1871,37,0.9250,0.2000,5,4,0,0,0,4,0,1.0000
9,56.0000,8,7,626.8110,-87.7471,-0.2359,22,0.5500,0.8000,5,6,4,0,0,6,4,0.3333
9,56.0000,8,11,812.0567,-87.8154,0.0005,22,0.5500,1.0000,8,8,8,0,0,8,8,0.0000
9,56.0000,8,13,743.3227,-87.9421,-0.1168,14,0.3500,0.8750,8,8,7,0,0,8,7,0.1250
9,56.0000,9,1,978.8211,-88.1907,1.0113,4,0.1026,1.0000,8,8,8,0,0,8,8,0.0000
9,56.0000,9,2,288.5114,-81.4791,-0.2663,37,0.9487,0.0000,4,5,0,0,0,5,0,1.0000
9,56.0000,9,6,964.6964,-88.9849,-0.5693,3,0.0769,1.0000,6,8,8,0,0,8,8,0.0000
9,56.0000,9,7,821.4005,-87.9977,0.1090,15,0.3846,1.0000,8,8,8,0,0,8,8,0.0000
9,56.0000,9,12,1074.8484,-88.2090,-1.0657,4,0.1026,1.0000,8,2,2,0,0,2,2,0.0000
9,56.0000,9,13,921.1742,-88.1158,2.1142,7,0.1795,1.0000,8,8,8,0,0,8,8,0.0000
9,56.0000,9,14,608.9070,-87.5203,0.2463,24,0.6154,0.5000,6,4,0,0,0,4,0,1.0000
9,56.0000,10,0,984.4626,-88.8691,0.0275,5,0.1250,,0,6,6,0,0,6,6,0.0000
9,56.0000,10,2,966.5183,-89.3868,-0.2099,6,0.1500,0.8333,6,8,8,0,0,8,8,0.0000
9,56.0000,10,11,419.8312,-85.1405,-0.1598,38,0.9500,0.5962,104,6,2,101,67,107,69,0.3551
9,56.0000,10,14,617.0600,-86.2354,-1.0322,28,0.7000,0.7563,119,7,6,118,107,125,113,0.0960
9,56.0000,11,0,773.9363,-88.5071,0.6813,10,0.2500,0.8750,8,8,8,0,0,8,8,0.0000
9,56.0000,11,1,815.9657,-88.5674,-0.4042,12,0.3000,1.0000,8,7,5,0,0,7,5,0.2857
9,56.0000,11,2,1083.2132,-89.4619,-0.2884,4,0.1000,,0,4,4,0,0,4,4,0.0000
9,56.0000,11,7,912.6966,-88.8709,0.4069,5,0.1250,1.0000,8,7,5,0,0,7,5,0.2857
9,56.0000,11,8,812.0567,-88.3865,-0.0347,12,0.3000,0.9714,105,8,8,52,52,60,60,0.0000
9,56.0000,11,10,419.8312,-84.9681,-0.2743,37,0.9250,0.0000,4,5,1,0,0,5,1,0.8000
9,56.0000,11,14,765.9197,-88.4184,-0.1379,16,0.4000,0.7500,8,8,7,0,0,8,7,0.1250
9,56.0000,12,6,151.2915,-75.0266,-0.2081,39,0.9750,0.0000,4,4,0,0,0,4,0,1.0000
9,56.0000,12,13,1003.7809,-89.4617,-0.4677,3,0.0750,1.0000,8,8,8,0,0,8,8,0.0000
9,56.0000,13,1,483.9124,-85.4233,0.1146,35,0.8750,0.0000,4,6,3,0,0,6,3,0.5000
9,56.0000,13,5,421.8519,-84.9005,0.7395,39,0.9750,0.0000,4,5,2,0,0,5,2,0.6000
9,56.0000,13,6,881.7144,-88.4936,-0.2221,6,0.1500,1.0000,8,8,8,0,0,8,8,0.0000
9,56.0000,13,7,293.7865,-80.0106,-0.1816,37,0.9250,0.0000,4,4,0,0,0,4,0,1.0000
9,56.0000,13,8,743.3227,-87.9060,0.5877,11,0.2750,0.8571,7,7,6,0,0,7,6,0.1429
9,56.0000,13,9,921.1742,-88.4466,-0.0758,9,0.2250,1.0000,8,8,8,0,0,8,8,0.0000
9,56.0000,13,12,1003.7809,-89.0395,0.2964,4,0.1000,1.0000,8,6,6,0,0,6,6,0.0000
9,56.0000,14,1,937.4668,-89.2359,0.2502,6,0.1538,0.8571,7,8,8,0,0,8,8,0.0000
9,56.0000,14,2,369.2500,-85.5654,0.9117,34,0.8718,0.0000,4,5,1,0,0,5,1,0.8000
9,56.0000,14,7,865.0994,-88.1210,0.2430,7,0.1795,1.0000,8,6,6,0,0,6,6,0.0000
9,56.0000,14,9,608.9070,-87.5062,1.0635,18,0.4615,0.6250,8,7,4,0,0,7,4,0.4286
9,56.0000,14,10,617.0600,-86.7441,-0.8304,33,0.8462,0.7381,42,6,3,100,93,106,96,0.0943
9,56.0000,14,11,765.9197,-88.1439,-0.1027,23,0.5897,1.0000,8,8,7,2,2,10,9,0.1000
9,60.0000,0,10,925.3239,-89.3985,0.0700,6,0.1500,1.0000,4,10,10,0,0,10,10,0.0000
9,60.0000,0,11,693.8851,-88.5161,0.1663,12,0.3000,0.8571,7,7,6,0,0,7,6,0.1429
9,60.0000,1,2,992.1468,-89.5029,0.1257,5,0.1250,1.0000,122,8,8,6,6,14,14,0.0000
9,60.0000,1,5,319.5946,-81.3214,-0.5468,40,1.0000,0.0000,4,6,2,0,0,6,2,0.6667
9,60.0000,1,7,339.9983,-83.3404,0.3703,40,1.0000,0.0000,4,5,1,88,41,93,42,0.5484
9,60.0000,1,8,326.5882,-81.9588,-0.5348,40,1.0000,0.0000,4,4,0,0,0,4,0,1.0000
9,60.0000,1,9,984.3145,-88.6531,0.4850,5,0.1250,,0,5,4,0,0,5,4,0.2000
9,60.0000,1,11,767.3280,-88.3845,0.1664,14,0.3500,1.0000,8,7,6,0,0,7,6,0.1429
9,60.0000,1,13,582.1368,-86.5967,-0.1261,32,0.8000,0.5000,6,8,7,0,0,8,7,0.1250
9,60.0000,1,14,929.7451,-89.0348,-0.1721,7,0.1750,0.8571,7,8,8,0,0,8,8,0.0000
9,60.0000,2,7,918.6954,-88.8256,-0.7312,15,0.3846,1.0000,8,8,8,0,0,8,8,0.0000
9,60.0000,2,9,271.3624,-80.6802,0.2803,39,1.0000,0.1892,74,4,0,65,7,69,7,0.8986
9,60.0000,2,10,1008.7317,-89.6954,0.2329,5,0.1282,1.0000,8,4,4,0,0,4,4,0.0000
9,60.0000,2,14,236.3139,-82.2349,1.4303,37,0.9487,0.3690,84,4,0,61,1,65,1,0.9846
9,60.0000,3,4,637.0013,-86.8203,-0.2213,36,0.9000,0.3333,6,7,6,0,0,7,6,0.1429
9,60.0000,4,3,637.0013,-86.4018,-0.2405,36,0.9000,0.2000,5,7,5,0,0,7,5,0.2857
9,60.0000,5,1,319.5946,-81.1405,-0.9285,39,0.9750,0.2000,5,4,0,0,0,4,0,1.0000
9,60.0000,5,7,418.9449,-84.7623,0.2621,33,0.8250,0.0000,4,5,2,0,0,5,2,0.6000
9,60.0000,5,8,428.5192,-84.7354,-0.0301,34,0.8500,0.0000,4,4,0,0,0,4,0,1.0000
9,60.0000,5,9,958.9475,-88.6794,0.0807,5,0.1250,1.0000,8,8,8,0,0,8,8,0.0000
9,60.0000,5,13,449.9009,-84.5148,0.0059,36,0.9000,0.2000,5,6,2,0,0,6,2,0.6667
9,60.0000,6,2,1233.0868,-89.9110,0.0876,3,0.0769,1.0000,4,4,4,0,0,4,4,0.0000
9,60.0000,6,9,983.5059,-88.8346,0.2320,5,0.1282,1.0000,6,8,8,0,0,8,8,0.0000
9,60.0000,6,12,254.7388,-77.7282,-1.0195,39,1.0000,0.0000,4,4,0,0,0,4,0,1.0000
9,60.0000,6,13,955.5536,-89.1303,-0.3815,4,0.1026,1.0000,8,8,8,0,0,8,8,0.0000
9,60.0000,7,1,339.9983,-82.7621,-0.6331,39,0.9750,0.0000,4,3,0,0,0,3,0,1.0000
9,60.0000,7,2,918.6954,-89.5067,-0.3398,6,0.1500,0.8571,7,8,8,0,0,8,8,0.0000
9,60.0000,7,5,418.9449,-85.1468,-0.3252,38,0.9500,0.2000,5,4,0,0,0,4,0,1.0000
9,60.0000,7,8,594.5491,-87.5637,0.1100,29,0.7250,0.4286,7,6,3,0,0,6,3,0.5000
9,60.0000,7,9,894.8441,-88.1929,-1.1589,5,0.1250,1.0000,6,10,10,60,60,70,70,0.0000
9,60.0000,7,11,934.3682,-88.6094,-0.2265,6,0.1500,1.0000,8,8,8,0,0,8,8,0.0000
9,60.0000,7,13,343.2347,-83.1151,-0.3166,40,1.0000,0.0000,4,5,1,0,0,5,1,0.8000
9,60.0000,7,14,925.1287,-88.9095,-0.1585,5,0.1250,1.0000,8,8,8,0,0,8,8,0.0000
9,60.0000,8,1,326.5882,-81.9349,-0.0324,37,0.9487,0.0000,4,5,2,0,0,5,2,0.6000
9,60.0000,8,5,428.5192,-84.5928,0.0790,32,0.8205,0.0000,4,4,0,0,0,4,0,1.0000
9,60.0000,8,7,594.5491,-87.2501,0.1621,27,0.6923,0.6667,6,8,5,0,0,8,5,0.3750
9,60.0000,8,11,915.0518,-88.5063,-0.5835,10,0.2564,1.0000,8,8,8,0,0,8,8,0.0000
9,60.0000,8,13,730.0312,-87.7126,0.5639,9,0.2308,0.8750,8,7,5,0,0,7,5,0.2857
9,60.0000,9,2,271.3624,-81.0088,0.2124,39,0.9750,0.0000,5,4,0,0,0,4,0,1.0000
9,60.0000,9,5,958.9475,-88.8304,0.1988,4,0.1000,1.0000,6,8,8,0,0,8,8,0.0000
9,60.0000,9,6,983.5059,-88.5030,7.7013,3,0.0750,1.0000,8,8,8,0,0,8,8,0.0000
9,60.0000,9,7,894.8441,-88.2684,0.3144,6,0.1500,1.0000,8,8,7,0,0,8,7,0.1250
9,60.0000,9,13,1006.0022,-89.2848,0.3216,10,0.2500,1.0000,8,8,8,0,0,8,8,0.0000
9,60.0000,9,14,461.5656,-87.0446,0.5212,27,0.6750,0.0000,4,4,0,0,0,4,0,1.0000
9,60.0000,10,0,925.3239,-89.4371,-0.1620,3,0.0750,1.0000,6,8,8,0,0,8,8,0.0000
9,60.0000,10,2,1008.7317,-88.9118,0.1557,4,0.1000,1.0000,8,8,8,0,0,8,8,0.0000
9,60.0000,10,11,406.7144,-84.7909,0.4109,35,0.8750,0.6449,107,5,1,4,3,9,4,0.5556
9,60.0000,10,14,797.3087,-88.1986,-0.1225,19,0.4750,0.9040,125,7,6,120,120,127,126,0.0079
9,60.0000,11,0,693.8851,-88.1197,0.3518,10,0.2500,1.0000,8,7,5,53,44,60,49,0.1833
9,60.0000,11,1,767.3280,-88.1328,-0.1181,11,0.2750,0.7143,7,7,6,0,0,7,6,0.1429
9,60.0000,11,7,934.3682,-89.6634,-0.0061,6,0.1500,0.7143,7,8,8,0,0,8,8,0.0000
9,60.0000,11,8,915.0518,-88.1883,-0.1702,6,0.1500,1.0000,60,8,8,0,0,8,8,0.0000
9,60.0000,11,10,406.7144,-85.1198,0.1619,37,0.9250,0.2000,5,5,1,0,0,5,1,0.8000
9,60.0000,11,14,872.2855,-87.7100,-0.3570,14,0.3500,0.8750,8,8,8,0,0,8,8,0.0000
9,60.0000,12,6,254.7388,-77.2037,-1.1774,40,1.0000,0.0000,4,4,0,0,0,4,0,1.0000
9,60.0000,12,13,1023.5356,-89.3845,-0.0328,3,0.0750,1.0000,8,6,6,0,0,6,6,0.0000
9,60.0000,13,1,582.1368,-87.0036,-0.1442,30,0.7500,0.5000,6,6,3,0,0,6,3,0.5000
9,60.0000,13,5,449.9009,-84.8005,-0.1439,37,0.9250,0.4000,5,5,1,0,0,5,1,0.8000
9,60.0000,13,6,955.5536,-88.4026,0.0404,6,0.1500,1.0000,8,8,8,0,0,8,8,0.0000
9,60.0000,13,7,343.2347,-81.7541,-0.1399,40,1.0000,0.0000,4,5,1,0,0,5,1,0.8000
9,60.0000,13,8,730.0312,-87.7294,0.2196,13,0.3250,0.8571,7,9,8,0,0,9,8,0.1111
9,60.0000,13,9,1006.0022,-89.1346,0.0551,3,0.0750,1.0000,8,6,6,0,0,6,6,0.0000
9,60.0000,14,1,929.7451,-88.9609,0.1428,6,0.1463,1.0000,8,8,8,0,0,8,8,0.0000
9,60.0000,14,2,236.3139,-81.4985,1.0868,40,0.9756,0.2000,5,4,0,0,0,4,0,1.0000
9,60.0000,14,7,925.1287,-88.3103,0.0786,8,0.1951,1.0000,6,8,8,0,0,8,8,0.0000
9,60.0000,14,9,461.5656,-86.1704,1.0805,31,0.7561,0.5714,7,4,0,0,0,4,0,1.0000
9,60.0000,14,10,797.3087,-87.8881,-0.2387,21,0.5122,0.9057,106,4,4,68,68,72,72,0.0000
9,60.0000,14,11,872.2855,-88.4713,-0.7177,10,0.2439,0.9000,10,6,6,0,0,6,6,0.0000
9,64.0000,0,10,871.4018,-88.8888,-0.1106,8,0.2000,1.0000,10,8,8,0,0,8,8,0.0000
9,64.0000,0,11,601.1615,-87.5848,0.5639,25,0.6250,0.8571,7,7,4,0,0,7,4,0.4286
9,64.0000,1,2,996.1504,-88.4289,-0.2314,3,0.0750,1.0000,14,8,8,0,0,8,8,0.0000
9,64.0000,1,5,364.9917,-83.2817,-0.5427,36,0.9000,0.3333,6,5,1,0,0,5,1,0.8000
9,64.0000,1,7,357.8547,-83.2869,-0.5589,38,0.9500,0.4516,93,4,0,10,6,14,6,0.5714
9,64.0000,1,8,379.1768,-84.1040,-0.4408,39,0.9750,0.0000,4,5,2,0,0,5,2,0.6000
9,64.0000,1,9,1003.4794,-88.8544,-0.4376,7,0.1750,0.8000,5,8,8,0,0,8,8,0.0000
9,64.0000,1,11,744.9435,-88.4626,0.5929,14,0.3500,0.8571,7,7,6,0,0,7,6,0.1429
9,64.0000,1,13,690.6444,-87.3288,-0.4972,26,0.6500,0.8750,8,8,8,0,0,8,8,0.0000
9,64.0000,1,14,999.0277,-89.0455,-0.8517,3,0.0750,1.0000,8,8,8,0,0,8,8,0.0000
9,64.0000,2,1,996.1504,-89.2965,0.2778,5,0.1250,1.0000,8,6,6,0,0,6,6,0.0000
9,64.0000,2,5,1031.0277,-89.6191,-0.0493,3,0.0750,,0,6,6,0,0,6,6,0.0000
9,64.0000,2,7,973.2031,-88.3519,-0.0454,4,0.1000,1.0000,8,8,7,0,0,8,7,0.1250
9,64.0000,2,9,250.6145,-79.7031,0.0289,40,1.0000,0.1014,69,4,0,61,1,65,1,0.9846
9,64.0000,2,10,1049.9979,-89.0174,-0.3110,4,0.1000,1.0000,4,6,6,0,0,6,6,0.0000
9,64.0000,2,14,134.3038,-76.0603,1.4402,40,1.0000,0.0154,65,4,0,6,0,10,0,1.0000
9,64.0000,3,4,725.8260,-87.9804,-0.2711,23,0.5750,0.8571,7,8,7,0,0,8,7,0.1250
9,64.0000,4,3,725.8260,-87.8525,-0.1678,27,0.6750,0.7143,7,7,6,0,0,7,6,0.1429
9,64.0000,5,1,364.9917,-83.0799,-0.4841,36,0.9000,0.0000,4,4,0,0,0,4,0,1.0000
9,64.0000,5,6,1173.1354,-89.8051,-0.0775,3,0.0750,,0,4,4,0,0,4,4,0.0000
9,64.0000,5,7,422.2975,-84.9152,0.1766,36,0.9000,0.4000,5,4,0,0,0,4,0,1.0000
9,64.0000,5,8,425.3189,-84.8755,0.5430,36,0.9000,0.0000,4,5,2,0,0,5,2,0.6000
9,64.0000,5,9,947.5615,-89.0299,0.2460,5,0.1250,1.0000,8,8,8,0,0,8,8,0.0000
9,64.0000,5,13,500.4409,-84.9263,0.0297,35,0.8750,0.3333,6,4,0,0,0,4,0,1.0000
9,64.0000,6,9,998.3190,-89.3234,0.4904,3,0.0750,1.0000,8,4,4,0,0,4,4,0.0000
9,64.0000,6,12,412.2810,-82.5533,-1.2337,39,0.9750,0.0000,4,5,1,0,0,5,1,0.8000
9,64.0000,6,13,1015.8744,-88.5728,-0.0978,7,0.1750,1.0000,8,6,6,0,0,6,6,0.0000
9,64.0000,7,1,357.8547,-83.6153,-0.2456,34,0.8500,0.0000,3,4,0,0,0,4,0,1.0000
9,64.0000,7,2,973.2031,-88.9557,0.1910,5,0.1250,1.0000,8,8,8,0,0,8,8,0.0000
9,64.0000,7,5,422.2975,-84.8250,0.5194,34,0.8500,0.0000,4,6,2,0,0,6,2,0.6667
9,64.0000,7,8,568.5349,-87.1743,0.1053,24,0.6000,0.5000,6,6,3,0,0,6,3,0.5000
9,64.0000,7,9,958.2941,-89.2953,-0.2791,7,0.1750,1.0000,70,8,8,0,0,8,8,0.0000
9,64.0000,7,11,959.1235,-88.4703,0.4356,5,0.1250,1.0000,8,4,4,0,0,4,4,0.0000
9,64.0000,7,13,416.9337,-84.1480,-0.6332,37,0.9250,0.2000,5,4,0,0,0,4,0,1.0000
9,64.0000,8,1,379.1768,-83.4160,0.0910,37,0.9024,0.4000,5,4,0,0,0,4,0,1.0000
9,64.0000,8,3,906.5792,-88.8315,1.3673,3,0.0732,1.0000,4,8,8,0,0,8,8,0.0000
9,64.0000,8,5,425.3189,-83.9475,0.3553,38,0.9268,0.0000,4,5,1,0,0,5,1,0.8000
9,64.0000,8,7,568.5349,-86.1989,0.0267,27,0.6585,0.6250,8,4,1,0,0,4,1,0.7500
9,64.0000,8,11,1028.3514,-89.5668,-0.0819,5,0.1220,1.0000,8,6,6,0,0,6,6,0.0000
9,64.0000,8,13,726.4833,-88.6540,0.0363,17,0.4146,0.7143,7,7,6,0,0,7,6,0.1429
9,64.0000,9,1,1003.4794,-88.4025,0.0051,4,0.1000,1.0000,6,8,8,0,0,8,8,0.0000
9,64.0000,9,2,250.6145,-80.2025,0.5160,40,1.0000,0.0000,4,4,0,0,0,4,0,1.0000
9,64.0000,9,5,947.5615,-89.3936,-0.8812,5,0.1250,1.0000,8,6,6,0,0,6,6,0.0000
9,64.0000,9,6,998.3190,-89.1899,0.5051,7,0.1750,1.0000,8,8,7,0,0,8,7,0.1250
9,64.0000,9,7,958.2941,-88.9084,-0.3684,5,0.1250,0.8750,8,7,6,0,0,7,6,0.1429
9,64.0000,9,14,327.8440,-84.3246,0.8263,38,0.9500,0.0000,4,4,0,0,0,4,0,1.0000
9,64.0000,10,0,871.4018,-88.9478,-0.5395,5,0.1250,1.0000,8,8,8,0,0,8,8,0.0000
9,64.0000,10,11,404.7589,-84.4881,-0.0026,36,0.9000,0.4444,9,4,0,0,0,4,0,1.0000
9,64.0000,10,14,975.6272,-88.8926,0.4891,3,0.0750,0.9921,127,4,4,120,119,124,123,0.0081
9,64.0000,11,0,601.1615,-87.5473,-0.3015,26,0.6500,0.8167,60,7,4,116,82,123,86,0.3008
9,64.0000,11,1,744.9435,-88.1900,0.3439,9,0.2250,0.8571,7,8,7,0,0,8,7,0.1250
9,64.0000,11,7,959.1235,-89.1167,0.2930,4,0.1000,1.0000,8,8,8,0,0,8,8,0.0000
9,64.0000,11,8,1028.3514,-89.3126,0.2506,6,0.1500,1.0000,8,6,6,0,0,6,6,0.0000
9,64.0000,11,10,404.7589,-84.4791,-0.5037,36,0.9000,0.2000,5,4,0,0,0,4,0,1.0000
9,64.0000,12,6,412.2810,-82.4927,-0.8744,38,0.9500,0.0000,4,5,1,0,0,5,1,0.8000
9,64.0000,13,1,690.6444,-87.6450,-0.2737,28,0.7000,0.5000,6,6,4,0,0,6,4,0.3333
9,64.0000,13,5,500.4409,-85.7309,0.0510,32,0.8000,0.2000,5,6,3,0,0,6,3,0.5000
9,64.0000,13,6,1015.8744,-88.2431,0.7827,4,0.1000,1.0000,8,8,8,0,0,8,8,0.0000
9,64.0000,13,7,416.9337,-83.5277,-0.8708,36,0.9000,0.2000,5,4,0,0,0,4,0,1.0000
9,64.0000,13,8,726.4833,-87.7451,0.0989,15,0.3750,0.8889,9,6,3,0,0,6,3,0.5000
9,64.0000,13,12,1038.9742,-88.9298,0.0131,3,0.0750,1.0000,8,2,2,0,0,2,2,0.0000
9,64.0000,14,1,999.0277,-88.7246,0.0392,5,0.1250,1.0000,8,8,8,0,0,8,8,0.0000
9,64.0000,14,2,134.3038,-76.5007,1.1792,40,1.0000,0.0000,4,4,0,0,0,4,0,1.0000
9,64.0000,14,5,1054.2076,-89.4558,-0.3267,4,0.1000,1.0000,8,6,6,0,0,6,6,0.0000
9,64.0000,14,7,1022.8533,-89.3571,-0.0550,8,0.2000,1.0000,8,6,6,0,0,6,6,0.0000
9,64.0000,14,9,327.8440,-84.2712,0.3077,35,0.8750,0.0000,4,4,0,0,0,4,0,1.0000
9,64.0000,14,10,975.6272,-88.6901,-0.3129,11,0.2750,1.0000,72,8,8,0,0,8,8,0.0000
9,64.0000,14,11,988.0586,-89.4143,0.2779,3,0.0750,1.0000,6,4,4,0,0,4,4,0.0000
9,68.0000,0,1,806.8173,-89.2826,-0.4271,7,0.1750,1.0000,6,7,5,0,0,7,5,0.2857
9,68.0000,0,10,867.5419,-89.2399,-0.1606,6,0.1500,1.0000,8,6,6,0,0,6,6,0.0000
9,68.0000,0,11,578.5069,-87.6114,-0.1136,29,0.7250,0.5714,7,7,5,0,0,7,5,0.2857
9,68.0000,1,0,806.8173,-88.5666,0.2461,8,0.2000,0.8333,6,7,6,0,0,7,6,0.1429
9,68.0000,1,5,403.8519,-83.9202,0.1176,36,0.9000,0.2000,5,4,0,0,0,4,0,1.0000
9,68.0000,1,7,384.9003,-83.3819,0.1868,38,0.9500,0.4286,14,4,0,0,0,4,0,1.0000
9,68.0000,1,8,434.8798,-84.1507,-0.8461,36,0.9000,0.4000,5,5,1,0,0,5,1,0.8000
9,68.0000,1,10,1094.1925,-89.2514,-0.3410,3,0.0750,1.0000,4,4,4,0,0,4,4,0.0000
9,68.0000,1,11,744.2085,-88.6786,0.7502,10,0.2500,0.8571,7,8,7,0,0,8,7,0.1250
9,68.0000,1,13,799.6363,-87.6783,-0.0129,16,0.4000,1.0000,8,8,8,0,0,8,8,0.0000
9,68.0000,1,14,1121.5699,-89.3945,-0.0656,4,0.1000,1.0000,8,4,4,0,0,4,4,0.0000
9,68.0000,2,1,1021.7004,-89.1983,0.0059,3,0.0750,1.0000,6,6,6,0,0,6,6,0.0000
9,68.0000,2,5,1006.9642,-88.7341,0.5898,3,0.0750,1.0000,6,8,8,0,0,8,8,0.0000
9,68.0000,2,7,1028.8619,-89.4747,0.1026,5,0.1250,0.8750,8,4,4,0,0,4,4,0.0000
9,68.0000,2,9,225.7304,-79.5191,0.3444,40,1.0000,0.0154,65,4,0,60,0,64,0,1.0000
9,68.0000,2,10,1075.0707,-89.5216,-0.0147,4,0.1000,1.0000,6,6,6,0,0,6,6,0.0000
9,68.0000,2,14,151.1570,-74.0214,0.1928,40,1.0000,0.0000,10,3,0,0,0,3,0,1.0000
9,68.0000,3,4,727.9232,-87.7074,-0.1278,16,0.4000,0.8750,8,7,6,0,0,7,6,0.1429
9,68.0000,3,8,771.7385,-88.3450,0.5846,11,0.2750,0.5000,6,8,6,0,0,8,6,0.2500
9,68.0000,4,3,727.9232,-88.2717,0.1261,19,0.4750,0.8571,7,8,7,0,0,8,7,0.1250
9,68.0000,5,1,403.8519,-83.4999,-0.1401,38,0.9744,0.0000,4,4,0,0,0,4,0,1.0000
9,68.0000,5,7,437.7890,-85.1892,-0.3842,37,0.9487,0.0000,4,5,1,0,0,5,1,0.8000
9,68.0000,5,8,445.5740,-85.5912,0.1330,37,0.9487,0.4000,5,5,1,0,0,5,1,0.8000
9,68.0000,5,9,935.5181,-89.0447,0.4487,3,0.0769,1.0000,8,8,8,0,0,8,8,0.0000
9,68.0000,5,13,573.2245,-87.0126,-0.7582,29,0.7436,0.0000,4,6,3,0,0,6,3,0.5000
9,68.0000,5,14,1086.4053,-89.6239,-0.3109,4,0.1026,1.0000,8,2,2,0,0,2,2,0.0000
9,68.0000,6,12,567.1492,-85.5771,-0.5294,33,0.8250,0.2000,5,6,3,0,0,6,3,0.5000
9,68.0000,6,13,1023.8461,-88.9570,-0.7448,4,0.1000,1.0000,6,4,4,0,0,4,4,0.0000
9,68.0000,7,1,384.9003,-83.5193,0.3726,38,0.9500,0.0000,4,4,0,0,0,4,0,1.0000
9,68.0000,7,2,1028.8619,-89.1148,-0.5177,4,0.1000,1.0000,8,4,4,0,0,4,4,0.0000
9,68.0000,7,5,437.7890,-84.9714,-0.0577,37,0.9250,0.3333,6,5,2,0,0,5,2,0.6000
9,68.0000,7,8,549.4450,-87.1264,0.1970,30,0.7500,0.5000,6,5,2,0,0,5,2,0.6000
9,68.0000,7,9,1022.5209,-89.2590,-0.5109,3,0.0750,1.0000,8,4,4,0,0,4,4,0.0000
9,68.0000,7,11,1000.2734,-89.5599,-0.1452,5,0.1250,1.0000,4,8,8,0,0,8,8,0.0000
9,68.0000,7,13,490.8009,-84.9176,-0.6136,36,0.9000,0.0000,4,5,1,0,0,5,1,0.8000
9,68.0000,8,1,434.8798,-84.6037,0.0765,39,0.9750,0.0000,4,4,0,0,0,4,0,1.0000
9,68.0000,8,3,771.7385,-88.7816,0.3201,12,0.3000,1.0000,8,8,6,0,0,8,6,0.2500
9,68.0000,8,5,445.5740,-85.2917,0.5142,39,0.9750,0.2000,5,3,0,0,0,3,0,1.0000
9,68.0000,8,7,549.4450,-86.8234,0.5655,30,0.7500,0.2500,4,4,0,0,0,4,0,1.0000
9,68.0000,8,13,725.8279,-88.0716,0.3606,18,0.4500,0.8571,7,7,6,0,0,7,6,0.1429
9,68.0000,9,1,1039.4890,-89.6043,0.4675,3,0.0750,1.0000,8,6,6,0,0,6,6,0.0000
9,68.0000,9,2,225.7304,-79.7561,-0.0861,40,1.0000,0.0000,4,4,0,0,0,4,0,1.0000
9,68.0000,9,5,935.5181,-88.7578,-0.3607,7,0.1750,1.0000,6,10,10,0,0,10,10,0.0000
9,68.0000,9,7,1022.5209,-89.3190,0.5581,4,0.1000,0.8571,7,4,4,0,0,4,4,0.0000
9,68.0000,9,14,233.2626,-80.4900,0.6876,40,1.0000,0.0000,4,4,0,0,0,4,0,1.0000
9,68.0000,10,0,867.5419,-88.9541,0.4560,7,0.1750,1.0000,8,8,8,0,0,8,8,0.0000
9,68.0000,10,11,373.7133,-83.9900,0.2128,39,0.9750,0.0000,4,5,1,0,0,5,1,0.8000
9,68.0000,10,14,1132.9020,-88.9613,-0.4879,3,0.0750,0.9919,124,2,2,2,2,4,4,0.0000
9,68.0000,11,0,578.5069,-86.7169,0.0423,31,0.7750,0.6992,123,5,2,110,78,115,80,0.3043
9,68.0000,11,1,744.2085,-88.3679,-0.1252,11,0.2750,0.8750,8,6,4,0,0,6,4,0.3333
9,68.0000,11,7,1000.2734,-88.2359,-0.3621,3,0.0750,1.0000,8,6,6,0,0,6,6,0.0000
9,68.0000,11,10,373.7133,-83.7165,0.8890,38,0.9500,0.0000,4,4,0,0,0,4,0,1.0000
9,68.0000,12,6,567.1492,-85.9083,-0.5048,32,0.8000,0.2000,5,6,4,0,0,6,4,0.3333
9,68.0000,13,1,799.6363,-88.3794,-0.0071,19,0.4750,0.6667,6,8,8,0,0,8,8,0.0000
9,68.0000,13,5,573.2245,-86.7056,-0.2982,29,0.7250,0.5000,6,7,6,0,0,7,6,0.1429
9,68.0000,13,6,1023.8461,-89.2455,0.0915,3,0.0750,1.0000,8,2,2,0,0,2,2,0.0000
9,68.0000,13,7,490.8009,-85.1869,-1.0328,36,0.9000,0.0000,4,6,4,0,0,6,4,0.3333
9,68.0000,13,8,725.8279,-88.1783,0.0355,18,0.4500,0.5000,6,7,6,0,0,7,6,0.1429
9,68.0000,14,2,151.1570,-73.4425,0.0065,38,0.9744,0.0000,4,4,0,0,0,4,0,1.0000
9,68.0000,14,5,1086.4053,-88.9665,-0.3481,3,0.0769,1.0000,6,8,8,0,0,8,8,0.0000
9,68.0000,14,9,233.2626,-80.8443,0.6523,39,1.0000,0.0000,4,4,0,0,0,4,0,1.0000
9,72.0000,0,1,617.8065,-87.7379,0.4717,23,0.5750,0.7143,7,5,1,0,0,5,1,0.8000
9,72.0000,0,7,934.2197,-88.6238,-0.2217,4,0.1000,1.0000,6,5,4,0,0,5,4,0.2000
9,72.0000,0,8,932.5979,-89.1251,-0.1618,4,0.1000,1.0000,6,8,6,0,0,8,6,0.2500
9,72.0000,0,10,813.8723,-88.5597,0.5527,8,0.2000,1.0000,6,8,7,0,0,8,7,0.1250
9,72.0000,0,11,636.8496,-87.2269,0.0222,30,0.7500,0.7143,7,6,4,0,0,6,4,0.3333
9,72.0000,1,0,617.8065,-88.1808,0.3190,19,0.4872,0.8571,7,5,2,0,0,5,2,0.6000
9,72.0000,1,5,446.6414,-85.5816,0.0338,36,0.9231,0.0000,4,5,1,0,0,5,1,0.8000
9,72.0000,1,7,404.3157,-84.1478,0.0234,38,0.9744,0.0000,4,4,0,0,0,4,0,1.0000
9,72.0000,1,8,501.3884,-85.5916,-0.2620,36,0.9231,0.2000,5,5,2,0,0,5,2,0.6000
9,72.0000,1,10,985.4717,-88.9880,1.1638,4,0.1026,1.0000,4,8,8,0,0,8,8,0.0000
9,72.0000,1,11,762.8080,-88.2096,-0.7372,15,0.3846,0.8750,8,8,7,0,0,8,7,0.1250
9,72.0000,1,13,887.2569,-88.8188,-0.1290,13,0.3333,1.0000,8,8,8,0,0,8,8,0.0000
9,72.0000,2,1,1060.4084,-89.0893,0.2613,4,0.1026,1.0000,6,8,8,0,0,8,8,0.0000
9,72.0000,2,5,972.8207,-89.0709,-0.8568,3,0.0769,1.0000,8,5,4,0,0,5,4,0.2000
9,72.0000,2,9,190.5074,-77.8173,0.3682,39,1.0000,0.0000,64,4,0,61,1,65,1,0.9846
9,72.0000,2,11,1004.9596,-89.3785,0.2057,6,0.1538,1.0000,4,4,4,0,0,4,4,0.0000
9,72.0000,2,14,249.3905,-77.5572,-0.9840,39,1.0000,0.0000,3,5,0,0,0,5,0,1.0000
9,72.0000,3,4,718.4446,-87.9733,-0.0224,16,0.4000,0.8571,7,7,4,0,0,7,4,0.4286
9,72.0000,3,8,626.6682,-88.0916,0.7127,21,0.5250,0.7500,8,7,6,0,0,7,6,0.1429
9,72.0000,3,13,897.5039,-88.8848,-0.1819,5,0.1250,1.0000,4,8,7,0,0,8,7,0.1250
9,72.0000,4,3,718.4446,-88.2566,-0.1186,18,0.4500,0.8750,8,8,6,0,0,8,6,0.2500
9,72.0000,5,1,446.6414,-84.8862,-0.2582,35,0.8537,0.0000,4,4,0,0,0,4,0,1.0000
9,72.0000,5,2,972.8207,-88.8714,-0.1318,6,0.1463,1.0000,8,4,4,0,0,4,4,0.0000
9,72.0000,5,7,475.1589,-85.4628,-0.3727,35,0.8537,0.2000,5,6,2,0,0,6,2,0.6667
9,72.0000,5,8,492.7358,-85.2421,-0.1711,38,0.9268,0.2000,5,6,4,0,0,6,4,0.3333
9,72.0000,5,9,913.1507,-88.5716,0.1472,6,0.1463,1.0000,8,8,7,0,0,8,7,0.1250
9,72.0000,5,13,655.4816,-87.4204,-0.4636,24,0.5854,0.5000,6,7,5,0,0,7,5,0.2857
9,72.0000,6,12,719.7585,-87.4252,0.1093,27,0.6750,0.5000,6,7,6,0,0,7,6,0.1429
9,72.0000,7,0,934.2197,-89.2598,0.1069,3,0.0750,1.0000,8,7,5,0,0,7,5,0.2857
9,72.0000,7,1,404.3157,-84.2973,0.0582,37,0.9250,0.0000,4,4,0,0,0,4,0,1.0000
9,72.0000,7,5,475.1589,-85.8835,0.0090,38,0.9500,0.4000,5,4,0,0,0,4,0,1.0000
9,72.0000,7,8,542.0506,-85.8771,-0.2393,28,0.7000,0.4000,5,5,1,0,0,5,1,0.8000
9,72.0000,7,11,1039.4180,-89.1461,-0.5806,3,0.0750,1.0000,8,8,8,0,0,8,8,0.0000
9,72.0000,7,13,556.5880,-86.5192,-0.0343,36,0.9000,0.2000,5,6,4,0,0,6,4,0.3333
9,72.0000,8,1,501.3884,-84.9305,-0.2344,30,0.7500,0.0000,4,6,3,0,0,6,3,0.5000
9,72.0000,8,3,626.6682,-87.8263,0.2572,24,0.6000,0.7500,8,5,1,0,0,5,1,0.8000
9,72.0000,8,5,492.7358,-85.2501,0.1847,37,0.9250,0.0000,3,6,1,0,0,6,1,0.8333
9,72.0000,8,7,542.0506,-86.9243,-0.0596,37,0.9250,0.0000,4,6,2,0,0,6,2,0.6667
9,72.0000,8,13,706.1501,-88.7395,-0.0383,20,0.5000,0.8571,7,7,5,0,0,7,5,0.2857
9,72.0000,9,1,1080.7034,-89.7241,0.0692,3,0.0750,1.0000,6,2,2,0,0,2,2,0.0000
9,72.0000,9,2,190.5074,-77.6062,0.5662,39,0.9750,0.0000,4,4,0,0,0,4,0,1.0000
9,72.0000,9,5,913.1507,-88.5678,-0.9848,8,0.2000,1.0000,10,6,6,0,0,6,6,0.0000
9,72.0000,9,6,986.1278,-89.0532,-0.1042,5,0.1250,1.0000,4,8,8,0,0,8,8,0.0000
9,72.0000,9,14,222.1549,-78.4050,0.1711,40,1.0000,0.0000,4,4,0,0,0,4,0,1.0000
9,72.0000,10,0,813.8723,-89.2010,-0.5909,5,0.1250,1.0000,8,8,8,0,0,8,8,0.0000
9,72.0000,10,11,234.2387,-81.6226,1.0545,40,1.0000,0.2000,5,4,0,0,0,4,0,1.0000
9,72.0000,11,0,636.8496,-86.9019,-0.0775,31,0.7750,0.6957,115,6,3,118,99,124,102,0.1774
9,72.0000,11,1,762.8080,-88.2108,-0.3683,15,0.3750,0.6667,6,7,3,0,0,7,3,0.5714
9,72.0000,11,10,234.2387,-81.0933,0.9304,39,0.9750,0.0000,4,4,0,0,0,4,0,1.0000
9,72.0000,12,6,719.7585,-88.1895,-0.2953,18,0.4500,0.6667,6,8,7,0,0,8,7,0.1250
9,72.0000,13,1,887.2569,-88.3677,-0.2232,14,0.3415,1.0000,8,7,6,0,0,7,6,0.1429
9,72.0000,13,3,897.5039,-89.0097,-0.0885,7,0.1707,0.8571,7,7,5,0,0,7,5,0.2857
9,72.0000,13,5,655.4816,-87.3731,-0.2388,25,0.6098,0.8571,7,8,6,0,0,8,6,0.2500
9,72.0000,13,7,556.5880,-86.4081,-0.1804,31,0.7561,0.6667,6,7,5,0,0,7,5,0.2857
9,72.0000,13,8,706.1501,-88.6230,-0.5024,24,0.5854,0.8571,7,8,7,0,0,8,7,0.1250
9,72.0000,14,2,249.3905,-77.1126,-1.5519,40,1.0000,0.0000,4,4,0,0,0,4,0,1.0000
9,72.0000,14,9,222.1549,-78.8522,0.2664,40,1.0000,0.0000,4,5,1,0,0,5,1,0.8000
9,76.0000,0,1,419.5722,-86.1029,0.3725,30,0.7500,0.2000,5,4,0,0,0,4,0,1.0000
9,76.0000,0,5,906.5485,-88.9773,-0.0567,4,0.1000,1.0000,4,8,8,0,0,8,8,0.0000
9,76.0000,0,7,760.3618,-88.9521,0.3601,10,0.2500,0.8000,5,8,7,0,0,8,7,0.1250
9,76.0000,0,8,842.8263,-88.6079,-0.6037,7,0.1750,0.7500,8,8,8,0,0,8,8,0.0000
9,76.0000,0,10,756.8991,-88.6898,0.1022,17,0.4250,0.8750,8,7,6,0,0,7,6,0.1429
9,76.0000,0,11,709.4832,-88.1013,-0.0500,25,0.6250,0.6667,6,8,7,0,0,8,7,0.1250
9,76.0000,1,0,419.5722,-86.5292,0.3595,37,0.9024,0.4000,5,4,0,7,0,11,0,1.0000
9,76.0000,1,5,501.4123,-84.8996,0.0737,36,0.8780,0.2000,5,5,2,0,0,5,2,0.6000
9,76.0000,1,7,416.8631,-84.8182,0.0681,36,0.8780,0.0000,4,5,2,0,0,5,2,0.6000
9,76.0000,1,8,574.6565,-86.4634,-0.7742,31,0.7561,0.4000,5,4,0,0,0,4,0,1.0000
9,76.0000,1,10,862.5113,-89.3081,-0.0517,5,0.1220,1.0000,8,7,5,0,0,7,5,0.2857
9,76.0000,1,11,784.4383,-88.1980,-0.0936,13,0.3171,0.8750,8,6,4,0,0,6,4,0.3333
9,76.0000,1,13,983.2600,-88.9774,0.2816,8,0.1951,1.0000,8,8,8,0,0,8,8,0.0000
9,76.0000,2,5,933.5917,-88.5479,3.0278,4,0.1000,0.8000,5,7,7,0,0,7,7,0.0000
9,76.0000,2,9,180.6374,-76.8303,0.0276,40,1.0000,0.0154,65,4,0,60,0,64,0,1.0000
9,76.0000,2,10,1055.2908,-89.4469,0.0326,3,0.0750,1.0000,6,4,4,0,0,4,4,0.0000
9,76.0000,2,11,988.5315,-89.0793,-0.1771,7,0.1750,1.0000,4,6,6,0,0,6,6,0.0000
9,76.0000,2,14,367.0593,-81.8820,-0.7856,40,1.0000,0.0000,5,3,0,0,0,3,0,1.0000
9,76.0000,3,4,718.8708,-87.5130,-0.0661,20,0.5000,0.5714,7,8,5,0,0,8,5,0.3750
9,76.0000,3,5,1008.4406,-89.3697,0.0088,4,0.1000,1.0000,6,6,6,0,0,6,6,0.0000
9,76.0000,3,8,495.1700,-86.7737,0.6158,31,0.7750,0.8571,7,4,0,0,0,4,0,1.0000
9,76.0000,3,13,749.3184,-89.0016,0.0150,10,0.2500,0.8750,8,7,6,0,0,7,6,0.1429
9,76.0000,4,3,718.8708,-87.9995,-0.2821,18,0.4500,0.7500,8,6,4,0,0,6,4,0.3333
9,76.0000,5,1,501.4123,-85.8390,0.0284,34,0.8500,0.0000,4,4,0,0,0,4,0,1.0000
9,76.0000,5,2,933.5917,-89.2076,-0.1729,6,0.1500,1.0000,4,7,6,0,0,7,6,0.1429
9,76.0000,5,7,521.8013,-86.4928,-0.3163,37,0.9250,0.3333,6,7,5,0,0,7,5,0.2857
9,76.0000,5,8,567.4547,-86.1005,-0.4030,30,0.7500,0.6667,6,8,7,0,0,8,7,0.1250
9,76.0000,5,9,862.3768,-89.2641,0.6613,6,0.1500,0.8750,8,6,4,0,0,6,4,0.3333
9,76.0000,5,13,753.2686,-88.3668,-0.2574,21,0.5250,0.7143,7,8,7,0,0,8,7,0.1250
9,76.0000,6,2,1112.7207,-89.3598,0.3485,6,0.1500,1.0000,6,2,2,0,0,2,2,0.0000
9,76.0000,6,9,958.1935,-88.6870,0.2634,4,0.1000,1.0000,8,8,8,0,0,8,8,0.0000
9,76.0000,6,12,870.9230,-88.5646,-0.0333,18,0.4500,0.8571,7,6,6,0,0,6,6,0.0000
9,76.0000,7,0,760.3618,-88.6467,0.1613,10,0.2500,0.7143,7,6,4,0,0,6,4,0.3333
9,76.0000,7,1,416.8631,-84.6241,0.1553,34,0.8500,0.0000,4,5,1,0,0,5,1,0.8000
9,76.0000,7,3,912.0682,-88.5442,0.3416,5,0.1250,1.0000,6,7,5,0,0,7,5,0.2857
9,76.0000,7,5,521.8013,-85.7709,-0.5421,35,0.8750,0.0000,4,6,3,0,0,6,3,0.5000
9,76.0000,7,8,553.4388,-86.0402,0.8848,26,0.6500,0.2000,5,5,1,0,0,5,1,0.8000
9,76.0000,7,11,1067.0993,-89.4137,0.0546,4,0.1000,1.0000,8,2,2,0,0,2,2,0.0000
9,76.0000,7,13,639.7061,-87.6893,-0.0970,28,0.7000,0.6667,6,6,3,0,0,6,3,0.5000
9,76.0000,8,0,842.8263,-89.2009,0.0903,8,0.2000,1.0000,8,7,6,0,0,7,6,0.1429
9,76.0000,8,1,574.6565,-87.0538,-0.4570,28,0.7000,0.5000,6,8,4,0,0,8,4,0.5000
9,76.0000,8,3,495.1700,-87.2458,0.6142,30,0.7500,0.2000,5,4,0,0,0,4,0,1.0000
9,76.0000,8,5,567.4547,-86.4343,-0.0323,31,0.7750,0.1667,6,5,2,0,0,5,2,0.6000
9,76.0000,8,7,553.4388,-86.6518,-0.2119,32,0.8000,0.3333,6,7,6,0,0,7,6,0.1429
9,76.0000,8,13,697.0696,-88.1976,-0.5444,26,0.6500,0.7143,7,7,6,0,0,7,6,0.1429
9,76.0000,9,2,180.6374,-77.2607,-0.1276,40,1.0000,0.0000,4,4,0,0,0,4,0,1.0000
9,76.0000,9,5,862.3768,-89.2713,-0.0429,5,0.1250,1.0000,6,8,8,0,0,8,8,0.0000
9,76.0000,9,6,958.1935,-89.5342,0.0487,3,0.0750,1.0000,8,8,8,0,0,8,8,0.0000
9,76.0000,9,14,309.9792,-79.9202,-1.1679,40,1.0000,0.0000,4,4,0,0,0,4,0,1.0000
9,76.0000,10,0,756.8991,-88.3719,-0.1111,13,0.3333,1.0000,8,6,4,51,44,57,48,0.1579
9,76.0000,10,1,862.5113,-88.8314,0.3485,4,0.1026,0.8750,8,8,8,0,0,8,8,0.0000
9,76.0000,10,11,133.2273,-76.8941,1.1306,38,0.9744,0.0000,4,4,0,0,0,4,0,1.0000
9,76.0000,11,0,709.4832,-87.7196,-0.1817,20,0.5128,0.8226,124,8,7,14,13,22,20,0.0909
9,76.0000,11,1,784.4383,-88.2457,-0.5155,18,0.4615,0.4286,7,7,6,48,48,55,54,0.0182
9,76.0000,11,2,988.5315,-89.3465,-0.1471,4,0.1026,1.0000,8,8,8,0,0,8,8,0.0000
9,76.0000,11,10,133.2273,-76.5362,1.2799,39,1.0000,0.0000,4,4,0,29,0,33,0,1.0000
9,76.0000,12,6,870.9230,-88.0501,-0.1421,10,0.2500,0.8750,8,5,4,0,0,5,4,0.2000
9,76.0000,13,1,983.2600,-88.7651,-0.4703,7,0.1795,0.8571,7,8,8,0,0,8,8,0.0000
9,76.0000,13,3,749.3184,-88.8060,0.1824,15,0.3846,0.7143,7,8,7,0,0,8,7,0.1250
9,76.0000,13,5,753.2686,-87.4342,-0.2224,24,0.6154,0.7500,8,8,8,0,0,8,8,0.0000
9,76.0000,13,7,639.7061,-86.8093,-0.0929,29,0.7436,0.7143,7,8,7,0,0,8,7,0.1250
9,76.0000,13,8,697.0696,-87.9496,-0.2168,19,0.4872,0.8750,8,6,3,0,0,6,3,0.5000
9,76.0000,14,2,367.0593,-82.3031,-0.6249,39,0.9750,0.0000,4,4,0,0,0,4,0,1.0000
9,76.0000,14,9,309.9792,-79.8925,-1.2028,40,1.0000,0.2000,5,5,1,0,0,5,1,0.8000
9,80.0000,0,1,224.8882,-81.4259,2.1379,37,0.9250,0.0000,4,4,0,0,0,4,0,1.0000
9,80.0000,0,5,786.0380,-88.1595,-0.1124,8,0.2000,1.0000,8,7,5,0,0,7,5,0.2857
9,80.0000,0,7,608.2235,-87.4821,-0.0170,25,0.6250,0.8750,8,4,0,0,0,4,0,1.0000
9,80.0000,0,8,764.2226,-88.3135,0.5903,15,0.3750,1.0000,8,8,8,0,0,8,8,0.0000
9,80.0000,0,10,715.1234,-87.7768,0.2093,20,0.5000,0.8571,7,7,6,0,0,7,6,0.1429
9,80.0000,0,11,816.5486,-87.8691,-0.6565,15,0.3750,0.8750,8,7,6,0,0,7,6,0.1429
9,80.0000,1,0,224.8882,-82.0908,1.5349,38,0.9500,0.0000,11,4,0,10,2,14,2,0.8571
9,80.0000,1,5,576.2717,-86.4421,-0.5938,29,0.7250,0.4000,5,5,2,111,101,116,103,0.1121
9,80.0000,1,7,452.6502,-84.8273,-0.0359,36,0.9000,0.4000,5,7,4,0,0,7,4,0.4286
9,80.0000,1,8,677.6689,-87.5842,-0.1672,27,0.6750,0.0000,4,7,6,16,15,23,21,0.0870
9,80.0000,1,10,728.0834,-88.1502,0.1426,13,0.3250,0.7143,7,6,3,0,0,6,3,0.5000
9,80.0000,1,11,803.7675,-88.2070,0.0860,14,0.3500,0.6667,6,8,7,0,0,8,7,0.1250
9,80.0000,2,5,887.9049,-88.8679,-0.1989,6,0.1463,1.0000,7,9,8,0,0,9,8,0.1111
9,80.0000,2,6,1084.1028,-89.1587,-0.7166,3,0.0732,1.0000,8,8,8,0,0,8,8,0.0000
9,80.0000,2,9,171.0321,-77.0863,0.0602,40,0.9756,0.0000,64,3,0,61,1,64,1,0.9844
9,80.0000,2,10,1060.7308,-88.9429,-0.1741,3,0.0732,1.0000,4,2,2,0,0,2,2,0.0000
9,80.0000,2,11,966.9410,-89.5219,-0.0501,6,0.1463,1.0000,6,6,6,0,0,6,6,0.0000
9,80.0000,2,14,505.9157,-84.8400,-0.5309,37,0.9024,0.0000,3,9,7,0,0,9,7,0.2222
9,80.0000,3,1,1057.6876,-89.6064,-0.1660,3,0.0750,1.0000,8,8,8,0,0,8,8,0.0000
9,80.0000,3,4,723.2054,-88.3283,-0.5954,24,0.6000,0.6250,8,8,6,0,0,8,6,0.2500
9,80.0000,3,5,971.9208,-88.8140,-0.5716,4,0.1000,1.0000,6,6,6,0,0,6,6,0.0000
9,80.0000,3,7,843.7384,-89.0492,0.0850,11,0.2750,1.0000,8,10,10,0,0,10,10,0.0000
9,80.0000,3,8,392.9281,-85.4008,0.3390,39,0.9750,0.0000,4,4,0,0,0,4,0,1.0000
9,80.0000,3,13,616.3567,-87.7936,0.2292,20,0.5000,0.8571,7,6,3,0,0,6,3,0.5000
9,80.0000,4,3,723.2054,-88.0396,0.3921,19,0.4750,0.6667,6,7,4,0,0,7,4,0.4286
9,80.0000,4,8,880.1766,-89.1204,0.5644,6,0.1500,0.8750,8,8,7,0,0,8,7,0.1250
9,80.0000,5,0,786.0380,-88.0393,1.1595,7,0.1750,1.0000,8,7,6,0,0,7,6,0.1429
9,80.0000,5,1,576.2717,-87.1828,0.0995,36,0.9000,0.0000,4,6,4,0,0,6,4,0.3333
9,80.0000,5,2,887.9049,-88.3175,0.4053,5,0.1250,0.8571,7,8,7,0,0,8,7,0.1250
9,80.0000,5,3,971.9208,-88.9898,0.1060,3,0.0750,1.0000,8,8,8,0,0,8,8,0.0000
9,80.0000,5,6,1098.0471,-89.2143,0.2886,4,0.1000,,0,8,8,0,0,8,8,0.0000
9,80.0000,5,7,587.1868,-87.4901,-0.2789,29,0.7250,0.7143,7,7,5,0,0,7,5,0.2857
9,80.0000,5,8,662.3423,-87.7757,-0.4180,26,0.6500,0.8750,8,8,7,0,0,8,7,0.1250
9,80.0000,5,9,815.4716,-87.8713,0.4904,8,0.2000,0.6667,6,7,6,54,54,61,60,0.0164
9,80.0000,5,13,858.6615,-88.1321,-0.2305,13,0.3250,0.8750,8,5,4,0,0,5,4,0.2000
9,80.0000,6,9,941.1575,-88.5731,-1.4014,5,0.1250,1.0000,8,7,6,0,0,7,6,0.1429
9,80.0000,6,14,910.0428,-88.4929,-0.1955,5,0.1250,1.0000,8,8,8,0,0,8,8,0.0000
9,80.0000,7,0,608.2235,-87.9326,0.1763,17,0.4250,0.6667,6,6,3,0,0,6,3,0.5000
9,80.0000,7,1,452.6502,-84.6178,0.2156,31,0.7750,0.2000,5,6,2,0,0,6,2,0.6667
9,80.0000,7,3,843.7384,-88.8757,0.4912,6,0.1500,0.7143,7,7,6,0,0,7,6,0.1429
9,80.0000,7,5,587.1868,-86.8107,-0.4567,29,0.7250,0.5000,6,4,0,0,0,4,0,1.0000
9,80.0000,7,8,568.4386,-87.3479,-0.4336,26,0.6500,0.2000,5,7,4,0,0,7,4,0.4286
9,80.0000,7,13,715.3704,-87.6703,-0.0338,20,0.5000,0.5000,6,8,8,0,0,8,8,0.0000
9,80.0000,8,0,764.2226,-88.3127,-0.3314,9,0.2250,0.8571,7,7,6,0,0,7,6,0.1429
9,80.0000,8,1,677.6689,-87.6675,-0.2262,29,0.7250,0.5000,8,7,5,0,0,7,5,0.2857
9,80.0000,8,3,392.9281,-85.0039,0.7787,37,0.9250,0.0000,4,5,1,0,0,5,1,0.8000
9,80.0000,8,4,880.1766,-88.7485,-0.0362,5,0.1250,1.0000,6,6,6,0,0,6,6,0.0000
9,80.0000,8,5,662.3423,-87.4408,-0.1147,30,0.7500,0.4000,5,7,5,0,0,7,5,0.2857
9,80.0000,8,7,568.4386,-85.8725,0.1362,31,0.7750,0.8571,7,5,2,0,0,5,2,0.6000
9,80.0000,8,13,694.9334,-87.7299,0.0182,19,0.4750,0.8571,7,7,5,0,0,7,5,0.2857
9,80.0000,9,2,171.0321,-76.7782,0.2382,41,1.0000,0.0000,4,4,0,0,0,4,0,1.0000
9,80.0000,9,5,815.4716,-87.7526,0.0939,7,0.1707,1.0000,8,8,8,0,0,8,8,0.0000
9,80.0000,9,6,941.1575,-89.2503,0.3637,4,0.0976,1.0000,8,4,4,0,0,4,4,0.0000
9,80.0000,9,14,431.4570,-83.1776,-1.2434,40,0.9756,0.0000,4,5,1,0,0,5,1,0.8000
9,80.0000,10,0,715.1234,-88.0636,0.4545,19,0.4634,0.8421,57,6,3,0,0,6,3,0.5000
9,80.0000,10,1,728.0834,-88.7719,-0.5558,9,0.2195,1.0000,8,7,4,48,42,55,46,0.1636
9,80.0000,10,11,191.6792,-74.7655,-1.1848,41,1.0000,0.0000,4,4,0,0,0,4,0,1.0000
9,80.0000,11,0,816.5486,-87.8933,-0.5889,16,0.3902,0.9091,22,8,8,0,0,8,8,0.0000
9,80.0000,11,1,803.7675,-88.9899,-0.0491,8,0.1951,0.9818,55,7,5,120,119,127,124,0.0236
9,80.0000,11,2,966.9410,-88.8303,1.2830,5,0.1220,1.0000,8,10,10,0,0,10,10,0.0000
9,80.0000,11,5,1102.2521,-89.6294,0.5113,3,0.0732,1.0000,2,2,2,0,0,2,2,0.0000
9,80.0000,11,10,191.6792,-74.8719,-1.0446,41,1.0000,0.0000,33,4,0,0,0,4,0,1.0000
9,80.0000,12,6,1024.0648,-89.1902,-0.2841,8,0.2000,0.8000,5,8,8,0,0,8,8,0.0000
9,80.0000,13,3,616.3567,-87.4572,0.3062,16,0.4000,0.8750,8,7,4,0,0,7,4,0.4286
9,80.0000,13,5,858.6615,-88.5612,-0.6863,13,0.3250,1.0000,8,8,8,0,0,8,8,0.0000
9,80.0000,13,7,715.3704,-87.5014,-0.4680,18,0.4500,0.8750,8,8,7,0,0,8,7,0.1250
9,80.0000,13,8,694.9334,-88.3194,0.4196,15,0.3750,0.5000,6,7,6,0,0,7,6,0.1429
9,80.0000,14,2,505.9157,-84.7452,-0.7606,35,0.8750,0.0000,4,8,6,0,0,8,6,0.2500
9,80.0000,14,6,910.0428,-88.7828,0.1971,8,0.2000,1.0000,8,8,8,0,0,8,8,0.0000
9,80.0000,14,9,431.4570,-84.0279,-0.1559,37,0.9250,0.2000,5,5,1,0,0,5,1,0.8000
9,84.0000,0,1,124.7559,-75.8506,1.3805,39,0.9750,0.0000,4,4,0,0,0,4,0,1.0000
9,84.0000,0,3,1017.0339,-88.5085,0.4632,4,0.1000,1.0000,6,8,8,0,0,8,8,0.0000
9,84.0000,0,5,676.2848,-88.0559,0.3113,16,0.4000,0.7143,7,6,3,0,0,6,3,0.5000
9,84.0000,0,7,485.5074,-86.6951,0.7168,28,0.7000,0.0000,4,5,1,0,0,5,1,0.8000
9,84.0000,0,8,708.1601,-87.9806,-0.4241,12,0.3000,1.0000,8,7,6,0,0,7,6,0.1429
9,84.0000,0,10,719.3600,-88.1855,0.0541,23,0.5750,0.8571,7,5,2,0,0,5,2,0.6000
9,84.0000,0,11,935.6298,-89.0109,0.2670,6,0.1500,0.8571,7,6,6,0,0,6,6,0.0000
9,84.0000,1,0,124.7559,-75.7579,1.9612,36,0.9231,0.1429,14,4,0,1,0,5,0,1.0000
9,84.0000,1,3,1083.6274,-89.1454,-0.0534,4,0.1026,1.0000,8,6,6,0,0,6,6,0.0000
9,84.0000,1,5,631.3596,-87.3994,0.4261,23,0.5897,0.8879,116,6,3,119,113,125,116,0.0720
9,84.0000,1,7,482.5058,-85.7151,-0.3164,30,0.7692,0.5714,7,6,3,0,0,6,3,0.5000
9,84.0000,1,8,784.2668,-87.8195,-0.3329,17,0.4359,0.9130,23,8,8,47,45,55,53,0.0364
9,84.0000,1,10,622.5983,-88.0060,0.1068,24,0.6154,0.5000,6,6,4,0,0,6,4,0.3333
9,84.0000,1,11,827.7705,-88.4492,-0.2335,10,0.2564,0.8750,8,7,6,0,0,7,6,0.1429
9,84.0000,2,5,858.2681,-88.9192,-0.3228,12,0.3000,0.8889,9,8,7,0,0,8,7,0.1250
9,84.0000,2,9,148.1735,-76.1575,0.5109,39,0.9750,0.0156,64,4,0,61,0,65,0,1.0000
9,84.0000,2,10,1087.1292,-89.0607,-0.4997,3,0.0750,1.0000,2,2,2,0,0,2,2,0.0000
9,84.0000,2,11,948.6721,-88.4175,-0.8330,3,0.0750,1.0000,6,6,6,0,0,6,6,0.0000
9,84.0000,2,14,642.8653,-86.7813,-0.0810,33,0.8250,0.7778,9,5,3,0,0,5,3,0.4000
9,84.0000,3,1,1083.6274,-89.3720,-0.0297,3,0.0750,1.0000,8,6,6,0,0,6,6,0.0000
9,84.0000,3,4,725.1819,-88.1441,0.3254,21,0.5250,0.7500,8,7,4,0,0,7,4,0.4286
9,84.0000,3,5,915.8294,-88.9475,0.0210,6,0.1500,1.0000,6,8,8,0,0,8,8,0.0000
9,84.0000,3,7,815.0311,-88.4005,0.1822,9,0.2250,1.0000,10,7,6,0,0,7,6,0.1429
9,84.0000,3,8,318.5412,-83.1657,0.6359,38,0.9500,0.0000,4,4,0,0,0,4,0,1.0000
9,84.0000,3,13,521.5185,-86.6543,0.3925,29,0.7250,0.5000,6,6,4,0,0,6,4,0.3333
9,84.0000,4,3,725.1819,-88.5873,0.3470,14,0.3500,0.5714,7,8,6,0,0,8,6,0.2500
9,84.0000,4,8,724.5499,-88.2456,0.3552,13,0.3250,0.8750,8,8,8,0,0,8,8,0.0000
9,84.0000,4,13,1019.1461,-89.2722,0.2709,3,0.0750,1.0000,2,8,8,0,0,8,8,0.0000
9,84.0000,5,0,676.2848,-88.4101,0.2205,14,0.3500,0.8571,7,7,5,0,0,7,5,0.2857
9,84.0000,5,1,631.3596,-87.2683,-0.4958,24,0.6000,0.6667,6,8,5,0,0,8,5,0.3750
9,84.0000,5,2,858.2681,-88.6217,0.7447,10,0.2500,0.8750,8,8,8,8,8,16,16,0.0000
9,84.0000,5,7,635.2763,-87.1728,-0.4536,24,0.6000,0.7143,7,7,4,0,0,7,4,0.4286
9,84.0000,5,8,736.5364,-88.3392,-0.1546,17,0.4250,0.8750,8,9,7,0,0,9,7,0.2222
9,84.0000,5,9,807.3600,-88.1289,-0.0218,11,0.2750,0.9836,61,7,6,35,31,42,37,0.1190
9,84.0000,5,10,1057.0832,-89.1970,0.1851,3,0.0750,1.0000,8,6,6,0,0,6,6,0.0000
9,84.0000,5,13,962.8083,-88.7058,0.0543,8,0.2000,0.8000,5,4,4,0,0,4,4,0.0000
9,84.0000,6,2,1052.2915,-89.1447,-0.1308,7,0.1750,1.0000,6,6,6,0,0,6,6,0.0000
9,84.0000,6,5,1098.2065,-89.2276,0.0274,4,0.1000,1.0000,6,2,2,0,0,2,2,0.0000
9,84.0000,6,14,816.4731,-88.7360,0.0536,9,0.2250,1.0000,8,8,8,0,0,8,8,0.0000
9,84.0000,7,0,485.5074,-85.9178,0.1743,28,0.7000,0.5000,6,7,4,0,0,7,4,0.4286
9,84.0000,7,1,482.5058,-85.6084,0.1516,32,0.8000,0.3333,6,7,4,0,0,7,4,0.4286
9,84.0000,7,3,815.0311,-87.9427,0.2943,8,0.2000,0.8571,7,5,4,0,0,5,4,0.2000
9,84.0000,7,5,635.2763,-87.0555,-0.1454,21,0.5250,0.0000,4,6,2,0,0,6,2,0.6667
9,84.0000,7,8,604.2384,-87.3553,0.0364,27,0.6750,0.5714,7,5,1,0,0,5,1,0.8000
9,84.0000,7,10,968.0934,-88.9740,0.1161,4,0.1000,1.0000,8,8,8,0,0,8,8,0.0000
9,84.0000,7,13,805.6683,-88.2748,-0.2159,21,0.5250,1.0000,8,8,8,0,0,8,8,0.0000
9,84.0000,8,0,708.1601,-87.8562,-0.5168,19,0.4750,0.8571,7,7,6,0,0,7,6,0.1429
9,84.0000,8,1,784.2668,-88.0098,0.0846,16,0.4000,0.7143,7,6,4,0,0,6,4,0.3333
9,84.0000,8,3,318.5412,-83.4899,0.2744,39,0.9750,0.2000,5,4,0,0,0,4,0,1.0000
9,84.0000,8,4,724.5499,-88.7300,0.0227,9,0.2250,1.0000,6,6,2,0,0,6,2,0.6667
9,84.0000,8,5,736.5364,-87.9494,0.0054,17,0.4250,0.7143,7,5,3,0,0,5,3,0.4000
9,84.0000,8,7,604.2384,-86.2367,-0.1528,29,0.7250,0.4000,5,8,6,0,0,8,6,0.2500
9,84.0000,8,13,694.7247,-88.4637,-0.1279,19,0.4750,0.7143,7,7,4,0,0,7,4,0.4286
9,84.0000,9,2,148.1735,-75.9431,0.3501,40,1.0000,0.0000,4,4,0,0,0,4,0,1.0000
9,84.0000,9,5,807.3600,-88.3083,-0.3790,13,0.3250,1.0000,8,8,7,0,0,8,7,0.1250
9,84.0000,9,6,937.6047,-89.0570,-0.0753,4,0.1000,1.0000,4,8,8,0,0,8,8,0.0000
9,84.0000,9,14,558.4296,-85.5417,-0.7311,32,0.8000,0.2000,5,5,1,0,0,5,1,0.8000
9,84.0000,10,0,719.3600,-88.0582,0.1363,14,0.3590,0.5000,6,5,2,59,50,64,52,0.1875
9,84.0000,10,1,622.5983,-87.9286,0.1742,19,0.4872,0.8364,55,6,3,120,106,126,109,0.1349
9,84.0000,10,5,1057.0832,-89.6341,0.1185,4,0.1026,1.0000,6,8,8,0,0,8,8,0.0000
9,84.0000,10,7,968.0934,-89.2480,-0.5317,5,0.1282,1.0000,2,8,8,0,0,8,8,0.0000
9,84.0000,10,11,315.4109,-80.1706,-1.2530,38,0.9744,0.0000,4,4,0,0,0,4,0,1.0000
9,84.0000,11,0,935.6298,-88.9124,0.1668,9,0.2250,1.0000,8,8,8,0,0,8,8,0.0000
9,84.0000,11,1,827.7705,-88.8129,-0.2914,12,0.3000,0.9764,127,8,8,6,6,14,14,0.0000
9,84.0000,11,10,315.4109,-79.9445,-1.4874,40,1.0000,0.0000,4,5,2,114,86,119,88,0.2605
9,84.0000,13,3,521.5185,-87.0806,-0.1100,30,0.7317,0.5714,7,4,0,0,0,4,0,1.0000
9,84.0000,13,5,962.8083,-88.4805,-0.0006,5,0.1220,1.0000,8,2,2,0,0,2,2,0.0000
9,84.0000,13,7,805.6683,-87.7812,0.5850,12,0.2927,0.8750,8,7,6,0,0,7,6,0.1429
9,84.0000,13,8,694.7247,-87.6600,-0.1190,16,0.3902,0.8571,7,8,8,0,0,8,8,0.0000
9,84.0000,14,2,642.8653,-87.2676,-0.7588,27,0.6750,0.7500,8,7,5,0,0,7,5,0.2857
9,84.0000,14,6,816.4731,-88.6959,0.2306,10,0.2500,1.0000,8,7,5,0,0,7,5,0.2857
9,84.0000,14,9,558.4296,-85.4527,-0.9088,33,0.8250,0.2000,5,6,2,0,0,6,2,0.6667
9,88.0000,0,1,233.5810,-76.0731,-2.1805,38,0.9500,0.0000,4,4,0,0,0,4,0,1.0000
9,88.0000,0,3,911.6336,-89.3594,0.4759,5,0.1250,1.0000,8,8,7,0,0,8,7,0.1250
9,88.0000,0,5,557.6844,-87.4047,0.1789,30,0.7500,0.5000,6,6,2,56,40,62,42,0.3226
9,88.0000,0,7,402.9131,-84.8755,0.5949,34,0.8500,0.2000,5,4,0,0,0,4,0,1.0000
9,88.0000,0,8,658.7893,-87.3668,0.1564,19,0.4750,0.8571,7,6,3,2,2,8,5,0.3750
9,88.0000,0,10,732.8730,-88.3073,-0.1654,21,0.5250,0.4000,5,8,8,0,0,8,8,0.0000
9,88.0000,0,11,1043.7020,-88.6671,0.3734,7,0.1750,1.0000,6,2,2,0,0,2,2,0.0000
9,88.0000,1,0,233.5810,-75.0721,-1.9646,38,0.9500,0.0000,5,4,0,48,13,52,13,0.7500
9,88.0000,1,5,683.1431,-88.0122,-0.1918,25,0.6250,0.9280,125,7,4,54,51,61,55,0.0984
9,88.0000,1,7,525.2697,-86.6392,-0.7060,32,0.8000,0.5000,6,5,1,0,0,5,1,0.8000
9,88.0000,1,8,885.7123,-88.4844,-0.0583,8,0.2000,0.9636,55,4,4,62,61,66,65,0.0152
9,88.0000,1,10,507.6758,-87.3214,0.4273,31,0.7750,0.6667,6,5,1,0,0,5,1,0.8000
9,88.0000,1,11,852.0467,-88.1934,0.3650,13,0.3250,0.8571,7,8,8,0,0,8,8,0.0000
9,88.0000,2,5,830.2040,-88.3561,0.1691,8,0.2000,0.8750,8,8,8,0,0,8,8,0.0000
9,88.0000,2,6,1024.7878,-89.3155,0.1936,4,0.1000,1.0000,8,8,8,0,0,8,8,0.0000
9,88.0000,2,9,135.5034,-74.6794,0.5517,39,0.9750,0.0000,65,4,0,61,1,65,1,0.9846
9,88.0000,2,11,928.7662,-88.0646,0.3250,6,0.1500,1.0000,6,8,7,0,0,8,7,0.1250
9,88.0000,2,14,785.1620,-87.5722,-0.6121,21,0.5250,0.6000,5,9,8,0,0,9,8,0.1111
9,88.0000,3,0,911.6336,-88.7829,1.5998,3,0.0750,1.0000,8,8,8,0,0,8,8,0.0000
9,88.0000,3,4,735.4794,-88.0702,0.2791,12,0.3000,0.5714,7,8,7,0,0,8,7,0.1250
9,88.0000,3,5,872.8051,-89.0897,0.3114,3,0.0750,1.0000,8,8,8,0,0,8,8,0.0000
9,88.0000,3,7,815.5963,-88.4606,0.0265,15,0.3750,0.8571,7,8,8,0,0,8,8,0.0000
9,88.0000,3,8,334.9767,-81.8452,0.5996,39,0.9750,0.0000,4,4,0,0,0,4,0,1.0000
9,88.0000,3,13,471.5490,-85.2590,0.3940,34,0.8500,0.6667,6,5,1,0,0,5,1,0.8000
9,88.0000,4,3,735.4794,-88.1384,0.3971,17,0.4250,0.7500,8,5,4,0,0,5,4,0.2000
9,88.0000,4,7,897.3403,-88.8496,0.3071,5,0.1250,1.0000,8,8,8,0,0,8,8,0.0000
9,88.0000,4,8,577.8952,-87.4990,0.5294,25,0.6250,1.0000,8,6,2,0,0,6,2,0.6667
9,88.0000,4,13,889.3866,-88.2802,0.1599,5,0.1250,1.0000,8,8,8,0,0,8,8,0.0000
9,88.0000,5,0,557.6844,-86.7064,0.6707,22,0.5500,0.7143,7,5,1,0,0,5,1,0.8000
9,88.0000,5,1,683.1431,-87.9971,-0.1877,16,0.4000,0.6250,8,8,8,0,0,8,8,0.0000
9,88.0000,5,2,830.2040,-88.8561,-0.6941,14,0.3500,1.0000,16,7,5,0,0,7,5,0.2857
9,88.0000,5,3,872.8051,-88.9625,-0.0661,7,0.1750,1.0000,8,8,8,0,0,8,8,0.0000
9,88.0000,5,7,685.6618,-87.7710,-0.0578,20,0.5000,0.5714,7,7,5,0,0,7,5,0.2857
9,88.0000,5,8,809.3951,-89.1342,0.0954,8,0.2000,0.7778,9,6,6,0,0,6,6,0.0000
9,88.0000,5,9,782.5062,-89.0981,0.1969,12,0.3000,0.8810,42,8,8,65,62,73,70,0.0411
9,88.0000,6,2,1024.7878,-89.3899,0.0470,4,0.1000,1.0000,6,6,6,0,0,6,6,0.0000
9,88.0000,6,9,923.9352,-88.8214,-0.3617,10,0.2500,1.0000,6,8,8,0,0,8,8,0.0000
9,88.0000,6,12,1170.3997,-89.6083,0.1970,4,0.1000,1.0000,2,2,2,0,0,2,2,0.0000
9,88.0000,6,14,763.7511,-88.6362,-0.1965,15,0.3750,1.0000,8,8,8,0,0,8,8,0.0000
9,88.0000,7,0,402.9131,-84.2667,0.1273,33,0.8250,0.5714,7,5,2,0,0,5,2,0.6000
9,88.0000,7,1,525.2697,-86.2302,-0.0691,26,0.6500,0.5714,7,6,3,0,0,6,3,0.5000
9,88.0000,7,3,815.5963,-88.5139,-0.2176,8,0.2000,0.8000,5,8,8,0,0,8,8,0.0000
9,88.0000,7,4,897.3403,-88.7920,0.0175,6,0.1500,1.0000,4,7,5,0,0,7,5,0.2857
9,88.0000,7,5,685.6618,-87.3515,-0.3464,22,0.5500,0.3333,6,8,8,0,0,8,8,0.0000
9,88.0000,7,8,632.3072,-87.1769,0.0145,21,0.5250,0.2000,5,7,6,0,0,7,6,0.1429
9,88.0000,7,10,907.4370,-89.3933,0.0298,6,0.1500,1.0000,8,6,6,0,0,6,6,0.0000
9,88.0000,7,13,883.7198,-88.4068,-0.0213,6,0.1500,1.0000,8,6,6,0,0,6,6,0.0000
9,88.0000,8,0,658.7893,-88.0294,0.0704,18,0.4500,0.8571,7,7,6,0,0,7,6,0.1429
9,88.0000,8,1,885.7123,-88.7701,-0.3492,5,0.1250,0.6667,6,8,8,0,0,8,8,0.0000
9,88.0000,8,3,334.9767,-82.2361,-0.5403,37,0.9250,0.0000,4,4,0,0,0,4,0,1.0000
9,88.0000,8,4,577.8952,-87.2920,0.2156,22,0.5500,0.3333,6,5,1,0,0,5,1,0.8000
9,88.0000,8,5,809.3951,-88.5097,0.2369,16,0.4000,0.6000,5,8,7,0,0,8,7,0.1250
9,88.0000,8,7,632.3072,-87.5174,0.1849,28,0.7000,0.7500,8,6,3,0,0,6,3,0.5000
9,88.0000,8,13,703.7117,-87.9632,0.1369,18,0.4500,0.5714,7,8,7,0,0,8,7,0.1250
9,88.0000,9,2,135.5034,-74.9995,0.3895,38,0.9744,0.0000,4,4,0,0,0,4,0,1.0000
9,88.0000,9,5,782.5062,-88.7171,0.3301,9,0.2308,0.8750,8,7,6,0,0,7,6,0.1429
9,88.0000,9,6,923.9352,-88.7574,-0.3336,7,0.1795,1.0000,8,8,8,0,0,8,8,0.0000
9,88.0000,9,14,707.9011,-87.4838,-0.1763,21,0.5385,0.2000,5,8,6,0,0,8,6,0.2500
9,88.0000,10,0,732.8730,-87.9307,0.2267,15,0.3750,0.8125,64,8,7,19,17,27,24,0.1111
9,88.0000,10,1,507.6758,-87.0928,0.1479,31,0.7750,0.8651,126,7,5,125,93,132,98,0.2576
9,88.0000,10,7,907.4370,-89.5217,-0.0568,3,0.0750,1.0000,8,8,8,0,0,8,8,0.0000
9,88.0000,10,11,454.3375,-84.5776,-1.2314,39,0.9750,0.0000,4,5,1,0,0,5,1,0.8000
9,88.0000,11,1,852.0467,-89.0220,0.0034,5,0.1250,1.0000,14,8,8,0,0,8,8,0.0000
9,88.0000,11,2,928.7662,-89.4899,-0.3775,3,0.0750,1.0000,8,8,7,0,0,8,7,0.1250
9,88.0000,11,9,1014.1913,-88.5241,-0.2774,3,0.0750,1.0000,6,6,6,0,0,6,6,0.0000
9,88.0000,11,10,454.3375,-84.1751,-1.0222,37,0.9250,0.7395,119,5,1,120,112,125,113,0.0960
9,88.0000,13,3,471.5490,-85.5633,0.0458,32,0.8000,0.0000,4,6,2,0,0,6,2,0.6667
9,88.0000,13,4,889.3866,-88.6386,-0.1195,6,0.1500,1.0000,8,8,7,0,0,8,7,0.1250
9,88.0000,13,7,883.7198,-88.5869,-0.7187,10,0.2500,0.8571,7,8,8,0,0,8,8,0.0000
9,88.0000,13,8,703.7117,-87.9886,-0.5171,22,0.5500,1.0000,8,7,5,0,0,7,5,0.2857
9,88.0000,14,2,785.1620,-87.7069,-0.8062,19,0.4750,0.7143,7,8,8,0,0,8,8,0.0000
9,88.0000,14,6,763.7511,-88.8070,-0.4376,12,0.3000,0.7143,7,7,5,0,0,7,5,0.2857
9,88.0000,14,9,707.9011,-87.3588,-0.2515,29,0.7250,0.3333,6,8,8,0,0,8,8,0.0000
9,92.0000,0,1,425.8377,-82.1272,-0.5904,38,0.9500,0.0000,4,7,4,0,0,7,4,0.4286
9,92.0000,0,3,799.4418,-88.8621,0.1141,11,0.2750,0.8750,8,7,6,0,0,7,6,0.1429
9,92.0000,0,5,490.8591,-86.2479,0.8204,34,0.8500,0.6774,62,4,0,0,0,4,0,1.0000
9,92.0000,0,7,372.9941,-83.1411,-0.3087,38,0.9500,0.0000,4,5,1,0,0,5,1,0.8000
9,92.0000,0,8,623.8934,-87.0715,0.4367,21,0.5250,0.6250,8,7,6,0,0,7,6,0.1429
9,92.0000,0,10,793.2185,-88.2919,0.3055,19,0.4750,1.0000,8,8,8,0,0,8,8,0.0000
9,92.0000,1,0,425.8377,-82.3127,-1.8029,39,0.9750,0.2500,52,7,3,10,4,17,7,0.5882
9,92.0000,1,5,747.3826,-88.4696,-0.2620,17,0.4250,0.9016,61,8,6,150,145,158,151,0.0443
9,92.0000,1,7,556.4376,-86.4794,-0.3800,34,0.8500,0.2000,5,7,4,0,0,7,4,0.4286
9,92.0000,1,8,998.4853,-88.9179,-0.2429,3,0.0750,0.9848,66,4,4,10,10,14,14,0.0000
9,92.0000,1,10,400.2578,-85.0487,-0.0842,35,0.8750,0.2000,5,4,0,0,0,4,0,1.0000
9,92.0000,1,11,868.5500,-89.1786,0.2018,4,0.1000,1.0000,8,8,8,0,0,8,8,0.0000
9,92.0000,2,5,806.8470,-88.2065,0.2134,9,0.2250,1.0000,8,8,8,0,0,8,8,0.0000
9,92.0000,2,9,131.8572,-73.7058,-0.2449,39,0.9750,0.0154,65,4,0,60,0,64,0,1.0000
9,92.0000,2,11,921.5516,-88.7767,-0.4837,5,0.1250,0.8750,8,8,8,0,0,8,8,0.0000
9,92.0000,2,14,928.9318,-89.7197,0.0646,4,0.1000,0.8889,9,8,8,0,0,8,8,0.0000
9,92.0000,3,0,799.4418,-88.9416,0.1002,12,0.3000,1.0000,8,7,6,0,0,7,6,0.1429
9,92.0000,3,4,733.9272,-88.0343,-0.0152,16,0.4000,0.8750,8,7,5,0,0,7,5,0.2857
9,92.0000,3,5,847.1993,-88.6631,0.1717,12,0.3000,1.0000,8,8,8,0,0,8,8,0.0000
9,92.0000,3,7,864.7337,-88.0740,0.1314,13,0.3250,1.0000,8,8,8,0,0,8,8,0.0000
9,92.0000,3,8,408.9046,-83.8894,0.4470,37,0.9250,0.0000,4,5,2,0,0,5,2,0.6000
9,92.0000,3,13,488.3109,-85.4710,-0.0478,36,0.9000,0.2000,5,5,1,0,0,5,1,0.8000
9,92.0000,4,0,904.8485,-88.5774,0.2972,3,0.0769,1.0000,2,8,8,0,0,8,8,0.0000
9,92.0000,4,3,733.9272,-88.5106,0.1704,22,0.5641,0.8000,5,7,6,0,0,7,6,0.1429
9,92.0000,4,7,803.7134,-88.5210,-0.1802,6,0.1538,1.0000,8,5,2,0,0,5,2,0.6000
9,92.0000,4,8,433.3853,-86.1094,0.5861,34,0.8718,0.3333,6,4,0,0,0,4,0,1.0000
9,92.0000,4,13,757.5339,-88.2468,0.1711,13,0.3333,1.0000,8,8,8,0,0,8,8,0.0000
9,92.0000,5,0,490.8591,-86.7635,0.1924,31,0.7750,0.2000,5,5,1,0,0,5,1,0.8000
9,92.0000,5,1,747.3826,-87.6567,-0.1556,19,0.4750,1.0000,8,7,6,0,0,7,6,0.1429
9,92.0000,5,2,806.8470,-88.2479,0.1508,12,0.3000,0.7143,7,8,8,0,0,8,8,0.0000
9,92.0000,5,3,847.1993,-88.9903,-0.0799,8,0.2000,1.0000,8,7,5,0,0,7,5,0.2857
9,92.0000,5,7,742.8878,-87.7308,0.0423,19,0.4750,0.7143,7,8,8,19,18,27,26,0.0370
9,92.0000,5,8,897.3403,-88.6989,0.3774,15,0.3750,1.0000,6,8,8,0,0,8,8,0.0000
9,92.0000,5,9,747.8566,-88.4351,-0.0515,17,0.4250,0.9589,73,7,4,21,20,28,24,0.1429
9,92.0000,5,10,988.6655,-89.3543,0.3529,4,0.1000,1.0000,8,8,8,0,0,8,8,0.0000
9,92.0000,6,2,1017.3248,-88.7247,-1.6117,3,0.0750,1.0000,6,8,8,0,0,8,8,0.0000
9,92.0000,6,5,1100.8550,-89.0651,0.1206,3,0.0750,,0,2,2,0,0,2,2,0.0000
9,92.0000,6,9,918.7432,-89.4557,0.0222,6,0.1500,1.0000,8,7,6,0,0,7,6,0.1429
9,92.0000,6,14,713.4052,-88.2247,0.1521,15,0.3750,1.0000,8,6,4,0,0,6,4,0.3333
9,92.0000,7,0,372.9941,-84.1258,0.0214,37,0.9250,0.4000,5,4,0,0,0,4,0,1.0000
9,92.0000,7,1,556.4376,-86.2754,-0.5017,29,0.7250,0.5000,6,5,1,0,0,5,1,0.8000
9,92.0000,7,3,864.7337,-89.1066,0.0040,14,0.3500,1.0000,8,8,8,0,0,8,8,0.0000
9,92.0000,7,4,803.7134,-88.7476,0.1351,14,0.3500,0.7143,7,8,8,0,0,8,8,0.0000
9,92.0000,7,5,742.8878,-87.8173,0.1200,21,0.5250,1.0000,8,8,8,0,0,8,8,0.0000
9,92.0000,7,8,684.9311,-87.4415,-0.5412,22,0.5500,0.8571,7,8,8,6,5,14,13,0.0714
9,92.0000,7,10,837.0186,-89.1745,-0.1651,8,0.2000,1.0000,6,7,5,0,0,7,5,0.2857
9,92.0000,7,13,965.8259,-88.4375,-1.2480,4,0.1000,1.0000,6,4,4,0,0,4,4,0.0000
9,92.0000,8,0,623.8934,-87.1843,0.0969,24,0.6000,0.8571,7,6,4,0,0,6,4,0.3333
9,92.0000,8,3,408.9046,-83.7733,-0.6465,35,0.8750,0.0000,4,5,2,0,0,5,2,0.6000
9,92.0000,8,4,433.3853,-86.8616,0.4669,35,0.8750,0.2000,5,4,0,0,0,4,0,1.0000
9,92.0000,8,5,897.3403,-89.1430,0.4192,9,0.2250,0.8750,8,8,7,0,0,8,7,0.1250
9,92.0000,8,7,684.9311,-87.5557,-0.2858,24,0.6000,0.5000,6,6,3,0,0,6,3,0.5000
9,92.0000,8,13,698.9053,-87.8994,0.2137,17,0.4250,0.8750,8,7,5,0,0,7,5,0.2857
9,92.0000,9,2,131.8572,-73.8803,0.2606,40,1.0000,0.0000,4,4,0,0,0,4,0,1.0000
9,92.0000,9,5,747.8566,-88.5667,0.1908,17,0.4250,0.8571,7,10,9,0,0,10,9,0.1000
9,92.0000,9,6,918.7432,-88.9586,-0.3092,4,0.1000,1.0000,8,6,6,0,0,6,6,0.0000
9,92.0000,9,11,1000.8131,-88.7577,-0.3594,3,0.0750,1.0000,6,8,8,0,0,8,8,0.0000
9,92.0000,9,14,859.5530,-88.2755,-0.2940,16,0.4000,0.7500,8,8,7,0,0,8,7,0.1250
9,92.0000,10,0,793.2185,-87.9737,0.0766,14,0.3500,0.8889,27,7,6,0,0,7,6,0.1429
9,92.0000,10,1,400.2578,-85.5940,0.6932,35,0.8750,0.7424,132,4,0,75,52,79,52,0.3418
9,92.0000,10,5,988.6655,-89.2039,0.4595,4,0.1000,1.0000,6,8,7,0,0,8,7,0.1250
9,92.0000,10,7,837.0186,-87.9918,0.1613,7,0.1750,1.0000,8,7,5,0,0,7,5,0.2857
9,92.0000,10,11,576.0754,-86.1980,-0.0808,37,0.9250,0.2000,5,5,2,0,0,5,2,0.6000
9,92.0000,11,1,868.5500,-88.4666,-0.5608,6,0.1500,1.0000,8,8,8,0,0,8,8,0.0000
9,92.0000,11,2,921.5516,-88.8606,0.2099,7,0.1750,0.8750,8,6,6,0,0,6,6,0.0000
9,92.0000,11,9,1000.8131,-89.0301,0.2916,3,0.0750,1.0000,6,8,8,0,0,8,8,0.0000
9,92.0000,11,10,576.0754,-86.2789,-0.1327,30,0.7500,0.9040,125,5,2,120,116,125,118,0.0560
9,92.0000,12,13,1001.4256,-89.2208,0.0248,4,0.1000,1.0000,4,4,4,0,0,4,4,0.0000
9,92.0000,13,3,488.3109,-85.5144,0.4506,28,0.7000,0.3333,6,5,1,0,0,5,1,0.8000
9,92.0000,13,4,757.5339,-88.4475,-0.1760,10,0.2500,0.8750,8,7,5,0,0,7,5,0.2857
9,92.0000,13,8,698.9053,-88.2223,-0.3813,10,0.2500,0.7143,7,6,2,0,0,6,2,0.6667
9,92.0000,14,2,928.9318,-88.6739,-0.2350,13,0.3250,1.0000,8,8,8,0,0,8,8,0.0000
9,92.0000,14,6,713.4052,-87.5841,-0.5456,17,0.4250,0.7143,7,7,5,0,0,7,5,0.2857
9,92.0000,14,9,859.5530,-88.1308,-0.5525,13,0.3250,1.0000,8,8,8,0,0,8,8,0.0000
9,96.0000,0,1,631.8401,-86.4943,-0.4721,32,0.8000,0.5714,7,7,6,0,0,7,6,0.1429
9,96.0000,0,3,689.9621,-87.7948,0.2745,13,0.3250,0.8571,7,5,2,0,0,5,2,0.6000
9,96.0000,0,4,784.7850,-88.5341,0.3861,12,0.3000,0.8750,8,8,8,0,0,8,8,0.0000
9,96.0000,0,5,454.0831,-85.3913,0.8115,33,0.8250,0.0000,4,6,3,0,0,6,3,0.5000
9,96.0000,0,7,433.0557,-84.6462,-0.2641,36,0.9000,0.2000,5,7,3,0,0,7,3,0.5714
9,96.0000,0,8,616.4165,-87.5483,-0.0157,28,0.7000,0.8571,7,7,4,0,0,7,4,0.4286
9,96.0000,0,10,870.8986,-89.0338,-0.2062,9,0.2250,1.0000,8,8,8,0,0,8,8,0.0000
9,96.0000,0,13,1011.1152,-88.5527,0.0170,4,0.1000,1.0000,8,6,6,0,0,6,6,0.0000
9,96.0000,1,0,631.8401,-86.0948,-0.8111,32,0.8000,0.4118,17,7,6,48,37,55,43,0.2182
9,96.0000,1,5,810.2291,-88.2220,-0.1463,11,0.2750,0.9557,158,8,8,54,52,62,60,0.0323
9,96.0000,1,7,588.8038,-86.6876,-0.2675,28,0.7000,0.5714,7,6,3,0,0,6,3,0.5000
9,96.0000,1,10,297.6538,-82.7590,0.1397,38,0.9500,0.0000,4,4,0,0,0,4,0,1.0000
9,96.0000,1,11,805.1225,-88.7220,-0.5550,11,0.2750,1.0000,8,8,8,0,0,8,8,0.0000
9,96.0000,2,5,784.9763,-88.1851,-0.6930,11,0.2750,1.0000,8,8,7,0,0,8,7,0.1250
9,96.0000,2,6,1007.3414,-89.8976,0.0420,3,0.0750,1.0000,4,4,4,0,0,4,4,0.0000
9,96.0000,2,9,125.4518,-73.0888,0.1571,40,1.0000,0.0000,64,5,0,62,2,67,2,0.9701
9,96.0000,2,11,862.2914,-88.9808,-0.2210,6,0.1500,1.0000,8,8,8,0,0,8,8,0.0000
9,96.0000,2,14,911.1776,-88.5913,-0.5957,3,0.0750,1.0000,8,6,6,0,0,6,6,0.0000
9,96.0000,3,0,689.9621,-87.8902,0.5113,24,0.5854,0.8571,7,7,5,0,0,7,5,0.2857
9,96.0000,3,4,728.7837,-88.1621,0.4050,20,0.4878,0.7143,7,8,6,0,0,8,6,0.2500
9,96.0000,3,5,844.5212,-88.3784,-0.0929,12,0.2927,1.0000,8,8,8,0,0,8,8,0.0000
9,96.0000,3,7,941.5594,-89.4996,-0.2184,4,0.0976,1.0000,8,8,8,0,0,8,8,0.0000
9,96.0000,3,8,528.5031,-85.9123,-0.4530,36,0.8780,0.4000,5,5,1,0,0,5,1,0.8000
9,96.0000,3,13,561.1620,-86.3118,-0.6136,34,0.8293,0.2000,5,4,0,0,0,4,0,1.0000
9,96.0000,4,0,784.7850,-89.0299,0.2357,10,0.2500,1.0000,8,7,5,0,0,7,5,0.2857
9,96.0000,4,3,728.7837,-87.6750,0.0300,18,0.4500,0.8571,7,6,4,0,0,6,4,0.3333
9,96.0000,4,7,736.5584,-88.2194,0.1420,13,0.3250,0.4000,5,7,4,0,0,7,4,0.4286
9,96.0000,4,8,301.4123,-83.3866,1.0526,36,0.9000,0.0000,4,4,0,0,0,4,0,1.0000
9,96.0000,4,13,641.0794,-87.5493,0.3157,16,0.4000,1.0000,8,5,2,0,0,5,2,0.6000
9,96.0000,5,0,454.0831,-86.2051,0.1355,35,0.8750,0.2000,5,4,0,0,0,4,0,1.0000
9,96.0000,5,1,810.2291,-88.2715,0.0307,15,0.3750,0.8571,7,8,7,0,0,8,7,0.1250
9,96.0000,5,2,784.9763,-88.9184,-0.0497,14,0.3500,1.0000,8,7,6,0,0,7,6,0.1429
9,96.0000,5,3,844.5212,-88.6417,0.2020,13,0.3250,0.7143,7,8,8,0,0,8,8,0.0000
9,96.0000,5,7,802.6207,-89.0614,-0.3373,10,0.2500,0.9630,27,8,8,0,0,8,8,0.0000
9,96.0000,5,8,995.4854,-89.1404,0.1295,5,0.1250,1.0000,8,6,6,0,0,6,6,0.0000
9,96.0000,5,9,715.8051,-88.2028,0.0259,22,0.5500,0.8571,28,8,8,11,8,19,16,0.1579
9,96.0000,5,10,967.0162,-89.2599,-0.1111,5,0.1250,1.0000,8,2,2,0,0,2,2,0.0000
9,96.0000,6,9,916.0584,-87.9302,0.5115,6,0.1500,0.8571,7,8,8,0,0,8,8,0.0000
9,96.0000,6,14,632.7727,-87.7988,-0.0303,22,0.5500,0.6667,6,6,3,0,0,6,3,0.5000
9,96.0000,7,0,433.0557,-83.8160,0.2270,36,0.9000,0.0000,4,4,0,0,0,4,0,1.0000
9,96.0000,7,1,588.8038,-86.5677,-0.3269,29,0.7250,0.2000,5,9,4,0,0,9,4,0.5556
9,96.0000,7,3,941.5594,-88.7094,-0.0293,6,0.1500,1.0000,8,8,8,0,0,8,8,0.0000
9,96.0000,7,4,736.5584,-88.5998,0.1337,17,0.4250,1.0000,8,8,7,0,0,8,7,0.1250
9,96.0000,7,5,802.6207,-87.1979,-0.2236,9,0.2250,1.0000,8,6,6,0,0,6,6,0.0000
9,96.0000,7,8,740.9308,-87.2963,-0.6603,19,0.4750,0.9286,14,7,6,0,0,7,6,0.1429
9,96.0000,7,10,760.7940,-88.1025,-0.2237,14,0.3500,0.7143,7,7,6,0,0,7,6,0.1429
9,96.0000,8,0,616.4165,-86.7420,0.0689,27,0.6750,0.6667,6,7,4,0,0,7,4,0.4286
9,96.0000,8,1,1105.1469,-88.8157,-0.1592,4,0.1000,1.0000,2,6,6,0,0,6,6,0.0000
9,96.0000,8,3,528.5031,-85.6164,-0.7858,33,0.8250,0.4000,5,5,2,0,0,5,2,0.6000
9,96.0000,8,4,301.4123,-83.2609,1.0923,37,0.9250,0.0000,4,4,0,0,0,4,0,1.0000
9,96.0000,8,5,995.4854,-88.5482,0.2928,6,0.1500,0.8750,8,8,8,0,0,8,8,0.0000
9,96.0000,8,7,740.9308,-88.1064,-0.0640,20,0.5000,0.5000,6,8,7,0,0,8,7,0.1250
9,96.0000,8,13,688.6028,-87.4456,-0.0676,23,0.5750,0.7143,7,7,6,0,0,7,6,0.1429
9,96.0000,9,2,125.4518,-73.2407,-0.0440,40,1.0000,0.0000,4,4,0,0,0,4,0,1.0000
9,96.0000,9,5,715.8051,-88.1672,-0.6458,15,0.3750,0.9000,10,8,6,0,0,8,6,0.2500
9,96.0000,9,6,916.0584,-89.3070,-0.0425,6,0.1500,1.0000,6,8,7,0,0,8,7,0.1250
9,96.0000,9,11,926.8003,-89.5052,-0.1211,4,0.1000,1.0000,8,8,8,0,0,8,8,0.0000
9,96.0000,9,14,850.9644,-88.2582,-0.4469,7,0.1750,0.8750,8,8,8,0,0,8,8,0.0000
9,96.0000,10,0,870.8986,-89.0200,0.1576,8,0.2000,0.8571,7,8,8,0,0,8,8,0.0000
9,96.0000,10,1,297.6538,-82.7878,0.2218,36,0.9000,0.6582,79,5,1,27,1,32,2,0.9375
9,96.0000,10,5,967.0162,-89.3018,-0.0741,5,0.1250,0.8750,8,8,8,0,0,8,8,0.0000
9,96.0000,10,7,760.7940,-88.6484,0.2027,12,0.3000,0.7143,7,7,4,0,0,7,4,0.4286
9,96.0000,10,11,619.2075,-87.3197,0.0877,21,0.5250,0.4000,5,5,2,0,0,5,2,0.6000
9,96.0000,11,1,805.1225,-88.7340,0.0913,16,0.4000,1.0000,8,8,7,0,0,8,7,0.1250
9,96.0000,11,2,862.2914,-88.5232,0.5215,6,0.1500,1.0000,6,5,4,0,0,5,4,0.2000
9,96.0000,11,5,1014.9097,-89.0572,-0.7176,3,0.0750,1.0000,2,6,6,0,0,6,6,0.0000
9,96.0000,11,9,926.8003,-89.2063,-0.6211,3,0.0750,1.0000,8,8,8,0,0,8,8,0.0000
9,96.0000,11,10,619.2075,-87.9224,-0.3967,31,0.7750,0.9440,125,7,5,118,109,125,114,0.0880
9,96.0000,12,13,989.3304,-89.1120,0.1882,6,0.1500,1.0000,4,2,2,0,0,2,2,0.0000
9,96.0000,13,3,561.1620,-86.4496,-0.1460,27,0.6750,0.2000,5,7,4,0,0,7,4,0.4286
9,96.0000,13,4,641.0794,-88.0750,-0.3495,15,0.3750,0.7143,7,7,4,0,0,7,4,0.4286
9,96.0000,13,8,688.6028,-87.7782,-0.1703,18,0.4500,0.3333,6,5,3,0,0,5,3,0.4000
9,96.0000,14,2,911.1776,-89.4172,-0.0079,5,0.1250,1.0000,8,8,8,0,0,8,8,0.0000
9,96.0000,14,6,632.7727,-87.4810,-0.1082,25,0.6250,0.7143,7,5,1,0,0,5,1,0.8000
9,96.0000,14,9,850.9644,-88.4752,-0.2089,5,0.1250,1.0000,8,6,4,0,0,6,4,0.3333
9,100.0000,0,1,833.7497,-88.5362,-0.3721,18,0.4500,0.8571,7,8,8,0,0,8,8,0.0000
9,100.0000,0,3,587.0115,-87.5806,0.8489,25,0.6250,0.4000,5,5,2,0,0,5,2,0.6000
9,100.0000,0,4,641.4834,-88.0529,0.1382,23,0.5750,1.0000,8,4,1,0,0,4,1,0.7500
9,100.0000,0,5,523.6538,-85.0039,-0.6859,35,0.8750,0.5000,6,5,2,0,0,5,2,0.6000
9,100.0000,0,7,543.5762,-85.6506,-0.4089,34,0.8500,0.4286,7,6,4,0,0,6,4,0.3333
9,100.0000,0,8,623.8731,-87.1770,0.1790,30,0.7500,0.5714,7,5,1,0,0,5,1,0.8000
9,100.0000,0,10,966.1602,-88.9526,-0.7741,4,0.1000,1.0000,8,8,8,0,0,8,8,0.0000
9,100.0000,0,13,947.4155,-88.9214,0.3652,4,0.1000,1.0000,6,8,8,0,0,8,8,0.0000
9,100.0000,1,0,833.7497,-87.3486,0.1967,12,0.2927,0.7818,55,8,8,0,0,8,8,0.0000
9,100.0000,1,5,892.2388,-88.8177,-0.0841,16,0.3902,0.9677,62,8,8,122,122,130,130,0.0000
9,100.0000,1,7,604.7786,-87.0485,0.3705,34,0.8293,0.5000,6,8,5,0,0,8,5,0.3750
9,100.0000,1,10,205.0145,-80.0772,1.1204,40,0.9756,0.0000,4,4,0,4,0,8,0,1.0000
9,100.0000,1,11,751.7651,-88.3910,0.1080,17,0.4146,1.0000,8,8,6,0,0,8,6,0.2500
9,100.0000,2,5,719.7851,-88.1639,0.1416,16,0.4000,0.8750,8,8,8,106,103,114,111,0.0263
9,100.0000,2,6,994.8145,-89.1420,0.0941,5,0.1250,1.0000,4,6,6,0,0,6,6,0.0000
9,100.0000,2,9,112.6802,-72.6307,0.0972,39,0.9750,0.0299,67,3,0,64,4,67,4,0.9403
9,100.0000,2,11,796.8350,-88.4480,-0.0578,5,0.1250,1.0000,8,8,6,0,0,8,6,0.2500
9,100.0000,2,14,904.0350,-88.7275,0.4876,4,0.1000,1.0000,6,8,8,0,0,8,8,0.0000
9,100.0000,3,0,587.0115,-87.1970,0.3720,19,0.4750,0.7143,7,4,0,0,0,4,0,1.0000
9,100.0000,3,4,716.1870,-88.4450,-0.0984,16,0.4000,0.7500,8,6,3,0,0,6,3,0.5000
9,100.0000,3,5,864.4691,-88.1132,-0.1728,7,0.1750,1.0000,8,8,8,0,0,8,8,0.0000
9,100.0000,3,7,1042.3876,-89.1674,0.0597,4,0.1000,1.0000,8,4,4,0,0,4,4,0.0000
9,100.0000,3,8,646.9382,-87.0486,-0.0050,35,0.8750,0.2000,5,8,7,0,0,8,7,0.1250
9,100.0000,3,12,836.3991,-88.9072,0.4685,6,0.1500,1.0000,6,7,6,0,0,7,6,0.1429
9,100.0000,3,13,669.1823,-87.0423,-0.5617,28,0.7000,0.0000,4,7,5,0,0,7,5,0.2857
9,100.0000,4,0,641.4834,-88.3438,0.4115,20,0.4878,0.7143,7,4,0,0,0,4,0,1.0000
9,100.0000,4,3,716.1870,-88.4650,0.3664,15,0.3659,0.6667,6,7,4,0,0,7,4,0.4286
9,100.0000,4,7,714.3372,-88.1885,0.8252,22,0.5366,0.5714,7,8,7,0,0,8,7,0.1250
9,100.0000,4,8,227.7507,-80.5834,0.7693,40,0.9756,0.0000,4,5,1,0,0,5,1,0.8000
9,100.0000,4,13,562.7124,-87.3559,-0.3074,27,0.6585,0.4000,5,7,3,0,0,7,3,0.5714
9,100.0000,5,0,523.6538,-85.1491,-0.7815,37,0.9250,0.0000,4,5,2,4,3,9,5,0.4444
9,100.0000,5,1,892.2388,-88.4015,-0.3139,8,0.2000,0.8750,8,8,8,18,17,26,25,0.0385
9,100.0000,5,2,719.7851,-87.9191,-0.2552,15,0.3750,0.8571,7,6,3,0,0,6,3,0.5000
9,100.0000,5,3,864.4691,-88.9545,0.1205,9,0.2250,1.0000,8,8,8,0,0,8,8,0.0000
9,100.0000,5,9,679.7845,-87.7886,0.3479,24,0.6000,0.8421,19,7,5,4,3,11,8,0.2727
9,100.0000,5,10,985.5762,-89.0843,0.5782,4,0.1000,1.0000,2,6,6,0,0,6,6,0.0000
9,100.0000,5,11,914.1240,-88.6998,0.4395,4,0.1000,1.0000,8,7,6,0,0,7,6,0.1429
9,100.0000,6,9,920.8344,-89.0591,0.3354,4,0.1000,1.0000,8,8,7,0,0,8,7,0.1250
9,100.0000,6,14,550.3523,-86.2901,0.5511,32,0.8000,0.5000,6,5,2,0,0,5,2,0.6000
9,100.0000,7,0,543.5762,-85.6060,-0.6790,33,0.8250,0.0000,4,6,3,1,0,7,3,0.5714
9,100.0000,7,1,604.7786,-87.3703,-0.3081,30,0.7500,0.4444,9,8,6,0,0,8,6,0.2500
9,100.0000,7,4,714.3372,-87.6635,-0.0653,18,0.4500,0.8750,8,8,7,0,0,8,7,0.1250
9,100.0000,7,5,881.8913,-88.3735,0.3533,12,0.3000,1.0000,6,8,8,0,0,8,8,0.0000
9,100.0000,7,8,828.7672,-88.3543,-0.3484,13,0.3250,0.8571,7,8,8,33,31,41,39,0.0488
9,100.0000,7,10,667.6391,-87.9662,-0.1780,17,0.4250,0.8571,7,7,5,0,0,7,5,0.2857
9,100.0000,8,0,623.8731,-87.2094,-0.2192,25,0.6250,0.5714,7,8,6,0,0,8,6,0.2500
9,100.0000,8,3,646.9382,-86.5592,-0.8135,28,0.7000,0.4000,5,6,4,0,0,6,4,0.3333
9,100.0000,8,4,227.7507,-80.8932,0.9650,40,1.0000,0.0000,4,5,1,0,0,5,1,0.8000
9,100.0000,8,7,828.7672,-88.4501,-0.3383,15,0.3750,0.8750,8,8,7,0,0,8,7,0.1250
9,100.0000,8,13,658.2953,-87.8171,0.0049,22,0.5500,0.8571,7,6,3,0,0,6,3,0.5000
9,100.0000,9,2,112.6802,-72.4057,0.1399,40,1.0000,0.0000,4,4,0,0,0,4,0,1.0000
9,100.0000,9,5,679.7845,-87.9773,0.4907,16,0.4000,0.7500,8,7,5,0,0,7,5,0.2857
9,100.0000,9,6,920.8344,-88.8540,-0.1734,8,0.2000,0.8750,8,8,8,0,0,8,8,0.0000
9,100.0000,9,11,858.3468,-88.3562,0.4237,6,0.1500,1.0000,8,6,3,0,0,6,3,0.5000
9,100.0000,9,14,833.7676,-88.4670,0.8749,11,0.2750,1.0000,8,8,7,0,0,8,7,0.1250
9,100.0000,10,0,966.1602,-88.7753,-0.1384,5,0.1250,1.0000,8,8,8,0,0,8,8,0.0000
9,100.0000,10,1,205.0145,-80.5060,0.4521,39,0.9750,0.0625,32,4,0,1,0,5,0,1.0000
9,100.0000,10,7,667.6391,-88.1712,0.4095,17,0.4250,0.5714,7,5,2,112,107,117,109,0.0684
9,100.0000,10,11,668.4710,-87.3646,0.0243,21,0.5250,0.4000,5,7,6,0,0,7,6,0.1429
9,100.0000,11,1,751.7651,-88.6928,0.2623,15,0.3659,0.8750,8,8,8,0,0,8,8,0.0000
9,100.0000,11,2,796.8350,-89.0236,0.3474,17,0.4146,0.8000,5,8,8,0,0,8,8,0.0000
9,100.0000,11,5,914.1240,-89.0611,-0.0973,5,0.1220,1.0000,6,8,8,52,52,60,60,0.0000
9,100.0000,11,9,858.3468,-88.7945,0.1508,6,0.1463,1.0000,8,8,7,0,0,8,7,0.1250
9,100.0000,11,10,668.4710,-87.2534,-0.2246,22,0.5366,0.9120,125,6,4,68,67,74,71,0.0405
9,100.0000,12,3,836.3991,-88.8358,0.5572,4,0.1000,1.0000,6,8,8,0,0,8,8,0.0000
9,100.0000,12,13,993.1372,-89.0244,0.1919,5,0.1250,1.0000,2,7,6,0,0,7,6,0.1429
9,100.0000,13,3,669.1823,-87.5094,-0.1772,27,0.6750,0.5714,7,8,8,0,0,8,8,0.0000
9,100.0000,13,4,562.7124,-87.0833,0.1333,27,0.6750,0.5714,7,7,5,0,0,7,5,0.2857
9,100.0000,13,8,658.2953,-87.4517,-0.1932,22,0.5500,0.6000,5,10,9,0,0,10,9,0.1000
9,100.0000,14,2,904.0350,-89.2001,0.1182,4,0.1000,1.0000,8,8,8,0,0,8,8,0.0000
9,100.0000,14,6,550.3523,-87.0868,0.0953,29,0.7250,0.2000,5,6,3,0,0,6,3,0.5000
9,100.0000,14,9,833.7676,-88.4587,-0.1267,10,0.2500,0.6667,6,8,8,0,0,8,8,0.0000
9,104.0000,0,1,1035.9088,-88.2026,-0.4718,7,0.1750,1.0000,8,4,4,0,0,4,4,0.0000
9,104.0000,0,2,1193.6341,-89.0769,0.1685,3,0.0750,,0,4,4,0,0,4,4,0.0000
9,104.0000,0,3,490.2743,-86.3110,0.2701,31,0.7750,0.4000,5,5,1,0,0,5,1,0.8000
9,104.0000,0,4,513.8169,-87.0487,0.2901,31,0.7750,0.2500,4,5,1,0,0,5,1,0.8000
9,104.0000,0,5,610.1576,-86.7387,-0.6329,33,0.8250,0.4000,5,7,5,0,0,7,5,0.2857
9,104.0000,0,7,687.3894,-86.7906,-0.3337,24,0.6000,0.6667,6,8,7,0,0,8,7,0.1250
9,104.0000,0,8,655.6768,-87.9565,-0.0771,25,0.6250,0.2000,5,7,6,27,23,34,29,0.1471
9,104.0000,0,10,1048.1767,-88.7021,0.1080,6,0.1500,1.0000,8,4,4,0,0,4,4,0.0000
9,104.0000,0,13,920.6944,-88.8285,-0.1478,10,0.2500,1.0000,8,8,7,0,0,8,7,0.1250
9,104.0000,1,0,1035.9088,-88.8250,0.1299,3,0.0750,1.0000,8,4,4,0,0,4,4,0.0000
9,104.0000,1,5,948.8200,-88.8166,-0.2614,4,0.1000,1.0000,130,8,8,6,6,14,14,0.0000
9,104.0000,1,7,649.6027,-87.2316,-0.2544,21,0.5250,0.6250,8,7,4,0,0,7,4,0.4286
9,104.0000,1,10,156.1726,-76.1668,0.5820,39,0.9750,0.0000,8,4,0,0,0,4,0,1.0000
9,104.0000,1,11,700.2459,-87.9745,0.4836,18,0.4500,0.7500,8,7,6,0,0,7,6,0.1429
9,104.0000,2,5,675.3595,-87.7711,-0.0223,21,0.5250,0.9737,114,5,1,120,118,125,119,0.0480
9,104.0000,2,6,978.5588,-89.0196,0.1789,3,0.0750,1.0000,6,8,8,0,0,8,8,0.0000
9,104.0000,2,9,109.6783,-72.4527,0.0719,40,1.0000,0.0597,67,4,0,62,2,66,2,0.9697
9,104.0000,2,11,743.9557,-88.1490,-0.1511,14,0.3500,0.7500,8,8,8,0,0,8,8,0.0000
9,104.0000,2,14,910.1624,-88.8949,0.2125,6,0.1500,1.0000,8,8,8,0,0,8,8,0.0000
9,104.0000,3,0,490.2743,-86.4483,0.0626,24,0.6000,0.0000,4,5,1,0,0,5,1,0.8000
9,104.0000,3,4,705.0986,-88.2241,0.4122,20,0.5000,0.5000,6,8,7,0,0,8,7,0.1250
9,104.0000,3,5,870.5834,-89.4831,0.1673,5,0.1250,1.0000,8,6,6,0,0,6,6,0.0000
9,104.0000,3,8,785.0894,-88.6036,0.3622,14,0.3500,0.8750,8,8,8,0,0,8,8,0.0000
9,104.0000,3,12,735.9756,-88.3450,0.1267,10,0.2500,0.8571,7,7,6,0,0,7,6,0.1429
9,104.0000,3,13,816.1928,-88.8893,0.1489,17,0.4250,0.7143,7,8,8,0,0,8,8,0.0000
9,104.0000,4,0,513.8169,-86.8022,-0.2373,27,0.6750,0.0000,4,4,0,0,0,4,0,1.0000
9,104.0000,4,3,705.0986,-87.6886,-0.1551,20,0.5000,0.5714,7,7,5,0,0,7,5,0.2857
9,104.0000,4,7,717.1705,-88.4781,0.3113,19,0.4750,0.8750,8,4,2,0,0,4,2,0.5000
9,104.0000,4,8,264.0246,-79.4549,-0.4294,40,1.0000,0.2000,5,4,0,0,0,4,0,1.0000
9,104.0000,4,13,555.5359,-86.5777,0.0394,33,0.8250,0.4286,7,6,4,0,0,6,4,0.3333
9,104.0000,5,0,610.1576,-86.7542,-0.2576,28,0.7179,0.5556,9,7,6,2,2,9,8,0.1111
9,104.0000,5,1,948.8200,-89.0140,0.2221,5,0.1282,0.9615,26,8,8,0,0,8,8,0.0000
9,104.0000,5,2,675.3595,-88.4477,-0.0656,10,0.2564,0.5000,6,7,5,0,0,7,5,0.2857
9,104.0000,5,3,870.5834,-88.4889,-0.4632,8,0.2051,1.0000,8,8,8,0,0,8,8,0.0000
9,104.0000,5,6,1055.3548,-89.1724,0.0724,3,0.0769,1.0000,4,2,2,0,0,2,2,0.0000
9,104.0000,5,7,958.4720,-88.5590,-0.3695,7,0.1795,1.0000,4,8,8,0,0,8,8,0.0000
9,104.0000,5,9,668.3396,-87.6591,-0.1649,20,0.5128,0.7273,11,7,5,0,0,7,5,0.2857
9,104.0000,5,10,990.5727,-88.4529,6.9459,3,0.0769,1.0000,6,8,8,0,0,8,8,0.0000
9,104.0000,5,11,812.3912,-88.7334,-0.4088,6,0.1538,0.8571,7,7,6,18,18,25,24,0.0400
9,104.0000,6,9,924.4096,-89.0726,-0.1746,7,0.1795,0.8750,8,6,6,0,0,6,6,0.0000
9,104.0000,6,14,455.4079,-85.5502,0.0922,27,0.6923,0.4000,5,4,0,0,0,4,0,1.0000
9,104.0000,7,0,687.3894,-87.2164,-0.5528,24,0.6000,0.4286,7,7,6,89,87,96,93,0.0312
9,104.0000,7,1,649.6027,-87.7206,0.0196,26,0.6500,0.7500,8,8,8,0,0,8,8,0.0000
9,104.0000,7,4,717.1705,-87.4705,-0.2018,24,0.6000,0.8750,8,7,5,0,0,7,5,0.2857
9,104.0000,7,8,904.9275,-88.5450,-0.5750,10,0.2500,0.9512,41,5,4,6,6,11,10,0.0909
9,104.0000,7,10,578.5180,-87.3909,0.1675,26,0.6500,0.7143,7,6,2,0,0,6,2,0.6667
9,104.0000,8,0,655.6768,-87.8140,-0.2423,27,0.6750,0.7500,8,6,4,0,0,6,4,0.3333
9,104.0000,8,3,785.0894,-88.3587,-0.5094,21,0.5250,0.6667,6,8,8,0,0,8,8,0.0000
9,104.0000,8,4,264.0246,-79.7100,-0.4570,40,1.0000,0.2000,5,4,0,0,0,4,0,1.0000
9,104.0000,8,7,904.9275,-88.5900,-0.2705,10,0.2500,0.8750,8,7,6,0,0,7,6,0.1429
9,104.0000,8,13,639.9445,-88.1786,0.2709,25,0.6250,0.5000,6,6,3,0,0,6,3,0.5000
9,104.0000,9,2,109.6783,-72.4161,0.2409,40,1.0000,0.0000,4,4,0,0,0,4,0,1.0000
9,104.0000,9,5,668.3396,-87.5587,0.0280,23,0.5750,0.7143,7,7,5,0,0,7,5,0.2857
9,104.0000,9,6,924.4096,-88.7563,0.9015,3,0.0750,1.0000,8,8,8,0,0,8,8,0.0000
9,104.0000,9,11,806.1234,-88.4263,0.1633,9,0.2250,0.5000,6,8,7,0,0,8,7,0.1250
9,104.0000,9,14,838.4518,-87.8984,0.0829,7,0.1750,0.8750,8,7,6,0,0,7,6,0.1429
9,104.0000,10,1,156.1726,-76.4254,0.5984,40,1.0000,0.0000,5,4,0,0,0,4,0,1.0000
9,104.0000,10,7,578.5180,-87.7118,0.1797,27,0.6750,0.9316,117,6,2,107,80,113,82,0.2743
9,104.0000,10,11,714.8148,-88.0596,-0.0136,21,0.5250,0.8571,7,8,8,0,0,8,8,0.0000
9,104.0000,11,1,700.2459,-88.3935,0.3308,17,0.4250,1.0000,8,8,6,0,0,8,6,0.2500
9,104.0000,11,2,743.9557,-88.3747,-0.2684,8,0.2000,1.0000,8,8,7,0,0,8,7,0.1250
9,104.0000,11,5,812.3912,-88.4133,0.2321,10,0.2500,1.0000,60,8,7,120,120,128,127,0.0078
9,104.0000,11,9,806.1234,-88.6107,0.8120,11,0.2750,0.8750,8,7,6,0,0,7,6,0.1429
9,104.0000,11,10,714.8148,-88.3081,-0.1896,21,0.5250,0.9595,74,7,6,0,0,7,6,0.1429
9,104.0000,12,3,735.9756,-88.9204,-0.3000,11,0.2750,1.0000,8,6,3,0,0,6,3,0.5000
9,104.0000,12,13,999.0600,-88.8422,-0.0697,3,0.0750,0.8571,7,6,6,0,0,6,6,0.0000
9,104.0000,13,0,920.6944,-88.8670,-0.1482,5,0.1250,1.0000,8,8,8,0,0,8,8,0.0000
9,104.0000,13,3,816.1928,-87.7833,-0.0647,15,0.3750,1.0000,8,8,8,0,0,8,8,0.0000
9,104.0000,13,4,555.5359,-87.0499,-0.1885,29,0.7250,0.7143,7,5,2,0,0,5,2,0.6000
9,104.0000,13,8,639.9445,-86.9195,0.0526,27,0.6750,0.9000,10,5,4,0,0,5,4,0.2000
9,104.0000,14,2,910.1624,-88.3048,0.1948,7,0.1795,1.0000,8,8,8,0,0,8,8,0.0000
9,104.0000,14,6,455.4079,-85.9464,0.4312,33,0.8462,0.5000,6,6,2,0,0,6,2,0.6667
9,104.0000,14,9,838.4518,-88.7727,-0.0066,16,0.4103,1.0000,8,8,8,0,0,8,8,0.0000
9,108.0000,0,3,452.0334,-84.6418,0.1996,33,0.8250,0.2000,5,4,0,0,0,4,0,1.0000
9,108.0000,0,4,376.3018,-84.7743,0.4915,34,0.8500,0.2000,5,4,0,1,0,5,0,1.0000
9,108.0000,0,5,742.7799,-87.8640,-0.1430,21,0.5250,0.7143,7,8,8,0,0,8,8,0.0000
9,108.0000,0,7,844.0193,-88.0887,-0.0689,15,0.3750,0.8750,8,7,6,0,0,7,6,0.1429
9,108.0000,0,8,673.6515,-88.1614,-0.2169,26,0.6500,0.8529,34,8,7,0,0,8,7,0.1250
9,108.0000,0,13,909.9529,-88.7962,-0.0106,9,0.2250,0.8750,8,7,6,0,0,7,6,0.1429
9,108.0000,1,5,1003.1564,-89.4288,-0.1350,3,0.0750,1.0000,14,2,2,0,0,2,2,0.0000
9,108.0000,1,7,684.1126,-87.3137,-0.7646,19,0.4750,0.5714,7,8,7,0,0,8,7,0.1250
9,108.0000,1,10,235.3026,-76.7275,-1.1195,38,0.9500,0.0000,4,5,2,0,0,5,2,0.6000
9,108.0000,1,11,671.1290,-87.5463,-0.6506,21,0.5250,0.8571,7,9,5,118,113,127,118,0.0709
9,108.0000,2,5,633.8779,-87.6571,0.1684,19,0.4750,0.9520,125,8,7,94,85,102,92,0.0980
9,108.0000,2,6,960.7017,-88.4962,-0.2853,3,0.0750,1.0000,8,8,8,0,0,8,8,0.0000
9,108.0000,2,9,122.4949,-72.4248,-0.6769,40,1.0000,0.0303,66,4,0,61,1,65,1,0.9846
9,108.0000,2,11,700.3549,-88.6119,0.0098,17,0.4250,1.0000,8,7,6,0,0,7,6,0.1429
9,108.0000,2,14,913.3277,-88.4963,1.2802,7,0.1750,1.0000,8,7,6,0,0,7,6,0.1429
9,108.0000,3,0,452.0334,-84.8157,0.8315,33,0.8250,0.2000,5,5,1,0,0,5,1,0.8000
9,108.0000,3,4,703.1353,-87.5438,0.6833,14,0.3500,0.8750,8,7,5,0,0,7,5,0.2857
9,108.0000,3,5,901.2694,-88.6684,-0.1787,6,0.1500,1.0000,6,8,8,0,0,8,8,0.0000
9,108.0000,3,8,942.6767,-89.2273,-0.3712,7,0.1750,1.0000,8,8,8,0,0,8,8,0.0000
9,108.0000,3,12,628.2149,-88.0025,0.2155,16,0.4000,0.8571,7,8,5,0,0,8,5,0.3750
9,108.0000,3,13,980.1834,-88.4889,0.2597,10,0.2500,1.0000,8,6,6,0,0,6,6,0.0000
9,108.0000,4,0,376.3018,-83.9636,0.1941,33,0.8250,0.0000,4,4,0,0,0,4,0,1.0000
9,108.0000,4,3,703.1353,-87.0733,-0.0596,11,0.2750,0.7143,7,7,6,0,0,7,6,0.1429
9,108.0000,4,7,784.8764,-88.5850,-0.2528,15,0.3750,0.5000,4,10,10,2,2,12,12,0.0000
9,108.0000,4,8,375.4970,-82.0367,-0.9428,37,0.9250,0.0000,4,4,0,0,0,4,0,1.0000
9,108.0000,4,13,623.3384,-86.8947,-0.3491,27,0.6750,0.6667,6,7,4,0,0,7,4,0.4286
9,108.0000,5,0,742.7799,-88.1299,0.0040,24,0.5854,0.8889,9,8,8,32,30,40,38,0.0500
9,108.0000,5,1,1003.1564,-89.1138,-0.3989,4,0.0976,1.0000,8,8,8,0,0,8,8,0.0000
9,108.0000,5,2,633.8779,-88.0290,0.3873,24,0.5854,0.7143,7,6,3,0,0,6,3,0.5000
9,108.0000,5,3,901.2694,-88.5644,0.2381,11,0.2683,1.0000,8,8,8,0,0,8,8,0.0000
9,108.0000,5,9,658.1441,-87.6515,-0.2226,28,0.6829,0.7143,7,7,4,0,0,7,4,0.4286
9,108.0000,5,10,1002.6235,-89.0729,-0.4808,4,0.0976,1.0000,8,8,8,0,0,8,8,0.0000
9,108.0000,5,11,720.5213,-88.5377,0.0334,20,0.4878,0.9600,25,6,4,16,13,22,17,0.2273
9,108.0000,6,2,960.7017,-88.6853,0.3171,5,0.1250,1.0000,8,2,2,0,0,2,2,0.0000
9,108.0000,6,3,960.0325,-89.1673,0.6016,4,0.1000,1.0000,8,6,6,0,0,6,6,0.0000
9,108.0000,6,9,926.3460,-88.5424,0.2376,7,0.1750,1.0000,6,10,9,0,0,10,9,0.1000
9,108.0000,6,14,363.3231,-84.8946,0.3918,39,0.9750,0.0000,4,4,0,0,0,4,0,1.0000
9,108.0000,7,0,844.0193,-88.1005,-0.5195,15,0.3750,0.9688,96,8,8,4,4,12,12,0.0000
9,108.0000,7,1,684.1126,-87.6949,-0.0506,27,0.6750,1.0000,8,5,3,0,0,5,3,0.4000
9,108.0000,7,4,784.8764,-88.2151,0.1792,16,0.4000,0.7143,7,8,8,0,0,8,8,0.0000
9,108.0000,7,5,1026.1188,-89.5974,0.0925,3,0.0750,1.0000,8,6,6,0,0,6,6,0.0000
9,108.0000,7,8,989.4859,-89.0207,-0.5248,5,0.1250,0.9091,11,6,6,0,0,6,6,0.0000
9,108.0000,7,10,459.3850,-86.3926,0.6015,35,0.8750,0.3333,6,4,0,0,0,4,0,1.0000
9,108.0000,8,0,673.6515,-87.8919,-0.0018,17,0.4250,0.6667,6,7,4,0,0,7,4,0.4286
9,108.0000,8,3,942.6767,-88.8577,-0.0399,10,0.2500,1.0000,8,4,4,0,0,4,4,0.0000
9,108.0000,8,4,375.4970,-82.0563,-0.8189,38,0.9500,0.0000,4,4,0,0,0,4,0,1.0000
9,108.0000,8,13,648.7742,-87.5958,0.0616,21,0.5250,0.5000,6,5,2,0,0,5,2,0.6000
9,108.0000,9,2,122.4949,-72.4598,-0.2474,40,1.0000,0.0000,4,4,0,0,0,4,0,1.0000
9,108.0000,9,5,658.1441,-88.0048,0.1836,24,0.6000,0.7143,7,8,8,0,0,8,8,0.0000
9,108.0000,9,11,769.5705,-88.6711,0.0292,11,0.2750,0.8750,8,7,6,0,0,7,6,0.1429
9,108.0000,9,14,849.2286,-88.5356,0.0400,13,0.3250,0.8571,7,8,7,0,0,8,7,0.1250
9,108.0000,10,1,235.3026,-77.1595,-0.9847,39,0.9750,0.0000,4,5,1,0,0,5,1,0.8000
9,108.0000,10,5,1002.6235,-89.1250,-0.3417,4,0.1000,1.0000,8,6,6,0,0,6,6,0.0000
9,108.0000,10,7,459.3850,-85.8556,-0.1979,33,0.8250,0.7257,113,4,0,6,4,10,4,0.6000
9,108.0000,10,11,764.3278,-87.9424,-0.0111,13,0.3250,1.0000,8,7,6,0,0,7,6,0.1429
9,108.0000,11,1,671.1290,-88.0861,0.0344,22,0.5500,0.7500,8,6,4,0,0,6,4,0.3333
9,108.0000,11,2,700.3549,-88.0733,0.3512,22,0.5500,0.8750,8,6,4,58,55,64,59,0.0781
9,108.0000,11,5,720.5213,-88.0268,0.5021,17,0.4250,0.9922,128,8,5,60,57,68,62,0.0882
9,108.0000,11,9,769.5705,-88.1598,-0.1566,14,0.3500,0.8571,7,7,4,24,22,31,26,0.1613
9,108.0000,11,10,764.3278,-88.1475,-0.3362,16,0.4000,0.8571,7,8,8,7,6,15,14,0.0667
9,108.0000,12,3,628.2149,-88.0184,0.4369,17,0.4250,0.5000,6,5,2,0,0,5,2,0.6000
9,108.0000,12,13,1004.3711,-89.0513,0.2465,4,0.1000,1.0000,6,6,6,0,0,6,6,0.0000
9,108.0000,13,0,909.9529,-89.2001,0.3350,6,0.1500,1.0000,8,8,8,0,0,8,8,0.0000
9,108.0000,13,3,980.1834,-88.4816,-0.7928,5,0.1250,1.0000,8,6,6,0,0,6,6,0.0000
9,108.0000,13,4,623.3384,-87.0979,-0.5862,26,0.6500,0.4000,5,7,5,0,0,7,5,0.2857
9,108.0000,13,8,648.7742,-87.6520,-0.1573,27,0.6750,0.8000,5,7,5,0,0,7,5,0.2857
9,108.0000,14,2,913.3277,-89.5651,-0.0937,4,0.1000,1.0000,8,7,6,0,0,7,6,0.1429
9,108.0000,14,6,363.3231,-84.2614,0.7206,35,0.8750,0.3333,6,4,0,0,0,4,0,1.0000
9,108.0000,14,9,849.2286,-87.9989,-0.0672,9,0.2250,1.0000,8,7,5,0,0,7,5,0.2857
9,112.0000,0,3,496.0180,-86.0377,-0.0156,35,0.8750,0.0000,4,5,1,0,0,5,1,0.8000
9,112.0000,0,4,233.7128,-82.1389,1.3890,38,0.9500,0.0000,5,4,0,0,0,4,0,1.0000
9,112.0000,0,5,901.1167,-88.4007,-0.3388,9,0.2250,1.0000,8,5,4,0,0,5,4,0.2000
9,112.0000,0,7,990.4685,-89.2667,0.6186,3,0.0750,0.8571,7,8,8,0,0,8,8,0.0000
9,112.0000,0,8,671.3003,-87.6873,-0.5166,21,0.5250,0.8750,8,7,6,0,0,7,6,0.1429
9,112.0000,0,12,857.9905,-89.0881,0.0856,4,0.1000,1.0000,8,7,6,0,0,7,6,0.1429
9,112.0000,1,7,723.4362,-87.8140,0.2709,22,0.5500,0.8750,8,7,6,0,0,7,6,0.1429
9,112.0000,1,10,348.2365,-81.2591,-0.6062,39,0.9750,0.4000,5,5,1,0,0,5,1,0.8000
9,112.0000,1,11,641.8685,-87.6616,-0.0716,24,0.6000,0.9291,127,4,1,120,115,124,116,0.0645
9,112.0000,2,5,601.0163,-87.0515,0.1592,22,0.5500,0.9020,102,4,0,0,0,4,0,1.0000
9,112.0000,2,9,125.7089,-73.3310,0.0227,39,0.9750,0.0154,65,4,0,65,5,69,5,0.9275
9,112.0000,2,11,684.6677,-87.7001,-0.3064,18,0.4500,0.8571,7,8,8,110,105,118,113,0.0424
9,112.0000,2,14,915.2965,-88.8192,-0.0336,7,0.1750,0.8571,7,6,6,0,0,6,6,0.0000
9,112.0000,3,0,496.0180,-85.2090,-0.7753,37,0.9250,0.2000,5,5,1,0,0,5,1,0.8000
9,112.0000,3,4,691.5939,-87.9487,-0.4031,20,0.5000,0.7143,7,7,6,0,0,7,6,0.1429
9,112.0000,3,5,932.1623,-88.5082,-0.4786,5,0.1250,1.0000,8,8,8,0,0,8,8,0.0000
9,112.0000,3,6,865.1039,-88.5108,-0.1421,6,0.1500,1.0000,8,8,8,0,0,8,8,0.0000
9,112.0000,3,12,541.4516,-87.8886,0.0373,32,0.8000,0.6250,8,7,5,0,0,7,5,0.2857
9,112.0000,4,0,233.7128,-81.1611,1.1855,40,1.0000,0.0000,4,4,0,0,0,4,0,1.0000
9,112.0000,4,3,691.5939,-88.1519,0.1727,27,0.6750,0.8571,7,8,7,0,0,8,7,0.1250
9,112.0000,4,7,900.5853,-88.6027,-0.2051,11,0.2750,1.0000,12,8,8,0,0,8,8,0.0000
9,112.0000,4,8,512.2287,-85.3099,-1.2571,34,0.8500,0.0000,4,4,0,0,0,4,0,1.0000
9,112.0000,4,12,949.3515,-89.0614,-0.0484,3,0.0750,1.0000,6,4,4,0,0,4,4,0.0000
9,112.0000,4,13,697.3945,-87.9210,0.0011,24,0.6000,0.5714,7,7,5,0,0,7,5,0.2857
9,112.0000,5,0,901.1167,-88.5290,-0.0696,12,0.3000,0.9500,40,8,8,36,35,44,43,0.0227
9,112.0000,5,2,601.0163,-87.3949,0.1609,31,0.7750,0.5000,6,6,2,0,0,6,2,0.6667
9,112.0000,5,3,932.1623,-88.7921,0.0543,6,0.1500,1.0000,8,8,7,0,0,8,7,0.1250
9,112.0000,5,9,629.9360,-87.6808,0.3400,25,0.6250,0.5714,7,6,3,7,5,13,8,0.3846
9,112.0000,5,11,654.8990,-87.4031,0.7756,17,0.4250,0.7727,22,4,0,0,0,4,0,1.0000
9,112.0000,6,2,943.8683,-89.2187,-0.3824,3,0.0750,1.0000,2,6,6,0,0,6,6,0.0000
9,112.0000,6,3,865.1039,-88.4359,0.1496,8,0.2000,1.0000,6,8,8,0,0,8,8,0.0000
9,112.0000,6,9,923.0229,-88.7413,0.0301,5,0.1250,0.9000,10,8,8,0,0,8,8,0.0000
9,112.0000,6,14,293.3493,-82.4144,0.9898,38,0.9500,0.0000,4,4,0,0,0,4,0,1.0000
9,112.0000,7,0,990.4685,-88.1985,-0.7089,6,0.1500,1.0000,12,6,6,0,0,6,6,0.0000
9,112.0000,7,1,723.4362,-87.9442,-0.1625,14,0.3500,0.6000,5,7,6,0,0,7,6,0.1429
9,112.0000,7,4,900.5853,-88.2996,-0.8926,7,0.1750,1.0000,8,8,8,0,0,8,8,0.0000
9,112.0000,7,10,385.2936,-84.4020,0.1245,32,0.8000,0.0000,4,4,0,0,0,4,0,1.0000
9,112.0000,8,0,671.3003,-88.0430,-0.0052,23,0.5750,0.5714,7,6,4,0,0,6,4,0.3333
9,112.0000,8,4,512.2287,-84.9231,-0.4863,34,0.8500,0.0000,4,6,3,0,0,6,3,0.5000
9,112.0000,8,7,1083.9392,-89.7146,0.0097,4,0.1000,1.0000,6,6,6,0,0,6,6,0.0000
9,112.0000,8,13,635.8860,-86.7494,0.0050,24,0.6000,0.4000,5,6,3,0,0,6,3,0.5000
9,112.0000,9,2,125.7089,-73.4972,-0.0495,40,1.0000,0.0000,4,4,0,0,0,4,0,1.0000
9,112.0000,9,5,629.9360,-87.5286,-0.0919,19,0.4750,1.0000,8,6,4,0,0,6,4,0.3333
9,112.0000,9,6,923.0229,-88.5385,-0.5259,6,0.1500,1.0000,8,8,7,0,0,8,7,0.1250
9,112.0000,9,11,754.2772,-88.2362,-0.2256,22,0.5500,0.8571,7,8,6,0,0,8,6,0.2500
9,112.0000,9,14,866.6738,-88.5395,0.4046,6,0.1500,0.8750,8,7,6,0,0,7,6,0.1429
9,112.0000,10,1,348.2365,-81.6136,-1.4410,37,0.9250,0.2000,5,4,0,0,0,4,0,1.0000
9,112.0000,10,7,385.2936,-84.4081,-0.0098,37,0.9250,0.4000,10,4,0,0,0,4,0,1.0000
9,112.0000,10,11,800.3751,-88.2154,0.2250,13,0.3250,0.8571,7,8,8,0,0,8,8,0.0000
9,112.0000,11,1,641.8685,-87.9690,-0.5347,25,0.6250,0.6667,6,7,6,0,0,7,6,0.1429
9,112.0000,11,2,684.6677,-87.6897,0.0861,18,0.4500,0.9219,64,6,4,0,0,6,4,0.3333
9,112.0000,11,5,654.8990,-87.4915,0.3506,22,0.5500,0.9118,68,5,2,132,118,137,120,0.1241
9,112.0000,11,9,754.2772,-88.2528,0.0390,19,0.4750,0.8387,31,6,3,8,7,14,10,0.2857
9,112.0000,11,10,800.3751,-88.5325,-0.0341,13,0.3250,0.9333,15,8,8,0,0,8,8,0.0000
9,112.0000,12,3,541.4516,-86.8222,-0.5189,32,0.8000,0.4000,5,4,0,0,0,4,0,1.0000
9,112.0000,13,0,880.0126,-88.7504,0.6677,8,0.2000,1.0000,8,8,8,0,0,8,8,0.0000
9,112.0000,13,4,697.3945,-87.7826,-0.4845,20,0.5000,0.7143,7,7,6,0,0,7,6,0.1429
9,112.0000,13,8,635.8860,-87.5920,-0.0189,26,0.6500,0.7143,7,6,3,0,0,6,3,0.5000
9,112.0000,13,12,1043.3015,-88.9908,-0.3225,4,0.1000,1.0000,4,6,6,0,0,6,6,0.0000
9,112.0000,14,2,915.2965,-88.6681,0.1136,6,0.1500,0.8571,7,8,7,0,0,8,7,0.1250
9,112.0000,14,6,293.3493,-82.9819,0.4669,39,0.9750,0.0000,4,4,0,0,0,4,0,1.0000
9,112.0000,14,9,866.6738,-88.1781,-0.1726,7,0.1750,0.7143,7,7,6,0,0,7,6,0.1429
9,116.0000,0,3,592.7332,-86.6454,-0.3140,29,0.7250,0.2000,5,7,5,0,0,7,5,0.2857
9,116.0000,0,4,153.4179,-76.6018,0.7481,40,1.0000,0.0000,4,4,0,0,0,4,0,1.0000
9,116.0000,0,5,1039.9220,-88.6855,-0.1034,5,0.1250,0.8000,5,6,6,0,0,6,6,0.0000
9,116.0000,0,8,684.1180,-86.9635,0.6719,21,0.5250,0.8571,7,7,5,0,0,7,5,0.2857
9,116.0000,0,12,717.9615,-87.8459,0.5293,12,0.3000,0.8571,7,6,2,0,0,6,2,0.6667
9,116.0000,0,13,864.3078,-89.1166,-0.0182,7,0.1750,1.0000,8,8,8,0,0,8,8,0.0000
9,116.0000,1,7,749.2616,-87.8823,-0.3517,17,0.4250,0.8571,7,8,7,0,0,8,7,0.1250
9,116.0000,1,10,444.1266,-84.9808,-0.8950,35,0.8750,0.2000,5,5,1,42,21,47,22,0.5319
9,116.0000,1,11,654.5006,-87.5137,0.2623,21,0.5250,0.9355,124,8,7,6,6,14,13,0.0714
9,116.0000,2,5,568.6522,-87.0009,0.4648,30,0.7500,0.0000,4,7,4,0,0,7,4,0.4286
9,116.0000,2,6,924.2862,-89.3122,-0.0370,7,0.1750,1.0000,8,8,8,0,0,8,8,0.0000
9,116.0000,2,9,131.6051,-73.3297,0.0886,40,1.0000,0.0725,69,4,0,61,1,65,1,0.9846
9,116.0000,2,11,665.7690,-86.8197,-0.6057,23,0.5750,0.9576,118,6,3,67,60,73,63,0.1370
9,116.0000,2,14,920.0937,-89.5389,-0.1269,5,0.1250,1.0000,6,8,8,0,0,8,8,0.0000
9,116.0000,3,0,592.7332,-85.8717,-0.1674,29,0.7250,0.2000,5,5,2,2,2,7,4,0.4286
9,116.0000,3,4,695.0810,-88.0799,-0.0582,21,0.5250,0.8571,7,8,7,0,0,8,7,0.1250
9,116.0000,3,5,990.3929,-88.4255,0.3322,4,0.1000,1.0000,8,8,8,0,0,8,8,0.0000
9,116.0000,3,6,795.6892,-88.4316,0.0750,16,0.4000,1.0000,8,7,6,0,0,7,6,0.1429
9,116.0000,3,12,458.5674,-86.5356,0.1346,37,0.9250,0.7143,7,5,1,0,0,5,1,0.8000
9,116.0000,3,14,1008.7518,-89.2693,-0.6227,3,0.0750,1.0000,4,7,6,0,0,7,6,0.1429
9,116.0000,4,0,153.4179,-76.6994,1.0519,40,1.0000,0.0000,4,4,0,0,0,4,0,1.0000
9,116.0000,4,3,695.0810,-87.4798,0.5418,15,0.3750,0.8750,8,7,5,0,0,7,5,0.2857
9,116.0000,4,5,1055.5014,-89.0349,-0.3125,3,0.0750,,0,2,2,0,0,2,2,0.0000
9,116.0000,4,8,654.2206,-87.2642,-0.6310,32,0.8000,0.0000,4,8,7,0,0,8,7,0.1250
9,116.0000,4,12,801.9207,-88.4901,-0.0314,11,0.2750,1.0000,4,8,8,0,0,8,8,0.0000
9,116.0000,4,13,801.5432,-88.1634,-0.7485,13,0.3250,0.7143,7,8,8,0,0,8,8,0.0000
9,116.0000,5,2,568.6522,-86.7764,0.0066,31,0.7750,0.3333,6,5,1,0,0,5,1,0.8000
9,116.0000,5,3,990.3929,-89.2963,-0.4039,6,0.1500,0.8750,8,8,8,2,2,10,10,0.0000
9,116.0000,5,6,1011.6045,-89.1152,0.2122,3,0.0750,1.0000,6,4,4,0,0,4,4,0.0000
9,116.0000,5,9,600.9952,-87.3449,0.1940,30,0.7500,0.6154,13,6,4,0,0,6,4,0.3333
9,116.0000,5,11,601.9086,-87.3900,0.3862,27,0.6750,0.0000,4,6,3,0,0,6,3,0.5000
9,116.0000,6,2,924.2862,-89.1907,0.0624,5,0.1250,1.0000,6,10,10,0,0,10,10,0.0000
9,116.0000,6,3,795.6892,-88.3532,0.2617,11,0.2750,1.0000,8,7,6,0,0,7,6,0.1429
9,116.0000,6,5,1011.6045,-89.1532,0.4495,4,0.1000,1.0000,6,4,4,0,0,4,4,0.0000
9,116.0000,6,9,918.9027,-88.6035,0.2042,7,0.1750,1.0000,8,8,7,0,0,8,7,0.1250
9,116.0000,6,14,219.6672,-79.7112,0.7258,40,1.0000,0.0000,4,4,0,0,0,4,0,1.0000
9,116.0000,7,0,1136.4764,-88.8980,-0.3016,3,0.0732,1.0000,6,2,2,0,0,2,2,0.0000
9,116.0000,7,1,749.2616,-88.2277,-0.1836,14,0.3415,0.8571,7,7,5,0,0,7,5,0.2857
9,116.0000,7,4,1022.2962,-89.4092,0.0065,4,0.0976,1.0000,8,8,8,0,0,8,8,0.0000
9,116.0000,7,10,329.4109,-83.5305,0.1753,41,1.0000,0.0000,4,4,0,0,0,4,0,1.0000
9,116.0000,7,11,955.7276,-88.6392,0.2068,7,0.1707,1.0000,6,8,8,0,0,8,8,0.0000
9,116.0000,8,0,684.1180,-87.5011,0.2474,20,0.5128,0.6667,6,6,3,0,0,6,3,0.5000
9,116.0000,8,4,654.2206,-86.5876,-0.4990,27,0.6923,0.5000,6,6,3,0,0,6,3,0.5000
9,116.0000,8,13,612.5435,-87.2114,0.2649,19,0.4872,0.5000,6,5,1,0,0,5,1,0.8000
9,116.0000,9,2,131.6051,-73.7006,0.1561,41,1.0000,0.0000,4,5,1,0,0,5,1,0.8000
9,116.0000,9,5,600.9952,-88.1183,-0.4480,29,0.7073,0.6667,6,5,1,0,0,5,1,0.8000
9,116.0000,9,6,918.9027,-88.1911,-0.2667,7,0.1707,0.8750,8,10,10,0,0,10,10,0.0000
9,116.0000,9,11,735.0452,-88.0574,-0.1035,17,0.4146,0.7500,8,5,1,0,0,5,1,0.8000
9,116.0000,9,14,891.3558,-88.7796,0.3824,8,0.1951,0.8571,7,8,8,0,0,8,8,0.0000
9,116.0000,10,1,444.1266,-84.1733,-0.6445,38,0.9500,0.0000,4,4,0,0,0,4,0,1.0000
9,116.0000,10,7,329.4109,-82.9797,1.5786,36,0.9000,0.0000,4,4,0,0,0,4,0,1.0000
9,116.0000,10,11,835.5285,-88.9848,0.1888,7,0.1750,1.0000,8,8,8,0,0,8,8,0.0000
9,116.0000,11,1,654.5006,-87.6935,0.0886,23,0.5750,0.8571,7,6,3,0,0,6,3,0.5000
9,116.0000,11,2,665.7690,-87.8059,-0.3620,19,0.4750,0.6667,6,6,2,0,0,6,2,0.6667
9,116.0000,11,5,601.9086,-87.4784,0.1430,26,0.6500,0.8759,137,6,2,14,14,20,16,0.2000
9,116.0000,11,7,955.7276,-89.1443,-0.6488,4,0.1000,1.0000,8,8,8,0,0,8,8,0.0000
9,116.0000,11,9,735.0452,-87.9879,-0.0255,19,0.4750,0.7143,14,8,6,0,0,8,6,0.2500
9,116.0000,11,10,835.5285,-88.8178,0.2407,11,0.2750,1.0000,8,5,3,23,22,28,25,0.1071
9,116.0000,12,0,717.9615,-87.9036,-0.3612,11,0.2750,0.8571,7,7,5,0,0,7,5,0.2857
9,116.0000,12,3,458.5674,-85.8792,0.2322,35,0.8750,0.0000,4,3,0,0,0,3,0,1.0000
9,116.0000,12,4,801.9207,-89.2621,-0.6087,4,0.1000,0.8750,8,7,6,0,0,7,6,0.1429
9,116.0000,12,13,1099.8718,-89.7543,0.0021,4,0.1000,1.0000,8,4,4,0,0,4,4,0.0000
9,116.0000,13,0,864.3078,-89.6229,0.1206,4,0.1000,1.0000,8,8,8,0,0,8,8,0.0000
9,116.0000,13,4,801.5432,-88.3680,-0.0765,21,0.5250,0.8571,7,7,6,0,0,7,6,0.1429
9,116.0000,13,8,612.5435,-87.1500,-0.1748,32,0.8000,0.5000,6,5,2,0,0,5,2,0.6000
9,116.0000,13,12,1099.8718,-89.8896,0.0854,3,0.0750,1.0000,6,4,4,0,0,4,4,0.0000
9,116.0000,14,2,920.0937,-89.2835,0.2521,3,0.0750,0.8750,8,8,8,0,0,8,8,0.0000
9,116.0000,14,6,219.6672,-79.6811,0.2882,40,1.0000,0.0000,4,4,0,0,0,4,0,1.0000
9,116.0000,14,9,891.3558,-88.6024,0.0306,10,0.2500,0.8571,7,8,8,0,0,8,8,0.0000
9,120.0000,0,3,666.3631,-87.5355,0.1929,31,0.7750,0.7143,7,7,6,0,0,7,6,0.1429
9,120.0000,0,4,217.1604,-76.1870,-0.7888,40,1.0000,0.0000,4,6,1,0,0,6,1,0.8333
9,120.0000,0,8,743.2182,-88.4740,-0.4176,20,0.5000,0.7143,7,7,6,0,0,7,6,0.1429
9,120.0000,0,12,555.0012,-87.3909,-0.0322,30,0.7500,0.3333,6,4,0,0,0,4,0,1.0000
9,120.0000,0,13,882.8016,-89.1524,-0.1140,12,0.3000,1.0000,8,7,6,0,0,7,6,0.1429
9,120.0000,1,7,776.2426,-88.4855,0.6059,11,0.2750,0.8750,8,8,8,0,0,8,8,0.0000
9,120.0000,1,10,593.0581,-86.2703,-0.6338,37,0.9250,0.4681,47,5,1,14,12,19,13,0.3158
9,120.0000,1,11,702.4916,-87.7510,0.0799,23,0.5750,0.9286,14,8,6,108,108,116,114,0.0172
9,120.0000,2,5,538.3676,-86.6306,-0.2547,36,0.9000,0.5714,7,7,4,0,0,7,4,0.4286
9,120.0000,2,6,905.8804,-89.2453,-0.1237,7,0.1750,1.0000,8,6,6,0,0,6,6,0.0000
9,120.0000,2,9,134.0215,-74.1484,0.1368,40,1.0000,0.0154,65,4,0,65,6,69,6,0.9130
9,120.0000,2,11,635.1424,-87.1971,0.0791,25,0.6250,0.8630,73,8,8,104,92,112,100,0.1071
9,120.0000,2,14,923.8717,-89.3296,0.2502,3,0.0750,1.0000,8,8,7,0,0,8,7,0.1250
9,120.0000,3,0,666.3631,-86.9011,0.1955,23,0.5750,0.5714,7,8,7,0,0,8,7,0.1250
9,120.0000,3,4,697.8139,-88.1333,-0.1978,21,0.5250,0.8750,8,7,6,0,0,7,6,0.1429
9,120.0000,3,5,1037.4422,-89.1174,0.0102,4,0.1000,1.0000,8,8,8,0,0,8,8,0.0000
9,120.0000,3,6,733.3091,-88.8254,-0.2509,16,0.4000,0.8571,7,5,3,0,0,5,3,0.4000
9,120.0000,3,12,449.6912,-85.0378,0.1302,37,0.9250,0.2000,5,5,1,0,0,5,1,0.8000
9,120.0000,3,14,868.3738,-88.8199,-0.3353,8,0.2000,0.8571,7,8,8,0,0,8,8,0.0000
9,120.0000,4,0,217.1604,-76.0278,-0.8673,40,1.0000,0.0000,4,5,1,0,0,5,1,0.8000
9,120.0000,4,3,697.8139,-88.7395,-0.1793,19,0.4750,0.7143,7,8,7,0,0,8,7,0.1250
9,120.0000,4,8,806.4985,-88.3101,0.0890,24,0.6000,0.8750,8,7,6,0,0,7,6,0.1429
9,120.0000,4,12,667.1730,-88.7761,0.1820,21,0.5250,1.0000,8,6,1,0,0,6,1,0.8333
9,120.0000,4,13,935.4788,-88.8989,-0.4408,12,0.3000,1.0000,8,4,4,0,0,4,4,0.0000
9,120.0000,5,2,538.3676,-87.0074,0.0796,34,0.8718,0.2000,5,5,1,0,0,5,1,0.8000
9,120.0000,5,9,566.1743,-87.2599,-0.2153,24,0.6154,0.6667,6,5,2,7,6,12,8,0.3333
9,120.0000,5,11,547.0141,-87.4214,0.3284,29,0.7436,0.5000,6,6,2,0,0,6,2,0.6667
9,120.0000,5,14,1056.8274,-89.1983,0.5746,3,0.0769,1.0000,4,2,2,0,0,2,2,0.0000
9,120.0000,6,3,733.3091,-88.9020,-0.1084,18,0.4500,0.8571,7,7,4,0,0,7,4,0.4286
9,120.0000,6,9,917.0407,-88.3891,-0.1776,6,0.1500,0.8750,8,8,8,0,0,8,8,0.0000
9,120.0000,6,12,1112.0659,-88.7982,-0.0332,3,0.0750,1.0000,6,2,2,0,0,2,2,0.0000
9,120.0000,6,14,142.3727,-76.7612,1.2168,40,1.0000,0.0000,4,4,0,0,0,4,0,1.0000
9,120.0000,7,1,776.2426,-88.2509,0.0825,15,0.3846,0.7143,7,8,7,0,0,8,7,0.1250
9,120.0000,7,4,1140.3921,-88.9360,0.2249,3,0.0769,1.0000,8,8,8,0,0,8,8,0.0000
9,120.0000,7,10,246.6399,-81.2431,0.3683,38,0.9744,0.0000,4,4,0,0,0,4,0,1.0000
9,120.0000,7,11,914.4413,-89.0362,-0.0325,6,0.1538,1.0000,8,8,8,0,0,8,8,0.0000
9,120.0000,8,0,743.2182,-87.7256,-0.0044,21,0.5122,0.5000,6,8,8,0,0,8,8,0.0000
9,120.0000,8,4,806.4985,-88.0124,-0.5683,23,0.5610,0.5000,6,8,8,0,0,8,8,0.0000
9,120.0000,8,13,585.8533,-87.5494,0.1942,30,0.7317,0.2000,5,8,4,0,0,8,4,0.5000
9,120.0000,9,2,134.0215,-73.8748,0.0985,39,1.0000,0.2000,5,4,0,0,0,4,0,1.0000
9,120.0000,9,5,566.1743,-87.4610,-0.0444,25,0.6410,0.2000,5,8,6,0,0,8,6,0.2500
9,120.0000,9,6,917.0407,-88.3048,-0.4798,6,0.1538,1.0000,10,8,8,0,0,8,8,0.0000
9,120.0000,9,11,702.3240,-87.8879,0.4475,23,0.5897,0.2000,5,7,4,0,0,7,4,0.4286
9,120.0000,9,14,920.1195,-88.9277,-0.0040,4,0.1026,1.0000,8,6,6,0,0,6,6,0.0000
9,120.0000,10,1,593.0581,-86.4375,-0.5802,32,0.8000,0.0000,4,6,3,0,0,6,3,0.5000
9,120.0000,10,7,246.6399,-81.7702,0.8838,40,1.0000,0.0000,4,4,0,0,0,4,0,1.0000
9,120.0000,10,11,896.8068,-89.0001,-0.6782,6,0.1500,1.0000,8,8,8,0,0,8,8,0.0000
9,120.0000,11,1,702.4916,-88.2285,0.0132,24,0.6000,0.5000,6,8,8,26,21,34,29,0.1471
9,120.0000,11,2,635.1424,-87.7187,-0.5782,21,0.5250,0.3333,6,5,1,0,0,5,1,0.8000
9,120.0000,11,5,547.0141,-87.0464,0.0817,34,0.8500,0.8000,20,4,0,8,5,12,5,0.5833
9,120.0000,11,7,914.4413,-88.9312,-0.3542,5,0.1250,1.0000,8,8,8,0,0,8,8,0.0000
9,120.0000,11,9,702.3240,-88.9343,-0.0052,16,0.4000,0.7500,8,7,5,2,2,9,7,0.2222
9,120.0000,11,10,896.8068,-88.7986,-0.1030,10,0.2500,0.8929,28,7,6,16,16,23,22,0.0435
9,120.0000,12,0,555.0012,-87.3019,0.2242,25,0.6250,0.7143,7,5,1,0,0,5,1,0.8000
9,120.0000,12,3,449.6912,-85.3646,-0.2570,35,0.8750,0.0000,3,4,0,0,0,4,0,1.0000
9,120.0000,12,4,667.1730,-88.3332,0.3584,15,0.3750,0.8571,7,6,4,0,0,6,4,0.3333
9,120.0000,13,0,882.8016,-88.4039,0.0433,8,0.2000,1.0000,8,7,6,0,0,7,6,0.1429
9,120.0000,13,4,935.4788,-88.2789,-0.6136,10,0.2500,0.8571,7,8,8,0,0,8,8,0.0000
9,120.0000,13,8,585.8533,-87.1010,0.2599,19,0.4750,0.4000,5,5,0,0,0,5,0,1.0000
9,120.0000,13,12,1147.0185,-89.6359,-0.1305,3,0.0750,1.0000,4,4,4,0,0,4,4,0.0000
9,120.0000,14,2,923.8717,-88.6586,0.2340,9,0.2250,1.0000,8,6,6,0,0,6,6,0.0000
9,120.0000,14,3,868.3738,-88.4250,0.6268,5,0.1250,1.0000,8,6,4,0,0,6,4,0.3333
9,120.0000,14,6,142.3727,-77.1191,0.9732,40,1.0000,0.0000,4,4,0,0,0,4,0,1.0000
9,120.0000,14,9,920.1195,-88.1713,-0.8940,4,0.1000,1.0000,8,8,8,0,0,8,8,0.0000
9,124.0000,0,3,785.7065,-88.1950,-0.1874,16,0.4000,0.8571,7,8,6,0,0,8,6,0.2500
9,124.0000,0,4,323.5475,-80.4515,-0.8892,40,1.0000,0.1667,6,3,0,0,0,3,0,1.0000
9,124.0000,0,8,769.0107,-87.8796,-0.3072,16,0.4000,0.8571,7,8,8,0,0,8,8,0.0000
9,124.0000,0,12,449.7413,-85.7030,0.2595,33,0.8250,0.0000,4,5,2,0,0,5,2,0.6000
9,124.0000,0,13,894.8102,-88.6658,-0.0707,7,0.1750,0.8571,7,8,8,0,0,8,8,0.0000
9,124.0000,1,7,811.8570,-88.7867,-0.0541,13,0.3250,1.0000,8,6,4,0,0,6,4,0.3333
9,124.0000,1,10,738.3760,-87.2606,0.1263,20,0.5000,0.6842,19,8,8,8,7,16,15,0.0625
9,124.0000,1,11,785.2824,-88.2672,-0.2047,16,0.4000,0.9828,116,8,8,120,120,128,128,0.0000
9,124.0000,2,5,513.7508,-85.3632,-0.1216,37,0.9250,0.5714,7,7,4,0,0,7,4,0.4286
9,124.0000,2,6,886.7030,-88.8583,-0.0613,11,0.2750,1.0000,6,8,8,0,0,8,8,0.0000
9,124.0000,2,9,115.6386,-73.3166,0.8275,40,1.0000,0.0870,69,4,0,63,3,67,3,0.9552
9,124.0000,2,11,624.9782,-87.8897,0.3454,29,0.7250,0.8929,112,5,2,119,113,124,115,0.0726
9,124.0000,2,14,915.4224,-89.1571,0.2460,4,0.1000,0.8750,8,10,10,0,0,10,10,0.0000
9,124.0000,3,0,785.7065,-87.6960,-0.0922,9,0.2308,0.8750,8,8,8,0,0,8,8,0.0000
9,124.0000,3,4,694.2419,-88.3139,-0.1474,21,0.5385,0.8571,7,8,6,0,0,8,6,0.2500
9,124.0000,3,5,1107.9527,-89.7374,-0.0482,3,0.0769,1.0000,8,4,4,0,0,4,4,0.0000
9,124.0000,3,6,679.7217,-88.2738,0.0110,20,0.5128,0.6000,5,8,7,0,0,8,7,0.1250
9,124.0000,3,12,474.8389,-85.5530,-0.1415,36,0.9231,0.2000,5,5,2,0,0,5,2,0.6000
9,124.0000,3,14,762.6667,-89.3195,-0.1578,7,0.1795,1.0000,8,5,2,0,0,5,2,0.6000
9,124.0000,4,0,323.5475,-80.9114,-1.7871,40,1.0000,0.2000,5,4,0,0,0,4,0,1.0000
9,124.0000,4,3,694.2419,-88.2339,-0.1955,19,0.4750,0.8750,8,6,3,0,0,6,3,0.5000
9,124.0000,4,5,1056.7045,-89.4146,-0.0511,5,0.1250,1.0000,4,2,2,0,0,2,2,0.0000
9,124.0000,4,8,943.0439,-88.1383,-0.5491,10,0.2500,0.8571,7,8,8,0,0,8,8,0.0000
9,124.0000,4,12,514.6119,-86.0191,0.3768,27,0.6750,0.1667,6,4,0,0,0,4,0,1.0000
9,124.0000,5,2,513.7508,-86.1927,-0.4620,33,0.8250,0.2000,5,6,2,0,0,6,2,0.6667
9,124.0000,5,3,1107.9527,-88.8770,-0.2704,4,0.1000,1.0000,8,4,4,0,0,4,4,0.0000
9,124.0000,5,6,944.1450,-89.4312,0.1913,5,0.1250,1.0000,8,8,7,0,0,8,7,0.1250
9,124.0000,5,9,509.2178,-86.2391,0.2331,27,0.6750,0.6667,12,4,0,0,0,4,0,1.0000
9,124.0000,5,11,513.4034,-85.8310,0.2152,34,0.8500,0.3333,6,5,1,0,0,5,1,0.8000
9,124.0000,6,2,886.7030,-89.3014,-0.3484,6,0.1500,1.0000,8,6,6,0,0,6,6,0.0000
9,124.0000,6,3,679.7217,-87.7573,0.0295,23,0.5750,0.5714,7,8,8,0,0,8,8,0.0000
9,124.0000,6,5,944.1450,-88.3976,-0.4548,4,0.1000,1.0000,8,8,8,0,0,8,8,0.0000
9,124.0000,6,9,911.6291,-88.5219,0.6395,7,0.1750,1.0000,8,8,8,0,0,8,8,0.0000
9,124.0000,6,14,101.6356,-73.0248,0.4688,39,0.9750,0.0000,4,4,0,0,0,4,0,1.0000
9,124.0000,7,1,811.8570,-88.8468,0.0844,14,0.3500,0.8750,8,8,7,0,0,8,7,0.1250
9,124.0000,7,10,191.1998,-78.3522,0.3384,40,1.0000,0.0000,4,4,0,0,0,4,0,1.0000
9,124.0000,7,11,901.7433,-89.3757,0.0666,3,0.0750,1.0000,8,8,8,0,0,8,8,0.0000
9,124.0000,8,0,769.0107,-87.8895,0.0248,16,0.4000,1.0000,8,7,6,0,0,7,6,0.1429
9,124.0000,8,4,943.0439,-89.1343,-0.0097,10,0.2500,1.0000,8,6,6,0,0,6,6,0.0000
9,124.0000,8,13,567.2046,-87.3205,-0.1997,33,0.8250,0.5000,8,7,4,0,0,7,4,0.4286
9,124.0000,9,2,115.6386,-73.4120,0.2634,40,1.0000,0.0000,4,4,0,0,0,4,0,1.0000
9,124.0000,9,5,509.2178,-86.6493,0.5477,30,0.7500,0.7500,8,4,0,0,0,4,0,1.0000
9,124.0000,9,6,911.6291,-88.8092,0.0861,6,0.1500,1.0000,8,8,8,0,0,8,8,0.0000
9,124.0000,9,11,666.1175,-88.2902,0.2765,20,0.5000,0.5714,7,6,3,0,0,6,3,0.5000
9,124.0000,9,14,934.0804,-88.8244,0.3978,7,0.1750,1.0000,6,8,8,0,0,8,8,0.0000
9,124.0000,10,1,738.3760,-87.0920,-0.6549,21,0.5250,0.5000,6,7,6,0,0,7,6,0.1429
9,124.0000,10,7,191.1998,-78.8935,0.3432,40,1.0000,0.0000,4,4,0,0,0,4,0,1.0000
9,124.0000,10,11,941.7615,-88.5357,-0.0031,6,0.1500,1.0000,8,8,8,0,0,8,8,0.0000
9,124.0000,11,1,785.2824,-88.0342,-0.1168,18,0.4500,0.8529,34,7,6,24,23,31,29,0.0645
9,124.0000,11,2,624.9782,-87.5444,-0.3579,20,0.5000,0.2000,5,8,8,0,0,8,8,0.0000
9,124.0000,11,5,513.4034,-86.6618,0.1657,40,1.0000,0.4167,12,4,0,0,0,4,0,1.0000
9,124.0000,11,7,901.7433,-89.3626,-0.2422,7,0.1750,1.0000,8,4,4,0,0,4,4,0.0000
9,124.0000,11,9,666.1175,-87.3193,-0.5399,29,0.7250,0.7778,9,5,2,8,8,13,10,0.2308
9,124.0000,11,10,941.7615,-89.0133,0.1086,8,0.2000,0.9565,23,8,8,0,0,8,8,0.0000
9,124.0000,12,0,449.7413,-85.6296,0.4125,34,0.8500,0.2000,5,4,0,0,0,4,0,1.0000
9,124.0000,12,3,474.8389,-85.4271,-0.2344,37,0.9250,0.0000,4,4,0,0,0,4,0,1.0000
9,124.0000,12,4,514.6119,-87.2070,1.0420,30,0.7500,0.6667,6,4,0,0,0,4,0,1.0000
9,124.0000,13,0,894.8102,-88.8183,-0.2781,10,0.2439,0.8571,7,8,8,0,0,8,8,0.0000
9,124.0000,13,8,567.2046,-86.4043,-0.0268,28,0.6829,0.0000,5,6,3,0,0,6,3,0.5000
9,124.0000,14,2,915.4224,-88.8959,0.0058,8,0.2000,1.0000,6,8,8,0,0,8,8,0.0000
9,124.0000,14,3,762.6667,-87.8821,-0.0329,12,0.3000,0.6667,6,8,6,0,0,8,6,0.2500
9,124.0000,14,6,101.6356,-72.1006,0.5852,39,0.9750,0.0000,4,4,0,0,0,4,0,1.0000
9,124.0000,14,9,934.0804,-89.3657,-0.0935,7,0.1750,1.0000,8,8,8,0,0,8,8,0.0000
9,128.0000,0,3,907.8070,-88.3538,-0.2936,11,0.2750,0.7500,8,8,8,0,0,8,8,0.0000
9,128.0000,0,4,444.6560,-83.8490,-0.6538,39,0.9750,0.0000,3,5,1,0,0,5,1,0.8000
9,128.0000,0,8,819.4930,-88.1009,-0.0072,12,0.3000,1.0000,8,8,8,0,0,8,8,0.0000
9,128.0000,0,12,423.1855,-84.5075,0.4054,39,0.9750,0.4000,5,5,1,0,0,5,1,0.8000
9,128.0000,0,13,910.4504,-88.9370,-0.3770,8,0.2000,1.0000,8,8,8,0,0,8,8,0.0000
9,128.0000,1,7,846.5003,-88.2141,0.4709,10,0.2500,0.6667,6,8,8,0,0,8,8,0.0000
9,128.0000,1,10,854.2992,-88.2469,-0.0343,13,0.3250,0.9375,16,8,8,0,0,8,8,0.0000
9,128.0000,1,11,705.3199,-88.0261,0.1755,17,0.4250,1.0000,128,7,4,119,107,126,111,0.1190
9,128.0000,2,5,510.2922,-86.3959,-0.0404,30,0.7500,0.5714,7,6,3,0,0,6,3,0.5000
9,128.0000,2,6,863.8253,-88.8170,0.2308,8,0.2000,1.0000,8,8,7,0,0,8,7,0.1250
9,128.0000,2,9,100.8241,-72.2135,0.0034,40,1.0000,0.0448,67,4,0,76,2,80,2,0.9750
9,128.0000,2,11,655.1646,-87.5346,0.0710,23,0.5750,0.9274,124,8,8,2,2,10,10,0.0000
9,128.0000,2,14,910.9492,-88.0936,0.5325,3,0.0750,1.0000,10,6,6,0,0,6,6,0.0000
9,128.0000,3,0,907.8070,-89.0606,-0.2576,7,0.1750,1.0000,8,8,8,0,0,8,8,0.0000
9,128.0000,3,4,695.9341,-87.8279,-0.0243,21,0.5250,0.7500,8,8,8,0,0,8,8,0.0000
9,128.0000,3,6,678.6046,-88.2124,0.0249,19,0.4750,0.8750,8,7,4,0,0,7,4,0.4286
9,128.0000,3,12,517.1025,-85.4689,0.5042,36,0.9000,0.4000,5,6,2,0,0,6,2,0.6667
9,128.0000,3,14,694.8698,-88.1095,-0.0544,17,0.4250,0.4000,5,6,4,0,0,6,4,0.3333
9,128.0000,4,0,444.6560,-83.6268,-1.3544,39,0.9750,0.0000,4,6,3,0,0,6,3,0.5000
9,128.0000,4,3,695.9341,-87.7377,-0.0443,19,0.4750,0.5000,6,7,6,0,0,7,6,0.1429
9,128.0000,4,12,360.8609,-84.7163,0.8537,36,0.9000,0.0000,4,4,0,0,0,4,0,1.0000
9,128.0000,5,2,510.2922,-86.7524,0.0332,34,0.8293,0.3333,6,5,1,0,0,5,1,0.8000
9,128.0000,5,6,919.1354,-88.5168,-0.2001,7,0.1707,0.8750,8,8,8,0,0,8,8,0.0000
9,128.0000,5,9,462.7219,-85.5253,0.1317,35,0.8537,0.0000,4,4,0,0,0,4,0,1.0000
9,128.0000,5,11,503.2198,-85.9536,-0.3555,31,0.7561,0.2000,5,4,0,0,0,4,0,1.0000
9,128.0000,5,14,982.2407,-89.1847,-0.3395,6,0.1463,1.0000,8,8,8,0,0,8,8,0.0000
9,128.0000,6,2,863.8253,-88.3279,-0.3139,8,0.2000,1.0000,6,8,8,0,0,8,8,0.0000
9,128.0000,6,3,678.6046,-88.2238,-0.1100,24,0.6000,1.0000,8,9,6,0,0,9,6,0.3333
9,128.0000,6,4,1056.4211,-89.2655,0.8505,4,0.1000,1.0000,2,2,2,0,0,2,2,0.0000
9,128.0000,6,5,919.1354,-89.0970,-0.2901,5,0.1250,1.0000,8,8,8,0,0,8,8,0.0000
9,128.0000,6,9,898.1902,-88.6381,-0.4583,4,0.1000,1.0000,8,8,8,0,0,8,8,0.0000
9,128.0000,6,14,68.3137,-69.6923,1.1157,40,1.0000,0.0000,4,4,0,0,0,4,0,1.0000
9,128.0000,7,1,846.5003,-88.8208,0.2354,13,0.3171,0.8750,8,8,8,0,0,8,8,0.0000
9,128.0000,7,10,197.6000,-76.1856,-0.6500,41,1.0000,0.0000,4,4,0,0,0,4,0,1.0000
9,128.0000,7,11,911.0333,-89.4499,0.4062,5,0.1220,1.0000,8,8,8,0,0,8,8,0.0000
9,128.0000,8,0,819.4930,-88.8720,-0.3332,13,0.3250,0.8571,7,8,8,0,0,8,8,0.0000
9,128.0000,8,4,1086.6195,-89.1256,0.2903,3,0.0750,1.0000,6,2,2,0,0,2,2,0.0000
9,128.0000,8,13,547.8332,-86.8278,0.4880,29,0.7250,0.5714,7,5,2,0,0,5,2,0.6000
9,128.0000,9,2,100.8241,-72.1383,0.3348,41,1.0000,0.0000,4,4,0,0,0,4,0,1.0000
9,128.0000,9,5,462.7219,-85.9245,0.5689,38,0.9268,0.0000,4,6,3,0,0,6,3,0.5000
9,128.0000,9,6,898.1902,-88.9589,-0.1631,7,0.1707,1.0000,8,6,6,0,0,6,6,0.0000
9,128.0000,9,11,651.0682,-87.7187,-0.3451,22,0.5366,0.5000,6,7,6,0,0,7,6,0.1429
9,128.0000,9,14,946.0537,-89.1726,-0.4940,4,0.0976,1.0000,8,8,8,0,0,8,8,0.0000
9,128.0000,10,1,854.2992,-88.3642,0.2120,15,0.3750,0.8571,7,8,7,0,0,8,7,0.1250
9,128.0000,10,7,197.6000,-76.5329,-0.2656,40,1.0000,0.0000,4,4,0,0,0,4,0,1.0000
9,128.0000,10,11,855.4232,-88.3326,0.6321,5,0.1250,1.0000,8,8,8,0,0,8,8,0.0000
9,128.0000,11,1,705.3199,-88.7316,0.3430,17,0.4250,0.9355,31,6,3,0,0,6,3,0.5000
9,128.0000,11,2,655.1646,-87.6064,0.0033,28,0.7000,1.0000,8,6,4,26,18,32,22,0.3125
9,128.0000,11,5,503.2198,-85.5989,0.1079,36,0.9000,0.0000,4,7,5,0,0,7,5,0.2857
9,128.0000,11,7,911.0333,-89.0274,0.4935,7,0.1750,1.0000,4,8,8,0,0,8,8,0.0000
9,128.0000,11,9,651.0682,-87.1695,0.5641,22,0.5500,0.7692,13,8,6,23,16,31,22,0.2903
9,128.0000,11,10,855.4232,-88.9429,0.2138,10,0.2500,1.0000,8,7,6,0,0,7,6,0.1429
9,128.0000,12,0,423.1855,-84.1939,0.2378,39,0.9512,0.0000,4,5,1,0,0,5,1,0.8000
9,128.0000,12,3,517.1025,-85.7221,-0.1481,33,0.8049,0.0000,4,5,2,0,0,5,2,0.6000
9,128.0000,12,4,360.8609,-85.0581,0.2952,37,0.9024,0.0000,4,4,0,0,0,4,0,1.0000
9,128.0000,13,0,910.4504,-88.7834,0.2338,9,0.2250,1.0000,8,8,8,0,0,8,8,0.0000
9,128.0000,13,8,547.8332,-86.6270,0.3453,34,0.8500,0.5000,6,6,3,0,0,6,3,0.5000
9,128.0000,14,2,910.9492,-88.7712,0.0578,8,0.2000,1.0000,8,6,6,0,0,6,6,0.0000
9,128.0000,14,3,694.8698,-88.2559,-0.1697,16,0.4000,0.7500,8,6,3,0,0,6,3,0.5000
9,128.0000,14,5,982.2407,-89.0828,0.3636,5,0.1250,1.0000,8,8,8,0,0,8,8,0.0000
9,128.0000,14,6,68.3137,-69.5577,1.1201,39,0.9750,0.0000,4,4,0,0,0,4,0,1.0000
9,128.0000,14,9,946.0537,-88.6560,-0.2236,4,0.1000,1.0000,8,8,8,0,0,8,8,0.0000
9,132.0000,0,3,1031.6929,-88.3648,-0.3485,8,0.2000,1.0000,8,4,4,0,0,4,4,0.0000
9,132.0000,0,4,584.5800,-85.8714,-0.4136,34,0.8500,0.2000,5,8,6,0,0,8,6,0.2500
9,132.0000,0,8,897.1007,-88.4934,-0.2314,12,0.3000,1.0000,8,8,8,0,0,8,8,0.0000
9,132.0000,0,12,474.1515,-84.9172,-0.4141,34,0.8500,0.2000,5,5,1,0,0,5,1,0.8000
9,132.0000,0,13,911.9691,-88.1978,0.3249,6,0.1500,1.0000,8,8,8,0,0,8,8,0.0000
9,132.0000,1,5,944.7216,-89.0241,1.1122,3,0.0750,1.0000,4,8,8,0,0,8,8,0.0000
9,132.0000,1,7,867.8219,-88.8969,0.2106,11,0.2750,1.0000,8,7,5,0,0,7,5,0.2857
9,132.0000,1,10,955.8221,-88.9496,-0.3055,4,0.1000,1.0000,8,8,7,0,0,8,7,0.1250
9,132.0000,1,11,642.7916,-87.7715,0.2791,22,0.5500,0.8810,126,5,2,10,8,15,10,0.3333
9,132.0000,2,5,508.9372,-85.5614,-0.1931,33,0.8250,0.5000,6,5,1,0,0,5,1,0.8000
9,132.0000,2,6,847.5646,-88.2658,0.0560,11,0.2750,0.8750,8,8,8,0,0,8,8,0.0000
9,132.0000,2,9,112.3139,-71.7525,-0.1396,40,1.0000,0.0250,80,4,0,66,4,70,4,0.9429
9,132.0000,2,11,710.0639,-87.0726,0.3644,20,0.5000,1.0000,10,7,5,50,43,57,48,0.1579
9,132.0000,2,14,934.1064,-88.2368,0.8584,3,0.0750,1.0000,6,7,6,0,0,7,6,0.1429
9,132.0000,3,4,707.7043,-88.2207,0.0073,23,0.5750,1.0000,8,8,7,0,0,8,7,0.1250
9,132.0000,3,6,712.4472,-88.1126,0.4891,22,0.5500,0.5714,7,8,7,0,0,8,7,0.1250
9,132.0000,3,12,615.1034,-86.6159,-0.4561,30,0.7500,0.3333,6,7,6,0,0,7,6,0.1429
9,132.0000,3,14,627.6886,-87.9147,0.4454,21,0.5250,0.6667,6,7,5,0,0,7,5,0.2857
9,132.0000,4,0,584.5800,-85.8532,-0.8845,32,0.8000,0.5000,6,7,5,0,0,7,5,0.2857
9,132.0000,4,3,707.7043,-87.5318,-0.3394,22,0.5500,0.8571,7,8,6,0,0,8,6,0.2500
9,132.0000,4,12,229.0737,-81.3734,1.3086,40,1.0000,0.0000,4,4,0,0,0,4,0,1.0000
9,132.0000,5,2,508.9372,-86.4437,0.2403,38,0.9500,0.2000,5,4,0,0,0,4,0,1.0000
9,132.0000,5,6,907.2631,-88.7854,-0.1001,7,0.1750,1.0000,8,8,8,0,0,8,8,0.0000
9,132.0000,5,9,426.2500,-85.5297,-0.3106,37,0.9250,0.0000,4,4,0,0,0,4,0,1.0000
9,132.0000,5,11,525.8950,-86.1838,-0.0756,30,0.7500,0.0000,4,5,2,0,0,5,2,0.6000
9,132.0000,5,14,975.7471,-89.5433,0.0953,3,0.0750,1.0000,8,7,6,0,0,7,6,0.1429
9,132.0000,6,2,847.5646,-88.3684,-0.4098,10,0.2500,1.0000,8,10,10,0,0,10,10,0.0000
9,132.0000,6,3,712.4472,-88.3002,-0.0980,16,0.4000,0.6667,9,8,8,0,0,8,8,0.0000
9,132.0000,6,5,907.2631,-88.6432,0.7084,9,0.2250,1.0000,8,8,7,0,0,8,7,0.1250
9,132.0000,6,9,895.7434,-88.4803,-0.1154,6,0.1500,1.0000,8,7,6,0,0,7,6,0.1429
9,132.0000,6,14,99.1078,-67.8641,-1.1777,40,1.0000,0.0000,4,4,0,0,0,4,0,1.0000
9,132.0000,7,1,867.8219,-88.6133,0.1308,8,0.2000,1.0000,8,8,8,0,0,8,8,0.0000
9,132.0000,7,10,225.8130,-77.7983,-0.2090,38,0.9500,0.0000,4,4,0,0,0,4,0,1.0000
9,132.0000,7,11,757.8268,-88.4077,0.2974,12,0.3000,1.0000,8,8,8,0,0,8,8,0.0000
9,132.0000,8,0,897.1007,-89.3926,0.1226,7,0.1750,1.0000,8,8,8,0,0,8,8,0.0000
9,132.0000,8,13,508.9292,-86.3710,0.0543,32,0.8000,0.4000,5,5,1,0,0,5,1,0.8000
9,132.0000,9,2,112.3139,-71.6751,-0.2944,39,1.0000,0.0000,4,4,0,0,0,4,0,1.0000
9,132.0000,9,5,426.2500,-84.6482,0.3643,36,0.9231,0.5000,6,4,0,0,0,4,0,1.0000
9,132.0000,9,6,895.7434,-88.6603,-0.5877,6,0.1538,1.0000,6,8,8,0,0,8,8,0.0000
9,132.0000,9,11,659.6938,-87.0838,0.4518,21,0.5385,0.8571,7,7,5,0,0,7,5,0.2857
9,132.0000,9,14,982.5826,-89.0959,-0.0725,6,0.1538,1.0000,8,6,6,0,0,6,6,0.0000
9,132.0000,10,1,955.8221,-88.3845,0.0582,5,0.1250,0.8750,8,6,6,0,0,6,6,0.0000
9,132.0000,10,7,225.8130,-78.8448,-0.0001,39,0.9750,0.0000,4,4,0,0,0,4,0,1.0000
9,132.0000,10,11,762.4949,-88.1016,0.1838,8,0.2000,1.0000,8,5,4,0,0,5,4,0.2000
9,132.0000,11,1,642.7916,-87.4924,0.4104,18,0.4500,0.5000,6,6,3,0,0,6,3,0.5000
9,132.0000,11,2,710.0639,-87.9465,-0.2607,19,0.4750,0.6875,32,8,7,6,5,14,12,0.1429
9,132.0000,11,5,525.8950,-86.5701,-0.2549,33,0.8250,0.7143,7,5,1,0,0,5,1,0.8000
9,132.0000,11,7,757.8268,-88.5366,0.3190,14,0.3500,1.0000,8,5,2,0,0,5,2,0.6000
9,132.0000,11,9,659.6938,-88.1363,-0.1662,27,0.6750,0.7097,31,8,7,0,0,8,7,0.1250
9,132.0000,11,10,762.4949,-88.8189,0.3210,12,0.3000,0.8571,7,7,6,31,28,38,34,0.1053
9,132.0000,12,0,474.1515,-85.2574,-0.0836,39,0.9750,0.2000,5,5,2,0,0,5,2,0.6000
9,132.0000,12,3,615.1034,-86.5947,-0.2951,25,0.6250,0.4000,5,7,5,0,0,7,5,0.2857
9,132.0000,12,4,229.0737,-81.2061,1.3449,39,0.9750,0.0000,4,4,0,0,0,4,0,1.0000
9,132.0000,13,0,911.9691,-88.8965,-0.3554,7,0.1750,1.0000,8,8,8,0,0,8,8,0.0000
9,132.0000,13,8,508.9292,-86.8403,0.0142,37,0.9250,0.5000,6,4,0,0,0,4,0,1.0000
9,132.0000,14,2,934.1064,-89.1957,0.2837,7,0.1750,1.0000,6,8,8,0,0,8,8,0.0000
9,132.0000,14,3,627.6886,-87.6481,-0.1196,26,0.6500,0.5000,6,6,1,0,0,6,1,0.8333
9,132.0000,14,5,975.7471,-88.5414,-0.5542,6,0.1500,1.0000,8,8,8,0,0,8,8,0.0000
9,132.0000,14,6,99.1078,-67.7779,-1.1025,40,1.0000,0.0000,4,4,0,0,0,4,0,1.0000
9,132.0000,14,9,982.5826,-89.6469,-0.0358,3,0.0750,1.0000,8,8,8,0,0,8,8,0.0000
9,136.0000,0,4,727.4632,-86.9440,-0.4291,19,0.4750,0.7500,8,8,6,0,0,8,6,0.2500
9,136.0000,0,8,973.4952,-88.9470,-0.4953,5,0.1250,1.0000,8,4,4,0,0,4,4,0.0000
9,136.0000,0,12,586.4956,-85.9172,-0.5955,33,0.8250,0.2000,5,7,5,0,0,7,5,0.2857
9,136.0000,0,13,922.3422,-88.5777,-0.1074,5,0.1250,1.0000,8,8,8,0,0,8,8,0.0000
9,136.0000,1,2,920.7302,-88.3836,0.1384,7,0.1750,1.0000,6,8,8,0,0,8,8,0.0000
9,136.0000,1,5,818.8061,-88.0564,0.3902,7,0.1750,1.0000,8,8,8,0,0,8,8,0.0000
9,136.0000,1,7,880.9350,-88.5713,0.3503,8,0.2000,0.7143,7,8,8,0,0,8,8,0.0000
9,136.0000,1,9,809.2430,-88.8254,0.1342,9,0.2250,0.8750,8,7,6,0,0,7,6,0.1429
9,136.0000,1,10,1073.4064,-88.6266,0.1580,6,0.1500,0.8750,8,6,6,0,0,6,6,0.0000
9,136.0000,1,11,613.8744,-87.0543,-0.0996,28,0.7000,0.6667,15,5,1,114,104,119,105,0.1176
9,136.0000,2,1,920.7302,-89.1042,-0.0596,5,0.1250,1.0000,8,8,8,0,0,8,8,0.0000
9,136.0000,2,5,494.5000,-86.5125,0.4199,29,0.7250,0.2000,5,4,0,0,0,4,0,1.0000
9,136.0000,2,6,834.5957,-88.6432,0.0055,6,0.1500,1.0000,8,8,8,0,0,8,8,0.0000
9,136.0000,2,9,136.3124,-72.9654,-0.0930,40,1.0000,0.0571,70,4,0,73,14,77,14,0.8182
9,136.0000,2,11,758.1809,-88.1047,-0.3104,21,0.5250,0.8421,57,8,8,120,119,128,127,0.0078
9,136.0000,2,14,952.2051,-88.7277,0.0655,7,0.1750,0.8571,7,8,8,0,0,8,8,0.0000
9,136.0000,3,4,715.3178,-88.2758,0.3384,19,0.4750,0.8750,8,8,8,0,0,8,8,0.0000
9,136.0000,3,6,798.3287,-88.8058,-0.0196,19,0.4750,0.8750,8,8,8,0,0,8,8,0.0000
9,136.0000,3,12,740.6839,-87.3348,-0.4014,26,0.6500,0.8571,7,8,7,0,0,8,7,0.1250
9,136.0000,3,14,641.3289,-87.8821,0.2913,23,0.5750,0.7143,7,7,5,0,0,7,5,0.2857
9,136.0000,4,0,727.4632,-86.3831,0.2870,20,0.4878,0.7143,7,7,6,0,0,7,6,0.1429
9,136.0000,4,3,715.3178,-87.9885,-0.0286,23,0.5610,0.7500,8,5,2,0,0,5,2,0.6000
9,136.0000,4,12,144.3540,-76.6708,1.5541,40,0.9756,0.0000,4,3,0,0,0,3,0,1.0000
9,136.0000,4,14,801.1923,-88.9145,-0.3987,7,0.1707,1.0000,8,8,8,0,0,8,8,0.0000
9,136.0000,5,1,818.8061,-87.6987,0.6996,6,0.1500,1.0000,8,8,6,0,0,8,6,0.2500
9,136.0000,5,2,494.5000,-85.5464,0.0953,34,0.8500,0.0000,4,5,1,0,0,5,1,0.8000
9,136.0000,5,6,895.7649,-89.0693,0.1005,6,0.1500,1.0000,8,7,6,0,0,7,6,0.1429
9,136.0000,5,9,386.8759,-84.7411,0.7763,38,0.9500,0.0000,4,4,0,0,0,4,0,1.0000
9,136.0000,5,11,571.4862,-86.7121,-0.6160,33,0.8250,0.4000,5,5,2,0,0,5,2,0.6000
9,136.0000,5,14,964.6285,-88.5423,0.1108,6,0.1500,0.8571,7,8,8,0,0,8,8,0.0000
9,136.0000,6,2,834.5957,-88.1133,0.0059,9,0.2308,1.0000,10,8,8,0,0,8,8,0.0000
9,136.0000,6,3,798.3287,-87.7429,-0.1410,15,0.3846,1.0000,8,8,8,0,0,8,8,0.0000
9,136.0000,6,4,955.6324,-88.9724,-0.4195,3,0.0769,1.0000,6,8,8,0,0,8,8,0.0000
9,136.0000,6,5,895.7649,-89.3026,-0.1201,7,0.1795,0.8750,8,8,8,0,0,8,8,0.0000
9,136.0000,6,9,896.7487,-88.5340,-0.5362,7,0.1795,0.8571,7,8,8,0,0,8,8,0.0000
9,136.0000,6,12,1082.2450,-89.3671,-0.0300,5,0.1282,1.0000,6,8,8,0,0,8,8,0.0000
9,136.0000,6,14,182.2892,-74.1342,-1.5782,39,1.0000,0.0000,4,4,0,0,0,4,0,1.0000
9,136.0000,7,1,880.9350,-88.7268,-0.2449,10,0.2500,1.0000,8,8,7,0,0,8,7,0.1250
9,136.0000,7,10,294.8210,-81.0149,-0.5854,40,1.0000,0.0000,4,4,0,0,0,4,0,1.0000
9,136.0000,7,11,615.5357,-87.4702,0.1297,21,0.5250,1.0000,8,6,4,0,0,6,4,0.3333
9,136.0000,8,0,973.4952,-88.7569,-0.5148,7,0.1750,1.0000,8,8,8,0,0,8,8,0.0000
9,136.0000,8,13,484.4463,-86.3386,0.5197,37,0.9250,0.2000,5,6,3,0,0,6,3,0.5000
9,136.0000,9,1,809.2430,-88.9152,0.2462,9,0.2195,1.0000,8,7,6,0,0,7,6,0.1429
9,136.0000,9,2,136.3124,-72.6269,-0.4025,40,0.9756,0.0000,4,4,0,0,0,4,0,1.0000
9,136.0000,9,5,386.8759,-84.7539,0.2055,39,0.9512,0.0000,4,4,0,0,0,4,0,1.0000
9,136.0000,9,6,896.7487,-89.2457,-0.0935,14,0.3415,1.0000,8,8,8,0,0,8,8,0.0000
9,136.0000,9,11,668.3489,-88.0207,0.2203,25,0.6098,0.7143,7,5,2,0,0,5,2,0.6000
9,136.0000,9,14,1004.4928,-89.0060,-0.0660,4,0.0976,1.0000,6,8,8,0,0,8,8,0.0000
9,136.0000,10,1,1073.4064,-89.3003,0.1154,6,0.1500,1.0000,6,2,2,0,0,2,2,0.0000
9,136.0000,10,7,294.8210,-80.3566,-0.4037,40,1.0000,0.0000,4,4,0,0,0,4,0,1.0000
9,136.0000,10,11,711.5803,-88.6202,0.0987,18,0.4500,0.8000,5,6,3,0,0,6,3,0.5000
9,136.0000,11,1,613.8744,-87.7581,0.1485,20,0.5000,0.5000,6,6,2,0,0,6,2,0.6667
9,136.0000,11,2,758.1809,-88.7614,0.1691,14,0.3500,0.8571,14,7,5,0,0,7,5,0.2857
9,136.0000,11,5,571.4862,-86.9695,0.3194,30,0.7500,0.2000,5,6,4,0,0,6,4,0.3333
9,136.0000,11,7,615.5357,-87.8272,-0.0268,27,0.6750,0.4000,5,4,0,0,0,4,0,1.0000
9,136.0000,11,9,668.3489,-87.6355,-0.1695,23,0.5750,0.8750,8,7,6,45,43,52,49,0.0577
9,136.0000,11,10,711.5803,-88.0203,-0.4100,17,0.4250,0.8947,38,7,5,8,7,15,12,0.2000
9,136.0000,12,0,586.4956,-85.8981,0.0854,30,0.7692,0.4000,5,7,4,0,0,7,4,0.4286
9,136.0000,12,3,740.6839,-87.3302,-0.1377,20,0.5128,0.7143,7,7,6,0,0,7,6,0.1429
9,136.0000,12,4,144.3540,-76.1952,0.9270,39,1.0000,0.0000,4,4,0,0,0,4,0,1.0000
9,136.0000,12,14,921.5640,-88.7480,-0.4197,4,0.1026,1.0000,4,8,7,0,0,8,7,0.1250
9,136.0000,13,0,922.3422,-89.1974,0.3245,5,0.1282,1.0000,8,6,6,0,0,6,6,0.0000
9,136.0000,13,8,484.4463,-86.4681,-0.1630,32,0.8205,0.0000,4,5,1,0,0,5,1,0.8000
9,136.0000,14,2,952.2051,-88.3105,-0.1258,5,0.1250,1.0000,8,8,8,0,0,8,8,0.0000
9,136.0000,14,3,641.3289,-87.7384,0.7189,23,0.5750,0.1667,6,6,3,0,0,6,3,0.5000
9,136.0000,14,4,801.1923,-88.6270,-0.1424,7,0.1750,1.0000,6,8,7,0,0,8,7,0.1250
9,136.0000,14,5,964.6285,-88.9879,-0.3916,6,0.1500,1.0000,8,8,8,0,0,8,8,0.0000
9,136.0000,14,6,182.2892,-73.7939,-1.4031,40,1.0000,0.0000,4,4,0,0,0,4,0,1.0000
9,136.0000,14,9,1004.4928,-88.3366,0.1971,4,0.1000,1.0000,8,2,2,0,0,2,2,0.0000
9,140.0000,0,4,874.5229,-89.0241,0.0543,10,0.2500,0.7500,8,8,8,0,0,8,8,0.0000
9,140.0000,0,8,1033.1451,-89.0391,-0.1793,5,0.1250,1.0000,4,6,6,0,0,6,6,0.0000
9,140.0000,0,12,740.8609,-87.8394,-0.4525,19,0.4750,0.7143,7,7,6,0,0,7,6,0.1429
9,140.0000,0,13,956.4003,-89.3788,0.5198,5,0.1250,1.0000,8,8,8,0,0,8,8,0.0000
9,140.0000,1,2,789.7451,-89.1275,0.8914,3,0.0750,1.0000,8,8,8,0,0,8,8,0.0000
9,140.0000,1,5,726.3930,-88.7754,0.2390,17,0.4250,1.0000,8,8,8,0,0,8,8,0.0000
9,140.0000,1,7,930.9941,-89.0708,0.3014,6,0.1500,1.0000,8,8,8,0,0,8,8,0.0000
9,140.0000,1,9,653.1542,-87.9309,0.5118,17,0.4250,0.8571,7,5,1,58,52,63,53,0.1587
9,140.0000,1,11,649.7505,-87.2536,0.1952,22,0.5500,0.8824,119,7,5,61,57,68,62,0.0882
9,140.0000,2,1,789.7451,-89.1550,-0.0092,10,0.2500,1.0000,8,6,4,0,0,6,4,0.3333
9,140.0000,2,5,465.8995,-85.2749,-0.0878,34,0.8500,0.0000,4,4,0,0,0,4,0,1.0000
9,140.0000,2,6,821.5119,-88.3519,0.0621,11,0.2750,1.0000,8,8,7,0,0,8,7,0.1250
9,140.0000,2,9,152.9320,-74.1910,-0.4345,40,1.0000,0.1818,77,4,0,67,7,71,7,0.9014
9,140.0000,2,11,814.6718,-88.6318,-0.0173,12,0.3000,0.9922,128,8,8,120,119,128,127,0.0078
9,140.0000,2,14,954.5633,-89.1292,0.1198,10,0.2500,1.0000,8,8,8,0,0,8,8,0.0000
9,140.0000,3,4,710.1721,-88.0582,-0.5265,18,0.4390,1.0000,8,8,7,0,0,8,7,0.1250
9,140.0000,3,6,859.4254,-89.0718,-0.1778,8,0.1951,1.0000,8,8,7,0,0,8,7,0.1250
9,140.0000,3,12,868.0721,-88.9197,-0.2153,9,0.2195,0.8750,8,8,8,0,0,8,8,0.0000
9,140.0000,3,14,672.3545,-87.8551,0.6031,19,0.4634,0.7143,7,8,8,0,0,8,8,0.0000
9,140.0000,4,0,874.5229,-88.1280,-0.4833,15,0.3846,0.8571,7,7,6,0,0,7,6,0.1429
9,140.0000,4,3,710.1721,-87.9902,-0.1209,25,0.6410,0.4000,5,7,5,0,0,7,5,0.2857
9,140.0000,4,12,187.1531,-74.8404,-1.1343,39,1.0000,0.0000,3,4,0,0,0,4,0,1.0000
9,140.0000,4,14,673.8056,-87.8514,0.4905,17,0.4359,1.0000,8,6,3,0,0,6,3,0.5000
9,140.0000,5,1,726.3930,-88.5085,-0.1271,19,0.4750,0.7500,8,5,2,0,0,5,2,0.6000
9,140.0000,5,2,465.8995,-86.1033,-0.0666,36,0.9000,0.2000,5,4,0,0,0,4,0,1.0000
9,140.0000,5,6,866.8765,-88.8236,-0.2463,10,0.2500,0.8571,7,8,8,0,0,8,8,0.0000
9,140.0000,5,9,370.1144,-83.8170,-0.2645,37,0.9250,0.0000,4,5,0,0,0,5,0,1.0000
9,140.0000,5,11,654.1288,-87.1261,-0.4068,25,0.6250,0.4000,5,5,2,0,0,5,2,0.6000
9,140.0000,5,14,931.3350,-89.0360,-0.1152,7,0.1750,1.0000,8,8,8,0,0,8,8,0.0000
9,140.0000,6,2,821.5119,-88.8611,0.1436,12,0.3000,1.0000,8,8,7,0,0,8,7,0.1250
9,140.0000,6,3,859.4254,-88.6134,-0.0648,7,0.1750,1.0000,8,8,8,0,0,8,8,0.0000
9,140.0000,6,4,939.2795,-89.1098,0.1988,5,0.1250,1.0000,8,8,8,0,0,8,8,0.0000
9,140.0000,6,5,866.8765,-88.3227,-0.4299,8,0.2000,1.0000,8,8,8,0,0,8,8,0.0000
9,140.0000,6,9,913.3964,-88.5299,-1.1249,8,0.2000,1.0000,8,8,8,0,0,8,8,0.0000
9,140.0000,6,14,273.9768,-78.5610,-1.1391,40,1.0000,0.0000,4,4,0,0,0,4,0,1.0000
9,140.0000,7,1,930.9941,-88.7315,-0.1746,6,0.1500,0.8750,8,8,8,0,0,8,8,0.0000
9,140.0000,7,10,345.9946,-82.1689,0.0981,38,0.9500,0.0000,4,4,0,0,0,4,0,1.0000
9,140.0000,7,11,499.0742,-86.5486,0.1385,33,0.8250,0.6667,6,4,0,0,0,4,0,1.0000
9,140.0000,8,13,486.6109,-85.9310,-0.8191,36,0.9000,0.5000,6,5,2,0,0,5,2,0.6000
9,140.0000,9,1,653.1542,-88.2809,0.3844,12,0.3077,0.8571,7,4,0,0,0,4,0,1.0000
9,140.0000,9,2,152.9320,-74.7294,0.1225,39,1.0000,0.0000,4,4,0,0,0,4,0,1.0000
9,140.0000,9,5,370.1144,-83.5182,-0.0244,37,0.9487,0.0000,4,3,0,0,0,3,0,1.0000
9,140.0000,9,6,913.3964,-88.6774,0.3081,7,0.1795,1.0000,8,8,8,0,0,8,8,0.0000
9,140.0000,9,11,727.6210,-88.1067,-0.0394,17,0.4359,0.4000,5,7,6,0,0,7,6,0.1429
9,140.0000,10,7,345.9946,-82.4692,-0.4405,38,0.9744,0.0000,4,4,0,0,0,4,0,1.0000
9,140.0000,10,11,663.0254,-87.7597,0.0571,24,0.6154,0.5000,6,6,2,0,0,6,2,0.6667
9,140.0000,11,1,649.7505,-87.1242,-0.0073,28,0.7000,0.3333,6,7,5,0,0,7,5,0.2857
9,140.0000,11,2,814.6718,-89.1167,0.0514,15,0.3750,0.7143,7,8,7,0,0,8,7,0.1250
9,140.0000,11,5,654.1288,-86.6831,-0.7411,25,0.6250,0.6667,6,8,6,0,0,8,6,0.2500
9,140.0000,11,7,499.0742,-86.3975,0.3230,34,0.8500,0.0000,4,4,0,0,0,4,0,1.0000
9,140.0000,11,9,727.6210,-87.9922,0.0307,19,0.4750,0.9423,52,7,6,18,18,25,24,0.0400
9,140.0000,11,10,663.0254,-87.5717,-0.0994,22,0.5500,0.8000,15,5,2,15,13,20,15,0.2500
9,140.0000,12,0,740.8609,-87.4496,-0.3684,25,0.6250,0.5714,7,8,6,0,0,8,6,0.2500
9,140.0000,12,3,868.0721,-88.0244,0.1040,11,0.2750,0.8571,7,8,8,0,0,8,8,0.0000
9,140.0000,12,4,187.1531,-75.2802,-0.3165,39,0.9750,0.0000,4,4,0,0,0,4,0,1.0000
9,140.0000,12,14,846.7519,-89.5392,0.0649,10,0.2500,0.8750,8,8,8,0,0,8,8,0.0000
9,140.0000,13,0,956.4003,-88.8340,-0.5589,3,0.0732,1.0000,6,8,8,0,0,8,8,0.0000
9,140.0000,13,8,486.6109,-85.8373,-0.2757,39,0.9512,0.2000,5,5,3,0,0,5,3,0.4000
9,140.0000,14,2,954.5633,-89.4401,-0.1337,4,0.1000,1.0000,8,8,8,0,0,8,8,0.0000
9,140.0000,14,3,672.3545,-87.7762,0.2175,22,0.5500,0.5000,6,6,3,0,0,6,3,0.5000
9,140.0000,14,4,673.8056,-87.5424,-0.1496,15,0.3750,0.8750,8,8,4,0,0,8,4,0.5000
9,140.0000,14,5,931.3350,-89.3839,-0.0625,6,0.1500,1.0000,8,8,8,0,0,8,8,0.0000
9,140.0000,14,6,273.9768,-79.2399,-0.9043,40,1.0000,0.0000,4,4,0,0,0,4,0,1.0000
9,140.0000,14,9,1026.9989,-89.5119,-0.4203,3,0.0750,1.0000,2,8,8,0,0,8,8,0.0000
9,140.0000,14,12,846.7519,-88.4816,-0.6385,4,0.1000,1.0000,8,8,7,0,0,8,7,0.1250
9,144.0000,0,4,1012.8920,-89.5315,-2.2195,3,0.0750,1.0000,8,6,6,0,0,6,6,0.0000
9,144.0000,0,8,1095.1250,-89.6754,-0.2349,3,0.0750,1.0000,6,6,6,0,0,6,6,0.0000
9,144.0000,0,12,921.2948,-88.6110,0.0116,11,0.2750,0.8571,7,8,8,0,0,8,8,0.0000
9,144.0000,0,13,1025.2234,-88.4244,0.6930,4,0.1000,1.0000,8,4,4,0,0,4,4,0.0000
9,144.0000,1,2,658.6617,-88.3024,0.3973,15,0.3750,1.0000,8,6,3,0,0,6,3,0.5000
9,144.0000,1,5,617.3957,-88.2970,-0.0808,27,0.6750,1.0000,8,6,3,0,0,6,3,0.5000
9,144.0000,1,9,498.8698,-86.9004,0.5948,24,0.6000,0.8413,63,4,0,119,87,123,87,0.2927
9,144.0000,1,11,737.2377,-88.1196,-0.1839,21,0.5250,0.9118,68,6,6,0,0,6,6,0.0000
9,144.0000,2,1,658.6617,-87.6870,-0.0231,18,0.4500,0.6667,6,5,2,0,0,5,2,0.6000
9,144.0000,2,5,453.3668,-85.4730,-0.2158,35,0.8750,0.0000,4,6,2,0,0,6,2,0.6667
9,144.0000,2,6,813.5658,-87.7200,-0.5834,13,0.3250,0.8750,8,8,7,0,0,8,7,0.1250
9,144.0000,2,9,169.1684,-75.3473,-0.2957,39,0.9750,0.0986,71,4,0,65,5,69,5,0.9275
9,144.0000,2,11,896.4558,-88.4804,-0.2527,11,0.2750,0.9922,128,8,8,120,117,128,125,0.0234
9,144.0000,2,14,962.9011,-89.2841,0.4944,3,0.0750,1.0000,8,7,6,0,0,7,6,0.1429
9,144.0000,3,4,694.1335,-88.1411,-0.6029,18,0.4615,0.8750,8,6,4,0,0,6,4,0.3333
9,144.0000,3,6,913.4039,-88.8329,0.1336,16,0.4103,0.8750,8,8,8,0,0,8,8,0.0000
9,144.0000,3,12,987.2032,-89.0645,0.1337,11,0.2821,1.0000,8,4,4,0,0,4,4,0.0000
9,144.0000,3,14,732.1789,-87.8538,0.6866,20,0.5128,1.0000,8,8,8,0,0,8,8,0.0000
9,144.0000,4,0,1012.8920,-88.5584,0.5753,7,0.1750,0.8571,7,4,4,0,0,4,4,0.0000
9,144.0000,4,3,694.1335,-88.5464,-0.1746,19,0.4750,0.7143,7,8,7,0,0,8,7,0.1250
9,144.0000,4,6,945.2274,-89.1495,-0.0002,5,0.1250,1.0000,8,6,5,0,0,6,5,0.1667
9,144.0000,4,12,302.0113,-79.6657,-1.2068,40,1.0000,0.0000,4,5,1,0,0,5,1,0.8000
9,144.0000,4,14,588.6425,-87.8436,0.3910,23,0.5750,0.5000,6,5,1,0,0,5,1,0.8000
9,144.0000,5,1,617.3957,-87.7068,0.1811,22,0.5641,0.4000,5,7,5,0,0,7,5,0.2857
9,144.0000,5,2,453.3668,-84.8494,0.0042,32,0.8205,0.0000,4,5,1,0,0,5,1,0.8000
9,144.0000,5,6,852.4879,-88.8120,0.0386,7,0.1795,1.0000,8,8,8,0,0,8,8,0.0000
9,144.0000,5,9,370.3618,-83.4060,-0.0286,35,0.8974,0.0000,5,4,0,0,0,4,0,1.0000
9,144.0000,5,11,738.5836,-88.5549,0.0952,18,0.4615,0.4000,5,8,6,0,0,8,6,0.2500
9,144.0000,5,14,915.9474,-88.4094,0.0209,8,0.2051,1.0000,8,8,8,0,0,8,8,0.0000
9,144.0000,6,2,813.5658,-88.2748,0.0070,11,0.2750,0.8750,8,8,7,0,0,8,7,0.1250
9,144.0000,6,3,913.4039,-89.0819,-0.5140,9,0.2250,1.0000,8,8,8,0,0,8,8,0.0000
9,144.0000,6,4,945.2274,-88.9168,-0.1249,6,0.1500,1.0000,8,8,8,0,0,8,8,0.0000
9,144.0000,6,5,852.4879,-88.1740,-0.8729,6,0.1500,1.0000,8,8,8,0,0,8,8,0.0000
9,144.0000,6,9,930.7076,-88.6806,-0.2310,5,0.1250,1.0000,8,7,6,0,0,7,6,0.1429
9,144.0000,6,14,362.1792,-82.2599,-0.6743,37,0.9250,0.0000,4,4,0,0,0,4,0,1.0000
9,144.0000,7,1,969.2438,-89.0521,-0.0719,8,0.2051,1.0000,8,7,6,0,0,7,6,0.1429
9,144.0000,7,10,436.5313,-83.8792,-0.7336,37,0.9487,0.0000,4,6,3,0,0,6,3,0.5000
9,144.0000,7,11,365.5709,-84.8533,0.0675,32,0.8205,0.0000,4,5,1,0,0,5,1,0.8000
9,144.0000,8,13,520.7906,-86.0471,-0.4440,36,0.9000,0.4000,5,5,1,0,0,5,1,0.8000
9,144.0000,9,1,498.8698,-87.0938,0.4979,33,0.8049,0.0000,4,4,0,0,0,4,0,1.0000
9,144.0000,9,2,169.1684,-75.8982,0.0295,41,1.0000,0.0000,4,4,0,0,0,4,0,1.0000
9,144.0000,9,5,370.3618,-83.4572,-0.7458,37,0.9024,0.0000,3,4,0,0,0,4,0,1.0000
9,144.0000,9,6,930.7076,-89.0788,-0.1901,8,0.1951,1.0000,8,6,6,0,0,6,6,0.0000
9,144.0000,9,11,818.0788,-88.3375,-0.8970,13,0.3171,0.8571,7,8,8,0,0,8,8,0.0000
9,144.0000,10,7,436.5313,-83.7664,-0.4296,39,0.9750,0.0000,4,4,0,0,0,4,0,1.0000
9,144.0000,10,11,649.4596,-88.1415,-0.0340,25,0.6250,0.3333,6,6,4,0,0,6,4,0.3333
9,144.0000,10,13,922.6221,-88.2742,0.4524,4,0.1000,1.0000,4,8,8,0,0,8,8,0.0000
9,144.0000,11,1,737.2377,-88.3632,-0.1841,21,0.5250,0.7143,7,7,6,0,0,7,6,0.1429
9,144.0000,11,2,896.4558,-89.0385,-0.3994,12,0.3000,0.8750,8,8,8,0,0,8,8,0.0000
9,144.0000,11,5,738.5836,-88.1794,-0.0746,21,0.5250,0.7500,8,7,5,0,0,7,5,0.2857
9,144.0000,11,7,365.5709,-85.2390,0.4133,37,0.9250,0.0000,4,4,0,0,0,4,0,1.0000
9,144.0000,11,9,818.0788,-87.9313,0.2226,13,0.3250,0.9600,25,8,8,0,0,8,8,0.0000
9,144.0000,11,10,649.4596,-87.5216,-0.2446,28,0.7000,0.7500,20,7,5,20,19,27,24,0.1111
9,144.0000,12,0,921.2948,-88.8650,0.4653,9,0.2250,0.7500,8,6,6,0,0,6,6,0.0000
9,144.0000,12,3,987.2032,-89.4169,-0.4114,7,0.1750,1.0000,8,6,6,0,0,6,6,0.0000
9,144.0000,12,4,302.0113,-79.2020,-1.4859,40,1.0000,0.0000,4,4,0,0,0,4,0,1.0000
9,144.0000,12,10,943.1596,-88.9653,0.0361,4,0.1000,,0,8,8,0,0,8,8,0.0000
9,144.0000,12,11,984.5598,-89.3096,0.0822,3,0.0750,,0,8,8,0,0,8,8,0.0000
9,144.0000,12,14,767.6998,-88.5962,-0.3650,13,0.3250,1.0000,8,5,2,0,0,5,2,0.6000
9,144.0000,13,0,1025.2234,-89.3886,0.0481,6,0.1500,1.0000,8,6,6,0,0,6,6,0.0000
9,144.0000,13,8,520.7906,-85.4877,-0.1593,35,0.8750,0.6000,5,7,3,0,0,7,3,0.5714
9,144.0000,14,2,962.9011,-89.3609,0.2058,6,0.1500,1.0000,8,8,8,0,0,8,8,0.0000
9,144.0000,14,3,732.1789,-87.7353,0.2140,26,0.6500,0.5000,6,8,8,0,0,8,8,0.0000
9,144.0000,14,4,588.6425,-87.2483,0.1042,18,0.4500,0.5000,8,5,1,0,0,5,1,0.8000
9,144.0000,14,5,915.9474,-88.5035,0.1758,8,0.2000,1.0000,8,8,8,0,0,8,8,0.0000
9,144.0000,14,6,362.1792,-82.4808,-0.4689,38,0.9500,0.0000,4,4,0,0,0,4,0,1.0000
9,144.0000,14,12,767.6998,-88.7995,0.2442,9,0.2250,0.8750,8,8,7,0,0,8,7,0.1250
9,148.0000,1,2,520.3896,-87.6047,0.4114,29,0.7436,0.5000,6,5,1,0,0,5,1,0.8000
9,148.0000,1,5,493.0302,-86.8518,0.3597,33,0.8462,0.5000,6,5,1,0,0,5,1,0.8000
9,148.0000,1,7,1010.0478,-88.8027,-0.4391,4,0.1026,1.0000,8,6,6,0,0,6,6,0.0000
9,148.0000,1,9,346.8569,-84.6139,0.5515,34,0.8718,0.7073,123,4,0,119,69,123,69,0.4390
9,148.0000,1,11,838.9685,-88.6183,0.0038,12,0.3077,1.0000,6,6,4,41,40,47,44,0.0638
9,148.0000,2,1,520.3896,-86.7536,0.3859,31,0.7750,0.4000,5,5,1,54,36,59,37,0.3729
9,148.0000,2,5,425.6923,-85.2746,0.1067,37,0.9250,0.3333,6,6,2,0,0,6,2,0.6667
9,148.0000,2,6,796.8213,-88.4243,0.2172,9,0.2250,0.8750,8,8,8,0,0,8,8,0.0000
9,148.0000,2,9,178.4065,-76.4488,0.2137,40,1.0000,0.0725,69,4,0,67,10,71,10,0.8592
9,148.0000,2,11,925.7742,-89.1962,-0.0832,9,0.2250,0.9766,128,8,8,63,62,71,70,0.0141
9,148.0000,2,14,944.6370,-88.8927,0.7103,5,0.1250,0.8571,7,8,7,0,0,8,7,0.1250
9,148.0000,3,4,690.8578,-87.7594,-0.4998,17,0.4250,0.6667,6,7,6,0,0,7,6,0.1429
9,148.0000,3,6,995.9464,-88.8508,-0.2698,7,0.1750,1.0000,8,4,4,0,0,4,4,0.0000
9,148.0000,3,14,842.9957,-87.5063,-0.2284,10,0.2500,1.0000,8,8,8,0,0,8,8,0.0000
9,148.0000,4,3,690.8578,-87.9680,0.0010,23,0.5610,0.8750,8,6,4,0,0,6,4,0.3333
9,148.0000,4,6,947.4011,-88.4420,-0.3968,6,0.1463,0.8333,6,8,8,0,0,8,8,0.0000
9,148.0000,4,12,445.1025,-83.2762,-0.5568,41,1.0000,0.2000,5,8,6,0,0,8,6,0.2500
9,148.0000,4,14,532.5068,-86.6408,0.3711,33,0.8049,0.2000,5,6,3,0,0,6,3,0.5000
9,148.0000,5,1,493.0302,-86.6932,0.7051,30,0.7500,0.7143,7,4,0,0,0,4,0,1.0000
9,148.0000,5,2,425.6923,-84.9625,-0.7368,36,0.9000,0.2000,5,5,1,0,0,5,1,0.8000
9,148.0000,5,6,860.4010,-89.0954,0.0592,8,0.2000,1.0000,8,7,5,0,0,7,5,0.2857
9,148.0000,5,9,349.9281,-83.8861,-0.4275,40,1.0000,0.0000,4,4,0,0,0,4,0,1.0000
9,148.0000,5,11,807.0710,-88.4894,-0.2154,14,0.3500,0.7500,8,7,6,0,0,7,6,0.1429
9,148.0000,5,14,924.9428,-88.7819,0.2902,5,0.1250,1.0000,8,8,8,0,0,8,8,0.0000
9,148.0000,6,2,796.8213,-87.9233,-0.2454,8,0.2000,0.8750,8,7,6,0,0,7,6,0.1429
9,148.0000,6,3,995.9464,-89.1568,-0.2244,5,0.1250,1.0000,8,2,2,0,0,2,2,0.0000
9,148.0000,6,4,947.4011,-88.4024,1.3185,3,0.0750,1.0000,8,8,8,0,0,8,8,0.0000
9,148.0000,6,5,860.4010,-88.4533,-0.6958,9,0.2250,1.0000,8,7,6,0,0,7,6,0.1429
9,148.0000,6,9,935.1534,-88.6108,0.1631,5,0.1250,0.8571,7,8,8,0,0,8,8,0.0000
9,148.0000,6,14,447.1763,-84.5427,0.0485,38,0.9500,0.0000,4,6,3,0,0,6,3,0.5000
9,148.0000,7,1,1010.0478,-89.4048,0.6931,4,0.1000,0.8571,7,4,4,0,0,4,4,0.0000
9,148.0000,7,10,516.5317,-85.6531,-0.1271,35,0.8750,0.5000,6,6,3,0,0,6,3,0.5000
9,148.0000,7,11,254.7026,-82.1225,1.0917,38,0.9500,0.2000,5,4,0,0,0,4,0,1.0000
9,148.0000,7,12,941.5096,-89.2428,0.4220,5,0.1250,1.0000,6,8,8,0,0,8,8,0.0000
9,148.0000,8,13,535.3035,-86.4636,0.3040,32,0.8000,0.2000,5,5,1,0,0,5,1,0.8000
9,148.0000,9,1,346.8569,-84.6652,1.1588,35,0.8750,0.0000,4,4,0,0,0,4,0,1.0000
9,148.0000,9,2,178.4065,-76.4871,0.1612,40,1.0000,0.0000,4,4,0,0,0,4,0,1.0000
9,148.0000,9,5,349.9281,-83.5195,-0.1051,39,0.9750,0.0000,4,4,0,0,0,4,0,1.0000
9,148.0000,9,6,935.1534,-89.0790,0.1268,10,0.2500,1.0000,6,8,8,0,0,8,8,0.0000
9,148.0000,9,11,872.7189,-88.5343,0.0368,10,0.2500,1.0000,8,7,6,0,0,7,6,0.1429
9,148.0000,9,14,1050.7928,-89.2384,0.3154,3,0.0750,1.0000,6,6,6,0,0,6,6,0.0000
9,148.0000,10,7,516.5317,-85.8840,-0.6731,35,0.8750,0.0000,4,7,6,0,0,7,6,0.1429
9,148.0000,10,11,645.1135,-88.1803,0.5268,27,0.6750,0.6667,6,8,6,0,0,8,6,0.2500
9,148.0000,10,12,814.3921,-89.1084,-0.0111,9,0.2250,1.0000,8,7,3,51,49,58,52,0.1034
9,148.0000,10,13,770.5994,-88.4411,0.2609,10,0.2500,1.0000,8,9,8,46,34,55,42,0.2364
9,148.0000,11,1,838.9685,-88.4079,0.2667,14,0.3500,0.8571,7,8,8,0,0,8,8,0.0000
9,148.0000,11,2,925.7742,-88.9216,-0.3417,8,0.2000,1.0000,8,8,8,0,0,8,8,0.0000
9,148.0000,11,5,807.0710,-88.3553,-0.0392,17,0.4250,0.7143,7,8,8,0,0,8,8,0.0000
9,148.0000,11,7,254.7026,-81.9956,0.8821,39,0.9750,0.0000,4,4,0,0,0,4,0,1.0000
9,148.0000,11,9,872.7189,-89.0527,-0.0720,9,0.2250,1.0000,8,8,8,0,0,8,8,0.0000
9,148.0000,11,10,645.1135,-87.7492,0.3729,24,0.6000,0.8889,27,8,5,15,10,23,15,0.3478
9,148.0000,11,12,842.2643,-88.4999,0.2360,6,0.1500,0.8750,8,8,7,0,0,8,7,0.1250
9,148.0000,12,0,1107.9606,-89.8233,0.0154,3,0.0750,1.0000,6,4,4,0,0,4,4,0.0000
9,148.0000,12,4,445.1025,-83.4609,-0.9547,36,0.9000,0.0000,4,4,0,0,0,4,0,1.0000
9,148.0000,12,7,941.5096,-89.3911,-0.0005,5,0.1250,1.0000,4,8,8,0,0,8,8,0.0000
9,148.0000,12,10,814.3921,-88.8741,0.4509,10,0.2500,1.0000,8,5,3,0,0,5,3,0.4000
9,148.0000,12,11,842.2643,-88.1506,-1.2225,7,0.1750,1.0000,8,8,5,0,0,8,5,0.3750
9,148.0000,12,14,686.1451,-87.5766,-0.5967,14,0.3500,0.4000,5,4,1,10,9,14,10,0.2857
9,148.0000,13,8,535.3035,-87.2744,0.0374,31,0.7750,0.4286,7,6,2,37,28,43,30,0.3023
9,148.0000,13,10,770.5994,-88.8859,0.5161,12,0.3000,0.8750,8,8,7,0,0,8,7,0.1250
9,148.0000,14,2,944.6370,-89.1557,0.0696,7,0.1750,1.0000,8,6,5,0,0,6,5,0.1667
9,148.0000,14,3,842.9957,-87.8828,-0.7304,13,0.3250,1.0000,8,8,8,0,0,8,8,0.0000
9,148.0000,14,4,532.5068,-86.9795,0.4872,30,0.7500,0.2000,5,5,2,0,0,5,2,0.6000
9,148.0000,14,5,924.9428,-89.2791,0.1547,7,0.1750,1.0000,8,2,2,0,0,2,2,0.0000
9,148.0000,14,6,447.1763,-84.1682,-0.3995,36,0.9000,0.0000,4,4,0,0,0,4,0,1.0000
9,148.0000,14,11,1029.0528,-89.3508,0.1196,3,0.0750,1.0000,4,4,4,0,0,4,4,0.0000
9,148.0000,14,12,686.1451,-88.6543,-0.1576,14,0.3500,0.8750,8,7,5,0,0,7,5,0.2857
9,152.0000,1,2,391.7963,-85.4359,0.0070,37,0.9250,0.2000,5,4,0,0,0,4,0,1.0000
9,152.0000,1,5,348.3306,-83.8987,0.7486,36,0.9000,0.2000,5,4,0,0,0,4,0,1.0000
9,152.0000,1,9,200.1609,-80.3997,1.2815,40,1.0000,0.5610,123,4,0,88,31,92,31,0.6630
9,152.0000,1,11,833.1588,-88.3867,-0.3021,7,0.1750,0.9362,47,8,8,62,59,70,67,0.0429
9,152.0000,2,1,391.7963,-85.5700,0.6478,34,0.8500,0.6271,59,4,0,115,62,119,62,0.4790
9,152.0000,2,5,395.2746,-84.0582,0.1936,36,0.9000,0.3333,6,5,1,0,0,5,1,0.8000
9,152.0000,2,6,775.9071,-88.7953,-0.0033,11,0.2750,1.0000,8,8,7,0,0,8,7,0.1250
9,152.0000,2,9,195.7471,-77.5261,-0.3871,39,0.9750,0.1408,71,4,0,62,3,66,3,0.9545
9,152.0000,2,11,939.0157,-89.1553,0.0101,3,0.0750,0.9859,71,8,8,0,0,8,8,0.0000
9,152.0000,3,4,676.1054,-88.1310,0.1689,20,0.5000,0.8571,7,7,6,0,0,7,6,0.1429
9,152.0000,3,14,958.8433,-88.7044,-0.2072,6,0.1500,1.0000,8,8,8,0,0,8,8,0.0000
9,152.0000,4,3,676.1054,-87.2972,0.2978,23,0.5750,0.6667,6,9,6,0,0,9,6,0.3333
9,152.0000,4,12,594.7931,-85.9448,-0.6258,31,0.7750,0.7500,8,6,4,0,0,6,4,0.3333
9,152.0000,4,14,535.6142,-86.6321,0.1746,33,0.8250,0.5000,6,5,1,0,0,5,1,0.8000
9,152.0000,5,1,348.3306,-84.5862,1.0283,36,0.9000,0.0000,4,5,1,0,0,5,1,0.8000
9,152.0000,5,2,395.2746,-84.2809,0.1454,38,0.9500,0.2000,5,4,0,0,0,4,0,1.0000
9,152.0000,5,6,869.3149,-88.4696,-0.2389,7,0.1750,0.7143,7,8,8,0,0,8,8,0.0000
9,152.0000,5,7,1026.3659,-89.3835,0.1820,3,0.0750,1.0000,8,4,4,0,0,4,4,0.0000
9,152.0000,5,9,321.5581,-82.2319,0.4532,38,0.9500,0.0000,4,3,0,0,0,3,0,1.0000
9,152.0000,5,11,894.5900,-88.8387,-0.5548,12,0.3000,0.8571,7,8,8,0,0,8,8,0.0000
9,152.0000,6,2,775.9071,-89.0455,-0.0744,18,0.4500,0.8571,7,6,4,0,0,6,4,0.3333
9,152.0000,6,4,975.8606,-89.2647,0.8566,5,0.1250,1.0000,8,8,8,0,0,8,8,0.0000
9,152.0000,6,5,869.3149,-89.1485,0.3421,10,0.2500,0.8571,7,8,8,0,0,8,8,0.0000
9,152.0000,6,9,940.7257,-89.0915,-0.5584,8,0.2000,1.0000,8,8,8,0,0,8,8,0.0000
9,152.0000,6,14,539.6615,-85.9466,-0.7217,35,0.8750,0.5000,6,5,2,0,0,5,2,0.6000
9,152.0000,7,1,941.4099,-89.0242,0.0304,6,0.1500,1.0000,4,8,8,0,0,8,8,0.0000
9,152.0000,7,5,1026.3659,-88.1562,-0.1599,3,0.0750,1.0000,8,4,4,0,0,4,4,0.0000
9,152.0000,7,10,586.3976,-87.3641,-0.0391,32,0.8000,0.5000,6,7,5,4,2,11,7,0.3636
9,152.0000,7,11,156.5180,-76.9247,1.1993,38,0.9500,0.0000,4,4,0,0,0,4,0,1.0000
9,152.0000,7,12,775.7191,-88.6800,0.3245,10,0.2500,1.0000,8,7,5,0,0,7,5,0.2857
9,152.0000,8,13,518.8349,-86.5940,0.1140,32,0.8000,0.2000,5,4,0,0,0,4,0,1.0000
9,152.0000,9,1,200.1609,-80.6277,1.2615,40,1.0000,0.0000,4,4,0,0,0,4,0,1.0000
9,152.0000,9,2,195.7471,-77.2609,-0.5523,40,1.0000,0.0000,4,4,0,0,0,4,0,1.0000
9,152.0000,9,5,321.5581,-82.6581,0.0040,38,0.9500,0.0000,4,4,0,0,0,4,0,1.0000
9,152.0000,9,6,940.7257,-88.0545,0.4486,4,0.1000,1.0000,8,8,8,0,0,8,8,0.0000
9,152.0000,9,11,893.7174,-88.5483,-0.1249,7,0.1750,0.8571,7,8,8,0,0,8,8,0.0000
9,152.0000,10,7,586.3976,-85.9731,-0.0009,28,0.6829,0.8571,7,6,3,0,0,6,3,0.5000
9,152.0000,10,11,644.3148,-87.7132,0.2595,21,0.5122,0.7500,8,8,7,0,0,8,7,0.1250
9,152.0000,10,12,723.8154,-88.1300,0.2407,13,0.3171,0.8966,58,7,5,116,108,123,113,0.0813
9,152.0000,10,13,665.2331,-87.8886,0.2659,19,0.4634,0.7636,55,8,6,97,64,105,70,0.3333
9,152.0000,11,1,833.1588,-88.8798,0.1686,10,0.2500,1.0000,8,8,8,0,0,8,8,0.0000
9,152.0000,11,2,939.0157,-88.7656,-0.2675,6,0.1500,1.0000,8,8,8,0,0,8,8,0.0000
9,152.0000,11,5,894.5900,-88.5516,-0.5836,12,0.3000,1.0000,8,8,8,0,0,8,8,0.0000
9,152.0000,11,7,156.5180,-77.6806,1.0265,40,1.0000,0.0000,4,4,0,3,0,7,0,1.0000
9,152.0000,11,9,893.7174,-88.7923,0.7404,10,0.2500,1.0000,8,8,8,0,0,8,8,0.0000
9,152.0000,11,10,644.3148,-87.7605,-0.2835,23,0.5750,0.6522,23,7,5,2,2,9,7,0.2222
9,152.0000,11,12,744.5438,-88.5317,0.6729,10,0.2500,0.8750,8,7,5,0,0,7,5,0.2857
9,152.0000,11,14,994.0218,-88.8292,-0.5737,5,0.1250,1.0000,8,8,8,0,0,8,8,0.0000
9,152.0000,12,4,594.7931,-86.1980,-0.7247,31,0.7750,0.0000,4,7,6,0,0,7,6,0.1429
9,152.0000,12,7,775.7191,-89.0040,-0.0904,4,0.1000,1.0000,8,6,5,0,0,6,5,0.1667
9,152.0000,12,10,723.8154,-88.6771,0.0020,18,0.4500,0.6000,5,6,4,0,0,6,4,0.3333
9,152.0000,12,11,744.5438,-88.4507,-0.1872,14,0.3500,0.6250,8,8,7,0,0,8,7,0.1250
9,152.0000,12,14,600.4907,-87.4360,-0.1420,22,0.5500,0.7143,14,6,3,41,28,47,31,0.3404
9,152.0000,13,8,518.8349,-86.2147,0.6949,35,0.8750,0.6977,43,5,1,78,48,83,49,0.4096
9,152.0000,13,10,665.2331,-88.4148,-0.4645,20,0.5000,0.8750,8,5,1,0,0,5,1,0.8000
9,152.0000,14,2,902.4446,-88.9247,0.4713,3,0.0750,0.8333,6,8,8,0,0,8,8,0.0000
9,152.0000,14,3,958.8433,-88.4995,0.3353,7,0.1750,1.0000,8,8,8,0,0,8,8,0.0000
9,152.0000,14,4,535.6142,-86.7503,0.5119,33,0.8250,0.4000,5,5,2,0,0,5,2,0.6000
9,152.0000,14,5,939.9920,-87.9978,0.2344,3,0.0750,1.0000,2,6,4,0,0,6,4,0.3333
9,152.0000,14,6,539.6615,-85.9910,-0.5066,28,0.7000,0.0000,4,5,2,0,0,5,2,0.6000
9,152.0000,14,9,1030.1133,-89.7170,-0.0791,4,0.1000,1.0000,8,2,2,0,0,2,2,0.0000
9,152.0000,14,11,994.0218,-89.5991,0.1050,5,0.1250,1.0000,4,8,8,0,0,8,8,0.0000
9,152.0000,14,12,600.4907,-87.9299,0.3132,25,0.6250,0.7143,7,6,2,0,0,6,2,0.6667
9,156.0000,1,2,281.3362,-82.5685,0.8181,37,0.9250,0.0000,4,4,0,0,0,4,0,1.0000
9,156.0000,1,5,249.7332,-81.9974,1.5321,38,0.9500,0.0000,4,4,0,0,0,4,0,1.0000
9,156.0000,1,6,978.8605,-89.8392,0.1090,3,0.0750,1.0000,8,8,6,0,0,8,6,0.2500
9,156.0000,1,7,886.2948,-88.5931,-0.0130,9,0.2250,1.0000,8,8,8,2,2,10,10,0.0000
9,156.0000,1,9,118.0256,-75.1794,1.9175,40,1.0000,0.3370,92,4,0,77,18,81,18,0.7778
9,156.0000,1,11,846.4606,-88.9256,0.2926,8,0.2000,0.9571,70,8,8,0,0,8,8,0.0000
9,156.0000,2,1,281.3362,-83.1425,1.1873,40,1.0000,0.5210,119,4,0,6,3,10,3,0.7000
9,156.0000,2,5,388.5040,-84.0717,0.7661,36,0.9000,0.2000,5,5,1,0,0,5,1,0.8000
9,156.0000,2,6,768.7894,-88.7195,-0.2255,15,0.3750,0.8750,8,6,4,0,0,6,4,0.3333
9,156.0000,2,7,931.7988,-88.7785,0.0518,5,0.1250,1.0000,6,8,8,0,0,8,8,0.0000
9,156.0000,2,9,231.1222,-78.2988,0.2885,40,1.0000,0.0455,66,5,1,171,54,176,55,0.6875
9,156.0000,2,11,938.1111,-89.3660,-0.0860,6,0.1500,1.0000,8,8,8,0,0,8,8,0.0000
9,156.0000,2,14,818.7482,-88.9820,-0.0389,11,0.2750,1.0000,8,7,6,0,0,7,6,0.1429
9,156.0000,3,4,667.1483,-87.7022,0.0199,20,0.5000,0.8571,7,7,5,0,0,7,5,0.2857
9,156.0000,3,14,1100.9765,-89.5512,-0.0589,3,0.0750,1.0000,8,8,8,0,0,8,8,0.0000
9,156.0000,4,3,667.1483,-87.7581,0.0867,21,0.5250,0.6667,9,6,4,0,0,6,4,0.3333
9,156.0000,4,6,1034.8692,-89.3924,-0.0944,3,0.0750,,0,6,6,0,0,6,6,0.0000
9,156.0000,4,12,743.4080,-87.6333,0.0026,19,0.4750,0.6667,6,8,8,0,0,8,8,0.0000
9,156.0000,4,14,629.7441,-86.8088,-0.4019,24,0.6000,0.2000,5,7,6,0,0,7,6,0.1429
9,156.0000,5,1,249.7332,-81.1350,0.7442,38,0.9500,0.2000,5,4,0,0,0,4,0,1.0000
9,156.0000,5,2,388.5040,-83.8787,-0.0177,37,0.9250,0.0000,4,4,0,0,0,4,0,1.0000
9,156.0000,5,6,886.4223,-88.8695,-0.3585,11,0.2750,1.0000,8,8,7,0,0,8,7,0.1250
9,156.0000,5,9,313.7881,-82.7058,-0.3350,39,0.9750,0.0000,3,5,0,0,0,5,0,1.0000
9,156.0000,5,11,983.4150,-88.5908,0.0599,6,0.1500,1.0000,8,8,8,0,0,8,8,0.0000
9,156.0000,5,14,938.9950,-89.3404,0.0325,4,0.1000,1.0000,8,8,8,0,0,8,8,0.0000
9,156.0000,6,2,768.7894,-88.0701,-0.2735,13,0.3250,0.6667,6,8,7,0,0,8,7,0.1250
9,156.0000,6,5,886.4223,-89.1415,0.1325,4,0.1000,1.0000,8,8,8,0,0,8,8,0.0000
9,156.0000,6,9,970.5268,-89.1760,-0.0072,5,0.1250,1.0000,8,6,6,0,0,6,6,0.0000
9,156.0000,6,14,605.6822,-86.7968,-0.0356,34,0.8500,0.4000,5,6,4,0,0,6,4,0.3333
9,156.0000,7,1,886.2948,-88.8128,0.2128,11,0.2683,1.0000,8,8,8,0,0,8,8,0.0000
9,156.0000,7,2,931.7988,-89.2515,0.0462,7,0.1707,1.0000,6,7,6,0,0,7,6,0.1429
9,156.0000,7,5,1033.1409,-89.2762,0.5373,4,0.0976,1.0000,4,6,6,0,0,6,6,0.0000
9,156.0000,7,9,947.3181,-89.2382,0.1383,3,0.0732,1.0000,8,8,8,0,0,8,8,0.0000
9,156.0000,7,10,675.7063,-87.4111,0.0781,25,0.6098,0.6364,11,5,2,0,0,5,2,0.6000
9,156.0000,7,11,156.3498,-74.4885,-0.3281,40,0.9756,0.0000,4,4,0,0,0,4,0,1.0000
9,156.0000,7,12,624.8522,-87.4869,0.1089,21,0.5122,0.7143,7,6,2,0,0,6,2,0.6667
9,156.0000,7,14,900.1217,-89.1829,-0.2876,6,0.1463,0.8750,8,8,8,0,0,8,8,0.0000
9,156.0000,8,10,837.5162,-88.5301,0.1844,9,0.2250,0.8571,7,8,8,0,0,8,8,0.0000
9,156.0000,8,13,507.4764,-86.1368,-0.0509,35,0.8750,0.0000,4,4,0,0,0,4,0,1.0000
9,156.0000,9,1,118.0256,-74.6848,1.2185,40,1.0000,0.0000,4,4,0,0,0,4,0,1.0000
9,156.0000,9,2,231.1222,-79.0378,-0.5837,40,1.0000,0.0000,4,4,0,0,0,4,0,1.0000
9,156.0000,9,5,313.7881,-82.9365,-0.0624,38,0.9500,0.0000,4,4,0,0,0,4,0,1.0000
9,156.0000,9,6,970.5268,-88.6919,-0.3244,5,0.1250,1.0000,8,6,6,0,0,6,6,0.0000
9,156.0000,9,7,947.3181,-89.3114,-0.3070,4,0.1000,1.0000,8,8,8,0,0,8,8,0.0000
9,156.0000,9,11,920.5634,-88.0741,-0.1957,7,0.1750,1.0000,8,8,8,0,0,8,8,0.0000
9,156.0000,10,7,675.7063,-87.7171,0.0918,26,0.6500,0.5000,6,7,5,0,0,7,5,0.2857
9,156.0000,10,8,837.5162,-88.6204,0.1249,11,0.2750,1.0000,8,6,4,0,0,6,4,0.3333
9,156.0000,10,11,692.2020,-88.0529,-0.6166,22,0.5500,0.8750,8,7,5,115,109,122,114,0.0656
9,156.0000,10,12,731.2361,-87.8167,0.4970,17,0.4250,0.9187,123,7,6,4,3,11,9,0.1818
9,156.0000,10,13,578.9526,-87.3797,0.5832,28,0.7000,0.6667,105,7,6,91,55,98,61,0.3776
9,156.0000,11,1,846.4606,-88.9763,-0.0723,13,0.3250,1.0000,8,8,8,0,0,8,8,0.0000
9,156.0000,11,2,938.1111,-88.8074,0.2183,3,0.0750,1.0000,8,8,8,0,0,8,8,0.0000
9,156.0000,11,5,983.4150,-89.3116,0.2218,5,0.1250,1.0000,8,6,6,0,0,6,6,0.0000
9,156.0000,11,7,156.3498,-74.8190,-0.3733,40,1.0000,0.0000,7,4,0,0,0,4,0,1.0000
9,156.0000,11,9,920.5634,-89.1938,0.2576,6,0.1500,1.0000,8,8,8,0,0,8,8,0.0000
9,156.0000,11,10,692.2020,-87.9560,-0.2476,24,0.6000,0.7778,9,8,7,0,0,8,7,0.1250
9,156.0000,11,12,670.1809,-88.3981,0.0211,20,0.5000,0.7143,7,8,8,0,0,8,8,0.0000
9,156.0000,11,14,963.7183,-88.5228,1.5511,3,0.0750,1.0000,8,6,6,50,50,56,56,0.0000
9,156.0000,12,4,743.4080,-87.2286,-0.2353,17,0.4250,0.8571,7,7,6,0,0,7,6,0.1429
9,156.0000,12,7,624.8522,-88.0996,-0.3084,19,0.4750,0.8333,6,6,4,0,0,6,4,0.3333
9,156.0000,12,10,731.2361,-88.3043,0.0979,16,0.4000,0.6667,6,6,4,0,0,6,4,0.3333
9,156.0000,12,11,670.1809,-87.3903,0.3125,18,0.4500,0.8750,8,5,2,0,0,5,2,0.6000
9,156.0000,12,14,540.0798,-86.8917,0.2353,25,0.6250,0.6596,47,5,2,2,1,7,3,0.5714
9,156.0000,13,8,507.4764,-86.7907,-0.5339,30,0.7500,0.5904,83,6,3,76,36,82,39,0.5244
9,156.0000,13,10,578.9526,-87.5600,0.1742,32,0.8000,0.2000,5,7,4,0,0,7,4,0.4286
9,156.0000,14,2,818.7482,-88.1134,0.4625,13,0.3250,1.0000,8,6,4,0,0,6,4,0.3333
9,156.0000,14,3,1100.9765,-89.2358,0.3955,3,0.0750,1.0000,8,8,8,0,0,8,8,0.0000
9,156.0000,14,4,629.7441,-86.5719,-0.8169,23,0.5750,0.4000,5,7,5,0,0,7,5,0.2857
9,156.0000,14,5,938.9950,-89.0313,-0.5830,4,0.1000,0.6667,6,8,8,0,0,8,8,0.0000
9,156.0000,14,6,605.6822,-86.0286,-0.0495,25,0.6250,0.4000,5,5,1,0,0,5,1,0.8000
9,156.0000,14,12,540.0798,-87.2201,-0.1162,29,0.7250,0.3333,6,7,5,0,0,7,5,0.2857
9,160.0000,1,2,188.9145,-78.8367,0.8423,39,0.9750,0.0000,4,4,0,0,0,4,0,1.0000
9,160.0000,1,5,240.7391,-79.6390,0.1010,39,0.9750,0.0000,4,5,1,0,0,5,1,0.8000
9,160.0000,1,7,845.8410,-88.4374,-0.1867,9,0.2250,1.0000,10,7,6,0,0,7,6,0.1429
9,160.0000,1,9,202.3143,-74.8004,-1.7562,39,0.9750,0.2222,81,4,0,109,54,113,54,0.5221
9,160.0000,1,11,912.2346,-88.1234,0.9092,6,0.1500,1.0000,8,6,6,0,0,6,6,0.0000
9,160.0000,1,12,946.9540,-89.5907,-0.0360,3,0.0750,0.0000,1,7,6,0,0,7,6,0.1429
9,160.0000,1,14,794.5607,-87.0794,0.3638,5,0.1250,0.8750,8,8,8,0,0,8,8,0.0000
9,160.0000,2,1,188.9145,-79.4319,1.0988,40,1.0000,0.3000,10,4,0,0,0,4,0,1.0000
9,160.0000,2,5,398.1726,-84.3911,-0.3216,39,0.9750,0.2000,5,5,2,0,0,5,2,0.6000
9,160.0000,2,6,774.5244,-88.4963,-0.2147,11,0.2750,0.6667,6,7,5,0,0,7,5,0.2857
9,160.0000,2,7,845.8197,-88.9463,-0.0751,9,0.2250,1.0000,8,8,8,0,0,8,8,0.0000
9,160.0000,2,9,254.5664,-80.0932,-0.9895,39,0.9750,0.3125,176,4,0,64,2,68,2,0.9706
9,160.0000,2,11,950.9888,-88.4134,-0.1357,6,0.1500,1.0000,8,8,8,0,0,8,8,0.0000
9,160.0000,2,14,764.9220,-88.5429,0.3705,11,0.2750,0.8571,7,8,8,0,0,8,8,0.0000
9,160.0000,3,4,666.7137,-88.4186,0.5662,21,0.5250,0.7143,7,6,4,0,0,6,4,0.3333
9,160.0000,4,3,666.7137,-87.1728,-0.2270,25,0.6250,0.6667,6,7,5,0,0,7,5,0.2857
9,160.0000,4,6,1128.6418,-89.2120,-0.9363,3,0.0750,1.0000,6,6,6,0,0,6,6,0.0000
9,160.0000,4,12,907.8929,-88.3364,-0.3363,8,0.2000,1.0000,8,6,6,0,0,6,6,0.0000
9,160.0000,4,14,763.8199,-87.4971,-0.7045,11,0.2750,0.8571,7,8,8,0,0,8,8,0.0000
9,160.0000,5,1,240.7391,-78.9957,0.5238,40,1.0000,0.0000,4,4,0,0,0,4,0,1.0000
9,160.0000,5,2,398.1726,-83.9955,0.5777,37,0.9250,0.0000,4,4,0,0,0,4,0,1.0000
9,160.0000,5,6,874.3774,-88.9438,-0.0642,8,0.2000,0.8750,8,8,8,0,0,8,8,0.0000
9,160.0000,5,9,334.9617,-82.5288,-0.1581,39,0.9750,0.0000,5,4,0,0,0,4,0,1.0000
9,160.0000,5,11,1078.3388,-89.6372,0.0316,4,0.1000,1.0000,8,6,6,0,0,6,6,0.0000
9,160.0000,5,12,1088.6440,-88.9279,0.5292,3,0.0750,1.0000,4,2,2,0,0,2,2,0.0000
9,160.0000,5,14,935.2693,-89.4102,-0.1099,8,0.2000,1.0000,8,8,8,0,0,8,8,0.0000
9,160.0000,6,1,835.0698,-88.7724,0.1552,9,0.2250,1.0000,2,8,6,0,0,8,6,0.2500
9,160.0000,6,2,774.5244,-88.6396,0.1659,15,0.3750,0.8750,8,8,8,0,0,8,8,0.0000
9,160.0000,6,5,874.3774,-88.8602,-0.1261,10,0.2500,1.0000,8,8,7,0,0,8,7,0.1250
9,160.0000,6,14,674.2364,-87.4404,-0.0441,24,0.6000,0.6667,6,6,4,0,0,6,4,0.3333
9,160.0000,7,1,845.8410,-88.7413,-0.2450,11,0.2750,1.0000,8,7,6,0,0,7,6,0.1429
9,160.0000,7,2,845.8197,-88.8278,0.4952,5,0.1250,0.8571,7,7,6,0,0,7,6,0.1429
9,160.0000,7,9,894.5535,-89.5075,0.2306,3,0.0750,1.0000,8,8,8,0,0,8,8,0.0000
9,160.0000,7,10,769.9411,-87.9417,0.2334,21,0.5250,0.4000,5,8,8,0,0,8,8,0.0000
9,160.0000,7,11,244.9730,-76.9401,-1.0406,40,1.0000,0.0000,4,4,0,0,0,4,0,1.0000
9,160.0000,7,12,484.7264,-86.8495,0.4629,32,0.8000,0.3333,6,5,2,0,0,5,2,0.6000
9,160.0000,7,14,739.6132,-88.5021,0.3543,11,0.2750,1.0000,8,6,4,0,0,6,4,0.3333
9,160.0000,8,10,812.7804,-88.4991,-0.3011,16,0.4000,1.0000,8,7,6,0,0,7,6,0.1429
9,160.0000,8,13,498.0912,-85.8372,0.3073,32,0.8000,0.0000,4,6,2,0,0,6,2,0.6667
9,160.0000,9,1,202.3143,-74.8522,-0.9152,40,1.0000,0.0000,4,4,0,0,0,4,0,1.0000
9,160.0000,9,2,254.5664,-79.7232,-0.3997,40,1.0000,0.0000,4,4,0,0,0,4,0,1.0000
9,160.0000,9,5,334.9617,-82.3994,-0.0149,39,0.9750,0.0000,4,5,0,0,0,5,0,1.0000
9,160.0000,9,6,996.5900,-89.2716,4.2621,3,0.0750,1.0000,6,8,8,0,0,8,8,0.0000
9,160.0000,9,7,894.5535,-89.0316,0.1278,7,0.1750,1.0000,8,8,8,0,0,8,8,0.0000
9,160.0000,9,11,935.7955,-88.7859,0.3156,9,0.2250,1.0000,8,6,6,0,0,6,6,0.0000
9,160.0000,9,14,964.0181,-88.9362,-0.2603,3,0.0750,1.0000,6,8,8,0,0,8,8,0.0000
9,160.0000,10,7,769.9411,-88.0224,-0.4579,17,0.4359,0.7143,7,8,8,0,0,8,8,0.0000
9,160.0000,10,8,812.7804,-89.0916,0.1314,13,0.3333,0.6667,6,8,8,48,44,56,52,0.0714
9,160.0000,10,11,738.5967,-88.0803,-0.1458,23,0.5897,0.9344,122,6,4,4,4,10,8,0.2000
9,160.0000,10,12,766.4494,-88.0790,-0.2603,14,0.3590,0.8182,11,7,6,114,111,121,117,0.0331
9,160.0000,10,13,586.7169,-86.7332,0.1181,26,0.6667,0.6224,98,5,2,51,30,56,32,0.4286
9,160.0000,11,1,912.2346,-88.6081,0.2878,8,0.2000,1.0000,8,7,6,0,0,7,6,0.1429
9,160.0000,11,2,950.9888,-88.8025,0.0004,5,0.1250,1.0000,8,8,8,0,0,8,8,0.0000
9,160.0000,11,5,1078.3388,-88.4479,-3.5548,4,0.1000,1.0000,6,2,2,0,0,2,2,0.0000
9,160.0000,11,7,244.9730,-77.8135,-1.6897,39,0.9750,0.0000,4,4,0,0,0,4,0,1.0000
9,160.0000,11,9,935.7955,-89.0648,-0.5101,9,0.2250,1.0000,8,8,8,0,0,8,8,0.0000
9,160.0000,11,10,738.5967,-88.5072,-0.3489,23,0.5750,0.8750,8,8,8,8,8,16,16,0.0000
9,160.0000,11,12,615.4662,-87.0852,-0.0917,28,0.7000,1.0000,8,5,1,0,0,5,1,0.8000
9,160.0000,12,4,907.8929,-88.1824,-0.3252,12,0.3000,0.8571,7,2,2,0,0,2,2,0.0000
9,160.0000,12,7,484.7264,-86.4298,0.5550,27,0.6750,0.6667,6,5,2,0,0,5,2,0.6000
9,160.0000,12,10,766.4494,-87.9725,-0.0819,10,0.2500,0.6667,6,9,8,4,4,13,12,0.0769
9,160.0000,12,11,615.4662,-87.0093,0.3659,21,0.5250,0.4000,5,5,2,10,8,15,10,0.3333
9,160.0000,12,14,476.3264,-85.8619,0.3472,29,0.7250,0.4286,7,4,0,18,6,22,6,0.7273
9,160.0000,13,8,498.0912,-86.2617,0.0543,32,0.8000,0.4756,82,4,0,51,29,55,29,0.4727
9,160.0000,13,10,586.7169,-86.8782,0.0686,28,0.7000,0.5714,7,7,5,0,0,7,5,0.2857
9,160.0000,14,1,794.5607,-89.3368,-0.1666,4,0.1000,1.0000,8,8,7,0,0,8,7,0.1250
9,160.0000,14,2,764.9220,-88.6268,-0.0454,8,0.2000,0.6667,6,8,7,0,0,8,7,0.1250
9,160.0000,14,4,763.8199,-87.6419,-0.3607,22,0.5500,0.7143,7,7,6,0,0,7,6,0.1429
9,160.0000,14,5,935.2693,-88.3082,-1.2375,5,0.1250,1.0000,8,8,8,0,0,8,8,0.0000
9,160.0000,14,6,674.2364,-87.5196,0.0328,26,0.6500,0.2000,5,8,8,0,0,8,8,0.0000
9,160.0000,14,7,739.6132,-88.3464,0.2082,10,0.2500,0.8571,7,7,4,0,0,7,4,0.4286
9,160.0000,14,9,964.0181,-89.6535,0.0725,4,0.1000,1.0000,8,8,8,0,0,8,8,0.0000
9,160.0000,14,11,934.3540,-88.9016,0.2771,3,0.0750,1.0000,2,8,8,0,0,8,8,0.0000
9,160.0000,14,12,476.3264,-86.0122,0.5130,31,0.7750,0.7143,7,4,0,0,0,4,0,1.0000
9,164.0000,1,2,208.7021,-77.0578,0.1209,40,1.0000,0.0000,4,4,0,0,0,4,0,1.0000
9,164.0000,1,5,317.1328,-80.9290,-0.9352,40,1.0000,0.2000,5,5,1,0,0,5,1,0.8000
9,164.0000,1,6,740.4610,-88.3818,-0.1435,11,0.2750,0.8571,7,6,4,0,0,6,4,0.3333
9,164.0000,1,7,749.0331,-88.3006,0.0573,18,0.4500,0.8571,7,7,5,45,37,52,42,0.1923
9,164.0000,1,9,331.5326,-79.6204,-1.1795,40,1.0000,0.4779,113,4,0,117,69,121,69,0.4298
9,164.0000,1,11,940.3997,-89.4945,0.0154,4,0.1000,1.0000,6,8,8,10,10,18,18,0.0000
9,164.0000,1,12,757.7056,-87.7947,0.3897,13,0.3250,0.8571,7,7,5,0,0,7,5,0.2857
9,164.0000,1,14,656.0411,-87.9783,0.3841,24,0.6000,1.0000,8,6,4,0,0,6,4,0.3333
9,164.0000,2,1,208.7021,-77.2963,-0.4938,40,1.0000,0.0000,4,4,0,53,26,57,26,0.5439
9,164.0000,2,5,397.9718,-84.2658,-0.2684,36,0.9000,0.4000,5,5,1,0,0,5,1,0.8000
9,164.0000,2,6,800.9837,-88.8926,0.0371,14,0.3500,0.7143,7,10,9,0,0,10,9,0.1000
9,164.0000,2,7,792.8465,-88.1516,0.1378,15,0.3750,1.0000,8,8,8,0,0,8,8,0.0000
9,164.0000,2,9,248.2420,-79.6491,0.4502,40,1.0000,0.0294,68,4,0,64,4,68,4,0.9412
9,164.0000,2,11,983.6407,-89.5566,0.2112,4,0.1000,1.0000,8,6,6,0,0,6,6,0.0000
9,164.0000,2,12,883.4562,-89.2799,0.0693,5,0.1250,1.0000,124,8,8,64,63,72,71,0.0139
9,164.0000,2,14,770.4705,-88.1497,-0.0595,18,0.4500,1.0000,8,8,8,0,0,8,8,0.0000
9,164.0000,3,4,638.9032,-87.8469,0.1620,29,0.7250,0.6667,6,7,4,0,0,7,4,0.4286
9,164.0000,4,3,638.9032,-87.5150,-0.1142,20,0.5000,0.7143,7,4,0,0,0,4,0,1.0000
9,164.0000,4,14,873.6275,-88.7305,-0.2971,7,0.1750,1.0000,8,8,8,0,0,8,8,0.0000
9,164.0000,5,1,317.1328,-80.4958,-0.8277,40,0.9756,0.0000,4,4,0,0,0,4,0,1.0000
9,164.0000,5,2,397.9718,-83.8225,0.2560,39,0.9512,0.0000,4,5,2,0,0,5,2,0.6000
9,164.0000,5,6,862.4380,-88.6402,-0.0124,14,0.3415,1.0000,8,8,8,0,0,8,8,0.0000
9,164.0000,5,7,1018.1781,-89.3440,0.3762,3,0.0732,1.0000,4,6,6,0,0,6,6,0.0000
9,164.0000,5,9,364.4011,-83.8858,-0.2675,41,1.0000,0.0000,4,3,0,0,0,3,0,1.0000
9,164.0000,5,14,938.4903,-88.8643,0.1747,8,0.1951,1.0000,8,8,8,0,0,8,8,0.0000
9,164.0000,6,1,740.4610,-87.9045,0.6308,13,0.3250,0.7500,8,6,3,0,0,6,3,0.5000
9,164.0000,6,2,800.9837,-88.4849,-0.2953,14,0.3500,1.0000,8,8,8,0,0,8,8,0.0000
9,164.0000,6,5,862.4380,-89.2225,0.9562,5,0.1250,0.8750,8,7,6,0,0,7,6,0.1429
9,164.0000,6,14,785.9150,-89.0438,0.0281,15,0.3750,0.6667,6,7,5,0,0,7,5,0.2857
9,164.0000,7,1,749.0331,-87.8499,-0.3848,10,0.2564,0.8571,7,8,7,0,0,8,7,0.1250
9,164.0000,7,2,792.8465,-88.6129,0.2509,16,0.4103,0.8571,7,8,8,0,0,8,8,0.0000
9,164.0000,7,9,834.2557,-89.0971,0.0819,8,0.2051,1.0000,8,7,6,0,0,7,6,0.1429
9,164.0000,7,10,869.5272,-88.4005,-0.0706,7,0.1795,1.0000,8,8,8,0,0,8,8,0.0000
9,164.0000,7,11,363.0159,-82.0913,-0.8048,37,0.9487,0.0000,4,4,0,19,9,23,9,0.6087
9,164.0000,7,12,363.0066,-84.8358,0.1816,35,0.8974,0.4000,5,5,2,0,0,5,2,0.6000
9,164.0000,7,14,563.2986,-87.3737,0.3499,25,0.6410,0.6667,6,6,3,0,0,6,3,0.5000
9,164.0000,8,10,808.5005,-88.6265,0.1046,11,0.2750,0.8571,7,8,8,0,0,8,8,0.0000
9,164.0000,8,13,487.8879,-85.7422,-0.2940,37,0.9250,0.3333,6,6,2,0,0,6,2,0.6667
9,164.0000,9,1,331.5326,-80.0131,-1.1468,39,0.9750,0.0000,4,4,0,0,0,4,0,1.0000
9,164.0000,9,2,248.2420,-79.8636,-0.1809,40,1.0000,0.0000,4,4,0,0,0,4,0,1.0000
9,164.0000,9,5,364.4011,-84.1974,0.1033,39,0.9750,0.0000,5,4,0,0,0,4,0,1.0000
9,164.0000,9,6,1021.3585,-89.3908,-0.1074,6,0.1500,1.0000,8,8,8,0,0,8,8,0.0000
9,164.0000,9,7,834.2557,-88.3793,0.2661,9,0.2250,1.0000,8,5,3,0,0,5,3,0.4000
9,164.0000,9,11,931.5483,-88.6755,-0.2775,5,0.1250,1.0000,6,8,8,0,0,8,8,0.0000
9,164.0000,9,14,931.1931,-88.7745,0.4070,6,0.1500,1.0000,8,8,8,0,0,8,8,0.0000
9,164.0000,10,7,869.5272,-88.0422,-0.9734,7,0.1750,1.0000,8,8,7,0,0,8,7,0.1250
9,164.0000,10,8,808.5005,-88.7336,0.0912,18,0.4500,0.9286,56,8,8,117,113,125,121,0.0320
9,164.0000,10,11,784.5685,-88.0393,-0.5469,21,0.5250,0.8000,10,6,4,0,0,6,4,0.3333
9,164.0000,10,12,857.4363,-88.7050,-0.1975,15,0.3750,0.9669,121,8,7,120,120,128,127,0.0078
9,164.0000,10,13,642.7848,-87.4415,0.1051,33,0.8250,0.5714,56,8,8,0,0,8,8,0.0000
9,164.0000,11,1,940.3997,-89.1628,-0.4209,5,0.1250,0.8571,7,6,6,0,0,6,6,0.0000
9,164.0000,11,2,983.6407,-89.1196,-0.3013,4,0.1000,1.0000,8,8,8,0,0,8,8,0.0000
9,164.0000,11,7,363.0159,-81.2735,-0.4891,35,0.8750,0.0000,4,4,0,0,0,4,0,1.0000
9,164.0000,11,9,931.5483,-88.7564,-0.0201,3,0.0750,1.0000,8,6,6,0,0,6,6,0.0000
9,164.0000,11,10,784.5685,-87.8854,0.1879,10,0.2500,1.0000,16,7,5,8,7,15,12,0.2000
9,164.0000,11,12,577.1458,-87.2557,0.7184,26,0.6500,0.2000,5,6,3,0,0,6,3,0.5000
9,164.0000,11,13,1020.6391,-89.1053,-0.5132,4,0.1000,1.0000,8,8,8,0,0,8,8,0.0000
9,164.0000,11,14,886.3999,-88.5455,0.0065,5,0.1250,1.0000,8,8,8,0,0,8,8,0.0000
9,164.0000,12,1,757.7056,-88.0910,0.7822,8,0.1951,1.0000,8,8,8,0,0,8,8,0.0000
9,164.0000,12,2,883.4562,-88.6827,0.2672,6,0.1463,1.0000,8,8,7,0,0,8,7,0.1250
9,164.0000,12,7,363.0066,-84.7435,0.4763,40,0.9756,0.4000,5,4,0,0,0,4,0,1.0000
9,164.0000,12,9,951.4976,-89.1104,0.3215,5,0.1220,1.0000,6,6,6,0,0,6,6,0.0000
9,164.0000,12,10,857.4363,-88.4937,-0.2097,16,0.3902,0.9231,13,8,8,0,0,8,8,0.0000
9,164.0000,12,11,577.1458,-86.9949,0.0999,29,0.7073,0.6667,15,8,7,10,9,18,16,0.1111
9,164.0000,12,14,385.2407,-84.3662,0.5180,37,0.9024,0.2727,22,4,0,7,3,11,3,0.7273
9,164.0000,13,8,487.8879,-85.1308,0.5119,31,0.7750,0.5273,55,5,1,0,0,5,1,0.8000
9,164.0000,13,10,642.7848,-87.3407,0.0772,26,0.6500,0.7143,7,8,7,0,0,8,7,0.1250
9,164.0000,13,11,1020.6391,-89.2169,0.3884,3,0.0750,1.0000,6,8,8,0,0,8,8,0.0000
9,164.0000,14,1,656.0411,-88.2372,-0.3260,18,0.4500,0.8750,8,8,7,0,0,8,7,0.1250
9,164.0000,14,2,770.4705,-87.9112,-0.0309,17,0.4250,0.8750,8,8,8,0,0,8,8,0.0000
9,164.0000,14,4,873.6275,-88.1693,-0.3143,12,0.3000,0.8571,7,8,8,0,0,8,8,0.0000
9,164.0000,14,5,938.4903,-89.0673,-0.3290,5,0.1250,1.0000,8,8,7,0,0,8,7,0.1250
9,164.0000,14,6,785.9150,-88.5145,-0.0179,20,0.5000,1.0000,8,8,8,0,0,8,8,0.0000
9,164.0000,14,7,563.2986,-87.7104,0.2023,21,0.5250,0.5714,7,6,4,0,0,6,4,0.3333
9,164.0000,14,9,931.1931,-88.7868,0.1083,6,0.1500,1.0000,8,7,6,0,0,7,6,0.1429
9,164.0000,14,11,886.3999,-88.7850,0.2329,7,0.1750,1.0000,8,6,6,0,0,6,6,0.0000
9,164.0000,14,12,385.2407,-84.5607,0.8958,37,0.9250,0.0000,4,5,1,0,0,5,1,0.8000
9,168.0000,1,2,320.6091,-79.7824,-0.7211,39,0.9750,0.0000,4,4,0,0,0,4,0,1.0000
9,168.0000,1,5,381.3168,-83.0945,-0.8049,38,0.9500,0.2000,5,5,1,0,0,5,1,0.8000
9,168.0000,1,6,610.3641,-87.7850,-0.0202,24,0.6000,0.6667,6,7,4,0,0,7,4,0.4286
9,168.0000,1,7,672.9705,-88.2965,0.3520,18,0.4500,0.8077,52,5,2,13,10,18,12,0.3333
9,168.0000,1,9,464.9251,-84.8150,-0.6976,38,0.9500,0.5702,121,5,1,119,86,124,87,0.2984
9,168.0000,1,11,996.2578,-89.3589,-0.2264,4,0.1000,1.0000,18,8,8,0,0,8,8,0.0000
9,168.0000,1,12,606.1010,-87.6714,0.0675,18,0.4500,0.7143,7,5,2,0,0,5,2,0.6000
9,168.0000,1,14,535.2857,-87.1815,0.5833,29,0.7250,0.6667,6,6,2,0,0,6,2,0.6667
9,168.0000,2,1,320.6091,-79.9349,-1.1610,40,1.0000,0.4561,57,5,1,13,7,18,8,0.5556
9,168.0000,2,5,379.3870,-83.1957,-0.6441,37,0.9250,0.2000,5,4,0,0,0,4,0,1.0000
9,168.0000,2,6,803.1971,-87.8169,-0.1636,14,0.3500,0.9000,10,8,8,0,0,8,8,0.0000
9,168.0000,2,7,784.2695,-88.2711,0.0233,12,0.3000,1.0000,8,5,2,0,0,5,2,0.6000
9,168.0000,2,9,246.8349,-80.1502,0.2580,40,1.0000,0.0588,68,4,0,68,8,72,8,0.8889
9,168.0000,2,11,1028.1872,-89.2146,0.0488,6,0.1500,1.0000,6,4,4,0,0,4,4,0.0000
9,168.0000,2,12,805.6408,-88.4102,0.3109,7,0.1750,0.9861,72,7,6,0,0,7,6,0.1429
9,168.0000,2,14,779.1048,-88.6063,-0.2364,17,0.4250,1.0000,8,8,8,104,101,112,109,0.0268
9,168.0000,3,4,520.8190,-86.6705,0.2602,29,0.7250,0.5714,7,4,0,0,0,4,0,1.0000
9,168.0000,4,3,520.8190,-87.1007,0.5976,23,0.5750,0.0000,4,7,4,0,0,7,4,0.4286
9,168.0000,4,14,979.3866,-88.7290,0.1754,7,0.1750,1.0000,8,8,8,0,0,8,8,0.0000
9,168.0000,5,1,381.3168,-83.5331,-0.7128,37,0.9250,0.0000,4,4,2,0,0,4,2,0.5000
9,168.0000,5,2,379.3870,-83.3271,-0.0924,40,1.0000,0.4000,5,4,0,0,0,4,0,1.0000
9,168.0000,5,6,836.3892,-88.7707,-0.4042,10,0.2500,1.0000,8,7,6,0,0,7,6,0.1429
9,168.0000,5,7,964.3345,-89.6913,0.1835,3,0.0750,1.0000,6,8,8,0,0,8,8,0.0000
9,168.0000,5,9,378.9210,-83.2511,0.1154,37,0.9250,0.0000,3,5,1,0,0,5,1,0.8000
9,168.0000,5,12,869.4894,-88.6989,0.0573,4,0.1000,1.0000,6,8,8,0,0,8,8,0.0000
9,168.0000,5,14,889.4405,-88.8381,-0.2298,7,0.1750,1.0000,8,8,8,0,0,8,8,0.0000
9,168.0000,6,1,610.3641,-87.6177,-0.0160,26,0.6500,0.5000,6,7,3,0,0,7,3,0.5714
9,168.0000,6,2,803.1971,-88.4199,-0.0982,16,0.4000,1.0000,8,6,6,0,0,6,6,0.0000
9,168.0000,6,5,836.3892,-88.3424,0.1309,12,0.3000,0.8571,7,8,8,0,0,8,8,0.0000
9,168.0000,6,9,1022.2779,-89.0610,-0.0145,8,0.2000,1.0000,8,6,6,0,0,6,6,0.0000
9,168.0000,6,14,771.7319,-88.0437,0.2040,11,0.2750,0.7143,7,8,8,0,0,8,8,0.0000
9,168.0000,7,1,672.9705,-87.7546,0.1288,16,0.4000,0.8750,8,5,1,0,0,5,1,0.8000
9,168.0000,7,2,784.2695,-88.9697,0.0134,10,0.2500,1.0000,8,8,7,0,0,8,7,0.1250
9,168.0000,7,5,964.3345,-89.5367,0.0736,3,0.0750,1.0000,8,8,8,0,0,8,8,0.0000
9,168.0000,7,9,810.5961,-88.2136,0.5556,11,0.2750,0.8571,7,8,7,0,0,8,7,0.1250
9,168.0000,7,10,957.5474,-88.4662,0.1127,5,0.1250,1.0000,8,6,6,0,0,6,6,0.0000
9,168.0000,7,11,496.4605,-84.8643,-0.0351,36,0.9000,0.3913,23,6,3,3,1,9,4,0.5556
9,168.0000,7,12,285.5809,-82.5435,0.4534,37,0.9250,0.4000,5,5,2,7,1,12,3,0.7500
9,168.0000,7,14,396.1082,-85.5374,0.9498,33,0.8250,0.5000,6,6,2,3,1,9,3,0.6667
9,168.0000,8,10,839.4872,-88.5480,-0.1549,11,0.2750,1.0000,8,8,8,0,0,8,8,0.0000
9,168.0000,8,13,486.7280,-86.6115,0.3557,35,0.8750,0.3333,6,5,1,0,0,5,1,0.8000
9,168.0000,9,1,464.9251,-84.6625,-0.4675,36,0.9000,0.0000,4,5,1,0,0,5,1,0.8000
9,168.0000,9,2,246.8349,-80.0798,0.2605,39,0.9750,0.0000,4,4,0,0,0,4,0,1.0000
9,168.0000,9,5,378.9210,-84.1131,-0.3057,38,0.9500,0.0000,4,3,0,0,0,3,0,1.0000
9,168.0000,9,7,810.5961,-87.9508,-0.1389,11,0.2750,0.6000,5,8,8,2,2,10,10,0.0000
9,168.0000,9,11,927.9826,-88.6308,-0.6140,6,0.1500,1.0000,8,7,6,0,0,7,6,0.1429
9,168.0000,9,12,819.7171,-89.0162,0.2491,7,0.1750,1.0000,8,8,5,0,0,8,5,0.3750
9,168.0000,9,14,887.4297,-89.1844,0.2529,9,0.2250,1.0000,8,8,8,0,0,8,8,0.0000
9,168.0000,10,7,957.5474,-88.4353,-0.4636,7,0.1750,0.8750,8,6,6,110,110,116,116,0.0000
9,168.0000,10,8,839.4872,-88.8814,-0.1597,12,0.3000,0.9680,125,8,8,7,6,15,14,0.0667
9,168.0000,10,11,831.9425,-88.1992,0.2950,14,0.3500,0.6667,6,8,8,0,0,8,8,0.0000
9,168.0000,10,12,976.5217,-89.3323,-0.0544,6,0.1500,0.9922,128,8,8,10,10,18,18,0.0000
9,168.0000,10,13,728.6290,-87.6186,0.4197,23,0.5750,1.0000,8,7,5,107,101,114,106,0.0702
9,168.0000,11,1,996.2578,-89.1377,-0.0012,4,0.1000,1.0000,6,8,8,0,0,8,8,0.0000
9,168.0000,11,2,1028.1872,-89.7361,-0.0984,3,0.0750,1.0000,8,4,4,0,0,4,4,0.0000
9,168.0000,11,7,496.4605,-84.0589,-0.5065,32,0.8000,0.0000,4,6,3,0,0,6,3,0.5000
9,168.0000,11,9,927.9826,-88.8675,-0.0228,7,0.1750,1.0000,6,8,8,0,0,8,8,0.0000
9,168.0000,11,10,831.9425,-87.6854,-0.8269,8,0.2000,0.8000,15,7,6,2,2,9,8,0.1111
9,168.0000,11,12,576.0611,-86.8629,0.6949,25,0.6250,0.5000,6,7,6,0,0,7,6,0.1429
9,168.0000,11,13,913.1590,-88.4368,-2.2450,3,0.0750,1.0000,8,7,6,0,0,7,6,0.1429
9,168.0000,11,14,851.4838,-87.5802,-0.1131,3,0.0750,1.0000,8,8,7,0,0,8,7,0.1250
9,168.0000,12,1,606.1010,-87.6156,0.2293,22,0.5500,1.0000,8,4,0,0,0,4,0,1.0000
9,168.0000,12,2,805.6408,-88.7466,0.0201,10,0.2500,0.8750,8,8,8,0,0,8,8,0.0000
9,168.0000,12,5,869.4894,-89.1851,0.1653,5,0.1250,1.0000,6,8,6,0,0,8,6,0.2500
9,168.0000,12,7,285.5809,-81.9382,0.9470,39,0.9750,0.0000,4,4,0,0,0,4,0,1.0000
9,168.0000,12,9,819.7171,-88.9066,-0.2281,7,0.1750,1.0000,6,9,7,0,0,9,7,0.2222
9,168.0000,12,10,976.5217,-88.8643,-0.5268,9,0.2250,1.0000,8,1,0,12,12,13,12,0.0769
9,168.0000,12,11,576.0611,-86.8447,0.4635,33,0.8250,0.8889,18,7,5,0,0,7,5,0.2857
9,168.0000,12,14,325.2406,-82.9656,0.1871,40,1.0000,0.2727,11,4,0,0,0,4,0,1.0000
9,168.0000,13,8,486.7280,-85.5144,-0.2320,33,0.8250,0.2000,5,5,1,34,24,39,25,0.3590
9,168.0000,13,10,728.6290,-87.3872,0.5503,20,0.5000,0.8750,8,8,7,0,0,8,7,0.1250
9,168.0000,13,11,913.1590,-88.9457,-0.1185,3,0.0750,1.0000,8,8,7,0,0,8,7,0.1250
9,168.0000,14,1,535.2857,-86.7678,-0.2257,26,0.6500,0.8750,8,5,2,0,0,5,2,0.6000
9,168.0000,14,2,779.1048,-87.9223,-0.4893,14,0.3500,1.0000,8,8,8,0,0,8,8,0.0000
9,168.0000,14,4,979.3866,-88.2354,0.1374,7,0.1750,1.0000,8,8,8,0,0,8,8,0.0000
9,168.0000,14,5,889.4405,-89.6037,0.0590,8,0.2000,0.8750,8,7,6,0,0,7,6,0.1429
9,168.0000,14,6,771.7319,-88.9667,0.1025,12,0.3000,1.0000,8,7,6,0,0,7,6,0.1429
9,168.0000,14,7,396.1082,-85.6841,0.4170,34,0.8500,0.6667,6,4,0,4,1,8,1,0.8750
9,168.0000,14,9,887.4297,-88.9288,-1.1470,3,0.0750,0.8571,7,6,3,0,0,6,3,0.5000
9,168.0000,14,11,851.4838,-89.2118,0.1663,8,0.2000,1.0000,6,8,8,0,0,8,8,0.0000
9,168.0000,14,12,325.2406,-83.0095,-0.4197,38,0.9500,0.2000,5,5,1,0,0,5,1,0.8000
9,172.0000,0,10,872.2229,-89.6892,-0.0370,3,0.0769,1.0000,8,8,7,0,0,8,7,0.1250
9,172.0000,1,2,448.3394,-84.4722,-1.2780,39,0.9750,0.0000,4,5,1,0,0,5,1,0.8000
9,172.0000,1,5,455.3084,-84.3292,0.0278,37,0.9250,0.2000,5,4,0,0,0,4,0,1.0000
9,172.0000,1,6,493.1960,-86.3725,0.3860,36,0.9000,0.5714,7,5,1,0,0,5,1,0.8000
9,172.0000,1,7,604.7547,-87.4372,-0.1919,28,0.7000,0.6667,18,7,6,0,0,7,6,0.1429
9,172.0000,1,9,607.0418,-86.9828,-0.7119,30,0.7500,0.7016,124,7,5,120,116,127,121,0.0472
9,172.0000,1,11,1067.6607,-89.3986,-0.5443,3,0.0750,1.0000,8,4,4,0,0,4,4,0.0000
9,172.0000,1,12,477.3198,-85.5611,0.1943,28,0.7000,0.4000,5,5,1,0,0,5,1,0.8000
9,172.0000,1,14,464.1139,-86.8936,0.0923,32,0.8000,0.3333,6,5,2,0,0,5,2,0.6000
9,172.0000,2,1,448.3394,-83.9137,-0.8595,36,0.9000,0.4444,18,6,2,0,0,6,2,0.6667
9,172.0000,2,5,367.3338,-84.1497,0.0631,36,0.9000,0.0000,4,4,0,0,0,4,0,1.0000
9,172.0000,2,6,812.1211,-88.9399,-0.0669,10,0.2500,1.0000,8,6,6,0,0,6,6,0.0000
9,172.0000,2,7,798.5863,-89.2155,-0.2960,12,0.3000,0.4000,5,8,8,2,2,10,10,0.0000
9,172.0000,2,9,258.2456,-80.1340,0.0272,40,1.0000,0.1111,72,4,0,63,4,67,4,0.9403
9,172.0000,2,12,709.1932,-87.5946,0.0348,16,0.4000,0.8571,7,6,4,113,104,119,108,0.0924
9,172.0000,2,14,785.8511,-88.3739,0.0054,13,0.3250,0.9732,112,7,6,4,4,11,10,0.0909
9,172.0000,3,4,416.6906,-85.4562,0.4119,33,0.8250,0.0000,4,4,0,0,0,4,0,1.0000
9,172.0000,4,3,416.6906,-85.4379,0.5466,39,0.9750,0.5714,7,5,0,0,0,5,0,1.0000
9,172.0000,4,14,1098.9272,-88.6387,0.0986,4,0.1000,1.0000,8,8,8,0,0,8,8,0.0000
9,172.0000,5,1,455.3084,-84.0952,-0.5515,29,0.7436,0.5000,4,6,2,0,0,6,2,0.6667
9,172.0000,5,2,367.3338,-83.2358,0.4759,37,0.9487,0.0000,4,4,0,0,0,4,0,1.0000
9,172.0000,5,6,814.2055,-88.8996,-0.1297,11,0.2821,0.8571,7,8,8,0,0,8,8,0.0000
9,172.0000,5,7,928.5577,-88.9087,-0.4792,3,0.0769,1.0000,8,6,6,0,0,6,6,0.0000
9,172.0000,5,9,394.5778,-84.4320,-0.1160,38,0.9744,0.2000,5,4,0,0,0,4,0,1.0000
9,172.0000,5,12,720.4909,-88.6271,0.1446,9,0.2308,1.0000,8,5,2,0,0,5,2,0.6000
9,172.0000,5,14,846.6999,-89.0256,-0.1595,7,0.1795,1.0000,8,8,8,0,0,8,8,0.0000
9,172.0000,6,1,493.1960,-86.8820,0.0878,30,0.7317,0.4286,7,4,0,0,0,4,0,1.0000
9,172.0000,6,2,812.1211,-88.7957,0.2455,12,0.2927,1.0000,6,8,7,0,0,8,7,0.1250
9,172.0000,6,5,814.2055,-88.5692,-0.1049,8,0.1951,1.0000,8,8,7,0,0,8,7,0.1250
9,172.0000,6,9,1035.7874,-89.3999,-0.2240,5,0.1220,1.0000,6,6,6,0,0,6,6,0.0000
9,172.0000,6,12,902.2355,-89.4704,0.2942,3,0.0732,1.0000,8,6,6,0,0,6,6,0.0000
9,172.0000,6,14,764.8556,-88.3943,-0.2801,17,0.4146,1.0000,8,8,6,0,0,8,6,0.2500
9,172.0000,7,1,604.7547,-87.4753,-0.1175,21,0.5250,0.2000,5,5,2,0,0,5,2,0.6000
9,172.0000,7,2,798.5863,-88.5558,0.0913,16,0.4000,0.8750,8,8,8,0,0,8,8,0.0000
9,172.0000,7,5,928.5577,-89.2443,0.3323,5,0.1250,1.0000,8,8,8,0,0,8,8,0.0000
9,172.0000,7,9,843.1067,-88.6164,0.2125,10,0.2500,0.8750,8,8,7,0,0,8,7,0.1250
9,172.0000,7,10,1052.3103,-88.7882,0.5211,3,0.0750,1.0000,6,4,4,0,0,4,4,0.0000
9,172.0000,7,11,654.7916,-86.2467,-0.6619,33,0.8250,0.4444,9,6,4,2,2,8,6,0.2500
9,172.0000,7,12,306.9338,-81.4976,0.0722,38,0.9500,0.2500,12,4,0,0,0,4,0,1.0000
9,172.0000,7,14,242.0332,-81.9587,1.0230,38,0.9500,0.3333,9,4,0,0,0,4,0,1.0000
9,172.0000,8,10,882.0970,-88.9311,0.0750,12,0.3000,1.0000,8,8,8,0,0,8,8,0.0000
9,172.0000,8,13,492.6386,-85.3266,0.2249,35,0.8750,0.2000,5,5,2,0,0,5,2,0.6000
9,172.0000,9,1,607.0418,-86.6487,-0.1802,33,0.8250,0.2000,5,7,5,0,0,7,5,0.2857
9,172.0000,9,2,258.2456,-80.0823,-0.5830,39,0.9750,0.0000,4,4,0,0,0,4,0,1.0000
9,172.0000,9,5,394.5778,-83.3124,-0.2994,38,0.9500,0.0000,3,4,0,0,0,4,0,1.0000
9,172.0000,9,7,843.1067,-88.8018,-0.2127,8,0.2000,1.0000,10,8,8,0,0,8,8,0.0000
9,172.0000,9,11,928.3773,-88.7509,-0.0700,9,0.2250,0.8571,7,7,6,0,0,7,6,0.1429
9,172.0000,9,12,715.4787,-88.3915,0.0394,14,0.3500,0.6250,8,7,5,0,0,7,5,0.2857
9,172.0000,9,14,868.8764,-89.3471,-0.2077,7,0.1750,1.0000,8,8,7,0,0,8,7,0.1250
9,172.0000,10,0,872.2229,-89.2596,0.0849,5,0.1220,1.0000,6,8,8,0,0,8,8,0.0000
9,172.0000,10,7,1052.3103,-89.0743,-0.0038,4,0.0976,1.0000,116,8,8,14,14,22,22,0.0000
9,172.0000,10,8,882.0970,-89.0190,-0.2622,8,0.1951,0.9333,15,8,8,0,0,8,8,0.0000
9,172.0000,10,11,918.5615,-89.1775,0.0080,7,0.1707,1.0000,8,8,8,0,0,8,8,0.0000
9,172.0000,10,13,828.3760,-88.1209,-0.0240,10,0.2439,0.9298,114,7,6,120,119,127,125,0.0157
9,172.0000,11,1,1067.6607,-89.3950,-0.5048,3,0.0750,1.0000,8,6,6,0,0,6,6,0.0000
9,172.0000,11,7,654.7916,-86.8915,-0.4991,24,0.6000,0.5000,6,8,6,0,0,8,6,0.2500
9,172.0000,11,9,928.3773,-88.7132,-0.6918,4,0.1000,1.0000,8,8,8,0,0,8,8,0.0000
9,172.0000,11,10,918.5615,-88.3926,-0.0264,11,0.2750,0.8889,9,4,4,0,0,4,4,0.0000
9,172.0000,11,12,658.6616,-87.0110,0.0707,29,0.7250,0.8571,7,8,7,0,0,8,7,0.1250
9,172.0000,11,13,790.4268,-88.1029,0.7307,5,0.1250,0.8571,7,7,6,0,0,7,6,0.1429
9,172.0000,11,14,836.5661,-88.5644,0.1409,10,0.2500,0.8750,8,7,6,0,0,7,6,0.1429
9,172.0000,12,1,477.3198,-86.7848,0.3350,31,0.7949,0.0000,4,6,3,0,0,6,3,0.5000
9,172.0000,12,2,709.1932,-87.7029,-0.0947,18,0.4615,1.0000,8,6,4,0,0,6,4,0.3333
9,172.0000,12,5,720.4909,-88.1797,0.8181,10,0.2564,0.7500,8,6,3,0,0,6,3,0.5000
9,172.0000,12,6,902.2355,-88.4238,-0.1786,5,0.1282,,0,8,8,0,0,8,8,0.0000
9,172.0000,12,7,306.9338,-81.0336,-0.5657,39,1.0000,0.0000,4,6,2,0,0,6,2,0.6667
9,172.0000,12,9,715.4787,-88.5380,0.2344,9,0.2308,0.7778,9,7,6,0,0,7,6,0.1429
9,172.0000,12,11,658.6616,-87.3072,0.0947,27,0.6923,0.7143,7,7,4,0,0,7,4,0.4286
9,172.0000,12,14,267.7227,-81.1554,0.1974,38,0.9744,0.0000,4,4,0,0,0,4,0,1.0000
9,172.0000,13,8,492.6386,-86.1367,-0.2274,36,0.9000,0.6410,39,5,1,19,8,24,9,0.6250
9,172.0000,13,10,828.3760,-87.9614,-0.4125,16,0.4000,0.8750,8,6,6,0,0,6,6,0.0000
9,172.0000,13,11,790.4268,-88.7942,-0.0912,12,0.3000,0.8750,8,7,5,0,0,7,5,0.2857
9,172.0000,14,1,464.1139,-85.2503,0.4959,34,0.8500,0.4000,5,6,4,0,0,6,4,0.3333
9,172.0000,14,2,785.8511,-88.2881,-0.5697,12,0.3000,1.0000,8,8,7,0,0,8,7,0.1250
9,172.0000,14,4,1098.9272,-89.0218,-0.3360,5,0.1250,1.0000,8,4,4,0,0,4,4,0.0000
9,172.0000,14,5,846.6999,-89.0632,-0.2363,7,0.1750,0.8571,7,8,7,0,0,8,7,0.1250
9,172.0000,14,6,764.8556,-88.2766,0.3318,16,0.4000,0.8571,7,8,8,0,0,8,8,0.0000
9,172.0000,14,7,242.0332,-82.1775,1.0444,37,0.9250,0.1250,8,4,0,0,0,4,0,1.0000
9,172.0000,14,9,868.8764,-88.3926,0.5721,12,0.3000,0.5000,6,8,8,0,0,8,8,0.0000
9,172.0000,14,11,836.5661,-88.7955,0.4731,5,0.1250,1.0000,8,8,8,0,0,8,8,0.0000
9,172.0000,14,12,267.7227,-81.2971,0.7473,40,1.0000,0.2000,5,4,0,0,0,4,0,1.0000
9,176.0000,0,10,789.7795,-88.6831,0.0061,9,0.2195,0.8750,8,7,6,0,0,7,6,0.1429
9,176.0000,1,2,578.8310,-86.4599,-0.0980,34,0.8500,0.2000,5,5,2,0,0,5,2,0.6000
9,176.0000,1,5,556.8211,-86.0854,-0.4783,32,0.8000,0.0000,4,8,7,0,0,8,7,0.1250
9,176.0000,1,6,381.5538,-84.8048,0.5595,36,0.9000,0.2000,5,4,0,0,0,4,0,1.0000
9,176.0000,1,7,551.4663,-86.5262,-0.5876,32,0.8000,0.8571,7,4,0,25,13,29,13,0.5517
9,176.0000,1,9,760.0514,-87.6546,0.0929,20,0.5000,0.9528,127,8,8,64,62,72,70,0.0278
9,176.0000,1,12,420.9568,-84.4883,0.2234,34,0.8500,0.2000,5,5,1,54,38,59,39,0.3390
9,176.0000,1,14,418.5135,-84.3060,0.4521,34,0.8500,0.4000,5,5,1,0,0,5,1,0.8000
9,176.0000,2,1,578.8310,-85.9831,-0.8513,33,0.8250,0.3333,6,6,4,106,94,112,98,0.1250
9,176.0000,2,5,361.7901,-83.5431,0.3010,37,0.9250,0.0000,4,4,0,0,0,4,0,1.0000
9,176.0000,2,6,818.7541,-88.4128,0.1650,11,0.2750,1.0000,6,9,8,0,0,9,8,0.1111
9,176.0000,2,7,842.8537,-88.7595,-0.3234,16,0.4000,1.0000,10,8,7,0,0,8,7,0.1250
9,176.0000,2,9,267.7152,-80.6023,-0.6687,40,1.0000,0.0597,67,4,0,71,11,75,11,0.8533
9,176.0000,2,12,609.3606,-87.4803,0.3880,29,0.7250,0.9076,119,7,4,12,11,19,15,0.2105
9,176.0000,2,14,751.7102,-88.0364,-0.4828,12,0.3000,0.9091,11,7,6,0,0,7,6,0.1429
9,176.0000,3,4,304.0725,-83.5600,0.7336,39,0.9750,0.0000,4,4,0,0,0,4,0,1.0000
9,176.0000,4,3,304.0725,-84.0477,0.7412,38,0.9500,0.0000,5,4,0,0,0,4,0,1.0000
9,176.0000,5,1,556.8211,-86.1050,-0.2650,35,0.8750,0.3333,6,7,5,0,0,7,5,0.2857
9,176.0000,5,2,361.7901,-83.4919,-0.0416,39,0.9750,0.0000,4,4,0,0,0,4,0,1.0000
9,176.0000,5,6,802.6757,-88.9020,-0.0897,13,0.3250,1.0000,8,8,7,0,0,8,7,0.1250
9,176.0000,5,7,933.7934,-89.1947,-0.1485,6,0.1500,1.0000,6,8,8,0,0,8,8,0.0000
9,176.0000,5,9,405.2079,-83.9559,0.1174,37,0.9250,0.0000,4,4,0,0,0,4,0,1.0000
9,176.0000,5,12,584.6170,-87.5608,0.1307,25,0.6250,0.4000,5,7,5,0,0,7,5,0.2857
9,176.0000,5,14,786.4222,-89.0072,0.1531,12,0.3000,1.0000,8,7,5,0,0,7,5,0.2857
9,176.0000,6,1,381.5538,-84.8139,0.8766,34,0.8500,0.0000,4,4,0,0,0,4,0,1.0000
9,176.0000,6,2,818.7541,-88.6862,0.3499,13,0.3250,0.8750,8,7,6,0,0,7,6,0.1429
9,176.0000,6,5,802.6757,-88.6268,0.0743,18,0.4500,0.8750,8,7,6,0,0,7,6,0.1429
9,176.0000,6,7,836.7552,-88.5093,-0.3771,8,0.2000,1.0000,6,8,8,0,0,8,8,0.0000
9,176.0000,6,9,1051.3632,-89.4003,-0.0494,5,0.1250,1.0000,6,6,6,0,0,6,6,0.0000
9,176.0000,6,12,800.0355,-89.4311,0.1143,8,0.2000,1.0000,6,8,8,0,0,8,8,0.0000
9,176.0000,6,14,744.2595,-88.6213,0.2483,17,0.4250,0.7500,8,7,6,0,0,7,6,0.1429
9,176.0000,7,1,551.4663,-87.1603,0.1884,23,0.5610,0.4000,5,5,1,0,0,5,1,0.8000
9,176.0000,7,2,842.8537,-89.2325,0.0342,8,0.1951,1.0000,8,7,6,0,0,7,6,0.1429
9,176.0000,7,5,933.7934,-89.6914,-0.1673,3,0.0732,1.0000,8,4,4,0,0,4,4,0.0000
9,176.0000,7,6,836.7552,-88.6815,0.2503,6,0.1463,0.8571,7,7,6,0,0,7,6,0.1429
9,176.0000,7,9,931.3444,-87.9358,0.0328,4,0.0976,0.8750,8,6,6,0,0,6,6,0.0000
9,176.0000,7,11,802.2039,-88.4159,-0.0653,18,0.4390,0.7500,8,8,8,17,16,25,24,0.0400
9,176.0000,7,12,406.3806,-82.8842,-0.2666,39,0.9512,0.0000,4,6,2,0,0,6,2,0.6667
9,176.0000,7,14,179.1443,-77.6254,0.7773,40,0.9756,0.0000,4,4,0,0,0,4,0,1.0000
9,176.0000,8,10,960.8335,-88.9749,-0.2504,9,0.2250,1.0000,8,8,8,0,0,8,8,0.0000
9,176.0000,8,11,977.0845,-89.4419,0.1351,3,0.0750,1.0000,6,8,8,0,0,8,8,0.0000
9,176.0000,8,13,497.6394,-86.1493,0.0808,37,0.9250,0.4000,5,4,0,0,0,4,0,1.0000
9,176.0000,9,1,760.0514,-87.2518,0.5837,20,0.5000,0.7143,7,8,8,0,0,8,8,0.0000
9,176.0000,9,2,267.7152,-79.9819,-0.0840,38,0.9500,0.0000,4,4,0,0,0,4,0,1.0000
9,176.0000,9,5,405.2079,-84.1927,-0.5207,37,0.9250,0.0000,4,4,0,0,0,4,0,1.0000
9,176.0000,9,7,931.3444,-88.9013,0.0604,5,0.1250,1.0000,8,8,8,0,0,8,8,0.0000
9,176.0000,9,11,945.5511,-88.3388,-0.2043,5,0.1250,0.8571,7,8,8,0,0,8,8,0.0000
9,176.0000,9,12,642.5932,-87.8852,0.2095,24,0.6000,0.7143,7,7,5,0,0,7,5,0.2857
9,176.0000,9,14,838.7266,-88.7354,-0.0884,13,0.3250,0.8750,8,7,6,0,0,7,6,0.1429
9,176.0000,10,0,789.7795,-88.6812,0.4937,12,0.3000,1.0000,8,7,5,0,0,7,5,0.2857
9,176.0000,10,8,960.8335,-88.6508,0.2843,7,0.1750,1.0000,8,8,8,0,0,8,8,0.0000
9,176.0000,10,13,959.6387,-89.1825,-0.1455,3,0.0750,0.9843,127,4,4,12,12,16,16,0.0000
9,176.0000,11,5,1149.0285,-89.1448,0.2999,3,0.0750,1.0000,2,8,8,0,0,8,8,0.0000
9,176.0000,11,7,802.2039,-87.3691,-0.5375,12,0.3000,0.7500,8,8,8,0,0,8,8,0.0000
9,176.0000,11,8,977.0845,-89.4341,0.0159,3,0.0750,1.0000,6,8,8,0,0,8,8,0.0000
9,176.0000,11,9,945.5511,-88.7274,-0.3038,8,0.2000,1.0000,8,8,8,0,0,8,8,0.0000
9,176.0000,11,10,1015.7112,-88.8549,0.8205,4,0.1000,1.0000,4,0,0,12,12,12,12,0.0000
9,176.0000,11,12,747.2581,-87.8903,-0.3220,19,0.4750,0.8750,8,7,6,0,0,7,6,0.1429
9,176.0000,11,13,679.5820,-87.8530,0.5932,16,0.4000,0.8571,7,8,7,0,0,8,7,0.1250
9,176.0000,11,14,820.7812,-88.1215,0.6613,13,0.3250,0.8571,7,7,6,0,0,7,6,0.1429
9,176.0000,12,1,420.9568,-85.3602,0.5812,35,0.8750,0.5000,6,5,1,0,0,5,1,0.8000
9,176.0000,12,2,609.3606,-87.6427,0.0575,24,0.6000,0.6667,6,5,2,0,0,5,2,0.6000
9,176.0000,12,5,584.6170,-87.7532,-0.0304,23,0.5750,0.5000,6,6,3,0,0,6,3,0.5000
9,176.0000,12,6,800.0355,-88.5610,0.2797,8,0.2000,1.0000,8,8,7,0,0,8,7,0.1250
9,176.0000,12,7,406.3806,-83.1962,-0.5916,35,0.8750,0.3333,6,5,1,0,0,5,1,0.8000
9,176.0000,12,9,642.5932,-87.6477,0.3893,22,0.5500,0.8571,7,6,3,33,25,39,28,0.2821
9,176.0000,12,11,747.2581,-87.6476,-0.4001,20,0.5000,0.5714,7,7,5,0,0,7,5,0.2857
9,176.0000,12,14,255.4285,-80.0080,-0.5318,39,0.9750,0.0000,4,4,0,0,0,4,0,1.0000
9,176.0000,13,8,497.6394,-86.2666,-0.2040,37,0.9250,0.3750,24,5,2,0,0,5,2,0.6000
9,176.0000,13,10,959.6387,-88.4164,-0.3924,7,0.1750,1.0000,6,8,8,0,0,8,8,0.0000
9,176.0000,13,11,679.5820,-87.9099,0.6830,14,0.3500,0.7143,7,7,6,0,0,7,6,0.1429
9,176.0000,14,1,418.5135,-84.9835,0.0843,35,0.8750,0.6667,6,4,0,0,0,4,0,1.0000
9,176.0000,14,2,751.7102,-88.2072,-0.1806,12,0.3000,0.8750,8,8,8,0,0,8,8,0.0000
9,176.0000,14,5,786.4222,-88.1926,-0.3063,10,0.2500,0.8750,8,7,5,0,0,7,5,0.2857
9,176.0000,14,6,744.2595,-88.3270,0.3791,21,0.5250,1.0000,8,8,8,0,0,8,8,0.0000
9,176.0000,14,7,179.1443,-77.5395,0.9953,39,0.9750,0.0000,4,4,0,0,0,4,0,1.0000
9,176.0000,14,9,838.7266,-88.8325,0.0036,10,0.2500,1.0000,8,8,7,0,0,8,7,0.1250
9,176.0000,14,11,820.7812,-88.3677,-0.0876,15,0.3750,1.0000,8,7,5,0,0,7,5,0.2857
9,176.0000,14,12,255.4285,-80.3353,-0.2608,39,0.9750,0.0000,4,4,0,0,0,4,0,1.0000
9,180.0000,0,10,761.9629,-88.3456,0.1673,18,0.4500,0.8571,7,8,8,0,0,8,8,0.0000
9,180.0000,1,2,727.5908,-87.8753,-0.4253,21,0.5385,0.4000,5,8,8,0,0,8,8,0.0000
9,180.0000,1,5,685.0705,-87.4776,0.0735,26,0.6667,0.8750,8,6,4,0,0,6,4,0.3333
9,180.0000,1,6,290.1474,-82.6060,0.1370,38,0.9744,0.0000,4,4,0,0,0,4,0,1.0000
9,180.0000,1,7,480.4727,-86.6338,0.1088,32,0.8205,0.4483,29,5,1,4,2,9,3,0.6667
9,180.0000,1,9,931.5909,-88.4686,0.1981,7,0.1795,0.9722,72,8,8,0,0,8,8,0.0000
9,180.0000,1,12,495.6014,-85.4511,-0.1164,35,0.8974,0.6610,59,6,3,64,57,70,60,0.1429
9,180.0000,1,14,441.7596,-84.9465,0.0521,31,0.7949,0.2000,5,6,2,53,34,59,36,0.3898
9,180.0000,2,1,727.5908,-87.6269,-0.3606,27,0.6750,0.8750,112,8,7,8,6,16,13,0.1875
9,180.0000,2,5,359.9747,-83.2734,0.4866,38,0.9500,0.0000,4,4,0,0,0,4,0,1.0000
9,180.0000,2,6,829.6404,-88.6649,-0.2961,9,0.2250,0.8889,9,6,6,0,0,6,6,0.0000
9,180.0000,2,7,905.9636,-88.5296,-0.1347,13,0.3250,0.8750,8,8,8,0,0,8,8,0.0000
9,180.0000,2,9,278.9705,-80.4431,-0.0353,38,0.9500,0.1467,75,4,0,67,9,71,9,0.8732
9,180.0000,2,12,529.5708,-86.6028,0.2377,27,0.6750,0.7895,19,5,2,62,51,67,53,0.2090
9,180.0000,2,14,718.9266,-88.4419,0.0799,23,0.5750,0.8571,7,6,4,0,0,6,4,0.3333
9,180.0000,3,4,305.3494,-81.2280,0.2015,40,1.0000,0.0000,4,3,0,0,0,3,0,1.0000
9,180.0000,4,3,305.3494,-81.1028,-0.0472,40,1.0000,0.0000,4,4,0,0,0,4,0,1.0000
9,180.0000,5,1,685.0705,-86.7769,-0.6195,26,0.6341,0.7143,7,8,8,0,0,8,8,0.0000
9,180.0000,5,2,359.9747,-83.1836,-0.2638,38,0.9268,0.0000,4,5,1,0,0,5,1,0.8000
9,180.0000,5,6,795.3717,-88.2969,-0.2017,8,0.1951,0.8750,8,8,8,0,0,8,8,0.0000
9,180.0000,5,7,963.5357,-88.6307,-1.8664,4,0.0976,1.0000,8,8,8,0,0,8,8,0.0000
9,180.0000,5,9,421.0775,-84.5095,-0.1524,36,0.8780,0.0000,4,4,0,0,0,4,0,1.0000
9,180.0000,5,12,478.9783,-86.6909,0.1828,33,0.8049,0.7143,7,4,0,0,0,4,0,1.0000
9,180.0000,5,14,737.9605,-88.0089,0.1671,17,0.4146,0.7143,7,8,6,0,0,8,6,0.2500
9,180.0000,6,1,290.1474,-82.1820,0.9366,37,0.9250,0.0000,4,4,0,0,0,4,0,1.0000
9,180.0000,6,2,829.6404,-88.9517,-0.1843,10,0.2500,0.8571,7,8,8,0,0,8,8,0.0000
9,180.0000,6,5,795.3717,-88.7223,0.0137,15,0.3750,0.8571,7,7,6,0,0,7,6,0.1429
9,180.0000,6,7,723.1701,-88.5058,0.1789,12,0.3000,1.0000,8,7,6,0,0,7,6,0.1429
9,180.0000,6,9,1074.2374,-89.1839,-0.1809,3,0.0750,1.0000,6,2,2,0,0,2,2,0.0000
9,180.0000,6,12,751.4821,-88.3766,-0.0783,17,0.4250,1.0000,8,7,5,0,0,7,5,0.2857
9,180.0000,6,14,723.7760,-88.1543,-0.1716,16,0.4000,0.8571,7,8,7,0,0,8,7,0.1250
9,180.0000,7,1,480.4727,-85.7050,0.4689,32,0.8000,0.2000,5,5,1,0,0,5,1,0.8000
9,180.0000,7,2,905.9636,-88.8454,0.0445,8,0.2000,0.8571,7,8,8,0,0,8,8,0.0000
9,180.0000,7,5,963.5357,-88.8567,-0.0783,4,0.1000,1.0000,4,8,8,0,0,8,8,0.0000
9,180.0000,7,6,723.1701,-88.3634,-0.0560,14,0.3500,0.8571,7,5,2,0,0,5,2,0.6000
9,180.0000,7,9,1044.6135,-88.9714,0.2450,4,0.1000,1.0000,6,2,2,0,0,2,2,0.0000
9,180.0000,7,11,937.7732,-88.6397,-1.1038,7,0.1750,0.9600,25,6,6,0,0,6,6,0.0000
9,180.0000,7,12,544.6810,-85.9360,-0.9078,32,0.8000,0.3333,6,5,2,0,0,5,2,0.6000
9,180.0000,7,14,265.5068,-77.9856,-1.0640,40,1.0000,0.0000,4,4,0,0,0,4,0,1.0000
9,180.0000,8,11,884.5513,-89.2962,0.2355,5,0.1250,1.0000,8,8,7,0,0,8,7,0.1250
9,180.0000,8,13,497.1179,-85.6404,0.0411,35,0.8750,0.0000,4,4,0,0,0,4,0,1.0000
9,180.0000,9,1,931.5909,-88.9104,-0.0009,18,0.4500,1.0000,8,8,8,0,0,8,8,0.0000
9,180.0000,9,2,278.9705,-80.4903,-0.0511,40,1.0000,0.0000,4,4,0,0,0,4,0,1.0000
9,180.0000,9,5,421.0775,-84.2999,-0.2302,37,0.9250,0.0000,4,5,0,0,0,5,0,1.0000
9,180.0000,9,11,972.8575,-88.9049,0.1845,3,0.0750,1.0000,8,6,6,0,0,6,6,0.0000
9,180.0000,9,12,589.0045,-87.3840,0.5344,22,0.5500,0.7143,7,6,3,0,0,6,3,0.5000
9,180.0000,9,14,820.2723,-88.3730,0.2809,11,0.2750,0.8571,7,8,8,0,0,8,8,0.0000
9,180.0000,10,0,761.9629,-88.3206,-0.5045,20,0.5128,0.7143,7,8,7,0,0,8,7,0.1250
9,180.0000,10,8,1070.0830,-89.4510,0.6630,3,0.0769,1.0000,8,2,2,0,0,2,2,0.0000
9,180.0000,10,13,1124.6001,-89.0001,-0.2273,6,0.1538,1.0000,16,4,4,0,0,4,4,0.0000
9,180.0000,11,7,937.7732,-88.5995,0.6472,10,0.2564,1.0000,8,6,6,0,0,6,6,0.0000
9,180.0000,11,8,884.5513,-88.9433,-0.2513,6,0.1538,1.0000,8,7,5,0,0,7,5,0.2857
9,180.0000,11,9,972.8575,-88.5485,0.0584,6,0.1538,1.0000,8,6,6,0,0,6,6,0.0000
9,180.0000,11,12,798.5606,-88.5855,0.2328,16,0.4103,0.8571,7,7,6,0,0,7,6,0.1429
9,180.0000,11,13,594.5607,-87.0467,0.3418,32,0.8205,0.8750,8,5,1,0,0,5,1,0.8000
9,180.0000,11,14,795.2817,-89.0067,0.0269,9,0.2308,0.8571,7,7,6,0,0,7,6,0.1429
9,180.0000,12,1,495.6014,-85.3849,-0.2229,37,0.9024,0.2000,5,6,3,0,0,6,3,0.5000
9,180.0000,12,2,529.5708,-87.5551,0.5844,25,0.6098,0.4000,5,6,4,0,0,6,4,0.3333
9,180.0000,12,5,478.9783,-87.4179,0.2591,33,0.8049,0.5000,6,4,0,0,0,4,0,1.0000
9,180.0000,12,6,751.4821,-87.9363,-0.8182,7,0.1707,0.8750,8,8,7,0,0,8,7,0.1250
9,180.0000,12,7,544.6810,-85.1103,-0.8029,33,0.8049,0.2000,5,6,3,0,0,6,3,0.5000
9,180.0000,12,9,589.0045,-86.6744,0.5600,27,0.6585,0.7179,39,5,1,12,8,17,9,0.4706
9,180.0000,12,11,798.5606,-88.5462,-0.0731,12,0.2927,0.7143,7,8,8,27,25,35,33,0.0571
9,180.0000,12,14,285.3863,-80.9709,-0.3344,40,0.9756,0.0000,4,4,0,0,0,4,0,1.0000
9,180.0000,13,8,497.1179,-86.0904,0.5933,37,0.9250,0.4000,5,7,2,0,0,7,2,0.7143
9,180.0000,13,11,594.5607,-87.4275,0.5201,27,0.6750,0.8571,7,5,1,0,0,5,1,0.8000
9,180.0000,14,1,441.7596,-84.5984,-0.1920,36,0.9000,0.0000,4,5,1,0,0,5,1,0.8000
9,180.0000,14,2,718.9266,-88.4211,-0.5026,16,0.4000,1.0000,8,7,4,0,0,7,4,0.4286
9,180.0000,14,5,737.9605,-88.3348,-0.0283,19,0.4750,0.7143,7,8,7,0,0,8,7,0.1250
9,180.0000,14,6,723.7760,-88.0886,0.0518,14,0.3500,1.0000,8,7,5,0,0,7,5,0.2857
9,180.0000,14,7,265.5068,-78.0365,-0.8201,38,0.9500,0.0000,4,4,0,0,0,4,0,1.0000
9,180.0000,14,9,820.2723,-87.8528,-0.2201,8,0.2000,0.8750,8,8,8,50,45,58,53,0.0862
9,180.0000,14,11,795.2817,-88.7625,0.2059,16,0.4000,0.7143,7,8,7,0,0,8,7,0.1250
9,180.0000,14,12,285.3863,-80.3415,-0.6490,38,0.9500,0.0000,4,4,0,0,0,4,0,1.0000
9,184.0000,0,10,806.7186,-88.5019,-0.4971,16,0.4000,1.0000,8,8,8,0,0,8,8,0.0000
9,184.0000,1,2,888.0386,-88.8947,-0.0651,16,0.4000,1.0000,8,6,6,0,0,6,6,0.0000
9,184.0000,1,5,800.7392,-88.1123,-0.1624,24,0.6000,0.6667,6,8,7,0,0,8,7,0.1250
9,184.0000,1,6,241.8745,-80.7515,0.3654,40,1.0000,0.0000,4,4,0,60,5,64,5,0.9219
9,184.0000,1,7,417.1965,-85.3817,0.6268,34,0.8500,0.3333,9,4,0,0,0,4,0,1.0000
9,184.0000,1,9,1105.9420,-89.0710,0.1639,5,0.1250,1.0000,8,2,2,0,0,2,2,0.0000
9,184.0000,1,12,650.5826,-86.4092,-0.6215,30,0.7500,0.8571,70,7,6,0,0,7,6,0.1429
9,184.0000,1,14,532.4635,-85.5493,-0.1259,34,0.8500,0.6102,59,6,4,10,7,16,11,0.3125
9,184.0000,2,1,888.0386,-88.1963,-0.4215,7,0.1795,0.8125,16,8,8,0,0,8,8,0.0000
9,184.0000,2,5,364.9649,-83.1366,0.3513,38,0.9744,0.0000,4,4,0,0,0,4,0,1.0000
9,184.0000,2,6,844.2029,-88.7182,0.2105,11,0.2821,1.0000,6,8,8,0,0,8,8,0.0000
9,184.0000,2,7,1003.5071,-89.0652,0.0656,6,0.1538,1.0000,8,6,6,0,0,6,6,0.0000
9,184.0000,2,9,293.8288,-80.8412,-0.6207,39,1.0000,0.1268,71,4,0,68,9,72,9,0.8750
9,184.0000,2,12,467.2251,-86.4684,-0.2675,31,0.7949,0.7910,67,4,0,0,0,4,0,1.0000
9,184.0000,2,14,696.9277,-88.6854,-0.0855,18,0.4615,0.6667,6,6,2,0,0,6,2,0.6667
9,184.0000,3,4,353.4527,-83.0286,0.0576,40,1.0000,0.0000,3,4,0,0,0,4,0,1.0000
9,184.0000,4,3,353.4527,-81.9992,-0.0675,40,1.0000,0.0000,4,3,0,0,0,3,0,1.0000
9,184.0000,5,1,800.7392,-88.2656,0.3094,16,0.4000,1.0000,8,8,6,0,0,8,6,0.2500
9,184.0000,5,2,364.9649,-83.4255,0.3854,38,0.9500,0.2000,5,5,1,0,0,5,1,0.8000
9,184.0000,5,6,773.9968,-88.9521,0.1449,14,0.3500,1.0000,8,6,4,0,0,6,4,0.3333
9,184.0000,5,7,997.0897,-89.6248,-0.0997,5,0.1250,1.0000,8,6,6,0,0,6,6,0.0000
9,184.0000,5,9,446.6303,-85.4016,-0.7063,33,0.8250,0.0000,4,4,0,0,0,4,0,1.0000
9,184.0000,5,12,360.2218,-85.2663,1.1937,34,0.8500,0.0000,4,4,0,0,0,4,0,1.0000
9,184.0000,5,14,668.8762,-87.6549,0.0702,16,0.4000,0.7500,8,7,4,0,0,7,4,0.4286
9,184.0000,6,1,241.8745,-79.9124,0.4844,39,0.9750,0.0000,4,4,0,0,0,4,0,1.0000
9,184.0000,6,2,844.2029,-88.8320,0.1880,10,0.2500,1.0000,8,8,8,0,0,8,8,0.0000
9,184.0000,6,5,773.9968,-87.8084,-0.1508,11,0.2750,0.8571,7,7,5,0,0,7,5,0.2857
9,184.0000,6,7,626.8206,-88.0245,-0.2347,23,0.5750,0.8571,7,5,1,0,0,5,1,0.8000
9,184.0000,6,12,728.4749,-88.1292,0.0098,17,0.4250,0.7143,7,7,4,0,0,7,4,0.4286
9,184.0000,6,14,695.2003,-87.5587,-0.4077,16,0.4000,0.8750,8,6,3,0,0,6,3,0.5000
9,184.0000,7,1,417.1965,-85.5515,0.0929,36,0.9000,0.2000,5,5,1,0,0,5,1,0.8000
9,184.0000,7,2,1003.5071,-88.7131,-0.3876,3,0.0750,1.0000,8,4,4,0,0,4,4,0.0000
9,184.0000,7,5,997.0897,-88.7032,-0.1809,4,0.1000,1.0000,8,8,8,0,0,8,8,0.0000
9,184.0000,7,6,626.8206,-87.6355,0.3780,25,0.6250,0.4000,5,5,2,0,0,5,2,0.6000
9,184.0000,7,12,709.8587,-86.7090,-0.6189,22,0.5500,0.4000,5,8,8,0,0,8,8,0.0000
9,184.0000,7,14,416.8622,-83.2204,-1.3641,39,0.9750,0.0000,4,5,2,0,0,5,2,0.6000
9,184.0000,8,11,794.4938,-88.6348,0.0924,13,0.3250,0.8750,8,8,6,0,0,8,6,0.2500
9,184.0000,8,13,490.3047,-86.1398,-0.2968,37,0.9250,0.0000,4,4,0,0,0,4,0,1.0000
9,184.0000,9,1,1105.9420,-89.4719,0.0203,3,0.0750,1.0000,8,8,8,0,0,8,8,0.0000
9,184.0000,9,2,293.8288,-81.4415,-0.1329,39,0.9750,0.0000,4,4,0,0,0,4,0,1.0000
9,184.0000,9,5,446.6303,-84.2068,-0.1687,37,0.9250,0.0000,5,6,3,0,0,6,3,0.5000
9,184.0000,9,12,536.8178,-86.7900,0.1887,30,0.7500,0.5000,6,6,2,0,0,6,2,0.6667
9,184.0000,9,14,801.4106,-89.1005,0.1111,6,0.1500,1.0000,8,8,8,0,0,8,8,0.0000
9,184.0000,10,0,806.7186,-88.4797,0.1452,13,0.3171,0.8750,8,8,8,0,0,8,8,0.0000
9,184.0000,11,8,794.4938,-88.6873,0.1948,9,0.2195,0.7143,7,8,7,0,0,8,7,0.1250
9,184.0000,11,12,856.8426,-88.8801,-0.1939,10,0.2439,0.8571,7,8,8,0,0,8,8,0.0000
9,184.0000,11,13,533.8912,-86.8215,-0.0598,30,0.7317,0.2000,5,5,1,0,0,5,1,0.8000
9,184.0000,11,14,790.0228,-88.8877,0.0666,10,0.2439,0.8571,7,8,8,0,0,8,8,0.0000
9,184.0000,12,1,650.5826,-86.7398,0.1437,29,0.7436,0.5000,6,7,5,0,0,7,5,0.2857
9,184.0000,12,2,467.2251,-85.5380,0.7215,30,0.7692,0.6667,6,4,0,0,0,4,0,1.0000
9,184.0000,12,5,360.2218,-84.3212,0.3062,36,0.9231,0.0000,4,5,2,0,0,5,2,0.6000
9,184.0000,12,6,728.4749,-88.1117,0.4802,11,0.2821,0.8750,8,7,5,0,0,7,5,0.2857
9,184.0000,12,7,709.8587,-86.9323,-0.9657,22,0.5641,0.5000,6,9,8,0,0,9,8,0.1111
9,184.0000,12,9,536.8178,-86.9657,0.0521,25,0.6410,0.5294,17,5,1,0,0,5,1,0.8000
9,184.0000,12,11,856.8426,-89.2030,0.0332,10,0.2564,0.9429,35,7,6,0,0,7,6,0.1429
9,184.0000,12,14,326.1244,-81.9432,0.0692,38,0.9744,0.0000,4,4,0,0,0,4,0,1.0000
9,184.0000,13,8,490.3047,-85.9948,-0.1666,35,0.8750,0.2857,7,5,1,0,0,5,1,0.8000
9,184.0000,13,11,533.8912,-86.3632,0.1917,30,0.7500,0.2000,5,7,4,0,0,7,4,0.4286
9,184.0000,14,1,532.4635,-85.9270,-0.6671,31,0.7750,0.2000,5,8,6,0,0,8,6,0.2500
9,184.0000,14,2,696.9277,-87.7756,-0.0276,22,0.5500,0.5714,7,7,5,0,0,7,5,0.2857
9,184.0000,14,5,668.8762,-88.1839,-0.1762,23,0.5750,0.8750,8,6,2,0,0,6,2,0.6667
9,184.0000,14,6,695.2003,-88.1973,0.0890,21,0.5250,0.7143,7,7,6,0,0,7,6,0.1429
9,184.0000,14,7,416.8622,-82.6965,-1.2823,39,0.9750,0.0000,4,5,1,0,0,5,1,0.8000
9,184.0000,14,9,801.4106,-88.7992,0.1008,10,0.2500,0.9138,58,8,8,8,8,16,16,0.0000
9,184.0000,14,11,790.0228,-88.5890,-0.4254,12,0.3000,0.8750,8,7,6,0,0,7,6,0.1429
9,184.0000,14,12,326.1244,-81.8232,-0.2983,37,0.9250,0.0000,4,4,0,0,0,4,0,1.0000
9,188.0000,0,10,861.4516,-88.6558,-0.2604,12,0.3000,1.0000,8,8,8,0,0,8,8,0.0000
9,188.0000,1,2,1040.4935,-88.8387,-0.1357,8,0.2000,1.0000,6,4,4,0,0,4,4,0.0000
9,188.0000,1,3,821.5335,-88.5872,0.2206,9,0.2250,0.7143,7,7,5,0,0,7,5,0.2857
9,188.0000,1,5,916.2734,-89.0918,-0.2821,11,0.2750,0.8750,8,8,8,0,0,8,8,0.0000
9,188.0000,1,6,267.6126,-79.5195,-0.0940,40,1.0000,0.0781,64,4,0,37,4,41,4,0.9024
9,188.0000,1,7,336.4890,-84.0525,0.2020,38,0.9500,0.0000,4,4,0,0,0,4,0,1.0000
9,188.0000,1,12,800.5978,-87.9937,0.4374,15,0.3750,0.8571,7,8,8,0,0,8,8,0.0000
9,188.0000,1,14,661.5598,-87.1126,0.0809,29,0.7250,0.6875,16,6,4,54,52,60,56,0.0667
9,188.0000,2,5,374.7482,-83.3213,0.4156,36,0.8780,0.0000,4,4,0,0,0,4,0,1.0000
9,188.0000,2,6,857.7285,-88.2818,-0.0386,10,0.2439,1.0000,8,9,8,0,0,9,8,0.1111
9,188.0000,2,9,312.0120,-81.6545,0.0440,40,0.9756,0.1250,72,6,1,69,10,75,11,0.8533
9,188.0000,2,12,394.2340,-84.4487,0.5250,35,0.8537,0.0000,4,6,3,0,0,6,3,0.5000
9,188.0000,2,14,664.3645,-87.6319,0.1081,21,0.5122,0.3333,6,7,5,0,0,7,5,0.2857
9,188.0000,3,1,821.5335,-88.8627,0.3452,9,0.2250,0.8571,7,9,8,0,0,9,8,0.1111
9,188.0000,3,4,430.0222,-84.5757,0.1315,39,0.9750,0.0000,4,5,2,0,0,5,2,0.6000
9,188.0000,3,6,959.4145,-89.3088,0.2365,4,0.1000,1.0000,2,7,6,0,0,7,6,0.1429
9,188.0000,4,3,430.0222,-83.6406,-0.4792,37,0.9250,0.0000,3,4,0,0,0,4,0,1.0000
9,188.0000,5,1,916.2734,-88.8027,-0.1315,9,0.2250,0.7500,8,8,8,0,0,8,8,0.0000
9,188.0000,5,2,374.7482,-84.0997,-0.1534,35,0.8750,0.2000,5,5,1,0,0,5,1,0.8000
9,188.0000,5,6,754.8045,-87.8798,0.5375,16,0.4000,0.6667,6,7,5,0,0,7,5,0.2857
9,188.0000,5,7,1030.6628,-89.3015,-0.3792,4,0.1000,1.0000,6,4,4,0,0,4,4,0.0000
9,188.0000,5,9,479.1440,-85.1970,-0.3020,35,0.8750,0.0000,4,4,0,0,0,4,0,1.0000
9,188.0000,5,12,231.3807,-81.1355,0.7506,35,0.8750,0.0000,4,4,0,0,0,4,0,1.0000
9,188.0000,5,14,602.2972,-87.3220,0.2620,17,0.4250,0.5714,7,6,4,0,0,6,4,0.3333
9,188.0000,6,1,267.6126,-79.7025,0.1286,40,1.0000,0.0000,4,4,0,0,0,4,0,1.0000
9,188.0000,6,2,857.7285,-89.0629,0.1027,8,0.2000,1.0000,8,7,6,0,0,7,6,0.1429
9,188.0000,6,5,754.8045,-88.6573,0.2378,10,0.2500,0.7143,7,8,7,0,0,8,7,0.1250
9,188.0000,6,7,529.2913,-87.1280,0.2828,35,0.8750,0.2000,5,5,0,0,0,5,0,1.0000
9,188.0000,6,12,686.8550,-88.2620,-0.1574,15,0.3750,0.5714,7,6,4,0,0,6,4,0.3333
9,188.0000,6,14,667.3936,-87.5203,0.0511,23,0.5750,0.5000,6,7,6,49,36,56,42,0.2500
9,188.0000,7,1,336.4890,-84.3367,-0.1784,38,0.9500,0.2000,5,4,0,0,0,4,0,1.0000
9,188.0000,7,3,985.6393,-89.1012,-0.6268,3,0.0750,,0,6,6,0,0,6,6,0.0000
9,188.0000,7,6,529.2913,-86.4584,0.6477,26,0.6500,0.4000,5,5,1,0,0,5,1,0.8000
9,188.0000,7,12,851.7178,-88.4766,-0.1567,14,0.3500,1.0000,8,8,8,0,0,8,8,0.0000
9,188.0000,7,14,573.6931,-85.9442,-0.9882,30,0.7500,0.4000,5,7,6,0,0,7,6,0.1429
9,188.0000,8,11,704.7249,-88.0854,0.1410,17,0.4250,0.7500,8,7,5,0,0,7,5,0.2857
9,188.0000,8,13,480.7864,-85.2275,-0.0908,33,0.8250,0.0000,4,4,0,0,0,4,0,1.0000
9,188.0000,9,2,312.0120,-81.8106,-0.0984,38,0.9500,0.0000,4,4,0,0,0,4,0,1.0000
9,188.0000,9,5,479.1440,-85.5673,-0.0165,34,0.8500,0.5000,6,7,3,0,0,7,3,0.5714
9,188.0000,9,12,508.3413,-86.8703,-0.3392,30,0.7500,0.3333,6,7,3,0,0,7,3,0.5714
9,188.0000,9,14,777.9108,-88.2498,0.3326,10,0.2500,1.0000,8,8,6,0,0,8,6,0.2500
9,188.0000,10,0,861.4516,-88.7896,-0.2572,12,0.3000,1.0000,8,8,8,0,0,8,8,0.0000
9,188.0000,11,8,704.7249,-88.4196,-0.0085,15,0.3750,0.8750,8,6,4,0,0,6,4,0.3333
9,188.0000,11,12,958.8243,-88.2270,-0.2794,6,0.1500,1.0000,8,6,6,0,0,6,6,0.0000
9,188.0000,11,13,439.8563,-85.4183,1.0120,34,0.8500,0.2000,5,4,0,0,0,4,0,1.0000
9,188.0000,11,14,791.9432,-88.7882,-0.2043,11,0.2750,1.0000,8,8,8,0,0,8,8,0.0000
9,188.0000,12,1,800.5978,-88.3742,-0.7386,17,0.4250,0.7143,7,6,6,0,0,6,6,0.0000
9,188.0000,12,2,394.2340,-84.8149,0.0417,34,0.8500,0.0000,4,3,0,0,0,3,0,1.0000
9,188.0000,12,5,231.3807,-81.1843,1.4140,40,1.0000,0.4000,5,4,0,0,0,4,0,1.0000
9,188.0000,12,6,686.8550,-87.6182,0.1814,24,0.6000,0.7143,7,6,3,0,0,6,3,0.5000
9,188.0000,12,7,851.7178,-88.2598,-0.3809,13,0.3250,0.8889,9,8,8,0,0,8,8,0.0000
9,188.0000,12,9,508.3413,-85.8747,0.2931,34,0.8500,0.2000,5,7,4,0,0,7,4,0.4286
9,188.0000,12,11,958.8243,-88.7653,-0.1057,9,0.2250,0.8571,7,4,4,0,0,4,4,0.0000
9,188.0000,12,14,374.3684,-83.9533,-0.5485,38,0.9500,0.0000,4,4,0,0,0,4,0,1.0000
9,188.0000,13,8,480.7864,-85.7723,-0.0926,38,0.9500,0.2000,5,4,0,0,0,4,0,1.0000
9,188.0000,13,11,439.8563,-85.9899,0.1462,31,0.7750,0.5714,7,6,2,0,0,6,2,0.6667
9,188.0000,14,1,661.5598,-86.8533,-0.3648,23,0.5750,0.7500,8,7,6,0,0,7,6,0.1429
9,188.0000,14,2,664.3645,-88.1034,-0.5052,21,0.5250,0.7143,7,7,4,0,0,7,4,0.4286
9,188.0000,14,5,602.2972,-87.3569,0.0071,24,0.6000,0.3333,6,7,6,0,0,7,6,0.1429
9,188.0000,14,6,667.3936,-87.7299,-0.1616,21,0.5250,0.8571,7,7,5,0,0,7,5,0.2857
9,188.0000,14,7,573.6931,-85.3302,-0.5516,32,0.8000,0.2000,5,6,4,0,0,6,4,0.3333
9,188.0000,14,9,777.9108,-88.8543,-0.4922,12,0.3000,1.0000,16,7,5,49,45,56,50,0.1071
9,188.0000,14,11,791.9432,-89.2247,-0.0897,10,0.2500,0.8571,7,8,7,0,0,8,7,0.1250
9,188.0000,14,12,374.3684,-83.2559,-0.2675,38,0.9500,0.0000,4,4,0,0,0,4,0,1.0000
9,192.0000,0,10,939.7913,-88.5257,-0.1987,5,0.1250,1.0000,8,8,8,0,0,8,8,0.0000
9,192.0000,1,3,703.9056,-88.5945,0.3583,15,0.3750,0.7143,7,6,4,0,0,6,4,0.3333
9,192.0000,1,5,1041.5698,-88.8474,-0.1440,5,0.1250,1.0000,8,4,4,0,0,4,4,0.0000
9,192.0000,1,6,370.7605,-81.8958,-0.5220,40,1.0000,0.0976,41,4,0,0,0,4,0,1.0000
9,192.0000,1,7,271.8379,-80.8277,0.9304,39,0.9750,0.0000,4,4,0,0,0,4,0,1.0000
9,192.0000,1,12,960.8718,-88.8032,1.7503,3,0.0750,1.0000,8,4,4,0,0,4,4,0.0000
9,192.0000,1,14,792.5854,-87.7703,0.0628,17,0.4250,0.9333,60,8,8,119,116,127,124,0.0236
9,192.0000,2,5,376.6359,-83.5892,0.5629,39,0.9750,0.0000,4,4,0,0,0,4,0,1.0000
9,192.0000,2,6,852.8744,-88.5435,-0.0403,9,0.2250,0.8889,9,8,8,0,0,8,8,0.0000
9,192.0000,2,9,329.3905,-81.5464,-0.0997,40,1.0000,0.1467,75,3,0,67,10,70,10,0.8571
9,192.0000,2,12,330.5591,-83.0131,0.6521,36,0.9000,0.5000,6,4,0,0,0,4,0,1.0000
9,192.0000,2,14,632.6963,-87.3362,-0.1762,22,0.5500,0.7143,7,5,2,0,0,5,2,0.6000
9,192.0000,3,1,703.9056,-87.8860,-0.2897,20,0.5000,0.8889,9,5,4,0,0,5,4,0.2000
9,192.0000,3,4,522.5554,-85.6295,0.0887,33,0.8250,0.4000,5,7,4,0,0,7,4,0.4286
9,192.0000,3,6,938.9807,-88.6367,0.1985,4,0.1000,0.8571,7,8,8,0,0,8,8,0.0000
9,192.0000,3,7,859.8498,-88.6796,0.2637,7,0.1750,0.8750,8,8,7,0,0,8,7,0.1250
9,192.0000,4,3,522.5554,-85.6545,-0.3676,34,0.8500,0.0000,4,6,3,0,0,6,3,0.5000
9,192.0000,5,1,1041.5698,-88.6642,-0.6178,4,0.1000,1.0000,8,2,2,0,0,2,2,0.0000
9,192.0000,5,2,376.6359,-83.2358,-0.2811,35,0.8750,0.2000,5,4,0,0,0,4,0,1.0000
9,192.0000,5,6,737.7257,-88.0747,0.1122,14,0.3500,0.7143,7,6,3,0,0,6,3,0.5000
9,192.0000,5,9,502.2397,-85.8946,-0.0050,34,0.8500,0.0000,4,8,5,0,0,8,5,0.3750
9,192.0000,5,12,133.5832,-76.6250,1.3518,37,0.9250,0.0000,4,4,0,0,0,4,0,1.0000
9,192.0000,5,14,559.8951,-86.5291,-0.2612,24,0.6000,0.6667,6,5,1,0,0,5,1,0.8000
9,192.0000,6,1,370.7605,-82.0992,-1.2501,39,0.9512,0.0000,4,6,3,0,0,6,3,0.5000
9,192.0000,6,2,852.8744,-88.6032,-0.2413,12,0.2927,0.8571,7,8,8,0,0,8,8,0.0000
9,192.0000,6,3,938.9807,-88.7826,-1.4144,4,0.0976,1.0000,6,10,10,0,0,10,10,0.0000
9,192.0000,6,5,737.7257,-88.1258,-0.0384,13,0.3171,0.8750,8,7,6,0,0,7,6,0.1429
9,192.0000,6,7,519.4773,-86.4812,0.3136,36,0.8780,0.0000,5,4,2,0,0,4,2,0.5000
9,192.0000,6,12,662.1335,-88.1085,-0.2536,24,0.5854,0.6667,6,8,8,0,0,8,8,0.0000
9,192.0000,6,14,645.3818,-87.6145,-0.0747,24,0.5854,0.7500,56,7,5,0,0,7,5,0.2857
9,192.0000,7,1,271.8379,-81.5980,0.6527,40,1.0000,0.0000,4,4,0,0,0,4,0,1.0000
9,192.0000,7,3,859.8498,-88.5693,0.5621,6,0.1500,1.0000,6,6,3,0,0,6,3,0.5000
9,192.0000,7,6,519.4773,-86.0801,0.2205,36,0.9000,0.2000,5,7,3,0,0,7,3,0.5714
9,192.0000,7,12,1016.9414,-89.3067,0.1269,5,0.1250,1.0000,8,2,2,0,0,2,2,0.0000
9,192.0000,7,14,742.8599,-87.1748,-0.5993,18,0.4500,0.8571,7,7,5,0,0,7,5,0.2857
9,192.0000,8,11,609.1267,-88.2344,-0.1254,20,0.5000,0.7143,7,7,4,0,0,7,4,0.4286
9,192.0000,8,13,476.1137,-85.8926,-0.1891,38,0.9500,0.0000,4,5,2,0,0,5,2,0.6000
9,192.0000,9,2,329.3905,-82.1391,-0.2539,40,1.0000,0.0000,4,4,0,0,0,4,0,1.0000
9,192.0000,9,5,502.2397,-86.3785,-0.1157,37,0.9250,0.4286,7,5,2,0,0,5,2,0.6000
9,192.0000,9,11,1055.7049,-89.6179,0.2149,3,0.0750,1.0000,6,4,4,0,0,4,4,0.0000
9,192.0000,9,12,509.6491,-86.2246,0.5140,32,0.8000,0.4286,7,5,1,0,0,5,1,0.8000
9,192.0000,9,14,777.9989,-87.9693,-0.0713,16,0.4000,0.7500,8,8,8,0,0,8,8,0.0000
9,192.0000,10,0,939.7913,-89.3005,-0.1436,10,0.2500,1.0000,8,8,8,0,0,8,8,0.0000
9,192.0000,11,8,609.1267,-87.2876,0.1785,21,0.5250,0.6667,6,5,2,0,0,5,2,0.6000
9,192.0000,11,13,305.6609,-83.4767,1.0881,40,1.0000,0.0000,4,4,0,0,0,4,0,1.0000
9,192.0000,11,14,795.6574,-88.3502,-0.0182,10,0.2500,1.0000,8,8,6,0,0,8,6,0.2500
9,192.0000,12,1,960.8718,-88.8760,-0.2553,8,0.2000,1.0000,6,2,2,0,0,2,2,0.0000
9,192.0000,12,2,330.5591,-83.2771,0.1917,40,1.0000,0.0000,3,4,0,0,0,4,0,1.0000
9,192.0000,12,5,133.5832,-76.5478,1.5455,40,1.0000,0.0000,4,4,0,0,0,4,0,1.0000
9,192.0000,12,6,662.1335,-87.6294,0.3168,23,0.5750,0.5000,6,5,2,0,0,5,2,0.6000
9,192.0000,12,7,1016.9414,-89.2611,-0.3877,4,0.1000,1.0000,8,6,6,0,0,6,6,0.0000
9,192.0000,12,9,509.6491,-86.4000,-0.4632,36,0.9000,0.5714,7,5,2,0,0,5,2,0.6000
9,192.0000,12,14,445.8935,-84.5405,0.2582,37,0.9250,0.0000,4,4,0,0,0,4,0,1.0000
9,192.0000,13,8,476.1137,-85.8262,-0.3570,34,0.8718,0.0000,4,5,1,0,0,5,1,0.8000
9,192.0000,13,11,305.6609,-83.5788,0.8017,38,0.9744,0.3333,6,4,0,0,0,4,0,1.0000
9,192.0000,14,1,792.5854,-87.3023,-0.0145,16,0.4000,0.8571,7,7,6,0,0,7,6,0.1429
9,192.0000,14,2,632.6963,-87.7010,0.0783,28,0.7000,0.5714,7,7,5,0,0,7,5,0.2857
9,192.0000,14,5,559.8951,-86.8755,0.3844,28,0.7000,0.8571,7,6,4,0,0,6,4,0.3333
9,192.0000,14,6,645.3818,-87.6100,0.0689,20,0.5000,0.7143,7,6,4,0,0,6,4,0.3333
9,192.0000,14,7,742.8599,-87.1518,-0.3274,23,0.5750,0.6667,6,8,7,0,0,8,7,0.1250
9,192.0000,14,9,777.9989,-88.1937,0.2324,15,0.3750,0.8929,56,8,7,19,16,27,23,0.1481
9,192.0000,14,11,795.6574,-88.2185,-0.0806,9,0.2250,0.8750,8,7,6,0,0,7,6,0.1429
9,192.0000,14,12,445.8935,-84.8118,-0.5605,37,0.9250,0.0000,4,6,4,0,0,6,4,0.3333
9,196.0000,0,1,931.8797,-89.7019,-0.0456,3,0.0769,1.0000,8,8,8,0,0,8,8,0.0000
9,196.0000,0,4,1161.6920,-89.3563,0.1702,3,0.0769,,0,2,2,0,0,2,2,0.0000
9,196.0000,0,7,881.0772,-89.5534,0.0690,8,0.2051,1.0000,8,8,8,0,0,8,8,0.0000
9,196.0000,1,0,931.8797,-89.0300,-0.5421,3,0.0769,1.0000,8,6,6,0,0,6,6,0.0000
9,196.0000,1,3,596.2139,-86.7567,-0.0123,20,0.5128,0.6667,6,4,0,0,0,4,0,1.0000
9,196.0000,1,6,488.5255,-84.8464,-0.4620,35,0.8974,0.0000,4,6,3,0,0,6,3,0.5000
9,196.0000,1,7,252.8513,-79.7904,0.5710,38,0.9744,0.0000,4,4,0,0,0,4,0,1.0000
9,196.0000,1,14,952.1274,-89.0584,0.5319,7,0.1795,0.9764,127,8,8,14,14,22,22,0.0000
9,196.0000,2,5,391.2991,-83.6287,0.0886,39,0.9750,0.0000,4,4,0,0,0,4,0,1.0000
9,196.0000,2,6,867.4028,-88.5439,-0.3683,11,0.2750,1.0000,8,5,4,0,0,5,4,0.2000
9,196.0000,2,9,342.6590,-82.2113,0.7165,39,0.9750,0.1429,70,4,0,66,7,70,7,0.9000
9,196.0000,2,12,299.2982,-81.7555,-0.0208,40,1.0000,0.0000,4,4,0,0,0,4,0,1.0000
9,196.0000,2,14,591.2103,-86.6232,0.3360,28,0.7000,0.4000,5,6,2,0,0,6,2,0.6667
9,196.0000,3,1,596.2139,-87.1948,0.6153,25,0.6250,0.8000,5,5,1,0,0,5,1,0.8000
9,196.0000,3,4,639.2085,-86.6406,-0.1967,28,0.7000,0.5714,7,7,6,0,0,7,6,0.1429
9,196.0000,3,6,910.5352,-88.7390,0.2143,8,0.2000,1.0000,8,8,8,0,0,8,8,0.0000
9,196.0000,3,7,775.5650,-88.4161,-0.2823,14,0.3500,0.8750,8,8,7,0,0,8,7,0.1250
9,196.0000,4,3,639.2085,-86.8092,-0.3063,27,0.6750,0.5000,6,7,6,0,0,7,6,0.1429
9,196.0000,5,2,391.2991,-84.3981,0.0739,36,0.9000,0.0000,4,4,0,0,0,4,0,1.0000
9,196.0000,5,6,713.2290,-87.9791,-0.0950,19,0.4750,0.5000,6,7,4,0,0,7,4,0.4286
9,196.0000,5,9,546.0640,-86.2900,0.4461,30,0.7500,0.6250,8,4,2,0,0,4,2,0.5000
9,196.0000,5,12,124.7496,-72.6456,0.3182,39,0.9750,0.0000,4,4,0,0,0,4,0,1.0000
9,196.0000,5,14,486.9619,-85.8159,-0.0473,29,0.7250,0.2000,5,4,0,0,0,4,0,1.0000
9,196.0000,6,1,488.5255,-85.1586,-0.6615,37,0.9250,0.5000,6,5,1,0,0,5,1,0.8000
9,196.0000,6,2,867.4028,-88.7871,-0.4016,10,0.2500,1.0000,8,8,7,0,0,8,7,0.1250
9,196.0000,6,3,910.5352,-88.8750,-0.2012,7,0.1750,1.0000,10,6,6,0,0,6,6,0.0000
9,196.0000,6,5,713.2290,-88.5747,-0.5372,22,0.5500,0.8571,7,6,4,0,0,6,4,0.3333
9,196.0000,6,7,579.5887,-86.6381,-0.2518,30,0.7500,0.5000,4,6,3,0,0,6,3,0.5000
9,196.0000,6,12,689.9319,-87.8162,0.1584,24,0.6000,1.0000,8,7,6,0,0,7,6,0.1429
9,196.0000,6,14,624.6950,-87.2865,0.1826,24,0.6000,0.7143,7,6,4,0,0,6,4,0.3333
9,196.0000,7,0,881.0772,-89.1974,0.0022,6,0.1500,1.0000,8,6,4,0,0,6,4,0.3333
9,196.0000,7,1,252.8513,-80.4517,0.2603,40,1.0000,0.0000,4,4,0,0,0,4,0,1.0000
9,196.0000,7,3,775.5650,-88.8614,0.1215,8,0.2000,0.5000,6,7,5,0,0,7,5,0.2857
9,196.0000,7,6,579.5887,-86.9029,0.2023,23,0.5750,0.4286,7,6,3,0,0,6,3,0.5000
9,196.0000,7,14,910.3696,-89.1045,-0.1830,14,0.3500,0.7143,7,8,8,0,0,8,8,0.0000
9,196.0000,8,11,519.3323,-86.0684,0.1428,28,0.7000,0.5714,7,5,1,0,0,5,1,0.8000
9,196.0000,8,13,477.9629,-85.8183,-0.2942,33,0.8250,0.4000,5,6,2,0,0,6,2,0.6667
9,196.0000,9,2,342.6590,-82.5461,-0.6076,39,0.9750,0.0000,4,5,1,0,0,5,1,0.8000
9,196.0000,9,5,546.0640,-86.1797,0.3176,34,0.8500,0.4000,5,6,3,0,0,6,3,0.5000
9,196.0000,9,12,519.9221,-85.5370,-0.5595,36,0.9000,0.2000,5,6,3,0,0,6,3,0.5000
9,196.0000,9,14,768.4728,-88.5678,0.0846,9,0.2250,1.0000,8,7,6,0,0,7,6,0.1429
9,196.0000,11,8,519.3323,-86.7213,0.0063,28,0.7179,0.4000,5,5,1,0,0,5,1,0.8000
9,196.0000,11,13,185.1575,-80.3183,1.0153,39,1.0000,0.0000,4,4,0,0,0,4,0,1.0000
9,196.0000,11,14,817.9930,-88.3816,0.2872,7,0.1795,0.7500,8,8,8,0,0,8,8,0.0000
9,196.0000,12,2,299.2982,-81.8873,0.1550,38,0.9500,0.0000,4,4,0,0,0,4,0,1.0000
9,196.0000,12,5,124.7496,-72.4475,0.5808,39,0.9750,0.0000,4,4,0,0,0,4,0,1.0000
9,196.0000,12,6,689.9319,-88.0058,-0.1805,29,0.7250,0.4000,5,8,7,0,0,8,7,0.1250
9,196.0000,12,9,519.9221,-86.7722,-0.4598,32,0.8000,0.4000,5,7,4,0,0,7,4,0.4286
9,196.0000,12,14,508.3241,-85.7145,0.3436,37,0.9250,0.0000,4,5,1,0,0,5,1,0.8000
9,196.0000,13,8,477.9629,-85.4593,-0.1449,35,0.8750,0.2000,5,4,0,0,0,4,0,1.0000
9,196.0000,13,11,185.1575,-79.5462,1.7152,40,1.0000,0.0000,4,4,0,0,0,4,0,1.0000
9,196.0000,13,14,983.0875,-89.2182,0.0993,3,0.0750,1.0000,8,7,6,0,0,7,6,0.1429
9,196.0000,14,1,952.1274,-88.2934,-0.3177,12,0.3000,0.8571,7,8,8,0,0,8,8,0.0000
9,196.0000,14,2,591.2103,-87.4114,-0.0905,29,0.7250,0.7143,7,6,3,0,0,6,3,0.5000
9,196.0000,14,5,486.9619,-86.8921,0.3887,27,0.6750,0.6667,6,5,1,0,0,5,1,0.8000
9,196.0000,14,6,624.6950,-87.7137,-0.0026,27,0.6750,0.6667,6,5,2,0,0,5,2,0.6000
9,196.0000,14,7,910.3696,-88.9219,-0.1012,13,0.3250,0.8750,8,8,8,0,0,8,8,0.0000
9,196.0000,14,9,768.4728,-88.6277,-0.1463,12,0.3000,0.8519,27,7,5,2,2,9,7,0.2222
9,196.0000,14,11,817.9930,-88.5901,0.0012,13,0.3250,0.8571,7,7,6,0,0,7,6,0.1429
9,196.0000,14,12,508.3241,-85.8231,0.1733,36,0.9000,0.6667,6,6,2,0,0,6,2,0.6667
9,200.0000,0,1,785.2474,-88.8134,0.1754,8,0.2000,1.0000,8,6,4,0,0,6,4,0.3333
9,200.0000,0,7,769.2546,-88.4776,0.1765,15,0.3750,1.0000,8,6,4,0,0,6,4,0.3333
9,200.0000,1,0,785.2474,-88.8944,0.4491,11,0.2750,1.0000,6,6,4,0,0,6,4,0.3333
9,200.0000,1,3,550.7832,-86.7180,0.2861,34,0.8500,0.0000,4,5,1,0,0,5,1,0.8000
9,200.0000,1,4,885.0184,-88.4988,-0.1338,5,0.1250,1.0000,8,7,6,0,0,7,6,0.1429
9,200.0000,1,6,608.8594,-86.3177,-0.7427,32,0.8000,0.5000,6,8,7,105,87,113,94,0.1681
9,200.0000,1,7,235.2786,-79.1697,0.0173,40,1.0000,0.0000,4,4,0,0,0,4,0,1.0000
9,200.0000,1,14,1113.8424,-89.4099,-0.0105,5,0.1250,1.0000,22,2,2,0,0,2,2,0.0000
9,200.0000,2,5,413.0729,-84.4794,0.1705,37,0.9250,0.0000,4,4,0,0,0,4,0,1.0000
9,200.0000,2,6,889.4352,-88.8216,-0.4100,4,0.1000,0.8000,5,8,8,0,0,8,8,0.0000
9,200.0000,2,9,356.1305,-82.2676,0.1239,36,0.9000,0.1000,70,4,0,74,3,78,3,0.9615
9,200.0000,2,12,323.5083,-82.2127,-0.5166,40,1.0000,0.0000,4,4,0,0,0,4,0,1.0000
9,200.0000,2,14,579.7574,-86.6055,-0.0619,36,0.9000,0.3333,6,6,3,0,0,6,3,0.5000
9,200.0000,3,1,550.7832,-86.9829,0.1289,25,0.6250,0.2000,5,5,2,0,0,5,2,0.6000
9,200.0000,3,4,636.4031,-87.7975,-0.3648,29,0.7250,0.8571,7,6,3,0,0,6,3,0.5000
9,200.0000,3,6,892.4699,-88.8139,-0.3799,3,0.0750,1.0000,8,8,8,0,0,8,8,0.0000
9,200.0000,3,7,732.7500,-88.0550,-0.1789,14,0.3500,0.8750,8,7,5,0,0,7,5,0.2857
9,200.0000,4,1,885.0184,-89.2055,0.2517,8,0.2000,1.0000,6,8,7,0,0,8,7,0.1250
9,200.0000,4,3,636.4031,-87.4086,-0.4696,17,0.4250,0.8571,7,6,4,0,0,6,4,0.3333
9,200.0000,5,2,413.0729,-84.5384,-0.3254,35,0.8750,0.0000,4,5,1,0,0,5,1,0.8000
9,200.0000,5,6,686.5660,-87.9881,0.4050,24,0.6000,0.5714,7,5,2,0,0,5,2,0.6000
9,200.0000,5,9,594.0807,-87.2115,0.4445,32,0.8000,0.5000,4,4,0,0,0,4,0,1.0000
9,200.0000,5,12,243.5197,-76.3346,-1.2410,40,1.0000,0.0000,4,4,0,0,0,4,0,1.0000
9,200.0000,5,14,443.1522,-85.0078,-0.1623,35,0.8750,0.0000,4,4,0,0,0,4,0,1.0000
9,200.0000,6,1,608.8594,-86.0575,-0.3333,29,0.7250,0.2000,5,7,6,0,0,7,6,0.1429
9,200.0000,6,2,889.4352,-88.4713,0.4243,9,0.2250,0.8750,8,7,6,56,53,63,59,0.0635
9,200.0000,6,3,892.4699,-88.9901,0.0089,5,0.1250,1.0000,6,8,8,0,0,8,8,0.0000
9,200.0000,6,5,686.5660,-87.7710,0.1114,22,0.5500,0.6667,6,6,3,0,0,6,3,0.5000
9,200.0000,6,7,661.4731,-87.3360,-0.1500,26,0.6500,0.5000,6,6,4,0,0,6,4,0.3333
9,200.0000,6,12,737.2928,-88.0655,0.0468,16,0.4000,0.8571,7,7,6,0,0,7,6,0.1429
9,200.0000,6,14,630.5280,-87.1670,-0.3273,23,0.5750,0.6667,6,7,5,0,0,7,5,0.2857
9,200.0000,7,0,769.2546,-88.5715,-0.0045,9,0.2250,0.6667,6,6,2,0,0,6,2,0.6667
9,200.0000,7,1,235.2786,-78.5792,0.5150,40,1.0000,0.0000,4,4,0,0,0,4,0,1.0000
9,200.0000,7,3,732.7500,-88.2791,0.5332,16,0.4000,0.7143,7,7,3,0,0,7,3,0.5714
9,200.0000,7,4,989.6309,-89.5139,-0.1782,3,0.0750,1.0000,2,6,6,0,0,6,6,0.0000
9,200.0000,7,6,661.4731,-87.2640,0.0094,26,0.6500,0.5000,6,6,3,0,0,6,3,0.5000
9,200.0000,7,14,1074.6839,-89.3907,-0.2690,3,0.0750,1.0000,8,4,4,0,0,4,4,0.0000
9,200.0000,8,11,428.0347,-85.9355,0.4929,35,0.8750,0.2000,5,4,0,0,0,4,0,1.0000
9,200.0000,8,13,483.6214,-85.5346,0.2648,35,0.8750,0.3333,6,5,0,0,0,5,0,1.0000
9,200.0000,9,2,356.1305,-82.9527,-0.1772,40,1.0000,0.2000,5,4,0,0,0,4,0,1.0000
9,200.0000,9,5,594.0807,-86.6896,-0.1719,32,0.8000,0.5000,6,5,1,0,0,5,1,0.8000
9,200.0000,9,12,570.7909,-86.0246,-0.2767,28,0.7000,0.5000,6,4,0,0,0,4,0,1.0000
9,200.0000,9,14,760.5913,-88.7701,0.0271,12,0.3000,0.8571,7,7,4,0,0,7,4,0.4286
9,200.0000,11,8,428.0347,-85.4107,0.3950,34,0.8293,0.2000,5,4,0,0,0,4,0,1.0000
9,200.0000,11,13,98.0290,-73.5691,1.2588,40,0.9756,0.0000,4,4,0,0,0,4,0,1.0000
9,200.0000,11,14,817.6964,-89.1106,-0.1486,11,0.2683,1.0000,8,7,6,0,0,7,6,0.1429
9,200.0000,12,2,323.5083,-81.9316,-0.2947,40,1.0000,0.0000,4,5,0,0,0,5,0,1.0000
9,200.0000,12,5,243.5197,-76.8128,-1.5599,40,1.0000,0.0000,4,4,0,0,0,4,0,1.0000
9,200.0000,12,6,737.2928,-88.0011,-0.4846,22,0.5500,0.8750,8,7,6,0,0,7,6,0.1429
9,200.0000,12,9,570.7909,-86.3427,0.0479,29,0.7250,0.5714,7,5,2,0,0,5,2,0.6000
9,200.0000,12,14,613.1639,-86.6648,-0.6395,27,0.6750,0.2000,5,8,7,0,0,8,7,0.1250
9,200.0000,13,8,483.6214,-85.6461,0.1496,36,0.9000,0.0000,4,6,2,0,0,6,2,0.6667
9,200.0000,13,11,98.0290,-73.6107,1.3334,39,0.9750,0.0000,4,4,0,0,0,4,0,1.0000
9,200.0000,13,14,844.1863,-89.2164,0.1451,9,0.2250,0.8571,7,8,7,0,0,8,7,0.1250
9,200.0000,14,1,1113.8424,-88.9352,-0.5324,3,0.0750,1.0000,8,4,4,0,0,4,4,0.0000
9,200.0000,14,2,579.7574,-87.2543,0.3500,30,0.7500,0.5000,6,5,2,0,0,5,2,0.6000
9,200.0000,14,5,443.1522,-86.0974,0.5896,38,0.9500,0.2000,5,5,2,0,0,5,2,0.6000
9,200.0000,14,6,630.5280,-87.5447,-0.0614,29,0.7250,0.4000,5,7,5,0,0,7,5,0.2857
9,200.0000,14,7,1074.6839,-89.2027,0.4580,7,0.1750,1.0000,8,2,2,0,0,2,2,0.0000
9,200.0000,14,9,760.5913,-87.9120,0.0685,14,0.3500,0.7778,9,8,6,0,0,8,6,0.2500
9,200.0000,14,11,817.6964,-87.8740,0.5789,10,0.2500,0.8571,7,7,5,0,0,7,5,0.2857
9,200.0000,14,12,613.1639,-87.0270,-0.5453,33,0.8250,0.3333,6,7,6,0,0,7,6,0.1429
9,200.0000,14,13,844.1863,-88.7462,0.1289,9,0.2250,1.0000,8,8,8,0,0,8,8,0.0000
9,204.0000,0,1,664.2065,-88.2299,0.3321,20,0.5000,0.6667,6,5,3,0,0,5,3,0.4000
9,204.0000,0,4,947.2973,-88.5006,0.2251,4,0.1000,1.0000,8,8,8,0,0,8,8,0.0000
9,204.0000,0,7,683.0547,-87.6746,0.5534,17,0.4250,0.6667,6,7,6,0,0,7,6,0.1429
9,204.0000,1,0,664.2065,-87.6304,-0.1599,16,0.4000,0.6667,6,6,3,0,0,6,3,0.5000
9,204.0000,1,3,549.4528,-86.9550,0.2147,27,0.6750,0.2000,5,6,3,0,0,6,3,0.5000
9,204.0000,1,4,734.0114,-88.0531,0.3562,8,0.2000,0.8571,7,6,3,0,0,6,3,0.5000
9,204.0000,1,6,747.5970,-87.4279,-0.4458,20,0.5000,0.8319,113,8,8,120,111,128,119,0.0703
9,204.0000,1,7,224.7798,-79.2312,-0.0647,39,0.9750,0.0000,4,4,0,0,0,4,0,1.0000
9,204.0000,2,5,434.1987,-84.8026,-0.5179,37,0.9250,0.0000,4,4,0,0,0,4,0,1.0000
9,204.0000,2,6,903.9586,-89.0393,0.0999,10,0.2500,1.0000,8,7,6,0,0,7,6,0.1429
9,204.0000,2,9,260.3991,-81.8705,1.1898,39,0.9750,0.0385,78,4,0,60,0,64,0,1.0000
9,204.0000,2,12,374.8204,-83.6683,0.5131,37,0.9250,0.0000,4,4,0,0,0,4,0,1.0000
9,204.0000,2,14,563.6488,-87.2410,-0.2523,32,0.8000,0.5000,6,7,4,0,0,7,4,0.4286
9,204.0000,3,1,549.4528,-86.9007,0.2357,31,0.7750,0.4000,5,6,4,0,0,6,4,0.3333
9,204.0000,3,4,636.7767,-87.3597,0.2124,27,0.6750,0.5000,6,7,4,0,0,7,4,0.4286
9,204.0000,3,6,881.0644,-89.2679,-0.2546,10,0.2500,1.0000,8,8,8,0,0,8,8,0.0000
9,204.0000,3,7,716.0332,-88.4157,0.0106,18,0.4500,0.7143,7,8,7,0,0,8,7,0.1250
9,204.0000,4,1,734.0114,-88.8302,0.0667,15,0.3750,0.8750,8,8,7,0,0,8,7,0.1250
9,204.0000,4,3,636.7767,-87.3850,-0.2510,28,0.7000,0.6667,6,7,3,0,0,7,3,0.5714
9,204.0000,4,7,857.4456,-89.0127,2.1209,4,0.1000,1.0000,8,7,6,0,0,7,6,0.1429
9,204.0000,5,2,434.1987,-84.6847,0.1585,39,0.9750,0.2000,5,7,4,0,0,7,4,0.4286
9,204.0000,5,6,662.0597,-88.1871,0.2968,20,0.5000,0.4000,5,6,4,0,0,6,4,0.3333
9,204.0000,5,9,528.6401,-86.8294,0.4170,26,0.6500,0.0000,4,5,1,0,0,5,1,0.8000
9,204.0000,5,12,366.5701,-81.6069,-1.3637,40,1.0000,0.0000,4,5,1,0,0,5,1,0.8000
9,204.0000,5,14,410.5855,-84.9865,0.3405,38,0.9500,0.0000,4,4,0,0,0,4,0,1.0000
9,204.0000,6,1,747.5970,-87.5035,-0.1507,20,0.5000,0.8571,7,8,8,0,0,8,8,0.0000
9,204.0000,6,2,903.9586,-88.4883,-0.1493,7,0.1750,0.9365,63,8,8,2,2,10,10,0.0000
9,204.0000,6,3,881.0644,-88.7969,0.0610,7,0.1750,1.0000,8,8,8,0,0,8,8,0.0000
9,204.0000,6,5,662.0597,-87.6070,0.4128,22,0.5500,0.5000,6,7,5,0,0,7,5,0.2857
9,204.0000,6,7,768.2953,-87.4859,0.4889,22,0.5500,0.6667,6,10,10,0,0,10,10,0.0000
9,204.0000,6,9,1103.4665,-89.5413,-0.3839,3,0.0750,,0,8,8,0,0,8,8,0.0000
9,204.0000,6,12,802.5388,-88.6197,-0.0330,13,0.3250,0.8571,7,8,7,0,0,8,7,0.1250
9,204.0000,6,14,637.8432,-87.8655,-0.3252,25,0.6250,0.7143,7,8,4,28,17,36,21,0.4167
9,204.0000,7,0,683.0547,-88.5128,-0.1450,21,0.5250,0.3333,6,7,6,0,0,7,6,0.1429
9,204.0000,7,1,224.7798,-78.9169,-0.4086,38,0.9500,0.0000,4,4,0,0,0,4,0,1.0000
9,204.0000,7,3,716.0332,-88.1175,-0.1095,18,0.4500,0.4286,7,8,7,0,0,8,7,0.1250
9,204.0000,7,4,857.4456,-89.0371,-0.2829,4,0.1000,1.0000,6,6,6,0,0,6,6,0.0000
9,204.0000,7,6,768.2953,-88.3703,-0.1117,17,0.4250,0.5000,6,8,7,0,0,8,7,0.1250
9,204.0000,8,11,356.8324,-83.7371,0.1515,38,0.9744,0.0000,4,4,0,0,0,4,0,1.0000
9,204.0000,8,13,485.0238,-84.9261,0.2858,36,0.9231,0.0000,5,7,4,0,0,7,4,0.4286
9,204.0000,9,2,260.3991,-82.7154,1.5822,39,0.9750,0.0000,4,4,0,0,0,4,0,1.0000
9,204.0000,9,5,528.6401,-87.1822,0.1504,32,0.8000,0.2000,5,4,0,0,0,4,0,1.0000
9,204.0000,9,12,537.4843,-87.1586,-0.2726,30,0.7500,0.0000,4,5,1,0,0,5,1,0.8000
9,204.0000,9,14,644.6537,-87.8743,0.1457,17,0.4250,0.5714,7,5,2,0,0,5,2,0.6000
9,204.0000,11,8,356.8324,-84.3541,0.3221,38,0.9500,0.0000,4,4,0,0,0,4,0,1.0000
9,204.0000,11,13,138.4843,-71.4194,-0.9583,40,1.0000,0.0000,4,4,0,0,0,4,0,1.0000
9,204.0000,11,14,817.4527,-88.4943,-0.4631,14,0.3500,0.8571,7,8,8,0,0,8,8,0.0000
9,204.0000,12,2,374.8204,-82.7172,-0.1652,39,0.9750,0.0000,5,4,0,0,0,4,0,1.0000
9,204.0000,12,5,366.5701,-81.8875,-0.6856,40,1.0000,0.0000,4,4,0,0,0,4,0,1.0000
9,204.0000,12,6,802.5388,-88.3629,0.1981,18,0.4500,0.8571,7,8,7,0,0,8,7,0.1250
9,204.0000,12,9,537.4843,-86.8086,-0.0181,38,0.9500,0.4000,5,5,1,0,0,5,1,0.8000
9,204.0000,12,14,706.3433,-87.5490,-0.2340,25,0.6250,0.8750,8,8,7,0,0,8,7,0.1250
9,204.0000,13,8,485.0238,-86.2474,0.0304,36,0.9000,0.3333,6,5,1,0,0,5,1,0.8000
9,204.0000,13,11,138.4843,-71.9981,-1.2797,40,1.0000,0.0000,4,4,0,0,0,4,0,1.0000
9,204.0000,13,14,722.4389,-88.1177,0.2560,15,0.3750,0.8750,8,5,2,0,0,5,2,0.6000
9,204.0000,14,2,563.6488,-87.3525,0.2202,34,0.8500,0.4000,5,5,2,0,0,5,2,0.6000
9,204.0000,14,5,410.5855,-84.4245,-0.1463,39,0.9750,0.4000,5,6,3,0,0,6,3,0.5000
9,204.0000,14,6,637.8432,-87.4701,-0.1172,29,0.7250,0.7143,7,7,5,0,0,7,5,0.2857
9,204.0000,14,9,644.6537,-87.9972,-0.3274,18,0.4500,0.7500,8,7,5,23,13,30,18,0.4000
9,204.0000,14,11,817.4527,-87.9560,0.7751,15,0.3750,0.7143,7,7,6,0,0,7,6,0.1429
9,204.0000,14,12,706.3433,-87.6636,-0.4652,20,0.5000,0.8571,7,8,6,0,0,8,6,0.2500
9,204.0000,14,13,722.4389,-87.9374,0.3400,16,0.4000,1.0000,8,6,4,0,0,6,4,0.3333
9,208.0000,0,1,538.6955,-87.5685,0.1733,29,0.7250,0.6000,5,5,1,0,0,5,1,0.8000
9,208.0000,0,4,864.6428,-88.7658,0.1416,7,0.1750,1.0000,8,8,8,0,0,8,8,0.0000
9,208.0000,0,7,612.1566,-87.4121,0.1326,25,0.6250,0.8571,7,4,0,0,0,4,0,1.0000
9,208.0000,1,0,538.6955,-87.1979,0.7714,27,0.6750,0.5000,6,6,4,0,0,6,4,0.3333
9,208.0000,1,3,632.6850,-86.7103,-0.1262,29,0.7250,0.5000,6,7,4,0,0,7,4,0.4286
9,208.0000,1,4,610.8296,-87.6124,0.0723,21,0.5250,0.5000,6,5,2,0,0,5,2,0.6000
9,208.0000,1,6,882.0474,-88.4172,-0.7576,11,0.2750,0.9297,128,8,8,8,8,16,16,0.0000
9,208.0000,1,7,200.7270,-78.0556,0.4132,39,0.9750,0.0000,4,4,0,0,0,4,0,1.0000
9,208.0000,2,5,447.4352,-85.2765,0.0648,38,0.9500,0.0000,4,5,1,0,0,5,1,0.8000
9,208.0000,2,6,926.5305,-88.6681,0.0538,9,0.2250,0.8571,7,8,8,0,0,8,8,0.0000
9,208.0000,2,9,186.2193,-79.0532,1.0319,40,1.0000,0.0000,64,4,0,60,0,64,0,1.0000
9,208.0000,2,12,433.9440,-84.0547,-0.3211,39,0.9750,0.0000,4,4,0,0,0,4,0,1.0000
9,208.0000,2,14,555.6892,-86.8061,-0.4308,28,0.7000,0.5714,7,7,6,0,0,7,6,0.1429
9,208.0000,3,0,1115.6632,-89.7989,-0.1352,3,0.0732,,0,2,2,0,0,2,2,0.0000
9,208.0000,3,1,632.6850,-87.0499,-0.3413,32,0.7805,0.6667,6,8,7,0,0,8,7,0.1250
9,208.0000,3,4,632.7615,-87.8298,0.1275,29,0.7073,0.5714,7,6,4,0,0,6,4,0.3333
9,208.0000,3,6,892.1814,-88.4934,-0.0491,9,0.2195,1.0000,8,8,8,0,0,8,8,0.0000
9,208.0000,3,7,736.1418,-87.4705,0.2915,15,0.3659,0.8750,8,7,6,0,0,7,6,0.1429
9,208.0000,4,0,864.6428,-89.5550,-0.5989,6,0.1500,1.0000,8,7,5,0,0,7,5,0.2857
9,208.0000,4,1,610.8296,-87.5229,-0.1300,19,0.4750,0.8750,8,6,2,0,0,6,2,0.6667
9,208.0000,4,3,632.7615,-87.3821,0.0508,24,0.6000,0.4286,7,5,2,0,0,5,2,0.6000
9,208.0000,4,7,734.1840,-87.9146,0.8736,10,0.2500,0.8571,7,7,5,0,0,7,5,0.2857
9,208.0000,5,2,447.4352,-85.3469,-0.1493,37,0.9250,0.5714,7,4,0,0,0,4,0,1.0000
9,208.0000,5,6,658.0547,-87.6024,0.2601,26,0.6500,0.6667,6,6,4,0,0,6,4,0.3333
9,208.0000,5,9,454.4835,-85.6067,0.3220,33,0.8250,0.2000,5,4,0,0,0,4,0,1.0000
9,208.0000,5,12,478.7072,-84.2028,-0.6648,40,1.0000,0.2000,5,6,2,0,0,6,2,0.6667
9,208.0000,5,13,977.5577,-88.9907,-0.6293,3,0.0750,1.0000,6,8,8,0,0,8,8,0.0000
9,208.0000,5,14,398.4070,-84.3894,0.1419,40,1.0000,0.0000,4,5,2,0,0,5,2,0.6000
9,208.0000,6,1,882.0474,-88.7893,-0.4989,11,0.2750,1.0000,8,8,8,0,0,8,8,0.0000
9,208.0000,6,2,926.5305,-88.9490,-0.4838,7,0.1750,1.0000,10,8,8,0,0,8,8,0.0000
9,208.0000,6,3,892.1814,-88.3366,-0.1752,5,0.1250,1.0000,8,8,8,0,0,8,8,0.0000
9,208.0000,6,5,658.0547,-87.5350,0.1077,23,0.5750,0.7143,7,8,8,0,0,8,8,0.0000
9,208.0000,6,7,863.4391,-88.4493,0.1319,9,0.2250,1.0000,10,6,6,0,0,6,6,0.0000
9,208.0000,6,12,902.2589,-88.9181,-0.0653,10,0.2500,0.8750,8,8,8,0,0,8,8,0.0000
9,208.0000,6,14,656.1879,-88.0930,-0.1258,19,0.4750,0.5833,36,8,6,2,2,10,8,0.2000
9,208.0000,7,0,612.1566,-88.1108,-0.3134,28,0.7000,0.8571,7,6,3,0,0,6,3,0.5000
9,208.0000,7,1,200.7270,-78.2186,0.1484,40,1.0000,0.0000,4,4,0,0,0,4,0,1.0000
9,208.0000,7,3,736.1418,-88.0812,-0.2710,20,0.5000,0.8750,8,8,8,0,0,8,8,0.0000
9,208.0000,7,4,734.1840,-87.7786,0.2871,13,0.3250,1.0000,6,8,8,0,0,8,8,0.0000
9,208.0000,7,6,863.4391,-88.7727,0.5292,14,0.3500,0.8750,8,8,8,0,0,8,8,0.0000
9,208.0000,8,11,309.8707,-83.1907,0.5422,38,0.9500,0.0000,4,4,0,0,0,4,0,1.0000
9,208.0000,8,13,491.0324,-85.9522,0.4532,39,0.9750,0.5714,7,5,3,0,0,5,3,0.4000
9,208.0000,8,14,905.0906,-89.0825,-0.4592,6,0.1500,1.0000,8,8,8,0,0,8,8,0.0000
9,208.0000,9,2,186.2193,-79.0795,0.7704,38,0.9500,0.0000,4,4,0,0,0,4,0,1.0000
9,208.0000,9,5,454.4835,-85.9748,0.1034,35,0.8750,0.0000,4,4,0,0,0,4,0,1.0000
9,208.0000,9,12,542.1847,-86.1988,-0.1948,35,0.8750,0.2000,5,5,2,0,0,5,2,0.6000
9,208.0000,9,13,967.6590,-89.3037,0.1151,4,0.1000,1.0000,8,8,8,0,0,8,8,0.0000
9,208.0000,9,14,534.5016,-87.7337,0.7658,23,0.5750,0.4000,5,6,2,0,0,6,2,0.6667
9,208.0000,11,8,309.8707,-82.6278,0.1871,40,1.0000,0.0000,4,4,0,0,0,4,0,1.0000
9,208.0000,11,13,249.3670,-76.6198,-1.2952,40,1.0000,0.0000,4,4,0,0,0,4,0,1.0000
9,208.0000,11,14,817.8785,-88.2222,0.2341,8,0.2000,1.0000,8,7,6,0,0,7,6,0.1429
9,208.0000,12,2,433.9440,-84.6470,-0.8229,38,0.9500,0.0000,4,4,0,0,0,4,0,1.0000
9,208.0000,12,5,478.7072,-84.7563,-0.6884,38,0.9500,0.0000,4,5,1,0,0,5,1,0.8000
9,208.0000,12,6,902.2589,-88.6146,-0.2892,8,0.2000,0.8750,8,8,8,0,0,8,8,0.0000
9,208.0000,12,9,542.1847,-86.5938,0.2142,34,0.8500,0.2000,5,8,4,0,0,8,4,0.5000
9,208.0000,12,14,805.3176,-88.1856,0.1346,16,0.4000,0.8750,8,8,8,0,0,8,8,0.0000
9,208.0000,13,2,1050.6910,-89.3654,0.1285,4,0.1000,1.0000,6,4,4,0,0,4,4,0.0000
9,208.0000,13,5,977.5577,-88.5124,-0.7976,3,0.0750,1.0000,4,10,10,0,0,10,10,0.0000
9,208.0000,13,8,491.0324,-86.0241,0.3338,37,0.9250,0.2000,5,5,2,0,0,5,2,0.6000
9,208.0000,13,9,967.6590,-88.7634,0.0765,6,0.1500,1.0000,8,8,8,0,0,8,8,0.0000
9,208.0000,13,11,249.3670,-76.8819,-1.9098,40,1.0000,0.0000,4,4,0,0,0,4,0,1.0000
9,208.0000,13,14,608.2131,-87.5710,0.6272,18,0.4500,0.4000,5,6,2,0,0,6,2,0.6667
9,208.0000,14,2,555.6892,-87.4304,-0.0175,29,0.7250,0.4000,5,4,0,0,0,4,0,1.0000
9,208.0000,14,5,398.4070,-85.1365,-0.1475,38,0.9500,0.5000,6,4,0,0,0,4,0,1.0000
9,208.0000,14,6,656.1879,-88.2366,0.1538,19,0.4750,0.7143,7,7,6,0,0,7,6,0.1429
9,208.0000,14,8,905.0906,-88.9596,0.2649,6,0.1500,1.0000,8,8,8,0,0,8,8,0.0000
9,208.0000,14,9,534.5016,-86.6175,0.2418,27,0.6750,0.6000,30,5,1,0,0,5,1,0.8000
9,208.0000,14,11,817.8785,-88.4099,0.6307,11,0.2750,0.8571,7,8,8,0,0,8,8,0.0000
9,208.0000,14,12,805.3176,-88.6103,-0.0626,18,0.4500,0.7500,8,8,8,0,0,8,8,0.0000
9,208.0000,14,13,608.2131,-87.5743,-0.3751,29,0.7250,0.6667,6,5,1,0,0,5,1,0.8000
9,212.0000,0,1,428.4200,-85.9530,0.6078,39,0.9750,0.2000,5,6,2,0,0,6,2,0.6667
9,212.0000,0,4,790.0646,-88.6594,-0.1435,15,0.3750,1.0000,8,8,7,0,0,8,7,0.1250
9,212.0000,0,7,548.5550,-87.1242,0.2415,28,0.7000,0.0000,4,5,1,0,0,5,1,0.8000
9,212.0000,1,0,428.4200,-85.2910,0.1104,33,0.8250,0.6667,6,4,0,0,0,4,0,1.0000
9,212.0000,1,3,760.5827,-87.4852,-0.4981,21,0.5250,0.5714,7,8,7,0,0,8,7,0.1250
9,212.0000,1,4,529.6440,-86.3681,0.1807,27,0.6750,0.4000,5,6,2,0,0,6,2,0.6667
9,212.0000,1,7,188.3818,-77.9021,-0.0891,40,1.0000,0.0000,4,4,0,0,0,4,0,1.0000
9,212.0000,2,5,468.8022,-85.4418,0.4230,36,0.9000,0.2000,5,5,1,0,0,5,1,0.8000
9,212.0000,2,6,952.1669,-88.9598,-0.8024,4,0.1000,1.0000,8,6,6,0,0,6,6,0.0000
9,212.0000,2,9,149.2588,-75.1556,1.0118,40,1.0000,0.0000,64,4,0,61,1,65,1,0.9846
9,212.0000,2,12,482.6235,-85.6255,0.0633,32,0.8000,0.0000,4,6,2,0,0,6,2,0.6667
9,212.0000,2,14,563.3839,-87.4045,0.4131,35,0.8750,0.8571,7,5,2,0,0,5,2,0.6000
9,212.0000,3,1,760.5827,-88.1221,0.2925,18,0.4500,0.8750,8,8,8,0,0,8,8,0.0000
9,212.0000,3,4,626.1137,-87.9998,-0.0582,25,0.6250,0.6667,6,6,4,0,0,6,4,0.3333
9,212.0000,3,6,942.2111,-89.2350,0.4902,5,0.1250,1.0000,8,8,8,0,0,8,8,0.0000
9,212.0000,3,7,802.8592,-88.1773,-0.2300,17,0.4250,0.8571,7,7,5,0,0,7,5,0.2857
9,212.0000,4,0,790.0646,-88.4672,0.3376,15,0.3750,0.7143,7,7,6,0,0,7,6,0.1429
9,212.0000,4,1,529.6440,-87.0931,0.0647,34,0.8500,0.3333,6,7,4,0,0,7,4,0.4286
9,212.0000,4,3,626.1137,-86.8967,-0.4988,20,0.5000,0.4000,5,7,4,0,0,7,4,0.4286
9,212.0000,4,7,638.9838,-87.3603,-0.3809,19,0.4750,0.7143,7,7,4,0,0,7,4,0.4286
9,212.0000,5,2,468.8022,-85.6361,-0.1297,34,0.8500,0.0000,4,4,0,0,0,4,0,1.0000
9,212.0000,5,6,645.9106,-87.9055,-0.0004,25,0.6250,0.6667,6,5,2,0,0,5,2,0.6000
9,212.0000,5,9,371.2916,-84.6482,1.0027,36,0.9000,0.0000,4,4,0,0,0,4,0,1.0000
9,212.0000,5,12,577.5593,-86.6291,0.0546,26,0.6500,0.3333,6,6,4,0,0,6,4,0.3333
9,212.0000,5,13,887.2981,-88.6201,0.0848,7,0.1750,1.0000,8,8,8,0,0,8,8,0.0000
9,212.0000,5,14,397.0105,-84.1906,0.0361,37,0.9250,0.4000,5,4,0,0,0,4,0,1.0000
9,212.0000,6,3,942.2111,-88.8338,0.9278,7,0.1750,1.0000,8,8,8,0,0,8,8,0.0000
9,212.0000,6,5,645.9106,-87.1658,-0.0671,22,0.5500,1.0000,8,7,5,0,0,7,5,0.2857
9,212.0000,6,7,980.2013,-89.1190,0.0341,6,0.1500,1.0000,6,6,6,0,0,6,6,0.0000
9,212.0000,6,9,899.3764,-88.4820,0.1393,5,0.1250,1.0000,4,7,6,0,0,7,6,0.1429
9,212.0000,6,12,1005.3672,-89.4371,-0.5660,5,0.1250,1.0000,8,4,4,0,0,4,4,0.0000
9,212.0000,6,14,675.5675,-87.7899,-0.3351,18,0.4500,0.8000,10,6,4,0,0,6,4,0.3333
9,212.0000,7,0,548.5550,-87.2666,0.2919,30,0.7500,0.5000,6,5,1,0,0,5,1,0.8000
9,212.0000,7,1,188.3818,-77.1389,0.1469,40,1.0000,0.0000,4,4,0,0,0,4,0,1.0000
9,212.0000,7,3,802.8592,-88.2318,-0.6121,20,0.5000,1.0000,8,8,8,0,0,8,8,0.0000
9,212.0000,7,4,638.9838,-87.5574,-0.1327,22,0.5500,1.0000,8,7,5,0,0,7,5,0.2857
9,212.0000,8,11,307.7738,-81.8627,0.2412,41,1.0000,0.0000,4,4,0,0,0,4,0,1.0000
9,212.0000,8,13,497.3570,-85.5619,-0.2341,38,0.9268,0.6000,5,5,1,0,0,5,1,0.8000
9,212.0000,8,14,786.6159,-88.9818,0.9435,3,0.0732,1.0000,8,8,6,0,0,8,6,0.2500
9,212.0000,9,2,149.2588,-75.8856,0.8628,40,1.0000,0.0000,4,4,0,0,0,4,0,1.0000
9,212.0000,9,5,371.2916,-84.7613,0.9627,37,0.9250,0.0000,4,5,1,0,0,5,1,0.8000
9,212.0000,9,6,899.3764,-88.9917,-0.1920,3,0.0750,1.0000,8,7,5,0,0,7,5,0.2857
9,212.0000,9,12,553.2987,-86.6067,-0.1710,34,0.8500,0.4000,5,6,2,0,0,6,2,0.6667
9,212.0000,9,13,888.2601,-89.0416,0.3942,7,0.1750,1.0000,8,8,7,0,0,8,7,0.1250
9,212.0000,9,14,440.6770,-85.1408,0.4192,33,0.8250,0.3333,6,6,2,0,0,6,2,0.6667
9,212.0000,11,8,307.7738,-81.6975,0.0295,40,1.0000,0.0000,4,5,2,0,0,5,2,0.6000
9,212.0000,11,13,376.4994,-82.3581,-1.1062,40,1.0000,0.0000,4,4,0,0,0,4,0,1.0000
9,212.0000,11,14,818.4023,-88.1040,0.1264,10,0.2500,0.8571,7,8,8,0,0,8,8,0.0000
9,212.0000,12,2,482.6235,-85.1760,0.0923,38,0.9500,0.0000,4,5,1,0,0,5,1,0.8000
9,212.0000,12,5,577.5593,-87.1194,0.1419,33,0.8250,0.2000,5,5,2,0,0,5,2,0.6000
9,212.0000,12,6,1005.3672,-88.3116,-2.7795,4,0.1000,1.0000,8,4,4,0,0,4,4,0.0000
9,212.0000,12,9,553.2987,-86.7208,-0.1638,32,0.8000,0.5000,8,7,5,0,0,7,5,0.2857
9,212.0000,12,14,895.8713,-88.6472,-0.2436,13,0.3250,1.0000,8,8,8,0,0,8,8,0.0000
9,212.0000,13,2,1004.5493,-88.7189,0.2134,3,0.0750,1.0000,4,8,8,0,0,8,8,0.0000
9,212.0000,13,5,887.2981,-88.6195,-0.4167,10,0.2500,1.0000,10,6,5,0,0,6,5,0.1667
9,212.0000,13,8,497.3570,-85.9603,0.1142,35,0.8750,0.4000,5,5,1,0,0,5,1,0.8000
9,212.0000,13,9,888.2601,-88.8615,-0.0210,13,0.3250,1.0000,8,8,8,0,0,8,8,0.0000
9,212.0000,13,11,376.4994,-82.0102,-0.9481,39,0.9750,0.0000,4,5,1,0,0,5,1,0.8000
9,212.0000,13,14,503.4752,-86.1533,0.4956,31,0.7750,0.3333,6,4,0,0,0,4,0,1.0000
9,212.0000,14,2,563.3839,-87.0823,-0.1797,30,0.7500,0.0000,4,5,1,0,0,5,1,0.8000
9,212.0000,14,5,397.0105,-84.0130,0.2919,38,0.9500,0.0000,4,4,0,0,0,4,0,1.0000
9,212.0000,14,6,675.5675,-87.7911,-0.3217,26,0.6500,0.8571,7,6,4,0,0,6,4,0.3333
9,212.0000,14,8,786.6159,-87.9051,0.6708,12,0.3000,1.0000,8,5,3,0,0,5,3,0.4000
9,212.0000,14,9,440.6770,-85.6333,-0.1563,35,0.8750,0.2000,5,4,0,0,0,4,0,1.0000
9,212.0000,14,11,818.4023,-88.3994,0.0834,14,0.3500,1.0000,8,8,8,0,0,8,8,0.0000
9,212.0000,14,12,895.8713,-88.8461,-0.1930,14,0.3500,1.0000,8,3,2,0,0,3,2,0.3333
9,212.0000,14,13,503.4752,-86.7237,0.8797,32,0.8000,0.2000,5,6,2,0,0,6,2,0.6667
9,216.0000,0,1,324.3415,-83.3671,1.1535,38,0.9500,0.3333,6,4,0,0,0,4,0,1.0000
9,216.0000,0,4,750.9140,-87.6128,-0.1773,15,0.3750,0.8750,8,6,4,0,0,6,4,0.3333
9,216.0000,0,7,481.4159,-86.3855,0.1352,31,0.7750,0.2000,5,5,1,0,0,5,1,0.8000
9,216.0000,1,0,324.3415,-83.7777,0.6947,40,0.9756,0.0000,4,4,0,0,0,4,0,1.0000
9,216.0000,1,3,919.1036,-88.1774,-0.8518,12,0.2927,0.8750,8,6,6,0,0,6,6,0.0000
9,216.0000,1,4,553.2635,-86.1380,-0.2430,30,0.7317,0.3333,6,7,4,0,0,7,4,0.4286
9,216.0000,1,7,183.9003,-76.6006,-0.0498,41,1.0000,0.0000,4,5,1,0,0,5,1,0.8000
9,216.0000,2,5,507.4576,-85.8966,-0.3115,39,0.9750,0.2000,5,5,1,0,0,5,1,0.8000
9,216.0000,2,6,964.6181,-88.9874,1.5652,4,0.1000,1.0000,6,8,8,0,0,8,8,0.0000
9,216.0000,2,9,225.1728,-76.8418,-1.0047,40,1.0000,0.0154,65,4,0,61,1,65,1,0.9846
9,216.0000,2,12,553.5324,-86.8512,-0.3558,33,0.8250,0.3333,6,7,4,0,0,7,4,0.4286
9,216.0000,2,13,961.8301,-89.5881,-0.3426,3,0.0750,1.0000,8,8,8,0,0,8,8,0.0000
9,216.0000,2,14,583.2807,-87.4028,-0.5364,32,0.8000,0.4000,5,6,2,0,0,6,2,0.6667
9,216.0000,3,1,919.1036,-88.5919,-0.2060,11,0.2750,1.0000,8,7,6,0,0,7,6,0.1429
9,216.0000,3,4,638.0786,-87.1283,-0.1940,24,0.6000,0.6667,6,6,4,0,0,6,4,0.3333
9,216.0000,3,6,996.6423,-89.3893,0.2908,4,0.1000,1.0000,8,6,6,0,0,6,6,0.0000
9,216.0000,3,7,911.1804,-88.4568,-0.0160,13,0.3250,0.7143,7,6,6,0,0,6,6,0.0000
9,216.0000,4,0,750.9140,-88.6764,0.0427,10,0.2500,0.8571,7,6,4,0,0,6,4,0.3333
9,216.0000,4,1,553.2635,-85.9074,-0.0337,30,0.7500,0.5714,7,5,2,0,0,5,2,0.6000
9,216.0000,4,3,638.0786,-87.8766,0.2881,19,0.4750,0.5714,7,9,6,0,0,9,6,0.3333
9,216.0000,4,7,623.2599,-86.8762,0.4430,28,0.7000,0.5714,7,5,2,0,0,5,2,0.6000
9,216.0000,5,2,507.4576,-86.1140,-0.3505,37,0.9250,0.0000,4,6,2,0,0,6,2,0.6667
9,216.0000,5,6,603.9381,-87.2341,0.3751,26,0.6500,0.4000,5,5,2,0,0,5,2,0.6000
9,216.0000,5,8,941.9255,-89.4572,0.0199,5,0.1250,1.0000,6,8,8,0,0,8,8,0.0000
9,216.0000,5,9,311.8483,-82.7289,0.3654,39,0.9750,0.0000,4,4,0,0,0,4,0,1.0000
9,216.0000,5,12,701.4498,-87.1616,-0.2896,23,0.5750,0.6667,6,7,6,0,0,7,6,0.1429
9,216.0000,5,13,781.5339,-88.4518,-0.0206,7,0.1750,1.0000,8,7,5,0,0,7,5,0.2857
9,216.0000,5,14,393.8752,-83.9948,0.1679,40,1.0000,0.0000,4,4,0,0,0,4,0,1.0000
9,216.0000,6,2,964.6181,-88.5207,0.1138,6,0.1500,1.0000,6,4,4,0,0,4,4,0.0000
9,216.0000,6,3,996.6423,-89.3033,-0.4926,6,0.1500,1.0000,8,4,4,0,0,4,4,0.0000
9,216.0000,6,5,603.9381,-86.9835,-0.0568,26,0.6500,0.7143,7,5,1,0,0,5,1,0.8000
9,216.0000,6,9,774.1762,-88.0849,-0.0991,11,0.2750,0.8571,7,4,0,0,0,4,0,1.0000
9,216.0000,6,13,823.8558,-88.7884,0.6893,6,0.1500,1.0000,6,5,1,0,0,5,1,0.8000
9,216.0000,6,14,680.7242,-87.8390,0.2042,22,0.5500,0.6667,6,8,8,0,0,8,8,0.0000
9,216.0000,7,0,481.4159,-86.8186,-0.3259,37,0.9250,0.2000,5,4,0,0,0,4,0,1.0000
9,216.0000,7,1,183.9003,-76.9720,0.2011,40,1.0000,0.0000,4,4,0,0,0,4,0,1.0000
9,216.0000,7,3,911.1804,-88.3527,1.9533,6,0.1500,1.0000,8,8,8,0,0,8,8,0.0000
9,216.0000,7,4,623.2599,-87.4493,0.1826,25,0.6250,0.7143,7,6,4,0,0,6,4,0.3333
9,216.0000,8,5,941.9255,-89.0147,0.6250,5,0.1250,1.0000,6,8,8,0,0,8,8,0.0000
9,216.0000,8,11,353.2779,-82.5535,-0.5560,39,0.9750,0.0000,4,4,0,0,0,4,0,1.0000
9,216.0000,8,13,499.5370,-85.8106,-0.3632,33,0.8250,0.2000,5,5,1,0,0,5,1,0.8000
9,216.0000,8,14,662.5341,-88.0737,0.6376,21,0.5250,0.7500,8,6,3,0,0,6,3,0.5000
9,216.0000,9,2,225.1728,-76.3010,-1.1037,40,1.0000,0.0000,4,4,0,0,0,4,0,1.0000
9,216.0000,9,5,311.8483,-83.1969,0.7178,35,0.8750,0.2000,5,4,0,0,0,4,0,1.0000
9,216.0000,9,6,774.1762,-88.7323,0.0590,10,0.2500,0.7143,7,8,8,0,0,8,8,0.0000
9,216.0000,9,12,643.8732,-87.2185,-0.5719,24,0.6000,0.3333,6,6,4,0,0,6,4,0.3333
9,216.0000,9,13,780.3720,-87.9564,0.7440,14,0.3500,0.8750,8,7,5,0,0,7,5,0.2857
9,216.0000,9,14,380.6960,-84.4116,0.4724,36,0.9000,0.3333,6,4,0,0,0,4,0,1.0000
9,216.0000,11,8,353.2779,-82.2219,-0.5958,39,0.9750,0.4000,5,5,1,0,0,5,1,0.8000
9,216.0000,11,13,507.9659,-85.3893,-0.6849,33,0.8250,0.0000,4,5,2,0,0,5,2,0.6000
9,216.0000,11,14,820.4784,-88.5131,0.0058,11,0.2750,1.0000,8,8,8,0,0,8,8,0.0000
9,216.0000,12,2,553.5324,-86.3196,-0.2334,27,0.6750,0.2000,5,6,3,0,0,6,3,0.5000
9,216.0000,12,5,701.4498,-87.4519,-0.5457,29,0.7250,0.4000,5,6,4,0,0,6,4,0.3333
9,216.0000,12,9,643.8732,-87.4419,-0.4419,30,0.7500,0.7143,7,6,3,0,0,6,3,0.5000
9,216.0000,12,14,1002.6834,-88.6811,0.1381,3,0.0750,1.0000,8,8,8,0,0,8,8,0.0000
9,216.0000,13,2,961.8301,-88.8861,-0.8493,4,0.0976,1.0000,8,8,8,0,0,8,8,0.0000
9,216.0000,13,5,781.5339,-88.5603,0.5912,8,0.1951,0.8333,6,8,7,0,0,8,7,0.1250
9,216.0000,13,6,823.8558,-89.0590,0.0343,5,0.1220,1.0000,4,10,8,0,0,10,8,0.2000
9,216.0000,13,8,499.5370,-85.1915,-0.7876,33,0.8049,0.2000,5,5,1,0,0,5,1,0.8000
9,216.0000,13,9,780.3720,-88.9579,0.1266,6,0.1463,1.0000,8,6,6,0,0,6,6,0.0000
9,216.0000,13,11,507.9659,-85.0750,-0.8026,38,0.9268,0.2000,5,6,3,0,0,6,3,0.5000
9,216.0000,13,14,414.6258,-85.2665,0.6006,32,0.7805,0.0000,4,5,1,0,0,5,1,0.8000
9,216.0000,14,2,583.2807,-86.8729,-0.0553,24,0.6000,0.2000,5,4,0,0,0,4,0,1.0000
9,216.0000,14,5,393.8752,-84.3640,0.6907,35,0.8750,0.0000,4,4,0,0,0,4,0,1.0000
9,216.0000,14,6,680.7242,-87.2375,0.3272,21,0.5250,0.6667,6,7,5,0,0,7,5,0.2857
9,216.0000,14,8,662.5341,-87.5907,0.5283,19,0.4750,0.6000,5,8,4,0,0,8,4,0.5000
9,216.0000,14,9,380.6960,-84.2486,0.5743,38,0.9500,0.0000,4,4,0,0,0,4,0,1.0000
9,216.0000,14,11,820.4784,-88.6440,-0.4609,13,0.3250,1.0000,8,8,8,0,0,8,8,0.0000
9,216.0000,14,12,1002.6834,-88.4620,-0.0726,6,0.1500,0.6667,3,8,8,0,0,8,8,0.0000
9,216.0000,14,13,414.6258,-85.4599,0.0938,38,0.9500,0.3333,6,4,0,0,0,4,0,1.0000
9,220.0000,0,1,251.5906,-80.9728,1.1403,40,1.0000,0.0000,4,4,0,0,0,4,0,1.0000
9,220.0000,0,4,736.1041,-88.4797,-0.4129,20,0.5000,0.6667,6,7,6,0,0,7,6,0.1429
9,220.0000,0,7,431.6123,-85.2387,0.5151,35,0.8750,0.2000,5,5,1,0,0,5,1,0.8000
9,220.0000,1,0,251.5906,-81.4104,1.1782,39,1.0000,0.0000,4,4,0,0,0,4,0,1.0000
9,220.0000,1,3,1092.4169,-88.7130,0.7262,7,0.1795,1.0000,6,4,4,0,0,4,4,0.0000
9,220.0000,1,4,635.2194,-86.6704,-0.0269,34,0.8718,0.5714,7,6,4,0,0,6,4,0.3333
9,220.0000,1,7,188.4326,-77.0429,0.1776,39,1.0000,0.2000,5,4,0,0,0,4,0,1.0000
9,220.0000,2,5,538.9327,-86.6445,0.1799,34,0.8500,0.2000,5,5,1,0,0,5,1,0.8000
9,220.0000,2,6,976.1305,-88.8292,0.1031,5,0.1250,1.0000,8,8,8,0,0,8,8,0.0000
9,220.0000,2,9,318.5023,-80.0942,-0.6102,39,0.9750,0.0154,65,4,0,64,4,68,4,0.9412
9,220.0000,2,12,576.7871,-86.7246,0.4471,25,0.6250,0.5714,7,7,6,0,0,7,6,0.1429
9,220.0000,2,13,924.7778,-89.3510,-0.1306,6,0.1500,1.0000,8,6,6,0,0,6,6,0.0000
9,220.0000,2,14,589.3296,-86.5242,-0.7666,29,0.7250,0.3333,6,6,3,0,0,6,3,0.5000
9,220.0000,3,4,647.9376,-87.0170,-0.4041,24,0.6000,0.6667,6,6,4,0,0,6,4,0.3333
9,220.0000,3,7,1051.9702,-88.7138,2.1230,4,0.1000,1.0000,6,4,4,0,0,4,4,0.0000
9,220.0000,4,0,736.1041,-88.5406,-0.4521,18,0.4500,0.6667,6,7,4,0,0,7,4,0.4286
9,220.0000,4,1,635.2194,-87.6366,-0.7327,32,0.8000,0.4000,5,8,6,0,0,8,6,0.2500
9,220.0000,4,3,647.9376,-87.7361,-0.2432,23,0.5750,0.6667,9,7,5,0,0,7,5,0.2857
9,220.0000,4,7,660.8767,-87.2319,0.0077,24,0.6000,0.4000,5,7,4,0,0,7,4,0.4286
9,220.0000,5,2,538.9327,-85.9159,-0.4528,35,0.8750,0.3333,6,6,2,0,0,6,2,0.6667
9,220.0000,5,6,574.2206,-87.1832,0.0737,29,0.7250,0.4000,5,6,3,0,0,6,3,0.5000
9,220.0000,5,8,816.2478,-88.8117,-0.0149,9,0.2250,1.0000,8,8,6,0,0,8,6,0.2500
9,220.0000,5,9,273.0359,-81.2347,0.1627,39,0.9750,0.0000,4,4,0,0,0,4,0,1.0000
9,220.0000,5,12,778.4150,-88.3464,0.3072,17,0.4250,0.8571,7,8,8,0,0,8,8,0.0000
9,220.0000,5,13,676.3956,-87.6357,-0.2481,20,0.5000,0.7143,7,6,3,0,0,6,3,0.5000
9,220.0000,5,14,389.6901,-83.4211,-0.3205,39,0.9750,0.0000,4,4,0,0,0,4,0,1.0000
9,220.0000,6,2,976.1305,-88.8644,0.0825,4,0.1000,1.0000,4,4,4,0,0,4,4,0.0000
9,220.0000,6,5,574.2206,-87.4085,-0.1888,22,0.5500,0.2000,5,7,4,0,0,7,4,0.4286
9,220.0000,6,9,668.6424,-88.1950,0.1874,23,0.5750,0.0000,4,6,4,0,0,6,4,0.3333
9,220.0000,6,13,666.4277,-87.5252,0.1965,18,0.4500,0.2000,5,5,1,0,0,5,1,0.8000
9,220.0000,6,14,694.1478,-87.5527,-0.0065,22,0.5500,1.0000,8,8,5,0,0,8,5,0.3750
9,220.0000,7,0,431.6123,-85.6564,0.0697,37,0.9250,0.0000,4,4,0,0,0,4,0,1.0000
9,220.0000,7,1,188.4326,-76.2237,-0.3229,40,1.0000,0.0000,4,4,0,0,0,4,0,1.0000
9,220.0000,7,3,1051.9702,-89.2267,-0.4968,6,0.1500,1.0000,8,8,8,0,0,8,8,0.0000
9,220.0000,7,4,660.8767,-87.6658,-0.0228,27,0.6750,0.6667,6,5,2,0,0,5,2,0.6000
9,220.0000,8,5,816.2478,-88.9278,0.3810,6,0.1500,1.0000,8,7,6,0,0,7,6,0.1429
9,220.0000,8,6,1006.4433,-89.3452,-1.7605,3,0.0750,1.0000,8,4,4,0,0,4,4,0.0000
9,220.0000,8,11,434.3309,-84.1403,-0.6132,37,0.9250,0.0000,4,4,0,0,0,4,0,1.0000
9,220.0000,8,13,508.3435,-85.8240,0.2421,34,0.8500,0.2000,5,8,5,0,0,8,5,0.3750
9,220.0000,8,14,555.2703,-87.5634,0.2722,32,0.8000,0.5000,6,5,2,0,0,5,2,0.6000
9,220.0000,9,2,318.5023,-80.8704,-1.3170,40,1.0000,0.0000,4,4,0,0,0,4,0,1.0000
9,220.0000,9,5,273.0359,-80.6771,0.3023,40,1.0000,0.0000,4,4,0,0,0,4,0,1.0000
9,220.0000,9,6,668.6424,-87.9265,0.2001,17,0.4250,1.0000,8,5,1,0,0,5,1,0.8000
9,220.0000,9,8,907.6557,-89.5632,-0.0602,5,0.1250,1.0000,6,8,8,0,0,8,8,0.0000
9,220.0000,9,12,702.4239,-87.8131,-0.3668,25,0.6250,0.6667,6,8,7,0,0,8,7,0.1250
9,220.0000,9,13,676.7670,-88.0531,0.1677,14,0.3500,0.7143,7,5,2,0,0,5,2,0.6000
9,220.0000,9,14,367.1889,-83.7763,0.2357,39,0.9750,0.0000,4,3,0,0,0,3,0,1.0000
9,220.0000,11,8,434.3309,-84.3139,-0.6277,38,0.9500,0.2000,5,4,0,0,0,4,0,1.0000
9,220.0000,11,13,652.4753,-87.2702,0.2180,25,0.6250,0.4000,5,7,4,0,0,7,4,0.4286
9,220.0000,11,14,833.1328,-88.4341,-0.1689,8,0.2000,1.0000,8,8,8,0,0,8,8,0.0000
9,220.0000,12,2,576.7871,-86.9859,-0.1093,25,0.6250,0.5000,6,4,0,0,0,4,0,1.0000
9,220.0000,12,5,778.4150,-88.6566,-0.1027,15,0.3750,0.6667,6,8,8,0,0,8,8,0.0000
9,220.0000,12,9,702.4239,-88.0504,-0.0121,19,0.4750,0.5000,6,8,6,0,0,8,6,0.2500
9,220.0000,13,2,924.7778,-88.5789,-0.5049,6,0.1538,1.0000,8,8,8,0,0,8,8,0.0000
9,220.0000,13,5,676.3956,-87.8971,0.2443,19,0.4872,0.8750,8,7,6,0,0,7,6,0.1429
9,220.0000,13,6,666.4277,-88.1092,0.3340,14,0.3590,0.8000,10,3,0,0,0,3,0,1.0000
9,220.0000,13,8,508.3435,-85.6044,-0.3127,35,0.8974,0.2000,5,7,3,0,0,7,3,0.5714
9,220.0000,13,9,676.7670,-88.3158,0.2390,20,0.5128,1.0000,6,8,7,0,0,8,7,0.1250
9,220.0000,13,11,652.4753,-86.6492,-0.6930,31,0.7949,0.5000,6,8,8,0,0,8,8,0.0000
9,220.0000,13,14,376.7814,-84.2384,0.1201,35,0.8974,0.2000,5,4,0,0,0,4,0,1.0000
9,220.0000,14,2,589.3296,-87.0363,-0.3117,32,0.8000,0.0000,4,5,2,0,0,5,2,0.6000
9,220.0000,14,5,389.6901,-84.1274,0.2032,35,0.8750,0.0000,4,4,0,0,0,4,0,1.0000
9,220.0000,14,6,694.1478,-88.1279,-0.1497,22,0.5500,0.7143,7,7,6,0,0,7,6,0.1429
9,220.0000,14,8,555.2703,-88.0223,-0.2164,28,0.7000,0.5000,8,4,0,0,0,4,0,1.0000
9,220.0000,14,9,367.1889,-82.8783,0.6036,38,0.9500,0.0000,4,5,1,0,0,5,1,0.8000
9,220.0000,14,11,833.1328,-88.3860,-0.1675,14,0.3500,1.0000,8,8,8,0,0,8,8,0.0000
9,220.0000,14,13,376.7814,-84.0271,0.8057,36,0.9000,0.0000,4,4,0,0,0,4,0,1.0000
9,224.0000,0,1,230.6395,-78.8712,0.5074,40,1.0000,0.0000,4,4,0,0,0,4,0,1.0000
9,224.0000,0,4,735.4848,-88.4712,0.1279,18,0.4500,0.8571,7,6,4,0,0,6,4,0.3333
9,224.0000,0,7,397.6418,-85.0894,-0.5025,36,0.9000,0.2000,5,5,1,0,0,5,1,0.8000
9,224.0000,1,0,230.6395,-79.5861,-0.1064,40,1.0000,0.0000,4,4,0,0,0,4,0,1.0000
9,224.0000,1,4,771.8255,-87.9986,-0.1891,23,0.5750,0.6667,6,8,8,0,0,8,8,0.0000
9,224.0000,1,7,195.5324,-77.5651,0.0434,40,1.0000,0.0000,4,4,0,0,0,4,0,1.0000
9,224.0000,2,5,568.3619,-86.4588,0.0014,29,0.7250,0.2000,5,6,3,0,0,6,3,0.5000
9,224.0000,2,9,419.3376,-83.5286,-0.6063,39,0.9750,0.0588,68,4,0,71,14,75,14,0.8133
9,224.0000,2,12,536.6331,-87.2322,0.1570,29,0.7250,0.8571,7,6,3,0,0,6,3,0.5000
9,224.0000,2,13,904.4605,-88.4494,0.5834,8,0.2000,1.0000,6,8,8,0,0,8,8,0.0000
9,224.0000,2,14,581.1715,-86.8267,-0.1538,30,0.7500,0.5000,6,6,3,0,0,6,3,0.5000
9,224.0000,3,4,625.4279,-87.8178,-0.2970,23,0.5750,0.6667,6,4,0,0,0,4,0,1.0000
9,224.0000,4,0,735.4848,-87.7487,0.0405,17,0.4250,0.5714,7,8,7,0,0,8,7,0.1250
9,224.0000,4,1,771.8255,-88.1274,-0.1839,23,0.5750,0.7500,8,8,8,0,0,8,8,0.0000
9,224.0000,4,3,625.4279,-87.3581,0.4753,30,0.7500,0.7143,7,8,7,0,0,8,7,0.1250
9,224.0000,4,7,724.2636,-88.4513,-0.2263,21,0.5250,0.5714,7,8,8,0,0,8,8,0.0000
9,224.0000,5,2,568.3619,-86.7645,-0.1690,30,0.7500,0.3333,6,6,2,0,0,6,2,0.6667
9,224.0000,5,6,548.7418,-87.4364,0.2692,30,0.7500,0.5000,6,5,1,0,0,5,1,0.8000
9,224.0000,5,8,686.2992,-87.6025,0.2787,18,0.4500,0.7500,8,7,5,0,0,7,5,0.2857
9,224.0000,5,9,256.8490,-80.1136,-0.0604,40,1.0000,0.0000,4,4,0,0,0,4,0,1.0000
9,224.0000,5,12,779.2783,-88.3224,-0.0997,21,0.5250,1.0000,8,6,4,0,0,6,4,0.3333
9,224.0000,5,13,592.3258,-87.3481,0.0821,30,0.7500,0.5000,6,7,4,0,0,7,4,0.4286
9,224.0000,5,14,385.8969,-83.6819,-0.0229,38,0.9500,0.0000,4,4,0,0,0,4,0,1.0000
9,224.0000,6,2,986.9557,-89.3472,-0.2763,4,0.0976,1.0000,4,4,4,0,0,4,4,0.0000
9,224.0000,6,5,548.7418,-86.8642,0.2485,34,0.8293,0.5714,7,5,1,0,0,5,1,0.8000
9,224.0000,6,8,874.2233,-88.5555,0.3717,4,0.0976,1.0000,8,8,7,0,0,8,7,0.1250
9,224.0000,6,9,569.7035,-87.6207,0.4010,26,0.6341,0.6667,6,4,0,0,0,4,0,1.0000
9,224.0000,6,13,519.6659,-86.6755,0.7188,33,0.8049,0.2000,5,4,0,0,0,4,0,1.0000
9,224.0000,6,14,713.7442,-88.0761,-0.5160,23,0.5610,0.6250,8,7,5,0,0,7,5,0.2857
9,224.0000,7,0,397.6418,-83.9476,0.8531,38,0.9500,0.0000,4,5,1,0,0,5,1,0.8000
9,224.0000,7,1,195.5324,-77.3254,-0.0127,40,1.0000,0.0000,4,4,0,0,0,4,0,1.0000
9,224.0000,7,4,724.2636,-87.6335,-0.1059,19,0.4750,0.4000,5,8,7,0,0,8,7,0.1250
9,224.0000,8,5,686.2992,-88.3408,0.1653,22,0.5500,0.8571,7,7,4,0,0,7,4,0.4286
9,224.0000,8,6,874.2233,-89.4837,0.0768,8,0.2000,1.0000,4,8,8,0,0,8,8,0.0000
9,224.0000,8,9,804.2954,-88.4645,0.4712,12,0.3000,1.0000,8,8,8,0,0,8,8,0.0000
9,224.0000,8,11,541.7994,-85.4317,-0.2515,35,0.8750,0.0000,4,5,1,0,0,5,1,0.8000
9,224.0000,8,13,519.7723,-86.3018,0.0559,33,0.8250,0.6250,8,4,0,0,0,4,0,1.0000
9,224.0000,8,14,467.7340,-86.3924,0.2321,35,0.8750,0.4000,5,6,2,0,0,6,2,0.6667
9,224.0000,9,2,419.3376,-83.0186,-0.2835,40,1.0000,0.0000,4,4,0,0,0,4,0,1.0000
9,224.0000,9,5,256.8490,-80.1678,-0.0255,40,1.0000,0.0000,4,4,0,0,0,4,0,1.0000
9,224.0000,9,6,569.7035,-87.3710,0.2834,28,0.7000,0.2000,5,6,2,0,0,6,2,0.6667
9,224.0000,9,8,804.2954,-88.8397,0.0721,6,0.1500,1.0000,8,8,8,0,0,8,8,0.0000
9,224.0000,9,12,715.4738,-87.8754,-0.1783,20,0.5000,0.8750,8,7,6,0,0,7,6,0.1429
9,224.0000,9,13,570.5750,-87.3314,0.0373,26,0.6500,0.4000,5,6,2,0,0,6,2,0.6667
9,224.0000,9,14,384.7262,-83.4565,-0.1521,38,0.9500,0.0000,3,5,0,0,0,5,0,1.0000
9,224.0000,11,8,541.7994,-85.3962,-0.4919,27,0.6750,0.0000,4,7,4,0,0,7,4,0.4286
9,224.0000,11,13,794.7667,-87.8483,-0.4453,11,0.2750,0.5714,7,8,8,0,0,8,8,0.0000
9,224.0000,11,14,863.7146,-88.8065,0.0860,7,0.1750,1.0000,8,8,8,0,0,8,8,0.0000
9,224.0000,12,2,536.6331,-86.6556,0.0030,32,0.8000,0.0000,4,4,0,0,0,4,0,1.0000
9,224.0000,12,5,779.2783,-88.5356,0.1121,9,0.2250,1.0000,8,7,6,0,0,7,6,0.1429
9,224.0000,12,6,1149.8625,-89.2969,0.2440,3,0.0750,,0,4,4,0,0,4,4,0.0000
9,224.0000,12,9,715.4738,-88.2941,0.0112,22,0.5500,0.7500,8,7,6,0,0,7,6,0.1429
9,224.0000,13,2,904.4605,-88.4385,-0.3329,3,0.0750,1.0000,8,7,6,0,0,7,6,0.1429
9,224.0000,13,5,592.3258,-87.1889,0.2610,28,0.7000,0.8571,7,4,0,0,0,4,0,1.0000
9,224.0000,13,6,519.6659,-86.9415,0.5258,32,0.8000,0.0000,3,6,1,0,0,6,1,0.8333
9,224.0000,13,8,519.7723,-86.5752,0.1249,33,0.8250,0.4286,7,5,2,0,0,5,2,0.6000
9,224.0000,13,9,570.5750,-87.2995,0.3501,28,0.7000,0.8750,8,7,2,0,0,7,2,0.7143
9,224.0000,13,11,794.7667,-88.1255,0.1211,18,0.4500,1.0000,8,7,6,0,0,7,6,0.1429
9,224.0000,13,14,416.2591,-83.8405,-0.4390,37,0.9250,0.0000,4,5,1,0,0,5,1,0.8000
9,224.0000,14,2,581.1715,-87.4097,0.1982,30,0.7500,0.4000,5,7,4,0,0,7,4,0.4286
9,224.0000,14,5,385.8969,-84.3446,-0.5826,38,0.9500,0.0000,4,4,0,0,0,4,0,1.0000
9,224.0000,14,6,713.7442,-87.9752,-0.4769,17,0.4250,0.8571,7,6,4,0,0,6,4,0.3333
9,224.0000,14,8,467.7340,-85.6592,0.4430,37,0.9250,0.0000,4,5,1,0,0,5,1,0.8000
9,224.0000,14,9,384.7262,-83.1164,0.0259,38,0.9500,0.2000,5,5,1,0,0,5,1,0.8000
9,224.0000,14,11,863.7146,-88.5049,0.0797,7,0.1750,1.0000,8,8,8,0,0,8,8,0.0000
9,224.0000,14,12,1007.6094,-89.1526,0.0670,8,0.2000,1.0000,6,6,6,0,0,6,6,0.0000
9,224.0000,14,13,416.2591,-84.0867,-0.2920,38,0.9500,0.0000,4,5,1,0,0,5,1,0.8000
9,228.0000,0,1,297.1283,-80.3729,-0.7189,40,1.0000,0.0000,4,4,0,0,0,4,0,1.0000
9,228.0000,0,4,765.1099,-88.8489,-0.7902,14,0.3500,0.6667,6,7,5,0,0,7,5,0.2857
9,228.0000,0,7,393.8557,-84.6132,0.0538,37,0.9250,0.2000,5,4,0,0,0,4,0,1.0000
9,228.0000,1,0,297.1283,-79.4772,-0.7973,40,1.0000,0.0000,4,4,0,0,0,4,0,1.0000
9,228.0000,1,4,951.4751,-88.7850,-0.1979,12,0.3000,1.0000,8,6,6,0,0,6,6,0.0000
9,228.0000,1,7,205.9197,-77.7460,-0.3222,40,1.0000,0.0000,4,4,0,0,0,4,0,1.0000
9,228.0000,2,5,514.3410,-86.2960,0.2536,33,0.8250,0.5000,6,6,4,0,0,6,4,0.3333
9,228.0000,2,6,896.7210,-88.6145,0.4072,3,0.0750,1.0000,8,7,6,0,0,7,6,0.1429
9,228.0000,2,8,928.7553,-88.6158,-0.4671,4,0.1000,1.0000,2,9,8,0,0,9,8,0.1111
9,228.0000,2,9,441.5453,-85.0428,-0.3458,39,0.9750,0.1867,75,5,1,76,20,81,21,0.7407
9,228.0000,2,12,498.6865,-86.0980,0.3721,31,0.7750,0.5000,6,4,0,0,0,4,0,1.0000
9,228.0000,2,13,845.6656,-88.5196,-0.3242,13,0.3250,1.0000,8,8,8,0,0,8,8,0.0000
9,228.0000,2,14,551.6507,-87.4584,0.3894,32,0.8000,0.5000,6,4,0,0,0,4,0,1.0000
9,228.0000,3,4,600.9144,-87.2221,0.1433,26,0.6500,0.0000,4,6,3,0,0,6,3,0.5000
9,228.0000,4,0,765.1099,-88.0436,-0.2137,20,0.5000,0.8750,8,7,6,0,0,7,6,0.1429
9,228.0000,4,1,951.4751,-88.4308,-0.1400,8,0.2000,1.0000,8,8,8,0,0,8,8,0.0000
9,228.0000,4,3,600.9144,-87.1903,-0.0731,27,0.6750,0.8750,8,7,5,0,0,7,5,0.2857
9,228.0000,4,7,861.4013,-88.4815,-0.1937,10,0.2500,1.0000,8,8,8,0,0,8,8,0.0000
9,228.0000,5,2,514.3410,-86.0709,-0.1408,29,0.7250,0.3333,6,5,2,0,0,5,2,0.6000
9,228.0000,5,6,530.7469,-87.0011,0.6527,31,0.7750,0.2000,5,5,2,0,0,5,2,0.6000
9,228.0000,5,8,570.4740,-87.5588,0.3048,26,0.6500,0.7143,7,6,3,0,0,6,3,0.5000
9,228.0000,5,9,271.0081,-80.5107,0.1770,39,0.9750,0.0000,4,4,0,0,0,4,0,1.0000
9,228.0000,5,12,757.5084,-88.6492,0.3257,11,0.2750,0.6667,6,8,7,0,0,8,7,0.1250
9,228.0000,5,13,566.0418,-87.2211,-0.1396,30,0.7500,0.5714,7,6,3,0,0,6,3,0.5000
9,228.0000,5,14,398.5584,-84.0401,-0.2718,39,0.9750,0.0000,4,5,1,0,0,5,1,0.8000
9,228.0000,6,2,896.7210,-88.7366,0.2963,4,0.1026,1.0000,4,7,6,0,0,7,6,0.1429
9,228.0000,6,5,530.7469,-86.5898,0.4653,28,0.7179,0.2000,5,5,2,0,0,5,2,0.6000
9,228.0000,6,8,733.1962,-87.7671,-0.1506,16,0.4103,0.8750,8,4,0,0,0,4,0,1.0000
9,228.0000,6,9,455.2336,-85.5716,0.6528,32,0.8205,0.0000,4,4,0,0,0,4,0,1.0000
9,228.0000,6,13,377.8153,-84.8475,0.7905,36,0.9231,0.0000,4,5,2,0,0,5,2,0.6000
9,228.0000,6,14,723.7486,-87.9310,-0.0751,19,0.4872,0.7143,7,7,5,0,0,7,5,0.2857
9,228.0000,7,0,393.8557,-84.4995,-0.2002,38,0.9744,0.2000,5,4,0,0,0,4,0,1.0000
9,228.0000,7,1,205.9197,-77.2128,-0.0746,39,1.0000,0.0000,4,4,0,0,0,4,0,1.0000
9,228.0000,7,4,861.4013,-88.4588,0.2192,15,0.3846,0.8750,8,8,8,0,0,8,8,0.0000
9,228.0000,8,2,928.7553,-88.5080,-0.1794,3,0.0750,1.0000,8,8,8,0,0,8,8,0.0000
9,228.0000,8,5,570.4740,-88.0514,-0.1305,29,0.7250,0.5714,7,8,6,0,0,8,6,0.2500
9,228.0000,8,6,733.1962,-88.3905,-0.1153,14,0.3500,1.0000,8,6,4,0,0,6,4,0.3333
9,228.0000,8,9,706.8808,-88.5880,0.0130,23,0.5750,1.0000,8,6,4,0,0,6,4,0.3333
9,228.0000,8,11,661.2944,-86.6073,-0.3770,29,0.7250,0.2000,5,8,7,0,0,8,7,0.1250
9,228.0000,8,13,530.5909,-86.4249,-0.4915,33,0.8250,0.0000,4,5,4,0,0,5,4,0.2000
9,228.0000,8,14,401.3498,-84.8820,0.3534,38,0.9500,0.3333,6,4,0,0,0,4,0,1.0000
9,228.0000,9,2,441.5453,-84.3842,-0.4133,38,0.9500,0.0000,4,4,0,0,0,4,0,1.0000
9,228.0000,9,5,271.0081,-80.2333,0.0651,40,1.0000,0.0000,4,3,0,0,0,3,0,1.0000
9,228.0000,9,6,455.2336,-85.6340,0.3561,35,0.8750,0.3333,6,6,2,0,0,6,2,0.6667
9,228.0000,9,8,706.8808,-87.6877,0.4288,11,0.2750,1.0000,8,8,7,0,0,8,7,0.1250
9,228.0000,9,12,752.1803,-88.2290,-0.2651,24,0.6000,0.8571,7,8,8,0,0,8,8,0.0000
9,228.0000,9,13,478.6776,-86.1991,0.2743,32,0.8000,0.3333,6,5,1,0,0,5,1,0.8000
9,228.0000,9,14,457.5260,-84.9216,-0.2999,37,0.9250,0.0000,5,6,2,0,0,6,2,0.6667
9,228.0000,11,8,661.2944,-87.6176,-0.5697,32,0.8000,0.5714,7,6,3,0,0,6,3,0.5000
9,228.0000,11,13,936.4629,-88.5725,-0.5266,9,0.2250,1.0000,8,8,8,0,0,8,8,0.0000
9,228.0000,11,14,885.0617,-88.5089,0.2257,10,0.2500,1.0000,8,6,6,0,0,6,6,0.0000
9,228.0000,12,2,498.6865,-85.8310,0.1768,29,0.7250,0.0000,4,5,2,0,0,5,2,0.6000
9,228.0000,12,5,757.5084,-88.6075,0.3152,13,0.3250,0.8571,7,6,3,0,0,6,3,0.5000
9,228.0000,12,9,752.1803,-88.2514,0.2368,13,0.3250,0.8571,7,7,5,0,0,7,5,0.2857
9,228.0000,13,2,845.6656,-88.8898,0.2734,8,0.2000,0.8571,7,8,8,0,0,8,8,0.0000
9,228.0000,13,5,566.0418,-86.7731,0.2989,30,0.7500,0.0000,4,8,5,0,0,8,5,0.3750
9,228.0000,13,6,377.8153,-85.2030,0.6444,33,0.8250,0.1667,6,4,0,0,0,4,0,1.0000
9,228.0000,13,8,530.5909,-86.5544,-0.1460,31,0.7750,0.4000,5,7,4,0,0,7,4,0.4286
9,228.0000,13,9,478.6776,-86.5637,-0.2315,32,0.8000,0.2857,7,5,1,0,0,5,1,0.8000
9,228.0000,13,11,936.4629,-89.0534,-0.1818,9,0.2250,0.8571,7,2,2,0,0,2,2,0.0000
9,228.0000,13,14,511.8687,-85.3371,-0.2270,35,0.8750,0.2000,5,6,3,0,0,6,3,0.5000
9,228.0000,14,2,551.6507,-85.9775,0.2819,28,0.7000,0.5714,7,6,2,0,0,6,2,0.6667
9,228.0000,14,5,398.5584,-83.9611,-0.3343,36,0.9000,0.0000,4,4,0,0,0,4,0,1.0000
9,228.0000,14,6,723.7486,-88.1482,0.0708,18,0.4500,0.6667,6,7,4,0,0,7,4,0.4286
9,228.0000,14,8,401.3498,-84.9985,0.2319,36,0.9000,0.2000,5,5,2,0,0,5,2,0.6000
9,228.0000,14,9,457.5260,-84.1781,-0.9061,36,0.9000,0.2000,5,5,1,0,0,5,1,0.8000
9,228.0000,14,11,885.0617,-88.6002,-0.3380,4,0.1000,1.0000,8,8,8,0,0,8,8,0.0000
9,228.0000,14,12,973.8012,-89.0510,0.1391,5,0.1250,1.0000,6,6,6,0,0,6,6,0.0000
9,228.0000,14,13,511.8687,-85.7178,-0.1559,33,0.8250,0.2000,5,7,5,0,0,7,5,0.2857
9,232.0000,0,1,420.1460,-83.1456,-0.8137,39,1.0000,0.0000,4,6,1,0,0,6,1,0.8333
9,232.0000,0,4,792.5902,-87.8443,-0.3790,16,0.4103,0.7143,7,6,4,0,0,6,4,0.3333
9,232.0000,0,7,421.7393,-85.1591,-0.8885,37,0.9487,0.0000,4,5,1,0,0,5,1,0.8000
9,232.0000,1,0,420.1460,-82.7939,-1.2229,37,0.9250,0.0000,4,4,0,0,0,4,0,1.0000
9,232.0000,1,7,221.7649,-78.3826,0.2920,40,1.0000,0.0000,4,4,0,0,0,4,0,1.0000
9,232.0000,1,10,871.6699,-89.3849,0.1472,4,0.1000,0.8571,7,8,8,0,0,8,8,0.0000
9,232.0000,2,5,463.1916,-86.4172,0.4826,33,0.8462,0.6667,6,6,2,0,0,6,2,0.6667
9,232.0000,2,6,802.9733,-88.5390,0.0066,15,0.3846,0.8571,7,5,4,0,0,5,4,0.2000
9,232.0000,2,8,837.3055,-89.0449,-0.1486,9,0.2308,0.8889,9,6,5,0,0,6,5,0.1667
9,232.0000,2,9,466.8627,-85.9050,-0.4793,34,0.8718,0.2593,81,5,1,72,15,77,16,0.7922
9,232.0000,2,12,467.1167,-86.0388,0.2342,33,0.8462,0.0000,4,5,1,0,0,5,1,0.8000
9,232.0000,2,13,787.4039,-87.7665,-0.9885,5,0.1282,1.0000,8,7,6,0,0,7,6,0.1429
9,232.0000,2,14,523.2030,-86.4115,-0.1164,32,0.8205,0.0000,4,5,1,0,0,5,1,0.8000
9,232.0000,3,4,604.9607,-87.1496,-0.1927,28,0.7000,0.5000,6,5,2,0,0,5,2,0.6000
9,232.0000,4,0,792.5902,-88.7113,0.3152,16,0.4000,0.8571,7,8,8,0,0,8,8,0.0000
9,232.0000,4,3,604.9607,-86.9779,-0.4561,27,0.6750,0.7143,7,7,6,0,0,7,6,0.1429
9,232.0000,4,7,996.6985,-88.8927,-0.2093,6,0.1500,1.0000,8,8,8,0,0,8,8,0.0000
9,232.0000,5,2,463.1916,-85.9419,0.3375,37,0.9250,0.4000,5,6,2,0,0,6,2,0.6667
9,232.0000,5,6,503.7906,-86.2036,-0.0539,35,0.8750,0.4000,5,7,6,0,0,7,6,0.1429
9,232.0000,5,8,482.4032,-86.3457,0.2040,34,0.8500,0.5000,6,5,1,0,0,5,1,0.8000
9,232.0000,5,9,315.4844,-81.5169,-0.7267,40,1.0000,0.0000,4,4,0,0,0,4,0,1.0000
9,232.0000,5,12,691.9167,-88.4502,0.1060,17,0.4250,0.8750,8,5,2,0,0,5,2,0.6000
9,232.0000,5,13,570.4836,-86.7773,-0.0424,36,0.9000,0.5000,6,5,2,0,0,5,2,0.6000
9,232.0000,5,14,415.2288,-84.3352,-0.3595,39,0.9750,0.2000,5,5,1,0,0,5,1,0.8000
9,232.0000,6,2,802.9733,-88.9871,0.1071,10,0.2500,0.8571,7,8,8,0,0,8,8,0.0000
9,232.0000,6,5,503.7906,-86.6503,0.1479,32,0.8000,0.4000,5,6,3,0,0,6,3,0.5000
9,232.0000,6,8,585.3646,-87.3660,0.4225,23,0.5750,0.0000,4,5,2,0,0,5,2,0.6000
9,232.0000,6,9,340.4003,-84.1088,0.0640,37,0.9250,0.0000,4,4,0,0,0,4,0,1.0000
9,232.0000,6,12,1072.9204,-89.9098,-0.0025,3,0.0750,,0,4,4,0,0,4,4,0.0000
9,232.0000,6,13,255.2839,-81.3100,0.9426,37,0.9250,0.4000,5,4,0,0,0,4,0,1.0000
9,232.0000,6,14,730.8687,-88.3337,-0.6782,11,0.2750,0.7143,7,6,4,0,0,6,4,0.3333
9,232.0000,7,0,421.7393,-84.3350,-0.1071,39,0.9750,0.0000,4,4,0,0,0,4,0,1.0000
9,232.0000,7,1,221.7649,-78.8229,-0.2334,40,1.0000,0.0000,4,4,0,0,0,4,0,1.0000
9,232.0000,7,4,996.6985,-88.7932,-0.1425,4,0.1000,1.0000,8,8,8,0,0,8,8,0.0000
9,232.0000,7,10,969.6476,-89.7811,-0.2726,3,0.0750,1.0000,2,7,5,0,0,7,5,0.2857
9,232.0000,8,2,837.3055,-88.2977,0.0754,10,0.2500,1.0000,8,8,8,0,0,8,8,0.0000
9,232.0000,8,5,482.4032,-86.0913,0.5561,35,0.8750,0.7500,8,5,1,0,0,5,1,0.8000
9,232.0000,8,6,585.3646,-88.2567,0.3932,27,0.6750,0.6667,6,6,3,0,0,6,3,0.5000
9,232.0000,8,9,619.1053,-87.9432,0.3722,25,0.6250,0.6667,6,6,4,0,0,6,4,0.3333
9,232.0000,8,11,783.7910,-87.7640,-0.2448,22,0.5500,0.8750,8,8,8,0,0,8,8,0.0000
9,232.0000,8,13,535.9794,-85.8225,-0.0274,38,0.9500,0.8000,5,5,2,0,0,5,2,0.6000
9,232.0000,8,14,410.7262,-83.9332,0.1229,37,0.9250,0.0000,4,5,2,0,0,5,2,0.6000
9,232.0000,9,2,466.8627,-85.6838,0.3210,37,0.9250,0.0000,4,6,2,0,0,6,2,0.6667
9,232.0000,9,5,315.4844,-81.6077,-0.6374,40,1.0000,0.0000,3,4,0,0,0,4,0,1.0000
9,232.0000,9,6,340.4003,-83.9856,0.5275,40,1.0000,0.3333,6,4,0,0,0,4,0,1.0000
9,232.0000,9,8,619.1053,-88.1750,-0.0207,29,0.7250,0.8750,8,6,4,0,0,6,4,0.3333
9,232.0000,9,12,771.0337,-88.5934,0.3413,10,0.2500,1.0000,8,8,7,0,0,8,7,0.1250
9,232.0000,9,13,384.3580,-84.8590,0.4327,38,0.9500,0.2000,5,4,0,0,0,4,0,1.0000
9,232.0000,9,14,552.1330,-85.8274,-0.6254,34,0.8500,0.3333,6,5,2,0,0,5,2,0.6000
9,232.0000,10,1,871.6699,-88.2157,-0.1802,6,0.1538,1.0000,6,7,6,0,0,7,6,0.1429
9,232.0000,11,8,783.7910,-87.6754,0.0635,15,0.3750,0.5000,6,8,8,0,0,8,8,0.0000
9,232.0000,11,14,935.4524,-88.5068,0.3826,7,0.1750,1.0000,6,8,8,0,0,8,8,0.0000
9,232.0000,12,2,467.1167,-85.7494,-0.1750,33,0.8250,0.4000,5,5,1,0,0,5,1,0.8000
9,232.0000,12,5,691.9167,-88.0993,-0.1824,23,0.5750,0.5000,6,6,3,0,0,6,3,0.5000
9,232.0000,12,9,771.0337,-87.8693,-0.9136,20,0.5000,0.7143,7,7,6,0,0,7,6,0.1429
9,232.0000,12,14,897.6841,-89.0559,0.0153,4,0.1000,1.0000,8,8,8,0,0,8,8,0.0000
9,232.0000,13,2,787.4039,-88.6576,-0.0719,13,0.3250,1.0000,8,7,5,0,0,7,5,0.2857
9,232.0000,13,5,570.4836,-86.9298,-0.5209,29,0.7250,0.6250,8,5,4,0,0,5,4,0.2000
9,232.0000,13,6,255.2839,-82.2699,1.2340,39,0.9750,0.0000,4,5,1,0,0,5,1,0.8000
9,232.0000,13,8,535.9794,-86.4880,-0.6117,32,0.8000,0.5714,7,5,1,0,0,5,1,0.8000
9,232.0000,13,9,384.3580,-84.6131,0.5973,37,0.9250,0.2000,5,4,0,0,0,4,0,1.0000
9,232.0000,13,14,639.2078,-87.4399,-0.4407,29,0.7250,0.5000,6,7,5,0,0,7,5,0.2857
9,232.0000,14,2,523.2030,-86.5812,-0.4004,34,0.8500,0.3333,6,5,2,0,0,5,2,0.6000
9,232.0000,14,5,415.2288,-84.5779,0.1583,37,0.9250,0.0000,4,5,1,0,0,5,1,0.8000
9,232.0000,14,6,730.8687,-88.4910,0.0733,20,0.5000,0.5714,7,7,6,0,0,7,6,0.1429
9,232.0000,14,8,410.7262,-84.4259,-0.7576,39,0.9750,0.4000,5,4,0,0,0,4,0,1.0000
9,232.0000,14,9,552.1330,-86.4141,-0.5794,36,0.9000,0.2000,5,5,1,0,0,5,1,0.8000
9,232.0000,14,11,935.4524,-88.9278,-0.1335,6,0.1500,1.0000,8,8,8,0,0,8,8,0.0000
9,232.0000,14,12,897.6841,-89.1526,-0.5101,4,0.1000,1.0000,6,5,4,0,0,5,4,0.2000
9,232.0000,14,13,639.2078,-86.0808,-0.0130,26,0.6500,0.7143,7,5,2,0,0,5,2,0.6000
9,236.0000,0,1,552.9173,-85.7659,-0.6870,32,0.8000,0.1667,6,4,2,0,0,4,2,0.5000
9,236.0000,0,4,832.2176,-88.5750,0.3813,8,0.2000,0.6667,6,8,8,0,0,8,8,0.0000
9,236.0000,0,7,481.2537,-84.9297,0.0069,35,0.8750,0.2000,5,6,3,0,0,6,3,0.5000
9,236.0000,1,0,552.9173,-86.2762,-0.5843,35,0.8750,0.0000,4,8,5,0,0,8,5,0.3750
9,236.0000,1,7,237.9839,-78.6103,0.1013,40,1.0000,0.0000,4,4,0,0,0,4,0,1.0000
9,236.0000,1,10,768.6667,-88.4845,-0.5307,8,0.2000,1.0000,8,8,6,0,0,8,6,0.2500
9,236.0000,2,5,419.3171,-84.8712,0.3081,34,0.8500,0.3333,6,4,0,0,0,4,0,1.0000
9,236.0000,2,6,717.5395,-87.9875,0.2648,17,0.4250,0.8000,5,6,4,0,0,6,4,0.3333
9,236.0000,2,8,750.6673,-88.3319,0.5503,11,0.2750,0.8333,6,7,5,0,0,7,5,0.2857
9,236.0000,2,9,475.9895,-85.4106,-0.0940,35,0.8750,0.2078,77,4,0,72,16,76,16,0.7895
9,236.0000,2,12,447.3679,-85.4133,0.1269,37,0.9250,0.2000,5,4,0,0,0,4,0,1.0000
9,236.0000,2,13,725.1659,-88.2403,-0.2732,20,0.5000,0.8571,7,6,4,0,0,6,4,0.3333
9,236.0000,2,14,500.5273,-85.9487,-0.1863,32,0.8000,0.2000,5,4,0,0,0,4,0,1.0000
9,236.0000,3,4,624.2986,-87.2652,0.4189,25,0.6410,0.4000,5,5,1,0,0,5,1,0.8000
9,236.0000,4,0,832.2176,-88.7187,-0.2363,10,0.2500,1.0000,8,7,6,0,0,7,6,0.1429
9,236.0000,4,3,624.2986,-87.5364,0.2307,29,0.7250,0.8571,7,5,2,0,0,5,2,0.6000
9,236.0000,5,2,419.3171,-85.4689,0.3049,37,0.9250,0.3333,6,4,0,0,0,4,0,1.0000
9,236.0000,5,6,488.6522,-86.5285,0.5114,35,0.8750,0.8571,7,4,0,0,0,4,0,1.0000
9,236.0000,5,8,412.2717,-85.3589,-0.6723,38,0.9500,0.2000,5,5,1,0,0,5,1,0.8000
9,236.0000,5,9,382.1941,-83.2037,-0.4556,40,1.0000,0.0000,4,4,0,0,0,4,0,1.0000
9,236.0000,5,12,619.3357,-87.7303,0.2436,27,0.6750,0.4000,5,6,3,0,0,6,3,0.5000
9,236.0000,5,13,598.6694,-87.2940,-0.1744,28,0.7000,0.4000,5,5,1,0,0,5,1,0.8000
9,236.0000,5,14,386.4524,-84.5440,-0.0664,39,0.9750,0.2000,5,4,0,0,0,4,0,1.0000
9,236.0000,6,2,717.5395,-88.2184,0.0777,19,0.4750,1.0000,8,6,4,0,0,6,4,0.3333
9,236.0000,6,5,488.6522,-86.1275,-0.2611,35,0.8750,0.5000,6,6,3,0,0,6,3,0.5000
9,236.0000,6,8,435.2824,-85.9118,0.1234,34,0.8500,0.4000,5,5,1,0,0,5,1,0.8000
9,236.0000,6,9,265.5131,-81.3348,0.7267,40,1.0000,0.0000,4,4,0,0,0,4,0,1.0000
9,236.0000,6,12,998.3749,-89.3419,-0.2179,4,0.1000,1.0000,4,8,8,0,0,8,8,0.0000
9,236.0000,6,13,198.8807,-78.2167,0.5983,40,1.0000,0.0000,4,4,0,0,0,4,0,1.0000
9,236.0000,6,14,679.0998,-87.5438,0.7416,21,0.5250,0.6667,6,5,2,0,0,5,2,0.6000
9,236.0000,7,0,481.2537,-85.4094,0.1259,36,0.8780,0.0000,4,6,2,0,0,6,2,0.6667
9,236.0000,7,1,237.9839,-78.8334,-0.0735,39,0.9512,0.0000,4,4,0,0,0,4,0,1.0000
9,236.0000,7,10,885.9828,-88.8445,0.0010,7,0.1707,0.7143,7,8,8,0,0,8,8,0.0000
9,236.0000,8,2,750.6673,-88.3699,0.0776,15,0.3750,1.0000,8,6,3,0,0,6,3,0.5000
9,236.0000,8,5,412.2717,-84.9869,1.3148,36,0.9000,0.2000,5,4,0,0,0,4,0,1.0000
9,236.0000,8,6,435.2824,-85.8356,0.9024,32,0.8000,0.5000,6,4,0,0,0,4,0,1.0000
9,236.0000,8,9,535.4434,-87.0437,0.4540,32,0.8000,0.6667,6,6,2,0,0,6,2,0.6667
9,236.0000,8,11,907.0763,-88.9067,-0.1969,11,0.2750,1.0000,8,10,10,0,0,10,10,0.0000
9,236.0000,8,12,1029.1537,-89.2087,-0.6741,4,0.1000,1.0000,8,4,4,0,0,4,4,0.0000
9,236.0000,8,13,534.1774,-85.8366,0.0148,32,0.8000,0.4000,5,6,2,0,0,6,2,0.6667
9,236.0000,8,14,424.0125,-84.6292,-0.2267,36,0.9000,0.4000,5,4,0,0,0,4,0,1.0000
9,236.0000,9,2,475.9895,-85.9526,-0.0672,35,0.8750,0.3333,6,4,0,0,0,4,0,1.0000
9,236.0000,9,5,382.1941,-83.5784,0.0226,39,0.9750,0.0000,4,5,2,0,0,5,2,0.6000
9,236.0000,9,6,265.5131,-81.6664,0.3548,40,1.0000,0.0000,4,3,0,0,0,3,0,1.0000
9,236.0000,9,8,535.4434,-86.4476,-0.2694,29,0.7250,0.6667,6,5,1,0,0,5,1,0.8000
9,236.0000,9,12,774.6184,-88.1721,0.0059,12,0.3000,0.8750,8,7,6,0,0,7,6,0.1429
9,236.0000,9,13,295.0431,-82.3116,0.8753,40,1.0000,0.0000,4,4,0,0,0,4,0,1.0000
9,236.0000,9,14,597.4730,-87.2918,0.5383,28,0.7000,0.4000,5,6,2,0,0,6,2,0.6667
9,236.0000,10,1,768.6667,-88.5072,-0.0380,11,0.2683,0.8571,7,7,5,0,0,7,5,0.2857
9,236.0000,10,7,885.9828,-89.1893,0.0724,5,0.1220,1.0000,8,8,8,0,0,8,8,0.0000
9,236.0000,11,8,907.0763,-88.5297,-0.7767,10,0.2564,1.0000,8,8,8,0,0,8,8,0.0000
9,236.0000,11,14,984.3976,-89.3349,-0.2868,3,0.0769,1.0000,8,6,6,0,0,6,6,0.0000
9,236.0000,12,2,447.3679,-85.5831,0.1047,34,0.8500,0.2000,5,6,2,0,0,6,2,0.6667
9,236.0000,12,5,619.3357,-87.7427,-0.0498,21,0.5250,0.5000,6,4,0,0,0,4,0,1.0000
9,236.0000,12,6,998.3749,-89.0476,0.6326,3,0.0750,1.0000,8,8,8,0,0,8,8,0.0000
9,236.0000,12,8,1029.1537,-89.7504,-0.0919,3,0.0750,1.0000,4,8,8,0,0,8,8,0.0000
9,236.0000,12,9,774.6184,-88.3524,-0.3344,11,0.2750,0.8571,7,8,8,0,0,8,8,0.0000
9,236.0000,12,14,824.9737,-88.2074,-0.6577,6,0.1500,1.0000,8,7,5,0,0,7,5,0.2857
9,236.0000,13,2,725.1659,-88.2033,0.0009,13,0.3171,0.7143,7,8,6,0,0,8,6,0.2500
9,236.0000,13,5,598.6694,-87.0889,-0.1645,31,0.7561,0.8000,5,7,4,0,0,7,4,0.4286
9,236.0000,13,6,198.8807,-78.5234,1.0239,41,1.0000,0.2000,5,4,0,0,0,4,0,1.0000
9,236.0000,13,8,534.1774,-87.0139,0.3111,34,0.8293,0.2000,5,5,1,0,0,5,1,0.8000
9,236.0000,13,9,295.0431,-82.8079,0.3219,40,0.9756,0.0000,4,4,0,0,0,4,0,1.0000
9,236.0000,13,14,706.9415,-88.1422,-0.1170,25,0.6098,0.7143,7,7,4,0,0,7,4,0.4286
9,236.0000,14,2,500.5273,-86.3041,0.1973,34,0.8500,0.4000,5,8,7,0,0,8,7,0.1250
9,236.0000,14,5,386.4524,-84.2347,-0.4563,38,0.9500,0.2000,5,4,0,0,0,4,0,1.0000
9,236.0000,14,6,679.0998,-88.4815,0.3925,18,0.4500,0.8571,7,5,2,0,0,5,2,0.6000
9,236.0000,14,8,424.0125,-85.1622,-0.0984,36,0.9000,0.0000,4,5,1,0,0,5,1,0.8000
9,236.0000,14,9,597.4730,-87.3271,0.2816,26,0.6500,0.2000,5,6,4,0,0,6,4,0.3333
9,236.0000,14,11,984.3976,-89.5509,0.0590,4,0.1000,1.0000,8,4,4,0,0,4,4,0.0000
9,236.0000,14,12,824.9737,-88.5855,-0.0486,12,0.3000,0.8000,5,7,6,0,0,7,6,0.1429
9,236.0000,14,13,706.9415,-87.7718,-0.2959,21,0.5250,0.4000,5,7,6,0,0,7,6,0.1429
9,240.0000,0,1,669.5829,-87.7239,-0.1080,31,0.7750,0.5000,4,7,6,0,0,7,6,0.1429
9,240.0000,0,4,884.9506,-88.3974,-0.0276,13,0.3250,1.0000,8,8,8,0,0,8,8,0.0000
9,240.0000,0,7,556.2346,-86.4259,-0.5104,30,0.7500,0.5000,6,6,4,0,0,6,4,0.3333
9,240.0000,1,0,669.5829,-86.6386,-0.2287,28,0.7000,0.6250,8,8,7,0,0,8,7,0.1250
9,240.0000,1,7,238.9972,-79.2998,-0.1563,40,1.0000,0.0000,4,4,0,0,0,4,0,1.0000
9,240.0000,1,10,626.6319,-87.7707,0.2866,18,0.4500,0.7500,8,3,0,0,0,3,0,1.0000
9,240.0000,2,5,400.7838,-84.4057,0.0258,37,0.9250,0.0000,4,5,1,0,0,5,1,0.8000
9,240.0000,2,6,637.5198,-88.1245,-0.0598,19,0.4750,0.6667,6,5,2,0,0,5,2,0.6000
9,240.0000,2,8,660.5237,-87.6626,0.7148,22,0.5500,0.7143,7,5,1,0,0,5,1,0.8000
9,240.0000,2,9,484.8745,-85.3349,-0.1076,34,0.8500,0.2105,76,4,0,75,18,79,18,0.7722
9,240.0000,2,12,424.8415,-84.3892,0.2487,38,0.9500,0.0000,4,4,0,0,0,4,0,1.0000
9,240.0000,2,13,682.3219,-87.7036,0.0801,18,0.4500,0.6667,6,6,3,0,0,6,3,0.5000
9,240.0000,2,14,447.6746,-86.2491,0.0831,33,0.8250,0.0000,4,5,1,0,0,5,1,0.8000
9,240.0000,3,4,628.7871,-86.9877,0.1109,24,0.6000,0.2000,5,5,1,0,0,5,1,0.8000
9,240.0000,4,0,884.9506,-88.8793,-0.2454,10,0.2500,0.8571,7,7,6,0,0,7,6,0.1429
9,240.0000,4,3,628.7871,-86.7489,-0.1827,30,0.7500,0.4000,5,6,4,0,0,6,4,0.3333
9,240.0000,5,2,400.7838,-84.9819,-0.0390,37,0.9250,0.0000,4,4,0,0,0,4,0,1.0000
9,240.0000,5,6,465.5072,-85.9261,-0.4709,36,0.9000,0.0000,4,4,0,0,0,4,0,1.0000
9,240.0000,5,8,345.7255,-84.1690,0.2562,38,0.9500,0.2000,5,4,0,0,0,4,0,1.0000
9,240.0000,5,9,469.3717,-84.7529,-0.3742,36,0.9000,0.0000,4,5,1,0,0,5,1,0.8000
9,240.0000,5,12,557.5922,-86.5729,0.1944,27,0.6750,0.5000,6,5,1,0,0,5,1,0.8000
9,240.0000,5,13,654.0341,-88.2154,-0.2000,28,0.7000,0.2000,5,6,3,0,0,6,3,0.5000
9,240.0000,5,14,294.4010,-82.9715,0.3957,39,0.9750,0.0000,4,4,0,0,0,4,0,1.0000
9,240.0000,6,2,637.5198,-87.6437,-0.0763,24,0.6000,0.6667,6,8,7,0,0,8,7,0.1250
9,240.0000,6,5,465.5072,-86.5183,-0.2064,32,0.8000,0.5000,6,4,0,0,0,4,0,1.0000
9,240.0000,6,8,301.5118,-83.3234,1.2099,37,0.9250,0.2000,5,4,0,0,0,4,0,1.0000
9,240.0000,6,9,248.9276,-79.7704,0.2176,39,0.9750,0.0000,4,4,0,0,0,4,0,1.0000
9,240.0000,6,12,911.9641,-88.9079,0.7049,5,0.1250,1.0000,8,8,8,0,0,8,8,0.0000
9,240.0000,6,13,257.3407,-78.1166,-0.8059,39,0.9750,0.0000,4,4,0,0,0,4,0,1.0000
9,240.0000,6,14,526.0546,-86.9098,0.6559,28,0.7000,0.4000,5,5,1,0,0,5,1,0.8000
9,240.0000,7,0,556.2346,-86.4306,-0.3473,34,0.8500,0.3333,6,7,6,0,0,7,6,0.1429
9,240.0000,7,1,238.9972,-79.0097,-0.2027,39,0.9750,0.0000,4,4,0,0,0,4,0,1.0000
9,240.0000,7,10,819.6614,-88.8849,0.3707,11,0.2750,1.0000,8,8,8,0,0,8,8,0.0000
9,240.0000,8,2,660.5237,-87.7719,0.9006,23,0.5750,0.5000,6,4,1,0,0,4,1,0.7500
9,240.0000,8,5,345.7255,-84.5355,0.0071,39,0.9750,0.0000,4,4,0,0,0,4,0,1.0000
9,240.0000,8,6,301.5118,-83.7386,0.8968,40,1.0000,0.0000,4,4,0,0,0,4,0,1.0000
9,240.0000,8,9,483.0038,-86.1842,-0.1405,35,0.8750,0.3333,6,4,0,0,0,4,0,1.0000
9,240.0000,8,11,1036.0495,-88.8869,-0.0157,5,0.1250,1.0000,10,2,2,0,0,2,2,0.0000
9,240.0000,8,12,897.0035,-89.0223,0.0252,5,0.1250,1.0000,4,8,7,0,0,8,7,0.1250
9,240.0000,8,13,547.6935,-86.0289,-0.3937,36,0.9000,0.3333,6,4,0,0,0,4,0,1.0000
9,240.0000,8,14,363.6701,-84.4755,-0.1881,39,0.9750,0.0000,4,4,0,0,0,4,0,1.0000
9,240.0000,9,2,484.8745,-85.6946,0.2062,34,0.8718,0.0000,4,5,2,0,0,5,2,0.6000
9,240.0000,9,3,961.9085,-88.8969,0.1976,5,0.1282,0.7500,4,8,7,0,0,8,7,0.1250
9,240.0000,9,5,469.3717,-84.6689,-0.6021,36,0.9231,0.4000,5,4,0,0,0,4,0,1.0000
9,240.0000,9,6,248.9276,-80.2328,0.0194,39,1.0000,0.0000,3,5,0,0,0,5,0,1.0000
9,240.0000,9,8,483.0038,-85.6486,-0.0724,33,0.8462,0.2000,5,4,0,0,0,4,0,1.0000
9,240.0000,9,12,763.6725,-88.1231,0.3984,11,0.2821,0.8571,7,8,8,0,0,8,8,0.0000
9,240.0000,9,13,231.8870,-80.5111,0.4195,39,1.0000,0.0000,4,4,0,0,0,4,0,1.0000
9,240.0000,9,14,566.8042,-87.8288,-0.3687,28,0.7179,0.3333,6,7,4,0,0,7,4,0.4286
9,240.0000,10,1,626.6319,-87.2319,0.4190,19,0.4750,0.7143,7,7,2,0,0,7,2,0.7143
9,240.0000,10,7,819.6614,-88.7122,0.1341,5,0.1250,1.0000,8,7,5,0,0,7,5,0.2857
9,240.0000,11,8,1036.0495,-88.7298,0.0952,4,0.0976,1.0000,8,6,6,0,0,6,6,0.0000
9,240.0000,12,2,424.8415,-85.1428,0.1457,38,0.9500,0.3333,6,5,1,0,0,5,1,0.8000
9,240.0000,12,5,557.5922,-87.1120,0.5623,28,0.7000,0.0000,4,6,2,0,0,6,2,0.6667
9,240.0000,12,6,911.9641,-89.0717,-0.2770,7,0.1750,1.0000,8,8,8,0,0,8,8,0.0000
9,240.0000,12,9,763.6725,-88.5202,0.1679,19,0.4750,1.0000,8,8,8,0,0,8,8,0.0000
9,240.0000,12,13,993.7366,-88.6159,-0.0802,5,0.1250,1.0000,2,8,8,0,0,8,8,0.0000
9,240.0000,12,14,739.2908,-87.6028,-0.4091,9,0.2250,0.7143,7,8,7,0,0,8,7,0.1250
9,240.0000,13,2,682.3219,-88.1712,-0.0784,18,0.4500,0.7500,8,7,6,0,0,7,6,0.1429
9,240.0000,13,5,654.0341,-87.2873,0.2603,28,0.7000,0.5714,7,8,4,0,0,8,4,0.5000
9,240.0000,13,6,257.3407,-78.8468,-0.9615,40,1.0000,0.0000,4,4,0,0,0,4,0,1.0000
9,240.0000,13,8,547.6935,-86.4017,-0.0986,33,0.8250,0.2000,5,4,0,0,0,4,0,1.0000
9,240.0000,13,9,231.8870,-79.8447,0.0443,40,1.0000,0.0000,4,4,0,0,0,4,0,1.0000
9,240.0000,13,14,687.9301,-87.6204,-0.2229,21,0.5250,0.5714,7,8,6,0,0,8,6,0.2500
9,240.0000,14,2,447.6746,-85.4330,0.2776,38,0.9500,0.8750,8,4,0,0,0,4,0,1.0000
9,240.0000,14,5,294.4010,-82.7373,0.3475,38,0.9500,0.0000,4,4,0,0,0,4,0,1.0000
9,240.0000,14,6,526.0546,-86.9407,0.3451,30,0.7500,0.4000,5,4,0,0,0,4,0,1.0000
9,240.0000,14,8,363.6701,-84.8333,0.7673,38,0.9500,0.2000,5,4,0,0,0,4,0,1.0000
9,240.0000,14,9,566.8042,-86.8077,-0.3539,28,0.7000,0.6667,6,5,1,0,0,5,1,0.8000
9,240.0000,14,12,739.2908,-88.3674,0.2941,16,0.4000,0.8571,7,8,7,0,0,8,7,0.1250
9,240.0000,14,13,687.9301,-88.1599,-0.1453,22,0.5500,0.8571,7,7,6,0,0,7,6,0.1429
9,244.0000,0,1,779.2547,-88.3138,0.1487,15,0.3750,0.8571,7,8,7,0,0,8,7,0.1250
9,244.0000,0,4,979.9948,-88.9049,-0.3534,5,0.1250,1.0000,8,6,6,0,0,6,6,0.0000
9,244.0000,0,7,611.5449,-87.2781,-0.4662,26,0.6500,0.6667,6,6,2,0,0,6,2,0.6667
9,244.0000,1,0,779.2547,-88.1554,0.1242,16,0.4000,0.8750,8,8,8,0,0,8,8,0.0000
9,244.0000,1,7,283.6173,-80.2939,-0.8561,40,1.0000,0.0000,4,5,1,0,0,5,1,0.8000
9,244.0000,1,10,454.3374,-86.0761,0.9512,35,0.8750,0.0000,3,4,0,0,0,4,0,1.0000
9,244.0000,2,5,408.7304,-84.0363,-0.3404,37,0.9487,0.2000,5,5,1,0,0,5,1,0.8000
9,244.0000,2,6,578.6289,-87.0519,-0.7163,28,0.7179,0.4000,5,5,2,0,0,5,2,0.6000
9,244.0000,2,8,569.8222,-86.9232,0.4067,23,0.5897,0.2000,5,6,4,0,0,6,4,0.3333
9,244.0000,2,9,499.3663,-85.5695,-0.2525,35,0.8974,0.2278,79,5,2,79,26,84,28,0.6667
9,244.0000,2,12,405.5061,-84.8295,0.3915,36,0.9231,0.0000,4,4,0,0,0,4,0,1.0000
9,244.0000,2,13,652.1742,-87.7652,-0.0859,23,0.5897,0.5000,6,7,5,0,0,7,5,0.2857
9,244.0000,2,14,416.1332,-84.7790,-0.7733,35,0.8974,0.2000,5,5,2,0,0,5,2,0.6000
9,244.0000,3,4,651.6534,-87.4882,-0.2410,27,0.6750,0.2000,5,8,6,0,0,8,6,0.2500
9,244.0000,3,9,851.4496,-88.6279,0.1104,10,0.2500,0.8750,8,8,8,0,0,8,8,0.0000
9,244.0000,3,13,823.9171,-88.3291,-1.6755,4,0.1000,1.0000,8,6,5,0,0,6,5,0.1667
9,244.0000,4,0,979.9948,-88.7750,-0.5479,3,0.0750,0.8571,7,8,8,0,0,8,8,0.0000
9,244.0000,4,3,651.6534,-87.5944,-0.2827,24,0.6000,0.6667,6,6,4,0,0,6,4,0.3333
9,244.0000,5,2,408.7304,-84.2706,0.0013,37,0.9250,0.0000,4,4,0,0,0,4,0,1.0000
9,244.0000,5,6,430.1074,-85.0445,0.0260,38,0.9500,0.0000,4,4,0,0,0,4,0,1.0000
9,244.0000,5,8,281.3812,-81.9918,0.6407,40,1.0000,0.0000,4,4,0,0,0,4,0,1.0000
9,244.0000,5,9,542.7900,-86.5947,-0.1525,32,0.8000,0.2000,5,6,4,0,0,6,4,0.3333
9,244.0000,5,12,523.1107,-86.7149,0.2925,35,0.8750,0.2000,5,5,1,0,0,5,1,0.8000
9,244.0000,5,13,715.1127,-87.9512,0.0498,21,0.5250,0.5000,6,7,5,0,0,7,5,0.2857
9,244.0000,5,14,241.5105,-79.7183,0.2653,40,1.0000,0.0000,4,4,0,0,0,4,0,1.0000
9,244.0000,6,2,578.6289,-87.1320,0.1877,28,0.7000,0.8750,8,5,2,0,0,5,2,0.6000
9,244.0000,6,5,430.1074,-84.9802,0.2021,34,0.8500,0.0000,4,5,2,0,0,5,2,0.6000
9,244.0000,6,8,203.1786,-80.0742,1.5203,39,0.9750,0.0000,4,4,0,0,0,4,0,1.0000
9,244.0000,6,9,283.1255,-80.3038,-0.0644,39,0.9750,0.0000,4,4,0,0,0,4,0,1.0000
9,244.0000,6,12,831.8550,-88.7930,-0.0097,12,0.3000,1.0000,8,7,6,0,0,7,6,0.1429
9,244.0000,6,13,379.9785,-82.0752,-1.0560,40,1.0000,0.0000,4,4,0,0,0,4,0,1.0000
9,244.0000,6,14,380.8900,-85.6142,0.8407,37,0.9250,0.2000,5,4,0,0,0,4,0,1.0000
9,244.0000,7,0,611.5449,-87.0333,-0.3418,30,0.7500,0.8571,7,7,5,0,0,7,5,0.2857
9,244.0000,7,1,283.6173,-80.3516,-0.3259,40,1.0000,0.0000,4,4,0,0,0,4,0,1.0000
9,244.0000,7,10,728.4780,-87.8350,-0.1696,17,0.4250,1.0000,8,5,2,0,0,5,2,0.6000
9,244.0000,8,2,569.8222,-86.6050,0.3598,23,0.5750,0.2500,4,6,2,0,0,6,2,0.6667
9,244.0000,8,5,281.3812,-81.7315,0.9821,39,0.9750,0.0000,4,5,2,0,0,5,2,0.6000
9,244.0000,8,6,203.1786,-79.8891,1.0606,40,1.0000,0.0000,4,4,0,0,0,4,0,1.0000
9,244.0000,8,9,434.7798,-85.7032,0.6235,37,0.9250,0.0000,4,5,1,0,0,5,1,0.8000
9,244.0000,8,12,760.0762,-88.5405,-0.5190,10,0.2500,0.8750,8,7,6,0,0,7,6,0.1429
9,244.0000,8,13,568.1759,-86.7844,0.0651,33,0.8250,0.0000,4,5,0,0,0,5,0,1.0000
9,244.0000,8,14,291.9855,-82.7892,0.0260,40,1.0000,0.0000,4,4,0,0,0,4,0,1.0000
9,244.0000,9,2,499.3663,-85.9403,0.2403,33,0.8250,0.4000,5,4,0,0,0,4,0,1.0000
9,244.0000,9,3,851.4496,-88.3208,0.0438,10,0.2500,0.8750,8,8,7,0,0,8,7,0.1250
9,244.0000,9,5,542.7900,-85.7636,-0.2114,36,0.9000,0.0000,4,6,3,0,0,6,3,0.5000
9,244.0000,9,6,283.1255,-80.0738,-0.6236,40,1.0000,0.0000,5,4,0,0,0,4,0,1.0000
9,244.0000,9,8,434.7798,-86.2247,0.4427,36,0.9000,0.0000,4,5,1,0,0,5,1,0.8000
9,244.0000,9,12,755.0133,-88.2918,0.2847,16,0.4000,1.0000,8,7,6,0,0,7,6,0.1429
9,244.0000,9,13,182.0808,-78.1567,0.4337,40,1.0000,0.0000,4,4,0,0,0,4,0,1.0000
9,244.0000,9,14,529.9677,-86.7894,-0.1542,29,0.7250,0.5714,7,5,1,0,0,5,1,0.8000
9,244.0000,10,1,454.3374,-86.7645,0.3517,33,0.8250,0.2857,7,4,0,0,0,4,0,1.0000
9,244.0000,10,7,728.4780,-88.4655,0.2679,20,0.5000,0.7143,7,7,3,0,0,7,3,0.5714
9,244.0000,12,2,405.5061,-84.8795,-0.1539,36,0.9000,0.2000,5,4,0,0,0,4,0,1.0000
9,244.0000,12,5,523.1107,-86.5472,-0.6471,27,0.6750,0.3333,6,6,2,0,0,6,2,0.6667
9,244.0000,12,6,831.8550,-88.8743,0.0378,10,0.2500,1.0000,8,8,7,0,0,8,7,0.1250
9,244.0000,12,8,760.0762,-88.6947,0.2803,13,0.3250,0.8750,8,8,7,0,0,8,7,0.1250
9,244.0000,12,9,755.0133,-88.4073,0.1469,15,0.3750,1.0000,8,8,7,0,0,8,7,0.1250
9,244.0000,12,13,924.7704,-88.1664,0.0032,3,0.0750,1.0000,8,8,8,0,0,8,8,0.0000
9,244.0000,12,14,682.6433,-88.3154,0.2722,25,0.6250,0.8750,8,5,2,0,0,5,2,0.6000
9,244.0000,13,2,652.1742,-87.4910,-0.0246,26,0.6500,0.8571,7,5,1,0,0,5,1,0.8000
9,244.0000,13,3,823.9171,-88.9370,-0.1433,6,0.1500,1.0000,6,6,4,0,0,6,4,0.3333
9,244.0000,13,5,715.1127,-87.2354,-0.2805,21,0.5250,0.5000,8,7,5,0,0,7,5,0.2857
9,244.0000,13,6,379.9785,-82.3069,-1.3268,40,1.0000,0.0000,4,5,1,0,0,5,1,0.8000
9,244.0000,13,8,568.1759,-86.7693,-0.3270,33,0.8250,0.0000,4,4,0,0,0,4,0,1.0000
9,244.0000,13,9,182.0808,-77.2496,0.6422,39,0.9750,0.0000,4,4,0,0,0,4,0,1.0000
9,244.0000,13,12,924.7704,-89.3052,-0.2559,3,0.0750,1.0000,6,8,8,0,0,8,8,0.0000
9,244.0000,13,14,671.8748,-87.4748,0.0853,21,0.5250,0.7500,8,7,6,0,0,7,6,0.1429
9,244.0000,14,2,416.1332,-85.5049,0.0270,36,0.9000,0.0000,4,4,0,0,0,4,0,1.0000
9,244.0000,14,5,241.5105,-80.2621,0.1836,39,0.9750,0.0000,4,4,0,0,0,4,0,1.0000
9,244.0000,14,6,380.8900,-84.7252,1.1162,35,0.8750,0.0000,4,5,1,0,0,5,1,0.8000
9,244.0000,14,8,291.9855,-82.1900,0.9587,40,1.0000,0.0000,4,4,0,0,0,4,0,1.0000
9,244.0000,14,9,529.9677,-86.8562,0.2127,31,0.7750,0.2000,5,4,0,0,0,4,0,1.0000
9,244.0000,14,12,682.6433,-87.5395,0.0828,18,0.4500,0.8750,8,7,6,0,0,7,6,0.1429
9,244.0000,14,13,671.8748,-87.4533,0.4679,28,0.7000,0.8571,7,5,2,0,0,5,2,0.6000
9,248.0000,0,1,939.0057,-88.5322,-0.3104,9,0.2195,0.8750,8,8,8,0,0,8,8,0.0000
9,248.0000,0,4,1046.2906,-89.1011,-0.1487,3,0.0732,1.0000,6,6,6,0,0,6,6,0.0000
9,248.0000,0,7,693.3419,-87.4910,0.3604,22,0.5366,0.3333,6,8,8,0,0,8,8,0.0000
9,248.0000,1,0,939.0057,-89.0965,-0.1335,7,0.1795,1.0000,8,6,6,0,0,6,6,0.0000
9,248.0000,1,7,327.0053,-82.4337,-0.8577,38,0.9744,0.2000,5,4,0,0,0,4,0,1.0000
9,248.0000,1,10,305.7151,-84.0479,0.5022,38,0.9744,0.0000,4,5,0,0,0,5,0,1.0000
9,248.0000,2,5,428.7010,-84.8170,-0.0210,40,0.9756,0.2000,5,5,1,0,0,5,1,0.8000
9,248.0000,2,6,561.6912,-87.1065,-0.0264,31,0.7561,0.4000,5,7,4,0,0,7,4,0.4286
9,248.0000,2,8,491.6314,-86.4205,-0.2367,35,0.8537,0.6667,6,4,0,0,0,4,0,1.0000
9,248.0000,2,9,519.1050,-86.8029,0.0038,34,0.8293,0.3333,84,5,1,79,24,84,25,0.7024
9,248.0000,2,12,389.8881,-83.9306,-0.1254,39,0.9512,0.0000,4,4,0,0,0,4,0,1.0000
9,248.0000,2,13,646.6435,-87.5274,0.3537,27,0.6585,0.7143,7,7,6,0,0,7,6,0.1429
9,248.0000,2,14,401.9676,-84.2919,-0.0786,40,0.9756,0.4000,5,6,2,0,0,6,2,0.6667
9,248.0000,3,4,657.4237,-87.7489,-0.0062,28,0.7000,0.7500,8,6,3,0,0,6,3,0.5000
9,248.0000,3,9,762.3704,-88.6912,-0.1753,10,0.2500,1.0000,8,8,8,0,0,8,8,0.0000
9,248.0000,3,13,688.3298,-87.8864,0.4131,17,0.4250,0.8333,6,7,6,0,0,7,6,0.1429
9,248.0000,4,0,1046.2906,-89.3923,0.1261,3,0.0750,1.0000,8,6,6,0,0,6,6,0.0000
9,248.0000,4,3,657.4237,-87.6233,-0.0590,29,0.7250,0.6667,6,7,6,0,0,7,6,0.1429
9,248.0000,5,2,428.7010,-84.5896,0.2486,34,0.8500,0.0000,4,4,0,0,0,4,0,1.0000
9,248.0000,5,6,430.8833,-84.5781,-0.4350,40,1.0000,0.0000,4,4,0,0,0,4,0,1.0000
9,248.0000,5,8,282.3110,-80.6339,0.1383,39,0.9750,0.0000,4,4,0,0,0,4,0,1.0000
9,248.0000,5,9,627.3754,-87.2000,0.3631,27,0.6750,0.6667,6,6,4,0,0,6,4,0.3333
9,248.0000,5,12,507.6323,-85.7852,-0.0497,35,0.8750,0.2000,5,5,1,0,0,5,1,0.8000
9,248.0000,5,13,803.6556,-88.2413,-0.0144,18,0.4500,0.7143,7,8,8,0,0,8,8,0.0000
9,248.0000,5,14,246.4082,-79.4135,0.1561,39,0.9750,0.0000,4,4,0,0,0,4,0,1.0000
9,248.0000,6,2,561.6912,-86.4239,0.0590,33,0.8250,0.4000,5,5,1,0,0,5,1,0.8000
9,248.0000,6,5,430.8833,-84.8347,0.2799,36,0.9000,0.4000,5,4,0,0,0,4,0,1.0000
9,248.0000,6,8,193.9536,-77.0547,-0.3041,38,0.9500,0.0000,4,4,0,0,0,4,0,1.0000
9,248.0000,6,9,356.1261,-82.7128,-1.0355,39,0.9750,0.0000,4,4,0,0,0,4,0,1.0000
9,248.0000,6,12,791.7767,-88.5269,0.1505,14,0.3500,0.8571,7,6,4,0,0,6,4,0.3333
9,248.0000,6,13,509.7042,-85.2629,-0.7779,35,0.8750,0.0000,4,6,2,0,0,6,2,0.6667
9,248.0000,6,14,278.6758,-82.3082,0.3904,37,0.9250,0.0000,4,5,1,0,0,5,1,0.8000
9,248.0000,7,0,693.3419,-87.2254,-0.3408,26,0.6500,0.7143,7,8,8,0,0,8,8,0.0000
9,248.0000,7,1,327.0053,-82.2301,-0.1564,40,1.0000,0.0000,4,4,0,0,0,4,0,1.0000
9,248.0000,7,10,616.3590,-88.1747,0.5642,17,0.4250,0.4000,5,7,5,0,0,7,5,0.2857
9,248.0000,8,2,491.6314,-86.3533,0.2216,34,0.8500,0.3333,6,8,6,0,0,8,6,0.2500
9,248.0000,8,5,282.3110,-80.4421,-0.3587,40,1.0000,0.4000,5,4,0,0,0,4,0,1.0000
9,248.0000,8,6,193.9536,-77.4093,0.1549,40,1.0000,0.0000,4,4,0,0,0,4,0,1.0000
9,248.0000,8,9,407.2484,-84.4077,0.2911,38,0.9500,0.2000,5,4,0,0,0,4,0,1.0000
9,248.0000,8,12,637.6425,-87.7906,0.6873,21,0.5250,0.8571,7,8,7,0,0,8,7,0.1250
9,248.0000,8,13,582.0203,-87.4995,-0.2836,28,0.7000,0.0000,5,5,1,0,0,5,1,0.8000
9,248.0000,8,14,254.7805,-80.6012,0.3383,40,1.0000,0.0000,4,4,0,0,0,4,0,1.0000
9,248.0000,9,2,519.1050,-85.9381,-0.5579,31,0.7750,0.0000,4,5,2,0,0,5,2,0.6000
9,248.0000,9,3,762.3704,-88.5563,-0.0438,10,0.2500,0.8750,8,5,2,0,0,5,2,0.6000
9,248.0000,9,5,627.3754,-86.8119,0.0703,28,0.7000,0.5000,6,4,0,0,0,4,0,1.0000
9,248.0000,9,6,356.1261,-81.7805,-0.1775,39,0.9750,0.0000,4,4,0,0,0,4,0,1.0000
9,248.0000,9,8,407.2484,-84.9262,-0.5696,37,0.9250,0.2000,5,5,2,0,0,5,2,0.6000
9,248.0000,9,12,747.4417,-88.5027,-0.1716,14,0.3500,0.8571,7,7,5,0,0,7,5,0.2857
9,248.0000,9,13,177.6324,-76.1163,-0.2575,39,0.9750,0.0000,4,4,0,0,0,4,0,1.0000
9,248.0000,9,14,510.0360,-86.5864,-0.6306,35,0.8750,0.2000,5,5,2,0,0,5,2,0.6000
9,248.0000,10,1,305.7151,-84.0416,0.4961,39,0.9750,0.0000,4,4,0,0,0,4,0,1.0000
9,248.0000,10,7,616.3590,-87.7308,0.5418,26,0.6500,0.4286,7,6,4,0,0,6,4,0.3333
9,248.0000,12,2,389.8881,-84.4250,0.6479,37,0.9250,0.0000,4,5,1,0,0,5,1,0.8000
9,248.0000,12,5,507.6323,-87.0560,-0.1925,32,0.8000,0.3333,6,5,2,0,0,5,2,0.6000
9,248.0000,12,6,791.7767,-88.9853,0.0238,10,0.2500,0.8750,8,8,8,0,0,8,8,0.0000
9,248.0000,12,8,637.6425,-87.7775,0.2508,22,0.5500,0.8750,8,7,5,0,0,7,5,0.2857
9,248.0000,12,9,747.4417,-88.6475,-0.1590,21,0.5250,0.8750,8,7,6,0,0,7,6,0.1429
9,248.0000,12,13,877.2452,-88.8743,0.0454,5,0.1250,1.0000,8,8,8,0,0,8,8,0.0000
9,248.0000,12,14,649.9703,-87.2220,0.1318,26,0.6500,0.4000,5,6,4,0,0,6,4,0.3333
9,248.0000,13,2,646.6435,-88.2398,0.6584,24,0.6000,0.2000,5,7,5,0,0,7,5,0.2857
9,248.0000,13,3,688.3298,-87.8293,0.1450,19,0.4750,0.6667,6,5,2,0,0,5,2,0.6000
9,248.0000,13,5,803.6556,-88.2855,0.3381,15,0.3750,0.7143,7,8,8,0,0,8,8,0.0000
9,248.0000,13,6,509.7042,-85.1437,-0.3880,37,0.9250,0.2000,5,6,3,0,0,6,3,0.5000
9,248.0000,13,8,582.0203,-86.3221,-0.0180,27,0.6750,0.0000,4,7,5,0,0,7,5,0.2857
9,248.0000,13,9,177.6324,-76.8075,-0.1967,38,0.9500,0.0000,4,4,0,0,0,4,0,1.0000
9,248.0000,13,12,877.2452,-89.0023,0.0094,7,0.1750,1.0000,8,8,8,0,0,8,8,0.0000
9,248.0000,13,14,675.4438,-87.9891,-0.3226,19,0.4750,0.8571,7,7,4,0,0,7,4,0.4286
9,248.0000,14,2,401.9676,-85.0243,0.6503,39,0.9750,0.0000,4,4,0,0,0,4,0,1.0000
9,248.0000,14,5,246.4082,-79.8736,-0.0892,40,1.0000,0.0000,4,4,0,0,0,4,0,1.0000
9,248.0000,14,6,278.6758,-82.1385,1.0880,39,0.9750,0.2000,5,4,0,0,0,4,0,1.0000
9,248.0000,14,8,254.7805,-80.3610,0.0796,40,1.0000,0.0000,4,4,0,0,0,4,0,1.0000
9,248.0000,14,9,510.0360,-86.2346,-0.2010,32,0.8000,0.0000,4,5,1,0,0,5,1,0.8000
9,248.0000,14,12,649.9703,-87.5730,0.4778,27,0.6750,0.8571,7,7,6,0,0,7,6,0.1429
9,248.0000,14,13,675.4438,-87.7646,0.2122,24,0.6000,0.4000,5,6,3,0,0,6,3,0.5000
9,252.0000,0,7,783.7692,-87.9547,-0.5488,18,0.4615,1.0000,8,8,8,0,0,8,8,0.0000
9,252.0000,1,7,404.8463,-82.9651,-0.7308,40,0.9756,0.0000,4,5,0,0,0,5,0,1.0000
9,252.0000,1,10,251.7232,-80.3466,0.3608,41,1.0000,0.0000,5,3,0,0,0,3,0,1.0000
9,252.0000,2,3,874.5546,-89.3112,0.2277,9,0.2308,1.0000,8,6,3,0,0,6,3,0.5000
9,252.0000,2,5,460.6961,-85.4419,-0.3190,36,0.9231,0.2000,5,6,3,0,0,6,3,0.5000
9,252.0000,2,6,563.1422,-87.1803,-0.1515,28,0.7179,0.5714,7,5,1,0,0,5,1,0.8000
9,252.0000,2,8,433.6219,-85.3537,0.0039,37,0.9487,0.0000,4,5,1,0,0,5,1,0.8000
9,252.0000,2,9,534.9792,-86.6960,0.1103,31,0.7949,0.2976,84,6,3,80,27,86,30,0.6512
9,252.0000,2,12,372.5139,-83.9872,-0.1110,39,1.0000,0.0000,4,5,1,0,0,5,1,0.8000
9,252.0000,2,13,646.5999,-86.7014,-0.0036,22,0.5641,0.8571,7,6,4,0,0,6,4,0.3333
9,252.0000,2,14,380.7558,-83.6988,0.2246,37,0.9487,0.3333,6,4,0,0,0,4,0,1.0000
9,252.0000,3,2,874.5546,-89.1227,0.4219,8,0.2000,1.0000,8,8,8,0,0,8,8,0.0000
9,252.0000,3,4,661.6585,-87.3104,-0.4219,22,0.5500,0.5000,6,8,8,0,0,8,8,0.0000
9,252.0000,3,8,903.1555,-89.0477,0.1310,7,0.1750,1.0000,8,7,6,0,0,7,6,0.1429
9,252.0000,3,9,725.3651,-88.4486,0.2044,18,0.4500,1.0000,8,7,5,0,0,7,5,0.2857
9,252.0000,3,12,857.8715,-88.6484,0.0068,9,0.2250,1.0000,8,7,6,0,0,7,6,0.1429
9,252.0000,3,13,580.2591,-87.9320,0.0408,30,0.7500,0.8571,7,6,2,0,0,6,2,0.6667
9,252.0000,4,3,661.6585,-87.6353,-0.1385,21,0.5250,0.8571,7,6,5,0,0,6,5,0.1667
9,252.0000,5,2,460.6961,-85.3562,-0.6471,33,0.8250,0.0000,4,6,3,0,0,6,3,0.5000
9,252.0000,5,6,440.9253,-85.2701,-0.1031,39,0.9750,0.0000,4,5,1,0,0,5,1,0.8000
9,252.0000,5,8,346.4105,-81.7365,0.0599,40,1.0000,0.0000,4,5,1,0,0,5,1,0.8000
9,252.0000,5,9,705.6396,-87.3082,-0.5251,24,0.6000,0.6667,6,10,9,0,0,10,9,0.1000
9,252.0000,5,12,492.4510,-86.0254,-0.5183,35,0.8750,0.2000,5,5,1,0,0,5,1,0.8000
9,252.0000,5,13,902.8664,-88.6686,-0.0788,8,0.2000,1.0000,8,8,8,0,0,8,8,0.0000
9,252.0000,5,14,295.9103,-80.3149,-0.1646,40,1.0000,0.0000,4,4,0,0,0,4,0,1.0000
9,252.0000,6,2,563.1422,-86.8287,0.0716,35,0.8750,0.2000,5,6,2,0,0,6,2,0.6667
9,252.0000,6,3,1089.9335,-89.2005,-1.3393,3,0.0750,1.0000,6,6,6,0,0,6,6,0.0000
9,252.0000,6,5,440.9253,-84.5636,-0.3050,37,0.9250,0.0000,4,4,0,0,0,4,0,1.0000
9,252.0000,6,8,269.7760,-78.2496,-1.0238,39,0.9750,0.0000,4,4,0,0,0,4,0,1.0000
9,252.0000,6,9,422.0302,-84.6186,-0.7784,38,0.9500,0.0000,4,6,2,0,0,6,2,0.6667
9,252.0000,6,12,762.7895,-88.2701,-0.0817,13,0.3250,0.6667,6,8,8,0,0,8,8,0.0000
9,252.0000,6,13,646.9709,-86.5850,-0.4852,27,0.6750,0.3333,6,8,6,0,0,8,6,0.2500
9,252.0000,6,14,215.7320,-79.2335,0.5989,40,1.0000,0.2000,5,4,0,0,0,4,0,1.0000
9,252.0000,7,0,783.7692,-88.4435,-0.4139,17,0.4250,1.0000,8,8,8,0,0,8,8,0.0000
9,252.0000,7,1,404.8463,-83.1278,-0.8234,40,1.0000,0.0000,4,4,0,0,0,4,0,1.0000
9,252.0000,7,10,557.2681,-87.0495,0.3892,29,0.7250,0.7143,7,4,0,0,0,4,0,1.0000
9,252.0000,8,2,433.6219,-85.2700,-0.0718,35,0.8750,0.7500,8,4,0,0,0,4,0,1.0000
9,252.0000,8,3,903.1555,-89.6609,0.1106,3,0.0750,1.0000,8,8,8,0,0,8,8,0.0000
9,252.0000,8,5,346.4105,-82.2605,-0.1640,39,0.9750,0.0000,4,4,0,0,0,4,0,1.0000
9,252.0000,8,6,269.7760,-78.9175,-0.9157,40,1.0000,0.0000,4,4,0,0,0,4,0,1.0000
9,252.0000,8,9,392.6450,-84.7341,-0.1820,36,0.9000,0.0000,4,4,0,0,0,4,0,1.0000
9,252.0000,8,12,529.8277,-86.6036,0.6282,28,0.7000,0.8750,8,5,1,0,0,5,1,0.8000
9,252.0000,8,13,593.5533,-87.0642,-0.1669,28,0.7000,0.2000,5,5,3,0,0,5,3,0.4000
9,252.0000,8,14,249.3233,-80.2494,-0.7149,40,1.0000,0.0000,4,4,0,0,0,4,0,1.0000
9,252.0000,9,2,534.9792,-86.4311,-0.3146,28,0.7000,0.4000,5,5,1,0,0,5,1,0.8000
9,252.0000,9,3,725.3651,-87.8392,-0.1912,14,0.3500,0.4000,5,6,4,0,0,6,4,0.3333
9,252.0000,9,5,705.6396,-87.7044,-0.3496,26,0.6500,0.0000,4,8,6,0,0,8,6,0.2500
9,252.0000,9,6,422.0302,-84.2070,-0.2099,39,0.9750,0.0000,4,6,3,0,0,6,3,0.5000
9,252.0000,9,8,392.6450,-85.0692,-0.0067,36,0.9000,0.4000,5,4,0,0,0,4,0,1.0000
9,252.0000,9,12,750.6011,-88.2693,-0.2232,16,0.4000,0.7143,7,8,8,0,0,8,8,0.0000
9,252.0000,9,13,225.6026,-77.5831,-0.6730,40,1.0000,0.0000,4,4,0,0,0,4,0,1.0000
9,252.0000,9,14,472.4170,-85.9437,0.3919,36,0.9000,0.4000,5,5,1,0,0,5,1,0.8000
9,252.0000,10,1,251.7232,-80.9428,0.6743,40,1.0000,0.0000,4,4,0,0,0,4,0,1.0000
9,252.0000,10,7,557.2681,-86.4597,0.7385,34,0.8500,0.6667,6,7,4,0,0,7,4,0.4286
9,252.0000,12,2,372.5139,-83.4724,0.0901,38,0.9500,0.2000,5,4,0,0,0,4,0,1.0000
9,252.0000,12,3,857.8715,-88.6923,-0.3519,9,0.2250,1.0000,8,7,6,0,0,7,6,0.1429
9,252.0000,12,5,492.4510,-85.8014,0.0981,36,0.9000,0.4000,5,4,0,0,0,4,0,1.0000
9,252.0000,12,6,762.7895,-88.7384,0.0345,15,0.3750,1.0000,8,7,6,0,0,7,6,0.1429
9,252.0000,12,8,529.8277,-86.6692,-0.0583,32,0.8000,0.7143,7,4,0,0,0,4,0,1.0000
9,252.0000,12,9,750.6011,-88.1177,-0.4089,19,0.4750,0.8571,7,7,5,0,0,7,5,0.2857
9,252.0000,12,13,846.9940,-88.6724,-0.0522,7,0.1750,1.0000,8,8,7,0,0,8,7,0.1250
9,252.0000,12,14,601.5525,-87.3194,0.3007,27,0.6750,0.6667,6,4,0,0,0,4,0,1.0000
9,252.0000,13,2,646.5999,-87.4541,0.3985,24,0.6000,0.7143,7,8,7,0,0,8,7,0.1250
9,252.0000,13,3,580.2591,-87.6217,0.5280,24,0.6000,0.4000,5,5,1,0,0,5,1,0.8000
9,252.0000,13,5,902.8664,-88.9121,0.2881,7,0.1750,1.0000,8,8,8,0,0,8,8,0.0000
9,252.0000,13,6,646.9709,-86.5896,-0.6655,29,0.7250,0.5000,6,8,7,0,0,8,7,0.1250
9,252.0000,13,8,593.5533,-86.8312,0.0386,25,0.6250,0.7143,7,8,6,0,0,8,6,0.2500
9,252.0000,13,9,225.6026,-77.6351,-0.6841,38,0.9500,0.0000,4,4,0,0,0,4,0,1.0000
9,252.0000,13,12,846.9940,-89.0358,0.0299,10,0.2500,1.0000,8,10,10,0,0,10,10,0.0000
9,252.0000,13,14,680.7728,-87.7391,0.2002,26,0.6500,0.5714,7,7,3,0,0,7,3,0.5714
9,252.0000,14,2,380.7558,-83.9310,0.6196,38,0.9500,0.0000,4,4,0,0,0,4,0,1.0000
9,252.0000,14,5,295.9103,-80.5306,-0.9133,40,1.0000,0.0000,4,4,0,0,0,4,0,1.0000
9,252.0000,14,6,215.7320,-79.6182,0.2571,40,1.0000,0.0000,4,4,0,0,0,4,0,1.0000
9,252.0000,14,8,249.3233,-79.9671,0.1699,40,1.0000,0.0000,4,4,0,0,0,4,0,1.0000
9,252.0000,14,9,472.4170,-85.7591,-0.0504,37,0.9250,0.2000,5,4,0,0,0,4,0,1.0000
9,252.0000,14,12,601.5525,-87.6351,0.2082,29,0.7250,0.8571,7,6,2,0,0,6,2,0.6667
9,252.0000,14,13,680.7728,-87.1405,-0.2084,17,0.4250,0.5000,6,7,4,0,0,7,4,0.4286
9,256.0000,0,7,869.6182,-88.7604,-0.0267,8,0.2000,1.0000,8,7,6,0,0,7,6,0.1429
9,256.0000,1,7,470.9251,-84.9077,-0.2137,34,0.8718,0.0000,5,4,0,0,0,4,0,1.0000
9,256.0000,1,10,376.3550,-81.4818,-0.7132,39,1.0000,0.0000,3,4,0,0,0,4,0,1.0000
9,256.0000,2,3,751.5127,-88.1372,0.6058,12,0.3000,0.5000,6,8,7,0,0,8,7,0.1250
9,256.0000,2,5,516.5297,-86.5981,-0.2779,34,0.8500,0.5000,6,6,2,0,0,6,2,0.6667
9,256.0000,2,6,578.1157,-87.2516,-0.0509,35,0.8750,0.2000,5,6,2,0,0,6,2,0.6667
9,256.0000,2,8,379.3076,-83.5461,0.4121,38,0.9500,0.2000,5,5,1,0,0,5,1,0.8000
9,256.0000,2,9,551.1739,-86.2697,-0.0399,35,0.8750,0.3488,86,5,1,78,26,83,27,0.6747
9,256.0000,2,12,354.1464,-83.6700,-0.2244,38,0.9500,0.2000,5,4,0,0,0,4,0,1.0000
9,256.0000,2,13,634.5739,-87.3833,-0.0442,25,0.6250,0.6667,6,6,3,0,0,6,3,0.5000
9,256.0000,2,14,370.8298,-83.8006,0.4171,39,0.9750,0.0000,4,4,0,0,0,4,0,1.0000
9,256.0000,3,2,751.5127,-88.3324,-0.0987,11,0.2750,1.0000,8,7,5,0,0,7,5,0.2857
9,256.0000,3,4,658.7178,-87.4738,0.4865,18,0.4500,1.0000,8,7,6,0,0,7,6,0.1429
9,256.0000,3,6,1087.6419,-89.5025,-0.1868,3,0.0750,1.0000,6,2,2,0,0,2,2,0.0000
9,256.0000,3,8,745.0436,-88.1919,0.3158,14,0.3500,0.8571,7,7,5,0,0,7,5,0.2857
9,256.0000,3,9,676.9764,-87.8031,0.1987,17,0.4250,0.7143,7,5,2,0,0,5,2,0.6000
9,256.0000,3,12,726.8122,-88.0035,0.2784,14,0.3500,0.8571,7,7,5,0,0,7,5,0.2857
9,256.0000,3,13,484.7748,-86.6396,-0.2126,32,0.8000,0.3333,6,6,3,0,0,6,3,0.5000
9,256.0000,3,14,941.3703,-88.7958,0.3325,4,0.1000,1.0000,8,6,6,0,0,6,6,0.0000
9,256.0000,4,3,658.7178,-87.4163,0.1361,22,0.5500,0.8333,6,6,3,0,0,6,3,0.5000
9,256.0000,5,2,516.5297,-86.5673,-0.3723,33,0.8250,0.5000,6,4,0,0,0,4,0,1.0000
9,256.0000,5,6,447.5116,-84.8509,0.1207,38,0.9500,0.2000,5,4,0,0,0,4,0,1.0000
9,256.0000,5,8,442.9006,-83.3831,-1.0353,38,0.9500,0.2000,5,5,1,0,0,5,1,0.8000
9,256.0000,5,9,809.8571,-88.0974,-0.2566,15,0.3750,0.9000,10,6,6,0,0,6,6,0.0000
9,256.0000,5,12,501.7518,-85.8992,-0.4574,37,0.9250,0.2000,5,6,3,0,0,6,3,0.5000
9,256.0000,5,13,1007.8168,-89.1769,0.2473,5,0.1250,1.0000,8,2,2,0,0,2,2,0.0000
9,256.0000,5,14,383.3151,-82.7450,-0.3567,39,0.9750,0.0000,4,5,1,0,0,5,1,0.8000
9,256.0000,6,2,578.1157,-86.8409,-0.1330,31,0.7750,0.3333,6,6,3,0,0,6,3,0.5000
9,256.0000,6,3,1087.6419,-88.7703,0.3985,4,0.1000,1.0000,6,8,8,0,0,8,8,0.0000
9,256.0000,6,5,447.5116,-84.8215,-0.4514,33,0.8250,0.0000,4,4,0,0,0,4,0,1.0000
9,256.0000,6,8,391.4473,-82.7357,-0.9463,38,0.9500,0.0000,4,5,2,0,0,5,2,0.6000
9,256.0000,6,9,527.1633,-85.7609,-0.8432,37,0.9250,0.3333,6,5,1,0,0,5,1,0.8000
9,256.0000,6,12,731.8705,-88.0350,0.2354,19,0.4750,1.0000,8,8,7,0,0,8,7,0.1250
9,256.0000,6,13,790.4001,-88.4075,-0.1514,24,0.6000,0.7500,8,6,6,0,0,6,6,0.0000
9,256.0000,6,14,207.2917,-77.5853,0.2674,40,1.0000,0.0000,4,4,0,0,0,4,0,1.0000
9,256.0000,7,0,869.6182,-88.6657,0.0109,10,0.2500,1.0000,8,8,8,0,0,8,8,0.0000
9,256.0000,7,1,470.9251,-86.0740,-0.1067,39,0.9750,0.0000,4,5,1,0,0,5,1,0.8000
9,256.0000,7,10,562.8854,-86.6543,-0.2540,35,0.8750,0.0000,4,7,4,0,0,7,4,0.4286
9,256.0000,8,2,379.3076,-84.2689,0.2422,39,0.9750,0.0000,4,4,0,0,0,4,0,1.0000
9,256.0000,8,3,745.0436,-88.5990,-0.1658,8,0.2000,1.0000,8,7,5,0,0,7,5,0.2857
9,256.0000,8,5,442.9006,-84.7395,-0.1563,39,0.9750,0.0000,4,5,2,0,0,5,2,0.6000
9,256.0000,8,6,391.4473,-82.6696,-0.7358,38,0.9500,0.0000,4,6,2,0,0,6,2,0.6667
9,256.0000,8,9,420.8423,-85.2387,-0.3708,36,0.9000,0.0000,4,5,1,0,0,5,1,0.8000
9,256.0000,8,12,409.0776,-85.1649,0.4290,35,0.8750,0.2000,5,4,0,0,0,4,0,1.0000
9,256.0000,8,13,598.3625,-86.9010,-0.0139,24,0.6000,0.6000,5,5,2,0,0,5,2,0.6000
9,256.0000,8,14,271.2565,-80.0556,-0.0189,40,1.0000,0.0000,4,4,0,0,0,4,0,1.0000
9,256.0000,9,2,551.1739,-86.2423,0.1644,31,0.7750,0.2000,5,6,3,0,0,6,3,0.5000
9,256.0000,9,3,676.9764,-88.1490,-0.5453,19,0.4750,0.6667,6,7,6,0,0,7,6,0.1429
9,256.0000,9,5,809.8571,-88.2881,0.0882,20,0.5000,0.7500,8,6,5,0,0,6,5,0.1667
9,256.0000,9,6,527.1633,-85.5157,-0.3980,32,0.8000,0.5000,6,6,5,0,0,6,5,0.1667
9,256.0000,9,8,420.8423,-84.2769,-0.1457,37,0.9250,0.0000,4,5,1,0,0,5,1,0.8000
9,256.0000,9,12,739.7934,-88.4621,-0.3083,19,0.4750,1.0000,8,7,6,0,0,7,6,0.1429
9,256.0000,9,13,275.1592,-79.4958,-0.1520,38,0.9500,0.0000,4,4,0,0,0,4,0,1.0000
9,256.0000,9,14,459.5515,-84.7135,0.2562,33,0.8250,0.2000,5,4,0,0,0,4,0,1.0000
9,256.0000,10,1,376.3550,-81.5930,-1.1231,40,1.0000,0.0000,4,5,2,0,0,5,2,0.6000
9,256.0000,10,7,562.8854,-86.5748,-0.0107,31,0.7750,0.5714,7,5,2,0,0,5,2,0.6000
9,256.0000,12,2,354.1464,-83.3747,-0.0873,39,0.9750,0.0000,4,4,0,0,0,4,0,1.0000
9,256.0000,12,3,726.8122,-88.6717,-0.2991,12,0.3000,0.8571,7,7,5,0,0,7,5,0.2857
9,256.0000,12,5,501.7518,-85.4818,0.0826,35,0.8750,0.0000,4,5,1,0,0,5,1,0.8000
9,256.0000,12,6,731.8705,-88.2935,-0.2496,16,0.4000,0.8571,7,7,5,0,0,7,5,0.2857
9,256.0000,12,8,409.0776,-85.2218,-0.4681,37,0.9250,0.0000,4,4,0,0,0,4,0,1.0000
9,256.0000,12,9,739.7934,-87.7835,-0.6328,14,0.3500,0.7143,7,8,6,0,0,8,6,0.2500
9,256.0000,12,13,802.4739,-88.9677,0.1965,8,0.2000,0.8750,8,8,6,0,0,8,6,0.2500
9,256.0000,12,14,558.6211,-87.4831,0.0216,32,0.8000,0.0000,4,5,2,0,0,5,2,0.6000
9,256.0000,13,2,634.5739,-87.7145,0.0988,25,0.6250,0.8750,8,8,8,0,0,8,8,0.0000
9,256.0000,13,3,484.7748,-86.9002,0.1447,36,0.9000,0.2000,5,4,0,0,0,4,0,1.0000
9,256.0000,13,5,1007.8168,-89.5200,-0.0339,4,0.1000,1.0000,8,2,2,0,0,2,2,0.0000
9,256.0000,13,6,790.4001,-87.7369,-0.3900,15,0.3750,0.8750,8,8,8,0,0,8,8,0.0000
9,256.0000,13,8,598.3625,-87.3178,-0.0704,29,0.7250,0.7500,8,7,3,0,0,7,3,0.5714
9,256.0000,13,9,275.1592,-79.3158,0.0464,40,1.0000,0.0000,4,3,0,0,0,3,0,1.0000
9,256.0000,13,12,802.4739,-88.9611,-0.1839,12,0.3000,1.0000,10,6,6,0,0,6,6,0.0000
9,256.0000,13,14,685.1680,-87.7153,0.3388,21,0.5250,0.4286,7,6,2,0,0,6,2,0.6667
9,256.0000,14,2,370.8298,-83.7388,0.1547,37,0.9250,0.0000,4,4,0,0,0,4,0,1.0000
9,256.0000,14,3,941.3703,-88.7943,0.6958,5,0.1250,1.0000,6,8,8,0,0,8,8,0.0000
9,256.0000,14,5,383.3151,-82.7547,-0.5492,39,0.9750,0.0000,4,6,2,0,0,6,2,0.6667
9,256.0000,14,6,207.2917,-77.9329,-0.4027,39,0.9750,0.0000,4,4,0,0,0,4,0,1.0000
9,256.0000,14,8,271.2565,-80.2644,-0.4386,40,1.0000,0.0000,4,4,0,0,0,4,0,1.0000
9,256.0000,14,9,459.5515,-85.4018,0.0886,34,0.8500,0.0000,4,6,2,0,0,6,2,0.6667
9,256.0000,14,12,558.6211,-86.0424,0.1785,28,0.7000,0.3333,6,6,3,0,0,6,3,0.5000
9,256.0000,14,13,685.1680,-86.7685,0.2369,18,0.4500,0.5714,7,7,4,0,0,7,4,0.4286
9,260.0000,0,7,961.5956,-88.7619,-0.9282,8,0.2000,0.8571,7,6,6,0,0,6,6,0.0000
9,260.0000,1,7,561.0383,-86.7014,-0.0406,34,0.8500,0.0000,4,5,2,0,0,5,2,0.6000
9,260.0000,1,10,497.9934,-85.6504,-0.6557,37,0.9250,0.0000,4,4,0,0,0,4,0,1.0000
9,260.0000,2,3,657.8433,-88.0681,0.0380,23,0.5750,0.8750,8,6,3,0,0,6,3,0.5000
9,260.0000,2,5,562.1626,-86.3547,-0.4334,33,0.8250,0.3333,6,5,1,0,0,5,1,0.8000
9,260.0000,2,6,586.8188,-86.6941,0.1029,31,0.7750,0.3333,6,8,6,0,0,8,6,0.2500
9,260.0000,2,8,348.3591,-82.9504,0.0527,40,1.0000,0.2000,5,4,0,0,0,4,0,1.0000
9,260.0000,2,9,575.4746,-86.0766,0.0894,31,0.7750,0.3253,83,6,4,91,42,97,46,0.5258
9,260.0000,2,12,342.6228,-83.3967,-0.4290,38,0.9500,0.0000,4,5,1,0,0,5,1,0.8000
9,260.0000,2,13,661.5484,-87.5336,-0.2866,28,0.7000,0.5000,6,7,5,0,0,7,5,0.2857
9,260.0000,2,14,333.8108,-83.5322,0.1235,40,1.0000,0.0000,4,4,0,0,0,4,0,1.0000
9,260.0000,3,2,657.8433,-87.6495,-0.0774,21,0.5250,0.7143,7,6,4,0,0,6,4,0.3333
9,260.0000,3,4,644.7879,-87.5308,0.1684,20,0.5000,0.8571,7,5,2,0,0,5,2,0.6000
9,260.0000,3,8,588.9275,-87.5091,0.0441,20,0.5000,0.7143,7,4,0,0,0,4,0,1.0000
9,260.0000,3,9,653.5957,-87.4882,-0.0802,19,0.4750,0.4000,5,6,2,0,0,6,2,0.6667
9,260.0000,3,12,612.6977,-88.1805,0.4546,22,0.5500,0.7143,7,4,0,0,0,4,0,1.0000
9,260.0000,3,13,442.9787,-85.7327,-0.0504,36,0.9000,0.5000,6,4,0,0,0,4,0,1.0000
9,260.0000,3,14,814.5653,-88.2029,0.2096,11,0.2750,1.0000,6,10,10,0,0,10,10,0.0000
9,260.0000,4,3,644.7879,-87.6058,0.3434,24,0.6000,0.5000,6,6,3,0,0,6,3,0.5000
9,260.0000,4,13,788.5421,-88.6782,0.0570,7,0.1750,1.0000,8,6,3,0,0,6,3,0.5000
9,260.0000,5,2,562.1626,-86.9237,-0.2798,35,0.8750,0.0000,4,6,3,0,0,6,3,0.5000
9,260.0000,5,6,442.7373,-85.2284,-0.0721,36,0.9000,0.0000,4,5,1,0,0,5,1,0.8000
9,260.0000,5,8,552.8306,-85.5317,0.0044,32,0.8000,0.2000,5,6,3,0,0,6,3,0.5000
9,260.0000,5,9,912.1733,-88.8403,0.3503,8,0.2000,1.0000,6,8,8,0,0,8,8,0.0000
9,260.0000,5,12,524.5507,-85.9693,0.2524,31,0.7750,0.5000,6,5,2,0,0,5,2,0.6000
9,260.0000,5,14,473.4880,-84.7396,-0.5623,34,0.8500,0.2000,5,6,2,0,0,6,2,0.6667
9,260.0000,6,2,586.8188,-87.3333,-0.5152,28,0.7000,0.5000,6,4,0,0,0,4,0,1.0000
9,260.0000,6,5,442.7373,-85.0523,0.1810,36,0.9000,0.0000,4,5,2,0,0,5,2,0.6000
9,260.0000,6,8,515.1007,-85.4067,-0.6598,38,0.9500,0.4000,5,7,3,0,0,7,3,0.5714
9,260.0000,6,9,634.6563,-86.9175,-0.1973,37,0.9250,0.2000,5,8,5,0,0,8,5,0.3750
9,260.0000,6,12,703.1055,-88.0963,-0.1021,11,0.2750,0.8750,8,5,1,0,0,5,1,0.8000
9,260.0000,6,13,931.6916,-88.0310,0.0597,7,0.1750,1.0000,6,6,6,0,0,6,6,0.0000
9,260.0000,6,14,277.5922,-78.7827,-0.6160,39,0.9750,0.0000,4,4,0,0,0,4,0,1.0000
9,260.0000,7,1,561.0383,-86.5538,-0.4903,33,0.8250,0.2000,5,8,6,0,0,8,6,0.2500
9,260.0000,7,10,584.9504,-86.9800,0.0948,28,0.7000,0.5714,7,5,1,0,0,5,1,0.8000
9,260.0000,8,2,348.3591,-83.5966,0.2398,37,0.9250,0.0000,4,3,0,0,0,3,0,1.0000
9,260.0000,8,3,588.9275,-88.3240,0.1328,20,0.5000,0.7143,7,7,4,0,0,7,4,0.4286
9,260.0000,8,5,552.8306,-86.0316,-0.3974,39,0.9750,0.4000,5,4,0,0,0,4,0,1.0000
9,260.0000,8,6,515.1007,-85.2542,-0.1088,37,0.9250,0.3333,6,6,3,0,0,6,3,0.5000
9,260.0000,8,9,464.4147,-85.9960,-1.0508,36,0.9000,0.2000,5,6,2,0,0,6,2,0.6667
9,260.0000,8,12,307.3994,-82.7798,0.6585,40,1.0000,0.0000,4,4,0,0,0,4,0,1.0000
9,260.0000,8,13,610.1346,-86.9556,-0.1965,27,0.6750,0.4000,5,6,3,0,0,6,3,0.5000
9,260.0000,8,14,297.5733,-81.3447,0.1942,40,1.0000,0.0000,4,4,0,0,0,4,0,1.0000
9,260.0000,9,2,575.4746,-87.2215,0.0032,30,0.7500,0.5000,6,6,4,0,0,6,4,0.3333
9,260.0000,9,3,653.5957,-87.6161,0.3603,27,0.6750,0.8571,7,5,1,0,0,5,1,0.8000
9,260.0000,9,5,912.1733,-88.3168,-0.4525,8,0.2000,0.8333,6,10,10,0,0,10,10,0.0000
9,260.0000,9,6,634.6563,-86.3092,-0.3878,29,0.7250,0.8333,6,8,7,0,0,8,7,0.1250
9,260.0000,9,8,464.4147,-86.0180,-0.3857,32,0.8000,0.2000,5,5,1,0,0,5,1,0.8000
9,260.0000,9,12,734.9843,-88.2036,0.2370,21,0.5250,0.8571,7,7,5,0,0,7,5,0.2857
9,260.0000,9,13,333.5974,-81.6784,-0.2142,40,1.0000,0.0000,4,4,0,0,0,4,0,1.0000
9,260.0000,9,14,452.1982,-85.0159,0.1414,36,0.9000,0.0000,4,5,1,0,0,5,1,0.8000
9,260.0000,10,1,497.9934,-85.5512,0.0458,36,0.9000,0.4000,5,5,1,0,0,5,1,0.8000
9,260.0000,10,7,584.9504,-87.0556,-0.0986,31,0.7750,0.4000,5,7,5,0,0,7,5,0.2857
9,260.0000,12,2,342.6228,-83.1727,-0.0418,37,0.9250,0.0000,4,4,0,0,0,4,0,1.0000
9,260.0000,12,3,612.6977,-88.3180,0.3391,24,0.6000,0.7143,7,6,2,0,0,6,2,0.6667
9,260.0000,12,5,524.5507,-86.1949,-0.0059,34,0.8500,0.2000,5,4,0,0,0,4,0,1.0000
9,260.0000,12,6,703.1055,-87.9778,-0.4128,15,0.3750,0.7143,7,8,6,0,0,8,6,0.2500
9,260.0000,12,8,307.3994,-83.9198,0.0132,38,0.9500,0.0000,4,4,0,0,0,4,0,1.0000
9,260.0000,12,9,734.9843,-87.9662,0.3097,19,0.4750,0.7500,8,5,2,0,0,5,2,0.6000
9,260.0000,12,13,793.6721,-88.6609,0.1133,12,0.3000,0.7500,8,8,6,0,0,8,6,0.2500
9,260.0000,12,14,497.9144,-86.6766,0.0585,33,0.8250,0.4000,5,4,0,0,0,4,0,1.0000
9,260.0000,13,2,661.5484,-87.5146,0.0364,25,0.6250,1.0000,8,6,3,0,0,6,3,0.5000
9,260.0000,13,3,442.9787,-85.5802,-0.1825,30,0.7500,0.0000,4,4,0,0,0,4,0,1.0000
9,260.0000,13,4,788.5421,-88.1723,0.5046,13,0.3250,0.8571,7,7,6,0,0,7,6,0.1429
9,260.0000,13,6,931.6916,-88.3294,-0.6698,9,0.2250,1.0000,8,8,8,0,0,8,8,0.0000
9,260.0000,13,8,610.1346,-87.4343,-0.2653,28,0.7000,0.4286,7,5,4,0,0,5,4,0.2000
9,260.0000,13,9,333.5974,-81.3950,-0.7926,37,0.9250,0.0000,3,4,0,0,0,4,0,1.0000
9,260.0000,13,12,793.6721,-88.7272,-0.2769,14,0.3500,1.0000,6,8,8,0,0,8,8,0.0000
9,260.0000,13,14,696.7403,-88.2199,-0.2756,21,0.5250,0.3333,6,8,8,0,0,8,8,0.0000
9,260.0000,14,2,333.8108,-82.6561,0.3177,40,1.0000,0.0000,4,4,0,0,0,4,0,1.0000
9,260.0000,14,3,814.5653,-87.9994,-0.5600,3,0.0750,1.0000,8,8,7,0,0,8,7,0.1250
9,260.0000,14,5,473.4880,-84.0143,-0.6326,38,0.9500,0.3333,6,5,1,0,0,5,1,0.8000
9,260.0000,14,6,277.5922,-79.0812,-0.5544,40,1.0000,0.0000,4,3,0,0,0,3,0,1.0000
9,260.0000,14,8,297.5733,-80.8415,0.3329,40,1.0000,0.0000,4,4,0,0,0,4,0,1.0000
9,260.0000,14,9,452.1982,-85.3920,-0.3951,39,0.9750,0.3333,6,4,0,0,0,4,0,1.0000
9,260.0000,14,12,497.9144,-86.5653,0.1871,32,0.8000,0.5000,6,5,1,0,0,5,1,0.8000
9,260.0000,14,13,696.7403,-87.9108,-0.1844,24,0.6000,0.5714,7,8,7,0,0,8,7,0.1250
9,264.0000,0,7,1071.5412,-88.9328,0.0575,8,0.2000,1.0000,6,2,2,0,0,2,2,0.0000
9,264.0000,1,7,595.1268,-87.0263,0.0815,26,0.6500,0.4000,5,4,2,0,0,4,2,0.5000
9,264.0000,1,10,565.8287,-86.4477,-0.1579,36,0.9000,0.0000,4,8,4,0,0,8,4,0.5000
9,264.0000,2,3,586.5796,-86.5088,0.6920,27,0.6750,0.5000,6,6,2,0,0,6,2,0.6667
9,264.0000,2,5,607.2088,-86.6841,0.3510,32,0.8000,0.2000,5,8,6,0,0,8,6,0.2500
9,264.0000,2,6,601.2494,-87.0707,0.1150,31,0.7750,0.7500,8,7,5,0,0,7,5,0.2857
9,264.0000,2,8,347.6802,-82.5322,-0.7226,38,0.9500,0.0000,4,5,1,0,0,5,1,0.8000
9,264.0000,2,9,604.4752,-86.7692,0.1006,24,0.6000,0.4742,97,5,1,97,53,102,54,0.4706
9,264.0000,2,12,331.5057,-82.8954,-0.5712,36,0.9000,0.2000,5,4,0,0,0,4,0,1.0000
9,264.0000,2,13,718.1347,-87.7628,0.0389,25,0.6250,0.7143,7,6,3,0,0,6,3,0.5000
9,264.0000,2,14,300.3043,-81.6781,-0.1516,37,0.9250,0.0000,4,4,0,0,0,4,0,1.0000
9,264.0000,3,2,586.5796,-87.3145,0.2886,26,0.6500,0.6667,6,5,1,0,0,5,1,0.8000
9,264.0000,3,4,636.4423,-87.5947,0.1976,28,0.7000,0.4000,5,5,1,0,0,5,1,0.8000
9,264.0000,3,8,436.3537,-85.8878,0.2678,31,0.7750,0.0000,4,4,0,0,0,4,0,1.0000
9,264.0000,3,9,647.2602,-87.5608,0.1852,23,0.5750,0.3333,6,6,4,0,0,6,4,0.3333
9,264.0000,3,12,523.1957,-86.7778,0.8893,32,0.8000,0.0000,4,5,2,0,0,5,2,0.6000
9,264.0000,3,13,452.5032,-85.1392,-0.3581,37,0.9250,0.0000,4,5,0,0,0,5,0,1.0000
9,264.0000,3,14,688.9787,-89.1348,-0.2952,16,0.4000,1.0000,10,5,1,0,0,5,1,0.8000
9,264.0000,4,3,636.4423,-87.7211,0.0381,18,0.4500,0.5000,6,5,1,0,0,5,1,0.8000
9,264.0000,4,8,1033.7096,-89.3535,-0.1911,4,0.1000,1.0000,4,6,6,0,0,6,6,0.0000
9,264.0000,4,9,1033.4796,-89.1653,-0.1225,4,0.1000,1.0000,8,6,6,0,0,6,6,0.0000
9,264.0000,4,13,676.8277,-88.2444,0.5589,18,0.4500,0.5000,6,6,3,0,0,6,3,0.5000
9,264.0000,5,2,607.2088,-86.8074,0.0272,28,0.7000,0.5000,6,6,3,0,0,6,3,0.5000
9,264.0000,5,6,445.2654,-84.9100,0.1512,37,0.9250,0.2000,5,5,1,0,0,5,1,0.8000
9,264.0000,5,8,674.8972,-87.6417,0.0774,21,0.5250,0.5000,6,7,5,0,0,7,5,0.2857
9,264.0000,5,9,1016.3630,-88.6398,0.0807,7,0.1750,1.0000,8,8,8,0,0,8,8,0.0000
9,264.0000,5,12,559.8056,-86.6544,-0.2452,26,0.6500,0.4000,5,6,3,0,0,6,3,0.5000
9,264.0000,5,14,587.0531,-87.2052,-0.4336,31,0.7750,0.3333,6,6,4,0,0,6,4,0.3333
9,264.0000,6,2,601.2494,-86.8944,-0.0379,29,0.7250,0.0000,4,7,6,0,0,7,6,0.1429
9,264.0000,6,5,445.2654,-84.8866,-0.5167,37,0.9250,0.4000,5,5,1,0,0,5,1,0.8000
9,264.0000,6,8,643.5235,-87.0461,-0.4381,28,0.7000,0.4286,7,7,5,0,0,7,5,0.2857
9,264.0000,6,9,738.4648,-88.1236,-0.5519,17,0.4250,0.6250,8,7,6,0,0,7,6,0.1429
9,264.0000,6,11,970.4564,-89.8222,-0.0380,3,0.0750,1.0000,8,5,4,0,0,5,4,0.2000
9,264.0000,6,12,686.8930,-88.1058,-0.3559,20,0.5000,0.2000,5,8,6,0,0,8,6,0.2500
9,264.0000,6,13,1075.9555,-88.6608,-0.6284,3,0.0750,1.0000,6,4,4,0,0,4,4,0.0000
9,264.0000,6,14,388.5882,-82.5965,-0.8414,39,0.9750,0.0000,4,4,0,0,0,4,0,1.0000
9,264.0000,7,1,595.1268,-87.2476,-0.2952,31,0.7949,0.7500,8,7,5,0,0,7,5,0.2857
9,264.0000,7,10,544.3671,-86.3955,-0.2180,31,0.7949,0.2000,5,5,1,0,0,5,1,0.8000
9,264.0000,8,2,347.6802,-82.5203,0.6116,37,0.9250,0.0000,3,6,1,0,0,6,1,0.8333
9,264.0000,8,3,436.3537,-85.6361,0.5780,32,0.8000,0.5714,7,4,0,0,0,4,0,1.0000
9,264.0000,8,5,674.8972,-87.0493,-0.5302,27,0.6750,0.0000,4,8,7,0,0,8,7,0.1250
9,264.0000,8,6,643.5235,-86.9784,-0.4674,29,0.7250,0.5000,6,7,5,0,0,7,5,0.2857
9,264.0000,8,9,514.5604,-86.2134,-0.3136,35,0.8750,0.3333,6,6,2,0,0,6,2,0.6667
9,264.0000,8,12,238.5800,-79.9242,0.9632,40,1.0000,0.0000,4,4,0,0,0,4,0,1.0000
9,264.0000,8,13,627.9046,-87.0413,-0.1437,30,0.7500,0.5000,6,6,1,0,0,6,1,0.8333
9,264.0000,8,14,324.7311,-81.8677,-0.5624,40,1.0000,0.0000,4,4,0,0,0,4,0,1.0000
9,264.0000,9,2,604.4752,-86.8202,-0.1132,30,0.7500,0.6667,6,5,1,0,0,5,1,0.8000
9,264.0000,9,3,647.2602,-87.5871,0.0240,29,0.7250,0.2000,5,7,5,0,0,7,5,0.2857
9,264.0000,9,5,1016.3630,-88.5086,-0.0862,6,0.1500,1.0000,10,4,4,0,0,4,4,0.0000
9,264.0000,9,6,738.4648,-88.1379,-0.2103,21,0.5250,0.8750,8,8,4,0,0,8,4,0.5000
9,264.0000,9,8,514.5604,-85.7806,-0.1366,34,0.8500,0.2000,5,7,4,0,0,7,4,0.4286
9,264.0000,9,12,734.6137,-88.2156,0.0268,19,0.4750,0.7143,7,6,3,0,0,6,3,0.5000
9,264.0000,9,13,398.8060,-83.7493,-0.7226,38,0.9500,0.0000,4,6,3,0,0,6,3,0.5000
9,264.0000,9,14,435.4753,-85.5520,0.3420,38,0.9500,0.2000,5,5,1,0,0,5,1,0.8000
9,264.0000,10,1,565.8287,-86.5461,-0.2613,30,0.7692,0.2000,5,6,3,0,0,6,3,0.5000
9,264.0000,10,7,544.3671,-86.3279,-0.2136,25,0.6410,0.7143,7,6,2,0,0,6,2,0.6667
9,264.0000,11,6,970.4564,-89.7903,0.0068,4,0.1000,1.0000,8,8,8,0,0,8,8,0.0000
9,264.0000,12,2,331.5057,-82.6668,-0.4411,39,0.9750,0.0000,4,5,1,0,0,5,1,0.8000
9,264.0000,12,3,523.1957,-86.8596,0.2755,30,0.7500,0.3333,6,4,0,0,0,4,0,1.0000
9,264.0000,12,5,559.8056,-86.1440,-0.0174,34,0.8500,0.0000,4,6,3,0,0,6,3,0.5000
9,264.0000,12,6,686.8930,-87.8577,-0.2301,26,0.6500,0.7500,8,7,5,0,0,7,5,0.2857
9,264.0000,12,8,238.5800,-79.7359,0.6065,40,1.0000,0.0000,4,4,0,0,0,4,0,1.0000
9,264.0000,12,9,734.6137,-87.7617,0.3277,14,0.3500,0.4000,5,8,8,0,0,8,8,0.0000
9,264.0000,12,13,814.7671,-88.3647,-0.0667,12,0.3000,0.7500,8,8,8,0,0,8,8,0.0000
9,264.0000,12,14,442.1473,-86.1826,0.0986,36,0.9000,0.0000,4,7,3,0,0,7,3,0.5714
9,264.0000,13,2,718.1347,-88.2997,-0.1393,28,0.7000,0.5000,6,8,8,0,0,8,8,0.0000
9,264.0000,13,3,452.5032,-84.9904,0.3013,36,0.9000,0.0000,4,6,2,0,0,6,2,0.6667
9,264.0000,13,4,676.8277,-88.0167,0.2329,21,0.5250,0.8571,7,6,3,0,0,6,3,0.5000
9,264.0000,13,6,1075.9555,-89.3782,0.2814,3,0.0750,1.0000,8,8,8,0,0,8,8,0.0000
9,264.0000,13,8,627.9046,-87.4338,-0.1592,26,0.6500,0.8000,5,6,4,0,0,6,4,0.3333
9,264.0000,13,9,398.8060,-83.5494,-0.1682,36,0.9000,0.0000,4,6,2,0,0,6,2,0.6667
9,264.0000,13,12,814.7671,-88.3077,0.2993,11,0.2750,1.0000,8,7,6,0,0,7,6,0.1429
9,264.0000,13,14,706.0368,-87.7666,-0.0405,19,0.4750,1.0000,8,6,4,0,0,6,4,0.3333
9,264.0000,14,2,300.3043,-81.7187,0.1507,37,0.9487,0.0000,4,4,0,0,0,4,0,1.0000
9,264.0000,14,3,688.9787,-88.3604,-0.0336,18,0.4615,0.8750,8,6,4,0,0,6,4,0.3333
9,264.0000,14,5,587.0531,-85.9402,-0.5654,29,0.7436,0.2000,5,6,3,0,0,6,3,0.5000
9,264.0000,14,6,388.5882,-82.4654,-1.0447,39,1.0000,0.0000,3,6,1,0,0,6,1,0.8333
9,264.0000,14,8,324.7311,-82.0264,-0.0196,38,0.9744,0.0000,4,4,0,0,0,4,0,1.0000
9,264.0000,14,9,435.4753,-84.6685,0.0161,35,0.8974,0.0000,4,4,0,0,0,4,0,1.0000
9,264.0000,14,12,442.1473,-86.4780,0.0681,37,0.9487,0.2000,5,5,1,0,0,5,1,0.8000
9,264.0000,14,13,706.0368,-88.4159,0.0598,23,0.5897,0.8750,8,7,5,0,0,7,5,0.2857
9,268.0000,1,7,662.3779,-87.6781,0.1051,28,0.6829,0.5000,4,8,7,0,0,8,7,0.1250
9,268.0000,1,10,683.8478,-87.1783,-0.6412,26,0.6341,0.5000,8,6,6,0,0,6,6,0.0000
9,268.0000,2,3,506.5594,-86.5569,0.8560,33,0.8250,0.3333,6,5,1,0,0,5,1,0.8000
9,268.0000,2,5,673.8415,-87.4086,-0.4751,22,0.5500,0.7500,8,6,4,0,0,6,4,0.3333
9,268.0000,2,6,640.8822,-87.1553,-0.0879,27,0.6750,0.7143,7,7,5,0,0,7,5,0.2857
9,268.0000,2,8,363.7435,-83.3717,-0.5211,38,0.9500,0.2000,5,4,0,0,0,4,0,1.0000
9,268.0000,2,9,618.3378,-87.4378,-0.4844,26,0.6500,0.5294,102,6,4,91,49,97,53,0.4536
9,268.0000,2,12,325.1548,-82.7833,0.3545,40,1.0000,0.0000,4,4,0,0,0,4,0,1.0000
9,268.0000,2,13,756.9411,-87.8547,-0.3629,23,0.5750,0.5000,6,7,6,0,0,7,6,0.1429
9,268.0000,2,14,299.3591,-81.8726,-0.0567,39,0.9750,0.0000,4,4,0,0,0,4,0,1.0000
9,268.0000,3,2,506.5594,-86.8492,-0.0372,30,0.7500,0.2000,5,4,0,0,0,4,0,1.0000
9,268.0000,3,4,627.1416,-87.3783,-0.2511,26,0.6500,0.2000,5,7,5,0,0,7,5,0.2857
9,268.0000,3,8,288.8197,-83.9878,1.1408,35,0.8750,0.0000,4,4,0,0,0,4,0,1.0000
9,268.0000,3,9,671.9473,-87.8923,-0.1760,25,0.6250,0.6667,6,7,6,0,0,7,6,0.1429
9,268.0000,3,12,422.9941,-85.5162,0.7819,32,0.8000,0.4000,5,4,0,0,0,4,0,1.0000
9,268.0000,3,13,502.1012,-85.1014,-0.5700,31,0.7750,0.0000,5,4,1,0,0,4,1,0.7500
9,268.0000,3,14,606.5525,-88.1471,-0.0855,23,0.5750,0.2000,5,4,2,0,0,4,2,0.5000
9,268.0000,4,3,627.1416,-87.2698,0.5692,28,0.7000,0.2000,5,8,5,0,0,8,5,0.3750
9,268.0000,4,8,873.7927,-89.0169,-0.5855,3,0.0750,1.0000,6,8,6,0,0,8,6,0.2500
9,268.0000,4,13,574.8724,-88.0444,0.1893,26,0.6500,0.5000,6,5,1,0,0,5,1,0.8000
9,268.0000,5,2,673.8415,-87.7050,-0.0292,20,0.5000,0.5000,6,6,4,0,0,6,4,0.3333
9,268.0000,5,6,450.9517,-85.4892,-0.4066,36,0.9000,0.2000,5,6,2,0,0,6,2,0.6667
9,268.0000,5,8,804.3929,-88.2649,-0.2565,18,0.4500,0.7143,7,8,8,0,0,8,8,0.0000
9,268.0000,5,12,628.0708,-86.9084,0.4261,28,0.7000,0.5000,6,7,4,0,0,7,4,0.4286
9,268.0000,5,14,706.4897,-87.9739,-0.0474,23,0.5750,0.6667,6,6,4,0,0,6,4,0.3333
9,268.0000,6,2,640.8822,-87.6848,-0.4703,27,0.6750,0.8571,7,6,4,0,0,6,4,0.3333
9,268.0000,6,3,1052.2429,-89.0124,0.3029,4,0.1000,1.0000,2,4,4,0,0,4,4,0.0000
9,268.0000,6,5,450.9517,-84.9119,-0.4072,36,0.9000,0.2000,5,4,0,0,0,4,0,1.0000
9,268.0000,6,8,783.9362,-87.7737,0.3094,17,0.4250,0.7143,7,8,7,0,0,8,7,0.1250
9,268.0000,6,9,842.6882,-89.0970,0.3227,10,0.2500,0.8571,7,8,8,0,0,8,8,0.0000
9,268.0000,6,11,835.5027,-88.9057,0.3525,8,0.2000,0.8000,5,7,6,0,0,7,6,0.1429
9,268.0000,6,12,702.6310,-88.1269,0.2027,17,0.4250,0.7500,8,6,3,0,0,6,3,0.5000
9,268.0000,6,14,500.0949,-85.0909,-0.4846,33,0.8250,0.0000,4,6,4,0,0,6,4,0.3333
9,268.0000,7,1,662.3779,-87.2567,-0.2044,27,0.6750,0.7143,7,7,3,0,0,7,3,0.5714
9,268.0000,7,10,517.3939,-86.6247,-0.1249,32,0.8000,0.2000,5,5,1,0,0,5,1,0.8000
9,268.0000,8,2,363.7435,-82.6818,-0.3939,38,0.9500,0.1667,6,5,1,0,0,5,1,0.8000
9,268.0000,8,3,288.8197,-83.0084,0.9509,38,0.9500,0.0000,4,4,0,0,0,4,0,1.0000
9,268.0000,8,4,873.7927,-89.1912,0.1505,5,0.1250,1.0000,6,8,8,0,0,8,8,0.0000
9,268.0000,8,5,804.3929,-87.5843,-0.2737,11,0.2750,0.8750,8,8,8,0,0,8,8,0.0000
9,268.0000,8,6,783.9362,-87.8314,-0.3173,25,0.6250,0.7143,7,7,6,0,0,7,6,0.1429
9,268.0000,8,9,570.3687,-87.1906,0.5713,29,0.7250,0.3333,6,6,2,0,0,6,2,0.6667
9,268.0000,8,12,205.4647,-78.4792,0.4326,39,0.9750,0.0000,4,4,0,0,0,4,0,1.0000
9,268.0000,8,13,634.2193,-87.2303,-0.0796,20,0.5000,0.1667,6,6,4,0,0,6,4,0.3333
9,268.0000,8,14,379.6303,-83.3673,-0.6406,38,0.9500,0.0000,4,5,1,0,0,5,1,0.8000
9,268.0000,9,2,618.3378,-87.1112,-0.1338,25,0.6098,0.2000,5,5,1,0,0,5,1,0.8000
9,268.0000,9,3,671.9473,-87.9644,-0.2172,21,0.5122,0.7143,7,6,3,0,0,6,3,0.5000
9,268.0000,9,4,1006.9424,-89.0008,-1.8084,3,0.0732,1.0000,8,8,8,0,0,8,8,0.0000
9,268.0000,9,6,842.6882,-88.6952,-0.0944,18,0.4390,0.5000,8,6,6,0,0,6,6,0.0000
9,268.0000,9,8,570.3687,-86.4930,0.1712,35,0.8537,0.5714,7,7,4,0,0,7,4,0.4286
9,268.0000,9,12,724.6804,-88.3011,0.2525,21,0.5122,0.5000,6,8,8,0,0,8,8,0.0000
9,268.0000,9,13,487.7758,-84.8537,0.0734,35,0.8537,0.5000,6,7,5,0,0,7,5,0.2857
9,268.0000,9,14,415.8486,-85.4264,-0.5561,36,0.8780,0.2000,5,4,0,0,0,4,0,1.0000
9,268.0000,10,1,683.8478,-87.5030,-0.0967,22,0.5500,0.5000,6,7,5,0,0,7,5,0.2857
9,268.0000,10,7,517.3939,-85.8987,0.0840,32,0.8000,0.3333,6,4,0,0,0,4,0,1.0000
9,268.0000,11,6,835.5027,-89.0101,-0.1720,5,0.1250,1.0000,8,8,8,0,0,8,8,0.0000
9,268.0000,12,2,325.1548,-82.0700,0.0306,41,1.0000,0.2000,5,5,2,0,0,5,2,0.6000
9,268.0000,12,3,422.9941,-85.3422,0.6790,36,0.8780,0.0000,4,4,0,0,0,4,0,1.0000
9,268.0000,12,5,628.0708,-87.0103,-0.2233,31,0.7561,0.5000,6,8,5,0,0,8,5,0.3750
9,268.0000,12,6,702.6310,-87.2078,0.0363,25,0.6098,0.7143,7,7,6,0,0,7,6,0.1429
9,268.0000,12,8,205.4647,-79.0176,0.3164,40,0.9756,0.0000,4,4,0,0,0,4,0,1.0000
9,268.0000,12,9,724.6804,-88.5602,-0.0684,23,0.5610,1.0000,8,6,3,0,0,6,3,0.5000
9,268.0000,12,13,822.8376,-88.2152,-0.2378,14,0.3415,1.0000,8,7,6,0,0,7,6,0.1429
9,268.0000,12,14,417.2742,-84.9577,0.1649,41,1.0000,0.4286,7,4,0,0,0,4,0,1.0000
9,268.0000,13,2,756.9411,-87.9168,-0.2095,15,0.3750,1.0000,8,8,8,0,0,8,8,0.0000
9,268.0000,13,3,502.1012,-85.9046,-0.0246,33,0.8250,0.3333,6,5,1,0,0,5,1,0.8000
9,268.0000,13,4,574.8724,-87.4516,0.2631,26,0.6500,0.5000,6,6,2,0,0,6,2,0.6667
9,268.0000,13,7,908.2166,-88.7728,-0.7976,3,0.0750,1.0000,2,7,6,0,0,7,6,0.1429
9,268.0000,13,8,634.2193,-87.3919,-0.4589,25,0.6250,0.6667,6,6,4,0,0,6,4,0.3333
9,268.0000,13,9,487.7758,-85.3353,-0.3593,36,0.9000,0.3333,6,5,1,0,0,5,1,0.8000
9,268.0000,13,12,822.8376,-88.6751,-0.5101,9,0.2250,0.8571,7,8,8,0,0,8,8,0.0000
9,268.0000,13,14,733.3396,-88.1773,-0.4780,19,0.4750,0.6667,6,7,5,0,0,7,5,0.2857
9,268.0000,14,2,299.3591,-81.2443,0.3441,41,1.0000,0.0000,4,4,0,0,0,4,0,1.0000
9,268.0000,14,3,606.5525,-87.7546,0.0936,26,0.6341,0.6667,6,4,0,0,0,4,0,1.0000
9,268.0000,14,5,706.4897,-87.1443,-0.2549,26,0.6341,0.5000,6,8,7,0,0,8,7,0.1250
9,268.0000,14,6,500.0949,-85.1074,-0.2288,38,0.9268,0.1667,6,3,0,0,0,3,0,1.0000
9,268.0000,14,8,379.6303,-83.0087,-1.0214,41,1.0000,0.0000,4,5,1,0,0,5,1,0.8000
9,268.0000,14,9,415.8486,-85.2664,-0.1024,40,0.9756,0.0000,4,4,0,0,0,4,0,1.0000
9,268.0000,14,12,417.2742,-84.0642,-0.1072,40,0.9756,0.2000,5,5,1,0,0,5,1,0.8000
9,268.0000,14,13,733.3396,-87.9274,0.0427,26,0.6341,0.7143,7,7,6,0,0,7,6,0.1429
9,272.0000,0,10,943.4325,-89.5634,0.1087,3,0.0732,,0,6,6,0,0,6,6,0.0000
9,272.0000,1,7,714.3537,-87.7040,0.4052,17,0.4359,0.8750,8,8,8,0,0,8,8,0.0000
9,272.0000,1,9,893.0541,-89.0836,0.0412,7,0.1795,1.0000,8,8,7,110,109,118,116,0.0169
9,272.0000,1,10,840.1744,-88.3238,-0.2422,13,0.3333,1.0000,6,8,8,0,0,8,8,0.0000
9,272.0000,2,3,430.1681,-85.4301,-0.0157,29,0.7250,0.2000,5,4,0,3,1,7,1,0.8571
9,272.0000,2,5,707.1410,-87.4607,-0.0274,21,0.5250,0.6667,6,8,8,0,0,8,8,0.0000
9,272.0000,2,6,687.8940,-87.6168,0.0507,21,0.5250,0.7143,7,8,7,0,0,8,7,0.1250
9,272.0000,2,8,397.6715,-84.0279,-0.2877,36,0.9000,0.0000,4,5,1,0,0,5,1,0.8000
9,272.0000,2,9,628.8691,-87.2812,-0.2641,25,0.6250,0.5464,97,5,1,107,89,112,90,0.1964
9,272.0000,2,12,319.2378,-82.5116,-0.0212,39,0.9750,0.0000,4,5,1,0,0,5,1,0.8000
9,272.0000,2,13,799.6585,-88.6286,-0.2099,15,0.3750,0.8571,7,7,6,0,0,7,6,0.1429
9,272.0000,2,14,309.9774,-81.7655,0.0257,40,1.0000,0.0000,4,4,0,0,0,4,0,1.0000
9,272.0000,3,2,430.1681,-85.5262,0.3003,34,0.8500,0.0000,4,4,0,0,0,4,0,1.0000
9,272.0000,3,4,627.6702,-87.1050,-0.3724,28,0.7000,0.7143,7,4,0,0,0,4,0,1.0000
9,272.0000,3,8,153.5915,-77.7103,1.5072,40,1.0000,0.0000,4,4,0,0,0,4,0,1.0000
9,272.0000,3,9,716.6773,-88.0594,-0.4571,18,0.4500,0.8571,7,6,4,3,2,9,6,0.3333
9,272.0000,3,12,331.5709,-84.4234,0.2627,39,0.9750,0.0000,4,4,0,0,0,4,0,1.0000
9,272.0000,3,13,588.7925,-86.5452,-0.1883,33,0.8250,0.2500,4,9,8,0,0,9,8,0.1111
9,272.0000,3,14,559.1955,-87.0792,-0.0065,28,0.7000,0.5000,4,6,3,0,0,6,3,0.5000
9,272.0000,4,3,627.6702,-87.7552,0.1825,24,0.6154,0.6250,8,7,4,0,0,7,4,0.4286
9,272.0000,4,8,718.7958,-87.8265,0.1332,13,0.3333,0.7500,8,7,6,0,0,7,6,0.1429
9,272.0000,4,12,935.7795,-88.0519,0.1774,5,0.1282,1.0000,8,6,5,0,0,6,5,0.1667
9,272.0000,4,13,510.2431,-86.5278,0.2967,31,0.7949,0.2000,5,5,1,0,0,5,1,0.8000
9,272.0000,4,14,1084.7823,-89.4548,-0.1618,3,0.0769,1.0000,4,4,4,0,0,4,4,0.0000
9,272.0000,5,2,707.1410,-87.9856,-0.0964,20,0.5000,0.6667,6,7,6,0,0,7,6,0.1429
9,272.0000,5,6,395.9140,-85.0614,0.1469,37,0.9250,0.3333,6,4,0,0,0,4,0,1.0000
9,272.0000,5,8,892.5841,-88.4332,0.3750,11,0.2750,1.0000,8,8,8,0,0,8,8,0.0000
9,272.0000,5,12,670.6512,-87.3492,-0.3500,18,0.4500,0.5714,7,8,6,0,0,8,6,0.2500
9,272.0000,5,14,764.8340,-88.2904,-0.1471,15,0.3750,0.6667,6,5,2,0,0,5,2,0.6000
9,272.0000,6,2,687.8940,-87.5325,-0.4518,16,0.4000,0.6667,6,7,5,0,0,7,5,0.2857
9,272.0000,6,5,395.9140,-84.8727,-0.1609,35,0.8750,0.0000,4,4,0,0,0,4,0,1.0000
9,272.0000,6,8,923.1831,-89.2882,0.2021,6,0.1500,0.8750,8,6,6,0,0,6,6,0.0000
9,272.0000,6,9,941.0100,-89.2178,-0.3980,4,0.1000,1.0000,8,8,8,0,0,8,8,0.0000
9,272.0000,6,11,709.2467,-88.5388,0.0638,18,0.4500,0.8571,7,6,3,0,0,6,3,0.5000
9,272.0000,6,12,730.6315,-87.8782,0.0755,13,0.3250,0.5000,6,8,6,0,0,8,6,0.2500
9,272.0000,6,14,604.5430,-86.7012,-0.0700,25,0.6250,0.6667,6,8,7,0,0,8,7,0.1250
9,272.0000,7,0,1012.9951,-89.4654,-0.3147,3,0.0750,1.0000,6,6,6,0,0,6,6,0.0000
9,272.0000,7,1,714.3537,-88.0061,-0.3695,22,0.5500,0.4286,7,8,6,0,0,8,6,0.2500
9,272.0000,7,9,934.8666,-89.0949,-0.2651,3,0.0750,1.0000,8,8,7,0,0,8,7,0.1250
9,272.0000,7,10,539.5216,-86.1353,0.0597,31,0.7750,0.2000,5,8,5,0,0,8,5,0.3750
9,272.0000,7,13,773.2152,-88.3791,0.5647,6,0.1500,1.0000,8,8,7,0,0,8,7,0.1250
9,272.0000,8,2,397.6715,-84.4371,-0.2586,38,0.9500,0.2000,5,4,0,0,0,4,0,1.0000
9,272.0000,8,3,153.5915,-78.0214,1.3019,40,1.0000,0.0000,4,4,0,0,0,4,0,1.0000
9,272.0000,8,4,718.7958,-88.4153,0.2371,17,0.4250,1.0000,8,6,3,0,0,6,3,0.5000
9,272.0000,8,5,892.5841,-88.4282,-0.1237,10,0.2500,1.0000,8,6,5,0,0,6,5,0.1667
9,272.0000,8,6,923.1831,-88.6267,0.1441,12,0.3000,0.8571,7,8,8,0,0,8,8,0.0000
9,272.0000,8,9,646.6253,-86.9014,-0.2195,32,0.8000,0.3333,6,7,6,0,0,7,6,0.1429
9,272.0000,8,12,222.3872,-78.1438,-0.7375,40,1.0000,0.0000,4,4,0,0,0,4,0,1.0000
9,272.0000,8,13,640.3289,-87.6551,0.0098,27,0.6750,0.6667,6,7,5,0,0,7,5,0.2857
9,272.0000,8,14,458.9039,-84.5516,-0.2690,37,0.9250,0.2000,5,6,4,0,0,6,4,0.3333
9,272.0000,9,1,893.0541,-89.5619,-0.0085,3,0.0750,1.0000,8,7,6,0,0,7,6,0.1429
9,272.0000,9,2,628.8691,-87.6501,-0.0111,28,0.7000,0.2000,5,8,6,0,0,8,6,0.2500
9,272.0000,9,3,716.6773,-88.3621,0.3735,23,0.5750,0.5000,6,7,5,0,0,7,5,0.2857
9,272.0000,9,4,1021.2667,-89.2286,0.3665,3,0.0750,1.0000,8,6,6,0,0,6,6,0.0000
9,272.0000,9,6,941.0100,-88.6775,0.3598,8,0.2000,1.0000,6,10,10,0,0,10,10,0.0000
9,272.0000,9,8,646.6253,-87.0131,0.2569,24,0.6000,0.5714,7,7,4,0,0,7,4,0.4286
9,272.0000,9,12,710.9116,-87.8157,0.5979,19,0.4750,1.0000,8,7,6,0,0,7,6,0.1429
9,272.0000,9,13,599.4101,-87.0509,0.0013,30,0.7500,0.7143,7,5,1,0,0,5,1,0.8000
9,272.0000,9,14,398.4192,-84.6404,-0.2000,38,0.9500,0.0000,4,6,3,0,0,6,3,0.5000
9,272.0000,10,1,840.1744,-88.1490,-0.5298,16,0.4000,0.7143,7,8,8,0,0,8,8,0.0000
9,272.0000,10,7,539.5216,-86.3134,0.1377,33,0.8250,0.0000,4,6,4,0,0,6,4,0.3333
9,272.0000,11,5,987.6049,-89.1933,-0.2665,3,0.0750,1.0000,8,8,8,0,0,8,8,0.0000
9,272.0000,11,6,709.2467,-87.7315,0.1183,15,0.3750,1.0000,8,8,8,0,0,8,8,0.0000
9,272.0000,12,2,319.2378,-82.8700,-0.0921,38,0.9500,0.4000,5,4,0,0,0,4,0,1.0000
9,272.0000,12,3,331.5709,-83.6209,0.1109,39,0.9750,0.0000,4,4,0,0,0,4,0,1.0000
9,272.0000,12,4,935.7795,-89.3334,0.0329,4,0.1000,1.0000,6,6,6,0,0,6,6,0.0000
9,272.0000,12,5,670.6512,-87.3270,-0.8895,22,0.5500,0.6250,8,7,5,0,0,7,5,0.2857
9,272.0000,12,6,730.6315,-87.9549,-0.1830,22,0.5500,0.8571,7,6,4,0,0,6,4,0.3333
9,272.0000,12,8,222.3872,-78.0605,-0.3152,39,0.9750,0.0000,4,4,0,0,0,4,0,1.0000
9,272.0000,12,9,710.9116,-88.0581,-0.5250,22,0.5500,0.5000,6,7,6,0,0,7,6,0.1429
9,272.0000,12,13,837.9643,-88.9533,0.2238,11,0.2750,0.8571,7,8,8,0,0,8,8,0.0000
9,272.0000,12,14,400.0929,-84.4365,0.1369,34,0.8500,0.0000,4,4,0,0,0,4,0,1.0000
9,272.0000,13,2,799.6585,-88.3524,-0.1795,15,0.3750,1.0000,8,8,8,0,0,8,8,0.0000
9,272.0000,13,3,588.7925,-86.6856,-0.6061,30,0.7500,0.2000,5,6,4,0,0,6,4,0.3333
9,272.0000,13,4,510.2431,-86.2638,0.6427,28,0.7000,0.3333,6,6,2,0,0,6,2,0.6667
9,272.0000,13,7,773.2152,-87.6309,0.4850,9,0.2250,0.8571,7,8,7,0,0,8,7,0.1250
9,272.0000,13,8,640.3289,-87.6177,-0.0475,24,0.6000,0.6667,6,5,1,0,0,5,1,0.8000
9,272.0000,13,9,599.4101,-86.4839,-0.4722,31,0.7750,0.2000,5,7,6,0,0,7,6,0.1429
9,272.0000,13,12,837.9643,-88.8493,-0.3936,11,0.2750,1.0000,8,8,7,0,0,8,7,0.1250
9,272.0000,13,14,784.7536,-88.9280,0.1313,10,0.2500,0.7143,7,6,6,0,0,6,6,0.0000
9,272.0000,14,2,309.9774,-81.7380,-0.0200,40,1.0000,0.0000,4,4,0,0,0,4,0,1.0000
9,272.0000,14,3,559.1955,-86.6268,0.5222,27,0.6750,0.0000,4,4,0,0,0,4,0,1.0000
9,272.0000,14,5,764.8340,-88.5178,-0.2839,20,0.5000,0.8750,8,7,5,0,0,7,5,0.2857
9,272.0000,14,6,604.5430,-86.3813,-0.5420,32,0.8000,0.0000,3,8,7,0,0,8,7,0.1250
9,272.0000,14,8,458.9039,-85.0976,-0.6156,38,0.9500,0.2000,5,7,4,0,0,7,4,0.4286
9,272.0000,14,9,398.4192,-84.5441,0.0572,38,0.9500,0.0000,4,4,0,0,0,4,0,1.0000
9,272.0000,14,12,400.0929,-84.8999,0.1578,38,0.9500,0.2000,5,4,0,0,0,4,0,1.0000
9,272.0000,14,13,784.7536,-88.2044,0.0178,19,0.4750,0.8571,7,8,8,0,0,8,8,0.0000
9,276.0000,0,7,966.2112,-88.9259,0.0403,3,0.0769,1.0000,8,6,6,0,0,6,6,0.0000
9,276.0000,0,10,734.7101,-88.2542,0.2490,11,0.2821,1.0000,6,6,4,0,0,6,4,0.3333
9,276.0000,1,7,778.8354,-88.4391,0.0649,19,0.4750,1.0000,8,10,10,0,0,10,10,0.0000
9,276.0000,1,9,777.7027,-88.3674,0.3130,12,0.3000,0.9831,118,7,5,70,69,77,74,0.0390
9,276.0000,1,10,1001.8007,-87.9832,-0.3722,7,0.1750,1.0000,8,8,8,0,0,8,8,0.0000
9,276.0000,2,3,355.9493,-83.8007,0.3607,38,0.9500,0.1429,7,4,0,0,0,4,0,1.0000
9,276.0000,2,5,744.3542,-88.4655,0.4578,17,0.4250,1.0000,8,6,4,0,0,6,4,0.3333
9,276.0000,2,6,769.1654,-88.6357,0.1045,20,0.5000,0.8750,8,8,8,0,0,8,8,0.0000
9,276.0000,2,8,432.5864,-84.6682,0.3431,36,0.9000,0.2000,5,4,0,0,0,4,0,1.0000
9,276.0000,2,9,635.7368,-87.5618,-0.3714,22,0.5500,0.8036,112,7,5,110,90,117,95,0.1880
9,276.0000,2,12,317.7202,-82.7475,0.3696,40,1.0000,0.2000,5,4,0,0,0,4,0,1.0000
9,276.0000,2,13,828.7415,-88.8707,-0.1959,12,0.3000,0.8571,7,8,8,0,0,8,8,0.0000
9,276.0000,2,14,331.9733,-82.1919,-0.6402,39,0.9750,0.0000,4,5,1,0,0,5,1,0.8000
9,276.0000,3,2,355.9493,-83.7107,0.7453,36,0.9000,0.0000,4,4,0,0,0,4,0,1.0000
9,276.0000,3,4,633.3647,-87.5329,0.1269,27,0.6750,0.0000,4,7,3,0,0,7,3,0.5714
9,276.0000,3,8,133.2454,-73.1700,0.0869,40,1.0000,0.0000,4,4,0,0,0,4,0,1.0000
9,276.0000,3,9,783.5084,-88.6576,0.0085,16,0.4000,0.6667,9,7,6,0,0,7,6,0.1429
9,276.0000,3,12,283.2514,-81.5181,0.0542,38,0.9500,0.0000,4,4,0,0,0,4,0,1.0000
9,276.0000,3,13,703.2515,-87.3147,-0.6993,22,0.5500,0.8889,9,8,8,0,0,8,8,0.0000
9,276.0000,3,14,543.0030,-86.7265,0.0671,32,0.8000,0.5000,6,6,3,0,0,6,3,0.5000
9,276.0000,4,2,933.1495,-88.3062,-0.0761,5,0.1220,0.7500,4,8,8,0,0,8,8,0.0000
9,276.0000,4,3,633.3647,-87.1739,-0.4324,26,0.6341,0.5714,7,7,6,0,0,7,6,0.1429
9,276.0000,4,8,569.6159,-86.8873,0.1383,21,0.5122,0.8571,7,5,2,0,0,5,2,0.6000
9,276.0000,4,12,863.5405,-88.6564,0.5654,5,0.1220,0.8333,6,7,6,0,0,7,6,0.1429
9,276.0000,4,13,491.9334,-85.8458,0.1672,34,0.8293,0.2000,5,4,0,0,0,4,0,1.0000
9,276.0000,5,2,744.3542,-88.1288,-0.0764,17,0.4250,0.8571,7,7,5,0,0,7,5,0.2857
9,276.0000,5,3,903.2903,-89.0623,-0.0497,10,0.2500,1.0000,2,6,5,0,0,6,5,0.1667
9,276.0000,5,6,347.0393,-83.6777,-0.2710,38,0.9500,0.0000,4,4,0,0,0,4,0,1.0000
9,276.0000,5,11,877.9006,-89.1235,-0.1109,6,0.1500,1.0000,8,8,8,0,0,8,8,0.0000
9,276.0000,5,12,693.6239,-87.2213,-0.3336,21,0.5250,0.7500,8,8,7,0,0,8,7,0.1250
9,276.0000,5,14,816.1422,-88.4531,-0.1049,11,0.2750,0.4000,5,8,8,0,0,8,8,0.0000
9,276.0000,6,2,769.1654,-87.6628,-0.7703,18,0.4500,0.7143,7,8,7,0,0,8,7,0.1250
9,276.0000,6,5,347.0393,-83.4759,0.4198,37,0.9250,0.0000,4,5,1,0,0,5,1,0.8000
9,276.0000,6,9,1019.1915,-88.8349,-0.5631,5,0.1250,1.0000,8,8,8,0,0,8,8,0.0000
9,276.0000,6,11,584.9179,-87.5465,0.0828,28,0.7000,0.5000,6,5,2,0,0,5,2,0.6000
9,276.0000,6,12,773.4869,-88.1686,-0.6914,14,0.3500,0.7500,8,8,6,0,0,8,6,0.2500
9,276.0000,6,14,724.8540,-87.0883,-0.7122,20,0.5000,0.8750,8,8,7,0,0,8,7,0.1250
9,276.0000,7,0,966.2112,-88.0169,0.9371,3,0.0732,1.0000,6,6,6,0,0,6,6,0.0000
9,276.0000,7,1,778.8354,-88.0886,-0.3322,15,0.3659,0.7500,8,8,8,0,0,8,8,0.0000
9,276.0000,7,9,847.1254,-89.1194,-0.3021,5,0.1220,0.8750,8,8,7,0,0,8,7,0.1250
9,276.0000,7,10,587.4558,-86.0516,-0.3219,31,0.7561,0.6250,8,6,3,0,0,6,3,0.5000
9,276.0000,7,13,661.0217,-88.8528,-0.2749,12,0.2927,0.8750,8,6,3,0,0,6,3,0.5000
9,276.0000,8,2,432.5864,-84.1781,-0.5828,38,0.9500,0.0000,4,5,1,0,0,5,1,0.8000
9,276.0000,8,3,133.2454,-73.1811,0.2183,40,1.0000,0.0000,4,4,0,0,0,4,0,1.0000
9,276.0000,8,4,569.6159,-87.1915,0.4877,24,0.6000,0.5000,6,4,0,0,0,4,0,1.0000
9,276.0000,8,5,968.1521,-89.2797,-0.5578,5,0.1250,0.8333,6,6,6,0,0,6,6,0.0000
9,276.0000,8,6,1062.7823,-88.3658,-0.9085,4,0.1000,1.0000,8,6,6,0,0,6,6,0.0000
9,276.0000,8,9,738.8495,-88.2521,-0.2720,24,0.6000,0.8571,7,7,5,0,0,7,5,0.2857
9,276.0000,8,12,294.6476,-79.8776,-1.2772,40,1.0000,0.0000,4,6,2,0,0,6,2,0.6667
9,276.0000,8,13,643.2048,-87.4519,-0.5847,26,0.6500,0.7143,7,5,2,0,0,5,2,0.6000
9,276.0000,8,14,537.9160,-85.7766,-0.3193,34,0.8500,0.6667,6,6,3,0,0,6,3,0.5000
9,276.0000,9,1,777.7027,-88.8092,-0.1365,9,0.2250,0.8571,7,8,5,0,0,8,5,0.3750
9,276.0000,9,2,635.7368,-86.9763,-0.0911,25,0.6250,0.7500,8,5,3,0,0,5,3,0.4000
9,276.0000,9,3,783.5084,-88.4400,-0.2047,15,0.3750,0.7143,7,8,6,0,0,8,6,0.2500
9,276.0000,9,4,1071.5573,-88.8890,0.7327,3,0.0750,1.0000,6,2,2,0,0,2,2,0.0000
9,276.0000,9,6,1019.1915,-88.8034,0.8633,3,0.0750,1.0000,10,6,6,0,0,6,6,0.0000
9,276.0000,9,7,847.1254,-88.9885,-0.2206,4,0.1000,1.0000,8,6,4,0,0,6,4,0.3333
9,276.0000,9,8,738.8495,-87.8150,-0.3019,23,0.5750,0.5714,7,6,4,0,0,6,4,0.3333
9,276.0000,9,12,694.6315,-87.7450,0.3264,21,0.5250,0.8571,7,7,6,0,0,7,6,0.1429
9,276.0000,9,13,735.8447,-88.1833,-0.2832,23,0.5750,0.2000,5,8,8,0,0,8,8,0.0000
9,276.0000,9,14,364.2063,-83.9812,0.7433,38,0.9500,0.5000,6,4,0,0,0,4,0,1.0000
9,276.0000,10,0,734.7101,-88.0167,0.1296,9,0.2250,0.7143,7,6,3,0,0,6,3,0.5000
9,276.0000,10,1,1001.8007,-88.2228,-0.0455,7,0.1750,1.0000,8,4,3,0,0,4,3,0.2500
9,276.0000,10,7,587.4558,-87.3788,-0.1287,32,0.8000,0.6667,6,7,5,0,0,7,5,0.2857
9,276.0000,11,5,877.9006,-89.4107,-0.0375,5,0.1250,1.0000,8,6,6,0,0,6,6,0.0000
9,276.0000,11,6,584.9179,-87.6529,0.0693,23,0.5750,1.0000,8,5,2,0,0,5,2,0.6000
9,276.0000,12,2,317.7202,-82.2081,0.0525,39,0.9750,0.0000,4,4,0,0,0,4,0,1.0000
9,276.0000,12,3,283.2514,-81.3635,0.3521,40,1.0000,0.0000,4,4,0,0,0,4,0,1.0000
9,276.0000,12,4,863.5405,-89.3145,-0.4916,7,0.1750,1.0000,6,7,6,0,0,7,6,0.1429
9,276.0000,12,5,693.6239,-88.2761,-0.4919,18,0.4500,0.7143,7,8,8,0,0,8,8,0.0000
9,276.0000,12,6,773.4869,-88.2230,0.0027,16,0.4000,0.6667,6,7,6,0,0,7,6,0.1429
9,276.0000,12,8,294.6476,-79.7743,-0.4334,40,1.0000,0.0000,4,4,0,0,0,4,0,1.0000
9,276.0000,12,9,694.6315,-87.9462,0.2555,27,0.6750,0.8571,7,5,1,0,0,5,1,0.8000
9,276.0000,12,13,871.0175,-88.6976,0.0406,8,0.2000,1.0000,8,7,6,0,0,7,6,0.1429
9,276.0000,12,14,383.1079,-84.5137,0.3868,36,0.9000,0.0000,4,5,1,0,0,5,1,0.8000
9,276.0000,13,2,828.7415,-88.6597,-0.0025,12,0.3000,1.0000,8,8,8,0,0,8,8,0.0000
9,276.0000,13,3,703.2515,-87.5865,0.0723,22,0.5500,0.6667,6,8,8,0,0,8,8,0.0000
9,276.0000,13,4,491.9334,-86.5987,0.1901,35,0.8750,0.3333,6,6,2,0,0,6,2,0.6667
9,276.0000,13,7,661.0217,-87.9018,0.2594,21,0.5250,0.8750,8,6,3,0,0,6,3,0.5000
9,276.0000,13,8,643.2048,-87.8743,0.2060,21,0.5250,0.2000,5,7,5,0,0,7,5,0.2857
9,276.0000,13,9,735.8447,-87.5551,-0.5409,22,0.5500,0.8571,7,8,8,0,0,8,8,0.0000
9,276.0000,13,12,871.0175,-88.6165,0.2296,13,0.3250,0.8750,8,8,8,0,0,8,8,0.0000
9,276.0000,13,14,833.3412,-88.5741,-0.0007,12,0.3000,1.0000,6,8,8,0,0,8,8,0.0000
9,276.0000,14,2,331.9733,-82.5400,-0.1327,40,1.0000,0.0000,4,4,0,0,0,4,0,1.0000
9,276.0000,14,3,543.0030,-86.5751,0.3619,30,0.7500,0.0000,4,4,0,0,0,4,0,1.0000
9,276.0000,14,5,816.1422,-88.2006,0.1806,9,0.2250,0.7143,7,7,6,0,0,7,6,0.1429
9,276.0000,14,6,724.8540,-87.8936,0.0025,24,0.6000,0.8750,8,8,8,0,0,8,8,0.0000
9,276.0000,14,8,537.9160,-85.6559,-0.2559,37,0.9250,0.5714,7,5,2,0,0,5,2,0.6000
9,276.0000,14,9,364.2063,-83.7338,0.0398,38,0.9500,0.0000,4,5,1,0,0,5,1,0.8000
9,276.0000,14,12,383.1079,-83.6287,0.4305,39,0.9750,0.0000,4,5,1,0,0,5,1,0.8000
9,276.0000,14,13,833.3412,-88.6797,-0.5340,6,0.1500,1.0000,8,8,8,0,0,8,8,0.0000
9,280.0000,0,7,931.3540,-89.3328,-0.0308,5,0.1250,1.0000,6,8,8,0,0,8,8,0.0000
9,280.0000,0,10,544.0541,-87.5995,0.6896,25,0.6250,0.6667,6,5,2,0,0,5,2,0.6000
9,280.0000,1,7,827.1833,-88.7135,-0.4442,17,0.4250,1.0000,10,8,6,0,0,8,6,0.2500
9,280.0000,1,9,629.5688,-87.6549,0.3099,18,0.4500,0.9610,77,8,5,114,102,122,107,0.1230
9,280.0000,2,3,311.0036,-82.6390,-0.1304,38,0.9744,0.0000,4,4,0,0,0,4,0,1.0000
9,280.0000,2,4,857.6456,-88.7975,-0.2503,4,0.1026,0.8571,7,6,4,0,0,6,4,0.3333
9,280.0000,2,5,782.4808,-88.4941,-0.3424,19,0.4872,0.6667,6,7,5,0,0,7,5,0.2857
9,280.0000,2,6,859.5692,-88.3698,-0.3160,12,0.3077,1.0000,8,8,8,0,0,8,8,0.0000
9,280.0000,2,8,473.1139,-85.0895,-0.7016,32,0.8205,0.0000,4,4,0,0,0,4,0,1.0000
9,280.0000,2,9,657.0174,-88.0243,-0.1961,26,0.6667,0.8120,117,8,7,118,110,126,117,0.0714
9,280.0000,2,12,323.8587,-82.2681,-0.1861,36,0.9231,0.0000,4,4,0,0,0,4,0,1.0000
9,280.0000,2,13,856.9157,-88.7089,-0.1326,13,0.3333,1.0000,8,8,8,0,0,8,8,0.0000
9,280.0000,2,14,355.1940,-83.0813,-0.4519,38,0.9744,0.2000,5,4,0,0,0,4,0,1.0000
9,280.0000,3,2,311.0036,-82.7201,0.1014,37,0.9250,0.0000,4,4,0,0,0,4,0,1.0000
9,280.0000,3,4,652.4124,-87.4943,-0.3289,24,0.6000,0.4286,7,7,5,0,0,7,5,0.2857
9,280.0000,3,5,819.6937,-88.5665,0.2001,6,0.1500,1.0000,8,7,6,0,0,7,6,0.1429
9,280.0000,3,8,253.3928,-76.9008,-1.3420,37,0.9250,0.0000,4,4,0,0,0,4,0,1.0000
9,280.0000,3,9,855.1019,-89.0582,0.1248,7,0.1750,0.8571,7,8,8,0,0,8,8,0.0000
9,280.0000,3,12,296.6333,-80.5593,-0.2095,39,0.9750,0.0000,4,5,1,0,0,5,1,0.8000
9,280.0000,3,13,837.0571,-88.3889,0.2862,16,0.4000,1.0000,8,8,8,0,0,8,8,0.0000
9,280.0000,3,14,555.4787,-86.9565,-0.6318,29,0.7250,0.5000,6,5,2,0,0,5,2,0.6000
9,280.0000,4,2,857.6456,-88.5039,0.0956,9,0.2308,1.0000,8,7,6,0,0,7,6,0.1429
9,280.0000,4,3,652.4124,-87.2619,-0.1803,21,0.5385,0.8571,7,7,6,0,0,7,6,0.1429
9,280.0000,4,8,432.0523,-86.7526,0.5461,26,0.6667,0.4000,5,5,1,0,0,5,1,0.8000
9,280.0000,4,12,849.1494,-88.4802,0.3264,6,0.1538,0.8571,7,6,4,0,0,6,4,0.3333
9,280.0000,4,13,529.7923,-87.1121,-0.1909,31,0.7949,0.0000,4,7,5,0,0,7,5,0.2857
9,280.0000,5,2,782.4808,-87.9586,-0.1541,17,0.4250,0.7143,7,8,8,0,0,8,8,0.0000
9,280.0000,5,3,819.6937,-88.6440,0.4043,6,0.1500,0.8333,6,7,6,0,0,7,6,0.1429
9,280.0000,5,6,327.5437,-82.8304,0.4361,39,0.9750,0.0000,4,4,0,0,0,4,0,1.0000
9,280.0000,5,11,771.7682,-88.1492,-0.0783,11,0.2750,1.0000,8,7,6,0,0,7,6,0.1429
9,280.0000,5,12,689.8224,-87.5551,0.4052,21,0.5250,0.8750,8,7,5,0,0,7,5,0.2857
9,280.0000,5,14,872.6406,-88.5915,-0.3177,8,0.2000,1.0000,8,8,8,0,0,8,8,0.0000
9,280.0000,6,2,859.5692,-88.4872,-0.1385,11,0.2821,0.8750,8,8,8,0,0,8,8,0.0000
9,280.0000,6,5,327.5437,-83.2713,0.5269,38,0.9744,0.2000,5,5,1,0,0,5,1,0.8000
9,280.0000,6,11,462.5658,-86.0649,0.7150,32,0.8205,0.4000,5,4,0,0,0,4,0,1.0000
9,280.0000,6,12,800.3774,-88.0280,0.1475,10,0.2564,0.7500,8,8,7,0,0,8,7,0.1250
9,280.0000,6,14,848.1546,-88.0192,0.1199,14,0.3590,0.8750,8,7,6,0,0,7,6,0.1429
9,280.0000,7,0,931.3540,-88.7597,-0.2514,8,0.2051,1.0000,6,8,8,0,0,8,8,0.0000
9,280.0000,7,1,827.1833,-88.4960,0.2547,15,0.3846,1.0000,8,8,8,0,0,8,8,0.0000
9,280.0000,7,9,756.5909,-88.3222,0.1529,11,0.2821,0.8750,8,6,4,0,0,6,4,0.3333
9,280.0000,7,10,629.1625,-87.2083,-0.3518,26,0.6667,0.5000,6,6,2,0,0,6,2,0.6667
9,280.0000,7,13,566.3153,-87.9446,0.1737,30,0.7692,0.5000,6,6,2,0,0,6,2,0.6667
9,280.0000,8,2,473.1139,-85.1644,-0.8577,37,0.9250,0.2000,5,5,1,0,0,5,1,0.8000
9,280.0000,8,3,253.3928,-77.1428,-1.5286,40,1.0000,0.0000,4,4,0,0,0,4,0,1.0000
9,280.0000,8,4,432.0523,-86.1638,0.4033,34,0.8500,0.0000,4,4,0,0,0,4,0,1.0000
9,280.0000,8,9,840.9004,-88.8022,-0.0781,12,0.3000,0.7143,7,8,8,0,0,8,8,0.0000
9,280.0000,8,12,418.8850,-83.0106,-0.5073,37,0.9250,0.3333,6,6,2,0,0,6,2,0.6667
9,280.0000,8,13,646.2372,-87.2305,-0.1348,23,0.5750,0.4000,5,5,1,0,0,5,1,0.8000
9,280.0000,8,14,615.6826,-86.4733,-0.6007,25,0.6250,0.5000,6,7,4,0,0,7,4,0.4286
9,280.0000,9,1,629.5688,-87.5749,-0.2333,24,0.6000,0.6250,8,5,1,0,0,5,1,0.8000
9,280.0000,9,2,657.0174,-86.9777,0.4067,24,0.6000,0.6000,5,9,7,0,0,9,7,0.2222
9,280.0000,9,3,855.1019,-88.4570,-0.3814,10,0.2500,0.7500,8,7,5,0,0,7,5,0.2857
9,280.0000,9,4,1129.7893,-89.4887,-0.2789,4,0.1000,1.0000,2,2,2,0,0,2,2,0.0000
9,280.0000,9,7,756.5909,-87.9500,0.6812,13,0.3250,0.6667,6,7,5,0,0,7,5,0.2857
9,280.0000,9,8,840.9004,-88.3308,0.2333,15,0.3750,0.6667,6,8,8,0,0,8,8,0.0000
9,280.0000,9,12,689.4551,-88.3766,0.0319,19,0.4750,0.8571,7,5,3,0,0,5,3,0.4000
9,280.0000,9,13,853.4687,-88.1955,0.5003,18,0.4500,1.0000,8,8,8,0,0,8,8,0.0000
9,280.0000,9,14,346.4073,-83.4154,-0.3934,38,0.9500,0.0000,4,4,0,0,0,4,0,1.0000
9,280.0000,10,0,544.0541,-87.5752,-0.0407,28,0.7000,0.5000,6,4,0,0,0,4,0,1.0000
9,280.0000,10,7,629.1625,-87.5420,-0.0499,33,0.8250,0.7143,7,6,4,0,0,6,4,0.3333
9,280.0000,11,5,771.7682,-88.3842,0.3954,11,0.2750,1.0000,6,10,9,0,0,10,9,0.1000
9,280.0000,11,6,462.5658,-86.4843,-0.1927,33,0.8250,0.4000,5,4,0,0,0,4,0,1.0000
9,280.0000,12,2,323.8587,-81.7601,0.1799,38,0.9500,0.0000,4,4,0,0,0,4,0,1.0000
9,280.0000,12,3,296.6333,-81.1513,-0.0056,38,0.9500,0.0000,4,4,0,0,0,4,0,1.0000
9,280.0000,12,4,849.1494,-89.1966,0.2955,9,0.2250,0.8571,7,8,8,0,0,8,8,0.0000
9,280.0000,12,5,689.8224,-87.9605,-0.0972,19,0.4750,1.0000,8,7,5,0,0,7,5,0.2857
9,280.0000,12,6,800.3774,-88.7657,0.0889,15,0.3750,0.8571,7,7,5,0,0,7,5,0.2857
9,280.0000,12,8,418.8850,-83.0017,-1.2989,39,0.9750,0.0000,4,5,1,0,0,5,1,0.8000
9,280.0000,12,9,689.4551,-88.0619,0.2897,18,0.4500,0.2000,5,8,7,0,0,8,7,0.1250
9,280.0000,12,13,942.7152,-89.3489,-0.2553,4,0.1000,0.8571,7,7,6,0,0,7,6,0.1429
9,280.0000,12,14,365.5720,-83.2516,0.2011,37,0.9250,0.2000,5,4,0,0,0,4,0,1.0000
9,280.0000,13,2,856.9157,-88.9273,-0.2977,9,0.2250,1.0000,8,8,8,0,0,8,8,0.0000
9,280.0000,13,3,837.0571,-88.2857,-0.0901,8,0.2000,1.0000,8,8,8,0,0,8,8,0.0000
9,280.0000,13,4,529.7923,-86.6232,-0.4077,27,0.6750,0.3333,6,5,2,0,0,5,2,0.6000
9,280.0000,13,7,566.3153,-86.8686,0.1959,24,0.6000,0.5000,6,6,4,0,0,6,4,0.3333
9,280.0000,13,8,646.2372,-88.0432,-0.0712,19,0.4750,0.7143,7,7,5,0,0,7,5,0.2857
9,280.0000,13,9,853.4687,-88.1101,-0.4352,15,0.3750,1.0000,8,7,6,0,0,7,6,0.1429
9,280.0000,13,12,942.7152,-89.6337,0.2813,3,0.0750,1.0000,8,8,8,0,0,8,8,0.0000
9,280.0000,13,14,876.4935,-88.5103,-0.0212,9,0.2250,1.0000,8,8,8,0,0,8,8,0.0000
9,280.0000,14,1,961.0043,-89.3529,-0.2082,5,0.1250,1.0000,4,5,4,0,0,5,4,0.2000
9,280.0000,14,2,355.1940,-82.1588,0.1474,40,1.0000,0.0000,4,4,0,0,0,4,0,1.0000
9,280.0000,14,3,555.4787,-86.8139,0.6134,32,0.8000,0.0000,4,6,3,0,0,6,3,0.5000
9,280.0000,14,4,993.1962,-88.3185,0.9195,4,0.1000,1.0000,6,4,4,0,0,4,4,0.0000
9,280.0000,14,5,872.6406,-89.0352,-0.3980,10,0.2500,0.8571,7,8,7,0,0,8,7,0.1250
9,280.0000,14,6,848.1546,-88.4509,-0.3474,11,0.2750,1.0000,8,8,8,0,0,8,8,0.0000
9,280.0000,14,8,615.6826,-86.8351,-0.0547,31,0.7750,0.4000,5,5,1,0,0,5,1,0.8000
9,280.0000,14,9,346.4073,-83.3692,0.4670,39,0.9750,0.2000,5,4,0,0,0,4,0,1.0000
9,280.0000,14,12,365.5720,-84.0211,0.7953,36,0.9000,0.2000,5,4,0,0,0,4,0,1.0000
9,280.0000,14,13,876.4935,-88.6318,0.0394,7,0.1750,1.0000,8,8,8,0,0,8,8,0.0000
9,284.0000,0,7,910.9117,-88.5221,-0.0964,4,0.1000,1.0000,8,8,8,0,0,8,8,0.0000
9,284.0000,0,10,387.3479,-85.2021,1.0139,36,0.9000,0.4000,5,4,0,0,0,4,0,1.0000
9,284.0000,1,7,838.8633,-88.6076,-0.3226,9,0.2250,0.7500,8,6,6,0,0,6,6,0.0000
9,284.0000,1,9,475.8413,-86.8266,0.4830,30,0.7500,0.8770,122,4,0,101,66,105,66,0.3714
9,284.0000,1,14,797.6351,-88.3779,0.6032,7,0.1750,0.7143,7,6,4,0,0,6,4,0.3333
9,284.0000,2,3,321.6691,-82.4764,0.0220,39,0.9750,0.0000,4,4,0,0,0,4,0,1.0000
9,284.0000,2,4,776.6920,-88.7222,-0.2420,16,0.4000,0.6667,6,8,7,0,0,8,7,0.1250
9,284.0000,2,5,826.2066,-88.2069,-0.2416,12,0.3000,0.7143,7,8,8,0,0,8,8,0.0000
9,284.0000,2,6,962.4514,-88.7993,0.4113,7,0.1750,1.0000,8,8,8,0,0,8,8,0.0000
9,284.0000,2,8,515.5159,-85.6407,-0.3750,32,0.8000,0.0000,4,8,5,0,0,8,5,0.3750
9,284.0000,2,9,665.4009,-87.7655,-0.9912,25,0.6250,0.9286,126,7,5,119,111,126,116,0.0794
9,284.0000,2,12,343.2473,-82.8448,-0.2505,36,0.9000,0.0000,4,5,1,0,0,5,1,0.8000
9,284.0000,2,13,885.0719,-88.9170,-0.4665,8,0.2000,1.0000,8,8,8,0,0,8,8,0.0000
9,284.0000,2,14,362.7509,-82.5682,0.1224,36,0.9000,0.0000,4,5,1,0,0,5,1,0.8000
9,284.0000,3,2,321.6691,-81.5873,0.1496,38,0.9500,0.0000,4,5,2,0,0,5,2,0.6000
9,284.0000,3,4,652.4749,-87.4545,0.3933,29,0.7250,0.7143,7,7,4,0,0,7,4,0.4286
9,284.0000,3,5,741.4138,-88.3406,-0.1148,16,0.4000,0.8571,7,7,6,0,0,7,6,0.1429
9,284.0000,3,8,401.0555,-82.5492,-1.8054,40,1.0000,0.0000,4,5,1,0,0,5,1,0.8000
9,284.0000,3,9,918.4845,-88.6942,0.1109,5,0.1250,1.0000,8,8,8,0,0,8,8,0.0000
9,284.0000,3,12,329.6938,-81.9058,-0.5500,39,0.9750,0.2000,5,5,1,0,0,5,1,0.8000
9,284.0000,3,13,973.5162,-88.2599,-0.6848,9,0.2250,1.0000,8,4,4,0,0,4,4,0.0000
9,284.0000,3,14,591.4677,-86.9502,-0.7787,32,0.8000,0.4000,5,7,6,0,0,7,6,0.1429
9,284.0000,4,2,776.6920,-89.1008,-0.1635,11,0.2750,0.8571,7,8,8,0,0,8,8,0.0000
9,284.0000,4,3,652.4749,-87.3402,-0.1678,23,0.5750,0.8571,7,7,4,0,0,7,4,0.4286
9,284.0000,4,8,289.3166,-82.5999,0.6776,34,0.8500,0.2000,5,5,1,0,0,5,1,0.8000
9,284.0000,4,12,831.4746,-88.7867,-0.0057,10,0.2500,0.6667,6,7,6,0,0,7,6,0.1429
9,284.0000,4,13,584.3750,-86.5794,-0.2539,27,0.6750,0.7143,7,7,5,0,0,7,5,0.2857
9,284.0000,4,14,950.3701,-89.5031,0.2652,5,0.1250,1.0000,10,8,8,0,0,8,8,0.0000
9,284.0000,5,2,826.2066,-88.5338,-0.0711,14,0.3500,1.0000,8,6,5,0,0,6,5,0.1667
9,284.0000,5,3,741.4138,-88.2829,-0.5348,16,0.4000,0.8571,7,6,4,0,0,6,4,0.3333
9,284.0000,5,6,317.7830,-82.6971,-0.5550,40,1.0000,0.0000,4,4,0,0,0,4,0,1.0000
9,284.0000,5,11,678.7435,-88.2332,-0.0079,20,0.5000,0.8571,7,7,4,0,0,7,4,0.4286
9,284.0000,5,12,678.6924,-87.7557,0.4052,17,0.4250,0.7143,7,7,6,0,0,7,6,0.1429
9,284.0000,5,14,922.1588,-88.9904,-0.2443,8,0.2000,1.0000,8,8,8,0,0,8,8,0.0000
9,284.0000,6,2,962.4514,-88.7824,0.1854,6,0.1463,1.0000,8,8,8,0,0,8,8,0.0000
9,284.0000,6,3,970.9271,-89.0487,-0.1001,7,0.1707,1.0000,6,8,7,0,0,8,7,0.1250
9,284.0000,6,5,317.7830,-82.8662,-0.2862,37,0.9024,0.2000,5,4,0,0,0,4,0,1.0000
9,284.0000,6,11,369.8192,-84.2797,1.0513,37,0.9024,0.0000,4,4,0,0,0,4,0,1.0000
9,284.0000,6,12,836.8077,-88.7977,0.4998,13,0.3171,0.8750,8,8,8,0,0,8,8,0.0000
9,284.0000,6,14,976.8934,-89.5973,0.0352,5,0.1220,0.8571,7,8,8,0,0,8,8,0.0000
9,284.0000,7,0,910.9117,-89.0066,-0.2617,9,0.2250,1.0000,8,8,8,0,0,8,8,0.0000
9,284.0000,7,1,838.8633,-89.1027,-0.0374,11,0.2750,1.0000,8,8,8,0,0,8,8,0.0000
9,284.0000,7,4,982.6496,-89.3971,-0.0056,4,0.1000,1.0000,4,8,8,0,0,8,8,0.0000
9,284.0000,7,9,667.4445,-87.9583,-0.2402,20,0.5000,0.6667,6,7,6,5,3,12,9,0.2500
9,284.0000,7,10,662.4493,-87.5391,-0.3169,27,0.6750,0.3333,6,8,7,0,0,8,7,0.1250
9,284.0000,7,13,514.2592,-87.0312,-0.2367,32,0.8000,0.3333,6,5,1,33,20,38,21,0.4474
9,284.0000,7,14,826.1892,-88.7767,-0.0905,7,0.1750,1.0000,8,8,5,0,0,8,5,0.3750
9,284.0000,8,2,515.5159,-86.2534,0.1900,32,0.7805,0.2000,5,5,2,0,0,5,2,0.6000
9,284.0000,8,3,401.0555,-82.1042,-0.9319,39,0.9512,0.0000,4,5,2,0,0,5,2,0.6000
9,284.0000,8,4,289.3166,-83.5559,1.0622,38,0.9268,0.0000,4,4,0,0,0,4,0,1.0000
9,284.0000,8,7,915.5576,-89.2157,0.3379,3,0.0732,1.0000,4,6,6,0,0,6,6,0.0000
9,284.0000,8,9,919.9012,-88.9089,-0.0987,9,0.2195,1.0000,8,8,8,0,0,8,8,0.0000
9,284.0000,8,12,543.6852,-85.5653,-0.0847,33,0.8049,0.3333,6,6,3,0,0,6,3,0.5000
9,284.0000,8,13,642.8325,-87.3722,-0.4204,25,0.6098,0.2000,5,7,5,0,0,7,5,0.2857
9,284.0000,8,14,681.5157,-87.7972,-0.1929,26,0.6341,0.5714,7,8,6,22,21,30,27,0.1000
9,284.0000,9,1,475.8413,-86.7549,0.6630,35,0.8750,0.2000,5,5,1,0,0,5,1,0.8000
9,284.0000,9,2,665.4009,-87.4144,-0.2394,24,0.6000,0.7778,9,6,3,0,0,6,3,0.5000
9,284.0000,9,3,918.4845,-88.0920,-0.0828,6,0.1500,0.7143,7,9,8,0,0,9,8,0.1111
9,284.0000,9,7,667.4445,-88.4163,0.6006,17,0.4250,0.7143,7,8,7,0,0,8,7,0.1250
9,284.0000,9,8,919.9012,-89.3079,-0.3583,6,0.1500,1.0000,8,8,8,0,0,8,8,0.0000
9,284.0000,9,12,693.0226,-87.5437,-0.0162,20,0.5000,0.6000,5,8,8,0,0,8,8,0.0000
9,284.0000,9,13,952.4232,-89.3683,-0.0706,6,0.1500,1.0000,8,8,8,0,0,8,8,0.0000
9,284.0000,9,14,340.4542,-82.8203,-0.0081,37,0.9250,0.0000,4,5,2,4,2,9,4,0.5556
9,284.0000,10,0,387.3479,-85.2649,0.4520,36,0.9000,0.0000,4,4,0,0,0,4,0,1.0000
9,284.0000,10,7,662.4493,-87.6533,0.1961,20,0.5000,0.6667,6,7,5,117,101,124,106,0.1452
9,284.0000,10,13,966.7119,-89.5034,-0.4718,4,0.1000,,0,3,2,0,0,3,2,0.3333
9,284.0000,11,5,678.7435,-88.2479,-0.0075,20,0.5128,0.9000,10,6,4,0,0,6,4,0.3333
9,284.0000,11,6,369.8192,-84.5626,0.5502,34,0.8718,0.0000,4,4,0,0,0,4,0,1.0000
9,284.0000,12,2,343.2473,-82.0881,-0.1161,38,0.9500,0.0000,4,5,2,0,0,5,2,0.6000
9,284.0000,12,3,329.6938,-81.1895,-0.5449,38,0.9500,0.0000,4,3,0,0,0,3,0,1.0000
9,284.0000,12,4,831.4746,-88.6598,-0.2372,16,0.4000,1.0000,8,8,8,0,0,8,8,0.0000
9,284.0000,12,5,678.6924,-87.7158,-0.0546,19,0.4750,0.7143,7,7,5,0,0,7,5,0.2857
9,284.0000,12,6,836.8077,-89.0417,0.2319,9,0.2250,0.7143,7,8,8,0,0,8,8,0.0000
9,284.0000,12,8,543.6852,-86.1651,-0.1008,32,0.8000,0.2000,5,6,4,0,0,6,4,0.3333
9,284.0000,12,9,693.0226,-88.0675,-0.4876,15,0.3750,0.8750,8,7,4,0,0,7,4,0.4286
9,284.0000,12,13,1034.3626,-89.1883,0.7350,3,0.0750,0.8571,7,6,6,0,0,6,6,0.0000
9,284.0000,12,14,365.5824,-83.4125,-0.4132,38,0.9500,0.0000,4,5,1,0,0,5,1,0.8000
9,284.0000,13,2,885.0719,-88.7629,-0.4271,10,0.2564,1.0000,8,8,8,0,0,8,8,0.0000
9,284.0000,13,3,973.5162,-89.2278,0.0778,7,0.1795,1.0000,8,6,6,0,0,6,6,0.0000
9,284.0000,13,4,584.3750,-86.2702,-0.2678,34,0.8718,0.4000,5,7,5,0,0,7,5,0.2857
9,284.0000,13,7,514.2592,-86.2843,0.4593,32,0.8205,0.6667,6,6,2,0,0,6,2,0.6667
9,284.0000,13,8,642.8325,-87.4709,-0.0759,25,0.6410,0.7143,7,7,5,28,19,35,24,0.3143
9,284.0000,13,9,952.4232,-88.1133,-0.0860,13,0.3333,0.8571,7,4,4,0,0,4,4,0.0000
9,284.0000,13,12,1034.3626,-89.4971,-0.1048,5,0.1282,1.0000,8,4,4,0,0,4,4,0.0000
9,284.0000,13,14,928.0118,-88.8789,-0.1613,6,0.1538,1.0000,8,6,6,0,0,6,6,0.0000
9,284.0000,14,1,797.6351,-88.8225,0.3069,7,0.1750,0.8000,5,6,4,0,0,6,4,0.3333
9,284.0000,14,2,362.7509,-83.2454,0.0001,40,1.0000,0.0000,4,4,0,0,0,4,0,1.0000
9,284.0000,14,3,591.4677,-86.8504,0.3309,32,0.8000,0.5000,6,8,8,0,0,8,8,0.0000
9,284.0000,14,4,950.3701,-89.0984,0.0515,7,0.1750,1.0000,4,8,7,0,0,8,7,0.1250
9,284.0000,14,5,922.1588,-88.5147,0.1339,7,0.1750,0.8750,8,6,6,0,0,6,6,0.0000
9,284.0000,14,6,976.8934,-89.0200,-0.0791,8,0.2000,1.0000,8,8,8,0,0,8,8,0.0000
9,284.0000,14,7,826.1892,-89.0090,0.0472,11,0.2750,1.0000,8,8,7,0,0,8,7,0.1250
9,284.0000,14,8,681.5157,-87.5127,-0.2024,24,0.6000,0.2000,5,6,4,0,0,6,4,0.3333
9,284.0000,14,9,340.4542,-82.7286,-0.3495,40,1.0000,0.0000,4,5,1,0,0,5,1,0.8000
9,284.0000,14,12,365.5824,-83.8766,0.2864,40,1.0000,0.0000,4,4,0,0,0,4,0,1.0000
9,284.0000,14,13,928.0118,-88.6471,0.1389,12,0.3000,1.0000,8,4,4,0,0,4,4,0.0000
9,288.0000,0,7,902.7336,-89.2227,0.4810,4,0.1000,1.0000,8,8,7,0,0,8,7,0.1250
9,288.0000,0,10,241.7255,-82.5324,1.8922,39,0.9750,0.0000,4,4,0,0,0,4,0,1.0000
9,288.0000,1,7,881.1271,-88.2560,0.1189,6,0.1500,1.0000,6,6,6,0,0,6,6,0.0000
9,288.0000,1,9,360.1303,-84.6300,0.4205,34,0.8500,0.6286,105,4,0,91,40,95,40,0.5789
9,288.0000,1,14,680.7911,-87.9201,0.2213,15,0.3750,0.6667,6,7,6,0,0,7,6,0.1429
9,288.0000,2,3,420.4526,-83.5215,0.1019,39,0.9750,0.0000,4,5,1,0,0,5,1,0.8000
9,288.0000,2,4,714.8814,-88.5227,0.0012,14,0.3500,0.8750,8,6,3,0,0,6,3,0.5000
9,288.0000,2,5,859.7866,-88.7683,-0.1140,7,0.1750,1.0000,8,7,6,0,0,7,6,0.1429
9,288.0000,2,6,1051.3693,-89.2263,0.2366,5,0.1250,1.0000,8,4,4,0,0,4,4,0.0000
9,288.0000,2,7,823.1735,-89.1342,0.1661,4,0.1000,1.0000,2,5,4,0,0,5,4,0.2000
9,288.0000,2,8,563.3115,-87.2073,0.4997,31,0.7750,0.6250,8,8,4,43,40,51,44,0.1373
9,288.0000,2,9,687.8231,-87.7753,-0.0516,23,0.5750,0.9206,126,7,5,76,74,83,79,0.0482
9,288.0000,2,12,375.4836,-83.6135,-0.3979,40,1.0000,0.2000,5,5,1,0,0,5,1,0.8000
9,288.0000,2,13,935.2942,-88.6211,-0.0215,10,0.2500,1.0000,8,8,8,0,0,8,8,0.0000
9,288.0000,2,14,369.4731,-83.3276,0.1664,40,1.0000,0.2000,5,6,3,0,0,6,3,0.5000
9,288.0000,3,2,420.4526,-84.2247,-0.4305,38,0.9500,0.4000,5,6,3,0,0,6,3,0.5000
9,288.0000,3,4,651.9414,-88.0234,0.1628,27,0.6750,0.5714,7,7,6,0,0,7,6,0.1429
9,288.0000,3,5,677.4088,-88.2178,-0.0839,22,0.5500,0.8571,7,7,6,0,0,7,6,0.1429
9,288.0000,3,6,969.7857,-89.1236,0.1525,4,0.1000,1.0000,8,8,8,0,0,8,8,0.0000
9,288.0000,3,8,559.4395,-85.5646,-0.7178,34,0.8500,0.2000,5,5,2,0,0,5,2,0.6000
9,288.0000,3,9,1051.8270,-88.3284,0.5565,4,0.1000,1.0000,8,6,6,0,0,6,6,0.0000
9,288.0000,3,12,443.6339,-83.2358,-0.9130,40,1.0000,0.2000,5,3,0,0,0,3,0,1.0000
9,288.0000,3,13,1139.2965,-88.2413,-1.4973,3,0.0750,1.0000,4,4,4,0,0,4,4,0.0000
9,288.0000,3,14,706.3056,-87.5844,-0.4315,22,0.5500,0.8571,7,7,6,0,0,7,6,0.1429
9,288.0000,4,2,714.8814,-88.4604,-0.1435,19,0.4750,1.0000,8,5,1,0,0,5,1,0.8000
9,288.0000,4,3,651.9414,-87.7243,0.0941,22,0.5500,0.5714,7,6,2,0,0,6,2,0.6667
9,288.0000,4,7,902.7718,-88.4122,0.3923,7,0.1750,1.0000,8,8,8,0,0,8,8,0.0000
9,288.0000,4,8,174.6644,-79.1638,1.2713,40,1.0000,0.2000,5,4,0,0,0,4,0,1.0000
9,288.0000,4,12,826.7308,-88.4670,0.2581,11,0.2750,0.8571,7,10,9,0,0,10,9,0.1000
9,288.0000,4,13,655.3246,-87.3138,-0.2945,28,0.7000,0.7143,7,7,6,0,0,7,6,0.1429
9,288.0000,4,14,910.9427,-88.8602,-0.5039,8,0.2000,1.0000,8,6,6,0,0,6,6,0.0000
9,288.0000,5,2,859.7866,-88.4568,0.1948,7,0.1750,0.8333,6,8,8,0,0,8,8,0.0000
9,288.0000,5,3,677.4088,-87.6965,0.0114,20,0.5000,0.6667,6,7,6,0,0,7,6,0.1429
9,288.0000,5,6,335.2582,-82.3867,-0.9591,38,0.9500,0.0000,4,4,0,0,0,4,0,1.0000
9,288.0000,5,11,573.6583,-87.8483,0.6600,20,0.5000,0.5714,7,6,4,0,0,6,4,0.3333
9,288.0000,5,12,671.9228,-87.7516,0.7219,14,0.3500,0.8571,7,7,4,0,0,7,4,0.4286
9,288.0000,5,14,967.6940,-88.6593,-0.3600,3,0.0750,1.0000,8,8,8,0,0,8,8,0.0000
9,288.0000,6,3,969.7857,-89.3887,0.2914,5,0.1250,0.8750,8,8,8,0,0,8,8,0.0000
9,288.0000,6,5,335.2582,-82.8469,-0.0573,40,1.0000,0.0000,4,5,1,0,0,5,1,0.8000
9,288.0000,6,11,289.1758,-82.6154,0.9370,40,1.0000,0.0000,4,4,0,0,0,4,0,1.0000
9,288.0000,6,12,871.0230,-88.4232,0.0704,12,0.3000,1.0000,8,8,8,0,0,8,8,0.0000
9,288.0000,6,14,1088.2815,-89.0593,-0.6564,3,0.0750,1.0000,8,6,6,0,0,6,6,0.0000
9,288.0000,7,0,902.7336,-89.1917,0.0694,7,0.1750,1.0000,8,6,6,0,0,6,6,0.0000
9,288.0000,7,1,881.1271,-88.0193,0.3970,10,0.2500,1.0000,8,8,8,0,0,8,8,0.0000
9,288.0000,7,4,902.7718,-88.4984,0.7228,6,0.1500,1.0000,8,8,8,0,0,8,8,0.0000
9,288.0000,7,8,788.1844,-88.3803,-0.4940,10,0.2500,1.0000,8,7,5,0,0,7,5,0.2857
9,288.0000,7,9,633.5986,-87.2571,0.4012,26,0.6500,0.7500,12,6,3,0,0,6,3,0.5000
9,288.0000,7,10,708.5799,-87.9290,0.0530,26,0.6500,0.8750,8,7,6,0,0,7,6,0.1429
9,288.0000,7,13,519.4275,-85.9686,0.0531,36,0.9000,0.5526,38,6,3,2,1,8,4,0.5000
9,288.0000,7,14,679.8642,-88.4125,0.0407,14,0.3500,0.6250,8,7,5,46,27,53,32,0.3962
9,288.0000,8,2,563.3115,-86.3009,-0.0401,31,0.7750,0.4000,5,7,6,0,0,7,6,0.1429
9,288.0000,8,3,559.4395,-85.5171,-0.9448,32,0.8000,0.4000,5,7,6,0,0,7,6,0.1429
9,288.0000,8,4,174.6644,-79.5746,1.0165,40,1.0000,0.0000,4,6,2,0,0,6,2,0.6667
9,288.0000,8,7,788.1844,-88.6875,0.0575,11,0.2750,1.0000,6,7,5,0,0,7,5,0.2857
9,288.0000,8,9,1009.7275,-88.9682,-0.1712,7,0.1750,1.0000,8,2,2,0,0,2,2,0.0000
9,288.0000,8,12,668.5535,-87.1149,-0.1500,32,0.8000,0.5000,6,8,6,26,25,34,31,0.0882
9,288.0000,8,13,642.2597,-87.2984,0.0352,21,0.5250,0.7143,7,7,4,0,0,7,4,0.4286
9,288.0000,8,14,737.0484,-88.5474,-0.3883,21,0.5250,0.9000,30,7,5,1,0,8,5,0.3750
9,288.0000,9,1,360.1303,-84.5851,0.8747,34,0.8500,0.2000,5,4,0,0,0,4,0,1.0000
9,288.0000,9,2,687.8231,-87.4579,-0.1206,17,0.4250,0.5000,6,8,8,0,0,8,8,0.0000
9,288.0000,9,3,1051.8270,-89.3623,-0.3556,3,0.0750,0.8889,9,6,6,0,0,6,6,0.0000
9,288.0000,9,7,633.5986,-87.7108,0.0738,23,0.5750,0.8750,8,7,5,0,0,7,5,0.2857
9,288.0000,9,8,1009.7275,-89.5422,-0.2324,5,0.1250,1.0000,8,4,4,0,0,4,4,0.0000
9,288.0000,9,12,693.2299,-87.8451,-0.4615,18,0.4500,1.0000,8,8,8,0,0,8,8,0.0000
9,288.0000,9,14,345.9470,-82.7082,0.6085,35,0.8750,0.4444,9,4,0,0,0,4,0,1.0000
9,288.0000,10,0,241.7255,-81.6972,1.5315,40,1.0000,0.0000,4,4,0,0,0,4,0,1.0000
9,288.0000,10,7,708.5799,-88.0798,0.2006,22,0.5500,0.8548,124,7,6,233,220,240,226,0.0583
9,288.0000,10,13,859.8165,-89.6111,0.0901,3,0.0750,0.6667,3,7,6,0,0,7,6,0.1429
9,288.0000,11,5,573.6583,-87.5272,0.7092,23,0.5750,0.6667,6,5,1,0,0,5,1,0.8000
9,288.0000,11,6,289.1758,-82.1890,1.3545,40,1.0000,0.0000,4,4,0,0,0,4,0,1.0000
9,288.0000,11,12,955.9901,-89.1959,0.1098,3,0.0750,1.0000,8,8,8,0,0,8,8,0.0000
9,288.0000,12,1,979.0362,-89.1390,0.1623,3,0.0750,1.0000,4,4,4,0,0,4,4,0.0000
9,288.0000,12,2,375.4836,-82.4935,-0.0350,37,0.9250,0.4000,5,5,2,0,0,5,2,0.6000
9,288.0000,12,3,443.6339,-83.4367,-0.2612,36,0.9000,0.0000,3,4,0,0,0,4,0,1.0000
9,288.0000,12,4,826.7308,-88.9039,0.5250,10,0.2500,1.0000,8,7,6,0,0,7,6,0.1429
9,288.0000,12,5,671.9228,-87.4348,0.1223,26,0.6500,0.7143,7,6,4,0,0,6,4,0.3333
9,288.0000,12,6,871.0230,-88.7148,-0.0356,8,0.2000,1.0000,8,8,8,0,0,8,8,0.0000
9,288.0000,12,7,956.7427,-88.9115,0.4003,3,0.0750,1.0000,4,6,6,0,0,6,6,0.0000
9,288.0000,12,8,668.5535,-87.3422,0.0479,24,0.6000,0.6667,6,8,6,0,0,8,6,0.2500
9,288.0000,12,9,693.2299,-87.9734,-0.1843,16,0.4000,0.5714,7,7,6,7,6,14,12,0.1429
9,288.0000,12,11,955.9901,-89.1779,0.2168,4,0.1000,1.0000,6,10,10,0,0,10,10,0.0000
9,288.0000,12,14,371.5190,-83.4958,-0.0530,38,0.9500,0.2000,5,4,0,0,0,4,0,1.0000
9,288.0000,13,0,936.6240,-89.5971,-0.0312,4,0.1000,1.0000,8,7,6,0,0,7,6,0.1429
9,288.0000,13,2,935.2942,-89.3523,0.1881,6,0.1500,1.0000,8,4,4,0,0,4,4,0.0000
9,288.0000,13,4,655.3246,-87.7458,-0.3753,25,0.6250,0.7143,7,7,6,0,0,7,6,0.1429
9,288.0000,13,7,519.4275,-86.0285,0.6346,30,0.7500,0.3333,6,5,2,0,0,5,2,0.6000
9,288.0000,13,8,642.2597,-87.8285,-0.1149,24,0.6000,0.6857,35,8,6,2,2,10,8,0.2000
9,288.0000,13,10,859.8165,-89.1675,-0.8822,6,0.1500,1.0000,8,7,6,0,0,7,6,0.1429
9,288.0000,14,1,680.7911,-88.2837,0.7243,17,0.4250,0.6667,6,7,4,0,0,7,4,0.4286
9,288.0000,14,2,369.4731,-83.1119,-0.3763,39,0.9750,0.0000,4,6,3,0,0,6,3,0.5000
9,288.0000,14,3,706.3056,-87.9365,0.0914,21,0.5250,1.0000,8,8,8,0,0,8,8,0.0000
9,288.0000,14,4,910.9427,-89.2923,-0.0844,6,0.1500,0.8750,8,8,8,0,0,8,8,0.0000
9,288.0000,14,6,1088.2815,-88.7063,0.2106,5,0.1250,1.0000,8,2,2,0,0,2,2,0.0000
9,288.0000,14,7,679.8642,-88.4960,0.4485,18,0.4500,0.8750,8,6,3,0,0,6,3,0.5000
9,288.0000,14,8,737.0484,-87.8547,-0.6478,22,0.5500,0.6667,6,7,6,2,2,9,8,0.1111
9,288.0000,14,9,345.9470,-82.9305,0.2187,38,0.9500,0.2000,5,4,0,0,0,4,0,1.0000
9,288.0000,14,11,1078.6497,-89.2475,-0.4287,4,0.1000,,0,4,4,0,0,4,4,0.0000
9,288.0000,14,12,371.5190,-83.1183,0.0645,39,0.9750,0.0000,4,4,0,0,0,4,0,1.0000
9,292.0000,0,7,905.7141,-89.3684,0.2535,7,0.1750,0.8750,8,8,8,0,0,8,8,0.0000
9,292.0000,0,10,142.8683,-76.4330,1.2582,40,1.0000,0.0000,4,4,0,0,0,4,0,1.0000
9,292.0000,0,13,858.0587,-89.5028,0.1316,6,0.1500,1.0000,8,8,8,0,0,8,8,0.0000
9,292.0000,1,2,976.1329,-89.4617,-0.5249,3,0.0750,1.0000,6,8,8,0,0,8,8,0.0000
9,292.0000,1,7,946.0534,-89.0743,-0.1213,10,0.2500,1.0000,6,8,8,0,0,8,8,0.0000
9,292.0000,1,9,321.5284,-82.7307,-0.3044,35,0.8750,0.4211,95,5,1,85,36,90,37,0.5889
9,292.0000,1,12,878.2647,-88.5840,0.4727,6,0.1500,1.0000,6,8,8,0,0,8,8,0.0000
9,292.0000,1,14,628.9990,-87.8249,-0.2196,16,0.4000,0.8571,7,4,0,0,0,4,0,1.0000
9,292.0000,2,1,976.1329,-87.6826,0.2664,3,0.0732,1.0000,4,8,8,0,0,8,8,0.0000
9,292.0000,2,3,526.3106,-85.7628,-0.3321,34,0.8293,0.2000,5,7,4,0,0,7,4,0.4286
9,292.0000,2,4,668.6923,-88.4241,-0.0819,23,0.5610,0.5000,6,6,3,0,0,6,3,0.5000
9,292.0000,2,5,900.3834,-88.9013,0.2710,7,0.1707,0.8571,7,8,8,0,0,8,8,0.0000
9,292.0000,2,7,677.0716,-88.6270,-0.0318,19,0.4634,0.8000,5,7,6,0,0,7,6,0.1429
9,292.0000,2,8,625.6592,-87.2053,0.1267,23,0.5610,0.8627,51,7,4,11,10,18,14,0.2222
9,292.0000,2,9,708.1042,-88.1795,-0.0011,22,0.5366,0.9518,83,7,6,0,0,7,6,0.1429
9,292.0000,2,12,406.8994,-83.8881,-0.3134,37,0.9024,0.2000,5,5,1,92,58,97,59,0.3918
9,292.0000,2,14,378.2116,-83.2220,0.3026,39,0.9512,0.5000,6,4,0,0,0,4,0,1.0000
9,292.0000,3,2,526.3106,-85.2457,-1.1647,32,0.8000,0.5000,6,7,5,0,0,7,5,0.2857
9,292.0000,3,4,656.5614,-88.1015,-0.2135,23,0.5750,0.8571,7,7,6,0,0,7,6,0.1429
9,292.0000,3,5,644.0159,-88.0537,-0.1762,25,0.6250,0.8571,7,6,4,0,0,6,4,0.3333
9,292.0000,3,6,968.2739,-89.3077,-0.0673,4,0.1000,1.0000,8,8,8,0,0,8,8,0.0000
9,292.0000,3,8,708.7106,-87.4684,-0.1438,23,0.5750,0.4000,5,8,7,0,0,8,7,0.1250
9,292.0000,3,12,548.6842,-86.2705,0.3087,33,0.8250,0.0000,3,5,2,0,0,5,2,0.6000
9,292.0000,3,14,825.6509,-88.6324,0.0463,8,0.2000,0.8571,7,8,7,0,0,8,7,0.1250
9,292.0000,4,2,668.6923,-88.3409,-0.2091,17,0.4146,0.2000,5,8,6,0,0,8,6,0.2500
9,292.0000,4,3,656.5614,-87.9745,-0.0651,21,0.5122,0.3333,6,8,4,0,0,8,4,0.5000
9,292.0000,4,7,810.8379,-88.6655,0.0224,6,0.1463,1.0000,8,8,8,0,0,8,8,0.0000
9,292.0000,4,8,123.8186,-74.2763,0.4946,40,0.9756,0.0000,4,4,0,0,0,4,0,1.0000
9,292.0000,4,12,820.9167,-88.4718,0.0508,8,0.1951,0.9000,10,8,6,0,0,8,6,0.2500
9,292.0000,4,13,764.4644,-87.5626,-0.2666,18,0.4390,0.8571,7,8,7,0,0,8,7,0.1250
9,292.0000,4,14,880.7405,-88.3811,1.7056,3,0.0732,1.0000,6,9,8,0,0,9,8,0.1111
9,292.0000,5,2,900.3834,-89.0225,-0.1045,5,0.1250,1.0000,8,8,8,0,0,8,8,0.0000
9,292.0000,5,3,644.0159,-88.1705,0.2063,20,0.5000,0.8571,7,7,4,0,0,7,4,0.4286
9,292.0000,5,6,344.4903,-82.7015,-0.3952,39,0.9750,0.0000,4,4,0,0,0,4,0,1.0000
9,292.0000,5,11,476.6556,-85.7775,-0.4730,31,0.7750,0.6667,6,5,1,0,0,5,1,0.8000
9,292.0000,5,12,682.2003,-87.5192,0.4025,19,0.4750,0.5714,7,7,5,0,0,7,5,0.2857
9,292.0000,5,14,1031.6658,-89.1120,0.0124,6,0.1500,1.0000,8,4,4,0,0,4,4,0.0000
9,292.0000,6,3,968.2739,-88.7376,0.6718,3,0.0750,1.0000,8,8,8,0,0,8,8,0.0000
9,292.0000,6,5,344.4903,-82.9062,0.0398,38,0.9500,0.2000,5,4,0,0,0,4,0,1.0000
9,292.0000,6,11,285.7999,-80.3413,-0.1991,39,0.9750,0.0000,4,5,2,0,0,5,2,0.6000
9,292.0000,6,12,918.3248,-89.0693,-0.0060,6,0.1500,1.0000,8,8,8,0,0,8,8,0.0000
9,292.0000,7,0,905.7141,-88.0607,0.3022,4,0.1000,1.0000,6,8,8,0,0,8,8,0.0000
9,292.0000,7,1,946.0534,-89.1547,0.5162,3,0.0750,1.0000,8,8,8,0,0,8,8,0.0000
9,292.0000,7,2,677.0716,-88.0577,0.5474,12,0.3000,0.7143,7,6,4,0,0,6,4,0.3333
9,292.0000,7,4,810.8379,-88.7526,-0.1389,8,0.2000,1.0000,8,6,3,0,0,6,3,0.5000
9,292.0000,7,8,689.7985,-88.1395,0.1716,14,0.3500,0.7143,7,8,6,0,0,8,6,0.2500
9,292.0000,7,9,639.6894,-87.6287,-0.0231,23,0.5750,0.5000,6,8,7,6,2,14,9,0.3571
9,292.0000,7,10,765.5511,-88.2582,0.0856,18,0.4500,0.8571,7,8,7,0,0,8,7,0.1250
9,292.0000,7,12,861.4965,-88.3513,-0.0146,10,0.2500,1.0000,8,8,8,0,0,8,8,0.0000
9,292.0000,7,13,568.8304,-86.9592,-0.2900,28,0.7000,0.5000,8,6,2,3,2,9,4,0.5556
9,292.0000,7,14,548.4586,-86.8779,0.2195,26,0.6500,0.6038,53,5,1,8,2,13,3,0.7692
9,292.0000,8,2,625.6592,-87.1021,-0.3993,25,0.6250,0.8571,7,6,4,2,2,8,6,0.2500
9,292.0000,8,3,708.7106,-86.7417,-0.2767,28,0.7000,0.8571,7,7,6,0,0,7,6,0.1429
9,292.0000,8,4,123.8186,-73.7824,0.5446,39,0.9750,0.3333,6,4,0,0,0,4,0,1.0000
9,292.0000,8,7,689.7985,-87.8564,0.3114,13,0.3250,0.7143,7,7,5,0,0,7,5,0.2857
9,292.0000,8,12,793.2732,-87.6386,0.3999,13,0.3250,0.9118,34,8,8,2,2,10,10,0.0000
9,292.0000,8,13,666.2252,-87.9915,-0.2625,22,0.5500,0.5714,7,8,8,0,0,8,8,0.0000
9,292.0000,8,14,802.4791,-88.2225,-0.4755,15,0.3750,0.6250,8,8,8,0,0,8,8,0.0000
9,292.0000,9,1,321.5284,-82.8837,0.0691,40,1.0000,0.0000,4,4,0,0,0,4,0,1.0000
9,292.0000,9,2,708.1042,-88.0657,0.0719,21,0.5250,1.0000,8,5,2,0,0,5,2,0.6000
9,292.0000,9,7,639.6894,-87.4227,0.4798,25,0.6250,0.7143,7,6,4,0,0,6,4,0.3333
9,292.0000,9,12,698.6981,-88.3918,0.3955,19,0.4750,1.0000,8,7,5,0,0,7,5,0.2857
9,292.0000,9,14,354.7772,-83.1909,-0.3147,38,0.9500,0.0000,4,4,0,6,2,10,2,0.8000
9,292.0000,10,0,142.8683,-76.7816,0.9745,40,1.0000,0.0000,4,4,0,0,0,4,0,1.0000
9,292.0000,10,7,765.5511,-87.8950,-0.2541,17,0.4250,0.9417,240,8,8,236,230,244,238,0.0246
9,292.0000,10,13,734.0174,-87.8882,0.5867,13,0.3250,0.8571,7,7,6,0,0,7,6,0.1429
9,292.0000,11,5,476.6556,-85.7297,0.4961,33,0.8250,0.2000,5,5,1,0,0,5,1,0.8000
9,292.0000,11,6,285.7999,-80.7313,-0.5373,38,0.9500,0.0000,4,5,1,0,0,5,1,0.8000
9,292.0000,11,12,860.5314,-88.8667,0.2590,6,0.1500,1.0000,8,8,7,0,0,8,7,0.1250
9,292.0000,12,1,878.2647,-88.7931,0.7682,7,0.1750,1.0000,4,7,6,0,0,7,6,0.1429
9,292.0000,12,2,406.8994,-83.4927,-0.2884,35,0.8750,0.4000,5,6,2,0,0,6,2,0.6667
9,292.0000,12,3,548.6842,-85.8259,0.2318,35,0.8750,0.0000,4,7,5,0,0,7,5,0.2857
9,292.0000,12,4,820.9167,-88.7332,0.4865,12,0.3000,0.8571,7,8,8,0,0,8,8,0.0000
9,292.0000,12,5,682.2003,-87.6518,0.1070,17,0.4250,0.6667,6,8,7,0,0,8,7,0.1250
9,292.0000,12,6,918.3248,-88.9422,0.3852,4,0.1000,1.0000,8,8,8,0,0,8,8,0.0000
9,292.0000,12,7,861.4965,-88.4307,-0.8721,6,0.1500,1.0000,6,8,7,0,0,8,7,0.1250
9,292.0000,12,8,793.2732,-88.2091,-0.6685,18,0.4500,0.7500,8,8,8,0,0,8,8,0.0000
9,292.0000,12,9,698.6981,-88.1450,0.1108,16,0.4000,0.8571,14,7,6,90,83,97,89,0.0825
9,292.0000,12,11,860.5314,-89.0866,-0.5642,8,0.2000,1.0000,10,8,7,0,0,8,7,0.1250
9,292.0000,12,14,399.0903,-83.7161,-0.1142,37,0.9250,0.0000,4,5,1,0,0,5,1,0.8000
9,292.0000,13,0,858.0587,-88.4548,-0.0791,4,0.1000,0.8571,7,8,8,0,0,8,8,0.0000
9,292.0000,13,2,1008.0462,-88.7003,-1.0699,4,0.1000,1.0000,4,6,6,0,0,6,6,0.0000
9,292.0000,13,4,764.4644,-87.8969,-0.1002,15,0.3750,0.8571,7,8,8,2,2,10,10,0.0000
9,292.0000,13,7,568.8304,-86.4712,-0.1099,30,0.7500,0.4000,5,7,5,0,0,7,5,0.2857
9,292.0000,13,8,666.2252,-87.6548,-0.3287,18,0.4500,0.8000,10,6,3,0,0,6,3,0.5000
9,292.0000,13,10,734.0174,-87.7936,-0.4264,9,0.2250,0.8571,7,8,4,0,0,8,4,0.5000
9,292.0000,14,1,628.9990,-86.8448,0.3423,21,0.5250,0.5714,7,6,4,0,0,6,4,0.3333
9,292.0000,14,2,378.2116,-83.3948,0.0630,39,0.9750,0.5000,6,5,1,0,0,5,1,0.8000
9,292.0000,14,3,825.6509,-88.2242,-0.0780,19,0.4750,1.0000,8,8,8,0,0,8,8,0.0000
9,292.0000,14,4,880.7405,-88.9944,-0.1851,9,0.2250,1.0000,8,8,8,0,0,8,8,0.0000
9,292.0000,14,7,548.4586,-87.4164,0.1024,22,0.5500,0.5000,6,6,4,0,0,6,4,0.3333
9,292.0000,14,8,802.4791,-88.5398,-0.5884,15,0.3750,0.8889,9,7,6,0,0,7,6,0.1429
9,292.0000,14,9,354.7772,-82.8087,0.7326,39,0.9750,0.0000,4,4,0,0,0,4,0,1.0000
9,292.0000,14,12,399.0903,-84.0271,-0.6778,37,0.9250,0.0000,4,4,0,0,0,4,0,1.0000
9,296.0000,0,7,907.2463,-89.0191,-1.2608,6,0.1500,1.0000,8,8,8,0,0,8,8,0.0000
9,296.0000,0,10,198.6519,-74.9851,-1.0603,40,1.0000,0.0000,4,4,0,0,0,4,0,1.0000
9,296.0000,0,13,798.1529,-88.0664,0.3945,13,0.3250,1.0000,8,8,8,0,0,8,8,0.0000
9,296.0000,1,2,935.6554,-89.2897,-0.0167,3,0.0750,1.0000,8,8,7,0,0,8,7,0.1250
9,296.0000,1,7,1025.6145,-88.6694,-1.0723,5,0.1250,1.0000,8,10,10,0,0,10,10,0.0000
9,296.0000,1,9,357.2305,-82.6923,-0.3161,39,0.9750,0.4111,90,6,3,98,61,104,64,0.3846
9,296.0000,1,12,783.3422,-88.5872,0.8400,7,0.1750,1.0000,8,8,8,0,0,8,8,0.0000
9,296.0000,1,14,622.1359,-87.3901,0.5472,25,0.6250,0.0000,4,7,5,0,0,7,5,0.2857
9,296.0000,2,1,935.6554,-89.4114,0.1466,6,0.1500,1.0000,8,8,8,0,0,8,8,0.0000
9,296.0000,2,3,623.0387,-86.7077,-0.6853,32,0.8000,0.5714,7,8,7,0,0,8,7,0.1250
9,296.0000,2,4,674.5455,-87.8320,0.0185,20,0.5000,0.5000,6,8,6,0,0,8,6,0.2500
9,296.0000,2,5,935.6693,-89.0422,-0.1711,8,0.2000,1.0000,8,8,8,0,0,8,8,0.0000
9,296.0000,2,7,551.5453,-87.2505,-0.2488,27,0.6750,0.8571,7,5,1,162,108,167,109,0.3473
9,296.0000,2,8,701.0519,-87.5641,-0.2102,24,0.6000,0.7778,18,7,6,0,0,7,6,0.1429
9,296.0000,2,9,717.0522,-88.2102,-0.0772,20,0.5000,0.8571,7,7,5,0,0,7,5,0.2857
9,296.0000,2,12,426.3199,-84.6876,0.1223,37,0.9250,0.6082,97,4,0,40,21,44,21,0.5227
9,296.0000,2,14,393.4306,-83.5548,-0.0190,36,0.9000,0.0000,4,4,0,1,0,5,0,1.0000
9,296.0000,3,2,623.0387,-87.3861,-0.1148,27,0.6750,0.7143,7,8,6,0,0,8,6,0.2500
9,296.0000,3,4,661.2808,-87.5835,0.0648,15,0.3750,0.8571,7,6,4,0,0,6,4,0.3333
9,296.0000,3,5,610.5052,-87.2493,0.0989,19,0.4750,0.6667,6,7,5,0,0,7,5,0.2857
9,296.0000,3,6,959.4282,-88.6447,-0.3798,7,0.1750,1.0000,8,10,10,0,0,10,10,0.0000
9,296.0000,3,8,865.9993,-88.7867,-0.1931,12,0.3000,0.8750,8,8,7,0,0,8,7,0.1250
9,296.0000,3,11,836.4002,-88.1891,0.2373,6,0.1500,1.0000,8,6,3,0,0,6,3,0.5000
9,296.0000,3,12,645.8914,-86.6789,0.2053,24,0.6000,0.4000,5,7,4,0,0,7,4,0.4286
9,296.0000,3,14,943.0407,-87.9496,-0.7811,5,0.1250,0.8750,8,2,2,0,0,2,2,0.0000
9,296.0000,4,2,674.5455,-88.3344,0.2445,14,0.3590,0.7500,8,6,3,0,0,6,3,0.5000
9,296.0000,4,3,661.2808,-88.3201,0.1123,20,0.5128,0.5000,8,5,2,0,0,5,2,0.6000
9,296.0000,4,7,770.2269,-88.6185,0.6750,8,0.2051,1.0000,8,7,6,0,0,7,6,0.1429
9,296.0000,4,8,244.3271,-76.5152,-2.1506,39,1.0000,0.0000,4,4,0,0,0,4,0,1.0000
9,296.0000,4,12,842.8142,-88.4840,1.1495,3,0.0769,0.7500,8,8,8,0,0,8,8,0.0000
9,296.0000,4,13,921.5678,-89.0022,0.1499,9,0.2308,0.8750,8,8,8,0,0,8,8,0.0000
9,296.0000,4,14,920.1349,-87.9653,-0.5278,4,0.1026,0.8889,9,8,7,0,0,8,7,0.1250
9,296.0000,5,2,935.6693,-89.1767,0.1868,10,0.2500,1.0000,8,6,6,0,0,6,6,0.0000
9,296.0000,5,3,610.5052,-88.0681,0.1959,24,0.6000,0.5714,7,7,6,0,0,7,6,0.1429
9,296.0000,5,6,370.0263,-83.2854,-0.1540,36,0.9000,0.0000,4,5,1,0,0,5,1,0.8000
9,296.0000,5,11,394.3255,-84.3339,0.2609,36,0.9000,0.2000,5,4,0,0,0,4,0,1.0000
9,296.0000,5,12,715.5906,-87.5891,0.3541,13,0.3250,0.7143,7,8,7,0,0,8,7,0.1250
9,296.0000,6,3,959.4282,-88.5955,0.0441,6,0.1500,1.0000,8,6,6,0,0,6,6,0.0000
9,296.0000,6,5,370.0263,-82.6182,-0.0120,36,0.9000,0.0000,4,4,0,0,0,4,0,1.0000
9,296.0000,6,11,353.1080,-82.9374,-0.4919,38,0.9500,0.4000,5,4,0,0,0,4,0,1.0000
9,296.0000,6,12,1003.1116,-88.7234,-1.0173,3,0.0750,1.0000,8,4,4,0,0,4,4,0.0000
9,296.0000,7,0,907.2463,-89.3964,0.0049,9,0.2250,1.0000,8,6,6,0,0,6,6,0.0000
9,296.0000,7,1,1025.6145,-89.2200,-0.1163,7,0.1750,1.0000,8,4,4,0,0,4,4,0.0000
9,296.0000,7,2,551.5453,-87.3700,0.2942,32,0.8000,0.6667,6,5,1,2,2,7,3,0.5714
9,296.0000,7,4,770.2269,-88.0323,-0.0908,13,0.3250,0.5000,6,8,8,0,0,8,8,0.0000
9,296.0000,7,8,612.4235,-87.6090,0.3048,22,0.5500,0.7500,8,4,0,0,0,4,0,1.0000
9,296.0000,7,9,681.4837,-87.4870,0.4132,21,0.5250,0.6429,14,7,6,4,4,11,10,0.0909
9,296.0000,7,10,808.8357,-88.2920,-0.4541,12,0.3000,0.8750,8,8,8,90,87,98,95,0.0306
9,296.0000,7,12,776.7097,-88.0857,0.2244,10,0.2500,1.0000,8,8,8,8,7,16,15,0.0625
9,296.0000,7,13,652.4313,-87.2842,-0.3227,25,0.6250,0.4444,9,7,6,0,0,7,6,0.1429
9,296.0000,7,14,463.8325,-86.6088,0.3481,29,0.7250,0.2308,13,5,1,29,7,34,8,0.7647
9,296.0000,8,2,701.0519,-87.7689,-0.2042,21,0.5250,0.7500,8,8,7,0,0,8,7,0.1250
9,296.0000,8,3,865.9993,-87.7869,-0.2710,16,0.4000,0.8571,7,8,8,0,0,8,8,0.0000
9,296.0000,8,4,244.3271,-76.7135,-1.6226,40,1.0000,0.0000,4,5,1,0,0,5,1,0.8000
9,296.0000,8,7,612.4235,-87.4118,0.1267,19,0.4750,0.7143,7,7,6,0,0,7,6,0.1429
9,296.0000,8,12,906.9943,-88.4557,0.0564,10,0.2500,1.0000,10,8,8,0,0,8,8,0.0000
9,296.0000,8,13,684.8808,-87.5847,-0.0545,21,0.5250,1.0000,8,7,6,0,0,7,6,0.1429
9,296.0000,8,14,875.1698,-88.6575,0.5031,6,0.1500,1.0000,8,8,8,0,0,8,8,0.0000
9,296.0000,9,1,357.2305,-82.9283,-0.1518,40,1.0000,0.0000,4,4,0,0,0,4,0,1.0000
9,296.0000,9,2,717.0522,-87.9806,0.0366,20,0.5000,0.4000,5,7,6,0,0,7,6,0.1429
9,296.0000,9,7,681.4837,-87.8958,0.2047,22,0.5500,0.6667,6,6,3,0,0,6,3,0.5000
9,296.0000,9,12,686.8714,-88.1008,-0.1154,24,0.6000,0.7143,7,7,6,0,0,7,6,0.1429
9,296.0000,9,14,354.0271,-82.6311,0.0534,36,0.9000,0.2000,10,5,1,0,0,5,1,0.8000
9,296.0000,10,0,198.6519,-75.7574,-0.6935,40,1.0000,0.0000,4,5,1,0,0,5,1,0.8000
9,296.0000,10,7,808.8357,-88.3811,-0.1854,14,0.3500,0.9754,244,8,8,104,103,112,111,0.0089
9,296.0000,10,13,607.2914,-88.4637,0.0869,26,0.6500,0.8571,7,6,2,0,0,6,2,0.6667
9,296.0000,11,1,1105.8517,-88.7319,0.2915,3,0.0750,,0,6,6,0,0,6,6,0.0000
9,296.0000,11,2,955.8334,-89.0993,-0.8804,3,0.0750,1.0000,4,8,8,0,0,8,8,0.0000
9,296.0000,11,3,836.4002,-88.8763,-0.3736,6,0.1500,1.0000,6,7,5,0,0,7,5,0.2857
9,296.0000,11,5,394.3255,-84.8448,0.3109,36,0.9000,0.2000,5,5,1,0,0,5,1,0.8000
9,296.0000,11,6,353.1080,-82.7526,-0.5829,39,0.9750,0.2000,5,6,3,0,0,6,3,0.5000
9,296.0000,11,12,800.9931,-89.4526,-0.1899,13,0.3250,0.8750,8,7,6,0,0,7,6,0.1429
9,296.0000,12,1,783.3422,-88.7397,0.5083,11,0.2750,0.8571,7,8,6,0,0,8,6,0.2500
9,296.0000,12,2,426.3199,-85.2975,0.3640,35,0.8750,0.3333,6,5,1,0,0,5,1,0.8000
9,296.0000,12,3,645.8914,-87.1479,-0.5045,29,0.7250,0.7143,7,8,6,0,0,8,6,0.2500
9,296.0000,12,4,842.8142,-88.6468,-0.2499,7,0.1750,1.0000,8,8,8,0,0,8,8,0.0000
9,296.0000,12,5,715.5906,-88.1772,0.1475,23,0.5750,0.8750,8,8,7,0,0,8,7,0.1250
9,296.0000,12,7,776.7097,-88.1233,0.2832,9,0.2250,0.8750,8,7,5,0,0,7,5,0.2857
9,296.0000,12,8,906.9943,-89.0699,-0.0162,10,0.2500,1.0000,8,6,6,0,0,6,6,0.0000
9,296.0000,12,9,686.8714,-87.8065,0.0028,20,0.5000,0.9175,97,7,5,41,31,48,36,0.2500
9,296.0000,12,11,800.9931,-88.2996,0.0934,13,0.3250,0.8750,8,8,8,0,0,8,8,0.0000
9,296.0000,12,14,424.2346,-85.2960,0.5051,38,0.9500,0.2000,5,5,1,0,0,5,1,0.8000
9,296.0000,13,0,798.1529,-88.7476,-0.0396,8,0.2000,1.0000,8,7,6,0,0,7,6,0.1429
9,296.0000,13,4,921.5678,-88.9088,0.2427,12,0.3000,1.0000,10,6,6,0,0,6,6,0.0000
9,296.0000,13,7,652.4313,-87.0032,0.1831,22,0.5500,0.7143,7,6,4,0,0,6,4,0.3333
9,296.0000,13,8,684.8808,-87.9740,-0.0924,17,0.4250,0.5000,6,7,5,0,0,7,5,0.2857
9,296.0000,13,10,607.2914,-87.5632,0.3985,19,0.4750,0.5000,8,4,2,0,0,4,2,0.5000
9,296.0000,14,1,622.1359,-86.9710,0.2889,26,0.6500,0.6667,6,5,2,0,0,5,2,0.6000
9,296.0000,14,2,393.4306,-84.3082,-0.6528,33,0.8250,0.2000,5,4,0,0,0,4,0,1.0000
9,296.0000,14,3,943.0407,-88.2681,-0.1104,6,0.1500,1.0000,8,6,6,0,0,6,6,0.0000
9,296.0000,14,4,920.1349,-88.6940,-0.2005,5,0.1250,1.0000,8,8,8,0,0,8,8,0.0000
9,296.0000,14,7,463.8325,-86.1460,0.7522,31,0.7750,0.6667,6,6,2,0,0,6,2,0.6667
9,296.0000,14,8,875.1698,-88.3441,-0.3706,9,0.2250,0.8571,7,8,8,0,0,8,8,0.0000
9,296.0000,14,9,354.0271,-82.5575,-0.6377,38,0.9500,0.0000,4,4,0,23,1,27,1,0.9630
9,296.0000,14,12,424.2346,-83.9050,-0.4775,36,0.9000,0.0000,4,4,0,0,0,4,0,1.0000
