t_s,node,x,y,z
0.000,0,1368.750,408.582,160.069
0.000,1,53.470,1003.027,268.156
0.000,2,685.908,580.104,389.935
0.000,3,830.490,380.274,369.078
0.000,4,803.672,1217.688,564.772
0.000,5,1548.904,1269.393,395.655
0.000,6,1212.926,669.625,121.352
0.000,7,674.525,302.885,381.682
0.000,8,538.840,98.261,462.880
0.000,9,1039.617,527.045,566.913
0.000,10,350.720,694.544,503.374
0.000,11,1746.742,525.597,145.638
0.000,12,1743.163,817.843,238.049
0.000,13,915.778,771.682,378.191
0.000,14,808.750,792.646,220.332
0.000,15,838.844,402.787,425.553
0.000,16,1441.283,790.295,273.184
0.000,17,2150.399,846.419,300.726
0.000,18,2159.910,773.771,404.693
0.000,19,609.006,656.502,253.347
0.000,20,1023.295,911.129,137.883
0.000,21,214.324,709.605,338.953
0.000,22,1239.523,776.067,132.403
0.000,23,1778.904,282.498,543.566
0.000,24,29.864,413.260,491.410
0.000,25,1394.683,592.835,443.610
0.000,26,287.344,847.620,518.709
0.000,27,159.910,631.388,364.738
0.000,28,2100.961,77.395,335.060
0.000,29,1495.599,492.239,414.981
0.000,30,1623.259,418.390,433.057
0.000,31,1718.389,896.807,455.247
0.000,32,1132.290,88.572,162.455
0.000,33,175.193,1349.330,199.064
0.000,34,137.128,1520.833,162.060
0.000,35,1910.030,790.627,207.087
0.000,36,1656.529,879.661,518.588
0.000,37,130.347,704.751,487.698
0.000,38,163.985,704.359,448.834
0.000,39,1645.942,1402.227,548.839
0.000,40,393.033,1002.076,186.676
0.000,41,1088.578,21.552,425.375
0.000,42,201.545,1061.427,495.609
0.000,43,653.386,280.169,367.373
0.000,44,1864.140,883.994,349.873
0.000,45,1231.854,395.395,438.711
0.000,46,929.709,853.446,389.326
0.000,47,1511.451,1133.519,377.123
0.000,48,1142.577,1256.529,385.080
0.000,49,2011.474,1442.042,465.018
0.000,50,1096.343,123.511,198.256
0.000,51,206.891,886.708,450.467
0.000,52,573.095,1349.977,437.141
0.000,53,498.765,533.592,540.205
0.000,54,339.462,280.314,511.212
0.000,55,411.700,698.416,469.763
0.000,56,859.126,1070.131,299.221
0.000,57,967.357,193.613,418.428
0.000,58,2105.182,1163.182,332.051
0.000,59,579.826,1028.029,308.107
5.000,0,1275.381,388.371,161.682
5.000,1,101.761,1094.223,267.312
5.000,2,682.171,505.266,393.350
5.000,3,936.781,399.760,367.543
5.000,4,670.491,1194.848,560.244
5.000,5,1461.783,1321.666,395.420
5.000,6,1298.908,627.660,114.390
5.000,7,736.598,382.363,379.353
5.000,8,627.576,201.906,460.232
5.000,9,935.495,574.906,563.602
5.000,10,340.127,610.938,506.028
5.000,11,1709.763,447.030,144.610
5.000,12,1839.520,885.673,233.885
5.000,13,978.025,659.256,372.998
5.000,14,698.698,749.883,223.373
5.000,15,799.259,487.592,422.327
5.000,16,1401.358,898.964,267.320
5.000,17,2032.824,830.336,292.273
5.000,18,2130.611,724.523,408.198
5.000,19,521.545,629.333,250.132
5.000,20,1106.389,984.711,140.641
5.000,21,319.035,641.365,339.152
5.000,22,1137.278,744.617,137.189
5.000,23,1798.243,165.608,537.943
5.000,24,7.734,508.231,494.464
5.000,25,1463.237,637.283,439.872
5.000,26,316.541,980.056,512.328
5.000,27,265.207,720.688,364.547
5.000,28,2106.877,74.924,343.631
5.000,29,1446.543,550.591,417.454
5.000,30,1488.779,418.287,429.510
5.000,31,1856.874,921.201,458.122
5.000,32,1153.904,171.057,166.400
5.000,33,164.208,1444.489,196.649
5.000,34,202.957,1481.437,159.092
5.000,35,1882.109,900.274,207.019
5.000,36,1728.211,823.482,515.734
5.000,37,216.603,820.323,484.094
5.000,38,258.754,698.563,448.685
5.000,39,1567.404,1379.278,547.952
5.000,40,341.914,1088.253,182.394
5.000,41,1010.441,95.464,427.999
5.000,42,127.047,1018.506,492.570
5.000,43,521.059,255.033,372.429
5.000,44,1764.332,936.287,348.348
5.000,45,1212.995,533.639,435.800
5.000,46,926.763,768.525,391.463
5.000,47,1565.819,1219.035,373.106
5.000,48,1105.227,1127.448,386.170
5.000,49,1925.874,1400.449,464.039
5.000,50,1228.008,133.544,202.542
5.000,51,207.475,808.305,452.378
5.000,52,638.504,1433.274,437.669
5.000,53,393.190,563.367,538.836
5.000,54,229.475,213.630,517.866
5.000,55,290.913,666.771,473.799
5.000,56,777.188,1076.232,296.518
5.000,57,865.055,279.007,418.514
5.000,58,2097.173,1092.480,331.143
5.000,59,624.754,1088.127,306.773
10.000,0,1187.534,356.637,166.595
10.000,1,147.169,1178.656,268.985
10.000,2,673.813,426.146,395.619
10.000,3,1045.337,412.261,367.229
10.000,4,536.084,1195.462,555.715
10.000,5,1379.553,1374.530,393.932
10.000,6,1382.041,570.493,107.049
10.000,7,792.103,469.177,375.119
10.000,8,730.293,296.321,456.315
10.000,9,832.868,620.599,558.754
10.000,10,316.139,519.781,511.640
10.000,11,1660.133,375.777,143.274
10.000,12,1935.417,938.887,231.105
10.000,13,1044.290,558.461,370.533
10.000,14,582.664,725.691,229.886
10.000,15,758.679,569.983,418.800
10.000,16,1373.285,1011.168,261.353
10.000,17,1892.746,793.232,284.974
10.000,18,2075.575,665.868,412.467
10.000,19,422.587,609.120,247.618
10.000,20,1201.299,1049.573,142.712
10.000,21,438.770,592.566,338.057
10.000,22,1049.805,712.920,141.158
10.000,23,1808.289,49.975,535.914
10.000,24,38.100,596.051,495.190
10.000,25,1537.607,676.606,437.523
10.000,26,342.340,1101.714,510.350
10.000,27,362.779,819.856,365.089
10.000,28,2118.296,201.161,350.213
10.000,29,1416.976,610.576,420.506
10.000,30,1356.431,460.201,424.498
10.000,31,1993.162,940.893,459.721
10.000,32,1193.344,252.779,166.745
10.000,33,165.079,1483.769,193.704
10.000,34,253.673,1431.892,157.535
10.000,35,1869.971,1011.935,206.989
10.000,36,1808.387,778.711,513.778
10.000,37,295.507,941.380,478.095
10.000,38,353.503,692.252,446.828
10.000,39,1501.231,1356.090,548.382
10.000,40,294.826,1172.150,176.118
10.000,41,922.700,160.186,432.891
10.000,42,67.156,953.454,487.928
10.000,43,393.101,210.065,372.615
10.000,44,1656.297,969.549,347.901
10.000,45,1199.031,667.602,431.378
10.000,46,932.870,681.368,393.947
10.000,47,1624.473,1292.006,366.906
10.000,48,1109.694,995.730,385.696
10.000,49,1833.123,1366.090,462.390
10.000,50,1351.938,118.326,207.221
10.000,51,226.608,723.998,453.819
10.000,52,665.574,1507.562,440.953
10.000,53,299.630,608.282,536.391
10.000,54,148.962,112.911,525.060
10.000,55,172.321,642.536,477.385
10.000,56,690.365,1071.358,293.209
10.000,57,741.433,332.266,419.417
10.000,58,2094.433,1011.082,330.838
10.000,59,670.317,1151.649,304.739
15.000,0,1102.338,320.293,168.922
15.000,1,178.686,1262.369,269.621
15.000,2,662.209,350.651,399.385
15.000,3,1148.884,444.528,367.002
15.000,4,407.649,1173.746,550.721
15.000,5,1317.121,1447.663,393.623
15.000,6,1463.999,517.358,102.717
15.000,7,850.482,554.505,371.828
15.000,8,798.455,415.557,453.448
15.000,9,737.464,670.935,552.880
15.000,10,306.979,430.380,515.052
15.000,11,1609.577,305.331,141.793
15.000,12,2034.105,995.105,226.376
15.000,13,1104.889,442.583,366.984
15.000,14,464.344,696.563,236.594
15.000,15,712.966,657.214,418.587
15.000,16,1338.731,1111.284,257.162
15.000,17,1754.514,772.916,281.440
15.000,18,2025.528,602.250,415.716
15.000,19,335.197,575.403,243.852
15.000,20,1298.253,1115.422,147.482
15.000,21,549.950,546.773,337.762
15.000,22,947.310,680.097,145.384
15.000,23,1816.214,70.051,531.397
15.000,24,76.304,686.834,498.292
15.000,25,1602.829,722.134,435.719
15.000,26,377.459,1227.303,508.112
15.000,27,476.562,903.374,366.323
15.000,28,2116.003,335.034,355.378
15.000,29,1395.421,684.418,422.901
15.000,30,1225.262,501.829,416.872
15.000,31,2134.526,940.351,467.492
15.000,32,1216.478,331.851,169.250
15.000,33,167.492,1381.311,192.006
15.000,34,315.184,1391.263,156.063
15.000,35,1859.691,1122.395,206.156
15.000,36,1890.379,728.681,508.082
15.000,37,398.320,1038.567,474.744
15.000,38,451.362,679.063,446.132
15.000,39,1429.004,1337.197,550.516
15.000,40,252.326,1262.316,170.502
15.000,41,842.152,228.666,437.311
15.000,42,9.116,888.442,485.574
15.000,43,261.058,171.718,374.247
15.000,44,1557.200,1030.435,346.187
15.000,45,1215.419,797.381,427.819
15.000,46,957.239,595.769,396.772
15.000,47,1689.457,1366.659,365.024
15.000,48,1102.148,861.970,386.457
15.000,49,1736.911,1338.684,461.173
15.000,50,1472.570,95.673,213.463
15.000,51,229.339,634.276,457.699
15.000,52,740.791,1447.624,445.399
15.000,53,190.827,635.565,532.931
15.000,54,43.148,18.071,531.752
15.000,55,53.379,622.639,484.096
15.000,56,608.889,1060.081,291.545
15.000,57,648.298,434.384,418.794
15.000,58,2076.840,942.120,332.513
15.000,59,722.549,1218.947,303.492
20.000,0,1018.753,291.485,171.595
20.000,1,216.517,1358.457,272.362
20.000,2,654.286,271.541,401.180
20.000,3,1261.465,440.319,366.791
20.000,4,279.305,1182.894,546.926
20.000,5,1265.945,1501.154,392.037
20.000,6,1546.704,468.433,102.699
20.000,7,897.498,651.193,364.405
20.000,8,892.472,526.509,452.335
20.000,9,642.975,723.662,549.800
20.000,10,290.899,348.906,519.346
20.000,11,1561.597,244.634,142.363
20.000,12,2135.829,1048.498,220.231
20.000,13,1174.762,337.004,361.535
20.000,14,348.518,664.625,241.041
20.000,15,671.146,743.243,415.709
20.000,16,1327.611,1229.721,253.329
20.000,17,1613.176,780.912,274.661
20.000,18,1981.198,533.984,419.459
20.000,19,255.457,545.201,240.251
20.000,20,1393.078,1184.557,154.034
20.000,21,670.130,517.222,334.897
20.000,22,854.790,646.681,148.822
20.000,23,1821.176,195.203,527.030
20.000,24,114.765,768.395,501.278
20.000,25,1689.276,740.160,432.180
20.000,26,379.939,1358.644,505.761
20.000,27,578.975,997.611,368.177
20.000,28,2135.111,465.251,361.947
20.000,29,1360.771,748.276,425.405
20.000,30,1081.695,532.865,410.707
20.000,31,2055.166,972.946,473.276
20.000,32,1231.484,418.011,171.275
20.000,33,161.789,1287.090,189.035
20.000,34,375.279,1347.831,154.430
20.000,35,1827.346,1231.984,207.224
20.000,36,1959.291,666.923,505.989
20.000,37,505.288,1127.450,472.290
20.000,38,546.002,656.615,446.148
20.000,39,1351.234,1319.394,549.716
20.000,40,203.439,1352.945,165.278
20.000,41,751.009,295.421,441.867
20.000,42,64.915,827.643,482.384
20.000,43,125.217,148.786,378.276
20.000,44,1446.900,1061.455,344.097
20.000,45,1196.846,918.199,422.956
20.000,46,940.161,512.533,397.467
20.000,47,1736.103,1451.528,362.372
20.000,48,1078.455,737.850,384.080
20.000,49,1650.212,1311.339,459.699
20.000,50,1591.061,99.060,218.556
20.000,51,234.772,554.637,460.657
20.000,52,790.763,1355.245,447.723
20.000,53,89.167,670.908,529.029
20.000,54,46.144,95.327,535.853
20.000,55,80.129,609.592,484.997
20.000,56,523.881,1052.266,288.761
20.000,57,535.113,514.001,418.969
20.000,58,2062.800,863.012,333.033
20.000,59,783.224,1273.729,302.191
25.000,0,921.939,262.156,175.231
25.000,1,263.155,1442.790,273.844
25.000,2,650.847,194.554,403.071
25.000,3,1364.883,468.060,367.835
25.000,4,150.440,1178.013,539.855
25.000,5,1199.260,1429.628,393.630
25.000,6,1630.886,429.537,105.347
25.000,7,949.252,748.355,361.723
25.000,8,981.072,626.213,448.424
25.000,9,548.768,777.468,544.833
25.000,10,265.283,264.097,523.933
25.000,11,1521.609,170.053,140.467
25.000,12,2098.062,1095.226,215.056
25.000,13,1226.375,232.785,359.079
25.000,14,243.816,603.751,245.626
25.000,15,647.405,832.548,412.097
25.000,16,1292.611,1338.515,248.969
25.000,17,1472.447,778.618,267.107
25.000,18,1917.425,487.208,422.947
25.000,19,174.420,506.666,235.470
25.000,20,1479.657,1254.096,158.486
25.000,21,778.434,463.044,334.047
25.000,22,766.397,613.161,153.592
25.000,23,1837.590,316.388,521.135
25.000,24,155.582,857.185,502.953
25.000,25,1766.670,758.484,429.648
25.000,26,409.395,1487.646,505.312
25.000,27,685.952,1090.288,370.547
25.000,28,2120.636,595.133,368.610
25.000,29,1326.093,809.379,427.373
25.000,30,934.286,566.634,404.878
25.000,31,1928.421,996.104,478.517
25.000,32,1249.958,502.112,173.775
25.000,33,146.489,1194.516,186.762
25.000,34,444.875,1304.556,151.598
25.000,35,1796.373,1339.446,208.116
25.000,36,2043.901,618.853,502.449
25.000,37,575.095,1256.191,467.284
25.000,38,635.638,653.772,446.245
25.000,39,1273.766,1306.769,548.748
25.000,40,167.183,1447.755,162.285
25.000,41,675.655,385.468,446.616
25.000,42,134.211,769.826,479.147
25.000,43,21.635,120.169,379.396
25.000,44,1335.406,1083.157,342.675
25.000,45,1207.618,1040.401,418.046
25.000,46,924.928,427.903,397.882
25.000,47,1787.310,1496.532,358.658
25.000,48,1043.460,613.644,382.305
25.000,49,1555.069,1286.962,459.485
25.000,50,1716.766,86.846,223.241
25.000,51,250.520,472.717,461.098
25.000,52,855.747,1284.697,449.211
25.000,53,21.305,701.982,527.835
25.000,54,137.708,192.859,541.601
25.000,55,195.527,573.115,486.717
25.000,56,438.753,1063.990,284.901
25.000,57,431.461,599.132,423.395
25.000,58,2070.767,795.039,332.707
25.000,59,836.316,1328.251,302.202
30.000,0,834.633,228.548,177.620
30.000,1,311.228,1510.270,276.456
30.000,2,642.708,114.403,407.977
30.000,3,1467.768,514.962,371.297
30.000,4,19.770,1162.769,535.666
30.000,5,1129.238,1354.984,395.464
30.000,6,1714.625,390.034,108.110
30.000,7,1016.834,833.000,357.204
30.000,8,1086.454,721.927,444.802
30.000,9,454.792,827.731,541.393
30.000,10,244.492,177.174,527.504
30.000,11,1497.704,87.974,137.668
30.000,12,2014.685,1163.510,211.611
30.000,13,1294.135,125.489,355.786
30.000,14,130.937,577.969,250.249
30.000,15,620.033,926.064,408.170
30.000,16,1254.121,1448.344,245.253
30.000,17,1339.983,755.988,258.885
30.000,18,1870.584,422.455,428.690
30.000,19,89.473,490.171,234.152
30.000,20,1578.736,1305.152,163.362
30.000,21,896.010,409.619,331.994
30.000,22,674.156,577.110,156.908
30.000,23,1853.468,435.650,514.343
30.000,24,188.826,957.416,505.340
30.000,25,1839.114,793.932,427.368
30.000,26,469.970,1437.255,502.115
30.000,27,785.064,1192.416,372.939
30.000,28,2120.960,728.405,375.051
30.000,29,1296.930,871.823,430.126
30.000,30,787.941,565.568,397.884
30.000,31,1788.220,1022.347,480.708
30.000,32,1301.381,573.485,175.409
30.000,33,133.130,1103.833,184.406
30.000,34,508.463,1256.799,150.427
30.000,35,1756.233,1441.845,209.744
30.000,36,2118.710,556.435,499.970
30.000,37,669.056,1370.133,467.579
30.000,38,733.096,658.356,447.967
30.000,39,1194.740,1301.251,548.068
30.000,40,139.981,1501.817,159.595
30.000,41,591.450,463.358,451.541
30.000,42,193.663,707.025,475.161
30.000,43,160.738,107.621,385.196
30.000,44,1230.975,1134.370,340.488
30.000,45,1196.322,1173.191,416.007
30.000,46,929.101,334.766,402.615
30.000,47,1845.133,1413.700,354.825
30.000,48,1023.896,483.282,385.291
30.000,49,1460.818,1265.539,458.638
30.000,50,1839.890,57.978,225.997
30.000,51,265.873,398.431,462.218
30.000,52,907.126,1201.560,451.411
30.000,53,132.622,722.010,524.890
30.000,54,252.744,272.103,547.811
30.000,55,315.694,542.948,488.360
30.000,56,361.143,1034.523,282.088
30.000,57,309.972,673.633,424.390
30.000,58,2046.882,729.418,333.824
30.000,59,895.307,1380.780,300.464
35.000,0,735.976,205.458,183.304
35.000,1,348.047,1419.902,279.108
35.000,2,641.441,36.895,409.245
35.000,3,1579.054,544.455,372.203
35.000,4,116.438,1173.732,529.771
35.000,5,1067.743,1284.568,393.772
35.000,6,1798.169,341.813,110.445
35.000,7,1061.858,920.317,352.868
35.000,8,1142.235,846.573,445.443
35.000,9,379.550,904.966,536.067
35.000,10,230.245,94.989,529.885
35.000,11,1440.430,22.705,136.272
35.000,12,1911.544,1219.278,209.692
35.000,13,1355.062,16.898,350.729
35.000,14,16.642,577.560,254.185
35.000,15,583.571,1016.837,407.330
35.000,16,1225.753,1468.557,237.945
35.000,17,1203.187,735.791,250.399
35.000,18,1819.385,356.384,432.913
35.000,19,1.775,460.676,230.049
35.000,20,1674.113,1372.572,166.035
35.000,21,1013.098,371.834,330.513
35.000,22,577.405,549.407,160.968
35.000,23,1861.927,553.220,509.706
35.000,24,225.117,1051.512,507.825
35.000,25,1915.376,825.386,425.925
35.000,26,515.078,1313.793,503.552
35.000,27,883.670,1298.802,375.011
35.000,28,2121.596,858.334,381.776
35.000,29,1258.263,929.916,433.123
35.000,30,644.132,560.729,393.195
35.000,31,1652.632,1058.457,482.514
35.000,32,1330.393,652.916,177.762
35.000,33,112.736,1004.343,179.345
35.000,34,573.843,1208.500,147.613
35.000,35,1725.832,1487.589,209.090
35.000,36,2154.291,494.462,493.599
35.000,37,754.416,1486.296,467.537
35.000,38,824.418,650.681,445.533
35.000,39,1115.643,1290.011,548.791
35.000,40,87.124,1415.275,153.836
35.000,41,516.787,539.887,454.379
35.000,42,267.855,656.469,469.991
35.000,43,294.225,74.855,391.187
35.000,44,1127.877,1183.177,340.202
35.000,45,1188.272,1299.841,411.559
35.000,46,935.793,244.293,406.014
35.000,47,1892.296,1329.357,348.798
35.000,48,990.869,351.889,384.090
35.000,49,1362.468,1235.943,459.729
35.000,50,1955.835,14.042,228.057
35.000,51,276.145,317.669,460.774
35.000,52,953.205,1119.350,453.664
35.000,53,247.211,755.212,522.925
35.000,54,353.920,361.884,551.273
35.000,55,442.552,528.997,491.845
35.000,56,285.364,1021.501,277.697
35.000,57,208.214,760.933,424.682
35.000,58,2047.095,658.559,334.296
35.000,59,951.080,1437.490,298.084
40.000,0,648.741,162.328,186.636
40.000,1,380.235,1330.679,281.567
40.000,2,640.212,51.186,411.782
40.000,3,1678.995,558.972,370.886
40.000,4,238.633,1190.983,526.090
40.000,5,1003.380,1214.798,394.557
40.000,6,1889.596,296.284,113.953
40.000,7,1121.218,999.328,346.844
40.000,8,1248.740,935.178,440.520
40.000,9,298.150,987.100,533.222
40.000,10,215.660,10.728,532.242
40.000,11,1396.214,48.814,133.666
40.000,12,1815.885,1275.285,205.762
40.000,13,1416.497,98.800,346.026
40.000,14,99.212,544.382,257.607
40.000,15,542.401,1099.774,405.993
40.000,16,1177.075,1365.772,233.960
40.000,17,1065.138,724.646,245.281
40.000,18,1770.474,294.823,436.954
40.000,19,94.117,446.747,224.541
40.000,20,1769.497,1424.018,165.972
40.000,21,1128.083,327.989,329.926
40.000,22,477.187,527.681,162.988
40.000,23,1857.022,675.654,507.952
40.000,24,255.324,1145.384,508.641
40.000,25,1985.329,863.040,423.830
40.000,26,526.958,1186.484,498.993
40.000,27,995.140,1381.637,376.903
40.000,28,2110.580,995.025,388.545
40.000,29,1215.226,992.888,435.778
40.000,30,495.588,569.559,386.711
40.000,31,1519.633,1081.301,488.162
40.000,32,1354.596,725.679,180.022
40.000,33,105.457,899.276,177.991
40.000,34,630.772,1160.304,146.504
40.000,35,1695.478,1384.891,210.129
40.000,36,2074.813,443.208,489.144
40.000,37,825.396,1429.971,465.463
40.000,38,916.711,646.463,446.164
40.000,39,1046.573,1272.572,548.234
40.000,40,32.452,1333.026,150.408
40.000,41,442.201,620.087,454.695
40.000,42,329.740,596.945,467.129
40.000,43,429.208,34.161,391.831
40.000,44,1018.599,1213.118,341.262
40.000,45,1197.415,1428.714,405.958
40.000,46,928.127,158.578,408.309
40.000,47,1956.342,1249.350,344.917
40.000,48,973.952,216.928,384.490
40.000,49,1269.917,1207.904,458.417
40.000,50,2079.469,18.073,235.212
40.000,51,289.130,238.506,461.438
40.000,52,1011.599,1036.569,454.917
40.000,53,358.061,792.265,519.270
40.000,54,448.570,460.934,557.555
40.000,55,560.745,510.813,492.344
40.000,56,201.632,1013.195,274.381
40.000,57,86.043,823.929,423.133
40.000,58,2048.502,580.500,334.192
40.000,59,1002.508,1501.284,295.891
45.000,0,560.106,134.989,188.926
45.000,1,408.041,1237.411,285.882
45.000,2,626.476,131.557,416.423
45.000,3,1785.609,561.925,370.618
45.000,4,364.479,1174.708,521.788
45.000,5,920.851,1162.677,393.064
45.000,6,1985.688,279.571,117.998
45.000,7,1181.542,1083.151,342.257
45.000,8,1326.772,1049.825,439.890
45.000,9,200.691,1046.466,528.066
45.000,10,201.644,79.223,535.088
45.000,11,1364.810,122.411,131.349
45.000,12,1740.116,1359.037,202.006
45.000,13,1488.923,204.160,340.018
45.000,14,212.567,517.265,259.542
45.000,15,497.651,1178.225,405.275
45.000,16,1146.194,1251.608,226.275
45.000,17,921.635,725.746,234.677
45.000,18,1720.029,237.345,440.563
45.000,19,178.838,415.392,221.973
45.000,20,1857.485,1492.197,169.321
45.000,21,1244.404,291.583,326.820
45.000,22,378.367,491.868,166.696
45.000,23,1869.468,793.650,504.148
45.000,24,271.474,1238.260,511.839
45.000,25,2057.904,887.668,420.520
45.000,26,549.717,1059.717,502.069
45.000,27,1095.755,1478.574,379.238
45.000,28,2122.557,1127.285,395.726
45.000,29,1179.352,1061.908,437.456
45.000,30,364.820,610.527,381.463
45.000,31,1379.485,1108.184,489.587
45.000,32,1375.746,802.620,181.998
45.000,33,89.300,803.154,175.942
45.000,34,700.482,1132.512,147.375
45.000,35,1681.391,1267.680,206.255
45.000,36,2006.287,370.866,486.875
45.000,37,913.446,1314.074,462.272
45.000,38,1010.237,655.477,446.482
45.000,39,973.345,1248.412,547.154
45.000,40,34.312,1244.385,146.649
45.000,41,355.491,693.978,455.241
45.000,42,398.380,548.914,463.568
45.000,43,581.011,21.824,394.496
45.000,44,913.619,1258.899,341.063
45.000,45,1199.488,1452.933,401.931
45.000,46,933.534,65.792,409.596
45.000,47,2025.465,1168.044,339.399
45.000,48,932.182,80.843,383.059
45.000,49,1173.249,1197.475,457.591
45.000,50,2129.902,7.700,239.531
45.000,51,308.609,159.389,463.442
45.000,52,1066.819,957.228,457.446
45.000,53,469.604,821.707,516.991
45.000,54,557.856,541.312,564.809
45.000,55,674.146,465.841,496.829
45.000,56,120.936,1024.232,271.564
45.000,57,55.108,887.961,425.547
45.000,58,2030.787,498.469,333.736
45.000,59,1055.008,1483.928,295.618
50.000,0,460.960,116.474,192.554
50.000,1,460.818,1159.391,288.469
50.000,2,618.418,208.537,418.824
50.000,3,1897.389,572.897,369.761
50.000,4,484.147,1172.650,519.847
50.000,5,849.791,1103.535,391.010
50.000,6,2077.830,249.812,122.792
50.000,7,1260.520,1154.703,336.952
50.000,8,1400.037,1160.788,437.554
50.000,9,104.446,1092.406,523.925
50.000,10,184.424,158.846,536.370
50.000,11,1319.678,192.678,131.212
50.000,12,1654.783,1428.271,195.216
50.000,13,1549.693,307.735,339.356
50.000,14,330.375,479.347,265.938
50.000,15,458.575,1255.044,403.858
50.000,16,1121.601,1145.819,223.320
50.000,17,780.501,713.830,227.883
50.000,18,1664.390,172.768,443.372
50.000,19,266.510,384.310,220.602
50.000,20,1939.208,1457.667,172.581
50.000,21,1359.239,232.766,327.452
50.000,22,294.082,446.989,169.895
50.000,23,1882.511,907.722,499.817
50.000,24,286.365,1327.099,514.175
50.000,25,2133.583,910.536,419.153
50.000,26,583.915,938.319,500.507
50.000,27,1183.825,1456.472,380.754
50.000,28,2130.350,1253.714,402.682
50.000,29,1155.703,1131.393,439.316
50.000,30,225.056,637.869,377.895
50.000,31,1243.720,1120.981,491.761
50.000,32,1392.730,882.633,183.353
50.000,33,77.719,710.775,172.435
50.000,34,769.375,1095.167,146.654
50.000,35,1669.758,1155.302,205.783
50.000,36,1923.618,322.041,480.555
50.000,37,986.812,1178.249,456.865
50.000,38,1104.539,664.207,445.419
50.000,39,900.806,1224.981,546.873
50.000,40,81.238,1155.841,139.029
50.000,41,269.660,775.797,458.904
50.000,42,466.367,496.512,459.548
50.000,43,710.710,43.107,399.277
50.000,44,819.645,1305.269,340.901
50.000,45,1204.226,1321.201,398.530
50.000,46,938.314,31.317,411.582
50.000,47,2080.449,1081.546,336.023
50.000,48,899.937,56.654,382.870
50.000,49,1075.054,1194.334,454.759
50.000,50,2008.290,9.725,242.074
50.000,51,309.416,72.680,465.101
50.000,52,1124.514,875.634,459.232
50.000,53,570.022,856.761,514.715
50.000,54,658.843,631.427,570.358
50.000,55,789.602,426.513,499.238
50.000,56,40.296,1004.471,269.435
50.000,57,178.002,954.523,425.076
50.000,58,2015.245,425.923,334.168
50.000,59,1096.387,1421.734,296.913
55.000,0,368.313,91.204,195.410
55.000,1,494.666,1068.986,289.770
55.000,2,606.321,288.069,420.018
55.000,3,2005.302,592.796,368.354
55.000,4,615.067,1170.643,518.280
55.000,5,785.019,1034.153,391.288
55.000,6,2164.486,206.868,128.387
55.000,7,1330.676,1235.627,330.624
55.000,8,1493.649,1254.646,435.448
55.000,9,15.027,1152.350,520.657
55.000,10,178.436,243.925,538.460
55.000,11,1263.517,265.227,128.589
55.000,12,1566.184,1492.377,190.100
55.000,13,1604.311,421.369,335.022
55.000,14,437.592,440.287,268.566
55.000,15,428.334,1338.341,402.473
55.000,16,1103.725,1032.588,222.284
55.000,17,637.506,702.519,221.275
55.000,18,1606.960,109.253,449.349
55.000,19,360.837,378.108,216.997
55.000,20,2037.597,1402.715,175.264
55.000,21,1471.119,173.059,327.172
55.000,22,203.782,403.423,172.275
55.000,23,1905.457,1021.933,497.139
55.000,24,308.418,1420.817,515.131
55.000,25,2135.484,949.123,417.488
55.000,26,624.973,818.142,499.274
55.000,27,1289.956,1363.843,381.102
55.000,28,2102.122,1386.116,410.914
55.000,29,1128.050,1201.446,442.892
55.000,30,74.011,637.513,371.182
55.000,31,1113.487,1147.266,495.430
55.000,32,1407.097,961.129,184.910
55.000,33,61.237,613.003,167.956
55.000,34,845.040,1066.581,145.111
55.000,35,1650.208,1046.063,208.201
55.000,36,1863.129,252.217,474.763
55.000,37,1068.788,1059.667,451.230
55.000,38,1198.877,653.644,445.215
55.000,39,826.517,1210.651,545.859
55.000,40,140.469,1068.552,132.128
55.000,41,176.775,842.529,461.291
55.000,42,534.411,441.931,456.186
55.000,43,843.566,92.254,403.156
55.000,44,732.479,1371.275,340.304
55.000,45,1197.578,1189.113,393.514
55.000,46,930.122,116.662,414.584
55.000,47,2116.027,1000.192,331.422
55.000,48,875.116,194.804,381.581
55.000,49,981.536,1168.202,452.084
55.000,50,1879.792,8.597,245.443
55.000,51,302.334,24.649,466.897
55.000,52,1187.011,806.322,459.782
55.000,53,681.507,875.663,511.431
55.000,54,754.859,718.976,574.954
55.000,55,905.340,380.452,501.043
55.000,56,55.985,993.367,267.748
55.000,57,275.071,1049.456,427.648
55.000,58,1993.531,349.802,335.611
55.000,59,1150.292,1360.214,296.202
60.000,0,272.990,92.678,196.290
60.000,1,547.824,988.926,293.072
60.000,2,594.732,365.376,421.505
60.000,3,2112.404,602.914,369.212
60.000,4,749.198,1173.116,511.545
60.000,5,719.275,961.013,393.557
60.000,6,2093.322,161.076,133.607
60.000,7,1381.575,1323.397,325.220
60.000,8,1580.105,1359.269,432.756
60.000,9,89.427,1211.562,516.406
60.000,10,163.071,325.124,539.981
60.000,11,1213.414,329.117,127.998
60.000,12,1481.171,1480.007,186.013
60.000,13,1678.409,510.398,330.758
60.000,14,546.000,401.645,275.249
60.000,15,378.397,1415.357,402.286
60.000,16,1057.272,925.850,215.384
60.000,17,488.367,681.561,213.183
60.000,18,1558.824,43.687,453.653
60.000,19,445.239,363.468,212.388
60.000,20,2131.190,1340.501,179.410
60.000,21,1587.000,144.387,325.923
60.000,22,107.983,354.599,175.654
60.000,23,1879.020,1147.269,495.880
60.000,24,328.550,1521.391,517.483
60.000,25,2064.359,990.692,414.447
60.000,26,636.694,688.766,497.402
60.000,27,1404.079,1277.354,381.346
60.000,28,2095.290,1517.662,417.472
60.000,29,1094.682,1274.365,445.057
60.000,30,74.023,642.922,361.954
60.000,31,990.000,1215.887,497.782
60.000,32,1440.380,1037.585,187.089
60.000,33,53.717,514.151,162.002
60.000,34,911.684,1041.687,142.235
60.000,35,1637.065,937.564,207.817
60.000,36,1775.615,200.426,471.379
60.000,37,1166.212,952.094,448.363
60.000,38,1296.143,654.113,444.084
60.000,39,750.230,1189.939,545.271
60.000,40,174.000,970.285,127.963
60.000,41,111.063,930.235,464.553
60.000,42,593.107,371.960,451.462
60.000,43,971.068,115.599,406.057
60.000,44,644.326,1426.418,339.479
60.000,45,1174.075,1057.188,390.672
60.000,46,944.733,192.570,416.100
60.000,47,2165.071,912.197,325.297
60.000,48,866.838,323.326,381.265
60.000,49,891.339,1138.903,451.961
60.000,50,1762.318,36.815,251.266
60.000,51,324.265,106.101,470.203
60.000,52,1241.371,723.922,461.233
60.000,53,791.042,898.324,510.086
60.000,54,855.687,811.329,581.664
60.000,55,1034.828,370.543,503.621
60.000,56,139.465,1008.974,264.984
60.000,57,387.077,1133.187,429.198
60.000,58,1974.694,275.073,334.551
60.000,59,1203.944,1300.363,293.597
65.000,0,178.046,75.137,201.694
65.000,1,610.367,915.612,296.243
65.000,2,594.117,439.398,425.306
65.000,3,2120.460,625.181,367.978
65.000,4,874.061,1163.220,508.673
65.000,5,653.668,894.881,393.889
65.000,6,1991.717,129.915,135.712
65.000,7,1432.042,1406.526,321.598
65.000,8,1674.406,1463.227,432.221
65.000,9,191.556,1266.671,510.297
65.000,10,146.089,409.325,544.912
65.000,11,1167.763,400.045,126.762
65.000,12,1379.391,1434.847,180.921
65.000,13,1719.975,627.943,325.490
65.000,14,663.087,382.857,279.392
65.000,15,350.882,1508.038,403.001
65.000,16,1002.290,821.970,209.214
65.000,17,344.168,671.917,204.670
65.000,18,1502.184,37.322,457.811
65.000,19,538.467,332.230,208.828
65.000,20,2118.562,1277.318,184.345
65.000,21,1707.801,109.078,328.428
65.000,22,13.579,332.542,179.697
65.000,23,1869.627,1262.960,494.205
65.000,24,358.152,1429.513,520.446
65.000,25,1985.160,1023.491,411.807
65.000,26,644.162,559.434,495.978
65.000,27,1507.577,1182.488,384.849
65.000,28,2051.382,1389.862,422.108
65.000,29,1063.847,1345.737,448.915
65.000,30,222.187,650.342,352.067
65.000,31,853.158,1238.075,500.451
65.000,32,1483.104,1105.855,188.475
65.000,33,47.675,413.252,157.162
65.000,34,976.507,1010.552,141.416
65.000,35,1610.918,824.788,207.099
65.000,36,1688.784,153.653,468.430
65.000,37,1260.418,836.012,444.155
65.000,38,1393.722,639.008,444.241
65.000,39,677.122,1170.975,545.811
65.000,40,194.234,872.774,122.779
65.000,41,59.572,1020.496,467.827
65.000,42,642.556,304.054,447.705
65.000,43,1106.752,145.527,408.009
65.000,44,537.898,1467.360,336.487
65.000,45,1159.917,928.629,388.033
65.000,46,927.013,281.969,419.393
65.000,47,2120.312,830.122,320.539
65.000,48,854.702,447.239,378.061
65.000,49,800.142,1116.254,448.494
65.000,50,1643.798,34.996,252.407
65.000,51,324.578,191.000,472.938
65.000,52,1301.750,640.732,461.002
65.000,53,895.055,920.275,507.244
65.000,54,978.227,881.936,586.458
65.000,55,1154.150,350.896,507.560
65.000,56,233.928,1014.627,262.734
65.000,57,503.912,1217.338,425.081
65.000,58,1962.687,201.437,334.210
65.000,59,1250.148,1242.978,291.754
70.000,0,85.076,59.782,207.529
70.000,1,658.513,837.210,299.138
70.000,2,555.452,511.070,429.011
70.000,3,2020.273,654.638,367.428
70.000,4,1002.049,1146.039,502.528
70.000,5,603.440,814.172,396.404
70.000,6,1901.925,76.877,141.522
70.000,7,1487.906,1497.076,315.781
70.000,8,1747.761,1467.568,428.757
70.000,9,282.395,1332.884,503.756
70.000,10,129.933,483.712,546.555
70.000,11,1136.106,481.601,125.955
70.000,12,1287.519,1378.776,175.421
70.000,13,1757.586,746.545,321.115
70.000,14,769.021,350.805,286.471
70.000,15,313.244,1440.076,401.391
70.000,16,960.330,718.888,203.368
70.000,17,198.647,656.120,196.269
70.000,18,1443.771,95.811,463.032
70.000,19,636.577,319.169,205.256
70.000,20,2027.918,1210.125,187.474
70.000,21,1831.068,77.463,325.339
70.000,22,85.440,309.298,183.491
70.000,23,1883.210,1385.356,493.997
70.000,24,391.013,1336.808,523.043
70.000,25,1918.229,1057.673,411.265
70.000,26,687.021,438.851,494.978
70.000,27,1580.101,1063.028,388.439
70.000,28,2036.376,1260.914,430.129
70.000,29,1023.293,1414.492,451.175
70.000,30,360.709,672.692,345.904
70.000,31,727.674,1294.316,503.225
70.000,32,1527.600,1174.605,191.108
70.000,33,38.838,312.518,150.346
70.000,34,1041.150,970.075,141.185
70.000,35,1594.447,710.947,206.446
70.000,36,1625.886,91.282,465.054
70.000,37,1380.028,755.287,444.004
70.000,38,1486.921,620.218,441.755
70.000,39,601.189,1170.052,545.944
70.000,40,251.652,793.192,119.159
70.000,41,6.330,1118.636,470.437
70.000,42,712.174,253.357,446.515
70.000,43,1244.794,162.702,408.983
70.000,44,427.375,1496.121,335.377
70.000,45,1142.823,801.637,383.338
70.000,46,911.308,364.984,421.509
70.000,47,2070.752,747.228,317.272
70.000,48,838.888,568.283,377.936
70.000,49,704.377,1075.028,444.457
70.000,50,1519.538,28.506,256.176
70.000,51,329.704,271.397,474.079
70.000,52,1351.624,559.900,463.236
70.000,53,1004.530,918.634,504.043
70.000,54,1062.393,984.451,592.695
70.000,55,1274.708,337.808,511.669
70.000,56,318.318,1016.760,260.989
70.000,57,616.271,1285.439,425.926
70.000,58,1942.680,130.848,334.263
70.000,59,1308.129,1189.367,289.152
75.000,0,14.094,21.752,212.959
75.000,1,692.602,748.610,301.047
75.000,2,549.016,588.539,431.919
75.000,3,1910.765,664.593,365.235
75.000,4,1130.106,1158.135,496.229
75.000,5,534.956,750.140,396.017
75.000,6,1805.731,38.662,148.082
75.000,7,1551.926,1445.598,308.885
75.000,8,1828.581,1351.696,426.411
75.000,9,371.520,1399.125,498.433
75.000,10,112.485,564.776,549.387
75.000,11,1099.889,554.009,123.171
75.000,12,1199.332,1315.097,171.607
75.000,13,1828.745,848.653,316.010
75.000,14,887.991,326.108,291.791
75.000,15,282.939,1351.998,401.036
75.000,16,949.715,593.222,198.050
75.000,17,64.806,612.680,188.198
75.000,18,1384.966,152.929,467.137
75.000,19,731.911,304.118,199.421
75.000,20,1928.728,1160.226,191.400
75.000,21,1936.185,19.539,326.355
75.000,22,179.249,275.707,187.622
75.000,23,1890.705,1510.304,488.468
75.000,24,428.234,1243.169,525.321
75.000,25,1846.977,1093.084,408.490
75.000,26,721.320,315.247,492.919
75.000,27,1664.149,960.668,392.495
75.000,28,2043.762,1132.949,437.184
75.000,29,989.420,1480.829,454.682
75.000,30,497.592,704.081,338.524
75.000,31,592.204,1334.679,508.568
75.000,32,1557.233,1251.428,193.856
75.000,33,25.900,211.814,149.496
75.000,34,1100.724,918.883,139.532
75.000,35,1562.140,603.765,205.431
75.000,36,1541.588,39.625,460.625
75.000,37,1475.024,654.212,440.499
75.000,38,1579.178,618.563,442.890
75.000,39,526.104,1151.377,544.043
75.000,40,305.254,701.478,115.304
75.000,41,99.851,1192.483,473.468
75.000,42,773.461,188.820,442.298
75.000,43,1378.936,185.057,415.488
75.000,44,314.962,1514.748,333.903
75.000,45,1164.500,666.630,375.490
75.000,46,909.687,458.150,424.076
75.000,47,2018.607,662.338,312.194
75.000,48,814.842,699.743,377.900
75.000,49,607.571,1045.749,440.793
75.000,50,1401.125,28.164,260.451
75.000,51,335.624,357.020,475.199
75.000,52,1404.487,480.765,465.498
75.000,53,1109.156,944.162,501.918
75.000,54,1168.684,1061.303,597.343
75.000,55,1394.046,320.800,517.739
75.000,56,401.975,1013.303,258.227
75.000,57,726.301,1361.124,426.482
75.000,58,1926.566,62.504,334.942
75.000,59,1357.605,1127.759,288.612
80.000,0,115.334,5.098,216.934
80.000,1,737.710,662.283,302.697
80.000,2,540.003,664.761,434.388
80.000,3,1808.401,707.115,362.673
80.000,4,1249.818,1158.393,490.646
80.000,5,461.015,695.421,396.483
80.000,6,1718.526,8.320,152.523
80.000,7,1617.812,1361.382,302.792
80.000,8,1911.704,1243.235,423.681
80.000,9,476.618,1437.887,494.939
80.000,10,86.372,642.924,552.774
80.000,11,1062.463,627.513,120.631
80.000,12,1103.653,1255.052,165.461
80.000,13,1906.034,949.515,311.181
80.000,14,1005.322,319.296,297.524
80.000,15,235.714,1268.108,400.285
80.000,16,943.318,482.178,194.030
80.000,17,92.324,616.508,181.508
80.000,18,1325.608,214.538,472.478
80.000,19,816.642,282.376,193.501
80.000,20,1842.916,1084.507,195.606
80.000,21,2042.686,38.646,322.944
80.000,22,268.127,234.589,190.726
80.000,23,1876.926,1387.879,481.580
80.000,24,464.771,1158.990,525.947
80.000,25,1763.813,1114.320,406.016
80.000,26,742.360,185.055,490.653
80.000,27,1766.326,866.683,393.293
80.000,28,2018.785,1002.002,444.070
80.000,29,962.752,1473.820,457.750
80.000,30,635.722,753.124,331.888
80.000,31,459.885,1386.183,511.418
80.000,32,1585.395,1334.229,197.812
80.000,33,13.985,117.880,145.116
80.000,34,1167.858,888.108,138.575
80.000,35,1527.175,503.532,203.623
80.000,36,1460.304,17.301,456.888
80.000,37,1552.543,539.505,437.844
80.000,38,1675.486,605.474,440.593
80.000,39,458.570,1124.148,542.468
80.000,40,344.493,607.774,111.604
80.000,41,177.974,1271.227,475.111
80.000,42,843.030,132.359,439.548
80.000,43,1515.102,217.556,418.451
80.000,44,206.487,1478.032,332.193
80.000,45,1164.264,539.075,371.594
80.000,46,912.030,548.005,423.873
80.000,47,1961.706,586.931,308.051
80.000,48,788.866,828.841,378.429
80.000,49,515.020,1014.708,440.277
80.000,50,1279.409,38.496,267.870
80.000,51,323.703,443.965,474.789
80.000,52,1449.888,389.453,465.930
80.000,53,1222.083,973.294,500.232
80.000,54,1273.214,1144.110,596.526
80.000,55,1510.694,288.280,521.983
80.000,56,479.409,993.006,255.399
80.000,57,849.570,1416.441,426.025
80.000,58,1917.157,21.524,334.540
80.000,59,1399.272,1056.936,287.236
85.000,0,207.989,38.332,219.330
85.000,1,766.380,573.710,303.902
85.000,2,550.633,737.214,437.921
85.000,3,1708.867,723.707,363.885
85.000,4,1377.512,1157.013,485.947
85.000,5,392.938,629.991,398.058
85.000,6,1632.171,51.326,155.973
85.000,7,1671.320,1273.973,296.356
85.000,8,1982.185,1119.798,418.676
85.000,9,571.500,1490.449,491.003
85.000,10,48.994,722.236,555.359
85.000,11,1014.611,700.302,118.996
85.000,12,1006.421,1206.493,159.790
85.000,13,1961.989,1062.916,308.478
85.000,14,1111.027,292.317,301.794
85.000,15,202.454,1186.937,400.261
85.000,16,939.385,364.757,189.531
85.000,17,238.071,629.464,173.482
85.000,18,1267.356,267.827,475.224
85.000,19,905.883,285.734,191.307
85.000,20,1759.611,1004.888,196.498
85.000,21,2146.416,81.317,320.989
85.000,22,362.780,197.354,194.107
85.000,23,1854.292,1263.306,476.916
85.000,24,508.396,1068.468,528.949
85.000,25,1681.895,1146.836,405.100
85.000,26,791.030,61.047,486.132
85.000,27,1882.002,792.162,393.350
85.000,28,2025.482,867.146,450.891
85.000,29,936.636,1398.176,461.713
85.000,30,768.841,785.587,324.728
85.000,31,334.367,1417.179,510.895
85.000,32,1624.610,1410.563,201.209
85.000,33,2.525,27.454,143.361
85.000,34,1232.075,847.721,136.850
85.000,35,1507.061,391.418,203.772
85.000,36,1391.861,85.017,456.683
85.000,37,1664.727,439.263,439.274
85.000,38,1769.241,592.780,440.099
85.000,39,389.006,1089.758,542.226
85.000,40,395.968,528.776,104.940
85.000,41,238.486,1367.525,478.362
85.000,42,917.280,77.822,438.003
85.000,43,1652.810,279.820,423.286
85.000,44,104.633,1443.449,331.585
85.000,45,1181.482,405.756,368.030
85.000,46,905.358,639.412,425.385
85.000,47,1899.955,509.909,303.676
85.000,48,790.723,959.910,377.501
85.000,49,424.732,986.025,439.354
85.000,50,1155.826,57.383,270.168
85.000,51,326.764,525.120,476.030
85.000,52,1501.030,302.679,467.578
85.000,53,1326.389,1008.045,500.495
85.000,54,1358.356,1239.261,593.613
85.000,55,1630.783,280.226,521.696
85.000,56,557.998,995.908,252.229
85.000,57,966.251,1487.164,426.686
85.000,58,1906.011,95.771,336.303
85.000,59,1454.953,1002.199,286.361
90.000,0,305.093,50.921,222.892
90.000,1,812.021,482.284,304.933
90.000,2,537.333,814.022,439.444
90.000,3,1598.236,755.190,361.553
90.000,4,1506.851,1146.554,481.365
90.000,5,324.906,571.136,398.376
90.000,6,1550.524,110.181,161.681
90.000,7,1740.598,1194.963,292.534
90.000,8,2084.946,1028.165,415.135
90.000,9,674.288,1498.283,487.782
90.000,10,34.809,804.330,558.320
90.000,11,980.622,770.255,118.077
90.000,12,904.619,1163.819,151.944
90.000,13,2029.641,1172.641,306.398
90.000,14,1218.742,241.763,306.147
90.000,15,179.085,1094.692,398.552
90.000,16,909.819,249.041,184.970
90.000,17,384.039,632.331,165.749
90.000,18,1216.750,327.451,477.689
90.000,19,993.861,277.959,188.533
90.000,20,1664.911,936.435,201.120
90.000,21,2069.651,120.095,321.021
90.000,22,456.256,167.988,198.184
90.000,23,1862.619,1143.945,472.871
90.000,24,541.506,977.116,529.489
90.000,25,1603.661,1177.900,402.735
90.000,26,829.874,85.278,485.026
90.000,27,1990.879,699.724,393.305
90.000,28,2030.096,734.263,456.937
90.000,29,906.075,1331.867,463.907
90.000,30,910.027,793.604,318.901
90.000,31,199.662,1442.490,512.078
90.000,32,1662.489,1480.083,205.550
90.000,33,10.494,96.060,140.683
90.000,34,1297.617,811.603,134.784
90.000,35,1500.888,272.920,200.105
90.000,36,1312.977,139.379,452.713
90.000,37,1762.821,331.942,435.522
90.000,38,1861.290,570.102,439.426
90.000,39,307.856,1074.826,541.385
90.000,40,460.759,454.998,101.401
90.000,41,307.460,1454.847,483.590
90.000,42,975.475,11.641,435.820
90.000,43,1795.959,314.136,427.117
90.000,44,14.262,1430.296,328.960
90.000,45,1169.359,279.579,363.641
90.000,46,877.520,721.691,427.494
90.000,47,1844.139,423.362,297.771
90.000,48,781.873,1097.905,378.128
90.000,49,328.099,972.478,437.386
90.000,50,1028.165,53.401,276.365
90.000,51,324.397,611.395,477.902
90.000,52,1566.353,225.551,469.630
90.000,53,1433.290,1047.447,497.699
90.000,54,1461.224,1319.070,588.722
90.000,55,1747.535,260.191,524.565
90.000,56,638.138,999.723,249.952
90.000,57,1086.404,1473.632,430.098
90.000,58,1881.372,172.052,336.624
90.000,59,1504.964,946.293,285.341
95.000,0,401.025,80.352,226.365
95.000,1,857.598,401.595,306.336
95.000,2,524.454,888.483,443.089
95.000,3,1493.410,770.697,359.697
95.000,4,1628.208,1126.507,474.441
95.000,5,246.230,520.506,400.135
95.000,6,1463.162,174.491,168.572
95.000,7,1802.906,1113.365,285.482
95.000,8,2162.657,915.524,409.812
95.000,9,760.983,1424.757,483.606
95.000,10,22.685,894.243,560.843
95.000,11,938.585,840.995,117.811
95.000,12,812.173,1106.465,145.588
95.000,13,2102.144,1278.706,302.834
95.000,14,1327.797,208.627,311.356
95.000,15,129.132,1014.852,397.567
95.000,16,857.926,137.721,181.102
95.000,17,523.836,613.336,158.194
95.000,18,1156.849,382.804,480.712
95.000,19,1082.316,235.799,183.645
95.000,20,1581.944,855.157,203.656
95.000,21,1958.516,169.079,319.305
95.000,22,556.016,139.540,201.308
95.000,23,1889.172,1022.596,466.839
95.000,24,566.056,887.476,528.979
95.000,25,1526.983,1184.346,400.526
95.000,26,831.890,223.132,482.099
95.000,27,2089.422,604.662,393.362
95.000,28,2020.455,594.600,463.406
95.000,29,866.776,1266.535,466.890
95.000,30,1057.565,801.442,313.320
95.000,31,67.790,1448.484,518.317
95.000,32,1693.121,1461.095,209.065
95.000,33,10.777,190.253,137.438
95.000,34,1361.740,774.696,133.350
95.000,35,1488.893,154.494,199.507
95.000,36,1239.106,200.419,450.419
95.000,37,1839.420,210.258,434.568
95.000,38,1955.221,565.107,439.681
95.000,39,229.473,1062.300,540.821
95.000,40,537.502,384.400,106.690
95.000,41,378.632,1496.139,487.626
95.000,42,1043.381,53.604,433.606
95.000,43,1923.619,359.322,430.459
95.000,44,115.003,1382.068,326.041
95.000,45,1166.005,147.105,360.403
95.000,46,859.715,808.354,430.623
95.000,47,1792.655,337.962,290.796
95.000,48,751.460,1234.643,377.176
95.000,49,229.129,948.794,434.550
95.000,50,907.809,85.559,281.287
95.000,51,343.080,689.755,478.789
95.000,52,1615.624,144.787,471.845
95.000,53,1539.701,1053.543,495.708
95.000,54,1542.497,1429.143,578.722
95.000,55,1862.888,220.557,530.066
95.000,56,718.303,1010.946,245.407
95.000,57,1212.975,1408.921,429.530
95.000,58,1873.159,249.564,337.689
95.000,59,1546.740,882.131,284.517
100.000,0,488.367,98.710,229.045
100.000,1,905.323,310.440,308.545
100.000,2,516.626,964.452,446.743
100.000,3,1386.310,788.603,357.595
100.000,4,1749.873,1135.424,471.717
100.000,5,164.281,464.013,400.629
100.000,6,1374.035,204.773,173.841
100.000,7,1860.417,1025.382,281.319
100.000,8,2110.049,797.398,404.649
100.000,9,854.895,1365.551,479.564
100.000,10,15.841,981.072,563.144
100.000,11,893.599,907.825,116.883
100.000,12,721.259,1034.059,138.557
100.000,13,2166.804,1381.946,298.718
100.000,14,1438.291,153.619,316.612
100.000,15,95.684,922.273,396.716
100.000,16,841.309,18.661,176.598
100.000,17,660.916,594.447,152.882
100.000,18,1094.749,435.967,481.564
100.000,19,1171.678,202.499,179.377
100.000,20,1502.966,774.904,208.897
100.000,21,1840.921,203.527,315.583
100.000,22,655.706,109.640,205.709
100.000,23,1899.998,908.116,461.951
100.000,24,585.139,792.228,532.062
100.000,25,1449.074,1197.958,397.952
100.000,26,839.413,354.988,480.503
100.000,27,2148.496,512.487,395.331
100.000,28,2022.004,463.293,471.040
100.000,29,829.775,1201.465,469.666
100.000,30,1207.995,808.412,307.565
100.000,31,69.461,1479.158,522.655
100.000,32,1731.077,1385.396,211.675
100.000,33,23.088,284.532,133.470
100.000,34,1430.121,733.414,132.923
100.000,35,1457.672,45.624,198.842
100.000,36,1175.203,260.933,446.723
100.000,37,1903.337,75.303,430.162
100.000,38,2050.739,554.177,438.349
100.000,39,147.049,1044.632,539.808
100.000,40,579.099,296.200,108.020
100.000,41,458.950,1418.423,493.767
100.000,42,1103.525,112.500,430.411
100.000,43,2057.736,384.755,437.596
100.000,44,211.684,1325.992,322.946
100.000,45,1153.792,8.195,352.154
100.000,46,855.128,900.557,435.550
100.000,47,1781.879,243.599,287.352
100.000,48,734.395,1369.438,377.268
100.000,49,138.615,918.569,433.282
100.000,50,782.224,80.646,286.357
100.000,51,366.632,774.291,479.355
100.000,52,1673.251,69.279,474.498
100.000,53,1644.493,1078.391,494.811
100.000,54,1646.402,1518.185,571.798
100.000,55,1982.703,216.167,532.457
100.000,56,803.208,1015.825,240.005
100.000,57,1325.200,1321.800,432.069
100.000,58,1850.648,317.513,338.383
100.000,59,1602.120,823.748,283.815
105.000,0,579.000,137.211,232.482
105.000,1,946.299,224.652,311.412
105.000,2,515.721,1035.061,450.441
105.000,3,1273.865,791.916,358.039
105.000,4,1878.116,1127.845,468.576
105.000,5,100.750,394.988,403.326
105.000,6,1281.502,251.153,177.304
105.000,7,1921.735,937.725,275.712
105.000,8,2007.171,703.366,402.135
105.000,9,948.331,1313.534,474.558
105.000,10,6.133,1062.535,565.660
105.000,11,843.005,968.926,116.130
105.000,12,634.106,953.394,133.467
105.000,13,2104.061,1477.405,294.598
105.000,14,1554.749,134.715,320.434
105.000,15,62.007,834.153,394.706
105.000,16,818.774,107.284,172.806
105.000,17,797.818,604.636,146.732
105.000,18,1038.346,502.004,484.610
105.000,19,1265.537,185.116,175.424
105.000,20,1412.177,695.444,214.700
105.000,21,1735.944,272.101,315.854
105.000,22,744.064,66.555,207.868
105.000,23,1913.862,789.329,457.684
105.000,24,611.940,698.284,534.711
105.000,25,1375.271,1214.843,396.281
105.000,26,870.140,486.128,481.380
105.000,27,2036.368,428.657,397.718
105.000,28,2002.705,332.973,481.497
105.000,29,797.323,1135.543,473.288
105.000,30,1339.602,857.900,305.838
105.000,31,198.765,1514.720,530.072
105.000,32,1770.504,1303.864,214.845
105.000,33,45.997,375.183,131.855
105.000,34,1492.316,691.132,131.765
105.000,35,1423.750,67.535,200.301
105.000,36,1106.329,319.945,443.788
105.000,37,2008.466,42.635,424.823
105.000,38,2146.711,543.729,439.212
105.000,39,78.219,1035.589,539.128
105.000,40,615.079,206.620,112.140
105.000,41,532.902,1332.443,496.766
105.000,42,1173.323,179.343,425.757
105.000,43,2134.106,437.166,442.307
105.000,44,320.510,1306.105,323.009
105.000,45,1143.816,142.093,345.501
105.000,46,842.161,983.609,439.583
105.000,47,1736.739,152.331,283.522
105.000,48,711.816,1502.652,376.749
105.000,49,37.716,912.821,430.722
105.000,50,650.892,74.529,291.990
105.000,51,376.715,853.882,480.651
105.000,52,1738.667,26.686,476.738
105.000,53,1750.812,1075.897,494.911
105.000,54,1747.341,1428.739,567.548
105.000,55,2099.665,183.673,534.001
105.000,56,884.562,1016.921,237.232
105.000,57,1439.198,1239.349,434.391
105.000,58,1826.454,393.884,340.037
105.000,59,1650.646,760.860,283.653
110.000,0,667.833,167.451,234.142
110.000,1,992.593,136.103,312.984
110.000,2,514.500,1110.046,453.556
110.000,3,1168.341,785.986,356.856
110.000,4,2002.777,1122.792,463.807
110.000,5,36.345,325.551,403.621
110.000,6,1191.128,291.640,183.887
110.000,7,1987.779,863.254,271.433
110.000,8,1940.561,579.328,396.126
110.000,9,1041.108,1251.210,471.677
110.000,10,11.898,1143.739,569.935
110.000,11,807.815,1043.980,113.955
110.000,12,533.300,902.914,127.723
110.000,13,2022.103,1448.972,289.225
110.000,14,1658.112,90.146,326.418
110.000,15,42.847,748.028,393.670
110.000,16,791.567,227.448,167.420
110.000,17,943.507,577.278,139.547
110.000,18,997.119,564.460,487.989
110.000,19,1361.230,159.513,170.542
110.000,20,1316.281,638.147,218.124
110.000,21,1643.891,350.906,313.895
110.000,22,837.934,30.731,213.747
110.000,23,1915.731,670.243,451.761
110.000,24,640.729,608.387,536.168
110.000,25,1302.709,1248.408,393.420
110.000,26,873.166,620.555,476.906
110.000,27,1962.637,310.428,397.802
110.000,28,1987.882,202.251,486.608
110.000,29,776.523,1056.740,476.360
110.000,30,1478.492,858.957,299.919
110.000,31,332.538,1493.359,535.241
110.000,32,1784.126,1223.641,214.519
110.000,33,65.183,471.477,127.343
110.000,34,1553.169,651.588,131.877
110.000,35,1395.827,172.177,201.232
110.000,36,1043.369,389.251,440.269
110.000,37,2110.642,138.130,421.857
110.000,38,2105.637,536.906,438.795
110.000,39,0.052,1025.374,539.266
110.000,40,661.357,117.317,118.026
110.000,41,609.741,1247.243,498.580
110.000,42,1236.942,239.828,421.725
110.000,43,1988.915,460.030,448.065
110.000,44,424.444,1270.020,323.163
110.000,45,1150.670,278.574,342.884
110.000,46,834.290,1067.200,440.407
110.000,47,1679.231,66.235,280.870
110.000,48,663.360,1401.634,377.051
110.000,49,55.408,879.395,430.577
110.000,50,530.203,58.861,296.984
110.000,51,381.121,944.832,480.315
110.000,52,1782.670,121.255,479.320
110.000,53,1861.424,1109.987,491.140
110.000,54,1842.121,1334.554,560.155
110.000,55,2103.577,168.237,536.202
110.000,56,965.303,1005.158,235.778
110.000,57,1543.168,1144.369,437.005
110.000,58,1810.141,466.813,340.046
110.000,59,1715.381,716.794,282.669
115.000,0,750.527,192.793,235.982
115.000,1,1031.963,47.925,315.431
115.000,2,507.854,1184.910,456.536
115.000,3,1058.298,800.864,357.213
115.000,4,2129.482,1110.384,461.792
115.000,5,46.825,272.928,401.435
115.000,6,1102.769,350.781,188.688
115.000,7,2064.719,787.510,269.368
115.000,8,1848.304,482.713,397.508
115.000,9,1125.252,1183.259,470.000
115.000,10,43.158,1224.846,573.017
115.000,11,760.383,1112.750,112.850
115.000,12,434.813,840.159,124.844
115.000,13,1932.772,1357.340,283.716
115.000,14,1768.793,62.808,330.631
115.000,15,11.068,658.487,392.061
115.000,16,774.618,343.531,160.842
115.000,17,1092.325,568.457,133.847
115.000,18,943.716,625.973,491.986
115.000,19,1448.980,125.753,167.238
115.000,20,1216.237,592.437,221.503
115.000,21,1520.468,377.665,313.579
115.000,22,932.208,7.063,216.494
115.000,23,1946.031,549.877,446.977
115.000,24,667.218,516.545,538.100
115.000,25,1229.587,1276.271,390.618
115.000,26,914.763,741.221,475.068
115.000,27,1846.607,227.607,398.876
115.000,28,1965.870,70.440,490.947
115.000,29,755.204,987.163,477.044
115.000,30,1617.359,892.559,290.999
115.000,31,468.227,1459.854,538.670
115.000,32,1801.920,1145.429,217.064
115.000,33,91.257,563.279,124.996
115.000,34,1613.714,606.698,130.406
115.000,35,1386.910,279.959,199.926
115.000,36,961.979,431.606,438.068
115.000,37,2154.810,251.717,418.530
115.000,38,2010.184,523.018,439.128
115.000,39,73.196,1007.330,540.031
115.000,40,731.179,34.711,125.193
115.000,41,694.162,1179.693,500.510
115.000,42,1301.435,288.323,417.705
115.000,43,1853.750,503.048,453.071
115.000,44,528.797,1223.975,320.384
115.000,45,1130.448,408.132,341.245
115.000,46,831.067,1156.096,444.784
115.000,47,1627.881,31.351,274.674
115.000,48,657.756,1268.660,375.760
115.000,49,150.547,852.008,429.207
115.000,50,407.781,71.201,303.721
115.000,51,395.167,1026.459,480.583
115.000,52,1836.435,206.758,480.543
115.000,53,1967.236,1127.082,489.941
115.000,54,1932.020,1242.208,555.092
115.000,55,1988.417,119.142,541.720
115.000,56,1044.367,994.483,233.382
115.000,57,1641.513,1041.934,438.832
115.000,58,1791.449,542.247,339.308
115.000,59,1760.706,663.638,280.811
120.000,0,837.213,226.065,238.737
120.000,1,1066.453,52.266,318.637
120.000,2,498.870,1257.972,460.088
120.000,3,954.848,818.610,357.300
120.000,4,2082.589,1097.365,457.824
120.000,5,125.059,222.016,402.595
120.000,6,1021.781,407.381,191.576
120.000,7,2136.320,708.329,263.957
120.000,8,1778.442,357.782,394.914
120.000,9,1217.043,1123.557,465.990
120.000,10,56.379,1310.321,574.360
120.000,11,714.602,1171.559,112.584
120.000,12,340.115,777.233,120.991
120.000,13,1835.501,1276.327,278.019
120.000,14,1885.753,44.015,335.336
120.000,15,41.978,575.704,389.811
120.000,16,742.000,457.728,153.743
120.000,17,1232.843,570.094,129.908
120.000,18,888.897,691.421,496.231
120.000,19,1536.690,92.909,162.362
120.000,20,1126.982,520.020,223.721
120.000,21,1407.616,419.779,313.055
120.000,22,1018.617,58.758,217.246
120.000,23,1984.001,428.867,445.221
120.000,24,716.448,429.546,540.154
120.000,25,1151.352,1298.933,388.615
120.000,26,945.201,866.253,475.018
120.000,27,1739.607,133.808,399.633
120.000,28,1962.932,73.743,496.406
120.000,29,718.217,915.718,480.349
120.000,30,1758.731,930.016,282.013
120.000,31,595.683,1405.824,541.751
120.000,32,1818.771,1061.813,217.486
120.000,33,97.452,660.205,123.007
120.000,34,1681.365,563.800,129.588
120.000,35,1354.243,390.972,200.946
120.000,36,889.294,484.725,435.000
120.000,37,2051.316,341.828,419.401
120.000,38,1915.548,516.532,437.284
120.000,39,150.305,997.205,540.888
120.000,40,771.238,59.625,129.930
120.000,41,761.999,1105.762,501.221
120.000,42,1371.666,339.295,413.058
120.000,43,1724.762,555.423,459.970
120.000,44,636.934,1187.228,317.954
120.000,45,1117.394,539.501,336.691
120.000,46,813.444,1242.489,447.338
120.000,47,1583.475,118.072,269.091
120.000,48,641.359,1135.434,374.372
120.000,49,241.991,827.275,427.394
120.000,50,288.301,64.710,307.601
120.000,51,410.834,1113.145,481.227
120.000,52,1893.755,283.070,483.249
120.000,53,2081.299,1106.184,488.386
120.000,54,2023.469,1135.647,545.668
120.000,55,1876.387,72.073,546.398
120.000,56,1120.628,976.320,230.737
120.000,57,1751.157,952.721,441.320
120.000,58,1776.463,619.064,340.864
120.000,59,1801.896,597.510,281.367
125.000,0,932.556,242.001,244.664
125.000,1,1106.272,140.450,321.920
125.000,2,488.688,1333.661,462.870
125.000,3,853.642,832.660,356.007
125.000,4,1954.060,1058.649,455.210
125.000,5,189.772,146.404,403.578
125.000,6,929.409,448.099,195.704
125.000,7,2117.716,641.745,259.540
125.000,8,1690.183,245.508,392.865
125.000,9,1311.047,1079.129,460.919
125.000,10,77.083,1393.764,576.110
125.000,11,672.182,1238.941,110.965
125.000,12,237.378,726.342,114.760
125.000,13,1760.709,1173.366,271.844
125.000,14,1992.808,9.629,339.596
125.000,15,71.743,489.776,389.081
125.000,16,692.717,568.248,147.787
125.000,17,1377.572,583.359,121.432
125.000,18,828.679,744.924,501.983
125.000,19,1625.258,61.914,159.744
125.000,20,1035.596,461.525,228.561
125.000,21,1284.083,453.289,311.386
125.000,22,1114.110,89.511,220.582
125.000,23,1997.152,310.201,440.496
125.000,24,726.286,331.221,541.372
125.000,25,1069.976,1312.199,386.032
125.000,26,970.825,998.604,475.913
125.000,27,1645.165,24.624,397.745
125.000,28,1963.473,205.827,502.829
125.000,29,681.644,850.413,482.926
125.000,30,1890.164,975.702,273.364
125.000,31,726.655,1371.529,543.926
125.000,32,1845.578,986.678,220.716
125.000,33,93.932,755.476,120.103
125.000,34,1742.677,526.349,129.550
125.000,35,1331.767,503.388,200.806
125.000,36,807.801,531.778,432.702
125.000,37,1962.171,453.539,415.808
125.000,38,1824.264,483.310,436.848
125.000,39,220.545,975.722,540.257
125.000,40,807.166,153.216,134.353
125.000,41,837.550,1028.188,503.220
125.000,42,1443.311,399.575,409.235
125.000,43,1584.837,596.961,461.670
125.000,44,750.186,1148.525,319.442
125.000,45,1110.685,670.447,332.299
125.000,46,806.434,1325.228,448.249
125.000,47,1525.228,198.802,264.622
125.000,48,624.978,1005.062,373.505
125.000,49,335.152,812.923,425.146
125.000,50,162.608,75.285,312.556
125.000,51,420.069,1193.454,481.144
125.000,52,1957.287,362.904,484.321
125.000,53,2141.689,1116.379,487.374
125.000,54,2089.508,1018.990,536.886
125.000,55,1765.837,15.883,547.865
125.000,56,1208.560,964.800,228.846
125.000,57,1868.784,882.468,440.926
125.000,58,1752.187,695.416,342.007
125.000,59,1854.673,536.760,280.009
130.000,0,1024.221,252.516,248.812
130.000,1,1148.045,219.740,326.912
130.000,2,486.469,1418.528,465.539
130.000,3,747.235,842.461,352.961
130.000,4,1828.280,1036.662,451.847
130.000,5,263.792,76.216,401.189
130.000,6,837.935,488.916,201.989
130.000,7,2043.791,562.298,254.700
130.000,8,1570.346,165.269,389.686
130.000,9,1406.612,1031.039,456.848
130.000,10,89.694,1479.933,578.934
130.000,11,630.621,1320.569,110.936
130.000,12,132.817,685.381,112.145
130.000,13,1668.230,1081.160,266.417
130.000,14,2107.413,48.721,347.084
130.000,15,106.888,411.577,389.792
130.000,16,643.487,676.753,143.984
130.000,17,1525.806,596.586,117.436
130.000,18,769.981,800.707,505.386
130.000,19,1718.821,42.166,154.833
130.000,20,945.230,396.718,233.676
130.000,21,1174.933,499.630,308.470
130.000,22,1209.029,110.790,224.275
130.000,23,2010.704,193.327,436.911
130.000,24,738.149,237.633,543.788
130.000,25,999.867,1340.108,384.107
130.000,26,954.571,1125.027,475.698
130.000,27,1552.704,81.500,397.032
130.000,28,1990.109,338.005,509.361
130.000,29,642.337,784.717,484.588
130.000,30,2025.891,1012.467,265.342
130.000,31,859.426,1336.235,553.085
130.000,32,1878.731,914.207,223.484
130.000,33,89.020,854.156,119.361
130.000,34,1802.640,478.208,126.658
130.000,35,1315.252,619.694,202.517
130.000,36,721.659,569.903,428.005
130.000,37,1866.228,554.829,417.456
130.000,38,1735.423,460.076,433.654
130.000,39,288.578,944.367,540.031
130.000,40,870.580,229.304,140.172
130.000,41,920.111,959.324,507.714
130.000,42,1502.767,462.847,406.153
130.000,43,1443.712,641.657,465.811
130.000,44,858.630,1107.422,318.988
130.000,45,1103.129,795.288,329.192
130.000,46,805.498,1412.916,450.181
130.000,47,1472.060,281.268,259.760
130.000,48,607.133,874.827,373.538
130.000,49,429.841,791.144,422.882
130.000,50,47.806,69.846,316.019
130.000,51,428.627,1281.275,481.573
130.000,52,2024.982,440.016,487.522
130.000,53,2026.813,1130.768,484.693
130.000,54,2162.522,927.277,532.388
130.000,55,1643.903,13.166,552.099
130.000,56,1289.853,947.065,226.024
130.000,57,1991.873,809.875,441.337
130.000,58,1747.314,770.259,343.329
130.000,59,1907.274,479.167,278.947
135.000,0,1123.098,260.600,254.146
135.000,1,1205.755,297.889,327.786
135.000,2,478.540,1496.165,468.608
135.000,3,634.738,857.473,351.974
135.000,4,1704.651,1011.024,450.198
135.000,5,338.812,10.120,400.230
135.000,6,748.972,538.056,206.453
135.000,7,1985.237,474.431,248.907
135.000,8,1504.072,41.281,388.850
135.000,9,1493.236,965.863,451.705
135.000,10,94.816,1474.594,582.475
135.000,11,592.604,1395.954,110.311
135.000,12,43.420,630.104,107.790
135.000,13,1594.372,978.592,260.755
135.000,14,2108.676,62.662,352.991
135.000,15,142.391,324.707,389.497
135.000,16,606.403,792.573,135.604
135.000,17,1664.440,602.207,108.944
135.000,18,711.154,857.671,509.547
135.000,19,1807.605,10.488,151.450
135.000,20,858.017,324.705,239.824
135.000,21,1059.829,558.752,307.057
135.000,22,1306.682,142.217,227.448
135.000,23,2033.808,69.832,429.046
135.000,24,757.883,144.078,546.077
135.000,25,925.287,1359.975,383.237
135.000,26,967.277,1252.882,475.134
135.000,27,1442.313,161.065,403.022
135.000,28,1971.774,464.275,513.446
135.000,29,598.963,725.278,486.119
135.000,30,2167.146,1043.878,258.909
135.000,31,990.585,1318.767,555.281
135.000,32,1899.555,833.134,223.072
135.000,33,91.663,956.370,114.956
135.000,34,1861.594,431.582,125.534
135.000,35,1291.647,729.762,203.054
135.000,36,653.546,627.788,425.795
135.000,37,1769.759,662.798,416.138
135.000,38,1639.235,442.971,433.446
135.000,39,362.632,935.337,539.890
135.000,40,913.937,320.162,145.098
135.000,41,992.608,873.500,507.302
135.000,42,1570.036,509.502,403.195
135.000,43,1304.348,678.147,470.805
135.000,44,973.841,1085.602,316.194
135.000,45,1106.086,928.230,324.369
135.000,46,811.758,1500.245,454.050
135.000,47,1416.787,366.433,254.948
135.000,48,611.638,748.033,372.435
135.000,49,526.878,775.625,422.974
135.000,50,97.321,62.095,319.839
135.000,51,454.252,1358.237,482.088
135.000,52,2070.716,521.403,491.227
135.000,53,1916.153,1140.398,478.816
135.000,54,2063.297,838.104,526.666
135.000,55,1523.458,50.803,555.789
135.000,56,1375.303,924.400,224.724
135.000,57,2075.995,701.580,442.837
135.000,58,1715.925,833.768,344.268
135.000,59,1968.056,433.843,276.911
140.000,0,1221.246,271.171,254.921
140.000,1,1253.160,389.473,327.947
140.000,2,462.165,1469.682,472.684
140.000,3,526.647,873.138,350.870
140.000,4,1582.619,1007.852,447.381
140.000,5,416.388,57.747,398.548
140.000,6,651.946,557.533,209.583
140.000,7,1912.379,384.532,243.518
140.000,8,1452.311,97.632,387.545
140.000,9,1593.712,907.228,446.180
140.000,10,113.036,1398.028,584.408
140.000,11,554.495,1465.402,110.558
140.000,12,44.552,564.656,103.787
140.000,13,1534.293,875.094,255.102
140.000,14,2000.564,100.344,361.235
140.000,15,166.637,235.108,387.080
140.000,16,584.743,906.126,129.287
140.000,17,1808.075,592.815,101.931
140.000,18,659.017,915.849,513.625
140.000,19,1896.601,8.253,146.152
140.000,20,751.384,277.458,246.707
140.000,21,939.659,605.608,306.019
140.000,22,1403.571,181.211,230.416
140.000,23,2039.404,68.120,425.947
140.000,24,809.401,58.305,547.896
140.000,25,852.618,1381.114,382.435
140.000,26,979.154,1390.988,474.613
140.000,27,1334.713,253.061,404.462
140.000,28,1974.195,595.107,520.626
140.000,29,567.622,659.478,488.478
140.000,30,2031.706,1072.701,255.085
140.000,31,1120.949,1300.243,560.374
140.000,32,1934.614,758.709,226.538
140.000,33,100.882,1049.114,112.752
140.000,34,1924.116,385.949,125.168
140.000,35,1255.115,829.632,201.655
140.000,36,589.618,698.769,421.549
140.000,37,1677.069,771.326,410.974
140.000,38,1539.309,442.862,434.788
140.000,39,427.283,912.194,540.087
140.000,40,954.518,407.294,150.046
140.000,41,1079.068,804.092,510.632
140.000,42,1641.701,564.316,400.136
140.000,43,1181.038,743.484,473.114
140.000,44,1068.315,1030.434,316.914
140.000,45,1108.311,1063.085,319.515
140.000,46,805.345,1451.540,455.937
140.000,47,1365.162,449.927,251.143
140.000,48,597.136,613.745,374.070
140.000,49,623.430,744.127,419.179
140.000,50,220.535,65.580,320.858
140.000,51,476.781,1439.036,484.903
140.000,52,2118.908,613.745,495.035
140.000,53,1810.059,1159.273,477.446
140.000,54,1961.419,752.235,522.230
140.000,55,1401.505,84.797,558.393
140.000,56,1458.279,922.581,222.622
140.000,57,2157.330,615.723,445.531
140.000,58,1698.860,908.970,342.571
140.000,59,2033.667,385.173,275.924
145.000,0,1319.954,284.687,257.822
145.000,1,1281.212,486.143,330.739
145.000,2,463.941,1392.415,474.328
145.000,3,418.067,882.319,348.901
145.000,4,1451.487,1007.930,443.587
145.000,5,482.893,126.351,398.745
145.000,6,554.620,566.279,213.073
145.000,7,1825.710,316.509,240.040
145.000,8,1370.911,211.103,387.937
145.000,9,1683.572,854.906,443.449
145.000,10,119.454,1317.202,586.275
145.000,11,514.979,1509.138,108.489
145.000,12,128.338,492.853,103.133
145.000,13,1489.113,759.356,249.416
145.000,14,1888.204,131.564,365.880
145.000,15,192.724,147.446,383.821
145.000,16,560.045,1015.618,124.949
145.000,17,1956.343,614.389,104.345
145.000,18,600.827,969.505,517.070
145.000,19,1984.931,19.144,142.094
145.000,20,646.572,213.973,251.064
145.000,21,828.664,650.984,308.943
145.000,22,1497.549,205.891,232.808
145.000,23,2053.642,185.103,421.801
145.000,24,837.171,39.063,549.033
145.000,25,776.920,1410.831,379.865
145.000,26,989.126,1499.824,474.962
145.000,27,1237.296,357.442,408.069
145.000,28,1940.584,722.158,528.467
145.000,29,536.623,596.234,491.490
145.000,30,1896.886,1121.155,245.527
145.000,31,1248.071,1253.470,565.697
145.000,32,1970.630,687.543,227.750
145.000,33,115.890,1148.901,110.405
145.000,34,1987.082,347.728,124.810
145.000,35,1244.181,935.455,204.200
145.000,36,503.143,748.885,418.692
145.000,37,1591.392,883.592,406.122
145.000,38,1441.019,427.554,436.610
145.000,39,497.123,897.596,540.113
145.000,40,1001.050,489.019,153.637
145.000,41,1161.434,732.670,515.736
145.000,42,1710.138,615.663,397.877
145.000,43,1045.827,786.967,477.059
145.000,44,1183.069,1000.179,316.674
145.000,45,1141.583,1190.198,313.989
145.000,46,799.582,1360.500,459.460
145.000,47,1319.063,532.309,246.836
145.000,48,567.640,483.965,375.278
145.000,49,713.068,717.188,419.468
145.000,50,340.191,35.790,326.333
145.000,51,505.278,1510.734,485.629
145.000,52,2162.849,701.271,497.927
145.000,53,1709.477,1202.912,473.958
145.000,54,1869.386,666.064,517.298
145.000,55,1291.890,134.150,561.653
145.000,56,1536.957,894.197,220.223
145.000,57,2050.274,528.250,447.286
145.000,58,1691.973,988.658,342.214
145.000,59,2094.038,331.772,273.962
150.000,0,1422.878,299.567,260.042
150.000,1,1330.577,570.987,330.873
150.000,2,460.374,1316.319,475.809
150.000,3,305.621,874.525,348.159
150.000,4,1325.967,1007.666,437.561
150.000,5,554.762,180.176,396.459
150.000,6,464.102,593.913,214.941
150.000,7,1763.353,243.130,236.078
150.000,8,1309.736,333.380,383.262
150.000,9,1777.334,796.685,438.450
150.000,10,127.662,1228.737,588.690
150.000,11,469.757,1445.572,106.771
150.000,12,242.997,475.013,106.586
150.000,13,1434.208,652.566,245.118
150.000,14,1775.429,147.960,368.878
150.000,15,229.950,66.694,383.105
150.000,16,513.014,1123.300,118.324
150.000,17,2096.297,599.994,107.850
150.000,18,544.603,1021.885,518.944
150.000,19,2080.059,40.076,138.955
150.000,20,558.921,140.458,257.282
150.000,21,711.914,687.365,305.370
150.000,22,1601.543,229.211,239.400
150.000,23,2033.965,299.199,419.600
150.000,24,877.240,126.589,550.976
150.000,25,700.903,1439.841,378.525
150.000,26,994.883,1366.391,474.940
150.000,27,1143.383,467.668,409.897
150.000,28,1938.032,857.292,536.916
150.000,29,505.244,533.734,494.278
150.000,30,1747.783,1146.875,239.989
150.000,31,1374.386,1199.508,568.286
150.000,32,2011.922,605.219,231.257
150.000,33,115.073,1244.348,107.084
150.000,34,2047.628,313.624,123.797
150.000,35,1217.032,1044.944,203.251
150.000,36,435.027,809.897,413.018
150.000,37,1508.642,1004.770,403.533
150.000,38,1340.585,423.900,438.459
150.000,39,570.200,870.863,539.560
150.000,40,1054.722,565.376,158.665
150.000,41,1248.590,665.428,520.641
150.000,42,1771.897,679.396,395.874
150.000,43,912.855,814.268,482.013
150.000,44,1283.497,956.734,314.941
150.000,45,1134.128,1316.305,309.846
150.000,46,780.758,1276.115,461.112
150.000,47,1256.547,611.482,241.087
150.000,48,545.469,352.781,376.056
150.000,49,809.926,712.871,418.270
150.000,50,464.687,52.387,331.286
150.000,51,510.392,1441.310,486.748
150.000,52,2138.900,786.882,501.183
150.000,53,1608.590,1234.806,471.521
150.000,54,1760.728,584.187,509.883
150.000,55,1174.958,166.916,565.107
150.000,56,1608.535,878.937,217.696
150.000,57,1935.567,453.759,446.443
150.000,58,1671.542,1071.521,343.604
150.000,59,2150.247,279.537,273.007
155.000,0,1520.638,326.308,263.376
155.000,1,1359.110,658.892,332.186
155.000,2,459.530,1240.384,478.733
155.000,3,198.550,892.480,349.329
155.000,4,1194.952,993.467,432.883
155.000,5,632.857,233.498,396.138
155.000,6,380.864,636.552,220.848
155.000,7,1700.052,166.785,230.917
155.000,8,1245.421,461.770,382.108
155.000,9,1865.663,723.876,433.167
155.000,10,144.169,1144.067,590.875
155.000,11,420.339,1383.042,105.633
155.000,12,338.270,418.268,108.659
155.000,13,1385.663,537.608,241.242
155.000,14,1672.008,205.732,373.773
155.000,15,262.996,19.464,382.123
155.000,16,465.121,1230.715,111.720
155.000,17,2095.746,617.948,113.087
155.000,18,474.815,1072.590,522.529
155.000,19,2157.704,62.729,136.854
155.000,20,469.812,59.520,259.653
155.000,21,613.479,752.251,305.437
155.000,22,1694.489,267.514,243.922
155.000,23,2026.249,416.417,416.050
155.000,24,915.944,216.066,553.567
155.000,25,622.591,1481.024,377.589
155.000,26,1041.124,1241.491,473.588
155.000,27,1035.820,558.409,410.597
155.000,28,1957.312,985.697,544.771
155.000,29,471.186,466.019,498.771
155.000,30,1611.011,1194.313,236.390
155.000,31,1492.012,1146.659,570.716
155.000,32,2046.749,526.358,233.417
155.000,33,137.096,1337.882,103.378
155.000,34,2105.147,265.169,121.210
155.000,35,1200.589,1154.409,200.926
155.000,36,375.369,875.042,410.921
155.000,37,1407.315,1102.742,400.553
155.000,38,1245.117,404.578,435.873
155.000,39,643.033,851.116,540.724
155.000,40,1081.331,656.307,165.048
155.000,41,1338.596,598.592,523.075
155.000,42,1842.765,727.984,394.163
155.000,43,777.181,850.013,488.063
155.000,44,1381.490,919.546,314.395
155.000,45,1159.439,1446.681,307.353
155.000,46,800.074,1188.655,462.379
155.000,47,1217.591,703.478,234.305
155.000,48,533.518,225.445,374.892
155.000,49,900.851,695.455,417.413
155.000,50,596.986,56.707,335.156
155.000,51,525.355,1351.468,487.790
155.000,52,2086.415,878.970,503.677
155.000,53,1508.163,1265.308,471.713
155.000,54,1668.279,480.459,504.165
155.000,55,1051.867,201.986,567.079
155.000,56,1693.058,877.418,213.501
155.000,57,1836.886,354.415,448.305
155.000,58,1656.222,1150.980,344.302
155.000,59,2123.011,229.392,271.661
160.000,0,1617.300,332.125,265.995
160.000,1,1406.184,738.813,331.816
160.000,2,448.138,1170.265,481.866
160.000,3,88.900,920.156,348.281
160.000,4,1065.419,972.208,430.961
160.000,5,705.772,302.477,397.686
160.000,6,289.016,659.774,227.455
160.000,7,1609.456,109.683,225.071
160.000,8,1164.344,573.231,379.778
160.000,9,1962.682,668.954,429.881
160.000,10,168.102,1063.993,594.584
160.000,11,351.120,1338.000,103.886
160.000,12,438.360,356.419,115.696
160.000,13,1319.337,446.675,237.243
160.000,14,1554.539,237.673,377.207
160.000,15,310.878,94.406,378.941
160.000,16,431.049,1346.585,108.131
160.000,17,1953.309,637.351,119.967
160.000,18,427.574,1131.145,525.720
160.000,19,2068.091,78.612,133.568
160.000,20,392.800,34.819,262.959
160.000,21,491.174,789.495,302.496
160.000,22,1790.575,303.026,247.826
160.000,23,2033.068,535.277,412.199
160.000,24,953.797,308.622,554.809
160.000,25,549.149,1503.596,376.033
160.000,26,1071.804,1122.010,472.746
160.000,27,912.990,628.608,411.980
160.000,28,1969.814,1113.490,552.423
160.000,29,437.825,406.306,501.272
160.000,30,1470.475,1222.805,231.766
160.000,31,1620.284,1130.376,570.974
160.000,32,2083.554,458.634,235.336
160.000,33,162.570,1429.743,101.103
160.000,34,2163.230,241.518,119.581
160.000,35,1163.821,1255.812,201.439
160.000,36,305.414,939.553,410.019
160.000,37,1302.931,1193.826,398.540
160.000,38,1145.334,389.448,435.837
160.000,39,724.644,833.096,541.238
160.000,40,1123.615,744.070,170.187
160.000,41,1434.204,530.793,528.545
160.000,42,1908.332,779.012,390.732
160.000,43,649.474,897.178,492.431
160.000,44,1468.106,851.598,312.438
160.000,45,1132.208,1443.453,302.225
160.000,46,805.286,1102.096,463.355
160.000,47,1180.381,789.944,230.409
160.000,48,508.981,90.146,374.094
160.000,49,1000.803,695.397,417.426
160.000,50,713.713,81.320,338.867
160.000,51,564.163,1275.476,488.662
160.000,52,2045.264,966.663,504.356
160.000,53,1407.371,1306.912,470.251
160.000,54,1556.600,400.909,497.476
160.000,55,933.837,207.789,570.776
160.000,56,1773.500,884.635,212.248
160.000,57,1729.879,268.338,452.268
160.000,58,1638.518,1228.530,344.549
160.000,59,2067.994,173.630,270.125
165.000,0,1716.832,349.942,268.814
165.000,1,1451.272,820.730,332.128
165.000,2,449.033,1095.498,484.785
165.000,3,21.373,936.112,349.297
165.000,4,937.303,956.276,428.758
165.000,5,784.306,352.143,397.975
165.000,6,193.180,691.087,232.766
165.000,7,1534.823,32.682,216.476
165.000,8,1061.772,674.470,379.632
165.000,9,2055.464,612.433,425.781
165.000,10,178.886,984.615,596.705
165.000,11,301.476,1277.743,102.341
165.000,12,529.460,302.723,121.445
165.000,13,1254.204,341.569,232.161
165.000,14,1450.612,288.844,381.260
165.000,15,351.897,178.611,377.249
165.000,16,386.487,1447.584,103.578
165.000,17,1814.085,633.407,125.214
165.000,18,384.387,1199.075,530.540
165.000,19,1976.782,77.371,130.409
165.000,20,298.326,88.658,264.842
165.000,21,373.490,835.421,300.533
165.000,22,1890.820,337.654,251.905
165.000,23,2047.682,656.340,409.545
165.000,24,985.208,402.890,557.298
165.000,25,475.398,1505.181,374.758
165.000,26,1096.679,990.437,472.157
165.000,27,804.699,716.715,418.544
165.000,28,1965.511,1242.565,558.766
165.000,29,404.362,341.578,504.205
165.000,30,1324.530,1238.255,226.268
165.000,31,1749.740,1093.036,576.678
165.000,32,2115.306,383.988,239.886
165.000,33,171.204,1508.810,107.025
165.000,34,2103.047,198.134,118.012
165.000,35,1135.829,1354.684,200.970
165.000,36,225.807,1001.157,406.915
165.000,37,1233.228,1312.681,399.738
165.000,38,1047.671,377.143,436.909
165.000,39,805.392,831.346,541.100
165.000,40,1175.765,830.205,173.913
165.000,41,1535.804,487.881,531.945
165.000,42,1972.521,835.280,387.864
165.000,43,505.723,912.602,496.962
165.000,44,1574.895,824.633,313.275
165.000,45,1132.916,1315.040,294.116
165.000,46,809.666,1008.684,464.469
165.000,47,1132.646,877.913,226.416
165.000,48,478.376,63.024,374.973
165.000,49,1089.277,656.957,414.714
165.000,50,842.414,88.671,340.826
165.000,51,590.645,1197.268,489.839
165.000,52,1988.161,1040.374,507.550
165.000,53,1300.295,1334.331,468.762
165.000,54,1442.505,319.462,490.059
165.000,55,811.221,221.698,573.260
165.000,56,1857.006,870.433,207.901
165.000,57,1624.870,179.079,451.081
165.000,58,1622.653,1305.137,344.824
165.000,59,2019.266,109.499,266.965
170.000,0,1815.067,359.949,274.317
170.000,1,1490.411,908.231,333.533
170.000,2,429.062,1018.906,488.753
170.000,3,127.123,957.779,349.473
170.000,4,817.467,960.025,425.445
170.000,5,837.846,429.216,399.404
170.000,6,106.564,732.121,236.742
170.000,7,1486.732,66.927,211.920
170.000,8,983.909,786.996,375.744
170.000,9,2146.274,568.880,419.224
170.000,10,203.814,904.610,598.138
170.000,11,255.786,1212.516,100.180
170.000,12,621.189,245.619,123.711
170.000,13,1174.286,239.244,226.485
170.000,14,1331.888,311.956,386.125
170.000,15,384.254,267.155,376.514
170.000,16,358.249,1465.453,104.339
170.000,17,1673.899,645.821,129.969
170.000,18,323.136,1255.481,534.484
170.000,19,1887.417,100.618,126.298
170.000,20,211.500,162.411,268.292
170.000,21,262.335,882.340,299.693
170.000,22,1988.763,360.239,253.789
170.000,23,2072.945,773.451,405.300
170.000,24,1025.265,491.340,560.834
170.000,25,403.569,1507.263,373.528
170.000,26,1089.256,855.634,469.723
170.000,27,713.641,819.975,422.189
170.000,28,1932.480,1371.794,565.002
170.000,29,366.643,277.911,508.412
170.000,30,1185.380,1258.260,219.772
170.000,31,1879.389,1045.149,583.052
170.000,32,2155.489,306.468,241.843
170.000,33,173.493,1406.630,110.483
170.000,34,2042.619,151.011,117.467
170.000,35,1122.646,1461.045,200.159
170.000,36,145.042,1060.681,402.596
170.000,37,1141.399,1425.192,397.482
170.000,38,947.627,360.971,435.626
170.000,39,874.708,813.819,541.732
170.000,40,1224.526,919.334,179.662
170.000,41,1625.960,425.907,534.545
170.000,42,2034.665,901.792,383.306
170.000,43,376.150,934.803,502.108
170.000,44,1684.368,812.107,309.986
170.000,45,1133.167,1179.891,289.133
170.000,46,816.905,918.617,464.512
170.000,47,1089.576,963.729,221.694
170.000,48,490.985,189.737,374.142
170.000,49,1181.192,630.755,411.191
170.000,50,959.554,99.190,344.203
170.000,51,600.608,1102.461,490.910
170.000,52,1939.845,1132.089,509.494
170.000,53,1192.271,1363.359,466.506
170.000,54,1344.394,226.748,481.448
170.000,55,688.927,254.357,578.320
170.000,56,1941.343,864.468,205.046
170.000,57,1513.119,89.492,455.133
170.000,58,1600.676,1378.934,345.112
170.000,59,1956.585,53.584,263.107
175.000,0,1917.490,375.599,278.706
175.000,1,1531.571,995.858,335.266
175.000,2,419.421,945.125,492.607
175.000,3,233.027,988.587,348.955
175.000,4,694.478,952.464,420.806
175.000,5,916.334,488.980,396.945
175.000,6,13.043,769.806,239.603
175.000,7,1424.352,151.120,208.272
175.000,8,881.089,874.862,375.187
175.000,9,2110.060,514.705,413.955
175.000,10,206.725,814.290,597.657
175.000,11,206.448,1159.629,102.041
175.000,12,705.720,189.572,126.600
175.000,13,1121.122,125.539,223.521
175.000,14,1221.223,320.810,390.727
175.000,15,422.201,345.507,373.948
175.000,16,336.391,1352.339,107.311
175.000,17,1530.549,670.406,134.132
175.000,18,248.386,1289.948,537.197
175.000,19,1793.372,118.442,122.249
175.000,20,121.913,234.757,272.634
175.000,21,146.376,944.571,298.986
175.000,22,2092.568,376.097,257.288
175.000,23,2083.581,895.583,401.652
175.000,24,1049.866,585.049,561.342
175.000,25,329.726,1465.210,370.417
175.000,26,1112.214,722.592,472.981
175.000,27,605.142,913.201,423.125
175.000,28,1934.811,1502.717,571.111
175.000,29,334.441,211.160,510.231
175.000,30,1046.780,1298.083,216.176
175.000,31,2013.973,1010.822,587.433
175.000,32,2157.804,222.741,243.721
175.000,33,186.426,1314.953,114.800
175.000,34,1977.377,113.380,114.435
175.000,35,1115.753,1457.587,201.800
175.000,36,57.791,1112.293,398.725
175.000,37,1031.208,1520.296,394.178
175.000,38,850.649,370.649,432.321
175.000,39,952.682,806.255,541.158
175.000,40,1286.573,998.969,184.899
175.000,41,1705.248,348.822,537.164
175.000,42,2097.331,961.145,381.728
175.000,43,253.882,969.192,508.038
175.000,44,1784.487,769.456,307.580
175.000,45,1128.876,1047.786,287.129
175.000,46,811.968,828.552,467.758
175.000,47,1031.367,1044.738,220.456
175.000,48,481.449,321.374,371.985
175.000,49,1266.760,592.920,408.304
175.000,50,1075.769,91.719,349.020
175.000,51,611.663,1016.026,490.799
175.000,52,1876.934,1217.763,514.009
175.000,53,1088.737,1405.095,463.915
175.000,54,1228.526,156.029,474.443
175.000,55,574.157,299.742,582.231
175.000,56,2026.152,845.589,200.998
175.000,57,1394.477,16.877,453.851
175.000,58,1579.686,1461.306,344.772
175.000,59,1901.652,14.207,260.645
180.000,0,2011.801,381.809,281.845
180.000,1,1565.305,1088.622,335.137
180.000,2,419.660,864.923,495.890
180.000,3,344.333,1006.835,346.529
180.000,4,561.383,943.830,415.470
180.000,5,973.837,556.098,396.778
180.000,6,77.306,816.218,243.222
180.000,7,1364.240,246.912,203.266
180.000,8,802.542,982.858,373.792
180.000,9,2013.403,449.976,406.534
180.000,10,226.183,741.997,595.873
180.000,11,162.150,1095.821,102.780
180.000,12,802.090,146.420,129.479
180.000,13,1064.488,14.041,219.306
180.000,14,1103.689,354.620,397.168
180.000,15,460.344,432.160,370.965
180.000,16,301.852,1243.859,111.789
180.000,17,1389.599,655.882,139.284
180.000,18,185.740,1351.564,540.473
180.000,19,1705.753,142.269,119.492
180.000,20,40.811,314.167,277.720
180.000,21,27.401,984.843,298.463
180.000,22,2148.808,406.289,258.042
180.000,23,2090.473,1019.155,398.590
180.000,24,1081.871,679.655,564.796
180.000,25,264.927,1430.653,368.277
180.000,26,1128.142,592.608,468.507
180.000,27,501.183,1017.216,428.442
180.000,28,1932.447,1401.201,575.067
180.000,29,294.344,155.207,513.267
180.000,30,905.560,1317.271,207.992
180.000,31,2148.781,989.551,591.488
180.000,32,2120.051,145.772,245.435
180.000,33,191.782,1217.005,117.838
180.000,34,1913.782,78.543,112.015
180.000,35,1076.996,1350.937,200.880
180.000,36,27.073,1170.802,395.598
180.000,37,941.811,1403.882,394.743
180.000,38,759.406,343.244,430.249
180.000,39,1015.998,777.858,540.973
180.000,40,1327.734,1086.712,188.876
180.000,41,1775.713,267.045,540.082
180.000,42,2158.771,1027.074,379.321
180.000,43,123.966,1025.404,511.985
180.000,44,1889.228,736.542,305.785
180.000,45,1101.429,922.505,283.546
180.000,46,819.844,738.489,469.837
180.000,47,991.983,1134.693,215.866
180.000,48,483.378,453.941,371.955
180.000,49,1365.505,590.383,408.423
180.000,50,1190.842,69.620,354.255
180.000,51,612.426,935.203,490.729
180.000,52,1797.214,1285.899,515.818
180.000,53,979.711,1419.612,459.659
180.000,54,1126.164,61.846,468.702
180.000,55,452.745,312.225,586.237
180.000,56,2108.547,849.997,198.461
180.000,57,1278.939,60.119,457.248
180.000,58,1561.279,1501.749,345.990
180.000,59,1851.072,67.957,259.787
185.000,0,2110.646,375.700,286.924
185.000,1,1598.218,1175.461,336.139
185.000,2,419.015,789.628,497.039
185.000,3,451.509,1038.615,345.902
185.000,4,433.121,958.967,408.938
185.000,5,1034.840,623.655,398.040
185.000,6,165.838,846.429,247.112
185.000,7,1298.267,332.435,197.970
185.000,8,727.199,1108.375,372.593
185.000,9,1924.241,384.665,403.061
185.000,10,248.841,657.925,591.281
185.000,11,120.617,1030.211,104.720
185.000,12,900.887,104.850,132.441
185.000,13,1006.523,102.318,212.966
185.000,14,996.838,390.956,403.343
185.000,15,505.697,520.186,370.717
185.000,16,282.897,1125.683,116.237
185.000,17,1253.889,649.842,147.128
185.000,18,123.705,1399.122,542.648
185.000,19,1623.535,170.412,116.535
185.000,20,62.268,373.146,281.289
185.000,21,117.645,1035.761,299.630
185.000,22,2052.073,443.517,261.443
185.000,23,2070.747,1143.860,393.023
185.000,24,1089.106,777.298,568.467
185.000,25,186.764,1405.353,364.938
185.000,26,1169.732,470.946,465.924
185.000,27,404.733,1121.113,428.312
185.000,28,1930.082,1271.488,582.448
185.000,29,250.914,88.319,515.538
185.000,30,765.143,1332.426,202.305
185.000,31,2035.936,974.336,594.826
185.000,32,2090.574,64.293,247.037
185.000,33,222.710,1128.878,122.634
185.000,34,1852.933,33.522,108.993
185.000,35,1059.791,1241.846,199.852
185.000,36,101.818,1228.067,393.021
185.000,37,864.467,1289.665,392.653
185.000,38,669.520,315.481,427.271
185.000,39,1086.581,754.818,541.416
185.000,40,1375.496,1167.373,194.749
185.000,41,1860.051,196.364,544.479
185.000,42,2114.879,1081.721,376.596
185.000,43,18.616,1060.114,516.728
185.000,44,1980.829,678.479,303.699
185.000,45,1094.745,788.503,277.015
185.000,46,833.919,655.667,472.136
185.000,47,934.736,1213.513,210.019
185.000,48,470.262,589.512,370.506
185.000,49,1463.577,571.575,405.073
185.000,50,1308.726,70.233,358.389
185.000,51,619.923,850.892,490.402
185.000,52,1756.949,1370.693,518.748
185.000,53,873.922,1447.445,455.247
185.000,54,1022.509,28.334,465.245
185.000,55,336.063,340.315,586.888
185.000,56,2144.254,833.621,195.360
185.000,57,1175.846,160.451,455.868
185.000,58,1555.814,1419.318,347.000
185.000,59,1804.089,129.243,258.858
190.000,0,2127.126,396.312,290.836
190.000,1,1656.917,1244.890,337.279
190.000,2,418.241,705.047,498.377
190.000,3,552.166,1038.462,342.494
190.000,4,296.077,955.049,403.984
190.000,5,1111.384,680.608,397.074
190.000,6,260.021,884.198,250.131
190.000,7,1238.124,411.236,190.971
190.000,8,648.773,1232.026,370.889
190.000,9,1823.219,319.046,398.209
190.000,10,254.810,573.110,589.119
190.000,11,67.366,970.146,106.884
190.000,12,987.159,35.343,138.008
190.000,13,945.643,200.510,210.397
190.000,14,879.672,422.167,407.859
190.000,15,561.919,598.045,369.238
190.000,16,252.861,1015.133,121.654
190.000,17,1112.213,650.959,153.153
190.000,18,76.083,1464.800,545.750
190.000,19,1531.879,191.322,113.232
190.000,20,159.095,423.797,286.594
190.000,21,235.599,1087.417,298.978
190.000,22,1957.925,472.729,264.740
190.000,23,2069.951,1265.294,389.088
190.000,24,1128.843,866.554,570.491
190.000,25,106.677,1391.883,362.147
190.000,26,1188.878,345.997,462.647
190.000,27,294.861,1220.434,424.930
190.000,28,1917.496,1133.957,587.587
190.000,29,219.328,15.807,518.247
190.000,30,632.011,1370.655,198.878
190.000,31,1908.467,940.627,595.792
190.000,32,2075.382,17.407,249.921
190.000,33,249.693,1034.221,125.607
190.000,34,1798.037,15.513,107.524
190.000,35,1025.352,1140.362,198.077
190.000,36,184.077,1270.143,389.267
190.000,37,757.569,1193.047,388.550
190.000,38,575.161,309.699,426.059
190.000,39,1162.155,735.609,542.278
190.000,40,1430.053,1246.299,201.021
190.000,41,1946.880,122.176,544.618
190.000,42,2052.255,1140.875,373.351
190.000,43,158.918,1086.923,520.092
190.000,44,2080.168,617.794,302.152
190.000,45,1100.331,658.819,272.475
190.000,46,826.259,572.694,474.795
190.000,47,876.991,1292.617,203.844
190.000,48,473.649,720.255,369.796
190.000,49,1562.370,543.406,403.632
190.000,50,1433.850,76.434,364.728
190.000,51,621.947,762.750,491.108
190.000,52,1720.097,1454.894,520.960
190.000,53,760.149,1476.000,453.371
190.000,54,920.005,107.133,462.209
190.000,55,219.169,354.171,590.677
190.000,56,2061.348,821.725,191.553
190.000,57,1059.114,243.378,461.202
190.000,58,1548.169,1345.936,348.629
190.000,59,1745.188,182.783,257.688
195.000,0,2039.677,431.102,291.527
195.000,1,1706.456,1331.483,339.359
195.000,2,422.672,636.152,502.683
195.000,3,666.275,1050.393,340.554
195.000,4,170.076,934.531,399.697
195.000,5,1184.910,726.187,397.478
195.000,6,342.108,925.399,253.287
195.000,7,1177.756,492.068,186.038
195.000,8,569.554,1350.742,368.215
195.000,9,1727.388,250.063,390.872
195.000,10,266.488,491.458,585.747
195.000,11,12.799,913.216,108.886
195.000,12,1082.694,35.308,143.241
195.000,13,895.883,314.899,206.625
195.000,14,769.335,459.247,410.592
195.000,15,584.872,692.135,368.317
195.000,16,219.667,902.110,128.361
195.000,17,976.060,692.852,161.245
195.000,18,21.046,1513.468,550.982
195.000,19,1436.007,204.842,108.300
195.000,20,256.938,479.716,290.554
195.000,21,351.888,1143.722,300.132
195.000,22,1866.316,518.825,267.018
195.000,23,2058.875,1384.886,385.031
195.000,24,1158.246,965.009,571.747
195.000,25,30.171,1370.387,361.140
195.000,26,1201.977,216.658,463.090
195.000,27,192.241,1310.821,428.234
195.000,28,1922.654,998.922,593.738
195.000,29,191.393,77.465,521.870
195.000,30,488.641,1384.400,194.792
195.000,31,1784.471,902.529,597.670
195.000,32,2037.693,94.700,252.667
195.000,33,274.170,948.662,127.681
195.000,34,1728.168,49.793,106.409
195.000,35,1004.153,1032.867,198.315
195.000,36,251.979,1326.129,386.048
195.000,37,689.708,1067.951,388.244
195.000,38,479.995,291.113,425.047
195.000,39,1235.654,729.466,544.113
195.000,40,1486.715,1329.085,207.820
195.000,41,2026.243,45.310,546.967
195.000,42,1986.501,1194.643,369.396
195.000,43,303.717,1115.797,524.504
195.000,44,2157.360,568.312,301.867
195.000,45,1084.098,526.824,269.932
195.000,46,820.615,478.470,476.417
195.000,47,816.883,1381.127,199.566
195.000,48,438.951,851.695,365.131
195.000,49,1657.271,514.353,399.293
195.000,50,1555.398,70.504,369.891
195.000,51,653.773,682.175,492.414
195.000,52,1670.783,1491.650,522.008
195.000,53,655.785,1519.542,450.299
195.000,54,816.843,176.018,459.259
195.000,55,107.681,394.145,591.066
195.000,56,1978.832,806.067,188.469
195.000,57,944.063,329.595,459.930
195.000,58,1530.898,1267.975,348.193
195.000,59,1682.106,242.090,258.083
200.000,0,1945.367,444.032,296.691
200.000,1,1747.441,1425.006,340.545
200.000,2,427.813,560.815,506.969
200.000,3,773.107,1076.522,340.570
200.000,4,44.517,926.259,396.758
200.000,5,1257.156,784.740,397.186
200.000,6,427.246,973.634,257.877
200.000,7,1111.202,571.240,180.433
200.000,8,492.060,1463.061,364.961
200.000,9,1634.612,184.056,385.469
200.000,10,280.332,405.716,582.931
200.000,11,25.470,836.214,110.042
200.000,12,1172.313,92.449,147.431
200.000,13,837.597,422.743,201.813
200.000,14,649.789,473.843,416.304
200.000,15,626.434,778.019,366.443
200.000,16,179.966,798.287,135.226
200.000,17,836.055,722.986,169.221
200.000,18,48.683,1458.817,555.741
200.000,19,1342.410,229.148,104.960
200.000,20,360.119,540.388,295.663
200.000,21,465.892,1196.445,298.543
200.000,22,1767.965,535.782,270.157
200.000,23,2088.381,1502.172,382.399
200.000,24,1191.483,1060.025,572.511
200.000,25,63.040,1341.710,360.483
200.000,26,1268.243,99.790,463.215
200.000,27,112.622,1424.509,432.084
200.000,28,1942.100,872.498,598.069
200.000,29,153.360,145.128,525.560
200.000,30,351.081,1410.083,190.430
200.000,31,1657.247,849.415,591.281
200.000,32,2010.413,173.188,255.881
200.000,33,303.200,865.701,129.374
200.000,34,1664.519,92.398,106.078
200.000,35,980.945,923.221,199.444
200.000,36,315.403,1392.139,383.356
200.000,37,600.104,958.959,386.185
200.000,38,388.680,272.437,423.693
200.000,39,1310.616,726.085,544.269
200.000,40,1512.916,1423.010,212.654
200.000,41,2114.064,51.963,551.394
200.000,42,1932.318,1257.878,366.067
200.000,43,448.684,1124.283,529.001
200.000,44,2046.783,535.116,302.782
200.000,45,1100.251,395.225,263.559
200.000,46,822.906,395.853,481.664
200.000,47,776.915,1471.177,196.861
200.000,48,404.865,981.845,365.818
200.000,49,1748.582,496.207,396.380
200.000,50,1675.392,40.159,374.034
200.000,51,669.937,600.150,494.946
200.000,52,1608.472,1410.466,523.676
200.000,53,546.465,1501.528,445.084
200.000,54,710.212,250.231,452.136
200.000,55,16.830,423.473,594.985
200.000,56,1897.257,791.554,188.236
200.000,57,843.021,419.776,463.499
200.000,58,1515.247,1198.299,346.635
200.000,59,1614.623,291.451,256.210
205.000,0,1854.015,455.090,301.348
205.000,1,1798.800,1504.308,341.805
205.000,2,417.581,486.365,508.431
205.000,3,885.603,1100.974,340.059
205.000,4,94.107,922.602,391.178
205.000,5,1334.200,835.670,397.592
205.000,6,518.552,1018.473,261.602
205.000,7,1051.490,662.778,178.061
205.000,8,409.496,1461.896,363.969
205.000,9,1539.294,126.662,383.558
205.000,10,313.054,328.854,580.264
205.000,11,64.855,767.511,110.936
205.000,12,1279.940,136.160,151.712
205.000,13,773.100,531.696,194.637
205.000,14,540.219,501.313,422.655
205.000,15,659.336,869.171,365.379
205.000,16,146.801,696.212,139.859
205.000,17,693.890,733.228,176.115
205.000,18,100.430,1393.774,559.351
205.000,19,1252.933,258.879,101.163
205.000,20,442.724,615.599,301.202
205.000,21,584.244,1221.878,297.115
205.000,22,1682.773,575.954,271.451
205.000,23,2088.798,1401.437,376.889
205.000,24,1236.627,1144.309,573.861
205.000,25,139.258,1320.444,359.448
205.000,26,1276.389,47.730,465.028
205.000,27,19.352,1502.531,434.518
205.000,28,1952.968,738.057,592.983
205.000,29,123.578,216.713,529.846
205.000,30,207.602,1403.029,185.068
205.000,31,1526.370,806.766,587.870
205.000,32,1972.098,254.880,258.419
205.000,33,320.372,774.379,129.959
205.000,34,1592.723,126.029,104.655
205.000,35,952.865,813.871,199.083
205.000,36,395.790,1441.887,378.829
205.000,37,494.652,862.311,382.964
205.000,38,298.946,257.357,422.063
205.000,39,1387.953,700.793,544.463
205.000,40,1563.605,1507.156,216.350
205.000,41,2144.334,135.193,553.104
205.000,42,1864.336,1317.562,361.845
205.000,43,580.941,1176.210,530.737
205.000,44,1942.353,504.962,301.454
205.000,45,1108.956,268.677,259.670
205.000,46,822.740,305.630,486.173
205.000,47,714.574,1488.290,191.347
205.000,48,393.072,1121.312,365.774
205.000,49,1844.695,489.510,395.645
205.000,50,1795.087,48.602,379.316
205.000,51,676.762,520.675,496.420
205.000,52,1572.223,1315.324,523.094
205.000,53,444.694,1463.467,441.237
205.000,54,609.994,339.036,445.160
205.000,55,144.402,441.464,597.966
205.000,56,1813.948,771.844,183.993
205.000,57,729.055,494.034,462.738
205.000,58,1489.908,1129.547,348.778
205.000,59,1565.785,354.561,254.496
210.000,0,1759.656,484.185,304.192
210.000,1,1857.130,1455.327,343.469
210.000,2,420.633,405.674,512.035
210.000,3,977.437,1138.794,339.996
210.000,4,220.977,927.819,386.773
210.000,5,1406.442,897.952,395.976
210.000,6,616.991,1044.043,268.627
210.000,7,987.084,742.695,173.360
210.000,8,308.927,1367.255,363.687
210.000,9,1446.335,72.760,381.221
210.000,10,332.421,246.085,576.269
210.000,11,95.986,702.328,113.881
210.000,12,1384.097,173.404,157.309
210.000,13,718.171,642.026,190.669
210.000,14,419.174,515.866,426.485
210.000,15,675.799,958.820,366.062
210.000,16,133.223,579.137,144.629
210.000,17,549.572,710.573,182.031
210.000,18,144.986,1328.569,563.366
210.000,19,1164.385,277.827,105.683
210.000,20,545.014,679.502,307.239
210.000,21,689.688,1287.505,297.651
210.000,22,1597.132,613.166,275.407
210.000,23,2126.723,1282.564,372.702
210.000,24,1274.917,1236.945,575.095
210.000,25,212.536,1288.447,357.812
210.000,26,1302.549,177.194,464.042
210.000,27,105.156,1418.015,436.616
210.000,28,1964.393,605.027,585.160
210.000,29,83.738,280.944,533.481
210.000,30,62.658,1390.938,175.873
210.000,31,1399.305,756.085,583.244
210.000,32,1941.646,333.769,260.060
210.000,33,343.913,674.533,131.863
210.000,34,1530.670,156.086,103.980
210.000,35,933.916,702.985,200.087
210.000,36,473.330,1491.904,374.770
210.000,37,417.160,747.700,378.458
210.000,38,200.913,255.568,421.637
210.000,39,1467.784,693.303,543.456
210.000,40,1616.550,1438.970,221.677
210.000,41,2058.315,200.427,555.411
210.000,42,1792.466,1367.120,357.200
210.000,43,726.465,1192.705,536.113
210.000,44,1828.254,466.891,301.371
210.000,45,1103.944,141.186,256.671
210.000,46,833.064,216.497,489.515
210.000,47,666.240,1399.974,185.503
210.000,48,369.581,1250.996,365.220
210.000,49,1937.882,459.369,393.713
210.000,50,1912.329,47.080,385.747
210.000,51,696.114,431.523,496.755
210.000,52,1513.877,1236.757,523.139
210.000,53,341.713,1451.861,438.244
210.000,54,502.404,427.901,436.680
210.000,55,262.859,460.823,599.942
210.000,56,1729.372,753.931,180.813
210.000,57,615.657,576.151,468.787
210.000,58,1489.329,1056.968,348.580
210.000,59,1502.956,404.846,251.137
215.000,0,1672.706,505.555,304.099
215.000,1,1909.903,1377.027,346.671
215.000,2,423.819,320.506,515.441
215.000,3,1083.035,1160.756,339.780
215.000,4,352.412,931.420,381.746
215.000,5,1486.238,963.234,394.289
215.000,6,696.400,1093.161,273.380
215.000,7,928.316,830.844,166.814
215.000,8,233.081,1248.848,362.975
215.000,9,1354.342,13.119,380.383
215.000,10,361.300,153.074,569.696
215.000,11,136.180,630.613,115.153
215.000,12,1477.622,234.291,162.833
215.000,13,672.810,754.477,188.710
215.000,14,308.675,567.888,428.476
215.000,15,706.005,1045.594,366.216
215.000,16,107.769,466.184,151.509
215.000,17,402.126,710.566,190.271
215.000,18,198.154,1276.333,566.288
215.000,19,1080.345,309.071,107.860
215.000,20,643.891,737.814,310.884
215.000,21,808.495,1323.134,297.775
215.000,22,1503.043,653.644,277.576
215.000,23,2122.184,1167.469,366.086
215.000,24,1291.033,1335.826,578.471
215.000,25,288.450,1262.076,355.659
215.000,26,1342.490,301.456,463.481
215.000,27,170.879,1300.070,438.660
215.000,28,1968.052,470.674,580.517
215.000,29,57.815,353.470,537.815
215.000,30,91.142,1427.237,167.738
215.000,31,1270.972,703.599,577.589
215.000,32,1922.569,417.863,261.795
215.000,33,360.551,579.310,135.190
215.000,34,1465.455,194.803,103.188
215.000,35,884.878,599.816,199.628
215.000,36,531.350,1478.473,373.621
215.000,37,349.913,626.204,375.763
215.000,38,105.589,237.309,421.623
215.000,39,1546.315,679.652,542.773
215.000,40,1692.002,1364.499,227.741
215.000,41,2000.374,286.050,556.657
215.000,42,1733.561,1426.584,352.077
215.000,43,857.772,1246.519,542.993
215.000,44,1724.097,413.247,298.786
215.000,45,1098.165,9.652,251.753
215.000,46,842.979,129.690,490.934
215.000,47,634.721,1301.655,180.726
215.000,48,349.207,1380.873,366.425
215.000,49,2028.526,424.541,392.191
215.000,50,2038.247,24.397,390.334
215.000,51,715.150,345.982,495.477
215.000,52,1469.362,1155.013,525.865
215.000,53,238.275,1417.742,434.645
215.000,54,401.808,520.199,428.831
215.000,55,379.252,487.590,598.223
215.000,56,1641.168,755.626,177.959
215.000,57,512.220,667.299,468.719
215.000,58,1469.230,975.460,348.980
215.000,59,1446.490,464.119,249.835
220.000,0,1586.748,528.546,307.125
220.000,1,1937.412,1287.199,349.001
220.000,2,404.882,237.968,518.193
220.000,3,1188.194,1174.907,339.311
220.000,4,475.378,897.912,374.275
220.000,5,1552.796,1022.536,396.150
220.000,6,790.742,1119.116,277.453
220.000,7,852.301,895.199,163.441
220.000,8,138.180,1149.493,361.737
220.000,9,1257.454,46.780,378.134
220.000,10,370.990,62.948,566.554
220.000,11,198.476,565.273,116.426
220.000,12,1580.178,279.298,167.608
220.000,13,594.403,857.163,186.576
220.000,14,196.263,606.921,434.185
220.000,15,745.930,1131.605,365.738
220.000,16,78.163,354.226,155.771
220.000,17,254.838,711.660,198.246
220.000,18,244.337,1207.439,570.894
220.000,19,979.726,320.516,113.451
220.000,20,730.987,817.352,315.934
220.000,21,911.674,1390.091,297.991
220.000,22,1415.264,697.457,279.673
220.000,23,2135.468,1053.387,359.012
220.000,24,1341.264,1423.952,580.725
220.000,25,362.218,1231.644,351.659
220.000,26,1389.081,425.515,464.842
220.000,27,266.612,1201.017,438.834
220.000,28,1954.524,341.851,573.306
220.000,29,17.005,406.684,539.775
220.000,30,225.277,1448.660,161.069
220.000,31,1136.852,683.839,571.689
220.000,32,1900.105,501.711,264.619
220.000,33,373.840,472.778,136.497
220.000,34,1398.901,219.212,101.678
220.000,35,857.587,496.686,199.790
220.000,36,601.569,1422.504,368.956
220.000,37,267.411,518.831,373.848
220.000,38,8.132,216.699,423.044
220.000,39,1616.701,648.651,543.769
220.000,40,1743.754,1278.952,231.609
220.000,41,1933.903,368.999,557.624
220.000,42,1663.425,1479.929,347.317
220.000,43,987.726,1294.483,546.087
220.000,44,1613.512,393.196,300.626
220.000,45,1097.808,143.426,246.802
220.000,46,829.634,43.384,492.545
220.000,47,606.468,1202.772,175.217
220.000,48,329.277,1508.130,368.277
220.000,49,2120.330,386.054,390.672
220.000,50,2156.772,47.950,395.405
220.000,51,729.025,265.604,495.027
220.000,52,1437.500,1061.352,526.714
220.000,53,131.487,1393.092,431.171
220.000,54,278.449,593.536,424.470
220.000,55,488.997,531.081,597.953
220.000,56,1558.167,752.154,174.173
220.000,57,394.279,742.514,469.292
220.000,58,1457.745,899.378,349.687
220.000,59,1385.911,516.229,247.126
225.000,0,1497.018,546.506,307.631
225.000,1,1961.493,1192.942,351.057
225.000,2,398.690,154.215,520.617
225.000,3,1303.534,1186.084,339.835
225.000,4,603.860,871.390,369.931
225.000,5,1616.899,1089.526,395.290
225.000,6,875.977,1152.604,280.954
225.000,7,771.541,961.024,158.446
225.000,8,47.644,1042.610,362.263
225.000,9,1162.436,105.270,373.515
225.000,10,378.294,28.823,563.019
225.000,11,251.987,502.453,115.698
225.000,12,1679.204,320.062,173.194
225.000,13,518.929,967.333,181.072
225.000,14,75.021,634.234,439.242
225.000,15,789.528,1223.650,364.170
225.000,16,62.379,237.594,161.537
225.000,17,119.671,712.688,205.694
225.000,18,290.678,1137.296,575.408
225.000,19,883.140,332.218,117.477
225.000,20,831.793,873.832,320.343
225.000,21,1021.065,1431.649,294.045
225.000,22,1317.991,723.887,282.664
225.000,23,2163.653,933.413,354.763
225.000,24,1387.195,1514.229,581.693
225.000,25,434.770,1189.180,351.056
225.000,26,1421.882,559.036,466.586
225.000,27,366.576,1103.175,441.936
225.000,28,1928.283,215.695,568.665
225.000,29,26.480,473.475,543.177
225.000,30,363.797,1484.331,152.864
225.000,31,1014.194,630.787,568.173
225.000,32,1849.972,564.013,268.663
225.000,33,353.405,374.348,137.663
225.000,34,1326.792,244.880,100.326
225.000,35,819.567,396.333,201.143
225.000,36,670.177,1364.893,364.662
225.000,37,192.642,401.530,373.014
225.000,38,106.570,201.034,423.080
225.000,39,1690.547,636.271,542.062
225.000,40,1788.969,1197.847,236.500
225.000,41,1844.417,436.922,561.485
225.000,42,1592.451,1501.159,344.022
225.000,43,1122.102,1336.341,551.139
225.000,44,1504.459,360.467,299.719
225.000,45,1082.973,278.519,239.949
225.000,46,820.631,61.045,496.057
225.000,47,559.688,1115.757,169.354
225.000,48,336.881,1401.380,369.265
225.000,49,2125.291,362.378,387.999
225.000,50,2054.190,47.751,398.643
225.000,51,737.330,177.732,495.089
225.000,52,1406.360,958.387,528.218
225.000,53,34.064,1343.705,428.153
225.000,54,183.636,682.951,421.305
225.000,55,597.423,573.511,597.831
225.000,56,1484.981,737.631,170.703
225.000,57,293.695,834.829,470.325
225.000,58,1458.755,826.535,349.936
225.000,59,1323.250,571.107,246.399
230.000,0,1403.467,562.358,310.615
230.000,1,2005.582,1102.158,351.537
230.000,2,382.256,76.643,522.053
230.000,3,1407.415,1200.768,339.034
230.000,4,728.844,857.353,365.833
230.000,5,1699.972,1142.120,394.517
230.000,6,972.392,1181.334,284.326
230.000,7,704.965,1033.337,153.186
230.000,8,51.702,935.753,359.086
230.000,9,1067.389,166.082,367.843
230.000,10,393.791,119.452,560.897
230.000,11,297.487,429.440,116.287
230.000,12,1784.417,364.908,177.912
230.000,13,465.308,1076.080,176.982
230.000,14,52.003,637.765,447.092
230.000,15,826.435,1307.351,361.292
230.000,16,11.022,128.479,166.010
230.000,17,34.081,739.094,212.690
230.000,18,345.221,1080.417,581.438
230.000,19,796.444,358.370,121.659
230.000,20,931.480,930.795,322.552
230.000,21,1133.244,1482.488,292.751
230.000,22,1215.659,749.851,287.309
230.000,23,2164.191,813.928,352.492
230.000,24,1430.649,1421.000,582.425
230.000,25,513.486,1160.443,349.604
230.000,26,1422.273,692.995,466.655
230.000,27,466.836,1003.121,442.690
230.000,28,1905.861,90.427,559.042
230.000,29,55.164,541.237,548.365
230.000,30,501.627,1521.573,146.839
230.000,31,880.177,607.064,564.388
230.000,32,1824.877,646.197,272.335
230.000,33,356.710,273.303,140.107
230.000,34,1264.834,292.094,102.734
230.000,35,820.859,286.666,201.181
230.000,36,752.052,1326.202,361.143
230.000,37,100.993,302.400,370.233
230.000,38,199.517,215.109,422.911
230.000,39,1759.659,616.414,542.138
230.000,40,1842.512,1111.304,241.643
230.000,41,1771.116,515.194,566.475
230.000,42,1539.891,1436.827,342.106
230.000,43,1251.176,1375.050,557.910
230.000,44,1402.977,323.012,299.173
230.000,45,1100.455,412.083,235.240
230.000,46,808.185,146.410,498.596
230.000,47,506.483,1032.234,165.135
230.000,48,298.512,1277.519,370.055
230.000,49,2028.654,345.156,384.911
230.000,50,1934.740,63.104,402.169
230.000,51,755.784,97.248,494.416
230.000,52,1355.183,865.460,528.331
230.000,53,81.191,1323.120,425.121
230.000,54,92.670,787.108,416.168
230.000,55,712.275,622.013,596.993
230.000,56,1401.096,724.706,169.212
230.000,57,171.894,897.432,473.414
230.000,58,1446.539,753.526,349.434
230.000,59,1273.262,629.842,243.583
235.000,0,1320.963,602.066,313.202
235.000,1,2033.829,1008.693,354.220
235.000,2,396.598,12.483,526.059
235.000,3,1517.454,1234.549,339.205
235.000,4,856.887,860.835,359.140
235.000,5,1761.972,1211.587,394.176
235.000,6,1052.679,1229.992,287.283
235.000,7,660.980,1127.898,146.714
235.000,8,130.712,820.425,353.669
235.000,9,972.523,232.466,362.409
235.000,10,413.536,207.135,558.023
235.000,11,337.344,363.472,118.121
235.000,12,1882.230,408.120,181.215
235.000,13,407.764,1191.435,172.292
235.000,14,167.358,666.516,451.458
235.000,15,853.196,1397.039,361.310
235.000,16,27.174,14.163,169.650
235.000,17,179.562,724.445,219.207
235.000,18,408.710,1029.101,584.257
235.000,19,707.555,394.871,126.208
235.000,20,1022.786,991.116,325.481
235.000,21,1239.593,1499.528,289.723
235.000,22,1118.856,777.897,291.066
235.000,23,2160.753,700.045,348.430
235.000,24,1468.790,1327.471,582.302
235.000,25,594.152,1132.377,346.773
235.000,26,1439.637,825.833,466.970
235.000,27,550.399,880.839,446.543
235.000,28,1898.934,63.901,552.692
235.000,29,94.532,603.597,551.527
235.000,30,646.275,1492.053,139.476
235.000,31,748.202,565.294,562.135
235.000,32,1797.384,728.741,273.434
235.000,33,360.313,164.973,141.853
235.000,34,1203.778,337.236,103.666
235.000,35,801.066,177.887,198.627
235.000,36,823.897,1270.762,359.405
235.000,37,6.023,202.531,366.794
235.000,38,289.639,202.152,423.118
235.000,39,1834.124,585.578,542.293
235.000,40,1895.719,1029.170,246.352
235.000,41,1695.591,589.547,569.747
235.000,42,1475.575,1377.827,338.106
235.000,43,1386.188,1371.361,562.719
235.000,44,1297.242,293.903,295.364
235.000,45,1109.906,548.005,229.399
235.000,46,812.417,234.615,501.275
235.000,47,438.944,959.172,159.692
235.000,48,298.303,1142.695,370.895
235.000,49,1930.835,326.702,384.790
235.000,50,1816.816,79.528,406.145
235.000,51,783.089,16.233,494.745
235.000,52,1312.836,776.200,530.429
235.000,53,187.951,1306.318,424.754
235.000,54,29.659,861.070,412.923
235.000,55,829.375,654.731,592.320
235.000,56,1313.094,704.187,165.665
235.000,57,89.148,1005.525,474.276
235.000,58,1431.274,680.776,349.902
235.000,59,1215.685,679.813,240.457
240.000,0,1221.843,626.652,317.070
240.000,1,2063.658,919.423,355.521
240.000,2,381.022,82.419,529.996
240.000,3,1622.403,1271.842,340.901
240.000,4,981.681,851.442,355.000
240.000,5,1837.981,1268.202,396.414
240.000,6,1141.956,1265.231,289.556
240.000,7,614.159,1219.501,143.287
240.000,8,198.237,695.855,349.518
240.000,9,878.492,277.635,358.355
240.000,10,429.626,292.607,556.542
240.000,11,377.941,306.615,122.012
240.000,12,1978.580,462.167,186.359
240.000,13,346.600,1298.592,165.895
240.000,14,283.811,671.383,457.433
240.000,15,880.150,1488.233,358.451
240.000,16,38.342,101.829,173.089
240.000,17,323.695,752.077,228.680
240.000,18,459.988,960.386,587.123
240.000,19,612.087,396.993,133.142
240.000,20,1094.734,1078.898,331.017
240.000,21,1351.679,1439.646,288.059
240.000,22,1017.581,805.118,297.154
240.000,23,2151.019,579.119,344.666
240.000,24,1487.097,1230.682,584.772
240.000,25,665.579,1088.897,344.908
240.000,26,1468.421,961.644,465.623
240.000,27,669.435,801.140,449.780
240.000,28,1905.689,193.800,544.830
240.000,29,136.272,663.218,554.309
240.000,30,795.717,1483.541,135.229
240.000,31,612.658,535.662,558.687
240.000,32,1782.243,810.721,276.467
240.000,33,390.821,65.097,145.599
240.000,34,1140.055,375.809,105.486
240.000,35,784.123,67.621,197.989
240.000,36,885.694,1205.180,356.584
240.000,37,112.370,103.368,364.866
240.000,38,388.551,187.197,420.945
240.000,39,1913.667,555.525,542.339
240.000,40,1953.519,947.423,251.649
240.000,41,1623.289,676.798,573.693
240.000,42,1407.582,1320.368,333.851
240.000,43,1515.568,1425.722,568.137
240.000,44,1188.186,265.101,293.754
240.000,45,1112.044,670.917,227.317
240.000,46,824.329,327.488,504.846
240.000,47,369.603,886.080,153.210
240.000,48,272.720,1016.794,368.593
240.000,49,1840.058,294.907,386.342
240.000,50,1700.060,98.705,407.695
240.000,51,798.221,80.414,496.723
240.000,52,1268.257,686.517,532.912
240.000,53,298.683,1293.331,422.152
240.000,54,111.722,966.495,410.087
240.000,55,957.587,677.066,585.841
240.000,56,1233.795,704.806,162.045
240.000,57,35.302,1094.250,472.230
240.000,58,1411.619,604.242,349.613
240.000,59,1169.014,749.167,238.638
245.000,0,1126.085,637.454,320.107
245.000,1,2114.750,840.955,356.864
245.000,2,373.525,157.887,531.183
245.000,3,1728.412,1289.438,340.714
245.000,4,1109.951,842.507,352.084
245.000,5,1910.459,1319.843,397.729
245.000,6,1236.841,1310.474,294.293
245.000,7,559.905,1310.490,139.374
245.000,8,264.902,571.535,348.942
245.000,9,784.756,343.645,354.558
245.000,10,440.856,373.940,554.747
245.000,11,405.710,229.540,123.688
245.000,12,2071.352,520.224,189.546
245.000,13,284.918,1409.435,160.382
245.000,14,402.956,688.271,463.599
245.000,15,897.768,1455.025,356.259
245.000,16,65.470,217.439,178.042
245.000,17,472.561,743.663,239.159
245.000,18,509.859,899.723,590.370
245.000,19,520.742,427.663,135.543
245.000,20,1160.248,1173.614,336.774
245.000,21,1461.994,1392.241,285.725
245.000,22,915.179,835.259,300.054
245.000,23,2156.342,460.753,339.856
245.000,24,1525.576,1148.568,585.277
245.000,25,731.829,1069.056,343.629
245.000,26,1497.908,1094.297,463.835
245.000,27,782.146,719.633,450.652
245.000,28,1883.085,322.639,539.110
245.000,29,170.169,727.900,557.241
245.000,30,933.387,1431.789,129.203
245.000,31,476.611,523.409,554.702
245.000,32,1764.952,892.196,278.837
245.000,33,405.662,27.168,150.579
245.000,34,1068.933,418.139,104.554
245.000,35,745.943,56.741,195.721
245.000,36,963.769,1148.847,353.375
245.000,37,223.490,13.922,360.609
245.000,38,478.710,149.600,421.148
245.000,39,1989.813,526.824,543.585
245.000,40,1996.335,863.665,255.604
245.000,41,1553.576,757.825,575.024
245.000,42,1341.341,1259.603,330.824
245.000,43,1649.276,1440.355,572.389
245.000,44,1085.848,216.535,291.724
245.000,45,1091.147,802.598,223.424
245.000,46,829.261,415.122,505.753
245.000,47,332.789,799.199,151.227
245.000,48,275.241,882.882,365.941
245.000,49,1747.188,290.739,385.868
245.000,50,1581.243,105.335,410.353
245.000,51,798.110,168.463,499.349
245.000,52,1207.113,604.326,535.539
245.000,53,407.169,1266.426,420.231
245.000,54,228.140,1039.945,402.577
245.000,55,1070.775,709.038,583.342
245.000,56,1159.256,710.691,159.224
245.000,57,132.571,1190.402,475.879
245.000,58,1395.940,527.141,350.834
245.000,59,1128.382,816.083,236.790
250.000,0,1031.271,666.938,320.872
250.000,1,2170.907,756.722,358.301
250.000,2,376.771,231.806,533.223
250.000,3,1840.664,1301.085,343.040
250.000,4,1233.673,804.735,350.003
250.000,5,1971.807,1381.732,398.305
250.000,6,1333.554,1343.590,300.338
250.000,7,489.597,1389.939,133.748
250.000,8,342.122,453.928,346.884
250.000,9,697.569,410.923,350.084
250.000,10,446.387,460.509,553.088
250.000,11,446.550,151.735,126.190
250.000,12,2167.998,568.578,194.769
250.000,13,217.887,1513.398,155.980
250.000,14,505.309,746.339,467.837
250.000,15,935.707,1366.374,354.898
250.000,16,90.846,333.207,180.567
250.000,17,612.803,739.678,247.524
250.000,18,563.130,836.603,596.617
250.000,19,432.473,416.808,139.874
250.000,20,1241.364,1249.577,342.013
250.000,21,1570.122,1341.925,285.122
250.000,22,823.153,881.743,302.071
250.000,23,2152.902,343.492,336.894
250.000,24,1533.698,1052.107,585.285
250.000,25,799.678,1031.134,340.306
250.000,26,1519.666,1228.225,460.994
250.000,27,916.426,667.552,454.692
250.000,28,1899.713,451.897,528.663
250.000,29,198.950,792.000,558.435
250.000,30,1074.345,1405.924,124.161
250.000,31,343.221,504.343,551.979
250.000,32,1732.616,965.330,281.576
250.000,33,410.992,122.681,152.690
250.000,34,1008.508,463.034,105.366
250.000,35,734.102,170.780,195.581
250.000,36,1044.360,1103.980,352.024
250.000,37,303.314,121.878,361.011
250.000,38,567.108,131.742,422.269
250.000,39,2064.489,514.991,543.687
250.000,40,2033.680,777.826,260.861
250.000,41,1471.028,828.005,578.815
250.000,42,1275.930,1207.284,329.206
250.000,43,1793.842,1443.023,575.371
250.000,44,987.521,155.283,290.443
250.000,45,1078.944,941.346,221.088
250.000,46,836.290,502.634,509.151
250.000,47,292.629,707.382,144.673
250.000,48,259.849,751.335,365.977
250.000,49,1652.553,263.348,382.890
250.000,50,1464.156,100.128,413.331
250.000,51,804.753,254.328,501.255
250.000,52,1158.008,518.858,538.385
250.000,53,515.132,1259.615,416.528
250.000,54,335.437,1119.581,397.415
250.000,55,1188.239,736.818,581.550
250.000,56,1078.746,715.595,156.655
250.000,57,232.844,1285.973,478.295
250.000,58,1376.174,450.807,350.310
250.000,59,1069.343,864.962,236.926
255.000,0,934.195,667.664,324.742
255.000,1,2120.072,673.862,361.349
255.000,2,353.284,302.117,536.825
255.000,3,1953.517,1321.694,343.084
255.000,4,1365.999,798.085,348.011
255.000,5,2032.076,1461.729,398.137
255.000,6,1420.755,1390.414,305.282
255.000,7,433.228,1481.483,128.158
255.000,8,445.944,361.073,342.503
255.000,9,599.198,470.752,344.409
255.000,10,470.692,538.991,550.110
255.000,11,492.508,80.954,127.712
255.000,12,2064.593,624.160,202.554
255.000,13,146.694,1411.222,152.854
255.000,14,623.590,778.916,470.743
255.000,15,976.293,1279.879,351.720
255.000,16,95.163,442.966,184.384
255.000,17,751.958,759.475,252.299
255.000,18,615.989,773.819,599.965
255.000,19,342.725,430.643,142.853
255.000,20,1335.182,1308.313,345.640
255.000,21,1668.386,1268.620,283.879
255.000,22,725.614,909.749,303.130
255.000,23,2143.192,222.538,330.034
255.000,24,1572.916,960.404,589.338
255.000,25,868.030,991.803,339.164
255.000,26,1539.305,1357.073,459.200
255.000,27,1009.407,562.537,456.262
255.000,28,1906.146,587.604,525.388
255.000,29,238.118,863.029,562.577
255.000,30,1215.860,1390.608,117.335
255.000,31,218.963,489.200,548.841
255.000,32,1706.989,1051.824,282.185
255.000,33,422.358,221.768,157.244
255.000,34,942.113,501.485,108.146
255.000,35,726.130,282.369,196.475
255.000,36,1113.077,1040.989,350.853
255.000,37,400.105,223.753,359.741
255.000,38,670.643,141.875,421.699
255.000,39,2136.851,492.580,544.128
255.000,40,2061.995,683.518,264.841
255.000,41,1395.837,897.938,582.375
255.000,42,1213.143,1151.598,326.283
255.000,43,1932.528,1491.494,576.654
255.000,44,891.905,119.754,288.667
255.000,45,1047.608,1070.437,215.418
255.000,46,825.996,596.291,514.200
255.000,47,239.671,625.628,141.329
255.000,48,259.603,622.074,366.921
255.000,49,1563.660,224.170,380.272
255.000,50,1353.794,118.899,415.642
255.000,51,816.044,338.276,501.152
255.000,52,1116.499,435.384,540.409
255.000,53,622.863,1243.884,410.500
255.000,54,438.180,1207.151,389.675
255.000,55,1314.903,753.014,577.475
255.000,56,995.143,698.870,154.461
255.000,57,345.386,1354.372,478.422
255.000,58,1347.992,383.064,351.370
255.000,59,1012.862,924.530,234.928
260.000,0,845.777,692.301,329.515
260.000,1,2071.548,586.903,363.809
260.000,2,341.996,376.887,541.175
260.000,3,2039.312,1376.556,341.430
260.000,4,1499.621,804.156,346.190
260.000,5,2087.039,1504.306,399.419
260.000,6,1503.010,1443.807,312.807
260.000,7,388.765,1447.298,122.036
260.000,8,542.841,266.122,340.400
260.000,9,504.511,524.293,338.960
260.000,10,480.787,629.655,547.121
260.000,11,533.776,8.968,129.155
260.000,12,1974.623,690.650,207.192
260.000,13,84.258,1305.432,150.242
260.000,14,736.276,797.032,475.244
260.000,15,1015.933,1191.816,349.452
260.000,16,99.691,560.689,189.107
260.000,17,885.607,775.263,257.761
260.000,18,671.525,715.470,595.938
260.000,19,256.949,458.020,146.004
260.000,20,1435.608,1364.108,349.167
260.000,21,1771.471,1204.004,282.772
260.000,22,623.557,907.036,305.025
260.000,23,2155.727,98.850,324.661
260.000,24,1600.960,862.521,591.117
260.000,25,941.049,950.653,336.118
260.000,26,1541.582,1485.809,461.340
260.000,27,1117.196,470.218,460.074
260.000,28,1899.060,714.289,519.190
260.000,29,272.636,930.089,564.946
260.000,30,1357.070,1410.957,114.326
260.000,31,87.944,455.035,542.947
260.000,32,1678.795,1126.871,282.750
260.000,33,435.111,314.364,160.070
260.000,34,871.381,536.016,109.102
260.000,35,700.635,391.767,195.582
260.000,36,1191.971,990.609,347.466
260.000,37,500.156,322.938,361.737
260.000,38,756.247,107.451,420.786
260.000,39,2120.993,488.151,543.042
260.000,40,2115.349,600.750,270.898
260.000,41,1324.521,981.512,585.128
260.000,42,1164.230,1086.641,322.197
260.000,43,2066.809,1505.466,581.455
260.000,44,796.905,80.115,288.606
260.000,45,1070.056,1199.749,211.135
260.000,46,839.062,678.765,515.247
260.000,47,182.753,549.569,138.577
260.000,48,258.832,490.834,364.833
260.000,49,1468.081,203.422,379.115
260.000,50,1229.912,126.184,421.908
260.000,51,835.914,415.657,500.303
260.000,52,1070.236,351.665,541.712
260.000,53,737.539,1245.596,409.031
260.000,54,547.705,1277.834,383.735
260.000,55,1423.872,811.347,575.150
260.000,56,910.524,699.845,151.585
260.000,57,462.293,1441.616,480.648
260.000,58,1329.642,308.319,352.101
260.000,59,967.717,988.873,234.777
265.000,0,751.075,691.739,333.046
265.000,1,2035.932,499.978,365.949
265.000,2,333.585,456.126,545.641
265.000,3,2147.026,1385.685,341.983
265.000,4,1625.411,822.588,339.468
265.000,5,2161.741,1445.905,398.009
265.000,6,1583.477,1481.016,318.337
265.000,7,326.971,1353.712,118.452
265.000,8,638.869,171.294,337.397
265.000,9,400.336,575.166,332.487
265.000,10,501.079,705.821,545.094
265.000,11,569.152,62.407,131.319
265.000,12,1870.356,736.685,212.223
265.000,13,18.612,1201.754,149.097
265.000,14,843.420,831.468,480.644
265.000,15,1048.885,1107.638,347.116
265.000,16,129.415,666.633,191.814
265.000,17,1025.379,750.766,262.758
265.000,18,708.321,640.077,591.721
265.000,19,169.936,478.804,150.715
265.000,20,1523.172,1444.403,353.159
265.000,21,1887.760,1163.172,282.894
265.000,22,526.591,921.510,308.353
265.000,23,2170.497,33.878,319.229
265.000,24,1607.512,767.899,593.048
265.000,25,1010.131,912.788,335.161
265.000,26,1578.202,1413.354,462.317
265.000,27,1236.320,397.355,462.118
265.000,28,1906.968,847.000,514.544
265.000,29,290.601,1007.949,569.776
265.000,30,1504.482,1404.421,109.836
265.000,31,58.164,439.080,538.502
265.000,32,1646.518,1202.513,285.170
265.000,33,472.856,410.064,163.569
265.000,34,807.031,576.531,111.480
265.000,35,710.351,511.012,197.099
265.000,36,1265.071,930.514,340.533
265.000,37,616.357,405.533,358.546
265.000,38,853.775,81.872,420.492
265.000,39,2048.536,471.591,543.611
265.000,40,2172.968,526.459,275.509
265.000,41,1249.088,1071.160,585.647
265.000,42,1112.563,1023.337,320.091
265.000,43,2124.252,1492.339,587.753
265.000,44,686.704,53.468,288.589
265.000,45,1067.004,1330.550,206.891
265.000,46,835.733,771.028,520.682
265.000,47,131.532,465.907,134.378
265.000,48,248.173,355.425,366.725
265.000,49,1373.895,172.109,376.760
265.000,50,1103.163,129.108,426.743
265.000,51,843.595,500.497,502.614
265.000,52,1025.408,264.398,542.910
265.000,53,842.038,1219.551,404.824
265.000,54,642.652,1368.409,377.958
265.000,55,1540.088,821.165,573.794
265.000,56,830.085,688.588,149.081
265.000,57,566.051,1511.588,483.626
265.000,58,1309.196,237.034,353.444
265.000,59,930.291,1056.946,233.597
270.000,0,659.769,722.327,338.203
270.000,1,1991.448,415.806,369.576
270.000,2,331.991,535.031,549.552
270.000,3,2083.856,1402.668,340.510
270.000,4,1751.170,829.288,335.543
270.000,5,2106.374,1385.253,399.079
270.000,6,1676.712,1514.892,324.436
270.000,7,260.402,1267.846,113.104
270.000,8,728.492,58.533,337.049
270.000,9,313.726,635.356,328.516
270.000,10,519.775,786.509,542.494
270.000,11,609.948,136.266,134.733
270.000,12,1784.125,809.268,216.475
270.000,13,43.757,1094.619,145.721
270.000,14,963.333,841.460,484.775
270.000,15,1095.015,1030.576,343.467
270.000,16,135.016,785.239,194.485
270.000,17,1160.475,750.070,271.146
270.000,18,750.113,575.894,589.214
270.000,19,84.981,512.737,155.616
270.000,20,1618.475,1507.054,357.712
270.000,21,1993.312,1104.475,279.537
270.000,22,425.597,944.365,314.125
270.000,23,2150.316,156.903,316.720
270.000,24,1638.472,672.201,597.571
270.000,25,1086.357,900.691,333.163
270.000,26,1633.620,1287.922,460.813
270.000,27,1331.724,296.280,461.893
270.000,28,1901.166,980.065,506.310
270.000,29,329.135,1071.341,572.843
270.000,30,1656.888,1389.875,103.359
270.000,31,187.056,416.807,531.742
270.000,32,1608.163,1278.259,289.079
270.000,33,477.691,507.231,165.080
270.000,34,742.255,610.744,113.037
270.000,35,682.154,626.829,194.353
270.000,36,1342.405,880.418,336.180
270.000,37,670.135,526.892,355.238
270.000,38,950.571,71.793,419.186
270.000,39,1975.155,450.979,544.855
270.000,40,2114.957,448.801,280.371
270.000,41,1167.487,1154.964,590.179
270.000,42,1045.145,977.525,317.979
270.000,43,2001.441,1418.859,589.938
270.000,44,584.807,24.922,288.315
270.000,45,1063.927,1457.374,204.747
270.000,46,827.037,851.611,523.474
270.000,47,79.403,381.086,130.285
270.000,48,238.195,228.766,366.480
270.000,49,1289.484,134.433,373.321
270.000,50,982.300,148.223,430.417
270.000,51,872.440,582.838,501.583
270.000,52,978.454,171.086,546.175
270.000,53,942.323,1181.284,400.872
270.000,54,721.512,1479.364,374.538
270.000,55,1661.344,822.009,570.970
270.000,56,757.225,671.944,146.255
270.000,57,672.318,1431.673,482.862
270.000,58,1288.838,170.400,354.507
270.000,59,872.087,1115.173,232.873
275.000,0,562.211,733.125,344.507
275.000,1,1957.298,322.713,374.112
275.000,2,310.127,608.540,551.940
275.000,3,1978.635,1411.561,336.981
275.000,4,1878.866,823.244,333.600
275.000,5,2034.281,1323.432,396.925
275.000,6,1772.496,1479.093,328.844
275.000,7,203.658,1190.052,107.150
275.000,8,823.826,54.860,336.411
275.000,9,225.484,704.082,325.257
275.000,10,533.384,868.610,540.771
275.000,11,649.933,206.426,136.239
275.000,12,1702.132,873.156,222.455
275.000,13,117.488,1001.547,141.095
275.000,14,1081.036,879.393,491.336
275.000,15,1129.151,943.539,342.226
275.000,16,160.531,899.471,195.721
275.000,17,1309.336,752.421,278.763
275.000,18,781.531,500.331,585.470
275.000,19,14.973,555.628,159.874
275.000,20,1720.111,1482.047,362.454
275.000,21,2110.351,1062.676,278.841
275.000,22,327.302,950.739,315.850
275.000,23,2114.785,268.561,313.769
275.000,24,1675.078,581.728,599.332
275.000,25,1168.646,882.578,330.895
275.000,26,1690.010,1161.917,464.091
275.000,27,1419.878,193.346,460.540
275.000,28,1887.221,1113.628,497.138
275.000,29,371.794,1134.857,576.840
275.000,30,1798.847,1383.501,104.188
275.000,31,320.179,395.849,527.549
275.000,32,1575.150,1353.166,291.394
275.000,33,497.407,608.693,170.839
275.000,34,664.160,636.099,114.147
275.000,35,673.164,743.806,194.468
275.000,36,1415.650,820.544,332.028
275.000,37,745.581,640.857,352.258
275.000,38,1040.876,44.921,420.132
275.000,39,1902.351,417.562,545.422
275.000,40,2068.607,358.657,285.248
275.000,41,1088.250,1221.996,589.921
275.000,42,989.975,909.916,314.829
275.000,43,1860.877,1406.640,596.462
275.000,44,480.669,3.401,288.998
275.000,45,1048.525,1450.283,200.974
275.000,46,825.214,935.413,525.712
275.000,47,21.768,307.253,125.984
275.000,48,222.860,98.943,366.950
275.000,49,1193.574,130.866,370.110
275.000,50,856.911,137.373,436.588
275.000,51,883.548,665.493,502.435
275.000,52,931.269,81.948,547.342
275.000,53,1053.317,1143.429,398.630
275.000,54,827.032,1464.972,369.096
275.000,55,1781.750,841.871,568.837
275.000,56,674.076,648.973,143.032
275.000,57,780.239,1357.097,484.723
275.000,58,1269.707,95.339,354.811
275.000,59,828.724,1187.943,231.828
280.000,0,472.133,746.782,347.118
280.000,1,1911.211,235.566,376.517
280.000,2,294.627,687.907,554.688
280.000,3,1877.197,1447.348,335.564
280.000,4,2010.850,808.636,328.690
280.000,5,1959.287,1259.338,393.840
280.000,6,1858.860,1434.742,332.704
280.000,7,150.578,1106.650,100.965
280.000,8,906.640,163.702,332.727
280.000,9,141.157,771.906,320.871
280.000,10,535.385,954.319,538.098
280.000,11,688.249,280.638,138.223
280.000,12,1617.157,947.434,227.046
280.000,13,167.242,888.623,133.921
280.000,14,1188.141,928.318,498.013
280.000,15,1165.888,860.891,338.948
280.000,16,205.135,1005.314,198.400
280.000,17,1454.987,761.111,288.129
280.000,18,833.490,433.821,582.940
280.000,19,103.433,565.200,165.250
280.000,20,1814.477,1423.123,367.171
280.000,21,2117.630,992.924,276.355
280.000,22,233.223,971.383,319.938
280.000,23,2120.241,385.217,310.285
280.000,24,1721.885,496.772,599.438
280.000,25,1246.840,858.940,328.715
280.000,26,1712.011,1027.182,467.506
280.000,27,1519.731,96.802,464.831
280.000,28,1859.372,1243.311,489.941
280.000,29,393.690,1211.370,579.547
280.000,30,1930.649,1323.704,110.106
280.000,31,436.882,322.839,517.229
280.000,32,1539.116,1433.785,292.607
280.000,33,532.587,699.031,177.021
280.000,34,595.520,665.287,114.710
280.000,35,660.513,856.946,194.883
280.000,36,1491.379,765.861,328.256
280.000,37,814.949,764.521,350.524
280.000,38,1141.048,36.761,419.926
280.000,39,1825.047,396.512,545.650
280.000,40,2027.222,264.528,292.030
280.000,41,1027.908,1311.810,593.612
280.000,42,922.936,863.059,311.271
280.000,43,1729.608,1375.927,599.096
280.000,44,383.222,65.976,289.442
280.000,45,1035.039,1317.962,194.630
280.000,46,808.214,1019.513,528.854
280.000,47,13.144,215.114,121.080
280.000,48,207.737,64.964,367.318
280.000,49,1093.246,124.654,367.308
280.000,50,735.113,133.711,441.387
280.000,51,898.926,752.138,503.260
280.000,52,869.205,2.718,547.903
280.000,53,1153.609,1103.917,397.931
280.000,54,936.389,1390.089,364.092
280.000,55,1902.168,855.255,563.713
280.000,56,591.823,627.559,140.239
280.000,57,873.809,1261.582,482.911
280.000,58,1251.799,21.592,354.689
280.000,59,768.765,1243.727,230.661
285.000,0,378.687,768.919,349.977
285.000,1,1884.153,144.272,380.050
285.000,2,301.568,758.068,558.761
285.000,3,1770.951,1471.526,334.379
285.000,4,2138.170,816.150,324.961
285.000,5,1898.161,1187.281,392.213
285.000,6,1948.267,1394.998,338.360
285.000,7,78.652,1024.752,105.722
285.000,8,1012.120,252.542,331.843
285.000,9,56.498,841.373,316.796
285.000,10,557.658,1038.342,533.346
285.000,11,751.624,330.835,141.404
285.000,12,1531.326,1021.292,231.396
285.000,13,245.405,785.222,128.442
285.000,14,1293.363,969.101,501.518
285.000,15,1225.484,782.013,337.050
285.000,16,241.384,1119.664,204.897
285.000,17,1588.186,759.141,292.734
285.000,18,884.149,372.784,578.901
285.000,19,186.906,588.529,171.902
285.000,20,1893.893,1344.081,370.986
285.000,21,2009.697,934.426,275.771
285.000,22,133.897,995.456,323.401
285.000,23,2104.071,501.937,307.384
285.000,24,1741.780,394.749,595.027
285.000,25,1321.698,829.874,328.084
285.000,26,1739.693,903.634,465.045
285.000,27,1624.617,2.727,465.964
285.000,28,1840.735,1379.605,484.721
285.000,29,432.198,1277.553,582.498
285.000,30,2069.969,1302.755,112.127
285.000,31,562.305,265.575,512.134
285.000,32,1510.021,1511.263,295.004
285.000,33,534.699,788.472,181.411
285.000,34,531.359,708.968,114.961
285.000,35,669.703,968.843,196.631
285.000,36,1572.579,705.277,324.177
285.000,37,898.113,879.203,350.878
285.000,38,1237.949,28.614,420.944
285.000,39,1755.742,381.173,545.292
285.000,40,1972.964,179.330,297.214
285.000,41,949.138,1390.818,596.993
285.000,42,866.503,804.368,309.918
285.000,43,1592.540,1346.098,592.837
285.000,44,270.170,106.069,287.798
285.000,45,1051.556,1185.020,187.551
285.000,46,812.605,1105.608,531.543
285.000,47,76.014,144.791,116.424
285.000,48,184.267,204.527,366.974
285.000,49,1003.028,91.418,366.533
285.000,50,614.283,108.819,445.071
285.000,51,907.572,830.728,504.829
285.000,52,828.633,96.671,549.498
285.000,53,1262.488,1095.352,397.125
285.000,54,1038.781,1309.460,357.849
285.000,55,2027.149,855.611,561.582
285.000,56,507.292,630.474,139.707
285.000,57,983.519,1188.899,482.914
285.000,58,1232.406,69.335,354.168
285.000,59,707.889,1300.877,228.762
290.000,0,291.396,793.855,352.700
290.000,1,1838.687,56.504,382.427
290.000,2,303.015,830.641,562.828
290.000,3,1668.896,1478.448,331.869
290.000,4,2065.808,797.898,321.788
290.000,5,1830.184,1128.068,391.306
290.000,6,2039.872,1364.764,342.936
290.000,7,11.906,941.178,111.756
290.000,8,1110.690,354.910,326.934
290.000,9,46.163,909.366,312.546
290.000,10,576.959,1115.583,530.489
290.000,11,793.526,399.847,143.715
290.000,12,1433.569,1072.155,236.444
290.000,13,306.573,679.371,120.661
290.000,14,1413.111,997.078,504.090
290.000,15,1259.768,690.032,334.152
290.000,16,253.088,1234.510,210.218
290.000,17,1728.772,759.841,300.875
290.000,18,955.279,329.576,576.606
290.000,19,274.626,607.314,176.421
290.000,20,1979.439,1271.592,373.725
290.000,21,1898.922,870.021,278.453
290.000,22,37.791,1013.846,327.896
290.000,23,2117.370,624.824,303.239
290.000,24,1788.805,305.419,594.456
290.000,25,1395.768,795.606,327.796
290.000,26,1756.906,775.995,466.730
290.000,27,1733.400,99.130,468.666
290.000,28,1874.369,1507.806,476.693
290.000,29,453.087,1345.996,585.297
290.000,30,2128.724,1291.325,118.459
290.000,31,695.173,254.738,504.932
290.000,32,1478.542,1441.483,299.312
290.000,33,530.073,882.563,183.833
290.000,34,457.671,736.877,118.322
290.000,35,655.434,1076.568,197.314
290.000,36,1654.835,652.563,321.791
290.000,37,970.958,1006.587,347.781
290.000,38,1326.832,29.764,422.187
290.000,39,1682.181,364.014,544.058
290.000,40,1936.459,94.006,301.432
290.000,41,862.618,1450.062,599.459
290.000,42,794.737,747.528,307.491
290.000,43,1461.102,1302.291,590.999
290.000,44,161.546,146.064,285.742
290.000,45,1050.011,1049.160,182.126
290.000,46,825.387,1188.712,533.335
290.000,47,120.652,56.069,112.155
290.000,48,156.145,337.546,366.397
290.000,49,905.714,74.107,363.254
290.000,50,483.370,102.135,451.806
290.000,51,920.110,919.020,504.834
290.000,52,786.599,181.107,551.389
290.000,53,1371.794,1075.891,393.149
290.000,54,1152.712,1246.327,352.512
290.000,55,2149.953,881.278,559.634
290.000,56,421.232,640.323,136.045
290.000,57,1111.444,1131.318,482.442
290.000,58,1227.609,147.182,354.082
290.000,59,659.567,1355.133,227.019
295.000,0,190.314,793.057,356.606
295.000,1,1792.090,37.633,384.739
295.000,2,280.789,904.592,566.572
295.000,3,1570.838,1503.140,332.622
295.000,4,1945.058,762.562,319.016
295.000,5,1759.073,1062.304,392.754
295.000,6,2118.275,1320.657,348.535
295.000,7,54.618,857.162,117.144
295.000,8,1205.209,457.139,323.249
295.000,9,143.084,965.189,307.811
295.000,10,593.151,1199.962,527.740
295.000,11,839.461,461.474,145.431
295.000,12,1347.342,1140.194,240.726
295.000,13,380.005,579.978,117.527
295.000,14,1522.741,1040.142,507.899
295.000,15,1306.127,603.375,333.336
295.000,16,268.849,1354.789,213.018
295.000,17,1867.622,764.311,311.961
295.000,18,1017.955,276.989,573.068
295.000,19,367.086,624.244,181.095
295.000,20,2070.628,1203.333,375.917
295.000,21,1787.025,813.058,280.636
295.000,22,77.461,1048.539,331.289
295.000,23,2095.487,741.304,301.106
295.000,24,1818.868,210.151,594.601
295.000,25,1471.747,773.076,325.226
295.000,26,1763.396,638.752,464.887
295.000,27,1844.417,182.741,469.592
295.000,28,1855.790,1406.128,469.829
295.000,29,465.964,1426.091,589.222
295.000,30,1984.171,1273.309,124.581
295.000,31,821.752,207.914,502.564
295.000,32,1442.820,1368.147,300.033
295.000,33,523.833,980.809,186.745
295.000,34,399.349,783.532,119.928
295.000,35,626.586,1179.293,195.735
295.000,36,1717.385,582.950,318.560
295.000,37,1061.922,1117.753,345.309
295.000,38,1428.801,38.919,420.985
295.000,39,1613.397,356.446,543.954
295.000,40,1901.690,1.514,308.415
295.000,41,797.417,1487.535,597.343
295.000,42,732.488,688.065,304.779
295.000,43,1325.398,1251.174,586.875
295.000,44,60.897,200.475,283.602
295.000,45,1054.799,916.941,174.248
295.000,46,824.390,1270.500,537.814
295.000,47,177.068,34.048,107.448
295.000,48,164.243,473.666,367.914
295.000,49,812.145,62.646,360.519
295.000,50,360.992,101.363,455.453
295.000,51,938.670,999.559,501.813
295.000,52,721.941,256.515,555.198
295.000,53,1480.320,1081.310,389.580
295.000,54,1250.661,1152.122,349.728
295.000,55,2082.857,902.775,558.161
295.000,56,330.908,622.593,132.164
295.000,57,1229.523,1050.529,485.585
295.000,58,1218.560,217.493,354.083
295.000,59,610.801,1415.332,226.041
