t_s,node,x,y,z
0.000,0,886.092,249.940,104.623
0.000,1,110.297,23.026,461.456
0.000,2,178.692,986.045,500.230
0.000,3,1013.347,649.646,532.304
0.000,4,26.903,485.851,212.054
0.000,5,338.909,615.398,318.722
0.000,6,193.098,660.407,207.544
0.000,7,501.826,221.092,158.694
0.000,8,722.370,928.758,374.061
0.000,9,890.227,105.922,581.612
0.000,10,298.308,248.939,119.805
0.000,11,141.094,89.665,585.805
0.000,12,119.061,139.009,486.091
0.000,13,475.921,28.965,331.325
0.000,14,92.434,553.783,403.708
0.000,15,939.283,613.276,501.288
0.000,16,175.398,113.214,204.517
0.000,17,1037.169,717.352,486.750
0.000,18,870.061,760.949,136.393
0.000,19,56.799,800.714,339.854
0.000,20,962.386,11.879,177.745
0.000,21,691.375,729.691,486.820
0.000,22,1113.517,240.357,488.758
0.000,23,600.548,716.531,599.450
0.000,24,634.645,760.944,466.150
0.000,25,727.099,625.545,173.912
0.000,26,578.964,417.675,204.124
0.000,27,944.900,273.799,516.662
0.000,28,80.143,606.239,448.597
0.000,29,130.686,515.050,120.525
0.000,30,348.530,591.115,405.247
0.000,31,112.833,900.941,248.010
0.000,32,150.214,491.797,431.687
0.000,33,830.042,595.407,378.475
0.000,34,931.080,222.697,410.237
0.000,35,797.830,8.288,335.147
0.000,36,195.802,418.019,286.838
0.000,37,907.234,100.788,242.234
0.000,38,762.429,694.037,233.289
0.000,39,143.932,530.379,487.887
0.000,40,89.907,1018.621,507.017
0.000,41,521.562,101.971,268.625
0.000,42,961.242,604.897,391.222
0.000,43,567.473,70.174,257.246
0.000,44,947.069,29.743,155.909
0.000,45,340.059,511.269,248.497
0.000,46,1004.312,11.989,264.885
0.000,47,250.259,640.393,575.806
0.000,48,442.582,234.140,216.903
0.000,49,1111.046,481.421,556.822
0.000,50,87.878,352.257,205.038
0.000,51,721.677,106.896,195.822
0.000,52,654.444,543.569,474.074
0.000,53,750.534,145.140,171.814
0.000,54,325.213,223.588,138.288
0.000,55,18.739,474.998,418.034
0.000,56,766.517,1017.728,118.339
0.000,57,710.208,329.542,435.448
0.000,58,907.602,941.838,439.178
0.000,59,537.451,830.314,162.391
0.000,60,103.394,191.662,144.696
0.000,61,548.783,488.128,421.895
0.000,62,972.455,208.075,126.729
0.000,63,557.659,798.445,344.088
0.000,64,645.901,920.796,205.653
0.000,65,271.437,12.610,321.680
0.000,66,663.970,465.646,351.615
0.000,67,352.860,587.398,395.454
0.000,68,592.754,413.393,530.967
0.000,69,183.563,408.993,132.441
0.000,70,43.874,370.092,293.998
0.000,71,332.688,149.656,330.366
0.000,72,1013.410,933.901,424.870
0.000,73,506.338,251.658,592.469
0.000,74,1127.472,420.781,570.080
0.000,75,1058.557,265.204,509.710
0.000,76,1159.913,612.698,124.867
0.000,77,288.507,964.455,319.223
0.000,78,806.421,220.430,594.569
5.000,0,961.137,135.650,102.002
5.000,1,64.717,129.336,461.655
5.000,2,236.631,926.016,497.384
5.000,3,934.183,641.285,529.417
5.000,4,118.844,437.255,206.922
5.000,5,445.634,532.389,313.498
5.000,6,322.906,631.748,211.553
5.000,7,636.235,284.871,165.827
5.000,8,764.029,1013.047,378.193
5.000,9,747.540,102.787,582.116
5.000,10,366.768,159.802,116.483
5.000,11,79.940,61.431,586.681
5.000,12,21.008,103.209,479.361
5.000,13,437.493,91.111,330.689
5.000,14,204.555,523.915,406.710
5.000,15,841.081,660.633,496.867
5.000,16,233.069,17.176,202.351
5.000,17,962.094,596.106,482.396
5.000,18,815.737,684.183,132.122
5.000,19,36.867,670.468,334.713
5.000,20,856.715,3.788,179.295
5.000,21,605.663,637.154,487.963
5.000,22,1150.997,180.988,491.088
5.000,23,698.712,655.875,596.909
5.000,24,507.872,780.357,470.488
5.000,25,713.424,552.506,174.171
5.000,26,520.851,481.305,206.960
5.000,27,1028.579,333.159,513.471
5.000,28,51.473,567.177,447.503
5.000,29,213.621,417.888,124.319
5.000,30,375.942,733.708,410.355
5.000,31,40.667,896.607,246.735
5.000,32,72.172,414.280,438.054
5.000,33,873.685,465.789,375.226
5.000,34,909.306,313.958,415.892
5.000,35,904.236,32.427,332.953
5.000,36,132.279,317.364,285.074
5.000,37,946.346,187.644,237.853
5.000,38,822.213,739.175,230.781
5.000,39,161.164,400.089,491.450
5.000,40,20.552,1004.260,509.248
5.000,41,432.736,158.026,268.532
5.000,42,1069.607,636.021,393.440
5.000,43,603.245,14.506,252.793
5.000,44,903.461,131.497,159.788
5.000,45,416.329,611.960,247.600
5.000,46,904.163,73.498,267.639
5.000,47,242.590,768.820,573.695
5.000,48,504.748,341.296,210.290
5.000,49,1068.739,347.816,555.912
5.000,50,41.677,422.987,208.144
5.000,51,642.857,124.368,200.292
5.000,52,670.902,641.248,472.551
5.000,53,679.040,67.734,170.045
5.000,54,433.691,155.292,137.999
5.000,55,13.878,388.349,418.223
5.000,56,676.802,1014.973,121.313
5.000,57,840.181,356.629,429.243
5.000,58,1003.066,1004.304,443.498
5.000,59,564.909,911.751,158.870
5.000,60,211.672,212.386,146.336
5.000,61,656.570,446.318,421.676
5.000,62,875.802,284.460,125.116
5.000,63,603.828,895.987,342.904
5.000,64,757.553,921.400,201.520
5.000,65,384.389,68.920,321.111
5.000,66,600.786,547.325,355.380
5.000,67,271.527,606.399,396.222
5.000,68,576.853,316.165,528.069
5.000,69,242.267,461.282,133.257
5.000,70,95.724,289.181,294.331
5.000,71,261.805,51.241,334.740
5.000,72,1080.311,998.540,425.772
5.000,73,374.714,256.504,596.642
5.000,74,1135.798,325.318,570.920
5.000,75,1033.071,331.689,512.253
5.000,76,1162.137,490.566,118.525
5.000,77,427.939,1008.153,315.209
5.000,78,941.778,205.937,599.652
10.000,0,1053.329,30.851,106.196
10.000,1,25.997,254.603,460.249
10.000,2,292.052,861.084,498.275
10.000,3,855.453,613.668,526.828
10.000,4,217.277,400.762,202.318
10.000,5,564.513,454.299,309.483
10.000,6,452.780,584.194,218.480
10.000,7,775.560,313.043,169.923
10.000,8,820.590,924.095,383.701
10.000,9,616.425,96.717,581.534
10.000,10,407.060,50.219,110.302
10.000,11,17.406,178.547,591.975
10.000,12,79.729,80.327,474.132
10.000,13,396.530,159.762,329.024
10.000,14,304.715,469.134,408.716
10.000,15,742.395,710.667,496.607
10.000,16,302.704,60.511,201.650
10.000,17,878.981,480.686,475.304
10.000,18,779.235,597.005,128.972
10.000,19,19.963,545.059,332.193
10.000,20,740.287,34.393,184.096
10.000,21,541.623,523.520,491.547
10.000,22,1071.826,131.655,493.273
10.000,23,810.845,612.927,590.770
10.000,24,378.304,801.566,471.871
10.000,25,674.301,482.925,171.552
10.000,26,448.611,523.855,210.420
10.000,27,1108.083,396.473,510.434
10.000,28,165.078,514.496,446.482
10.000,29,269.505,299.195,130.101
10.000,30,413.481,869.467,415.667
10.000,31,56.916,887.181,244.531
10.000,32,11.036,335.105,443.511
10.000,33,908.767,341.781,372.508
10.000,34,888.044,399.603,421.150
10.000,35,1018.790,39.210,329.763
10.000,36,64.221,220.410,282.965
10.000,37,969.975,283.881,232.364
10.000,38,883.646,783.262,227.398
10.000,39,202.365,285.774,494.629
10.000,40,121.211,981.772,512.137
10.000,41,341.089,220.599,270.423
10.000,42,1159.593,664.112,395.362
10.000,43,637.646,88.773,249.641
10.000,44,882.302,245.059,164.377
10.000,45,513.350,680.354,241.262
10.000,46,799.334,150.302,272.486
10.000,47,218.995,891.314,570.790
10.000,48,572.169,438.538,204.741
10.000,49,1017.403,227.767,553.679
10.000,50,0.946,502.673,209.335
10.000,51,555.919,119.401,202.867
10.000,52,675.406,731.355,469.764
10.000,53,601.385,25.368,168.790
10.000,54,531.185,57.505,137.960
10.000,55,23.704,305.478,414.849
10.000,56,595.051,996.956,125.605
10.000,57,977.651,388.768,424.168
10.000,58,1087.934,971.922,447.963
10.000,59,593.047,1000.431,154.938
10.000,60,305.961,241.734,147.519
10.000,61,769.782,420.212,419.107
10.000,62,797.090,371.740,118.544
10.000,63,631.719,995.347,341.789
10.000,64,859.414,917.048,198.736
10.000,65,512.869,79.496,323.260
10.000,66,526.440,625.047,357.452
10.000,67,197.253,636.386,398.011
10.000,68,548.723,223.601,527.049
10.000,69,314.761,505.219,133.579
10.000,70,212.163,226.587,294.400
10.000,71,194.940,63.409,336.467
10.000,72,1157.812,889.119,428.280
10.000,73,248.722,294.013,597.698
10.000,74,1152.876,227.832,572.126
10.000,75,1006.863,404.115,515.769
10.000,76,1141.493,375.482,112.250
10.000,77,570.980,1005.426,308.795
10.000,78,1063.742,151.129,593.015
15.000,0,1144.537,94.994,114.751
15.000,1,9.077,385.734,457.425
15.000,2,357.236,806.542,496.089
15.000,3,779.539,589.658,525.539
15.000,4,316.225,355.598,195.490
15.000,5,683.353,390.401,301.192
15.000,6,582.638,533.041,222.876
15.000,7,916.375,327.026,174.925
15.000,8,897.630,848.889,388.976
15.000,9,486.161,73.488,582.541
15.000,10,462.463,48.131,107.537
15.000,11,72.852,314.535,592.339
15.000,12,174.826,44.560,469.877
15.000,13,340.575,213.301,329.815
15.000,14,402.605,408.818,415.907
15.000,15,666.496,781.531,493.947
15.000,16,351.395,152.007,202.849
15.000,17,787.335,376.493,469.946
15.000,18,729.028,513.397,123.726
15.000,19,25.211,413.072,327.273
15.000,20,621.655,56.426,190.375
15.000,21,464.470,425.699,495.057
15.000,22,995.039,77.129,493.044
15.000,23,907.028,556.789,584.990
15.000,24,255.987,816.927,477.290
15.000,25,655.717,406.382,169.948
15.000,26,381.351,577.169,214.219
15.000,27,1161.073,475.544,508.563
15.000,28,268.494,452.208,446.866
15.000,29,337.261,190.620,136.722
15.000,30,416.638,1008.902,420.764
15.000,31,135.029,867.587,241.341
15.000,32,98.618,262.033,450.928
15.000,33,936.154,213.713,369.940
15.000,34,855.449,476.850,425.077
15.000,35,1129.245,38.757,324.243
15.000,36,16.890,124.890,281.450
15.000,37,1005.768,382.860,225.806
15.000,38,947.527,824.209,225.631
15.000,39,241.857,166.248,495.496
15.000,40,215.889,941.672,515.772
15.000,41,255.875,290.302,273.328
15.000,42,1060.704,715.899,395.672
15.000,43,671.299,166.391,245.550
15.000,44,830.518,348.657,167.905
15.000,45,603.956,758.777,238.785
15.000,46,685.026,192.767,280.014
15.000,47,219.211,1013.389,568.485
15.000,48,626.317,541.547,200.013
15.000,49,992.297,89.624,552.434
15.000,50,33.481,585.107,210.635
15.000,51,464.622,123.550,205.529
15.000,52,687.215,823.017,468.993
15.000,53,524.696,105.591,163.979
15.000,54,640.196,36.288,137.032
15.000,55,31.081,225.317,410.741
15.000,56,517.812,966.975,127.173
15.000,57,1106.750,434.761,417.700
15.000,58,1169.105,899.225,453.852
15.000,59,607.256,965.683,150.903
15.000,60,399.575,274.465,147.833
15.000,61,875.272,392.258,417.805
15.000,62,697.997,439.400,116.239
15.000,63,676.497,954.806,341.975
15.000,64,954.335,889.990,193.995
15.000,65,637.901,117.197,323.593
15.000,66,461.649,708.017,361.352
15.000,67,115.244,655.877,399.262
15.000,68,516.579,122.284,524.222
15.000,69,370.884,558.325,133.047
15.000,70,332.348,162.313,295.694
15.000,71,132.359,160.252,336.330
15.000,72,1121.367,765.860,431.595
15.000,73,107.280,287.171,595.855
15.000,74,1150.487,137.227,573.054
15.000,75,969.852,470.025,516.310
15.000,76,1136.716,264.281,107.395
15.000,77,709.559,967.188,301.619
15.000,78,1153.333,88.528,591.641
20.000,0,1083.010,196.740,123.643
20.000,1,31.699,517.828,456.446
20.000,2,430.819,752.189,491.467
20.000,3,701.673,560.285,520.701
20.000,4,418.196,326.861,188.991
20.000,5,794.754,308.218,296.102
20.000,6,718.014,511.861,231.028
20.000,7,1050.320,362.951,183.749
20.000,8,962.142,763.375,391.776
20.000,9,355.561,64.650,586.196
20.000,10,528.557,150.537,101.836
20.000,11,138.863,439.974,596.838
20.000,12,268.611,7.986,464.649
20.000,13,303.526,277.886,328.211
20.000,14,512.557,376.420,421.986
20.000,15,576.057,838.436,489.033
20.000,16,416.791,237.218,201.461
20.000,17,694.985,282.827,465.315
20.000,18,682.925,431.153,119.783
20.000,19,44.416,280.910,323.958
20.000,20,507.324,74.240,195.991
20.000,21,389.361,321.099,501.041
20.000,22,924.231,31.000,492.342
20.000,23,1005.753,499.136,579.111
20.000,24,128.241,824.871,480.337
20.000,25,643.598,326.999,168.603
20.000,26,310.316,621.928,215.462
20.000,27,1098.244,559.849,506.190
20.000,28,376.490,387.568,447.362
20.000,29,385.119,75.256,143.539
20.000,30,448.733,902.898,426.822
20.000,31,211.076,840.208,238.742
20.000,32,179.818,182.851,456.299
20.000,33,983.044,90.351,367.126
20.000,34,803.400,545.517,428.607
20.000,35,1084.898,43.347,321.571
20.000,36,104.404,43.321,283.161
20.000,37,1010.024,479.013,217.850
20.000,38,1015.409,859.557,221.728
20.000,39,299.553,45.959,497.834
20.000,40,311.849,923.083,519.320
20.000,41,151.839,337.149,278.665
20.000,42,943.446,740.918,398.446
20.000,43,707.878,238.515,242.976
20.000,44,773.992,453.032,174.622
20.000,45,678.726,857.537,234.748
20.000,46,560.088,226.963,280.609
20.000,47,199.007,916.308,566.491
20.000,48,681.958,631.251,192.088
20.000,49,959.133,62.245,553.013
20.000,50,54.744,664.043,211.112
20.000,51,370.355,136.524,210.210
20.000,52,692.221,920.359,467.458
20.000,53,446.947,191.050,160.971
20.000,54,741.106,122.200,133.743
20.000,55,14.786,145.567,410.634
20.000,56,438.535,937.270,129.651
20.000,57,1108.298,472.818,411.909
20.000,58,1086.598,816.158,460.589
20.000,59,621.677,878.107,145.706
20.000,60,502.580,294.073,150.428
20.000,61,985.535,375.568,420.113
20.000,62,604.120,509.401,113.203
20.000,63,718.862,859.892,341.021
20.000,64,1063.761,880.670,191.956
20.000,65,758.043,138.487,324.589
20.000,66,401.495,802.888,364.002
20.000,67,29.569,681.687,399.562
20.000,68,486.192,28.879,521.468
20.000,69,436.445,588.039,132.275
20.000,70,452.656,90.490,297.506
20.000,71,77.536,264.476,339.417
20.000,72,1051.940,648.843,435.677
20.000,73,33.189,326.909,593.580
20.000,74,1157.752,35.582,573.219
20.000,75,949.906,546.026,514.737
20.000,76,1122.570,142.912,102.814
20.000,77,842.393,927.657,293.590
20.000,78,1036.834,57.749,588.779
25.000,0,964.323,289.220,132.314
25.000,1,52.102,650.063,454.678
25.000,2,503.458,699.991,488.847
25.000,3,633.288,514.058,517.691
25.000,4,515.014,285.491,183.956
25.000,5,895.807,217.995,293.270
25.000,6,852.125,470.285,235.954
25.000,7,1156.029,405.252,191.468
25.000,8,1024.512,683.636,396.493
25.000,9,220.036,85.843,588.414
25.000,10,588.184,254.700,103.545
25.000,11,218.764,560.798,595.695
25.000,12,361.745,18.466,457.923
25.000,13,271.768,340.755,328.401
25.000,14,617.411,319.206,427.991
25.000,15,489.077,898.673,485.439
25.000,16,449.507,331.617,203.372
25.000,17,595.465,196.208,457.915
25.000,18,637.520,354.176,115.846
25.000,19,4.850,156.235,317.314
25.000,20,398.393,72.086,201.625
25.000,21,342.221,203.200,503.856
25.000,22,857.653,42.616,495.232
25.000,23,1111.069,455.844,575.702
25.000,24,21.721,848.058,483.639
25.000,25,627.600,247.666,166.811
25.000,26,237.900,662.428,217.376
25.000,27,1020.600,623.012,503.436
25.000,28,488.275,317.128,445.864
25.000,29,422.396,50.114,148.430
25.000,30,450.728,765.929,431.805
25.000,31,290.601,836.402,236.318
25.000,32,255.308,102.290,459.790
25.000,33,1022.493,39.214,364.034
25.000,34,754.157,627.548,434.311
25.000,35,982.563,67.548,320.338
25.000,36,183.399,52.009,284.975
25.000,37,1013.858,573.049,213.523
25.000,38,1086.874,895.889,218.643
25.000,39,348.238,91.205,498.800
25.000,40,397.797,887.629,524.607
25.000,41,50.770,394.711,280.173
25.000,42,838.664,792.691,398.707
25.000,43,742.821,300.651,239.963
25.000,44,737.537,562.346,181.628
25.000,45,756.440,955.101,231.775
25.000,46,445.415,276.551,285.505
25.000,47,213.498,795.166,567.184
25.000,48,727.248,734.834,187.570
25.000,49,929.227,200.158,552.662
25.000,50,87.778,742.181,214.771
25.000,51,279.437,139.571,214.789
25.000,52,689.616,1017.488,465.705
25.000,53,369.821,273.591,158.046
25.000,54,852.178,191.344,132.252
25.000,55,3.741,63.812,408.745
25.000,56,358.369,906.167,133.103
25.000,57,975.009,511.699,406.220
25.000,58,1000.615,745.675,466.948
25.000,59,643.912,790.663,140.348
25.000,60,601.853,319.907,148.571
25.000,61,1093.335,369.609,421.896
25.000,62,518.319,601.745,113.545
25.000,63,774.584,767.021,339.913
25.000,64,1169.444,873.793,188.828
25.000,65,880.675,175.984,327.299
25.000,66,343.325,892.637,368.372
25.000,67,47.785,710.876,402.427
25.000,68,460.499,70.518,518.821
25.000,69,495.044,637.242,129.872
25.000,70,568.278,28.055,297.755
25.000,71,13.095,370.793,341.450
25.000,72,963.862,533.058,440.505
25.000,73,168.482,306.818,589.526
25.000,74,1166.654,75.885,575.490
25.000,75,923.488,613.444,515.612
25.000,76,1134.271,12.180,103.711
25.000,77,982.068,887.197,285.417
25.000,78,927.944,12.998,585.729
30.000,0,894.623,405.103,139.423
30.000,1,94.939,770.647,456.420
30.000,2,553.799,622.124,486.417
30.000,3,552.349,492.975,514.672
30.000,4,592.972,232.411,179.718
30.000,5,1024.018,164.583,291.505
30.000,6,993.938,472.535,242.093
30.000,7,1016.514,423.148,194.473
30.000,8,1078.996,590.825,402.089
30.000,9,88.868,87.356,594.363
30.000,10,649.846,348.000,106.004
30.000,11,307.227,677.908,593.419
30.000,12,461.844,33.912,450.942
30.000,13,229.352,393.052,328.802
30.000,14,734.066,280.628,437.216
30.000,15,402.004,965.051,486.073
30.000,16,471.023,427.599,202.248
30.000,17,492.748,99.723,449.618
30.000,18,593.723,271.774,113.330
30.000,19,39.054,30.292,313.376
30.000,20,285.559,96.709,206.376
30.000,21,272.938,99.501,507.165
30.000,22,777.110,83.365,496.482
30.000,23,1125.982,400.006,570.688
30.000,24,150.478,888.278,485.204
30.000,25,610.725,165.669,166.134
30.000,26,164.418,700.208,221.231
30.000,27,944.681,691.516,499.385
30.000,28,615.034,278.431,446.166
30.000,29,507.027,145.705,153.393
30.000,30,500.033,631.125,438.153
30.000,31,365.061,820.587,234.124
30.000,32,329.273,16.954,464.302
30.000,33,1082.159,151.325,362.221
30.000,34,714.175,699.313,439.199
30.000,35,876.043,82.802,316.861
30.000,36,259.362,148.264,285.128
30.000,37,1015.574,672.511,210.012
30.000,38,1151.899,931.251,217.472
30.000,39,415.818,198.986,501.141
30.000,40,484.077,852.477,526.453
30.000,41,64.085,461.236,281.086
30.000,42,730.546,813.740,397.159
30.000,43,781.903,374.235,237.990
30.000,44,714.729,677.089,182.816
30.000,45,831.899,1007.080,230.040
30.000,46,324.067,305.860,287.667
30.000,47,201.335,672.476,569.321
30.000,48,794.820,821.564,183.746
30.000,49,884.075,328.610,553.747
30.000,50,119.052,817.254,218.586
30.000,51,187.064,143.128,216.493
30.000,52,728.724,922.555,463.902
30.000,53,287.752,353.927,155.469
30.000,54,961.736,267.063,132.690
30.000,55,0.858,32.353,405.942
30.000,56,260.452,882.626,138.129
30.000,57,846.915,528.793,401.443
30.000,58,914.923,677.056,472.635
30.000,59,662.278,702.982,136.495
30.000,60,704.104,346.344,147.941
30.000,61,1135.098,332.148,424.043
30.000,62,415.791,673.661,112.000
30.000,63,832.870,674.299,334.692
30.000,64,1058.268,867.556,185.309
30.000,65,991.587,193.695,327.204
30.000,66,264.065,960.634,372.876
30.000,67,128.277,732.315,405.324
30.000,68,438.020,169.351,518.075
30.000,69,557.631,684.398,128.193
30.000,70,671.175,61.206,296.325
30.000,71,44.697,483.533,342.551
30.000,72,895.350,420.261,438.882
30.000,73,301.397,317.040,588.517
30.000,74,1169.519,172.469,579.314
30.000,75,892.618,685.247,518.064
30.000,76,1143.721,129.474,111.642
30.000,77,1121.491,847.320,278.446
30.000,78,799.664,42.717,580.424
35.000,0,795.384,511.029,146.165
35.000,1,151.424,892.760,456.187
35.000,2,618.686,558.541,481.925
35.000,3,480.411,462.847,512.176
35.000,4,667.586,160.658,174.352
35.000,5,1132.621,88.115,289.230
35.000,6,1116.427,420.193,246.727
35.000,7,889.435,467.981,200.759
35.000,8,1136.316,504.162,407.382
35.000,9,63.366,83.535,594.306
35.000,10,709.350,444.564,108.582
35.000,11,362.329,816.926,589.968
35.000,12,548.186,66.273,447.356
35.000,13,187.739,454.626,327.128
35.000,14,829.461,214.378,445.464
35.000,15,320.121,1024.798,483.214
35.000,16,524.129,510.074,202.088
35.000,17,398.075,7.689,444.365
35.000,18,555.562,193.502,110.656
35.000,19,66.972,100.914,311.168
35.000,20,166.549,109.919,211.456
35.000,21,188.152,8.412,508.637
35.000,22,690.440,114.765,495.910
35.000,23,1015.454,375.284,564.497
35.000,24,273.138,931.475,489.549
35.000,25,593.953,87.264,164.527
35.000,26,96.361,746.510,224.368
35.000,27,866.403,754.198,494.850
35.000,28,737.793,242.490,447.058
35.000,29,601.099,226.847,158.546
35.000,30,506.346,490.179,443.291
35.000,31,449.283,812.834,230.832
35.000,32,411.262,74.426,469.742
35.000,33,1102.121,277.822,359.408
35.000,34,674.608,783.055,444.522
35.000,35,765.189,97.134,313.026
35.000,36,323.101,251.280,284.541
35.000,37,1046.252,758.764,205.022
35.000,38,1117.765,957.420,213.202
35.000,39,461.485,316.839,502.130
35.000,40,573.309,811.423,530.986
35.000,41,154.259,517.543,281.391
35.000,42,625.784,836.706,398.403
35.000,43,816.060,441.546,236.081
35.000,44,701.821,793.780,187.029
35.000,45,926.323,931.967,229.082
35.000,46,216.221,357.741,292.401
35.000,47,181.120,554.426,568.215
35.000,48,842.767,920.437,178.486
35.000,49,816.254,449.879,551.556
35.000,50,151.469,900.262,222.210
35.000,51,100.376,139.716,218.859
35.000,52,735.662,824.831,463.154
35.000,53,213.282,438.607,153.294
35.000,54,1076.021,337.828,131.176
35.000,55,1.473,113.636,403.375
35.000,56,172.462,864.186,141.086
35.000,57,728.258,597.130,396.302
35.000,58,839.859,603.099,477.393
35.000,59,695.999,617.844,133.161
35.000,60,809.089,373.021,148.822
35.000,61,1019.649,301.222,424.242
35.000,62,326.800,770.942,108.400
35.000,63,890.448,592.436,335.049
35.000,64,952.424,882.839,183.054
35.000,65,1104.598,239.047,328.723
35.000,66,193.799,999.896,376.643
35.000,67,213.140,753.105,405.270
35.000,68,402.724,258.909,516.071
35.000,69,622.382,721.511,127.760
35.000,70,799.803,121.682,294.155
35.000,71,102.329,589.624,345.480
35.000,72,821.657,312.867,442.260
35.000,73,433.622,334.791,581.972
35.000,74,1144.058,269.453,581.441
35.000,75,890.778,767.396,518.027
35.000,76,1140.358,250.426,116.446
35.000,77,1066.592,830.208,271.101
35.000,78,689.054,95.464,577.292
40.000,0,726.637,631.562,154.499
40.000,1,171.719,1025.581,457.038
40.000,2,685.304,497.293,479.665
40.000,3,407.528,436.746,508.175
40.000,4,759.239,103.828,166.754
40.000,5,1087.632,19.432,284.302
40.000,6,1082.484,383.951,254.756
40.000,7,747.142,489.354,208.266
40.000,8,1152.129,417.347,413.056
40.000,9,193.888,60.242,596.530
40.000,10,777.894,541.619,113.242
40.000,11,430.285,949.509,584.614
40.000,12,645.369,101.454,440.944
40.000,13,144.274,512.824,328.488
40.000,14,926.484,152.313,450.665
40.000,15,242.057,963.206,478.970
40.000,16,581.367,582.900,203.559
40.000,17,313.886,116.418,439.169
40.000,18,519.545,104.538,105.589
40.000,19,77.280,230.552,307.080
40.000,20,56.276,138.562,214.717
40.000,21,95.814,86.699,510.499
40.000,22,615.508,164.720,496.544
40.000,23,906.682,311.060,562.070
40.000,24,403.732,926.360,494.834
40.000,25,554.259,21.805,164.018
40.000,26,34.495,796.750,228.028
40.000,27,793.209,825.784,493.082
40.000,28,842.260,182.692,447.156
40.000,29,669.419,338.656,165.087
40.000,30,536.252,348.218,449.320
40.000,31,524.067,784.132,229.171
40.000,32,486.015,147.930,472.961
40.000,33,1167.739,394.184,355.894
40.000,34,626.221,861.903,447.419
40.000,35,657.852,128.306,309.943
40.000,36,399.604,345.872,284.100
40.000,37,1075.578,856.949,198.706
40.000,38,1045.237,990.497,212.497
40.000,39,511.087,434.917,504.213
40.000,40,653.017,760.378,535.353
40.000,41,240.320,589.397,282.489
40.000,42,511.009,854.091,401.014
40.000,43,860.632,510.929,231.779
40.000,44,693.361,914.859,194.925
40.000,45,1002.535,832.038,225.980
40.000,46,111.758,420.701,299.371
40.000,47,154.862,438.291,567.309
40.000,48,917.715,1003.276,171.834
40.000,49,752.572,573.974,552.590
40.000,50,186.492,985.774,225.915
40.000,51,11.773,139.035,220.847
40.000,52,748.149,727.572,456.984
40.000,53,148.173,520.364,147.517
40.000,54,1158.349,419.715,129.341
40.000,55,20.275,194.534,399.084
40.000,56,93.348,832.841,143.460
40.000,57,607.046,654.256,389.936
40.000,58,758.786,533.093,482.687
40.000,59,700.848,529.423,128.256
40.000,60,914.709,391.850,150.366
40.000,61,910.864,277.912,420.617
40.000,62,235.320,847.570,104.958
40.000,63,934.229,495.602,334.424
40.000,64,843.351,871.032,179.310
40.000,65,1101.907,277.065,329.329
40.000,66,144.160,901.812,381.045
40.000,67,299.570,767.757,406.472
40.000,68,380.763,352.720,512.850
40.000,69,677.503,771.860,126.839
40.000,70,930.609,167.490,295.972
40.000,71,171.973,686.588,347.347
40.000,72,769.354,189.548,441.526
40.000,73,573.184,354.714,575.564
40.000,74,1123.393,363.623,583.808
40.000,75,869.183,842.347,519.324
40.000,76,1127.918,372.027,123.387
40.000,77,928.236,797.302,264.526
40.000,78,569.189,153.359,572.034
45.000,0,661.341,756.283,160.003
45.000,1,201.626,899.857,455.602
45.000,2,745.197,436.885,474.663
45.000,3,332.393,407.028,504.544
45.000,4,842.858,38.896,162.382
45.000,5,976.394,59.365,281.390
45.000,6,945.224,324.996,263.171
45.000,7,619.660,548.620,217.092
45.000,8,1091.061,318.262,419.777
45.000,9,327.499,25.473,596.919
45.000,10,813.194,643.893,116.871
45.000,11,500.727,965.723,579.989
45.000,12,733.414,145.150,436.514
45.000,13,95.261,576.430,328.081
45.000,14,1027.391,80.352,456.647
45.000,15,151.033,904.472,476.247
45.000,16,650.577,650.556,203.924
45.000,17,225.458,211.089,433.691
45.000,18,460.594,28.801,102.559
45.000,19,91.524,361.757,298.231
45.000,20,74.687,175.268,219.417
45.000,21,23.023,192.785,515.497
45.000,22,532.415,206.221,497.949
45.000,23,799.865,258.319,558.010
45.000,24,530.144,950.753,499.334
45.000,25,521.388,46.721,162.242
45.000,26,46.798,836.561,231.249
45.000,27,727.527,911.901,491.860
45.000,28,943.528,114.564,449.065
45.000,29,743.775,448.238,170.133
45.000,30,557.784,212.160,456.964
45.000,31,607.553,757.698,228.425
45.000,32,569.804,217.067,475.895
45.000,33,1124.408,517.224,353.400
45.000,34,600.453,942.531,450.994
45.000,35,548.202,141.260,308.297
45.000,36,453.706,458.042,282.165
45.000,37,1111.124,952.547,190.448
45.000,38,976.401,1018.916,209.648
45.000,39,568.139,546.107,504.333
45.000,40,747.166,724.593,538.619
45.000,41,321.290,663.083,285.100
45.000,42,403.757,915.150,402.336
45.000,43,912.191,574.546,227.215
45.000,44,665.343,1025.136,201.092
45.000,45,1072.273,733.191,221.546
45.000,46,17.542,465.215,301.363
45.000,47,142.468,320.035,563.943
45.000,48,977.815,933.901,167.170
45.000,49,711.125,700.919,553.228
45.000,50,227.474,987.637,228.126
45.000,51,81.305,153.948,223.982
45.000,52,755.030,639.093,452.298
45.000,53,60.588,581.231,144.976
45.000,54,1048.439,485.834,129.271
45.000,55,37.023,274.989,394.516
45.000,56,9.396,814.110,146.623
45.000,57,479.716,677.360,386.072
45.000,58,669.053,470.885,487.980
45.000,59,718.256,435.954,124.176
45.000,60,1017.630,406.861,151.249
45.000,61,802.412,245.504,423.403
45.000,62,143.049,935.009,101.741
45.000,63,981.189,405.927,332.158
45.000,64,735.476,884.460,174.302
45.000,65,980.650,302.174,326.836
45.000,66,65.411,833.272,384.556
45.000,67,382.541,783.095,408.146
45.000,68,344.624,445.762,511.788
45.000,69,726.132,833.323,125.556
45.000,70,1056.344,236.596,292.874
45.000,71,238.220,781.298,350.127
45.000,72,721.880,59.495,444.604
45.000,73,707.137,378.522,570.410
45.000,74,1084.535,452.266,583.428
45.000,75,850.147,917.906,520.104
45.000,76,1119.904,488.464,128.998
45.000,77,790.398,762.825,256.541
45.000,78,445.030,209.401,566.335
50.000,0,557.781,854.981,160.977
50.000,1,247.501,774.331,456.356
50.000,2,810.140,375.337,469.501
50.000,3,261.894,377.681,500.276
50.000,4,919.861,19.340,159.275
50.000,5,860.410,126.811,276.692
50.000,6,808.662,335.072,269.207
50.000,7,484.529,595.590,221.787
50.000,8,1012.831,254.101,426.184
50.000,9,463.507,28.214,595.463
50.000,10,861.887,747.556,120.944
50.000,11,565.162,830.186,578.321
50.000,12,824.456,183.361,433.310
50.000,13,51.931,639.337,325.525
50.000,14,1123.458,16.030,465.336
50.000,15,69.915,831.997,476.063
50.000,16,714.379,734.275,204.377
50.000,17,123.937,298.565,428.450
50.000,18,408.601,60.168,100.920
50.000,19,111.465,492.270,292.466
50.000,20,188.454,191.498,224.853
50.000,21,56.986,302.089,518.837
50.000,22,446.568,242.140,498.088
50.000,23,692.375,205.491,555.230
50.000,24,658.509,953.534,505.450
50.000,25,474.117,112.579,161.549
50.000,26,116.888,887.233,233.504
50.000,27,658.954,988.745,487.440
50.000,28,1063.630,60.576,449.253
50.000,29,818.120,562.054,173.745
50.000,30,565.936,77.670,462.448
50.000,31,689.053,736.694,227.393
50.000,32,652.153,294.758,481.694
50.000,33,1069.632,635.578,350.794
50.000,34,558.294,1020.143,455.139
50.000,35,440.333,152.346,303.671
50.000,36,526.728,553.205,279.544
50.000,37,1117.667,1009.358,184.519
50.000,38,908.037,983.719,207.232
50.000,39,617.125,661.758,509.276
50.000,40,831.955,678.615,543.105
50.000,41,417.724,707.261,288.866
50.000,42,293.445,951.961,403.348
50.000,43,963.528,641.862,222.802
50.000,44,638.999,912.957,206.664
50.000,45,1151.885,638.051,219.327
50.000,46,125.243,519.672,305.981
50.000,47,133.371,206.358,562.599
50.000,48,1053.281,846.765,163.192
50.000,49,665.974,829.409,557.090
50.000,50,260.565,908.724,231.482
50.000,51,162.224,160.605,226.936
50.000,52,759.116,547.692,449.362
50.000,53,27.830,656.866,139.912
50.000,54,964.301,585.905,128.063
50.000,55,43.343,358.385,390.241
50.000,56,81.892,799.315,149.916
50.000,57,349.102,707.986,381.639
50.000,58,584.054,402.557,491.811
50.000,59,740.503,348.991,119.046
50.000,60,1120.893,406.036,151.106
50.000,61,701.003,190.253,423.450
50.000,62,56.571,1017.576,102.444
50.000,63,1035.763,319.625,330.795
50.000,64,628.226,878.710,170.384
50.000,65,861.322,345.642,330.207
50.000,66,18.788,760.676,388.514
50.000,67,467.584,794.270,408.869
50.000,68,334.333,546.425,508.130
50.000,69,787.463,880.464,125.128
50.000,70,1167.850,323.917,292.566
50.000,71,299.120,883.811,354.107
50.000,72,638.823,60.421,445.749
50.000,73,847.737,387.391,569.249
50.000,74,1067.194,541.528,585.439
50.000,75,811.112,979.232,519.562
50.000,76,1123.886,608.532,135.620
50.000,77,656.183,713.340,250.807
50.000,78,339.434,274.624,557.525
55.000,0,441.239,938.374,165.862
55.000,1,247.071,641.905,453.433
55.000,2,880.140,325.237,466.967
55.000,3,196.616,325.903,498.063
55.000,4,986.727,92.303,155.775
55.000,5,747.194,211.145,274.063
55.000,6,665.117,335.071,277.445
55.000,7,355.396,647.703,229.688
55.000,8,947.324,167.613,432.510
55.000,9,598.699,10.313,594.416
55.000,10,928.884,844.954,125.170
55.000,11,646.873,697.939,577.719
55.000,12,916.570,228.464,428.930
55.000,13,7.229,700.648,324.310
55.000,14,1104.305,22.697,470.088
55.000,15,16.269,753.542,472.915
55.000,16,758.149,829.714,203.667
55.000,17,37.212,395.726,420.266
55.000,18,358.062,140.909,103.977
55.000,19,122.850,622.247,288.488
55.000,20,303.450,163.316,230.498
55.000,21,148.273,390.661,521.798
55.000,22,359.769,273.704,500.614
55.000,23,599.501,137.498,552.619
55.000,24,782.483,966.450,504.991
55.000,25,460.676,183.457,160.096
55.000,26,188.401,939.720,234.737
55.000,27,580.626,996.918,483.899
55.000,28,1172.194,13.190,449.895
55.000,29,861.692,685.617,182.728
55.000,30,571.136,77.255,471.978
55.000,31,755.413,712.040,226.532
55.000,32,722.406,374.843,488.550
55.000,33,1035.869,763.331,344.883
55.000,34,525.636,956.933,458.821
55.000,35,330.340,160.279,300.239
55.000,36,592.377,657.934,277.532
55.000,37,1132.479,911.945,180.955
55.000,38,844.970,948.767,204.884
55.000,39,648.580,783.715,513.755
55.000,40,923.390,639.609,545.494
55.000,41,515.285,763.182,289.240
55.000,42,184.353,979.890,405.996
55.000,43,1027.343,701.019,220.220
55.000,44,621.290,798.707,209.876
55.000,45,1106.989,556.440,219.229
55.000,46,221.602,589.387,307.790
55.000,47,102.314,83.554,562.356
55.000,48,1086.642,734.862,159.317
55.000,49,641.528,959.157,557.533
55.000,50,277.260,822.633,234.262
55.000,51,248.670,170.454,228.235
55.000,52,769.285,454.514,446.401
55.000,53,103.243,746.431,135.588
55.000,54,852.775,655.047,128.951
55.000,55,39.284,437.856,388.287
55.000,56,168.386,767.782,155.036
55.000,57,225.745,760.784,376.621
55.000,58,490.371,353.023,495.820
55.000,59,750.884,266.531,117.636
55.000,60,1101.063,417.870,152.492
55.000,61,593.084,156.207,422.655
55.000,62,39.626,942.554,103.627
55.000,63,1084.371,228.640,330.128
55.000,64,523.659,875.179,167.541
55.000,65,748.439,396.711,334.095
55.000,66,69.190,676.417,392.127
55.000,67,558.358,823.736,408.959
55.000,68,308.864,644.147,505.911
55.000,69,853.172,926.424,123.426
55.000,70,1058.459,410.441,292.569
55.000,71,357.137,986.842,355.869
55.000,72,554.570,175.882,449.494
55.000,73,975.691,389.895,564.978
55.000,74,1053.650,638.335,585.211
55.000,75,784.097,1002.405,521.070
55.000,76,1141.428,727.365,143.572
55.000,77,520.491,678.891,244.534
55.000,78,218.167,340.245,550.966
60.000,0,359.120,981.167,172.680
60.000,1,264.741,506.204,451.037
60.000,2,945.323,268.456,463.294
60.000,3,123.742,287.203,496.095
60.000,4,1085.505,128.363,151.077
60.000,5,636.132,292.970,270.695
60.000,6,520.807,334.381,282.254
60.000,7,231.976,712.692,235.542
60.000,8,864.891,103.474,436.278
60.000,9,727.197,11.559,592.875
60.000,10,982.980,945.219,128.903
60.000,11,744.977,596.688,578.784
60.000,12,1011.499,260.787,424.009
60.000,13,37.640,758.125,323.423
60.000,14,998.957,61.110,476.398
60.000,15,111.271,702.694,472.775
60.000,16,797.440,923.699,205.773
60.000,17,63.844,488.798,416.072
60.000,18,313.000,219.886,107.067
60.000,19,138.240,758.019,284.678
60.000,20,428.560,149.464,238.069
60.000,21,223.617,492.176,524.438
60.000,22,292.659,325.055,502.763
60.000,23,493.802,72.457,549.517
60.000,24,901.297,1013.271,507.093
60.000,25,436.000,257.715,156.775
60.000,26,260.134,992.776,238.940
60.000,27,499.385,935.057,479.848
60.000,28,1054.282,61.836,450.668
60.000,29,922.183,801.566,188.419
60.000,30,587.111,214.353,478.947
60.000,31,829.786,678.995,225.175
60.000,32,809.892,439.025,491.162
60.000,33,1014.797,892.347,338.743
60.000,34,505.707,872.993,462.747
60.000,35,224.880,186.781,294.190
60.000,36,662.892,755.208,279.352
60.000,37,1162.224,813.721,177.382
60.000,38,788.091,906.652,201.819
60.000,39,727.071,898.903,516.478
60.000,40,1021.440,609.808,549.417
60.000,41,619.737,824.513,290.634
60.000,42,76.986,1021.733,406.980
60.000,43,1067.635,764.396,217.353
60.000,44,584.445,694.195,214.201
60.000,45,1022.653,468.855,214.158
60.000,46,343.155,618.877,313.196
60.000,47,74.383,40.930,562.869
60.000,48,1151.064,640.710,154.663
60.000,49,602.518,959.782,559.289
60.000,50,313.427,745.013,237.814
60.000,51,327.936,197.619,231.254
60.000,52,795.671,358.974,445.681
60.000,53,183.133,825.913,131.581
60.000,54,749.530,725.263,131.070
60.000,55,27.931,518.765,384.351
60.000,56,259.068,763.268,159.225
60.000,57,100.933,822.826,373.817
60.000,58,413.963,285.862,500.622
60.000,59,748.505,173.187,114.952
60.000,60,999.238,433.429,153.364
60.000,61,485.684,139.876,423.235
60.000,62,150.293,874.563,105.230
60.000,63,1163.787,152.159,331.759
60.000,64,419.238,867.543,162.430
60.000,65,627.721,423.352,334.244
60.000,66,106.782,579.043,396.579
60.000,67,639.853,854.550,408.505
60.000,68,257.357,733.327,506.840
60.000,69,913.385,976.153,124.386
60.000,70,938.431,490.754,290.547
60.000,71,424.548,954.105,359.438
60.000,72,485.960,297.591,452.919
60.000,73,1106.504,393.328,560.089
60.000,74,1059.126,729.982,588.747
60.000,75,772.846,928.387,521.783
60.000,76,1121.815,844.934,148.311
60.000,77,380.241,638.157,234.967
60.000,78,107.440,409.096,543.632
65.000,0,286.204,862.193,178.981
65.000,1,301.924,371.217,450.284
65.000,2,1004.735,190.905,460.845
65.000,3,44.437,263.455,494.265
65.000,4,1161.214,195.359,145.502
65.000,5,517.175,361.158,267.185
65.000,6,378.273,317.770,287.563
65.000,7,105.842,766.371,239.838
65.000,8,793.055,27.555,441.563
65.000,9,865.346,14.027,592.887
65.000,10,1043.301,996.728,132.753
65.000,11,827.423,479.048,577.758
65.000,12,1104.385,295.442,417.814
65.000,13,84.789,807.269,322.864
65.000,14,907.298,123.792,486.385
65.000,15,198.192,629.081,470.108
65.000,16,837.988,1010.021,206.049
65.000,17,165.183,578.432,409.527
65.000,18,267.948,304.944,113.899
65.000,19,167.210,892.835,284.216
65.000,20,541.970,156.278,243.817
65.000,21,325.416,578.169,527.939
65.000,22,225.822,381.755,505.733
65.000,23,384.968,30.578,545.599
65.000,24,1021.459,1013.988,510.165
65.000,25,406.353,332.709,155.638
65.000,26,322.084,1001.439,243.478
65.000,27,417.417,876.399,479.382
65.000,28,959.158,146.553,452.402
65.000,29,976.657,926.670,192.828
65.000,30,651.474,339.541,484.867
65.000,31,902.614,655.727,223.683
65.000,32,900.305,513.897,495.260
65.000,33,1006.620,1023.149,333.681
65.000,34,474.687,787.902,465.514
65.000,35,113.457,194.625,291.494
65.000,36,733.283,858.609,279.197
65.000,37,1172.336,720.338,173.356
65.000,38,708.714,893.528,200.348
65.000,39,794.210,1006.147,517.018
65.000,40,1117.405,568.723,556.293
65.000,41,717.023,889.629,293.673
65.000,42,34.862,984.600,407.933
65.000,43,1094.920,836.395,213.839
65.000,44,533.188,592.555,218.853
65.000,45,959.146,366.148,214.035
65.000,46,460.688,665.916,317.177
65.000,47,37.710,155.796,562.727
65.000,48,1138.398,543.843,152.855
65.000,49,551.271,829.153,558.770
65.000,50,344.444,660.609,242.703
65.000,51,419.607,207.016,234.118
65.000,52,782.419,255.984,443.207
65.000,53,262.427,900.457,127.629
65.000,54,654.382,812.354,133.275
65.000,55,19.581,604.891,379.795
65.000,56,341.701,739.758,162.349
65.000,57,28.228,888.564,367.388
65.000,58,329.952,220.729,505.478
65.000,59,751.881,87.943,111.415
65.000,60,890.561,431.347,154.395
65.000,61,372.908,156.374,423.497
65.000,62,239.371,787.086,108.455
65.000,63,1119.045,58.046,331.518
65.000,64,307.834,860.677,160.418
65.000,65,513.385,454.500,335.002
65.000,66,177.729,507.935,402.065
65.000,67,712.712,896.574,408.598
65.000,68,225.309,826.184,504.217
65.000,69,973.788,1023.513,124.349
65.000,70,802.316,547.585,287.662
65.000,71,491.189,852.436,364.324
65.000,72,409.216,416.301,456.325
65.000,73,1103.335,406.366,557.015
65.000,74,1041.692,822.929,590.447
65.000,75,762.240,853.355,523.625
65.000,76,1098.037,964.940,153.977
65.000,77,238.285,616.243,225.777
65.000,78,16.602,463.135,539.533
70.000,0,213.728,729.300,187.587
70.000,1,351.358,246.188,446.429
70.000,2,1069.389,124.393,457.863
70.000,3,42.253,228.021,489.151
70.000,4,1085.794,246.100,137.953
70.000,5,406.780,442.388,261.716
70.000,6,236.628,285.362,296.592
70.000,7,31.232,811.578,249.259
70.000,8,735.463,66.546,445.844
70.000,9,1000.371,50.380,596.819
70.000,10,1093.266,893.675,134.879
70.000,11,899.089,356.786,575.347
70.000,12,1141.254,339.941,414.064
70.000,13,133.614,865.602,324.342
70.000,14,801.659,171.882,493.766
70.000,15,283.878,556.606,468.108
70.000,16,887.602,965.790,205.435
70.000,17,259.799,673.759,403.916
70.000,18,228.307,387.010,120.842
70.000,19,188.000,1001.205,280.308
70.000,20,657.908,158.342,247.455
70.000,21,395.163,679.794,531.730
70.000,22,153.041,432.671,504.982
70.000,23,275.979,19.838,540.806
70.000,24,1146.351,978.582,514.745
70.000,25,373.435,401.020,154.449
70.000,26,390.471,952.625,244.790
70.000,27,340.501,815.909,476.676
70.000,28,852.822,215.288,451.766
70.000,29,1019.104,998.530,196.832
70.000,30,680.293,474.864,489.250
70.000,31,980.792,634.689,220.893
70.000,32,978.585,592.431,500.323
70.000,33,948.435,898.540,332.246
70.000,34,433.432,712.365,469.733
70.000,35,13.066,233.473,289.145
70.000,36,799.377,961.489,277.267
70.000,37,1167.040,622.815,167.817
70.000,38,641.284,857.178,197.241
70.000,39,857.575,907.200,521.298
70.000,40,1150.879,517.850,559.415
70.000,41,803.128,959.322,297.169
70.000,42,139.424,943.691,410.254
70.000,43,1135.766,915.364,209.757
70.000,44,488.760,488.850,223.097
70.000,45,880.657,276.021,213.839
70.000,46,587.487,686.598,323.602
70.000,47,16.714,275.338,564.025
70.000,48,1078.202,449.220,148.554
70.000,49,493.321,707.433,557.909
70.000,50,384.361,583.975,245.771
70.000,51,501.062,230.453,235.834
70.000,52,784.049,161.250,441.144
70.000,53,342.060,977.898,125.315
70.000,54,554.349,887.067,130.549
70.000,55,28.518,676.743,377.656
70.000,56,430.842,715.877,165.319
70.000,57,155.499,944.356,360.997
70.000,58,243.727,154.769,509.573
70.000,59,763.365,6.573,106.669
70.000,60,788.851,461.170,155.884
70.000,61,269.513,119.745,421.570
70.000,62,332.228,703.249,112.234
70.000,63,1062.627,56.867,331.913
70.000,64,202.770,855.738,158.801
70.000,65,389.886,479.585,336.516
70.000,66,231.913,420.924,405.817
70.000,67,794.807,928.656,409.794
70.000,68,209.757,923.788,503.134
70.000,69,1022.748,973.980,123.413
70.000,70,675.936,609.993,283.596
70.000,71,551.291,752.201,369.313
70.000,72,353.587,544.367,458.247
70.000,73,973.023,420.093,555.809
70.000,74,1009.723,914.175,590.866
70.000,75,750.089,777.941,524.286
70.000,76,1085.711,961.255,158.555
70.000,77,103.954,572.293,218.647
70.000,78,123.058,541.752,533.536
75.000,0,134.252,610.031,194.250
75.000,1,398.338,126.501,445.037
75.000,2,1127.599,59.396,455.045
75.000,3,113.841,199.608,487.202
75.000,4,988.833,290.309,131.932
75.000,5,301.096,518.733,258.658
75.000,6,92.324,292.389,300.388
75.000,7,165.207,875.731,256.208
75.000,8,654.989,143.125,449.915
75.000,9,1133.221,69.634,597.050
75.000,10,1159.586,803.096,136.967
75.000,11,959.586,231.817,572.658
75.000,12,1046.441,381.822,409.515
75.000,13,183.501,923.673,326.058
75.000,14,685.538,202.196,500.523
75.000,15,355.709,477.040,468.161
75.000,16,964.793,904.875,206.389
75.000,17,342.314,787.554,396.048
75.000,18,190.959,476.934,125.706
75.000,19,178.340,868.630,275.475
75.000,20,776.965,158.613,250.063
75.000,21,473.350,774.503,537.120
75.000,22,72.384,475.449,506.132
75.000,23,170.513,69.696,536.122
75.000,24,1071.275,958.133,517.943
75.000,25,353.697,471.088,152.476
75.000,26,467.127,910.260,245.043
75.000,27,262.505,757.386,474.766
75.000,28,735.776,260.268,449.202
75.000,29,1060.782,874.440,202.222
75.000,30,718.358,612.103,497.882
75.000,31,1060.468,610.013,218.190
75.000,32,1055.309,660.543,505.808
75.000,33,883.072,773.818,329.295
75.000,34,407.353,627.533,473.564
75.000,35,96.900,242.102,287.310
75.000,36,880.146,1008.202,274.744
75.000,37,1138.027,526.991,160.409
75.000,38,588.127,804.579,195.892
75.000,39,926.378,796.314,526.783
75.000,40,1062.019,481.664,563.814
75.000,41,897.530,1015.845,301.582
75.000,42,252.734,920.718,412.467
75.000,43,1169.833,975.117,207.434
75.000,44,475.597,378.312,226.495
75.000,45,795.538,179.989,211.197
75.000,46,705.171,729.101,326.584
75.000,47,33.067,389.617,566.921
75.000,48,1027.260,347.164,142.650
75.000,49,463.779,569.741,560.192
75.000,50,427.038,502.418,248.345
75.000,51,589.246,249.218,240.010
75.000,52,808.762,63.504,440.475
75.000,53,410.634,966.265,123.696
75.000,54,441.044,957.404,130.623
75.000,55,22.881,759.896,375.051
75.000,56,527.400,702.265,169.132
75.000,57,294.311,953.777,356.990
75.000,58,151.430,89.038,513.205
75.000,59,765.593,91.129,102.186
75.000,60,684.774,485.122,153.628
75.000,61,162.143,78.897,422.462
75.000,62,440.115,629.441,115.164
75.000,63,1000.021,150.993,333.082
75.000,64,95.429,854.550,154.026
75.000,65,263.803,492.491,336.594
75.000,66,305.398,355.770,410.654
75.000,67,879.357,949.646,411.093
75.000,68,195.013,1015.628,502.713
75.000,69,1082.927,933.714,123.511
75.000,70,555.032,679.168,281.556
75.000,71,616.177,650.465,369.498
75.000,72,291.020,674.628,457.270
75.000,73,842.615,443.891,552.558
75.000,74,981.202,998.967,591.479
75.000,75,738.969,704.545,524.760
75.000,76,1077.224,848.880,162.709
75.000,77,50.460,523.788,211.196
75.000,78,250.267,569.646,526.454
80.000,0,38.711,505.261,200.737
80.000,1,425.082,24.307,444.215
80.000,2,1160.975,16.881,452.429
80.000,3,198.635,181.118,486.344
80.000,4,901.472,339.552,127.930
80.000,5,195.360,592.716,259.193
80.000,6,59.428,257.782,304.145
80.000,7,294.957,926.451,264.341
80.000,8,599.143,239.597,455.408
80.000,9,1084.740,55.059,596.544
80.000,10,1092.709,712.217,139.910
80.000,11,1015.063,94.848,569.557
80.000,12,951.229,407.869,407.413
80.000,13,228.608,989.614,327.699
80.000,14,579.350,242.364,506.092
80.000,15,426.275,408.613,463.503
80.000,16,1006.267,815.388,205.545
80.000,17,421.049,900.962,391.551
80.000,18,136.196,565.637,130.705
80.000,19,179.485,730.652,271.518
80.000,20,892.219,154.749,252.968
80.000,21,559.965,872.035,537.776
80.000,22,22.889,522.088,507.190
80.000,23,64.208,119.302,531.696
80.000,24,956.045,911.414,523.256
80.000,25,337.354,545.790,150.556
80.000,26,529.743,848.235,246.786
80.000,27,185.326,695.783,473.207
80.000,28,630.249,333.840,448.216
80.000,29,1109.948,754.017,205.626
80.000,30,754.501,744.076,505.238
80.000,31,1134.735,583.233,215.416
80.000,32,1151.739,717.149,511.478
80.000,33,810.900,656.849,329.063
80.000,34,379.222,534.322,480.888
80.000,35,206.427,262.305,284.167
80.000,36,971.443,925.395,274.076
80.000,37,1117.434,423.537,157.338
80.000,38,526.441,762.211,194.990
80.000,39,976.311,675.109,529.515
80.000,40,977.290,436.979,567.321
80.000,41,983.213,958.672,303.693
80.000,42,357.792,901.949,415.376
80.000,43,1119.353,1012.064,202.905
80.000,44,441.053,270.331,231.885
80.000,45,712.159,85.398,207.778
80.000,46,824.184,773.049,329.297
80.000,47,60.877,501.555,567.051
80.000,48,977.494,250.290,134.894
80.000,49,422.689,442.014,564.345
80.000,50,464.091,424.409,250.122
80.000,51,673.086,259.048,242.437
80.000,52,809.514,45.176,439.793
80.000,53,484.280,886.899,119.978
80.000,54,343.678,1004.766,126.860
80.000,55,21.242,840.841,371.800
80.000,56,613.837,673.822,173.769
80.000,57,431.851,973.170,353.642
80.000,58,62.348,36.229,519.350
80.000,59,766.948,178.905,101.436
80.000,60,589.253,501.286,155.313
80.000,61,57.186,34.104,421.655
80.000,62,544.552,563.967,120.237
80.000,63,956.920,248.749,332.594
80.000,64,22.016,851.606,149.199
80.000,65,147.731,534.664,338.680
80.000,66,373.071,291.147,414.954
80.000,67,964.575,970.740,411.007
80.000,68,170.814,938.992,500.954
80.000,69,1139.731,880.229,123.694
80.000,70,434.923,756.446,279.406
80.000,71,683.602,552.181,370.997
80.000,72,228.979,801.984,460.602
80.000,73,707.746,441.892,548.224
80.000,74,960.993,960.603,593.151
80.000,75,700.317,636.824,527.265
80.000,76,1059.713,732.554,167.160
80.000,77,178.218,459.588,203.085
80.000,78,368.918,609.499,521.684
85.000,0,82.715,409.490,207.844
85.000,1,440.449,155.013,443.226
85.000,2,1092.662,70.544,450.714
85.000,3,266.858,132.093,485.583
85.000,4,823.312,402.215,124.019
85.000,5,85.322,664.238,255.076
85.000,6,196.102,254.455,304.895
85.000,7,421.689,986.570,270.959
85.000,8,530.166,326.037,459.339
85.000,9,954.652,50.208,597.706
85.000,10,1036.710,610.507,143.874
85.000,11,1075.173,41.497,567.354
85.000,12,859.782,445.382,402.989
85.000,13,270.714,985.744,328.915
85.000,14,477.297,301.000,506.907
85.000,15,519.949,351.329,461.267
85.000,16,1068.256,734.925,205.918
85.000,17,505.710,1007.880,386.176
85.000,18,93.782,647.543,134.636
85.000,19,174.603,599.109,267.303
85.000,20,1013.121,161.639,255.646
85.000,21,635.916,977.124,540.164
85.000,22,101.574,576.437,509.127
85.000,23,31.479,183.890,529.531
85.000,24,830.686,894.400,525.043
85.000,25,315.736,616.925,147.966
85.000,26,595.934,796.929,250.448
85.000,27,107.802,630.418,469.336
85.000,28,505.836,380.822,447.424
85.000,29,1155.313,637.827,211.689
85.000,30,780.873,883.112,512.133
85.000,31,1129.756,566.969,213.067
85.000,32,1123.586,800.417,517.123
85.000,33,725.584,551.505,323.048
85.000,34,348.442,452.093,483.925
85.000,35,316.329,271.209,282.030
85.000,36,1054.214,840.123,270.340
85.000,37,1095.923,326.845,152.403
85.000,38,455.409,733.006,192.943
85.000,39,1034.690,556.185,529.096
85.000,40,896.067,396.947,570.869
85.000,41,1073.945,887.160,305.920
85.000,42,467.071,881.869,416.876
85.000,43,1072.139,939.787,200.463
85.000,44,436.483,153.635,236.423
85.000,45,647.235,22.987,204.687
85.000,46,930.680,822.589,334.021
85.000,47,65.897,624.944,567.766
85.000,48,916.945,145.687,131.280
85.000,49,370.404,315.888,566.918
85.000,50,495.896,344.143,254.491
85.000,51,759.924,274.685,246.598
85.000,52,803.894,139.007,438.530
85.000,53,554.461,804.268,116.877
85.000,54,228.731,935.655,126.892
85.000,55,27.408,917.004,370.969
85.000,56,694.890,628.514,178.206
85.000,57,562.591,995.497,351.943
85.000,58,29.850,29.398,526.272
85.000,59,782.297,267.693,104.022
85.000,60,497.767,551.889,154.709
85.000,61,59.663,22.153,421.798
85.000,62,649.975,500.614,128.016
85.000,63,909.983,343.601,331.043
85.000,64,127.642,839.443,145.061
85.000,65,28.813,554.181,338.370
85.000,66,444.801,217.004,419.820
85.000,67,1050.540,998.135,410.433
85.000,68,132.085,846.887,498.152
85.000,69,1141.623,832.369,122.617
85.000,70,301.677,808.846,277.252
85.000,71,747.335,457.729,373.130
85.000,72,156.708,918.888,465.059
85.000,73,571.315,462.212,544.116
85.000,74,945.735,862.796,596.573
85.000,75,663.995,564.293,528.152
85.000,76,1044.619,614.396,169.128
85.000,77,317.876,430.542,194.152
85.000,78,476.215,674.815,516.558
90.000,0,157.173,292.168,217.977
90.000,1,467.768,280.781,442.332
90.000,2,1024.107,125.909,447.165
90.000,3,350.979,101.247,483.086
90.000,4,729.173,449.523,121.141
90.000,5,48.417,743.938,248.766
90.000,6,329.182,237.826,307.732
90.000,7,561.323,1017.539,280.286
90.000,8,469.171,414.206,463.648
90.000,9,823.919,69.494,597.820
90.000,10,972.727,505.873,149.392
90.000,11,1143.312,169.775,563.153
90.000,12,770.465,480.173,397.990
90.000,13,309.895,927.672,329.891
90.000,14,371.491,342.991,509.516
90.000,15,603.309,286.448,459.772
90.000,16,1129.291,652.465,205.682
90.000,17,588.045,928.434,382.206
90.000,18,46.853,730.014,138.616
90.000,19,174.657,469.247,260.967
90.000,20,1124.351,197.146,261.412
90.000,21,695.347,947.065,543.840
90.000,22,178.953,631.011,509.760
90.000,23,123.977,253.932,528.052
90.000,24,710.631,881.434,525.917
90.000,25,299.226,685.279,148.156
90.000,26,658.028,741.004,253.888
90.000,27,26.334,579.024,467.854
90.000,28,382.694,425.264,449.231
90.000,29,1139.271,519.370,217.099
90.000,30,819.765,1015.977,517.049
90.000,31,1048.890,573.727,210.969
90.000,32,1071.435,892.569,521.808
90.000,33,655.569,439.724,317.803
90.000,34,333.490,369.438,486.960
90.000,35,430.171,274.187,282.929
90.000,36,1137.906,743.328,269.769
90.000,37,1053.865,231.807,144.672
90.000,38,388.811,696.838,189.808
90.000,39,1089.512,434.791,531.345
90.000,40,805.167,354.772,573.447
90.000,41,1163.722,820.031,306.061
90.000,42,582.208,864.801,419.662
90.000,43,1024.436,874.214,198.057
90.000,44,384.898,46.896,241.598
90.000,45,565.544,106.304,200.936
90.000,46,1038.308,872.286,338.372
90.000,47,86.084,748.727,566.770
90.000,48,862.766,48.195,126.993
90.000,49,319.607,192.631,567.152
90.000,50,526.210,272.896,259.107
90.000,51,846.105,296.754,249.277
90.000,52,825.331,235.240,435.433
90.000,53,636.176,739.846,113.136
90.000,54,115.438,873.097,124.839
90.000,55,31.267,1005.693,367.434
90.000,56,773.140,591.415,181.083
90.000,57,691.300,1000.510,343.653
90.000,58,125.175,88.053,530.235
90.000,59,802.802,355.056,106.591
90.000,60,391.584,564.556,154.990
90.000,61,166.089,49.960,423.032
90.000,62,750.245,424.673,133.481
90.000,63,849.237,426.210,328.595
90.000,64,231.997,823.463,143.086
90.000,65,83.846,595.041,337.930
90.000,66,504.086,132.872,422.835
90.000,67,1138.000,1015.182,410.942
90.000,68,99.764,752.128,498.190
90.000,69,1070.644,793.916,122.451
90.000,70,174.013,862.518,275.916
90.000,71,796.149,355.068,374.745
90.000,72,82.621,1008.353,468.324
90.000,73,448.312,508.014,539.356
90.000,74,924.517,767.982,598.467
90.000,75,632.529,493.471,528.194
90.000,76,1046.239,497.533,175.676
90.000,77,461.277,423.063,187.946
90.000,78,576.537,750.483,512.733
95.000,0,223.492,166.749,228.755
95.000,1,503.238,409.169,443.376
95.000,2,959.030,187.762,444.462
95.000,3,420.083,49.822,480.655
95.000,4,628.030,474.937,116.623
95.000,5,147.753,836.951,245.449
95.000,6,459.003,202.343,312.469
95.000,7,686.314,980.090,284.385
95.000,8,401.695,492.238,469.036
95.000,9,686.373,84.459,599.899
95.000,10,914.493,412.398,155.718
95.000,11,1151.016,304.641,560.775
95.000,12,671.603,508.991,394.631
95.000,13,344.828,863.426,330.406
95.000,14,258.158,370.050,515.211
95.000,15,688.838,210.185,456.387
95.000,16,1157.537,572.978,205.642
95.000,17,678.609,830.590,376.968
95.000,18,16.656,810.011,144.773
95.000,19,188.934,336.310,257.296
95.000,20,1111.997,216.673,263.994
95.000,21,763.976,841.991,547.513
95.000,22,245.469,694.408,511.165
95.000,23,227.853,298.389,523.150
95.000,24,591.357,846.863,530.175
95.000,25,276.069,755.415,146.732
95.000,26,729.406,701.185,259.465
95.000,27,62.181,521.176,465.326
95.000,28,254.473,476.291,448.681
95.000,29,1060.278,409.230,222.233
95.000,30,837.209,879.623,526.865
95.000,31,973.475,572.851,207.643
95.000,32,994.313,966.644,527.280
95.000,33,590.992,317.342,317.270
95.000,34,295.159,294.738,491.840
95.000,35,539.605,287.543,281.162
95.000,36,1141.367,637.937,270.420
95.000,37,1027.985,134.990,139.943
95.000,38,327.435,659.075,187.927
95.000,39,1126.372,310.969,535.423
95.000,40,712.710,332.148,574.808
95.000,41,1082.201,768.081,308.268
95.000,42,690.472,827.955,420.442
95.000,43,977.600,803.027,194.257
95.000,44,365.556,92.626,247.189
95.000,45,474.089,194.290,198.101
95.000,46,1163.831,895.260,342.220
95.000,47,129.044,863.782,564.255
95.000,48,815.310,68.059,122.201
95.000,49,288.579,57.155,570.019
95.000,50,537.808,189.324,261.522
95.000,51,935.912,316.641,252.002
95.000,52,831.283,331.007,434.990
95.000,53,705.358,648.840,112.384
95.000,54,6.563,794.800,124.037
95.000,55,49.981,957.057,365.832
95.000,56,860.432,566.634,184.832
95.000,57,811.108,930.510,340.199
95.000,58,204.803,158.982,534.946
95.000,59,811.863,440.007,110.220
95.000,60,283.552,567.181,156.720
95.000,61,273.474,84.191,424.710
95.000,62,833.659,330.217,135.976
95.000,63,793.978,522.970,324.680
95.000,64,345.217,824.641,139.980
95.000,65,204.838,636.891,335.867
95.000,66,578.374,54.436,426.477
95.000,67,1123.198,1008.002,411.211
95.000,68,85.876,656.871,498.229
95.000,69,1010.939,748.602,121.699
95.000,70,50.136,935.634,275.252
95.000,71,848.364,253.977,377.348
95.000,72,13.601,881.795,471.777
95.000,73,314.919,532.186,535.848
95.000,74,908.581,671.590,599.225
95.000,75,614.078,416.998,528.341
95.000,76,1028.723,375.043,183.170
95.000,77,603.213,403.786,182.431
95.000,78,674.406,828.314,506.095
100.000,0,311.939,61.546,240.286
100.000,1,555.852,528.834,444.110
100.000,2,884.815,243.605,441.455
100.000,3,493.979,11.371,477.349
100.000,4,528.775,498.540,110.953
100.000,5,252.435,923.995,242.999
100.000,6,589.723,154.893,314.130
100.000,7,817.546,942.604,291.615
100.000,8,338.253,580.089,473.546
100.000,9,550.272,118.789,597.834
100.000,10,848.545,314.170,160.750
100.000,11,1098.031,440.360,555.204
100.000,12,580.862,550.166,387.910
100.000,13,387.826,790.271,331.166
100.000,14,139.712,388.856,519.686
100.000,15,763.303,140.516,457.200
100.000,16,1097.431,493.095,207.429
100.000,17,790.934,754.675,372.205
100.000,18,58.770,895.524,150.552
100.000,19,197.559,204.262,251.761
100.000,20,998.921,216.115,267.289
100.000,21,846.473,744.159,551.737
100.000,22,322.418,750.756,513.147
100.000,23,332.448,352.546,519.260
100.000,24,472.184,816.234,534.721
100.000,25,259.192,833.986,144.646
100.000,26,801.569,653.213,262.657
100.000,27,154.767,467.860,462.216
100.000,28,133.621,527.456,449.890
100.000,29,1004.695,291.510,222.429
100.000,30,864.027,744.826,534.516
100.000,31,898.634,556.001,205.820
100.000,32,915.482,1005.081,531.816
100.000,33,551.553,192.668,312.114
100.000,34,255.273,213.074,495.938
100.000,35,654.597,295.195,278.614
100.000,36,1071.758,529.643,271.869
100.000,37,997.069,35.349,131.876
100.000,38,264.219,621.091,187.133
100.000,39,1147.410,182.078,537.905
100.000,40,615.464,290.020,576.593
100.000,41,991.033,709.565,308.689
100.000,42,807.734,811.437,422.431
100.000,43,934.138,741.818,191.769
100.000,44,350.042,208.520,248.739
100.000,45,390.780,290.367,197.329
100.000,46,1040.972,910.534,345.500
100.000,47,158.873,979.823,563.625
100.000,48,761.124,165.124,119.071
100.000,49,268.708,88.722,573.181
100.000,50,572.905,116.743,264.428
100.000,51,1020.241,314.398,255.485
100.000,52,846.028,420.012,432.651
100.000,53,754.538,554.917,109.137
100.000,54,122.044,739.171,121.608
100.000,55,45.833,881.412,363.588
100.000,56,946.398,541.962,188.927
100.000,57,929.094,872.241,337.160
100.000,58,289.578,222.493,543.025
100.000,59,834.002,518.649,113.655
100.000,60,178.366,596.650,156.890
100.000,61,378.609,113.088,424.865
100.000,62,936.677,250.789,139.028
100.000,63,753.728,627.102,323.922
100.000,64,456.319,825.938,136.371
100.000,65,323.991,663.968,336.230
100.000,66,651.576,25.871,430.016
100.000,67,1042.463,986.311,413.891
100.000,68,46.912,564.763,494.545
100.000,69,947.320,701.658,120.874
100.000,70,75.595,1018.053,272.389
100.000,71,921.472,157.072,379.813
100.000,72,50.951,754.193,474.087
100.000,73,187.653,567.728,529.651
100.000,74,885.254,580.491,595.930
100.000,75,587.133,337.495,529.823
100.000,76,1015.101,247.104,189.780
100.000,77,740.051,360.282,175.120
100.000,78,792.586,875.489,502.748
105.000,0,414.328,45.475,247.333
105.000,1,593.492,658.044,442.651
105.000,2,811.635,296.517,437.543
105.000,3,568.843,3.607,474.754
105.000,4,440.881,544.373,104.215
105.000,5,372.773,984.279,237.936
105.000,6,730.467,159.750,317.494
105.000,7,958.425,910.615,299.961
105.000,8,280.088,671.129,478.985
105.000,9,423.592,130.998,597.036
105.000,10,806.100,204.966,164.259
105.000,11,1021.353,562.365,554.194
105.000,12,484.761,590.250,381.733
105.000,13,433.406,728.453,330.736
105.000,14,19.058,405.229,526.168
105.000,15,850.532,82.099,456.274
105.000,16,1045.255,406.261,206.303
105.000,17,885.059,662.229,367.918
105.000,18,105.000,981.973,155.388
105.000,19,191.075,69.518,243.445
105.000,20,891.245,228.112,271.719
105.000,21,913.745,625.555,554.321
105.000,22,390.795,806.456,514.624
105.000,23,446.732,380.951,516.365
105.000,24,346.633,784.193,533.379
105.000,25,246.614,907.781,141.446
105.000,26,865.286,599.473,265.521
105.000,27,229.968,395.841,459.966
105.000,28,23.730,594.683,450.638
105.000,29,958.927,172.751,223.761
105.000,30,887.308,608.190,542.471
105.000,31,828.779,528.929,204.433
105.000,32,842.894,924.636,538.558
105.000,33,493.864,74.348,308.522
105.000,34,224.519,129.936,500.604
105.000,35,764.111,313.915,274.679
105.000,36,1002.991,426.246,267.229
105.000,37,969.650,76.923,125.566
105.000,38,196.344,589.337,185.294
105.000,39,1144.601,67.431,541.663
105.000,40,520.422,260.789,580.611
105.000,41,924.641,622.558,310.119
105.000,42,931.514,802.758,422.657
105.000,43,910.692,669.625,191.207
105.000,44,295.821,311.815,252.187
105.000,45,312.350,373.309,198.524
105.000,46,936.775,978.731,349.127
105.000,47,165.137,930.465,563.641
105.000,48,674.526,238.207,118.432
105.000,49,217.393,218.308,577.409
105.000,50,603.342,39.976,264.834
105.000,51,1104.400,326.807,258.737
105.000,52,870.711,520.014,430.246
105.000,53,825.699,473.140,107.760
105.000,54,237.939,680.684,120.065
105.000,55,54.909,807.210,361.616
105.000,56,1038.125,518.145,192.473
105.000,57,1062.719,833.503,332.642
105.000,58,386.548,268.988,546.955
105.000,59,851.000,607.504,116.448
105.000,60,84.204,639.193,157.257
105.000,61,484.132,128.043,423.549
105.000,62,1015.796,160.183,145.670
105.000,63,698.813,722.244,320.273
105.000,64,560.197,836.841,134.142
105.000,65,438.974,689.999,335.292
105.000,66,729.201,94.939,435.009
105.000,67,958.188,970.582,415.109
105.000,68,0.372,479.200,493.594
105.000,69,882.616,662.549,119.376
105.000,70,203.919,975.726,269.033
105.000,71,979.634,52.326,381.435
105.000,72,107.893,635.215,476.506
105.000,73,52.606,594.717,526.152
105.000,74,859.820,486.393,594.250
105.000,75,567.684,267.162,530.874
105.000,76,984.090,133.902,196.240
105.000,77,879.804,353.240,167.289
105.000,78,898.818,941.019,496.715
110.000,0,468.681,175.483,254.966
110.000,1,656.389,768.469,441.328
110.000,2,743.386,364.399,435.101
110.000,3,647.990,24.670,472.503
110.000,4,346.395,586.355,100.447
110.000,5,498.868,1018.889,236.075
110.000,6,873.555,142.009,322.643
110.000,7,1089.465,850.334,302.241
110.000,8,216.312,757.242,482.085
110.000,9,290.164,118.600,596.006
110.000,10,765.427,91.894,168.000
110.000,11,943.977,682.258,553.038
110.000,12,392.266,609.785,377.847
110.000,13,471.191,661.734,330.132
110.000,14,96.501,470.275,533.577
110.000,15,935.075,21.562,453.012
110.000,16,986.164,326.331,207.339
110.000,17,994.302,589.320,362.586
110.000,18,154.014,988.350,158.927
110.000,19,177.784,70.251,238.100
110.000,20,784.136,248.413,278.293
110.000,21,963.710,506.630,557.737
110.000,22,463.752,859.808,516.123
110.000,23,549.738,436.247,510.142
110.000,24,221.358,739.310,532.205
110.000,25,235.771,983.355,140.678
110.000,26,931.482,551.746,268.127
110.000,27,304.868,323.290,460.450
110.000,28,111.517,655.244,453.706
110.000,29,889.350,67.748,227.370
110.000,30,928.326,469.517,551.416
110.000,31,749.966,505.286,202.130
110.000,32,757.829,852.663,543.645
110.000,33,423.084,50.176,305.120
110.000,34,198.455,45.375,505.340
110.000,35,868.740,321.995,273.837
110.000,36,945.671,324.746,264.391
110.000,37,955.379,169.698,120.098
110.000,38,135.481,543.004,182.590
110.000,39,1084.610,51.544,543.403
110.000,40,430.678,216.739,583.852
110.000,41,820.222,599.163,311.769
110.000,42,1036.920,761.472,423.669
110.000,43,863.868,606.737,187.696
110.000,44,254.725,410.521,257.513
110.000,45,232.138,463.142,198.277
110.000,46,823.039,1025.390,353.294
110.000,47,171.187,809.267,564.230
110.000,48,606.004,322.241,113.147
110.000,49,212.532,352.501,580.020
110.000,50,647.555,44.017,266.691
110.000,51,1155.581,355.084,262.937
110.000,52,877.084,611.118,427.441
110.000,53,899.420,386.442,104.750
110.000,54,350.469,613.713,117.265
110.000,55,86.581,731.246,360.693
110.000,56,1133.649,494.392,198.332
110.000,57,1161.362,773.802,325.595
110.000,58,460.356,348.300,554.606
110.000,59,859.885,697.497,119.771
110.000,60,25.012,674.617,155.481
110.000,61,602.001,119.181,424.894
110.000,62,1111.129,91.652,148.236
110.000,63,661.886,819.313,318.531
110.000,64,669.005,841.393,131.929
110.000,65,556.025,695.826,335.565
110.000,66,782.490,189.994,438.600
110.000,67,871.528,958.206,416.765
110.000,68,44.512,389.673,491.439
110.000,69,820.595,617.873,119.891
110.000,70,332.497,917.367,270.325
110.000,71,1041.601,69.322,385.209
110.000,72,166.619,507.943,478.199
110.000,73,80.641,602.840,521.374
110.000,74,819.355,392.935,592.013
110.000,75,557.606,205.870,531.591
110.000,76,948.935,24.605,201.979
110.000,77,1030.752,333.816,159.142
110.000,78,1004.276,1002.072,490.913
115.000,0,566.976,282.706,265.358
115.000,1,711.753,879.539,437.957
115.000,2,669.841,406.365,431.208
115.000,3,728.044,44.316,470.040
115.000,4,256.404,629.120,103.287
115.000,5,593.487,926.834,233.402
115.000,6,1016.497,152.298,326.004
115.000,7,1120.457,795.166,307.468
115.000,8,157.883,849.853,487.164
115.000,9,163.093,131.443,593.541
115.000,10,704.752,25.939,173.931
115.000,11,847.143,797.665,549.974
115.000,12,312.112,659.887,375.161
115.000,13,506.667,604.809,328.424
115.000,14,204.440,508.600,537.941
115.000,15,1016.339,64.242,449.601
115.000,16,935.118,247.393,209.154
115.000,17,1075.925,484.659,358.885
115.000,18,190.218,894.510,164.830
115.000,19,201.213,194.648,233.199
115.000,20,670.323,276.975,284.214
115.000,21,1062.021,422.549,559.296
115.000,22,532.983,908.441,516.467
115.000,23,659.100,468.964,507.035
115.000,24,100.287,696.535,534.971
115.000,25,206.010,982.011,138.130
115.000,26,999.966,506.352,271.763
115.000,27,378.881,258.935,458.085
115.000,28,229.667,717.212,453.996
115.000,29,826.369,72.429,231.132
115.000,30,960.997,333.279,555.631
115.000,31,669.146,478.849,199.114
115.000,32,692.623,760.739,549.642
115.000,33,370.563,164.875,300.714
115.000,34,181.215,48.259,507.356
115.000,35,979.166,331.258,273.604
115.000,36,873.892,216.985,263.399
115.000,37,943.505,268.288,115.409
115.000,38,73.371,493.942,182.310
115.000,39,1044.114,171.473,545.288
115.000,40,338.353,177.780,586.928
115.000,41,726.735,535.510,315.600
115.000,42,1146.162,735.923,422.751
115.000,43,811.924,545.545,185.622
115.000,44,225.000,517.831,265.284
115.000,45,139.756,547.325,196.974
115.000,46,708.582,971.560,357.126
115.000,47,167.753,692.727,565.551
115.000,48,558.549,419.569,108.417
115.000,49,190.436,479.764,583.930
115.000,50,685.087,127.424,267.147
115.000,51,1070.029,358.371,265.084
115.000,52,902.700,694.492,424.568
115.000,53,961.520,296.852,103.149
115.000,54,453.091,532.882,115.303
115.000,55,107.837,657.466,358.634
115.000,56,1115.339,485.242,201.292
115.000,57,1027.434,736.834,318.723
115.000,58,556.345,406.127,560.739
115.000,59,863.107,787.962,121.843
115.000,60,127.026,690.003,153.915
115.000,61,710.851,119.156,425.645
115.000,62,1130.261,11.258,151.392
115.000,63,614.914,913.930,316.237
115.000,64,781.313,827.488,127.479
115.000,65,667.597,736.523,338.713
115.000,66,855.070,265.732,442.469
115.000,67,786.122,938.923,417.897
115.000,68,87.498,300.073,488.979
115.000,69,774.709,556.746,121.075
115.000,70,430.329,822.934,268.696
115.000,71,1092.762,178.260,389.954
115.000,72,248.348,392.858,481.466
115.000,73,214.286,651.523,516.163
115.000,74,796.351,295.293,589.300
115.000,75,528.866,131.546,530.736
115.000,76,954.190,120.557,209.246
115.000,77,1151.183,342.138,154.138
115.000,78,1125.846,1017.844,486.976
120.000,0,667.976,391.713,272.428
120.000,1,750.513,1001.637,436.129
120.000,2,593.164,458.705,426.898
120.000,3,807.907,77.184,466.943
120.000,4,165.974,682.670,108.603
120.000,5,707.567,852.978,226.193
120.000,6,1155.525,114.529,331.778
120.000,7,982.668,741.140,311.756
120.000,8,91.745,938.015,489.807
120.000,9,30.958,141.959,590.619
120.000,10,659.941,140.420,178.849
120.000,11,776.021,920.396,546.665
120.000,12,214.825,694.431,371.999
120.000,13,553.845,550.853,328.939
120.000,14,309.156,549.375,541.403
120.000,15,1081.199,149.608,446.484
120.000,16,882.304,157.446,207.942
120.000,17,1154.644,374.563,353.994
120.000,18,241.078,811.744,169.248
120.000,19,236.121,321.661,231.784
120.000,20,556.444,290.224,288.349
120.000,21,1124.451,315.597,563.105
120.000,22,618.484,943.431,516.079
120.000,23,771.133,505.519,501.233
120.000,24,29.814,656.134,538.674
120.000,25,172.916,916.614,134.877
120.000,26,1066.652,447.131,274.357
120.000,27,458.222,192.703,456.455
120.000,28,342.975,771.350,454.478
120.000,29,749.180,171.369,236.628
120.000,30,973.164,192.401,561.840
120.000,31,576.619,472.692,194.277
120.000,32,608.986,691.213,555.040
120.000,33,353.980,294.713,295.877
120.000,34,154.066,131.141,511.323
120.000,35,1089.759,360.351,269.449
120.000,36,810.986,102.635,260.788
120.000,37,930.180,367.139,108.483
120.000,38,10.987,444.312,178.787
120.000,39,989.061,288.939,546.993
120.000,40,242.152,128.154,591.425
120.000,41,622.761,491.964,317.125
120.000,42,1084.620,702.848,425.095
120.000,43,781.092,475.079,183.959
120.000,44,186.639,623.942,271.324
120.000,45,47.649,632.781,196.995
120.000,46,606.301,899.116,360.628
120.000,47,217.287,575.982,564.428
120.000,48,499.981,521.822,101.017
120.000,49,134.808,607.523,586.777
120.000,50,719.212,211.829,270.079
120.000,51,997.746,382.608,266.999
120.000,52,905.219,791.713,423.352
120.000,53,1026.981,204.607,102.436
120.000,54,573.400,478.639,111.634
120.000,55,116.186,568.780,355.444
120.000,56,1030.291,487.062,204.418
120.000,57,894.632,692.154,312.792
120.000,58,631.651,482.691,565.932
120.000,59,864.103,880.557,126.615
120.000,60,230.455,696.909,152.328
120.000,61,820.797,152.554,423.497
120.000,62,1039.184,71.116,154.956
120.000,63,558.057,1005.451,315.053
120.000,64,887.246,850.083,125.115
120.000,65,785.711,771.283,342.550
120.000,66,915.858,353.633,448.633
120.000,67,710.545,901.268,419.465
120.000,68,113.297,206.833,488.667
120.000,69,719.863,501.108,121.089
120.000,70,544.735,736.253,263.658
120.000,71,1139.312,292.504,395.843
120.000,72,335.386,276.722,483.211
120.000,73,338.553,690.619,512.863
120.000,74,761.972,210.974,586.809
120.000,75,513.918,59.951,532.084
120.000,76,934.531,236.588,213.697
120.000,77,1015.968,272.432,145.865
120.000,78,1116.566,949.022,478.870
125.000,0,743.674,517.107,282.683
125.000,1,804.791,928.692,434.410
125.000,2,530.264,518.465,424.467
125.000,3,878.196,107.169,464.654
125.000,4,70.701,720.151,115.263
125.000,5,810.386,760.276,217.774
125.000,6,1044.869,65.341,340.238
125.000,7,843.205,728.118,314.522
125.000,8,23.775,1020.199,495.476
125.000,9,114.502,147.531,590.327
125.000,10,609.813,253.343,182.569
125.000,11,718.872,973.259,545.070
125.000,12,112.037,721.143,365.475
125.000,13,587.973,484.372,329.866
125.000,14,422.616,590.799,544.816
125.000,15,1172.168,206.955,444.533
125.000,16,826.920,69.671,207.249
125.000,17,1086.258,293.476,348.317
125.000,18,280.357,720.473,172.804
125.000,19,268.938,446.787,227.404
125.000,20,449.934,290.490,294.330
125.000,21,1151.043,217.354,566.521
125.000,22,693.826,986.320,517.645
125.000,23,871.327,561.917,496.791
125.000,24,154.093,628.825,542.647
125.000,25,167.171,839.849,132.774
125.000,26,1127.322,392.480,276.942
125.000,27,529.044,129.427,453.482
125.000,28,461.263,820.540,452.989
125.000,29,689.612,289.122,237.797
125.000,30,970.048,50.412,569.280
125.000,31,502.017,465.683,193.101
125.000,32,525.183,623.199,561.224
125.000,33,325.318,431.074,291.962
125.000,34,107.971,201.040,514.709
125.000,35,1133.866,376.558,265.784
125.000,36,716.785,16.139,257.844
125.000,37,911.512,459.272,103.777
125.000,38,71.835,416.643,175.643
125.000,39,950.939,411.546,545.950
125.000,40,143.567,100.157,595.571
125.000,41,538.009,424.523,319.472
125.000,42,972.704,682.018,429.054
125.000,43,737.506,409.623,180.599
125.000,44,127.548,725.552,274.606
125.000,45,34.418,721.707,194.732
125.000,46,489.589,876.971,360.422
125.000,47,279.798,466.494,564.572
125.000,48,441.658,625.273,105.062
125.000,49,99.363,740.087,590.302
125.000,50,750.304,291.210,272.296
125.000,51,916.109,409.627,269.115
125.000,52,932.780,875.271,420.246
125.000,53,1103.904,121.705,104.598
125.000,54,702.792,436.294,109.208
125.000,55,103.594,487.780,351.156
125.000,56,939.644,467.025,209.333
125.000,57,774.363,634.650,306.077
125.000,58,721.781,544.042,570.756
125.000,59,866.845,969.662,130.050
125.000,60,329.895,694.933,151.802
125.000,61,928.299,187.675,422.657
125.000,62,957.169,167.834,156.928
125.000,63,501.963,962.261,314.866
125.000,64,991.732,838.159,120.683
125.000,65,902.085,805.562,344.643
125.000,66,974.833,443.030,452.303
125.000,67,621.194,894.736,421.512
125.000,68,150.374,127.157,484.896
125.000,69,658.114,462.239,119.700
125.000,70,653.695,635.969,262.799
125.000,71,1144.756,395.790,397.803
125.000,72,420.795,157.769,484.606
125.000,73,468.442,703.240,509.386
125.000,74,738.084,116.879,583.242
125.000,75,484.592,20.720,532.845
125.000,76,916.069,347.653,218.119
125.000,77,888.546,191.324,140.432
125.000,78,1016.572,864.916,475.980
130.000,0,802.621,646.700,289.198
130.000,1,847.045,805.691,433.656
130.000,2,464.008,586.168,420.278
130.000,3,952.874,138.949,461.002
130.000,4,22.531,777.287,119.106
130.000,5,927.533,682.072,213.978
130.000,6,897.816,50.490,347.441
130.000,7,695.014,723.468,320.348
130.000,8,24.871,922.320,499.571
130.000,9,249.127,126.225,586.828
130.000,10,543.798,348.104,188.211
130.000,11,624.253,862.669,545.682
130.000,12,18.940,731.486,361.395
130.000,13,638.052,432.368,329.859
130.000,14,534.751,619.001,550.178
130.000,15,1083.566,267.471,442.534
130.000,16,770.275,27.781,207.533
130.000,17,1007.515,194.292,341.276
130.000,18,327.755,631.985,177.238
130.000,19,272.624,580.702,223.802
130.000,20,339.545,309.657,298.067
130.000,21,1087.865,105.469,570.657
130.000,22,760.145,998.590,519.470
130.000,23,980.296,617.739,493.750
130.000,24,271.646,577.788,544.690
130.000,25,143.537,762.827,131.776
130.000,26,1152.048,328.817,278.734
130.000,27,605.337,77.313,451.567
130.000,28,580.170,862.756,454.089
130.000,29,639.798,406.947,240.839
130.000,30,998.859,110.440,575.701
130.000,31,422.370,458.161,191.022
130.000,32,429.034,571.055,567.221
130.000,33,257.514,548.774,287.869
130.000,34,84.558,288.005,520.128
130.000,35,1023.665,380.928,261.942
130.000,36,658.810,98.983,257.711
130.000,37,879.758,554.112,100.682
130.000,38,144.434,395.853,173.211
130.000,39,897.544,526.879,547.390
130.000,40,54.464,62.160,599.675
130.000,41,445.434,356.568,324.096
130.000,42,864.911,636.811,430.912
130.000,43,692.201,339.981,176.366
130.000,44,78.210,833.421,280.212
130.000,45,110.224,823.081,192.343
130.000,46,367.632,854.561,363.645
130.000,47,292.291,355.237,566.404
130.000,48,372.770,716.927,107.962
130.000,49,86.595,887.232,592.100
130.000,50,780.796,374.248,273.390
130.000,51,830.154,413.317,271.525
130.000,52,949.689,971.465,415.830
130.000,53,1165.260,36.549,106.352
130.000,54,811.201,358.783,106.960
130.000,55,120.496,409.099,349.559
130.000,56,852.563,455.759,212.864
130.000,57,646.274,593.029,297.935
130.000,58,788.860,629.556,574.421
130.000,59,892.685,981.285,134.370
130.000,60,438.789,701.329,151.586
130.000,61,1037.278,240.162,423.393
130.000,62,865.044,245.618,157.936
130.000,63,440.393,873.163,315.793
130.000,64,1096.673,848.873,118.904
130.000,65,1020.511,827.084,345.583
130.000,66,1050.151,508.648,457.683
130.000,67,540.276,891.829,422.341
130.000,68,180.253,33.053,480.726
130.000,69,598.383,422.838,119.293
130.000,70,758.085,542.890,259.833
130.000,71,1068.209,487.001,398.206
130.000,72,495.856,38.462,485.026
130.000,73,601.501,702.497,506.485
130.000,74,712.533,26.825,580.600
130.000,75,479.024,103.039,535.671
130.000,76,923.949,465.969,221.059
130.000,77,747.124,195.791,131.914
130.000,78,902.342,808.796,474.223
135.000,0,858.026,777.616,294.638
135.000,1,885.750,682.702,430.399
135.000,2,393.390,645.234,415.513
135.000,3,1035.303,167.013,459.998
135.000,4,107.939,839.670,124.138
135.000,5,1051.743,632.541,210.416
135.000,6,753.468,38.432,352.465
135.000,7,555.757,697.313,325.202
135.000,8,60.672,831.112,504.827
135.000,9,379.607,151.654,584.698
135.000,10,462.846,432.233,190.685
135.000,11,581.201,721.516,540.287
135.000,12,67.914,775.266,355.707
135.000,13,659.769,361.429,330.222
135.000,14,644.175,654.311,557.912
135.000,15,991.571,330.389,439.844
135.000,16,698.891,110.007,208.315
135.000,17,939.411,79.533,333.750
135.000,18,369.517,546.433,183.181
135.000,19,291.173,709.561,219.550
135.000,20,227.363,329.708,301.242
135.000,21,1016.944,17.090,569.317
135.000,22,822.436,929.146,523.891
135.000,23,1090.223,664.554,489.734
135.000,24,400.797,544.508,547.551
135.000,25,136.569,679.772,130.266
135.000,26,1072.276,305.812,283.422
135.000,27,677.742,9.881,451.376
135.000,28,695.737,934.387,455.064
135.000,29,583.554,516.405,243.947
135.000,30,1051.804,241.657,580.166
135.000,31,345.637,434.809,188.560
135.000,32,351.449,487.496,572.009
135.000,33,181.311,661.097,283.449
135.000,34,53.043,370.585,524.629
135.000,35,910.705,391.419,258.101
135.000,36,587.652,192.693,257.411
135.000,37,866.783,650.761,101.614
135.000,38,214.759,365.482,170.857
135.000,39,829.256,634.207,552.065
135.000,40,38.815,5.642,595.522
135.000,41,339.986,326.287,326.390
135.000,42,745.066,619.081,429.883
135.000,43,645.101,268.476,173.681
135.000,44,57.000,944.697,286.925
135.000,45,186.054,921.893,191.082
135.000,46,256.101,810.980,366.156
135.000,47,342.300,242.464,565.241
135.000,48,314.309,810.742,111.014
135.000,49,69.577,1023.551,593.995
135.000,50,805.905,452.912,276.608
135.000,51,744.836,413.976,274.295
135.000,52,965.244,972.881,413.898
135.000,53,1101.394,54.291,110.339
135.000,54,915.790,265.778,107.687
135.000,55,146.187,328.238,348.502
135.000,56,758.586,445.607,214.773
135.000,57,519.862,549.782,294.580
135.000,58,875.275,699.542,579.543
135.000,59,919.370,895.233,139.492
135.000,60,549.479,730.114,152.865
135.000,61,1142.832,271.058,425.605
135.000,62,772.629,326.338,160.944
135.000,63,386.812,781.643,312.296
135.000,64,1138.490,831.580,115.976
135.000,65,1146.007,859.285,343.160
135.000,66,1122.462,586.091,462.941
135.000,67,455.888,861.682,425.790
135.000,68,206.444,73.011,481.487
135.000,69,543.488,370.613,117.475
135.000,70,860.054,443.221,259.246
135.000,71,999.843,587.581,397.066
135.000,72,564.784,86.269,487.245
135.000,73,726.556,730.320,501.706
135.000,74,691.108,82.712,578.763
135.000,75,450.698,170.174,535.232
135.000,76,918.978,582.185,226.775
135.000,77,605.882,189.420,123.282
135.000,78,783.158,749.333,466.610
140.000,0,941.033,886.571,300.401
140.000,1,932.650,560.082,428.614
140.000,2,325.981,698.128,413.420
140.000,3,1119.616,187.135,457.945
140.000,4,185.516,906.625,130.267
140.000,5,1165.304,546.112,208.004
140.000,6,620.694,8.895,359.719
140.000,7,425.731,650.738,331.475
140.000,8,106.236,734.549,511.362
140.000,9,519.889,174.697,584.313
140.000,10,401.124,528.852,193.057
140.000,11,493.459,608.108,535.611
140.000,12,160.562,801.908,351.338
140.000,13,714.067,300.118,331.648
140.000,14,760.593,667.159,564.303
140.000,15,918.206,394.602,437.749
140.000,16,629.790,183.201,206.569
140.000,17,849.924,23.732,327.991
140.000,18,415.737,465.680,187.776
140.000,19,299.210,839.614,216.743
140.000,20,116.457,363.073,304.547
140.000,21,952.948,133.643,570.993
140.000,22,890.373,881.919,526.177
140.000,23,1144.794,711.631,485.934
140.000,24,525.647,534.458,553.617
140.000,25,111.767,610.972,129.497
140.000,26,998.004,274.963,287.011
140.000,27,762.166,57.661,449.566
140.000,28,814.117,992.904,454.849
140.000,29,526.318,637.536,246.822
140.000,30,1083.852,380.489,586.701
140.000,31,270.694,435.861,187.721
140.000,32,280.448,409.930,576.277
140.000,33,133.226,781.669,278.520
140.000,34,23.616,451.938,530.497
140.000,35,810.845,427.725,254.512
140.000,36,532.919,312.981,253.594
140.000,37,847.903,751.583,106.109
140.000,38,272.242,322.031,168.824
140.000,39,801.803,763.360,556.604
140.000,40,124.600,47.705,590.821
140.000,41,239.265,272.463,328.796
140.000,42,630.757,591.814,431.798
140.000,43,597.123,204.843,171.198
140.000,44,19.037,984.717,294.012
140.000,45,265.472,1014.940,190.863
140.000,46,147.716,746.595,369.119
140.000,47,368.176,121.800,567.891
140.000,48,258.148,908.239,114.323
140.000,49,40.826,891.151,595.133
140.000,50,838.456,525.718,279.648
140.000,51,666.454,432.503,277.904
140.000,52,954.952,878.145,411.156
140.000,53,1036.442,150.680,111.725
140.000,54,1009.256,167.279,105.290
140.000,55,158.822,243.614,345.001
140.000,56,673.207,404.423,216.635
140.000,57,388.899,504.853,285.961
140.000,58,956.760,760.398,582.650
140.000,59,932.643,802.190,145.951
140.000,60,652.125,735.893,155.463
140.000,61,1102.910,305.144,425.090
140.000,62,681.016,406.456,163.319
140.000,63,311.494,706.355,309.737
140.000,64,1025.362,828.370,112.345
140.000,65,1069.826,905.200,344.391
140.000,66,1152.676,672.933,469.577
140.000,67,377.481,834.174,426.274
140.000,68,246.544,169.576,479.800
140.000,69,475.587,333.369,116.246
140.000,70,960.436,344.883,259.957
140.000,71,939.919,690.714,397.353
140.000,72,621.809,219.382,490.634
140.000,73,859.464,737.762,496.598
140.000,74,660.737,173.132,577.332
140.000,75,424.031,235.525,536.981
140.000,76,894.578,694.704,231.173
140.000,77,460.692,143.150,114.051
140.000,78,661.486,703.275,458.846
145.000,0,1021.962,1003.752,304.229
145.000,1,979.475,431.904,429.233
145.000,2,244.707,742.715,412.125
145.000,3,1145.866,211.966,457.747
145.000,4,276.745,958.944,133.916
145.000,5,1075.276,458.600,203.937
145.000,6,483.121,22.641,367.771
145.000,7,318.063,553.933,336.196
145.000,8,181.285,658.248,517.496
145.000,9,657.677,201.718,583.115
145.000,10,368.280,631.911,195.957
145.000,11,397.205,502.034,534.333
145.000,12,250.973,842.283,347.547
145.000,13,753.447,230.769,332.192
145.000,14,872.697,693.032,571.196
145.000,15,821.799,447.329,433.911
145.000,16,591.355,266.929,207.588
145.000,17,799.133,148.368,318.929
145.000,18,460.903,386.638,190.790
145.000,19,292.672,965.700,211.611
145.000,20,6.738,396.794,308.432
145.000,21,895.320,250.133,573.146
145.000,22,976.953,853.474,527.683
145.000,23,1043.835,765.099,478.584
145.000,24,658.444,500.066,556.809
145.000,25,101.457,533.492,127.229
145.000,26,933.078,216.462,289.113
145.000,27,848.789,105.867,447.588
145.000,28,928.387,986.417,456.522
145.000,29,459.969,746.272,250.859
145.000,30,1114.494,514.758,591.926
145.000,31,190.253,428.061,185.851
145.000,32,203.515,340.201,583.455
145.000,33,111.977,917.099,279.153
145.000,34,7.300,534.688,534.642
145.000,35,701.099,443.875,248.970
145.000,36,489.338,426.051,253.230
145.000,37,824.416,845.971,110.072
145.000,38,334.551,280.313,167.688
145.000,39,732.605,875.474,559.286
145.000,40,199.660,107.018,583.801
145.000,41,141.542,219.553,331.240
145.000,42,531.529,534.987,434.366
145.000,43,547.955,135.823,166.908
145.000,44,1.883,872.302,301.428
145.000,45,358.285,948.208,188.937
145.000,46,44.130,680.650,372.962
145.000,47,394.439,9.620,565.994
145.000,48,231.064,1024.263,121.286
145.000,49,18.439,762.434,592.907
145.000,50,882.152,593.819,283.165
145.000,51,584.617,445.243,280.109
145.000,52,989.490,799.866,409.526
145.000,53,942.364,217.937,115.751
145.000,54,1101.074,80.572,105.559
145.000,55,182.836,162.120,340.919
145.000,56,592.541,370.894,220.098
145.000,57,259.074,475.463,285.745
145.000,58,1022.738,832.115,587.774
145.000,59,947.707,715.783,149.961
145.000,60,754.756,749.631,156.327
145.000,61,986.848,336.759,426.459
145.000,62,595.562,497.459,167.218
145.000,63,269.743,604.764,306.832
145.000,64,918.856,828.035,107.296
145.000,65,955.566,949.233,344.359
145.000,66,1089.734,753.956,473.447
145.000,67,288.184,802.617,428.097
145.000,68,292.295,255.029,477.406
145.000,69,419.987,278.317,116.915
145.000,70,1067.213,247.321,261.933
145.000,71,890.620,809.454,396.946
145.000,72,671.855,349.619,494.132
145.000,73,986.408,760.790,494.272
145.000,74,643.053,264.666,575.682
145.000,75,404.294,310.414,537.540
145.000,76,906.284,815.656,231.572
145.000,77,326.544,116.028,106.718
145.000,78,546.345,662.357,452.296
150.000,0,1096.731,902.166,311.036
150.000,1,1018.774,306.269,429.599
150.000,2,171.851,788.138,407.804
150.000,3,1066.388,234.984,454.052
150.000,4,360.339,1017.012,138.182
150.000,5,959.147,394.875,198.512
150.000,6,342.039,43.422,377.554
150.000,7,178.466,524.068,342.079
150.000,8,233.102,566.043,522.585
150.000,9,794.415,206.769,583.868
150.000,10,310.866,731.980,200.362
150.000,11,327.403,376.839,534.730
150.000,12,344.962,867.461,340.417
150.000,13,812.620,177.670,331.943
150.000,14,985.915,707.562,575.672
150.000,15,741.582,514.538,431.261
150.000,16,550.785,353.366,208.782
150.000,17,742.812,271.638,309.857
150.000,18,498.017,298.417,195.551
150.000,19,301.640,939.059,209.161
150.000,20,109.275,420.607,315.657
150.000,21,853.767,371.274,575.300
150.000,22,1055.772,805.076,528.924
150.000,23,943.784,817.450,475.947
150.000,24,784.852,461.606,556.842
150.000,25,64.713,458.969,123.219
150.000,26,868.760,151.798,295.421
150.000,27,925.055,171.771,445.726
150.000,28,1037.011,914.336,456.821
150.000,29,380.091,849.360,256.739
150.000,30,1145.327,650.681,599.389
150.000,31,111.743,423.211,185.122
150.000,32,117.075,265.916,587.421
150.000,33,54.948,1010.682,274.377
150.000,34,34.667,623.140,537.759
150.000,35,604.331,486.494,244.265
150.000,36,415.736,514.925,251.372
150.000,37,830.879,944.161,113.168
150.000,38,403.949,246.532,165.492
150.000,39,668.832,982.787,556.978
150.000,40,275.217,171.158,579.333
150.000,41,62.879,148.426,334.354
150.000,42,422.347,490.365,434.795
150.000,43,507.992,66.550,164.388
150.000,44,26.812,758.559,305.028
150.000,45,443.686,872.438,187.467
150.000,46,89.762,612.988,374.307
150.000,47,425.230,124.463,567.490
150.000,48,190.690,915.101,123.817
150.000,49,44.073,621.817,591.497
150.000,50,914.056,671.251,286.183
150.000,51,504.125,462.782,284.223
150.000,52,1002.295,708.305,406.702
150.000,53,864.949,300.961,117.694
150.000,54,1103.118,35.858,105.655
150.000,55,188.830,73.270,337.470
150.000,56,503.915,344.762,221.982
150.000,57,127.951,444.986,283.537
150.000,58,1105.739,888.522,595.299
150.000,59,948.168,629.602,152.680
150.000,60,863.850,769.560,159.361
150.000,61,881.382,378.953,425.817
150.000,62,481.067,540.601,171.285
150.000,63,244.367,496.048,303.929
150.000,64,820.458,829.162,105.146
150.000,65,832.833,982.998,348.473
150.000,66,1029.146,835.253,482.541
150.000,67,207.963,767.146,428.364
150.000,68,305.308,353.997,475.837
150.000,69,361.726,220.076,116.982
150.000,70,1162.380,171.515,259.136
150.000,71,828.241,906.825,395.215
150.000,72,756.904,464.288,493.971
150.000,73,1115.003,733.714,491.093
150.000,74,634.660,363.037,574.396
150.000,75,392.417,377.589,537.987
150.000,76,908.448,934.741,233.871
150.000,77,186.938,84.069,102.387
150.000,78,421.879,614.371,445.178
155.000,0,1166.843,772.392,317.765
155.000,1,1052.774,177.815,427.582
155.000,2,106.749,847.444,403.467
155.000,3,986.106,271.068,452.058
155.000,4,444.770,971.734,142.912
155.000,5,862.754,298.159,193.533
155.000,6,209.827,88.009,381.190
155.000,7,52.310,470.902,347.394
155.000,8,298.064,483.777,529.555
155.000,9,928.949,219.097,584.706
155.000,10,241.243,831.377,204.523
155.000,11,249.353,250.268,534.687
155.000,12,428.666,909.594,334.445
155.000,13,841.251,109.029,331.168
155.000,14,1103.110,717.025,576.773
155.000,15,641.004,558.516,426.372
155.000,16,487.691,424.808,207.610
155.000,17,645.170,374.068,302.045
155.000,18,550.050,223.641,200.436
155.000,19,320.993,811.935,203.503
155.000,20,227.388,439.184,319.600
155.000,21,794.945,489.406,576.685
155.000,22,1134.072,768.027,530.173
155.000,23,854.028,882.667,469.676
155.000,24,917.094,458.130,560.998
155.000,25,40.700,387.277,119.875
155.000,26,810.584,97.007,295.911
155.000,27,1004.104,231.646,442.200
155.000,28,1151.272,855.913,454.924
155.000,29,328.375,964.426,260.771
155.000,30,1160.974,789.200,591.514
155.000,31,35.335,413.689,180.758
155.000,32,31.792,195.945,590.814
155.000,33,13.051,889.953,269.673
155.000,34,61.834,705.188,541.912
155.000,35,497.416,529.861,241.344
155.000,36,361.200,620.401,251.416
155.000,37,824.402,1005.378,119.567
155.000,38,468.564,205.315,162.718
155.000,39,636.725,937.138,557.427
155.000,40,365.860,221.045,575.622
155.000,41,37.206,79.309,339.072
155.000,42,304.759,455.087,436.348
155.000,43,450.971,3.836,162.256
155.000,44,72.870,647.028,311.866
155.000,45,521.167,773.945,185.768
155.000,46,200.288,552.796,377.002
155.000,47,451.122,240.764,568.308
155.000,48,116.889,821.303,127.966
155.000,49,95.719,494.296,592.766
155.000,50,943.164,749.705,288.502
155.000,51,415.226,472.327,286.689
155.000,52,993.157,609.684,403.987
155.000,53,789.871,392.562,119.560
155.000,54,977.071,11.580,104.842
155.000,55,199.156,21.702,333.609
155.000,56,419.185,326.647,225.334
155.000,57,22.401,420.139,276.311
155.000,58,1141.039,939.160,598.350
155.000,59,969.460,552.589,157.280
155.000,60,969.240,768.076,158.850
155.000,61,766.873,404.341,428.187
155.000,62,379.979,600.881,173.952
155.000,63,188.275,404.377,301.498
155.000,64,718.783,814.331,103.024
155.000,65,713.878,1012.597,349.372
155.000,66,960.594,910.178,484.683
155.000,67,130.279,734.335,429.324
155.000,68,352.228,439.784,471.763
155.000,69,301.053,173.570,118.149
155.000,70,1047.737,94.780,257.549
155.000,71,762.660,1010.691,399.260
155.000,72,821.632,587.512,497.335
155.000,73,1088.626,751.375,484.998
155.000,74,611.562,461.947,571.957
155.000,75,368.392,445.137,538.194
155.000,76,914.908,982.964,239.878
155.000,77,44.368,54.335,103.310
155.000,78,326.516,530.332,441.687
160.000,0,1076.344,663.261,325.384
160.000,1,1093.415,62.026,424.972
160.000,2,31.125,893.195,399.692
160.000,3,906.245,298.327,447.879
160.000,4,532.731,916.820,149.719
160.000,5,746.959,225.960,188.822
160.000,6,68.775,110.839,387.989
160.000,7,105.258,440.797,353.093
160.000,8,354.239,391.453,532.619
160.000,9,1067.900,228.569,583.889
160.000,10,175.540,931.467,209.149
160.000,11,164.311,135.450,533.410
160.000,12,526.888,942.303,331.189
160.000,13,892.292,51.110,330.649
160.000,14,1127.505,747.069,581.731
160.000,15,561.650,621.136,420.860
160.000,16,437.234,516.364,211.006
160.000,17,547.695,464.419,296.988
160.000,18,588.748,137.725,203.903
160.000,19,327.536,683.940,198.739
160.000,20,339.455,441.711,321.535
160.000,21,708.865,584.059,578.772
160.000,22,1112.397,740.479,531.492
160.000,23,762.085,944.617,465.862
160.000,24,1041.669,442.144,565.688
160.000,25,19.226,312.294,119.591
160.000,26,747.149,57.478,298.118
160.000,27,1084.582,298.105,441.714
160.000,28,1052.875,798.745,458.068
160.000,29,256.309,968.121,266.310
160.000,30,1162.678,928.811,583.590
160.000,31,50.668,400.599,179.066
160.000,32,34.189,112.399,596.434
160.000,33,39.790,761.000,265.283
160.000,34,110.631,782.146,547.320
160.000,35,392.264,567.864,240.959
160.000,36,298.730,719.296,251.737
160.000,37,810.928,912.573,124.922
160.000,38,537.487,177.977,160.394
160.000,39,601.116,801.933,558.118
160.000,40,461.716,230.519,572.486
160.000,41,127.408,15.208,338.744
160.000,42,202.437,406.991,439.145
160.000,43,416.702,72.906,159.800
160.000,44,131.790,541.956,314.545
160.000,45,606.126,690.517,183.283
160.000,46,331.916,516.579,380.822
160.000,47,495.381,359.075,569.031
160.000,48,45.486,731.977,133.807
160.000,49,89.028,360.947,591.393
160.000,50,969.449,831.436,292.720
160.000,51,321.348,490.978,290.480
160.000,52,993.398,514.790,402.086
160.000,53,718.950,475.668,123.427
160.000,54,852.943,58.622,104.752
160.000,55,189.854,108.885,331.057
160.000,56,325.917,303.538,226.424
160.000,57,158.462,392.877,274.501
160.000,58,1058.290,1016.875,596.319
160.000,59,984.382,463.902,162.513
160.000,60,1077.116,790.126,161.560
160.000,61,660.224,426.174,428.746
160.000,62,276.914,673.403,174.717
160.000,63,144.616,309.314,301.253
160.000,64,608.506,795.963,100.661
160.000,65,590.066,1005.172,352.374
160.000,66,890.620,987.299,487.128
160.000,67,47.052,712.098,431.997
160.000,68,380.924,538.039,468.633
160.000,69,254.280,111.486,118.050
160.000,70,950.840,11.489,255.909
160.000,71,676.175,942.535,399.401
160.000,72,902.708,699.836,501.704
160.000,73,956.870,772.168,480.582
160.000,74,602.508,552.880,568.703
160.000,75,357.559,520.301,537.819
160.000,76,938.716,862.266,244.069
160.000,77,132.875,37.071,108.280
160.000,78,214.544,469.375,436.969
165.000,0,996.126,546.016,333.628
165.000,1,1146.629,62.231,423.821
165.000,2,36.737,965.992,394.883
165.000,3,828.906,310.637,448.099
165.000,4,621.602,864.911,155.083
165.000,5,621.769,167.779,185.412
165.000,6,98.231,122.300,395.366
165.000,7,240.353,430.527,359.396
165.000,8,428.602,311.403,536.816
165.000,9,1148.142,215.866,583.234
165.000,10,132.842,1015.521,213.662
165.000,11,99.353,13.625,528.910
165.000,12,626.063,947.051,326.005
165.000,13,927.202,12.181,329.986
165.000,14,1024.289,795.725,588.097
165.000,15,477.555,686.407,416.473
165.000,16,376.443,599.025,212.372
165.000,17,460.902,562.541,295.366
165.000,18,636.526,59.242,210.218
165.000,19,318.777,552.544,192.025
165.000,20,452.556,430.443,324.287
165.000,21,614.631,670.259,580.979
165.000,22,1033.182,692.974,533.577
165.000,23,662.475,1007.759,461.620
165.000,24,1162.748,397.389,569.370
165.000,25,14.169,235.158,118.838
165.000,26,674.386,15.465,298.941
165.000,27,1165.916,360.187,439.730
165.000,28,937.885,745.947,456.908
165.000,29,180.558,856.910,273.318
165.000,30,1138.477,983.322,577.336
165.000,31,125.816,389.567,177.243
165.000,32,133.348,60.655,599.604
165.000,33,91.256,643.045,263.225
165.000,34,148.492,864.603,550.825
165.000,35,282.025,588.985,236.969
165.000,36,233.137,817.046,251.313
165.000,37,801.559,813.496,131.686
165.000,38,608.394,146.171,155.757
165.000,39,576.321,665.331,558.366
165.000,40,559.579,250.920,568.919
165.000,41,208.731,75.218,341.881
165.000,42,93.093,389.012,441.519
165.000,43,396.466,150.701,156.422
165.000,44,194.228,443.888,319.536
165.000,45,672.136,584.288,180.874
165.000,46,446.193,461.257,382.649
165.000,47,504.921,477.480,568.733
165.000,48,17.074,637.038,137.180
165.000,49,125.743,233.916,593.030
165.000,50,976.416,923.085,293.457
165.000,51,229.495,513.429,294.112
165.000,52,1000.302,423.738,398.998
165.000,53,639.706,561.965,128.474
165.000,54,738.501,129.814,101.955
165.000,55,197.394,184.922,327.088
165.000,56,238.032,290.677,228.994
165.000,57,296.050,385.339,269.854
165.000,58,961.651,971.066,592.377
165.000,59,991.623,368.804,169.611
165.000,60,1163.212,810.345,161.106
165.000,61,549.658,458.412,427.516
165.000,62,182.630,757.809,175.090
165.000,63,76.567,213.731,300.681
165.000,64,499.087,790.016,101.060
165.000,65,465.887,982.003,353.488
165.000,66,821.631,985.888,491.227
165.000,67,47.182,684.703,433.859
165.000,68,403.044,634.425,465.836
165.000,69,201.846,59.222,116.581
165.000,70,822.481,77.977,256.034
165.000,71,599.480,846.411,401.144
165.000,72,955.210,834.100,502.948
165.000,73,829.603,809.737,474.701
165.000,74,580.650,649.085,568.631
165.000,75,328.243,591.383,535.363
165.000,76,938.022,743.908,249.808
165.000,77,269.201,8.097,113.565
165.000,78,100.637,412.511,431.789
170.000,0,893.302,452.818,339.579
170.000,1,1171.821,194.600,423.200
170.000,2,107.885,1021.573,391.316
170.000,3,748.887,340.794,445.159
170.000,4,701.644,796.292,159.912
170.000,5,503.427,99.903,181.867
170.000,6,238.344,146.417,397.500
170.000,7,363.287,363.054,363.193
170.000,8,500.022,229.815,543.437
170.000,9,1018.372,220.809,581.585
170.000,10,75.978,912.563,219.268
170.000,11,41.708,152.103,527.213
170.000,12,718.164,986.361,319.434
170.000,13,970.602,69.482,329.022
170.000,14,904.585,799.422,594.166
170.000,15,387.675,746.092,412.869
170.000,16,326.271,684.388,209.931
170.000,17,370.155,665.171,289.824
170.000,18,698.940,15.544,214.184
170.000,19,300.111,417.629,185.778
170.000,20,564.868,455.894,330.928
170.000,21,528.694,771.522,583.515
170.000,22,968.385,635.807,533.327
170.000,23,567.159,983.654,460.700
170.000,24,1060.232,377.715,571.577
170.000,25,31.444,153.177,115.940
170.000,26,599.138,38.255,304.007
170.000,27,1100.402,425.098,439.320
170.000,28,828.160,685.158,457.215
170.000,29,107.678,751.353,278.310
170.000,30,1109.469,841.849,570.664
170.000,31,204.570,377.679,175.127
170.000,32,227.493,6.342,591.998
170.000,33,132.171,518.314,260.669
170.000,34,182.846,947.240,555.472
170.000,35,172.286,589.897,233.613
170.000,36,157.546,915.658,250.135
170.000,37,783.256,722.068,137.249
170.000,38,674.064,101.052,152.563
170.000,39,521.867,545.938,559.804
170.000,40,649.229,288.020,566.999
170.000,41,294.646,156.971,342.146
170.000,42,11.709,352.023,445.124
170.000,43,335.487,217.818,153.637
170.000,44,209.241,332.868,325.057
170.000,45,748.847,489.530,178.756
170.000,46,551.063,383.544,386.314
170.000,47,534.689,594.084,569.374
170.000,48,78.164,547.292,142.562
170.000,49,145.463,95.192,596.504
170.000,50,1016.077,996.519,296.682
170.000,51,135.720,516.825,296.796
170.000,52,1028.772,335.500,396.387
170.000,53,574.247,654.793,129.968
170.000,54,618.896,199.087,103.861
170.000,55,196.923,266.063,322.744
170.000,56,157.561,261.297,234.479
170.000,57,426.986,346.555,264.150
170.000,58,880.052,893.749,586.230
170.000,59,1017.400,290.583,174.701
170.000,60,1064.818,832.282,161.693
170.000,61,449.999,492.062,428.532
170.000,62,79.314,822.518,179.401
170.000,63,40.624,118.169,299.891
170.000,64,389.911,794.521,102.937
170.000,65,342.443,972.827,354.645
170.000,66,742.898,918.872,493.373
170.000,67,127.553,654.241,436.472
170.000,68,437.092,726.686,462.714
170.000,69,150.987,5.094,116.890
170.000,70,703.478,156.559,254.552
170.000,71,536.399,745.550,405.025
170.000,72,998.740,963.199,504.994
170.000,73,707.132,858.161,469.473
170.000,74,575.191,750.607,567.342
170.000,75,312.543,670.068,534.054
170.000,76,948.057,622.091,254.775
170.000,77,413.381,17.294,117.310
170.000,78,16.992,348.549,428.810
175.000,0,800.586,342.426,348.261
175.000,1,1140.485,317.457,418.050
175.000,2,177.472,964.328,387.810
175.000,3,669.028,374.619,439.597
175.000,4,784.263,733.503,167.130
175.000,5,380.792,46.036,175.730
175.000,6,377.292,174.460,404.755
175.000,7,500.401,312.571,372.337
175.000,8,573.020,152.857,547.830
175.000,9,885.346,197.338,583.246
175.000,10,18.482,809.385,223.126
175.000,11,32.216,274.305,523.964
175.000,12,812.488,1008.327,315.592
175.000,13,1018.889,118.900,328.141
175.000,14,787.279,821.646,599.486
175.000,15,305.347,808.788,408.408
175.000,16,255.676,755.280,210.133
175.000,17,289.094,768.408,283.441
175.000,18,770.033,86.269,217.512
175.000,19,319.032,287.674,181.428
175.000,20,668.098,493.989,334.322
175.000,21,464.482,884.114,583.336
175.000,22,894.226,582.614,536.010
175.000,23,468.561,919.627,455.119
175.000,24,939.162,354.455,575.707
175.000,25,64.550,89.407,113.273
175.000,26,524.234,81.371,307.729
175.000,27,1030.162,495.167,439.370
175.000,28,719.060,626.544,454.804
175.000,29,32.990,641.051,279.006
175.000,30,1077.318,707.606,563.862
175.000,31,277.817,354.428,172.593
175.000,32,298.087,83.246,588.430
175.000,33,160.003,385.876,256.076
175.000,34,214.272,1024.182,558.465
175.000,35,66.399,602.235,230.520
175.000,36,75.917,1008.066,247.329
175.000,37,743.031,633.341,142.639
175.000,38,740.980,63.081,150.082
175.000,39,461.536,431.763,559.453
175.000,40,738.935,335.601,565.124
175.000,41,394.936,218.897,341.623
175.000,42,130.238,336.553,444.466
175.000,43,293.049,286.289,151.968
175.000,44,254.334,226.572,328.022
175.000,45,847.780,412.384,174.559
175.000,46,669.736,337.157,390.207
175.000,47,563.012,704.383,567.872
175.000,48,134.318,452.728,146.937
175.000,49,175.489,39.105,599.446
175.000,50,1065.000,975.838,299.993
175.000,51,45.857,536.829,301.249
175.000,52,1042.886,240.096,391.927
175.000,53,498.573,730.463,133.430
175.000,54,491.957,253.308,103.787
175.000,55,195.442,351.966,316.316
175.000,56,75.986,224.207,237.962
175.000,57,551.868,310.344,257.648
175.000,58,805.160,826.054,579.957
175.000,59,1032.406,203.937,180.074
175.000,60,965.523,860.819,164.722
175.000,61,338.898,523.758,430.907
175.000,62,23.103,902.762,182.986
175.000,63,10.577,13.541,301.949
175.000,64,279.495,809.005,106.710
175.000,65,227.378,945.608,356.097
175.000,66,660.325,864.604,494.917
175.000,67,212.620,634.154,435.814
175.000,68,457.847,818.968,460.302
175.000,69,92.772,56.361,115.085
175.000,70,577.469,210.742,251.032
175.000,71,478.561,639.356,405.864
175.000,72,1047.507,945.803,508.792
175.000,73,579.312,847.037,464.502
175.000,74,545.218,837.220,565.533
175.000,75,298.546,746.726,535.070
175.000,76,968.388,504.054,257.916
175.000,77,552.494,59.342,121.443
175.000,78,132.399,305.392,421.043
180.000,0,717.134,228.680,356.388
180.000,1,1098.960,437.527,421.072
180.000,2,239.007,892.507,383.487
180.000,3,595.985,407.721,437.586
180.000,4,875.175,704.459,174.497
180.000,5,263.392,38.417,171.886
180.000,6,518.142,198.782,410.112
180.000,7,613.198,222.123,379.142
180.000,8,640.488,72.086,554.731
180.000,9,750.965,189.605,581.389
180.000,10,41.646,713.872,228.000
180.000,11,96.211,398.750,525.284
180.000,12,910.588,1002.029,311.561
180.000,13,1052.837,181.565,326.865
180.000,14,680.728,859.641,596.980
180.000,15,214.141,857.794,406.026
180.000,16,208.192,840.178,210.076
180.000,17,195.255,862.695,277.564
180.000,18,793.099,176.569,220.516
180.000,19,338.868,160.432,177.908
180.000,20,786.393,514.588,337.989
180.000,21,386.347,977.780,586.604
180.000,22,815.031,535.328,537.567
180.000,23,363.813,867.633,452.199
180.000,24,821.338,310.704,582.607
180.000,25,80.380,17.355,110.952
180.000,26,465.075,134.385,311.710
180.000,27,947.158,553.989,436.403
180.000,28,598.598,586.518,456.696
180.000,29,40.360,525.918,282.837
180.000,30,1079.662,563.335,559.451
180.000,31,366.334,341.764,171.642
180.000,32,396.320,139.198,582.490
180.000,33,228.878,267.930,254.253
180.000,34,258.499,939.225,562.756
180.000,35,41.396,652.014,227.535
180.000,36,43.761,916.087,245.210
180.000,37,744.425,532.454,148.208
180.000,38,812.621,26.142,149.037
180.000,39,401.357,318.550,561.622
180.000,40,832.725,371.064,561.096
180.000,41,491.313,278.760,341.431
180.000,42,240.517,308.932,443.818
180.000,43,247.948,358.289,148.564
180.000,44,302.878,115.906,333.206
180.000,45,940.989,330.995,172.022
180.000,46,777.776,280.050,391.203
180.000,47,570.437,821.117,566.675
180.000,48,182.484,350.091,153.190
180.000,49,197.250,173.475,599.963
180.000,50,1099.436,895.101,304.226
180.000,51,44.529,547.025,304.577
180.000,52,1038.136,146.905,387.815
180.000,53,418.849,810.606,135.602
180.000,54,382.026,323.810,102.894
180.000,55,194.867,438.353,310.681
180.000,56,15.030,175.156,239.982
180.000,57,680.205,279.339,250.634
180.000,58,716.038,770.078,573.227
180.000,59,1034.835,111.244,184.656
180.000,60,860.956,897.043,168.408
180.000,61,224.868,540.561,429.456
180.000,62,129.918,966.169,185.905
180.000,63,48.859,94.950,301.567
180.000,64,164.459,799.026,108.576
180.000,65,98.805,938.880,358.769
180.000,66,581.930,797.886,500.784
180.000,67,295.338,604.957,436.185
180.000,68,490.402,910.415,457.490
180.000,69,24.848,101.194,113.491
180.000,70,459.336,294.997,250.634
180.000,71,409.853,535.977,405.930
180.000,72,1099.025,818.527,510.319
180.000,73,450.813,827.884,461.253
180.000,74,528.785,922.212,564.086
180.000,75,284.228,821.535,535.987
180.000,76,975.627,388.322,262.116
180.000,77,685.897,120.567,125.994
180.000,78,241.817,235.314,415.494
185.000,0,620.760,130.439,366.515
185.000,1,1063.179,560.749,422.364
185.000,2,302.282,830.429,381.354
185.000,3,520.048,439.756,435.094
185.000,4,962.657,655.016,180.476
185.000,5,132.297,84.708,167.846
185.000,6,663.941,210.100,414.744
185.000,7,749.650,179.728,384.263
185.000,8,692.298,22.580,558.145
185.000,9,618.959,183.295,581.245
185.000,10,98.933,612.541,234.461
185.000,11,187.621,514.714,525.427
185.000,12,1009.204,995.756,309.297
185.000,13,1091.943,244.052,326.556
185.000,14,569.478,896.383,593.317
185.000,15,142.519,934.695,402.695
185.000,16,165.417,933.248,210.185
185.000,17,110.926,959.841,268.268
185.000,18,843.081,250.317,225.165
185.000,19,368.033,30.746,171.292
185.000,20,899.563,547.675,342.795
185.000,21,309.895,964.277,589.941
185.000,22,722.418,509.022,538.645
185.000,23,260.535,823.626,449.469
185.000,24,693.480,291.732,585.557
185.000,25,101.716,64.382,110.417
185.000,26,389.383,178.055,314.957
185.000,27,861.220,608.880,432.966
185.000,28,484.801,525.169,457.708
185.000,29,101.033,409.143,288.671
185.000,30,1086.576,425.078,552.344
185.000,31,444.473,321.043,169.168
185.000,32,485.164,203.482,574.581
185.000,33,278.965,148.577,251.992
185.000,34,278.662,856.979,567.849
185.000,35,148.559,677.993,224.621
185.000,36,35.886,822.558,243.836
185.000,37,715.527,431.966,154.980
185.000,38,882.089,8.041,147.709
185.000,39,362.711,197.277,563.833
185.000,40,930.829,389.990,558.490
185.000,41,589.330,320.774,342.132
185.000,42,347.953,268.773,444.485
185.000,43,203.806,428.000,145.167
185.000,44,337.708,1.491,337.598
185.000,45,1011.478,236.834,172.340
185.000,46,886.700,213.217,392.150
185.000,47,595.800,938.177,568.776
185.000,48,220.658,249.746,156.817
185.000,49,239.289,301.961,596.531
185.000,50,1119.835,813.292,305.933
185.000,51,133.389,558.372,307.768
185.000,52,1040.101,51.500,384.152
185.000,53,352.947,894.124,138.954
185.000,54,280.134,411.691,102.134
185.000,55,180.611,518.027,308.582
185.000,56,107.373,169.289,242.328
185.000,57,801.518,228.079,247.538
185.000,58,640.821,693.075,567.980
185.000,59,1047.343,24.409,187.544
185.000,60,763.029,896.765,169.859
185.000,61,111.337,546.774,426.271
185.000,62,227.699,997.722,187.327
185.000,63,116.620,186.333,301.154
185.000,64,57.933,800.428,112.124
185.000,65,25.994,914.791,359.169
185.000,66,524.435,714.693,506.424
185.000,67,375.392,592.755,434.900
185.000,68,502.682,1004.436,456.656
185.000,69,38.810,136.553,112.824
185.000,70,329.192,350.995,246.519
185.000,71,320.671,452.966,408.581
185.000,72,1149.542,695.092,512.713
185.000,73,319.708,856.324,459.470
185.000,74,508.370,1015.463,562.612
185.000,75,248.673,886.954,535.876
185.000,76,993.839,264.577,267.090
185.000,77,809.675,174.639,133.036
185.000,78,356.411,193.232,411.136
190.000,0,544.817,18.907,373.434
190.000,1,1013.872,677.751,424.898
190.000,2,369.813,767.281,376.918
190.000,3,445.056,478.590,433.545
190.000,4,1038.781,589.929,185.505
190.000,5,30.369,179.850,162.608
190.000,6,802.345,240.425,422.704
190.000,7,881.574,128.696,387.366
190.000,8,753.394,114.863,563.199
190.000,9,483.804,174.497,582.771
190.000,10,175.326,528.549,240.201
190.000,11,238.953,652.129,524.579
190.000,12,1091.109,952.893,305.899
190.000,13,1132.527,303.685,326.618
190.000,14,457.404,940.001,590.598
190.000,15,64.031,1007.486,399.864
190.000,16,95.678,999.221,208.759
190.000,17,20.630,987.119,260.939
190.000,18,891.286,325.789,229.688
190.000,19,392.632,104.339,169.431
190.000,20,1008.971,557.292,348.825
190.000,21,244.283,849.575,595.622
190.000,22,646.741,469.555,541.232
190.000,23,162.254,763.290,445.442
190.000,24,579.609,233.620,591.246
190.000,25,110.822,147.486,108.062
190.000,26,326.868,227.171,318.067
190.000,27,785.783,675.856,429.167
190.000,28,372.672,472.221,458.897
190.000,29,154.789,293.971,295.187
190.000,30,1087.806,290.294,546.608
190.000,31,523.439,296.068,168.284
190.000,32,562.748,270.867,570.390
190.000,33,324.806,21.709,251.676
190.000,34,292.800,770.406,571.413
190.000,35,261.293,692.615,218.652
190.000,36,90.276,717.747,243.748
190.000,37,696.007,332.610,159.709
190.000,38,960.606,34.208,145.574
190.000,39,293.985,96.859,562.076
190.000,40,1027.566,412.652,554.109
190.000,41,687.367,374.440,345.373
190.000,42,454.139,223.344,443.841
190.000,43,159.019,498.570,141.762
190.000,44,373.258,116.036,341.646
190.000,45,1106.898,163.848,173.063
190.000,46,1006.426,168.251,396.306
190.000,47,618.258,983.775,569.411
190.000,48,284.126,150.815,162.270
190.000,49,290.739,430.589,596.641
190.000,50,1147.133,729.438,306.896
190.000,51,211.429,591.670,310.316
190.000,52,1051.804,48.378,382.462
190.000,53,289.030,984.722,140.673
190.000,54,164.902,476.504,101.815
190.000,55,186.725,599.086,303.855
190.000,56,202.398,162.315,246.723
190.000,57,929.079,168.150,242.459
190.000,58,552.972,638.284,564.435
190.000,59,1064.278,77.723,191.938
190.000,60,653.135,898.801,168.691
190.000,61,0.141,567.990,425.303
190.000,62,315.074,907.810,190.675
190.000,63,181.398,275.468,300.691
190.000,64,56.972,800.032,116.889
190.000,65,139.522,867.913,360.833
190.000,66,464.856,627.953,511.317
190.000,67,454.388,566.112,436.070
190.000,68,531.661,950.741,455.279
190.000,69,82.964,198.191,113.333
190.000,70,213.855,431.981,247.140
190.000,71,235.273,367.798,412.349
190.000,72,1127.586,568.468,514.727
190.000,73,194.660,893.077,456.128
190.000,74,486.926,939.545,560.920
190.000,75,228.566,957.433,535.433
190.000,76,991.551,151.117,274.335
190.000,77,942.267,219.433,137.236
190.000,78,481.450,152.528,404.177
195.000,0,480.918,125.194,379.417
195.000,1,1002.178,802.455,425.334
195.000,2,443.701,710.490,373.070
195.000,3,361.484,477.540,430.879
195.000,4,1113.101,519.213,191.704
195.000,5,104.174,241.896,156.484
195.000,6,942.865,274.243,428.924
195.000,7,1023.477,107.071,392.106
195.000,8,820.892,192.325,568.001
195.000,9,350.255,167.458,580.963
195.000,10,210.739,415.105,243.630
195.000,11,319.619,779.948,520.244
195.000,12,1159.462,918.234,300.668
195.000,13,1172.928,364.341,326.960
195.000,14,357.755,987.215,586.590
195.000,15,20.687,961.619,397.699
195.000,16,39.148,970.346,207.057
195.000,17,60.324,876.619,251.556
195.000,18,935.573,411.254,233.514
195.000,19,403.662,233.691,163.435
195.000,20,1117.652,584.686,351.140
195.000,21,153.605,752.951,597.305
195.000,22,580.500,404.248,540.860
195.000,23,52.768,725.575,440.128
195.000,24,466.173,176.384,594.515
195.000,25,116.179,228.116,107.196
195.000,26,262.745,280.381,321.900
195.000,27,709.556,739.327,428.722
195.000,28,250.914,445.287,457.245
195.000,29,241.709,197.993,303.239
195.000,30,1044.523,147.165,539.744
195.000,31,606.633,286.786,165.332
195.000,32,653.242,333.849,564.831
195.000,33,383.551,117.322,248.207
195.000,34,312.698,688.110,577.229
195.000,35,364.894,729.094,214.693
195.000,36,160.340,624.288,246.739
195.000,37,682.716,230.607,166.972
195.000,38,1036.470,57.270,143.029
195.000,39,231.485,24.672,563.901
195.000,40,1111.659,449.137,551.959
195.000,41,781.951,424.333,347.597
195.000,42,569.208,194.020,444.372
195.000,43,113.325,561.733,138.585
195.000,44,398.703,226.998,347.541
195.000,45,1156.613,81.628,170.704
195.000,46,1119.080,129.695,397.732
195.000,47,644.191,864.467,569.836
195.000,48,323.360,42.671,168.662
195.000,49,357.359,555.401,596.815
195.000,50,1165.066,648.120,309.268
195.000,51,301.908,609.630,313.520
195.000,52,1050.163,142.468,379.466
195.000,53,214.754,970.652,144.446
195.000,54,51.669,546.857,105.510
195.000,55,178.891,680.344,299.829
195.000,56,290.890,133.140,250.085
195.000,57,1061.163,123.006,238.051
195.000,58,472.479,568.688,558.926
195.000,59,1090.035,171.480,195.247
195.000,60,547.635,901.554,170.160
195.000,61,102.791,629.215,427.939
195.000,62,417.444,833.461,196.057
195.000,63,221.672,374.781,300.378
195.000,64,164.537,801.360,119.292
195.000,65,260.182,816.948,361.076
195.000,66,404.135,546.121,515.045
195.000,67,541.853,561.608,438.720
195.000,68,585.617,867.489,453.405
195.000,69,134.722,252.927,113.128
195.000,70,84.438,494.382,247.276
195.000,71,157.098,275.073,414.642
195.000,72,1038.165,459.541,518.327
195.000,73,67.800,935.311,452.360
195.000,74,489.062,841.976,557.932
195.000,75,210.960,1015.059,534.931
195.000,76,1002.206,28.234,279.246
195.000,77,1076.962,251.722,144.230
195.000,78,594.553,88.856,397.972
200.000,0,404.029,246.946,385.594
200.000,1,963.246,933.615,425.126
200.000,2,524.304,660.908,371.343
200.000,3,287.329,514.555,429.758
200.000,4,1156.697,468.006,198.248
200.000,5,217.071,318.443,154.106
200.000,6,1084.078,285.142,431.641
200.000,7,1150.693,61.676,393.935
200.000,8,880.303,273.122,573.268
200.000,9,212.781,170.433,582.320
200.000,10,264.049,308.953,245.573
200.000,11,388.751,907.486,517.773
200.000,12,1072.261,877.583,296.466
200.000,13,1131.473,420.387,327.035
200.000,14,248.111,1008.579,583.288
200.000,15,95.148,886.029,395.352
200.000,16,18.093,891.672,207.793
200.000,17,143.028,777.046,245.045
200.000,18,980.308,493.562,237.531
200.000,19,423.288,364.038,157.908
200.000,20,1116.626,607.132,355.096
200.000,21,77.994,653.246,598.687
200.000,22,496.032,353.611,541.603
200.000,23,48.302,683.045,435.906
200.000,24,350.254,112.664,599.964
200.000,25,149.408,303.484,104.707
200.000,26,209.184,352.605,324.707
200.000,27,653.641,815.555,427.706
200.000,28,131.262,417.386,456.269
200.000,29,336.600,110.709,308.634
200.000,30,1003.680,16.362,534.765
200.000,31,687.474,276.098,164.235
200.000,32,739.514,406.741,563.116
200.000,33,433.482,240.995,242.139
200.000,34,336.662,607.446,581.095
200.000,35,477.815,731.916,211.853
200.000,36,244.099,525.893,245.915
200.000,37,679.508,135.370,172.149
200.000,38,1100.863,101.641,142.270
200.000,39,201.729,154.309,566.515
200.000,40,1146.704,503.375,547.804
200.000,41,865.523,495.070,351.891
200.000,42,678.585,154.746,449.697
200.000,43,64.626,640.466,134.688
200.000,44,442.955,334.605,352.311
200.000,45,1076.232,19.097,168.243
200.000,46,1107.054,77.482,401.202
200.000,47,658.689,741.799,570.121
200.000,48,373.129,61.353,172.823
200.000,49,402.281,688.317,598.250
200.000,50,1141.756,569.350,311.451
200.000,51,380.679,643.061,318.921
200.000,52,1036.470,236.324,377.166
200.000,53,133.591,904.009,148.292
200.000,54,79.233,631.805,108.821
200.000,55,181.793,762.453,296.142
200.000,56,373.749,103.205,254.843
200.000,57,1159.184,70.377,236.059
200.000,58,397.375,490.444,554.655
200.000,59,1101.919,263.582,199.695
200.000,60,443.555,932.522,169.542
200.000,61,214.882,658.589,426.900
200.000,62,510.898,755.349,199.505
200.000,63,273.772,471.886,300.469
200.000,64,274.402,778.858,123.106
200.000,65,378.830,799.082,363.488
200.000,66,345.576,457.724,518.455
200.000,67,628.942,554.137,438.477
200.000,68,599.869,763.929,452.276
200.000,69,197.807,304.346,111.709
200.000,70,67.302,566.459,247.431
200.000,71,68.146,192.913,417.082
200.000,72,966.692,330.804,522.964
200.000,73,92.225,950.115,449.850
200.000,74,466.303,747.688,554.966
200.000,75,174.528,942.984,535.937
200.000,76,999.107,107.406,283.274
200.000,77,1131.748,276.308,149.138
200.000,78,721.028,43.252,391.067
205.000,0,325.648,364.993,392.432
205.000,1,937.650,984.462,425.446
205.000,2,598.402,606.699,369.575
205.000,3,208.220,526.962,427.783
205.000,4,1070.437,415.269,201.543
205.000,5,326.223,399.193,148.313
205.000,6,1130.058,344.585,437.446
205.000,7,1041.285,30.189,396.490
205.000,8,931.351,368.896,580.250
205.000,9,77.086,157.617,582.516
205.000,10,318.470,205.908,249.005
205.000,11,442.879,1012.710,513.726
205.000,12,973.575,857.826,292.483
205.000,13,1088.901,481.427,326.720
205.000,14,140.716,1000.801,578.399
205.000,15,176.834,827.641,391.675
205.000,16,73.553,811.840,209.217
205.000,17,232.660,680.289,239.332
205.000,18,1025.588,575.084,242.397
205.000,19,440.750,495.734,152.969
205.000,20,999.219,615.196,357.351
205.000,21,5.708,542.153,597.151
205.000,22,420.668,297.754,542.601
205.000,23,150.481,627.942,433.010
205.000,24,223.745,84.962,596.741
205.000,25,193.971,364.335,102.387
205.000,26,137.630,410.855,328.671
205.000,27,577.069,872.059,427.097
205.000,28,23.066,344.588,457.182
205.000,29,405.066,24.900,317.787
205.000,30,981.914,122.411,526.410
205.000,31,764.876,262.917,162.972
205.000,32,819.897,475.931,560.717
205.000,33,475.354,359.742,236.453
205.000,34,371.767,525.997,584.108
205.000,35,585.261,748.889,209.590
205.000,36,315.902,428.619,245.469
205.000,37,668.115,40.142,175.802
205.000,38,1162.798,131.470,140.691
205.000,39,137.298,264.736,571.821
205.000,40,1064.501,557.737,544.504
205.000,41,951.195,560.581,354.870
205.000,42,790.069,133.511,451.365
205.000,43,18.368,704.915,131.994
205.000,44,456.695,453.725,356.391
205.000,45,991.062,110.781,166.954
205.000,46,994.062,26.301,404.909
205.000,47,686.285,627.844,570.465
205.000,48,442.235,143.611,177.240
205.000,49,448.811,808.851,597.222
205.000,50,1121.191,491.968,313.378
205.000,51,464.660,656.685,322.530
205.000,52,1052.412,329.068,376.267
205.000,53,61.806,825.698,147.781
205.000,54,180.043,712.689,110.315
205.000,55,202.476,843.235,291.754
205.000,56,464.760,75.920,258.513
205.000,57,1031.349,20.896,229.643
205.000,58,315.649,423.054,550.174
205.000,59,1119.787,349.011,203.116
205.000,60,335.419,950.158,169.316
205.000,61,322.194,681.614,429.084
205.000,62,594.639,665.905,205.733
205.000,63,317.720,573.279,297.606
205.000,64,378.067,741.535,127.161
205.000,65,501.505,783.437,363.934
205.000,66,268.599,391.679,521.432
205.000,67,711.922,534.131,439.970
205.000,68,629.462,669.612,450.484
205.000,69,256.974,360.073,110.407
205.000,70,171.303,661.244,247.344
205.000,71,11.491,93.400,417.883
205.000,72,896.277,210.067,528.245
205.000,73,225.058,964.590,442.718
205.000,74,431.012,656.174,551.639
205.000,75,145.999,871.863,538.339
205.000,76,979.178,232.342,288.919
205.000,77,985.450,309.313,152.580
205.000,78,837.056,1.379,387.708
210.000,0,223.296,473.346,400.143
210.000,1,901.577,854.932,425.051
210.000,2,671.888,555.802,365.999
210.000,3,132.172,556.882,424.776
210.000,4,974.933,378.887,205.484
210.000,5,438.834,468.982,143.267
210.000,6,999.517,380.521,443.986
210.000,7,908.985,24.173,399.703
210.000,8,998.223,451.979,582.803
210.000,9,71.001,155.529,583.425
210.000,10,352.718,91.086,254.278
210.000,11,503.688,880.369,509.698
210.000,12,893.248,829.359,287.742
210.000,13,1043.884,541.263,327.529
210.000,14,31.567,976.453,573.355
210.000,15,269.942,779.000,389.484
210.000,16,119.021,720.985,209.342
210.000,17,295.789,553.795,230.423
210.000,18,1086.907,640.983,246.757
210.000,19,458.873,627.446,146.153
210.000,20,887.116,610.811,359.831
210.000,21,65.836,431.345,596.131
210.000,22,352.674,236.607,545.225
210.000,23,238.157,564.604,430.396
210.000,24,88.928,83.086,591.736
210.000,25,218.437,428.524,101.163
210.000,26,83.788,481.392,331.410
210.000,27,491.175,932.415,423.551
210.000,28,95.165,285.664,455.412
210.000,29,457.042,151.016,323.253
210.000,30,965.883,255.065,521.589
210.000,31,847.925,238.190,162.062
210.000,32,904.767,540.006,555.926
210.000,33,538.882,479.884,232.737
210.000,34,406.035,448.228,588.318
210.000,35,687.995,777.488,206.260
210.000,36,372.027,320.786,245.434
210.000,37,642.085,62.368,181.724
210.000,38,1103.629,175.420,139.200
210.000,39,82.316,380.232,573.802
210.000,40,976.559,610.347,540.403
210.000,41,1047.379,606.107,359.568
210.000,42,899.124,93.336,452.747
210.000,43,29.565,766.070,129.949
210.000,44,496.804,559.738,360.977
210.000,45,899.839,186.145,162.661
210.000,46,877.175,36.594,408.035
210.000,47,706.072,508.886,567.423
210.000,48,520.721,233.134,181.994
210.000,49,493.060,933.771,595.552
210.000,50,1089.425,420.904,314.992
210.000,51,540.440,685.108,327.552
210.000,52,1077.430,418.137,375.177
210.000,53,23.366,724.524,149.909
210.000,54,287.316,785.647,110.957
210.000,55,215.809,929.290,287.799
210.000,56,553.294,65.895,262.566
210.000,57,909.674,35.349,224.549
210.000,58,251.975,336.497,545.392
210.000,59,1152.361,439.197,206.752
210.000,60,232.062,950.370,171.597
210.000,61,435.053,708.733,427.955
210.000,62,673.546,565.665,207.420
210.000,63,352.070,680.876,294.848
210.000,64,485.708,738.043,128.865
210.000,65,624.452,768.850,367.554
210.000,66,199.387,313.275,524.522
210.000,67,793.826,499.104,441.537
210.000,68,646.094,573.977,448.206
210.000,69,299.337,422.706,109.099
210.000,70,289.471,730.586,246.805
210.000,71,56.384,25.734,418.994
210.000,72,857.559,73.791,530.743
210.000,73,355.828,978.539,438.124
210.000,74,422.324,561.447,549.524
210.000,75,121.373,808.962,538.807
210.000,76,1005.402,351.388,294.539
210.000,77,845.626,334.608,160.149
210.000,78,957.972,49.930,382.544
215.000,0,149.455,593.588,408.852
215.000,1,869.464,727.455,424.580
215.000,2,740.440,497.106,362.214
215.000,3,49.942,582.107,422.218
215.000,4,877.627,343.709,211.805
215.000,5,556.557,546.336,140.971
215.000,6,864.095,424.642,448.203
215.000,7,772.034,71.829,403.866
215.000,8,1046.441,537.697,588.993
215.000,9,201.748,176.446,582.047
215.000,10,399.366,25.312,257.339
215.000,11,574.645,752.779,505.796
215.000,12,806.124,786.069,282.264
215.000,13,1017.585,608.121,326.324
215.000,14,78.796,937.014,568.629
215.000,15,362.640,734.456,385.554
215.000,16,184.310,642.412,210.677
215.000,17,355.930,432.133,224.782
215.000,18,1114.333,726.799,251.426
215.000,19,464.903,765.409,146.138
215.000,20,777.057,633.885,364.555
215.000,21,141.486,324.502,594.568
215.000,22,279.878,190.150,544.841
215.000,23,334.737,526.938,427.203
215.000,24,40.674,28.707,589.803
215.000,25,250.495,495.628,101.045
215.000,26,18.565,540.346,336.117
215.000,27,423.237,1002.899,422.530
215.000,28,198.114,210.710,454.753
215.000,29,504.000,273.199,328.390
215.000,30,935.386,397.478,514.144
215.000,31,929.677,233.178,160.119
215.000,32,978.563,619.365,552.974
215.000,33,597.894,594.668,229.675
215.000,34,451.226,377.354,594.358
215.000,35,795.655,814.193,204.083
215.000,36,454.675,229.009,244.521
215.000,37,629.734,160.776,186.212
215.000,38,1034.543,210.603,135.445
215.000,39,21.457,493.458,573.475
215.000,40,882.966,656.759,537.005
215.000,41,1141.175,662.670,362.545
215.000,42,1013.998,87.082,451.227
215.000,43,77.954,835.065,127.893
215.000,44,510.888,673.618,364.202
215.000,45,820.948,275.432,161.489
215.000,46,762.415,72.673,413.570
215.000,47,732.173,390.150,563.766
215.000,48,580.688,323.852,185.832
215.000,49,527.483,989.972,593.507
215.000,50,1056.109,341.155,316.532
215.000,51,623.286,712.940,330.710
215.000,52,1100.130,509.048,373.695
215.000,53,67.852,652.767,150.591
215.000,54,401.707,851.993,110.861
215.000,55,236.700,996.681,285.233
215.000,56,638.739,50.380,265.541
215.000,57,782.617,88.782,223.147
215.000,58,160.590,271.991,538.300
215.000,59,1173.096,527.340,209.187
215.000,60,131.241,942.105,170.309
215.000,61,551.080,747.273,427.187
215.000,62,766.019,482.891,211.214
215.000,63,386.101,784.930,294.333
215.000,64,590.075,733.264,133.552
215.000,65,736.669,710.987,370.462
215.000,66,143.238,230.114,527.652
215.000,67,875.018,476.117,443.864
215.000,68,662.047,478.368,445.203
215.000,69,353.851,484.812,108.751
215.000,70,395.542,817.009,246.908
215.000,71,116.417,133.919,419.371
215.000,72,788.306,42.273,530.551
215.000,73,483.669,1019.728,432.389
215.000,74,398.555,460.952,549.258
215.000,75,110.872,734.080,538.167
215.000,76,998.172,478.425,301.193
215.000,77,717.025,397.421,165.905
215.000,78,1082.089,89.946,376.882
220.000,0,57.663,700.830,416.041
220.000,1,838.644,599.163,427.049
220.000,2,797.296,425.453,357.826
220.000,3,28.587,610.124,418.468
220.000,4,795.147,289.727,216.064
220.000,5,657.083,634.894,137.370
220.000,6,726.177,474.056,457.768
220.000,7,639.368,129.549,409.405
220.000,8,1095.160,630.813,593.890
220.000,9,337.915,182.351,582.986
220.000,10,437.701,125.210,262.305
220.000,11,655.102,636.724,504.971
220.000,12,711.298,770.294,278.037
220.000,13,987.925,671.790,325.788
220.000,14,184.288,893.591,564.259
220.000,15,459.252,687.792,378.905
220.000,16,252.949,570.273,211.132
220.000,17,435.194,327.699,219.504
220.000,18,1151.564,813.476,255.769
220.000,19,475.388,902.988,141.611
220.000,20,666.526,647.480,368.518
220.000,21,200.286,218.521,592.529
220.000,22,196.015,139.628,545.121
220.000,23,431.127,481.310,424.293
220.000,24,162.411,17.409,587.549
220.000,25,251.793,573.631,101.830
220.000,26,61.154,583.877,338.161
220.000,27,352.133,967.362,420.836
220.000,28,309.458,143.410,452.679
220.000,29,564.341,390.332,329.492
220.000,30,908.620,540.142,505.946
220.000,31,1006.054,230.824,157.424
220.000,32,1071.641,679.423,547.817
220.000,33,667.082,702.088,226.594
220.000,34,484.606,294.560,597.117
220.000,35,905.746,843.877,200.894
220.000,36,516.149,118.825,241.416
220.000,37,617.756,248.655,191.750
220.000,38,977.720,258.097,131.553
220.000,39,40.757,609.002,572.688
220.000,40,787.601,709.971,530.414
220.000,41,1106.747,716.176,364.826
220.000,42,1129.555,74.257,452.571
220.000,43,127.512,898.762,127.468
220.000,44,539.803,786.928,366.516
220.000,45,745.847,371.562,159.081
220.000,46,650.641,114.183,418.672
220.000,47,721.700,275.445,562.018
220.000,48,656.445,409.796,192.585
220.000,49,572.083,870.595,592.825
220.000,50,1035.261,254.470,320.936
220.000,51,708.821,714.916,335.213
220.000,52,1110.391,608.341,372.455
220.000,53,127.146,561.864,153.757
220.000,54,510.336,918.864,112.643
220.000,55,236.547,962.945,281.345
220.000,56,724.953,31.387,268.075
220.000,57,665.754,165.591,217.506
220.000,58,74.987,195.262,533.162
220.000,59,1168.718,617.827,211.857
220.000,60,45.747,977.426,171.998
220.000,61,664.392,770.577,426.402
220.000,62,860.924,402.854,217.950
220.000,63,448.291,875.358,292.549
220.000,64,696.349,725.158,136.599
220.000,65,849.317,651.121,371.466
220.000,66,73.319,153.708,529.987
220.000,67,951.942,449.349,445.632
220.000,68,703.483,390.163,442.226
220.000,69,408.628,535.270,107.820
220.000,70,518.092,887.283,243.641
220.000,71,171.519,233.565,422.447
220.000,72,731.515,166.217,532.836
220.000,73,621.027,1025.841,427.681
220.000,74,376.024,363.711,549.440
220.000,75,105.521,659.261,538.249
220.000,76,997.994,600.064,306.149
220.000,77,582.656,433.739,171.172
220.000,78,1143.422,146.759,370.223
225.000,0,22.703,810.512,421.894
225.000,1,809.840,467.617,424.225
225.000,2,874.251,372.765,355.226
225.000,3,96.563,646.667,416.477
225.000,4,715.577,237.114,217.159
225.000,5,761.415,735.599,134.781
225.000,6,585.460,442.829,461.795
225.000,7,509.403,157.186,413.956
225.000,8,1154.243,712.413,599.749
225.000,9,470.094,204.199,582.680
225.000,10,508.093,225.622,266.285
225.000,11,717.672,495.618,506.202
225.000,12,614.104,755.257,272.875
225.000,13,949.747,736.813,326.168
225.000,14,284.586,832.010,555.691
225.000,15,547.131,627.771,376.452
225.000,16,305.681,481.458,209.079
225.000,17,515.884,218.210,213.821
225.000,18,1149.697,893.523,258.747
225.000,19,498.896,1010.431,141.005
225.000,20,549.949,681.256,373.842
225.000,21,274.265,106.741,591.369
225.000,22,125.958,77.293,548.732
225.000,23,527.715,421.224,418.198
225.000,24,281.209,70.553,583.841
225.000,25,276.575,653.365,103.517
225.000,26,135.086,625.057,339.218
225.000,27,277.547,898.855,419.253
225.000,28,431.927,104.754,453.015
225.000,29,632.587,503.371,335.242
225.000,30,882.395,687.762,496.536
225.000,31,1079.402,214.894,155.545
225.000,32,1144.215,760.061,542.467
225.000,33,741.082,815.879,223.266
225.000,34,516.780,217.492,598.668
225.000,35,1021.508,859.304,200.537
225.000,36,578.603,16.083,237.276
225.000,37,614.065,345.983,197.436
225.000,38,909.075,288.368,130.577
225.000,39,106.186,714.997,572.148
225.000,40,715.073,764.393,525.455
225.000,41,1007.852,772.977,365.717
225.000,42,1107.420,57.056,453.498
225.000,43,172.502,965.614,124.354
225.000,44,550.151,901.026,371.258
225.000,45,645.586,455.380,158.021
225.000,46,539.375,163.079,420.388
225.000,47,739.644,154.035,561.906
225.000,48,716.255,504.056,198.621
225.000,49,631.898,744.282,589.740
225.000,50,995.628,186.602,323.289
225.000,51,797.750,716.705,337.241
225.000,52,1130.224,706.264,369.582
225.000,53,204.229,483.745,156.421
225.000,54,628.660,983.686,115.812
225.000,55,233.014,879.006,277.776
225.000,56,811.348,9.090,271.090
225.000,57,537.345,222.221,214.304
225.000,58,9.106,120.238,527.884
225.000,59,1172.702,705.513,214.996
225.000,60,71.362,999.184,172.572
225.000,61,778.216,787.074,427.524
225.000,62,950.215,313.385,221.097
225.000,63,478.741,974.113,292.203
225.000,64,801.477,706.309,140.818
225.000,65,966.529,623.567,374.841
225.000,66,26.548,64.017,533.280
225.000,67,1038.043,429.073,447.408
225.000,68,739.986,305.260,440.823
225.000,69,460.226,578.978,107.743
225.000,70,647.347,958.910,244.802
225.000,71,229.424,338.319,425.953
225.000,72,662.981,286.490,534.947
225.000,73,756.398,1008.495,422.385
225.000,74,360.924,266.836,548.436
225.000,75,84.454,589.477,540.942
225.000,76,954.603,716.588,313.608
225.000,77,454.894,504.021,176.102
225.000,78,1022.988,206.123,367.063
230.000,0,110.987,924.272,429.989
230.000,1,748.594,352.006,421.711
230.000,2,957.224,334.164,351.838
230.000,3,176.909,687.175,415.241
230.000,4,624.037,192.210,222.693
230.000,5,868.701,821.976,130.142
230.000,6,453.233,475.658,471.441
230.000,7,390.229,214.586,423.420
230.000,8,1148.923,817.650,597.219
230.000,9,601.585,175.939,579.744
230.000,10,561.331,336.914,271.239
230.000,11,790.027,368.194,506.709
230.000,12,520.947,703.649,269.795
230.000,13,907.665,797.854,325.725
230.000,14,385.284,788.099,551.905
230.000,15,618.485,550.493,374.292
230.000,16,364.598,398.088,211.000
230.000,17,610.680,120.109,211.099
230.000,18,1100.979,973.373,263.027
230.000,19,490.328,878.865,137.806
230.000,20,434.193,676.008,380.427
230.000,21,338.494,13.374,586.992
230.000,22,52.643,22.854,551.344
230.000,23,625.682,359.065,413.963
230.000,24,395.962,122.649,579.416
230.000,25,306.097,721.859,105.249
230.000,26,207.438,662.535,344.097
230.000,27,201.703,833.036,417.119
230.000,28,536.909,35.056,453.403
230.000,29,724.690,603.088,342.654
230.000,30,857.636,827.609,489.684
230.000,31,1157.352,205.195,152.300
230.000,32,1130.552,841.833,540.393
230.000,33,817.344,931.046,216.927
230.000,34,548.391,134.871,595.753
230.000,35,1129.572,889.287,198.921
230.000,36,652.067,92.313,236.193
230.000,37,591.036,430.172,203.416
230.000,38,838.659,321.507,129.572
230.000,39,170.784,829.248,572.046
230.000,40,627.281,807.141,521.435
230.000,41,915.048,828.190,367.271
230.000,42,985.361,31.003,454.396
230.000,43,212.527,1007.043,122.178
230.000,44,577.684,1015.117,375.756
230.000,45,556.474,544.802,154.635
230.000,46,420.024,189.319,423.530
230.000,47,751.811,34.602,560.562
230.000,48,746.337,605.273,201.212
230.000,49,666.749,610.455,584.554
230.000,50,965.885,112.022,323.321
230.000,51,876.499,712.962,340.230
230.000,52,1139.539,794.587,364.874
230.000,53,264.453,385.348,157.429
230.000,54,722.250,961.460,115.354
230.000,55,245.041,788.026,276.453
230.000,56,893.898,25.493,274.433
230.000,57,405.446,260.203,214.812
230.000,58,73.896,41.833,522.278
230.000,59,1146.536,788.717,218.111
230.000,60,168.932,1027.071,177.057
230.000,61,887.619,803.562,425.842
230.000,62,1064.550,257.357,223.187
230.000,63,524.851,974.281,292.112
230.000,64,901.574,700.170,144.682
230.000,65,1088.762,595.888,373.914
230.000,66,39.543,16.835,537.811
230.000,67,1123.164,400.425,447.759
230.000,68,768.062,207.385,439.143
230.000,69,516.080,626.829,107.841
230.000,70,777.125,1021.683,244.726
230.000,71,284.885,444.855,429.612
230.000,72,589.105,395.437,536.836
230.000,73,894.280,994.106,419.540
230.000,74,358.832,166.111,549.488
230.000,75,57.524,523.290,541.176
230.000,76,943.819,834.475,319.411
230.000,77,320.400,546.956,181.353
230.000,78,906.830,267.362,363.855
235.000,0,192.527,992.915,435.810
235.000,1,684.899,232.843,416.323
235.000,2,1030.869,278.681,346.530
235.000,3,248.783,737.714,412.685
235.000,4,536.114,146.958,225.078
235.000,5,996.215,868.862,125.801
235.000,6,315.475,467.886,477.979
235.000,7,259.462,271.098,429.653
235.000,8,1078.444,901.982,591.086
235.000,9,740.874,178.892,580.347
235.000,10,607.155,450.073,275.397
235.000,11,844.171,237.922,504.092
235.000,12,437.619,652.770,265.404
235.000,13,870.440,862.766,325.856
235.000,14,490.118,764.287,547.755
235.000,15,704.083,494.801,371.394
235.000,16,437.131,335.069,210.248
235.000,17,693.688,23.147,202.253
235.000,18,1055.263,986.875,269.737
235.000,19,519.713,748.499,135.542
235.000,20,323.148,698.940,386.856
235.000,21,393.299,126.305,581.776
235.000,22,28.816,26.523,553.379
235.000,23,728.247,314.826,410.347
235.000,24,521.985,145.749,576.543
235.000,25,316.503,802.278,107.605
235.000,26,288.141,694.627,348.047
235.000,27,121.744,768.763,414.219
235.000,28,656.624,27.539,452.766
235.000,29,791.473,712.712,347.334
235.000,30,834.043,967.472,485.255
235.000,31,1114.061,177.629,150.099
235.000,32,1058.225,928.166,536.539
235.000,33,855.309,982.558,212.429
235.000,34,564.875,46.012,590.488
235.000,35,1106.883,907.451,196.791
235.000,36,738.020,173.899,237.141
235.000,37,559.756,526.892,212.090
235.000,38,771.036,363.672,127.051
235.000,39,230.448,941.408,576.820
235.000,40,543.002,857.454,517.254
235.000,41,823.364,882.325,370.646
235.000,42,874.824,6.381,456.036
235.000,43,238.543,924.791,119.884
235.000,44,624.171,927.760,380.743
235.000,45,463.248,627.228,153.035
235.000,46,304.593,243.495,429.185
235.000,47,756.107,105.502,557.436
235.000,48,793.122,710.004,207.683
235.000,49,708.497,483.088,585.492
235.000,50,948.964,29.690,325.563
235.000,51,963.848,729.548,343.078
235.000,52,1151.082,883.891,365.269
235.000,53,350.404,313.459,159.703
235.000,54,823.340,870.500,116.662
235.000,55,238.307,706.398,273.402
235.000,56,972.775,55.144,277.210
235.000,57,274.244,279.795,210.966
235.000,58,167.364,19.080,518.370
235.000,59,1125.313,870.581,223.155
235.000,60,276.850,1015.982,176.596
235.000,61,997.555,841.341,427.964
235.000,62,1168.904,187.500,229.593
235.000,63,586.720,888.000,290.413
235.000,64,1007.907,699.061,149.273
235.000,65,1139.987,561.444,373.831
235.000,66,112.241,87.440,540.404
235.000,67,1138.942,382.150,449.726
235.000,68,816.202,120.378,435.270
235.000,69,580.181,668.726,106.106
235.000,70,894.403,937.576,244.580
235.000,71,360.783,540.270,431.048
235.000,72,540.539,518.922,540.253
235.000,73,1031.572,984.264,415.187
235.000,74,348.755,67.325,545.870
235.000,75,52.346,451.236,541.560
235.000,76,949.621,950.544,325.725
235.000,77,177.831,577.957,183.738
235.000,78,794.357,323.997,360.213
240.000,0,264.280,876.910,442.088
240.000,1,662.162,107.107,411.889
240.000,2,1100.212,225.535,342.405
240.000,3,317.489,788.386,409.535
240.000,4,443.261,104.575,231.584
240.000,5,1107.354,949.916,121.689
240.000,6,179.465,510.769,483.571
240.000,7,113.911,284.629,438.184
240.000,8,1034.487,1000.960,584.591
240.000,9,880.648,171.701,578.426
240.000,10,665.384,545.383,279.586
240.000,11,913.128,108.054,499.128
240.000,12,348.527,618.944,261.057
240.000,13,827.372,920.744,325.322
240.000,14,596.783,731.022,540.113
240.000,15,794.551,441.752,370.183
240.000,16,489.194,248.622,209.412
240.000,17,782.143,91.531,196.430
240.000,18,1013.214,900.999,275.304
240.000,19,560.480,620.705,130.352
240.000,20,209.642,741.650,391.088
240.000,21,456.265,239.859,578.293
240.000,22,100.885,72.798,554.829
240.000,23,831.856,275.642,406.026
240.000,24,648.145,185.275,573.845
240.000,25,322.306,882.171,110.075
240.000,26,351.923,750.363,348.763
240.000,27,38.365,712.451,413.177
240.000,28,775.880,78.686,456.053
240.000,29,862.369,824.756,351.438
240.000,30,797.597,940.581,476.798
240.000,31,1032.271,150.482,148.699
240.000,32,985.543,1012.952,530.757
240.000,33,916.698,863.818,205.605
240.000,34,594.728,35.529,585.945
240.000,35,997.980,915.595,193.391
240.000,36,812.099,267.355,234.310
240.000,37,537.134,623.824,215.677
240.000,38,700.407,399.215,124.602
240.000,39,308.613,998.868,579.521
240.000,40,455.594,901.066,514.185
240.000,41,722.862,933.115,370.940
240.000,42,766.301,53.769,457.392
240.000,43,266.353,843.242,115.379
240.000,44,640.738,814.557,386.085
240.000,45,368.245,706.985,151.275
240.000,46,182.550,290.248,429.180
240.000,47,770.366,225.971,555.977
240.000,48,845.946,800.079,215.155
240.000,49,747.994,350.444,583.567
240.000,50,913.455,55.930,327.796
240.000,51,1058.164,733.888,347.276
240.000,52,1149.019,970.710,362.805
240.000,53,419.319,229.116,161.341
240.000,54,940.085,812.154,118.339
240.000,55,260.575,622.548,268.111
240.000,56,1058.067,77.181,280.191
240.000,57,140.098,306.189,208.577
240.000,58,236.624,103.448,511.350
240.000,59,1105.632,954.863,227.759
240.000,60,382.771,991.736,176.395
240.000,61,1104.772,862.075,427.952
240.000,62,1072.288,109.928,234.224
240.000,63,602.529,790.198,290.088
240.000,64,1116.067,699.239,155.000
240.000,65,1019.572,562.976,378.300
240.000,66,187.320,162.321,542.566
240.000,67,1055.631,366.405,452.060
240.000,68,857.457,27.067,433.127
240.000,69,646.116,707.822,105.484
240.000,70,1017.433,869.633,243.397
240.000,71,450.888,617.252,435.248
240.000,72,486.860,641.982,544.265
240.000,73,1166.015,996.963,410.832
240.000,74,324.228,34.472,546.128
240.000,75,30.085,381.116,541.624
240.000,76,925.663,975.896,331.776
240.000,77,29.920,596.611,196.028
240.000,78,677.142,378.967,354.441
245.000,0,346.092,760.358,448.204
245.000,1,620.591,37.622,407.358
245.000,2,1163.383,160.526,339.554
245.000,3,403.611,818.892,405.722
245.000,4,349.080,54.069,235.655
245.000,5,1138.414,1009.038,117.869
245.000,6,42.730,544.705,492.943
245.000,7,31.492,310.994,442.855
245.000,8,965.604,951.888,580.429
245.000,9,1015.432,200.435,578.318
245.000,10,733.820,640.949,284.332
245.000,11,974.818,25.313,495.679
245.000,12,257.280,585.390,256.073
245.000,13,784.111,988.918,325.179
245.000,14,696.322,674.130,533.694
245.000,15,879.850,374.469,367.174
245.000,16,548.365,169.305,209.551
245.000,17,875.414,177.933,187.834
245.000,18,970.276,814.508,281.057
245.000,19,575.637,492.706,124.271
245.000,20,96.591,747.383,396.875
245.000,21,536.069,348.441,573.865
245.000,22,173.569,130.336,556.039
245.000,23,934.703,219.217,400.385
245.000,24,773.807,211.802,570.064
245.000,25,345.589,955.864,111.441
245.000,26,425.791,797.114,350.478
245.000,27,32.931,633.935,410.100
245.000,28,887.821,142.015,455.896
245.000,29,933.924,930.960,356.260
245.000,30,752.755,807.450,472.854
245.000,31,952.063,131.431,146.263
245.000,32,899.558,977.912,526.500
245.000,33,986.813,745.643,199.919
245.000,34,609.024,124.698,579.447
245.000,35,890.885,921.700,191.953
245.000,36,885.613,370.961,231.440
245.000,37,507.745,720.373,220.657
245.000,38,643.458,450.060,121.800
245.000,39,346.869,877.214,581.949
245.000,40,368.307,938.507,508.341
245.000,41,639.279,1003.904,375.866
245.000,42,650.025,66.160,455.656
245.000,43,298.469,767.637,109.987
245.000,44,672.600,696.823,392.426
245.000,45,279.146,796.420,149.308
245.000,46,71.419,341.207,430.138
245.000,47,786.328,341.456,558.623
245.000,48,880.591,907.924,222.072
245.000,49,803.061,226.028,582.883
245.000,50,886.716,132.161,331.172
245.000,51,1143.218,730.634,350.017
245.000,52,1163.060,988.307,360.813
245.000,53,488.639,147.515,163.352
245.000,54,1052.126,741.679,121.289
245.000,55,276.912,539.259,266.702
245.000,56,1140.356,97.854,281.800
245.000,57,10.619,358.087,202.928
245.000,58,331.307,149.933,508.191
245.000,59,1107.190,994.336,229.969
245.000,60,483.152,957.575,176.428
245.000,61,1128.096,885.629,426.170
245.000,62,979.851,26.560,238.892
245.000,63,646.294,692.751,289.377
245.000,64,1120.644,704.529,156.394
245.000,65,900.420,552.649,378.345
245.000,66,237.958,243.127,546.327
245.000,67,979.678,333.945,452.624
245.000,68,885.273,88.418,432.602
245.000,69,719.114,737.469,104.372
245.000,70,1156.573,829.584,241.991
245.000,71,525.729,707.240,436.908
245.000,72,461.929,776.576,545.540
245.000,73,1030.545,988.421,406.399
245.000,74,299.163,128.133,545.755
245.000,75,11.989,307.294,539.699
245.000,76,913.099,864.014,337.601
245.000,77,147.600,616.400,203.195
245.000,78,557.744,423.432,349.037
250.000,0,423.982,646.073,456.945
250.000,1,569.764,162.198,407.438
250.000,2,1106.593,102.350,335.823
250.000,3,482.158,851.526,402.980
250.000,4,256.822,4.069,241.605
250.000,5,1019.103,950.066,113.577
250.000,6,101.148,580.499,502.351
250.000,7,165.738,354.936,451.618
250.000,8,899.999,868.931,575.585
250.000,9,1149.158,195.687,574.155
250.000,10,790.728,741.585,288.520
250.000,11,1012.665,160.145,493.765
250.000,12,159.084,558.997,252.224
250.000,13,736.888,999.068,323.880
250.000,14,801.670,638.201,527.969
250.000,15,962.594,316.139,361.330
250.000,16,592.363,77.880,209.749
250.000,17,955.315,288.897,179.465
250.000,18,954.771,713.466,285.956
250.000,19,606.385,367.172,120.962
250.000,20,15.269,779.842,402.491
250.000,21,622.098,448.929,568.637
250.000,22,242.706,184.280,557.680
250.000,23,1026.946,148.854,397.017
250.000,24,903.511,239.676,566.579
250.000,25,373.179,1015.574,113.628
250.000,26,478.291,864.980,351.883
250.000,27,114.016,568.565,410.936
250.000,28,1012.038,189.109,458.201
250.000,29,1005.574,1012.553,365.671
250.000,30,750.839,660.067,468.116
250.000,31,872.137,114.478,144.012
250.000,32,815.703,907.037,521.874
250.000,33,1024.352,619.295,195.788
250.000,34,640.985,209.797,574.821
250.000,35,785.577,940.362,190.270
250.000,36,951.178,471.717,228.605
250.000,37,471.705,806.197,225.704
250.000,38,575.554,481.723,119.093
250.000,39,372.850,749.971,582.872
250.000,40,285.600,987.044,506.859
250.000,41,553.955,972.839,376.354
250.000,42,535.895,102.548,459.063
250.000,43,336.051,698.268,104.680
250.000,44,695.148,578.389,399.441
250.000,45,191.991,874.726,144.585
250.000,46,59.740,382.500,434.128
250.000,47,807.658,459.296,556.647
250.000,48,919.255,1013.900,227.179
250.000,49,839.151,95.908,580.743
250.000,50,865.709,218.786,334.400
250.000,51,1118.023,739.585,353.324
250.000,52,1173.546,895.091,359.522
250.000,53,557.093,55.965,167.276
250.000,54,1158.644,691.346,123.738
250.000,55,292.687,459.602,261.949
250.000,56,1107.700,118.782,284.800
250.000,57,144.046,404.184,199.561
250.000,58,432.586,195.487,504.545
250.000,59,1083.664,908.532,235.006
250.000,60,577.213,935.797,177.374
250.000,61,1019.627,903.979,425.085
250.000,62,898.893,88.246,240.840
250.000,63,701.609,603.482,286.713
250.000,64,1015.860,675.233,158.182
250.000,65,776.069,534.291,378.119
250.000,66,301.939,322.081,549.305
250.000,67,898.087,307.547,454.073
250.000,68,898.992,181.363,429.271
250.000,69,792.438,771.460,105.357
250.000,70,1057.607,756.869,243.416
250.000,71,583.056,812.600,439.903
250.000,72,423.778,915.448,550.328
250.000,73,893.742,972.456,403.516
250.000,74,282.391,229.469,544.265
250.000,75,9.499,227.710,540.229
250.000,76,920.662,742.502,342.502
250.000,77,285.499,625.212,209.304
250.000,78,445.888,489.012,345.136
255.000,0,493.157,522.600,464.256
255.000,1,526.162,286.637,407.027
255.000,2,1033.144,49.444,333.310
255.000,3,565.699,865.177,399.088
255.000,4,160.211,39.904,247.549
255.000,5,901.020,890.706,109.541
255.000,6,235.904,633.833,505.337
255.000,7,289.153,408.214,456.648
255.000,8,833.671,783.718,568.611
255.000,9,1035.620,208.254,573.400
255.000,10,860.719,837.029,290.797
255.000,11,1071.827,289.069,491.447
255.000,12,57.071,540.492,249.722
255.000,13,699.966,927.339,323.958
255.000,14,918.221,620.004,522.220
255.000,15,1048.119,257.363,357.788
255.000,16,630.324,20.536,208.197
255.000,17,1023.932,397.103,173.826
255.000,18,901.311,634.869,289.057
255.000,19,627.098,234.704,117.138
255.000,20,143.690,774.149,408.375
255.000,21,699.231,557.852,566.040
255.000,22,327.155,216.003,558.074
255.000,23,1121.083,101.298,394.007
255.000,24,1029.570,275.972,564.104
255.000,25,391.146,940.920,114.422
255.000,26,542.041,921.601,354.653
255.000,27,195.530,503.292,406.209
255.000,28,1120.636,266.772,460.875
255.000,29,1064.301,896.809,370.156
255.000,30,736.924,519.024,463.206
255.000,31,789.498,107.090,142.520
255.000,32,726.344,835.073,517.358
255.000,33,1083.034,501.488,193.995
255.000,34,676.350,289.113,570.014
255.000,35,682.704,971.378,188.324
255.000,36,1014.625,582.227,226.713
255.000,37,439.774,896.031,228.704
255.000,38,508.619,505.796,116.588
255.000,39,419.214,632.394,587.888
255.000,40,194.705,1010.647,504.627
255.000,41,451.957,922.168,375.340
255.000,42,428.861,141.146,462.777
255.000,43,394.059,639.416,101.977
255.000,44,715.459,461.088,402.888
255.000,45,93.226,945.035,145.481
255.000,46,181.559,414.630,437.490
255.000,47,854.152,567.757,553.509
255.000,48,950.670,925.765,227.930
255.000,49,896.107,49.536,577.226
255.000,50,826.481,298.016,336.825
255.000,51,1032.108,754.108,356.760
255.000,52,1170.731,801.454,357.196
255.000,53,627.349,40.073,169.682
255.000,54,1054.074,606.577,124.113
255.000,55,296.295,376.476,258.666
255.000,56,1023.278,144.071,289.753
255.000,57,270.290,456.912,193.886
255.000,58,511.056,265.920,498.634
255.000,59,1057.496,825.080,238.864
255.000,60,678.004,912.257,177.044
255.000,61,922.081,954.463,424.398
255.000,62,790.426,143.500,242.629
255.000,63,775.756,524.324,288.452
255.000,64,903.493,670.190,161.474
255.000,65,657.108,489.731,378.025
255.000,66,360.076,410.070,555.193
255.000,67,819.307,297.115,454.336
255.000,68,927.025,275.772,425.647
255.000,69,855.412,822.089,103.363
255.000,70,936.089,694.967,241.644
255.000,71,642.424,921.394,445.773
255.000,72,376.327,992.719,553.884
255.000,73,761.047,940.439,398.483
255.000,74,261.905,331.120,542.058
255.000,75,34.986,151.799,541.156
255.000,76,930.477,612.272,350.515
255.000,77,418.405,664.227,217.053
255.000,78,334.451,556.309,340.087
260.000,0,609.262,430.804,470.308
260.000,1,512.891,413.724,406.834
260.000,2,957.494,15.038,332.591
260.000,3,633.456,912.300,396.183
260.000,4,87.783,106.553,252.454
260.000,5,799.054,807.043,106.893
260.000,6,373.726,679.500,511.342
260.000,7,417.729,467.185,459.761
260.000,8,776.523,686.596,562.893
260.000,9,899.712,215.545,574.913
260.000,10,911.592,937.035,295.549
260.000,11,1162.641,408.344,486.904
260.000,12,36.812,508.369,244.854
260.000,13,664.384,857.876,324.399
260.000,14,1022.431,564.177,518.081
260.000,15,1136.660,209.299,352.004
260.000,16,670.888,105.312,207.247
260.000,17,1108.278,494.179,166.568
260.000,18,854.101,555.788,292.755
260.000,19,642.858,105.715,113.426
260.000,20,253.271,802.323,413.119
260.000,21,796.164,652.898,561.769
260.000,22,407.545,266.120,560.225
260.000,23,1102.176,68.045,389.746
260.000,24,1147.067,307.008,559.731
260.000,25,411.280,866.307,117.828
260.000,26,604.773,973.789,357.485
260.000,27,261.025,429.543,403.667
260.000,28,1120.430,329.677,461.252
260.000,29,1124.861,775.633,375.300
260.000,30,757.276,380.810,453.575
260.000,31,707.204,105.379,138.647
260.000,32,644.464,761.358,509.368
260.000,33,1137.950,378.801,193.795
260.000,34,714.932,371.072,566.544
260.000,35,578.424,999.673,185.183
260.000,36,1072.528,687.348,223.012
260.000,37,421.316,992.581,233.507
260.000,38,442.749,538.622,112.570
260.000,39,475.440,516.765,590.567
260.000,40,108.577,957.481,501.861
260.000,41,349.436,880.258,375.775
260.000,42,319.305,194.780,467.499
260.000,43,431.009,569.396,102.454
260.000,44,730.724,345.988,409.511
260.000,45,18.332,1006.460,144.110
260.000,46,310.574,423.197,439.539
260.000,47,891.532,685.873,550.642
260.000,48,1015.300,827.316,233.446
260.000,49,945.894,180.084,575.629
260.000,50,805.380,374.364,340.232
260.000,51,946.274,752.160,361.244
260.000,52,1168.063,707.666,353.094
260.000,53,715.987,102.879,173.202
260.000,54,937.293,524.400,122.601
260.000,55,308.232,291.989,254.921
260.000,56,937.958,167.017,296.726
260.000,57,400.129,489.013,192.569
260.000,58,584.298,350.945,492.692
260.000,59,1042.128,743.262,243.235
260.000,60,778.908,881.470,176.084
260.000,61,812.041,984.676,423.378
260.000,62,703.910,236.441,246.056
260.000,63,845.042,438.800,287.428
260.000,64,803.056,653.873,164.893
260.000,65,539.483,445.900,380.822
260.000,66,421.023,494.537,559.192
260.000,67,736.728,278.647,456.315
260.000,68,942.768,366.408,423.907
260.000,69,913.385,877.621,102.592
260.000,70,806.096,613.232,241.177
260.000,71,708.107,1026.356,448.576
260.000,72,321.716,872.049,554.772
260.000,73,626.956,932.649,393.133
260.000,74,256.921,432.596,542.695
260.000,75,59.465,83.053,542.722
260.000,76,928.424,485.791,353.334
260.000,77,560.792,686.156,223.677
260.000,78,213.427,616.003,331.231
265.000,0,699.189,326.535,479.771
265.000,1,482.294,540.019,405.994
265.000,2,894.633,51.261,328.743
265.000,3,708.014,947.386,392.771
265.000,4,4.827,163.790,256.900
265.000,5,690.846,723.344,102.042
265.000,6,514.132,716.541,519.809
265.000,7,555.102,481.657,464.747
265.000,8,721.370,593.307,558.241
265.000,9,759.278,222.442,574.331
265.000,10,978.307,1025.629,298.710
265.000,11,1133.894,543.769,484.286
265.000,12,130.463,474.470,241.348
265.000,13,631.516,784.419,326.407
265.000,14,1131.799,523.181,513.101
265.000,15,1133.574,136.353,350.733
265.000,16,729.621,184.137,207.683
265.000,17,1128.077,582.029,163.917
265.000,18,840.541,466.170,296.339
265.000,19,644.174,26.934,108.054
265.000,20,369.607,829.531,413.555
265.000,21,861.387,759.761,560.103
265.000,22,486.865,318.171,562.519
265.000,23,988.268,31.792,384.238
265.000,24,1078.463,349.512,554.929
265.000,25,438.371,787.601,119.214
265.000,26,683.839,1020.249,359.297
265.000,27,334.337,353.605,402.716
265.000,28,1000.092,369.634,461.700
265.000,29,1129.749,670.491,379.096
265.000,30,770.442,238.248,445.793
265.000,31,632.014,96.217,135.473
265.000,32,553.053,690.941,503.572
265.000,33,1138.550,266.710,191.438
265.000,34,739.255,453.691,562.593
265.000,35,463.115,1023.776,181.942
265.000,36,1146.772,787.552,219.823
265.000,37,400.415,957.223,238.449
265.000,38,371.716,570.406,110.865
265.000,39,512.763,393.482,591.608
265.000,40,21.425,914.510,498.540
265.000,41,254.710,828.951,376.961
265.000,42,214.286,238.772,470.596
265.000,43,485.356,509.449,105.580
265.000,44,752.145,232.118,415.591
265.000,45,73.396,911.742,142.320
265.000,46,427.412,482.278,444.667
265.000,47,909.127,799.089,550.676
265.000,48,1080.753,736.720,239.241
265.000,49,980.715,314.110,572.661
265.000,50,764.490,450.506,345.203
265.000,51,855.180,750.222,366.673
265.000,52,1159.403,614.254,350.432
265.000,53,803.243,164.112,173.429
265.000,54,827.827,450.887,124.235
265.000,55,299.727,202.744,252.117
265.000,56,858.922,197.174,299.312
265.000,57,525.627,538.681,185.073
265.000,58,670.797,418.743,488.090
265.000,59,1024.100,650.814,245.749
265.000,60,883.390,853.723,176.633
265.000,61,711.208,1017.969,423.798
265.000,62,600.141,308.204,248.130
265.000,63,909.537,353.893,284.775
265.000,64,699.524,634.868,167.749
265.000,65,418.728,437.824,381.862
265.000,66,481.002,580.040,563.380
265.000,67,650.704,256.436,459.399
265.000,68,986.985,452.011,420.044
265.000,69,966.195,932.512,101.244
265.000,70,673.027,546.209,239.939
265.000,71,745.222,910.004,450.622
265.000,72,250.569,752.935,560.524
265.000,73,496.639,901.370,388.401
265.000,74,240.383,530.750,540.787
265.000,75,92.054,15.257,544.006
265.000,76,910.206,370.015,358.483
265.000,77,699.577,718.805,231.116
265.000,78,95.045,675.828,322.800
270.000,0,773.058,207.406,486.544
270.000,1,430.831,658.600,404.011
270.000,2,842.629,118.167,324.153
270.000,3,777.617,967.788,389.473
270.000,4,107.200,207.808,262.678
270.000,5,572.464,648.637,105.776
270.000,6,648.857,749.242,522.340
270.000,7,681.865,528.134,470.529
270.000,8,664.973,504.027,552.542
270.000,9,616.110,228.851,577.185
270.000,10,1043.071,931.765,303.381
270.000,11,1058.929,674.935,482.811
270.000,12,227.735,473.458,236.896
270.000,13,583.973,720.536,325.453
270.000,14,1104.353,476.396,507.219
270.000,15,1061.418,72.628,349.781
270.000,16,775.174,270.233,208.088
270.000,17,1056.230,698.342,159.441
270.000,18,796.258,386.231,299.987
270.000,19,641.454,154.681,104.602
270.000,20,471.553,877.193,417.141
270.000,21,935.443,864.982,559.929
270.000,22,563.500,359.560,565.698
270.000,23,884.285,26.969,380.123
270.000,24,947.738,374.192,551.622
270.000,25,480.149,720.382,119.287
270.000,26,757.225,992.669,363.043
270.000,27,397.149,268.221,401.243
270.000,28,903.082,455.453,461.760
270.000,29,1073.163,559.478,385.646
270.000,30,768.327,95.685,441.365
270.000,31,544.906,83.821,133.276
270.000,32,469.145,616.625,497.059
270.000,33,1070.343,151.466,187.488
270.000,34,753.069,535.404,558.112
270.000,35,355.579,1014.468,178.882
270.000,36,1105.162,884.482,216.617
270.000,37,370.657,865.047,241.995
270.000,38,318.232,624.258,108.295
270.000,39,578.322,276.570,593.552
270.000,40,75.697,873.677,495.519
270.000,41,157.559,779.022,381.292
270.000,42,103.495,266.705,471.021
270.000,43,524.215,434.808,108.943
270.000,44,795.353,123.016,420.698
270.000,45,155.894,820.309,140.596
270.000,46,539.490,544.362,449.778
270.000,47,950.193,915.783,547.214
270.000,48,1121.249,635.028,243.500
270.000,49,1017.505,446.771,570.296
270.000,50,726.753,527.069,347.516
270.000,51,759.509,753.339,368.352
270.000,52,1139.307,527.984,346.804
270.000,53,883.143,235.706,175.061
270.000,54,724.588,365.811,126.293
270.000,55,313.967,125.993,249.434
270.000,56,770.396,212.774,302.706
270.000,57,658.695,548.892,177.884
270.000,58,759.515,472.896,483.164
270.000,59,1006.362,560.361,249.698
270.000,60,999.140,837.310,178.373
270.000,61,603.492,985.369,422.206
270.000,62,487.717,368.143,252.613
270.000,63,963.599,264.803,285.218
270.000,64,587.227,631.604,171.109
270.000,65,310.538,395.853,379.849
270.000,66,535.614,670.505,564.925
270.000,67,576.618,208.886,459.322
270.000,68,997.756,544.882,419.843
270.000,69,1020.660,974.099,100.667
270.000,70,543.535,485.611,239.742
270.000,71,816.137,808.938,455.886
270.000,72,196.418,624.485,562.307
270.000,73,370.637,863.915,384.087
270.000,74,234.905,620.683,539.489
270.000,75,117.418,59.224,544.761
270.000,76,892.325,248.961,363.034
270.000,77,841.341,765.909,234.750
270.000,78,46.127,736.510,318.335
275.000,0,857.004,98.337,494.666
275.000,1,404.254,793.088,400.166
275.000,2,780.210,179.283,320.785
275.000,3,852.920,1009.182,388.518
275.000,4,205.603,252.794,268.569
275.000,5,453.489,582.419,108.024
275.000,6,796.816,760.537,527.350
275.000,7,818.477,572.391,471.278
275.000,8,602.476,418.357,548.696
275.000,9,485.682,262.162,577.607
275.000,10,1092.874,822.170,309.977
275.000,11,978.556,802.204,478.293
275.000,12,322.345,441.795,231.233
275.000,13,538.108,649.431,325.265
275.000,14,993.216,437.702,501.112
275.000,15,979.271,14.471,345.824
275.000,16,821.883,368.671,207.086
275.000,17,982.967,809.160,154.666
275.000,18,744.444,312.464,303.455
275.000,19,679.525,281.129,100.446
275.000,20,584.278,877.982,422.361
275.000,21,994.809,976.687,558.432
275.000,22,642.143,405.504,566.348
275.000,23,781.541,75.981,377.653
275.000,24,814.968,380.580,549.489
275.000,25,498.338,649.057,122.047
275.000,26,815.690,930.328,369.241
275.000,27,474.406,198.370,399.817
275.000,28,790.310,524.036,462.686
275.000,29,1007.680,457.542,389.699
275.000,30,739.087,69.745,435.049
275.000,31,467.291,67.603,131.654
275.000,32,380.768,554.198,491.767
275.000,33,1061.513,17.277,185.547
275.000,34,757.999,619.286,554.530
275.000,35,243.973,1002.722,175.191
275.000,36,1042.286,986.119,217.757
275.000,37,354.570,768.830,243.051
275.000,38,247.724,656.648,105.675
275.000,39,629.387,160.970,594.854
275.000,40,172.641,845.381,494.142
275.000,41,57.112,722.070,383.486
275.000,42,2.060,317.441,475.079
275.000,43,578.130,370.614,112.670
275.000,44,814.482,8.294,424.998
275.000,45,222.303,724.126,140.949
275.000,46,646.643,597.972,456.201
275.000,47,936.712,1013.959,546.854
275.000,48,1163.983,537.986,245.267
275.000,49,1053.348,581.103,564.023
275.000,50,689.313,608.537,348.787
275.000,51,673.762,766.689,373.043
275.000,52,1126.822,434.375,344.985
275.000,53,961.306,308.559,178.620
275.000,54,632.166,278.397,128.132
275.000,55,318.269,50.363,246.023
275.000,56,689.532,230.379,307.651
275.000,57,792.572,593.309,174.312
275.000,58,836.178,543.020,479.874
275.000,59,981.438,470.951,253.225
275.000,60,1103.058,812.283,177.189
275.000,61,488.226,950.768,423.891
275.000,62,392.276,453.662,258.207
275.000,63,1020.932,170.684,285.451
275.000,64,490.806,595.426,177.495
275.000,65,195.069,365.148,379.692
275.000,66,626.269,734.779,571.769
275.000,67,508.285,165.135,459.264
275.000,68,1029.234,637.271,418.123
275.000,69,1079.281,1015.772,101.515
275.000,70,441.016,376.985,239.832
275.000,71,874.749,706.770,460.492
275.000,72,150.339,492.544,567.268
275.000,73,242.656,838.237,381.069
275.000,74,226.356,716.588,539.607
275.000,75,120.428,135.051,547.067
275.000,76,913.257,131.273,365.864
275.000,77,982.016,783.226,238.750
275.000,78,161.581,799.870,314.099
280.000,0,921.602,44.984,502.102
280.000,1,363.145,915.644,397.846
280.000,2,696.833,217.369,319.180
280.000,3,921.881,1012.140,388.517
280.000,4,292.203,303.583,274.885
280.000,5,343.780,506.784,113.102
280.000,6,935.446,795.482,533.061
280.000,7,946.052,628.377,476.372
280.000,8,536.787,340.844,542.307
280.000,9,355.323,258.482,575.926
280.000,10,1159.080,734.112,313.942
280.000,11,883.935,923.289,472.873
280.000,12,418.995,406.770,224.702
280.000,13,495.752,589.338,327.553
280.000,14,888.596,401.876,494.923
280.000,15,893.348,55.590,345.026
280.000,16,883.754,446.521,207.313
280.000,17,912.389,916.901,149.621
280.000,18,699.089,232.087,307.440
280.000,19,716.269,411.582,105.630
280.000,20,695.345,854.818,426.594
280.000,21,1058.245,965.650,556.795
280.000,22,714.908,457.798,568.165
280.000,23,670.442,123.659,374.293
280.000,24,687.522,419.122,544.915
280.000,25,507.698,566.498,123.891
280.000,26,876.764,874.366,371.417
280.000,27,549.968,135.959,398.223
280.000,28,675.332,588.282,459.993
280.000,29,979.251,329.985,394.433
280.000,30,762.803,208.292,430.813
280.000,31,393.256,47.107,129.463
280.000,32,288.209,498.199,488.110
280.000,33,1023.178,121.200,182.409
280.000,34,793.128,698.724,550.882
280.000,35,134.814,985.270,171.735
280.000,36,977.991,955.380,217.953
280.000,37,328.587,677.759,246.613
280.000,38,180.311,688.561,103.758
280.000,39,661.426,40.284,597.924
280.000,40,261.836,807.841,491.685
280.000,41,48.938,674.216,384.802
280.000,42,116.430,332.481,476.225
280.000,43,609.684,291.687,118.521
280.000,44,860.464,115.756,430.608
280.000,45,282.327,613.213,137.201
280.000,46,765.843,631.306,456.828
280.000,47,969.851,899.804,547.047
280.000,48,1147.303,437.192,246.854
280.000,49,1115.097,704.142,559.739
280.000,50,660.020,683.755,351.131
280.000,51,585.667,777.988,375.669
280.000,52,1111.576,335.335,340.980
280.000,53,1037.504,387.884,183.514
280.000,54,523.992,203.527,129.136
280.000,55,320.318,46.196,240.995
280.000,56,606.004,247.368,311.127
280.000,57,921.596,630.068,166.663
280.000,58,925.245,599.451,475.585
280.000,59,980.735,386.758,257.890
280.000,60,1140.179,779.153,177.791
280.000,61,383.716,902.792,423.462
280.000,62,297.538,540.336,258.402
280.000,63,1078.050,73.928,283.561
280.000,64,386.667,584.479,180.815
280.000,65,83.116,321.547,378.930
280.000,66,692.546,819.644,574.575
280.000,67,428.314,135.844,461.644
280.000,68,1078.843,724.775,415.105
280.000,69,1146.542,970.806,102.613
280.000,70,321.557,305.602,240.175
280.000,71,965.996,628.780,460.498
280.000,72,56.922,384.343,568.138
280.000,73,101.597,835.058,373.935
280.000,74,212.329,817.689,538.945
280.000,75,144.408,213.773,549.892
280.000,76,915.686,12.828,366.661
280.000,77,1114.837,808.429,246.214
280.000,78,270.756,876.940,307.055
285.000,0,986.586,170.481,512.976
285.000,1,341.089,994.471,397.537
285.000,2,623.806,269.369,316.458
285.000,3,996.112,989.574,385.108
285.000,4,379.308,355.332,282.024
285.000,5,229.462,431.141,116.711
285.000,6,1072.805,828.791,541.160
285.000,7,1080.195,668.791,485.887
285.000,8,476.563,258.076,535.103
285.000,9,215.871,280.941,572.653
285.000,10,1103.436,642.562,319.511
285.000,11,809.031,999.878,468.563
285.000,12,513.228,390.324,221.311
285.000,13,459.118,521.645,328.042
285.000,14,788.722,353.778,491.795
285.000,15,815.864,126.597,341.164
285.000,16,935.989,533.452,210.872
285.000,17,822.179,1014.921,145.265
285.000,18,657.391,143.163,309.861
285.000,19,732.558,543.021,112.344
285.000,20,807.709,882.536,428.983
285.000,21,1133.909,850.368,551.760
285.000,22,780.789,514.838,569.182
285.000,23,563.383,168.662,370.818
285.000,24,580.240,484.079,540.732
285.000,25,541.230,488.439,125.290
285.000,26,952.819,829.022,374.173
285.000,27,617.975,62.905,394.198
285.000,28,566.538,647.045,460.877
285.000,29,913.687,214.040,399.151
285.000,30,755.287,353.140,426.515
285.000,31,315.395,34.244,128.334
285.000,32,207.952,424.092,482.982
285.000,33,946.933,237.677,179.175
285.000,34,835.790,773.339,544.910
285.000,35,21.354,978.232,165.156
285.000,36,896.861,856.387,215.701
285.000,37,314.968,573.663,250.282
285.000,38,109.224,716.202,100.721
285.000,39,713.574,91.010,598.718
285.000,40,345.305,751.921,486.981
285.000,41,128.336,608.864,385.966
285.000,42,225.332,349.568,480.851
285.000,43,642.098,224.487,120.792
285.000,44,896.348,220.901,437.645
285.000,45,369.294,526.000,134.063
285.000,46,876.989,692.059,460.428
285.000,47,992.229,779.647,546.666
285.000,48,1089.365,338.948,251.487
285.000,49,1140.619,837.528,558.336
285.000,50,620.232,755.388,354.734
285.000,51,492.874,783.002,376.891
285.000,52,1118.624,243.719,339.011
285.000,53,1115.589,473.535,183.577
285.000,54,413.878,138.083,128.751
285.000,55,309.311,126.748,237.828
285.000,56,519.174,271.390,315.497
285.000,57,1052.539,679.097,159.810
285.000,58,1011.526,667.888,468.911
285.000,59,954.818,300.295,261.600
285.000,60,1038.597,746.256,178.648
285.000,61,271.799,874.851,422.729
285.000,62,197.286,618.033,259.916
285.000,63,1136.844,33.955,280.219
285.000,64,280.221,597.412,185.027
285.000,65,37.007,266.452,379.703
285.000,66,765.117,890.401,577.592
285.000,67,344.602,108.470,463.401
285.000,68,1109.743,813.640,411.784
285.000,69,1142.105,928.939,104.374
285.000,70,188.677,241.207,240.888
285.000,71,1030.945,521.486,460.558
285.000,72,16.832,254.046,573.761
285.000,73,26.401,787.153,370.710
285.000,74,186.185,914.958,538.495
285.000,75,160.098,288.589,551.484
285.000,76,927.919,99.590,373.894
285.000,77,1086.095,841.777,250.349
285.000,78,400.222,893.507,303.629
290.000,0,1059.831,299.938,521.576
290.000,1,288.781,869.687,396.490
290.000,2,561.068,324.024,315.124
290.000,3,1075.868,965.883,383.335
290.000,4,456.917,419.121,286.638
290.000,5,104.858,370.854,120.842
290.000,6,1134.228,877.424,546.389
290.000,7,1135.113,719.921,491.643
290.000,8,434.025,164.545,529.945
290.000,9,80.877,288.156,569.783
290.000,10,1060.856,533.559,324.570
290.000,11,728.486,881.608,466.077
290.000,12,600.307,340.582,217.007
290.000,13,426.358,442.653,326.348
290.000,14,692.731,294.896,484.487
290.000,15,740.348,193.724,338.340
290.000,16,996.228,609.657,209.706
290.000,17,741.908,932.823,142.284
290.000,18,609.445,62.713,314.311
290.000,19,733.087,675.494,114.442
290.000,20,912.289,910.945,435.246
290.000,21,1128.395,748.897,550.980
290.000,22,852.235,569.274,570.963
290.000,23,455.151,214.745,367.522
290.000,24,453.297,521.071,538.329
290.000,25,560.575,413.882,127.155
290.000,26,1034.724,793.715,377.934
290.000,27,702.634,14.251,389.431
290.000,28,448.216,708.002,462.055
290.000,29,857.502,99.029,407.277
290.000,30,759.019,492.980,422.308
290.000,31,239.630,14.339,128.212
290.000,32,142.826,335.336,480.796
290.000,33,904.262,359.079,176.913
290.000,34,882.591,847.315,539.933
290.000,35,88.140,975.986,162.460
290.000,36,817.019,755.508,217.663
290.000,37,287.399,478.982,254.420
290.000,38,38.765,750.205,102.372
290.000,39,748.604,210.310,599.678
290.000,40,435.148,701.777,483.520
290.000,41,211.485,535.879,388.795
290.000,42,334.765,383.499,482.976
290.000,43,687.636,150.229,122.590
290.000,44,931.029,330.815,442.586
290.000,45,462.434,449.033,130.896
290.000,46,980.736,756.210,465.392
290.000,47,1016.923,670.765,543.960
290.000,48,1024.635,246.698,254.549
290.000,49,1165.619,973.519,553.125
290.000,50,598.767,834.660,357.277
290.000,51,401.733,781.130,380.857
290.000,52,1106.330,147.226,334.455
290.000,53,1158.780,563.707,187.901
290.000,54,307.040,69.381,132.910
290.000,55,306.205,207.914,235.091
290.000,56,427.903,292.300,320.073
290.000,57,1159.143,724.377,154.273
290.000,58,1106.357,719.141,463.826
290.000,59,931.578,210.153,263.132
290.000,60,937.526,712.111,179.711
290.000,61,170.508,851.396,421.319
290.000,62,104.560,691.950,261.458
290.000,63,1139.271,115.605,279.401
290.000,64,168.235,582.928,187.626
290.000,65,150.969,219.000,380.419
290.000,66,826.702,968.825,582.438
290.000,67,260.428,77.386,464.580
290.000,68,1165.461,899.839,408.346
290.000,69,1086.107,877.044,104.032
290.000,70,70.181,173.051,242.212
290.000,71,1102.332,429.616,462.742
290.000,72,22.003,122.058,573.878
290.000,73,157.844,763.601,364.881
290.000,74,170.936,1004.291,538.626
290.000,75,166.814,365.912,550.237
290.000,76,928.443,220.961,380.936
290.000,77,951.919,896.173,258.849
290.000,78,524.685,936.135,299.838
295.000,0,1124.543,425.264,527.370
295.000,1,230.937,743.972,395.515
295.000,2,484.010,378.378,312.786
295.000,3,1149.575,935.859,379.927
295.000,4,550.199,463.664,292.651
295.000,5,13.458,286.632,127.121
295.000,6,1002.128,924.374,553.082
295.000,7,1008.831,782.908,497.960
295.000,8,388.154,69.982,525.283
295.000,9,81.175,294.271,570.210
295.000,10,983.457,447.327,328.068
295.000,11,658.871,750.456,461.012
295.000,12,690.448,306.045,211.588
295.000,13,395.393,368.881,327.128
295.000,14,595.783,232.381,478.538
295.000,15,653.984,265.598,334.813
295.000,16,1037.581,702.964,210.853
295.000,17,666.215,820.121,134.883
295.000,18,567.952,17.444,320.256
295.000,19,727.138,804.219,120.905
295.000,20,1024.218,940.870,441.010
295.000,21,1060.472,643.356,551.630
295.000,22,927.049,619.514,573.415
295.000,23,362.618,279.244,364.114
295.000,24,330.899,528.280,534.094
295.000,25,575.950,342.364,127.686
295.000,26,1109.794,760.295,380.568
295.000,27,791.329,75.524,388.452
295.000,28,339.588,764.131,461.843
295.000,29,775.100,11.816,413.306
295.000,30,766.258,632.653,414.714
295.000,31,158.395,1.237,129.354
295.000,32,66.986,255.331,475.228
295.000,33,856.449,481.615,173.094
295.000,34,938.251,928.685,535.449
295.000,35,200.274,974.575,158.538
295.000,36,772.354,641.504,217.840
295.000,37,263.254,380.760,259.699
295.000,38,31.125,781.342,103.696
295.000,39,790.958,330.955,598.625
295.000,40,530.829,670.596,481.227
295.000,41,291.534,458.884,391.272
295.000,42,447.826,413.370,485.002
295.000,43,744.462,82.151,126.618
295.000,44,979.331,429.468,449.214
295.000,45,545.902,356.370,126.881
295.000,46,1090.377,813.390,469.051
295.000,47,1019.315,546.885,541.675
295.000,48,979.265,141.072,259.258
295.000,49,1136.038,935.652,550.252
295.000,50,574.486,914.767,360.904
295.000,51,309.592,786.432,384.027
295.000,52,1096.068,48.234,331.279
295.000,53,1089.275,647.991,192.883
295.000,54,210.752,18.041,135.277
295.000,55,307.762,288.632,230.569
295.000,56,342.362,316.396,324.132
295.000,57,1024.372,762.670,148.717
295.000,58,1127.031,763.051,458.835
295.000,59,903.049,120.018,266.021
295.000,60,833.577,705.387,180.882
295.000,61,62.760,850.890,421.406
295.000,62,10.765,772.605,264.751
295.000,63,1062.177,192.440,280.321
295.000,64,58.406,577.085,189.938
295.000,65,271.665,184.914,379.888
295.000,66,906.824,1001.434,586.656
295.000,67,172.682,76.778,464.042
295.000,68,1145.460,992.595,406.950
295.000,69,1028.275,830.744,105.303
295.000,70,62.298,112.112,242.109
295.000,71,1161.409,336.656,463.866
295.000,72,66.111,11.005,575.777
295.000,73,295.245,730.778,361.575
295.000,74,151.509,945.539,537.940
295.000,75,187.401,430.669,550.382
295.000,76,912.608,340.430,385.923
295.000,77,813.162,931.216,262.583
295.000,78,628.727,1010.222,297.862
