t_s,node,x,y,z
0.000,0,304.747,273.449,208.480
0.000,1,458.634,775.084,542.583
0.000,2,706.025,1264.119,438.564
0.000,3,521.321,940.562,260.504
0.000,4,578.348,466.585,340.659
0.000,5,368.926,1085.721,114.051
0.000,6,602.022,1278.414,456.041
0.000,7,963.292,124.374,329.228
0.000,8,775.221,286.215,222.645
0.000,9,998.278,263.908,483.480
0.000,10,625.964,139.446,354.079
0.000,11,230.756,94.268,112.601
0.000,12,797.874,431.926,529.649
0.000,13,931.244,981.966,587.458
0.000,14,299.889,672.435,148.336
0.000,15,1003.914,904.095,247.066
0.000,16,100.460,22.462,332.187
0.000,17,181.562,245.568,565.916
0.000,18,734.235,512.263,499.621
0.000,19,281.321,365.586,183.257
0.000,20,929.113,1058.162,220.182
0.000,21,122.718,1225.227,580.465
0.000,22,944.099,934.890,181.662
0.000,23,989.231,1045.307,486.885
0.000,24,697.935,292.014,536.306
0.000,25,753.192,1119.663,215.962
0.000,26,564.908,1321.875,348.009
0.000,27,565.044,678.976,113.448
0.000,28,817.915,1369.390,317.957
0.000,29,292.363,157.599,191.861
0.000,30,86.343,348.816,244.297
0.000,31,86.958,507.795,154.282
0.000,32,673.075,227.851,268.956
0.000,33,514.857,1143.223,585.437
0.000,34,800.843,340.175,315.581
0.000,35,920.901,599.408,339.935
0.000,36,203.423,1266.314,303.674
0.000,37,853.987,657.527,107.360
0.000,38,123.687,31.429,193.940
0.000,39,580.220,98.707,164.662
0.000,40,155.659,485.926,125.137
0.000,41,447.023,1122.767,537.283
0.000,42,587.176,1147.112,591.196
0.000,43,434.944,1310.893,588.829
0.000,44,134.226,761.755,418.464
0.000,45,934.079,250.477,211.155
0.000,46,727.975,1212.426,125.865
0.000,47,71.011,1306.388,415.506
0.000,48,74.730,466.105,373.229
0.000,49,970.810,1177.097,288.291
0.000,50,378.011,1442.906,571.796
0.000,51,563.440,25.116,107.133
0.000,52,634.182,1047.038,203.666
0.000,53,22.617,848.227,399.742
0.000,54,936.963,1099.468,373.829
0.000,55,570.113,877.789,507.404
0.000,56,992.019,1207.301,111.609
0.000,57,194.044,535.439,513.118
0.000,58,86.206,1128.298,282.399
0.000,59,790.227,484.804,433.459
0.000,60,1003.367,588.072,345.084
0.000,61,634.928,268.732,291.923
0.000,62,601.264,1270.529,521.580
0.000,63,476.165,1050.806,315.770
0.000,64,465.654,394.560,598.613
0.000,65,717.257,927.535,480.306
0.000,66,952.186,1116.936,174.437
0.000,67,911.617,95.196,229.719
0.000,68,300.805,964.226,561.600
0.000,69,980.064,331.750,227.097
0.000,70,651.803,127.151,462.960
0.000,71,981.706,124.841,195.906
0.000,72,70.797,1007.026,186.645
0.000,73,262.315,882.646,458.455
0.000,74,855.948,726.994,330.316
0.000,75,220.387,580.702,554.577
0.000,76,491.673,1007.238,548.409
0.000,77,275.911,404.994,270.034
0.000,78,877.091,565.964,418.104
0.000,79,646.569,635.036,435.521
0.000,80,596.547,1348.153,293.088
0.000,81,445.805,263.727,241.755
0.000,82,337.816,731.173,197.126
0.000,83,437.862,152.824,167.274
0.000,84,331.352,905.286,152.899
0.000,85,573.064,13.469,291.738
5.000,0,283.427,370.494,205.340
5.000,1,331.492,789.033,547.538
5.000,2,789.471,1305.943,439.774
5.000,3,651.929,926.929,262.365
5.000,4,508.911,375.689,335.553
5.000,5,498.581,1030.702,111.862
5.000,6,596.587,1374.988,459.697
5.000,7,988.933,20.280,326.446
5.000,8,869.602,325.392,225.891
5.000,9,905.330,262.851,490.210
5.000,10,582.191,78.168,352.594
5.000,11,242.814,43.943,106.987
5.000,12,751.169,323.382,525.346
5.000,13,879.479,905.221,584.378
5.000,14,316.026,814.927,148.266
5.000,15,911.573,949.956,248.506
5.000,16,9.771,82.661,340.591
5.000,17,121.122,308.250,567.477
5.000,18,716.515,427.175,501.350
5.000,19,187.263,425.331,182.492
5.000,20,800.216,1042.723,221.234
5.000,21,35.476,1293.946,577.121
5.000,22,828.590,984.634,185.562
5.000,23,945.804,1000.064,487.333
5.000,24,627.736,226.494,532.646
5.000,25,849.311,1175.254,217.726
5.000,26,606.830,1399.469,348.272
5.000,27,657.113,780.253,112.048
5.000,28,889.908,1325.606,320.116
5.000,29,207.948,72.861,187.402
5.000,30,22.112,433.911,249.448
5.000,31,134.133,450.121,151.208
5.000,32,760.405,220.842,267.268
5.000,33,539.497,1060.441,585.587
5.000,34,720.799,237.345,312.800
5.000,35,969.972,586.042,337.492
5.000,36,99.861,1331.633,298.925
5.000,37,924.567,611.109,106.874
5.000,38,105.796,104.074,196.987
5.000,39,473.729,46.529,167.901
5.000,40,239.926,482.353,126.271
5.000,41,379.111,1065.159,538.849
5.000,42,538.465,1065.208,587.773
5.000,43,396.243,1446.021,598.237
5.000,44,215.563,767.159,417.652
5.000,45,805.247,321.397,211.473
5.000,46,760.009,1115.488,124.915
5.000,47,180.938,1273.263,415.993
5.000,48,1.277,410.318,372.303
5.000,49,925.305,1265.839,285.690
5.000,50,285.895,1425.572,569.625
5.000,51,695.385,59.081,112.396
5.000,52,765.195,1023.369,197.227
5.000,53,37.479,699.318,403.025
5.000,54,955.752,1169.127,373.444
5.000,55,443.678,866.971,508.075
5.000,56,889.696,1197.535,109.020
5.000,57,263.521,513.432,512.666
5.000,58,204.158,1097.479,283.324
5.000,59,741.667,553.512,436.520
5.000,60,865.270,620.983,348.563
5.000,61,579.886,127.876,285.830
5.000,62,654.330,1330.389,523.419
5.000,63,409.836,923.491,313.247
5.000,64,511.920,323.371,596.044
5.000,65,728.790,1016.372,479.493
5.000,66,923.215,1199.330,173.933
5.000,67,821.176,205.132,229.416
5.000,68,282.968,1041.009,565.124
5.000,69,993.120,264.141,223.664
5.000,70,630.678,261.047,464.551
5.000,71,972.863,29.156,192.231
5.000,72,10.486,1063.673,186.230
5.000,73,311.663,827.927,462.151
5.000,74,939.344,669.412,328.602
5.000,75,131.465,614.492,556.929
5.000,76,384.810,953.539,547.174
5.000,77,254.259,533.295,268.386
5.000,78,787.901,586.481,416.533
5.000,79,605.302,568.968,436.454
5.000,80,728.321,1340.332,295.010
5.000,81,442.385,410.941,246.918
5.000,82,248.774,774.344,194.366
5.000,83,355.751,48.370,166.106
5.000,84,431.305,940.579,155.175
5.000,85,679.872,56.208,294.998
10.000,0,238.111,467.129,204.069
10.000,1,206.317,799.001,550.551
10.000,2,864.840,1354.036,440.665
10.000,3,794.647,910.210,268.047
10.000,4,478.802,269.140,332.170
10.000,5,626.451,981.596,108.293
10.000,6,619.511,1434.309,462.463
10.000,7,1007.558,148.626,325.894
10.000,8,965.821,350.841,227.981
10.000,9,790.370,240.640,495.391
10.000,10,527.601,30.639,349.575
10.000,11,245.880,179.379,100.031
10.000,12,724.733,204.538,519.213
10.000,13,812.704,833.022,579.223
10.000,14,318.381,961.094,147.535
10.000,15,825.772,999.719,251.691
10.000,16,107.822,184.798,347.189
10.000,17,48.325,361.229,568.965
10.000,18,689.770,342.990,502.807
10.000,19,110.381,493.837,180.674
10.000,20,673.443,1072.652,217.414
10.000,21,82.236,1330.148,576.268
10.000,22,705.662,1040.979,191.612
10.000,23,871.954,939.790,484.990
10.000,24,560.068,154.378,531.379
10.000,25,954.193,1219.102,217.835
10.000,26,657.004,1419.469,348.147
10.000,27,766.972,879.228,108.670
10.000,28,959.652,1279.212,322.791
10.000,29,106.125,14.159,183.905
10.000,30,129.822,518.089,254.428
10.000,31,177.902,384.508,148.243
10.000,32,841.948,227.815,265.710
10.000,33,560.373,976.913,587.475
10.000,34,630.898,137.688,311.026
10.000,35,869.774,563.863,335.911
10.000,36,17.051,1400.202,295.326
10.000,37,989.472,566.159,106.507
10.000,38,80.164,225.768,200.523
10.000,39,383.454,32.797,170.845
10.000,40,317.552,487.848,123.884
10.000,41,308.011,1019.787,537.283
10.000,42,493.705,980.405,584.007
10.000,43,369.554,1311.673,595.074
10.000,44,300.966,760.635,414.356
10.000,45,694.992,415.810,215.591
10.000,46,799.355,1025.217,124.691
10.000,47,293.792,1257.970,418.046
10.000,48,81.326,370.918,373.319
10.000,49,835.962,1372.527,286.330
10.000,50,193.122,1416.086,567.185
10.000,51,833.836,81.013,119.785
10.000,52,889.705,1007.455,191.948
10.000,53,70.676,550.521,405.315
10.000,54,963.344,1246.005,370.828
10.000,55,324.620,878.009,505.284
10.000,56,782.088,1168.947,106.897
10.000,57,333.299,487.909,512.324
10.000,58,325.020,1060.709,287.222
10.000,59,683.430,619.150,438.617
10.000,60,726.517,632.004,350.768
10.000,61,527.837,23.298,278.385
10.000,62,704.211,1383.576,526.281
10.000,63,353.512,799.811,312.729
10.000,64,550.831,246.602,594.030
10.000,65,749.110,1106.025,479.150
10.000,66,911.673,1290.436,173.868
10.000,67,743.522,322.475,229.344
10.000,68,260.864,1109.124,565.784
10.000,69,1009.826,189.659,221.227
10.000,70,604.002,391.882,463.712
10.000,71,941.230,58.982,189.422
10.000,72,69.019,1099.965,185.286
10.000,73,367.152,777.638,466.168
10.000,74,988.388,611.788,327.121
10.000,75,35.876,641.901,560.714
10.000,76,281.143,911.743,548.146
10.000,77,252.232,661.131,267.382
10.000,78,696.872,615.528,413.074
10.000,79,565.962,500.810,436.806
10.000,80,864.800,1349.156,298.229
10.000,81,411.746,544.104,254.188
10.000,82,149.227,801.425,191.360
10.000,83,276.899,68.002,164.040
10.000,84,518.718,998.197,159.742
10.000,85,796.146,112.881,299.026
15.000,0,221.133,571.020,203.027
15.000,1,76.798,800.561,552.263
15.000,2,954.174,1391.122,443.336
15.000,3,934.110,914.510,273.226
15.000,4,442.745,160.672,328.192
15.000,5,759.427,953.745,109.863
15.000,6,619.284,1346.201,465.780
15.000,7,980.792,275.645,324.503
15.000,8,964.832,403.829,230.984
15.000,9,680.123,246.122,500.922
15.000,10,476.311,30.127,348.582
15.000,11,267.653,309.898,108.754
15.000,12,717.120,70.067,515.407
15.000,13,760.910,756.571,574.679
15.000,14,365.763,1098.190,145.527
15.000,15,753.777,1060.822,253.599
15.000,16,193.433,300.762,351.547
15.000,17,26.206,412.319,570.638
15.000,18,673.166,261.895,503.575
15.000,19,41.361,571.373,181.241
15.000,20,537.337,1104.421,216.336
15.000,21,163.421,1390.064,576.564
15.000,22,587.680,1104.454,196.891
15.000,23,800.966,869.828,484.529
15.000,24,495.053,86.024,530.622
15.000,25,971.835,1270.231,217.316
15.000,26,689.294,1326.322,345.605
15.000,27,842.730,1002.611,104.439
15.000,28,972.569,1236.714,325.859
15.000,29,16.855,99.547,179.180
15.000,30,213.915,620.668,261.890
15.000,31,209.216,318.773,147.410
15.000,32,931.689,234.197,264.403
15.000,33,566.322,893.489,588.461
15.000,34,540.024,39.861,307.310
15.000,35,786.262,501.096,333.528
15.000,36,131.081,1439.415,290.526
15.000,37,959.021,524.107,106.583
15.000,38,57.687,349.600,201.171
15.000,39,301.504,121.365,174.931
15.000,40,396.135,481.669,124.137
15.000,41,238.116,969.178,540.429
15.000,42,432.946,900.875,581.899
15.000,43,344.567,1172.415,585.100
15.000,44,384.498,765.067,414.907
15.000,45,577.532,508.201,217.695
15.000,46,814.153,920.193,124.023
15.000,47,409.489,1217.526,420.269
15.000,48,156.416,313.560,375.169
15.000,49,713.280,1453.823,283.049
15.000,50,103.227,1386.653,566.274
15.000,51,961.916,118.684,125.884
15.000,52,971.009,1003.538,186.209
15.000,53,115.208,416.206,410.578
15.000,54,983.306,1322.561,371.774
15.000,55,208.013,889.947,504.739
15.000,56,677.959,1163.610,104.183
15.000,57,398.286,458.096,511.724
15.000,58,435.175,1008.033,294.391
15.000,59,633.794,683.151,440.788
15.000,60,585.347,635.715,351.855
15.000,61,425.514,130.320,270.600
15.000,62,755.481,1452.798,528.385
15.000,63,279.445,676.452,310.462
15.000,64,578.608,159.563,589.745
15.000,65,791.180,1193.628,480.357
15.000,66,862.892,1372.696,175.190
15.000,67,651.156,419.885,229.000
15.000,68,233.612,1178.766,566.791
15.000,69,992.909,123.434,220.262
15.000,70,559.690,515.485,465.125
15.000,71,910.403,150.465,187.460
15.000,72,146.612,1135.972,184.644
15.000,73,427.222,726.782,468.961
15.000,74,907.517,558.628,329.014
15.000,75,74.134,665.520,563.438
15.000,76,175.511,864.780,548.460
15.000,77,222.822,784.630,265.455
15.000,78,602.752,636.197,409.277
15.000,79,556.096,424.901,438.084
15.000,80,1002.250,1361.271,302.836
15.000,81,427.395,691.696,258.243
15.000,82,54.066,842.424,187.582
15.000,83,172.270,156.961,160.654
15.000,84,609.786,1033.827,162.413
15.000,85,914.598,173.274,302.611
20.000,0,198.343,674.835,202.099
20.000,1,71.539,785.510,557.724
20.000,2,983.731,1428.157,442.056
20.000,3,933.704,902.474,276.820
20.000,4,405.292,50.113,323.372
20.000,5,885.995,899.518,108.663
20.000,6,619.745,1257.320,469.801
20.000,7,945.111,407.956,324.815
20.000,8,876.857,441.396,235.019
20.000,9,564.224,231.011,507.010
20.000,10,416.000,80.066,345.422
20.000,11,300.901,436.807,117.448
20.000,12,672.227,62.794,507.997
20.000,13,711.843,681.006,569.927
20.000,14,357.883,1241.911,144.099
20.000,15,665.628,1115.255,255.349
20.000,16,299.334,394.887,357.114
20.000,17,96.635,452.474,572.138
20.000,18,652.871,176.762,504.331
20.000,19,62.980,623.075,181.438
20.000,20,399.621,1101.002,216.536
20.000,21,246.749,1446.252,574.900
20.000,22,483.131,1189.609,201.665
20.000,23,729.492,799.570,483.741
20.000,24,421.948,29.873,528.507
20.000,25,906.007,1359.573,218.979
20.000,26,733.742,1247.006,342.376
20.000,27,939.324,1106.862,104.193
20.000,28,895.057,1198.592,330.369
20.000,29,101.816,158.825,173.213
20.000,30,308.383,718.387,268.027
20.000,31,259.591,265.802,141.977
20.000,32,1001.950,233.235,264.006
20.000,33,582.576,811.527,591.032
20.000,34,443.826,69.713,302.963
20.000,35,698.770,441.820,333.943
20.000,36,241.969,1408.121,282.793
20.000,37,884.178,485.721,107.788
20.000,38,38.097,461.569,201.841
20.000,39,206.300,183.999,177.596
20.000,40,475.894,483.158,123.221
20.000,41,185.155,902.531,543.221
20.000,42,367.513,823.143,582.188
20.000,43,302.835,1034.273,576.903
20.000,44,472.651,760.255,415.753
20.000,45,469.271,606.876,218.037
20.000,46,858.439,821.324,119.806
20.000,47,516.419,1182.636,422.400
20.000,48,227.918,258.160,376.526
20.000,49,604.331,1358.140,280.245
20.000,50,17.186,1375.994,565.604
20.000,51,924.981,171.802,131.288
20.000,52,843.815,983.691,181.154
20.000,53,157.094,275.667,416.632
20.000,54,1000.700,1382.266,371.633
20.000,55,87.569,877.709,502.516
20.000,56,580.443,1119.894,102.473
20.000,57,463.032,432.582,509.840
20.000,58,552.010,985.255,300.640
20.000,59,592.985,755.631,444.303
20.000,60,440.603,643.020,354.347
20.000,61,336.970,249.906,262.323
20.000,62,803.855,1388.752,530.562
20.000,63,192.687,556.145,308.663
20.000,64,624.419,89.892,587.767
20.000,65,816.828,1277.895,480.545
20.000,66,795.173,1440.233,175.256
20.000,67,555.262,522.003,226.603
20.000,68,225.575,1247.167,567.828
20.000,69,955.431,60.232,219.320
20.000,70,517.238,644.093,468.092
20.000,71,874.125,242.238,185.451
20.000,72,211.151,1181.557,184.370
20.000,73,483.231,681.005,472.386
20.000,74,808.231,515.759,330.555
20.000,75,172.638,678.807,566.693
20.000,76,63.449,816.660,547.322
20.000,77,203.469,914.195,261.613
20.000,78,517.935,666.619,406.092
20.000,79,519.707,351.921,439.104
20.000,80,865.986,1385.896,305.651
20.000,81,434.248,830.884,265.179
20.000,82,50.386,885.146,184.676
20.000,83,93.458,259.650,155.384
20.000,84,700.166,1079.892,167.099
20.000,85,994.940,243.998,309.035
25.000,0,176.693,770.989,202.139
25.000,1,196.649,804.193,562.627
25.000,2,907.556,1437.180,442.891
25.000,3,791.904,902.987,280.902
25.000,4,365.235,75.771,317.396
25.000,5,991.133,859.603,103.152
25.000,6,622.605,1159.697,473.625
25.000,7,915.168,538.933,322.604
25.000,8,799.435,497.125,236.857
25.000,9,449.264,238.306,512.357
25.000,10,361.387,134.080,343.729
25.000,11,287.621,572.923,121.959
25.000,12,615.624,186.277,504.493
25.000,13,654.214,608.885,563.622
25.000,14,364.977,1380.368,142.920
25.000,15,580.412,1160.919,257.505
25.000,16,416.867,483.879,364.403
25.000,17,170.492,496.245,577.488
25.000,18,630.127,95.393,506.004
25.000,19,167.531,679.770,178.836
25.000,20,262.015,1101.161,215.171
25.000,21,344.042,1401.124,573.496
25.000,22,355.400,1243.772,203.434
25.000,23,659.528,743.656,482.757
25.000,24,358.182,59.391,526.449
25.000,25,823.155,1443.587,218.672
25.000,26,772.622,1170.461,340.707
25.000,27,945.509,1185.094,100.415
25.000,28,825.362,1151.253,331.745
25.000,29,210.412,214.291,169.111
25.000,30,400.846,817.323,274.410
25.000,31,307.997,208.656,139.182
25.000,32,917.788,231.292,261.362
25.000,33,580.351,722.716,592.403
25.000,34,340.765,164.758,301.753
25.000,35,600.056,410.549,332.356
25.000,36,351.168,1347.416,279.972
25.000,37,816.181,435.364,106.473
25.000,38,24.516,582.581,200.245
25.000,39,105.092,245.659,177.181
25.000,40,557.749,478.333,120.038
25.000,41,106.739,849.548,546.996
25.000,42,307.456,749.927,578.786
25.000,43,265.053,895.788,571.194
25.000,44,555.895,777.059,416.045
25.000,45,352.494,696.814,219.839
25.000,46,898.120,722.398,118.853
25.000,47,624.932,1135.092,423.905
25.000,48,286.249,196.986,378.340
25.000,49,525.932,1234.452,275.917
25.000,50,87.940,1366.057,562.475
25.000,51,809.670,227.863,135.812
25.000,52,717.130,944.265,174.683
25.000,53,217.730,139.126,421.451
25.000,54,960.765,1453.604,369.461
25.000,55,59.985,884.675,500.651
25.000,56,472.697,1090.338,100.279
25.000,57,534.851,410.192,510.540
25.000,58,674.760,997.024,305.386
25.000,59,546.223,825.389,447.406
25.000,60,300.956,650.607,357.392
25.000,61,250.248,369.281,256.077
25.000,62,853.469,1334.824,533.478
25.000,63,115.598,430.635,310.850
25.000,64,665.949,12.376,583.630
25.000,65,845.495,1361.776,480.576
25.000,66,747.289,1374.750,172.306
25.000,67,475.890,636.276,225.947
25.000,68,194.184,1319.045,569.616
25.000,69,919.170,10.471,216.921
25.000,70,486.312,773.387,465.584
25.000,71,842.631,329.396,183.614
25.000,72,287.275,1211.601,183.878
25.000,73,533.045,626.834,476.946
25.000,74,715.504,473.696,330.249
25.000,75,264.377,699.545,569.334
25.000,76,60.103,771.695,548.463
25.000,77,198.779,1043.747,256.736
25.000,78,430.770,683.043,399.798
25.000,79,495.506,281.869,439.903
25.000,80,731.580,1399.176,309.688
25.000,81,417.520,965.037,269.624
25.000,82,131.289,926.141,184.073
25.000,83,21.130,372.371,150.180
25.000,84,806.562,1102.802,171.429
25.000,85,914.021,335.129,312.509
30.000,0,184.417,880.443,202.806
30.000,1,325.737,820.582,568.544
30.000,2,827.868,1406.881,444.424
30.000,3,661.085,905.242,286.494
30.000,4,350.906,192.303,310.911
30.000,5,863.147,803.325,102.192
30.000,6,623.744,1066.099,476.957
30.000,7,886.878,673.746,322.422
30.000,8,711.750,537.442,239.669
30.000,9,333.336,242.447,516.353
30.000,10,303.443,187.799,343.057
30.000,11,307.865,707.145,126.785
30.000,12,575.808,305.495,499.521
30.000,13,608.764,531.647,558.905
30.000,14,371.127,1372.537,142.047
30.000,15,501.299,1222.844,259.132
30.000,16,521.991,585.594,369.565
30.000,17,251.867,535.275,579.350
30.000,18,595.839,16.565,507.136
30.000,19,258.772,737.216,178.517
30.000,20,128.669,1140.224,213.092
30.000,21,434.099,1340.174,572.259
30.000,22,228.669,1285.922,209.293
30.000,23,581.265,685.645,481.043
30.000,24,286.310,114.576,525.817
30.000,25,746.421,1387.229,217.617
30.000,26,805.701,1090.705,338.755
30.000,27,845.652,1287.938,103.388
30.000,28,763.240,1089.490,335.447
30.000,29,318.978,280.802,163.995
30.000,30,494.996,911.803,281.618
30.000,31,340.681,140.768,134.274
30.000,32,832.615,235.941,260.122
30.000,33,591.665,644.903,592.203
30.000,34,259.657,275.684,298.574
30.000,35,499.015,367.428,331.878
30.000,36,453.431,1277.130,274.559
30.000,37,751.312,396.756,106.331
30.000,38,3.727,699.150,199.011
30.000,39,10.455,313.160,181.020
30.000,40,640.966,486.115,117.881
30.000,41,41.558,802.412,549.532
30.000,42,272.020,655.115,578.026
30.000,43,237.031,758.489,563.809
30.000,44,646.267,781.455,413.884
30.000,45,223.887,773.268,224.161
30.000,46,890.583,612.682,115.634
30.000,47,727.801,1107.671,424.434
30.000,48,374.867,170.162,379.100
30.000,49,417.935,1132.454,272.897
30.000,50,176.882,1352.246,563.084
30.000,51,686.492,287.478,140.831
30.000,52,579.874,927.247,172.193
30.000,53,258.716,2.130,425.195
30.000,54,945.708,1383.234,369.453
30.000,55,181.335,878.357,499.731
30.000,56,371.960,1043.237,103.159
30.000,57,604.796,391.152,510.675
30.000,58,803.204,988.358,312.678
30.000,59,493.464,889.737,451.652
30.000,60,162.548,675.979,360.308
30.000,61,173.310,488.751,249.668
30.000,62,902.803,1272.139,535.697
30.000,63,54.140,290.791,309.099
30.000,64,712.999,73.504,581.448
30.000,65,879.251,1448.510,481.268
30.000,66,715.734,1280.277,172.511
30.000,67,366.037,734.555,222.275
30.000,68,170.839,1389.775,569.948
30.000,69,877.144,76.530,216.111
30.000,70,427.596,892.546,464.895
30.000,71,825.393,432.352,182.335
30.000,72,363.254,1255.807,184.315
30.000,73,588.285,578.924,480.158
30.000,74,633.826,405.275,330.044
30.000,75,352.714,732.662,574.153
30.000,76,172.430,747.559,547.617
30.000,77,186.688,1173.620,253.932
30.000,78,340.473,692.631,397.274
30.000,79,466.651,217.062,440.542
30.000,80,592.778,1411.821,318.204
30.000,81,416.399,1111.335,272.165
30.000,82,213.450,969.554,180.019
30.000,83,71.672,470.832,143.851
30.000,84,902.720,1135.021,175.243
30.000,85,822.160,432.816,317.528
35.000,0,170.091,987.546,200.469
35.000,1,452.011,814.491,571.130
35.000,2,747.065,1357.298,445.610
35.000,3,525.934,896.151,290.966
35.000,4,286.310,295.973,303.874
35.000,5,733.001,760.047,100.221
35.000,6,636.192,974.521,480.515
35.000,7,852.341,803.642,319.738
35.000,8,621.416,562.303,243.211
35.000,9,223.081,245.025,519.890
35.000,10,254.788,250.137,341.154
35.000,11,320.917,838.738,130.698
35.000,12,584.063,432.047,492.568
35.000,13,562.874,450.443,552.842
35.000,14,390.283,1229.181,143.360
35.000,15,432.358,1292.001,260.450
35.000,16,642.127,669.587,376.299
35.000,17,319.824,588.599,581.285
35.000,18,587.558,88.146,510.136
35.000,19,332.603,806.550,178.718
35.000,20,23.455,1182.883,211.272
35.000,21,524.650,1281.426,570.183
35.000,22,99.405,1327.164,212.092
35.000,23,487.739,650.577,479.714
35.000,24,229.653,191.353,524.421
35.000,25,663.011,1320.839,215.454
35.000,26,856.529,1010.671,337.074
35.000,27,735.126,1371.948,104.981
35.000,28,689.941,1039.885,337.289
35.000,29,411.889,366.067,157.729
35.000,30,576.844,1011.570,288.828
35.000,31,380.367,76.454,130.610
35.000,32,745.733,237.348,258.247
35.000,33,611.892,562.569,594.346
35.000,34,179.740,383.820,296.307
35.000,35,399.600,326.288,331.000
35.000,36,560.330,1210.610,266.692
35.000,37,679.710,347.479,108.165
35.000,38,38.232,814.261,199.695
35.000,39,89.807,386.494,182.547
35.000,40,718.259,490.916,115.074
35.000,41,30.145,753.678,550.520
35.000,42,231.804,563.704,575.002
35.000,43,192.437,626.749,556.511
35.000,44,723.169,796.241,412.947
35.000,45,112.498,861.842,226.723
35.000,46,912.653,505.564,112.049
35.000,47,840.992,1076.186,424.233
35.000,48,453.971,119.774,379.728
35.000,49,310.659,1039.169,273.098
35.000,50,261.493,1343.888,559.392
35.000,51,567.613,331.241,148.450
35.000,52,453.183,889.887,165.511
35.000,53,340.372,133.876,428.980
35.000,54,921.346,1307.594,370.950
35.000,55,297.078,884.120,496.653
35.000,56,271.182,1012.701,106.200
35.000,57,674.642,375.784,510.412
35.000,58,925.823,956.656,321.843
35.000,59,434.909,947.876,455.516
35.000,60,22.878,711.245,360.853
35.000,61,111.622,621.275,239.041
35.000,62,940.021,1212.794,536.091
35.000,63,48.229,165.339,308.201
35.000,64,755.758,151.019,579.241
35.000,65,896.635,1373.194,480.464
35.000,66,673.478,1191.309,173.227
35.000,67,289.215,842.267,220.844
35.000,68,147.028,1447.960,571.417
35.000,69,838.675,142.123,216.236
35.000,70,402.026,1024.470,467.357
35.000,71,790.485,522.563,180.689
35.000,72,428.035,1300.414,184.089
35.000,73,647.306,524.207,483.942
35.000,74,535.719,357.671,329.705
35.000,75,445.707,766.240,578.535
35.000,76,291.503,716.534,549.174
35.000,77,171.872,1299.531,251.274
35.000,78,244.890,714.467,392.877
35.000,79,436.053,147.213,441.124
35.000,80,459.902,1389.495,318.799
35.000,81,398.150,1256.500,280.889
35.000,82,301.671,1009.540,177.370
35.000,83,164.245,572.284,137.139
35.000,84,992.431,1181.983,177.281
35.000,85,717.609,512.905,320.276
40.000,0,138.595,1086.480,201.828
40.000,1,582.769,802.085,577.439
40.000,2,671.898,1306.734,448.397
40.000,3,388.218,874.175,294.073
40.000,4,251.944,410.219,300.299
40.000,5,607.758,720.290,101.205
40.000,6,631.228,882.513,481.686
40.000,7,847.041,940.316,316.363
40.000,8,526.116,576.336,246.029
40.000,9,111.758,222.468,526.242
40.000,10,220.626,320.111,338.681
40.000,11,333.076,969.285,134.387
40.000,12,544.997,546.499,488.244
40.000,13,515.091,376.377,550.301
40.000,14,409.498,1090.133,142.873
40.000,15,349.598,1354.173,263.766
40.000,16,715.587,786.229,383.427
40.000,17,392.939,633.827,583.125
40.000,18,542.119,158.477,509.966
40.000,19,419.631,874.810,176.370
40.000,20,154.128,1192.466,210.838
40.000,21,611.400,1224.256,568.484
40.000,22,47.185,1378.824,214.495
40.000,23,411.113,590.300,478.417
40.000,24,173.773,281.700,522.233
40.000,25,576.520,1258.327,215.092
40.000,26,889.572,927.712,333.073
40.000,27,642.447,1417.590,107.653
40.000,28,623.435,982.126,341.487
40.000,29,513.148,437.694,155.139
40.000,30,685.512,1094.277,294.771
40.000,31,411.809,5.703,125.677
40.000,32,664.679,229.233,255.944
40.000,33,630.834,483.703,594.891
40.000,34,89.718,483.120,295.534
40.000,35,293.021,284.941,328.611
40.000,36,677.050,1159.520,262.684
40.000,37,619.064,287.861,107.319
40.000,38,62.828,931.001,201.699
40.000,39,183.275,458.520,185.380
40.000,40,792.663,494.687,114.230
40.000,41,87.741,695.274,551.919
40.000,42,191.598,477.987,573.680
40.000,43,156.656,488.662,552.114
40.000,44,815.201,815.305,413.307
40.000,45,36.593,937.508,229.690
40.000,46,957.241,405.583,107.275
40.000,47,947.943,1050.586,423.852
40.000,48,530.659,65.133,378.108
40.000,49,213.941,931.690,268.645
40.000,50,354.732,1339.492,557.514
40.000,51,444.388,369.983,158.154
40.000,52,320.389,854.775,160.897
40.000,53,367.237,278.559,434.316
40.000,54,900.520,1227.345,372.343
40.000,55,422.936,891.711,496.622
40.000,56,174.040,975.953,106.403
40.000,57,745.583,352.840,511.141
40.000,58,951.635,942.343,329.667
40.000,59,390.520,1013.797,458.619
40.000,60,138.304,722.707,363.873
40.000,61,29.969,739.191,232.405
40.000,62,991.117,1161.915,537.385
40.000,63,142.466,49.457,308.952
40.000,64,798.801,221.393,574.988
40.000,65,905.419,1283.887,481.016
40.000,66,651.409,1094.365,172.010
40.000,67,207.135,962.527,220.402
40.000,68,123.538,1377.512,573.666
40.000,69,810.960,207.099,214.976
40.000,70,377.409,1153.311,467.419
40.000,71,770.635,615.450,177.823
40.000,72,496.020,1338.457,181.413
40.000,73,704.836,468.965,487.694
40.000,74,441.857,308.482,328.070
40.000,75,536.273,779.841,580.943
40.000,76,396.006,660.915,551.256
40.000,77,147.113,1430.239,245.277
40.000,78,161.803,743.751,389.216
40.000,79,428.088,77.318,441.211
40.000,80,332.091,1412.220,323.286
40.000,81,404.851,1397.408,283.799
40.000,82,383.000,1066.566,175.758
40.000,83,232.616,684.436,133.360
40.000,84,916.183,1210.495,179.234
40.000,85,614.765,583.532,324.387
45.000,0,111.271,1184.378,202.978
45.000,1,710.673,807.958,584.799
45.000,2,595.331,1265.152,448.823
45.000,3,252.070,882.462,297.757
45.000,4,219.685,529.245,291.310
45.000,5,471.395,694.246,100.536
45.000,6,635.260,790.521,484.834
45.000,7,830.887,1077.742,316.353
45.000,8,441.244,630.527,249.921
45.000,9,16.564,234.818,533.495
45.000,10,169.378,378.316,336.829
45.000,11,381.574,1091.558,141.689
45.000,12,493.478,659.224,482.496
45.000,13,468.623,292.317,545.983
45.000,14,450.604,947.571,138.298
45.000,15,274.247,1418.745,266.107
45.000,16,830.791,875.457,389.261
45.000,17,460.026,691.673,584.957
45.000,18,509.566,236.758,512.973
45.000,19,503.729,939.722,175.306
45.000,20,297.554,1200.904,212.764
45.000,21,703.452,1172.296,569.596
45.000,22,163.085,1437.930,220.035
45.000,23,339.446,532.700,480.273
45.000,24,111.561,361.882,520.702
45.000,25,480.415,1198.390,213.787
45.000,26,941.627,852.735,331.644
45.000,27,548.312,1313.045,113.367
45.000,28,544.553,937.364,344.293
45.000,29,610.716,517.917,149.492
45.000,30,765.604,1204.863,303.055
45.000,31,460.499,63.791,121.008
45.000,32,582.375,220.618,254.179
45.000,33,647.675,401.195,595.060
45.000,34,3.570,592.424,293.759
45.000,35,188.508,238.689,326.565
45.000,36,787.315,1100.554,257.528
45.000,37,549.219,245.451,105.296
45.000,38,62.782,1053.360,202.940
45.000,39,276.489,535.708,189.227
45.000,40,879.137,507.581,112.422
45.000,41,145.402,633.441,552.855
45.000,42,133.123,405.192,570.615
45.000,43,136.003,348.035,544.421
45.000,44,902.210,816.062,412.301
45.000,45,157.610,1012.483,233.086
45.000,46,985.066,297.527,105.414
45.000,47,947.574,1037.053,423.021
45.000,48,601.096,8.601,379.262
45.000,49,111.066,827.019,263.570
45.000,50,446.562,1326.134,558.518
45.000,51,324.467,414.220,162.061
45.000,52,191.794,851.765,158.530
45.000,53,416.600,420.249,437.004
45.000,54,866.749,1157.379,373.857
45.000,55,546.634,863.449,494.931
45.000,56,71.180,954.214,108.104
45.000,57,817.300,329.462,510.095
45.000,58,829.383,959.379,334.237
45.000,59,337.461,1075.429,462.224
45.000,60,278.210,743.112,369.537
45.000,61,95.184,841.310,225.156
45.000,62,974.168,1097.365,539.037
45.000,63,207.262,97.316,306.859
45.000,64,833.632,291.893,573.719
45.000,65,934.465,1200.275,482.313
45.000,66,627.335,996.343,168.897
45.000,67,144.309,1078.700,219.342
45.000,68,90.167,1311.830,575.153
45.000,69,766.369,263.650,213.992
45.000,70,333.587,1276.967,471.401
45.000,71,759.752,711.125,174.186
45.000,72,566.264,1386.353,181.564
45.000,73,752.393,414.275,490.250
45.000,74,364.102,246.184,327.068
45.000,75,632.122,804.339,585.469
45.000,76,506.933,625.895,553.746
45.000,77,158.994,1351.300,242.363
45.000,78,67.742,750.453,385.150
45.000,79,391.874,11.186,440.675
45.000,80,202.220,1421.521,328.426
45.000,81,410.193,1341.743,290.899
45.000,82,457.010,1123.856,173.678
45.000,83,301.235,800.243,130.001
45.000,84,820.779,1249.880,183.400
45.000,85,517.620,674.727,329.759
50.000,0,109.714,1287.111,202.722
50.000,1,843.697,814.477,587.795
50.000,2,514.673,1227.508,449.077
50.000,3,122.642,892.561,302.187
50.000,4,172.925,637.576,286.118
50.000,5,343.544,663.834,104.803
50.000,6,650.848,697.168,487.724
50.000,7,798.704,1203.050,317.990
50.000,8,341.394,671.271,255.167
50.000,9,135.812,231.729,537.908
50.000,10,121.289,431.977,335.706
50.000,11,418.693,1217.411,147.894
50.000,12,446.701,781.309,476.125
50.000,13,427.335,223.429,541.902
50.000,14,487.653,809.940,136.822
50.000,15,195.391,1418.054,270.721
50.000,16,911.564,996.319,396.701
50.000,17,525.581,734.826,587.493
50.000,18,499.022,323.130,513.345
50.000,19,585.668,1012.292,174.844
50.000,20,429.614,1225.601,213.214
50.000,21,800.596,1124.610,570.478
50.000,22,289.892,1434.457,224.066
50.000,23,267.090,475.179,480.624
50.000,24,48.424,431.494,517.531
50.000,25,382.040,1141.443,212.383
50.000,26,996.844,778.361,328.600
50.000,27,444.261,1211.767,113.498
50.000,28,464.127,902.635,345.657
50.000,29,722.206,588.563,146.583
50.000,30,863.171,1299.526,308.928
50.000,31,501.609,123.514,117.775
50.000,32,498.534,230.662,251.894
50.000,33,653.761,316.857,598.844
50.000,34,93.004,711.615,293.135
50.000,35,96.950,184.169,327.141
50.000,36,906.039,1056.930,251.126
50.000,37,481.140,194.182,104.567
50.000,38,92.005,1176.732,203.651
50.000,39,378.233,597.934,193.289
50.000,40,962.373,512.794,111.615
50.000,41,218.010,593.272,554.925
50.000,42,74.326,327.018,567.099
50.000,43,113.052,204.527,536.208
50.000,44,995.060,812.498,410.506
50.000,45,271.558,1098.933,233.793
50.000,46,995.840,199.050,101.972
50.000,47,843.505,992.976,422.840
50.000,48,673.885,47.719,378.523
50.000,49,33.949,698.084,258.814
50.000,50,537.998,1331.104,558.394
50.000,51,202.136,452.696,166.553
50.000,52,52.048,848.003,155.125
50.000,53,455.700,566.035,443.893
50.000,54,839.316,1083.930,372.859
50.000,55,665.038,878.135,493.438
50.000,56,35.218,929.142,110.205
50.000,57,895.320,319.647,508.514
50.000,58,712.773,915.793,336.945
50.000,59,291.886,1140.369,464.824
50.000,60,414.628,791.573,375.492
50.000,61,139.709,970.757,218.040
50.000,62,925.649,1022.728,539.170
50.000,63,282.977,219.192,308.530
50.000,64,879.375,362.524,570.785
50.000,65,945.922,1109.952,480.872
50.000,66,583.599,911.463,166.740
50.000,67,84.303,1202.894,219.360
50.000,68,65.235,1245.606,576.702
50.000,69,739.166,329.829,211.690
50.000,70,303.881,1412.230,471.184
50.000,71,734.635,805.651,172.348
50.000,72,641.432,1424.025,181.270
50.000,73,806.132,368.650,492.309
50.000,74,264.558,209.847,326.778
50.000,75,731.915,817.312,589.383
50.000,76,598.959,555.499,554.363
50.000,77,131.505,1226.187,238.965
50.000,78,29.489,786.793,380.782
50.000,79,368.377,64.039,441.719
50.000,80,73.979,1429.535,334.408
50.000,81,388.999,1204.057,295.861
50.000,82,552.676,1153.820,169.763
50.000,83,370.728,910.597,126.656
50.000,84,729.936,1289.794,187.721
50.000,85,407.436,742.554,334.516
55.000,0,94.094,1389.464,203.884
55.000,1,973.765,836.905,589.936
55.000,2,425.729,1199.836,450.385
55.000,3,15.758,894.521,304.377
55.000,4,125.515,746.245,279.158
55.000,5,217.358,629.897,105.479
55.000,6,657.453,602.724,490.011
55.000,7,773.614,1343.367,318.282
55.000,8,244.539,696.984,262.528
55.000,9,251.801,240.423,541.901
55.000,10,71.473,482.750,333.799
55.000,11,443.405,1347.765,154.316
55.000,12,386.864,901.442,472.068
55.000,13,394.815,141.007,536.435
55.000,14,542.236,673.411,134.633
55.000,15,120.632,1358.290,272.503
55.000,16,988.834,1071.151,407.347
55.000,17,601.782,778.718,590.353
55.000,18,493.238,415.037,515.635
55.000,19,670.609,1072.220,175.121
55.000,20,558.642,1239.865,211.820
55.000,21,893.193,1081.282,568.334
55.000,22,415.351,1390.914,230.232
55.000,23,196.622,408.252,480.960
55.000,24,32.389,499.197,515.315
55.000,25,314.349,1053.103,211.403
55.000,26,978.711,693.759,325.010
55.000,27,342.317,1116.462,114.586
55.000,28,396.079,851.140,349.604
55.000,29,835.371,650.734,140.207
55.000,30,961.588,1389.858,314.032
55.000,31,548.987,190.446,113.484
55.000,32,405.966,247.573,248.425
55.000,33,666.276,226.019,599.450
55.000,34,192.371,803.001,289.704
55.000,35,18.084,124.793,324.577
55.000,36,991.264,994.989,244.435
55.000,37,417.379,152.647,104.098
55.000,38,116.715,1295.856,202.864
55.000,39,470.775,664.558,196.567
55.000,40,966.539,513.924,108.831
55.000,41,299.015,552.213,556.486
55.000,42,14.137,259.091,563.790
55.000,43,106.028,62.742,531.344
55.000,44,928.565,824.641,409.996
55.000,45,378.772,1190.957,234.651
55.000,46,985.605,100.521,100.685
55.000,47,741.953,942.734,424.272
55.000,48,746.677,90.945,379.426
55.000,49,78.605,616.627,255.803
55.000,50,631.815,1325.120,558.410
55.000,51,70.404,484.964,172.849
55.000,52,76.789,827.912,152.019
55.000,53,526.127,695.184,449.009
55.000,54,818.222,1015.878,371.971
55.000,55,794.385,883.458,492.525
55.000,56,149.222,912.584,111.036
55.000,57,959.595,295.615,509.141
55.000,58,592.644,870.933,341.403
55.000,59,233.902,1187.577,466.903
55.000,60,549.260,812.834,378.882
55.000,61,235.244,1074.607,211.804
55.000,62,858.733,975.402,540.092
55.000,63,388.450,321.057,308.862
55.000,64,921.480,445.865,568.879
55.000,65,962.695,1010.974,479.949
55.000,66,555.312,819.657,168.657
55.000,67,39.822,1329.174,218.218
55.000,68,43.636,1171.684,579.053
55.000,69,712.804,394.115,211.402
55.000,70,250.217,1366.984,473.036
55.000,71,710.599,898.407,167.915
55.000,72,713.221,1447.535,180.633
55.000,73,857.109,313.015,495.256
55.000,74,169.086,167.055,325.979
55.000,75,823.222,809.114,592.659
55.000,76,706.171,493.547,554.289
55.000,77,133.167,1098.254,237.844
55.000,78,119.463,822.929,377.197
55.000,79,345.524,126.776,443.659
55.000,80,81.589,1423.657,337.851
55.000,81,377.821,1068.834,301.723
55.000,82,634.306,1209.772,166.101
55.000,83,463.499,1005.181,125.322
55.000,84,631.847,1317.397,189.638
55.000,85,305.384,819.688,336.907
60.000,0,78.759,1407.947,204.024
60.000,1,921.252,840.239,593.255
60.000,2,335.559,1165.730,451.429
60.000,3,147.636,908.054,304.885
60.000,4,93.865,855.318,274.684
60.000,5,87.571,596.763,110.098
60.000,6,658.095,507.480,492.665
60.000,7,763.313,1422.361,314.191
60.000,8,159.298,736.205,267.064
60.000,9,362.798,232.664,545.120
60.000,10,18.041,530.403,331.666
60.000,11,437.038,1426.736,160.117
60.000,12,354.812,1027.421,469.517
60.000,13,334.015,69.465,533.480
60.000,14,581.514,536.652,134.139
60.000,15,43.992,1305.374,274.970
60.000,16,898.832,1186.929,415.796
60.000,17,682.617,815.052,592.074
60.000,18,456.426,494.757,515.547
60.000,19,774.415,1108.054,175.113
60.000,20,695.778,1245.733,211.758
60.000,21,985.430,1031.753,565.157
60.000,22,533.606,1312.582,231.865
60.000,23,129.590,336.945,480.820
60.000,24,95.636,575.944,514.710
60.000,25,216.365,981.876,207.411
60.000,26,920.209,623.100,321.740
60.000,27,236.119,1023.293,114.383
60.000,28,337.094,792.210,353.943
60.000,29,937.586,719.500,137.963
60.000,30,969.180,1399.094,320.694
60.000,31,611.231,234.554,109.766
60.000,32,319.794,242.831,247.797
60.000,33,691.624,145.988,599.810
60.000,34,265.235,911.825,288.496
60.000,35,123.754,85.664,324.090
60.000,36,884.928,927.655,237.980
60.000,37,354.989,107.302,104.926
60.000,38,150.688,1407.613,205.409
60.000,39,563.481,733.727,200.578
60.000,40,889.204,520.260,106.891
60.000,41,380.382,519.855,558.130
60.000,42,35.697,173.695,560.127
60.000,43,72.183,89.399,524.593
60.000,44,847.908,860.822,409.549
60.000,45,485.960,1282.505,235.823
60.000,46,963.614,17.841,101.957
60.000,47,640.460,900.981,425.957
60.000,48,817.077,146.055,380.874
60.000,49,196.721,527.272,254.557
60.000,50,722.400,1301.978,557.129
60.000,51,81.774,514.971,180.216
60.000,52,209.480,811.666,149.244
60.000,53,582.346,832.911,455.115
60.000,54,799.648,937.695,372.923
60.000,55,919.446,867.104,492.681
60.000,56,252.730,884.965,113.519
60.000,57,988.346,283.341,510.649
60.000,58,469.877,849.178,344.554
60.000,59,186.069,1257.478,470.557
60.000,60,686.523,816.059,381.309
60.000,61,318.475,1186.764,206.566
60.000,62,804.038,915.647,543.311
60.000,63,448.595,460.392,306.218
60.000,64,970.707,506.962,567.585
60.000,65,990.706,920.607,479.831
60.000,66,521.233,723.170,166.078
60.000,67,56.647,1445.404,218.684
60.000,68,20.812,1102.624,580.970
60.000,69,680.064,457.435,210.030
60.000,70,193.293,1253.622,472.402
60.000,71,678.268,990.403,162.142
60.000,72,789.159,1407.245,180.369
60.000,73,921.717,264.355,497.038
60.000,74,82.839,111.604,324.010
60.000,75,916.014,834.687,593.911
60.000,76,809.909,431.045,552.712
60.000,77,124.707,968.625,235.055
60.000,78,205.586,863.373,373.011
60.000,79,314.943,197.531,446.144
60.000,80,213.436,1435.478,344.144
60.000,81,387.776,928.330,309.358
60.000,82,723.354,1250.933,162.365
60.000,83,533.393,1123.609,120.287
60.000,84,528.052,1350.402,195.346
60.000,85,202.238,891.869,337.229
65.000,0,71.967,1303.819,202.035
65.000,1,795.794,826.299,597.158
65.000,2,263.548,1118.858,451.569
65.000,3,288.572,899.082,308.963
65.000,4,65.203,967.580,271.349
65.000,5,62.191,549.284,112.673
65.000,6,678.135,415.966,494.474
65.000,7,748.556,1297.725,315.587
65.000,8,72.520,778.961,272.446
65.000,9,470.693,237.528,547.329
65.000,10,25.124,590.639,329.775
65.000,11,455.519,1291.734,166.910
65.000,12,337.132,1156.449,465.442
65.000,13,297.959,18.658,529.247
65.000,14,577.459,398.787,130.983
65.000,15,44.445,1255.975,276.472
65.000,16,799.708,1300.369,423.863
65.000,17,741.688,871.736,593.088
65.000,18,421.305,578.648,516.114
65.000,19,864.158,1178.984,173.669
65.000,20,824.904,1265.470,211.197
65.000,21,942.051,983.703,563.121
65.000,22,651.790,1252.257,236.551
65.000,23,63.752,263.947,481.402
65.000,24,158.868,651.474,513.865
65.000,25,132.986,903.839,208.417
65.000,26,898.468,527.268,318.624
65.000,27,114.746,935.112,115.656
65.000,28,252.881,762.732,355.795
65.000,29,987.800,795.490,131.042
65.000,30,884.403,1293.587,331.738
65.000,31,658.220,295.313,105.020
65.000,32,235.635,247.706,245.885
65.000,33,697.650,63.328,598.723
65.000,34,346.334,1023.687,287.989
65.000,35,210.310,25.369,320.900
65.000,36,767.290,877.260,231.070
65.000,37,281.816,63.538,105.835
65.000,38,190.295,1388.354,206.923
65.000,39,655.620,809.032,205.526
65.000,40,811.799,533.770,106.246
65.000,41,454.140,484.275,560.363
65.000,42,86.353,90.088,556.975
65.000,43,30.090,221.364,516.738
65.000,44,758.617,865.100,409.394
65.000,45,581.039,1396.474,237.702
65.000,46,943.171,121.972,103.650
65.000,47,528.682,885.735,427.587
65.000,48,888.325,191.135,382.269
65.000,49,288.909,413.241,255.253
65.000,50,807.804,1282.272,556.112
65.000,51,204.739,564.716,185.592
65.000,52,335.728,787.891,143.904
65.000,53,632.148,967.871,459.819
65.000,54,766.643,866.808,374.065
65.000,55,966.365,872.209,492.790
65.000,56,353.552,835.510,115.160
65.000,57,921.265,258.580,511.403
65.000,58,349.645,810.981,348.878
65.000,59,129.289,1319.679,474.426
65.000,60,832.034,826.730,383.176
65.000,61,398.629,1308.958,198.561
65.000,62,765.630,846.394,545.499
65.000,63,537.152,581.425,305.026
65.000,64,1000.295,576.701,564.452
65.000,65,1003.672,830.585,478.933
65.000,66,488.960,631.293,165.464
65.000,67,126.425,1346.596,218.959
65.000,68,15.054,1022.609,581.976
65.000,69,652.149,531.764,208.619
65.000,70,176.200,1130.815,474.487
65.000,71,668.570,1092.606,156.859
65.000,72,857.584,1365.828,180.107
65.000,73,986.383,214.492,501.786
65.000,74,12.099,34.640,325.719
65.000,75,995.103,845.657,596.274
65.000,76,906.464,360.148,552.434
65.000,77,98.408,847.990,229.750
65.000,78,288.713,888.680,369.387
65.000,79,287.429,263.121,447.810
65.000,80,346.628,1429.902,346.883
65.000,81,383.705,781.166,316.338
65.000,82,794.989,1313.685,159.649
65.000,83,612.278,1224.136,113.977
65.000,84,427.855,1387.346,199.366
65.000,85,91.327,952.280,341.992
70.000,0,53.159,1205.468,200.221
70.000,1,666.384,799.892,595.812
70.000,2,183.900,1076.110,452.280
70.000,3,427.047,918.442,309.501
70.000,4,12.507,1062.447,268.082
70.000,5,185.715,495.274,112.631
70.000,6,703.801,329.275,497.798
70.000,7,739.355,1169.702,315.037
70.000,8,32.469,787.390,277.149
70.000,9,583.779,228.721,550.751
70.000,10,75.543,640.604,327.670
70.000,11,473.678,1159.068,173.892
70.000,12,295.943,1275.414,458.981
70.000,13,248.450,84.897,524.421
70.000,14,587.176,249.940,130.180
70.000,15,125.579,1189.898,278.770
70.000,16,708.584,1408.627,429.722
70.000,17,814.586,916.983,593.611
70.000,18,384.831,659.421,517.961
70.000,19,938.501,1248.044,174.717
70.000,20,961.229,1274.096,212.116
70.000,21,839.617,955.634,562.626
70.000,22,781.238,1218.935,240.956
70.000,23,19.598,210.814,480.181
70.000,24,203.699,727.410,514.645
70.000,25,37.800,835.631,208.586
70.000,26,881.012,438.337,316.889
70.000,27,21.069,830.147,118.315
70.000,28,176.492,727.173,357.154
70.000,29,884.526,853.530,127.602
70.000,30,806.100,1187.427,339.397
70.000,31,706.432,352.107,100.912
70.000,32,145.712,255.758,243.197
70.000,33,688.219,43.898,596.808
70.000,34,442.154,1125.651,287.867
70.000,35,310.286,23.702,320.686
70.000,36,653.763,835.462,226.750
70.000,37,200.461,28.193,105.796
70.000,38,214.118,1273.016,211.218
70.000,39,764.692,869.555,210.598
70.000,40,734.210,537.416,104.852
70.000,41,512.581,432.556,561.503
70.000,42,135.596,6.799,553.420
70.000,43,21.490,355.160,507.047
70.000,44,668.921,878.736,409.967
70.000,45,701.359,1439.296,240.251
70.000,46,915.269,225.959,104.051
70.000,47,410.879,858.818,430.087
70.000,48,954.638,249.422,382.286
70.000,49,390.298,314.392,251.916
70.000,50,894.923,1257.482,554.509
70.000,51,322.602,613.384,191.662
70.000,52,469.257,775.458,139.415
70.000,53,684.763,1105.560,461.914
70.000,54,742.420,788.244,374.485
70.000,55,840.007,849.577,491.071
70.000,56,451.180,793.713,115.043
70.000,57,847.251,230.269,513.020
70.000,58,237.078,773.343,354.535
70.000,59,81.745,1389.272,477.227
70.000,60,974.243,853.593,384.477
70.000,61,479.613,1433.057,191.260
70.000,62,707.931,784.727,547.588
70.000,63,591.679,724.638,306.675
70.000,64,951.323,636.373,562.220
70.000,65,965.886,741.050,478.908
70.000,66,466.936,543.459,165.424
70.000,67,194.715,1225.591,219.375
70.000,68,11.687,947.997,582.818
70.000,69,623.979,595.776,207.600
70.000,70,151.040,1003.079,477.803
70.000,71,660.397,1189.978,154.894
70.000,72,921.896,1310.723,179.869
70.000,73,978.707,168.043,504.975
70.000,74,78.544,32.883,326.918
70.000,75,898.262,865.889,599.364
70.000,76,1004.734,307.841,553.758
70.000,77,74.938,726.021,227.063
70.000,78,381.959,895.394,366.387
70.000,79,272.306,340.317,449.393
70.000,80,483.262,1429.408,349.961
70.000,81,397.306,643.769,318.557
70.000,82,880.525,1353.117,157.654
70.000,83,703.128,1322.582,115.333
70.000,84,341.585,1434.004,202.675
70.000,85,48.305,1005.486,345.309
75.000,0,41.225,1101.556,197.832
75.000,1,532.843,784.140,592.608
75.000,2,106.185,1038.019,453.772
75.000,3,566.965,915.583,313.934
75.000,4,37.609,1174.233,261.684
75.000,5,306.379,439.977,115.310
75.000,6,712.331,241.271,500.015
75.000,7,736.341,1034.791,313.622
75.000,8,132.245,808.740,282.530
75.000,9,693.549,234.045,553.453
75.000,10,138.883,689.187,325.638
75.000,11,490.015,1028.461,178.078
75.000,12,261.396,1402.312,451.089
75.000,13,207.018,160.992,521.401
75.000,14,600.471,113.288,128.482
75.000,15,219.252,1130.896,281.230
75.000,16,626.165,1386.243,436.272
75.000,17,890.346,958.492,597.221
75.000,18,335.486,725.196,517.315
75.000,19,989.061,1312.524,172.502
75.000,20,929.660,1302.669,211.137
75.000,21,752.139,896.115,561.889
75.000,22,900.146,1164.469,247.520
75.000,23,98.102,140.520,481.291
75.000,24,272.196,786.890,513.981
75.000,25,77.051,784.435,209.903
75.000,26,841.159,359.186,314.636
75.000,27,77.962,714.597,121.036
75.000,28,106.959,681.114,360.947
75.000,29,780.988,922.881,121.486
75.000,30,716.319,1081.344,343.688
75.000,31,748.117,421.464,102.857
75.000,32,57.768,253.602,240.820
75.000,33,698.761,130.548,594.280
75.000,34,516.726,1248.298,287.817
75.000,35,411.148,65.177,318.885
75.000,36,531.664,805.571,221.430
75.000,37,136.998,34.888,106.378
75.000,38,227.049,1154.380,214.986
75.000,39,870.290,923.940,214.472
75.000,40,650.700,546.386,103.758
75.000,41,575.855,365.077,564.967
75.000,42,167.226,102.813,550.128
75.000,43,52.434,490.456,499.237
75.000,44,576.118,895.887,412.058
75.000,45,822.155,1372.591,240.719
75.000,46,857.002,319.820,107.088
75.000,47,299.659,828.317,432.290
75.000,48,997.164,297.814,382.659
75.000,49,472.982,197.514,247.876
75.000,50,984.800,1245.029,553.499
75.000,51,456.979,626.257,197.571
75.000,52,606.757,756.346,134.130
75.000,53,699.230,1249.496,467.909
75.000,54,722.772,712.063,375.684
75.000,55,720.590,836.362,490.396
75.000,56,552.251,760.250,116.154
75.000,57,772.491,198.349,512.505
75.000,58,116.522,759.556,359.043
75.000,59,32.886,1457.334,480.353
75.000,60,894.214,885.437,386.469
75.000,61,540.247,1335.309,182.050
75.000,62,655.047,723.895,549.700
75.000,63,692.478,832.772,305.716
75.000,64,906.991,710.005,557.874
75.000,65,951.666,653.913,477.366
75.000,66,431.542,451.704,166.926
75.000,67,289.601,1121.932,220.492
75.000,68,11.244,872.627,583.140
75.000,69,604.208,657.298,206.572
75.000,70,113.359,875.755,477.088
75.000,71,643.103,1286.745,151.694
75.000,72,992.220,1260.843,178.934
75.000,73,913.107,126.795,507.784
75.000,74,165.374,94.071,327.824
75.000,75,801.963,879.731,597.405
75.000,76,887.442,268.695,556.032
75.000,77,57.984,591.372,225.567
75.000,78,486.962,910.981,361.445
75.000,79,247.754,407.572,450.431
75.000,80,619.481,1423.986,352.824
75.000,81,412.382,501.564,322.960
75.000,82,977.046,1373.991,157.482
75.000,83,769.291,1441.502,113.608
75.000,84,245.384,1433.756,206.895
75.000,85,163.892,1065.787,351.354
80.000,0,19.798,1000.893,197.403
80.000,1,407.163,753.338,587.897
80.000,2,23.292,986.985,453.054
80.000,3,704.740,913.805,316.292
80.000,4,73.065,1277.984,257.010
80.000,5,430.564,384.303,113.198
80.000,6,708.384,150.144,501.171
80.000,7,736.233,896.191,312.455
80.000,8,229.588,846.782,287.860
80.000,9,805.907,252.141,556.916
80.000,10,194.146,743.633,325.238
80.000,11,518.209,892.420,183.958
80.000,12,218.500,1378.599,447.253
80.000,13,184.836,252.293,518.044
80.000,14,632.260,36.053,131.660
80.000,15,303.288,1075.574,285.451
80.000,16,519.252,1281.291,445.340
80.000,17,954.049,1025.710,598.745
80.000,18,300.553,807.217,518.470
80.000,19,910.750,1391.074,170.216
80.000,20,796.271,1295.038,210.144
80.000,21,659.168,838.447,559.825
80.000,22,978.336,1135.907,250.951
80.000,23,164.214,67.690,480.651
80.000,24,325.529,860.963,512.967
80.000,25,174.106,721.359,212.515
80.000,26,807.301,276.775,313.029
80.000,27,185.052,613.402,122.785
80.000,28,34.959,636.580,364.315
80.000,29,661.055,969.295,114.291
80.000,30,631.568,989.217,347.728
80.000,31,808.342,480.786,107.228
80.000,32,25.741,279.608,237.377
80.000,33,713.087,213.954,593.160
80.000,34,595.475,1363.559,286.314
80.000,35,514.611,112.046,318.653
80.000,36,408.804,771.404,217.380
80.000,37,69.635,78.257,106.058
80.000,38,258.661,1033.425,218.840
80.000,39,977.026,993.371,216.837
80.000,40,566.293,555.084,100.311
80.000,41,647.406,322.544,566.623
80.000,42,223.431,178.697,548.202
80.000,43,94.125,627.789,496.342
80.000,44,491.760,912.877,412.651
80.000,45,926.471,1274.032,241.042
80.000,46,831.733,419.423,109.194
80.000,47,196.547,792.159,433.764
80.000,48,927.440,339.681,382.271
80.000,49,542.185,66.073,244.734
80.000,50,929.852,1217.175,553.215
80.000,51,589.347,650.290,203.740
80.000,52,731.553,732.285,127.933
80.000,53,745.482,1380.178,472.753
80.000,54,707.633,643.345,375.767
80.000,55,592.741,826.606,489.822
80.000,56,661.792,744.923,117.152
80.000,57,698.434,178.672,511.295
80.000,58,19.074,747.764,363.022
80.000,59,42.632,1403.900,483.967
80.000,60,753.417,909.774,390.444
80.000,61,626.895,1225.223,175.165
80.000,62,618.031,654.298,552.145
80.000,63,767.028,956.805,305.631
80.000,64,846.707,769.984,554.176
80.000,65,936.650,557.182,478.776
80.000,66,406.517,366.649,164.634
80.000,67,381.006,1017.030,220.514
80.000,68,28.029,800.187,584.356
80.000,69,578.223,727.765,205.680
80.000,70,49.741,758.815,478.880
80.000,71,624.056,1377.542,149.486
80.000,72,948.003,1216.686,179.196
80.000,73,861.397,75.672,510.149
80.000,74,260.358,144.762,328.445
80.000,75,701.647,886.691,593.646
80.000,76,773.087,215.637,555.353
80.000,77,30.177,469.762,221.973
80.000,78,580.629,929.575,357.159
80.000,79,227.972,478.082,451.626
80.000,80,751.315,1436.614,355.527
80.000,81,387.325,360.249,331.196
80.000,82,936.255,1394.326,155.581
80.000,83,853.195,1359.345,107.718
80.000,84,149.540,1392.618,211.318
80.000,85,257.723,1151.347,353.312
85.000,0,20.586,900.118,196.861
85.000,1,284.945,722.603,583.537
85.000,2,71.296,954.227,453.132
85.000,3,847.265,907.282,320.622
85.000,4,136.583,1370.559,252.229
85.000,5,563.333,335.808,116.419
85.000,6,723.762,60.280,502.471
85.000,7,720.144,766.905,310.793
85.000,8,307.021,896.981,291.897
85.000,9,921.698,257.187,560.895
85.000,10,234.662,801.027,323.439
85.000,11,514.422,760.647,189.228
85.000,12,182.344,1253.592,441.714
85.000,13,133.151,326.233,514.181
85.000,14,633.536,176.043,131.374
85.000,15,384.686,1012.990,287.731
85.000,16,419.077,1174.814,453.964
85.000,17,1005.799,1083.946,595.823
85.000,18,271.956,884.218,520.324
85.000,19,857.012,1425.377,167.752
85.000,20,666.844,1298.062,211.156
85.000,21,574.349,772.943,558.940
85.000,22,857.132,1099.447,253.572
85.000,23,220.104,11.230,479.034
85.000,24,389.833,936.259,511.886
85.000,25,258.537,643.187,212.439
85.000,26,772.648,201.088,310.839
85.000,27,304.330,528.722,128.150
85.000,28,37.697,587.298,366.288
85.000,29,543.755,1037.846,106.864
85.000,30,523.136,906.742,354.646
85.000,31,860.547,532.501,111.340
85.000,32,109.891,281.958,235.988
85.000,33,729.060,297.703,591.301
85.000,34,685.164,1427.225,284.754
85.000,35,604.702,168.607,318.176
85.000,36,288.032,768.998,211.311
85.000,37,6.086,124.831,105.450
85.000,38,293.019,914.529,224.093
85.000,39,929.007,1051.136,220.172
85.000,40,482.094,552.104,101.278
85.000,41,715.330,270.958,568.122
85.000,42,284.351,258.656,547.616
85.000,43,100.064,767.173,490.164
85.000,44,404.352,920.707,412.888
85.000,45,963.998,1191.623,241.420
85.000,46,805.407,523.456,108.870
85.000,47,88.722,759.079,432.705
85.000,48,853.622,378.162,381.826
85.000,49,650.839,51.397,244.010
85.000,50,835.893,1219.850,551.327
85.000,51,723.246,691.930,209.732
85.000,52,865.398,721.852,124.141
85.000,53,796.185,1398.515,479.776
85.000,54,691.814,568.942,376.281
85.000,55,462.683,801.582,486.123
85.000,56,763.690,715.765,117.131
85.000,57,633.090,150.786,511.511
85.000,58,141.414,725.368,369.699
85.000,59,89.019,1343.583,487.363
85.000,60,618.883,939.380,392.821
85.000,61,710.330,1105.709,170.718
85.000,62,556.942,601.895,554.109
85.000,63,841.849,1080.386,307.797
85.000,64,793.607,844.491,550.877
85.000,65,922.229,464.875,479.708
85.000,66,372.518,286.286,163.853
85.000,67,475.661,907.032,220.082
85.000,68,44.130,726.795,586.114
85.000,69,553.838,796.493,205.716
85.000,70,0.650,642.659,479.085
85.000,71,598.057,1447.450,146.854
85.000,72,880.557,1170.337,179.321
85.000,73,810.678,24.721,512.990
85.000,74,333.066,221.344,330.042
85.000,75,605.106,911.519,590.991
85.000,76,653.897,201.627,556.781
85.000,77,21.514,341.010,213.673
85.000,78,661.721,957.518,352.421
85.000,79,201.425,548.702,451.602
85.000,80,884.840,1446.806,360.128
85.000,81,378.479,216.054,336.035
85.000,82,856.478,1441.395,152.377
85.000,83,948.546,1253.995,100.718
85.000,84,59.682,1354.912,214.650
85.000,85,352.043,1229.504,356.310
90.000,0,27.098,801.956,196.300
90.000,1,158.690,709.980,577.590
90.000,2,147.694,909.353,454.083
90.000,3,979.936,927.784,321.713
90.000,4,174.770,1417.459,244.047
90.000,5,690.532,285.561,116.722
90.000,6,716.558,43.550,504.464
90.000,7,669.896,647.216,306.509
90.000,8,401.643,931.183,296.175
90.000,9,967.143,257.442,564.700
90.000,10,284.918,852.784,320.945
90.000,11,568.150,632.537,196.051
90.000,12,142.613,1128.557,436.005
90.000,13,75.125,385.440,509.923
90.000,14,637.553,319.806,130.182
90.000,15,467.748,953.043,289.972
90.000,16,306.727,1076.272,465.290
90.000,17,922.450,1122.733,592.749
90.000,18,234.702,964.157,520.726
90.000,19,784.880,1353.743,164.754
90.000,20,541.218,1321.128,210.185
90.000,21,487.824,730.600,558.159
90.000,22,738.494,1043.067,258.354
90.000,23,291.213,73.651,480.184
90.000,24,453.090,1007.558,511.202
90.000,25,342.859,557.635,213.262
90.000,26,714.653,125.889,310.059
90.000,27,429.012,452.715,127.695
90.000,28,119.470,545.359,369.095
90.000,29,427.926,1095.015,101.658
90.000,30,417.525,823.334,357.733
90.000,31,903.808,596.245,114.883
90.000,32,189.027,292.908,234.147
90.000,33,734.994,385.252,590.135
90.000,34,766.626,1315.281,282.938
90.000,35,698.383,222.741,316.667
90.000,36,176.476,720.753,206.382
90.000,37,80.707,155.199,104.706
90.000,38,322.755,799.199,226.655
90.000,39,826.755,1128.390,222.133
90.000,40,398.056,555.743,103.581
90.000,41,783.942,225.871,567.738
90.000,42,326.196,361.605,546.898
90.000,43,153.300,899.160,484.819
90.000,44,315.581,924.157,412.605
90.000,45,838.984,1122.244,246.566
90.000,46,780.517,626.339,108.501
90.000,47,38.491,752.282,434.938
90.000,48,783.937,435.023,382.161
90.000,49,756.232,158.223,238.504
90.000,50,748.875,1214.171,550.179
90.000,51,853.021,732.222,216.663
90.000,52,998.916,697.376,122.559
90.000,53,839.407,1260.135,481.211
90.000,54,687.142,498.124,376.572
90.000,55,344.957,793.859,484.524
90.000,56,875.000,699.496,120.319
90.000,57,565.683,125.747,511.369
90.000,58,260.131,709.213,375.518
90.000,59,134.420,1279.178,490.614
90.000,60,488.747,999.405,395.958
90.000,61,779.131,977.237,165.373
90.000,62,498.620,558.794,555.101
90.000,63,917.319,1198.062,304.273
90.000,64,748.733,919.694,547.977
90.000,65,894.291,378.413,478.456
90.000,66,324.078,199.009,163.476
90.000,67,558.692,796.207,220.444
90.000,68,72.228,655.040,585.463
90.000,69,518.251,863.233,203.834
90.000,70,25.960,515.259,478.013
90.000,71,576.624,1358.544,142.118
90.000,72,801.864,1141.426,176.694
90.000,73,755.992,38.953,518.351
90.000,74,411.126,287.519,331.374
90.000,75,512.948,923.007,588.353
90.000,76,544.534,149.861,556.667
90.000,77,33.609,221.751,207.915
90.000,78,757.055,988.686,348.819
90.000,79,156.278,618.061,451.489
90.000,80,988.958,1451.748,364.280
90.000,81,345.335,78.771,341.079
90.000,82,772.574,1414.517,149.839
90.000,83,982.750,1151.525,105.437
90.000,84,39.401,1305.121,216.515
90.000,85,466.739,1289.684,361.741
95.000,0,44.613,699.886,195.233
95.000,1,22.435,717.945,574.357
95.000,2,224.212,861.285,455.246
95.000,3,894.321,910.416,327.062
95.000,4,223.629,1312.848,237.559
95.000,5,822.447,260.641,115.359
95.000,6,728.753,136.459,505.312
95.000,7,635.825,525.030,306.312
95.000,8,498.299,954.812,300.717
95.000,9,857.038,258.800,568.056
95.000,10,342.072,901.634,321.521
95.000,11,598.082,500.365,198.661
95.000,12,90.306,1009.950,429.045
95.000,13,31.803,459.468,506.513
95.000,14,650.970,452.686,129.366
95.000,15,538.370,877.223,288.716
95.000,16,204.468,981.199,473.797
95.000,17,854.020,1180.453,590.908
95.000,18,205.082,1043.997,521.513
95.000,19,707.442,1292.045,162.940
95.000,20,406.431,1345.944,211.183
95.000,21,382.113,697.489,555.937
95.000,22,629.700,962.088,262.736
95.000,23,361.107,138.558,480.072
95.000,24,523.136,1078.889,510.378
95.000,25,434.819,489.047,211.676
95.000,26,662.843,60.135,309.186
95.000,27,531.577,354.493,128.855
95.000,28,188.742,491.768,373.271
95.000,29,325.284,1170.584,105.394
95.000,30,315.301,732.288,365.621
95.000,31,938.245,663.764,118.114
95.000,32,278.322,306.285,233.005
95.000,33,749.101,472.879,587.926
95.000,34,843.426,1193.599,275.832
95.000,35,803.587,245.445,313.260
95.000,36,63.594,660.102,200.126
95.000,37,143.676,195.243,103.037
95.000,38,374.811,694.508,230.396
95.000,39,736.555,1209.144,227.113
95.000,40,313.211,572.986,105.203
95.000,41,856.467,182.043,569.485
95.000,42,373.415,454.514,543.919
95.000,43,175.678,1038.169,477.507
95.000,44,220.508,930.974,411.708
95.000,45,729.377,1029.810,250.628
95.000,46,756.294,722.613,110.674
95.000,47,152.233,730.775,436.703
95.000,48,699.035,471.955,382.641
95.000,49,861.038,267.882,232.889
95.000,50,661.571,1216.493,547.829
95.000,51,977.673,760.044,221.933
95.000,52,867.237,701.586,117.505
95.000,53,896.543,1124.775,488.276
95.000,54,675.479,422.300,375.427
95.000,55,222.467,813.077,488.450
95.000,56,979.541,670.012,121.816
95.000,57,497.729,96.016,512.839
95.000,58,378.722,655.550,380.756
95.000,59,193.319,1219.460,493.706
95.000,60,338.187,988.141,395.968
95.000,61,849.177,849.733,158.401
95.000,62,451.516,492.940,556.114
95.000,63,998.135,1324.661,304.319
95.000,64,705.987,985.388,543.242
95.000,65,880.542,288.175,477.547
95.000,66,289.494,103.447,160.651
95.000,67,652.184,696.975,219.732
95.000,68,94.792,579.474,586.595
95.000,69,480.266,922.982,202.035
95.000,70,36.887,382.119,479.088
95.000,71,564.166,1260.134,140.535
95.000,72,734.702,1095.144,178.042
95.000,73,705.195,93.862,522.128
95.000,74,493.895,346.623,331.553
95.000,75,414.545,936.332,588.387
95.000,76,434.405,106.405,558.098
95.000,77,26.315,96.447,204.076
95.000,78,859.126,996.462,344.104
95.000,79,144.088,694.380,453.666
95.000,80,853.396,1448.086,366.240
95.000,81,336.622,77.761,345.629
95.000,82,692.736,1357.840,144.687
95.000,83,893.212,1047.806,107.262
95.000,84,132.661,1278.688,218.562
95.000,85,571.187,1366.177,365.815
100.000,0,60.389,598.547,194.546
100.000,1,124.484,710.274,569.136
100.000,2,310.300,834.375,456.591
100.000,3,761.875,900.534,330.899
100.000,4,277.343,1210.699,232.603
100.000,5,939.904,196.438,115.975
100.000,6,731.123,224.017,508.505
100.000,7,601.591,396.391,304.682
100.000,8,594.834,991.665,305.122
100.000,9,742.446,248.274,573.387
100.000,10,396.742,945.458,319.922
100.000,11,606.705,362.077,203.749
100.000,12,46.216,893.648,424.598
100.000,13,17.833,540.927,501.034
100.000,14,699.675,582.022,127.561
100.000,15,622.556,824.109,289.250
100.000,16,84.880,901.007,482.344
100.000,17,780.236,1230.391,589.836
100.000,18,175.726,1124.909,523.495
100.000,19,621.493,1236.210,161.640
100.000,20,281.972,1353.879,209.302
100.000,21,301.691,627.980,556.414
100.000,22,512.120,904.674,267.297
100.000,23,441.801,201.703,476.392
100.000,24,573.550,1158.351,511.286
100.000,25,522.783,412.472,212.014
100.000,26,603.655,29.516,306.203
100.000,27,658.231,266.873,134.270
100.000,28,251.221,446.223,376.733
100.000,29,220.353,1227.187,111.530
100.000,30,224.224,627.090,372.833
100.000,31,974.655,731.217,122.043
100.000,32,368.483,315.339,230.838
100.000,33,741.759,554.262,587.134
100.000,34,908.194,1071.375,273.315
100.000,35,894.408,313.365,312.750
100.000,36,61.632,603.396,195.438
100.000,37,216.265,233.922,102.904
100.000,38,399.046,574.963,235.287
100.000,39,643.516,1276.461,230.296
100.000,40,231.810,581.450,104.729
100.000,41,924.212,135.699,572.050
100.000,42,415.913,540.101,540.593
100.000,43,212.291,1176.839,470.499
100.000,44,133.792,936.585,411.797
100.000,45,601.483,953.656,249.799
100.000,46,710.999,817.473,113.823
100.000,47,260.413,714.000,436.112
100.000,48,624.822,518.384,383.773
100.000,49,979.115,357.486,228.368
100.000,50,568.003,1196.967,545.839
100.000,51,893.188,814.840,228.624
100.000,52,737.795,663.201,113.669
100.000,53,962.342,998.501,495.241
100.000,54,656.569,349.199,376.502
100.000,55,95.986,815.779,487.872
100.000,56,942.784,625.550,122.553
100.000,57,432.088,78.436,513.307
100.000,58,492.025,609.129,386.121
100.000,59,244.008,1160.620,498.207
100.000,60,197.435,1018.981,396.883
100.000,61,931.233,728.129,151.331
100.000,62,404.227,427.207,556.852
100.000,63,943.099,1444.391,303.363
100.000,64,648.498,1048.400,539.345
100.000,65,887.091,200.973,475.299
100.000,66,270.230,6.329,161.724
100.000,67,755.740,602.971,221.400
100.000,68,114.279,504.541,589.266
100.000,69,443.618,981.872,200.350
100.000,70,56.205,260.149,481.069
100.000,71,520.468,1176.534,139.511
100.000,72,658.027,1058.848,175.933
100.000,73,648.267,138.996,523.587
100.000,74,576.201,411.703,329.973
100.000,75,324.767,969.463,585.000
100.000,76,332.883,39.300,563.187
100.000,77,59.321,44.107,203.062
100.000,78,951.050,1011.689,339.049
100.000,79,112.797,765.096,454.743
100.000,80,718.416,1437.712,369.109
100.000,81,294.926,216.435,352.065
100.000,82,605.170,1313.982,143.042
100.000,83,810.122,943.341,108.028
100.000,84,220.444,1235.472,224.101
100.000,85,669.061,1449.140,367.797
105.000,0,90.611,499.284,196.309
105.000,1,253.158,717.163,569.232
105.000,2,394.451,792.687,454.803
105.000,3,623.715,919.494,333.519
105.000,4,328.940,1111.480,227.550
105.000,5,940.372,155.894,117.610
105.000,6,730.478,314.135,509.761
105.000,7,599.038,263.312,305.275
105.000,8,684.320,1023.472,311.662
105.000,9,628.282,273.475,578.344
105.000,10,453.947,996.718,318.151
105.000,11,595.509,232.119,207.474
105.000,12,5.207,769.260,419.355
105.000,13,65.223,613.023,497.267
105.000,14,735.743,718.648,128.955
105.000,15,701.804,775.377,291.904
105.000,16,20.521,801.330,491.349
105.000,17,726.844,1302.262,587.120
105.000,18,161.947,1213.133,524.138
105.000,19,549.535,1157.755,159.566
105.000,20,146.200,1348.340,206.368
105.000,21,201.539,582.673,555.476
105.000,22,383.067,855.262,272.826
105.000,23,529.711,254.752,474.842
105.000,24,642.645,1226.172,513.428
105.000,25,602.163,320.640,211.763
105.000,26,564.785,117.786,303.802
105.000,27,750.027,164.161,132.834
105.000,28,313.315,386.606,380.737
105.000,29,112.876,1295.331,118.907
105.000,30,133.813,529.970,378.425
105.000,31,1006.472,807.020,126.471
105.000,32,456.287,316.798,227.240
105.000,33,741.318,638.378,584.402
105.000,34,974.000,945.733,272.069
105.000,35,985.341,371.583,309.346
105.000,36,170.877,553.712,190.357
105.000,37,276.376,285.084,103.391
105.000,38,414.176,452.932,238.815
105.000,39,541.164,1339.693,231.636
105.000,40,152.566,606.538,105.902
105.000,41,978.579,73.014,574.598
105.000,42,468.669,620.760,537.083
105.000,43,246.187,1317.093,465.987
105.000,44,42.520,940.292,411.546
105.000,45,484.234,868.817,249.278
105.000,46,703.680,920.333,115.809
105.000,47,383.023,701.799,438.203
105.000,48,559.449,573.561,383.880
105.000,49,918.893,444.226,226.967
105.000,50,478.890,1180.494,545.278
105.000,51,773.060,873.572,235.845
105.000,52,601.471,655.187,109.504
105.000,53,1004.626,858.470,503.675
105.000,54,632.682,280.137,379.067
105.000,55,45.350,819.844,485.625
105.000,56,838.883,609.048,122.267
105.000,57,363.380,58.040,513.463
105.000,58,619.262,577.882,391.336
105.000,59,281.842,1093.802,502.270
105.000,60,62.624,1063.132,400.781
105.000,61,1011.181,606.619,147.427
105.000,62,343.425,376.423,559.036
105.000,63,835.214,1365.496,301.459
105.000,64,610.856,1122.013,537.459
105.000,65,865.826,110.537,474.183
105.000,66,237.009,93.291,159.501
105.000,67,817.330,477.180,225.697
105.000,68,141.588,431.375,590.787
105.000,69,418.525,1045.509,199.340
105.000,70,100.736,141.639,481.676
105.000,71,498.374,1081.466,136.369
105.000,72,580.443,1007.632,173.797
105.000,73,594.572,187.870,525.844
105.000,74,660.203,488.931,326.087
105.000,75,229.629,998.988,578.081
105.000,76,227.901,32.457,564.041
105.000,77,84.022,170.844,200.346
105.000,78,966.487,1042.733,334.331
105.000,79,81.990,833.517,457.535
105.000,80,585.695,1424.108,370.782
105.000,81,286.353,362.531,360.786
105.000,82,538.345,1253.031,139.498
105.000,83,715.168,848.607,112.064
105.000,84,315.191,1206.486,227.909
105.000,85,764.762,1383.813,371.270
110.000,0,96.091,399.541,196.846
110.000,1,384.667,705.597,566.405
110.000,2,474.337,746.740,455.403
110.000,3,481.514,932.639,336.651
110.000,4,387.468,1006.338,220.934
110.000,5,820.072,101.699,119.032
110.000,6,726.094,404.330,514.099
110.000,7,569.691,134.624,305.371
110.000,8,773.947,1072.094,315.865
110.000,9,509.513,281.604,584.100
110.000,10,513.264,1047.035,315.263
110.000,11,611.983,99.224,213.929
110.000,12,47.221,653.018,415.576
110.000,13,97.424,690.057,493.129
110.000,14,745.334,860.983,125.179
110.000,15,775.148,702.941,294.489
110.000,16,119.878,697.584,493.863
110.000,17,657.281,1349.139,584.072
110.000,18,142.576,1305.195,524.056
110.000,19,464.394,1103.554,157.463
110.000,20,12.101,1363.416,207.349
110.000,21,120.776,508.752,554.438
110.000,22,258.684,792.733,279.813
110.000,23,616.326,313.746,473.119
110.000,24,716.715,1285.632,511.392
110.000,25,692.340,250.206,210.975
110.000,26,503.942,189.499,300.869
110.000,27,844.925,57.165,133.271
110.000,28,389.436,338.887,385.979
110.000,29,22.972,1379.280,125.725
110.000,30,37.120,431.690,387.665
110.000,31,963.329,864.566,130.727
110.000,32,544.967,328.586,225.188
110.000,33,749.410,720.935,582.512
110.000,34,981.082,819.394,272.746
110.000,35,938.686,423.495,308.407
110.000,36,296.296,498.890,185.526
110.000,37,341.714,338.237,104.242
110.000,38,435.229,336.313,241.100
110.000,39,446.285,1410.637,234.853
110.000,40,73.619,615.547,107.198
110.000,41,957.687,23.207,577.387
110.000,42,501.362,709.742,534.871
110.000,43,270.443,1457.345,460.709
110.000,44,61.857,955.925,410.625
110.000,45,366.137,787.155,250.431
110.000,46,679.690,1023.945,118.813
110.000,47,493.709,679.137,440.665
110.000,48,485.550,629.709,385.061
110.000,49,812.205,537.826,227.353
110.000,50,385.517,1176.414,543.583
110.000,51,641.440,906.447,242.859
110.000,52,461.615,634.833,104.194
110.000,53,952.795,716.316,509.887
110.000,54,608.946,204.161,379.054
110.000,55,172.300,821.027,483.305
110.000,56,732.584,584.879,124.443
110.000,57,298.678,25.008,512.726
110.000,58,743.186,570.756,395.913
110.000,59,331.670,1033.840,505.411
110.000,60,95.187,1064.911,404.781
110.000,61,933.713,487.612,140.757
110.000,62,289.465,325.903,562.338
110.000,63,775.397,1240.080,301.724
110.000,64,564.353,1189.093,532.652
110.000,65,823.472,27.574,475.418
110.000,66,188.439,179.422,157.933
110.000,67,885.015,350.682,225.437
110.000,68,156.207,351.333,591.816
110.000,69,376.697,1100.121,198.165
110.000,70,148.251,15.261,484.366
110.000,71,465.377,993.229,133.988
110.000,72,511.723,955.932,173.192
110.000,73,547.471,248.699,529.402
110.000,74,741.590,560.997,325.358
110.000,75,124.143,1010.832,575.530
110.000,76,124.677,83.341,563.737
110.000,77,101.024,296.581,195.558
110.000,78,874.476,1072.159,332.107
110.000,79,43.340,896.964,458.416
110.000,80,450.912,1412.942,374.207
110.000,81,262.292,500.330,369.999
110.000,82,453.736,1203.817,137.621
110.000,83,624.496,747.735,115.348
110.000,84,414.762,1175.172,231.569
110.000,85,861.526,1301.446,376.664
115.000,0,100.817,293.253,194.283
115.000,1,513.612,703.426,563.543
115.000,2,552.359,698.401,456.858
115.000,3,344.442,928.428,340.625
115.000,4,425.303,898.418,213.586
115.000,5,702.770,49.945,123.781
115.000,6,743.054,496.058,515.894
115.000,7,536.082,11.664,308.487
115.000,8,866.017,1106.269,320.700
115.000,9,396.714,287.135,590.503
115.000,10,565.974,1098.021,313.471
115.000,11,615.480,52.296,220.382
115.000,12,77.589,531.719,411.385
115.000,13,144.066,765.068,490.583
115.000,14,775.206,997.113,123.663
115.000,15,863.199,648.728,296.722
115.000,16,208.076,579.807,503.119
115.000,17,582.091,1395.595,582.530
115.000,18,119.628,1390.276,523.277
115.000,19,371.769,1045.198,157.034
115.000,20,149.335,1390.258,208.546
115.000,21,23.936,455.591,554.150
115.000,22,137.565,733.836,283.317
115.000,23,687.152,379.963,472.124
115.000,24,770.810,1369.775,512.427
115.000,25,791.626,190.285,211.203
115.000,26,453.695,267.596,298.542
115.000,27,937.620,68.075,135.682
115.000,28,463.591,300.523,389.341
115.000,29,94.054,1428.460,129.969
115.000,30,76.857,336.609,395.047
115.000,31,923.347,927.048,135.489
115.000,32,631.325,331.997,222.905
115.000,33,752.141,804.526,583.452
115.000,34,904.615,705.359,270.382
115.000,35,829.249,455.262,309.961
115.000,36,420.564,474.982,180.997
115.000,37,410.520,389.026,102.898
115.000,38,460.021,220.077,242.585
115.000,39,345.786,1442.893,239.918
115.000,40,20.673,620.591,107.658
115.000,41,872.042,26.748,578.870
115.000,42,556.302,779.629,531.371
115.000,43,302.647,1332.212,451.541
115.000,44,142.595,975.173,410.196
115.000,45,258.975,696.272,252.559
115.000,46,653.251,1121.017,119.902
115.000,47,608.359,652.320,442.578
115.000,48,421.675,686.241,383.964
115.000,49,697.721,629.393,225.135
115.000,50,290.009,1165.333,540.249
115.000,51,514.871,958.305,248.607
115.000,52,322.233,615.282,100.547
115.000,53,895.313,579.312,513.978
115.000,54,583.604,129.230,378.915
115.000,55,294.704,824.891,480.140
115.000,56,631.241,540.913,127.921
115.000,57,232.206,3.675,513.443
115.000,58,868.486,543.505,398.721
115.000,59,392.342,980.864,508.827
115.000,60,237.437,1069.564,407.445
115.000,61,842.265,381.761,136.429
115.000,62,238.007,267.277,564.208
115.000,63,715.145,1104.757,301.782
115.000,64,514.245,1257.840,529.386
115.000,65,785.581,61.437,475.569
115.000,66,142.623,264.342,158.444
115.000,67,959.106,242.077,226.248
115.000,68,186.287,281.696,592.934
115.000,69,343.896,1162.636,196.530
115.000,70,179.525,115.348,488.007
115.000,71,447.408,899.822,128.822
115.000,72,443.869,910.523,173.327
115.000,73,494.995,300.729,533.194
115.000,74,825.514,618.509,323.854
115.000,75,27.247,1016.206,573.262
115.000,76,12.196,121.079,564.572
115.000,77,127.149,421.276,190.156
115.000,78,788.525,1126.169,327.713
115.000,79,26.359,972.835,458.268
115.000,80,322.769,1393.587,377.347
115.000,81,280.559,637.514,377.678
115.000,82,383.193,1151.065,134.957
115.000,83,535.505,644.961,124.077
115.000,84,510.605,1141.120,235.237
115.000,85,980.776,1253.584,382.369
120.000,0,126.276,193.164,194.684
120.000,1,640.993,692.040,559.175
120.000,2,633.296,667.032,458.063
120.000,3,210.310,913.881,346.802
120.000,4,456.485,788.358,207.791
120.000,5,583.193,2.883,124.459
120.000,6,744.087,589.411,516.168
120.000,7,494.983,138.570,308.370
120.000,8,962.539,1122.777,322.223
120.000,9,287.962,305.806,597.192
120.000,10,619.401,1153.273,310.998
120.000,11,599.438,178.996,226.849
120.000,12,119.018,404.650,405.950
120.000,13,185.489,848.543,485.907
120.000,14,786.647,1142.183,126.236
120.000,15,943.136,592.525,299.518
120.000,16,327.355,497.776,510.365
120.000,17,519.954,1455.841,580.318
120.000,18,75.438,1450.508,524.400
120.000,19,298.812,976.919,155.038
120.000,20,284.885,1410.740,209.473
120.000,21,76.173,401.984,551.794
120.000,22,9.887,696.243,288.356
120.000,23,766.641,429.471,470.974
120.000,24,846.093,1440.115,509.810
120.000,25,890.470,140.641,209.201
120.000,26,397.390,343.302,294.940
120.000,27,971.173,169.811,137.802
120.000,28,534.668,260.911,391.622
120.000,29,207.040,1427.786,136.650
120.000,30,154.045,231.785,400.684
120.000,31,874.461,985.986,139.659
120.000,32,716.067,341.015,220.118
120.000,33,760.607,893.845,582.514
120.000,34,828.971,589.790,269.440
120.000,35,723.318,484.548,309.447
120.000,36,550.102,455.886,176.108
120.000,37,469.441,441.691,103.394
120.000,38,480.058,103.720,245.053
120.000,39,247.821,1379.048,246.257
120.000,40,101.208,610.992,107.207
120.000,41,801.617,84.271,579.087
120.000,42,611.449,856.026,527.476
120.000,43,333.249,1198.643,443.194
120.000,44,233.141,988.514,409.223
120.000,45,149.981,604.511,255.772
120.000,46,615.116,1210.944,121.363
120.000,47,710.355,602.096,442.753
120.000,48,353.329,743.890,384.427
120.000,49,584.325,722.193,220.353
120.000,50,199.589,1162.276,538.633
120.000,51,392.583,1014.315,256.954
120.000,52,198.373,574.304,104.867
120.000,53,845.949,442.312,518.600
120.000,54,546.672,62.895,379.415
120.000,55,416.822,817.566,480.122
120.000,56,532.993,509.337,129.959
120.000,57,168.378,34.700,513.797
120.000,58,983.027,490.308,406.931
120.000,59,427.439,917.073,512.251
120.000,60,376.461,1103.738,410.659
120.000,61,750.224,272.466,130.308
120.000,62,189.091,211.153,564.337
120.000,63,609.252,992.253,296.711
120.000,64,481.625,1335.118,525.920
120.000,65,761.745,150.876,475.886
120.000,66,110.419,347.808,155.922
120.000,67,981.677,126.056,226.365
120.000,68,203.821,208.760,593.560
120.000,69,316.995,1230.671,196.035
120.000,70,203.628,246.463,488.989
120.000,71,419.754,808.146,124.694
120.000,72,378.810,861.726,172.207
120.000,73,438.232,351.659,538.383
120.000,74,910.920,684.083,323.170
120.000,75,87.951,1036.262,569.139
120.000,76,99.918,177.480,567.027
120.000,77,136.723,554.415,185.645
120.000,78,695.228,1152.623,324.514
120.000,79,3.648,1048.514,461.030
120.000,80,191.487,1369.260,382.401
120.000,81,270.432,787.392,385.106
120.000,82,289.146,1133.376,132.069
120.000,83,440.425,539.125,126.836
120.000,84,592.039,1079.790,238.925
120.000,85,911.280,1194.792,385.375
125.000,0,156.420,95.809,194.252
125.000,1,771.281,704.110,558.527
125.000,2,711.854,624.484,460.301
125.000,3,74.358,925.868,347.220
125.000,4,491.028,678.906,199.319
125.000,5,457.736,56.562,127.363
125.000,6,761.621,675.612,516.426
125.000,7,472.547,263.811,308.871
125.000,8,963.775,1152.698,326.956
125.000,9,172.291,306.247,592.977
125.000,10,673.856,1208.611,306.903
125.000,11,591.126,313.199,232.419
125.000,12,145.217,278.320,400.825
125.000,13,232.481,921.795,482.504
125.000,14,808.192,1280.826,124.296
125.000,15,1001.259,528.743,302.001
125.000,16,430.145,398.939,518.904
125.000,17,444.454,1406.212,576.159
125.000,18,55.736,1362.233,525.548
125.000,19,217.922,913.704,152.011
125.000,20,424.623,1426.153,211.498
125.000,21,158.164,340.782,549.963
125.000,22,131.103,644.275,292.794
125.000,23,850.531,475.815,469.427
125.000,24,901.070,1390.707,510.384
125.000,25,975.646,62.904,208.247
125.000,26,347.354,427.173,291.474
125.000,27,861.157,247.974,139.291
125.000,28,603.021,221.339,394.733
125.000,29,309.146,1358.765,142.123
125.000,30,229.065,124.498,407.448
125.000,31,827.678,1042.927,144.124
125.000,32,798.773,335.738,217.122
125.000,33,780.960,971.419,580.260
125.000,34,746.284,469.550,270.767
125.000,35,619.493,526.986,307.033
125.000,36,668.401,410.724,170.994
125.000,37,541.551,473.213,103.537
125.000,38,533.450,17.588,245.328
125.000,39,153.666,1310.453,247.496
125.000,40,185.371,609.658,107.070
125.000,41,729.987,137.812,582.090
125.000,42,673.177,939.683,524.011
125.000,43,387.314,1071.700,438.100
125.000,44,318.252,1004.745,407.455
125.000,45,23.730,528.860,258.740
125.000,46,595.506,1308.033,123.733
125.000,47,828.031,574.318,444.976
125.000,48,277.757,799.628,385.578
125.000,49,488.813,840.033,218.885
125.000,50,100.302,1174.013,537.724
125.000,51,266.540,1062.389,262.349
125.000,52,67.689,552.116,108.131
125.000,53,797.405,298.638,522.039
125.000,54,524.188,17.382,379.265
125.000,55,540.738,819.663,479.652
125.000,56,422.859,494.647,133.959
125.000,57,97.655,58.897,513.347
125.000,58,914.903,460.687,413.548
125.000,59,474.795,845.033,516.783
125.000,60,514.840,1102.489,415.162
125.000,61,688.819,143.074,121.939
125.000,62,154.624,146.025,565.880
125.000,63,542.238,851.515,293.961
125.000,64,438.584,1405.597,522.913
125.000,65,741.319,231.170,475.420
125.000,66,93.013,440.847,155.128
125.000,67,880.739,44.666,227.518
125.000,68,222.212,137.694,593.251
125.000,69,285.926,1299.485,194.391
125.000,70,216.135,375.092,489.322
125.000,71,388.719,715.595,121.731
125.000,72,296.890,822.662,170.544
125.000,73,379.672,398.430,542.140
125.000,74,1002.286,729.302,324.002
125.000,75,183.098,1059.529,567.769
125.000,76,209.421,238.801,567.121
125.000,77,124.365,683.789,180.793
125.000,78,597.609,1176.937,321.748
125.000,79,18.866,1125.636,462.895
125.000,80,63.346,1354.750,382.939
125.000,81,265.015,927.469,391.926
125.000,82,197.258,1103.233,129.521
125.000,83,360.026,429.327,127.493
125.000,84,692.346,1045.519,244.715
125.000,85,794.556,1133.452,384.243
130.000,0,157.043,16.205,191.790
130.000,1,899.150,705.631,552.894
130.000,2,786.776,575.863,460.855
130.000,3,68.097,925.878,348.132
130.000,4,546.778,584.220,192.078
130.000,5,325.270,93.395,130.315
130.000,6,767.439,768.145,516.733
130.000,7,443.554,395.642,308.881
130.000,8,863.680,1173.770,331.432
130.000,9,62.295,302.104,590.069
130.000,10,714.314,1271.050,305.297
130.000,11,619.430,448.658,236.206
130.000,12,176.452,152.059,396.363
130.000,13,282.182,990.078,477.901
130.000,14,833.539,1425.341,124.082
130.000,15,929.402,451.394,303.957
130.000,16,539.594,299.286,527.657
130.000,17,368.773,1365.624,573.988
130.000,18,31.721,1282.082,526.301
130.000,19,132.560,856.208,151.771
130.000,20,561.743,1436.632,209.672
130.000,21,244.140,276.048,550.085
130.000,22,259.782,596.135,300.365
130.000,23,922.365,542.502,469.237
130.000,24,970.519,1322.605,509.722
130.000,25,938.522,6.070,206.365
130.000,26,309.340,515.896,288.988
130.000,27,766.673,355.126,137.940
130.000,28,663.321,168.712,396.868
130.000,29,414.996,1294.515,149.644
130.000,30,318.350,25.192,415.788
130.000,31,783.909,1096.868,147.203
130.000,32,882.897,339.877,214.562
130.000,33,780.859,1056.247,579.499
130.000,34,689.330,342.606,266.719
130.000,35,518.267,580.107,304.456
130.000,36,783.599,376.248,167.975
130.000,37,618.595,505.951,103.026
130.000,38,547.848,141.084,246.171
130.000,39,69.240,1230.223,251.650
130.000,40,275.076,600.553,108.183
130.000,41,667.156,192.678,584.073
130.000,42,740.180,1016.267,523.583
130.000,43,431.268,934.893,430.551
130.000,44,403.660,1003.718,405.763
130.000,45,98.756,442.309,262.920
130.000,46,574.712,1411.303,128.256
130.000,47,939.084,538.757,445.893
130.000,48,205.388,854.567,386.874
130.000,49,381.904,937.130,216.341
130.000,50,10.453,1171.499,537.788
130.000,51,136.789,1102.295,265.738
130.000,52,91.416,546.220,112.152
130.000,53,746.222,167.211,523.691
130.000,54,499.450,93.838,377.732
130.000,55,658.372,835.624,482.520
130.000,56,316.701,474.968,135.877
130.000,57,35.129,94.650,513.101
130.000,58,798.750,429.154,421.381
130.000,59,513.148,781.758,519.788
130.000,60,645.975,1142.689,418.279
130.000,61,611.926,27.612,115.001
130.000,62,97.573,87.811,566.895
130.000,63,447.275,744.359,290.956
130.000,64,386.936,1432.087,518.977
130.000,65,707.401,307.757,474.132
130.000,66,74.449,540.724,154.035
130.000,67,792.272,81.926,226.269
130.000,68,242.864,69.270,592.655
130.000,69,256.782,1365.551,193.493
130.000,70,246.802,494.394,488.877
130.000,71,381.330,614.950,117.873
130.000,72,224.459,787.587,169.958
130.000,73,337.978,454.692,546.006
130.000,74,911.780,769.569,323.818
130.000,75,291.989,1057.774,564.382
130.000,76,316.948,290.960,570.585
130.000,77,153.837,812.352,173.046
130.000,78,501.374,1206.280,316.219
130.000,79,42.997,1204.098,463.701
130.000,80,85.955,1368.214,383.619
130.000,81,255.982,1065.587,398.631
130.000,82,111.754,1064.075,125.088
130.000,83,274.329,322.789,130.987
130.000,84,788.205,1016.091,246.824
130.000,85,697.347,1049.975,388.443
135.000,0,167.459,113.313,192.024
135.000,1,976.301,719.228,549.127
135.000,2,860.878,528.901,460.272
135.000,3,205.738,944.117,348.046
135.000,4,596.189,484.420,188.761
135.000,5,196.778,124.100,135.655
135.000,6,766.934,867.067,518.713
135.000,7,429.850,529.645,309.993
135.000,8,772.944,1212.718,336.364
135.000,9,58.615,327.781,587.335
135.000,10,770.976,1312.747,304.944
135.000,11,638.730,586.662,240.718
135.000,12,200.226,25.519,392.802
135.000,13,327.137,1063.487,473.609
135.000,14,844.815,1339.421,122.523
135.000,15,842.104,385.410,307.623
135.000,16,637.684,199.631,534.160
135.000,17,295.890,1315.094,569.732
135.000,18,13.274,1203.554,525.419
135.000,19,42.983,816.378,148.509
135.000,20,693.592,1445.872,207.531
135.000,21,325.755,206.280,547.320
135.000,22,379.973,555.702,303.720
135.000,23,986.900,605.193,469.907
135.000,24,998.912,1249.267,508.187
135.000,25,842.336,61.817,205.248
135.000,26,262.321,588.719,287.650
135.000,27,689.951,477.791,136.178
135.000,28,737.718,130.610,401.027
135.000,29,513.718,1208.401,156.226
135.000,30,409.134,90.377,420.676
135.000,31,736.415,1150.796,150.433
135.000,32,970.718,361.508,212.924
135.000,33,797.973,1138.375,577.236
135.000,34,607.132,231.301,264.396
135.000,35,418.874,626.158,303.749
135.000,36,895.406,336.361,160.172
135.000,37,687.251,551.397,103.292
135.000,38,555.483,264.305,248.306
135.000,39,45.675,1160.738,256.845
135.000,40,360.306,625.688,110.735
135.000,41,589.937,227.798,585.083
135.000,42,789.946,1103.520,521.784
135.000,43,473.308,805.185,421.361
135.000,44,494.717,1017.399,404.637
135.000,45,218.042,363.249,262.052
135.000,46,560.556,1393.138,130.299
135.000,47,962.138,498.475,444.611
135.000,48,136.468,903.522,388.977
135.000,49,281.749,1046.534,211.808
135.000,50,82.817,1149.221,535.554
135.000,51,8.710,1149.093,272.389
135.000,52,223.247,508.493,115.501
135.000,53,701.408,33.174,526.298
135.000,54,477.820,159.513,378.760
135.000,55,779.751,833.304,478.577
135.000,56,222.906,426.483,139.299
135.000,57,33.459,121.329,512.354
135.000,58,682.874,389.853,426.035
135.000,59,568.028,724.353,522.252
135.000,60,789.081,1168.694,421.037
135.000,61,538.633,101.634,106.234
135.000,62,61.414,15.593,569.339
135.000,63,350.396,631.799,290.809
135.000,64,348.383,1355.767,516.207
135.000,65,659.238,393.349,474.933
135.000,66,53.088,637.901,154.471
135.000,67,704.854,185.411,223.896
135.000,68,258.665,22.798,592.854
135.000,69,212.883,1428.104,190.445
135.000,70,279.444,619.057,490.672
135.000,71,350.559,518.764,113.439
135.000,72,149.334,749.050,168.299
135.000,73,277.020,507.565,549.262
135.000,74,825.377,828.971,321.694
135.000,75,394.094,1066.950,560.305
135.000,76,430.533,346.689,570.440
135.000,77,191.488,939.421,170.835
135.000,78,406.345,1227.293,312.931
135.000,79,63.292,1275.520,464.839
135.000,80,215.341,1343.178,383.358
135.000,81,204.728,1202.707,404.434
135.000,82,23.738,1033.061,122.958
135.000,83,186.268,223.035,138.708
135.000,84,888.855,975.102,249.345
135.000,85,589.648,982.864,390.617
140.000,0,161.156,209.419,190.130
140.000,1,854.260,749.020,544.918
140.000,2,938.461,493.927,461.317
140.000,3,339.622,968.738,347.745
140.000,4,641.255,379.590,183.486
140.000,5,75.040,182.825,135.977
140.000,6,770.246,957.160,519.094
140.000,7,394.802,653.354,310.583
140.000,8,671.563,1227.562,339.364
140.000,9,165.696,348.397,581.670
140.000,10,805.551,1375.550,302.807
140.000,11,644.646,719.781,249.154
140.000,12,229.767,125.055,387.150
140.000,13,364.834,1144.599,471.028
140.000,14,885.507,1198.117,121.841
140.000,15,758.802,335.547,310.242
140.000,16,728.856,88.193,539.323
140.000,17,228.941,1269.811,567.367
140.000,18,32.548,1124.476,525.815
140.000,19,49.039,740.610,147.058
140.000,20,835.090,1432.667,207.139
140.000,21,402.077,130.501,547.089
140.000,22,505.727,500.271,305.165
140.000,23,955.319,662.617,470.613
140.000,24,936.581,1168.139,504.857
140.000,25,752.026,137.934,206.287
140.000,26,221.387,675.287,283.995
140.000,27,597.769,591.854,138.171
140.000,28,805.458,93.040,404.956
140.000,29,621.319,1140.955,160.798
140.000,30,508.041,181.477,428.334
140.000,31,695.826,1213.204,153.418
140.000,32,958.304,376.863,210.930
140.000,33,826.243,1217.490,575.697
140.000,34,536.530,116.504,262.812
140.000,35,315.102,667.520,301.141
140.000,36,991.376,289.897,152.151
140.000,37,751.305,596.307,102.999
140.000,38,561.252,384.509,251.492
140.000,39,147.199,1096.491,261.726
140.000,40,445.070,644.453,112.523
140.000,41,515.511,264.690,586.337
140.000,42,839.636,1189.236,519.804
140.000,43,512.360,667.767,412.112
140.000,44,585.477,1018.357,405.537
140.000,45,326.745,268.322,259.705
140.000,46,564.600,1293.459,132.245
140.000,47,856.443,467.871,447.403
140.000,48,53.556,950.811,391.443
140.000,49,177.618,1147.638,207.385
140.000,50,168.753,1131.049,533.210
140.000,51,138.524,1172.518,277.217
140.000,52,363.622,498.793,119.823
140.000,53,652.567,109.478,533.358
140.000,54,461.868,223.076,379.896
140.000,55,900.062,841.005,478.039
140.000,56,110.904,402.082,140.966
140.000,57,105.583,152.461,512.325
140.000,58,556.853,358.340,432.247
140.000,59,624.231,657.958,526.064
140.000,60,938.430,1189.064,427.157
140.000,61,473.934,225.995,100.636
140.000,62,23.840,59.286,571.421
140.000,63,259.421,513.353,291.849
140.000,64,309.243,1278.237,515.304
140.000,65,622.560,478.348,476.046
140.000,66,17.499,725.764,152.301
140.000,67,609.353,286.993,225.686
140.000,68,288.938,97.511,594.023
140.000,69,169.788,1415.111,187.539
140.000,70,311.222,738.221,494.363
140.000,71,321.640,423.120,110.655
140.000,72,81.368,700.337,168.196
140.000,73,219.955,548.074,551.531
140.000,74,742.743,892.742,320.970
140.000,75,488.899,1084.102,555.629
140.000,76,538.109,400.355,570.784
140.000,77,246.770,1062.582,166.936
140.000,78,301.806,1233.306,310.677
140.000,79,88.792,1340.815,464.962
140.000,80,351.687,1342.173,387.427
140.000,81,213.529,1344.663,410.857
140.000,82,79.821,1001.678,118.804
140.000,83,121.162,109.949,142.871
140.000,84,988.730,943.284,255.044
140.000,85,493.204,885.827,394.626
145.000,0,180.363,306.426,188.784
145.000,1,727.906,778.602,540.340
145.000,2,993.653,439.067,461.313
145.000,3,480.130,991.977,348.417
145.000,4,665.344,260.532,179.910
145.000,5,64.617,248.238,137.256
145.000,6,757.157,1056.260,524.359
145.000,7,389.314,781.728,310.222
145.000,8,580.567,1275.241,343.496
145.000,9,278.276,349.602,578.438
145.000,10,853.929,1431.262,301.037
145.000,11,683.161,858.820,253.563
145.000,12,248.345,243.823,383.990
145.000,13,402.303,1227.276,466.371
145.000,14,902.158,1054.004,118.117
145.000,15,686.839,253.153,311.175
145.000,16,842.592,17.804,547.224
145.000,17,164.715,1214.061,565.490
145.000,18,59.741,1036.374,526.388
145.000,19,138.917,687.618,145.560
145.000,20,974.626,1450.107,205.999
145.000,21,476.740,60.817,546.679
145.000,22,624.608,434.230,307.528
145.000,23,868.915,706.859,471.337
145.000,24,882.474,1080.756,503.832
145.000,25,654.197,201.936,205.536
145.000,26,188.052,765.285,281.601
145.000,27,502.312,697.877,139.225
145.000,28,880.393,56.188,408.064
145.000,29,732.622,1082.129,164.396
145.000,30,616.669,252.402,433.304
145.000,31,662.736,1280.536,155.768
145.000,32,872.531,389.978,207.090
145.000,33,837.265,1296.214,574.527
145.000,34,424.893,34.572,260.615
145.000,35,218.692,715.978,296.591
145.000,36,882.598,217.581,146.798
145.000,37,824.177,616.489,101.566
145.000,38,608.837,491.043,249.923
145.000,39,248.317,1035.536,267.431
145.000,40,523.841,672.742,113.851
145.000,41,454.084,325.100,588.635
145.000,42,890.660,1274.291,517.168
145.000,43,534.147,527.615,405.808
145.000,44,669.474,1050.031,405.926
145.000,45,453.318,203.295,260.295
145.000,46,525.154,1198.515,133.897
145.000,47,743.721,453.004,448.009
145.000,48,19.855,1003.348,392.162
145.000,49,87.350,1260.074,204.113
145.000,50,258.572,1117.112,533.134
145.000,51,268.892,1212.910,280.155
145.000,52,498.525,474.006,125.060
145.000,53,588.250,239.721,537.095
145.000,54,440.942,297.830,380.108
145.000,55,974.118,852.394,472.570
145.000,56,8.816,381.920,144.191
145.000,57,180.783,175.833,512.244
145.000,58,431.673,322.232,435.255
145.000,59,678.885,597.381,529.512
145.000,60,943.704,1222.297,430.576
145.000,61,417.190,360.300,107.784
145.000,62,22.377,125.834,574.443
145.000,63,202.507,381.522,292.462
145.000,64,268.101,1197.679,514.379
145.000,65,596.372,566.001,477.335
145.000,66,26.573,810.959,152.280
145.000,67,528.688,393.610,224.267
145.000,68,322.778,167.594,596.249
145.000,69,140.448,1347.721,186.297
145.000,70,351.272,859.785,495.144
145.000,71,287.386,330.911,107.134
145.000,72,19.656,646.435,167.483
145.000,73,166.612,602.107,554.332
145.000,74,651.518,951.588,320.560
145.000,75,581.882,1100.418,551.663
145.000,76,652.298,428.911,573.639
145.000,77,274.615,1188.225,164.402
145.000,78,211.387,1243.928,307.537
145.000,79,122.198,1403.320,467.427
145.000,80,479.548,1337.150,391.598
145.000,81,197.044,1399.946,419.443
145.000,82,150.641,939.434,117.033
145.000,83,37.458,7.740,147.182
145.000,84,933.397,890.347,260.057
145.000,85,380.598,824.298,397.975
150.000,0,203.135,412.078,187.693
150.000,1,602.302,772.433,535.475
150.000,2,911.482,399.846,462.320
150.000,3,620.483,1018.822,352.026
150.000,4,686.576,149.979,173.560
150.000,5,193.070,295.267,138.541
150.000,6,755.034,1145.423,525.553
150.000,7,396.524,909.164,311.047
150.000,8,489.342,1316.916,348.476
150.000,9,392.740,362.558,572.291
150.000,10,900.141,1424.204,299.557
150.000,11,689.366,992.989,258.983
150.000,12,267.932,370.936,377.032
150.000,13,441.198,1299.746,461.570
150.000,14,935.881,911.164,118.033
150.000,15,619.607,178.756,315.193
150.000,16,946.280,118.508,555.617
150.000,17,96.961,1158.102,562.066
150.000,18,74.670,950.740,527.571
150.000,19,217.137,627.940,146.960
150.000,20,895.236,1437.044,203.846
150.000,21,557.121,5.860,544.591
150.000,22,747.942,396.883,310.746
150.000,23,793.889,771.452,472.241
150.000,24,820.304,1010.716,501.851
150.000,25,570.639,276.844,204.263
150.000,26,137.622,841.311,278.721
150.000,27,393.842,781.600,139.977
150.000,28,958.459,15.882,411.341
150.000,29,842.074,1024.872,170.694
150.000,30,697.273,358.401,439.738
150.000,31,626.789,1346.695,159.626
150.000,32,785.913,385.371,205.057
150.000,33,841.510,1382.301,570.792
150.000,34,323.470,70.514,261.269
150.000,35,113.816,744.741,296.379
150.000,36,759.018,181.350,143.397
150.000,37,888.006,666.947,102.210
150.000,38,650.823,612.411,251.214
150.000,39,335.164,961.434,270.489
150.000,40,605.172,682.057,115.228
150.000,41,384.073,379.000,589.254
150.000,42,927.016,1360.570,513.717
150.000,43,567.538,390.879,396.263
150.000,44,752.111,1068.450,404.531
150.000,45,566.442,124.510,258.586
150.000,46,497.987,1099.448,133.910
150.000,47,642.686,411.199,448.554
150.000,48,100.301,1051.010,392.128
150.000,49,17.623,1380.754,202.514
150.000,50,347.354,1095.172,532.358
150.000,51,386.465,1274.227,286.737
150.000,52,626.545,449.474,132.109
150.000,53,533.476,372.736,541.377
150.000,54,411.903,378.666,377.865
150.000,55,853.487,834.288,473.551
150.000,56,112.664,350.180,146.840
150.000,57,253.648,201.360,513.471
150.000,58,305.697,296.594,442.087
150.000,59,732.276,534.616,532.814
150.000,60,809.969,1248.640,433.203
150.000,61,338.652,479.661,114.911
150.000,62,82.099,177.448,575.712
150.000,63,115.512,264.132,294.383
150.000,64,239.754,1122.725,511.309
150.000,65,592.884,655.306,478.051
150.000,66,49.922,898.390,153.005
150.000,67,454.288,508.817,221.280
150.000,68,360.188,242.076,597.443
150.000,69,97.845,1282.183,185.985
150.000,70,365.880,987.350,494.413
150.000,71,264.302,240.862,105.142
150.000,72,60.028,599.320,165.925
150.000,73,106.808,651.039,557.134
150.000,74,558.804,997.505,320.047
150.000,75,683.176,1122.451,551.103
150.000,76,753.920,480.314,575.674
150.000,77,300.958,1315.009,161.681
150.000,78,122.778,1282.259,303.503
150.000,79,170.188,1449.956,470.625
150.000,80,611.634,1335.937,395.913
150.000,81,200.880,1254.911,429.147
150.000,82,230.915,885.881,114.433
150.000,83,67.447,96.288,153.506
150.000,84,836.882,858.605,265.639
150.000,85,266.007,755.804,400.254
155.000,0,221.848,514.357,187.268
155.000,1,477.583,800.277,532.673
155.000,2,833.579,348.188,464.244
155.000,3,763.148,1020.010,356.732
155.000,4,745.376,43.733,169.375
155.000,5,314.107,342.852,139.073
155.000,6,748.300,1242.313,528.507
155.000,7,383.384,1040.153,310.734
155.000,8,398.020,1362.895,353.460
155.000,9,500.224,342.301,568.293
155.000,10,939.430,1358.036,299.865
155.000,11,687.108,1121.113,264.797
155.000,12,288.655,503.257,368.056
155.000,13,492.017,1364.560,459.551
155.000,14,945.252,769.736,115.861
155.000,15,549.064,104.994,318.395
155.000,16,971.527,227.081,562.987
155.000,17,22.654,1103.972,559.353
155.000,18,87.689,860.453,530.057
155.000,19,295.795,571.712,145.620
155.000,20,766.012,1402.131,205.329
155.000,21,650.418,48.484,545.269
155.000,22,867.948,341.070,315.025
155.000,23,716.240,836.644,472.516
155.000,24,752.329,949.910,498.628
155.000,25,476.283,339.182,204.098
155.000,26,96.656,931.077,275.059
155.000,27,285.004,872.881,143.802
155.000,28,979.241,31.540,415.862
155.000,29,939.553,962.495,175.349
155.000,30,783.229,460.887,446.995
155.000,31,588.822,1407.372,162.014
155.000,32,695.002,377.603,202.288
155.000,33,845.383,1437.810,570.798
155.000,34,245.664,190.952,259.703
155.000,35,19.713,794.364,295.570
155.000,36,644.878,122.082,140.678
155.000,37,947.763,711.866,100.864
155.000,38,674.748,729.291,254.027
155.000,39,419.311,886.484,274.155
155.000,40,681.857,692.388,116.449
155.000,41,323.022,429.156,591.546
155.000,42,991.530,1441.914,512.070
155.000,43,582.671,247.448,388.866
155.000,44,837.685,1083.432,403.019
155.000,45,688.910,50.282,261.438
155.000,46,465.512,998.244,133.514
155.000,47,534.297,383.522,447.927
155.000,48,180.991,1082.892,393.514
155.000,49,124.207,1417.446,198.800
155.000,50,438.314,1083.892,530.325
155.000,51,520.333,1302.101,295.861
155.000,52,763.559,443.257,138.744
155.000,53,466.089,496.225,545.218
155.000,54,408.157,457.215,377.484
155.000,55,728.279,834.372,474.876
155.000,56,213.486,324.845,148.151
155.000,57,321.646,225.975,513.789
155.000,58,184.630,273.994,447.896
155.000,59,775.849,466.655,535.260
155.000,60,687.978,1313.994,438.587
155.000,61,257.896,605.322,123.216
155.000,62,136.597,231.368,576.989
155.000,63,41.270,142.646,293.432
155.000,64,200.700,1043.123,507.487
155.000,65,553.968,743.097,477.625
155.000,66,75.551,993.363,152.270
155.000,67,376.593,619.508,220.063
155.000,68,384.202,317.061,598.486
155.000,69,68.776,1218.946,184.115
155.000,70,374.389,1122.670,491.527
155.000,71,248.319,147.345,102.306
155.000,72,129.594,558.900,165.163
155.000,73,49.235,699.685,559.064
155.000,74,483.665,1067.384,319.267
155.000,75,778.363,1149.856,549.997
155.000,76,852.184,547.840,577.519
155.000,77,340.646,1435.529,156.069
155.000,78,25.604,1288.754,300.260
155.000,79,205.465,1382.679,471.497
155.000,80,744.393,1304.309,397.887
155.000,81,193.176,1112.213,434.289
155.000,82,321.927,830.821,113.985
155.000,83,158.203,195.669,160.276
155.000,84,748.475,822.831,267.234
155.000,85,163.237,684.695,400.440
160.000,0,237.199,613.168,185.787
160.000,1,349.901,780.905,530.085
160.000,2,737.339,320.307,465.143
160.000,3,907.132,1036.483,359.078
160.000,4,778.016,65.977,160.929
160.000,5,443.756,373.844,143.050
160.000,6,745.750,1337.983,530.115
160.000,7,336.888,1157.652,309.764
160.000,8,310.366,1405.851,356.109
160.000,9,617.441,335.865,562.366
160.000,10,999.690,1305.465,299.239
160.000,11,689.791,1261.787,271.681
160.000,12,310.563,630.333,364.443
160.000,13,535.067,1441.664,457.205
160.000,14,968.363,627.635,113.295
160.000,15,475.052,43.673,318.515
160.000,16,872.488,332.082,569.704
160.000,17,46.578,1049.327,556.502
160.000,18,106.981,768.915,532.670
160.000,19,369.559,499.200,142.554
160.000,20,635.027,1363.361,204.247
160.000,21,746.133,100.941,544.628
160.000,22,989.567,281.913,318.703
160.000,23,649.958,909.799,470.722
160.000,24,672.104,892.529,499.346
160.000,25,398.740,421.296,203.330
160.000,26,55.947,1018.700,274.072
160.000,27,179.449,968.787,146.365
160.000,28,899.931,71.333,417.884
160.000,29,970.759,901.499,180.507
160.000,30,871.676,562.729,455.828
160.000,31,541.678,1433.538,164.807
160.000,32,603.862,378.481,201.228
160.000,33,868.520,1358.112,570.216
160.000,34,151.376,297.858,257.245
160.000,35,91.268,845.190,294.418
160.000,36,534.048,63.813,136.119
160.000,37,1001.917,751.464,101.245
160.000,38,720.503,842.865,254.795
160.000,39,521.610,838.187,275.776
160.000,40,760.135,693.728,117.631
160.000,41,250.616,472.129,593.725
160.000,42,987.098,1374.801,509.263
160.000,43,623.683,115.410,383.203
160.000,44,929.308,1089.149,400.183
160.000,45,805.014,46.646,263.837
160.000,46,448.557,897.266,135.734
160.000,47,423.274,336.865,447.344
160.000,48,251.443,1128.577,393.540
160.000,49,248.594,1337.383,193.537
160.000,50,537.016,1082.055,529.115
160.000,51,650.776,1347.610,301.781
160.000,52,899.040,420.296,141.737
160.000,53,408.225,633.907,548.408
160.000,54,383.302,532.422,378.533
160.000,55,605.108,816.292,474.367
160.000,56,319.362,298.409,151.275
160.000,57,389.016,256.277,512.814
160.000,58,65.727,231.714,453.392
160.000,59,822.297,398.329,542.324
160.000,60,545.880,1343.171,441.927
160.000,61,181.575,726.128,130.132
160.000,62,179.294,291.533,577.337
160.000,63,45.498,22.434,293.378
160.000,64,158.691,975.217,504.825
160.000,65,517.548,831.793,477.289
160.000,66,87.854,1087.568,150.883
160.000,67,293.567,723.947,222.627
160.000,68,410.693,386.863,598.285
160.000,69,33.605,1149.315,184.909
160.000,70,381.850,1252.640,491.489
160.000,71,205.470,69.526,101.128
160.000,72,192.264,504.545,163.219
160.000,73,29.669,734.439,562.405
160.000,74,393.442,1121.267,316.964
160.000,75,869.681,1174.057,548.535
160.000,76,964.966,590.213,577.729
160.000,77,352.007,1331.787,150.049
160.000,78,80.737,1312.852,295.587
160.000,79,226.354,1304.444,474.071
160.000,80,875.407,1264.458,400.255
160.000,81,210.401,968.509,441.141
160.000,82,406.867,783.701,111.095
160.000,83,265.086,282.183,165.141
160.000,84,651.461,790.192,269.628
160.000,85,56.326,605.986,404.737
165.000,0,253.971,718.012,183.862
165.000,1,221.064,780.178,524.706
165.000,2,660.466,277.915,466.608
165.000,3,960.317,1040.146,363.545
165.000,4,827.380,171.890,153.797
165.000,5,563.568,444.786,144.964
165.000,6,742.936,1431.669,532.797
165.000,7,317.796,1283.752,311.485
165.000,8,214.190,1433.253,359.813
165.000,9,726.229,321.910,557.268
165.000,10,965.534,1243.384,298.544
165.000,11,678.709,1398.393,276.231
165.000,12,358.216,747.397,361.717
165.000,13,591.663,1402.381,454.438
165.000,14,966.459,490.290,116.322
165.000,15,380.311,6.662,321.021
165.000,16,775.581,431.913,578.720
165.000,17,119.606,1001.009,554.549
165.000,18,130.156,681.392,533.924
165.000,19,442.304,424.090,141.026
165.000,20,497.657,1365.015,201.692
165.000,21,833.429,167.327,540.744
165.000,22,888.674,233.438,322.368
165.000,23,582.158,976.141,470.093
165.000,24,621.162,810.564,497.577
165.000,25,304.121,481.549,201.905
165.000,26,10.830,1097.616,272.863
165.000,27,64.287,1051.025,148.279
165.000,28,826.021,115.071,422.775
165.000,29,878.206,813.317,185.588
165.000,30,963.303,663.604,458.441
165.000,31,494.531,1378.973,167.817
165.000,32,518.552,380.068,200.921
165.000,33,870.803,1269.890,569.305
165.000,34,63.750,399.681,256.434
165.000,35,187.540,885.992,294.091
165.000,36,424.544,4.397,131.309
165.000,37,938.468,798.141,101.119
165.000,38,746.120,963.857,258.421
165.000,39,631.121,783.175,278.686
165.000,40,839.298,699.795,118.560
165.000,41,177.263,518.783,593.592
165.000,42,938.189,1289.871,504.835
165.000,43,664.592,29.313,376.563
165.000,44,998.658,1103.332,400.298
165.000,45,901.623,144.681,260.967
165.000,46,404.201,802.050,137.755
165.000,47,318.429,297.529,447.876
165.000,48,328.435,1165.880,394.980
165.000,49,346.188,1229.481,188.703
165.000,50,629.610,1079.089,527.365
165.000,51,790.652,1368.525,307.965
165.000,52,982.257,401.131,145.179
165.000,53,338.514,765.383,553.819
165.000,54,359.944,603.597,378.843
165.000,55,483.600,815.298,474.453
165.000,56,421.081,275.293,153.037
165.000,57,453.202,282.254,512.823
165.000,58,67.240,187.472,458.721
165.000,59,885.791,348.621,546.337
165.000,60,405.666,1362.764,443.252
165.000,61,107.790,847.744,133.631
165.000,62,237.390,358.140,580.567
165.000,63,132.100,111.876,293.354
165.000,64,102.931,901.233,502.588
165.000,65,488.383,915.780,476.317
165.000,66,115.651,1175.700,149.513
165.000,67,221.753,841.061,223.449
165.000,68,428.597,462.443,598.990
165.000,69,2.279,1084.340,184.048
165.000,70,419.267,1372.661,493.529
165.000,71,192.760,34.718,105.702
165.000,72,256.754,460.277,164.277
165.000,73,84.856,781.800,565.956
165.000,74,317.642,1192.411,315.640
165.000,75,959.056,1212.271,543.962
165.000,76,950.366,668.510,577.389
165.000,77,362.275,1206.241,148.139
165.000,78,170.548,1337.326,293.147
165.000,79,263.145,1237.872,472.944
165.000,80,1007.657,1251.179,402.626
165.000,81,192.290,824.195,447.538
165.000,82,489.392,733.582,107.330
165.000,83,347.092,388.597,170.755
165.000,84,552.934,741.322,273.718
165.000,85,45.150,518.238,410.650
170.000,0,278.282,819.547,184.279
170.000,1,93.816,773.124,518.579
170.000,2,567.421,262.031,467.539
170.000,3,828.820,1028.894,367.661
170.000,4,873.373,272.236,147.260
170.000,5,686.080,496.098,145.736
170.000,6,756.424,1389.824,535.173
170.000,7,297.854,1412.574,309.269
170.000,8,134.835,1445.656,363.641
170.000,9,842.757,322.334,553.237
170.000,10,915.845,1190.724,297.438
170.000,11,699.102,1371.184,283.580
170.000,12,419.543,865.553,354.868
170.000,13,630.151,1331.332,450.672
170.000,14,993.876,350.814,113.384
170.000,15,293.693,62.231,323.689
170.000,16,683.002,538.366,586.973
170.000,17,197.178,955.084,552.870
170.000,18,151.425,592.412,535.214
170.000,19,533.574,367.804,140.621
170.000,20,366.282,1381.269,202.686
170.000,21,932.080,208.433,538.886
170.000,22,757.502,200.975,328.673
170.000,23,500.835,1029.724,471.748
170.000,24,563.467,730.777,497.336
170.000,25,208.759,555.073,200.412
170.000,26,49.609,1176.065,269.978
170.000,27,34.555,1161.928,149.487
170.000,28,747.843,158.685,428.306
170.000,29,771.172,741.887,191.018
170.000,30,970.976,765.825,465.139
170.000,31,435.734,1317.115,171.621
170.000,32,435.493,395.503,200.206
170.000,33,873.607,1184.856,567.884
170.000,34,21.470,515.467,253.514
170.000,35,290.442,935.105,292.163
170.000,36,306.887,47.937,127.588
170.000,37,871.983,846.298,101.227
170.000,38,776.769,1074.154,260.551
170.000,39,743.495,751.610,284.674
170.000,40,924.140,697.886,120.735
170.000,41,98.208,563.603,593.467
170.000,42,869.036,1226.308,502.130
170.000,43,713.206,153.979,368.099
170.000,44,910.987,1110.644,400.826
170.000,45,990.420,229.187,266.281
170.000,46,379.903,702.694,140.650
170.000,47,212.080,266.938,448.124
170.000,48,411.665,1215.340,394.539
170.000,49,450.851,1127.892,183.364
170.000,50,722.830,1061.143,524.138
170.000,51,918.199,1401.735,314.495
170.000,52,854.814,358.879,147.901
170.000,53,294.561,901.694,556.916
170.000,54,349.863,679.378,378.875
170.000,55,362.166,833.087,473.438
170.000,56,526.913,242.605,155.615
170.000,57,519.540,311.591,513.738
170.000,58,194.973,193.879,461.800
170.000,59,939.667,278.429,551.267
170.000,60,262.640,1398.295,449.380
170.000,61,30.771,963.633,141.988
170.000,62,284.269,421.941,581.916
170.000,63,195.921,237.560,290.305
170.000,64,37.751,835.854,501.099
170.000,65,465.073,1003.154,476.906
170.000,66,146.330,1264.261,147.968
170.000,67,140.828,949.407,223.368
170.000,68,453.143,536.208,599.615
170.000,69,27.143,1015.578,183.793
170.000,70,463.954,1401.274,493.473
170.000,71,172.960,128.298,109.402
170.000,72,330.118,415.261,163.620
170.000,73,144.023,827.178,569.128
170.000,74,228.613,1245.656,317.446
170.000,75,960.923,1233.599,541.370
170.000,76,851.711,730.042,576.327
170.000,77,383.981,1078.958,144.481
170.000,78,261.746,1361.646,291.002
170.000,79,280.591,1167.831,472.644
170.000,80,873.768,1249.825,406.227
170.000,81,140.325,698.108,452.465
170.000,82,568.157,683.574,101.504
170.000,83,446.003,487.436,174.465
170.000,84,463.345,698.506,277.730
170.000,85,143.153,434.633,414.136
175.000,0,301.691,924.476,183.904
175.000,1,45.960,761.646,515.947
175.000,2,486.247,220.707,469.086
175.000,3,687.669,1039.947,367.143
175.000,4,927.866,372.017,142.729
175.000,5,815.513,525.720,147.127
175.000,6,748.975,1300.536,538.670
175.000,7,277.474,1365.938,306.289
175.000,8,43.652,1416.108,367.914
175.000,9,954.244,347.104,550.789
175.000,10,871.825,1131.544,296.097
175.000,11,726.020,1251.021,291.106
175.000,12,447.908,990.747,348.878
175.000,13,687.738,1260.513,447.726
175.000,14,991.108,208.977,111.967
175.000,15,231.479,142.500,327.530
175.000,16,586.617,647.651,594.631
175.000,17,261.637,896.637,549.866
175.000,18,178.108,512.075,536.108
175.000,19,608.876,293.128,139.313
175.000,20,236.870,1366.109,205.531
175.000,21,1002.907,269.668,539.464
175.000,22,632.042,165.093,334.028
175.000,23,425.488,1084.831,471.070
175.000,24,505.092,652.066,492.990
175.000,25,108.459,607.149,202.106
175.000,26,88.410,1260.629,267.491
175.000,27,123.487,1265.497,151.279
175.000,28,676.833,201.511,431.156
175.000,29,662.668,674.228,197.701
175.000,30,878.416,850.127,471.330
175.000,31,394.677,1249.837,173.796
175.000,32,347.350,399.521,199.242
175.000,33,884.372,1104.086,565.742
175.000,34,123.993,617.917,251.138
175.000,35,381.057,996.793,290.627
175.000,36,185.968,83.235,121.339
175.000,37,803.005,891.049,102.634
175.000,38,809.940,1186.037,263.398
175.000,39,837.737,678.596,287.710
175.000,40,1001.232,702.021,122.507
175.000,41,25.439,612.763,595.249
175.000,42,815.206,1155.967,500.921
175.000,43,748.873,286.263,359.355
175.000,44,823.929,1108.199,399.878
175.000,45,884.121,324.289,269.098
175.000,46,344.869,607.860,141.709
175.000,47,108.849,239.682,447.919
175.000,48,484.624,1269.833,392.977
175.000,49,560.297,1026.274,180.385
175.000,50,812.367,1055.323,522.449
175.000,51,966.765,1450.892,320.727
175.000,52,721.765,340.169,150.800
175.000,53,257.880,1039.604,558.920
175.000,54,337.697,755.455,379.126
175.000,55,233.412,847.302,470.544
175.000,56,632.019,213.130,157.079
175.000,57,589.871,331.292,513.481
175.000,58,320.343,174.579,469.805
175.000,59,999.990,222.676,552.503
175.000,60,118.581,1423.795,452.424
175.000,61,73.241,1079.830,147.529
175.000,62,322.028,484.795,585.081
175.000,63,271.054,362.628,290.381
175.000,64,17.821,773.631,497.929
175.000,65,434.604,1087.400,476.935
175.000,66,176.413,1351.592,146.441
175.000,67,74.460,1071.976,222.124
175.000,68,469.272,606.635,599.471
175.000,69,63.647,952.651,183.340
175.000,70,473.289,1274.622,495.082
175.000,71,143.224,219.040,114.009
175.000,72,395.414,364.304,162.866
175.000,73,204.354,871.293,572.579
175.000,74,136.140,1296.961,319.960
175.000,75,871.138,1237.063,540.847
175.000,76,739.319,758.034,577.057
175.000,77,425.104,962.155,140.953
175.000,78,347.853,1370.617,287.082
175.000,79,314.862,1097.386,473.108
175.000,80,739.857,1252.525,408.610
175.000,81,125.952,554.610,459.863
175.000,82,649.715,637.394,102.939
175.000,83,533.150,592.877,175.207
175.000,84,374.044,648.731,280.694
175.000,85,240.510,350.010,418.289
180.000,0,303.565,1028.867,185.043
180.000,1,172.899,745.995,516.182
180.000,2,408.868,173.003,473.610
180.000,3,552.682,1050.008,370.136
180.000,4,977.725,479.267,139.520
180.000,5,940.505,568.845,148.283
180.000,6,750.728,1208.967,542.785
180.000,7,266.806,1241.056,304.425
180.000,8,62.456,1394.208,371.446
180.000,9,953.741,366.348,547.812
180.000,10,822.094,1068.636,293.644
180.000,11,738.006,1121.788,297.521
180.000,12,462.414,1112.785,342.327
180.000,13,734.405,1178.353,443.774
180.000,14,987.737,66.154,112.003
180.000,15,154.639,214.864,331.937
180.000,16,486.649,757.079,598.620
180.000,17,333.081,847.632,546.537
180.000,18,197.475,426.389,538.619
180.000,19,700.398,243.532,137.368
180.000,20,105.135,1346.522,204.077
180.000,21,920.471,330.769,539.555
180.000,22,507.907,106.408,336.264
180.000,23,352.382,1150.008,469.856
180.000,24,443.707,575.029,491.899
180.000,25,7.640,660.564,199.826
180.000,26,148.117,1337.635,263.040
180.000,27,235.915,1361.513,155.165
180.000,28,604.657,245.279,432.842
180.000,29,553.528,617.357,203.264
180.000,30,775.387,932.569,473.353
180.000,31,353.464,1194.899,177.963
180.000,32,261.375,414.830,198.135
180.000,33,904.512,1017.658,562.488
180.000,34,217.646,714.135,248.321
180.000,35,472.396,1043.682,290.576
180.000,36,65.793,118.562,117.260
180.000,37,728.757,933.156,105.131
180.000,38,842.334,1301.588,266.262
180.000,39,933.554,607.459,291.902
180.000,40,931.448,703.676,122.727
180.000,41,46.805,664.567,595.322
180.000,42,770.674,1064.669,497.362
180.000,43,764.910,429.937,350.523
180.000,44,737.389,1121.378,399.187
180.000,45,776.599,423.493,266.062
180.000,46,327.820,508.908,144.643
180.000,47,18.342,213.109,448.974
180.000,48,559.212,1324.467,392.050
180.000,49,664.803,926.564,178.559
180.000,50,897.251,1035.476,520.819
180.000,51,834.464,1439.915,324.610
180.000,52,585.490,304.292,155.043
180.000,53,219.625,1186.150,563.643
180.000,54,312.618,829.578,378.360
180.000,55,111.671,841.443,468.671
180.000,56,743.061,202.621,158.441
180.000,57,660.096,344.713,513.751
180.000,58,441.856,140.034,477.444
180.000,59,947.799,178.804,555.286
180.000,60,18.691,1445.251,451.221
180.000,61,150.908,1206.708,155.037
180.000,62,377.066,536.043,586.688
180.000,63,339.681,488.178,288.612
180.000,64,61.506,694.889,496.863
180.000,65,394.505,1169.234,478.036
180.000,66,209.254,1436.658,144.132
180.000,67,38.143,1185.003,225.300
180.000,68,497.719,682.971,599.411
180.000,69,85.116,883.100,182.467
180.000,70,527.789,1157.709,493.025
180.000,71,111.961,309.156,116.584
180.000,72,473.370,328.013,162.956
180.000,73,257.414,912.691,576.523
180.000,74,48.726,1356.768,322.347
180.000,75,785.072,1264.658,539.392
180.000,76,627.274,814.251,579.164
180.000,77,455.417,835.270,136.116
180.000,78,437.201,1391.666,283.790
180.000,79,342.862,1021.462,473.362
180.000,80,599.797,1249.514,409.368
180.000,81,105.796,411.511,465.308
180.000,82,737.946,589.203,105.135
180.000,83,607.825,705.155,179.027
180.000,84,269.980,627.657,287.780
180.000,85,341.820,279.551,422.058
185.000,0,323.746,1133.719,183.614
185.000,1,299.814,734.174,512.571
185.000,2,324.553,143.000,474.710
185.000,3,415.475,1069.973,373.474
185.000,4,979.145,577.881,135.465
185.000,5,948.440,628.330,150.309
185.000,6,763.869,1118.161,546.432
185.000,7,241.354,1114.524,303.283
185.000,8,154.509,1356.996,376.432
185.000,9,848.942,353.915,542.829
185.000,10,778.229,1001.603,289.596
185.000,11,759.911,990.089,307.335
185.000,12,518.136,1231.075,341.775
185.000,13,769.661,1093.236,440.383
185.000,14,998.932,93.199,112.928
185.000,15,78.594,280.920,336.432
185.000,16,391.980,857.017,593.429
185.000,17,393.307,794.100,544.279
185.000,18,224.894,343.185,540.472
185.000,19,788.713,177.143,137.343
185.000,20,49.941,1327.679,204.354
185.000,21,839.719,388.839,537.847
185.000,22,379.007,66.156,343.563
185.000,23,283.469,1226.405,468.601
185.000,24,383.761,505.450,491.193
185.000,25,86.289,739.114,197.678
185.000,26,191.567,1420.602,258.772
185.000,27,356.494,1437.444,158.307
185.000,28,546.558,296.882,436.505
185.000,29,447.802,545.114,211.532
185.000,30,679.434,1029.668,478.571
185.000,31,323.932,1127.467,180.717
185.000,32,178.577,420.492,195.275
185.000,33,914.571,930.026,560.930
185.000,34,302.728,824.744,243.654
185.000,35,582.577,1062.544,288.722
185.000,36,71.628,159.216,113.300
185.000,37,657.834,982.126,104.157
185.000,38,870.618,1417.360,267.316
185.000,39,978.262,549.838,293.157
185.000,40,851.228,704.147,122.285
185.000,41,127.233,708.613,597.166
185.000,42,730.471,976.151,496.056
185.000,43,770.822,564.258,341.634
185.000,44,653.859,1121.118,397.788
185.000,45,682.548,532.166,269.002
185.000,46,308.058,398.613,143.768
185.000,47,127.653,186.256,449.330
185.000,48,625.739,1384.047,392.658
185.000,49,761.495,819.830,174.834
185.000,50,983.751,1013.839,519.941
185.000,51,708.253,1408.747,332.492
185.000,52,450.672,300.366,159.629
185.000,53,161.263,1326.875,569.189
185.000,54,292.511,912.893,379.685
185.000,55,16.099,828.111,469.355
185.000,56,852.292,171.163,159.788
185.000,57,732.037,365.482,513.876
185.000,58,574.685,115.047,484.263
185.000,59,908.252,114.455,559.983
185.000,60,152.859,1393.897,452.642
185.000,61,222.929,1338.824,161.796
185.000,62,425.293,593.871,588.842
185.000,63,419.244,601.960,288.939
185.000,64,111.834,624.321,493.670
185.000,65,376.124,1260.952,478.607
185.000,66,237.249,1381.738,144.555
185.000,67,132.385,1287.998,222.730
185.000,68,518.207,753.537,598.050
185.000,69,117.174,814.737,182.426
185.000,70,534.615,1026.529,497.546
185.000,71,101.661,404.220,119.376
185.000,72,545.660,294.648,163.386
185.000,73,311.967,964.988,579.944
185.000,74,54.324,1422.338,322.444
185.000,75,692.606,1292.446,535.253
185.000,76,516.069,870.813,584.707
185.000,77,489.387,712.456,133.902
185.000,78,526.254,1402.827,281.947
185.000,79,370.526,954.614,473.683
185.000,80,461.129,1232.356,414.153
185.000,81,73.606,271.439,469.526
185.000,82,822.453,544.623,104.673
185.000,83,693.409,802.631,184.382
185.000,84,165.161,610.156,293.147
185.000,85,444.341,200.227,424.518
190.000,0,346.858,1234.152,184.179
190.000,1,427.275,728.840,507.886
190.000,2,238.752,121.098,474.483
190.000,3,284.402,1063.709,378.981
190.000,4,939.717,679.396,128.902
190.000,5,823.137,674.386,151.880
190.000,6,757.849,1026.191,547.900
190.000,7,220.915,980.920,300.479
190.000,8,234.996,1312.681,378.935
190.000,9,731.710,367.443,540.388
190.000,10,718.090,953.526,287.157
190.000,11,753.671,860.417,315.384
190.000,12,568.116,1351.438,335.737
190.000,13,823.722,1025.348,436.744
190.000,14,1000.375,234.618,113.419
190.000,15,7.265,345.515,341.082
190.000,16,298.760,976.049,587.819
190.000,17,457.412,742.286,540.769
190.000,18,247.493,259.740,541.915
190.000,19,876.029,114.911,136.665
190.000,20,181.048,1301.124,203.856
190.000,21,763.479,449.580,537.323
190.000,22,262.388,6.884,347.079
190.000,23,211.604,1285.528,467.016
190.000,24,334.134,432.588,490.535
190.000,25,156.736,829.423,197.029
190.000,26,232.999,1401.244,255.824
190.000,27,458.514,1359.438,160.468
190.000,28,473.471,335.886,441.731
190.000,29,347.009,472.893,217.187
190.000,30,602.102,1146.614,482.698
190.000,31,296.206,1060.244,183.742
190.000,32,91.234,413.060,192.632
190.000,33,924.317,839.346,559.093
190.000,34,373.851,937.580,238.742
190.000,35,671.820,1117.323,286.890
190.000,36,196.699,190.782,106.832
190.000,37,586.518,1013.832,102.668
190.000,38,910.901,1366.823,270.242
190.000,39,884.227,490.129,294.793
190.000,40,767.133,693.444,123.153
190.000,41,210.893,733.877,599.446
190.000,42,671.941,893.704,492.835
190.000,43,802.839,702.041,333.900
190.000,44,558.076,1130.869,397.495
190.000,45,557.814,604.779,273.060
190.000,46,276.636,294.067,144.872
190.000,47,239.782,172.044,448.597
190.000,48,703.017,1432.550,393.662
190.000,49,835.898,694.840,170.988
190.000,50,953.371,997.878,517.195
190.000,51,585.150,1362.172,337.515
190.000,52,325.639,289.932,162.506
190.000,53,111.676,1437.150,574.648
190.000,54,275.367,988.241,378.931
190.000,55,137.922,818.932,469.725
190.000,56,959.030,155.284,162.678
190.000,57,802.209,381.250,515.221
190.000,58,695.852,89.885,486.631
190.000,59,858.075,51.959,564.602
190.000,60,294.909,1344.653,454.219
190.000,61,291.109,1436.219,167.445
190.000,62,484.723,648.262,590.355
190.000,63,472.905,732.046,286.309
190.000,64,163.602,557.976,489.647
190.000,65,359.992,1345.657,477.819
190.000,66,266.202,1289.404,143.893
190.000,67,217.855,1392.205,224.406
190.000,68,544.828,827.898,597.833
190.000,69,143.020,748.524,181.646
190.000,70,566.061,900.493,499.450
190.000,71,67.620,496.448,123.453
190.000,72,620.705,252.126,162.913
190.000,73,375.372,1010.352,583.341
190.000,74,143.438,1426.121,321.668
190.000,75,600.527,1330.149,530.593
190.000,76,404.975,909.423,587.687
190.000,77,481.134,581.593,133.915
190.000,78,608.025,1443.231,278.663
190.000,79,390.875,882.070,474.304
190.000,80,329.156,1217.054,414.629
190.000,81,80.241,129.902,475.861
190.000,82,898.381,494.198,106.840
190.000,83,789.980,896.203,190.279
190.000,84,72.236,562.728,300.137
190.000,85,551.302,129.361,429.985
195.000,0,360.899,1344.642,182.386
195.000,1,563.108,714.982,506.868
195.000,2,158.963,89.236,476.700
195.000,3,153.071,1053.217,384.395
195.000,4,900.353,790.461,122.741
195.000,5,699.256,738.530,152.189
195.000,6,765.445,933.783,550.954
195.000,7,188.974,851.957,300.928
195.000,8,329.989,1286.635,382.866
195.000,9,617.970,353.338,534.921
195.000,10,661.320,894.102,285.953
195.000,11,739.799,727.350,324.150
195.000,12,594.915,1424.278,330.426
195.000,13,881.902,954.859,435.351
195.000,14,988.468,367.109,112.556
195.000,15,93.266,415.212,343.656
195.000,16,203.668,1079.861,578.779
195.000,17,518.919,690.034,539.390
195.000,18,277.804,176.240,542.072
195.000,19,958.953,47.579,135.078
195.000,20,307.609,1264.099,203.189
195.000,21,660.227,477.760,535.682
195.000,22,142.817,66.654,351.683
195.000,23,141.812,1347.820,466.903
195.000,24,267.795,359.688,488.425
195.000,25,252.536,901.053,194.186
195.000,26,267.039,1315.942,254.022
195.000,27,559.873,1259.788,163.936
195.000,28,387.475,363.358,444.645
195.000,29,244.091,402.297,224.175
195.000,30,502.390,1247.195,486.835
195.000,31,256.669,997.028,186.695
195.000,32,11.237,422.032,192.954
195.000,33,929.230,755.437,558.712
195.000,34,464.186,1038.487,235.871
195.000,35,765.220,1177.737,282.836
195.000,36,322.199,223.732,102.227
195.000,37,518.011,1060.723,102.813
195.000,38,945.018,1251.930,272.981
195.000,39,788.565,415.050,299.956
195.000,40,689.385,704.917,125.146
195.000,41,285.010,789.610,595.956
195.000,42,645.928,798.745,487.764
195.000,43,826.638,839.432,325.054
195.000,44,472.655,1145.980,396.004
195.000,45,449.678,695.153,271.627
195.000,46,247.393,186.410,145.786
195.000,47,344.014,126.591,449.913
195.000,48,786.672,1449.717,393.879
195.000,49,953.694,611.947,168.908
195.000,50,861.340,989.384,514.238
195.000,51,458.694,1330.293,341.738
195.000,52,203.901,249.742,164.759
195.000,53,89.398,1295.000,581.363
195.000,54,261.057,1065.572,378.108
195.000,55,261.067,800.435,467.667
195.000,56,937.402,122.483,164.992
195.000,57,868.386,416.340,515.104
195.000,58,822.441,70.182,490.428
195.000,59,795.126,7.438,568.598
195.000,60,434.524,1328.073,455.006
195.000,61,368.424,1318.481,172.899
195.000,62,529.741,710.894,593.194
195.000,63,555.991,855.756,285.629
195.000,64,201.896,482.017,487.042
195.000,65,334.942,1432.478,479.203
195.000,66,300.070,1199.702,142.229
195.000,67,298.747,1410.819,225.605
195.000,68,564.739,902.102,598.031
195.000,69,167.533,673.925,180.518
195.000,70,617.174,770.999,500.028
195.000,71,47.794,591.621,125.140
195.000,72,685.029,208.036,162.296
195.000,73,427.232,1070.014,589.295
195.000,74,220.582,1354.278,321.740
195.000,75,502.345,1354.340,528.746
195.000,76,293.917,957.798,589.271
195.000,77,486.456,446.528,129.265
195.000,78,703.318,1450.604,275.715
195.000,79,414.976,810.004,474.918
195.000,80,197.815,1199.746,420.550
195.000,81,66.182,18.233,483.935
195.000,82,992.212,467.196,110.443
195.000,83,855.669,1012.465,194.833
195.000,84,34.760,521.044,302.033
195.000,85,657.414,70.907,436.321
200.000,0,386.324,1441.639,181.737
200.000,1,689.129,734.833,503.496
200.000,2,84.766,53.836,475.487
200.000,3,20.368,1051.640,387.510
200.000,4,870.022,900.205,117.506
200.000,5,572.763,785.945,154.778
200.000,6,768.403,847.090,553.985
200.000,7,158.800,722.686,300.456
200.000,8,423.907,1257.162,387.914
200.000,9,504.288,349.315,529.148
200.000,10,600.485,840.842,284.971
200.000,11,752.401,592.930,328.486
200.000,12,618.742,1294.536,324.049
200.000,13,924.142,878.640,432.408
200.000,14,982.515,506.266,113.670
200.000,15,177.092,473.835,347.408
200.000,16,101.412,1175.673,572.983
200.000,17,590.231,637.821,537.813
200.000,18,303.688,92.929,542.858
200.000,19,984.640,43.447,136.582
200.000,20,430.937,1240.096,200.405
200.000,21,553.880,515.681,534.543
200.000,22,15.854,112.139,359.199
200.000,23,52.034,1390.350,466.536
200.000,24,195.303,295.580,486.415
200.000,25,342.897,972.148,194.150
200.000,26,317.876,1235.886,253.253
200.000,27,655.063,1152.825,165.489
200.000,28,312.014,405.966,447.782
200.000,29,149.544,313.815,230.946
200.000,30,429.655,1361.618,493.264
200.000,31,212.381,941.974,190.718
200.000,32,87.287,422.860,191.322
200.000,33,941.699,668.673,558.643
200.000,34,556.688,1134.480,231.277
200.000,35,866.747,1222.488,278.952
200.000,36,437.332,280.497,104.112
200.000,37,461.003,1107.853,100.640
200.000,38,983.266,1133.198,276.742
200.000,39,694.397,348.292,303.957
200.000,40,605.141,712.216,124.588
200.000,41,366.480,827.537,593.263
200.000,42,613.131,709.618,484.097
200.000,43,864.287,971.123,319.281
200.000,44,389.614,1162.294,396.655
200.000,45,345.605,797.461,270.699
200.000,46,219.218,86.927,147.256
200.000,47,456.389,102.482,451.338
200.000,48,856.468,1398.867,393.180
200.000,49,967.607,503.341,166.549
200.000,50,766.376,979.110,511.725
200.000,51,332.914,1287.009,347.662
200.000,52,67.753,229.545,169.366
200.000,53,43.018,1161.419,587.173
200.000,54,225.021,1128.238,377.445
200.000,55,386.133,778.285,466.962
200.000,56,836.964,97.854,166.304
200.000,57,947.498,450.831,516.484
200.000,58,940.424,37.391,496.542
200.000,59,750.128,79.610,572.301
200.000,60,561.894,1277.866,457.478
200.000,61,435.011,1189.892,179.584
200.000,62,581.999,771.042,594.429
200.000,63,610.139,991.988,287.292
200.000,64,258.905,413.496,483.306
200.000,65,311.476,1376.181,478.023
200.000,66,325.438,1105.708,142.061
200.000,67,392.404,1312.286,224.245
200.000,68,586.072,971.269,597.156
200.000,69,196.372,603.199,179.192
200.000,70,667.107,650.915,499.803
200.000,71,21.570,681.310,127.614
200.000,72,757.326,157.935,161.707
200.000,73,478.548,1129.060,591.631
200.000,74,308.583,1303.490,322.361
200.000,75,410.499,1398.040,526.234
200.000,76,179.834,979.928,591.662
200.000,77,492.621,315.895,124.260
200.000,78,799.642,1448.710,270.515
200.000,79,445.391,746.764,474.748
200.000,80,78.313,1159.496,427.852
200.000,81,39.864,158.513,490.344
200.000,82,943.004,423.168,114.423
200.000,83,956.503,1102.352,198.962
200.000,84,132.086,472.790,305.560
200.000,85,759.346,23.931,443.661
205.000,0,411.265,1368.183,179.440
205.000,1,817.992,752.155,502.135
205.000,2,5.782,13.594,473.989
205.000,3,129.796,1055.272,392.124
205.000,4,817.216,995.543,112.008
205.000,5,445.076,823.236,155.138
205.000,6,762.067,757.937,556.234
205.000,7,108.520,603.647,299.312
205.000,8,515.929,1221.758,393.331
205.000,9,398.207,369.857,524.107
205.000,10,532.480,805.041,282.273
205.000,11,769.175,461.389,330.784
205.000,12,667.741,1180.032,319.256
205.000,13,963.413,797.109,428.354
205.000,14,973.957,649.657,115.192
205.000,15,259.968,522.184,347.093
205.000,16,19.735,1258.960,567.227
205.000,17,644.369,583.607,536.640
205.000,18,339.886,9.087,544.790
205.000,19,898.176,100.578,135.575
205.000,20,557.980,1192.394,199.355
205.000,21,448.395,562.563,536.286
205.000,22,107.148,176.826,362.624
205.000,23,31.681,1441.750,465.788
205.000,24,144.079,208.959,483.675
205.000,25,424.942,1055.522,196.123
205.000,26,357.205,1149.199,251.374
205.000,27,746.082,1036.340,167.725
205.000,28,230.504,437.641,450.860
205.000,29,44.649,239.601,234.218
205.000,30,336.739,1454.602,497.715
205.000,31,176.747,871.671,193.885
205.000,32,180.853,431.934,188.822
205.000,33,929.579,586.431,557.037
205.000,34,638.589,1242.355,226.990
205.000,35,973.331,1266.461,277.462
205.000,36,564.128,288.481,105.452
205.000,37,399.535,1156.312,100.119
205.000,38,996.047,1018.468,277.747
205.000,39,611.463,261.780,309.966
205.000,40,528.417,700.241,126.912
205.000,41,433.124,876.070,592.336
205.000,42,560.381,630.018,484.059
205.000,43,911.331,1102.143,316.530
205.000,44,297.846,1155.952,396.187
205.000,45,219.149,873.575,273.118
205.000,46,174.574,21.729,149.703
205.000,47,569.922,62.385,453.495
205.000,48,925.942,1340.644,393.298
205.000,49,875.079,398.287,167.737
205.000,50,674.167,970.191,509.347
205.000,51,210.077,1219.353,354.207
205.000,52,65.926,213.407,173.065
205.000,53,17.361,1026.361,593.412
205.000,54,194.246,1195.519,376.225
205.000,55,510.043,761.318,467.601
205.000,56,738.646,61.193,167.539
205.000,57,993.792,470.440,516.974
205.000,58,963.079,12.141,500.610
205.000,59,705.768,147.091,577.022
205.000,60,695.333,1244.094,462.086
205.000,61,493.426,1060.153,186.558
205.000,62,631.581,838.484,598.181
205.000,63,701.843,1112.230,287.026
205.000,64,307.780,344.862,482.787
205.000,65,282.558,1282.154,479.898
205.000,66,359.447,1016.810,141.725
205.000,67,466.089,1196.087,224.906
205.000,68,623.189,1037.721,595.624
205.000,69,228.413,533.424,178.724
205.000,70,672.389,523.635,502.541
205.000,71,13.782,774.139,132.627
205.000,72,836.931,119.176,161.288
205.000,73,520.913,1178.557,594.737
205.000,74,401.720,1261.970,323.154
205.000,75,315.278,1409.815,523.337
205.000,76,69.776,1017.616,594.325
205.000,77,510.239,180.529,118.923
205.000,78,887.621,1427.745,266.906
205.000,79,469.185,677.842,477.039
205.000,80,54.275,1147.223,433.791
205.000,81,38.765,298.864,495.114
205.000,82,867.158,371.313,118.697
205.000,83,955.982,1200.800,202.884
205.000,84,229.962,439.045,311.494
205.000,85,871.980,88.562,448.562
210.000,0,443.041,1269.760,179.598
210.000,1,946.672,758.991,500.582
210.000,2,88.085,24.272,476.032
210.000,3,261.260,1048.337,393.844
210.000,4,757.961,1101.227,107.349
210.000,5,312.738,840.953,160.460
210.000,6,754.305,671.239,560.089
210.000,7,108.926,469.839,295.899
210.000,8,605.076,1187.373,398.298
210.000,9,286.269,367.610,518.373
210.000,10,477.104,754.860,279.280
210.000,11,762.824,323.782,336.497
210.000,12,696.069,1051.588,313.284
210.000,13,1001.669,716.650,423.782
210.000,14,958.515,781.256,115.802
210.000,15,329.477,591.884,350.599
210.000,16,118.921,1359.081,561.611
210.000,17,722.136,539.584,531.899
210.000,18,359.282,77.210,548.318
210.000,19,813.281,166.364,132.633
210.000,20,689.868,1189.284,200.075
210.000,21,352.612,615.649,536.840
210.000,22,231.773,216.939,367.939
210.000,23,117.758,1416.604,466.396
210.000,24,88.710,122.883,479.520
210.000,25,516.820,1125.841,192.948
210.000,26,409.584,1077.399,250.729
210.000,27,830.305,914.431,171.723
210.000,28,152.580,475.437,456.142
210.000,29,73.010,173.746,239.764
210.000,30,254.435,1341.293,505.190
210.000,31,135.545,813.239,196.751
210.000,32,265.456,447.036,187.998
210.000,33,941.178,505.456,555.334
210.000,34,702.919,1360.356,225.044
210.000,35,934.731,1319.291,275.349
210.000,36,680.742,332.749,111.791
210.000,37,332.404,1206.291,101.021
210.000,38,965.068,907.710,280.154
210.000,39,508.389,192.129,315.207
210.000,40,451.549,706.101,125.654
210.000,41,500.265,935.671,589.778
210.000,42,517.154,543.627,481.122
210.000,43,957.371,1232.100,310.962
210.000,44,213.239,1164.629,395.337
210.000,45,111.193,980.275,273.056
210.000,46,136.197,117.975,152.956
210.000,47,684.208,49.773,456.125
210.000,48,1005.399,1298.636,394.123
210.000,49,807.929,268.855,165.236
210.000,50,584.692,956.068,509.170
210.000,51,79.765,1191.640,361.734
210.000,52,200.233,171.217,176.255
210.000,53,70.993,889.120,599.052
210.000,54,174.989,1264.233,375.085
210.000,55,630.843,789.248,466.739
210.000,56,643.484,21.101,170.499
210.000,57,920.901,493.126,515.207
210.000,58,844.891,17.163,507.692
210.000,59,657.570,207.722,581.074
210.000,60,837.164,1237.286,466.601
210.000,61,574.778,943.593,195.735
210.000,62,682.791,898.068,599.602
210.000,63,756.737,1250.891,287.812
210.000,64,350.187,281.356,480.688
210.000,65,267.465,1195.049,481.046
210.000,66,400.813,928.662,140.880
210.000,67,538.540,1068.881,222.298
210.000,68,634.549,1109.193,595.066
210.000,69,252.149,461.497,178.781
210.000,70,690.615,392.970,506.189
210.000,71,32.369,866.778,136.339
210.000,72,908.938,76.288,162.229
210.000,73,573.469,1232.744,597.478
210.000,74,476.961,1188.654,325.948
210.000,75,222.654,1442.993,522.037
210.000,76,53.414,1066.405,596.338
210.000,77,538.395,55.181,116.436
210.000,78,978.187,1408.690,263.769
210.000,79,501.356,602.670,476.855
210.000,80,188.329,1147.823,432.691
210.000,81,16.854,448.195,502.358
210.000,82,779.511,335.264,120.503
210.000,83,869.950,1305.085,209.061
210.000,84,335.465,418.192,314.460
210.000,85,983.076,144.721,453.033
215.000,0,465.140,1170.483,181.034
215.000,1,944.811,769.014,498.059
215.000,2,171.711,52.635,479.114
215.000,3,401.403,1048.436,396.841
215.000,4,722.099,1201.091,102.545
215.000,5,197.684,904.040,164.819
215.000,6,754.141,583.379,562.912
215.000,7,70.937,350.119,296.399
215.000,8,698.694,1149.578,403.838
215.000,9,176.368,382.766,511.676
215.000,10,436.472,691.544,276.864
215.000,11,757.833,189.987,342.229
215.000,12,718.869,920.054,307.667
215.000,13,988.646,639.484,420.675
215.000,14,953.103,921.409,113.215
215.000,15,417.602,652.415,353.830
215.000,16,231.674,1450.280,551.579
215.000,17,802.132,493.195,528.712
215.000,18,383.947,156.352,550.673
215.000,19,734.185,239.684,129.397
215.000,20,823.238,1171.925,197.119
215.000,21,266.099,682.935,536.281
215.000,22,359.378,258.852,373.972
215.000,23,205.762,1373.346,466.934
215.000,24,15.455,55.339,479.879
215.000,25,614.288,1183.014,191.448
215.000,26,441.855,986.990,248.354
215.000,27,934.307,819.195,174.207
215.000,28,72.600,523.193,460.021
215.000,29,183.793,111.146,246.309
215.000,30,152.299,1244.063,513.986
215.000,31,92.969,759.628,200.013
215.000,32,352.360,451.895,184.484
215.000,33,948.873,422.950,554.723
215.000,34,800.587,1453.320,222.003
215.000,35,839.755,1363.613,273.764
215.000,36,802.483,378.562,117.819
215.000,37,258.115,1234.712,101.138
215.000,38,913.416,801.037,281.701
215.000,39,402.013,131.329,318.586
215.000,40,373.839,698.599,127.085
215.000,41,569.353,983.542,588.743
215.000,42,463.238,454.849,477.362
215.000,43,1004.222,1366.067,303.601
215.000,44,127.073,1142.371,394.649
215.000,45,11.353,1074.604,277.040
215.000,46,124.062,225.264,153.398
215.000,47,796.665,13.063,454.946
215.000,48,926.779,1250.584,394.789
215.000,49,709.291,161.869,162.280
215.000,50,490.752,944.106,507.113
215.000,51,52.944,1154.107,368.839
215.000,52,334.575,142.289,180.523
215.000,53,99.295,738.134,594.451
215.000,54,151.690,1337.936,373.286
215.000,55,749.881,798.016,467.411
215.000,56,542.274,19.533,173.262
215.000,57,852.739,520.146,514.072
215.000,58,733.648,70.101,511.766
215.000,59,613.233,273.852,583.734
215.000,60,975.274,1246.093,469.085
215.000,61,661.035,829.501,202.319
215.000,62,726.017,963.992,596.996
215.000,63,826.137,1381.070,284.715
215.000,64,381.792,203.128,479.373
215.000,65,233.694,1104.753,478.607
215.000,66,416.354,837.672,139.738
215.000,67,599.623,942.068,224.901
215.000,68,646.718,1190.061,595.263
215.000,69,295.343,408.888,178.679
215.000,70,721.990,263.382,505.792
215.000,71,50.913,968.136,141.253
215.000,72,970.136,38.295,160.829
215.000,73,625.142,1286.094,599.066
215.000,74,574.730,1143.683,324.414
215.000,75,124.340,1447.233,519.608
215.000,76,164.718,1126.288,597.318
215.000,77,559.082,82.854,114.958
215.000,78,947.725,1366.752,259.823
215.000,79,520.816,528.440,478.260
215.000,80,316.467,1119.893,436.769
215.000,81,6.046,588.523,509.519
215.000,82,700.514,280.285,121.595
215.000,83,776.183,1407.147,211.213
215.000,84,432.141,383.031,319.782
215.000,85,916.518,206.588,459.758
220.000,0,475.553,1069.414,180.843
220.000,1,813.271,765.093,496.182
220.000,2,252.117,99.679,481.825
220.000,3,538.797,1015.844,401.470
220.000,4,671.284,1303.935,103.404
220.000,5,71.585,962.476,168.797
220.000,6,763.523,492.432,566.037
220.000,7,36.102,224.012,296.556
220.000,8,779.831,1093.352,406.781
220.000,9,63.395,357.634,505.646
220.000,10,388.202,635.936,274.343
220.000,11,781.527,57.041,351.057
220.000,12,718.082,799.498,303.871
220.000,13,955.601,556.565,417.290
220.000,14,974.379,1062.329,113.772
220.000,15,502.958,710.030,357.770
220.000,16,336.775,1346.625,544.936
220.000,17,870.838,450.229,528.147
220.000,18,416.979,238.028,550.977
220.000,19,639.398,285.089,128.784
220.000,20,956.765,1153.373,192.884
220.000,21,180.377,743.392,533.854
220.000,22,490.558,316.191,377.621
220.000,23,287.570,1320.877,464.039
220.000,24,71.806,18.367,478.098
220.000,25,727.459,1233.335,190.983
220.000,26,483.358,902.835,246.655
220.000,27,989.078,705.648,178.784
220.000,28,9.144,572.388,462.879
220.000,29,287.836,49.208,249.243
220.000,30,54.132,1155.556,520.375
220.000,31,47.527,700.410,203.612
220.000,32,441.970,457.505,180.562
220.000,33,968.777,346.273,553.588
220.000,34,882.705,1343.958,219.177
220.000,35,740.674,1414.535,272.694
220.000,36,917.130,428.776,123.895
220.000,37,181.156,1273.244,102.135
220.000,38,890.544,676.173,283.072
220.000,39,290.647,81.206,322.792
220.000,40,291.335,698.564,128.987
220.000,41,648.194,1023.046,587.922
220.000,42,421.155,369.536,475.141
220.000,43,955.448,1414.203,297.676
220.000,44,33.307,1150.523,393.955
220.000,45,102.632,1156.411,276.223
220.000,46,103.345,322.514,155.145
220.000,47,910.825,22.760,456.487
220.000,48,850.848,1208.015,396.703
220.000,49,622.649,47.969,159.182
220.000,50,397.479,924.460,506.043
220.000,51,172.131,1099.341,374.707
220.000,52,452.875,85.369,182.877
220.000,53,118.778,591.932,590.380
220.000,54,127.891,1408.516,374.167
220.000,55,861.562,766.661,465.668
220.000,56,435.787,41.803,175.835
220.000,57,786.615,548.991,514.513
220.000,58,612.320,102.827,517.638
220.000,59,571.426,340.814,587.958
220.000,60,895.729,1218.394,471.789
220.000,61,721.593,698.743,208.870
220.000,62,777.231,1021.872,594.429
220.000,63,918.705,1401.864,281.939
220.000,64,425.078,126.533,475.329
220.000,65,214.575,1007.827,480.428
220.000,66,450.370,750.196,139.946
220.000,67,676.111,831.618,225.263
220.000,68,671.928,1264.519,596.491
220.000,69,339.196,350.342,178.533
220.000,70,741.290,127.697,508.567
220.000,71,73.063,1067.705,144.859
220.000,72,980.339,13.739,160.507
220.000,73,691.106,1332.213,597.966
220.000,74,663.353,1092.245,324.012
220.000,75,24.901,1444.461,515.235
220.000,76,284.123,1153.379,599.257
220.000,77,574.724,206.900,110.220
220.000,78,857.151,1346.742,255.681
220.000,79,531.961,455.653,478.581
220.000,80,447.625,1119.709,437.422
220.000,81,46.098,729.831,514.554
220.000,82,621.079,222.603,124.708
220.000,83,663.638,1407.756,214.498
220.000,84,525.640,358.254,323.923
220.000,85,818.526,285.744,462.518
225.000,0,493.473,964.051,179.641
225.000,1,687.761,775.069,491.741
225.000,2,333.290,137.612,481.302
225.000,3,671.199,1037.616,404.462
225.000,4,614.382,1410.366,109.996
225.000,5,67.949,1003.264,169.326
225.000,6,769.242,401.363,567.919
225.000,7,2.849,93.471,293.751
225.000,8,874.301,1056.247,413.179
225.000,9,66.981,370.068,501.367
225.000,10,327.692,587.585,270.719
225.000,11,788.694,90.037,357.350
225.000,12,761.949,685.286,299.726
225.000,13,910.175,478.312,413.035
225.000,14,997.414,1203.260,111.972
225.000,15,583.912,772.861,362.979
225.000,16,450.268,1258.370,538.534
225.000,17,935.137,395.940,524.910
225.000,18,460.520,317.656,552.446
225.000,19,553.123,354.821,127.848
225.000,20,931.240,1124.986,192.253
225.000,21,91.469,807.447,531.788
225.000,22,603.395,390.325,384.217
225.000,23,361.976,1253.656,461.502
225.000,24,147.529,90.799,477.292
225.000,25,806.210,1322.202,190.039
225.000,26,527.650,829.455,244.917
225.000,27,888.944,611.145,179.743
225.000,28,65.757,612.375,464.893
225.000,29,401.487,16.376,254.126
225.000,30,43.758,1055.538,529.497
225.000,31,16.910,637.451,207.350
225.000,32,525.573,462.655,178.474
225.000,33,962.877,253.116,553.562
225.000,34,991.390,1250.949,216.205
225.000,35,632.427,1454.552,271.295
225.000,36,984.931,494.434,129.284
225.000,37,111.886,1308.465,102.228
225.000,38,845.004,564.486,283.957
225.000,39,193.448,20.063,328.129
225.000,40,212.808,696.511,128.513
225.000,41,725.988,1064.717,584.966
225.000,42,366.366,286.613,473.651
225.000,43,929.454,1268.067,289.988
225.000,44,69.360,1152.454,393.299
225.000,45,217.019,1240.080,278.108
225.000,46,55.171,420.655,157.576
225.000,47,996.242,47.957,456.673
225.000,48,774.914,1168.584,398.778
225.000,49,538.527,88.954,155.119
225.000,50,305.642,910.847,504.573
225.000,51,295.629,1060.726,381.944
225.000,52,584.693,39.799,187.673
225.000,53,156.910,450.439,585.341
225.000,54,117.226,1434.537,372.887
225.000,55,987.476,757.050,463.956
225.000,56,330.032,60.863,177.698
225.000,57,716.934,553.124,516.477
225.000,58,496.871,162.479,524.245
225.000,59,512.489,399.395,593.037
225.000,60,765.203,1156.528,473.331
225.000,61,789.554,571.718,214.059
225.000,62,835.964,1080.532,592.225
225.000,63,998.194,1281.004,278.656
225.000,64,471.097,62.774,472.594
225.000,65,194.761,913.103,479.871
225.000,66,496.360,675.239,140.637
225.000,67,746.738,706.866,222.164
225.000,68,696.728,1336.695,594.992
225.000,69,372.588,281.951,176.752
225.000,70,771.893,0.738,509.368
225.000,71,115.277,1156.738,146.413
225.000,72,913.260,56.813,162.186
225.000,73,750.730,1381.208,594.956
225.000,74,762.365,1057.048,322.510
225.000,75,85.807,1421.053,511.233
225.000,76,405.288,1185.099,596.478
225.000,77,578.447,334.887,106.614
225.000,78,772.116,1321.863,252.345
225.000,79,558.233,389.176,481.735
225.000,80,585.225,1112.503,441.831
225.000,81,68.487,871.151,520.809
225.000,82,537.662,165.220,127.563
225.000,83,573.294,1306.336,218.850
225.000,84,615.198,319.549,326.705
225.000,85,714.281,357.258,466.360
230.000,0,510.982,851.572,180.080
230.000,1,563.420,792.381,486.455
230.000,2,403.164,179.211,482.514
230.000,3,808.063,1029.799,406.671
230.000,4,559.424,1395.528,114.224
230.000,5,196.172,1047.332,171.134
230.000,6,752.665,312.511,571.573
230.000,7,26.125,39.446,293.582
230.000,8,964.540,1018.153,418.781
230.000,9,180.639,397.481,497.580
230.000,10,276.834,532.917,267.721
230.000,11,813.455,219.391,363.834
230.000,12,805.041,560.622,291.461
230.000,13,873.192,401.603,409.770
230.000,14,995.633,1346.648,114.139
230.000,15,655.365,833.140,365.360
230.000,16,551.201,1161.157,529.301
230.000,17,1003.657,346.922,521.875
230.000,18,492.406,397.186,553.966
230.000,19,469.639,418.140,127.503
230.000,20,793.879,1133.230,192.364
230.000,21,5.418,865.203,527.698
230.000,22,722.002,460.316,388.541
230.000,23,434.897,1194.932,459.753
230.000,24,218.690,152.079,474.865
230.000,25,902.403,1379.034,189.178
230.000,26,572.707,746.171,242.406
230.000,27,780.808,509.689,181.694
230.000,28,140.446,646.312,468.196
230.000,29,513.371,68.788,261.881
230.000,30,149.119,965.575,539.736
230.000,31,27.971,580.449,210.910
230.000,32,609.562,464.458,175.724
230.000,33,955.043,168.621,551.966
230.000,34,951.901,1139.272,216.569
230.000,35,536.351,1406.000,269.715
230.000,36,864.189,537.781,137.337
230.000,37,41.795,1327.378,101.762
230.000,38,792.391,451.653,284.386
230.000,39,88.058,45.575,331.500
230.000,40,137.035,722.260,129.234
230.000,41,790.311,1131.862,583.587
230.000,42,320.583,204.347,471.103
230.000,43,912.664,1131.477,282.123
230.000,44,154.431,1174.442,392.316
230.000,45,331.010,1325.082,280.250
230.000,46,39.633,524.490,159.758
230.000,47,888.049,63.501,457.300
230.000,48,704.692,1123.236,398.630
230.000,49,422.253,184.126,154.619
230.000,50,213.079,910.805,503.742
230.000,51,429.923,1040.312,388.578
230.000,52,722.662,45.321,196.394
230.000,53,202.477,316.823,580.144
230.000,54,103.642,1366.417,373.809
230.000,55,888.166,745.506,463.938
230.000,56,230.734,102.787,178.642
230.000,57,650.927,566.383,516.376
230.000,58,379.927,206.309,530.215
230.000,59,459.953,460.764,597.849
230.000,60,621.942,1153.905,477.725
230.000,61,880.605,465.762,220.878
230.000,62,874.264,1145.785,589.816
230.000,63,944.743,1148.578,277.465
230.000,64,523.186,31.988,468.835
230.000,65,186.323,820.544,479.017
230.000,66,534.218,585.213,140.713
230.000,67,822.720,587.070,220.247
230.000,68,715.923,1404.805,593.138
230.000,69,416.546,216.366,173.868
230.000,70,818.083,120.367,511.367
230.000,71,154.398,1245.837,150.593
230.000,72,857.032,117.914,160.782
230.000,73,806.216,1443.328,591.211
230.000,74,856.115,1010.002,320.761
230.000,75,180.769,1393.960,507.259
230.000,76,516.884,1218.444,593.913
230.000,77,605.133,460.953,104.845
230.000,78,688.030,1291.060,248.027
230.000,79,573.354,315.210,483.942
230.000,80,710.316,1103.219,446.090
230.000,81,65.139,1016.562,524.664
230.000,82,451.604,118.207,128.937
230.000,83,475.054,1208.979,222.821
230.000,84,709.861,292.363,329.508
230.000,85,595.373,408.330,471.317
235.000,0,535.307,745.245,179.294
235.000,1,435.636,811.453,480.173
235.000,2,478.931,212.186,483.041
235.000,3,943.314,1021.545,409.113
235.000,4,514.471,1287.736,117.857
235.000,5,332.126,1068.237,172.781
235.000,6,766.225,222.524,574.370
235.000,7,41.760,164.813,295.233
235.000,8,940.881,984.139,422.983
235.000,9,288.463,406.858,494.601
235.000,10,218.619,487.470,265.746
235.000,11,806.406,349.982,368.886
235.000,12,853.733,438.767,285.872
235.000,13,820.448,337.048,407.004
235.000,14,978.956,1410.954,111.717
235.000,15,733.343,890.219,366.470
235.000,16,668.112,1081.357,520.254
235.000,17,932.896,300.042,518.106
235.000,18,513.691,486.422,555.269
235.000,19,386.588,493.059,125.901
235.000,20,655.810,1123.383,191.127
235.000,21,97.578,915.672,528.369
235.000,22,840.256,520.710,393.866
235.000,23,515.877,1132.265,459.118
235.000,24,253.488,238.354,471.224
235.000,25,1001.272,1440.389,188.705
235.000,26,618.989,664.352,241.175
235.000,27,680.957,399.904,188.287
235.000,28,213.824,686.595,470.445
235.000,29,619.645,132.873,264.306
235.000,30,232.960,860.496,547.367
235.000,31,77.527,525.380,214.790
235.000,32,688.887,490.575,174.264
235.000,33,964.598,88.768,552.059
235.000,34,866.574,1025.054,214.280
235.000,35,433.225,1366.518,267.187
235.000,36,750.559,601.181,142.612
235.000,37,40.324,1367.184,101.448
235.000,38,770.741,334.712,287.216
235.000,39,15.692,123.554,334.902
235.000,40,61.206,711.856,132.097
235.000,41,867.787,1172.326,582.726
235.000,42,282.451,118.820,466.795
235.000,43,860.436,995.485,273.245
235.000,44,242.092,1189.564,391.081
235.000,45,425.854,1431.791,281.580
235.000,46,24.934,626.160,161.214
235.000,47,779.748,84.960,457.531
235.000,48,637.524,1066.073,398.372
235.000,49,310.573,288.301,155.148
235.000,50,124.216,902.785,502.842
235.000,51,554.344,998.177,395.097
235.000,52,855.272,59.599,199.951
235.000,53,237.976,178.657,572.966
235.000,54,73.990,1298.758,374.120
235.000,55,765.794,762.208,465.284
235.000,56,141.784,163.868,181.202
235.000,57,581.144,587.430,515.332
235.000,58,258.165,217.780,534.200
235.000,59,406.238,516.838,597.504
235.000,60,486.779,1120.328,479.474
235.000,61,957.676,342.805,228.158
235.000,62,931.955,1205.488,586.877
235.000,63,859.279,1022.008,277.013
235.000,64,564.586,105.450,467.216
235.000,65,151.985,739.595,481.153
235.000,66,561.017,493.483,140.415
235.000,67,889.464,467.375,218.170
235.000,68,755.033,1441.251,592.238
235.000,69,458.555,148.101,173.273
235.000,70,848.515,247.812,513.831
235.000,71,187.860,1338.957,154.977
235.000,72,779.212,159.977,159.129
235.000,73,867.479,1417.482,586.496
235.000,74,951.596,961.669,320.551
235.000,75,271.574,1363.498,506.517
235.000,76,627.236,1264.363,591.775
235.000,77,627.157,584.768,101.432
235.000,78,596.071,1281.354,243.246
235.000,79,589.779,249.680,484.694
235.000,80,847.644,1105.544,449.492
235.000,81,87.937,1150.741,525.882
235.000,82,365.545,72.094,132.970
235.000,83,394.278,1098.100,226.416
235.000,84,800.381,256.679,330.820
235.000,85,485.769,477.690,475.370
240.000,0,525.946,639.383,176.145
240.000,1,306.034,807.117,477.689
240.000,2,558.633,251.156,482.639
240.000,3,915.659,1032.170,411.391
240.000,4,483.002,1172.153,124.920
240.000,5,464.958,1123.132,170.351
240.000,6,786.012,133.036,576.399
240.000,7,45.749,295.873,294.203
240.000,8,849.901,941.748,429.485
240.000,9,402.070,406.186,491.662
240.000,10,161.946,435.553,263.464
240.000,11,843.336,476.317,378.837
240.000,12,877.427,314.800,278.449
240.000,13,779.769,258.165,404.171
240.000,14,949.097,1277.047,111.625
240.000,15,808.941,959.709,370.443
240.000,16,763.176,974.865,513.666
240.000,17,869.236,237.283,515.212
240.000,18,547.341,569.158,556.178
240.000,19,297.833,553.225,126.572
240.000,20,523.213,1093.955,188.298
240.000,21,182.196,972.061,525.770
240.000,22,960.414,583.586,398.208
240.000,23,578.787,1060.482,459.518
240.000,24,318.167,311.288,470.684
240.000,25,929.133,1405.903,189.913
240.000,26,659.292,576.792,239.453
240.000,27,593.594,293.643,189.245
240.000,28,284.964,741.205,473.669
240.000,29,724.894,203.217,266.329
240.000,30,328.397,768.433,553.565
240.000,31,131.789,470.558,218.233
240.000,32,770.068,498.467,171.185
240.000,33,957.299,8.071,548.959
240.000,34,806.015,908.410,213.014
240.000,35,327.217,1344.379,267.375
240.000,36,633.054,652.734,145.125
240.000,37,102.733,1411.571,103.140
240.000,38,760.684,212.522,289.995
240.000,39,110.662,184.061,339.366
240.000,40,33.537,713.114,133.561
240.000,41,933.204,1232.184,582.957
240.000,42,226.396,41.725,464.478
240.000,43,864.649,862.844,267.111
240.000,44,330.294,1200.188,391.631
240.000,45,529.528,1387.046,283.504
240.000,46,7.257,729.420,160.652
240.000,47,674.950,141.113,455.922
240.000,48,580.492,998.088,399.482
240.000,49,199.517,394.695,151.521
240.000,50,39.415,907.208,502.716
240.000,51,685.076,970.396,401.944
240.000,52,982.697,30.930,204.986
240.000,53,289.554,37.768,566.429
240.000,54,50.017,1224.264,372.068
240.000,55,646.244,785.331,465.564
240.000,56,47.066,211.861,181.983
240.000,57,513.571,612.470,515.820
240.000,58,138.665,249.950,540.260
240.000,59,362.192,576.732,593.431
240.000,60,344.372,1113.206,481.106
240.000,61,995.511,208.728,237.748
240.000,62,988.390,1269.000,585.577
240.000,63,781.529,896.087,274.451
240.000,64,609.196,173.255,464.375
240.000,65,123.018,659.152,480.659
240.000,66,600.759,404.295,140.251
240.000,67,960.128,344.800,217.938
240.000,68,779.808,1372.822,591.542
240.000,69,500.953,90.105,172.444
240.000,70,878.253,371.359,513.798
240.000,71,225.956,1429.080,159.031
240.000,72,715.549,222.634,158.849
240.000,73,920.318,1363.249,583.254
240.000,74,984.929,893.726,319.946
240.000,75,364.964,1334.957,500.751
240.000,76,730.522,1315.360,590.320
240.000,77,657.042,708.858,104.721
240.000,78,504.787,1272.858,237.685
240.000,79,623.759,175.205,485.697
240.000,80,980.454,1092.772,452.873
240.000,81,94.092,1289.412,530.238
240.000,82,274.682,58.964,135.877
240.000,83,294.275,1010.229,230.674
240.000,84,890.241,208.285,334.748
240.000,85,382.352,550.427,480.177
245.000,0,555.436,539.135,175.197
245.000,1,182.368,789.811,477.362
245.000,2,649.197,279.526,483.670
245.000,3,784.972,1060.441,415.866
245.000,4,420.437,1066.098,129.371
245.000,5,606.036,1141.240,171.329
245.000,6,789.235,42.983,579.496
245.000,7,66.744,428.967,295.541
245.000,8,756.208,899.919,432.269
245.000,9,515.922,430.936,484.697
245.000,10,93.086,383.617,261.948
245.000,11,835.315,611.918,385.576
245.000,12,907.210,190.718,270.982
245.000,13,744.257,178.104,402.334
245.000,14,922.826,1136.498,111.371
245.000,15,887.872,1025.350,374.057
245.000,16,851.699,859.453,506.646
245.000,17,799.074,191.484,511.368
245.000,18,579.332,648.045,558.161
245.000,19,229.576,639.587,127.832
245.000,20,390.290,1069.081,189.634
245.000,21,270.756,1025.293,524.444
245.000,22,939.056,629.020,401.979
245.000,23,670.885,1028.370,459.496
245.000,24,372.780,383.552,469.082
245.000,25,847.268,1336.125,190.042
245.000,26,700.979,490.306,236.821
245.000,27,506.894,181.632,191.691
245.000,28,361.325,772.831,476.192
245.000,29,842.343,250.694,269.997
245.000,30,394.157,652.614,559.248
245.000,31,166.026,410.986,222.790
245.000,32,857.187,492.619,170.696
245.000,33,976.890,92.087,549.430
245.000,34,727.007,791.388,213.243
245.000,35,223.023,1306.318,264.357
245.000,36,506.623,678.075,151.029
245.000,37,171.607,1447.394,102.966
245.000,38,726.405,97.800,292.310
245.000,39,197.775,267.637,342.591
245.000,40,119.399,696.015,133.623
245.000,41,1001.792,1278.294,582.060
245.000,42,171.051,53.884,461.816
245.000,43,811.808,742.235,258.529
245.000,44,420.280,1188.626,390.026
245.000,45,642.589,1307.459,282.273
245.000,46,26.619,835.795,161.167
245.000,47,580.342,210.421,456.917
245.000,48,497.095,950.318,398.731
245.000,49,114.559,518.576,150.334
245.000,50,57.808,909.023,501.486
245.000,51,814.342,926.679,407.110
245.000,52,895.421,18.407,209.683
245.000,53,318.351,125.396,560.250
245.000,54,33.547,1154.363,371.634
245.000,55,520.665,795.257,464.410
245.000,56,69.032,244.565,185.375
245.000,57,443.659,622.484,515.475
245.000,58,13.197,284.935,543.845
245.000,59,306.029,630.564,590.565
245.000,60,206.039,1071.605,480.982
245.000,61,917.604,83.432,243.105
245.000,62,979.378,1332.872,583.621
245.000,63,692.523,771.252,276.488
245.000,64,661.055,239.762,462.963
245.000,65,87.775,570.339,482.050
245.000,66,640.718,323.429,137.381
245.000,67,958.586,242.546,218.431
245.000,68,806.091,1305.057,591.243
245.000,69,534.343,14.571,172.102
245.000,70,905.019,500.595,513.112
245.000,71,265.859,1380.906,161.489
245.000,72,646.485,272.400,157.317
245.000,73,967.743,1306.267,582.627
245.000,74,894.209,832.213,318.227
245.000,75,462.097,1333.574,498.721
245.000,76,827.722,1382.222,587.462
245.000,77,656.718,835.708,108.766
245.000,78,421.442,1246.372,235.022
245.000,79,639.389,103.665,487.167
245.000,80,899.628,1064.462,457.709
245.000,81,103.084,1432.001,535.018
245.000,82,191.509,20.233,137.687
245.000,83,198.976,908.231,233.769
245.000,84,990.054,172.316,338.188
245.000,85,280.319,626.999,484.482
250.000,0,570.571,438.595,175.272
250.000,1,56.503,782.054,471.951
250.000,2,733.883,314.906,483.982
250.000,3,654.492,1059.006,419.417
250.000,4,371.715,963.152,134.655
250.000,5,738.908,1180.924,171.908
250.000,6,780.429,62.563,582.376
250.000,7,102.592,558.433,295.466
250.000,8,659.367,872.908,435.584
250.000,9,627.384,437.358,480.057
250.000,10,38.170,320.642,261.221
250.000,11,861.503,739.064,390.807
250.000,12,920.835,58.904,264.422
250.000,13,700.072,96.030,398.533
250.000,14,921.430,992.042,111.485
250.000,15,968.492,1083.314,377.029
250.000,16,957.964,753.699,502.126
250.000,17,738.711,131.446,510.664
250.000,18,610.088,726.129,560.765
250.000,19,156.397,718.673,124.659
250.000,20,255.576,1061.057,188.961
250.000,21,366.843,1067.030,522.739
250.000,22,818.020,686.611,406.593
250.000,23,762.204,982.120,460.003
250.000,24,439.560,458.465,469.778
250.000,25,755.898,1271.592,192.094
250.000,26,740.528,407.443,236.678
250.000,27,405.025,80.459,196.408
250.000,28,436.183,807.574,479.306
250.000,29,953.394,314.659,276.703
250.000,30,483.933,550.785,566.064
250.000,31,198.894,349.418,226.623
250.000,32,942.152,495.814,166.487
250.000,33,976.510,181.026,547.927
250.000,34,660.170,664.226,210.770
250.000,35,121.564,1262.462,261.244
250.000,36,385.637,719.002,155.504
250.000,37,242.739,1428.830,102.318
250.000,38,693.136,12.895,290.258
250.000,39,285.326,342.256,346.256
250.000,40,205.886,704.820,135.591
250.000,41,938.610,1322.586,581.227
250.000,42,124.264,138.507,460.209
250.000,43,764.992,609.146,248.620
250.000,44,505.807,1178.569,389.794
250.000,45,760.536,1221.400,280.708
250.000,46,62.592,935.599,162.242
250.000,47,469.391,243.384,459.451
250.000,48,411.594,911.332,399.475
250.000,49,17.130,626.276,147.795
250.000,50,154.906,904.156,500.212
250.000,51,949.470,914.289,412.513
250.000,52,754.833,6.125,213.782
250.000,53,388.514,254.717,556.860
250.000,54,34.213,1082.897,371.002
250.000,55,401.415,786.666,465.607
250.000,56,173.492,278.928,187.495
250.000,57,377.815,636.020,516.161
250.000,58,112.958,305.288,549.620
250.000,59,257.351,703.044,587.502
250.000,60,59.551,1057.057,484.466
250.000,61,855.753,55.969,249.806
250.000,62,935.176,1405.318,581.795
250.000,63,617.915,639.344,277.010
250.000,64,706.755,313.948,460.001
250.000,65,61.813,490.235,483.415
250.000,66,680.644,239.545,136.663
250.000,67,879.096,133.461,217.464
250.000,68,837.173,1240.641,588.203
250.000,69,561.297,70.712,170.393
250.000,70,939.667,625.329,515.121
250.000,71,277.839,1288.933,164.978
250.000,72,579.039,322.309,155.286
250.000,73,1003.813,1249.732,580.259
250.000,74,801.272,780.449,320.021
250.000,75,551.874,1313.395,494.728
250.000,76,938.321,1430.696,584.996
250.000,77,668.097,957.972,112.011
250.000,78,335.587,1216.253,231.742
250.000,79,667.288,30.731,488.146
250.000,80,761.208,1060.133,462.388
250.000,81,127.152,1316.238,538.885
250.000,82,104.366,17.968,138.847
250.000,83,119.596,800.367,236.564
250.000,84,924.575,131.289,344.423
250.000,85,158.723,659.761,486.021
255.000,0,589.035,330.014,175.847
255.000,1,76.847,776.274,468.938
255.000,2,815.549,351.543,485.903
255.000,3,517.222,1073.521,421.115
255.000,4,312.364,867.799,140.730
255.000,5,864.697,1230.574,173.491
255.000,6,800.629,147.445,585.496
255.000,7,122.128,698.551,292.596
255.000,8,566.842,832.757,440.680
255.000,9,741.346,444.561,473.601
255.000,10,18.895,270.687,259.937
255.000,11,860.044,876.020,398.714
255.000,12,940.200,94.902,257.718
255.000,13,659.195,16.829,393.412
255.000,14,897.586,852.136,111.974
255.000,15,974.573,1147.104,378.331
255.000,16,953.048,648.305,495.816
255.000,17,674.309,78.215,508.711
255.000,18,638.353,810.262,562.465
255.000,19,84.665,803.817,124.555
255.000,20,121.578,1061.722,190.195
255.000,21,460.065,1134.745,520.557
255.000,22,700.662,752.551,409.515
255.000,23,828.825,909.921,458.462
255.000,24,500.703,536.731,469.660
255.000,25,658.691,1206.429,192.002
255.000,26,777.830,318.156,233.492
255.000,27,328.805,56.953,198.745
255.000,28,505.378,854.760,480.699
255.000,29,949.620,382.038,281.220
255.000,30,560.878,438.428,570.374
255.000,31,237.792,285.483,228.779
255.000,32,993.443,495.742,164.404
255.000,33,986.434,264.393,545.945
255.000,34,559.928,562.935,209.284
255.000,35,16.386,1231.503,261.376
255.000,36,269.028,765.415,157.827
255.000,37,298.265,1380.051,102.724
255.000,38,644.059,123.211,293.877
255.000,39,386.757,396.510,352.400
255.000,40,287.716,708.879,137.410
255.000,41,869.761,1365.678,577.477
255.000,42,81.846,227.522,456.657
255.000,43,733.669,474.439,244.397
255.000,44,595.728,1201.374,389.881
255.000,45,884.057,1157.911,278.718
255.000,46,99.993,1033.081,164.619
255.000,47,355.627,265.883,460.219
255.000,48,328.284,872.252,400.217
255.000,49,94.777,735.192,146.657
255.000,50,248.916,874.455,498.803
255.000,51,946.964,866.825,417.768
255.000,52,614.173,12.440,216.918
255.000,53,437.582,388.163,551.287
255.000,54,10.533,1011.567,371.782
255.000,55,280.903,776.401,466.056
255.000,56,267.102,306.845,188.393
255.000,57,304.978,659.878,517.449
255.000,58,226.988,343.840,555.135
255.000,59,206.491,763.010,583.554
255.000,60,88.209,1024.337,486.685
255.000,61,798.339,188.817,255.149
255.000,62,897.537,1430.625,579.071
255.000,63,529.929,520.676,274.198
255.000,64,750.261,385.641,457.388
255.000,65,46.353,398.389,485.298
255.000,66,723.974,157.824,137.250
255.000,67,780.998,40.272,214.665
255.000,68,856.219,1166.140,586.517
255.000,69,585.086,140.071,170.246
255.000,70,970.410,752.867,518.593
255.000,71,309.436,1196.154,168.058
255.000,72,499.801,357.957,155.276
255.000,73,950.306,1194.002,578.469
255.000,74,710.250,727.048,320.962
255.000,75,635.777,1270.117,492.207
255.000,76,961.029,1423.436,583.424
255.000,77,704.508,1082.576,115.223
255.000,78,247.081,1187.083,228.260
255.000,79,689.795,59.986,490.279
255.000,80,623.407,1067.525,466.004
255.000,81,174.396,1179.329,546.966
255.000,82,20.020,62.688,143.038
255.000,83,17.997,706.525,240.097
255.000,84,830.369,93.419,350.242
255.000,85,37.689,706.978,485.850
260.000,0,613.644,227.558,173.507
260.000,1,201.411,767.820,465.647
260.000,2,897.200,393.059,487.471
260.000,3,376.447,1075.869,422.798
260.000,4,246.299,770.394,145.723
260.000,5,982.905,1286.724,177.560
260.000,6,809.734,240.130,588.939
260.000,7,154.361,825.285,290.789
260.000,8,477.981,778.128,446.516
260.000,9,856.619,433.729,466.394
260.000,10,75.988,217.219,258.453
260.000,11,881.125,1007.220,403.224
260.000,12,972.802,216.357,251.652
260.000,13,615.861,69.120,389.238
260.000,14,869.144,712.540,109.543
260.000,15,889.288,1208.086,380.713
260.000,16,866.598,536.028,490.876
260.000,17,612.697,21.070,505.222
260.000,18,663.072,896.305,564.120
260.000,19,16.879,885.243,124.598
260.000,20,18.221,1049.413,189.406
260.000,21,548.356,1200.815,519.880
260.000,22,569.198,803.365,414.286
260.000,23,914.192,869.469,459.023
260.000,24,561.572,611.250,467.422
260.000,25,566.577,1137.905,190.534
260.000,26,821.165,239.106,232.283
260.000,27,223.567,142.424,200.428
260.000,28,569.168,904.780,484.789
260.000,29,847.660,457.078,284.996
260.000,30,634.638,328.169,575.546
260.000,31,285.403,226.252,230.750
260.000,32,905.371,492.384,160.917
260.000,33,979.648,345.992,542.355
260.000,34,458.775,457.701,204.879
260.000,35,89.414,1175.681,261.668
260.000,36,145.670,795.835,161.218
260.000,37,367.555,1337.577,102.641
260.000,38,636.638,242.889,295.789
260.000,39,480.755,460.613,355.337
260.000,40,360.089,715.250,138.461
260.000,41,800.564,1413.524,575.449
260.000,42,50.408,319.717,455.681
260.000,43,718.893,328.352,235.046
260.000,44,680.091,1211.942,388.385
260.000,45,999.966,1074.707,278.085
260.000,46,114.049,1133.803,166.285
260.000,47,245.182,317.316,458.426
260.000,48,253.910,823.268,400.671
260.000,49,197.329,839.678,143.679
260.000,50,341.702,854.698,497.995
260.000,51,815.449,818.100,424.774
260.000,52,484.610,29.219,217.094
260.000,53,462.014,527.899,547.395
260.000,54,12.880,937.377,370.554
260.000,55,155.173,798.013,467.897
260.000,56,365.904,348.074,190.564
260.000,57,227.873,679.440,516.720
260.000,58,352.177,343.610,561.376
260.000,59,168.975,829.122,580.591
260.000,60,227.512,1000.952,486.546
260.000,61,753.672,323.580,260.473
260.000,62,843.594,1371.989,576.316
260.000,63,458.539,389.562,273.680
260.000,64,808.551,450.219,454.060
260.000,65,34.855,307.638,488.124
260.000,66,762.728,76.230,135.330
260.000,67,687.405,72.181,213.648
260.000,68,848.783,1090.478,585.515
260.000,69,622.416,195.978,168.939
260.000,70,988.334,887.475,519.979
260.000,71,333.461,1097.864,171.238
260.000,72,427.684,399.832,153.293
260.000,73,897.526,1151.413,575.108
260.000,74,622.071,676.322,321.380
260.000,75,734.124,1235.415,490.759
260.000,76,854.920,1371.497,582.167
260.000,77,734.082,1208.483,118.608
260.000,78,155.933,1146.619,224.050
260.000,79,714.762,131.262,492.018
260.000,80,489.737,1058.254,467.960
260.000,81,179.934,1031.612,552.966
260.000,82,64.062,126.845,146.675
260.000,83,92.107,613.115,243.113
260.000,84,746.324,42.621,355.300
260.000,85,111.531,745.206,490.041
265.000,0,628.133,122.196,170.260
265.000,1,328.316,760.816,461.966
265.000,2,976.120,425.892,487.980
265.000,3,237.170,1079.749,422.101
265.000,4,199.726,665.294,151.587
265.000,5,903.541,1350.503,176.995
265.000,6,808.475,327.906,590.066
265.000,7,182.593,955.474,290.759
265.000,8,385.074,757.096,450.998
265.000,9,971.188,430.146,461.249
265.000,10,115.635,158.666,257.816
265.000,11,871.514,1140.219,409.956
265.000,12,983.651,336.637,245.434
265.000,13,581.935,148.427,385.598
265.000,14,842.074,574.497,111.338
265.000,15,806.172,1268.874,383.072
265.000,16,765.785,433.920,480.370
265.000,17,543.362,33.288,502.477
265.000,18,703.905,983.663,566.443
265.000,19,79.704,953.996,122.728
265.000,20,155.869,1037.729,191.165
265.000,21,642.722,1243.389,518.441
265.000,22,446.935,865.515,420.497
265.000,23,995.286,815.462,459.580
265.000,24,616.944,683.942,465.100
265.000,25,486.473,1054.109,190.588
265.000,26,851.806,158.673,228.428
265.000,27,114.447,239.974,202.272
265.000,28,644.059,942.480,487.425
265.000,29,737.953,518.194,285.392
265.000,30,723.880,227.677,582.243
265.000,31,323.073,158.799,234.654
265.000,32,811.360,483.595,158.690
265.000,33,991.426,429.781,539.695
265.000,34,396.584,332.252,204.153
265.000,35,195.535,1154.714,259.515
265.000,36,31.836,847.506,167.266
265.000,37,422.797,1287.109,102.598
265.000,38,625.998,363.524,297.277
265.000,39,576.270,534.748,359.124
265.000,40,437.033,717.286,140.474
265.000,41,725.251,1454.675,575.239
265.000,42,16.149,402.503,453.790
265.000,43,731.118,188.440,229.575
265.000,44,765.447,1223.829,388.023
265.000,45,894.778,973.890,279.870
265.000,46,133.905,1233.463,168.353
265.000,47,137.911,369.428,459.113
265.000,48,178.075,771.246,401.650
265.000,49,292.879,939.843,140.770
265.000,50,426.813,822.990,497.457
265.000,51,693.388,763.382,428.202
265.000,52,348.257,46.024,222.555
265.000,53,497.781,671.247,541.440
265.000,54,30.492,856.425,372.040
265.000,55,29.456,792.599,467.580
265.000,56,465.894,391.640,191.499
265.000,57,151.192,708.932,516.900
265.000,58,470.120,372.732,565.725
265.000,59,115.009,885.881,575.509
265.000,60,362.416,980.243,492.361
265.000,61,682.210,444.132,264.812
265.000,62,790.212,1306.584,575.386
265.000,63,363.748,276.035,274.570
265.000,64,842.086,527.131,450.738
265.000,65,28.960,217.677,488.664
265.000,66,783.087,23.042,132.867
265.000,67,591.633,174.059,214.536
265.000,68,868.019,1016.153,585.390
265.000,69,653.279,262.491,166.126
265.000,70,997.797,1015.238,518.768
265.000,71,376.894,1013.357,173.212
265.000,72,356.069,437.555,150.603
265.000,73,837.507,1097.998,570.025
265.000,74,525.973,629.962,322.355
265.000,75,827.615,1220.523,488.615
265.000,76,746.608,1319.617,578.429
265.000,77,733.742,1339.188,123.603
265.000,78,61.985,1136.432,219.863
265.000,79,733.182,204.685,492.194
265.000,80,360.565,1041.151,470.018
265.000,81,211.852,893.739,560.094
265.000,82,143.776,173.644,149.160
265.000,83,177.826,505.263,245.274
265.000,84,647.007,23.377,360.873
265.000,85,225.493,813.563,494.471
270.000,0,632.998,17.816,167.480
270.000,1,448.573,805.445,458.279
270.000,2,968.699,469.638,490.257
270.000,3,95.618,1104.653,425.595
270.000,4,178.117,551.626,158.331
270.000,5,769.899,1391.692,177.255
270.000,6,824.200,416.996,592.066
270.000,7,197.208,1085.947,291.951
270.000,8,291.939,724.454,455.419
270.000,9,924.521,441.215,455.541
270.000,10,155.391,103.049,255.725
270.000,11,879.452,1272.037,416.038
270.000,12,935.668,464.419,236.574
270.000,13,532.816,228.115,381.347
270.000,14,851.433,427.602,109.194
270.000,15,727.497,1335.330,385.304
270.000,16,659.714,328.633,473.629
270.000,17,469.691,76.372,500.157
270.000,18,755.168,1057.812,567.642
270.000,19,170.285,1016.660,121.289
270.000,20,290.560,1040.189,188.300
270.000,21,722.760,1308.171,517.168
270.000,22,333.101,930.294,423.487
270.000,23,935.276,760.512,457.557
270.000,24,684.519,748.645,464.951
270.000,25,396.851,983.168,191.397
270.000,26,897.470,79.102,224.940
270.000,27,21.886,349.310,200.485
270.000,28,705.466,993.320,489.808
270.000,29,636.223,591.868,289.646
270.000,30,813.670,126.576,590.228
270.000,31,383.090,107.017,239.285
270.000,32,719.720,486.625,157.968
270.000,33,995.229,519.038,537.785
270.000,34,320.390,221.335,203.366
270.000,35,294.954,1108.471,257.649
270.000,36,97.235,892.227,171.524
270.000,37,481.212,1244.464,103.113
270.000,38,602.152,472.126,300.293
270.000,39,655.928,624.398,367.289
270.000,40,520.509,717.413,141.674
270.000,41,661.797,1394.874,572.905
270.000,42,57.516,483.347,451.538
270.000,43,697.048,47.772,225.314
270.000,44,849.619,1222.238,388.168
270.000,45,799.007,868.605,283.177
270.000,46,155.992,1338.649,173.109
270.000,47,31.166,419.134,461.570
270.000,48,101.515,721.125,401.412
270.000,49,413.220,1025.695,138.358
270.000,50,526.870,832.447,496.623
270.000,51,560.896,739.043,434.927
270.000,52,220.301,78.736,230.539
270.000,53,526.184,820.006,535.367
270.000,54,56.664,787.488,371.219
270.000,55,106.243,791.376,466.114
270.000,56,566.783,435.065,192.544
270.000,57,81.233,728.915,518.992
270.000,58,592.172,404.847,572.331
270.000,59,70.441,955.693,572.099
270.000,60,507.167,967.901,493.728
270.000,61,628.426,575.531,275.405
270.000,62,731.009,1253.608,572.558
270.000,63,280.845,153.611,274.183
270.000,64,872.579,602.707,449.506
270.000,65,3.871,133.655,487.997
270.000,66,825.488,109.590,132.428
270.000,67,507.604,280.344,213.372
270.000,68,899.899,950.100,584.020
270.000,69,680.547,330.196,164.786
270.000,70,958.490,1139.102,521.991
270.000,71,405.932,918.057,176.174
270.000,72,287.936,487.552,151.147
270.000,73,777.700,1059.995,568.759
270.000,74,436.047,587.559,324.474
270.000,75,927.141,1210.597,485.159
270.000,76,639.789,1275.140,573.734
270.000,77,745.203,1443.913,126.706
270.000,78,39.647,1107.834,216.561
270.000,79,759.213,275.859,493.993
270.000,80,228.963,1042.947,475.295
270.000,81,220.670,749.643,562.735
270.000,82,230.226,212.727,152.552
270.000,83,248.951,385.333,249.795
270.000,84,545.293,18.224,363.614
270.000,85,323.586,903.743,499.246
275.000,0,648.280,93.275,166.852
275.000,1,571.863,822.349,453.339
275.000,2,891.590,520.702,489.975
275.000,3,44.254,1108.341,429.547
275.000,4,125.114,450.875,162.338
275.000,5,639.150,1438.445,176.834
275.000,6,832.474,509.299,595.075
275.000,7,235.189,1209.835,292.451
275.000,8,204.081,697.392,458.314
275.000,9,809.301,435.269,451.315
275.000,10,204.983,48.858,253.929
275.000,11,899.359,1401.570,424.544
275.000,12,916.868,594.432,230.661
275.000,13,490.610,307.602,377.568
275.000,14,802.241,293.490,107.628
275.000,15,670.404,1411.333,386.041
275.000,16,572.971,213.054,467.608
275.000,17,402.868,126.483,498.451
275.000,18,782.213,1139.078,568.634
275.000,19,255.543,1084.286,121.292
275.000,20,427.119,1014.317,187.910
275.000,21,804.273,1372.777,516.423
275.000,22,214.093,975.732,430.996
275.000,23,867.629,689.198,457.118
275.000,24,753.283,821.180,466.653
275.000,25,302.991,920.087,192.819
275.000,26,924.381,14.961,222.073
275.000,27,81.651,460.466,201.618
275.000,28,769.626,1031.459,492.336
275.000,29,529.113,647.389,295.970
275.000,30,916.231,43.832,598.247
275.000,31,421.333,40.504,241.008
275.000,32,636.907,464.539,156.463
275.000,33,999.687,611.393,536.412
275.000,34,245.278,94.196,199.737
275.000,35,378.673,1036.178,257.405
275.000,36,207.007,948.681,174.768
275.000,37,554.998,1207.699,103.578
275.000,38,590.004,594.890,302.321
275.000,39,747.038,699.330,371.629
275.000,40,606.976,715.092,143.668
275.000,41,595.423,1349.652,571.876
275.000,42,105.832,565.606,448.742
275.000,43,661.840,100.660,217.265
275.000,44,938.597,1238.885,387.087
275.000,45,693.700,771.928,282.743
275.000,46,179.800,1441.344,174.626
275.000,47,95.659,450.522,462.301
275.000,48,31.778,663.858,401.923
275.000,49,523.783,1119.400,133.430
275.000,50,618.372,826.952,493.785
275.000,51,437.361,699.657,441.916
275.000,52,80.612,96.694,235.649
275.000,53,526.377,967.905,530.027
275.000,54,63.068,717.630,370.416
275.000,55,226.462,781.624,468.297
275.000,56,668.110,452.606,195.159
275.000,57,8.890,747.255,519.529
275.000,58,718.422,420.118,577.309
275.000,59,26.829,1018.585,570.231
275.000,60,636.864,933.642,495.642
275.000,61,554.221,695.178,283.446
275.000,62,686.181,1202.630,570.555
275.000,63,193.554,36.212,272.092
275.000,64,915.445,674.307,448.117
275.000,65,16.482,50.912,487.601
275.000,66,833.101,215.126,129.844
275.000,67,430.528,394.037,215.296
275.000,68,912.802,874.119,583.134
275.000,69,707.099,398.912,166.203
275.000,70,926.906,1268.909,523.418
275.000,71,433.977,828.132,179.249
275.000,72,222.306,546.271,150.936
275.000,73,720.628,1013.769,566.244
275.000,74,354.303,544.205,324.774
275.000,75,985.173,1195.138,482.146
275.000,76,530.092,1221.092,572.446
275.000,77,767.833,1321.484,130.881
275.000,78,129.858,1085.857,212.709
275.000,79,792.024,341.336,493.724
275.000,80,100.519,1027.350,480.931
275.000,81,237.457,609.476,569.309
275.000,82,313.041,269.783,155.861
275.000,83,344.187,283.453,250.182
275.000,84,452.003,57.770,367.632
275.000,85,431.371,987.782,502.175
280.000,0,677.112,189.086,165.665
280.000,1,703.573,826.662,445.427
280.000,2,802.575,534.980,489.976
280.000,3,190.064,1132.814,430.857
280.000,4,68.248,344.783,164.955
280.000,5,515.187,1431.331,177.054
280.000,6,835.359,596.208,598.454
280.000,7,257.589,1332.395,292.670
280.000,8,113.585,671.500,462.240
280.000,9,688.198,426.153,443.924
280.000,10,252.290,14.279,250.601
280.000,11,892.339,1373.280,431.240
280.000,12,888.568,721.885,227.348
280.000,13,447.946,377.916,375.537
280.000,14,796.367,156.718,105.945
280.000,15,589.909,1429.253,389.253
280.000,16,495.927,88.647,457.441
280.000,17,327.255,163.830,495.578
280.000,18,817.697,1228.493,569.515
280.000,19,354.146,1133.210,121.354
280.000,20,560.221,1000.560,187.413
280.000,21,895.046,1429.031,514.143
280.000,22,83.414,997.865,440.230
280.000,23,804.913,616.985,454.257
280.000,24,828.907,882.624,466.423
280.000,25,199.803,872.636,189.878
280.000,26,966.969,93.315,219.755
280.000,27,173.314,575.434,199.926
280.000,28,851.809,1064.957,494.822
280.000,29,413.414,708.315,302.037
280.000,30,1000.617,48.544,594.216
280.000,31,455.319,42.036,244.371
280.000,32,549.210,465.785,155.371
280.000,33,1008.661,700.045,532.868
280.000,34,147.965,14.459,200.026
280.000,35,478.031,982.886,254.653
280.000,36,301.039,1023.174,177.485
280.000,37,631.524,1174.486,103.946
280.000,38,559.207,710.560,303.247
280.000,39,854.064,754.453,376.891
280.000,40,693.362,706.088,144.224
280.000,41,530.200,1301.301,570.288
280.000,42,168.853,641.289,447.236
280.000,43,612.254,224.323,215.382
280.000,44,976.665,1257.515,386.834
280.000,45,574.823,685.258,282.165
280.000,46,211.552,1369.434,176.646
280.000,47,204.845,475.013,461.757
280.000,48,43.024,618.686,402.052
280.000,49,645.573,1191.889,132.092
280.000,50,715.571,805.387,491.843
280.000,51,311.075,656.678,448.723
280.000,52,52.925,107.279,238.854
280.000,53,588.534,1108.858,524.817
280.000,54,91.186,648.321,369.768
280.000,55,350.489,779.371,469.460
280.000,56,772.310,467.094,197.894
280.000,57,58.764,777.605,519.796
280.000,58,846.523,435.352,583.396
280.000,59,18.848,1082.903,567.683
280.000,60,773.554,905.990,495.588
280.000,61,497.235,817.068,288.521
280.000,62,632.733,1142.686,567.892
280.000,63,108.713,82.307,272.197
280.000,64,954.145,749.709,444.062
280.000,65,51.257,42.526,485.336
280.000,66,860.368,304.358,128.682
280.000,67,344.861,506.556,211.428
280.000,68,943.433,805.510,581.585
280.000,69,738.319,463.650,165.550
280.000,70,896.052,1396.473,524.040
280.000,71,471.147,733.833,183.823
280.000,72,153.570,598.847,149.893
280.000,73,666.882,960.807,563.668
280.000,74,255.630,506.018,323.843
280.000,75,890.235,1168.455,479.766
280.000,76,420.430,1169.132,569.959
280.000,77,789.968,1193.693,133.828
280.000,78,219.599,1071.927,208.767
280.000,79,831.298,410.144,494.449
280.000,80,50.632,998.810,484.377
280.000,81,250.232,466.134,577.433
280.000,82,399.593,311.262,159.063
280.000,83,447.673,192.310,251.808
280.000,84,347.884,82.372,371.504
280.000,85,549.457,1044.634,505.087
285.000,0,695.877,297.435,165.392
285.000,1,827.196,828.329,440.032
285.000,2,725.397,571.448,491.761
285.000,3,335.156,1131.531,433.937
285.000,4,2.952,242.796,172.339
285.000,5,385.245,1395.086,179.761
285.000,6,843.317,691.293,598.373
285.000,7,287.198,1456.534,292.317
285.000,8,19.648,662.721,465.792
285.000,9,571.862,416.924,439.617
285.000,10,299.803,64.147,249.596
285.000,11,899.948,1242.995,437.428
285.000,12,846.830,832.336,222.374
285.000,13,408.042,457.232,370.494
285.000,14,765.514,18.793,107.181
285.000,15,508.245,1369.563,393.849
285.000,16,409.924,50.138,448.721
285.000,17,260.924,219.382,492.104
285.000,18,851.093,1308.382,569.390
285.000,19,429.217,1217.745,119.647
285.000,20,696.159,994.568,187.623
285.000,21,984.503,1430.063,513.391
285.000,22,48.251,1039.539,443.758
285.000,23,748.658,550.162,453.774
285.000,24,899.378,959.001,465.788
285.000,25,98.998,808.989,185.337
285.000,26,1000.041,173.266,217.413
285.000,27,279.528,657.301,201.548
285.000,28,935.935,1093.103,496.865
285.000,29,298.387,761.396,307.866
285.000,30,883.464,118.456,586.741
285.000,31,512.906,102.059,248.474
285.000,32,465.325,460.305,153.926
285.000,33,1004.867,781.614,532.181
285.000,34,61.751,121.649,200.118
285.000,35,582.861,932.574,253.370
285.000,36,414.283,1052.423,179.546
285.000,37,702.022,1127.271,104.639
285.000,38,518.017,830.978,306.860
285.000,39,956.193,810.124,381.174
285.000,40,777.701,700.344,146.142
285.000,41,458.670,1262.220,567.767
285.000,42,201.731,737.773,443.944
285.000,43,582.423,361.737,206.287
285.000,44,888.106,1255.314,385.272
285.000,45,452.020,609.897,284.432
285.000,46,223.444,1264.509,178.250
285.000,47,317.860,514.199,461.382
285.000,48,125.846,578.608,402.600
285.000,49,764.357,1276.891,130.254
285.000,50,806.269,781.978,490.776
285.000,51,179.035,615.752,456.012
285.000,52,188.459,124.095,244.914
285.000,53,657.656,1241.855,518.203
285.000,54,112.102,575.256,370.606
285.000,55,471.325,802.806,467.056
285.000,56,875.705,497.324,201.395
285.000,57,128.435,806.788,520.159
285.000,58,964.829,469.247,589.511
285.000,59,74.949,1149.337,565.867
285.000,60,912.838,869.053,496.739
285.000,61,428.548,943.626,291.907
285.000,62,586.507,1078.752,566.749
285.000,63,30.252,209.460,274.002
285.000,64,1008.230,812.032,440.998
285.000,65,82.125,126.371,484.643
285.000,66,875.052,394.899,128.966
285.000,67,256.791,607.119,211.063
285.000,68,964.019,732.707,581.499
285.000,69,764.070,536.856,164.452
285.000,70,844.402,1392.812,525.081
285.000,71,488.182,638.036,187.534
285.000,72,84.198,645.233,150.309
285.000,73,608.006,912.759,561.234
285.000,74,165.110,445.781,324.546
285.000,75,796.923,1163.437,478.019
285.000,76,331.511,1092.254,568.913
285.000,77,792.575,1057.685,138.483
285.000,78,313.074,1040.049,207.194
285.000,79,854.718,482.175,495.926
285.000,80,181.461,993.265,487.549
285.000,81,234.698,320.428,581.723
285.000,82,480.006,359.350,161.828
285.000,83,515.828,75.834,257.710
285.000,84,243.906,112.033,374.197
285.000,85,650.862,1123.822,511.874
290.000,0,693.555,402.191,165.569
290.000,1,955.117,794.897,437.053
290.000,2,637.132,612.611,493.923
290.000,3,471.731,1117.210,440.206
290.000,4,54.829,139.314,177.196
290.000,5,255.804,1347.606,182.889
290.000,6,837.419,787.848,597.192
290.000,7,303.132,1323.038,294.049
290.000,8,78.872,624.439,467.331
290.000,9,450.869,412.861,437.090
290.000,10,349.973,122.714,248.730
290.000,11,914.540,1111.676,443.503
290.000,12,794.891,947.944,217.232
290.000,13,369.985,534.740,366.198
290.000,14,745.442,133.498,105.248
290.000,15,431.894,1309.911,395.264
290.000,16,299.899,142.031,443.238
290.000,17,202.409,275.309,490.229
290.000,18,873.528,1394.095,571.915
290.000,19,493.515,1291.242,118.865
290.000,20,828.722,965.472,185.973
290.000,21,934.049,1370.249,511.414
290.000,22,165.466,1095.491,447.429
290.000,23,664.319,492.558,450.989
290.000,24,963.849,1031.557,464.498
290.000,25,1.173,745.766,184.893
290.000,26,971.588,260.885,215.256
290.000,27,395.251,735.902,200.181
290.000,28,994.944,1129.708,500.974
290.000,29,194.934,838.488,315.575
290.000,30,795.949,224.939,578.488
290.000,31,560.234,161.253,253.561
290.000,32,377.089,450.809,152.942
290.000,33,990.229,871.755,532.641
290.000,34,11.759,244.461,196.948
290.000,35,686.752,890.504,252.915
290.000,36,527.902,1086.540,183.099
290.000,37,771.755,1080.258,104.263
290.000,38,488.528,951.400,307.650
290.000,39,951.816,857.675,386.946
290.000,40,866.765,698.579,148.161
290.000,41,402.538,1186.266,564.187
290.000,42,257.257,825.906,440.766
290.000,43,548.786,501.395,198.160
290.000,44,798.732,1283.509,387.138
290.000,45,337.778,521.536,287.673
290.000,46,258.999,1166.214,177.482
290.000,47,428.224,557.868,462.592
290.000,48,202.925,531.344,402.533
290.000,49,871.505,1378.433,127.211
290.000,50,894.461,758.809,489.240
290.000,51,44.259,605.197,462.139
290.000,52,319.429,142.392,248.988
290.000,53,695.891,1385.949,514.744
290.000,54,122.977,503.664,370.223
290.000,55,602.002,820.162,465.675
290.000,56,990.542,516.489,203.455
290.000,57,195.363,834.131,519.415
290.000,58,915.330,473.390,593.948
290.000,59,143.492,1205.797,564.357
290.000,60,945.310,844.076,495.312
290.000,61,336.579,1059.723,299.809
290.000,62,540.062,1016.323,564.620
290.000,63,66.510,328.598,272.386
290.000,64,973.614,897.529,437.414
290.000,65,114.656,206.423,486.086
290.000,66,898.318,489.554,128.063
290.000,67,180.878,715.617,213.637
290.000,68,974.921,658.536,579.118
290.000,69,770.230,612.017,162.929
290.000,70,824.079,1262.441,525.666
290.000,71,512.717,545.442,191.445
290.000,72,9.011,679.452,148.762
290.000,73,547.601,860.527,557.688
290.000,74,73.984,389.959,324.950
290.000,75,696.376,1131.331,472.826
290.000,76,231.118,1030.392,564.155
290.000,77,823.181,929.792,139.930
290.000,78,409.789,1024.049,203.516
290.000,79,871.262,554.850,495.506
290.000,80,304.434,969.110,488.587
290.000,81,224.609,171.074,586.246
290.000,82,558.283,407.488,163.593
290.000,83,584.192,39.500,264.976
290.000,84,144.738,147.725,376.678
290.000,85,763.068,1174.344,516.509
295.000,0,718.923,500.484,166.546
295.000,1,928.403,784.926,431.338
295.000,2,554.224,653.301,494.310
295.000,3,604.501,1106.072,443.186
295.000,4,99.356,29.460,181.912
295.000,5,125.683,1304.679,187.667
295.000,6,848.667,880.520,594.940
295.000,7,322.831,1194.299,294.135
295.000,8,174.166,595.930,469.723
295.000,9,336.371,411.764,433.500
295.000,10,405.964,182.074,246.986
295.000,11,930.273,985.814,450.069
295.000,12,777.036,1078.516,213.014
295.000,13,314.271,608.569,363.129
295.000,14,742.807,267.679,105.719
295.000,15,354.848,1238.123,397.894
295.000,16,173.686,223.933,436.749
295.000,17,147.699,336.044,488.187
295.000,18,902.916,1433.597,570.590
295.000,19,578.235,1357.773,115.939
295.000,20,959.676,929.705,187.923
295.000,21,835.102,1318.880,510.095
295.000,22,285.154,1144.406,452.126
295.000,23,578.236,444.118,450.720
295.000,24,991.951,1104.848,464.519
295.000,25,104.185,689.735,184.854
295.000,26,922.339,337.585,212.496
295.000,27,508.493,829.847,205.073
295.000,28,918.118,1161.735,503.395
295.000,29,90.626,921.753,318.800
295.000,30,706.889,328.116,571.926
295.000,31,607.654,222.906,255.665
295.000,32,280.065,461.804,151.412
295.000,33,952.413,949.266,531.341
295.000,34,73.946,366.100,196.999
295.000,35,791.827,844.033,251.852
295.000,36,640.918,1132.794,186.374
295.000,37,847.134,1041.567,103.964
295.000,38,460.212,1066.961,307.557
295.000,39,854.708,923.856,391.887
295.000,40,948.793,697.115,147.791
295.000,41,346.658,1134.224,562.660
295.000,42,298.981,915.988,436.875
295.000,43,539.738,640.121,190.500
295.000,44,711.009,1286.971,387.031
295.000,45,216.575,446.941,287.334
295.000,46,299.887,1066.438,177.737
295.000,47,534.305,609.526,463.377
295.000,48,283.335,494.235,401.402
295.000,49,961.446,1399.961,125.194
295.000,50,986.747,750.644,486.812
295.000,51,100.447,583.524,468.466
295.000,52,452.915,125.192,253.836
295.000,53,738.589,1368.269,509.490
295.000,54,145.301,438.532,370.140
295.000,55,729.347,814.121,459.492
295.000,56,904.844,541.199,205.002
295.000,57,271.491,855.231,517.452
295.000,58,796.315,492.939,596.511
295.000,59,199.031,1267.930,561.606
295.000,60,808.714,853.111,499.036
295.000,61,237.804,1162.933,308.032
295.000,62,502.048,943.034,563.553
295.000,63,173.811,437.422,273.930
295.000,64,937.583,975.897,436.108
295.000,65,141.097,300.065,488.418
295.000,66,934.442,577.055,127.130
295.000,67,103.568,819.820,213.180
295.000,68,985.907,581.574,577.977
295.000,69,798.809,677.722,161.524
295.000,70,776.178,1144.979,527.836
295.000,71,557.386,462.163,194.958
295.000,72,66.260,721.433,148.088
295.000,73,488.613,814.504,554.872
295.000,74,1.486,315.582,323.547
295.000,75,599.581,1098.018,468.405
295.000,76,117.315,984.244,562.542
295.000,77,820.332,802.613,141.875
295.000,78,501.841,1011.529,200.808
295.000,79,891.146,622.640,496.293
295.000,80,440.731,973.168,492.545
295.000,81,204.716,21.431,594.047
295.000,82,635.881,456.492,168.146
295.000,83,669.718,149.332,272.063
295.000,84,45.255,174.993,379.673
295.000,85,870.564,1242.989,520.853
