seed,t,src,dst,dist_m,rssi_level,rssi_slope,rssi_n,beacon_ratio,retry_rate,tx_attempts,trials_probe,fails_probe,trials_cbr,fails_cbr,trials_future,fails_future,pdr_future
8,4.0000,0,2,366.4473,-86.8422,0.0407,28,0.7000,0.0000,4,6,4,0,0,6,4,0.3333
8,4.0000,0,7,627.9354,-88.7287,-0.1579,7,0.1750,1.0000,8,5,4,0,0,5,4,0.2000
8,4.0000,0,9,346.9494,-84.3720,-0.8655,37,0.9250,0.0000,4,6,4,0,0,6,4,0.3333
8,4.0000,0,10,129.7672,-76.4239,-0.0534,40,1.0000,0.0000,4,4,0,0,0,4,0,1.0000
8,4.0000,0,27,307.4872,-84.9377,-0.2656,39,0.9750,0.0000,4,4,2,0,0,4,2,0.5000
8,4.0000,1,11,525.9685,-88.4000,0.1126,18,0.4500,0.7143,7,7,6,0,0,7,6,0.1429
8,4.0000,1,12,705.0787,-89.5535,1.8536,3,0.0750,,0,6,6,0,0,6,6,0.0000
8,4.0000,1,22,316.3642,-86.1457,-0.2861,34,0.8500,0.2000,5,4,0,0,0,4,0,1.0000
8,4.0000,1,25,380.4639,-87.6272,0.2613,31,0.7750,0.2000,5,7,6,0,0,7,6,0.1429
8,4.0000,1,27,629.7418,-89.3525,-0.1034,5,0.1250,1.0000,6,8,8,0,0,8,8,0.0000
8,4.0000,2,0,366.4473,-86.5237,-0.0948,30,0.7500,0.8333,6,9,4,0,0,9,4,0.5556
8,4.0000,2,7,666.3211,-88.0821,-0.9526,5,0.1250,0.8571,7,4,4,0,0,4,4,0.0000
8,4.0000,2,9,465.3944,-87.2996,-0.5030,25,0.6250,0.2000,5,7,6,0,0,7,6,0.1429
8,4.0000,2,10,403.6258,-87.8187,0.5415,22,0.5500,0.7143,7,4,0,0,0,4,0,1.0000
8,4.0000,2,27,556.8009,-87.9359,0.1565,14,0.3500,0.8000,5,10,10,0,0,10,10,0.0000
8,4.0000,3,12,291.1881,-85.5773,0.2673,34,0.8500,0.7143,7,4,0,0,0,4,0,1.0000
8,4.0000,3,16,557.2284,-87.2492,0.1339,8,0.2000,0.8889,9,8,8,0,0,8,8,0.0000
8,4.0000,3,25,598.6052,-89.1069,0.1206,5,0.1250,1.0000,4,8,7,0,0,8,7,0.1250
8,4.0000,4,13,332.0628,-86.8693,0.1272,33,0.8250,0.0000,4,3,0,0,0,3,0,1.0000
8,4.0000,4,21,189.9747,-81.3608,0.4000,40,1.0000,0.0000,4,4,0,0,0,4,0,1.0000
8,4.0000,5,6,250.9838,-83.2810,-0.0071,40,1.0000,0.0000,3,5,0,0,0,5,0,1.0000
8,4.0000,5,11,297.8676,-85.0800,-0.2532,38,0.9500,0.0000,4,7,3,0,0,7,3,0.5714
8,4.0000,5,17,422.0703,-87.8255,0.1796,22,0.5500,0.7143,7,4,0,0,0,4,0,1.0000
8,4.0000,5,22,503.6288,-87.5651,-0.2598,18,0.4500,0.4000,5,8,8,0,0,8,8,0.0000
8,4.0000,6,5,250.9838,-83.6875,-0.1650,37,0.9487,0.0000,4,3,0,0,0,3,0,1.0000
8,4.0000,6,11,532.0672,-87.9334,0.0011,10,0.2564,0.8750,8,8,8,0,0,8,8,0.0000
8,4.0000,6,14,531.4371,-88.2864,0.8526,12,0.3077,0.8750,8,8,7,0,0,8,7,0.1250
8,4.0000,6,17,181.3402,-83.1422,1.6324,38,0.9744,0.2000,5,4,0,0,0,4,0,1.0000
8,4.0000,6,22,733.7582,-88.8797,0.1908,3,0.0769,1.0000,4,6,6,0,0,6,6,0.0000
8,4.0000,7,0,627.9354,-88.2115,0.8496,8,0.2000,1.0000,8,6,6,0,0,6,6,0.0000
8,4.0000,7,2,666.3211,-88.7551,-0.2877,6,0.1500,1.0000,8,8,8,0,0,8,8,0.0000
8,4.0000,7,9,311.1860,-86.3715,0.0975,32,0.8000,0.2000,5,4,0,0,0,4,0,1.0000
8,4.0000,7,10,636.4584,-88.4943,0.4749,3,0.0750,1.0000,6,8,8,0,0,8,8,0.0000
8,4.0000,7,27,645.6362,-88.8938,0.0791,6,0.1500,1.0000,8,8,8,0,0,8,8,0.0000
8,4.0000,8,24,510.7464,-88.3740,0.1537,23,0.5750,0.5714,7,8,7,0,0,8,7,0.1250
8,4.0000,8,26,428.0240,-86.5869,-0.3435,27,0.6750,0.5000,6,8,7,0,0,8,7,0.1250
8,4.0000,9,0,346.9494,-84.4595,-1.3090,40,0.9756,0.0000,4,5,1,0,0,5,1,0.8000
8,4.0000,9,2,465.3944,-87.9843,-0.0913,28,0.6829,0.8750,8,7,6,0,0,7,6,0.1429
8,4.0000,9,7,311.1860,-86.5592,0.4433,34,0.8293,0.3333,6,4,0,0,0,4,0,1.0000
8,4.0000,9,10,329.4001,-86.2109,0.0717,38,0.9268,0.0000,4,4,0,0,0,4,0,1.0000
8,4.0000,9,27,477.9729,-88.0025,-0.6000,26,0.6341,0.6000,5,8,6,0,0,8,6,0.2500
8,4.0000,10,0,129.7672,-75.9611,0.2056,39,0.9750,0.0000,3,5,0,0,0,5,0,1.0000
8,4.0000,10,2,403.6258,-87.5723,0.1448,23,0.5750,0.7500,8,5,2,0,0,5,2,0.6000
8,4.0000,10,7,636.4584,-88.7201,0.3474,7,0.1750,1.0000,6,6,6,0,0,6,6,0.0000
8,4.0000,10,9,329.4001,-86.4153,-0.4322,35,0.8750,0.0000,4,5,2,0,0,5,2,0.6000
8,4.0000,10,27,421.2428,-86.4817,-0.0333,31,0.7750,0.6667,6,7,5,0,0,7,5,0.2857
8,4.0000,11,1,525.9685,-88.7691,-0.1976,11,0.2821,1.0000,8,7,5,0,0,7,5,0.2857
8,4.0000,11,5,297.8676,-84.4982,-0.1167,38,0.9744,0.0000,4,5,2,0,0,5,2,0.6000
8,4.0000,11,6,532.0672,-87.7193,-0.0254,10,0.2564,0.8571,7,8,8,0,0,8,8,0.0000
8,4.0000,11,17,711.4056,-89.5820,-0.1347,3,0.0769,,0,6,6,0,0,6,6,0.0000
8,4.0000,11,22,421.9852,-87.4249,0.1393,21,0.5385,0.7143,7,4,0,0,0,4,0,1.0000
8,4.0000,12,3,291.1881,-85.7013,0.2158,37,0.9250,0.0000,4,4,0,0,0,4,0,1.0000
8,4.0000,12,16,460.9429,-87.6872,-0.0506,18,0.4500,0.5000,6,7,6,0,0,7,6,0.1429
8,4.0000,12,25,325.5008,-84.8625,-0.5901,34,0.8500,0.2000,5,6,3,0,0,6,3,0.5000
8,4.0000,13,4,332.0628,-85.9416,0.5733,34,0.8500,0.4286,7,5,1,0,0,5,1,0.8000
8,4.0000,13,21,234.4378,-82.6202,-0.7578,38,0.9500,0.0000,3,5,0,0,0,5,0,1.0000
8,4.0000,14,6,531.4371,-88.8062,0.1495,16,0.4000,1.0000,6,8,8,0,0,8,8,0.0000
8,4.0000,14,17,493.9905,-88.2542,0.4460,15,0.3750,0.7500,8,8,7,0,0,8,7,0.1250
8,4.0000,14,19,268.5784,-85.7203,0.7359,38,0.9500,0.0000,4,5,1,0,0,5,1,0.8000
8,4.0000,14,20,383.8285,-87.5049,0.3034,22,0.5500,0.7143,7,6,4,0,0,6,4,0.3333
8,4.0000,14,23,634.1532,-89.2891,-0.2143,4,0.1000,1.0000,8,5,4,0,0,5,4,0.2000
8,4.0000,15,4,648.0309,-89.2433,0.0692,3,0.0750,1.0000,2,8,8,0,0,8,8,0.0000
8,4.0000,15,21,582.0638,-89.1298,-0.5617,3,0.0750,1.0000,2,9,7,0,0,9,7,0.2222
8,4.0000,15,23,430.8475,-87.6486,-0.5211,22,0.5500,0.4000,5,6,4,0,0,6,4,0.3333
8,4.0000,16,3,557.2284,-88.4844,-0.0868,12,0.3077,1.0000,8,6,4,0,0,6,4,0.3333
8,4.0000,16,12,460.9429,-87.5948,0.2072,28,0.7179,0.2500,4,7,4,0,0,7,4,0.4286
8,4.0000,16,25,411.1176,-87.4994,-0.4401,26,0.6667,0.6667,6,8,7,0,0,8,7,0.1250
8,4.0000,17,5,422.0703,-87.5913,0.4143,21,0.5122,0.8000,5,5,2,0,0,5,2,0.6000
8,4.0000,17,6,181.3402,-83.5643,0.7768,40,0.9756,0.0000,4,3,0,0,0,3,0,1.0000
8,4.0000,17,14,493.9905,-87.8946,0.5602,14,0.3415,0.5000,4,7,6,0,0,7,6,0.1429
8,4.0000,17,19,577.6714,-88.6032,0.0667,5,0.1220,0.8571,7,8,8,0,0,8,8,0.0000
8,4.0000,17,20,566.5938,-88.6327,0.5565,7,0.1707,1.0000,4,6,4,0,0,6,4,0.3333
8,4.0000,19,14,268.5784,-85.4182,0.8463,36,0.9000,0.2000,5,4,0,0,0,4,0,1.0000
8,4.0000,19,17,577.6714,-87.8101,0.3070,7,0.1750,1.0000,6,7,6,0,0,7,6,0.1429
8,4.0000,19,20,164.5505,-82.5671,1.1851,40,1.0000,0.2000,5,4,0,0,0,4,0,1.0000
8,4.0000,19,23,600.7601,-88.4545,-0.2360,12,0.3000,0.8571,7,8,8,0,0,8,8,0.0000
8,4.0000,20,14,383.8285,-88.0425,-0.0465,17,0.4250,1.0000,6,6,3,0,0,6,3,0.5000
8,4.0000,20,17,566.5938,-88.1230,0.9526,6,0.1500,1.0000,4,9,6,0,0,9,6,0.3333
8,4.0000,20,19,164.5505,-82.7171,1.4899,38,0.9500,0.0000,4,4,0,0,0,4,0,1.0000
8,4.0000,21,4,189.9747,-82.2536,0.6025,39,0.9750,0.0000,4,4,0,0,0,4,0,1.0000
8,4.0000,21,13,234.4378,-83.4072,-0.3792,40,1.0000,0.0000,4,4,0,0,0,4,0,1.0000
8,4.0000,21,15,582.0638,-88.7980,0.2725,3,0.0750,1.0000,2,10,10,0,0,10,10,0.0000
8,4.0000,22,1,316.3642,-86.0831,0.1107,33,0.8250,0.4000,5,6,2,0,0,6,2,0.6667
8,4.0000,22,5,503.6288,-87.5155,-0.6159,19,0.4750,0.8333,6,8,8,0,0,8,8,0.0000
8,4.0000,22,11,421.9852,-88.1919,-0.0083,24,0.6000,0.6667,6,7,6,0,0,7,6,0.1429
8,4.0000,23,14,634.1532,-88.7052,-0.1015,7,0.1750,1.0000,6,8,8,0,0,8,8,0.0000
8,4.0000,23,15,430.8475,-87.4851,0.2590,24,0.6000,0.8571,7,6,4,0,0,6,4,0.3333
8,4.0000,23,19,600.7601,-88.6514,0.0684,14,0.3500,1.0000,8,6,6,0,0,6,6,0.0000
8,4.0000,24,8,510.7464,-88.4382,0.0940,18,0.4500,1.0000,6,8,8,0,0,8,8,0.0000
8,4.0000,25,1,380.4639,-87.0621,-0.1554,30,0.7500,0.8750,8,6,3,0,0,6,3,0.5000
8,4.0000,25,3,598.6052,-89.1512,-0.3148,3,0.0750,1.0000,8,6,6,0,0,6,6,0.0000
8,4.0000,25,12,325.5008,-85.5201,0.4052,35,0.8750,0.2000,5,6,2,0,0,6,2,0.6667
8,4.0000,25,16,411.1176,-86.9197,0.3817,25,0.6250,0.2000,5,7,5,0,0,7,5,0.2857
8,4.0000,25,27,547.0586,-88.4592,0.1229,4,0.1000,1.0000,6,7,5,0,0,7,5,0.2857
8,4.0000,26,8,428.0240,-87.4773,0.1204,23,0.5750,0.0000,4,6,3,0,0,6,3,0.5000
8,4.0000,27,0,307.4872,-85.4386,-0.0051,40,0.9756,0.0000,4,6,2,0,0,6,2,0.6667
8,4.0000,27,1,629.7418,-88.7879,-0.1984,5,0.1220,1.0000,8,8,8,0,0,8,8,0.0000
8,4.0000,27,2,556.8009,-88.1459,0.5057,11,0.2683,1.0000,8,8,7,0,0,8,7,0.1250
8,4.0000,27,7,645.6362,-89.2158,-0.0399,10,0.2439,0.7500,8,6,6,0,0,6,6,0.0000
8,4.0000,27,9,477.9729,-87.7839,-0.2991,27,0.6585,0.8750,8,8,7,0,0,8,7,0.1250
8,4.0000,27,10,421.2428,-87.0473,-0.0539,22,0.5366,0.4000,5,8,7,0,0,8,7,0.1250
8,4.0000,27,25,547.0586,-88.5232,-0.0080,6,0.1463,0.8333,6,7,6,0,0,7,6,0.1429
8,8.0000,0,2,362.1095,-86.9472,0.2506,30,0.7500,0.6667,6,6,3,0,0,6,3,0.5000
8,8.0000,0,9,484.0011,-87.7020,0.0589,26,0.6500,0.6667,6,8,7,0,0,8,7,0.1250
8,8.0000,0,10,248.2515,-80.9129,-1.6707,40,1.0000,0.0000,4,5,1,0,0,5,1,0.8000
8,8.0000,0,27,355.8329,-85.9703,0.1140,30,0.7500,0.5000,4,6,2,0,0,6,2,0.6667
8,8.0000,1,11,545.7136,-88.9403,-0.2827,11,0.2750,0.8571,7,8,8,0,0,8,8,0.0000
8,8.0000,1,16,587.1098,-88.8516,-0.0816,9,0.2250,1.0000,8,8,8,0,0,8,8,0.0000
8,8.0000,1,22,309.9368,-85.5817,0.1653,33,0.8250,0.0000,4,5,2,0,0,5,2,0.6000
8,8.0000,1,25,404.7499,-86.3324,0.1188,26,0.6500,0.8571,7,7,6,0,0,7,6,0.1429
8,8.0000,1,27,585.4898,-87.6761,0.6869,5,0.1250,1.0000,8,10,10,0,0,10,10,0.0000
8,8.0000,2,0,362.1095,-86.3300,0.3510,25,0.6250,0.4444,9,6,3,0,0,6,3,0.5000
8,8.0000,2,9,578.8412,-88.1278,-0.1210,12,0.3000,0.8571,7,8,8,0,0,8,8,0.0000
8,8.0000,2,10,373.7575,-87.3229,-0.0537,33,0.8250,0.0000,4,5,1,0,0,5,1,0.8000
8,8.0000,2,27,606.4721,-88.8304,0.4581,8,0.2000,1.0000,10,8,8,0,0,8,8,0.0000
8,8.0000,3,12,288.0398,-85.4308,0.2367,39,0.9750,0.0000,4,5,1,0,0,5,1,0.8000
8,8.0000,3,16,585.3932,-88.3678,0.0194,8,0.2000,1.0000,8,8,8,0,0,8,8,0.0000
8,8.0000,3,25,600.8211,-88.1245,-0.2359,4,0.1000,0.8750,8,8,8,0,0,8,8,0.0000
8,8.0000,4,13,347.9172,-86.8372,-0.1350,35,0.8750,0.0000,3,7,4,0,0,7,4,0.4286
8,8.0000,4,21,218.1377,-81.3907,0.3576,40,1.0000,0.0000,4,5,1,0,0,5,1,0.8000
8,8.0000,5,6,269.0884,-84.5891,-0.0573,38,0.9500,0.0000,5,4,0,0,0,4,0,1.0000
8,8.0000,5,11,339.8900,-84.9675,-0.1025,31,0.7750,0.4286,7,6,3,0,0,6,3,0.5000
8,8.0000,5,17,384.1694,-87.1820,0.3768,29,0.7250,0.0000,4,6,3,0,0,6,3,0.5000
8,8.0000,5,22,625.9218,-88.7970,-0.5479,8,0.2000,1.0000,8,4,4,0,0,4,4,0.0000
8,8.0000,6,5,269.0884,-83.8945,-0.0848,39,0.9750,0.0000,3,5,1,0,0,5,1,0.8000
8,8.0000,6,11,589.4319,-89.0896,-0.2527,13,0.3250,1.0000,8,4,4,0,0,4,4,0.0000
8,8.0000,6,14,548.0670,-88.7840,-0.2305,12,0.3000,0.8750,8,8,7,0,0,8,7,0.1250
8,8.0000,6,17,130.6464,-78.4767,0.5301,40,1.0000,0.0000,4,4,0,0,0,4,0,1.0000
8,8.0000,6,20,505.5994,-88.6892,0.3004,10,0.2500,1.0000,8,5,2,0,0,5,2,0.6000
8,8.0000,7,9,284.1153,-86.1389,0.7565,37,0.9250,0.0000,4,4,0,0,0,4,0,1.0000
8,8.0000,7,10,653.9359,-89.6169,0.0657,4,0.1000,1.0000,8,4,4,0,0,4,4,0.0000
8,8.0000,8,24,584.4596,-88.9179,0.0566,11,0.2750,0.8750,8,8,8,0,0,8,8,0.0000
8,8.0000,8,26,465.7396,-87.9468,0.5917,21,0.5250,0.8750,8,8,7,0,0,8,7,0.1250
8,8.0000,9,0,484.0011,-87.5528,-0.4253,22,0.5500,0.2000,5,7,6,0,0,7,6,0.1429
8,8.0000,9,2,578.8412,-88.3759,0.4362,12,0.3000,0.8571,7,6,6,0,0,6,6,0.0000
8,8.0000,9,7,284.1153,-85.5071,0.4315,38,0.9500,0.0000,4,4,0,0,0,4,0,1.0000
8,8.0000,9,10,396.6083,-86.5711,-0.5769,29,0.7250,0.0000,4,7,4,0,0,7,4,0.4286
8,8.0000,9,27,587.1539,-88.6815,0.0025,13,0.3250,0.7500,8,10,10,0,0,10,10,0.0000
8,8.0000,10,0,248.2515,-80.5995,-1.1252,38,0.9500,0.0000,5,4,0,0,0,4,0,1.0000
8,8.0000,10,2,373.7575,-87.8805,-0.0100,27,0.6750,0.4000,5,6,3,0,0,6,3,0.5000
8,8.0000,10,7,653.9359,-89.0093,-0.6193,9,0.2250,1.0000,6,6,6,0,0,6,6,0.0000
8,8.0000,10,9,396.6083,-86.8939,-0.6206,26,0.6500,0.4000,5,7,6,0,0,7,6,0.1429
8,8.0000,10,27,571.1374,-88.1634,-0.6142,10,0.2500,0.7143,7,8,8,0,0,8,8,0.0000
8,8.0000,11,1,545.7136,-88.4023,-0.3662,10,0.2500,0.7143,7,6,6,0,0,6,6,0.0000
8,8.0000,11,5,339.8900,-86.1178,-0.5217,37,0.9250,0.4000,5,4,0,0,0,4,0,1.0000
8,8.0000,11,6,589.4319,-89.3336,0.3705,5,0.1250,1.0000,8,6,5,0,0,6,5,0.1667
8,8.0000,11,22,436.6715,-87.6004,-0.2177,24,0.6000,0.0000,4,6,2,0,0,6,2,0.6667
8,8.0000,12,3,288.0398,-84.9144,0.1558,37,0.9487,0.0000,4,4,0,0,0,4,0,1.0000
8,8.0000,12,16,557.0153,-88.4331,-0.3849,15,0.3846,0.8571,7,6,6,0,0,6,6,0.0000
8,8.0000,12,25,378.9883,-86.6207,0.0660,31,0.7949,0.5000,6,5,2,0,0,5,2,0.6000
8,8.0000,13,4,347.9172,-86.4724,0.4737,35,0.8750,0.2000,5,4,0,0,0,4,0,1.0000
8,8.0000,13,21,281.5535,-84.0215,-0.2400,39,0.9750,0.0000,5,3,0,0,0,3,0,1.0000
8,8.0000,14,6,548.0670,-88.1019,-0.2929,16,0.4000,1.0000,8,8,8,0,0,8,8,0.0000
8,8.0000,14,17,522.6021,-88.6408,0.2543,10,0.2500,0.8750,8,6,3,0,0,6,3,0.5000
8,8.0000,14,19,233.7905,-83.7936,0.6998,40,1.0000,0.2000,5,4,0,0,0,4,0,1.0000
8,8.0000,14,20,327.4797,-87.0761,0.2276,34,0.8500,0.6667,6,4,0,0,0,4,0,1.0000
8,8.0000,14,23,643.0147,-88.8697,-0.2141,5,0.1250,0.8000,5,4,4,0,0,4,4,0.0000
8,8.0000,15,4,641.3269,-89.1360,0.4020,4,0.1000,1.0000,8,8,8,0,0,8,8,0.0000
8,8.0000,15,13,612.4458,-89.0294,-0.0195,5,0.1250,1.0000,4,8,8,0,0,8,8,0.0000
8,8.0000,15,21,452.9283,-88.5023,0.3863,14,0.3500,0.7778,9,4,1,0,0,4,1,0.7500
8,8.0000,15,23,504.4689,-88.5372,-0.3268,21,0.5250,0.6667,6,8,8,0,0,8,8,0.0000
8,8.0000,16,1,587.1098,-89.2007,0.1516,7,0.1707,1.0000,8,8,8,0,0,8,8,0.0000
8,8.0000,16,3,585.3932,-88.4639,-0.2862,8,0.1951,0.6667,6,8,8,0,0,8,8,0.0000
8,8.0000,16,12,557.0153,-88.1104,-0.1338,15,0.3659,0.5714,7,7,5,0,0,7,5,0.2857
8,8.0000,16,25,431.2287,-88.1141,-0.2770,25,0.6098,0.8750,8,7,6,0,0,7,6,0.1429
8,8.0000,17,5,384.1694,-87.7522,0.3968,29,0.7250,0.4000,5,10,8,0,0,10,8,0.2000
8,8.0000,17,6,130.6464,-78.5605,0.8309,40,1.0000,0.0000,3,5,0,0,0,5,0,1.0000
8,8.0000,17,14,522.6021,-88.0978,0.1759,22,0.5500,0.8571,7,8,7,0,0,8,7,0.1250
8,8.0000,17,19,534.1414,-89.1098,0.2021,7,0.1750,1.0000,8,8,7,0,0,8,7,0.1250
8,8.0000,17,20,408.6099,-88.4846,0.4900,18,0.4500,0.6667,6,5,1,0,0,5,1,0.8000
8,8.0000,19,6,604.3252,-88.6583,0.2872,4,0.1000,,0,6,6,0,0,6,6,0.0000
8,8.0000,19,14,233.7905,-84.1967,0.6334,38,0.9500,0.0000,4,5,1,0,0,5,1,0.8000
8,8.0000,19,17,534.1414,-89.2262,-0.2033,8,0.2000,0.8571,7,7,5,0,0,7,5,0.2857
8,8.0000,19,20,178.1830,-79.4001,-0.4816,40,1.0000,0.0000,4,4,0,0,0,4,0,1.0000
8,8.0000,20,6,505.5994,-88.9494,0.4627,4,0.1000,0.8571,7,8,7,0,0,8,7,0.1250
8,8.0000,20,14,327.4797,-86.4334,0.5987,33,0.8250,0.5000,6,5,1,0,0,5,1,0.8000
8,8.0000,20,17,408.6099,-87.5405,0.3453,14,0.3500,0.6667,9,4,2,0,0,4,2,0.5000
8,8.0000,20,19,178.1830,-79.5899,-0.2011,40,1.0000,0.0000,4,4,0,0,0,4,0,1.0000
8,8.0000,21,4,218.1377,-82.4310,0.2195,40,1.0000,0.0000,4,4,0,0,0,4,0,1.0000
8,8.0000,21,13,281.5535,-84.0404,-0.2280,40,1.0000,0.0000,4,6,3,0,0,6,3,0.5000
8,8.0000,21,15,452.9283,-88.3652,0.0461,16,0.4000,1.0000,10,4,2,0,0,4,2,0.5000
8,8.0000,22,1,309.9368,-86.0516,0.3243,34,0.8500,0.3333,6,5,2,0,0,5,2,0.6000
8,8.0000,22,5,625.9218,-88.0422,-0.1247,12,0.3000,1.0000,8,8,8,0,0,8,8,0.0000
8,8.0000,22,11,436.6715,-87.7011,0.1913,27,0.6750,0.8571,7,8,8,0,0,8,8,0.0000
8,8.0000,23,15,504.4689,-87.7441,-0.1005,17,0.4250,0.6667,6,7,6,0,0,7,6,0.1429
8,8.0000,23,19,748.7517,-89.0102,0.1081,4,0.1000,1.0000,6,4,4,0,0,4,4,0.0000
8,8.0000,24,8,584.4596,-88.3977,-0.6047,13,0.3250,1.0000,8,8,8,0,0,8,8,0.0000
8,8.0000,25,1,404.7499,-87.3800,-0.0366,30,0.7500,0.5000,6,6,4,0,0,6,4,0.3333
8,8.0000,25,3,600.8211,-88.6332,0.2077,5,0.1250,1.0000,6,8,8,0,0,8,8,0.0000
8,8.0000,25,12,378.9883,-86.3390,-0.2001,35,0.8750,0.3333,6,7,4,0,0,7,4,0.4286
8,8.0000,25,16,431.2287,-87.1265,-0.1640,29,0.7250,0.7143,7,8,8,0,0,8,8,0.0000
8,8.0000,25,22,642.0572,-88.9579,-0.0687,4,0.1000,1.0000,4,8,8,0,0,8,8,0.0000
8,8.0000,25,27,433.9324,-88.2436,0.6862,12,0.3000,0.7143,7,6,4,0,0,6,4,0.3333
8,8.0000,26,8,465.7396,-88.0857,-0.5057,20,0.5000,0.5000,6,8,8,0,0,8,8,0.0000
8,8.0000,27,0,355.8329,-86.1389,-0.2608,36,0.9000,0.3333,6,6,2,0,0,6,2,0.6667
8,8.0000,27,1,585.4898,-89.1719,0.0317,6,0.1500,1.0000,8,8,7,0,0,8,7,0.1250
8,8.0000,27,2,606.4721,-89.0659,-0.2793,10,0.2500,0.8750,8,8,8,0,0,8,8,0.0000
8,8.0000,27,9,587.1539,-88.5534,-0.2980,11,0.2750,0.8750,8,8,8,0,0,8,8,0.0000
8,8.0000,27,10,571.1374,-88.5650,-0.0974,13,0.3250,0.8750,8,4,4,0,0,4,4,0.0000
8,8.0000,27,25,433.9324,-88.4276,0.2393,14,0.3500,0.8571,7,4,0,0,0,4,0,1.0000
8,12.0000,0,2,362.8350,-86.5997,0.2929,32,0.8000,0.5000,6,4,0,0,0,4,0,1.0000
8,12.0000,0,9,618.0779,-88.6170,-0.7367,10,0.2500,0.8750,8,6,6,0,0,6,6,0.0000
8,12.0000,0,10,389.6152,-85.6191,-0.4148,36,0.9000,0.2000,5,5,3,0,0,5,3,0.4000
8,12.0000,0,25,659.8910,-89.6465,-0.0536,5,0.1250,1.0000,4,8,8,0,0,8,8,0.0000
8,12.0000,0,27,416.6918,-87.2737,0.0408,31,0.7750,0.3333,6,8,7,0,0,8,7,0.1250
8,12.0000,1,11,578.4832,-88.9065,-0.6126,3,0.0750,1.0000,8,8,8,0,0,8,8,0.0000
8,12.0000,1,16,541.8660,-88.0283,0.3109,8,0.2000,1.0000,8,8,7,0,0,8,7,0.1250
8,12.0000,1,22,311.3254,-84.9100,-0.0612,37,0.9250,0.4000,5,5,1,0,0,5,1,0.8000
8,12.0000,1,25,436.9088,-87.5484,0.3072,29,0.7250,0.8571,7,6,4,0,0,6,4,0.3333
8,12.0000,1,27,525.5017,-88.6891,0.2841,6,0.1500,1.0000,10,8,5,0,0,8,5,0.3750
8,12.0000,2,0,362.8350,-86.9113,0.0420,30,0.7500,0.5000,6,5,1,0,0,5,1,0.8000
8,12.0000,2,10,409.4876,-86.8027,-0.3333,29,0.7250,0.2000,5,5,1,0,0,5,1,0.8000
8,12.0000,3,12,360.2871,-85.9108,-0.3551,37,0.9250,0.2000,5,6,4,0,0,6,4,0.3333
8,12.0000,3,16,566.7255,-88.5898,-0.7196,3,0.0750,1.0000,8,8,8,0,0,8,8,0.0000
8,12.0000,3,25,577.6005,-89.5295,0.0048,6,0.1500,1.0000,8,8,8,0,0,8,8,0.0000
8,12.0000,4,13,375.3768,-86.7654,-0.0988,31,0.7750,0.5714,7,6,2,0,0,6,2,0.6667
8,12.0000,4,15,644.7737,-89.1529,0.0591,3,0.0750,1.0000,8,6,6,0,0,6,6,0.0000
8,12.0000,4,21,311.8032,-84.2949,-0.3572,40,1.0000,0.2000,5,4,0,0,0,4,0,1.0000
8,12.0000,5,6,317.9617,-85.3479,0.3377,35,0.8974,0.0000,4,3,0,0,0,3,0,1.0000
8,12.0000,5,11,371.6126,-86.5759,0.7240,33,0.8462,0.5000,6,5,2,0,0,5,2,0.6000
8,12.0000,5,17,443.5358,-86.7681,-0.5716,23,0.5897,0.5000,6,8,8,0,0,8,8,0.0000
8,12.0000,5,22,739.8844,-88.9298,0.0555,3,0.0769,1.0000,4,4,4,0,0,4,4,0.0000
8,12.0000,6,5,317.9617,-85.5696,0.0264,39,0.9512,0.2000,5,6,3,0,0,6,3,0.5000
8,12.0000,6,11,655.6725,-89.4891,-0.0601,6,0.1463,1.0000,4,6,6,0,0,6,6,0.0000
8,12.0000,6,14,571.8654,-88.6343,-0.1205,10,0.2439,0.8750,8,8,8,0,0,8,8,0.0000
8,12.0000,6,17,182.0301,-78.9459,-0.6086,41,1.0000,0.0000,4,4,0,0,0,4,0,1.0000
8,12.0000,6,19,579.8806,-88.4865,0.4596,9,0.2195,1.0000,6,8,8,0,0,8,8,0.0000
8,12.0000,6,20,369.1070,-86.7020,0.3771,27,0.6585,0.4000,5,6,3,0,0,6,3,0.5000
8,12.0000,7,9,207.1306,-83.1849,0.6133,38,0.9500,0.0000,4,4,0,0,0,4,0,1.0000
8,12.0000,8,24,735.3514,-89.5406,0.3758,3,0.0769,1.0000,8,2,2,0,0,2,2,0.0000
8,12.0000,8,26,483.5542,-87.8235,0.2072,22,0.5641,0.8750,8,7,4,0,0,7,4,0.4286
8,12.0000,9,0,618.0779,-87.9403,-0.7959,11,0.2750,0.8571,7,4,4,0,0,4,4,0.0000
8,12.0000,9,7,207.1306,-83.5487,0.7051,40,1.0000,0.0000,4,4,0,0,0,4,0,1.0000
8,12.0000,9,10,496.9914,-87.9639,-0.2808,24,0.6000,0.5714,7,8,8,0,0,8,8,0.0000
8,12.0000,9,27,677.8972,-89.4919,0.2319,3,0.0750,1.0000,10,8,8,0,0,8,8,0.0000
8,12.0000,10,0,389.6152,-85.5011,-0.8490,34,0.8500,0.0000,4,7,6,0,0,7,6,0.1429
8,12.0000,10,2,409.4876,-87.3985,-0.2797,29,0.7250,0.5000,6,6,3,0,0,6,3,0.5000
8,12.0000,10,9,496.9914,-88.2497,0.0458,22,0.5500,0.8571,7,8,8,0,0,8,8,0.0000
8,12.0000,11,1,578.4832,-88.6037,-0.2499,8,0.2000,1.0000,6,8,7,0,0,8,7,0.1250
8,12.0000,11,5,371.6126,-86.7367,-0.3324,30,0.7500,0.0000,4,5,2,0,0,5,2,0.6000
8,12.0000,11,6,655.6725,-89.0222,-0.0782,4,0.1000,0.8333,6,4,4,0,0,4,4,0.0000
8,12.0000,11,22,482.3031,-87.6454,-0.4133,19,0.4750,0.3333,6,8,8,0,0,8,8,0.0000
8,12.0000,12,3,360.2871,-86.2302,-0.1994,34,0.8293,0.0000,4,5,4,0,0,5,4,0.2000
8,12.0000,12,25,427.5939,-87.5940,0.1545,29,0.7073,0.4000,5,7,4,0,0,7,4,0.4286
8,12.0000,12,27,651.9950,-88.7221,0.2066,5,0.1220,1.0000,4,6,6,0,0,6,6,0.0000
8,12.0000,13,4,375.3768,-86.7729,0.0904,31,0.7750,0.0000,4,6,3,0,0,6,3,0.5000
8,12.0000,13,15,447.4821,-88.8829,0.2170,19,0.4750,0.8571,7,4,0,0,0,4,0,1.0000
8,12.0000,13,21,340.8006,-85.7334,-0.7199,39,0.9750,0.0000,3,6,2,0,0,6,2,0.6667
8,12.0000,14,6,571.8654,-88.8326,-0.0194,8,0.2000,1.0000,8,8,7,0,0,8,7,0.1250
8,12.0000,14,17,553.1317,-88.5613,0.0523,13,0.3250,0.5000,6,8,8,0,0,8,8,0.0000
8,12.0000,14,19,305.8527,-84.5545,-0.4877,40,1.0000,0.0000,4,7,3,0,0,7,3,0.5714
8,12.0000,14,20,385.3395,-86.5057,-0.5752,30,0.7500,0.0000,4,5,1,0,0,5,1,0.8000
8,12.0000,14,23,659.5622,-89.4025,-0.0833,4,0.1000,1.0000,4,4,4,0,0,4,4,0.0000
8,12.0000,15,4,644.7737,-89.3403,0.2947,7,0.1707,1.0000,8,8,7,0,0,8,7,0.1250
8,12.0000,15,13,447.4821,-88.7974,0.0789,17,0.4146,1.0000,8,6,3,0,0,6,3,0.5000
8,12.0000,15,21,364.2335,-87.7232,0.2784,28,0.6829,0.2500,4,6,1,0,0,6,1,0.8333
8,12.0000,15,23,595.4974,-88.7118,-0.5220,9,0.2195,1.0000,8,8,8,0,0,8,8,0.0000
8,12.0000,16,1,541.8660,-88.8239,0.2015,4,0.1026,1.0000,8,6,4,0,0,6,4,0.3333
8,12.0000,16,3,566.7255,-89.0284,-0.0376,15,0.3846,1.0000,8,8,8,0,0,8,8,0.0000
8,12.0000,16,25,489.6365,-87.9588,0.0514,16,0.4103,0.8571,7,8,7,0,0,8,7,0.1250
8,12.0000,17,5,443.5358,-87.3361,-0.4954,24,0.6000,0.8000,10,8,7,0,0,8,7,0.1250
8,12.0000,17,6,182.0301,-79.7234,-1.1002,40,1.0000,0.0000,5,4,0,0,0,4,0,1.0000
8,12.0000,17,14,553.1317,-88.3059,0.3388,8,0.2000,0.8750,8,8,8,0,0,8,8,0.0000
8,12.0000,17,19,470.4311,-88.5135,-0.0894,11,0.2750,0.8750,8,7,5,0,0,7,5,0.2857
8,12.0000,17,20,243.2234,-86.3032,1.2200,34,0.8500,0.2000,5,4,0,0,0,4,0,1.0000
8,12.0000,19,6,579.8806,-89.6169,-0.3211,3,0.0769,1.0000,6,4,4,0,0,4,4,0.0000
8,12.0000,19,14,305.8527,-84.3865,-0.5090,38,0.9744,0.2000,5,5,1,0,0,5,1,0.8000
8,12.0000,19,17,470.4311,-88.5840,0.0622,20,0.5128,0.7143,7,8,7,0,0,8,7,0.1250
8,12.0000,19,20,263.6937,-82.3429,-0.9257,39,1.0000,0.0000,4,5,2,0,0,5,2,0.6000
8,12.0000,20,5,667.9448,-88.5450,0.0314,3,0.0750,1.0000,4,4,4,0,0,4,4,0.0000
8,12.0000,20,6,369.1070,-87.4105,0.4472,22,0.5500,0.8750,8,5,1,0,0,5,1,0.8000
8,12.0000,20,14,385.3395,-86.6185,-0.4016,32,0.8000,0.2000,5,8,7,0,0,8,7,0.1250
8,12.0000,20,17,243.2234,-85.3572,0.6761,37,0.9250,0.5000,4,5,0,0,0,5,0,1.0000
8,12.0000,20,19,263.6937,-82.7470,-1.0508,39,0.9750,0.0000,4,4,0,0,0,4,0,1.0000
8,12.0000,21,4,311.8032,-83.8194,-0.7233,37,0.9487,0.0000,4,7,5,0,0,7,5,0.2857
8,12.0000,21,13,340.8006,-86.1676,-0.1883,37,0.9487,0.5000,6,5,1,0,0,5,1,0.8000
8,12.0000,21,15,364.2335,-87.5667,0.6757,31,0.7949,0.5000,4,4,0,0,0,4,0,1.0000
8,12.0000,22,1,311.3254,-86.2776,-0.2039,34,0.8500,0.4000,5,4,0,0,0,4,0,1.0000
8,12.0000,22,11,482.3031,-88.1219,0.3021,18,0.4500,1.0000,8,8,8,0,0,8,8,0.0000
8,12.0000,22,25,636.5515,-88.6218,0.1241,8,0.2000,1.0000,8,8,8,0,0,8,8,0.0000
8,12.0000,22,27,541.1411,-88.9789,-0.2935,5,0.1250,0.0000,1,7,6,0,0,7,6,0.1429
8,12.0000,23,14,659.5622,-89.1093,0.7491,4,0.1000,1.0000,8,4,4,0,0,4,4,0.0000
8,12.0000,23,15,595.4974,-88.7303,-0.3243,11,0.2750,0.8571,7,6,6,0,0,6,6,0.0000
8,12.0000,25,1,436.9088,-87.7792,-0.2679,27,0.6750,0.6667,6,7,4,0,0,7,4,0.4286
8,12.0000,25,3,577.6005,-89.1755,0.1971,9,0.2250,1.0000,8,8,8,0,0,8,8,0.0000
8,12.0000,25,12,427.5939,-87.1518,-0.1879,28,0.7000,0.5714,7,6,4,0,0,6,4,0.3333
8,12.0000,25,16,489.6365,-87.7946,-0.2747,21,0.5250,1.0000,8,8,8,0,0,8,8,0.0000
8,12.0000,25,22,636.5515,-89.4191,-0.0492,7,0.1750,1.0000,8,6,5,0,0,6,5,0.1667
8,12.0000,25,27,352.7023,-87.3294,0.3378,34,0.8500,0.6667,6,6,3,0,0,6,3,0.5000
8,12.0000,26,8,483.5542,-87.9140,0.3503,26,0.6500,1.0000,8,8,8,0,0,8,8,0.0000
8,12.0000,27,0,416.6918,-87.5415,-0.3143,30,0.7500,0.3333,6,5,2,0,0,5,2,0.6000
8,12.0000,27,1,525.5017,-88.9771,-0.0879,11,0.2750,0.8750,8,6,4,0,0,6,4,0.3333
8,12.0000,27,2,670.4693,-89.5895,-0.3479,3,0.0750,1.0000,8,8,8,0,0,8,8,0.0000
8,12.0000,27,9,677.8972,-88.9717,0.5962,5,0.1250,1.0000,8,2,2,0,0,2,2,0.0000
8,12.0000,27,10,738.6441,-89.0717,-0.3389,3,0.0750,1.0000,4,4,4,0,0,4,4,0.0000
8,12.0000,27,12,651.9950,-88.4284,1.3572,3,0.0750,1.0000,6,2,2,0,0,2,2,0.0000
8,12.0000,27,16,643.1335,-89.0762,0.6829,4,0.1000,1.0000,4,8,8,0,0,8,8,0.0000
8,12.0000,27,22,541.1411,-87.8578,2.1710,3,0.0750,1.0000,8,7,6,0,0,7,6,0.1429
8,12.0000,27,25,352.7023,-86.6941,-0.0273,28,0.7000,0.0000,4,6,2,0,0,6,2,0.6667
8,16.0000,0,2,348.9762,-86.2911,0.1232,30,0.7500,0.0000,4,5,1,0,0,5,1,0.8000
8,16.0000,0,10,544.2359,-87.8900,-0.3187,16,0.4000,0.6000,5,9,8,0,0,9,8,0.1111
8,16.0000,0,12,629.9418,-89.7976,-0.0724,3,0.0750,1.0000,6,8,8,0,0,8,8,0.0000
8,16.0000,0,25,585.2855,-89.4511,0.0276,5,0.1250,1.0000,8,8,8,0,0,8,8,0.0000
8,16.0000,0,27,470.3479,-87.6561,-0.5655,25,0.6250,0.8750,8,8,7,0,0,8,7,0.1250
8,16.0000,1,11,597.7690,-88.5058,0.6982,5,0.1250,1.0000,8,8,8,0,0,8,8,0.0000
8,16.0000,1,16,511.7781,-88.5443,0.0484,10,0.2500,0.8750,8,8,7,0,0,8,7,0.1250
8,16.0000,1,22,329.3760,-86.2954,-0.2743,30,0.7500,0.2000,5,5,1,0,0,5,1,0.8000
8,16.0000,1,25,473.0376,-87.2198,0.0283,22,0.5500,0.6667,6,6,4,0,0,6,4,0.3333
8,16.0000,1,27,451.3288,-88.1103,0.2109,23,0.5750,0.6250,8,6,4,0,0,6,4,0.3333
8,16.0000,2,0,348.9762,-86.4801,-0.2300,31,0.7750,0.2000,5,6,3,0,0,6,3,0.5000
8,16.0000,2,10,469.4901,-87.4283,-0.2936,25,0.6250,0.2000,5,8,6,0,0,8,6,0.2500
8,16.0000,2,27,684.8107,-88.1717,-0.9170,3,0.0750,1.0000,6,6,6,0,0,6,6,0.0000
8,16.0000,3,12,473.2503,-87.1528,-0.2472,25,0.6250,0.6667,6,8,8,0,0,8,8,0.0000
8,16.0000,3,16,525.7932,-89.1652,0.0736,12,0.3000,1.0000,8,8,8,0,0,8,8,0.0000
8,16.0000,3,25,576.1321,-89.3751,-0.0773,6,0.1500,1.0000,8,8,7,0,0,8,7,0.1250
8,16.0000,4,13,429.7402,-87.3261,0.0368,23,0.5750,0.3333,6,6,3,0,0,6,3,0.5000
8,16.0000,4,15,665.8190,-88.7188,0.1975,5,0.1250,1.0000,6,8,7,0,0,8,7,0.1250
8,16.0000,4,21,444.1963,-86.9904,-0.7029,33,0.8250,0.0000,4,6,3,0,0,6,3,0.5000
8,16.0000,4,26,467.8915,-88.4887,0.4021,12,0.3000,0.8000,5,5,2,0,0,5,2,0.6000
8,16.0000,5,6,377.3232,-86.0737,-0.3385,32,0.8000,0.0000,3,8,6,0,0,8,6,0.2500
8,16.0000,5,11,417.6924,-87.1163,-0.0953,29,0.7250,0.4000,5,7,5,0,0,7,5,0.2857
8,16.0000,5,17,557.3805,-87.6563,-0.3694,15,0.3750,1.0000,8,8,8,0,0,8,8,0.0000
8,16.0000,6,5,377.3232,-86.5374,-0.0727,31,0.7750,0.5000,6,5,2,0,0,5,2,0.6000
8,16.0000,6,17,277.9875,-82.4654,-0.8136,40,1.0000,0.0000,4,5,1,0,0,5,1,0.8000
8,16.0000,6,20,294.3735,-86.0092,0.0608,35,0.8750,0.5000,6,4,0,0,0,4,0,1.0000
8,16.0000,7,9,144.5143,-80.6261,0.7711,40,1.0000,0.0000,4,4,0,0,0,4,0,1.0000
8,16.0000,8,26,506.4926,-89.0061,-0.3573,15,0.3750,0.5714,7,8,8,0,0,8,8,0.0000
8,16.0000,9,7,144.5143,-81.1494,0.9445,40,1.0000,0.0000,4,4,0,0,0,4,0,1.0000
8,16.0000,9,10,622.7333,-88.6279,-0.6246,8,0.2000,1.0000,8,4,4,0,0,4,4,0.0000
8,16.0000,10,0,544.2359,-87.6247,-0.5531,21,0.5250,0.8571,7,6,6,0,0,6,6,0.0000
8,16.0000,10,2,469.4901,-87.9909,-0.4802,24,0.6000,0.5000,6,7,6,0,0,7,6,0.1429
8,16.0000,10,7,684.6366,-89.2833,0.0781,6,0.1500,1.0000,4,4,4,0,0,4,4,0.0000
8,16.0000,10,9,622.7333,-89.1892,0.1135,5,0.1250,1.0000,8,8,8,0,0,8,8,0.0000
8,16.0000,11,1,597.7690,-88.7041,0.0476,9,0.2250,0.8750,8,8,8,0,0,8,8,0.0000
8,16.0000,11,5,417.6924,-87.2406,-0.1379,30,0.7500,0.4000,5,6,4,0,0,6,4,0.3333
8,16.0000,11,22,528.0560,-88.4313,0.0291,9,0.2250,1.0000,8,8,8,0,0,8,8,0.0000
8,16.0000,12,0,629.9418,-88.7652,-0.6103,5,0.1250,1.0000,8,8,8,0,0,8,8,0.0000
8,16.0000,12,3,473.2503,-87.4239,-1.0007,26,0.6500,0.8000,5,8,6,0,0,8,6,0.2500
8,16.0000,12,25,302.9693,-86.4365,1.2661,28,0.7000,0.5714,7,4,0,0,0,4,0,1.0000
8,16.0000,13,4,429.7402,-86.9985,0.3835,25,0.6250,0.5000,6,8,7,0,0,8,7,0.1250
8,16.0000,13,15,295.6485,-86.4836,0.8802,30,0.7500,0.0000,4,4,0,0,0,4,0,1.0000
8,16.0000,13,21,387.4791,-87.0927,-0.1948,33,0.8250,0.3333,6,9,8,0,0,9,8,0.1111
8,16.0000,14,6,600.2670,-88.7476,0.0198,5,0.1250,0.8750,8,8,8,0,0,8,8,0.0000
8,16.0000,14,17,587.3683,-88.3076,-0.3464,10,0.2500,1.0000,8,8,8,0,0,8,8,0.0000
8,16.0000,14,19,435.7878,-86.5609,-0.6248,31,0.7750,0.4286,7,7,6,0,0,7,6,0.1429
8,16.0000,14,20,512.2296,-88.1760,-0.6243,20,0.5000,0.2000,5,8,7,0,0,8,7,0.1250
8,16.0000,15,13,295.6485,-86.7233,0.5990,35,0.8750,0.5000,6,5,1,0,0,5,1,0.8000
8,16.0000,15,21,384.0486,-86.8011,0.2099,32,0.8000,0.1667,6,5,3,0,0,5,3,0.4000
8,16.0000,16,1,511.7781,-88.2260,-0.3798,13,0.3250,0.6667,6,9,8,0,0,9,8,0.1111
8,16.0000,16,3,525.7932,-88.7652,-0.2839,15,0.3750,1.0000,8,8,8,0,0,8,8,0.0000
8,16.0000,16,22,647.6609,-89.2540,0.2246,4,0.1000,1.0000,6,6,6,0,0,6,6,0.0000
8,16.0000,16,25,561.9245,-88.9977,0.0815,17,0.4250,0.8750,8,8,8,0,0,8,8,0.0000
8,16.0000,16,27,644.1946,-89.4592,0.1126,4,0.1000,0.8333,6,8,8,0,0,8,8,0.0000
8,16.0000,17,5,557.3805,-88.1113,-0.4844,17,0.4146,0.8750,8,8,8,0,0,8,8,0.0000
8,16.0000,17,6,277.9875,-83.3763,-1.3868,41,1.0000,0.0000,4,4,1,0,0,4,1,0.7500
8,16.0000,17,14,587.3683,-88.9035,-0.0855,9,0.2195,1.0000,8,10,10,0,0,10,10,0.0000
8,16.0000,17,19,468.0301,-88.5881,-0.0192,20,0.4878,0.7143,7,7,6,0,0,7,6,0.1429
8,16.0000,17,20,83.2965,-79.4174,2.6651,41,1.0000,0.0000,4,4,0,0,0,4,0,1.0000
8,16.0000,19,14,435.7878,-86.7732,-0.0280,31,0.7750,0.2000,5,7,6,0,0,7,6,0.1429
8,16.0000,19,17,468.0301,-88.2045,0.3303,19,0.4750,0.8750,8,7,5,0,0,7,5,0.2857
8,16.0000,19,20,411.5471,-86.5220,-0.5640,33,0.8250,0.4000,5,8,8,0,0,8,8,0.0000
8,16.0000,20,5,612.8069,-88.9926,0.1366,4,0.1000,1.0000,4,8,8,0,0,8,8,0.0000
8,16.0000,20,6,294.3735,-86.2908,0.8860,37,0.9250,0.2000,5,4,0,0,0,4,0,1.0000
8,16.0000,20,14,512.2296,-87.8058,-0.2741,22,0.5500,0.8750,8,8,8,0,0,8,8,0.0000
8,16.0000,20,17,83.2965,-79.5741,2.5015,40,1.0000,0.0000,5,3,0,0,0,3,0,1.0000
8,16.0000,20,19,411.5471,-86.3592,-0.3575,32,0.8000,0.0000,4,8,6,0,0,8,6,0.2500
8,16.0000,21,4,444.1963,-87.0442,-0.2183,31,0.7750,0.7143,7,7,6,0,0,7,6,0.1429
8,16.0000,21,13,387.4791,-86.7278,-0.3494,36,0.9000,0.2000,5,7,5,0,0,7,5,0.2857
8,16.0000,21,15,384.0486,-86.5175,-0.0951,31,0.7750,0.0000,4,8,5,0,0,8,5,0.3750
8,16.0000,22,1,329.3760,-85.8950,0.0618,37,0.9250,0.0000,4,5,2,0,0,5,2,0.6000
8,16.0000,22,11,528.0560,-88.2262,-0.3254,16,0.4000,1.0000,8,8,8,0,0,8,8,0.0000
8,16.0000,22,16,647.6609,-87.7934,-0.1950,3,0.0750,1.0000,8,8,8,0,0,8,8,0.0000
8,16.0000,22,25,639.8136,-89.6807,-0.1496,3,0.0750,1.0000,8,8,8,0,0,8,8,0.0000
8,16.0000,22,27,411.0486,-88.1542,0.7937,19,0.4750,0.8571,7,4,0,0,0,4,0,1.0000
8,16.0000,24,3,557.6751,-88.9907,0.0584,7,0.1750,1.0000,4,5,4,0,0,5,4,0.2000
8,16.0000,25,0,585.2855,-88.9005,0.3605,3,0.0750,1.0000,8,8,8,0,0,8,8,0.0000
8,16.0000,25,1,473.0376,-87.7356,-0.0018,24,0.6000,0.5714,7,6,4,0,0,6,4,0.3333
8,16.0000,25,3,576.1321,-88.7914,-0.4314,12,0.3000,1.0000,8,7,6,0,0,7,6,0.1429
8,16.0000,25,12,302.9693,-87.4604,0.5641,31,0.7750,0.6667,6,4,0,0,0,4,0,1.0000
8,16.0000,25,16,561.9245,-88.1068,-0.1545,10,0.2500,1.0000,8,8,7,0,0,8,7,0.1250
8,16.0000,25,22,639.8136,-89.0148,-0.2811,3,0.0750,0.8333,6,8,8,0,0,8,8,0.0000
8,16.0000,25,27,344.5153,-85.8584,0.0614,31,0.7750,0.5000,6,8,5,0,0,8,5,0.3750
8,16.0000,26,4,467.8915,-88.7131,0.2901,11,0.2750,1.0000,6,7,5,0,0,7,5,0.2857
8,16.0000,26,8,506.4926,-87.7101,0.3567,9,0.2250,1.0000,8,8,8,0,0,8,8,0.0000
8,16.0000,27,0,470.3479,-87.4750,-0.2185,21,0.5250,0.4000,5,8,7,0,0,8,7,0.1250
8,16.0000,27,1,451.3288,-88.2276,-0.1064,12,0.3000,0.6667,6,6,3,0,0,6,3,0.5000
8,16.0000,27,12,602.6702,-89.3087,0.2311,3,0.0750,1.0000,2,4,4,0,0,4,4,0.0000
8,16.0000,27,16,644.1946,-89.0391,0.0157,4,0.1000,1.0000,8,5,4,0,0,5,4,0.2000
8,16.0000,27,22,411.0486,-87.7789,0.0815,17,0.4250,0.8571,7,7,4,0,0,7,4,0.4286
8,16.0000,27,25,344.5153,-86.4750,-0.2688,30,0.7500,0.3333,6,6,2,0,0,6,2,0.6667
8,20.0000,0,2,356.2275,-86.9128,0.4648,33,0.8250,0.2000,5,5,2,0,0,5,2,0.6000
8,20.0000,0,12,562.2614,-88.4533,-0.2859,5,0.1250,1.0000,8,8,8,0,0,8,8,0.0000
8,20.0000,0,25,515.1113,-88.4119,0.0763,11,0.2750,1.0000,8,7,5,0,0,7,5,0.2857
8,20.0000,0,27,494.8331,-87.9198,0.2282,15,0.3750,0.8750,8,7,6,0,0,7,6,0.1429
8,20.0000,1,11,631.9919,-88.3035,0.2783,11,0.2750,1.0000,8,8,8,0,0,8,8,0.0000
8,20.0000,1,16,482.1149,-88.3741,-0.1617,17,0.4250,0.8750,8,8,7,0,0,8,7,0.1250
8,20.0000,1,22,347.0588,-85.6675,0.1445,31,0.7750,0.2000,5,7,5,0,0,7,5,0.2857
8,20.0000,1,25,496.5620,-88.2171,0.0123,13,0.3250,0.6667,6,8,8,0,0,8,8,0.0000
8,20.0000,1,27,385.1835,-86.7065,0.4846,22,0.5500,0.6667,6,6,3,0,0,6,3,0.5000
8,20.0000,2,0,356.2275,-86.8843,0.4173,32,0.8000,0.5000,6,5,2,0,0,5,2,0.6000
8,20.0000,2,10,563.3688,-88.8966,-0.0876,17,0.4250,0.7500,8,8,8,0,0,8,8,0.0000
8,20.0000,3,12,575.9629,-88.2404,0.0156,12,0.3000,1.0000,8,8,8,0,0,8,8,0.0000
8,20.0000,3,16,500.3264,-88.2898,0.3525,9,0.2250,1.0000,8,6,6,0,0,6,6,0.0000
8,20.0000,3,24,425.9419,-87.5134,0.5617,20,0.5000,0.8750,8,5,1,0,0,5,1,0.8000
8,20.0000,3,25,619.6096,-88.9081,1.0070,3,0.0750,0.8750,8,8,8,0,0,8,8,0.0000
8,20.0000,4,13,536.4447,-88.7089,-0.2632,19,0.4750,0.5000,6,10,10,0,0,10,10,0.0000
8,20.0000,4,21,587.5456,-89.0897,-0.4304,17,0.4250,0.5000,6,8,8,0,0,8,8,0.0000
8,20.0000,4,26,347.4421,-87.1491,1.0417,29,0.7250,0.4000,5,6,1,0,0,6,1,0.8333
8,20.0000,5,6,406.4339,-87.3656,-0.0017,26,0.6500,0.7500,8,7,4,0,0,7,4,0.4286
8,20.0000,5,11,490.3493,-88.0056,-0.1845,20,0.5000,0.7143,7,7,5,0,0,7,5,0.2857
8,20.0000,5,17,650.2183,-88.8293,-0.3377,6,0.1500,1.0000,8,8,8,0,0,8,8,0.0000
8,20.0000,5,20,529.2771,-88.9768,0.0795,9,0.2250,1.0000,8,8,6,0,0,8,6,0.2500
8,20.0000,5,21,473.6342,-88.2223,0.5374,6,0.1500,0.8750,8,7,5,0,0,7,5,0.2857
8,20.0000,6,5,406.4339,-86.8221,-0.1572,25,0.6250,0.4000,5,7,6,0,0,7,6,0.1429
8,20.0000,6,14,607.8476,-89.0145,0.0224,8,0.2000,1.0000,8,6,6,0,0,6,6,0.0000
8,20.0000,6,17,394.7019,-86.2676,0.3174,33,0.8250,0.2000,5,8,7,0,0,8,7,0.1250
8,20.0000,6,20,277.0678,-85.0395,0.3031,40,1.0000,0.0000,4,5,1,0,0,5,1,0.8000
8,20.0000,6,21,600.1032,-89.3080,-0.0602,6,0.1500,1.0000,4,8,8,0,0,8,8,0.0000
8,20.0000,6,23,683.8760,-89.1390,0.5459,3,0.0750,,0,8,8,0,0,8,8,0.0000
8,20.0000,7,9,110.2344,-77.1811,0.6183,40,1.0000,0.0000,4,4,0,0,0,4,0,1.0000
8,20.0000,8,26,533.9312,-88.2681,-0.0453,13,0.3250,1.0000,8,6,4,0,0,6,4,0.3333
8,20.0000,9,7,110.2344,-77.3683,0.9168,40,1.0000,0.0000,4,4,0,0,0,4,0,1.0000
8,20.0000,10,2,563.3688,-88.0743,-0.6229,12,0.3077,0.8571,7,8,8,0,0,8,8,0.0000
8,20.0000,11,1,631.9919,-88.7844,0.9146,6,0.1463,1.0000,8,6,6,0,0,6,6,0.0000
8,20.0000,11,5,490.3493,-88.1547,-0.1960,23,0.5610,0.6667,6,8,8,0,0,8,8,0.0000
8,20.0000,11,22,596.9903,-88.5056,0.4473,9,0.2195,1.0000,8,8,8,0,0,8,8,0.0000
8,20.0000,12,0,562.2614,-88.6486,-0.6097,7,0.1750,1.0000,8,8,8,0,0,8,8,0.0000
8,20.0000,12,3,575.9629,-88.4678,-0.3042,12,0.3000,0.7500,8,6,6,0,0,6,6,0.0000
8,20.0000,12,16,699.0214,-88.3059,0.3687,3,0.0750,1.0000,2,4,4,0,0,4,4,0.0000
8,20.0000,12,25,141.1439,-82.4798,1.5523,40,1.0000,0.0000,4,4,0,0,0,4,0,1.0000
8,20.0000,12,27,514.6967,-88.6511,-0.6176,7,0.1750,0.8750,8,7,6,0,0,7,6,0.1429
8,20.0000,13,4,536.4447,-88.5592,-0.4433,18,0.4390,0.8750,8,8,8,0,0,8,8,0.0000
8,20.0000,13,15,179.4553,-82.6073,1.1324,41,1.0000,0.0000,4,4,0,0,0,4,0,1.0000
8,20.0000,13,21,428.3512,-87.3411,-0.6362,28,0.6829,0.8889,9,7,6,0,0,7,6,0.1429
8,20.0000,14,6,607.8476,-89.2284,-0.6368,3,0.0750,1.0000,8,8,8,0,0,8,8,0.0000
8,20.0000,14,19,586.4388,-88.1202,0.0442,8,0.2000,0.8571,7,6,6,0,0,6,6,0.0000
8,20.0000,14,20,656.7997,-88.7118,-0.4701,9,0.2250,0.8750,8,6,6,0,0,6,6,0.0000
8,20.0000,15,13,179.4553,-82.9252,1.2116,38,0.9744,0.2000,5,4,0,0,0,4,0,1.0000
8,20.0000,15,21,495.6017,-87.4489,-0.5560,22,0.5641,0.6000,5,8,8,0,0,8,8,0.0000
8,20.0000,16,1,482.1149,-88.5295,-0.0857,20,0.5000,0.8889,9,5,2,0,0,5,2,0.6000
8,20.0000,16,3,500.3264,-88.7409,0.1450,17,0.4250,1.0000,8,7,6,0,0,7,6,0.1429
8,20.0000,16,25,636.0092,-87.9161,-0.4975,6,0.1500,1.0000,8,6,6,0,0,6,6,0.0000
8,20.0000,17,5,650.2183,-88.5038,-0.5998,5,0.1250,1.0000,8,6,6,0,0,6,6,0.0000
8,20.0000,17,6,394.7019,-85.9359,-0.7700,34,0.8500,0.2500,4,9,7,0,0,9,7,0.2222
8,20.0000,17,14,652.0507,-89.1724,0.4252,6,0.1500,1.0000,10,6,6,0,0,6,6,0.0000
8,20.0000,17,19,492.2805,-88.1356,0.1664,15,0.3750,0.8571,7,9,8,0,0,9,8,0.1111
8,20.0000,17,20,130.2137,-72.5341,-1.5367,40,1.0000,0.0000,4,4,0,0,0,4,0,1.0000
8,20.0000,18,17,595.6388,-88.5536,0.2938,5,0.1250,1.0000,4,8,8,0,0,8,8,0.0000
8,20.0000,18,19,576.1879,-88.9102,0.5280,6,0.1500,1.0000,4,7,6,0,0,7,6,0.1429
8,20.0000,19,14,586.4388,-88.2416,-0.2158,16,0.4000,0.8571,7,8,8,0,0,8,8,0.0000
8,20.0000,19,17,492.2805,-88.1966,0.3504,18,0.4500,0.7143,7,7,6,0,0,7,6,0.1429
8,20.0000,19,18,576.1879,-89.1523,-0.1442,3,0.0750,1.0000,6,8,8,0,0,8,8,0.0000
8,20.0000,19,20,602.4830,-87.9166,-0.6873,19,0.4750,1.0000,8,8,8,0,0,8,8,0.0000
8,20.0000,20,5,529.2771,-88.8980,0.5580,7,0.1750,1.0000,8,8,7,0,0,8,7,0.1250
8,20.0000,20,6,277.0678,-85.2054,0.1645,37,0.9250,0.0000,4,5,1,0,0,5,1,0.8000
8,20.0000,20,14,656.7997,-88.5297,0.6068,7,0.1750,1.0000,8,4,4,0,0,4,4,0.0000
8,20.0000,20,17,130.2137,-72.6847,-1.6769,40,1.0000,0.0000,3,4,0,0,0,4,0,1.0000
8,20.0000,20,19,602.4830,-87.5956,-0.5250,15,0.3750,0.7500,8,8,8,0,0,8,8,0.0000
8,20.0000,21,4,587.5456,-88.1774,-0.3595,10,0.2500,0.8571,7,8,8,0,0,8,8,0.0000
8,20.0000,21,5,473.6342,-88.5605,-0.4248,10,0.2500,1.0000,6,7,5,0,0,7,5,0.2857
8,20.0000,21,13,428.3512,-87.4189,-0.3338,25,0.6250,0.7143,7,8,7,0,0,8,7,0.1250
8,20.0000,21,15,495.6017,-87.4178,-0.2685,24,0.6000,0.6250,8,8,8,0,0,8,8,0.0000
8,20.0000,22,1,347.0588,-86.3728,-0.3099,31,0.7750,0.4000,5,6,4,0,0,6,4,0.3333
8,20.0000,22,11,596.9903,-89.1585,0.0819,7,0.1750,1.0000,8,8,8,0,0,8,8,0.0000
8,20.0000,22,25,636.8385,-88.7832,-0.6063,3,0.0750,1.0000,8,8,8,0,0,8,8,0.0000
8,20.0000,22,27,300.4090,-86.5608,0.7988,35,0.8750,0.0000,4,4,0,0,0,4,0,1.0000
8,20.0000,24,3,425.9419,-88.6252,0.1781,23,0.5750,0.8000,5,8,7,0,0,8,7,0.1250
8,20.0000,25,0,515.1113,-88.9577,0.0282,12,0.3000,1.0000,8,8,7,0,0,8,7,0.1250
8,20.0000,25,1,496.5620,-88.0675,0.1038,20,0.5000,0.6667,6,7,6,0,0,7,6,0.1429
8,20.0000,25,2,655.7046,-89.5159,0.3745,3,0.0750,,0,7,6,0,0,7,6,0.1429
8,20.0000,25,3,619.6096,-88.9495,0.1787,9,0.2250,0.8571,7,8,8,0,0,8,8,0.0000
8,20.0000,25,12,141.1439,-82.7981,1.3882,40,1.0000,0.0000,4,4,0,0,0,4,0,1.0000
8,20.0000,25,16,636.0092,-89.2084,1.0225,4,0.1000,0.8750,8,5,4,0,0,5,4,0.2000
8,20.0000,25,22,636.8385,-89.1936,-0.2448,6,0.1500,1.0000,8,8,8,0,0,8,8,0.0000
8,20.0000,25,27,376.0226,-86.7032,-0.0768,32,0.8000,0.6250,8,5,1,0,0,5,1,0.8000
8,20.0000,26,4,347.4421,-87.5661,0.7629,31,0.7750,0.7143,7,6,2,0,0,6,2,0.6667
8,20.0000,26,8,533.9312,-88.3004,0.0774,12,0.3000,1.0000,8,8,8,0,0,8,8,0.0000
8,20.0000,27,0,494.8331,-88.3577,-0.4039,16,0.4103,0.8750,8,8,7,0,0,8,7,0.1250
8,20.0000,27,1,385.1835,-87.3656,-0.1130,23,0.5897,0.5000,6,5,2,0,0,5,2,0.6000
8,20.0000,27,12,514.6967,-87.7264,0.1549,7,0.1795,1.0000,4,6,4,0,0,6,4,0.3333
8,20.0000,27,16,639.1186,-89.4869,-0.1574,6,0.1538,0.8000,5,8,8,0,0,8,8,0.0000
8,20.0000,27,22,300.4090,-86.0381,0.2115,32,0.8205,0.5714,7,4,0,0,0,4,0,1.0000
8,20.0000,27,25,376.0226,-86.6094,0.0608,32,0.8205,0.3333,6,8,6,0,0,8,6,0.2500
8,24.0000,0,2,378.8144,-86.6492,-0.4302,31,0.7750,0.4000,5,7,5,0,0,7,5,0.2857
8,24.0000,0,12,510.2033,-88.3609,0.1232,12,0.3000,1.0000,8,8,7,0,0,8,7,0.1250
8,24.0000,0,25,442.4876,-87.9575,0.4328,13,0.3250,0.7143,7,7,4,0,0,7,4,0.4286
8,24.0000,0,27,544.5217,-88.4440,0.1089,10,0.2500,0.8571,7,8,7,0,0,8,7,0.1250
8,24.0000,1,12,498.1294,-88.2987,0.4204,11,0.2683,1.0000,8,8,7,0,0,8,7,0.1250
8,24.0000,1,16,471.7953,-87.5608,0.0595,21,0.5122,0.8750,8,8,6,0,0,8,6,0.2500
8,24.0000,1,22,368.2786,-86.5127,-0.0001,38,0.9268,0.7143,7,6,3,0,0,6,3,0.5000
8,24.0000,1,25,534.3573,-88.3081,0.1566,13,0.3171,1.0000,8,8,8,0,0,8,8,0.0000
8,24.0000,1,27,322.6090,-86.6673,1.0299,31,0.7561,0.5000,6,4,0,0,0,4,0,1.0000
8,24.0000,2,0,378.8144,-87.6494,0.0722,20,0.5000,0.4000,5,6,4,0,0,6,4,0.3333
8,24.0000,2,10,686.1595,-89.5614,-0.0253,5,0.1250,1.0000,8,8,8,0,0,8,8,0.0000
8,24.0000,2,25,576.0430,-88.8010,0.0565,7,0.1750,1.0000,4,8,8,0,0,8,8,0.0000
8,24.0000,2,27,709.2673,-89.5908,-0.2546,4,0.1000,0.7500,4,4,4,0,0,4,4,0.0000
8,24.0000,3,1,677.8530,-89.6431,0.0941,4,0.1000,1.0000,4,8,8,0,0,8,8,0.0000
8,24.0000,3,12,691.4255,-88.5019,0.2642,4,0.1000,1.0000,8,6,6,0,0,6,6,0.0000
8,24.0000,3,16,462.8388,-87.8205,-0.1724,18,0.4500,1.0000,6,9,7,0,0,9,7,0.2222
8,24.0000,3,24,353.9075,-87.0188,0.0920,28,0.7000,0.2000,5,5,1,0,0,5,1,0.8000
8,24.0000,3,25,700.7636,-89.3360,-0.2401,4,0.1000,1.0000,8,2,2,0,0,2,2,0.0000
8,24.0000,4,8,555.6304,-89.2718,0.1895,6,0.1463,1.0000,2,8,7,0,0,8,7,0.1250
8,24.0000,4,13,665.7318,-89.1640,0.2296,3,0.0732,1.0000,10,4,4,0,0,4,4,0.0000
8,24.0000,4,21,738.5969,-89.1491,0.0787,5,0.1220,1.0000,8,6,6,0,0,6,6,0.0000
8,24.0000,4,26,306.8686,-86.0063,-0.0373,38,0.9268,0.1667,6,6,3,0,0,6,3,0.5000
8,24.0000,5,6,474.5645,-88.3085,-0.0165,24,0.6000,0.5714,7,7,6,0,0,7,6,0.1429
8,24.0000,5,11,546.1347,-88.9166,0.3941,14,0.3500,0.7143,7,8,8,0,0,8,8,0.0000
8,24.0000,5,17,796.1361,-89.7559,-0.2018,3,0.0750,1.0000,8,4,4,0,0,4,4,0.0000
8,24.0000,5,20,500.7264,-88.3667,0.1350,14,0.3500,0.7500,8,8,7,0,0,8,7,0.1250
8,24.0000,5,21,290.9544,-86.8604,0.6050,29,0.7250,0.7143,7,4,0,0,0,4,0,1.0000
8,24.0000,6,5,474.5645,-87.4392,-0.2593,21,0.5250,0.8571,7,7,6,0,0,7,6,0.1429
8,24.0000,6,14,612.9137,-89.2640,-0.1880,12,0.3000,1.0000,6,8,8,0,0,8,8,0.0000
8,24.0000,6,17,522.8903,-88.6556,-0.4835,15,0.3750,0.8750,8,8,8,0,0,8,8,0.0000
8,24.0000,6,20,361.8241,-86.1500,-0.3018,36,0.9000,0.2000,5,6,4,0,0,6,4,0.3333
8,24.0000,6,21,498.8104,-88.4536,0.4647,13,0.3250,1.0000,8,8,7,0,0,8,7,0.1250
8,24.0000,6,23,526.1650,-88.4976,0.4212,7,0.1750,1.0000,8,5,2,0,0,5,2,0.6000
8,24.0000,7,9,124.8864,-76.5568,0.4505,40,1.0000,0.0000,4,4,0,0,0,4,0,1.0000
8,24.0000,8,4,555.6304,-89.0178,-1.2899,3,0.0750,0.8750,8,6,4,0,0,6,4,0.3333
8,24.0000,8,26,571.4944,-87.8302,0.0678,14,0.3500,0.6667,6,8,8,0,0,8,8,0.0000
8,24.0000,9,7,124.8864,-76.3853,-0.6899,40,1.0000,0.0000,4,4,0,0,0,4,0,1.0000
8,24.0000,10,2,686.1595,-89.5084,0.3238,5,0.1250,1.0000,8,8,8,0,0,8,8,0.0000
8,24.0000,11,1,674.0550,-88.6997,-0.0877,5,0.1250,1.0000,6,4,4,0,0,4,4,0.0000
8,24.0000,11,5,546.1347,-88.6943,-0.1700,13,0.3250,1.0000,8,8,8,0,0,8,8,0.0000
8,24.0000,11,22,677.1459,-88.2982,-0.5607,4,0.1000,1.0000,8,6,6,0,0,6,6,0.0000
8,24.0000,12,0,510.2033,-88.5703,0.5311,13,0.3250,1.0000,8,8,8,0,0,8,8,0.0000
8,24.0000,12,1,498.1294,-88.7893,0.1271,12,0.3000,1.0000,8,7,5,0,0,7,5,0.2857
8,24.0000,12,3,691.4255,-88.7096,0.2653,9,0.2250,1.0000,6,6,6,0,0,6,6,0.0000
8,24.0000,12,25,79.4634,-73.7512,2.2062,40,1.0000,0.0000,4,4,0,0,0,4,0,1.0000
8,24.0000,12,27,430.6442,-87.8178,0.0228,20,0.5000,0.8571,7,8,8,0,0,8,8,0.0000
8,24.0000,13,4,665.7318,-88.8157,-0.9935,4,0.1000,1.0000,8,2,2,0,0,2,2,0.0000
8,24.0000,13,15,193.1598,-80.3936,-0.3523,40,1.0000,0.0000,4,4,0,0,0,4,0,1.0000
8,24.0000,13,21,486.1279,-87.4568,-0.2344,25,0.6250,0.8571,7,7,6,0,0,7,6,0.1429
8,24.0000,15,13,193.1598,-79.9577,0.3257,40,1.0000,0.0000,4,4,0,0,0,4,0,1.0000
8,24.0000,15,21,662.8009,-88.1624,0.9144,4,0.1000,1.0000,8,6,6,0,0,6,6,0.0000
8,24.0000,16,1,471.7953,-88.3014,0.0252,20,0.5000,0.4000,5,8,8,0,0,8,8,0.0000
8,24.0000,16,3,462.8388,-88.1999,0.3869,13,0.3250,0.8571,7,8,7,0,0,8,7,0.1250
8,24.0000,16,22,664.2032,-89.4797,0.8295,4,0.1000,1.0000,8,8,8,0,0,8,8,0.0000
8,24.0000,16,27,630.0787,-89.0151,-0.0971,8,0.2000,1.0000,8,8,8,0,0,8,8,0.0000
8,24.0000,17,5,796.1361,-89.1433,-0.3663,5,0.1250,1.0000,6,2,2,0,0,2,2,0.0000
8,24.0000,17,6,522.8903,-88.6138,-0.1817,17,0.4250,0.7778,9,6,6,0,0,6,6,0.0000
8,24.0000,17,18,461.7657,-88.9364,0.4107,9,0.2250,0.8000,10,5,2,0,0,5,2,0.6000
8,24.0000,17,19,484.3657,-88.7065,0.1008,19,0.4750,0.8889,9,8,8,0,0,8,8,0.0000
8,24.0000,17,20,309.4893,-82.6286,-2.2772,39,0.9750,0.0000,4,6,3,0,0,6,3,0.5000
8,24.0000,18,17,461.7657,-87.8784,0.5103,12,0.2927,1.0000,8,6,4,0,0,6,4,0.3333
8,24.0000,18,19,457.1040,-88.5066,0.0513,17,0.4146,0.8571,7,6,3,0,0,6,3,0.5000
8,24.0000,18,20,631.3896,-88.8767,0.2735,4,0.0976,1.0000,6,8,7,0,0,8,7,0.1250
8,24.0000,19,17,484.3657,-87.5836,0.1742,17,0.4146,0.8571,7,7,6,0,0,7,6,0.1429
8,24.0000,19,18,457.1040,-87.6189,0.5587,8,0.1951,1.0000,8,7,6,0,0,7,6,0.1429
8,24.0000,20,5,500.7264,-88.3142,0.2734,11,0.2750,0.8750,8,7,6,0,0,7,6,0.1429
8,24.0000,20,6,361.8241,-85.0949,-0.4590,36,0.9000,0.2000,5,7,6,0,0,7,6,0.1429
8,24.0000,20,14,817.1194,-88.8663,-0.9318,3,0.0750,1.0000,4,2,2,0,0,2,2,0.0000
8,24.0000,20,17,309.4893,-81.9224,-2.0552,40,1.0000,0.0000,4,5,2,0,0,5,2,0.6000
8,24.0000,20,18,631.3896,-88.8431,-0.3450,3,0.0750,1.0000,8,4,4,0,0,4,4,0.0000
8,24.0000,20,19,778.5688,-89.2425,-0.1450,3,0.0750,1.0000,8,4,4,0,0,4,4,0.0000
8,24.0000,21,4,738.5969,-89.5418,-0.3302,4,0.1000,1.0000,8,6,6,0,0,6,6,0.0000
8,24.0000,21,5,290.9544,-86.9533,0.6801,27,0.6750,0.7143,7,4,0,0,0,4,0,1.0000
8,24.0000,21,6,498.8104,-88.2501,0.3174,12,0.3000,1.0000,8,6,4,0,0,6,4,0.3333
8,24.0000,21,13,486.1279,-87.3921,-0.2940,20,0.5000,0.8750,8,7,6,0,0,7,6,0.1429
8,24.0000,21,15,662.8009,-87.5516,-0.0432,10,0.2500,1.0000,8,4,4,0,0,4,4,0.0000
8,24.0000,22,1,368.2786,-86.5172,-0.0436,30,0.7500,0.6667,6,5,2,0,0,5,2,0.6000
8,24.0000,22,12,629.8138,-88.5823,0.8534,3,0.0750,1.0000,2,7,6,0,0,7,6,0.1429
8,24.0000,22,16,664.2032,-89.6597,0.0620,3,0.0750,1.0000,6,4,4,0,0,4,4,0.0000
8,24.0000,22,25,634.9710,-89.1997,0.4268,3,0.0750,1.0000,8,8,8,0,0,8,8,0.0000
8,24.0000,22,27,203.3669,-83.6260,1.4084,39,0.9750,0.0000,4,4,0,0,0,4,0,1.0000
8,24.0000,23,6,526.1650,-88.7302,0.1521,4,0.1000,1.0000,8,5,2,0,0,5,2,0.6000
8,24.0000,23,14,630.0400,-89.2133,-0.4990,4,0.1000,1.0000,8,4,4,0,0,4,4,0.0000
8,24.0000,23,21,631.5661,-88.9778,-1.0120,5,0.1250,1.0000,6,8,8,0,0,8,8,0.0000
8,24.0000,24,3,353.9075,-87.3768,-0.0261,28,0.7000,0.8750,8,5,2,0,0,5,2,0.6000
8,24.0000,24,16,595.3340,-88.3767,0.6725,4,0.1000,1.0000,6,7,6,0,0,7,6,0.1429
8,24.0000,25,0,442.4876,-88.3875,0.4458,19,0.4750,0.8750,8,6,4,0,0,6,4,0.3333
8,24.0000,25,1,534.3573,-88.4113,-0.2457,11,0.2750,0.8571,7,8,8,0,0,8,8,0.0000
8,24.0000,25,2,576.0430,-88.6678,1.0353,5,0.1250,0.8571,7,8,8,0,0,8,8,0.0000
8,24.0000,25,12,79.4634,-73.6557,1.5791,40,1.0000,0.0000,4,4,0,0,0,4,0,1.0000
8,24.0000,25,22,634.9710,-89.5944,0.0368,6,0.1500,1.0000,8,2,2,0,0,2,2,0.0000
8,24.0000,25,27,432.2716,-87.1509,-0.4671,24,0.6000,0.2000,5,8,7,0,0,8,7,0.1250
8,24.0000,26,4,306.8686,-85.3748,0.7035,35,0.8750,0.3333,6,6,2,0,0,6,2,0.6667
8,24.0000,26,8,571.4944,-88.5516,-0.4513,11,0.2750,1.0000,8,7,6,0,0,7,6,0.1429
8,24.0000,27,0,544.5217,-88.2005,0.2514,11,0.2750,0.8750,8,8,8,0,0,8,8,0.0000
8,24.0000,27,1,322.6090,-85.9823,0.1991,33,0.8250,0.4000,5,5,1,0,0,5,1,0.8000
8,24.0000,27,12,430.6442,-88.3278,0.2323,28,0.7000,0.6667,6,7,5,0,0,7,5,0.2857
8,24.0000,27,16,630.0787,-89.3261,0.0192,5,0.1250,1.0000,8,8,8,0,0,8,8,0.0000
8,24.0000,27,22,203.3669,-84.2190,0.9558,38,0.9500,0.0000,4,4,0,0,0,4,0,1.0000
8,24.0000,27,25,432.2716,-87.7208,-0.0899,28,0.7000,0.7500,8,7,5,0,0,7,5,0.2857
8,28.0000,0,2,417.7008,-86.6501,-0.3035,23,0.5750,0.7143,7,6,4,0,0,6,4,0.3333
8,28.0000,0,12,497.2434,-88.7446,0.3058,10,0.2500,0.8750,8,7,6,0,0,7,6,0.1429
8,28.0000,0,22,635.4391,-89.4560,0.2223,6,0.1500,1.0000,8,6,6,0,0,6,6,0.0000
8,28.0000,0,25,368.6225,-87.7915,0.1232,22,0.5500,0.5714,7,6,4,0,0,6,4,0.3333
8,28.0000,0,27,588.4422,-89.1038,0.1376,6,0.1500,0.8750,8,8,8,0,0,8,8,0.0000
8,28.0000,1,3,647.2527,-89.5066,0.3493,4,0.1000,1.0000,6,8,8,0,0,8,8,0.0000
8,28.0000,1,12,461.5355,-88.0888,-0.2303,20,0.5000,0.8750,8,7,5,0,0,7,5,0.2857
8,28.0000,1,16,468.3659,-88.0031,0.0922,16,0.4000,0.7500,8,6,3,0,0,6,3,0.5000
8,28.0000,1,22,387.7132,-86.9031,-0.8002,24,0.6000,0.5000,6,7,5,0,0,7,5,0.2857
8,28.0000,1,25,609.5910,-88.6486,0.2358,7,0.1750,1.0000,8,8,8,0,0,8,8,0.0000
8,28.0000,1,27,283.1324,-85.4208,0.5488,34,0.8500,0.0000,4,3,0,0,0,3,0,1.0000
8,28.0000,2,0,417.7008,-87.1323,0.0805,30,0.7500,0.6667,6,8,8,0,0,8,8,0.0000
8,28.0000,2,12,541.6531,-89.0476,-0.0846,7,0.1750,1.0000,8,8,8,0,0,8,8,0.0000
8,28.0000,2,25,498.6215,-88.6371,0.0354,16,0.4000,1.0000,8,6,4,0,0,6,4,0.3333
8,28.0000,3,1,647.2527,-89.2408,-1.0848,3,0.0750,1.0000,8,8,8,0,0,8,8,0.0000
8,28.0000,3,16,440.1343,-88.2035,-0.3438,16,0.4000,0.7778,9,4,1,0,0,4,1,0.7500
8,28.0000,3,24,338.0787,-86.3146,-0.1440,33,0.8250,0.2000,5,6,3,0,0,6,3,0.5000
8,28.0000,4,8,371.9900,-87.7792,0.6609,16,0.4103,0.8750,8,6,2,0,0,6,2,0.6667
8,28.0000,4,26,357.2340,-85.5804,-0.0793,31,0.7949,0.5000,6,5,3,0,0,5,3,0.4000
8,28.0000,5,6,566.4077,-88.7257,0.0256,14,0.3500,0.8571,7,8,8,0,0,8,8,0.0000
8,28.0000,5,11,587.0184,-88.0225,0.1544,7,0.1750,1.0000,8,8,8,0,0,8,8,0.0000
8,28.0000,5,20,538.1362,-88.6050,-0.1455,10,0.2500,0.8750,8,8,8,0,0,8,8,0.0000
8,28.0000,5,21,191.8095,-82.8114,1.1954,40,1.0000,0.0000,4,4,0,0,0,4,0,1.0000
8,28.0000,6,5,566.4077,-88.3277,-0.5943,14,0.3500,0.8571,7,8,8,0,0,8,8,0.0000
8,28.0000,6,14,610.7558,-89.3457,-0.0424,4,0.1000,1.0000,8,8,8,0,0,8,8,0.0000
8,28.0000,6,17,676.4582,-88.6365,0.7168,6,0.1500,1.0000,8,8,8,0,0,8,8,0.0000
8,28.0000,6,20,513.6639,-87.8834,-0.5464,24,0.6000,0.6667,6,8,8,0,0,8,8,0.0000
8,28.0000,6,21,422.9905,-88.1007,0.0972,23,0.5750,0.8750,8,7,6,0,0,7,6,0.1429
8,28.0000,6,23,355.3038,-88.2499,0.6872,19,0.4750,0.4000,5,5,2,0,0,5,2,0.6000
8,28.0000,7,9,216.0721,-79.4856,-1.6795,39,1.0000,0.0000,4,4,0,0,0,4,0,1.0000
8,28.0000,8,4,371.9900,-87.6440,0.9589,17,0.4359,0.6667,6,4,0,0,0,4,0,1.0000
8,28.0000,8,26,590.0968,-88.7668,-0.0512,10,0.2564,1.0000,8,8,8,0,0,8,8,0.0000
8,28.0000,9,7,216.0721,-79.7095,-1.3874,40,1.0000,0.0000,4,4,0,0,0,4,0,1.0000
8,28.0000,11,1,679.2800,-88.8293,0.0612,4,0.1026,1.0000,4,8,7,0,0,8,7,0.1250
8,28.0000,11,5,587.0184,-89.4248,0.1522,5,0.1282,1.0000,8,8,8,0,0,8,8,0.0000
8,28.0000,12,0,497.2434,-88.2771,0.4512,12,0.3000,1.0000,8,8,7,0,0,8,7,0.1250
8,28.0000,12,1,461.5355,-88.2398,0.1848,17,0.4250,0.7143,7,8,8,0,0,8,8,0.0000
8,28.0000,12,2,541.6531,-88.6470,-0.3135,9,0.2250,0.6667,3,7,6,0,0,7,6,0.1429
8,28.0000,12,22,504.8189,-88.5731,0.7876,6,0.1500,1.0000,8,5,2,0,0,5,2,0.6000
8,28.0000,12,25,217.9022,-78.1626,-2.4706,38,0.9500,0.0000,4,5,1,0,0,5,1,0.8000
8,28.0000,12,27,386.1487,-86.7110,-0.0582,24,0.6000,1.0000,8,6,4,0,0,6,4,0.3333
8,28.0000,13,5,602.8928,-89.5742,-0.1124,6,0.1538,1.0000,2,8,8,0,0,8,8,0.0000
8,28.0000,13,15,302.3545,-83.5114,-1.1765,39,1.0000,0.0000,4,6,3,0,0,6,3,0.5000
8,28.0000,13,21,546.8119,-88.0299,0.4000,11,0.2821,0.8571,7,8,7,0,0,8,7,0.1250
8,28.0000,14,6,610.7558,-89.3749,0.5559,3,0.0750,1.0000,8,8,8,0,0,8,8,0.0000
8,28.0000,14,23,645.3122,-88.3219,1.1361,3,0.0750,1.0000,6,8,8,0,0,8,8,0.0000
8,28.0000,15,13,302.3545,-84.1952,-1.3638,40,1.0000,0.0000,4,7,5,0,0,7,5,0.2857
8,28.0000,15,26,596.6053,-88.9764,0.0780,4,0.1000,1.0000,6,8,7,0,0,8,7,0.1250
8,28.0000,16,1,468.3659,-88.5560,-0.0546,18,0.4500,1.0000,8,7,4,0,0,7,4,0.4286
8,28.0000,16,3,440.1343,-87.9091,-0.0058,25,0.6250,0.8750,8,7,4,0,0,7,4,0.4286
8,28.0000,16,24,516.6906,-88.3057,-0.0736,8,0.2000,0.8750,8,6,4,0,0,6,4,0.3333
8,28.0000,16,27,615.9020,-89.0965,-0.4847,6,0.1500,1.0000,8,6,6,0,0,6,6,0.0000
8,28.0000,17,6,676.4582,-88.0427,-0.2687,9,0.2250,1.0000,6,4,4,0,0,4,4,0.0000
8,28.0000,17,18,341.4603,-87.3203,1.0327,26,0.6500,0.4000,5,5,1,0,0,5,1,0.8000
8,28.0000,17,19,492.3615,-88.4177,0.6065,12,0.3000,1.0000,8,7,6,0,0,7,6,0.1429
8,28.0000,17,20,485.7898,-86.4876,-1.1895,28,0.7000,0.5000,6,8,8,0,0,8,8,0.0000
8,28.0000,18,17,341.4603,-87.2535,0.4444,24,0.6000,0.6667,6,5,1,0,0,5,1,0.8000
8,28.0000,18,19,434.8361,-87.8075,0.0643,21,0.5250,0.5000,6,7,5,0,0,7,5,0.2857
8,28.0000,18,20,609.4794,-88.4891,0.4063,3,0.0750,0.8750,8,8,8,0,0,8,8,0.0000
8,28.0000,19,17,492.3615,-88.3317,0.0372,14,0.3590,0.8571,7,8,8,0,0,8,8,0.0000
8,28.0000,19,18,434.8361,-87.1508,0.0027,22,0.5641,0.8571,7,7,5,0,0,7,5,0.2857
8,28.0000,20,5,538.1362,-88.9493,-0.1874,20,0.5000,0.8571,7,8,8,0,0,8,8,0.0000
8,28.0000,20,6,513.6639,-87.9215,-0.5452,26,0.6500,0.8571,7,4,4,0,0,4,4,0.0000
8,28.0000,20,17,485.7898,-87.1318,0.1347,29,0.7250,0.4000,5,7,6,0,0,7,6,0.1429
8,28.0000,20,18,609.4794,-89.1618,-0.2933,3,0.0750,1.0000,4,8,8,0,0,8,8,0.0000
8,28.0000,20,21,563.7390,-89.2476,-0.2386,4,0.1000,0.9000,10,7,6,0,0,7,6,0.1429
8,28.0000,21,5,191.8095,-83.0423,0.9831,39,0.9750,0.0000,4,5,1,0,0,5,1,0.8000
8,28.0000,21,6,422.9905,-87.8199,0.1876,20,0.5000,0.6667,6,8,6,0,0,8,6,0.2500
8,28.0000,21,13,546.8119,-88.3147,-0.2638,16,0.4000,0.8571,7,7,6,0,0,7,6,0.1429
8,28.0000,21,20,563.7390,-89.5108,-0.0288,5,0.1250,1.0000,4,8,8,0,0,8,8,0.0000
8,28.0000,21,23,549.0706,-89.2415,0.1650,9,0.2250,1.0000,8,8,8,0,0,8,8,0.0000
8,28.0000,22,0,635.4391,-89.0279,1.7599,4,0.1000,1.0000,6,6,6,0,0,6,6,0.0000
8,28.0000,22,1,387.7132,-86.9256,0.1289,32,0.8000,0.4000,5,6,3,0,0,6,3,0.5000
8,28.0000,22,12,504.8189,-88.5300,0.6810,7,0.1750,0.8571,7,8,7,0,0,8,7,0.1250
8,28.0000,22,27,143.0484,-79.8299,0.8579,39,0.9750,0.0000,4,4,0,0,0,4,0,1.0000
8,28.0000,23,6,355.3038,-87.6053,0.5843,21,0.5250,0.4000,5,4,0,0,0,4,0,1.0000
8,28.0000,23,14,645.3122,-89.3579,-0.1271,4,0.1000,1.0000,4,6,6,0,0,6,6,0.0000
8,28.0000,23,21,549.0706,-88.1720,0.4444,5,0.1250,1.0000,8,8,8,0,0,8,8,0.0000
8,28.0000,24,3,338.0787,-86.2531,0.6430,35,0.8974,0.4000,5,6,2,0,0,6,2,0.6667
8,28.0000,24,16,516.6906,-88.8140,0.6652,7,0.1795,0.8571,7,8,7,0,0,8,7,0.1250
8,28.0000,25,0,368.6225,-87.3467,0.0516,25,0.6410,0.6667,6,5,1,0,0,5,1,0.8000
8,28.0000,25,1,609.5910,-88.3633,-0.3874,7,0.1795,1.0000,8,4,4,0,0,4,4,0.0000
8,28.0000,25,2,498.6215,-88.4873,-0.5681,9,0.2308,1.0000,8,8,7,0,0,8,7,0.1250
8,28.0000,25,12,217.9022,-77.9144,-2.7486,39,1.0000,0.0000,4,6,3,0,0,6,3,0.5000
8,28.0000,25,22,631.6000,-89.0850,-0.0269,4,0.1026,1.0000,2,8,7,0,0,8,7,0.1250
8,28.0000,25,27,518.4406,-88.0724,0.3391,15,0.3846,0.8750,8,8,8,0,0,8,8,0.0000
8,28.0000,26,4,357.2340,-86.2416,-0.0917,32,0.8000,0.3333,6,7,5,0,0,7,5,0.2857
8,28.0000,26,8,590.0968,-88.9777,0.1160,10,0.2500,0.8571,7,8,8,0,0,8,8,0.0000
8,28.0000,26,15,596.6053,-88.5089,-1.4810,5,0.1250,1.0000,4,7,6,0,0,7,6,0.1429
8,28.0000,27,0,588.4422,-88.0386,0.0294,8,0.2000,1.0000,8,8,8,0,0,8,8,0.0000
8,28.0000,27,1,283.1324,-85.2654,0.1063,39,0.9750,0.2000,5,4,0,0,0,4,0,1.0000
8,28.0000,27,12,386.1487,-86.9821,0.7133,27,0.6750,0.7143,7,6,2,0,0,6,2,0.6667
8,28.0000,27,16,615.9020,-89.1171,0.2117,4,0.1000,1.0000,8,8,8,0,0,8,8,0.0000
8,28.0000,27,22,143.0484,-80.2162,0.7316,40,1.0000,0.0000,4,4,0,0,0,4,0,1.0000
8,28.0000,27,25,518.4406,-88.1836,-0.0784,15,0.3750,0.7143,7,8,8,0,0,8,8,0.0000
8,32.0000,0,2,477.2370,-87.2325,-0.0766,17,0.4250,0.6667,6,8,6,0,0,8,6,0.2500
8,32.0000,0,12,540.3358,-88.3327,-0.2019,14,0.3500,0.8571,7,8,8,0,0,8,8,0.0000
8,32.0000,0,22,570.4093,-89.5645,-0.0905,4,0.1000,1.0000,6,8,8,0,0,8,8,0.0000
8,32.0000,0,25,332.5826,-86.7116,0.2012,32,0.8000,0.6667,6,5,1,0,0,5,1,0.8000
8,32.0000,0,27,621.7233,-88.8205,0.0062,5,0.1250,1.0000,8,6,6,0,0,6,6,0.0000
8,32.0000,1,3,621.9712,-89.1565,0.1336,7,0.1750,1.0000,8,8,8,0,0,8,8,0.0000
8,32.0000,1,12,479.3180,-87.9534,-0.2675,18,0.4500,0.7143,7,8,8,0,0,8,8,0.0000
8,32.0000,1,16,447.7131,-87.7957,0.2581,20,0.5000,0.5000,6,7,6,0,0,7,6,0.1429
8,32.0000,1,22,418.8271,-87.4510,0.3674,24,0.6000,0.7143,7,7,5,0,0,7,5,0.2857
8,32.0000,1,27,250.0249,-84.3418,0.8169,35,0.8750,0.0000,3,4,0,0,0,4,0,1.0000
8,32.0000,2,0,477.2370,-87.7336,0.1354,24,0.6000,1.0000,8,8,8,0,0,8,8,0.0000
8,32.0000,2,10,653.1837,-89.4921,0.4284,3,0.0750,1.0000,4,8,8,0,0,8,8,0.0000
8,32.0000,2,12,495.5713,-88.3350,-0.0013,12,0.3000,1.0000,8,8,7,0,0,8,7,0.1250
8,32.0000,2,25,478.7535,-87.8714,0.3456,18,0.4500,0.6667,6,7,6,0,0,7,6,0.1429
8,32.0000,3,1,621.9712,-88.6636,-0.9797,4,0.1000,1.0000,8,8,8,0,0,8,8,0.0000
8,32.0000,3,16,441.8761,-87.8032,0.2237,24,0.6000,0.2500,4,6,4,0,0,6,4,0.3333
8,32.0000,3,24,424.8307,-86.5769,-0.0641,31,0.7750,0.5000,6,7,6,0,0,7,6,0.1429
8,32.0000,4,8,203.0750,-84.6093,1.2340,37,0.9024,0.3333,6,4,0,0,0,4,0,1.0000
8,32.0000,4,11,567.3236,-89.2350,0.3719,4,0.0976,1.0000,8,8,8,0,0,8,8,0.0000
8,32.0000,4,26,454.7698,-87.4733,-0.1447,31,0.7561,0.6000,5,9,7,0,0,9,7,0.2222
8,32.0000,5,6,618.1462,-89.0227,0.1366,5,0.1250,1.0000,8,4,4,0,0,4,4,0.0000
8,32.0000,5,11,639.6369,-88.5917,0.3892,7,0.1750,1.0000,8,4,4,0,0,4,4,0.0000
8,32.0000,5,13,483.5455,-88.2038,0.2605,10,0.2500,0.8750,8,8,7,0,0,8,7,0.1250
8,32.0000,5,20,605.6504,-88.8820,-0.0389,9,0.2250,1.0000,8,8,8,0,0,8,8,0.0000
8,32.0000,5,21,289.1894,-82.8147,-1.3016,38,0.9500,0.0000,4,4,0,0,0,4,0,1.0000
8,32.0000,6,5,618.1462,-89.4244,0.4035,4,0.1000,1.0000,8,8,8,0,0,8,8,0.0000
8,32.0000,6,14,589.7239,-89.3020,-0.0896,4,0.1000,1.0000,8,8,8,0,0,8,8,0.0000
8,32.0000,6,20,673.0576,-89.4281,0.1920,4,0.1000,1.0000,8,4,4,0,0,4,4,0.0000
8,32.0000,6,21,383.4031,-87.4285,0.1124,29,0.7250,0.8571,7,6,3,0,0,6,3,0.5000
8,32.0000,6,23,208.9984,-84.8572,1.1422,37,0.9250,0.4000,5,4,0,0,0,4,0,1.0000
8,32.0000,7,2,639.7808,-88.9907,1.3810,4,0.1000,1.0000,4,7,6,0,0,7,6,0.1429
8,32.0000,7,9,334.7962,-84.7715,-1.0472,39,0.9750,0.0000,4,5,2,0,0,5,2,0.6000
8,32.0000,8,4,203.0750,-84.5859,1.1537,38,0.9268,0.0000,4,4,0,0,0,4,0,1.0000
8,32.0000,8,11,584.1990,-88.3861,-0.5148,5,0.1220,,0,8,8,0,0,8,8,0.0000
8,32.0000,8,26,607.1433,-89.2101,-0.1423,6,0.1463,1.0000,8,5,4,0,0,5,4,0.2000
8,32.0000,9,7,334.7962,-84.6222,-0.9902,35,0.8537,0.0000,4,7,4,0,0,7,4,0.4286
8,32.0000,11,4,567.3236,-88.8835,0.0744,6,0.1463,0.8571,7,7,6,0,0,7,6,0.1429
8,32.0000,11,5,639.6369,-88.7496,-0.2346,7,0.1707,1.0000,8,6,6,0,0,6,6,0.0000
8,32.0000,12,0,540.3358,-88.7931,-0.5037,15,0.3846,0.8750,8,8,7,0,0,8,7,0.1250
8,32.0000,12,1,479.3180,-87.4441,0.0259,16,0.4103,1.0000,8,8,7,0,0,8,7,0.1250
8,32.0000,12,2,495.5713,-88.5871,-0.2673,10,0.2564,0.8571,7,6,4,0,0,6,4,0.3333
8,32.0000,12,22,417.7604,-87.5436,0.4439,15,0.3846,0.4000,5,7,5,0,0,7,5,0.2857
8,32.0000,12,25,381.6217,-85.2273,-1.0547,36,0.9231,0.2000,5,6,2,0,0,6,2,0.6667
8,32.0000,12,27,393.3030,-87.0966,0.2269,30,0.7692,0.6667,6,8,7,0,0,8,7,0.1250
8,32.0000,13,5,483.5455,-88.6391,0.0291,12,0.3000,1.0000,8,6,3,0,0,6,3,0.5000
8,32.0000,13,15,444.9390,-86.6959,-0.6568,31,0.7750,0.5000,6,8,7,0,0,8,7,0.1250
8,32.0000,13,21,603.4342,-88.7236,0.1650,7,0.1750,0.8750,8,8,8,0,0,8,8,0.0000
8,32.0000,14,6,589.7239,-88.8014,0.0361,6,0.1500,1.0000,8,8,8,0,0,8,8,0.0000
8,32.0000,14,23,654.6357,-88.5846,-0.5947,3,0.0750,1.0000,8,6,6,0,0,6,6,0.0000
8,32.0000,15,13,444.9390,-87.1886,-0.1597,24,0.6000,0.7143,7,8,8,0,0,8,8,0.0000
8,32.0000,15,26,453.5809,-88.5279,-0.0151,10,0.2500,0.8750,8,7,4,0,0,7,4,0.4286
8,32.0000,16,1,447.7131,-87.6359,0.7913,23,0.5750,0.5714,7,7,4,0,0,7,4,0.4286
8,32.0000,16,3,441.8761,-87.5095,-0.4584,28,0.7000,0.5714,7,7,6,0,0,7,6,0.1429
8,32.0000,16,24,510.5386,-87.8542,-0.2852,16,0.4000,0.6667,6,8,7,0,0,8,7,0.1250
8,32.0000,16,27,580.0299,-89.2122,0.2238,8,0.2000,1.0000,6,8,8,0,0,8,8,0.0000
8,32.0000,17,6,822.7168,-88.7254,-1.3621,3,0.0750,1.0000,4,2,2,0,0,2,2,0.0000
8,32.0000,17,18,274.5259,-85.8073,0.4713,35,0.8750,0.2000,5,4,0,0,0,4,0,1.0000
8,32.0000,17,19,474.8282,-88.1189,-0.1649,14,0.3500,0.8571,7,4,0,0,0,4,0,1.0000
8,32.0000,17,20,659.6381,-88.4563,-0.7842,6,0.1500,1.0000,8,2,2,0,0,2,2,0.0000
8,32.0000,18,17,274.5259,-84.6478,-0.1587,33,0.8462,0.2000,5,4,0,0,0,4,0,1.0000
8,32.0000,18,19,463.8280,-88.1011,0.0109,19,0.4872,0.7143,7,6,3,0,0,6,3,0.5000
8,32.0000,19,17,474.8282,-88.4532,-0.4576,16,0.3902,1.0000,8,5,2,0,0,5,2,0.6000
8,32.0000,19,18,463.8280,-88.1949,0.4151,24,0.5854,0.7143,7,6,4,0,0,6,4,0.3333
8,32.0000,20,5,605.6504,-88.3714,-0.2345,10,0.2500,1.0000,8,8,8,0,0,8,8,0.0000
8,32.0000,20,6,673.0576,-88.8146,0.5765,8,0.2000,1.0000,4,8,8,0,0,8,8,0.0000
8,32.0000,20,17,659.6381,-88.0470,0.3347,7,0.1750,0.8571,7,6,6,0,0,6,6,0.0000
8,32.0000,20,21,499.1522,-88.7008,0.2412,8,0.2000,0.8571,7,6,5,0,0,6,5,0.1667
8,32.0000,21,5,289.1894,-82.9968,-0.9728,39,0.9750,0.2000,5,6,3,0,0,6,3,0.5000
8,32.0000,21,6,383.4031,-87.7015,0.2832,25,0.6250,0.7500,8,7,4,0,0,7,4,0.4286
8,32.0000,21,13,603.4342,-88.9179,-0.3131,11,0.2750,0.8571,7,8,8,0,0,8,8,0.0000
8,32.0000,21,20,499.1522,-88.6068,0.6674,10,0.2500,1.0000,8,7,6,0,0,7,6,0.1429
8,32.0000,21,23,467.0897,-87.8779,0.1316,16,0.4000,1.0000,8,6,4,0,0,6,4,0.3333
8,32.0000,22,0,570.4093,-88.9742,-0.2911,8,0.2000,1.0000,6,8,7,0,0,8,7,0.1250
8,32.0000,22,1,418.8271,-86.9807,-0.2121,25,0.6250,0.5000,6,8,8,0,0,8,8,0.0000
8,32.0000,22,12,417.7604,-87.6194,0.2814,20,0.5000,0.8750,8,7,4,0,0,7,4,0.4286
8,32.0000,22,25,637.5110,-89.3656,-0.0594,3,0.0750,1.0000,6,8,8,0,0,8,8,0.0000
8,32.0000,22,27,168.8830,-78.7993,-0.3488,40,1.0000,0.0000,4,4,0,0,0,4,0,1.0000
8,32.0000,23,6,208.9984,-84.5785,1.5755,35,0.8750,0.0000,4,4,0,0,0,4,0,1.0000
8,32.0000,23,14,654.6357,-89.1869,-0.0929,9,0.2250,1.0000,6,8,8,0,0,8,8,0.0000
8,32.0000,23,21,467.0897,-88.4943,0.0174,9,0.2250,1.0000,8,5,2,0,0,5,2,0.6000
8,32.0000,24,3,424.8307,-86.9112,-0.3374,30,0.7317,0.3333,6,8,7,0,0,8,7,0.1250
8,32.0000,24,16,510.5386,-88.5508,0.0223,9,0.2195,0.8750,8,8,8,0,0,8,8,0.0000
8,32.0000,25,0,332.5826,-85.9399,0.2689,34,0.8293,0.2000,5,4,0,0,0,4,0,1.0000
8,32.0000,25,1,684.4679,-89.3956,0.2747,4,0.0976,1.0000,4,2,2,0,0,2,2,0.0000
8,32.0000,25,2,478.7535,-88.5724,0.2556,11,0.2683,0.8750,8,7,5,0,0,7,5,0.2857
8,32.0000,25,12,381.6217,-85.2567,-1.7437,33,0.8049,0.5000,6,6,4,0,0,6,4,0.3333
8,32.0000,25,27,621.6373,-88.5157,-0.2262,7,0.1707,1.0000,8,8,8,0,0,8,8,0.0000
8,32.0000,26,4,454.7698,-86.7938,-0.5162,31,0.7750,0.7143,7,7,6,0,0,7,6,0.1429
8,32.0000,26,8,607.1433,-89.2697,0.0317,8,0.2000,1.0000,8,8,8,0,0,8,8,0.0000
8,32.0000,26,15,453.5809,-88.7763,0.6157,11,0.2750,0.8571,7,5,2,0,0,5,2,0.6000
8,32.0000,27,0,621.7233,-88.8771,0.1720,9,0.2250,1.0000,8,8,8,0,0,8,8,0.0000
8,32.0000,27,1,250.0249,-84.1178,0.1078,40,1.0000,0.0000,4,5,1,0,0,5,1,0.8000
8,32.0000,27,12,393.3030,-86.6982,-0.0209,33,0.8250,0.3333,6,8,6,0,0,8,6,0.2500
8,32.0000,27,16,580.0299,-88.7430,1.0062,5,0.1250,1.0000,8,8,8,0,0,8,8,0.0000
8,32.0000,27,22,168.8830,-79.3842,-0.8626,40,1.0000,0.0000,4,4,0,0,0,4,0,1.0000
8,32.0000,27,25,621.6373,-88.8034,-0.2359,7,0.1750,1.0000,8,4,4,0,0,4,4,0.0000
8,36.0000,0,2,537.9712,-88.3445,-0.2910,14,0.3500,0.7500,8,8,8,0,0,8,8,0.0000
8,36.0000,0,12,639.7916,-88.9192,-0.0099,9,0.2250,1.0000,8,6,6,0,0,6,6,0.0000
8,36.0000,0,22,526.0389,-88.7814,0.0419,12,0.3000,1.0000,8,8,8,0,0,8,8,0.0000
8,36.0000,0,25,330.7770,-86.2857,-0.2453,34,0.8500,0.2000,5,4,0,0,0,4,0,1.0000
8,36.0000,0,27,700.2931,-89.3285,0.1140,5,0.1250,1.0000,6,8,8,0,0,8,8,0.0000
8,36.0000,1,3,591.7258,-88.4239,-0.1154,6,0.1538,1.0000,8,7,6,0,0,7,6,0.1429
8,36.0000,1,12,556.5351,-88.6915,0.0979,16,0.4103,1.0000,8,8,8,0,0,8,8,0.0000
8,36.0000,1,16,433.9912,-88.2120,0.1730,20,0.5128,0.8571,7,6,2,0,0,6,2,0.6667
8,36.0000,1,22,456.4597,-87.6115,0.0462,21,0.5385,0.7143,7,8,8,0,0,8,8,0.0000
8,36.0000,1,24,544.6151,-88.9674,-0.1200,7,0.1795,1.0000,8,8,8,0,0,8,8,0.0000
8,36.0000,1,27,241.4807,-83.8895,-0.2105,38,0.9744,0.0000,4,4,0,0,0,4,0,1.0000
8,36.0000,2,0,537.9712,-88.1075,-0.3543,15,0.3846,1.0000,8,8,8,0,0,8,8,0.0000
8,36.0000,2,7,578.9974,-89.1608,-0.0327,6,0.1538,1.0000,6,8,8,0,0,8,8,0.0000
8,36.0000,2,12,446.5530,-88.4305,0.4230,14,0.3590,0.8750,8,6,2,0,0,6,2,0.6667
8,36.0000,2,25,477.4094,-87.8231,0.3166,18,0.4615,0.8571,7,8,7,0,0,8,7,0.1250
8,36.0000,3,1,591.7258,-89.1382,0.2632,4,0.1000,1.0000,8,6,6,0,0,6,6,0.0000
8,36.0000,3,16,442.4536,-88.0387,-0.1022,18,0.4500,0.6667,6,7,6,0,0,7,6,0.1429
8,36.0000,3,24,557.8446,-88.1409,-0.4953,14,0.3500,0.8571,7,6,6,0,0,6,6,0.0000
8,36.0000,4,8,134.2123,-79.0059,1.0337,39,0.9750,0.0000,4,4,0,0,0,4,0,1.0000
8,36.0000,4,11,489.7562,-88.2062,0.0262,12,0.3000,1.0000,8,5,2,0,0,5,2,0.6000
8,36.0000,4,26,588.7736,-88.1316,0.1254,10,0.2500,0.7778,9,6,6,0,0,6,6,0.0000
8,36.0000,5,13,384.5935,-87.6790,0.6280,25,0.6250,0.8750,8,6,2,0,0,6,2,0.6667
8,36.0000,5,21,453.0367,-86.9183,-0.8492,30,0.7500,0.0000,4,8,7,0,0,8,7,0.1250
8,36.0000,5,23,595.8822,-89.3063,0.1517,5,0.1250,1.0000,6,8,8,0,0,8,8,0.0000
8,36.0000,6,14,645.0554,-89.3911,0.2743,9,0.2250,1.0000,8,2,2,0,0,2,2,0.0000
8,36.0000,6,21,442.0712,-87.4105,0.1561,30,0.7500,0.5000,6,7,6,0,0,7,6,0.1429
8,36.0000,6,23,126.2590,-79.2654,1.3404,40,1.0000,0.0000,4,4,0,0,0,4,0,1.0000
8,36.0000,7,2,578.9974,-89.2271,-0.0585,7,0.1750,0.8571,7,8,8,0,0,8,8,0.0000
8,36.0000,7,9,464.2217,-86.7456,-0.5647,27,0.6750,0.4000,5,8,7,0,0,8,7,0.1250
8,36.0000,8,4,134.2123,-78.8006,0.9515,38,0.9744,0.0000,4,4,0,0,0,4,0,1.0000
8,36.0000,8,11,410.9775,-88.3375,0.5281,14,0.3590,1.0000,8,6,3,0,0,6,3,0.5000
8,36.0000,9,7,464.2217,-86.9359,-1.1343,30,0.7692,0.5714,7,8,8,0,0,8,8,0.0000
8,36.0000,10,2,625.3907,-88.6290,0.9982,3,0.0750,1.0000,8,8,8,0,0,8,8,0.0000
8,36.0000,11,4,489.7562,-88.7188,-0.2416,10,0.2564,0.8571,7,8,6,0,0,8,6,0.2500
8,36.0000,11,8,410.9775,-88.1845,0.1688,16,0.4103,0.5714,7,4,0,0,0,4,0,1.0000
8,36.0000,12,0,639.7916,-88.9408,0.4068,8,0.2000,0.8750,8,2,2,0,0,2,2,0.0000
8,36.0000,12,1,556.5351,-88.4042,-0.2523,8,0.2000,0.8750,8,8,8,0,0,8,8,0.0000
8,36.0000,12,2,446.5530,-87.6542,0.0559,20,0.5000,0.6667,6,7,6,0,0,7,6,0.1429
8,36.0000,12,22,394.2333,-87.5633,-0.1577,21,0.5250,0.7143,7,7,5,0,0,7,5,0.2857
8,36.0000,12,25,543.6914,-87.8363,-0.0940,22,0.5500,0.3333,6,7,6,0,0,7,6,0.1429
8,36.0000,12,27,471.4418,-87.8577,-0.1229,21,0.5250,0.8750,8,8,7,0,0,8,7,0.1250
8,36.0000,13,5,384.5935,-87.3809,0.5500,22,0.5500,0.5000,6,6,2,0,0,6,2,0.6667
8,36.0000,13,15,522.9251,-88.2402,-0.0463,14,0.3500,0.8750,8,8,7,0,0,8,7,0.1250
8,36.0000,13,23,541.4092,-88.2315,0.4217,11,0.2750,1.0000,10,6,4,0,0,6,4,0.3333
8,36.0000,14,6,645.0554,-89.4189,0.0079,5,0.1250,1.0000,8,6,6,0,0,6,6,0.0000
8,36.0000,14,17,594.2500,-88.8596,-0.1581,4,0.1000,1.0000,8,8,7,0,0,8,7,0.1250
8,36.0000,14,18,501.3092,-88.8231,0.1150,9,0.2250,1.0000,2,7,5,0,0,7,5,0.2857
8,36.0000,15,13,522.9251,-88.1383,-0.5737,13,0.3250,1.0000,8,7,6,0,0,7,6,0.1429
8,36.0000,15,26,328.7132,-86.6660,0.6445,28,0.7000,0.5714,7,5,2,0,0,5,2,0.6000
8,36.0000,16,1,433.9912,-87.5579,-0.2564,26,0.6500,0.5714,7,8,6,0,0,8,6,0.2500
8,36.0000,16,3,442.4536,-87.7577,-0.4322,19,0.4750,0.8571,7,6,3,0,0,6,3,0.5000
8,36.0000,16,24,560.3566,-88.4596,-0.2851,8,0.2000,0.8750,8,8,8,0,0,8,8,0.0000
8,36.0000,16,27,544.7841,-88.7900,-0.0983,10,0.2500,1.0000,8,8,8,0,0,8,8,0.0000
8,36.0000,17,14,594.2500,-88.9732,-0.1585,8,0.2000,0.8750,8,8,7,0,0,8,7,0.1250
8,36.0000,17,18,255.6020,-84.0028,0.3026,39,0.9750,0.0000,4,4,0,0,0,4,0,1.0000
8,36.0000,17,19,304.0544,-86.6529,0.4652,31,0.7750,0.0000,4,4,0,0,0,4,0,1.0000
8,36.0000,18,14,501.3092,-89.1053,0.2090,3,0.0750,1.0000,6,5,2,0,0,5,2,0.6000
8,36.0000,18,17,255.6020,-84.7742,-0.1270,39,0.9750,0.0000,4,4,0,0,0,4,0,1.0000
8,36.0000,18,19,365.2300,-87.7697,0.0904,28,0.7000,0.5000,6,4,0,0,0,4,0,1.0000
8,36.0000,19,17,304.0544,-86.7831,0.6318,26,0.6500,0.4000,5,4,0,0,0,4,0,1.0000
8,36.0000,19,18,365.2300,-86.9949,0.3682,21,0.5250,0.6667,6,6,2,0,0,6,2,0.6667
8,36.0000,20,5,693.1288,-89.1426,0.0124,4,0.1000,1.0000,8,6,6,0,0,6,6,0.0000
8,36.0000,20,21,493.2524,-88.1627,-0.0780,14,0.3500,0.8333,6,6,3,0,0,6,3,0.5000
8,36.0000,21,5,453.0367,-85.8080,-1.2371,30,0.7500,0.5000,6,8,8,0,0,8,8,0.0000
8,36.0000,21,6,442.0712,-87.6616,0.1157,29,0.7250,0.5714,7,7,6,0,0,7,6,0.1429
8,36.0000,21,13,662.3977,-88.6193,0.3404,5,0.1250,1.0000,8,4,4,0,0,4,4,0.0000
8,36.0000,21,20,493.2524,-88.1801,0.0873,12,0.3000,0.8571,7,7,6,0,0,7,6,0.1429
8,36.0000,21,23,415.6415,-88.0664,0.4631,26,0.6500,0.6667,6,6,4,0,0,6,4,0.3333
8,36.0000,22,0,526.0389,-88.7315,-0.0544,12,0.3000,0.8750,8,8,8,0,0,8,8,0.0000
8,36.0000,22,1,456.4597,-88.1095,-0.2136,26,0.6500,1.0000,8,8,6,0,0,8,6,0.2500
8,36.0000,22,12,394.2333,-87.4469,0.2364,32,0.8000,0.5714,7,6,3,0,0,6,3,0.5000
8,36.0000,22,27,261.3724,-81.9608,-1.1142,39,0.9750,0.0000,4,5,2,0,0,5,2,0.6000
8,36.0000,23,5,595.8822,-88.9797,-0.4228,4,0.1000,1.0000,6,8,6,0,0,8,6,0.2500
8,36.0000,23,6,126.2590,-79.1829,1.2497,40,1.0000,0.0000,4,4,0,0,0,4,0,1.0000
8,36.0000,23,13,541.4092,-89.2328,-0.3121,5,0.1250,1.0000,6,8,7,0,0,8,7,0.1250
8,36.0000,23,21,415.6415,-87.4798,-0.2511,20,0.5000,0.4000,5,5,1,0,0,5,1,0.8000
8,36.0000,24,1,544.6151,-89.4899,0.2729,5,0.1282,1.0000,8,7,4,0,0,7,4,0.4286
8,36.0000,24,3,557.8446,-88.4839,0.2635,12,0.3077,0.8750,8,8,8,0,0,8,8,0.0000
8,36.0000,24,16,560.3566,-88.4948,-0.5256,8,0.2051,1.0000,8,8,8,0,0,8,8,0.0000
8,36.0000,25,0,330.7770,-85.6442,0.0801,38,0.9744,0.0000,4,5,2,0,0,5,2,0.6000
8,36.0000,25,2,477.4094,-88.3454,-0.1515,19,0.4872,0.7143,7,7,4,0,0,7,4,0.4286
8,36.0000,25,12,543.6914,-88.0839,-0.3964,19,0.4872,0.6667,6,6,6,0,0,6,6,0.0000
8,36.0000,25,22,640.8007,-89.1516,-0.2847,4,0.1026,1.0000,6,4,4,0,0,4,4,0.0000
8,36.0000,26,4,588.7736,-88.1714,-0.4973,11,0.2750,0.8571,7,8,8,0,0,8,8,0.0000
8,36.0000,26,15,328.7132,-87.2102,0.8022,21,0.5250,0.4000,5,4,0,0,0,4,0,1.0000
8,36.0000,27,1,241.4807,-84.0572,0.5505,38,0.9500,0.2000,5,4,0,0,0,4,0,1.0000
8,36.0000,27,12,471.4418,-87.6451,-0.1685,18,0.4500,0.7500,8,6,3,0,0,6,3,0.5000
8,36.0000,27,16,544.7841,-88.5408,0.2367,11,0.2750,1.0000,8,8,7,0,0,8,7,0.1250
8,36.0000,27,22,261.3724,-82.3551,-1.0967,40,1.0000,0.0000,4,6,1,0,0,6,1,0.8333
8,40.0000,0,2,591.6733,-88.8308,-0.0553,11,0.2750,1.0000,8,8,8,0,0,8,8,0.0000
8,40.0000,0,22,482.1554,-88.4824,0.0401,17,0.4250,1.0000,8,6,2,0,0,6,2,0.6667
8,40.0000,0,24,474.2578,-89.2211,0.1585,9,0.2250,1.0000,6,6,2,0,0,6,2,0.6667
8,40.0000,0,25,358.4264,-86.7055,0.5431,28,0.7000,0.0000,4,7,6,0,0,7,6,0.1429
8,40.0000,1,3,572.1101,-88.9171,2.6408,3,0.0732,0.8571,7,9,8,0,0,9,8,0.1111
8,40.0000,1,12,660.8743,-88.6242,-0.4576,7,0.1707,1.0000,8,6,6,0,0,6,6,0.0000
8,40.0000,1,16,444.5544,-87.6480,-0.1623,19,0.4634,0.3333,6,7,6,0,0,7,6,0.1429
8,40.0000,1,22,489.6595,-87.8163,-0.5542,22,0.5366,1.0000,8,8,8,0,0,8,8,0.0000
8,40.0000,1,24,433.8329,-88.1840,0.5419,11,0.2683,1.0000,8,7,5,0,0,7,5,0.2857
8,40.0000,1,27,250.9950,-82.9559,-0.2935,40,0.9756,0.0000,4,5,1,0,0,5,1,0.8000
8,40.0000,2,0,591.6733,-88.0629,0.2265,6,0.1500,1.0000,8,6,6,0,0,6,6,0.0000
8,40.0000,2,7,524.2660,-88.0655,0.4815,9,0.2250,1.0000,8,8,7,0,0,8,7,0.1250
8,40.0000,2,10,596.9459,-88.9667,-0.1621,6,0.1500,1.0000,8,8,8,0,0,8,8,0.0000
8,40.0000,2,12,436.7430,-87.4004,-0.0046,26,0.6500,0.3333,6,8,8,0,0,8,8,0.0000
8,40.0000,2,22,541.8854,-88.6627,0.0430,7,0.1750,0.8571,7,8,8,0,0,8,8,0.0000
8,40.0000,2,25,503.7755,-87.9490,0.4344,11,0.2750,0.8750,8,8,7,0,0,8,7,0.1250
8,40.0000,3,1,572.1101,-88.9247,-0.0679,6,0.1500,1.0000,6,7,6,0,0,7,6,0.1429
8,40.0000,3,16,433.8744,-87.4893,-0.1118,20,0.5000,0.8571,7,8,8,0,0,8,8,0.0000
8,40.0000,3,24,689.7940,-89.0522,-0.9346,4,0.1000,1.0000,6,8,8,0,0,8,8,0.0000
8,40.0000,4,8,227.4875,-79.8976,-1.4212,39,1.0000,0.0000,4,4,0,0,0,4,0,1.0000
8,40.0000,4,11,414.6750,-87.7333,-0.1517,20,0.5128,0.4000,5,7,3,0,0,7,3,0.5714
8,40.0000,4,16,633.1195,-88.7918,1.7269,4,0.1026,1.0000,2,7,6,0,0,7,6,0.1429
8,40.0000,4,26,746.6103,-89.7749,0.0004,4,0.1026,1.0000,6,2,2,0,0,2,2,0.0000
8,40.0000,5,6,715.5680,-89.0881,0.3628,4,0.1000,,0,4,4,0,0,4,4,0.0000
8,40.0000,5,13,327.2499,-86.7602,0.0742,28,0.7000,0.3333,6,5,1,0,0,5,1,0.8000
8,40.0000,5,15,483.0974,-88.9083,0.2322,14,0.3500,1.0000,8,7,5,0,0,7,5,0.2857
8,40.0000,5,21,636.0526,-88.3915,-0.1317,10,0.2500,0.8750,8,8,8,0,0,8,8,0.0000
8,40.0000,5,23,558.2872,-89.0953,0.0882,11,0.2750,1.0000,8,7,6,0,0,7,6,0.1429
8,40.0000,5,26,639.4886,-89.3478,0.2183,4,0.1000,1.0000,4,4,3,0,0,4,3,0.2500
8,40.0000,6,13,568.6462,-89.1158,-0.4285,5,0.1250,1.0000,8,8,8,0,0,8,8,0.0000
8,40.0000,6,21,561.0027,-88.2950,0.0825,18,0.4500,0.8571,7,8,8,0,0,8,8,0.0000
8,40.0000,6,23,193.2147,-78.8018,-1.5050,40,1.0000,0.0000,4,5,1,0,0,5,1,0.8000
8,40.0000,7,2,524.2660,-88.8218,0.0257,11,0.2750,1.0000,8,7,6,0,0,7,6,0.1429
8,40.0000,7,9,592.7933,-88.4489,-0.1210,15,0.3750,0.8750,8,6,6,0,0,6,6,0.0000
8,40.0000,7,12,618.1570,-89.3781,0.1607,3,0.0750,1.0000,8,8,8,0,0,8,8,0.0000
8,40.0000,8,4,227.4875,-79.8994,-1.3460,40,1.0000,0.0000,4,4,0,0,0,4,0,1.0000
8,40.0000,8,11,241.1368,-85.4925,1.2261,37,0.9250,0.5000,6,4,0,0,0,4,0,1.0000
8,40.0000,8,16,703.7341,-89.4514,0.1249,4,0.1000,1.0000,4,4,4,0,0,4,4,0.0000
8,40.0000,9,7,592.7933,-88.0588,-0.4319,9,0.2250,1.0000,8,8,8,0,0,8,8,0.0000
8,40.0000,10,2,596.9459,-88.7249,1.1736,4,0.1000,1.0000,8,6,6,0,0,6,6,0.0000
8,40.0000,11,4,414.6750,-87.6814,0.3769,21,0.5122,0.7500,8,6,4,0,0,6,4,0.3333
8,40.0000,11,8,241.1368,-85.3215,0.9440,33,0.8049,0.0000,4,4,0,0,0,4,0,1.0000
8,40.0000,11,27,653.2455,-88.6232,-0.6719,4,0.0976,1.0000,10,8,8,0,0,8,8,0.0000
8,40.0000,12,1,660.8743,-89.0537,-0.2697,6,0.1500,1.0000,8,6,6,0,0,6,6,0.0000
8,40.0000,12,2,436.7430,-87.3852,-0.2307,23,0.5750,0.8571,7,7,5,0,0,7,5,0.2857
8,40.0000,12,7,618.1570,-89.5152,0.0336,3,0.0750,1.0000,6,8,8,0,0,8,8,0.0000
8,40.0000,12,22,442.1742,-88.0705,0.1051,23,0.5750,0.7143,7,7,6,0,0,7,6,0.1429
8,40.0000,12,25,712.5484,-88.5215,-0.7152,4,0.1000,0.8571,7,4,4,0,0,4,4,0.0000
8,40.0000,12,27,576.2522,-88.3915,-0.0390,12,0.3000,0.8750,8,8,8,0,0,8,8,0.0000
8,40.0000,13,5,327.2499,-86.6281,-0.1383,30,0.7317,0.3333,6,4,0,48,19,52,19,0.6346
8,40.0000,13,6,568.6462,-87.9647,0.4035,5,0.1220,1.0000,8,8,7,0,0,8,7,0.1250
8,40.0000,13,15,528.2124,-87.7903,-0.8495,8,0.1951,0.8750,8,7,6,0,0,7,6,0.1429
8,40.0000,13,23,466.5032,-88.0982,-0.1753,11,0.2683,0.6667,6,7,6,0,0,7,6,0.1429
8,40.0000,14,17,526.4069,-88.9631,-0.2978,9,0.2250,0.8750,8,8,7,0,0,8,7,0.1250
8,40.0000,14,18,290.9377,-86.9473,0.5641,31,0.7750,0.7143,7,4,0,0,0,4,0,1.0000
8,40.0000,14,19,501.7367,-89.2973,0.7028,3,0.0750,0.6667,3,6,4,0,0,6,4,0.3333
8,40.0000,14,21,604.3079,-89.3434,-1.4146,4,0.1000,1.0000,8,6,6,0,0,6,6,0.0000
8,40.0000,15,5,483.0974,-88.0899,0.1025,8,0.2000,1.0000,8,6,4,0,0,6,4,0.3333
8,40.0000,15,13,528.2124,-88.6082,-0.1235,17,0.4250,0.8571,7,8,8,131,122,139,130,0.0647
8,40.0000,15,26,242.1971,-85.0069,0.4981,40,1.0000,0.4000,5,4,0,0,0,4,0,1.0000
8,40.0000,16,1,444.5544,-87.8620,0.1559,25,0.6250,0.7500,8,7,6,0,0,7,6,0.1429
8,40.0000,16,3,433.8744,-87.2427,0.1234,18,0.4500,0.5000,6,5,1,0,0,5,1,0.8000
8,40.0000,16,24,625.4300,-88.1817,0.2515,5,0.1250,1.0000,8,6,6,0,0,6,6,0.0000
8,40.0000,16,27,497.8248,-88.6517,-0.0365,14,0.3500,1.0000,8,7,5,0,0,7,5,0.2857
8,40.0000,17,14,526.4069,-88.8761,-0.5351,8,0.2051,0.8750,8,6,4,0,0,6,4,0.3333
8,40.0000,17,18,304.6272,-85.2183,0.3258,38,0.9744,0.0000,4,6,3,0,0,6,3,0.5000
8,40.0000,17,19,181.0515,-83.0325,1.3078,39,1.0000,0.0000,4,4,0,0,0,4,0,1.0000
8,40.0000,18,14,290.9377,-86.6540,0.8141,24,0.6000,0.4000,5,4,0,0,0,4,0,1.0000
8,40.0000,18,17,304.6272,-84.9121,-0.1707,40,1.0000,0.0000,4,4,0,0,0,4,0,1.0000
8,40.0000,18,19,284.3841,-85.9262,0.2232,33,0.8250,0.0000,4,5,1,0,0,5,1,0.8000
8,40.0000,19,14,501.7367,-88.7978,-0.9124,9,0.2250,1.0000,8,6,4,0,0,6,4,0.3333
8,40.0000,19,17,181.0515,-82.9486,0.8338,40,1.0000,0.0000,4,4,0,0,0,4,0,1.0000
8,40.0000,19,18,284.3841,-85.9691,0.8161,34,0.8500,0.3333,6,4,0,0,0,4,0,1.0000
8,40.0000,20,21,518.0451,-88.5583,0.1264,18,0.4500,0.5000,6,9,8,0,0,9,8,0.1111
8,40.0000,21,5,636.0526,-88.7021,0.0286,13,0.3250,1.0000,8,4,4,0,0,4,4,0.0000
8,40.0000,21,6,561.0027,-87.4372,0.0155,10,0.2500,0.8571,7,8,8,0,0,8,8,0.0000
8,40.0000,21,14,604.3079,-88.9639,0.1416,4,0.1000,1.0000,2,7,6,0,0,7,6,0.1429
8,40.0000,21,18,619.4878,-89.3008,0.1095,3,0.0750,1.0000,4,6,6,0,0,6,6,0.0000
8,40.0000,21,20,518.0451,-88.5670,-0.5073,14,0.3500,0.8571,7,7,6,0,0,7,6,0.1429
8,40.0000,21,23,409.0784,-87.6710,0.4628,26,0.6500,0.6667,6,8,6,0,0,8,6,0.2500
8,40.0000,22,0,482.1554,-88.8278,-0.1828,14,0.3500,1.0000,8,6,4,0,0,6,4,0.3333
8,40.0000,22,1,489.6595,-87.6932,-0.0213,19,0.4750,0.7500,8,8,8,0,0,8,8,0.0000
8,40.0000,22,2,541.8854,-88.6897,0.0691,13,0.3250,0.8750,8,8,8,0,0,8,8,0.0000
8,40.0000,22,12,442.1742,-87.2145,-0.4057,25,0.6250,0.5000,6,7,6,0,0,7,6,0.1429
8,40.0000,22,24,580.1824,-88.9355,0.2168,5,0.1250,1.0000,6,7,6,0,0,7,6,0.1429
8,40.0000,22,25,645.0038,-87.8327,0.2007,3,0.0750,1.0000,4,4,4,0,0,4,4,0.0000
8,40.0000,22,27,370.6603,-85.0397,-0.2434,33,0.8250,0.4000,5,7,5,0,0,7,5,0.2857
8,40.0000,23,5,558.2872,-88.3716,0.5399,9,0.2250,0.7500,8,7,6,0,0,7,6,0.1429
8,40.0000,23,6,193.2147,-79.0165,-1.7658,40,1.0000,0.0000,4,4,0,0,0,4,0,1.0000
8,40.0000,23,13,466.5032,-88.7833,0.4570,14,0.3500,0.8750,8,6,4,0,0,6,4,0.3333
8,40.0000,23,21,409.0784,-86.9290,0.3289,25,0.6250,0.2000,5,7,5,0,0,7,5,0.2857
8,40.0000,24,0,474.2578,-87.8189,0.0405,10,0.2500,0.8571,7,6,4,0,0,6,4,0.3333
8,40.0000,24,1,433.8329,-87.8938,-0.0172,13,0.3250,0.5714,7,6,3,0,0,6,3,0.5000
8,40.0000,24,27,584.9531,-89.6683,-0.3519,3,0.0750,1.0000,6,8,8,0,0,8,8,0.0000
8,40.0000,25,0,358.4264,-86.7179,0.0830,35,0.8750,0.4000,5,5,1,0,0,5,1,0.8000
8,40.0000,25,2,503.7755,-87.4929,0.2808,10,0.2500,0.5714,7,7,6,0,0,7,6,0.1429
8,40.0000,26,4,746.6103,-89.4414,-0.2896,3,0.0750,1.0000,8,2,2,0,0,2,2,0.0000
8,40.0000,26,15,242.1971,-85.0471,0.5091,38,0.9500,0.0000,4,4,0,0,0,4,0,1.0000
8,40.0000,27,0,755.2414,-89.4571,-0.1473,3,0.0750,1.0000,4,4,4,0,0,4,4,0.0000
8,40.0000,27,1,250.9950,-84.2104,0.3413,39,0.9750,0.0000,4,4,0,0,0,4,0,1.0000
8,40.0000,27,8,719.1594,-88.8410,0.2646,3,0.0750,,0,8,8,0,0,8,8,0.0000
8,40.0000,27,11,653.2455,-89.3600,0.2005,4,0.1000,1.0000,6,6,6,0,0,6,6,0.0000
8,40.0000,27,12,576.2522,-88.3503,-0.4984,9,0.2250,0.5000,6,8,8,0,0,8,8,0.0000
8,40.0000,27,16,497.8248,-88.4321,0.6421,11,0.2750,0.8750,8,6,4,0,0,6,4,0.3333
8,40.0000,27,22,370.6603,-85.6811,-1.0075,34,0.8500,0.1667,6,6,4,0,0,6,4,0.3333
8,40.0000,27,24,584.9531,-88.9461,0.0428,5,0.1250,0.8571,7,8,8,0,0,8,8,0.0000
8,44.0000,0,2,653.1883,-89.2268,0.1826,8,0.2000,1.0000,8,6,6,0,0,6,6,0.0000
8,44.0000,0,22,442.0884,-88.6037,0.2654,16,0.4000,0.3333,6,7,5,0,0,7,5,0.2857
8,44.0000,0,24,359.7548,-87.3178,-0.0161,25,0.6250,0.3333,6,4,0,0,0,4,0,1.0000
8,44.0000,0,25,403.0760,-87.0050,-0.3407,26,0.6500,0.8571,7,8,6,0,0,8,6,0.2500
8,44.0000,1,3,573.3125,-89.0022,0.3442,10,0.2500,0.8889,9,6,6,0,0,6,6,0.0000
8,44.0000,1,16,460.5370,-88.4825,-0.2852,18,0.4500,0.8571,7,7,6,0,0,7,6,0.1429
8,44.0000,1,22,543.3767,-88.3704,0.2312,17,0.4250,1.0000,8,7,6,0,0,7,6,0.1429
8,44.0000,1,24,394.9245,-87.3304,0.1224,25,0.6250,0.7143,7,7,4,0,0,7,4,0.4286
8,44.0000,1,27,277.8676,-83.9907,-0.3943,40,1.0000,0.2000,5,6,4,0,0,6,4,0.3333
8,44.0000,2,0,653.1883,-88.7447,-0.2217,3,0.0750,1.0000,6,10,10,0,0,10,10,0.0000
8,44.0000,2,7,482.8627,-88.0592,-0.2288,19,0.4750,0.8750,8,7,5,0,0,7,5,0.2857
8,44.0000,2,10,570.9351,-88.6820,-0.1788,9,0.2250,1.0000,8,8,8,0,0,8,8,0.0000
8,44.0000,2,12,435.6674,-87.7531,0.5567,19,0.4750,1.0000,8,6,4,0,0,6,4,0.3333
8,44.0000,2,22,488.8464,-88.4150,-0.4735,9,0.2250,1.0000,8,8,8,0,0,8,8,0.0000
8,44.0000,2,25,536.8587,-88.0267,-0.1100,8,0.2000,0.8750,8,8,7,0,0,8,7,0.1250
8,44.0000,3,1,573.3125,-88.5322,-0.8760,9,0.2250,0.8571,7,8,8,0,0,8,8,0.0000
8,44.0000,3,4,623.2486,-89.1142,-0.3490,4,0.1000,1.0000,4,6,6,0,0,6,6,0.0000
8,44.0000,3,16,429.0837,-87.8744,-0.1726,25,0.6250,1.0000,8,7,5,0,0,7,5,0.2857
8,44.0000,4,8,374.2110,-85.0141,-0.9368,35,0.8537,0.0000,4,7,5,0,0,7,5,0.2857
8,44.0000,4,11,355.1578,-87.2316,-0.0037,29,0.7073,0.4286,7,5,2,0,0,5,2,0.6000
8,44.0000,4,16,513.3960,-88.3334,-0.4324,10,0.2439,0.8571,7,6,4,0,0,6,4,0.3333
8,44.0000,4,27,613.8529,-89.2459,0.2856,3,0.0732,1.0000,4,8,8,0,0,8,8,0.0000
8,44.0000,5,13,294.5567,-85.1589,0.4707,33,0.8049,0.2000,5,4,0,0,0,4,0,1.0000
8,44.0000,5,15,306.0763,-86.8932,0.3734,26,0.6341,0.7143,7,5,1,0,0,5,1,0.8000
8,44.0000,5,23,544.2332,-88.6112,0.2904,9,0.2195,0.8571,7,6,6,0,0,6,6,0.0000
8,44.0000,5,26,550.2510,-89.0301,0.2019,7,0.1707,0.7500,4,7,6,0,0,7,6,0.1429
8,44.0000,6,13,516.0681,-88.9813,-0.2636,10,0.2500,1.0000,8,8,8,0,0,8,8,0.0000
8,44.0000,6,21,704.0700,-89.0907,-0.3658,5,0.1250,1.0000,8,4,4,0,0,4,4,0.0000
8,44.0000,6,23,343.0342,-83.9953,-1.3291,33,0.8250,0.2000,5,7,4,0,0,7,4,0.4286
8,44.0000,7,2,482.8627,-88.2518,0.2356,15,0.3750,0.8571,7,5,2,0,0,5,2,0.6000
8,44.0000,7,9,688.9687,-89.2956,-0.2934,4,0.1000,1.0000,6,4,4,0,0,4,4,0.0000
8,44.0000,7,12,522.7031,-88.9730,0.4912,4,0.1000,1.0000,8,8,7,0,0,8,7,0.1250
8,44.0000,8,4,374.2110,-85.1338,-0.5117,36,0.8780,0.0000,4,7,4,0,0,7,4,0.4286
8,44.0000,8,11,129.2716,-80.0309,1.1712,41,1.0000,0.0000,4,4,0,0,0,4,0,1.0000
8,44.0000,9,7,688.9687,-88.5207,2.7888,3,0.0750,1.0000,8,4,4,0,0,4,4,0.0000
8,44.0000,10,2,570.9351,-88.8194,-0.0591,8,0.2000,1.0000,6,8,8,0,0,8,8,0.0000
8,44.0000,10,7,682.6494,-88.8404,-0.5646,4,0.1000,1.0000,4,8,8,0,0,8,8,0.0000
8,44.0000,11,4,355.1578,-86.9647,0.4151,31,0.7750,0.6667,6,6,2,0,0,6,2,0.6667
8,44.0000,11,8,129.2716,-79.8473,2.2330,39,0.9750,0.0000,4,4,0,0,0,4,0,1.0000
8,44.0000,12,2,435.6674,-87.6402,0.0874,22,0.5500,0.7143,7,7,6,0,0,7,6,0.1429
8,44.0000,12,7,522.7031,-88.2496,-0.0523,6,0.1500,1.0000,8,6,4,0,0,6,4,0.3333
8,44.0000,12,22,543.3120,-88.5400,-0.0431,12,0.3000,0.8571,7,8,8,0,0,8,8,0.0000
8,44.0000,13,5,294.5567,-85.6796,0.0756,34,0.8500,0.3654,52,4,0,3,1,7,1,0.8571
8,44.0000,13,6,516.0681,-87.9634,-0.1724,7,0.1750,0.8750,8,8,8,0,0,8,8,0.0000
8,44.0000,13,15,536.1594,-88.1343,0.0225,11,0.2750,0.8571,7,8,8,0,0,8,8,0.0000
8,44.0000,13,23,392.4892,-87.7781,-0.4012,21,0.5250,0.8571,7,5,1,0,0,5,1,0.8000
8,44.0000,14,17,504.4075,-88.5980,-0.2122,14,0.3500,0.8750,8,8,7,0,0,8,7,0.1250
8,44.0000,14,18,116.0508,-81.0591,1.9914,40,1.0000,0.0000,4,4,0,0,0,4,0,1.0000
8,44.0000,14,19,359.4486,-87.2030,0.2107,27,0.6750,0.6667,6,6,4,0,0,6,4,0.3333
8,44.0000,14,21,473.3863,-88.1282,0.4880,9,0.2250,1.0000,6,8,5,55,38,63,43,0.3175
8,44.0000,15,5,306.0763,-87.2509,0.6299,24,0.6000,0.6667,6,4,0,72,4,76,4,0.9474
8,44.0000,15,13,536.1594,-88.8951,0.3895,14,0.3500,0.9353,139,7,5,8,8,15,13,0.1333
8,44.0000,15,26,246.5101,-83.6739,-0.5058,39,0.9750,0.0000,4,4,0,0,0,4,0,1.0000
8,44.0000,16,1,460.5370,-87.8771,0.1610,15,0.3846,0.8571,7,6,4,0,0,6,4,0.3333
8,44.0000,16,3,429.0837,-87.7279,0.1953,25,0.6410,0.2000,5,6,4,0,0,6,4,0.3333
8,44.0000,16,4,513.3960,-88.3764,-0.3437,6,0.1538,1.0000,8,8,8,0,0,8,8,0.0000
8,44.0000,16,27,467.7734,-88.8864,0.0940,15,0.3846,0.7143,7,6,4,0,0,6,4,0.3333
8,44.0000,17,14,504.4075,-88.1148,0.0585,18,0.4390,0.6667,6,8,7,0,0,8,7,0.1250
8,44.0000,17,18,403.5272,-86.6281,-0.0940,35,0.8537,0.5000,6,7,6,0,0,7,6,0.1429
8,44.0000,17,19,203.8294,-80.8632,-0.1312,41,1.0000,0.0000,4,6,4,0,0,6,4,0.3333
8,44.0000,18,14,116.0508,-81.1652,1.6786,41,1.0000,0.0000,4,4,0,0,0,4,0,1.0000
8,44.0000,18,17,403.5272,-86.0831,-0.5045,35,0.8537,0.0000,4,6,4,0,0,6,4,0.3333
8,44.0000,18,19,266.6001,-84.7028,0.3534,38,0.9268,0.2000,5,4,0,0,0,4,0,1.0000
8,44.0000,18,21,488.1342,-88.2493,-0.0905,9,0.2195,0.6667,6,8,5,50,39,58,44,0.2414
8,44.0000,19,14,359.4486,-87.6963,0.6805,19,0.4872,0.6667,6,4,0,37,5,41,5,0.8780
8,44.0000,19,17,203.8294,-80.1313,-0.7674,39,1.0000,0.0000,4,5,2,0,0,5,2,0.6000
8,44.0000,19,18,266.6001,-85.0531,0.1701,39,1.0000,0.0000,4,4,0,37,8,41,8,0.8049
8,44.0000,20,21,631.0244,-88.5939,-0.4251,5,0.1250,0.8889,9,4,4,0,0,4,4,0.0000
8,44.0000,21,6,704.0700,-88.9318,-0.1552,4,0.1026,1.0000,8,2,2,0,0,2,2,0.0000
8,44.0000,21,14,473.3863,-88.0455,-0.3604,6,0.1538,0.8571,7,6,4,0,0,6,4,0.3333
8,44.0000,21,18,488.1342,-88.7061,0.6036,12,0.3077,1.0000,6,8,6,0,0,8,6,0.2500
8,44.0000,21,20,631.0244,-88.7253,0.1710,8,0.2051,0.8571,7,8,8,0,0,8,8,0.0000
8,44.0000,21,23,431.2492,-87.4841,0.1977,23,0.5897,0.7500,8,7,5,0,0,7,5,0.2857
8,44.0000,22,0,442.0884,-87.7742,0.2317,20,0.5000,0.6667,6,6,2,0,0,6,2,0.6667
8,44.0000,22,1,543.3767,-88.7727,-0.0821,12,0.3000,1.0000,8,4,2,0,0,4,2,0.5000
8,44.0000,22,2,488.8464,-88.4975,0.0649,14,0.3500,1.0000,8,8,7,0,0,8,7,0.1250
8,44.0000,22,12,543.3120,-88.0202,-0.5350,16,0.4000,0.8571,7,8,7,0,0,8,7,0.1250
8,44.0000,22,24,430.3307,-88.2810,0.5680,13,0.3250,0.8571,7,5,1,0,0,5,1,0.8000
8,44.0000,22,27,489.2855,-87.7489,-0.9223,18,0.4500,0.7143,7,8,8,0,0,8,8,0.0000
8,44.0000,23,5,544.2332,-88.7672,0.1930,9,0.2250,0.8571,7,8,8,0,0,8,8,0.0000
8,44.0000,23,6,343.0342,-84.4069,-0.8497,39,0.9750,0.0000,4,7,4,0,0,7,4,0.4286
8,44.0000,23,13,392.4892,-87.3575,0.1045,24,0.6000,0.6667,6,5,2,0,0,5,2,0.6000
8,44.0000,23,21,431.2492,-87.4264,-0.1649,27,0.6750,0.7143,7,7,5,0,0,7,5,0.2857
8,44.0000,24,0,359.7548,-86.5642,0.9393,22,0.5500,0.6667,6,6,2,0,0,6,2,0.6667
8,44.0000,24,1,394.9245,-87.0064,0.4425,19,0.4750,0.5000,6,7,4,0,0,7,4,0.4286
8,44.0000,24,22,430.3307,-88.3013,0.2182,13,0.3250,0.8750,8,6,4,0,0,6,4,0.3333
8,44.0000,24,25,604.9897,-88.9348,-0.7588,5,0.1250,1.0000,6,8,8,0,0,8,8,0.0000
8,44.0000,24,27,549.7605,-88.4734,-0.0333,7,0.1750,1.0000,8,8,8,0,0,8,8,0.0000
8,44.0000,25,0,403.0760,-86.9583,-0.0487,29,0.7250,0.2000,5,7,6,0,0,7,6,0.1429
8,44.0000,25,2,536.8587,-88.4315,0.1596,19,0.4750,0.8571,7,8,8,0,0,8,8,0.0000
8,44.0000,25,24,604.9897,-89.2837,-0.0662,7,0.1750,1.0000,8,8,8,0,0,8,8,0.0000
8,44.0000,26,5,550.2510,-89.1541,-1.1110,4,0.1000,1.0000,6,8,8,0,0,8,8,0.0000
8,44.0000,26,15,246.5101,-82.8769,-0.0680,39,0.9750,0.0000,4,4,0,0,0,4,0,1.0000
8,44.0000,27,1,277.8676,-84.6722,-0.1760,38,0.9500,0.0000,4,6,3,0,0,6,3,0.5000
8,44.0000,27,8,661.7513,-89.0649,-0.3513,4,0.1000,1.0000,8,4,4,0,0,4,4,0.0000
8,44.0000,27,11,601.1881,-88.8401,0.3666,5,0.1250,1.0000,6,8,8,0,0,8,8,0.0000
8,44.0000,27,12,700.6014,-88.9974,0.5914,6,0.1500,1.0000,8,8,8,0,0,8,8,0.0000
8,44.0000,27,16,467.7734,-88.2399,-0.1233,18,0.4500,0.6667,6,8,5,0,0,8,5,0.3750
8,44.0000,27,22,489.2855,-87.3069,-0.5840,25,0.6250,0.6667,6,7,6,0,0,7,6,0.1429
8,44.0000,27,24,549.7605,-88.9080,0.0168,12,0.3000,1.0000,8,8,8,0,0,8,8,0.0000
8,48.0000,0,22,383.5873,-87.3356,0.5194,20,0.5000,0.7143,7,5,1,0,0,5,1,0.8000
8,48.0000,0,24,272.6985,-85.8498,0.4739,37,0.9250,0.0000,4,4,0,0,0,4,0,1.0000
8,48.0000,0,25,451.2034,-87.4190,-0.3690,22,0.5500,0.7500,8,8,8,0,0,8,8,0.0000
8,48.0000,1,3,603.2992,-89.0509,-0.2232,9,0.2250,1.0000,6,8,8,0,0,8,8,0.0000
8,48.0000,1,16,499.4788,-88.3395,0.2249,21,0.5250,0.8571,7,7,6,0,0,7,6,0.1429
8,48.0000,1,22,592.0445,-88.6578,0.5800,4,0.1000,0.8571,7,8,8,0,0,8,8,0.0000
8,48.0000,1,24,417.0167,-87.8537,-0.2242,26,0.6500,0.5714,7,6,4,0,0,6,4,0.3333
8,48.0000,1,27,344.5811,-86.0312,0.0320,35,0.8750,0.6667,6,6,2,0,0,6,2,0.6667
8,48.0000,2,7,422.4725,-87.9880,0.1816,21,0.5250,0.7143,7,6,3,0,0,6,3,0.5000
8,48.0000,2,10,544.2525,-88.5337,-0.4249,14,0.3500,1.0000,8,8,8,0,0,8,8,0.0000
8,48.0000,2,12,459.4239,-87.5639,-0.2856,18,0.4500,0.6667,6,7,6,0,0,7,6,0.1429
8,48.0000,2,22,464.5372,-88.2548,0.1226,20,0.5000,1.0000,8,7,5,0,0,7,5,0.2857
8,48.0000,2,25,531.0156,-88.4922,0.0762,11,0.2750,0.8750,8,8,8,0,0,8,8,0.0000
8,48.0000,3,1,603.2992,-89.0467,0.0074,7,0.1750,1.0000,8,8,8,0,0,8,8,0.0000
8,48.0000,3,4,510.1191,-88.5449,-1.8797,4,0.1000,1.0000,6,8,7,0,0,8,7,0.1250
8,48.0000,3,16,422.0261,-87.3561,0.1424,21,0.5250,0.7143,7,6,2,0,0,6,2,0.6667
8,48.0000,4,1,608.3502,-88.8973,0.6538,4,0.1000,1.0000,4,8,8,0,0,8,8,0.0000
8,48.0000,4,3,510.1191,-88.8428,-0.1429,11,0.2750,1.0000,6,7,6,0,0,7,6,0.1429
8,48.0000,4,8,534.3466,-87.5407,-0.2138,20,0.5000,0.7143,7,8,8,0,0,8,8,0.0000
8,48.0000,4,11,334.5438,-86.7795,0.1952,29,0.7250,0.4000,5,5,1,0,0,5,1,0.8000
8,48.0000,4,16,411.1750,-87.7291,-0.1794,18,0.4500,0.6667,6,5,1,0,0,5,1,0.8000
8,48.0000,4,27,464.4006,-88.1555,0.3035,11,0.2750,1.0000,8,6,4,0,0,6,4,0.3333
8,48.0000,5,13,325.4697,-85.8710,-0.4228,35,0.8974,0.0000,4,5,1,0,0,5,1,0.8000
8,48.0000,5,15,271.0076,-84.9257,0.3889,39,1.0000,0.2000,5,4,0,0,0,4,0,1.0000
8,48.0000,5,23,572.5093,-88.0692,-0.8666,4,0.1026,1.0000,6,10,10,0,0,10,10,0.0000
8,48.0000,5,26,469.8238,-88.2888,0.2594,12,0.3077,0.8571,7,7,5,0,0,7,5,0.2857
8,48.0000,6,13,463.7001,-88.7472,0.3605,12,0.3000,1.0000,8,5,2,0,0,5,2,0.6000
8,48.0000,6,23,444.3549,-87.3606,-0.2529,24,0.6000,0.5714,7,6,2,0,0,6,2,0.6667
8,48.0000,7,2,422.4725,-88.4031,-0.2498,20,0.5000,0.4000,5,7,6,0,0,7,6,0.1429
8,48.0000,7,10,644.8130,-89.2171,0.1046,4,0.1000,1.0000,8,8,8,0,0,8,8,0.0000
8,48.0000,7,12,476.8788,-88.7433,-0.2817,12,0.3000,0.8750,8,8,7,0,0,8,7,0.1250
8,48.0000,8,4,534.3466,-88.1907,-0.2518,17,0.4250,0.5714,7,7,6,0,0,7,6,0.1429
8,48.0000,8,11,217.3074,-79.4026,-1.5050,39,0.9750,0.0000,4,4,0,0,0,4,0,1.0000
8,48.0000,8,20,576.6390,-89.2467,0.2646,3,0.0750,1.0000,6,8,8,0,0,8,8,0.0000
8,48.0000,10,2,544.2525,-88.7235,0.4831,11,0.2683,1.0000,8,8,8,0,0,8,8,0.0000
8,48.0000,10,7,644.8130,-88.5786,-0.3930,4,0.0976,1.0000,8,4,4,0,0,4,4,0.0000
8,48.0000,11,4,334.5438,-86.3977,-0.0103,30,0.7500,0.3333,6,7,4,0,0,7,4,0.4286
8,48.0000,11,8,217.3074,-80.0093,-1.0886,40,1.0000,0.0000,4,5,2,0,0,5,2,0.6000
8,48.0000,11,27,558.1950,-89.3799,-0.1422,4,0.1000,0.8750,8,7,6,0,0,7,6,0.1429
8,48.0000,12,2,459.4239,-87.8985,-0.3903,21,0.5250,0.8571,7,7,6,0,0,7,6,0.1429
8,48.0000,12,7,476.8788,-88.6039,-0.2352,13,0.3250,0.6667,6,7,5,0,0,7,5,0.2857
8,48.0000,12,22,670.1442,-88.9574,-0.4111,10,0.2500,1.0000,8,8,8,0,0,8,8,0.0000
8,48.0000,13,5,325.4697,-85.3649,0.2019,34,0.8500,0.1429,7,6,2,0,0,6,2,0.6667
8,48.0000,13,6,463.7001,-88.1984,0.4143,14,0.3500,1.0000,8,7,4,0,0,7,4,0.4286
8,48.0000,13,15,586.0743,-88.4550,-0.5264,9,0.2250,1.0000,8,8,8,0,0,8,8,0.0000
8,48.0000,13,23,354.2657,-86.6418,0.6479,35,0.8750,0.2000,5,6,3,0,0,6,3,0.5000
8,48.0000,14,17,515.9482,-89.0721,-0.0126,14,0.3500,0.8750,8,8,6,0,0,8,6,0.2500
8,48.0000,14,18,170.2544,-76.7787,-1.5817,40,1.0000,0.0000,4,4,0,0,0,4,0,1.0000
8,48.0000,14,19,233.9652,-85.0486,0.5877,36,0.9000,0.6667,6,4,0,0,0,4,0,1.0000
8,48.0000,14,21,360.2563,-87.4084,0.6055,24,0.6000,0.6825,63,4,0,0,0,4,0,1.0000
8,48.0000,15,5,271.0076,-84.3131,0.4313,39,0.9750,0.0526,76,4,0,91,23,95,23,0.7579
8,48.0000,15,13,586.0743,-88.8844,0.2912,6,0.1500,0.8667,15,8,8,0,0,8,8,0.0000
8,48.0000,15,26,326.7410,-84.8245,-0.9465,39,0.9750,0.0000,4,5,1,0,0,5,1,0.8000
8,48.0000,16,1,499.4788,-88.2929,0.1252,21,0.5250,0.6667,6,8,8,0,0,8,8,0.0000
8,48.0000,16,3,422.0261,-87.3017,-0.2336,29,0.7250,0.6667,6,7,4,0,0,7,4,0.4286
8,48.0000,16,4,411.1750,-87.8653,0.1522,22,0.5500,1.0000,8,7,4,0,0,7,4,0.4286
8,48.0000,16,27,439.8130,-88.0021,0.3147,16,0.4000,0.6667,6,8,7,0,0,8,7,0.1250
8,48.0000,17,14,515.9482,-87.8469,0.3717,11,0.2750,0.8750,8,8,7,0,0,8,7,0.1250
8,48.0000,17,18,509.6469,-87.3596,-0.6656,19,0.4750,0.8571,7,8,8,0,0,8,8,0.0000
8,48.0000,17,19,350.5909,-84.1400,-0.7562,37,0.9250,0.6667,6,7,6,0,0,7,6,0.1429
8,48.0000,18,14,170.2544,-76.9407,-1.2760,40,1.0000,0.0000,4,5,2,0,0,5,2,0.6000
8,48.0000,18,17,509.6469,-88.0170,-0.3005,18,0.4500,0.6667,6,8,8,0,0,8,8,0.0000
8,48.0000,18,19,318.4685,-84.9287,0.0651,38,0.9500,0.0000,4,5,2,0,0,5,2,0.6000
8,48.0000,18,21,419.5947,-87.8714,0.5507,19,0.4750,0.7586,58,6,3,65,38,71,41,0.4225
8,48.0000,19,14,233.9652,-84.5325,0.7789,37,0.9024,0.1220,41,4,0,0,0,4,0,1.0000
8,48.0000,19,17,350.5909,-84.3160,-1.4511,35,0.8537,0.4000,5,7,6,0,0,7,6,0.1429
8,48.0000,19,18,318.4685,-84.8467,-0.4719,37,0.9024,0.1951,41,4,0,53,13,57,13,0.7719
8,48.0000,19,21,470.5697,-88.7812,0.9514,8,0.1951,1.0000,8,5,2,40,11,45,13,0.7111
8,48.0000,20,8,576.6390,-88.9726,0.1676,3,0.0750,1.0000,6,7,6,0,0,7,6,0.1429
8,48.0000,21,14,360.2563,-87.2621,0.6896,21,0.5250,0.6667,6,4,1,0,0,4,1,0.7500
8,48.0000,21,18,419.5947,-87.6209,0.2090,19,0.4750,0.7500,8,6,2,0,0,6,2,0.6667
8,48.0000,21,19,470.5697,-89.2193,0.0068,5,0.1250,1.0000,6,6,4,0,0,6,4,0.3333
8,48.0000,21,23,494.5846,-87.7052,0.0414,18,0.4500,0.7143,7,7,6,0,0,7,6,0.1429
8,48.0000,22,0,383.5873,-87.5812,0.2893,25,0.6098,0.3333,6,5,1,0,0,5,1,0.8000
8,48.0000,22,1,592.0445,-88.8655,-0.0867,5,0.1220,0.5000,4,6,6,0,0,6,6,0.0000
8,48.0000,22,2,464.5372,-88.3671,0.0250,16,0.3902,0.8750,8,6,4,0,0,6,4,0.3333
8,48.0000,22,12,670.1442,-89.1296,-0.0262,8,0.1951,0.8750,8,6,6,0,0,6,6,0.0000
8,48.0000,22,24,293.3657,-86.7320,0.3706,29,0.7073,0.2000,5,4,0,0,0,4,0,1.0000
8,48.0000,22,25,546.2179,-88.3755,0.8269,8,0.1951,1.0000,8,7,5,0,0,7,5,0.2857
8,48.0000,22,27,620.8572,-89.0214,-0.0392,9,0.2195,1.0000,8,4,4,0,0,4,4,0.0000
8,48.0000,23,5,572.5093,-89.0401,-0.2817,10,0.2500,1.0000,8,8,8,0,0,8,8,0.0000
8,48.0000,23,6,444.3549,-87.7336,-0.5699,23,0.5750,0.5714,7,7,6,0,0,7,6,0.1429
8,48.0000,23,13,354.2657,-87.2314,0.5361,30,0.7500,0.4000,5,7,4,0,0,7,4,0.4286
8,48.0000,23,21,494.5846,-87.9914,-0.5919,17,0.4250,0.7143,7,7,6,0,0,7,6,0.1429
8,48.0000,24,0,272.6985,-85.1012,0.8849,33,0.8250,0.3333,6,4,0,0,0,4,0,1.0000
8,48.0000,24,1,417.0167,-87.5684,-0.2068,23,0.5750,0.5714,7,6,4,0,0,6,4,0.3333
8,48.0000,24,22,293.3657,-86.8363,0.2654,30,0.7500,0.6667,6,4,0,0,0,4,0,1.0000
8,48.0000,24,25,546.1488,-88.6541,0.0462,7,0.1750,1.0000,8,6,4,0,0,6,4,0.3333
8,48.0000,24,27,598.6678,-88.4933,-0.3742,6,0.1500,1.0000,8,8,8,0,0,8,8,0.0000
8,48.0000,25,0,451.2034,-87.9432,0.0435,25,0.6250,0.8571,7,8,6,0,0,8,6,0.2500
8,48.0000,25,2,531.0156,-88.8082,-0.0110,10,0.2500,1.0000,8,7,6,0,0,7,6,0.1429
8,48.0000,25,22,546.2179,-87.8293,0.6578,5,0.1250,1.0000,4,8,7,0,0,8,7,0.1250
8,48.0000,25,24,546.1488,-88.7489,0.3993,5,0.1250,1.0000,8,8,8,0,0,8,8,0.0000
8,48.0000,26,5,469.8238,-88.0937,0.1508,13,0.3250,1.0000,8,7,5,0,0,7,5,0.2857
8,48.0000,26,15,326.7410,-84.7025,-0.6159,39,0.9750,0.0000,4,5,2,0,0,5,2,0.6000
8,48.0000,27,1,344.5811,-85.6284,-0.3395,38,0.9500,0.5000,6,6,3,0,0,6,3,0.5000
8,48.0000,27,4,464.4006,-88.3264,0.3178,13,0.3250,1.0000,10,4,0,0,0,4,0,1.0000
8,48.0000,27,11,558.1950,-89.2264,0.0575,13,0.3250,1.0000,8,8,8,0,0,8,8,0.0000
8,48.0000,27,16,439.8130,-88.1621,0.2593,21,0.5250,0.6250,8,8,7,0,0,8,7,0.1250
8,48.0000,27,22,620.8572,-89.0535,0.1633,8,0.2000,0.8571,7,4,4,0,0,4,4,0.0000
8,48.0000,27,24,598.6678,-88.3586,-0.1566,5,0.1250,1.0000,8,8,8,0,0,8,8,0.0000
8,52.0000,0,22,359.4972,-87.2727,-0.0914,29,0.7250,0.2000,5,4,0,0,0,4,0,1.0000
8,52.0000,0,24,280.0793,-84.8222,-0.1037,38,0.9500,0.0000,4,5,2,0,0,5,2,0.6000
8,52.0000,0,25,511.5505,-88.3663,-0.5198,13,0.3250,1.0000,8,7,5,0,0,7,5,0.2857
8,52.0000,1,0,648.0854,-89.5890,0.2797,3,0.0750,1.0000,4,8,7,0,0,8,7,0.1250
8,52.0000,1,3,543.8891,-89.3281,-0.0172,5,0.1250,1.0000,8,8,8,0,0,8,8,0.0000
8,52.0000,1,4,539.1725,-88.9873,0.0737,3,0.0750,1.0000,8,8,7,0,0,8,7,0.1250
8,52.0000,1,16,554.5352,-88.6102,0.0448,10,0.2500,0.8571,7,7,6,0,0,7,6,0.1429
8,52.0000,1,24,509.7711,-87.9774,-0.2867,16,0.4000,0.6667,6,8,8,0,0,8,8,0.0000
8,52.0000,1,27,397.0072,-86.9307,0.0417,30,0.7500,0.3333,6,7,6,0,0,7,6,0.1429
8,52.0000,2,7,393.8474,-87.2685,0.2676,27,0.6750,0.5000,6,6,4,0,0,6,4,0.3333
8,52.0000,2,10,515.2228,-88.6852,0.1359,11,0.2750,1.0000,8,8,8,0,0,8,8,0.0000
8,52.0000,2,12,516.8028,-87.3791,0.8248,16,0.4000,0.8571,7,8,7,0,0,8,7,0.1250
8,52.0000,2,22,457.3461,-87.9039,0.0693,19,0.4750,0.7143,7,8,7,0,0,8,7,0.1250
8,52.0000,2,24,562.8986,-89.2495,-0.3404,5,0.1250,0.8000,5,7,6,0,0,7,6,0.1429
8,52.0000,2,25,502.1328,-87.7697,0.5962,13,0.3250,1.0000,8,8,8,0,0,8,8,0.0000
8,52.0000,3,1,543.8891,-88.7866,0.0722,3,0.0750,1.0000,8,8,8,0,0,8,8,0.0000
8,52.0000,3,4,358.2768,-87.2173,0.1920,19,0.4750,0.8750,8,5,1,0,0,5,1,0.8000
8,52.0000,3,16,365.7898,-87.0942,0.8327,25,0.6250,0.3333,6,4,0,0,0,4,0,1.0000
8,52.0000,4,1,539.1725,-88.7526,0.2221,9,0.2250,1.0000,8,5,4,0,0,5,4,0.2000
8,52.0000,4,3,358.2768,-87.5798,0.1560,21,0.5250,0.8571,7,5,1,0,0,5,1,0.8000
8,52.0000,4,11,359.9556,-86.5530,0.1223,33,0.8250,0.2000,5,6,2,0,0,6,2,0.6667
8,52.0000,4,16,346.5410,-87.2184,0.1396,33,0.8250,0.2000,5,4,0,0,0,4,0,1.0000
8,52.0000,4,27,346.6949,-87.7330,0.0699,31,0.7750,0.6667,6,5,2,0,0,5,2,0.6000
8,52.0000,5,6,683.1738,-89.5425,-0.0871,3,0.0732,1.0000,6,4,4,0,0,4,4,0.0000
8,52.0000,5,13,412.4044,-86.6828,-0.4200,31,0.7561,0.2000,5,8,7,0,0,8,7,0.1250
8,52.0000,5,15,375.3863,-85.5586,-0.0262,38,0.9268,0.0000,4,7,6,0,0,7,6,0.1429
8,52.0000,5,23,654.5522,-88.7650,-0.0648,5,0.1220,1.0000,10,8,8,0,0,8,8,0.0000
8,52.0000,5,26,381.4395,-87.9623,-0.2536,27,0.6585,0.7143,7,6,3,0,0,6,3,0.5000
8,52.0000,6,5,683.1738,-89.3799,-0.2667,4,0.1000,1.0000,8,6,6,0,0,6,6,0.0000
8,52.0000,6,13,326.6196,-86.5996,0.9457,25,0.6250,0.4000,5,4,0,0,0,4,0,1.0000
8,52.0000,6,23,415.5546,-87.5637,0.2418,22,0.5500,0.3333,6,6,4,0,0,6,4,0.3333
8,52.0000,7,2,393.8474,-86.9344,0.4210,25,0.6250,0.8571,7,5,2,0,0,5,2,0.6000
8,52.0000,7,12,463.2645,-87.9024,0.4603,19,0.4750,0.8750,8,7,5,0,0,7,5,0.2857
8,52.0000,8,11,393.6873,-84.9104,-1.3116,37,0.9250,0.0000,4,7,6,0,0,7,6,0.1429
8,52.0000,8,15,558.1227,-89.2303,0.0072,11,0.2750,1.0000,8,8,7,0,0,8,7,0.1250
8,52.0000,8,20,430.5665,-87.8820,0.4357,7,0.1750,1.0000,8,5,1,0,0,5,1,0.8000
8,52.0000,8,27,660.3215,-89.2642,0.0947,3,0.0750,1.0000,8,6,6,0,0,6,6,0.0000
8,52.0000,10,2,515.2228,-88.3976,0.2256,11,0.2821,1.0000,8,8,6,0,0,8,6,0.2500
8,52.0000,10,7,607.0607,-88.6103,0.5442,6,0.1538,1.0000,4,8,7,0,0,8,7,0.1250
8,52.0000,10,22,606.3245,-88.8838,2.4623,3,0.0769,1.0000,2,8,8,0,0,8,8,0.0000
8,52.0000,10,25,572.3093,-89.1632,0.5829,6,0.1538,1.0000,6,8,8,0,0,8,8,0.0000
8,52.0000,11,4,359.9556,-86.2992,0.0413,31,0.7750,0.5714,7,5,3,0,0,5,3,0.4000
8,52.0000,11,8,393.6873,-85.3126,-1.3292,31,0.7750,0.4000,5,8,8,0,0,8,8,0.0000
8,52.0000,11,27,529.4021,-87.5240,0.3051,6,0.1500,0.8571,7,8,8,0,0,8,8,0.0000
8,52.0000,12,2,516.8028,-88.3699,-0.1124,17,0.4250,0.8571,7,8,8,0,0,8,8,0.0000
8,52.0000,12,7,463.2645,-88.1123,0.0743,13,0.3250,0.7143,7,8,7,0,0,8,7,0.1250
8,52.0000,13,5,412.4044,-87.2076,-0.5764,32,0.8000,0.3333,6,7,5,0,0,7,5,0.2857
8,52.0000,13,6,326.6196,-87.1815,0.5639,26,0.6500,0.5714,7,4,0,0,0,4,0,1.0000
8,52.0000,13,15,645.0746,-88.3310,0.2554,6,0.1500,1.0000,8,4,4,0,0,4,4,0.0000
8,52.0000,13,23,369.3679,-86.4618,-0.1585,31,0.7750,0.5000,6,8,7,0,0,8,7,0.1250
8,52.0000,14,17,575.2812,-88.4896,-0.1094,12,0.3000,0.7500,8,6,6,0,0,6,6,0.0000
8,52.0000,14,18,359.4103,-83.8327,-1.7841,38,0.9500,0.0000,4,7,6,0,0,7,6,0.1429
8,52.0000,14,19,139.9869,-80.7435,0.9412,40,1.0000,0.0000,4,4,0,0,0,4,0,1.0000
8,52.0000,14,21,241.0335,-85.0454,0.7011,36,0.9000,0.0000,4,4,0,0,0,4,0,1.0000
8,52.0000,15,5,375.3863,-85.5699,-0.7337,34,0.8500,0.2421,95,7,6,136,116,143,122,0.1469
8,52.0000,15,8,558.1227,-88.6676,-0.0768,8,0.2000,1.0000,8,8,5,0,0,8,5,0.3750
8,52.0000,15,13,645.0746,-89.2694,-0.5462,3,0.0750,1.0000,8,4,4,0,0,4,4,0.0000
8,52.0000,15,26,457.6807,-86.9706,-0.2728,32,0.8000,0.2000,5,8,8,0,0,8,8,0.0000
8,52.0000,16,1,554.5352,-88.2938,-0.0294,13,0.3250,1.0000,8,8,8,0,0,8,8,0.0000
8,52.0000,16,3,365.7898,-87.4366,0.3298,32,0.8000,0.5714,7,6,2,0,0,6,2,0.6667
8,52.0000,16,4,346.5410,-86.5509,0.6405,33,0.8250,0.5714,7,6,2,0,0,6,2,0.6667
8,52.0000,16,11,615.3170,-88.6035,0.0274,5,0.1250,1.0000,6,5,4,0,0,5,4,0.2000
8,52.0000,16,27,403.1872,-87.4005,-0.1061,25,0.6250,0.8750,8,6,2,0,0,6,2,0.6667
8,52.0000,17,14,575.2812,-89.1399,-0.2371,9,0.2250,0.8750,8,8,8,0,0,8,8,0.0000
8,52.0000,17,18,632.5264,-88.8248,0.4421,8,0.2000,1.0000,8,4,4,0,0,4,4,0.0000
8,52.0000,17,19,520.6595,-88.1957,0.1051,20,0.5000,0.8571,7,6,6,0,0,6,6,0.0000
8,52.0000,18,14,359.4103,-83.5028,-2.2729,35,0.8750,0.4000,5,7,6,0,0,7,6,0.1429
8,52.0000,18,17,632.5264,-88.8847,-0.1153,10,0.2500,1.0000,8,4,4,0,0,4,4,0.0000
8,52.0000,18,19,390.5701,-86.8603,-0.2524,36,0.9000,0.4000,5,5,2,0,0,5,2,0.6000
8,52.0000,18,21,404.7550,-87.9309,0.3548,29,0.7250,0.5775,71,7,6,0,0,7,6,0.1429
8,52.0000,19,14,139.9869,-80.5526,1.2311,39,1.0000,0.0000,4,4,0,0,0,4,0,1.0000
8,52.0000,19,17,520.6595,-88.2091,-0.0379,23,0.5897,0.8571,7,7,6,0,0,7,6,0.1429
8,52.0000,19,18,390.5701,-86.6651,-0.2090,32,0.8205,0.2281,57,5,2,0,0,5,2,0.6000
8,52.0000,19,21,259.6564,-85.6510,1.5877,30,0.7692,0.2889,45,4,0,73,1,77,1,0.9870
8,52.0000,20,8,430.5665,-88.7503,0.1476,17,0.4250,0.8571,7,6,2,0,0,6,2,0.6667
8,52.0000,21,14,241.0335,-85.5550,0.9753,37,0.9250,0.2500,4,4,0,0,0,4,0,1.0000
8,52.0000,21,18,404.7550,-87.3918,0.3885,31,0.7750,0.3333,6,4,0,0,0,4,0,1.0000
8,52.0000,21,19,259.6564,-86.7886,0.7422,35,0.8750,0.6667,6,4,0,0,0,4,0,1.0000
8,52.0000,21,23,569.7500,-88.9013,-0.1212,14,0.3500,0.8571,7,8,8,0,0,8,8,0.0000
8,52.0000,22,0,359.4972,-86.4780,0.1276,35,0.8750,0.2000,5,4,0,0,0,4,0,1.0000
8,52.0000,22,1,644.7975,-88.6676,0.0135,6,0.1500,1.0000,6,6,6,0,0,6,6,0.0000
8,52.0000,22,2,457.3461,-87.9798,0.3431,21,0.5250,0.6667,6,6,4,0,0,6,4,0.3333
8,52.0000,22,24,165.2695,-82.7206,1.0676,40,1.0000,0.0000,4,4,0,0,0,4,0,1.0000
8,52.0000,22,25,464.5271,-88.2963,0.2793,17,0.4250,0.7143,7,8,8,0,0,8,8,0.0000
8,52.0000,23,5,654.5522,-88.9830,0.2987,8,0.2000,1.0000,8,8,8,0,0,8,8,0.0000
8,52.0000,23,6,415.5546,-87.9976,-0.2206,24,0.6000,0.8571,7,6,4,0,0,6,4,0.3333
8,52.0000,23,13,369.3679,-86.8320,0.4021,28,0.7000,0.5714,7,6,3,0,0,6,3,0.5000
8,52.0000,23,21,569.7500,-88.8142,-0.1189,14,0.3500,0.8571,7,6,6,0,0,6,6,0.0000
8,52.0000,24,0,280.0793,-84.4539,0.1846,39,0.9750,0.0000,4,5,1,0,0,5,1,0.8000
8,52.0000,24,1,509.7711,-87.9745,-0.2683,18,0.4500,0.6667,6,8,7,0,0,8,7,0.1250
8,52.0000,24,2,562.8986,-88.5727,-1.1538,4,0.1000,1.0000,6,5,4,0,0,5,4,0.2000
8,52.0000,24,22,165.2695,-82.1605,1.6911,36,0.9000,0.0000,4,4,0,0,0,4,0,1.0000
8,52.0000,24,25,469.6091,-88.7191,-0.2404,14,0.3500,0.6667,6,6,3,0,0,6,3,0.5000
8,52.0000,24,27,689.3473,-89.2342,-1.1300,5,0.1250,1.0000,8,2,2,0,0,2,2,0.0000
8,52.0000,25,0,511.5505,-88.4254,0.2017,15,0.3750,0.7500,8,8,7,0,0,8,7,0.1250
8,52.0000,25,2,502.1328,-88.3507,-0.4263,12,0.3000,0.8571,7,8,8,0,0,8,8,0.0000
8,52.0000,25,22,464.5271,-88.7842,0.1507,15,0.3750,0.8750,8,7,5,0,0,7,5,0.2857
8,52.0000,25,24,469.6091,-88.0770,0.3665,14,0.3500,1.0000,8,5,2,0,0,5,2,0.6000
8,52.0000,26,5,381.4395,-87.6917,-0.2038,27,0.6750,0.7143,7,5,1,0,0,5,1,0.8000
8,52.0000,26,15,457.6807,-86.3742,-0.0564,25,0.6250,0.4000,5,8,8,0,0,8,8,0.0000
8,52.0000,27,1,397.0072,-86.7946,0.0616,30,0.7500,0.5000,6,6,4,0,0,6,4,0.3333
8,52.0000,27,3,579.7925,-88.6687,0.1217,3,0.0750,1.0000,6,7,6,0,0,7,6,0.1429
8,52.0000,27,4,346.6949,-87.3351,0.5119,25,0.6250,0.0000,4,5,1,0,0,5,1,0.8000
8,52.0000,27,11,529.4021,-88.7701,0.0979,8,0.2000,1.0000,8,7,5,0,0,7,5,0.2857
8,52.0000,27,16,403.1872,-87.4902,-0.0054,21,0.5250,0.8750,8,7,5,0,0,7,5,0.2857
8,56.0000,0,1,613.4554,-89.1043,-0.1900,6,0.1500,1.0000,8,8,7,0,0,8,7,0.1250
8,56.0000,0,22,348.2139,-86.8163,-0.1028,32,0.8000,0.0000,4,5,2,0,0,5,2,0.6000
8,56.0000,0,24,361.8335,-85.6408,-0.1667,35,0.8750,0.4000,5,8,6,0,0,8,6,0.2500
8,56.0000,0,25,583.0618,-88.9080,-0.2746,11,0.2750,0.7143,7,8,8,0,0,8,8,0.0000
8,56.0000,1,0,613.4554,-89.2994,0.0203,4,0.1000,0.8750,8,8,8,0,0,8,8,0.0000
8,56.0000,1,3,443.6211,-88.6440,0.3011,13,0.3250,1.0000,8,7,4,0,0,7,4,0.4286
8,56.0000,1,4,448.8259,-88.3403,-0.2334,20,0.5000,0.8750,8,6,4,0,0,6,4,0.3333
8,56.0000,1,16,604.1046,-88.1868,-0.0084,8,0.2000,0.8571,7,6,6,0,0,6,6,0.0000
8,56.0000,1,24,656.7455,-89.2458,0.2671,6,0.1500,1.0000,8,8,8,0,0,8,8,0.0000
8,56.0000,1,27,476.6020,-87.7199,-0.2420,27,0.6750,0.8571,7,7,6,0,0,7,6,0.1429
8,56.0000,2,7,374.0252,-87.1672,0.7044,21,0.5250,0.6667,6,7,4,0,0,7,4,0.4286
8,56.0000,2,10,490.4253,-88.5256,0.2928,13,0.3250,1.0000,8,8,7,0,0,8,7,0.1250
8,56.0000,2,12,595.2269,-88.6856,0.2313,11,0.2750,0.8750,8,8,8,0,0,8,8,0.0000
8,56.0000,2,22,483.3675,-87.8397,-0.3226,22,0.5500,0.8750,8,7,6,0,0,7,6,0.1429
8,56.0000,2,24,455.7161,-88.4755,-0.1886,18,0.4500,0.8571,7,7,4,0,0,7,4,0.4286
8,56.0000,2,25,473.9875,-88.0346,-0.1472,18,0.4500,1.0000,8,7,5,0,0,7,5,0.2857
8,56.0000,3,1,443.6211,-88.1736,0.4877,13,0.3333,1.0000,8,6,4,0,0,6,4,0.3333
8,56.0000,3,4,201.5902,-84.0297,0.9779,36,0.9231,0.2000,5,4,0,0,0,4,0,1.0000
8,56.0000,3,11,581.4361,-89.6776,0.1375,4,0.1026,1.0000,6,7,6,0,0,7,6,0.1429
8,56.0000,3,16,345.1013,-86.8872,-0.1229,35,0.8974,0.0000,4,6,2,0,0,6,2,0.6667
8,56.0000,3,27,431.7406,-87.2530,1.0605,10,0.2564,1.0000,8,5,1,0,0,5,1,0.8000
8,56.0000,4,1,448.8259,-88.2601,0.1197,17,0.4250,0.8000,5,8,6,0,0,8,6,0.2500
8,56.0000,4,3,201.5902,-84.4171,1.4183,38,0.9500,0.2000,5,4,0,0,0,4,0,1.0000
8,56.0000,4,11,445.1029,-87.4122,-0.0056,28,0.7000,0.3333,6,7,6,0,0,7,6,0.1429
8,56.0000,4,16,347.9097,-85.6886,-0.0824,30,0.7500,0.0000,4,4,0,0,0,4,0,1.0000
8,56.0000,4,27,264.7019,-85.3297,-0.1729,34,0.8500,0.4000,5,5,1,0,0,5,1,0.8000
8,56.0000,5,13,510.8372,-88.0116,-0.9244,19,0.4750,0.8750,8,8,8,0,0,8,8,0.0000
8,56.0000,5,15,565.7503,-88.0769,-1.1083,15,0.3750,0.8571,7,8,8,0,0,8,8,0.0000
8,56.0000,5,26,297.4304,-86.3294,0.1807,33,0.8250,0.5000,6,4,0,0,0,4,0,1.0000
8,56.0000,6,13,218.7507,-84.2769,0.4995,39,0.9512,0.0000,4,4,0,0,0,4,0,1.0000
8,56.0000,6,23,395.4032,-87.4209,0.3964,31,0.7561,0.6667,6,5,2,0,0,5,2,0.6000
8,56.0000,7,2,374.0252,-87.2551,-0.2161,29,0.7250,0.4000,5,4,0,0,0,4,0,1.0000
8,56.0000,7,10,575.4085,-88.7843,0.0643,10,0.2500,0.8750,8,8,7,0,0,8,7,0.1250
8,56.0000,7,12,479.5618,-87.9334,-0.1775,18,0.4500,0.7143,7,8,8,0,0,8,8,0.0000
8,56.0000,8,11,581.8359,-87.8164,-0.2933,18,0.4500,0.8571,7,6,6,0,0,6,6,0.0000
8,56.0000,8,15,499.5440,-88.6617,0.0677,15,0.3750,0.8750,8,6,4,0,0,6,4,0.3333
8,56.0000,8,20,327.5807,-86.7909,0.3856,31,0.7750,0.2000,5,4,0,0,0,4,0,1.0000
8,56.0000,10,2,490.4253,-88.4892,-0.2504,16,0.3902,0.7500,8,8,5,0,0,8,5,0.3750
8,56.0000,10,7,575.4085,-88.6551,0.8064,4,0.0976,0.8750,8,8,7,0,0,8,7,0.1250
8,56.0000,10,22,510.4715,-88.9216,-0.5437,6,0.1463,1.0000,8,7,6,0,0,7,6,0.1429
8,56.0000,10,24,550.0052,-88.6104,-1.2022,4,0.0976,0.6667,3,8,8,0,0,8,8,0.0000
8,56.0000,10,25,507.8983,-88.6840,0.3966,13,0.3171,1.0000,8,6,4,0,0,6,4,0.3333
8,56.0000,11,3,581.4361,-89.0498,-0.5035,5,0.1250,1.0000,6,8,8,0,0,8,8,0.0000
8,56.0000,11,4,445.1029,-86.7460,-0.2063,28,0.7000,0.6000,5,8,6,0,0,8,6,0.2500
8,56.0000,11,8,581.8359,-88.0553,-0.2736,25,0.6250,1.0000,8,8,8,0,0,8,8,0.0000
8,56.0000,11,16,562.4319,-88.8623,-0.4839,9,0.2250,1.0000,8,7,6,0,0,7,6,0.1429
8,56.0000,11,27,500.3010,-87.2457,0.5073,12,0.3000,1.0000,8,5,4,0,0,5,4,0.2000
8,56.0000,12,2,595.2269,-88.7277,0.0515,6,0.1500,1.0000,8,6,6,0,0,6,6,0.0000
8,56.0000,12,7,479.5618,-88.0742,0.0569,19,0.4750,0.8750,8,7,6,0,0,7,6,0.1429
8,56.0000,12,20,619.3974,-89.2648,0.3533,7,0.1750,1.0000,8,8,8,0,0,8,8,0.0000
8,56.0000,13,5,510.8372,-88.2312,-0.5604,21,0.5250,0.7143,7,7,6,0,0,7,6,0.1429
8,56.0000,13,6,218.7507,-84.3973,0.2400,38,0.9500,0.0000,4,4,0,0,0,4,0,1.0000
8,56.0000,13,23,416.6880,-87.0691,-0.8570,26,0.6500,0.8750,8,7,5,0,0,7,5,0.2857
8,56.0000,14,17,652.5731,-88.8255,0.1385,3,0.0750,1.0000,6,10,10,0,0,10,10,0.0000
8,56.0000,14,18,557.1508,-87.8858,-0.8516,23,0.5750,0.8571,7,8,8,0,0,8,8,0.0000
8,56.0000,14,19,190.0408,-79.1906,-0.7386,40,1.0000,0.0000,4,4,0,0,0,4,0,1.0000
8,56.0000,14,21,153.5521,-81.7667,1.2454,40,1.0000,0.0000,4,4,0,0,0,4,0,1.0000
8,56.0000,15,5,565.7503,-87.9768,-0.1524,19,0.4750,0.8531,143,8,8,144,143,152,151,0.0066
8,56.0000,15,8,499.5440,-88.2411,-0.2659,11,0.2750,0.6250,8,8,7,0,0,8,7,0.1250
8,56.0000,15,11,608.4583,-89.2249,0.1311,6,0.1500,1.0000,2,8,8,0,0,8,8,0.0000
8,56.0000,15,26,605.5644,-88.6900,-0.1458,12,0.3000,1.0000,8,6,6,0,0,6,6,0.0000
8,56.0000,16,1,604.1046,-88.8229,-0.3662,7,0.1707,1.0000,8,8,8,0,0,8,8,0.0000
8,56.0000,16,3,345.1013,-86.1941,0.0235,34,0.8293,0.3333,6,7,6,0,0,7,6,0.1429
8,56.0000,16,4,347.9097,-85.9070,-0.1677,36,0.8780,0.3333,6,6,3,0,0,6,3,0.5000
8,56.0000,16,11,562.4319,-89.1185,0.2927,4,0.0976,0.8000,5,6,3,0,0,6,3,0.5000
8,56.0000,16,27,379.6093,-86.9391,0.2670,27,0.6585,0.3333,6,5,2,0,0,5,2,0.6000
8,56.0000,17,14,652.5731,-88.6644,0.5646,6,0.1500,1.0000,8,6,6,0,0,6,6,0.0000
8,56.0000,17,19,697.9930,-89.0373,0.4210,5,0.1250,1.0000,6,4,4,0,0,4,4,0.0000
8,56.0000,18,14,557.1508,-87.8929,-0.6042,22,0.5500,0.8571,7,8,8,0,0,8,8,0.0000
8,56.0000,18,17,792.4939,-88.9119,1.8822,3,0.0750,1.0000,4,4,4,0,0,4,4,0.0000
8,56.0000,18,19,466.4786,-88.0638,0.1552,30,0.7500,0.4000,5,8,8,0,0,8,8,0.0000
8,56.0000,18,21,497.2024,-87.9796,-0.3263,22,0.5500,0.8571,7,8,8,0,0,8,8,0.0000
8,56.0000,19,14,190.0408,-79.4583,-0.6816,40,1.0000,0.0000,4,4,0,0,0,4,0,1.0000
8,56.0000,19,18,466.4786,-88.0491,-0.0684,24,0.6000,0.4000,5,7,6,0,0,7,6,0.1429
8,56.0000,19,21,99.4930,-79.8482,2.4164,39,0.9750,0.0130,77,4,0,73,1,77,1,0.9870
8,56.0000,20,8,327.5807,-86.9708,0.0966,28,0.7000,0.3333,6,5,1,0,0,5,1,0.8000
8,56.0000,20,12,619.3974,-88.3536,-0.1239,6,0.1500,1.0000,8,6,6,0,0,6,6,0.0000
8,56.0000,21,14,153.5521,-81.4452,0.7604,39,0.9750,0.0000,4,5,0,0,0,5,0,1.0000
8,56.0000,21,18,497.2024,-87.8937,0.2425,20,0.5000,0.0000,4,8,8,0,0,8,8,0.0000
8,56.0000,21,19,99.4930,-79.5612,2.5306,39,0.9750,0.0000,4,4,0,0,0,4,0,1.0000
8,56.0000,21,23,666.0195,-88.6429,-0.2955,4,0.1000,1.0000,8,4,4,0,0,4,4,0.0000
8,56.0000,22,0,348.2139,-86.1100,0.1331,32,0.8000,0.0000,4,6,2,0,0,6,2,0.6667
8,56.0000,22,2,483.3675,-87.6315,-0.3877,19,0.4750,0.6667,6,8,8,0,0,8,8,0.0000
8,56.0000,22,10,510.4715,-88.6685,-0.4629,11,0.2750,1.0000,8,9,7,0,0,9,7,0.2222
8,56.0000,22,24,77.4021,-76.3684,2.4865,39,0.9750,0.0000,4,4,0,0,0,4,0,1.0000
8,56.0000,22,25,407.1284,-87.9890,0.4309,25,0.6250,1.0000,8,7,4,0,0,7,4,0.4286
8,56.0000,23,5,757.0205,-89.2012,-0.2700,5,0.1250,1.0000,8,2,2,0,0,2,2,0.0000
8,56.0000,23,6,395.4032,-87.1936,-0.4487,26,0.6500,0.6667,6,5,1,0,0,5,1,0.8000
8,56.0000,23,13,416.6880,-87.4573,0.0698,28,0.7000,0.5000,6,6,4,0,0,6,4,0.3333
8,56.0000,23,21,666.0195,-88.6945,-0.5839,5,0.1250,1.0000,6,4,4,0,0,4,4,0.0000
8,56.0000,24,0,361.8335,-85.3887,-0.2695,35,0.8750,0.2000,5,8,7,0,0,8,7,0.1250
8,56.0000,24,1,656.7455,-88.5577,-0.3752,11,0.2750,0.8750,8,6,6,0,0,6,6,0.0000
8,56.0000,24,2,455.7161,-87.9503,0.5597,10,0.2500,0.8000,5,8,5,0,0,8,5,0.3750
8,56.0000,24,10,550.0052,-88.6203,0.9951,6,0.1500,1.0000,4,8,8,0,0,8,8,0.0000
8,56.0000,24,22,77.4021,-76.2030,2.0555,40,1.0000,0.0000,4,4,0,0,0,4,0,1.0000
8,56.0000,24,25,381.3893,-87.4563,0.1132,21,0.5250,0.5000,6,5,2,0,0,5,2,0.6000
8,56.0000,25,0,583.0618,-87.9346,-0.4030,10,0.2500,0.8750,8,8,8,0,0,8,8,0.0000
8,56.0000,25,2,473.9875,-87.6058,-0.1254,16,0.4000,1.0000,8,8,7,0,0,8,7,0.1250
8,56.0000,25,10,507.8983,-88.6559,-0.0016,11,0.2750,0.7143,7,7,4,0,0,7,4,0.4286
8,56.0000,25,22,407.1284,-87.8341,0.1366,17,0.4250,0.7143,7,5,1,0,0,5,1,0.8000
8,56.0000,25,24,381.3893,-87.5636,0.0682,24,0.6000,0.4000,5,5,1,0,0,5,1,0.8000
8,56.0000,26,5,297.4304,-86.7079,-0.0381,33,0.8250,0.2000,5,5,1,0,0,5,1,0.8000
8,56.0000,26,15,605.5644,-88.5421,-0.8849,12,0.3000,1.0000,8,6,6,0,0,6,6,0.0000
8,56.0000,27,1,476.6020,-88.0058,-0.2446,27,0.6585,0.6667,6,8,8,0,0,8,8,0.0000
8,56.0000,27,3,431.7406,-87.4336,0.2576,17,0.4146,0.8571,7,8,6,0,0,8,6,0.2500
8,56.0000,27,4,264.7019,-85.2445,0.5640,37,0.9024,0.2000,5,4,0,0,0,4,0,1.0000
8,56.0000,27,11,500.3010,-88.5729,0.2067,11,0.2683,0.7143,7,8,6,0,0,8,6,0.2500
8,56.0000,27,16,379.6093,-87.0006,-0.0876,28,0.6829,0.7143,7,6,3,0,0,6,3,0.5000
8,60.0000,0,1,552.3292,-88.9085,-0.2732,8,0.2000,0.8750,8,7,6,0,0,7,6,0.1429
8,60.0000,0,22,354.3104,-86.0132,-0.1661,29,0.7250,0.4000,5,5,2,0,0,5,2,0.6000
8,60.0000,0,24,494.3973,-87.7284,-1.0211,19,0.4750,0.7500,8,8,8,0,0,8,8,0.0000
8,60.0000,0,25,671.5880,-88.6902,0.0171,4,0.1000,1.0000,8,2,2,0,0,2,2,0.0000
8,60.0000,1,0,552.3292,-88.6153,0.5007,5,0.1250,1.0000,8,8,7,0,0,8,7,0.1250
8,60.0000,1,3,420.7503,-87.7555,-0.3682,21,0.5250,0.5714,7,7,5,0,0,7,5,0.2857
8,60.0000,1,4,381.3964,-88.0973,0.1144,28,0.7000,0.6667,6,7,4,0,0,7,4,0.4286
8,60.0000,1,16,674.6161,-89.0695,-0.4756,3,0.0750,1.0000,6,8,8,0,0,8,8,0.0000
8,60.0000,1,27,558.4256,-88.5490,0.1632,15,0.3750,0.8571,7,8,8,0,0,8,8,0.0000
8,60.0000,2,7,339.5195,-87.0180,-0.1027,30,0.7500,0.5714,7,5,1,0,0,5,1,0.8000
8,60.0000,2,10,481.0980,-88.4806,0.1396,22,0.5500,0.8750,8,6,4,0,0,6,4,0.3333
8,60.0000,2,12,673.8121,-89.6747,-0.1197,3,0.0750,1.0000,8,4,4,0,0,4,4,0.0000
8,60.0000,2,22,542.2803,-88.6756,0.3904,18,0.4500,0.8571,7,8,8,0,0,8,8,0.0000
8,60.0000,2,24,371.8094,-87.3642,0.3698,25,0.6250,0.5714,7,5,2,0,0,5,2,0.6000
8,60.0000,2,25,465.7590,-87.8271,-0.5208,18,0.4500,0.7143,7,8,6,0,0,8,6,0.2500
8,60.0000,3,1,420.7503,-87.3777,0.0198,19,0.4634,0.6667,6,6,3,0,0,6,3,0.5000
8,60.0000,3,4,76.6923,-77.8633,2.9744,41,1.0000,0.0000,4,4,0,0,0,4,0,1.0000
8,60.0000,3,11,531.6128,-88.2260,0.3621,12,0.2927,0.8571,7,8,5,0,0,8,5,0.3750
8,60.0000,3,16,392.5612,-86.3483,-0.2174,35,0.8537,0.3333,6,8,7,0,0,8,7,0.1250
8,60.0000,3,27,306.2949,-86.5561,0.4521,27,0.6585,0.2000,5,4,0,0,0,4,0,1.0000
8,60.0000,4,1,381.3964,-87.6434,-0.1824,30,0.7692,0.7500,8,6,3,0,0,6,3,0.5000
8,60.0000,4,3,76.6923,-77.6876,2.5210,38,0.9744,0.0000,4,4,0,0,0,4,0,1.0000
8,60.0000,4,11,559.1064,-88.4239,-0.1455,16,0.4103,0.8571,7,8,8,0,0,8,8,0.0000
8,60.0000,4,16,422.8607,-86.9630,-0.7387,30,0.7692,0.0000,4,7,5,0,0,7,5,0.2857
8,60.0000,4,27,270.3181,-83.8847,-0.0094,37,0.9487,0.2000,5,8,4,0,0,8,4,0.5000
8,60.0000,5,6,642.9420,-89.1268,-0.6295,3,0.0750,,0,6,6,0,0,6,6,0.0000
8,60.0000,5,13,633.6456,-88.4547,-0.2443,11,0.2750,1.0000,8,8,8,0,0,8,8,0.0000
8,60.0000,5,15,753.7668,-88.9566,-0.2372,5,0.1250,1.0000,8,2,2,0,0,2,2,0.0000
8,60.0000,5,26,195.2116,-83.3786,0.8997,40,1.0000,0.0000,4,4,0,0,0,4,0,1.0000
8,60.0000,6,13,208.6445,-81.7507,0.1470,38,0.9744,0.0000,4,4,0,0,0,4,0,1.0000
8,60.0000,6,23,387.5052,-87.4522,0.0334,28,0.7179,0.4000,5,4,0,0,0,4,0,1.0000
8,60.0000,7,2,339.5195,-86.1167,0.2813,28,0.7000,0.0000,4,5,1,0,0,5,1,0.8000
8,60.0000,7,10,545.4644,-88.6957,-0.0858,9,0.2250,0.8750,8,8,8,0,0,8,8,0.0000
8,60.0000,7,12,541.3509,-87.8419,0.0292,21,0.5250,1.0000,8,8,8,0,0,8,8,0.0000
8,60.0000,8,12,615.8715,-89.6171,-0.0118,3,0.0769,,0,6,6,0,0,6,6,0.0000
8,60.0000,8,15,445.8189,-87.9928,0.0490,19,0.4872,0.6667,6,5,2,0,0,5,2,0.6000
8,60.0000,8,20,322.6972,-85.8512,-0.3978,36,0.9231,0.0000,4,6,3,0,0,6,3,0.5000
8,60.0000,8,23,684.3926,-89.4573,1.2269,3,0.0769,1.0000,4,8,8,0,0,8,8,0.0000
8,60.0000,10,2,481.0980,-87.8299,-0.1491,18,0.4500,0.6250,8,7,5,0,0,7,5,0.2857
8,60.0000,10,7,545.4644,-89.0700,0.0771,6,0.1500,0.8750,8,8,7,0,0,8,7,0.1250
8,60.0000,10,22,433.7925,-88.2009,-0.1986,15,0.3750,0.8571,7,7,4,0,0,7,4,0.4286
8,60.0000,10,24,379.1453,-88.4556,0.6439,12,0.3000,1.0000,8,5,1,0,0,5,1,0.8000
8,60.0000,10,25,442.1791,-88.2397,0.4701,21,0.5250,0.6667,6,7,4,0,0,7,4,0.4286
8,60.0000,11,3,531.6128,-88.3296,-0.2380,9,0.2250,1.0000,8,7,6,0,0,7,6,0.1429
8,60.0000,11,4,559.1064,-88.6742,-0.3655,18,0.4500,0.7500,8,6,5,0,0,6,5,0.1667
8,60.0000,11,15,643.4973,-89.2511,-0.0395,6,0.1500,1.0000,8,8,8,0,0,8,8,0.0000
8,60.0000,11,16,523.9544,-88.9127,0.2277,9,0.2250,0.8571,7,6,4,0,0,6,4,0.3333
8,60.0000,11,27,480.9171,-88.0058,0.1943,14,0.3500,0.8000,5,6,4,0,0,6,4,0.3333
8,60.0000,12,2,673.8121,-88.5600,-0.6895,3,0.0750,1.0000,6,4,4,0,0,4,4,0.0000
8,60.0000,12,7,541.3509,-88.1793,-0.3025,16,0.4000,0.8571,7,8,8,0,0,8,8,0.0000
8,60.0000,12,20,652.7814,-89.3053,-0.6271,4,0.1000,1.0000,8,8,8,0,0,8,8,0.0000
8,60.0000,13,5,633.6456,-88.6543,0.0479,11,0.2750,0.8571,7,8,8,0,0,8,8,0.0000
8,60.0000,13,6,208.6445,-81.6986,-0.1566,40,1.0000,0.0000,4,4,0,0,0,4,0,1.0000
8,60.0000,13,23,469.6176,-88.0704,-0.0445,20,0.5000,0.7143,7,8,8,0,0,8,8,0.0000
8,60.0000,14,18,757.4055,-89.6485,-0.2029,3,0.0750,1.0000,8,2,2,0,0,2,2,0.0000
8,60.0000,14,19,326.2363,-83.7816,-1.5022,39,0.9750,0.0000,4,7,4,0,0,7,4,0.4286
8,60.0000,14,21,102.4525,-77.1730,0.7542,40,1.0000,0.0000,4,4,0,0,0,4,0,1.0000
8,60.0000,15,5,753.7668,-89.1274,-0.1491,3,0.0750,0.9934,152,4,4,14,14,18,18,0.0000
8,60.0000,15,8,445.8189,-87.6425,0.3441,14,0.3500,0.8750,8,6,3,0,0,6,3,0.5000
8,60.0000,15,11,643.4973,-88.8868,1.5824,4,0.1000,1.0000,8,8,8,0,0,8,8,0.0000
8,60.0000,16,1,674.6161,-89.1413,-0.0047,5,0.1250,1.0000,8,6,6,0,0,6,6,0.0000
8,60.0000,16,3,392.5612,-86.6564,-0.7492,30,0.7500,0.8571,7,8,7,0,0,8,7,0.1250
8,60.0000,16,4,422.8607,-87.3509,-0.0668,27,0.6750,0.5000,6,7,4,0,0,7,4,0.4286
8,60.0000,16,11,523.9544,-88.1685,0.6353,4,0.1000,0.5000,6,7,6,0,0,7,6,0.1429
8,60.0000,16,27,362.1697,-86.9928,0.5464,34,0.8500,0.4000,5,6,3,0,0,6,3,0.5000
8,60.0000,18,14,757.4055,-88.9928,0.0330,4,0.1000,1.0000,8,2,2,0,0,2,2,0.0000
8,60.0000,18,19,559.3320,-88.4737,-0.2453,12,0.3000,1.0000,8,8,8,0,0,8,8,0.0000
8,60.0000,19,14,326.2363,-83.6679,-1.2336,39,0.9750,0.0000,4,8,5,0,0,8,5,0.3750
8,60.0000,19,18,559.3320,-88.5772,-0.1920,19,0.4750,0.8571,7,8,8,0,0,8,8,0.0000
8,60.0000,19,21,235.6019,-78.7465,-2.0536,40,1.0000,0.0130,77,6,2,95,34,101,36,0.6436
8,60.0000,19,23,562.4138,-89.0991,0.2780,6,0.1500,1.0000,8,6,4,0,0,6,4,0.3333
8,60.0000,20,8,322.6972,-86.3559,-0.0114,36,0.8780,0.2000,5,5,2,0,0,5,2,0.6000
8,60.0000,20,12,652.7814,-89.1455,0.5623,4,0.0976,1.0000,6,6,6,0,0,6,6,0.0000
8,60.0000,20,27,677.5531,-89.6104,-0.1214,3,0.0732,,0,4,4,0,0,4,4,0.0000
8,60.0000,21,14,102.4525,-77.4471,0.7253,41,1.0000,0.0000,5,4,0,0,0,4,0,1.0000
8,60.0000,21,18,661.5829,-89.0532,-0.4669,11,0.2683,1.0000,8,4,4,0,0,4,4,0.0000
8,60.0000,21,19,235.6019,-78.4287,-2.6405,40,0.9756,0.0000,4,5,2,0,0,5,2,0.6000
8,60.0000,22,0,354.3104,-86.1706,-0.1646,29,0.7436,0.3333,6,6,2,0,0,6,2,0.6667
8,60.0000,22,2,542.2803,-88.2864,-0.4420,18,0.4615,1.0000,8,8,8,0,0,8,8,0.0000
8,60.0000,22,10,433.7925,-88.7852,0.0044,12,0.3077,0.7778,9,5,4,0,0,5,4,0.2000
8,60.0000,22,24,171.1050,-75.9733,-2.4219,38,0.9744,0.0000,4,4,0,0,0,4,0,1.0000
8,60.0000,22,25,392.8497,-87.3754,-0.1434,25,0.6410,0.5714,7,7,5,0,0,7,5,0.2857
8,60.0000,23,6,387.5052,-87.2335,0.1697,32,0.8000,0.2000,5,7,4,0,0,7,4,0.4286
8,60.0000,23,13,469.6176,-87.5111,-0.1054,23,0.5750,0.6667,6,8,8,0,0,8,8,0.0000
8,60.0000,23,19,562.4138,-89.1645,0.2606,9,0.2250,1.0000,8,7,6,0,0,7,6,0.1429
8,60.0000,24,0,494.3973,-87.6280,-0.5652,26,0.6500,0.8750,8,8,8,0,0,8,8,0.0000
8,60.0000,24,2,371.8094,-87.5121,0.0069,27,0.6750,0.6250,8,4,1,0,0,4,1,0.7500
8,60.0000,24,10,379.1453,-88.1955,0.3148,20,0.5000,1.0000,8,5,1,0,0,5,1,0.8000
8,60.0000,24,22,171.1050,-75.3277,-1.8602,39,0.9750,0.0000,4,4,0,0,0,4,0,1.0000
8,60.0000,24,25,343.6361,-86.8694,0.0398,27,0.6750,0.4000,5,6,2,0,0,6,2,0.6667
8,60.0000,25,0,671.5880,-89.0312,-0.3359,5,0.1250,1.0000,8,4,4,0,0,4,4,0.0000
8,60.0000,25,2,465.7590,-88.2221,-0.0002,22,0.5500,0.8750,8,8,8,0,0,8,8,0.0000
8,60.0000,25,10,442.1791,-88.0257,-0.0692,13,0.3250,0.5714,7,5,1,0,0,5,1,0.8000
8,60.0000,25,22,392.8497,-86.9504,-0.1304,29,0.7250,0.2000,5,6,3,0,0,6,3,0.5000
8,60.0000,25,24,343.6361,-87.2414,0.3250,31,0.7750,0.2000,5,5,2,0,0,5,2,0.6000
8,60.0000,26,5,195.2116,-83.4969,0.6772,40,1.0000,0.2000,5,4,0,0,0,4,0,1.0000
8,60.0000,27,1,558.4256,-88.3480,-0.5134,11,0.2750,1.0000,8,8,8,0,0,8,8,0.0000
8,60.0000,27,3,306.2949,-86.9694,0.4453,28,0.7000,0.7500,8,4,0,0,0,4,0,1.0000
8,60.0000,27,4,270.3181,-84.1349,-0.1990,37,0.9250,0.0000,4,6,2,0,0,6,2,0.6667
8,60.0000,27,11,480.9171,-88.3903,0.0152,16,0.4000,0.7500,8,8,8,0,0,8,8,0.0000
8,60.0000,27,16,362.1697,-86.8008,-0.1978,25,0.6250,0.5000,6,5,2,0,0,5,2,0.6000
8,64.0000,0,1,523.2749,-88.3739,-0.3284,13,0.3250,0.8571,7,7,6,0,0,7,6,0.1429
8,64.0000,0,22,387.6225,-86.6643,-0.1001,29,0.7250,0.4000,5,6,4,0,0,6,4,0.3333
8,64.0000,0,24,654.7973,-88.9140,-0.1120,11,0.2750,1.0000,8,4,4,0,0,4,4,0.0000
8,64.0000,1,0,523.2749,-88.5566,-0.3554,10,0.2500,0.8750,8,8,8,0,0,8,8,0.0000
8,64.0000,1,3,422.9137,-88.1363,-0.5693,26,0.6500,0.7143,7,8,7,0,0,8,7,0.1250
8,64.0000,1,4,307.2732,-86.5120,-0.0947,25,0.6250,0.5714,7,4,0,0,0,4,0,1.0000
8,64.0000,1,27,616.7984,-88.2450,-0.7780,6,0.1500,1.0000,8,8,8,0,0,8,8,0.0000
8,64.0000,2,7,311.9375,-85.8943,0.2979,32,0.8000,0.2000,5,4,0,0,0,4,0,1.0000
8,64.0000,2,10,478.1252,-88.0660,0.3074,15,0.3750,0.6667,6,5,1,0,0,5,1,0.8000
8,64.0000,2,22,632.0607,-88.9704,-0.3394,7,0.1750,1.0000,8,6,6,0,0,6,6,0.0000
8,64.0000,2,24,336.6940,-86.6458,0.2236,28,0.7000,0.4000,5,6,4,0,0,6,4,0.3333
8,64.0000,2,25,490.6047,-88.2302,0.1290,15,0.3750,0.7500,8,8,6,0,0,8,6,0.2500
8,64.0000,3,1,422.9137,-87.5574,-0.3224,28,0.7179,0.5000,6,5,2,0,0,5,2,0.6000
8,64.0000,3,4,119.5564,-72.8324,-1.5444,39,1.0000,0.0000,4,4,0,0,0,4,0,1.0000
8,64.0000,3,11,581.6270,-88.6109,0.2674,6,0.1538,0.6250,8,8,8,0,0,8,8,0.0000
8,64.0000,3,16,507.8694,-88.0142,-0.1147,22,0.5641,0.8750,8,8,8,0,0,8,8,0.0000
8,64.0000,3,27,280.8302,-84.9244,-0.0792,37,0.9487,0.0000,4,5,1,0,0,5,1,0.8000
8,64.0000,4,1,307.2732,-86.4458,0.0368,32,0.8000,0.5000,6,4,0,0,0,4,0,1.0000
8,64.0000,4,3,119.5564,-72.8572,-1.6295,39,0.9750,0.0000,4,4,0,0,0,4,0,1.0000
8,64.0000,4,11,674.2153,-89.1280,0.0898,5,0.1250,1.0000,8,4,4,0,0,4,4,0.0000
8,64.0000,4,16,528.6291,-88.0784,-0.3387,14,0.3500,0.7143,7,7,5,0,0,7,5,0.2857
8,64.0000,4,27,352.5557,-85.5704,-0.8109,36,0.9000,0.5000,8,5,2,0,0,5,2,0.6000
8,64.0000,5,6,689.8378,-89.1253,-0.1399,6,0.1500,1.0000,6,8,8,0,0,8,8,0.0000
8,64.0000,5,26,89.6978,-78.4643,1.5814,40,1.0000,0.0000,4,4,0,0,0,4,0,1.0000
8,64.0000,6,13,309.3224,-83.6074,-0.7989,39,0.9750,0.0000,4,6,4,0,0,6,4,0.3333
8,64.0000,6,23,394.6877,-86.9373,-0.2026,25,0.6250,0.0000,4,7,6,0,0,7,6,0.1429
8,64.0000,7,2,311.9375,-86.3687,0.4045,33,0.8250,0.2000,5,4,0,0,0,4,0,1.0000
8,64.0000,7,10,534.7713,-88.6213,0.6099,13,0.3250,1.0000,8,7,6,0,0,7,6,0.1429
8,64.0000,7,12,611.1326,-88.8034,0.2612,5,0.1250,1.0000,8,8,8,0,0,8,8,0.0000
8,64.0000,7,24,515.2343,-88.5993,0.5503,11,0.2750,0.8571,7,9,6,0,0,9,6,0.3333
8,64.0000,7,25,696.6994,-88.9351,-0.1559,3,0.0750,,0,6,6,0,0,6,6,0.0000
8,64.0000,8,12,550.9027,-88.6262,-0.0011,9,0.2250,1.0000,6,8,8,0,0,8,8,0.0000
8,64.0000,8,15,380.8662,-86.8407,0.2303,20,0.5000,0.4000,5,6,3,0,0,6,3,0.5000
8,64.0000,8,20,418.2306,-86.2464,-0.2931,29,0.7250,0.5000,6,8,8,0,0,8,8,0.0000
8,64.0000,8,23,575.0009,-89.4483,0.1963,7,0.1750,1.0000,8,7,6,0,0,7,6,0.1429
8,64.0000,10,2,478.1252,-87.9456,0.0184,17,0.4250,0.7143,7,7,6,0,0,7,6,0.1429
8,64.0000,10,7,534.7713,-88.5168,-0.3418,13,0.3250,0.8750,8,7,6,0,0,7,6,0.1429
8,64.0000,10,22,399.4010,-87.4412,-0.2917,25,0.6250,0.5714,7,7,5,0,0,7,5,0.2857
8,64.0000,10,24,218.7618,-84.9825,0.9067,39,0.9750,0.2000,5,4,0,0,0,4,0,1.0000
8,64.0000,10,25,403.1321,-87.5401,0.3122,28,0.7000,0.5714,7,7,4,0,0,7,4,0.4286
8,64.0000,11,3,581.6270,-88.7700,-0.1146,15,0.3750,0.8571,7,6,6,0,0,6,6,0.0000
8,64.0000,11,4,674.2153,-89.4214,-0.5747,6,0.1500,0.8333,6,6,6,0,0,6,6,0.0000
8,64.0000,11,16,479.3892,-88.3651,-0.0278,14,0.3500,0.6667,6,7,5,0,0,7,5,0.2857
8,64.0000,11,27,457.1931,-88.4107,0.5082,19,0.4750,0.6667,6,8,5,0,0,8,5,0.3750
8,64.0000,12,7,611.1326,-88.1444,1.1174,6,0.1500,1.0000,8,6,6,0,0,6,6,0.0000
8,64.0000,12,8,550.9027,-88.6501,0.1733,9,0.2250,1.0000,8,7,5,0,0,7,5,0.2857
8,64.0000,13,6,309.3224,-83.6438,-0.7019,39,0.9750,0.0000,4,5,2,0,0,5,2,0.6000
8,64.0000,13,23,549.2308,-88.6100,-0.3850,13,0.3250,1.0000,8,8,8,0,0,8,8,0.0000
8,64.0000,14,19,446.8233,-87.1919,-0.4654,26,0.6500,0.5714,7,8,7,0,0,8,7,0.1250
8,64.0000,14,21,132.1652,-75.7842,-0.8549,40,1.0000,0.0000,4,4,0,0,0,4,0,1.0000
8,64.0000,15,8,380.8662,-86.3788,0.7568,27,0.6750,0.5000,6,5,2,0,0,5,2,0.6000
8,64.0000,15,11,725.0789,-89.2055,1.0227,3,0.0750,1.0000,8,4,4,0,0,4,4,0.0000
8,64.0000,15,20,595.6641,-88.2250,0.3563,4,0.1000,1.0000,4,6,4,0,0,6,4,0.3333
8,64.0000,15,23,545.9026,-89.3794,-0.2398,4,0.1000,1.0000,8,7,6,0,0,7,6,0.1429
8,64.0000,16,1,728.5184,-89.8470,0.0360,3,0.0750,1.0000,6,8,8,0,0,8,8,0.0000
8,64.0000,16,3,507.8694,-87.8117,-0.4453,20,0.5000,0.8750,8,8,8,0,0,8,8,0.0000
8,64.0000,16,4,528.6291,-88.5088,-0.0423,20,0.5000,0.5714,7,7,6,0,0,7,6,0.1429
8,64.0000,16,11,479.3892,-87.9852,-0.1409,17,0.4250,0.8571,7,7,5,0,0,7,5,0.2857
8,64.0000,16,27,327.7975,-86.1837,0.3375,38,0.9500,0.5000,6,6,2,0,0,6,2,0.6667
8,64.0000,18,19,586.9510,-88.4512,0.0065,3,0.0750,1.0000,8,7,6,0,0,7,6,0.1429
8,64.0000,19,14,446.8233,-87.5711,-0.1429,29,0.7250,0.6250,8,7,5,0,0,7,5,0.2857
8,64.0000,19,18,586.9510,-88.9469,-0.6766,4,0.1000,1.0000,8,8,7,0,0,8,7,0.1250
8,64.0000,19,21,441.2293,-86.2368,-1.1763,32,0.8000,0.3564,101,8,8,138,128,146,136,0.0685
8,64.0000,19,23,447.1213,-88.3528,0.1021,18,0.4500,0.6667,6,4,0,0,0,4,0,1.0000
8,64.0000,20,8,418.2306,-86.5447,-0.5876,34,0.8718,0.4000,5,6,4,0,0,6,4,0.3333
8,64.0000,20,15,595.6641,-88.1819,1.8198,4,0.1026,1.0000,8,8,8,0,0,8,8,0.0000
8,64.0000,21,14,132.1652,-75.6452,-0.6577,40,1.0000,0.0000,4,4,0,0,0,4,0,1.0000
8,64.0000,21,19,441.2293,-85.7730,-0.8744,35,0.8750,0.4000,5,8,8,0,0,8,8,0.0000
8,64.0000,22,0,387.6225,-86.7806,-0.4349,34,0.8293,0.3333,6,6,2,0,0,6,2,0.6667
8,64.0000,22,2,632.0607,-89.2119,0.2059,12,0.2927,1.0000,8,4,4,0,0,4,4,0.0000
8,64.0000,22,10,399.4010,-87.2466,0.4174,25,0.6098,0.8000,5,9,6,0,0,9,6,0.3333
8,64.0000,22,24,319.7235,-83.4872,-1.3312,41,1.0000,0.0000,4,8,7,0,0,8,7,0.1250
8,64.0000,22,25,431.6348,-87.7278,0.1492,33,0.8049,0.7143,7,7,5,0,0,7,5,0.2857
8,64.0000,23,6,394.6877,-87.2607,-0.0941,30,0.7500,0.5714,7,7,5,0,0,7,5,0.2857
8,64.0000,23,8,575.0009,-87.8229,0.6211,5,0.1250,1.0000,8,8,8,0,0,8,8,0.0000
8,64.0000,23,13,549.2308,-88.6166,0.0613,17,0.4250,1.0000,8,8,8,0,0,8,8,0.0000
8,64.0000,23,15,545.9026,-88.8019,0.0634,12,0.3000,0.8750,8,8,7,0,0,8,7,0.1250
8,64.0000,23,19,447.1213,-88.0687,-0.1046,13,0.3250,0.8571,7,6,3,0,0,6,3,0.5000
8,64.0000,24,0,654.7973,-88.6590,-0.2453,12,0.3077,1.0000,8,4,4,0,0,4,4,0.0000
8,64.0000,24,2,336.6940,-85.7187,0.4846,33,0.8462,0.2500,4,5,1,0,0,5,1,0.8000
8,64.0000,24,7,515.2343,-88.6915,0.2834,10,0.2564,1.0000,8,8,8,0,0,8,8,0.0000
8,64.0000,24,10,218.7618,-85.0509,1.2450,38,0.9744,0.2000,5,4,0,0,0,4,0,1.0000
8,64.0000,24,22,319.7235,-83.4424,-1.6084,39,1.0000,0.0000,4,6,3,0,0,6,3,0.5000
8,64.0000,24,25,322.4595,-86.3001,-0.0914,32,0.8205,0.3333,6,4,0,0,0,4,0,1.0000
8,64.0000,25,2,490.6047,-87.6557,0.1883,18,0.4500,1.0000,8,8,8,0,0,8,8,0.0000
8,64.0000,25,10,403.1321,-87.4279,0.4575,26,0.6500,0.2000,5,7,3,0,0,7,3,0.5714
8,64.0000,25,22,431.6348,-86.6848,-0.1947,24,0.6000,0.5000,6,7,5,0,0,7,5,0.2857
8,64.0000,25,24,322.4595,-85.6921,0.1398,31,0.7750,0.4000,5,5,1,0,0,5,1,0.8000
8,64.0000,26,5,89.6978,-78.1405,1.9019,40,1.0000,0.0000,4,4,0,0,0,4,0,1.0000
8,64.0000,27,1,616.7984,-88.4960,-0.0042,8,0.2051,1.0000,8,8,8,0,0,8,8,0.0000
8,64.0000,27,3,280.8302,-85.2557,0.2685,39,1.0000,0.0000,4,5,2,0,0,5,2,0.6000
8,64.0000,27,4,352.5557,-85.4357,-0.5016,34,0.8718,0.3333,6,7,5,0,0,7,5,0.2857
8,64.0000,27,11,457.1931,-88.1582,0.2102,17,0.4359,1.0000,8,6,3,0,0,6,3,0.5000
8,64.0000,27,16,327.7975,-86.3649,0.5076,30,0.7692,0.4000,5,4,0,0,0,4,0,1.0000
8,68.0000,0,1,505.2545,-88.6025,0.1452,14,0.3500,0.8571,7,8,8,0,0,8,8,0.0000
8,68.0000,0,22,434.2977,-87.1299,-0.3276,21,0.5250,0.6667,6,6,4,0,0,6,4,0.3333
8,68.0000,1,0,505.2545,-88.4109,-0.4928,12,0.3000,1.0000,8,7,5,0,0,7,5,0.2857
8,68.0000,1,3,512.5878,-88.6535,-0.2317,16,0.4000,0.8750,8,8,8,0,0,8,8,0.0000
8,68.0000,1,4,233.4873,-84.1510,0.6980,40,1.0000,0.0000,4,4,0,0,0,4,0,1.0000
8,68.0000,1,27,676.1713,-88.6994,-0.9125,4,0.1000,1.0000,8,6,6,0,0,6,6,0.0000
8,68.0000,2,7,299.0450,-85.8027,0.1288,39,0.9750,0.0000,4,4,0,0,0,4,0,1.0000
8,68.0000,2,10,479.0111,-88.5290,0.1771,16,0.4000,0.2000,5,8,7,0,0,8,7,0.1250
8,68.0000,2,24,351.8941,-86.7628,-0.1196,31,0.7750,0.6667,6,6,2,0,0,6,2,0.6667
8,68.0000,2,25,503.1908,-88.1909,-0.1752,17,0.4250,0.7500,8,8,7,0,0,8,7,0.1250
8,68.0000,3,1,512.5878,-88.0789,0.0870,22,0.5500,0.4000,5,7,6,0,0,7,6,0.1429
8,68.0000,3,4,284.5295,-81.3604,-2.1767,38,0.9500,0.0000,4,5,1,0,0,5,1,0.8000
8,68.0000,3,11,661.6511,-89.6491,-0.1570,3,0.0750,1.0000,8,10,10,0,0,10,10,0.0000
8,68.0000,3,16,550.1591,-88.2657,-0.1092,12,0.3000,1.0000,8,8,8,0,0,8,8,0.0000
8,68.0000,3,20,566.1606,-89.3807,0.7389,3,0.0750,1.0000,6,7,6,0,0,7,6,0.1429
8,68.0000,3,27,367.4326,-85.9051,-0.4017,35,0.8750,0.2000,5,8,6,0,0,8,6,0.2500
8,68.0000,4,1,233.4873,-84.6326,0.9160,39,0.9750,0.0000,4,4,0,0,0,4,0,1.0000
8,68.0000,4,3,284.5295,-81.4907,-2.0271,39,0.9750,0.0000,4,4,0,0,0,4,0,1.0000
8,68.0000,4,16,580.6550,-88.4216,-0.0271,13,0.3250,0.7143,7,8,7,0,0,8,7,0.1250
8,68.0000,4,27,487.1761,-87.5218,-0.4687,25,0.6250,0.4000,5,9,8,0,0,9,8,0.1111
8,68.0000,5,6,722.8172,-89.0966,-0.6272,3,0.0750,1.0000,8,2,2,0,0,2,2,0.0000
8,68.0000,5,26,46.3525,-70.2995,1.0319,40,1.0000,0.0000,4,4,0,0,0,4,0,1.0000
8,68.0000,6,5,722.8172,-89.2620,0.2162,3,0.0750,1.0000,6,4,4,0,0,4,4,0.0000
8,68.0000,6,13,451.6221,-87.1344,-0.3987,28,0.7000,0.6667,6,7,5,0,0,7,5,0.2857
8,68.0000,6,23,401.8997,-87.1653,0.0908,23,0.5750,0.8571,7,6,3,0,0,6,3,0.5000
8,68.0000,6,26,690.2356,-89.0703,-1.3078,3,0.0750,,0,4,4,0,0,4,4,0.0000
8,68.0000,7,2,299.0450,-85.5396,0.7391,36,0.9000,0.0000,4,6,2,0,0,6,2,0.6667
8,68.0000,7,10,540.3501,-88.6668,-0.2371,9,0.2250,0.8571,7,8,8,0,0,8,8,0.0000
8,68.0000,7,24,441.9413,-87.6496,-0.1511,13,0.3250,0.6667,9,6,3,0,0,6,3,0.5000
8,68.0000,8,12,504.9442,-88.6812,0.2306,7,0.1750,1.0000,8,8,8,0,0,8,8,0.0000
8,68.0000,8,15,346.4698,-86.7404,0.4676,36,0.9000,0.5000,6,8,6,0,0,8,6,0.2500
8,68.0000,8,19,621.7776,-88.7217,-0.0317,4,0.1000,1.0000,8,6,6,0,0,6,6,0.0000
8,68.0000,8,20,561.1932,-88.0772,-0.6703,16,0.4000,1.0000,8,8,8,0,0,8,8,0.0000
8,68.0000,8,23,478.3422,-88.5850,0.1346,14,0.3500,0.8571,7,7,3,0,0,7,3,0.5714
8,68.0000,9,14,584.4943,-88.9998,0.2671,12,0.3077,1.0000,8,8,8,0,0,8,8,0.0000
8,68.0000,9,21,490.8494,-88.7822,-0.3618,9,0.2308,1.0000,8,7,6,0,0,7,6,0.1429
8,68.0000,10,2,479.0111,-88.4991,0.3107,20,0.5000,0.8571,7,7,5,0,0,7,5,0.2857
8,68.0000,10,7,540.3501,-88.8498,0.0735,12,0.3000,0.8571,7,6,6,0,0,6,6,0.0000
8,68.0000,10,22,395.0542,-87.4321,-0.4088,27,0.6750,0.7143,7,6,2,0,0,6,2,0.6667
8,68.0000,10,24,158.6352,-80.2630,0.7923,39,0.9750,0.0000,4,4,0,0,0,4,0,1.0000
8,68.0000,10,25,398.1465,-87.4237,-0.2397,28,0.7000,0.5714,7,6,4,0,0,6,4,0.3333
8,68.0000,11,3,661.6511,-88.7840,0.0727,5,0.1250,1.0000,6,2,2,0,0,2,2,0.0000
8,68.0000,11,16,453.6334,-87.6679,0.2339,19,0.4750,0.7143,7,7,5,0,0,7,5,0.2857
8,68.0000,11,27,426.7619,-87.9589,0.0269,20,0.5000,0.6250,8,4,0,0,0,4,0,1.0000
8,68.0000,12,8,504.9442,-88.5812,0.0889,15,0.3750,0.7143,7,6,4,0,0,6,4,0.3333
8,68.0000,12,14,411.5838,-88.4269,0.0633,17,0.4250,0.7143,7,5,2,0,0,5,2,0.6000
8,68.0000,12,19,674.4440,-88.7160,-0.3050,5,0.1250,1.0000,4,3,2,0,0,3,2,0.3333
8,68.0000,13,6,451.6221,-87.0716,0.0168,32,0.8000,0.4000,5,10,9,0,0,10,9,0.1000
8,68.0000,13,18,596.9539,-89.2477,-0.0834,4,0.1000,1.0000,8,8,8,0,0,8,8,0.0000
8,68.0000,13,23,631.8715,-89.0440,-0.0926,6,0.1500,1.0000,8,6,6,0,0,6,6,0.0000
8,68.0000,14,9,584.4943,-89.1637,-0.0228,4,0.1000,0.8750,8,8,8,0,0,8,8,0.0000
8,68.0000,14,12,411.5838,-88.2948,0.4671,15,0.3750,1.0000,8,5,1,0,0,5,1,0.8000
8,68.0000,14,19,561.1089,-87.9384,-0.5745,15,0.3750,0.8750,8,8,8,0,0,8,8,0.0000
8,68.0000,14,21,251.4510,-80.5240,-1.9568,39,0.9750,0.0000,4,4,0,13,5,17,5,0.7059
8,68.0000,15,8,346.4698,-86.4050,-0.2165,32,0.8000,0.4000,5,5,2,0,0,5,2,0.6000
8,68.0000,15,20,541.7408,-88.6823,0.6211,10,0.2500,0.6667,6,7,5,0,0,7,5,0.2857
8,68.0000,15,23,500.1694,-88.2714,-0.0408,11,0.2750,0.8571,7,7,5,0,0,7,5,0.2857
8,68.0000,16,3,550.1591,-88.8404,0.2938,13,0.3250,1.0000,8,8,8,0,0,8,8,0.0000
8,68.0000,16,4,580.6550,-88.1720,-0.1161,13,0.3250,0.8571,7,8,8,0,0,8,8,0.0000
8,68.0000,16,11,453.6334,-87.9139,0.0297,17,0.4250,0.7143,7,7,5,0,0,7,5,0.2857
8,68.0000,16,27,214.9061,-84.1232,1.1389,35,0.8750,0.3333,6,4,0,0,0,4,0,1.0000
8,68.0000,17,21,554.1593,-89.3954,0.0774,5,0.1250,0.8750,8,8,8,0,0,8,8,0.0000
8,68.0000,18,19,519.5202,-89.3391,0.0509,11,0.2750,0.8571,7,7,6,0,0,7,6,0.1429
8,68.0000,19,6,671.2225,-89.5165,0.0912,3,0.0750,1.0000,8,8,8,0,0,8,8,0.0000
8,68.0000,19,8,621.7776,-89.5642,0.3091,3,0.0750,1.0000,6,8,8,0,0,8,8,0.0000
8,68.0000,19,14,561.1089,-88.5774,0.0234,16,0.4000,0.7143,7,8,8,80,79,88,87,0.0114
8,68.0000,19,18,519.5202,-89.1062,0.2800,13,0.3250,0.8750,8,8,7,0,0,8,7,0.1250
8,68.0000,19,21,642.9111,-88.7290,-0.4089,13,0.3250,0.9315,146,4,4,10,10,14,14,0.0000
8,68.0000,19,23,357.3668,-87.5630,0.2757,29,0.7250,0.0000,4,5,1,0,0,5,1,0.8000
8,68.0000,20,3,566.1606,-88.5231,0.2060,3,0.0750,1.0000,6,7,5,0,0,7,5,0.2857
8,68.0000,20,8,561.1932,-88.8538,-0.3294,10,0.2500,0.6667,6,8,8,0,0,8,8,0.0000
8,68.0000,20,15,541.7408,-88.9907,-0.3500,9,0.2250,1.0000,8,7,6,0,0,7,6,0.1429
8,68.0000,21,9,490.8494,-88.8400,-0.0094,13,0.3250,1.0000,8,5,2,0,0,5,2,0.6000
8,68.0000,21,12,659.9255,-89.1375,0.5909,3,0.0750,1.0000,2,6,6,0,0,6,6,0.0000
8,68.0000,21,14,251.4510,-81.1199,-1.2697,39,0.9750,0.0000,4,5,2,0,0,5,2,0.6000
8,68.0000,21,17,554.1593,-88.8407,-0.3267,9,0.2250,1.0000,8,7,6,0,0,7,6,0.1429
8,68.0000,21,19,642.9111,-88.2388,-0.7521,10,0.2500,1.0000,8,4,4,0,0,4,4,0.0000
8,68.0000,22,0,434.2977,-88.3094,0.0486,28,0.7000,0.3333,6,7,6,0,0,7,6,0.1429
8,68.0000,22,10,395.0542,-87.1956,-0.1711,30,0.7500,0.6667,9,6,4,0,0,6,4,0.3333
8,68.0000,22,24,476.0649,-86.9246,-1.2299,28,0.7000,0.8750,8,7,6,0,0,7,6,0.1429
8,68.0000,22,25,496.2247,-88.3362,-0.0772,23,0.5750,0.7143,7,8,7,0,0,8,7,0.1250
8,68.0000,23,6,401.8997,-87.7710,0.4325,30,0.7500,0.7143,7,7,5,0,0,7,5,0.2857
8,68.0000,23,8,478.3422,-88.9744,0.0688,12,0.3000,1.0000,8,6,4,0,0,6,4,0.3333
8,68.0000,23,13,631.8715,-88.4627,-0.0805,8,0.2000,1.0000,8,8,8,0,0,8,8,0.0000
8,68.0000,23,15,500.1694,-87.9373,-0.4376,7,0.1750,0.8750,8,6,3,0,0,6,3,0.5000
8,68.0000,23,19,357.3668,-86.8077,0.3882,25,0.6250,0.5000,6,6,4,0,0,6,4,0.3333
8,68.0000,24,2,351.8941,-86.2975,-0.2774,35,0.8537,0.2000,5,6,1,0,0,6,1,0.8333
8,68.0000,24,7,441.9413,-87.9936,-0.3277,16,0.3902,1.0000,8,6,3,0,0,6,3,0.5000
8,68.0000,24,10,158.6352,-80.7328,1.0549,41,1.0000,0.0000,4,4,0,0,0,4,0,1.0000
8,68.0000,24,22,476.0649,-87.1507,0.1878,33,0.8049,0.5000,6,8,7,0,0,8,7,0.1250
8,68.0000,24,25,305.4203,-86.0853,-0.1165,36,0.8780,0.0000,4,6,2,0,0,6,2,0.6667
8,68.0000,25,2,503.1908,-88.4438,-0.6246,9,0.2250,1.0000,8,8,8,0,0,8,8,0.0000
8,68.0000,25,10,398.1465,-87.1628,0.1387,22,0.5500,0.4286,7,6,4,0,0,6,4,0.3333
8,68.0000,25,22,496.2247,-87.6417,0.1318,26,0.6500,0.7143,7,8,8,0,0,8,8,0.0000
8,68.0000,25,24,305.4203,-85.2653,-0.2001,33,0.8250,0.2000,5,7,3,0,0,7,3,0.5714
8,68.0000,26,5,46.3525,-70.8502,1.1090,39,1.0000,0.0000,4,4,0,0,0,4,0,1.0000
8,68.0000,27,1,676.1713,-89.3732,0.2917,6,0.1500,1.0000,8,8,8,0,0,8,8,0.0000
8,68.0000,27,3,367.4326,-85.2897,-0.7058,38,0.9500,0.4000,5,7,5,0,0,7,5,0.2857
8,68.0000,27,4,487.1761,-86.7844,-0.2454,23,0.5750,0.7143,7,8,8,0,0,8,8,0.0000
8,68.0000,27,11,426.7619,-88.4337,-0.0502,24,0.6000,0.5000,6,6,4,0,0,6,4,0.3333
8,68.0000,27,16,214.9061,-84.9627,1.2760,38,0.9500,0.0000,4,4,0,0,0,4,0,1.0000
8,68.0000,27,20,625.9577,-89.7163,-0.0772,5,0.1250,1.0000,2,8,8,0,0,8,8,0.0000
8,72.0000,0,1,501.2719,-88.5611,0.3508,15,0.3750,1.0000,8,7,5,0,0,7,5,0.2857
8,72.0000,0,4,531.7259,-89.0126,0.6520,4,0.1000,1.0000,8,8,7,0,0,8,7,0.1250
8,72.0000,0,22,507.6739,-87.7186,-0.0476,23,0.5750,0.6667,6,8,8,0,0,8,8,0.0000
8,72.0000,1,0,501.2719,-88.3112,0.7148,16,0.4000,0.7143,7,8,8,0,0,8,8,0.0000
8,72.0000,1,3,648.1366,-88.4132,0.4393,7,0.1750,1.0000,8,4,4,0,0,4,4,0.0000
8,72.0000,1,4,197.6198,-82.1400,0.9506,39,0.9750,0.0000,4,4,0,0,0,4,0,1.0000
8,72.0000,1,27,739.7078,-89.0539,-0.3142,3,0.0750,1.0000,6,4,4,0,0,4,4,0.0000
8,72.0000,2,3,635.6399,-88.6121,-0.0665,3,0.0769,0.8750,8,8,8,0,0,8,8,0.0000
8,72.0000,2,7,275.4313,-84.8335,0.2284,38,0.9744,0.0000,4,4,0,0,0,4,0,1.0000
8,72.0000,2,10,501.9710,-88.7812,-0.6989,9,0.2308,0.8750,8,8,8,0,0,8,8,0.0000
8,72.0000,2,20,602.5036,-88.2530,0.1831,4,0.1026,1.0000,2,8,7,0,0,8,7,0.1250
8,72.0000,2,24,400.8492,-86.7104,-0.2999,27,0.6923,0.3333,6,7,6,0,0,7,6,0.1429
8,72.0000,2,25,518.3014,-88.9717,0.4139,13,0.3333,0.8750,8,7,6,0,0,7,6,0.1429
8,72.0000,3,1,648.1366,-89.1867,0.0392,4,0.1000,0.8571,7,8,8,0,0,8,8,0.0000
8,72.0000,3,4,455.1718,-86.9403,-0.7688,29,0.7250,0.2000,5,6,4,0,0,6,4,0.3333
8,72.0000,3,16,600.8643,-89.0786,0.3962,9,0.2250,1.0000,8,6,6,0,0,6,6,0.0000
8,72.0000,3,20,405.2915,-88.1993,0.1362,12,0.3000,0.8571,7,6,2,0,0,6,2,0.6667
8,72.0000,3,27,517.7846,-87.1504,-0.8391,19,0.4750,0.7500,8,8,8,0,0,8,8,0.0000
8,72.0000,4,0,531.7259,-89.0006,0.0900,12,0.3000,1.0000,8,8,7,0,0,8,7,0.1250
8,72.0000,4,1,197.6198,-82.4790,0.4545,40,1.0000,0.0000,4,4,0,0,0,4,0,1.0000
8,72.0000,4,3,455.1718,-86.4751,-0.8568,33,0.8250,0.0000,4,8,8,0,0,8,8,0.0000
8,72.0000,4,27,639.0454,-88.8248,-0.3365,9,0.2250,0.8889,9,2,2,0,0,2,2,0.0000
8,72.0000,5,6,679.8898,-89.6232,-0.1308,3,0.0750,1.0000,2,6,6,0,0,6,6,0.0000
8,72.0000,5,26,52.1751,-67.1652,-0.0274,40,1.0000,0.0000,4,4,0,0,0,4,0,1.0000
8,72.0000,6,13,607.1966,-88.2100,0.0576,10,0.2500,0.7143,7,4,4,0,0,4,4,0.0000
8,72.0000,6,15,699.5464,-89.5255,0.2696,3,0.0750,1.0000,4,2,2,0,0,2,2,0.0000
8,72.0000,6,19,595.9118,-89.1997,-0.0586,4,0.1000,1.0000,8,8,8,0,0,8,8,0.0000
8,72.0000,6,23,421.1659,-87.9293,0.3346,23,0.5750,0.5000,6,8,7,0,0,8,7,0.1250
8,72.0000,6,26,672.5448,-88.8959,-0.2695,4,0.1000,1.0000,4,2,2,0,0,2,2,0.0000
8,72.0000,7,2,275.4313,-85.4826,0.5518,39,0.9750,0.3333,6,4,0,0,0,4,0,1.0000
8,72.0000,7,10,554.0321,-88.5620,-0.0458,10,0.2500,1.0000,8,8,7,0,0,8,7,0.1250
8,72.0000,7,24,387.8288,-87.4793,0.4415,28,0.7000,0.5000,6,7,6,0,0,7,6,0.1429
8,72.0000,7,25,621.9420,-88.6521,1.0572,4,0.1000,1.0000,4,6,6,0,0,6,6,0.0000
8,72.0000,8,12,460.9787,-88.1974,-0.2613,19,0.4750,1.0000,8,6,4,0,0,6,4,0.3333
8,72.0000,8,15,339.4029,-86.4810,0.4022,36,0.9000,0.7500,8,6,3,0,0,6,3,0.5000
8,72.0000,8,19,497.3203,-89.0584,0.3033,10,0.2500,1.0000,6,6,4,0,0,6,4,0.3333
8,72.0000,8,20,722.4703,-88.4447,0.6194,4,0.1000,1.0000,8,4,4,0,0,4,4,0.0000
8,72.0000,8,23,402.8141,-87.8612,0.4933,18,0.4500,0.4286,7,7,6,0,0,7,6,0.1429
8,72.0000,9,14,605.6409,-89.4640,-0.2853,5,0.1250,1.0000,8,8,8,0,0,8,8,0.0000
8,72.0000,9,21,373.8239,-87.5041,0.3693,24,0.6000,0.8571,7,5,2,0,0,5,2,0.6000
8,72.0000,10,2,501.9710,-87.8082,-0.4670,17,0.4250,0.7143,7,7,6,0,0,7,6,0.1429
8,72.0000,10,7,554.0321,-88.2147,-1.4176,8,0.2000,1.0000,6,10,10,0,0,10,10,0.0000
8,72.0000,10,22,401.4478,-87.3579,0.1972,27,0.6750,0.3333,6,6,2,0,0,6,2,0.6667
8,72.0000,10,24,281.6194,-81.5858,-1.5111,40,1.0000,0.0000,4,6,3,0,0,6,3,0.5000
8,72.0000,10,25,422.3838,-86.9060,-0.4840,30,0.7500,0.6667,6,8,6,0,0,8,6,0.2500
8,72.0000,11,3,634.3484,-89.5053,0.0421,4,0.1000,1.0000,2,8,8,0,0,8,8,0.0000
8,72.0000,11,16,410.6394,-87.8469,0.3188,26,0.6500,0.7143,7,6,2,0,0,6,2,0.6667
8,72.0000,11,27,322.1509,-87.1525,0.3997,27,0.6750,0.0000,4,5,1,0,0,5,1,0.8000
8,72.0000,12,8,460.9787,-88.0363,0.3457,18,0.4500,0.6667,6,6,4,0,0,6,4,0.3333
8,72.0000,12,14,251.6746,-85.9675,1.1341,29,0.7250,0.4000,5,4,0,0,0,4,0,1.0000
8,72.0000,12,21,633.9722,-89.0842,0.2459,3,0.0750,1.0000,6,6,6,0,0,6,6,0.0000
8,72.0000,13,6,607.1966,-88.7993,0.0245,8,0.2000,0.9000,10,6,6,0,0,6,6,0.0000
8,72.0000,13,18,524.1880,-88.8525,-0.1786,5,0.1250,1.0000,8,8,8,0,0,8,8,0.0000
8,72.0000,13,19,659.4774,-89.1155,-0.0607,4,0.1000,1.0000,6,8,8,0,0,8,8,0.0000
8,72.0000,14,9,605.6409,-89.2341,0.2009,6,0.1500,1.0000,8,8,8,0,0,8,8,0.0000
8,72.0000,14,12,251.6746,-85.5834,0.9596,37,0.9250,0.2000,5,6,1,0,0,6,1,0.8333
8,72.0000,14,19,683.5653,-89.0384,-0.4869,6,0.1500,1.0000,8,4,4,0,0,4,4,0.0000
8,72.0000,14,21,406.6566,-85.9069,-0.6703,37,0.9250,0.2941,17,8,7,0,0,8,7,0.1250
8,72.0000,15,8,339.4029,-86.6357,0.2490,32,0.8000,0.4000,5,5,2,0,0,5,2,0.6000
8,72.0000,15,20,522.2083,-88.9968,-0.0210,6,0.1500,0.7143,7,8,8,0,0,8,8,0.0000
8,72.0000,15,23,467.0431,-88.3977,-0.0317,17,0.4250,0.7143,7,8,8,0,0,8,8,0.0000
8,72.0000,16,1,743.4595,-89.7994,-0.1117,3,0.0750,1.0000,2,2,2,0,0,2,2,0.0000
8,72.0000,16,3,600.8643,-88.3892,-0.0180,7,0.1750,1.0000,8,8,8,0,0,8,8,0.0000
8,72.0000,16,11,410.6394,-87.7438,-0.0727,21,0.5250,0.7143,7,8,6,0,0,8,6,0.2500
8,72.0000,16,27,116.1091,-80.2379,1.7768,39,0.9750,0.0000,4,4,0,0,0,4,0,1.0000
8,72.0000,17,9,605.3755,-89.1598,-0.0180,4,0.1000,1.0000,6,8,8,0,0,8,8,0.0000
8,72.0000,17,21,507.5226,-88.6871,0.2645,16,0.4000,1.0000,8,8,8,0,0,8,8,0.0000
8,72.0000,18,13,524.1880,-88.5781,-0.1744,10,0.2500,1.0000,8,8,7,0,0,8,7,0.1250
8,72.0000,18,19,469.2668,-88.4416,0.1467,18,0.4500,0.8571,7,5,1,0,0,5,1,0.8000
8,72.0000,19,6,595.9118,-88.3622,0.2032,3,0.0750,1.0000,8,8,8,0,0,8,8,0.0000
8,72.0000,19,8,497.3203,-89.1302,0.1939,8,0.2000,1.0000,8,6,3,0,0,6,3,0.5000
8,72.0000,19,13,659.4774,-89.0547,0.0135,5,0.1250,1.0000,6,8,8,0,0,8,8,0.0000
8,72.0000,19,14,683.5653,-89.0792,-0.3203,4,0.1000,0.9886,88,8,8,0,0,8,8,0.0000
8,72.0000,19,18,469.2668,-87.7723,0.1322,13,0.3250,0.8750,8,7,5,0,0,7,5,0.2857
8,72.0000,19,23,269.3147,-85.5897,0.6312,38,0.9500,0.2000,5,4,0,0,0,4,0,1.0000
8,72.0000,20,2,602.5036,-89.1172,-0.0330,4,0.0976,1.0000,8,6,4,0,0,6,4,0.3333
8,72.0000,20,3,405.2915,-87.8122,0.4389,19,0.4634,0.7143,7,6,4,0,0,6,4,0.3333
8,72.0000,20,7,677.4634,-89.3166,-0.0006,3,0.0732,1.0000,2,4,4,0,0,4,4,0.0000
8,72.0000,20,8,722.4703,-88.6690,-0.4075,6,0.1463,1.0000,8,4,4,0,0,4,4,0.0000
8,72.0000,20,15,522.2083,-89.1702,0.0496,13,0.3171,0.8571,7,8,7,0,0,8,7,0.1250
8,72.0000,20,27,615.3076,-89.0806,0.1200,4,0.0976,1.0000,8,8,8,0,0,8,8,0.0000
8,72.0000,21,9,373.8239,-87.6105,0.4494,26,0.6500,0.4000,5,3,0,0,0,3,0,1.0000
8,72.0000,21,14,406.6566,-86.0191,-0.4014,37,0.9250,0.4000,5,6,4,0,0,6,4,0.3333
8,72.0000,21,17,507.5226,-88.4566,0.3337,9,0.2250,0.8571,7,8,8,0,0,8,8,0.0000
8,72.0000,22,0,507.6739,-87.5731,-0.1047,14,0.3500,0.8571,7,8,8,0,0,8,8,0.0000
8,72.0000,22,10,401.4478,-87.2251,0.0849,28,0.7000,0.6667,6,8,5,0,0,8,5,0.3750
8,72.0000,22,24,628.5036,-88.7770,-0.3987,9,0.2250,0.8571,7,4,4,0,0,4,4,0.0000
8,72.0000,22,25,572.9258,-88.6958,0.2317,9,0.2250,0.8750,8,8,8,0,0,8,8,0.0000
8,72.0000,23,6,421.1659,-87.6701,-0.2349,28,0.7000,0.7143,7,7,4,0,0,7,4,0.4286
8,72.0000,23,8,402.8141,-87.9555,0.3763,22,0.5500,0.6667,6,6,2,0,0,6,2,0.6667
8,72.0000,23,15,467.0431,-87.6746,0.0427,13,0.3250,0.5000,6,6,3,0,0,6,3,0.5000
8,72.0000,23,19,269.3147,-85.6453,0.0677,38,0.9500,0.6667,6,4,0,0,0,4,0,1.0000
8,72.0000,24,2,400.8492,-87.2183,-0.3443,29,0.7250,0.1667,6,8,5,0,0,8,5,0.3750
8,72.0000,24,7,387.8288,-87.3858,0.5789,31,0.7750,0.5000,6,5,1,0,0,5,1,0.8000
8,72.0000,24,10,281.6194,-82.1183,-1.4933,40,1.0000,0.0000,4,6,3,0,0,6,3,0.5000
8,72.0000,24,22,628.5036,-88.8200,-0.0632,13,0.3250,0.8750,8,8,8,0,0,8,8,0.0000
8,72.0000,24,25,304.9427,-86.3447,0.0348,37,0.9250,0.3333,6,4,0,0,0,4,0,1.0000
8,72.0000,25,2,518.3014,-88.6875,0.3020,16,0.4000,1.0000,8,8,8,0,0,8,8,0.0000
8,72.0000,25,10,422.3838,-87.4883,-0.2933,29,0.7250,0.6667,6,8,5,0,0,8,5,0.3750
8,72.0000,25,22,572.9258,-88.6663,-0.3568,13,0.3250,1.0000,8,8,8,0,0,8,8,0.0000
8,72.0000,25,24,304.9427,-85.6368,-0.1424,32,0.8000,0.4286,7,4,0,0,0,4,0,1.0000
8,72.0000,26,5,52.1751,-67.5269,-0.4421,41,1.0000,0.0000,4,4,0,0,0,4,0,1.0000
8,72.0000,26,6,672.5448,-88.9446,-0.2685,4,0.0976,1.0000,8,6,6,0,0,6,6,0.0000
8,72.0000,27,3,517.7846,-87.4130,-0.6815,23,0.5750,0.7143,7,8,8,0,0,8,8,0.0000
8,72.0000,27,4,639.0454,-88.9098,-0.2419,11,0.2750,1.0000,8,8,8,0,0,8,8,0.0000
8,72.0000,27,11,322.1509,-86.7896,0.5883,30,0.7500,0.6667,6,5,2,0,0,5,2,0.6000
8,72.0000,27,16,116.1091,-80.7247,1.6154,40,1.0000,0.0000,4,4,0,0,0,4,0,1.0000
8,72.0000,27,20,615.3076,-87.6424,0.3938,3,0.0750,1.0000,8,8,8,0,0,8,8,0.0000
8,76.0000,0,1,490.2101,-87.9822,-0.0864,17,0.4250,0.7143,7,7,5,0,0,7,5,0.2857
8,76.0000,0,4,452.2279,-88.8797,-0.5248,9,0.2250,0.8750,8,6,2,0,0,6,2,0.6667
8,76.0000,0,22,575.8591,-88.6529,0.1623,5,0.1250,1.0000,8,7,6,0,0,7,6,0.1429
8,76.0000,1,0,490.2101,-88.3377,0.0894,18,0.4500,1.0000,8,8,8,0,0,8,8,0.0000
8,76.0000,1,4,213.5733,-82.1187,-0.2148,40,1.0000,0.0000,4,4,0,0,0,4,0,1.0000
8,76.0000,2,3,462.9936,-88.1001,1.3028,5,0.1250,1.0000,8,8,6,0,0,8,6,0.2500
8,76.0000,2,7,271.3882,-85.0148,-0.0498,39,0.9750,0.0000,4,4,0,0,0,4,0,1.0000
8,76.0000,2,10,523.7746,-88.6943,0.0266,8,0.2000,1.0000,8,8,8,0,0,8,8,0.0000
8,76.0000,2,20,544.3603,-88.8838,-0.0258,12,0.3000,0.8750,8,7,6,0,0,7,6,0.1429
8,76.0000,2,24,480.3516,-87.9480,-0.5268,25,0.6250,0.8571,7,8,8,0,0,8,8,0.0000
8,76.0000,2,25,540.5263,-88.5712,-0.6865,12,0.3000,0.8571,7,8,7,0,0,8,7,0.1250
8,76.0000,3,2,462.9936,-87.9789,0.4749,10,0.2500,1.0000,6,6,4,0,0,6,4,0.3333
8,76.0000,3,4,624.3555,-88.7125,-0.2108,13,0.3250,0.6667,6,6,6,0,0,6,6,0.0000
8,76.0000,3,11,614.8772,-89.1386,0.4068,3,0.0750,1.0000,6,8,7,0,0,8,7,0.1250
8,76.0000,3,16,656.2891,-88.6455,0.3586,7,0.1750,1.0000,6,6,6,0,0,6,6,0.0000
8,76.0000,3,20,309.4895,-86.0943,-0.0352,32,0.8000,0.3333,6,5,1,0,0,5,1,0.8000
8,76.0000,4,0,452.2279,-87.1920,0.3041,11,0.2750,0.8750,8,7,5,0,0,7,5,0.2857
8,76.0000,4,1,213.5733,-81.8621,0.2038,40,1.0000,0.0000,4,4,0,0,0,4,0,1.0000
8,76.0000,4,3,624.3555,-87.9027,-0.2604,11,0.2750,1.0000,8,4,4,0,0,4,4,0.0000
8,76.0000,5,26,99.1621,-71.4961,-1.1890,39,0.9750,0.0000,4,4,0,0,0,4,0,1.0000
8,76.0000,6,5,661.1619,-88.9504,0.3444,4,0.1000,1.0000,6,6,6,0,0,6,6,0.0000
8,76.0000,6,19,546.7833,-88.8898,-0.1829,9,0.2250,1.0000,8,8,7,0,0,8,7,0.1250
8,76.0000,6,23,462.7972,-87.5219,0.1057,22,0.5500,0.8750,8,8,7,0,0,8,7,0.1250
8,76.0000,7,2,271.3882,-84.4826,-0.3897,36,0.9231,0.0000,4,4,0,0,0,4,0,1.0000
8,76.0000,7,10,579.2820,-88.7068,-0.5973,9,0.2308,0.8750,8,8,8,0,0,8,8,0.0000
8,76.0000,7,24,393.5356,-87.0615,0.5190,22,0.5641,0.8571,7,7,5,0,0,7,5,0.2857
8,76.0000,7,25,600.1931,-89.0938,-0.0180,6,0.1538,1.0000,6,8,8,0,0,8,8,0.0000
8,76.0000,8,12,408.4724,-88.0618,0.3388,22,0.5500,0.6667,6,6,3,0,0,6,3,0.5000
8,76.0000,8,14,574.3611,-89.6086,-0.0226,4,0.1000,1.0000,8,8,8,0,0,8,8,0.0000
8,76.0000,8,15,385.6622,-86.7296,0.2521,32,0.8000,0.5000,6,7,5,0,0,7,5,0.2857
8,76.0000,8,19,431.5413,-87.9150,0.5932,25,0.6250,0.6667,6,8,8,0,0,8,8,0.0000
8,76.0000,8,23,368.2277,-86.9124,0.1662,25,0.6250,0.8571,7,7,4,0,0,7,4,0.4286
8,76.0000,9,14,645.7766,-88.5944,-0.4915,6,0.1500,1.0000,8,8,8,0,0,8,8,0.0000
8,76.0000,9,17,567.4863,-88.8627,-0.1674,10,0.2500,0.8571,7,8,7,0,0,8,7,0.1250
8,76.0000,9,21,267.6437,-86.4884,0.6756,35,0.8750,0.4000,5,4,0,0,0,4,0,1.0000
8,76.0000,10,2,523.7746,-88.7895,0.4158,12,0.3000,0.8571,7,8,8,0,0,8,8,0.0000
8,76.0000,10,7,579.2820,-88.5641,-0.2363,12,0.3000,1.0000,10,8,8,0,0,8,8,0.0000
8,76.0000,10,22,440.7679,-87.0611,-0.0831,27,0.6750,0.3333,6,7,3,0,0,7,3,0.5714
8,76.0000,10,24,443.7249,-86.1194,-0.5245,27,0.6750,0.5000,6,8,8,0,0,8,8,0.0000
8,76.0000,10,25,482.5530,-88.5304,-0.1589,24,0.6000,0.7500,8,7,6,0,0,7,6,0.1429
8,76.0000,11,3,614.8772,-88.6040,0.3662,6,0.1500,1.0000,8,8,8,0,0,8,8,0.0000
8,76.0000,11,16,377.6110,-86.9998,0.4267,25,0.6250,0.3333,6,5,3,0,0,5,3,0.4000
8,76.0000,11,27,319.5315,-84.5630,-0.0232,36,0.9000,0.2000,5,4,0,0,0,4,0,1.0000
8,76.0000,12,8,408.4724,-88.1520,0.1852,21,0.5250,0.6667,6,7,5,0,0,7,5,0.2857
8,76.0000,12,14,257.5885,-83.0661,-0.0594,39,0.9750,0.0000,4,4,0,0,0,4,0,1.0000
8,76.0000,12,19,620.4225,-88.6172,-0.3254,4,0.1000,1.0000,4,8,8,0,0,8,8,0.0000
8,76.0000,13,18,479.1023,-87.9088,-0.0225,21,0.5385,1.0000,8,8,8,0,0,8,8,0.0000
8,76.0000,14,8,574.3611,-89.0459,-0.3473,4,0.1000,1.0000,6,8,8,0,0,8,8,0.0000
8,76.0000,14,9,645.7766,-88.7448,0.4241,4,0.1000,1.0000,8,4,4,0,0,4,4,0.0000
8,76.0000,14,12,257.5885,-83.5321,0.0228,39,0.9750,0.1667,6,5,2,0,0,5,2,0.6000
8,76.0000,14,21,546.1921,-87.9870,-0.3897,19,0.4750,0.8750,8,8,8,0,0,8,8,0.0000
8,76.0000,15,3,627.5340,-89.4632,0.2433,4,0.1000,1.0000,6,8,7,0,0,8,7,0.1250
8,76.0000,15,8,385.6622,-87.0800,-0.3390,30,0.7500,0.4000,5,7,6,0,0,7,6,0.1429
8,76.0000,15,19,641.4252,-89.0659,-0.1020,3,0.0750,1.0000,6,6,6,0,0,6,6,0.0000
8,76.0000,15,20,562.6306,-88.7209,0.0278,7,0.1750,1.0000,8,8,8,0,0,8,8,0.0000
8,76.0000,15,23,460.1059,-87.5678,0.1683,23,0.5750,1.0000,8,6,4,0,0,6,4,0.3333
8,76.0000,16,3,656.2891,-88.5864,1.1473,3,0.0750,1.0000,8,8,8,0,0,8,8,0.0000
8,76.0000,16,11,377.6110,-87.2132,-0.1540,28,0.7000,0.7500,8,6,3,0,0,6,3,0.5000
8,76.0000,16,20,580.6660,-89.0956,-1.2909,3,0.0750,,0,10,10,0,0,10,10,0.0000
8,76.0000,16,27,121.5015,-74.8906,-0.1022,40,1.0000,0.0000,4,4,0,0,0,4,0,1.0000
8,76.0000,17,9,567.4863,-89.0339,-0.5758,6,0.1500,1.0000,8,7,6,0,0,7,6,0.1429
8,76.0000,17,21,516.1449,-88.5786,-0.2606,15,0.3750,1.0000,8,7,6,0,0,7,6,0.1429
8,76.0000,18,13,479.1023,-88.3084,-0.0599,17,0.4250,0.8750,8,8,8,0,0,8,8,0.0000
8,76.0000,18,19,442.4372,-88.4211,-0.2999,29,0.7250,0.2000,5,8,7,0,0,8,7,0.1250
8,76.0000,19,6,546.7833,-88.7704,-0.2818,9,0.2250,1.0000,8,8,8,0,0,8,8,0.0000
8,76.0000,19,8,431.5413,-88.1102,-0.0757,23,0.5750,0.5000,6,7,4,0,0,7,4,0.4286
8,76.0000,19,12,620.4225,-89.2010,-0.0618,3,0.0750,1.0000,8,8,8,0,0,8,8,0.0000
8,76.0000,19,15,641.4252,-88.7853,0.6118,4,0.1000,1.0000,8,8,8,0,0,8,8,0.0000
8,76.0000,19,18,442.4372,-87.9399,0.5055,20,0.5000,0.7143,7,7,5,0,0,7,5,0.2857
8,76.0000,19,23,204.3757,-82.5748,0.3893,40,1.0000,0.0000,4,4,0,0,0,4,0,1.0000
8,76.0000,20,2,544.3603,-88.9734,0.3696,7,0.1750,0.6667,6,8,7,0,0,8,7,0.1250
8,76.0000,20,3,309.4895,-86.6553,0.7315,32,0.8000,0.6667,6,4,0,0,0,4,0,1.0000
8,76.0000,20,15,562.6306,-88.3339,0.3325,8,0.2000,0.8750,8,7,6,0,0,7,6,0.1429
8,76.0000,21,9,267.6437,-85.0007,0.5925,31,0.7750,0.0000,3,4,0,0,0,4,0,1.0000
8,76.0000,21,12,648.1830,-89.0240,0.0366,4,0.1000,0.8333,6,4,4,0,0,4,4,0.0000
8,76.0000,21,14,546.1921,-88.3408,-0.2775,20,0.5000,0.6667,6,6,6,0,0,6,6,0.0000
8,76.0000,21,17,516.1449,-88.8567,-0.1613,12,0.3000,1.0000,8,7,5,0,0,7,5,0.2857
8,76.0000,22,0,575.8591,-88.4037,-0.5037,13,0.3250,1.0000,8,4,4,0,0,4,4,0.0000
8,76.0000,22,10,440.7679,-87.6859,-0.0644,21,0.5250,0.6250,8,8,7,0,0,8,7,0.1250
8,76.0000,22,25,673.9103,-89.3091,-0.3524,4,0.1000,1.0000,8,8,8,0,0,8,8,0.0000
8,76.0000,23,6,462.7972,-87.5206,0.2213,23,0.5750,0.5714,7,8,8,0,0,8,8,0.0000
8,76.0000,23,8,368.2277,-86.8287,0.3227,29,0.7250,0.3333,6,7,5,0,0,7,5,0.2857
8,76.0000,23,15,460.1059,-87.3722,-0.0609,19,0.4750,0.5000,6,8,7,0,0,8,7,0.1250
8,76.0000,23,19,204.3757,-82.7260,0.7220,38,0.9500,0.0000,4,4,0,0,0,4,0,1.0000
8,76.0000,24,2,480.3516,-88.1850,0.0598,18,0.4500,0.6250,8,8,8,0,0,8,8,0.0000
8,76.0000,24,7,393.5356,-87.5402,-0.3003,28,0.7000,0.2000,5,8,8,0,0,8,8,0.0000
8,76.0000,24,10,443.7249,-85.8700,-0.0517,30,0.7500,0.5000,6,7,6,0,0,7,6,0.1429
8,76.0000,24,25,313.1673,-85.5139,-0.2476,34,0.8500,0.0000,4,5,2,0,0,5,2,0.6000
8,76.0000,25,2,540.5263,-88.4875,-0.1350,13,0.3250,1.0000,8,8,8,0,0,8,8,0.0000
8,76.0000,25,7,600.1931,-88.5675,-0.8501,5,0.1250,1.0000,8,8,8,0,0,8,8,0.0000
8,76.0000,25,10,482.5530,-88.1299,-0.1638,24,0.6000,0.6250,8,8,8,0,0,8,8,0.0000
8,76.0000,25,22,673.9103,-89.3068,0.6541,4,0.1000,1.0000,8,8,8,0,0,8,8,0.0000
8,76.0000,25,24,313.1673,-85.7255,0.2945,37,0.9250,0.0000,4,5,1,0,0,5,1,0.8000
8,76.0000,26,5,99.1621,-71.7190,-1.4533,39,0.9750,0.0000,4,4,0,0,0,4,0,1.0000
8,76.0000,27,3,700.4202,-89.5110,0.0533,5,0.1220,1.0000,8,2,2,0,0,2,2,0.0000
8,76.0000,27,11,319.5315,-84.9293,-0.1539,32,0.7805,0.4000,5,6,2,0,0,6,2,0.6667
8,76.0000,27,16,121.5015,-75.1270,-0.2983,41,1.0000,0.0000,4,4,0,0,0,4,0,1.0000
8,76.0000,27,20,669.3326,-88.8168,0.0012,5,0.1220,1.0000,8,6,6,0,0,6,6,0.0000
8,80.0000,0,1,480.2575,-88.3479,0.1139,17,0.4250,0.7143,7,8,8,0,0,8,8,0.0000
8,80.0000,0,4,390.1463,-87.5784,0.4560,26,0.6500,0.3333,6,6,3,0,0,6,3,0.5000
8,80.0000,1,0,480.2575,-87.9655,-0.0577,19,0.4634,1.0000,8,6,3,0,0,6,3,0.5000
8,80.0000,1,4,266.0266,-83.4683,-1.1359,41,1.0000,0.0000,4,4,0,0,0,4,0,1.0000
8,80.0000,2,3,296.7883,-86.4706,0.6192,27,0.6585,0.7500,8,4,0,0,0,4,0,1.0000
8,80.0000,2,7,274.4051,-84.3300,0.5321,40,0.9756,0.0000,4,4,0,0,0,4,0,1.0000
8,80.0000,2,10,541.5709,-88.8741,0.0956,10,0.2439,1.0000,8,8,8,0,0,8,8,0.0000
8,80.0000,2,15,527.2117,-88.4083,0.3079,6,0.1463,1.0000,4,7,6,0,0,7,6,0.1429
8,80.0000,2,20,524.4251,-88.6911,-0.2488,13,0.3171,0.8571,7,7,5,0,0,7,5,0.2857
8,80.0000,2,24,592.5318,-88.3867,-0.2476,14,0.3415,1.0000,8,4,4,0,0,4,4,0.0000
8,80.0000,2,25,580.8540,-88.6436,-0.1226,10,0.2439,0.8750,8,8,7,0,0,8,7,0.1250
8,80.0000,3,2,296.7883,-86.5817,0.5644,26,0.6500,0.6667,6,4,0,0,0,4,0,1.0000
8,80.0000,3,7,515.7151,-89.3949,0.0099,9,0.2250,1.0000,6,6,3,0,0,6,3,0.5000
8,80.0000,3,10,661.5366,-88.8676,-0.1065,3,0.0750,1.0000,2,8,8,0,0,8,8,0.0000
8,80.0000,3,11,574.6021,-89.0326,0.2008,8,0.2000,0.8750,8,8,8,0,0,8,8,0.0000
8,80.0000,3,15,494.4127,-88.3993,-0.2266,4,0.1000,0.8750,8,5,2,0,0,5,2,0.6000
8,80.0000,3,16,686.7094,-88.9354,0.2431,5,0.1250,1.0000,6,8,8,0,0,8,8,0.0000
8,80.0000,3,20,327.6716,-86.4805,-0.1252,36,0.9000,0.2000,5,6,4,0,0,6,4,0.3333
8,80.0000,4,0,390.1463,-87.2291,-0.0459,26,0.6500,0.7143,7,5,1,0,0,5,1,0.8000
8,80.0000,4,1,266.0266,-83.3090,-0.1611,40,1.0000,0.0000,4,5,1,0,0,5,1,0.8000
8,80.0000,5,26,187.2951,-78.8988,-1.6692,40,1.0000,0.0000,4,4,0,0,0,4,0,1.0000
8,80.0000,6,5,697.1401,-89.3588,0.7461,5,0.1250,1.0000,6,4,4,0,0,4,4,0.0000
8,80.0000,6,19,513.3732,-88.1755,-0.4404,6,0.1500,0.8750,8,6,4,0,0,6,4,0.3333
8,80.0000,6,23,518.3007,-88.6363,-0.1460,11,0.2750,0.8750,8,8,8,0,0,8,8,0.0000
8,80.0000,7,2,274.4051,-85.1863,-0.3706,33,0.8250,0.0000,4,6,3,0,0,6,3,0.5000
8,80.0000,7,3,515.7151,-88.6753,0.2511,5,0.1250,0.8571,7,7,4,0,0,7,4,0.4286
8,80.0000,7,10,607.9084,-88.7199,-0.6283,8,0.2000,1.0000,8,8,8,0,0,8,8,0.0000
8,80.0000,7,15,513.8481,-88.9499,0.1897,7,0.1750,1.0000,6,6,4,0,0,6,4,0.3333
8,80.0000,7,24,459.4997,-87.8619,0.1715,22,0.5500,0.7143,7,7,6,0,0,7,6,0.1429
8,80.0000,7,25,604.4878,-88.6292,-0.6080,6,0.1500,1.0000,8,8,8,0,0,8,8,0.0000
8,80.0000,8,12,388.8675,-86.9710,0.2316,31,0.7561,0.5000,6,6,4,0,0,6,4,0.3333
8,80.0000,8,14,537.9270,-88.6433,0.4087,13,0.3171,1.0000,8,5,4,0,0,5,4,0.2000
8,80.0000,8,15,478.5052,-87.3331,-0.0345,21,0.5122,0.7143,7,7,5,0,0,7,5,0.2857
8,80.0000,8,19,457.0050,-87.8601,0.0905,22,0.5366,1.0000,8,8,7,0,0,8,7,0.1250
8,80.0000,8,23,384.9935,-86.7018,-0.2884,25,0.6098,0.5714,7,6,4,0,0,6,4,0.3333
8,80.0000,9,17,524.3590,-89.0608,0.3231,12,0.3000,0.8750,8,8,8,0,0,8,8,0.0000
8,80.0000,9,21,201.8163,-83.3572,1.0189,38,0.9500,0.0000,4,4,0,0,0,4,0,1.0000
8,80.0000,10,2,541.5709,-88.0079,0.5155,6,0.1500,1.0000,8,8,8,0,0,8,8,0.0000
8,80.0000,10,7,607.9084,-88.9908,0.2509,5,0.1250,1.0000,8,8,8,0,0,8,8,0.0000
8,80.0000,10,22,385.2682,-87.5055,0.0348,21,0.5250,0.4286,7,3,0,0,0,3,0,1.0000
8,80.0000,10,24,612.7551,-87.7289,-0.4030,10,0.2500,1.0000,8,8,8,0,0,8,8,0.0000
8,80.0000,10,25,563.3161,-88.1280,-0.1543,14,0.3500,0.8571,7,8,8,0,0,8,8,0.0000
8,80.0000,11,3,574.6021,-88.7835,0.1023,9,0.2195,1.0000,8,7,5,0,0,7,5,0.2857
8,80.0000,11,16,355.8769,-86.6223,-0.0918,30,0.7317,0.6000,5,5,1,0,0,5,1,0.8000
8,80.0000,11,20,567.8362,-88.6603,0.1907,4,0.0976,1.0000,4,8,6,0,0,8,6,0.2500
8,80.0000,11,27,384.0603,-87.0137,-0.2530,30,0.7317,0.0000,4,6,3,0,0,6,3,0.5000
8,80.0000,12,8,388.8675,-87.0033,0.1359,27,0.6923,0.7143,7,8,6,0,0,8,6,0.2500
8,80.0000,12,14,389.1555,-85.8176,-0.9086,31,0.7949,0.0000,4,8,8,0,0,8,8,0.0000
8,80.0000,12,18,572.0343,-89.1112,0.1473,6,0.1538,1.0000,8,8,8,0,0,8,8,0.0000
8,80.0000,13,18,512.9627,-88.2181,-0.0710,21,0.5250,1.0000,8,8,8,0,0,8,8,0.0000
8,80.0000,14,8,537.9270,-88.3832,0.2767,12,0.3000,1.0000,8,8,7,0,0,8,7,0.1250
8,80.0000,14,12,389.1555,-85.4012,-0.9374,36,0.9000,0.4000,5,7,5,0,0,7,5,0.2857
8,80.0000,14,21,688.9113,-88.5423,-0.1657,7,0.1750,1.0000,8,2,2,0,0,2,2,0.0000
8,80.0000,15,2,527.2117,-89.2825,0.1427,6,0.1500,1.0000,8,6,6,0,0,6,6,0.0000
8,80.0000,15,3,494.4127,-88.8943,-0.1567,9,0.2250,0.8750,8,7,5,0,0,7,5,0.2857
8,80.0000,15,8,478.5052,-87.4359,-0.2403,23,0.5750,0.8571,7,8,8,0,0,8,8,0.0000
8,80.0000,15,19,660.3048,-88.9630,-0.0788,6,0.1500,1.0000,6,8,8,0,0,8,8,0.0000
8,80.0000,15,20,623.2111,-88.9644,-0.3138,8,0.2000,1.0000,8,8,8,0,0,8,8,0.0000
8,80.0000,15,23,472.0288,-88.1854,0.3943,16,0.4000,0.6667,6,7,5,0,0,7,5,0.2857
8,80.0000,16,3,686.7094,-89.3990,0.0024,3,0.0750,1.0000,8,8,8,0,0,8,8,0.0000
8,80.0000,16,11,355.8769,-87.2493,0.0965,29,0.7250,0.5000,6,6,4,0,0,6,4,0.3333
8,80.0000,16,20,489.4223,-88.1558,0.0277,13,0.3250,1.0000,10,7,5,0,0,7,5,0.2857
8,80.0000,16,27,205.9253,-80.2025,-1.6667,40,1.0000,0.0000,4,4,0,0,0,4,0,1.0000
8,80.0000,17,9,524.3590,-88.7368,0.1283,12,0.3000,0.8571,7,6,4,0,0,6,4,0.3333
8,80.0000,17,21,558.0213,-88.6156,-0.1359,13,0.3250,0.8571,7,8,8,0,0,8,8,0.0000
8,80.0000,18,12,572.0343,-88.8807,0.1897,7,0.1750,1.0000,6,7,6,0,0,7,6,0.1429
8,80.0000,18,13,512.9627,-87.9243,-0.4804,14,0.3500,1.0000,8,8,8,0,0,8,8,0.0000
8,80.0000,18,19,425.9305,-87.5943,-0.0914,26,0.6500,0.8750,8,8,7,0,0,8,7,0.1250
8,80.0000,18,23,591.5281,-89.0009,-0.3698,8,0.2000,1.0000,4,8,8,0,0,8,8,0.0000
8,80.0000,19,6,513.3732,-88.4001,0.3288,14,0.3500,1.0000,8,7,5,0,0,7,5,0.2857
8,80.0000,19,8,457.0050,-87.3665,0.0355,19,0.4750,0.5714,7,7,6,0,0,7,6,0.1429
8,80.0000,19,15,660.3048,-89.3734,0.2544,3,0.0750,1.0000,8,6,6,0,0,6,6,0.0000
8,80.0000,19,18,425.9305,-87.4606,-0.2023,24,0.6000,0.7143,7,5,2,0,0,5,2,0.6000
8,80.0000,19,23,195.3155,-81.2483,-0.1461,39,0.9750,0.0000,4,4,0,0,0,4,0,1.0000
8,80.0000,20,2,524.4251,-89.1842,0.2245,9,0.2250,0.8750,8,8,8,0,0,8,8,0.0000
8,80.0000,20,3,327.6716,-85.2147,0.3355,31,0.7750,0.0000,4,6,2,0,0,6,2,0.6667
8,80.0000,20,7,649.9484,-89.1484,-0.4336,5,0.1250,1.0000,6,8,8,0,0,8,8,0.0000
8,80.0000,20,10,653.3004,-88.2168,-0.4074,3,0.0750,1.0000,4,6,6,0,0,6,6,0.0000
8,80.0000,20,11,567.8362,-89.1600,0.8324,4,0.1000,0.8750,8,8,8,0,0,8,8,0.0000
8,80.0000,20,15,623.2111,-89.1589,-0.1400,7,0.1750,0.8571,7,4,4,0,0,4,4,0.0000
8,80.0000,20,16,489.4223,-88.4432,0.2240,10,0.2500,0.8750,8,5,2,0,0,5,2,0.6000
8,80.0000,20,27,674.3310,-88.8723,-0.1349,4,0.1000,1.0000,2,4,4,0,0,4,4,0.0000
8,80.0000,21,9,201.8163,-83.3094,0.4653,40,1.0000,0.0000,4,4,0,0,0,4,0,1.0000
8,80.0000,21,17,558.0213,-88.6783,0.2760,10,0.2500,0.7143,7,8,8,0,0,8,8,0.0000
8,80.0000,22,0,634.8960,-88.9684,0.3058,7,0.1795,1.0000,4,8,8,0,0,8,8,0.0000
8,80.0000,22,10,385.2682,-87.6902,0.0697,23,0.5897,0.8750,8,5,2,0,0,5,2,0.6000
8,80.0000,22,25,688.6432,-88.8658,-0.2786,4,0.1026,1.0000,8,8,8,0,0,8,8,0.0000
8,80.0000,23,6,518.3007,-88.3750,-0.3059,16,0.4000,1.0000,8,8,6,0,0,8,6,0.2500
8,80.0000,23,8,384.9935,-86.5349,-0.3513,32,0.8000,0.7143,7,6,4,0,0,6,4,0.3333
8,80.0000,23,15,472.0288,-87.4865,-0.3015,16,0.4000,0.8750,8,8,8,0,0,8,8,0.0000
8,80.0000,23,18,591.5281,-89.3508,0.1298,3,0.0750,1.0000,8,8,8,0,0,8,8,0.0000
8,80.0000,23,19,195.3155,-81.6533,0.2697,40,1.0000,0.0000,4,4,0,0,0,4,0,1.0000
8,80.0000,24,2,592.5318,-88.4754,-0.3042,14,0.3500,1.0000,8,8,8,0,0,8,8,0.0000
8,80.0000,24,7,459.4997,-87.6065,-0.0454,23,0.5750,1.0000,8,8,8,0,0,8,8,0.0000
8,80.0000,24,10,612.7551,-88.9632,-0.2503,10,0.2500,0.8571,7,8,8,0,0,8,8,0.0000
8,80.0000,24,25,334.4172,-85.7279,0.0835,36,0.9000,0.4000,5,7,4,0,0,7,4,0.4286
8,80.0000,25,2,580.8540,-88.3295,0.1555,8,0.2000,1.0000,8,8,8,0,0,8,8,0.0000
8,80.0000,25,7,604.4878,-88.5361,0.5137,3,0.0750,1.0000,8,8,8,0,0,8,8,0.0000
8,80.0000,25,10,563.3161,-88.0895,-0.4217,10,0.2500,1.0000,8,8,8,0,0,8,8,0.0000
8,80.0000,25,22,688.6432,-88.7865,-0.2324,5,0.1250,1.0000,8,8,8,0,0,8,8,0.0000
8,80.0000,25,24,334.4172,-85.8011,0.3348,33,0.8250,0.2000,5,6,3,0,0,6,3,0.5000
8,80.0000,26,5,187.2951,-78.7003,-1.9120,40,1.0000,0.0000,4,4,0,0,0,4,0,1.0000
8,80.0000,27,11,384.0603,-86.7564,-0.2678,31,0.7750,0.3333,6,7,4,0,0,7,4,0.4286
8,80.0000,27,16,205.9253,-80.7632,-0.6597,40,1.0000,0.0000,4,4,0,0,0,4,0,1.0000
8,84.0000,0,1,481.6797,-87.9201,0.0531,23,0.5750,1.0000,8,5,1,0,0,5,1,0.8000
8,84.0000,0,4,344.3281,-86.4894,0.4525,29,0.7250,0.5000,6,5,2,0,0,5,2,0.6000
8,84.0000,1,0,481.6797,-88.2729,0.3856,12,0.3000,0.5000,6,7,5,0,0,7,5,0.2857
8,84.0000,1,4,351.9630,-85.6836,-0.9366,37,0.9250,0.0000,4,5,1,0,0,5,1,0.8000
8,84.0000,2,3,149.9284,-82.9955,1.7727,39,0.9750,0.0000,4,4,0,0,0,4,0,1.0000
8,84.0000,2,7,263.2756,-84.4287,-0.0494,39,0.9750,0.0000,4,4,0,0,0,4,0,1.0000
8,84.0000,2,10,563.7001,-88.8194,-0.0034,11,0.2750,1.0000,8,8,8,0,0,8,8,0.0000
8,84.0000,2,15,399.4449,-88.1611,0.2061,20,0.5000,0.8571,7,8,4,0,0,8,4,0.5000
8,84.0000,2,20,514.1073,-88.6897,0.5763,11,0.2750,0.7143,7,7,6,0,0,7,6,0.1429
8,84.0000,2,25,627.6510,-89.1784,0.2411,4,0.1000,0.8750,8,4,4,0,0,4,4,0.0000
8,84.0000,3,2,149.9284,-82.2266,1.5569,39,0.9750,0.0000,4,4,0,0,0,4,0,1.0000
8,84.0000,3,7,362.5944,-87.2229,0.6803,22,0.5500,0.5000,6,4,0,0,0,4,0,1.0000
8,84.0000,3,10,638.2796,-89.0490,0.3850,3,0.0750,1.0000,8,8,7,0,0,8,7,0.1250
8,84.0000,3,11,535.5089,-88.7646,-0.2324,4,0.1000,1.0000,8,8,8,0,0,8,8,0.0000
8,84.0000,3,15,366.0717,-87.7991,0.0531,23,0.5750,0.4000,5,4,0,0,0,4,0,1.0000
8,84.0000,3,16,702.5870,-89.5167,-0.1447,3,0.0750,1.0000,8,4,4,0,0,4,4,0.0000
8,84.0000,3,20,446.7406,-86.7028,-0.2221,26,0.6500,0.6667,6,7,6,0,0,7,6,0.1429
8,84.0000,4,0,344.3281,-86.4571,-0.1179,26,0.6500,0.2000,5,5,1,0,0,5,1,0.8000
8,84.0000,4,1,351.9630,-85.2759,-0.2075,35,0.8750,0.2000,5,7,3,0,0,7,3,0.5714
8,84.0000,5,26,266.7119,-83.0596,-0.6449,40,1.0000,0.0000,4,4,0,0,0,4,0,1.0000
8,84.0000,6,19,466.9396,-88.2442,-0.3114,19,0.4750,0.6667,6,8,7,0,0,8,7,0.1250
8,84.0000,6,23,565.3929,-88.9260,0.5964,9,0.2250,1.0000,8,8,8,0,0,8,8,0.0000
8,84.0000,7,2,263.2756,-84.5798,0.6257,39,0.9750,0.5000,6,4,0,0,0,4,0,1.0000
8,84.0000,7,3,362.5944,-87.1553,0.7374,23,0.5750,0.5714,7,5,2,0,0,5,2,0.6000
8,84.0000,7,10,609.3286,-88.8265,0.1089,6,0.1500,1.0000,8,8,8,0,0,8,8,0.0000
8,84.0000,7,15,364.0240,-87.2908,0.4091,19,0.4750,0.6667,6,4,0,0,0,4,0,1.0000
8,84.0000,7,20,641.1602,-88.9239,0.1118,3,0.0750,1.0000,8,8,8,0,0,8,8,0.0000
8,84.0000,7,24,558.1654,-88.4692,-0.6738,10,0.2500,0.8571,7,8,8,0,0,8,8,0.0000
8,84.0000,7,25,608.4149,-88.2029,0.1453,3,0.0750,1.0000,8,8,8,0,0,8,8,0.0000
8,84.0000,8,12,379.8359,-86.1330,-0.3772,21,0.5385,0.6667,6,7,5,27,14,34,19,0.4412
8,84.0000,8,14,553.6069,-88.7275,0.4068,13,0.3333,0.8000,5,8,8,0,0,8,8,0.0000
8,84.0000,8,15,581.4839,-87.7386,-0.3337,9,0.2308,0.7143,7,8,8,0,0,8,8,0.0000
8,84.0000,8,18,457.5869,-88.3125,0.7462,12,0.3077,0.8750,8,6,3,0,0,6,3,0.5000
8,84.0000,8,19,580.8018,-88.4702,-0.0391,16,0.4103,0.8750,8,8,8,0,0,8,8,0.0000
8,84.0000,8,23,440.5651,-87.1845,-0.6988,27,0.6923,0.6667,6,9,8,0,0,9,8,0.1111
8,84.0000,9,17,489.5871,-88.4596,-0.0470,16,0.4000,1.0000,8,6,4,0,0,6,4,0.3333
8,84.0000,9,21,233.7557,-82.1022,-0.3470,40,1.0000,0.0000,4,5,1,0,0,5,1,0.8000
8,84.0000,10,2,563.7001,-88.7445,-0.3575,13,0.3250,1.0000,8,8,8,0,0,8,8,0.0000
8,84.0000,10,3,638.2796,-89.0146,0.4887,6,0.1500,1.0000,6,6,6,0,0,6,6,0.0000
8,84.0000,10,7,609.3286,-88.1797,0.3891,6,0.1500,1.0000,8,8,8,0,0,8,8,0.0000
8,84.0000,10,20,530.1848,-89.4233,-0.2684,6,0.1500,1.0000,8,8,7,0,0,8,7,0.1250
8,84.0000,10,22,353.2654,-86.9749,0.4339,34,0.8500,0.0000,3,5,1,0,0,5,1,0.8000
8,84.0000,10,25,637.6626,-88.9578,-0.1470,8,0.2000,1.0000,8,4,4,0,0,4,4,0.0000
8,84.0000,11,3,535.5089,-89.1638,0.0617,6,0.1538,0.7143,7,8,8,0,0,8,8,0.0000
8,84.0000,11,16,358.0461,-86.5167,-0.2449,30,0.7692,0.2000,5,7,5,0,0,7,5,0.2857
8,84.0000,11,20,534.7230,-88.6830,0.0741,13,0.3333,0.7500,8,8,7,0,0,8,7,0.1250
8,84.0000,11,27,394.9244,-87.1076,0.2862,29,0.7436,0.5000,6,6,3,0,0,6,3,0.5000
8,84.0000,12,8,379.8359,-86.9706,0.1356,29,0.7250,0.7500,8,5,2,0,0,5,2,0.6000
8,84.0000,12,14,571.9902,-88.4604,0.1098,20,0.5000,1.0000,8,6,6,0,0,6,6,0.0000
8,84.0000,12,18,504.9377,-88.8563,-0.0526,12,0.3000,1.0000,8,6,4,0,0,6,4,0.3333
8,84.0000,12,21,694.9261,-88.8733,0.4496,5,0.1250,1.0000,2,4,4,6,6,10,10,0.0000
8,84.0000,13,18,598.6605,-88.7463,-0.6014,9,0.2250,1.0000,8,4,4,0,0,4,4,0.0000
8,84.0000,14,8,553.6069,-88.1289,0.2798,13,0.3250,0.8750,8,7,6,0,0,7,6,0.1429
8,84.0000,14,12,571.9902,-88.0874,-0.2040,21,0.5250,0.7143,7,4,4,0,0,4,4,0.0000
8,84.0000,15,2,399.4449,-87.7721,0.1740,17,0.4250,1.0000,6,5,2,0,0,5,2,0.6000
8,84.0000,15,3,366.0717,-87.2217,0.7383,22,0.5500,0.7143,7,5,2,0,0,5,2,0.6000
8,84.0000,15,7,364.0240,-87.7691,0.0545,24,0.6000,0.7143,7,5,1,0,0,5,1,0.8000
8,84.0000,15,8,581.4839,-88.4322,-0.2720,13,0.3250,1.0000,8,8,8,0,0,8,8,0.0000
8,84.0000,15,23,492.8966,-88.2901,-0.2605,16,0.4000,0.7143,7,7,6,0,0,7,6,0.1429
8,84.0000,16,11,358.0461,-86.2607,-0.0579,32,0.8000,0.6667,6,5,2,0,0,5,2,0.6000
8,84.0000,16,20,470.3477,-87.9520,0.5293,18,0.4500,0.7143,7,8,6,0,0,8,6,0.2500
8,84.0000,16,27,195.4888,-81.6331,-0.3125,40,1.0000,0.0000,4,4,0,0,0,4,0,1.0000
8,84.0000,17,9,489.5871,-88.5579,-0.1795,11,0.2750,0.6667,6,6,4,0,0,6,4,0.3333
8,84.0000,17,21,661.3115,-88.4378,0.0355,5,0.1250,1.0000,8,6,6,0,0,6,6,0.0000
8,84.0000,18,8,457.5869,-88.6842,0.1649,10,0.2500,0.8571,7,8,6,0,0,8,6,0.2500
8,84.0000,18,12,504.9377,-88.4742,0.5156,10,0.2500,0.8571,7,7,6,0,0,7,6,0.1429
8,84.0000,18,13,598.6605,-88.2013,-0.3418,9,0.2250,1.0000,8,8,8,0,0,8,8,0.0000
8,84.0000,18,19,418.2173,-86.9984,-0.7323,22,0.5500,0.8750,8,7,5,0,0,7,5,0.2857
8,84.0000,18,23,524.0171,-88.6440,0.2310,8,0.2000,1.0000,8,8,8,0,0,8,8,0.0000
8,84.0000,19,6,466.9396,-88.5970,0.1367,11,0.2750,0.7143,7,6,3,0,0,6,3,0.5000
8,84.0000,19,8,580.8018,-88.5632,-0.4639,14,0.3500,0.8571,7,8,8,0,0,8,8,0.0000
8,84.0000,19,18,418.2173,-87.4805,0.3979,26,0.6500,0.4000,5,7,3,0,0,7,3,0.5714
8,84.0000,19,23,268.8198,-82.6478,-0.6405,40,1.0000,0.0000,4,6,2,47,11,53,13,0.7547
8,84.0000,20,2,514.1073,-88.6063,-0.1780,17,0.4250,1.0000,8,8,8,0,0,8,8,0.0000
8,84.0000,20,3,446.7406,-86.6249,-0.1806,26,0.6500,0.3333,6,7,6,0,0,7,6,0.1429
8,84.0000,20,7,641.1602,-88.7465,-0.3251,5,0.1250,1.0000,8,8,8,0,0,8,8,0.0000
8,84.0000,20,10,530.1848,-88.6276,-0.2414,5,0.1250,1.0000,6,8,6,0,0,8,6,0.2500
8,84.0000,20,11,534.7230,-88.6674,-0.1994,8,0.2000,1.0000,8,8,7,0,0,8,7,0.1250
8,84.0000,20,16,470.3477,-88.4203,0.1424,20,0.5000,0.4000,5,8,7,0,0,8,7,0.1250
8,84.0000,20,27,627.7967,-89.6654,0.1151,5,0.1250,1.0000,4,8,8,0,0,8,8,0.0000
8,84.0000,21,9,233.7557,-81.8417,-0.3118,40,1.0000,0.0000,4,4,0,0,0,4,0,1.0000
8,84.0000,21,17,661.3115,-88.8595,-0.7512,6,0.1500,1.0000,8,6,6,0,0,6,6,0.0000
8,84.0000,22,10,353.2654,-86.5783,0.3016,33,0.8250,0.4000,5,6,2,0,0,6,2,0.6667
8,84.0000,23,6,565.3929,-88.8102,-0.1097,12,0.3000,0.7500,8,8,8,0,0,8,8,0.0000
8,84.0000,23,8,440.5651,-87.3759,-0.4207,27,0.6750,0.6667,6,8,8,72,67,80,75,0.0625
8,84.0000,23,15,492.8966,-88.4541,0.1646,21,0.5250,1.0000,8,7,6,0,0,7,6,0.1429
8,84.0000,23,18,524.0171,-88.9318,0.1236,5,0.1250,1.0000,8,7,5,0,0,7,5,0.2857
8,84.0000,23,19,268.8198,-83.3758,-0.9785,39,0.9750,0.0000,4,5,1,0,0,5,1,0.8000
8,84.0000,24,7,558.1654,-89.1504,0.2488,15,0.3750,1.0000,8,8,8,0,0,8,8,0.0000
8,84.0000,24,25,365.2176,-86.6536,0.0323,34,0.8500,0.5714,7,5,1,0,0,5,1,0.8000
8,84.0000,25,2,627.6510,-88.6262,-0.2644,7,0.1750,1.0000,8,4,4,0,0,4,4,0.0000
8,84.0000,25,7,608.4149,-88.7767,-0.3413,7,0.1750,1.0000,8,8,8,0,0,8,8,0.0000
8,84.0000,25,10,637.6626,-89.0417,-0.4675,5,0.1250,1.0000,8,6,6,0,0,6,6,0.0000
8,84.0000,25,22,697.3127,-88.9839,-0.2195,3,0.0750,1.0000,8,2,2,0,0,2,2,0.0000
8,84.0000,25,24,365.2176,-85.9978,-0.3186,28,0.7000,0.5000,6,6,3,0,0,6,3,0.5000
8,84.0000,26,5,266.7119,-82.9577,-0.4778,39,0.9750,0.0000,4,5,1,0,0,5,1,0.8000
8,84.0000,27,11,394.9244,-87.9452,0.0532,30,0.7500,0.5714,7,7,5,0,0,7,5,0.2857
8,84.0000,27,16,195.4888,-81.9815,0.6048,39,0.9750,0.0000,4,4,0,0,0,4,0,1.0000
8,88.0000,0,1,413.0723,-88.5727,0.0330,18,0.4500,0.2000,5,5,2,0,0,5,2,0.6000
8,88.0000,0,4,331.9786,-86.3245,0.2778,30,0.7500,0.4000,5,5,2,0,0,5,2,0.6000
8,88.0000,0,20,733.7047,-89.3403,-0.8077,3,0.0750,1.0000,4,6,6,0,0,6,6,0.0000
8,88.0000,1,0,413.0723,-88.0501,0.5155,25,0.6250,0.7143,7,8,6,0,0,8,6,0.2500
8,88.0000,1,4,352.9420,-87.0340,0.6507,31,0.7750,0.2000,5,6,3,0,0,6,3,0.5000
8,88.0000,2,3,104.2249,-75.3666,0.8538,39,0.9750,0.0000,4,4,0,0,0,4,0,1.0000
8,88.0000,2,7,249.4970,-84.1957,0.2906,40,1.0000,0.0000,4,4,0,0,0,4,0,1.0000
8,88.0000,2,10,565.1222,-89.2370,0.0160,12,0.3000,1.0000,8,8,7,0,0,8,7,0.1250
8,88.0000,2,11,516.3326,-87.7295,2.0973,5,0.1250,1.0000,8,7,5,0,0,7,5,0.2857
8,88.0000,2,15,326.1902,-86.8316,0.0798,26,0.6500,0.5000,8,6,2,0,0,6,2,0.6667
8,88.0000,2,20,551.4516,-88.4551,-0.2331,11,0.2750,0.8571,7,8,8,0,0,8,8,0.0000
8,88.0000,3,2,104.2249,-76.4377,1.3228,40,1.0000,0.0000,4,4,0,0,0,4,0,1.0000
8,88.0000,3,7,238.2601,-84.8774,0.7338,37,0.9250,0.0000,4,4,0,0,0,4,0,1.0000
8,88.0000,3,11,515.7702,-88.8643,0.0038,12,0.3000,1.0000,8,5,2,0,0,5,2,0.6000
8,88.0000,3,15,232.9248,-85.2400,1.0091,39,0.9750,0.0000,4,4,0,0,0,4,0,1.0000
8,88.0000,3,20,623.5266,-88.6952,-0.0785,14,0.3500,0.8571,7,6,6,0,0,6,6,0.0000
8,88.0000,4,0,331.9786,-86.6171,-0.1931,36,0.9000,0.2000,5,5,2,0,0,5,2,0.6000
8,88.0000,4,1,352.9420,-86.5213,0.5451,29,0.7250,0.4286,7,4,0,0,0,4,0,1.0000
8,88.0000,5,13,628.4007,-89.0681,-0.1809,4,0.1000,1.0000,8,8,8,0,0,8,8,0.0000
8,88.0000,5,26,329.8885,-85.4057,-0.5295,38,0.9500,0.0000,4,4,0,0,0,4,0,1.0000
8,88.0000,6,19,427.5463,-87.9461,-0.1512,17,0.4250,0.8750,8,7,5,0,0,7,5,0.2857
8,88.0000,6,23,590.2272,-88.6857,-0.0683,7,0.1750,1.0000,8,8,8,0,0,8,8,0.0000
8,88.0000,7,2,249.4970,-84.2165,-0.0509,38,0.9500,0.0000,4,4,0,0,0,4,0,1.0000
8,88.0000,7,3,238.2601,-85.6174,0.8240,37,0.9250,0.4000,5,4,0,0,0,4,0,1.0000
8,88.0000,7,10,579.9019,-89.2935,0.1248,8,0.2000,1.0000,8,8,8,0,0,8,8,0.0000
8,88.0000,7,15,251.6559,-84.6744,0.9110,36,0.9000,0.0000,4,5,1,0,0,5,1,0.8000
8,88.0000,7,20,655.6026,-88.9592,0.2375,4,0.1000,1.0000,8,2,2,0,0,2,2,0.0000
8,88.0000,7,24,671.0855,-88.7166,0.6777,5,0.1250,1.0000,8,2,2,0,0,2,2,0.0000
8,88.0000,7,25,615.3660,-88.9934,0.0026,6,0.1500,1.0000,8,8,8,0,0,8,8,0.0000
8,88.0000,8,12,370.8989,-86.4825,0.0160,28,0.6829,0.5588,34,4,0,0,0,4,0,1.0000
8,88.0000,8,14,626.1949,-89.0101,-0.1887,7,0.1707,1.0000,8,8,8,0,0,8,8,0.0000
8,88.0000,8,18,378.6320,-87.4016,0.6405,27,0.6585,0.5000,6,6,4,0,0,6,4,0.3333
8,88.0000,8,19,736.0527,-88.9189,-0.3260,3,0.0732,1.0000,8,4,4,0,0,4,4,0.0000
8,88.0000,8,23,542.3512,-87.8241,-0.1200,14,0.3415,0.8889,9,7,6,0,0,7,6,0.1429
8,88.0000,9,12,598.8192,-88.6968,1.3707,6,0.1500,1.0000,8,6,6,0,0,6,6,0.0000
8,88.0000,9,17,471.7875,-87.9229,-0.0354,18,0.4500,0.6667,6,8,6,0,0,8,6,0.2500
8,88.0000,9,21,289.2121,-84.9847,-0.1306,40,1.0000,0.2000,5,4,0,0,0,4,0,1.0000
8,88.0000,10,2,565.1222,-88.8761,0.4516,5,0.1250,1.0000,8,8,8,0,0,8,8,0.0000
8,88.0000,10,7,579.9019,-88.8666,-0.1259,6,0.1500,1.0000,8,8,8,0,0,8,8,0.0000
8,88.0000,10,20,418.5862,-87.4449,1.0162,17,0.4250,0.8750,8,5,1,0,0,5,1,0.8000
8,88.0000,10,22,346.4249,-86.7050,-0.1116,32,0.8000,0.2000,5,4,0,0,0,4,0,1.0000
8,88.0000,11,2,516.3326,-89.1526,0.4856,7,0.1707,0.5000,6,7,6,0,0,7,6,0.1429
8,88.0000,11,3,515.7702,-88.8669,0.0416,10,0.2439,1.0000,8,8,7,0,0,8,7,0.1250
8,88.0000,11,16,369.0105,-86.9246,-0.1030,30,0.7317,0.7143,7,7,6,0,0,7,6,0.1429
8,88.0000,11,20,562.7295,-89.2857,0.0067,8,0.1951,0.8750,8,8,8,0,0,8,8,0.0000
8,88.0000,11,27,408.3801,-87.4973,0.1419,28,0.6829,0.5000,6,5,1,0,0,5,1,0.8000
8,88.0000,12,8,370.8989,-86.6790,0.3891,25,0.6250,0.4000,5,6,2,0,0,6,2,0.6667
8,88.0000,12,9,598.8192,-89.7719,0.1884,5,0.1250,1.0000,8,8,8,0,0,8,8,0.0000
8,88.0000,12,17,607.8324,-89.2691,-0.1692,6,0.1500,1.0000,4,8,8,0,0,8,8,0.0000
8,88.0000,12,18,533.1242,-88.1090,-0.2785,13,0.3250,0.6667,6,7,6,0,0,7,6,0.1429
8,88.0000,13,5,628.4007,-89.3255,0.1937,3,0.0750,1.0000,8,8,8,0,0,8,8,0.0000
8,88.0000,13,18,647.2829,-89.0297,-0.3353,3,0.0750,1.0000,4,6,6,0,0,6,6,0.0000
8,88.0000,14,8,626.1949,-88.6016,-1.2074,7,0.1750,0.8571,7,8,8,0,0,8,8,0.0000
8,88.0000,15,2,326.1902,-86.2573,0.2092,28,0.7000,0.4000,5,4,0,0,0,4,0,1.0000
8,88.0000,15,3,232.9248,-84.7124,1.1476,35,0.8750,0.4000,5,4,0,0,0,4,0,1.0000
8,88.0000,15,7,251.6559,-85.3753,0.6198,36,0.9000,0.2000,5,4,0,0,0,4,0,1.0000
8,88.0000,15,11,664.6351,-89.5124,0.1034,4,0.1000,1.0000,6,4,4,0,0,4,4,0.0000
8,88.0000,15,23,534.0985,-88.2240,-0.3980,11,0.2750,0.8571,7,8,8,0,0,8,8,0.0000
8,88.0000,16,11,369.0105,-86.6661,-0.1290,29,0.7250,0.4000,5,4,0,0,0,4,0,1.0000
8,88.0000,16,20,498.9403,-88.3788,0.1523,16,0.4000,0.7500,8,6,5,0,0,6,5,0.1667
8,88.0000,16,27,175.3042,-80.7743,0.2612,39,0.9750,0.0000,4,4,0,0,0,4,0,1.0000
8,88.0000,17,9,471.7875,-88.1729,-0.5780,15,0.3750,0.6667,6,8,8,0,0,8,8,0.0000
8,88.0000,18,8,378.6320,-87.6489,-0.3671,20,0.5000,0.7500,8,5,2,0,0,5,2,0.6000
8,88.0000,18,12,533.1242,-88.5489,-0.4447,14,0.3500,0.8571,7,8,8,0,0,8,8,0.0000
8,88.0000,18,19,451.7197,-87.7556,-0.1876,29,0.7250,0.7143,7,8,8,0,0,8,8,0.0000
8,88.0000,18,23,468.5464,-87.8730,0.3143,14,0.3500,1.0000,8,7,6,0,0,7,6,0.1429
8,88.0000,19,6,427.5463,-87.5369,-0.2142,17,0.4250,0.5000,6,7,5,0,0,7,5,0.2857
8,88.0000,19,8,736.0527,-89.0698,-0.1433,6,0.1500,1.0000,8,2,2,0,0,2,2,0.0000
8,88.0000,19,18,451.7197,-87.6943,-0.3272,22,0.5500,0.4286,7,8,8,0,0,8,8,0.0000
8,88.0000,19,23,361.2287,-85.4919,-0.4981,33,0.8250,0.2453,53,8,6,115,70,123,76,0.3821
8,88.0000,20,2,551.4516,-88.5083,1.0330,12,0.3000,1.0000,8,8,8,0,0,8,8,0.0000
8,88.0000,20,3,623.5266,-88.3477,-1.1054,7,0.1750,0.8571,7,4,4,0,0,4,4,0.0000
8,88.0000,20,7,655.6026,-88.5719,-0.1957,4,0.1000,1.0000,8,6,6,0,0,6,6,0.0000
8,88.0000,20,10,418.5862,-87.7669,0.6548,18,0.4500,0.7500,8,6,3,0,0,6,3,0.5000
8,88.0000,20,11,562.7295,-88.7066,-0.0600,13,0.3250,0.8750,8,8,8,0,0,8,8,0.0000
8,88.0000,20,16,498.9403,-87.4710,0.0503,18,0.4500,0.8750,8,7,5,0,0,7,5,0.2857
8,88.0000,20,27,613.5783,-88.7196,-0.3519,4,0.1000,1.0000,8,7,6,0,0,7,6,0.1429
8,88.0000,21,9,289.2121,-84.6755,-0.5304,40,1.0000,0.0000,4,5,1,0,0,5,1,0.8000
8,88.0000,21,12,629.8822,-89.1631,0.2200,6,0.1500,1.0000,6,8,7,0,0,8,7,0.1250
8,88.0000,22,10,346.4249,-86.5118,-0.3480,35,0.8537,0.3333,6,6,2,0,0,6,2,0.6667
8,88.0000,23,6,590.2272,-89.3701,0.4491,4,0.1000,1.0000,8,7,6,0,0,7,6,0.1429
8,88.0000,23,8,542.3512,-87.9556,0.0737,17,0.4250,0.9375,80,7,6,120,114,127,120,0.0551
8,88.0000,23,15,534.0985,-88.0893,-0.1592,12,0.3000,0.8571,7,8,8,0,0,8,8,0.0000
8,88.0000,23,18,468.5464,-88.1692,0.1164,19,0.4750,0.7143,7,8,7,0,0,8,7,0.1250
8,88.0000,23,19,361.2287,-85.6858,-0.7717,36,0.9000,0.2000,5,7,4,0,0,7,4,0.4286
8,88.0000,24,7,671.0855,-89.2433,-0.0118,6,0.1500,1.0000,8,2,2,0,0,2,2,0.0000
8,88.0000,24,25,406.1505,-87.4900,-0.5158,29,0.7250,0.2000,5,7,5,0,0,7,5,0.2857
8,88.0000,25,24,406.1505,-87.4038,-0.3502,31,0.7750,0.5000,6,7,5,0,0,7,5,0.2857
8,88.0000,26,5,329.8885,-85.2457,-0.1465,37,0.9250,0.2000,5,4,0,0,0,4,0,1.0000
8,88.0000,27,11,408.3801,-87.6391,0.0145,24,0.6000,0.7143,7,6,4,0,0,6,4,0.3333
8,88.0000,27,16,175.3042,-80.8499,0.2574,38,0.9500,0.0000,4,4,0,0,0,4,0,1.0000
8,88.0000,27,20,613.5783,-88.5339,0.4037,5,0.1250,0.8750,8,6,6,0,0,6,6,0.0000
8,92.0000,0,1,335.6143,-87.1434,0.2525,34,0.8293,0.4000,5,5,1,0,0,5,1,0.8000
8,92.0000,0,4,362.2000,-85.9723,0.2784,31,0.7561,0.4000,5,6,2,0,0,6,2,0.6667
8,92.0000,1,0,335.6143,-87.3280,0.1712,32,0.8000,0.7500,8,6,3,0,0,6,3,0.5000
8,92.0000,1,4,330.7649,-86.4916,0.0659,36,0.9000,0.5000,6,4,0,0,0,4,0,1.0000
8,92.0000,2,3,200.8536,-79.6192,-1.3620,40,1.0000,0.0000,4,6,2,0,0,6,2,0.6667
8,92.0000,2,7,238.9282,-83.9152,0.3163,40,1.0000,0.0000,4,6,2,0,0,6,2,0.6667
8,92.0000,2,10,580.4597,-88.7165,-0.2877,11,0.2750,0.8750,8,7,6,0,0,7,6,0.1429
8,92.0000,2,11,362.1999,-87.4028,0.3548,31,0.7750,0.7143,7,4,0,0,0,4,0,1.0000
8,92.0000,2,15,330.4534,-85.8344,-0.1117,32,0.8000,0.3333,6,6,4,0,0,6,4,0.3333
8,92.0000,2,20,624.0366,-88.5578,-0.3810,6,0.1500,1.0000,8,4,4,0,0,4,4,0.0000
8,92.0000,3,2,200.8536,-78.8158,-1.7666,40,1.0000,0.0000,4,4,0,0,0,4,0,1.0000
8,92.0000,3,7,204.7314,-82.7098,0.9290,40,1.0000,0.0000,4,4,0,0,0,4,0,1.0000
8,92.0000,3,11,496.0678,-88.0619,0.0662,8,0.2000,0.4000,5,7,6,0,0,7,6,0.1429
8,92.0000,3,15,153.1469,-81.2850,1.5253,40,1.0000,0.0000,4,4,0,0,0,4,0,1.0000
8,92.0000,3,23,579.4441,-89.1849,-0.0423,4,0.1000,1.0000,8,8,6,0,0,8,6,0.2500
8,92.0000,4,0,362.2000,-86.7186,-0.3099,33,0.8250,0.4000,5,6,4,0,0,6,4,0.3333
8,92.0000,4,1,330.7649,-85.8611,0.0046,32,0.8000,0.0000,4,5,2,0,0,5,2,0.6000
8,92.0000,5,13,581.1152,-88.1787,0.0734,5,0.1250,1.0000,8,6,6,0,0,6,6,0.0000
8,92.0000,5,26,406.7628,-87.4535,-0.3952,28,0.7000,0.0000,4,7,5,0,0,7,5,0.2857
8,92.0000,6,16,564.0824,-88.7812,0.2686,5,0.1250,0.6667,3,8,8,0,0,8,8,0.0000
8,92.0000,6,19,417.8642,-87.1449,0.1648,21,0.5250,0.7143,7,6,4,0,0,6,4,0.3333
8,92.0000,6,23,620.0314,-88.9402,0.5361,6,0.1500,1.0000,8,8,8,0,0,8,8,0.0000
8,92.0000,6,27,541.6377,-89.1384,0.0083,4,0.1000,1.0000,8,8,7,0,0,8,7,0.1250
8,92.0000,7,2,238.9282,-83.8887,0.3554,40,1.0000,0.0000,4,5,1,0,0,5,1,0.8000
8,92.0000,7,3,204.7314,-82.5335,0.1281,40,1.0000,0.0000,4,4,0,0,0,4,0,1.0000
8,92.0000,7,10,580.9656,-88.8083,-0.3198,7,0.1750,1.0000,8,8,8,0,0,8,8,0.0000
8,92.0000,7,11,563.7116,-89.5882,0.0187,4,0.1000,1.0000,6,6,4,0,0,6,4,0.3333
8,92.0000,7,15,198.6074,-82.5756,0.1290,39,0.9750,0.2000,5,4,0,0,0,4,0,1.0000
8,92.0000,8,12,371.1187,-86.9815,-0.4278,33,0.8250,0.0000,4,6,3,0,0,6,3,0.5000
8,92.0000,8,18,381.7538,-87.2579,-0.2590,29,0.7250,0.6667,6,7,5,0,0,7,5,0.2857
8,92.0000,8,23,667.5954,-88.9533,-0.0897,6,0.1500,0.8571,7,6,6,0,0,6,6,0.0000
8,92.0000,9,12,554.0647,-88.9555,0.0095,9,0.2195,1.0000,6,10,9,0,0,10,9,0.1000
8,92.0000,9,17,463.2386,-88.0864,-0.2118,21,0.5122,0.7500,8,8,7,0,0,8,7,0.1250
8,92.0000,9,21,335.3612,-86.1944,-0.2990,34,0.8293,0.0000,4,7,4,0,0,7,4,0.4286
8,92.0000,10,2,580.4597,-89.3790,-0.4656,5,0.1250,1.0000,8,8,7,0,0,8,7,0.1250
8,92.0000,10,7,580.9656,-89.4117,-0.0870,7,0.1750,1.0000,8,4,4,0,0,4,4,0.0000
8,92.0000,10,20,321.9559,-86.4933,0.2820,29,0.7250,0.2000,5,4,0,0,0,4,0,1.0000
8,92.0000,10,22,359.1610,-86.3240,-0.3594,31,0.7750,0.0000,4,7,4,0,0,7,4,0.4286
8,92.0000,11,2,362.1999,-87.8868,0.3823,21,0.5250,0.8571,7,5,1,0,0,5,1,0.8000
8,92.0000,11,3,496.0678,-88.8644,-0.4206,9,0.2250,0.8750,8,8,8,0,0,8,8,0.0000
8,92.0000,11,7,563.7116,-89.6297,-0.1515,3,0.0750,0.8750,8,6,4,0,0,6,4,0.3333
8,92.0000,11,15,634.8110,-88.6543,0.9233,3,0.0750,1.0000,8,8,8,0,0,8,8,0.0000
8,92.0000,11,16,382.9286,-87.2940,0.2824,24,0.6000,0.8571,7,5,2,0,0,5,2,0.6000
8,92.0000,11,20,632.9496,-88.9592,-0.1795,6,0.1500,1.0000,8,6,6,0,0,6,6,0.0000
8,92.0000,11,27,417.7165,-87.4427,-0.2485,19,0.4750,0.2000,5,6,3,0,0,6,3,0.5000
8,92.0000,12,8,371.1187,-86.8451,0.2118,29,0.7250,0.3333,6,7,3,0,0,7,3,0.5714
8,92.0000,12,9,554.0647,-88.9553,0.0595,10,0.2500,1.0000,8,8,8,0,0,8,8,0.0000
8,92.0000,12,17,505.6870,-88.3960,-0.3641,5,0.1250,1.0000,8,6,4,0,0,6,4,0.3333
8,92.0000,12,18,614.3499,-87.1836,-0.4836,4,0.1000,0.8571,7,2,2,0,0,2,2,0.0000
8,92.0000,12,21,537.6726,-88.7281,-0.3189,12,0.3000,1.0000,8,8,7,0,0,8,7,0.1250
8,92.0000,13,5,581.1152,-89.3561,-0.4660,5,0.1250,1.0000,8,8,8,0,0,8,8,0.0000
8,92.0000,14,8,736.2239,-89.1885,0.2175,4,0.1000,1.0000,8,2,2,0,0,2,2,0.0000
8,92.0000,14,24,469.0427,-88.7550,0.0590,12,0.3000,1.0000,8,8,4,0,0,8,4,0.5000
8,92.0000,15,2,330.4534,-86.2662,-0.3299,31,0.7750,0.0000,4,5,2,0,0,5,2,0.6000
8,92.0000,15,3,153.1469,-81.4922,1.3763,38,0.9500,0.0000,4,4,0,0,0,4,0,1.0000
8,92.0000,15,7,198.6074,-82.4961,1.0647,40,1.0000,0.0000,4,4,0,0,0,4,0,1.0000
8,92.0000,15,23,593.4214,-88.8378,0.1245,11,0.2750,1.0000,8,8,8,0,0,8,8,0.0000
8,92.0000,15,25,639.3241,-89.0319,0.0641,3,0.0750,1.0000,4,6,5,0,0,6,5,0.1667
8,92.0000,16,6,564.0824,-89.1339,0.2360,3,0.0750,1.0000,6,8,8,0,0,8,8,0.0000
8,92.0000,16,11,382.9286,-86.4604,-0.5855,27,0.6750,0.0000,4,7,4,0,0,7,4,0.4286
8,92.0000,16,20,568.4875,-88.4477,-0.2808,14,0.3500,0.8333,6,8,8,0,0,8,8,0.0000
8,92.0000,16,27,152.3903,-79.7683,0.6725,40,1.0000,0.0000,4,4,0,0,0,4,0,1.0000
8,92.0000,17,9,463.2386,-87.8026,0.1455,18,0.4390,1.0000,8,6,3,0,0,6,3,0.5000
8,92.0000,17,12,505.6870,-88.8666,0.4589,9,0.2195,0.8571,7,8,8,0,0,8,8,0.0000
8,92.0000,18,8,381.7538,-86.9192,-0.1144,32,0.8000,0.4000,5,8,8,0,0,8,8,0.0000
8,92.0000,18,12,614.3499,-88.3532,-0.8110,5,0.1250,1.0000,8,4,4,0,0,4,4,0.0000
8,92.0000,18,19,530.6392,-88.0793,-0.5533,18,0.4500,1.0000,8,7,6,0,0,7,6,0.1429
8,92.0000,18,23,422.4405,-87.9839,0.4723,19,0.4750,0.8571,7,5,2,0,0,5,2,0.6000
8,92.0000,19,6,417.8642,-87.5099,0.3965,24,0.6000,0.7143,7,5,2,0,0,5,2,0.6000
8,92.0000,19,18,530.6392,-88.2306,-0.3119,19,0.4750,1.0000,8,8,8,0,0,8,8,0.0000
8,92.0000,19,23,448.5940,-87.4314,0.6673,16,0.4000,0.6179,123,7,6,136,118,143,124,0.1329
8,92.0000,20,2,624.0366,-88.9765,-0.6432,8,0.2000,1.0000,8,8,8,0,0,8,8,0.0000
8,92.0000,20,10,321.9559,-86.7534,0.0675,29,0.7250,0.5000,6,5,1,0,0,5,1,0.8000
8,92.0000,20,11,632.9496,-88.4541,0.2910,7,0.1750,1.0000,8,8,8,0,0,8,8,0.0000
8,92.0000,20,16,568.4875,-88.3348,-0.4034,10,0.2500,0.7143,7,8,8,0,0,8,8,0.0000
8,92.0000,21,9,335.3612,-85.7557,0.4375,37,0.9487,0.2000,5,6,2,0,0,6,2,0.6667
8,92.0000,21,12,537.6726,-88.5635,0.1061,7,0.1795,0.8750,8,8,8,0,0,8,8,0.0000
8,92.0000,22,10,359.1610,-86.8633,0.0044,31,0.7750,0.3333,6,6,2,0,0,6,2,0.6667
8,92.0000,23,3,579.4441,-88.6558,0.5760,6,0.1500,1.0000,6,8,8,0,0,8,8,0.0000
8,92.0000,23,6,620.0314,-88.5595,0.2701,4,0.1000,0.8571,7,6,6,0,0,6,6,0.0000
8,92.0000,23,8,667.5954,-88.8935,-0.2111,9,0.2250,0.9449,127,4,4,12,12,16,16,0.0000
8,92.0000,23,11,653.5922,-89.7431,0.0925,3,0.0750,1.0000,2,8,8,0,0,8,8,0.0000
8,92.0000,23,15,593.4214,-88.8176,0.3151,9,0.2250,1.0000,8,8,8,0,0,8,8,0.0000
8,92.0000,23,18,422.4405,-87.6828,0.0988,29,0.7250,0.8750,8,5,2,29,11,34,13,0.6176
8,92.0000,23,19,448.5940,-87.0493,-0.5741,26,0.6500,0.5714,7,6,4,0,0,6,4,0.3333
8,92.0000,24,14,469.0427,-88.1673,0.5088,8,0.2000,0.6667,6,6,3,0,0,6,3,0.5000
8,92.0000,24,25,453.3320,-87.4626,-0.7383,23,0.5750,0.7143,7,6,4,0,0,6,4,0.3333
8,92.0000,25,7,651.0680,-88.4069,-0.1191,5,0.1250,1.0000,4,6,6,0,0,6,6,0.0000
8,92.0000,25,24,453.3320,-88.2544,0.1575,28,0.7000,0.7143,7,7,6,0,0,7,6,0.1429
8,92.0000,26,5,406.7628,-87.2205,-0.2435,29,0.7250,0.0000,4,7,5,0,0,7,5,0.2857
8,92.0000,27,6,541.6377,-88.9811,-0.3032,9,0.2250,1.0000,6,8,7,0,0,8,7,0.1250
8,92.0000,27,11,417.7165,-87.7346,-0.1000,19,0.4750,0.6667,6,8,7,0,0,8,7,0.1250
8,92.0000,27,16,152.3903,-79.8149,0.5331,40,1.0000,0.0000,4,4,0,0,0,4,0,1.0000
8,92.0000,27,20,629.6076,-88.6688,-0.2178,6,0.1500,1.0000,6,8,8,0,0,8,8,0.0000
8,96.0000,0,1,303.2400,-85.0186,0.4406,36,0.9231,0.2000,5,6,3,0,0,6,3,0.5000
8,96.0000,0,4,398.2243,-86.7841,-0.0218,28,0.7179,0.3333,6,7,5,0,0,7,5,0.2857
8,96.0000,0,20,636.1901,-89.0176,-0.6338,3,0.0769,1.0000,2,8,8,0,0,8,8,0.0000
8,96.0000,1,0,303.2400,-86.3623,0.2468,35,0.8750,0.5000,6,5,1,0,0,5,1,0.8000
8,96.0000,1,4,221.3237,-84.8637,0.4638,38,0.9500,0.0000,4,4,0,0,0,4,0,1.0000
8,96.0000,1,20,576.8224,-88.6551,1.3599,3,0.0750,1.0000,8,8,7,0,0,8,7,0.1250
8,96.0000,2,3,296.6764,-83.6353,-1.0721,37,0.9250,0.3333,6,4,0,0,0,4,0,1.0000
8,96.0000,2,7,221.0921,-82.7602,0.5459,39,0.9750,0.3333,6,4,0,0,0,4,0,1.0000
8,96.0000,2,10,649.3040,-88.5908,0.0136,6,0.1500,0.8571,7,2,2,0,0,2,2,0.0000
8,96.0000,2,11,219.6999,-84.0502,0.8347,35,0.8750,0.0000,4,4,0,0,0,4,0,1.0000
8,96.0000,2,15,394.0716,-86.9049,-0.2637,35,0.8750,0.6667,6,8,7,0,0,8,7,0.1250
8,96.0000,2,16,513.1429,-89.1292,-0.0599,7,0.1750,0.8750,8,7,6,0,0,7,6,0.1429
8,96.0000,2,23,550.3035,-88.7102,0.3301,9,0.2250,1.0000,8,8,8,0,0,8,8,0.0000
8,96.0000,3,2,296.6764,-83.7563,-0.3008,40,1.0000,0.0000,4,7,4,0,0,7,4,0.4286
8,96.0000,3,7,253.9050,-82.7242,-0.7295,38,0.9500,0.0000,4,4,0,0,0,4,0,1.0000
8,96.0000,3,11,488.8831,-88.7836,0.2589,15,0.3750,0.8571,7,8,7,0,0,8,7,0.1250
8,96.0000,3,15,177.6435,-79.3251,0.0069,39,0.9750,0.0000,4,4,0,0,0,4,0,1.0000
8,96.0000,3,23,519.2253,-88.9295,-0.3283,9,0.2250,0.7500,8,8,6,0,0,8,6,0.2500
8,96.0000,4,0,398.2243,-87.0596,-0.1694,29,0.7250,0.6667,6,8,8,0,0,8,8,0.0000
8,96.0000,4,1,221.3237,-84.0248,0.9291,39,0.9750,0.4000,5,4,0,0,0,4,0,1.0000
8,96.0000,4,20,587.5086,-89.2708,-0.2752,4,0.1000,1.0000,6,7,6,0,0,7,6,0.1429
8,96.0000,5,13,519.3256,-88.0066,0.5024,6,0.1500,1.0000,6,7,6,0,0,7,6,0.1429
8,96.0000,5,26,494.9735,-87.6563,-0.5829,17,0.4250,0.7143,7,8,8,0,0,8,8,0.0000
8,96.0000,6,16,514.4194,-88.4538,0.1211,14,0.3500,1.0000,8,8,7,0,0,8,7,0.1250
8,96.0000,6,19,432.7973,-87.4817,0.3780,25,0.6250,0.6667,6,6,4,0,0,6,4,0.3333
8,96.0000,6,27,433.9447,-88.1653,0.2127,12,0.3000,0.8750,8,6,3,0,0,6,3,0.5000
8,96.0000,7,2,221.0921,-83.0297,0.1095,39,0.9750,0.2000,5,4,0,0,0,4,0,1.0000
8,96.0000,7,3,253.9050,-83.0178,-0.7386,40,1.0000,0.0000,4,4,0,0,0,4,0,1.0000
8,96.0000,7,10,626.9987,-89.1014,0.4374,4,0.1000,1.0000,8,8,8,0,0,8,8,0.0000
8,96.0000,7,11,420.4075,-88.2095,0.6545,12,0.3000,0.6667,6,6,3,0,0,6,3,0.5000
8,96.0000,7,15,260.2890,-82.1893,-0.9325,39,0.9750,0.0000,4,7,5,0,0,7,5,0.2857
8,96.0000,7,22,764.9506,-89.3650,-0.0171,3,0.0750,,0,2,2,0,0,2,2,0.0000
8,96.0000,7,23,568.4206,-89.4542,-0.0305,8,0.2000,1.0000,8,8,8,0,0,8,8,0.0000
8,96.0000,8,12,392.3235,-86.8222,-0.1148,29,0.7250,0.5000,6,5,2,0,0,5,2,0.6000
8,96.0000,8,18,490.9466,-86.8183,-0.2602,16,0.4000,0.7143,7,6,6,0,0,6,6,0.0000
8,96.0000,8,21,517.6380,-88.9332,0.4417,10,0.2500,1.0000,6,7,6,0,0,7,6,0.1429
8,96.0000,9,12,490.5425,-88.2217,-0.4131,12,0.3000,0.9000,10,7,4,0,0,7,4,0.4286
8,96.0000,9,17,450.0373,-87.5681,0.2121,20,0.5000,0.8750,8,8,6,0,0,8,6,0.2500
8,96.0000,9,21,413.5232,-86.8209,-0.3236,30,0.7500,0.5714,7,8,7,0,0,8,7,0.1250
8,96.0000,10,2,649.3040,-88.6655,-1.1187,5,0.1250,0.8750,8,8,8,0,0,8,8,0.0000
8,96.0000,10,7,626.9987,-88.9031,0.0502,6,0.1500,1.0000,4,8,8,0,0,8,8,0.0000
8,96.0000,10,20,268.7527,-84.8975,0.3940,38,0.9500,0.0000,4,4,0,0,0,4,0,1.0000
8,96.0000,10,22,373.1498,-86.7882,-0.4233,29,0.7250,0.5714,7,5,4,0,0,5,4,0.2000
8,96.0000,11,2,219.6999,-85.1883,0.6598,36,0.9000,0.2000,5,4,0,0,0,4,0,1.0000
8,96.0000,11,3,488.8831,-88.5374,-0.0147,11,0.2750,1.0000,8,8,7,0,0,8,7,0.1250
8,96.0000,11,7,420.4075,-87.9443,0.6934,15,0.3750,0.6667,6,5,2,0,0,5,2,0.6000
8,96.0000,11,15,610.0738,-89.1477,0.0874,6,0.1500,1.0000,8,8,8,0,0,8,8,0.0000
8,96.0000,11,16,401.8521,-86.8981,0.1975,24,0.6000,0.4000,5,6,4,0,0,6,4,0.3333
8,96.0000,11,23,564.8822,-88.7995,0.5674,5,0.1250,0.8571,7,7,6,0,0,7,6,0.1429
8,96.0000,11,27,445.1740,-87.7564,0.0418,18,0.4500,0.5000,6,8,8,0,0,8,8,0.0000
8,96.0000,12,8,392.3235,-87.3344,-0.3346,27,0.6750,0.4286,7,5,2,0,0,5,2,0.6000
8,96.0000,12,9,490.5425,-88.6514,-0.1152,15,0.3750,1.0000,8,6,4,0,0,6,4,0.3333
8,96.0000,12,17,422.6659,-88.2129,-0.4184,16,0.4000,0.6667,6,6,3,0,0,6,3,0.5000
8,96.0000,12,21,504.6284,-88.6671,-0.1451,15,0.3750,0.8750,8,6,3,0,0,6,3,0.5000
8,96.0000,13,5,519.3256,-89.4586,0.1547,5,0.1250,1.0000,8,6,4,0,0,6,4,0.3333
8,96.0000,13,12,588.4239,-89.1226,-0.0462,6,0.1500,1.0000,4,8,5,0,0,8,5,0.3750
8,96.0000,13,17,567.4705,-88.4557,0.2219,3,0.0750,1.0000,8,8,7,0,0,8,7,0.1250
8,96.0000,14,15,587.9609,-89.0479,0.4819,5,0.1250,1.0000,6,7,6,0,0,7,6,0.1429
8,96.0000,14,24,332.4383,-87.2239,0.6403,25,0.6250,0.5000,8,4,0,0,0,4,0,1.0000
8,96.0000,14,25,592.9286,-88.0712,-17.0083,3,0.0750,,0,7,5,0,0,7,5,0.2857
8,96.0000,15,2,394.0716,-87.1359,-0.3862,28,0.7000,0.4000,5,7,6,0,0,7,6,0.1429
8,96.0000,15,3,177.6435,-78.9814,-0.3825,39,0.9750,0.0000,4,4,0,0,0,4,0,1.0000
8,96.0000,15,7,260.2890,-82.3022,-0.5921,37,0.9250,0.0000,4,5,2,0,0,5,2,0.6000
8,96.0000,15,11,610.0738,-89.2474,0.4318,5,0.1250,1.0000,8,8,8,0,0,8,8,0.0000
8,96.0000,15,23,655.3738,-89.2277,0.1728,3,0.0750,1.0000,8,6,6,0,0,6,6,0.0000
8,96.0000,15,25,514.0706,-89.0660,-0.1318,6,0.1500,0.8333,6,5,2,0,0,5,2,0.6000
8,96.0000,16,2,513.1429,-88.5986,0.4644,8,0.2000,1.0000,8,6,2,0,0,6,2,0.6667
8,96.0000,16,6,514.4194,-88.4681,-0.0387,8,0.2000,1.0000,8,7,6,0,0,7,6,0.1429
8,96.0000,16,7,582.1739,-88.8706,0.2228,3,0.0750,,0,7,6,0,0,7,6,0.1429
8,96.0000,16,11,401.8521,-87.1677,0.0748,29,0.7250,0.5714,7,7,5,0,0,7,5,0.2857
8,96.0000,16,27,148.5091,-79.2301,0.5433,40,1.0000,0.0000,4,4,0,0,0,4,0,1.0000
8,96.0000,17,8,607.9403,-88.7355,-0.7283,3,0.0750,,0,8,8,0,0,8,8,0.0000
8,96.0000,17,9,450.0373,-88.2259,0.1088,22,0.5500,0.5000,6,7,6,0,0,7,6,0.1429
8,96.0000,17,12,422.6659,-87.6256,0.6558,18,0.4500,1.0000,8,4,0,0,0,4,0,1.0000
8,96.0000,17,13,567.4705,-89.1232,0.1520,6,0.1500,1.0000,6,8,8,0,0,8,8,0.0000
8,96.0000,18,8,490.9466,-86.8962,-0.5406,24,0.6000,1.0000,8,8,8,0,0,8,8,0.0000
8,96.0000,18,19,625.5935,-88.8829,-0.4002,10,0.2500,0.8571,7,8,8,0,0,8,8,0.0000
8,96.0000,18,23,380.5002,-86.8390,0.5116,27,0.6750,0.4000,5,6,2,0,0,6,2,0.6667
8,96.0000,19,6,432.7973,-87.3280,0.0624,25,0.6250,0.4000,5,6,6,0,0,6,6,0.0000
8,96.0000,19,18,625.5935,-88.6617,0.3318,8,0.2000,1.0000,8,6,6,0,0,6,6,0.0000
8,96.0000,19,23,541.2357,-87.8349,0.0523,10,0.2500,0.8671,143,8,8,84,82,92,90,0.0217
8,96.0000,20,1,576.8224,-89.0881,0.7403,8,0.2000,1.0000,6,10,9,0,0,10,9,0.1000
8,96.0000,20,4,587.5086,-88.9663,-0.3940,3,0.0750,1.0000,4,7,6,0,0,7,6,0.1429
8,96.0000,20,10,268.7527,-84.9772,0.2806,39,0.9750,0.2000,5,4,0,0,0,4,0,1.0000
8,96.0000,20,11,716.7165,-89.3337,-0.0776,3,0.0750,1.0000,8,2,2,0,0,2,2,0.0000
8,96.0000,20,16,664.3436,-88.8292,0.5076,5,0.1250,1.0000,8,2,2,0,0,2,2,0.0000
8,96.0000,20,22,615.4653,-89.2502,-0.5226,4,0.1000,1.0000,6,8,7,0,0,8,7,0.1250
8,96.0000,20,27,706.6076,-89.6240,-0.6228,3,0.0750,1.0000,8,2,2,0,0,2,2,0.0000
8,96.0000,21,8,517.6380,-87.7684,0.1898,4,0.1000,1.0000,8,5,2,0,0,5,2,0.6000
8,96.0000,21,9,413.5232,-87.0955,-0.5207,31,0.7750,0.3333,6,7,5,0,0,7,5,0.2857
8,96.0000,21,12,504.6284,-88.6435,-0.3286,14,0.3500,1.0000,8,7,6,0,0,7,6,0.1429
8,96.0000,22,10,373.1498,-86.7511,-0.1999,29,0.7250,0.3333,6,6,3,0,0,6,3,0.5000
8,96.0000,22,20,615.4653,-88.0533,0.1244,4,0.1000,1.0000,6,4,4,0,0,4,4,0.0000
8,96.0000,23,2,550.3035,-88.6824,0.4538,3,0.0750,1.0000,8,8,8,0,0,8,8,0.0000
8,96.0000,23,3,519.2253,-88.7096,-0.4578,5,0.1250,1.0000,8,8,8,0,0,8,8,0.0000
8,96.0000,23,6,684.4023,-89.2765,-0.1222,5,0.1250,1.0000,6,8,8,0,0,8,8,0.0000
8,96.0000,23,7,568.4206,-89.6372,-0.2579,3,0.0750,1.0000,8,8,8,0,0,8,8,0.0000
8,96.0000,23,11,564.8822,-89.5714,0.1491,4,0.1000,1.0000,8,7,6,0,0,7,6,0.1429
8,96.0000,23,16,602.9546,-89.4272,0.0875,4,0.1000,1.0000,4,4,4,0,0,4,4,0.0000
8,96.0000,23,18,380.5002,-87.0851,0.6533,27,0.6750,0.3824,34,5,1,19,12,24,13,0.4583
8,96.0000,23,19,541.2357,-88.0912,-0.1341,16,0.4000,0.6667,6,6,6,0,0,6,6,0.0000
8,96.0000,24,14,332.4383,-87.1042,0.4279,25,0.6250,0.5000,6,4,0,0,0,4,0,1.0000
8,96.0000,24,25,503.9226,-88.5848,-0.3594,21,0.5250,0.6667,6,8,8,0,0,8,8,0.0000
8,96.0000,25,3,644.1100,-89.1073,0.3992,3,0.0750,1.0000,4,8,8,0,0,8,8,0.0000
8,96.0000,25,15,514.0706,-88.9553,-0.1068,5,0.1250,1.0000,8,8,7,0,0,8,7,0.1250
8,96.0000,25,24,503.9226,-88.4890,-0.1814,16,0.4000,0.8571,7,7,5,0,0,7,5,0.2857
8,96.0000,26,5,494.9735,-87.9334,-0.3990,20,0.5000,0.7143,7,8,7,0,0,8,7,0.1250
8,96.0000,27,6,433.9447,-87.9827,-0.1161,12,0.3000,0.8750,8,7,6,0,0,7,6,0.1429
8,96.0000,27,11,445.1740,-87.8477,-0.1957,16,0.4000,0.8750,8,8,6,0,0,8,6,0.2500
8,96.0000,27,16,148.5091,-78.8637,0.1258,40,1.0000,0.0000,4,5,1,0,0,5,1,0.8000
8,100.0000,0,1,318.9804,-85.1167,-0.2266,37,0.9024,0.5000,6,4,0,0,0,4,0,1.0000
8,100.0000,0,4,458.0940,-87.6512,-0.0289,26,0.6341,0.7143,7,7,6,0,0,7,6,0.1429
8,100.0000,0,20,585.1089,-89.3036,-0.5153,5,0.1220,1.0000,8,8,8,0,0,8,8,0.0000
8,100.0000,1,0,318.9804,-85.4921,0.1035,38,0.9268,0.2000,5,6,2,0,0,6,2,0.6667
8,100.0000,1,4,162.8828,-81.3691,0.8830,40,0.9756,0.0000,4,4,0,0,0,4,0,1.0000
8,100.0000,1,10,665.3020,-89.5428,0.0453,6,0.1463,1.0000,6,8,8,0,0,8,8,0.0000
8,100.0000,1,20,503.9845,-88.6245,-0.4288,13,0.3171,0.8750,8,7,5,0,0,7,5,0.2857
8,100.0000,2,3,439.4891,-86.9760,-0.6581,29,0.7250,0.0000,4,6,4,0,0,6,4,0.3333
8,100.0000,2,7,217.0731,-83.1104,-0.0276,39,0.9750,0.0000,4,4,0,0,0,4,0,1.0000
8,100.0000,2,10,699.9742,-89.2913,0.2129,4,0.1000,1.0000,2,4,4,0,0,4,4,0.0000
8,100.0000,2,11,80.4199,-78.0963,2.7185,40,1.0000,0.0000,4,4,0,0,0,4,0,1.0000
8,100.0000,2,15,537.0002,-87.9289,-0.2780,24,0.6000,0.8750,8,8,8,0,0,8,8,0.0000
8,100.0000,2,16,419.2519,-88.0485,0.1009,18,0.4500,0.8571,7,5,1,0,0,5,1,0.8000
8,100.0000,2,23,451.0847,-87.9953,0.1752,15,0.3750,1.0000,8,6,3,0,0,6,3,0.5000
8,100.0000,2,27,476.3126,-88.0006,0.9646,9,0.2250,0.8750,8,6,5,0,0,6,5,0.1667
8,100.0000,3,2,439.4891,-86.7887,-0.6274,33,0.8250,0.5714,7,7,6,0,0,7,6,0.1429
8,100.0000,3,7,382.9326,-85.6752,-0.6679,40,1.0000,0.0000,4,8,6,0,0,8,6,0.2500
8,100.0000,3,11,497.2185,-88.1399,0.0592,15,0.3750,0.8750,8,8,8,0,0,8,8,0.0000
8,100.0000,3,14,619.0937,-89.3697,0.0223,5,0.1250,1.0000,4,8,8,0,0,8,8,0.0000
8,100.0000,3,15,262.0330,-82.8455,-0.7330,38,0.9500,0.0000,4,5,2,0,0,5,2,0.6000
8,100.0000,3,23,513.9584,-88.3864,-0.4523,15,0.3750,0.7500,8,8,7,0,0,8,7,0.1250
8,100.0000,3,25,602.7209,-88.8796,0.7811,5,0.1250,1.0000,8,7,6,0,0,7,6,0.1429
8,100.0000,4,0,458.0940,-87.4874,-0.6098,24,0.6000,1.0000,8,8,8,0,0,8,8,0.0000
8,100.0000,4,1,162.8828,-80.9492,0.9287,40,1.0000,0.0000,4,4,0,0,0,4,0,1.0000
8,100.0000,4,10,569.3714,-88.8112,-0.1722,5,0.1250,1.0000,6,8,6,0,0,8,6,0.2500
8,100.0000,4,20,452.6125,-88.1043,0.4400,12,0.3000,0.8571,7,6,4,0,0,6,4,0.3333
8,100.0000,5,13,446.1748,-87.5508,0.0966,17,0.4250,0.8571,7,7,4,0,0,7,4,0.4286
8,100.0000,5,26,603.7895,-87.8688,-0.2432,9,0.2250,1.0000,8,8,8,0,0,8,8,0.0000
8,100.0000,6,16,541.6063,-88.3135,-0.7431,14,0.3500,0.8750,8,8,8,0,0,8,8,0.0000
8,100.0000,6,19,476.9381,-87.8376,-0.2059,22,0.5500,0.6667,6,8,8,0,0,8,8,0.0000
8,100.0000,6,27,434.1234,-87.1595,0.2881,23,0.5750,0.5000,6,8,6,0,0,8,6,0.2500
8,100.0000,7,2,217.0731,-82.3376,-0.0840,38,0.9500,0.0000,4,4,0,0,0,4,0,1.0000
8,100.0000,7,3,382.9326,-86.0402,-0.5396,34,0.8500,0.0000,4,6,4,0,0,6,4,0.3333
8,100.0000,7,11,291.9157,-86.0330,0.8838,31,0.7750,0.5000,6,4,0,0,0,4,0,1.0000
8,100.0000,7,15,406.6321,-85.5244,-1.2458,34,0.8500,0.7143,7,7,6,0,0,7,6,0.1429
8,100.0000,7,16,461.0556,-88.4774,0.2132,14,0.3500,1.0000,8,4,0,0,0,4,0,1.0000
8,100.0000,7,23,485.3470,-88.6458,-0.2649,13,0.3250,1.0000,8,7,5,0,0,7,5,0.2857
8,100.0000,7,27,562.1185,-88.5744,-0.0089,3,0.0750,1.0000,8,8,7,0,0,8,7,0.1250
8,100.0000,8,12,431.5274,-87.3969,-0.2602,23,0.5750,0.4000,5,8,6,0,0,8,6,0.2500
8,100.0000,8,17,562.0703,-88.4818,0.1383,8,0.2000,1.0000,8,8,8,0,0,8,8,0.0000
8,100.0000,8,21,337.0434,-87.4221,0.7020,24,0.6000,0.8571,7,4,0,0,0,4,0,1.0000
8,100.0000,9,8,608.8718,-89.0581,-0.6043,3,0.0769,,0,8,8,0,0,8,8,0.0000
8,100.0000,9,12,447.0173,-88.0275,0.5919,13,0.3333,0.5714,7,7,4,0,0,7,4,0.4286
8,100.0000,9,17,478.8278,-87.7243,0.2972,24,0.6154,0.7500,8,6,4,0,0,6,4,0.3333
8,100.0000,9,21,484.8493,-87.7252,-0.0875,19,0.4872,0.8750,8,8,8,0,0,8,8,0.0000
8,100.0000,10,4,569.3714,-88.8816,-0.3474,8,0.2000,1.0000,6,8,8,65,59,73,67,0.0822
8,100.0000,10,7,652.8393,-87.8195,-0.0111,3,0.0750,1.0000,8,4,4,0,0,4,4,0.0000
8,100.0000,10,16,717.9124,-89.6942,0.0502,3,0.0750,,0,6,6,0,0,6,6,0.0000
8,100.0000,10,20,235.2224,-83.8817,0.0158,39,0.9750,0.0000,4,4,0,0,0,4,0,1.0000
8,100.0000,10,22,400.5675,-86.6838,-0.9247,30,0.7500,0.8000,5,6,1,0,0,6,1,0.8333
8,100.0000,11,2,80.4199,-78.3015,2.4943,38,0.9500,0.0000,4,4,0,0,0,4,0,1.0000
8,100.0000,11,3,497.2185,-88.1792,0.0203,17,0.4250,0.8750,8,7,6,0,0,7,6,0.1429
8,100.0000,11,7,291.9157,-86.8058,0.3292,30,0.7500,0.4000,5,4,0,0,0,4,0,1.0000
8,100.0000,11,15,596.3378,-89.2748,-0.1207,7,0.1750,1.0000,8,8,8,0,0,8,8,0.0000
8,100.0000,11,16,433.3176,-88.3220,0.1255,27,0.6750,0.6667,6,7,6,0,0,7,6,0.1429
8,100.0000,11,23,494.0332,-88.3690,-0.6407,12,0.3000,0.8571,7,8,7,0,0,8,7,0.1250
8,100.0000,11,27,470.8395,-87.9471,0.3054,18,0.4500,1.0000,8,8,6,0,0,8,6,0.2500
8,100.0000,12,8,431.5274,-87.6902,0.1385,27,0.6750,0.4000,5,6,4,0,0,6,4,0.3333
8,100.0000,12,9,447.0173,-87.8168,0.5618,21,0.5250,0.6667,6,6,6,0,0,6,6,0.0000
8,100.0000,12,13,497.6767,-88.4986,0.5314,14,0.3500,1.0000,8,8,7,0,0,8,7,0.1250
8,100.0000,12,17,398.0231,-87.1863,-0.4831,25,0.6250,0.5000,6,7,4,0,0,7,4,0.4286
8,100.0000,12,21,508.0823,-88.4179,0.2453,14,0.3500,0.5000,6,6,4,0,0,6,4,0.3333
8,100.0000,13,5,446.1748,-88.2348,-0.0893,18,0.4500,0.6667,6,7,3,0,0,7,3,0.5714
8,100.0000,13,12,497.6767,-87.4963,0.6297,8,0.2000,0.6250,8,7,4,0,0,7,4,0.4286
8,100.0000,13,17,462.9539,-87.8390,-0.0235,7,0.1750,0.8750,8,8,6,0,0,8,6,0.2500
8,100.0000,14,15,519.3376,-88.3954,0.2421,11,0.2750,0.8571,7,8,8,0,0,8,8,0.0000
8,100.0000,14,24,238.6559,-84.1346,1.2744,37,0.9250,0.0000,4,4,0,0,0,4,0,1.0000
8,100.0000,14,25,474.2827,-88.7484,-0.0352,10,0.2500,0.7143,7,6,3,0,0,6,3,0.5000
8,100.0000,15,2,537.0002,-87.7454,-0.3826,18,0.4500,0.8571,7,8,8,0,0,8,8,0.0000
8,100.0000,15,3,262.0330,-82.3445,-0.9659,39,0.9750,0.0000,4,5,2,0,0,5,2,0.6000
8,100.0000,15,7,406.6321,-86.0007,-0.5813,31,0.7750,0.4000,5,5,4,0,0,5,4,0.2000
8,100.0000,15,11,596.3378,-88.6157,-0.2405,4,0.1000,1.0000,8,6,4,0,0,6,4,0.3333
8,100.0000,15,14,519.3376,-88.8460,-0.1901,10,0.2500,0.8750,8,6,3,0,0,6,3,0.5000
8,100.0000,15,24,683.5044,-88.9274,-0.4304,3,0.0750,1.0000,4,6,6,0,0,6,6,0.0000
8,100.0000,15,25,401.4723,-88.4005,0.2896,17,0.4250,0.4000,5,5,2,0,0,5,2,0.6000
8,100.0000,16,2,419.2519,-87.4205,0.5019,15,0.3750,0.3333,6,7,5,0,0,7,5,0.2857
8,100.0000,16,6,541.6063,-88.6730,-0.3474,14,0.3500,0.8571,7,8,7,0,0,8,7,0.1250
8,100.0000,16,7,461.0556,-88.5724,-0.3047,9,0.2250,0.8571,7,5,2,0,0,5,2,0.6000
8,100.0000,16,11,433.3176,-87.4532,-0.0725,28,0.7000,0.7143,7,6,4,0,0,6,4,0.3333
8,100.0000,16,23,483.0141,-88.3678,0.0533,11,0.2750,1.0000,8,7,5,0,0,7,5,0.2857
8,100.0000,16,27,129.6312,-77.6783,-0.0434,39,0.9750,0.0000,4,4,0,0,0,4,0,1.0000
8,100.0000,17,8,562.0703,-88.3664,0.4266,7,0.1750,1.0000,8,8,8,0,0,8,8,0.0000
8,100.0000,17,9,478.8278,-88.1686,-0.1987,23,0.5750,0.8571,7,8,8,0,0,8,8,0.0000
8,100.0000,17,12,398.0231,-87.2832,-0.1129,26,0.6500,0.0000,4,5,2,0,0,5,2,0.6000
8,100.0000,17,13,462.9539,-88.4360,0.4137,14,0.3500,1.0000,8,7,4,0,0,7,4,0.4286
8,100.0000,18,8,663.5150,-88.7836,0.2037,7,0.1750,1.0000,8,2,2,0,0,2,2,0.0000
8,100.0000,18,19,717.4845,-88.7970,1.4490,4,0.1000,1.0000,8,8,8,0,0,8,8,0.0000
8,100.0000,18,23,330.3011,-87.1862,0.3660,26,0.6500,0.3333,6,5,2,0,0,5,2,0.6000
8,100.0000,19,6,476.9381,-88.0347,-0.2016,20,0.5000,1.0000,6,8,6,0,0,8,6,0.2500
8,100.0000,19,23,648.0188,-88.2908,-0.9329,6,0.1500,0.9783,92,6,6,0,0,6,6,0.0000
8,100.0000,20,0,585.1089,-88.9332,0.3919,8,0.2000,1.0000,8,8,8,0,0,8,8,0.0000
8,100.0000,20,1,503.9845,-88.2127,-0.1772,7,0.1750,0.9000,10,6,5,0,0,6,5,0.1667
8,100.0000,20,4,452.6125,-88.4989,0.2393,10,0.2500,0.8571,7,5,2,0,0,5,2,0.6000
8,100.0000,20,10,235.2224,-83.6581,0.8243,39,0.9750,0.0000,4,4,0,0,0,4,0,1.0000
8,100.0000,20,22,600.4221,-88.4729,3.2360,3,0.0750,0.8750,8,4,4,0,0,4,4,0.0000
8,100.0000,21,8,337.0434,-86.9535,0.2641,19,0.4634,0.4000,5,4,0,0,0,4,0,1.0000
8,100.0000,21,9,484.8493,-87.7141,0.2342,23,0.5610,0.7143,7,8,8,0,0,8,8,0.0000
8,100.0000,21,12,508.0823,-88.4458,-0.1172,15,0.3659,0.8571,7,8,7,0,0,8,7,0.1250
8,100.0000,22,10,400.5675,-86.9872,-0.6682,25,0.6250,0.5000,6,7,5,0,0,7,5,0.2857
8,100.0000,22,20,600.4221,-89.5723,-0.0182,4,0.1000,1.0000,4,8,8,0,0,8,8,0.0000
8,100.0000,23,2,451.0847,-88.1916,0.5481,18,0.4500,1.0000,8,7,6,0,0,7,6,0.1429
8,100.0000,23,3,513.9584,-88.7863,-0.3272,9,0.2250,1.0000,8,8,8,0,0,8,8,0.0000
8,100.0000,23,7,485.3470,-88.4476,-0.1053,13,0.3250,1.0000,8,6,4,0,0,6,4,0.3333
8,100.0000,23,11,494.0332,-88.6636,0.2793,9,0.2250,0.8571,7,7,5,0,0,7,5,0.2857
8,100.0000,23,16,483.0141,-87.9828,-0.7775,12,0.3000,1.0000,4,8,7,0,0,8,7,0.1250
8,100.0000,23,18,330.3011,-87.3746,0.2749,29,0.7250,0.5417,24,6,3,0,0,6,3,0.5000
8,100.0000,23,19,648.0188,-88.6894,-0.1225,9,0.2250,1.0000,6,4,4,0,0,4,4,0.0000
8,100.0000,23,27,523.9636,-88.5418,1.1172,8,0.2000,1.0000,8,7,5,0,0,7,5,0.2857
8,100.0000,24,14,238.6559,-84.5904,0.8861,34,0.8500,0.0000,4,4,0,0,0,4,0,1.0000
8,100.0000,24,25,545.3416,-88.5850,0.0622,15,0.3750,1.0000,8,8,8,0,0,8,8,0.0000
8,100.0000,25,3,602.7209,-89.5197,-0.1946,4,0.1000,1.0000,8,8,8,0,0,8,8,0.0000
8,100.0000,25,14,474.2827,-88.0730,0.0802,10,0.2500,1.0000,8,7,6,0,0,7,6,0.1429
8,100.0000,25,15,401.4723,-88.0264,0.3818,13,0.3250,0.8750,8,7,5,0,0,7,5,0.2857
8,100.0000,25,24,545.3416,-88.7832,0.2014,13,0.3250,0.7143,7,8,8,0,0,8,8,0.0000
8,100.0000,26,5,603.7895,-87.8973,-0.1119,12,0.3000,0.8750,8,8,8,0,0,8,8,0.0000
8,100.0000,26,19,534.1825,-89.1365,0.1277,7,0.1750,1.0000,2,7,6,0,0,7,6,0.1429
8,100.0000,27,2,476.3126,-88.3180,0.1684,10,0.2500,0.7500,4,4,0,0,0,4,0,1.0000
8,100.0000,27,6,434.1234,-87.7981,0.2117,24,0.6000,0.8571,7,8,6,0,0,8,6,0.2500
8,100.0000,27,11,470.8395,-87.7557,-0.2772,11,0.2750,0.7500,8,7,6,0,0,7,6,0.1429
8,100.0000,27,16,129.6312,-78.5892,0.5634,39,0.9750,0.2000,5,4,0,0,0,4,0,1.0000
8,100.0000,27,23,523.9636,-88.6235,-0.2604,9,0.2250,1.0000,6,8,6,0,0,8,6,0.2500
8,104.0000,0,1,373.9403,-86.4111,-0.7027,35,0.8750,0.0000,4,8,5,0,0,8,5,0.3750
8,104.0000,0,4,521.5721,-88.7201,-0.2317,16,0.4000,0.8571,7,8,8,0,0,8,8,0.0000
8,104.0000,0,20,531.4441,-89.0953,0.0415,12,0.3000,1.0000,8,7,5,0,0,7,5,0.2857
8,104.0000,1,0,373.9403,-86.2349,-0.2117,30,0.7500,0.3333,6,7,5,0,0,7,5,0.2857
8,104.0000,1,4,224.9362,-80.3636,-0.3801,39,0.9750,0.0000,4,4,0,0,0,4,0,1.0000
8,104.0000,1,20,461.7657,-87.7860,0.2215,15,0.3750,0.7143,7,7,4,0,0,7,4,0.4286
8,104.0000,2,3,585.0740,-88.0074,-0.6744,11,0.2821,0.6667,6,8,8,0,0,8,8,0.0000
8,104.0000,2,7,223.1289,-82.0728,-0.3734,38,0.9744,0.0000,4,4,0,0,0,4,0,1.0000
8,104.0000,2,11,148.0385,-74.2329,-1.6744,39,1.0000,0.0000,4,4,0,0,0,4,0,1.0000
8,104.0000,2,15,693.2192,-89.3220,-0.2908,5,0.1282,1.0000,8,6,6,0,0,6,6,0.0000
8,104.0000,2,16,334.3775,-87.2148,0.1619,31,0.7949,0.2000,5,5,2,0,0,5,2,0.6000
8,104.0000,2,18,571.0130,-89.0537,0.2992,4,0.1026,0.7500,4,8,8,0,0,8,8,0.0000
8,104.0000,2,23,350.0052,-86.7751,0.3040,29,0.7436,0.5000,6,5,2,0,0,5,2,0.6000
8,104.0000,2,27,376.5745,-87.1510,0.1358,22,0.5641,0.8333,6,6,2,0,0,6,2,0.6667
8,104.0000,3,2,585.0740,-88.2552,-0.0827,14,0.3500,0.8571,7,8,8,0,0,8,8,0.0000
8,104.0000,3,7,544.4713,-87.8945,-0.4890,18,0.4500,0.7500,8,6,6,0,0,6,6,0.0000
8,104.0000,3,11,522.4062,-88.1165,-0.3950,18,0.4500,1.0000,8,8,8,0,0,8,8,0.0000
8,104.0000,3,14,578.8018,-89.0598,0.3326,6,0.1500,1.0000,8,6,6,0,0,6,6,0.0000
8,104.0000,3,15,353.0489,-85.1951,-0.9287,30,0.7500,0.4000,5,7,5,0,0,7,5,0.2857
8,104.0000,3,18,516.7972,-88.6954,0.3988,8,0.2000,1.0000,8,7,5,0,0,7,5,0.2857
8,104.0000,3,23,540.5265,-88.6487,-0.4558,7,0.1750,0.8750,8,8,8,0,0,8,8,0.0000
8,104.0000,3,25,568.3845,-88.0731,0.3692,9,0.2250,0.8571,7,8,8,0,0,8,8,0.0000
8,104.0000,4,0,521.5721,-89.0639,0.0564,12,0.3000,1.0000,8,8,8,0,0,8,8,0.0000
8,104.0000,4,1,224.9362,-81.6563,-1.4401,39,0.9750,0.0000,4,4,0,0,0,4,0,1.0000
8,104.0000,4,10,491.5436,-88.6610,0.0798,13,0.3250,0.7500,8,7,6,0,0,7,6,0.1429
8,104.0000,4,20,354.8687,-86.2436,0.4157,23,0.5750,0.6667,6,6,2,0,0,6,2,0.6667
8,104.0000,5,13,383.4933,-87.7475,0.1877,25,0.6250,0.5714,7,5,1,0,0,5,1,0.8000
8,104.0000,5,26,714.0247,-89.1141,0.6095,6,0.1500,1.0000,8,2,2,0,0,2,2,0.0000
8,104.0000,6,16,610.3511,-89.1242,-0.6053,7,0.1750,1.0000,8,8,8,0,0,8,8,0.0000
8,104.0000,6,19,535.1969,-88.5671,-0.0858,16,0.4000,1.0000,8,8,8,0,0,8,8,0.0000
8,104.0000,6,27,486.6118,-88.0331,-0.0399,21,0.5250,0.7500,8,8,8,0,0,8,8,0.0000
8,104.0000,7,2,223.1289,-82.5763,0.2526,39,0.9750,0.0000,4,4,0,0,0,4,0,1.0000
8,104.0000,7,3,544.4713,-88.1274,-0.2815,19,0.4750,0.6667,6,8,8,0,0,8,8,0.0000
8,104.0000,7,11,236.9299,-84.1427,0.4637,40,1.0000,0.0000,4,5,1,0,0,5,1,0.8000
8,104.0000,7,15,567.8919,-88.1585,-0.3335,16,0.4000,0.8571,7,8,8,0,0,8,8,0.0000
8,104.0000,7,16,342.1109,-86.6611,0.0318,26,0.6500,0.0000,4,6,2,0,0,6,2,0.6667
8,104.0000,7,18,636.2207,-89.5908,-0.1102,3,0.0750,1.0000,4,6,6,0,0,6,6,0.0000
8,104.0000,7,23,407.2247,-87.8435,0.0842,19,0.4750,0.7143,7,6,4,0,0,6,4,0.3333
8,104.0000,7,27,457.7598,-88.4285,-0.4377,17,0.4250,0.8750,8,8,7,0,0,8,7,0.1250
8,104.0000,8,9,545.9831,-89.0996,0.2613,10,0.2500,1.0000,8,8,7,0,0,8,7,0.1250
8,104.0000,8,12,470.2240,-88.1736,-0.1440,20,0.5000,0.7500,8,7,6,0,0,7,6,0.1429
8,104.0000,8,13,633.1713,-89.3100,0.0625,4,0.1000,1.0000,8,4,4,0,0,4,4,0.0000
8,104.0000,8,17,573.8603,-89.1584,0.5442,8,0.2000,1.0000,8,8,8,0,0,8,8,0.0000
8,104.0000,8,21,175.1841,-83.9704,1.7808,37,0.9250,0.0000,4,4,0,0,0,4,0,1.0000
8,104.0000,9,8,545.9831,-88.8582,-0.1561,9,0.2195,1.0000,8,8,8,66,60,74,68,0.0811
8,104.0000,9,12,427.6555,-88.0106,-0.2059,26,0.6341,0.5714,7,4,1,0,0,4,1,0.7500
8,104.0000,9,17,505.0361,-88.3289,-0.1244,17,0.4146,0.6667,6,8,7,0,0,8,7,0.1250
8,104.0000,9,21,559.4513,-88.7986,-0.3764,14,0.3415,1.0000,8,8,8,0,0,8,8,0.0000
8,104.0000,10,1,641.9244,-88.4997,-0.2131,4,0.1000,1.0000,2,4,4,0,0,4,4,0.0000
8,104.0000,10,4,491.5436,-88.5958,0.0016,15,0.3750,0.9178,73,8,7,125,95,133,102,0.2331
8,104.0000,10,20,244.8757,-83.2273,0.1515,40,1.0000,0.0000,4,4,0,0,0,4,0,1.0000
8,104.0000,10,22,466.5342,-87.8213,-0.1306,25,0.6250,0.1667,6,6,6,0,0,6,6,0.0000
8,104.0000,11,2,148.0385,-74.4485,-1.8411,39,0.9750,0.0000,4,4,0,0,0,4,0,1.0000
8,104.0000,11,3,522.4062,-88.1574,-0.0188,14,0.3500,0.8571,7,8,7,0,0,8,7,0.1250
8,104.0000,11,7,236.9299,-83.6852,0.4443,37,0.9250,0.0000,4,4,0,0,0,4,0,1.0000
8,104.0000,11,16,465.2126,-88.3479,-0.1998,16,0.4000,0.8571,7,8,8,0,0,8,8,0.0000
8,104.0000,11,23,448.3128,-88.1260,-0.1671,17,0.4250,0.8750,8,7,5,0,0,7,5,0.2857
8,104.0000,11,27,522.3479,-88.3246,0.2781,15,0.3750,0.7500,8,8,8,0,0,8,8,0.0000
8,104.0000,12,8,470.2240,-87.7173,0.0336,26,0.6341,0.6667,6,8,8,0,0,8,8,0.0000
8,104.0000,12,9,427.6555,-87.5320,0.0179,24,0.5854,1.0000,6,7,4,0,0,7,4,0.4286
8,104.0000,12,13,412.1814,-87.4455,-0.1785,26,0.6341,0.8750,8,7,4,0,0,7,4,0.4286
8,104.0000,12,17,398.7704,-87.7242,-0.0131,32,0.7805,0.5714,7,4,0,0,0,4,0,1.0000
8,104.0000,12,21,559.9581,-87.8504,0.1580,12,0.2927,0.6667,6,8,8,0,0,8,8,0.0000
8,104.0000,13,5,383.4933,-87.3221,0.4235,24,0.6000,0.4286,7,7,5,0,0,7,5,0.2857
8,104.0000,13,12,412.1814,-88.4845,0.0877,19,0.4750,0.5714,7,8,7,0,0,8,7,0.1250
8,104.0000,13,17,372.3474,-87.6295,0.1616,27,0.6750,0.7500,8,5,1,0,0,5,1,0.8000
8,104.0000,14,3,578.8018,-88.7015,-0.4935,9,0.2250,1.0000,8,6,6,0,0,6,6,0.0000
8,104.0000,14,15,414.2909,-87.7379,0.0594,23,0.5750,1.0000,8,7,5,0,0,7,5,0.2857
8,104.0000,14,24,268.3251,-83.9011,0.0080,40,1.0000,0.0000,4,6,2,0,0,6,2,0.6667
8,104.0000,14,25,361.2697,-86.9377,0.1736,24,0.6000,0.5000,6,6,2,0,0,6,2,0.6667
8,104.0000,15,2,693.2192,-88.7433,-0.7497,4,0.1000,1.0000,8,8,8,0,0,8,8,0.0000
8,104.0000,15,3,353.0489,-85.5353,-0.8298,35,0.8750,0.4000,5,8,7,0,0,8,7,0.1250
8,104.0000,15,7,567.8919,-88.1757,-0.0436,13,0.3250,0.8000,5,8,8,0,0,8,8,0.0000
8,104.0000,15,11,589.3924,-89.0659,0.2320,15,0.3750,0.6667,6,8,8,0,0,8,8,0.0000
8,104.0000,15,14,414.2909,-87.7543,-0.0091,15,0.3750,0.5000,6,6,2,0,0,6,2,0.6667
8,104.0000,15,25,301.9177,-86.5001,0.7377,29,0.7250,0.4000,5,4,0,0,0,4,0,1.0000
8,104.0000,16,2,334.3775,-86.4448,0.3840,30,0.7500,0.7143,7,7,3,0,0,7,3,0.5714
8,104.0000,16,6,610.3511,-88.7438,-0.2460,5,0.1250,0.8750,8,8,8,0,0,8,8,0.0000
8,104.0000,16,7,342.1109,-86.8463,0.8563,24,0.6000,0.4000,5,4,0,0,0,4,0,1.0000
8,104.0000,16,11,465.2126,-87.6631,0.0344,19,0.4750,0.6667,6,8,8,0,0,8,8,0.0000
8,104.0000,16,18,650.5538,-89.3713,0.0033,3,0.0750,1.0000,4,2,2,0,0,2,2,0.0000
8,104.0000,16,23,382.3537,-87.1761,-0.0982,18,0.4500,0.7143,7,4,0,0,0,4,0,1.0000
8,104.0000,16,27,151.7745,-78.7518,-0.7318,40,1.0000,0.0000,4,4,0,0,0,4,0,1.0000
8,104.0000,17,8,573.8603,-89.4687,0.1378,5,0.1250,1.0000,8,8,8,0,0,8,8,0.0000
8,104.0000,17,9,505.0361,-88.3068,0.1778,13,0.3250,1.0000,8,7,6,0,0,7,6,0.1429
8,104.0000,17,12,398.7704,-86.9001,-0.2967,22,0.5500,0.4000,5,6,3,0,0,6,3,0.5000
8,104.0000,17,13,372.3474,-87.3774,0.2857,26,0.6500,0.5714,7,6,3,0,0,6,3,0.5000
8,104.0000,18,2,571.0130,-89.3663,0.0319,3,0.0750,1.0000,6,8,7,0,0,8,7,0.1250
8,104.0000,18,3,516.7972,-88.4103,0.2268,9,0.2250,0.8000,5,7,6,0,0,7,6,0.1429
8,104.0000,18,23,270.6169,-85.2387,0.2502,31,0.7750,0.4000,5,4,0,0,0,4,0,1.0000
8,104.0000,18,27,638.0245,-88.9267,0.4712,3,0.0750,,0,8,7,0,0,8,7,0.1250
8,104.0000,19,6,535.1969,-88.1382,-0.0021,18,0.4500,0.7500,8,8,7,0,0,8,7,0.1250
8,104.0000,19,26,426.4076,-88.0100,0.2855,17,0.4250,0.8571,7,5,2,0,0,5,2,0.6000
8,104.0000,19,27,680.1633,-89.6021,0.0719,4,0.1000,1.0000,4,8,8,0,0,8,8,0.0000
8,104.0000,20,0,531.4441,-88.4039,0.4665,8,0.2000,1.0000,8,8,7,0,0,8,7,0.1250
8,104.0000,20,1,461.7657,-88.1718,-0.1144,15,0.3750,0.8333,6,6,2,0,0,6,2,0.6667
8,104.0000,20,4,354.8687,-86.8269,0.1853,22,0.5500,0.4000,5,5,1,0,0,5,1,0.8000
8,104.0000,20,10,244.8757,-83.2157,-0.4089,39,0.9750,0.0000,4,4,0,0,0,4,0,1.0000
8,104.0000,20,22,658.4077,-89.1231,-0.3933,7,0.1750,1.0000,4,6,6,0,0,6,6,0.0000
8,104.0000,21,8,175.1841,-83.5906,1.8029,36,0.9231,0.0000,4,4,0,0,0,4,0,1.0000
8,104.0000,21,9,559.4513,-88.6253,-0.0256,16,0.4103,1.0000,8,8,8,0,0,8,8,0.0000
8,104.0000,21,12,559.9581,-88.3028,-0.4467,7,0.1795,0.8750,8,8,8,0,0,8,8,0.0000
8,104.0000,22,10,466.5342,-87.1989,-0.4953,13,0.3250,0.7143,7,7,6,0,0,7,6,0.1429
8,104.0000,23,2,350.0052,-87.2691,0.1893,23,0.5750,0.8571,7,5,1,0,0,5,1,0.8000
8,104.0000,23,3,540.5265,-88.1978,-0.3676,9,0.2250,1.0000,8,8,8,0,0,8,8,0.0000
8,104.0000,23,7,407.2247,-88.3021,-0.1211,19,0.4750,0.6667,6,6,3,0,0,6,3,0.5000
8,104.0000,23,11,448.3128,-88.1248,0.3089,17,0.4250,0.7143,7,8,8,0,0,8,8,0.0000
8,104.0000,23,16,382.3537,-87.3445,0.3981,21,0.5250,0.8750,8,4,0,0,0,4,0,1.0000
8,104.0000,23,18,270.6169,-85.3322,0.2461,38,0.9500,0.5000,6,5,1,0,0,5,1,0.8000
8,104.0000,23,27,390.3161,-87.1640,0.2626,17,0.4250,0.7143,7,5,1,0,0,5,1,0.8000
8,104.0000,24,14,268.3251,-83.2364,-0.3796,40,1.0000,0.0000,4,4,0,0,0,4,0,1.0000
8,104.0000,24,25,600.9631,-89.1783,-0.2222,8,0.2000,1.0000,8,8,8,0,0,8,8,0.0000
8,104.0000,25,3,568.3845,-88.4690,0.1310,14,0.3500,1.0000,8,8,8,0,0,8,8,0.0000
8,104.0000,25,14,361.2697,-87.5113,0.4270,17,0.4250,0.8571,7,4,0,0,0,4,0,1.0000
8,104.0000,25,15,301.9177,-86.1095,0.3902,30,0.7500,0.7143,7,4,0,0,0,4,0,1.0000
8,104.0000,25,24,600.9631,-89.2640,0.0098,9,0.2250,1.0000,8,6,6,0,0,6,6,0.0000
8,104.0000,26,5,714.0247,-89.7505,0.1085,4,0.0976,1.0000,8,6,6,0,0,6,6,0.0000
8,104.0000,26,19,426.4076,-88.0990,0.0927,20,0.4878,0.8571,7,6,2,0,0,6,2,0.6667
8,104.0000,27,2,376.5745,-87.4514,0.7621,24,0.6000,0.0000,4,6,3,0,0,6,3,0.5000
8,104.0000,27,6,486.6118,-87.8734,-0.0228,19,0.4750,0.7500,8,8,8,0,0,8,8,0.0000
8,104.0000,27,7,457.7598,-88.1653,0.1806,18,0.4500,0.8571,7,8,8,0,0,8,8,0.0000
8,104.0000,27,11,522.3479,-88.5196,-0.0973,23,0.5750,0.8571,7,8,8,0,0,8,8,0.0000
8,104.0000,27,16,151.7745,-78.0013,-0.3189,38,0.9500,0.0000,4,4,0,0,0,4,0,1.0000
8,104.0000,27,23,390.3161,-88.1944,0.4431,16,0.4000,0.7500,8,7,4,0,0,7,4,0.4286
8,108.0000,0,1,366.1324,-86.5427,-0.0050,32,0.8000,0.6250,8,5,1,0,0,5,1,0.8000
8,108.0000,0,4,525.8554,-87.6874,0.3370,9,0.2250,1.0000,8,8,6,0,0,8,6,0.2500
8,108.0000,0,20,386.0180,-87.7326,0.9149,19,0.4750,0.7143,7,5,2,0,0,5,2,0.6000
8,108.0000,1,0,366.1324,-86.6926,-0.2176,35,0.8750,0.7143,7,6,3,0,0,6,3,0.5000
8,108.0000,1,4,360.3365,-84.4660,-1.0592,35,0.8750,0.0000,4,5,2,0,0,5,2,0.6000
8,108.0000,1,20,434.9273,-87.5983,0.1608,22,0.5500,0.5714,7,6,3,0,0,6,3,0.5000
8,108.0000,2,3,696.0225,-89.0066,-0.2011,4,0.1000,1.0000,8,2,2,0,0,2,2,0.0000
8,108.0000,2,7,251.9463,-83.4280,-0.4143,38,0.9500,0.0000,4,4,0,0,0,4,0,1.0000
8,108.0000,2,11,284.4420,-82.1010,-1.3053,38,0.9500,0.0000,4,6,3,0,0,6,3,0.5000
8,108.0000,2,16,285.7068,-85.5881,0.2536,33,0.8250,0.4000,5,5,2,0,0,5,2,0.6000
8,108.0000,2,18,437.0344,-89.2902,0.3340,14,0.3500,1.0000,8,5,2,0,0,5,2,0.6000
8,108.0000,2,23,276.2240,-85.6328,0.2555,35,0.8750,0.4000,5,4,0,0,0,4,0,1.0000
8,108.0000,2,27,297.3299,-86.3658,0.7574,34,0.8500,0.3333,6,5,1,0,0,5,1,0.8000
8,108.0000,3,2,696.0225,-87.7710,-1.4745,5,0.1250,1.0000,8,8,8,0,0,8,8,0.0000
8,108.0000,3,7,709.3767,-88.8495,-0.3621,4,0.1000,1.0000,6,8,8,0,0,8,8,0.0000
8,108.0000,3,11,527.4490,-88.8070,-0.2186,13,0.3250,1.0000,8,8,8,0,0,8,8,0.0000
8,108.0000,3,15,510.2522,-87.5142,-0.5295,28,0.7000,0.7143,7,8,8,0,0,8,8,0.0000
8,108.0000,3,18,470.7846,-88.1173,0.2436,16,0.4000,0.7143,7,8,8,0,0,8,8,0.0000
8,108.0000,3,23,565.7121,-88.8634,-0.5677,9,0.2250,1.0000,8,8,8,0,0,8,8,0.0000
8,108.0000,3,25,596.9968,-88.7143,-0.0030,4,0.1000,1.0000,8,8,8,0,0,8,8,0.0000
8,108.0000,4,0,525.8554,-88.6026,0.1035,12,0.3077,1.0000,8,8,7,0,0,8,7,0.1250
8,108.0000,4,1,360.3365,-84.9993,-0.5396,36,0.9231,0.0000,4,5,2,0,0,5,2,0.6000
8,108.0000,4,10,423.7857,-87.6083,-0.1251,15,0.3846,0.8571,7,7,4,0,0,7,4,0.4286
8,108.0000,4,20,304.2501,-85.9141,0.3727,34,0.8718,0.3333,6,5,1,0,0,5,1,0.8000
8,108.0000,5,13,318.4456,-86.5459,0.3049,32,0.8205,0.2000,5,4,0,0,0,4,0,1.0000
8,108.0000,5,17,535.1542,-89.6189,-0.2276,3,0.0769,1.0000,8,8,8,0,0,8,8,0.0000
8,108.0000,6,16,708.0111,-88.6705,-0.0785,3,0.0750,1.0000,8,2,2,0,0,2,2,0.0000
8,108.0000,6,19,577.8343,-88.5729,0.4861,8,0.2000,1.0000,8,8,8,0,0,8,8,0.0000
8,108.0000,6,27,613.6215,-87.8123,-0.5171,11,0.2750,1.0000,8,8,8,0,0,8,8,0.0000
8,108.0000,7,2,251.9463,-82.8323,0.1898,37,0.9250,0.0000,4,4,0,0,0,4,0,1.0000
8,108.0000,7,10,631.0378,-87.7570,-0.7268,3,0.0750,1.0000,8,8,8,0,0,8,8,0.0000
8,108.0000,7,11,304.4242,-84.1636,-0.3637,39,0.9750,0.2000,5,7,5,0,0,7,5,0.2857
8,108.0000,7,15,738.7684,-87.7840,-1.5302,3,0.0750,1.0000,8,2,2,0,0,2,2,0.0000
8,108.0000,7,16,254.3160,-85.0402,0.2904,37,0.9250,0.3333,6,5,2,0,0,5,2,0.6000
8,108.0000,7,18,556.5488,-89.3780,0.0969,9,0.2250,1.0000,6,7,5,0,0,7,5,0.2857
8,108.0000,7,22,599.4822,-88.5245,0.4151,4,0.1000,0.8000,5,8,8,0,0,8,8,0.0000
8,108.0000,7,23,363.5025,-87.5194,0.3064,28,0.7000,0.6667,6,7,4,0,0,7,4,0.4286
8,108.0000,7,27,394.5430,-87.3346,0.1414,22,0.5500,0.8750,8,6,3,0,0,6,3,0.5000
8,108.0000,8,9,527.1786,-88.4028,0.1643,8,0.2000,0.8750,8,7,6,0,0,7,6,0.1429
8,108.0000,8,12,543.8684,-88.4046,-0.0191,15,0.3750,0.8571,7,7,6,0,0,7,6,0.1429
8,108.0000,8,13,598.9257,-89.4826,0.0074,4,0.1000,1.0000,4,8,8,0,0,8,8,0.0000
8,108.0000,8,17,644.2837,-88.5605,-0.3567,6,0.1500,1.0000,8,4,4,0,0,4,4,0.0000
8,108.0000,8,21,114.8703,-77.7633,0.9866,40,1.0000,0.0000,4,4,0,0,0,4,0,1.0000
8,108.0000,9,8,527.1786,-88.7696,0.2904,11,0.2750,0.9189,74,8,8,141,131,149,139,0.0671
8,108.0000,9,12,412.4535,-87.4411,0.2810,23,0.5750,0.2500,4,6,2,0,0,6,2,0.6667
8,108.0000,9,17,544.0094,-88.5468,0.5390,19,0.4750,0.8750,8,7,6,0,0,7,6,0.1429
8,108.0000,9,21,639.5845,-88.3167,0.3352,8,0.2000,1.0000,8,6,6,0,0,6,6,0.0000
8,108.0000,10,1,673.6105,-89.6451,-0.4557,4,0.1000,1.0000,4,4,4,0,0,4,4,0.0000
8,108.0000,10,4,423.7857,-87.9688,0.2338,17,0.4250,0.7669,133,4,0,102,49,106,49,0.5377
8,108.0000,10,20,306.3920,-84.6833,-0.7829,35,0.8750,0.0000,4,4,0,0,0,4,0,1.0000
8,108.0000,10,22,550.1352,-88.3447,-0.1321,15,0.3750,1.0000,6,7,6,0,0,7,6,0.1429
8,108.0000,11,2,284.4420,-82.2490,-1.3280,40,1.0000,0.0000,4,6,3,0,0,6,3,0.5000
8,108.0000,11,3,527.4490,-88.4070,0.1875,10,0.2500,0.8750,8,8,8,0,0,8,8,0.0000
8,108.0000,11,7,304.4242,-84.0816,-0.3938,34,0.8500,0.0000,4,5,2,0,0,5,2,0.6000
8,108.0000,11,15,602.1487,-88.7567,-1.0473,4,0.1000,1.0000,8,8,8,0,0,8,8,0.0000
8,108.0000,11,16,488.7173,-87.8668,-0.1581,11,0.2750,1.0000,8,8,8,0,0,8,8,0.0000
8,108.0000,11,18,500.1811,-88.8260,-0.2199,11,0.2750,1.0000,6,7,5,0,0,7,5,0.2857
8,108.0000,11,23,405.5574,-87.9106,0.4189,21,0.5250,0.7143,7,6,4,0,0,6,4,0.3333
8,108.0000,11,27,555.0646,-88.8777,-0.0095,6,0.1500,1.0000,8,8,8,0,0,8,8,0.0000
8,108.0000,12,5,671.9468,-89.2458,0.0639,3,0.0750,1.0000,6,2,2,0,0,2,2,0.0000
8,108.0000,12,8,543.8684,-87.9902,-0.1739,11,0.2750,1.0000,8,8,8,0,0,8,8,0.0000
8,108.0000,12,9,412.4535,-87.7723,0.1126,22,0.5500,0.5714,7,5,1,0,0,5,1,0.8000
8,108.0000,12,13,395.9259,-87.2654,0.2276,22,0.5500,0.5714,7,7,6,0,0,7,6,0.1429
8,108.0000,12,17,421.2891,-87.8316,0.3073,29,0.7250,0.0000,4,5,2,0,0,5,2,0.6000
8,108.0000,12,21,621.8111,-88.9899,0.1155,7,0.1750,1.0000,8,8,8,0,0,8,8,0.0000
8,108.0000,13,5,318.4456,-86.9611,-0.2256,33,0.8250,0.7143,7,5,1,0,0,5,1,0.8000
8,108.0000,13,8,598.9257,-88.2803,-0.6203,4,0.1000,1.0000,8,8,7,0,0,8,7,0.1250
8,108.0000,13,12,395.9259,-86.9945,-0.2226,25,0.6250,0.8750,8,5,2,0,0,5,2,0.6000
8,108.0000,13,17,329.6083,-85.9849,0.6624,30,0.7500,0.2000,5,6,2,0,0,6,2,0.6667
8,108.0000,14,3,675.3533,-89.1235,-0.0483,4,0.0976,1.0000,6,4,4,0,0,4,4,0.0000
8,108.0000,14,15,331.7442,-87.4472,0.4651,29,0.7073,0.7143,7,6,2,0,0,6,2,0.6667
8,108.0000,14,24,370.2152,-85.3365,-0.0323,36,0.8780,0.3333,6,7,6,0,0,7,6,0.1429
8,108.0000,14,25,302.0760,-85.6478,0.2218,32,0.7805,0.3333,6,5,1,0,0,5,1,0.8000
8,108.0000,15,3,510.2522,-87.4946,-0.5913,22,0.5500,0.8750,8,8,8,0,0,8,8,0.0000
8,108.0000,15,11,602.1487,-88.5800,-0.1742,12,0.3000,1.0000,8,8,8,0,0,8,8,0.0000
8,108.0000,15,14,331.7442,-86.6739,0.4234,29,0.7250,0.3333,6,6,2,0,0,6,2,0.6667
8,108.0000,15,24,670.4123,-89.1024,-0.4088,6,0.1500,1.0000,8,6,6,0,0,6,6,0.0000
8,108.0000,15,25,219.9438,-84.2445,0.9505,39,0.9750,0.0000,4,4,0,0,0,4,0,1.0000
8,108.0000,16,2,285.7068,-85.2260,0.5588,38,0.9500,0.4286,7,4,0,0,0,4,0,1.0000
8,108.0000,16,7,254.3160,-84.7589,0.4837,33,0.8250,0.0000,4,4,0,0,0,4,0,1.0000
8,108.0000,16,11,488.7173,-87.8845,-0.2969,14,0.3500,1.0000,8,8,8,0,0,8,8,0.0000
8,108.0000,16,18,494.1165,-88.0462,0.2228,9,0.2250,1.0000,2,7,5,0,0,7,5,0.2857
8,108.0000,16,23,283.1724,-86.3071,0.6420,35,0.8750,0.0000,4,4,0,0,0,4,0,1.0000
8,108.0000,16,27,177.6631,-79.5251,0.3627,39,0.9750,0.0000,4,4,0,0,0,4,0,1.0000
8,108.0000,17,5,535.1542,-88.7630,0.4376,5,0.1250,1.0000,8,8,8,0,0,8,8,0.0000
8,108.0000,17,8,644.2837,-88.6207,-0.1245,5,0.1250,1.0000,8,4,4,0,0,4,4,0.0000
8,108.0000,17,9,544.0094,-88.4401,-0.0040,16,0.4000,0.8571,7,7,5,0,0,7,5,0.2857
8,108.0000,17,12,421.2891,-87.2611,-0.3362,21,0.5250,0.5000,6,7,6,0,0,7,6,0.1429
8,108.0000,17,13,329.6083,-86.4637,0.1228,32,0.8000,0.5000,6,5,1,0,0,5,1,0.8000
8,108.0000,18,2,437.0344,-88.6708,0.0500,13,0.3250,0.8750,8,5,1,0,0,5,1,0.8000
8,108.0000,18,3,470.7846,-88.4872,0.2173,20,0.5000,0.8571,7,7,6,0,0,7,6,0.1429
8,108.0000,18,7,556.5488,-89.2833,0.2274,4,0.1000,1.0000,8,8,8,0,0,8,8,0.0000
8,108.0000,18,11,500.1811,-88.4169,0.4149,9,0.2250,1.0000,8,6,5,0,0,6,5,0.1667
8,108.0000,18,16,494.1165,-88.3573,-2.1863,3,0.0750,1.0000,8,6,3,0,0,6,3,0.5000
8,108.0000,18,23,213.7400,-83.7131,0.6643,38,0.9500,0.0000,4,4,0,0,0,4,0,1.0000
8,108.0000,18,27,446.5893,-87.7545,0.6566,11,0.2750,0.8750,8,6,4,0,0,6,4,0.3333
8,108.0000,19,6,577.8343,-88.7696,0.2322,7,0.1750,0.8750,8,8,8,0,0,8,8,0.0000
8,108.0000,19,26,385.8674,-87.2174,0.2857,28,0.7000,0.4000,5,6,3,0,0,6,3,0.5000
8,108.0000,20,0,386.0180,-87.5260,0.4673,24,0.6000,0.8750,8,6,2,0,0,6,2,0.6667
8,108.0000,20,1,434.9273,-88.2992,0.3483,12,0.3000,0.3333,6,9,7,0,0,9,7,0.2222
8,108.0000,20,4,304.2501,-86.3003,0.1845,34,0.8500,0.2000,5,5,1,0,0,5,1,0.8000
8,108.0000,20,10,306.3920,-84.9978,-0.4625,37,0.9250,0.0000,4,6,3,0,0,6,3,0.5000
8,108.0000,21,8,114.8703,-78.1113,0.7813,40,1.0000,0.0000,4,4,0,0,0,4,0,1.0000
8,108.0000,21,9,639.5845,-88.9739,-0.0372,9,0.2250,1.0000,8,6,6,0,0,6,6,0.0000
8,108.0000,21,12,621.8111,-88.8054,-0.0389,8,0.2000,1.0000,8,6,6,0,0,6,6,0.0000
8,108.0000,21,13,637.4116,-88.8209,0.7131,3,0.0750,,0,7,6,0,0,7,6,0.1429
8,108.0000,22,7,599.4822,-88.7672,-0.4170,5,0.1250,1.0000,4,8,8,0,0,8,8,0.0000
8,108.0000,22,10,550.1352,-88.0460,0.0126,12,0.3000,0.8571,7,8,8,0,0,8,8,0.0000
8,108.0000,22,11,676.0875,-88.8019,-1.0723,3,0.0750,1.0000,8,8,8,0,0,8,8,0.0000
8,108.0000,23,2,276.2240,-85.9268,0.5259,35,0.8750,0.2000,5,4,0,0,0,4,0,1.0000
8,108.0000,23,3,565.7121,-88.9765,-0.1808,15,0.3750,1.0000,8,7,6,0,0,7,6,0.1429
8,108.0000,23,7,363.5025,-87.0081,0.2570,25,0.6250,0.5000,6,5,1,0,0,5,1,0.8000
8,108.0000,23,11,405.5574,-87.4933,0.6196,24,0.6000,1.0000,8,6,3,0,0,6,3,0.5000
8,108.0000,23,16,283.1724,-85.5145,0.7847,33,0.8250,0.0000,4,4,0,0,0,4,0,1.0000
8,108.0000,23,18,213.7400,-82.9952,-0.0705,38,0.9500,0.2000,5,4,0,0,0,4,0,1.0000
8,108.0000,23,27,272.4839,-85.2261,0.4876,29,0.7250,0.2000,5,4,0,0,0,4,0,1.0000
8,108.0000,24,14,370.2152,-85.5393,-0.8908,31,0.7750,0.0000,4,8,7,0,0,8,7,0.1250
8,108.0000,25,3,596.9968,-89.5869,0.0750,6,0.1500,1.0000,8,8,8,0,0,8,8,0.0000
8,108.0000,25,14,302.0760,-85.5611,-0.3162,29,0.7250,0.0000,4,5,1,0,0,5,1,0.8000
8,108.0000,25,15,219.9438,-84.1319,0.7670,38,0.9500,0.0000,4,4,0,0,0,4,0,1.0000
8,108.0000,25,24,652.8909,-89.3414,-0.5585,3,0.0750,1.0000,6,2,2,0,0,2,2,0.0000
8,108.0000,26,19,385.8674,-87.3410,0.1317,30,0.7500,0.3333,6,6,3,0,0,6,3,0.5000
8,108.0000,27,2,297.3299,-86.4284,0.1058,33,0.8250,0.5000,6,4,0,0,0,4,0,1.0000
8,108.0000,27,6,613.6215,-88.5629,-0.5172,16,0.4000,1.0000,8,6,6,0,0,6,6,0.0000
8,108.0000,27,7,394.5430,-88.1088,0.2193,26,0.6500,1.0000,8,7,5,0,0,7,5,0.2857
8,108.0000,27,11,555.0646,-88.6256,-0.0198,10,0.2500,1.0000,8,7,6,0,0,7,6,0.1429
8,108.0000,27,16,177.6631,-80.1393,-0.4570,39,0.9750,0.0000,4,4,0,0,0,4,0,1.0000
8,108.0000,27,18,446.5893,-88.3110,0.2281,14,0.3500,0.8750,8,7,4,0,0,7,4,0.4286
8,108.0000,27,23,272.4839,-85.9016,0.8765,32,0.8000,0.5714,7,4,0,0,0,4,0,1.0000
8,112.0000,0,1,355.4708,-87.0342,-0.2232,27,0.6750,0.2000,5,5,2,0,0,5,2,0.6000
8,112.0000,0,4,554.2747,-88.8592,-0.1024,14,0.3500,0.7500,8,7,5,0,0,7,5,0.2857
8,112.0000,0,10,590.9250,-89.2094,-0.4510,3,0.0750,1.0000,2,8,8,0,0,8,8,0.0000
8,112.0000,0,20,223.0192,-85.1306,0.9356,36,0.9000,0.4000,5,4,0,0,0,4,0,1.0000
8,112.0000,1,0,355.4708,-86.7286,0.1923,31,0.7949,0.5000,6,4,0,0,0,4,0,1.0000
8,112.0000,1,4,447.2432,-87.0920,-0.2196,23,0.5897,0.4000,5,8,7,0,0,8,7,0.1250
8,112.0000,1,20,371.8310,-86.3523,0.8108,28,0.7179,0.5000,6,4,0,0,0,4,0,1.0000
8,112.0000,2,7,278.5838,-84.4565,-0.5349,39,0.9750,0.0000,4,5,1,0,0,5,1,0.8000
8,112.0000,2,11,430.1120,-86.1146,-0.3676,31,0.7750,0.5000,6,8,6,0,0,8,6,0.2500
8,112.0000,2,16,287.3451,-84.7911,0.4068,38,0.9500,0.4000,5,5,1,0,0,5,1,0.8000
8,112.0000,2,18,322.5148,-87.0109,0.5979,28,0.7000,0.4000,5,4,0,0,0,4,0,1.0000
8,112.0000,2,23,245.4539,-83.7300,0.4730,39,0.9750,0.0000,4,4,0,0,0,4,0,1.0000
8,112.0000,2,27,267.1397,-85.0880,0.4445,38,0.9500,0.2000,5,4,0,0,0,4,0,1.0000
8,112.0000,3,11,552.3591,-88.7326,0.1126,12,0.3000,1.0000,8,8,8,0,0,8,8,0.0000
8,112.0000,3,15,662.5090,-88.3781,-0.5459,5,0.1250,1.0000,8,4,4,0,0,4,4,0.0000
8,112.0000,3,18,552.7590,-88.1932,-0.1067,16,0.4000,1.0000,8,8,8,0,0,8,8,0.0000
8,112.0000,3,23,644.9805,-88.5695,0.1421,5,0.1250,1.0000,8,4,4,0,0,4,4,0.0000
8,112.0000,3,25,608.8820,-88.3461,0.2226,3,0.0750,1.0000,8,8,7,0,0,8,7,0.1250
8,112.0000,4,0,554.2747,-88.1001,0.6017,6,0.1500,0.8750,8,7,6,0,0,7,6,0.1429
8,112.0000,4,1,447.2432,-87.4756,-0.6606,27,0.6750,0.4000,5,8,7,0,0,8,7,0.1250
8,112.0000,4,10,338.1539,-86.9496,0.4744,23,0.5750,0.5714,7,4,0,0,0,4,0,1.0000
8,112.0000,4,20,367.6983,-85.5373,-0.6404,29,0.7250,0.2000,5,7,5,0,0,7,5,0.2857
8,112.0000,5,13,255.1276,-84.8772,1.1025,38,0.9500,0.0000,4,4,0,0,0,4,0,1.0000
8,112.0000,5,17,434.1111,-88.8028,0.0828,19,0.4750,1.0000,8,5,2,0,0,5,2,0.6000
8,112.0000,6,19,642.8626,-88.8926,-0.4248,7,0.1750,1.0000,8,6,6,0,0,6,6,0.0000
8,112.0000,7,2,278.5838,-84.2699,-0.3707,40,1.0000,0.0000,4,6,4,0,0,6,4,0.3333
8,112.0000,7,10,650.5690,-88.8585,-0.0014,4,0.1000,1.0000,8,8,8,0,0,8,8,0.0000
8,112.0000,7,11,431.3151,-86.6871,-0.4962,29,0.7250,0.7143,7,8,7,0,0,8,7,0.1250
8,112.0000,7,16,230.6851,-83.1168,-0.0013,40,1.0000,0.4000,5,5,1,0,0,5,1,0.8000
8,112.0000,7,18,464.2811,-88.5085,0.4750,15,0.3750,0.7143,7,6,3,0,0,6,3,0.5000
8,112.0000,7,22,575.7226,-88.2164,1.4132,4,0.1000,1.0000,8,8,8,0,0,8,8,0.0000
8,112.0000,7,23,311.2893,-86.4551,0.3562,35,0.8750,0.5714,7,4,0,0,0,4,0,1.0000
8,112.0000,7,27,384.1556,-87.2947,0.0090,28,0.7000,0.5000,6,5,1,0,0,5,1,0.8000
8,112.0000,8,9,541.0563,-88.3689,-0.1926,10,0.2500,0.8571,7,6,4,0,0,6,4,0.3333
8,112.0000,8,12,524.4489,-88.7757,0.0115,9,0.2250,0.8571,7,7,6,0,0,7,6,0.1429
8,112.0000,8,13,596.7965,-88.8164,-0.0089,7,0.1750,1.0000,8,6,6,0,0,6,6,0.0000
8,112.0000,8,21,259.8563,-80.8679,-2.3894,39,0.9750,0.0000,4,5,2,0,0,5,2,0.6000
8,112.0000,9,8,541.0563,-88.6673,-0.1832,14,0.3500,0.9329,149,6,4,2,2,8,6,0.2500
8,112.0000,9,12,370.1577,-87.3859,0.4416,31,0.7750,0.3333,6,4,0,61,26,65,26,0.6000
8,112.0000,9,17,589.8705,-88.7717,0.1330,9,0.2250,0.8571,7,10,10,0,0,10,10,0.0000
8,112.0000,10,0,590.9250,-89.2093,-0.6053,3,0.0750,1.0000,6,8,8,0,0,8,8,0.0000
8,112.0000,10,1,640.7024,-89.8925,0.0544,3,0.0750,1.0000,4,8,8,0,0,8,8,0.0000
8,112.0000,10,4,338.1539,-86.6696,0.4625,34,0.8500,0.4623,106,5,2,97,30,102,32,0.6863
8,112.0000,10,7,650.5690,-89.0570,0.8334,4,0.1000,1.0000,8,8,8,0,0,8,8,0.0000
8,112.0000,10,20,372.0515,-86.3256,-0.1876,30,0.7500,0.0000,4,7,6,0,0,7,6,0.1429
8,112.0000,10,22,650.7757,-88.7217,-0.3020,10,0.2500,0.8571,7,6,6,0,0,6,6,0.0000
8,112.0000,11,2,430.1120,-86.4180,-0.8457,30,0.7500,0.5000,6,7,6,0,0,7,6,0.1429
8,112.0000,11,3,552.3591,-88.3811,0.6139,9,0.2250,1.0000,8,7,6,0,0,7,6,0.1429
8,112.0000,11,7,431.3151,-86.7340,0.3613,26,0.6500,0.4000,5,8,8,0,0,8,8,0.0000
8,112.0000,11,15,622.6121,-89.0307,0.2333,9,0.2250,1.0000,8,8,8,0,0,8,8,0.0000
8,112.0000,11,16,516.8192,-88.1642,-0.3211,19,0.4750,1.0000,8,7,6,0,0,7,6,0.1429
8,112.0000,11,18,427.6012,-87.8148,0.4886,20,0.5000,0.7143,7,8,7,0,0,8,7,0.1250
8,112.0000,11,22,628.3554,-88.8741,0.1085,5,0.1250,1.0000,6,8,8,0,0,8,8,0.0000
8,112.0000,11,23,398.9740,-87.3654,-0.1881,24,0.6000,0.6667,6,7,4,0,0,7,4,0.4286
8,112.0000,11,25,589.9551,-88.5892,0.1491,6,0.1500,1.0000,8,8,8,0,0,8,8,0.0000
8,112.0000,11,27,594.2629,-88.6579,0.5294,7,0.1750,1.0000,8,6,6,0,0,6,6,0.0000
8,112.0000,12,5,610.3247,-88.9997,-0.2668,3,0.0750,1.0000,2,8,8,0,0,8,8,0.0000
8,112.0000,12,8,524.4489,-88.8080,-0.0677,11,0.2750,1.0000,8,7,5,0,0,7,5,0.2857
8,112.0000,12,9,370.1577,-86.6830,0.3414,25,0.6250,0.2000,5,5,1,47,18,52,19,0.6346
8,112.0000,12,13,405.2092,-87.6948,0.1811,25,0.6250,0.8571,7,8,5,0,0,8,5,0.3750
8,112.0000,12,17,470.1575,-87.8334,0.1676,13,0.3250,0.4000,5,8,8,0,0,8,8,0.0000
8,112.0000,12,21,594.0948,-88.6917,0.7074,4,0.1000,1.0000,8,8,8,0,0,8,8,0.0000
8,112.0000,13,5,255.1276,-85.2053,0.4786,39,0.9750,0.2000,5,5,1,0,0,5,1,0.8000
8,112.0000,13,8,596.7965,-88.7434,-0.4247,5,0.1250,0.8750,8,8,8,0,0,8,8,0.0000
8,112.0000,13,12,405.2092,-87.3800,-0.5218,23,0.5750,0.4000,5,5,1,0,0,5,1,0.8000
8,112.0000,13,17,349.8149,-86.0467,-0.2572,37,0.9250,0.3333,6,6,3,0,0,6,3,0.5000
8,112.0000,13,21,494.5764,-88.1445,0.8025,14,0.3500,1.0000,8,7,6,0,0,7,6,0.1429
8,112.0000,14,15,258.2417,-85.2428,0.3006,36,0.9000,0.3333,6,4,0,0,0,4,0,1.0000
8,112.0000,14,24,511.2755,-87.2574,-0.3114,20,0.5000,0.8571,7,6,6,0,0,6,6,0.0000
8,112.0000,14,25,311.0780,-85.5643,0.0177,32,0.8000,0.2000,5,6,2,0,0,6,2,0.6667
8,112.0000,15,3,662.5090,-88.8850,-0.1876,9,0.2250,1.0000,8,6,6,0,0,6,6,0.0000
8,112.0000,15,11,622.6121,-88.8325,-0.3122,4,0.1000,1.0000,8,8,8,0,0,8,8,0.0000
8,112.0000,15,14,258.2417,-85.1152,0.3670,37,0.9250,0.3333,6,4,0,0,0,4,0,1.0000
8,112.0000,15,25,210.0500,-81.8264,0.1180,40,1.0000,0.0000,4,5,1,0,0,5,1,0.8000
8,112.0000,16,2,287.3451,-84.8068,-0.1515,37,0.9250,0.0000,4,4,0,0,0,4,0,1.0000
8,112.0000,16,7,230.6851,-83.1184,0.2566,37,0.9250,0.0000,4,4,0,0,0,4,0,1.0000
8,112.0000,16,11,516.8192,-87.6097,-0.8448,10,0.2500,1.0000,8,8,8,0,0,8,8,0.0000
8,112.0000,16,18,340.1598,-86.9686,0.5783,17,0.4250,0.7143,7,4,0,0,0,4,0,1.0000
8,112.0000,16,23,187.8826,-82.8192,0.9258,38,0.9500,0.0000,4,4,0,0,0,4,0,1.0000
8,112.0000,16,27,200.4667,-81.4529,0.1174,40,1.0000,0.0000,4,4,0,0,0,4,0,1.0000
8,112.0000,17,5,434.1111,-88.4937,0.4286,17,0.4250,1.0000,8,7,4,0,0,7,4,0.4286
8,112.0000,17,9,589.8705,-88.8447,-0.3670,5,0.1250,0.7143,7,8,8,0,0,8,8,0.0000
8,112.0000,17,12,470.1575,-87.2344,-0.2077,23,0.5750,0.8571,7,5,4,0,0,5,4,0.2000
8,112.0000,17,13,349.8149,-85.7665,-0.3504,35,0.8750,0.2000,5,5,2,0,0,5,2,0.6000
8,112.0000,18,2,322.5148,-87.0406,0.4318,30,0.7500,0.2000,5,4,0,0,0,4,0,1.0000
8,112.0000,18,3,552.7590,-88.4845,-0.2888,12,0.3000,0.8571,7,8,8,0,0,8,8,0.0000
8,112.0000,18,7,464.2811,-88.5490,0.0137,16,0.4000,1.0000,8,8,7,0,0,8,7,0.1250
8,112.0000,18,11,427.6012,-88.3698,0.2591,20,0.5000,0.8333,6,7,4,0,0,7,4,0.4286
8,112.0000,18,16,340.1598,-87.0890,0.7421,18,0.4500,0.5000,6,4,0,0,0,4,0,1.0000
8,112.0000,18,23,162.5121,-81.0448,0.7583,38,0.9500,0.0000,4,4,0,0,0,4,0,1.0000
8,112.0000,18,27,280.5223,-86.3651,1.0612,32,0.8000,0.6667,6,4,0,0,0,4,0,1.0000
8,112.0000,19,6,642.8626,-88.0491,-0.0905,4,0.1000,1.0000,8,2,2,0,0,2,2,0.0000
8,112.0000,19,26,369.5410,-86.9856,-0.2999,36,0.9000,0.5000,6,7,4,0,0,7,4,0.4286
8,112.0000,20,0,223.0192,-85.2936,1.1815,39,0.9750,0.3333,6,4,0,0,0,4,0,1.0000
8,112.0000,20,1,371.8310,-87.2449,0.0526,30,0.7500,0.7778,9,5,2,0,0,5,2,0.6000
8,112.0000,20,4,367.6983,-86.7394,0.1060,37,0.9250,0.2000,5,6,3,0,0,6,3,0.5000
8,112.0000,20,10,372.0515,-86.1544,-0.5791,32,0.8000,0.5000,6,6,3,0,0,6,3,0.5000
8,112.0000,21,8,259.8563,-80.7190,-2.3142,39,0.9750,0.0000,4,7,5,0,0,7,5,0.2857
8,112.0000,21,12,594.0948,-88.5961,-0.0807,4,0.1000,1.0000,6,8,8,0,0,8,8,0.0000
8,112.0000,21,13,494.5764,-87.9605,0.6574,7,0.1750,0.8571,7,6,4,0,0,6,4,0.3333
8,112.0000,22,7,575.7226,-88.9831,0.2198,4,0.1000,1.0000,8,8,8,0,0,8,8,0.0000
8,112.0000,22,10,650.7757,-88.6267,-0.4803,8,0.2000,1.0000,8,6,6,0,0,6,6,0.0000
8,112.0000,22,11,628.3554,-89.4652,-0.0661,4,0.1000,1.0000,8,6,6,0,0,6,6,0.0000
8,112.0000,22,15,685.8949,-89.6018,-0.0420,4,0.1000,1.0000,8,4,4,0,0,4,4,0.0000
8,112.0000,23,2,245.4539,-83.6552,0.3889,39,0.9750,0.0000,4,4,0,0,0,4,0,1.0000
8,112.0000,23,3,644.9805,-89.0246,-0.2288,3,0.0750,0.8571,7,4,4,0,0,4,4,0.0000
8,112.0000,23,7,311.2893,-85.3576,0.6765,36,0.9000,0.2000,5,4,0,0,0,4,0,1.0000
8,112.0000,23,11,398.9740,-87.4197,0.3787,25,0.6250,0.5000,6,8,6,0,0,8,6,0.2500
8,112.0000,23,16,187.8826,-82.9693,1.2718,40,1.0000,0.0000,4,5,1,0,0,5,1,0.8000
8,112.0000,23,18,162.5121,-80.7852,0.5353,40,1.0000,0.0000,4,4,0,0,0,4,0,1.0000
8,112.0000,23,27,213.4406,-82.9161,0.5909,40,1.0000,0.0000,4,4,0,0,0,4,0,1.0000
8,112.0000,24,14,511.2755,-87.4568,-0.1744,21,0.5122,0.8750,8,7,6,0,0,7,6,0.1429
8,112.0000,25,3,608.8820,-88.6097,0.0805,5,0.1250,1.0000,8,8,8,0,0,8,8,0.0000
8,112.0000,25,14,311.0780,-85.7986,0.1530,35,0.8750,0.2000,5,5,1,0,0,5,1,0.8000
8,112.0000,25,15,210.0500,-82.6089,0.5433,39,0.9750,0.0000,4,4,0,0,0,4,0,1.0000
8,112.0000,26,19,369.5410,-86.9469,-0.3017,28,0.7179,0.5000,6,6,3,0,0,6,3,0.5000
8,112.0000,27,2,267.1397,-84.8077,-0.0536,38,0.9500,0.0000,4,5,2,0,0,5,2,0.6000
8,112.0000,27,6,698.5074,-89.2657,1.7624,3,0.0750,1.0000,6,8,8,0,0,8,8,0.0000
8,112.0000,27,7,384.1556,-86.9914,-0.3428,32,0.8000,0.7143,7,7,6,0,0,7,6,0.1429
8,112.0000,27,11,594.2629,-89.1886,-0.0280,8,0.2000,0.8571,7,6,6,0,0,6,6,0.0000
8,112.0000,27,16,200.4667,-81.0762,-0.8175,38,0.9500,0.0000,4,4,0,0,0,4,0,1.0000
8,112.0000,27,18,280.5223,-85.5185,0.8733,31,0.7750,0.5714,7,4,0,0,0,4,0,1.0000
8,112.0000,27,23,213.4406,-83.0086,0.3215,39,0.9750,0.0000,4,4,0,0,0,4,0,1.0000
8,116.0000,0,1,341.5406,-86.7700,-0.3521,31,0.7750,0.4000,5,6,2,0,0,6,2,0.6667
8,116.0000,0,4,604.9554,-89.4851,0.0321,7,0.1750,0.7143,7,6,6,0,0,6,6,0.0000
8,116.0000,0,10,578.6513,-88.7532,-0.2696,5,0.1250,1.0000,8,8,8,0,0,8,8,0.0000
8,116.0000,0,20,146.1857,-80.6653,0.9865,40,1.0000,0.0000,4,4,0,0,0,4,0,1.0000
8,116.0000,1,0,341.5406,-86.6000,-0.1392,33,0.8049,0.0000,4,6,4,0,0,6,4,0.3333
8,116.0000,1,4,515.0683,-87.6970,-0.4455,15,0.3659,0.8750,8,8,8,0,0,8,8,0.0000
8,116.0000,1,10,647.8008,-88.7054,-0.1639,4,0.0976,1.0000,8,6,6,0,0,6,6,0.0000
8,116.0000,1,20,367.4075,-86.0987,0.3623,33,0.8049,0.0000,4,7,4,0,0,7,4,0.4286
8,116.0000,2,7,306.1570,-85.2665,0.2120,35,0.8750,0.2000,5,5,2,0,0,5,2,0.6000
8,116.0000,2,11,588.6620,-88.5015,-0.0821,14,0.3500,0.7500,8,8,8,0,0,8,8,0.0000
8,116.0000,2,16,325.5062,-85.3410,-0.0462,35,0.8750,0.2000,5,5,1,0,0,5,1,0.8000
8,116.0000,2,18,282.0661,-85.4226,0.0342,38,0.9500,0.0000,4,4,0,0,0,4,0,1.0000
8,116.0000,2,23,279.9597,-83.3091,0.1732,38,0.9500,0.0000,4,7,4,0,0,7,4,0.4286
8,116.0000,2,27,289.0229,-84.1720,-0.8454,38,0.9500,0.0000,4,4,0,0,0,4,0,1.0000
8,116.0000,3,11,607.4852,-89.1058,0.3309,4,0.1000,1.0000,8,8,8,0,0,8,8,0.0000
8,116.0000,3,18,679.2680,-89.3543,1.0993,4,0.1000,1.0000,8,2,2,0,0,2,2,0.0000
8,116.0000,3,21,597.6453,-88.4810,0.7680,6,0.1500,1.0000,8,6,6,0,0,6,6,0.0000
8,116.0000,3,25,598.7527,-89.1341,1.1710,4,0.1000,0.8750,8,7,6,0,0,7,6,0.1429
8,116.0000,4,0,604.9554,-89.1172,0.1796,9,0.2250,0.8571,7,8,8,0,0,8,8,0.0000
8,116.0000,4,1,515.0683,-87.9462,-0.1053,10,0.2500,0.8750,8,6,4,0,0,6,4,0.3333
8,116.0000,4,10,308.4412,-85.6315,0.1482,37,0.9250,0.0000,4,4,0,0,0,4,0,1.0000
8,116.0000,4,20,496.3533,-87.1946,-0.6517,26,0.6500,0.7143,7,8,8,0,0,8,8,0.0000
8,116.0000,5,12,550.7678,-88.8292,0.3466,12,0.3000,0.8571,7,7,6,0,0,7,6,0.1429
8,116.0000,5,13,191.9659,-82.5599,0.1560,39,0.9750,0.0000,4,4,0,0,0,4,0,1.0000
8,116.0000,5,17,375.1912,-87.0964,-0.1535,26,0.6500,0.4000,5,6,2,0,0,6,2,0.6667
8,116.0000,5,21,511.3309,-88.8426,0.2873,6,0.1500,1.0000,8,7,6,0,0,7,6,0.1429
8,116.0000,6,2,631.0817,-89.0316,-0.2159,5,0.1282,1.0000,4,8,8,0,0,8,8,0.0000
8,116.0000,7,2,306.1570,-85.1254,-0.3021,38,0.9500,0.6667,6,6,2,0,0,6,2,0.6667
8,116.0000,7,6,605.8763,-89.4142,0.1149,3,0.0750,1.0000,6,8,8,0,0,8,8,0.0000
8,116.0000,7,11,571.6706,-88.2332,-0.4369,11,0.2750,0.8750,8,8,8,0,0,8,8,0.0000
8,116.0000,7,16,296.9049,-83.7932,-0.7077,40,1.0000,0.2000,5,7,5,0,0,7,5,0.2857
8,116.0000,7,18,392.7984,-87.7581,0.1459,25,0.6250,0.5000,6,5,2,0,0,5,2,0.6000
8,116.0000,7,22,557.9857,-89.0512,0.4838,6,0.1500,1.0000,8,8,8,0,0,8,8,0.0000
8,116.0000,7,23,291.7314,-85.2051,-0.0878,39,0.9750,0.0000,4,3,0,0,0,3,0,1.0000
8,116.0000,7,27,414.6163,-87.5262,0.0616,29,0.7250,0.2000,5,8,8,0,0,8,8,0.0000
8,116.0000,8,9,413.5264,-87.9646,0.2119,14,0.3500,0.6667,6,4,0,0,0,4,0,1.0000
8,116.0000,8,12,399.4835,-87.6030,0.2357,17,0.4250,0.8571,7,4,0,0,0,4,0,1.0000
8,116.0000,8,13,594.7015,-88.3766,0.6084,5,0.1250,1.0000,6,8,8,0,0,8,8,0.0000
8,116.0000,8,21,439.9041,-85.9401,-1.1176,32,0.8000,0.4000,5,7,6,0,0,7,6,0.1429
8,116.0000,9,8,413.5264,-87.5222,0.9636,22,0.5500,0.7500,8,7,5,94,42,101,47,0.5347
8,116.0000,9,12,284.4580,-86.3905,0.8232,36,0.9000,0.4000,65,3,0,0,0,3,0,1.0000
8,116.0000,9,13,571.1462,-89.1371,-0.4237,7,0.1750,1.0000,4,8,7,0,0,8,7,0.1250
8,116.0000,9,17,610.3488,-89.3462,-0.2805,5,0.1250,1.0000,10,4,4,0,0,4,4,0.0000
8,116.0000,10,0,578.6513,-88.5908,0.3144,10,0.2439,1.0000,8,8,8,0,0,8,8,0.0000
8,116.0000,10,4,308.4412,-85.8616,0.0824,38,0.9268,0.3137,102,4,0,94,27,98,27,0.7245
8,116.0000,10,20,470.7029,-87.3252,0.0277,18,0.4390,0.8571,7,7,6,0,0,7,6,0.1429
8,116.0000,11,2,588.6620,-88.5157,0.2216,13,0.3250,0.8571,7,6,6,0,0,6,6,0.0000
8,116.0000,11,3,607.4852,-88.7361,0.0261,10,0.2500,0.8571,7,8,8,0,0,8,8,0.0000
8,116.0000,11,7,571.6706,-87.6942,-0.3492,10,0.2500,1.0000,8,2,2,0,0,2,2,0.0000
8,116.0000,11,15,636.5881,-89.5419,-0.2138,5,0.1250,1.0000,8,8,8,0,0,8,8,0.0000
8,116.0000,11,16,565.3439,-88.1680,-0.0083,14,0.3500,0.8571,7,8,7,0,0,8,7,0.1250
8,116.0000,11,18,426.5681,-87.4868,0.4229,18,0.4500,0.8750,8,8,8,0,0,8,8,0.0000
8,116.0000,11,22,578.1769,-89.5113,-0.1444,3,0.0750,1.0000,8,8,7,0,0,8,7,0.1250
8,116.0000,11,23,438.3342,-87.7308,-0.6065,23,0.5750,0.5714,7,7,6,0,0,7,6,0.1429
8,116.0000,11,25,479.5339,-87.9063,0.1832,7,0.1750,1.0000,8,7,5,0,0,7,5,0.2857
8,116.0000,11,27,628.8694,-87.4747,-1.2157,3,0.0750,1.0000,6,8,8,0,0,8,8,0.0000
8,116.0000,12,5,550.7678,-88.4996,0.4335,11,0.2750,1.0000,8,8,7,0,0,8,7,0.1250
8,116.0000,12,8,399.4835,-88.1580,0.1444,24,0.6000,0.7143,7,5,1,0,0,5,1,0.8000
8,116.0000,12,9,284.4580,-85.9955,0.1547,34,0.8500,0.3654,52,3,0,0,0,3,0,1.0000
8,116.0000,12,13,400.3672,-87.3876,0.0133,31,0.7750,0.6250,8,6,4,0,0,6,4,0.3333
8,116.0000,12,17,581.7498,-88.2566,-0.4579,13,0.3250,1.0000,8,8,8,0,0,8,8,0.0000
8,116.0000,12,21,513.7915,-88.7954,0.2151,13,0.3250,1.0000,8,6,3,0,0,6,3,0.5000
8,116.0000,13,5,191.9659,-82.5304,0.8969,39,0.9750,0.2000,5,4,0,0,0,4,0,1.0000
8,116.0000,13,8,594.7015,-89.0526,0.3667,9,0.2250,1.0000,8,8,8,0,0,8,8,0.0000
8,116.0000,13,9,571.1462,-89.5366,0.0225,3,0.0750,1.0000,8,8,8,0,0,8,8,0.0000
8,116.0000,13,12,400.3672,-86.9076,-0.0621,30,0.7500,0.2000,5,6,3,0,0,6,3,0.5000
8,116.0000,13,17,402.8640,-87.2329,-0.0064,31,0.7750,0.5000,6,7,6,0,0,7,6,0.1429
8,116.0000,13,21,358.8541,-87.7087,0.5033,30,0.7500,0.8571,7,5,2,0,0,5,2,0.6000
8,116.0000,14,15,170.2941,-82.3470,1.0273,40,1.0000,0.0000,4,4,0,0,0,4,0,1.0000
8,116.0000,14,24,677.2594,-89.0602,-0.0418,6,0.1500,1.0000,6,6,6,0,0,6,6,0.0000
8,116.0000,14,25,388.8585,-85.9982,-0.6925,27,0.6750,0.3333,6,8,8,0,0,8,8,0.0000
8,116.0000,15,14,170.2941,-82.7873,0.8764,40,1.0000,0.0000,4,4,0,0,0,4,0,1.0000
8,116.0000,15,25,286.3799,-83.4749,-0.5799,39,0.9750,0.2000,5,6,2,0,0,6,2,0.6667
8,116.0000,16,2,325.5062,-85.2655,-0.0919,36,0.9000,0.0000,4,5,2,0,0,5,2,0.6000
8,116.0000,16,7,296.9049,-84.5571,-0.3213,39,0.9750,0.0000,4,5,1,0,0,5,1,0.8000
8,116.0000,16,11,565.3439,-88.7642,-0.4208,8,0.2000,1.0000,8,8,8,0,0,8,8,0.0000
8,116.0000,16,18,225.7162,-84.8467,1.0725,38,0.9500,0.0000,4,5,1,0,0,5,1,0.8000
8,116.0000,16,23,138.5063,-79.6954,0.5959,40,1.0000,0.0000,4,4,0,0,0,4,0,1.0000
8,116.0000,16,27,177.7040,-81.9658,0.3388,40,1.0000,0.0000,4,4,0,0,0,4,0,1.0000
8,116.0000,17,5,375.1912,-87.1134,-0.0597,24,0.6000,0.5714,7,5,1,0,0,5,1,0.8000
8,116.0000,17,9,610.3488,-88.9152,0.1134,6,0.1500,1.0000,8,8,8,0,0,8,8,0.0000
8,116.0000,17,12,581.7498,-88.1511,0.4470,10,0.2500,0.8000,5,8,8,0,0,8,8,0.0000
8,116.0000,17,13,402.8640,-86.7628,-0.4294,20,0.5000,0.4000,5,6,3,0,0,6,3,0.5000
8,116.0000,18,2,282.0661,-84.9493,-0.0618,36,0.9000,0.0000,4,4,0,0,0,4,0,1.0000
8,116.0000,18,3,679.2680,-89.4208,-0.0985,3,0.0750,1.0000,8,2,2,0,0,2,2,0.0000
8,116.0000,18,7,392.7984,-87.8247,0.4208,33,0.8250,0.8750,8,7,5,0,0,7,5,0.2857
8,116.0000,18,11,426.5681,-87.6425,-0.3407,23,0.5750,0.5714,7,7,5,0,0,7,5,0.2857
8,116.0000,18,16,225.7162,-84.5466,0.4331,37,0.9250,0.0000,4,4,0,0,0,4,0,1.0000
8,116.0000,18,23,120.8724,-78.5643,0.8685,40,1.0000,0.0000,4,4,0,0,0,4,0,1.0000
8,116.0000,18,27,207.0960,-82.7953,0.8013,40,1.0000,0.0000,4,4,0,0,0,4,0,1.0000
8,116.0000,19,26,377.4188,-86.9644,-0.3169,32,0.8000,0.5714,7,4,0,0,0,4,0,1.0000
8,116.0000,20,0,146.1857,-80.0917,0.9759,40,1.0000,0.0000,4,4,0,0,0,4,0,1.0000
8,116.0000,20,1,367.4075,-86.3769,-0.4828,27,0.6750,0.4000,5,4,2,0,0,4,2,0.5000
8,116.0000,20,4,496.3533,-87.6115,0.0711,23,0.5750,0.5000,6,8,8,0,0,8,8,0.0000
8,116.0000,20,10,470.7029,-86.9221,-0.3194,19,0.4750,0.5000,6,7,6,0,0,7,6,0.1429
8,116.0000,21,3,597.6453,-88.5715,0.6489,6,0.1500,1.0000,8,7,6,0,0,7,6,0.1429
8,116.0000,21,5,511.3309,-89.4219,0.0864,7,0.1750,0.8750,8,8,6,0,0,8,6,0.2500
8,116.0000,21,8,439.9041,-86.5426,-1.1025,32,0.8000,0.7143,7,8,8,0,0,8,8,0.0000
8,116.0000,21,12,513.7915,-89.0879,-0.1500,11,0.2750,1.0000,8,6,4,0,0,6,4,0.3333
8,116.0000,21,13,358.8541,-87.8750,-0.0758,23,0.5750,0.6667,6,5,1,0,0,5,1,0.8000
8,116.0000,22,7,557.9857,-88.0605,0.7475,8,0.2000,1.0000,8,8,7,0,0,8,7,0.1250
8,116.0000,22,11,578.1769,-89.4467,0.3108,5,0.1250,1.0000,6,10,10,0,0,10,10,0.0000
8,116.0000,23,2,279.9597,-84.2659,-0.2002,39,0.9750,0.0000,4,5,1,0,0,5,1,0.8000
8,116.0000,23,7,291.7314,-85.5345,0.2215,33,0.8250,0.0000,4,4,0,0,0,4,0,1.0000
8,116.0000,23,11,438.3342,-88.1313,0.0234,20,0.5000,0.7500,8,6,3,0,0,6,3,0.5000
8,116.0000,23,16,138.5063,-79.4380,0.7295,40,1.0000,0.2000,5,4,0,0,0,4,0,1.0000
8,116.0000,23,18,120.8724,-78.0129,0.4979,39,0.9750,0.0000,4,4,0,0,0,4,0,1.0000
8,116.0000,23,27,217.2050,-82.3125,-0.1453,39,0.9750,0.0000,4,4,0,0,0,4,0,1.0000
8,116.0000,24,14,677.2594,-88.1999,-0.0176,10,0.2500,0.8571,7,4,4,0,0,4,4,0.0000
8,116.0000,25,3,598.7527,-89.0365,0.3184,6,0.1500,1.0000,8,8,8,0,0,8,8,0.0000
8,116.0000,25,11,479.5339,-88.5212,0.2777,12,0.3000,1.0000,8,5,1,0,0,5,1,0.8000
8,116.0000,25,14,388.8585,-86.7927,0.2070,33,0.8250,0.2000,5,7,6,0,0,7,6,0.1429
8,116.0000,25,15,286.3799,-84.3166,-0.9023,40,1.0000,0.0000,4,6,2,0,0,6,2,0.6667
8,116.0000,26,19,377.4188,-87.1740,-0.0714,28,0.7000,0.5000,6,4,0,0,0,4,0,1.0000
8,116.0000,27,2,289.0229,-84.7407,-0.2542,40,1.0000,0.4000,5,7,5,0,0,7,5,0.2857
8,116.0000,27,7,414.6163,-87.1289,0.0952,27,0.6750,0.8571,7,6,4,0,0,6,4,0.3333
8,116.0000,27,11,628.8694,-89.1314,0.8474,4,0.1000,1.0000,6,2,2,0,0,2,2,0.0000
8,116.0000,27,16,177.7040,-81.2379,-0.0916,40,1.0000,0.0000,4,4,0,0,0,4,0,1.0000
8,116.0000,27,18,207.0960,-82.8419,1.1892,40,1.0000,0.0000,4,4,0,0,0,4,0,1.0000
8,116.0000,27,23,217.2050,-82.0631,-0.0065,40,1.0000,0.0000,4,4,0,0,0,4,0,1.0000
8,120.0000,0,1,329.1455,-86.1655,0.1286,31,0.7750,0.3333,6,7,4,0,0,7,4,0.4286
8,120.0000,0,4,672.8050,-89.0278,0.5103,4,0.1000,1.0000,6,4,4,0,0,4,4,0.0000
8,120.0000,0,10,597.4678,-89.0282,0.1585,8,0.2000,1.0000,8,6,6,0,0,6,6,0.0000
8,120.0000,0,20,224.9969,-79.8328,-0.9830,40,1.0000,0.0000,4,5,1,0,0,5,1,0.8000
8,120.0000,1,0,329.1455,-86.1656,0.3582,34,0.8500,0.6667,6,7,4,0,0,7,4,0.4286
8,120.0000,1,4,570.6035,-88.3064,0.1845,10,0.2500,1.0000,8,8,8,0,0,8,8,0.0000
8,120.0000,1,10,659.1719,-89.2874,-0.4029,5,0.1250,1.0000,6,6,6,0,0,6,6,0.0000
8,120.0000,1,20,433.1349,-86.5403,-0.0781,27,0.6750,0.5714,7,6,4,0,0,6,4,0.3333
8,120.0000,2,6,590.2260,-88.4626,0.6194,5,0.1250,0.8571,7,8,7,0,0,8,7,0.1250
8,120.0000,2,7,332.8988,-84.8858,0.4053,37,0.9250,0.4000,5,5,2,0,0,5,2,0.6000
8,120.0000,2,11,750.0181,-89.7918,-0.0697,3,0.0750,1.0000,8,2,2,0,0,2,2,0.0000
8,120.0000,2,16,395.0723,-87.4052,0.0354,33,0.8250,0.2000,5,7,6,0,0,7,6,0.1429
8,120.0000,2,18,290.3819,-85.1840,-0.5658,37,0.9250,0.0000,4,6,3,0,0,6,3,0.5000
8,120.0000,2,23,373.8340,-86.2518,-0.7724,36,0.9000,0.5714,7,6,4,0,0,6,4,0.3333
8,120.0000,2,27,371.5639,-85.5805,-0.4606,34,0.8500,0.0000,4,5,2,0,0,5,2,0.6000
8,120.0000,3,21,558.6152,-89.3694,-0.5426,6,0.1500,1.0000,6,8,8,0,0,8,8,0.0000
8,120.0000,3,25,603.2247,-89.4229,-0.0648,7,0.1750,0.8571,7,6,6,0,0,6,6,0.0000
8,120.0000,4,0,672.8050,-89.7405,0.4978,3,0.0732,1.0000,8,8,8,0,0,8,8,0.0000
8,120.0000,4,1,570.6035,-88.2704,-0.0287,12,0.2927,0.6667,6,8,8,0,0,8,8,0.0000
8,120.0000,4,7,656.0447,-89.6322,0.0291,3,0.0732,,0,4,4,0,0,4,4,0.0000
8,120.0000,4,10,314.9226,-85.1545,-0.1107,36,0.8780,0.0000,4,5,2,0,0,5,2,0.6000
8,120.0000,4,20,636.0469,-89.0602,0.3805,11,0.2683,1.0000,8,4,4,0,0,4,4,0.0000
8,120.0000,5,9,560.6448,-88.7638,-0.3270,7,0.1707,1.0000,6,7,5,0,0,7,5,0.2857
8,120.0000,5,12,486.5400,-88.5839,0.2045,11,0.2683,0.8571,7,7,5,0,0,7,5,0.2857
8,120.0000,5,13,133.9073,-80.2696,1.2192,39,0.9512,0.0000,4,4,0,0,0,4,0,1.0000
8,120.0000,5,17,414.6354,-87.0188,-0.1117,31,0.7561,0.3333,6,6,4,0,0,6,4,0.3333
8,120.0000,5,21,344.9795,-87.7633,0.5253,24,0.5854,0.8571,7,4,0,0,0,4,0,1.0000
8,120.0000,6,2,590.2260,-88.4933,-0.0186,4,0.1000,1.0000,8,8,8,0,0,8,8,0.0000
8,120.0000,6,7,467.9618,-88.8480,0.0665,11,0.2750,0.8571,7,7,5,0,0,7,5,0.2857
8,120.0000,6,10,524.9290,-88.4265,-0.0827,9,0.2250,1.0000,8,6,4,0,0,6,4,0.3333
8,120.0000,7,2,332.8988,-86.6649,-0.3597,32,0.8000,0.3333,6,5,1,0,0,5,1,0.8000
8,120.0000,7,6,467.9618,-88.6621,0.1306,14,0.3500,1.0000,8,7,4,0,0,7,4,0.4286
8,120.0000,7,16,387.5940,-86.3490,-0.6788,32,0.8000,0.7143,7,7,6,0,0,7,6,0.1429
8,120.0000,7,18,330.3072,-86.2347,0.5409,33,0.8250,0.4000,5,5,2,0,0,5,2,0.6000
8,120.0000,7,22,546.0894,-88.9910,-0.0549,12,0.3000,1.0000,8,8,8,0,0,8,8,0.0000
8,120.0000,7,23,330.3396,-85.6057,-0.1423,36,0.9000,0.0000,3,7,3,0,0,7,3,0.5714
8,120.0000,7,27,506.2430,-87.7836,-0.0694,21,0.5250,1.0000,8,7,6,0,0,7,6,0.1429
8,120.0000,8,9,349.4996,-87.2313,0.4151,27,0.6750,0.0000,4,4,0,0,0,4,0,1.0000
8,120.0000,8,12,295.7390,-85.9683,0.7739,32,0.8000,0.0000,4,5,0,0,0,5,0,1.0000
8,120.0000,8,13,602.9840,-88.5470,0.1304,9,0.2250,1.0000,8,8,8,0,0,8,8,0.0000
8,120.0000,8,21,613.1211,-88.0423,-0.3769,13,0.3250,0.8571,7,8,8,0,0,8,8,0.0000
8,120.0000,9,5,560.6448,-88.8408,0.3352,6,0.1500,1.0000,6,8,8,0,0,8,8,0.0000
8,120.0000,9,8,349.4996,-87.1540,0.3244,32,0.8000,0.4653,101,7,3,92,30,99,33,0.6667
8,120.0000,9,12,249.5085,-84.4144,0.1487,39,0.9750,0.0000,3,4,0,0,0,4,0,1.0000
8,120.0000,9,13,469.5528,-88.1694,0.7625,12,0.3000,0.8750,8,6,4,0,0,6,4,0.3333
8,120.0000,9,17,642.4649,-88.9379,0.0501,8,0.2000,1.0000,4,6,6,0,0,6,6,0.0000
8,120.0000,10,0,597.4678,-89.0163,0.0857,11,0.2750,1.0000,8,8,8,0,0,8,8,0.0000
8,120.0000,10,1,659.1719,-89.1242,-0.2425,5,0.1250,1.0000,8,6,6,0,0,6,6,0.0000
8,120.0000,10,4,314.9226,-85.8525,-0.1655,36,0.9000,0.2755,98,5,1,94,34,99,35,0.6465
8,120.0000,10,6,524.9290,-88.6976,0.1787,9,0.2250,1.0000,8,6,4,0,0,6,4,0.3333
8,120.0000,10,20,541.4294,-88.3903,-0.0888,18,0.4500,0.8571,7,8,8,0,0,8,8,0.0000
8,120.0000,11,2,750.0181,-89.1205,-0.0026,4,0.1000,1.0000,6,4,4,0,0,4,4,0.0000
8,120.0000,11,15,645.7730,-89.7188,-0.0904,3,0.0750,1.0000,8,8,8,0,0,8,8,0.0000
8,120.0000,11,16,611.7906,-88.1869,-0.4365,5,0.1250,0.8750,8,8,8,0,0,8,8,0.0000
8,120.0000,11,18,503.3959,-87.7683,-0.3874,21,0.5250,1.0000,8,8,7,0,0,8,7,0.1250
8,120.0000,11,22,573.3336,-88.8718,0.3528,7,0.1750,0.8750,8,8,8,0,0,8,8,0.0000
8,120.0000,11,23,477.9231,-87.9490,0.0191,20,0.5000,0.8571,7,8,8,0,0,8,8,0.0000
8,120.0000,11,25,369.9199,-86.9982,0.6975,26,0.6500,0.7143,7,5,1,0,0,5,1,0.8000
8,120.0000,12,5,486.5400,-88.5137,0.0154,18,0.4500,0.8750,8,8,6,0,0,8,6,0.2500
8,120.0000,12,8,295.7390,-86.4525,0.5648,37,0.9250,0.2000,5,6,2,0,0,6,2,0.6667
8,120.0000,12,9,249.5085,-83.9759,0.0677,40,1.0000,0.0000,3,4,0,0,0,4,0,1.0000
8,120.0000,12,13,385.7418,-87.4630,0.2202,32,0.8000,0.6667,6,7,4,0,0,7,4,0.4286
8,120.0000,12,17,714.9787,-89.2362,-0.3793,5,0.1250,1.0000,8,2,2,0,0,2,2,0.0000
8,120.0000,12,21,488.4160,-88.3691,0.5530,18,0.4500,0.5000,6,8,8,0,0,8,8,0.0000
8,120.0000,13,5,133.9073,-80.4072,0.6493,40,1.0000,0.0000,4,4,0,0,0,4,0,1.0000
8,120.0000,13,8,602.9840,-89.4684,-0.0378,3,0.0750,1.0000,8,8,8,0,0,8,8,0.0000
8,120.0000,13,9,469.5528,-88.5931,-0.2295,11,0.2750,1.0000,8,6,4,0,0,6,4,0.3333
8,120.0000,13,12,385.7418,-87.8190,-0.0250,27,0.6750,0.5000,6,5,2,0,0,5,2,0.6000
8,120.0000,13,17,486.4929,-87.3592,0.0010,21,0.5250,0.8571,7,8,8,0,0,8,8,0.0000
8,120.0000,13,21,259.4733,-85.6105,0.7132,38,0.9500,0.4000,5,4,0,0,0,4,0,1.0000
8,120.0000,14,15,121.1203,-78.4117,0.7340,40,1.0000,0.0000,4,4,0,0,0,4,0,1.0000
8,120.0000,14,25,508.0582,-87.2604,0.6968,14,0.3500,1.0000,8,7,6,0,0,7,6,0.1429
8,120.0000,15,11,645.7730,-89.2892,0.1608,4,0.1000,0.6667,6,8,8,0,0,8,8,0.0000
8,120.0000,15,14,121.1203,-78.5287,0.6710,40,1.0000,0.0000,4,4,0,0,0,4,0,1.0000
8,120.0000,15,25,403.5897,-85.3226,-0.6939,33,0.8250,0.3333,6,7,6,0,0,7,6,0.1429
8,120.0000,16,2,395.0723,-86.7535,-0.0949,29,0.7250,0.4000,5,7,5,0,0,7,5,0.2857
8,120.0000,16,7,387.5940,-85.9926,-0.3071,33,0.8250,0.2000,5,7,6,0,0,7,6,0.1429
8,120.0000,16,11,611.7906,-89.7055,0.1224,6,0.1500,1.0000,8,8,8,0,0,8,8,0.0000
8,120.0000,16,18,200.6582,-82.2662,-0.5378,38,0.9500,0.2000,5,4,0,0,0,4,0,1.0000
8,120.0000,16,23,169.9481,-78.6274,-0.1890,40,1.0000,0.0000,4,5,2,0,0,5,2,0.6000
8,120.0000,16,27,190.5577,-81.7418,-0.2829,40,1.0000,0.0000,4,4,0,0,0,4,0,1.0000
8,120.0000,17,5,414.6354,-86.4492,-0.2908,31,0.7750,0.2000,5,8,6,0,0,8,6,0.2500
8,120.0000,17,12,714.9787,-89.4761,-0.3436,4,0.1000,1.0000,8,4,4,0,0,4,4,0.0000
8,120.0000,17,13,486.4929,-87.4350,-0.2529,20,0.5000,0.5000,6,8,7,0,0,8,7,0.1250
8,120.0000,18,2,290.3819,-84.8511,-0.6120,40,1.0000,0.0000,4,5,2,0,0,5,2,0.6000
8,120.0000,18,7,330.3072,-86.6032,0.2027,28,0.7000,0.7143,7,4,0,0,0,4,0,1.0000
8,120.0000,18,11,503.3959,-87.6093,0.1728,20,0.5000,0.7143,7,8,8,0,0,8,8,0.0000
8,120.0000,18,16,200.6582,-81.4867,0.2162,39,0.9750,0.0000,4,4,0,0,0,4,0,1.0000
8,120.0000,18,23,98.8031,-75.5132,0.7030,40,1.0000,0.0000,4,4,0,0,0,4,0,1.0000
8,120.0000,18,27,271.9248,-83.2074,-0.0840,39,0.9750,0.0000,4,4,0,0,0,4,0,1.0000
8,120.0000,19,26,267.0094,-86.1268,0.1018,35,0.8750,0.0000,4,4,0,0,0,4,0,1.0000
8,120.0000,20,0,224.9969,-80.8246,-0.6421,40,1.0000,0.0000,4,4,0,0,0,4,0,1.0000
8,120.0000,20,1,433.1349,-86.9838,-0.3645,21,0.5250,0.5000,4,10,6,0,0,10,6,0.4000
8,120.0000,20,4,636.0469,-88.6544,-0.3461,6,0.1500,1.0000,8,6,6,0,0,6,6,0.0000
8,120.0000,20,10,541.4294,-88.5131,-0.3118,12,0.3000,0.8571,7,8,8,0,0,8,8,0.0000
8,120.0000,21,3,558.6152,-88.8829,-0.0833,9,0.2195,0.8571,7,8,8,0,0,8,8,0.0000
8,120.0000,21,5,344.9795,-87.1947,0.9693,23,0.5610,0.7500,8,4,0,0,0,4,0,1.0000
8,120.0000,21,8,613.1211,-87.9671,-0.7809,14,0.3415,1.0000,8,6,6,0,0,6,6,0.0000
8,120.0000,21,12,488.4160,-88.6227,0.4436,19,0.4634,0.6667,6,8,8,0,0,8,8,0.0000
8,120.0000,21,13,259.4733,-85.3674,0.8054,35,0.8537,0.2000,5,4,0,0,0,4,0,1.0000
8,120.0000,22,7,546.0894,-88.6850,-0.1006,4,0.1000,0.8750,8,8,8,0,0,8,8,0.0000
8,120.0000,22,11,573.3336,-88.7762,0.5443,7,0.1750,1.0000,10,8,8,0,0,8,8,0.0000
8,120.0000,22,16,679.7952,-89.5685,-0.2437,3,0.0750,1.0000,4,4,4,0,0,4,4,0.0000
8,120.0000,22,18,618.1956,-88.9157,0.6917,4,0.1000,,0,8,7,0,0,8,7,0.1250
8,120.0000,22,23,552.6399,-88.6827,-0.2636,6,0.1500,1.0000,8,8,7,0,0,8,7,0.1250
8,120.0000,23,2,373.8340,-86.0039,-0.3273,35,0.8750,0.2000,5,8,6,0,0,8,6,0.2500
8,120.0000,23,7,330.3396,-85.7614,-0.6736,37,0.9250,0.0000,4,6,2,0,0,6,2,0.6667
8,120.0000,23,11,477.9231,-88.0554,0.0603,22,0.5500,0.5000,6,8,8,0,0,8,8,0.0000
8,120.0000,23,16,169.9481,-78.4715,-0.6946,39,0.9750,0.0000,4,4,0,0,0,4,0,1.0000
8,120.0000,23,18,98.8031,-75.1967,0.6798,40,1.0000,0.0000,4,4,0,0,0,4,0,1.0000
8,120.0000,23,22,552.6399,-88.5304,0.4823,7,0.1750,1.0000,6,8,7,0,0,8,7,0.1250
8,120.0000,23,27,303.5928,-84.1737,-0.6619,38,0.9500,0.0000,4,5,1,0,0,5,1,0.8000
8,120.0000,25,3,603.2247,-89.7263,-0.0139,5,0.1250,1.0000,8,6,4,0,0,6,4,0.3333
8,120.0000,25,11,369.9199,-87.3787,-0.1808,24,0.6000,0.2000,5,7,6,0,0,7,6,0.1429
8,120.0000,25,14,508.0582,-87.4075,-0.1416,22,0.5500,0.8571,7,8,8,0,0,8,8,0.0000
8,120.0000,25,15,403.5897,-86.1723,-0.5190,30,0.7500,0.3333,6,8,7,0,0,8,7,0.1250
8,120.0000,26,19,267.0094,-86.4831,0.5889,36,0.8780,0.0000,4,4,0,0,0,4,0,1.0000
8,120.0000,27,2,371.5639,-85.8281,-1.1561,30,0.7500,0.7143,7,6,4,0,0,6,4,0.3333
8,120.0000,27,7,506.2430,-88.2344,-0.3054,13,0.3250,0.6667,6,7,6,0,0,7,6,0.1429
8,120.0000,27,11,685.8459,-88.8204,-0.2317,5,0.1250,1.0000,2,6,6,0,0,6,6,0.0000
8,120.0000,27,16,190.5577,-81.2954,-0.2084,40,1.0000,0.0000,4,4,0,0,0,4,0,1.0000
8,120.0000,27,18,271.9248,-83.1380,-0.7751,37,0.9250,0.0000,4,5,1,0,0,5,1,0.8000
8,120.0000,27,23,303.5928,-83.6955,-0.7456,38,0.9500,0.0000,4,5,2,0,0,5,2,0.6000
8,124.0000,0,1,328.8128,-86.3690,0.0627,30,0.7317,0.5714,7,7,5,0,0,7,5,0.2857
8,124.0000,0,10,692.2177,-89.5122,0.1087,4,0.0976,1.0000,6,2,2,0,0,2,2,0.0000
8,124.0000,0,20,353.6247,-84.9553,-0.5307,38,0.9268,0.2000,5,7,5,0,0,7,5,0.2857
8,124.0000,1,0,328.8128,-85.0643,0.1958,34,0.8500,0.5714,7,5,2,0,0,5,2,0.6000
8,124.0000,1,4,650.8954,-88.8158,-0.0183,8,0.2000,1.0000,8,8,8,0,0,8,8,0.0000
8,124.0000,1,20,535.0318,-87.9820,-0.7519,18,0.4500,0.6667,6,8,8,0,0,8,8,0.0000
8,124.0000,2,6,598.6192,-88.7745,-0.2841,12,0.3000,0.8750,8,6,6,0,0,6,6,0.0000
8,124.0000,2,7,376.0272,-86.0319,0.1054,35,0.8750,0.4000,5,5,1,0,0,5,1,0.8000
8,124.0000,2,16,492.5424,-88.0291,-0.2171,19,0.4750,0.8571,7,8,8,0,0,8,8,0.0000
8,124.0000,2,18,351.7796,-86.2215,-0.1461,35,0.8750,0.5000,6,7,5,0,0,7,5,0.2857
8,124.0000,2,19,589.9347,-88.4253,0.3927,3,0.0750,1.0000,4,7,6,0,0,7,6,0.1429
8,124.0000,2,23,490.7698,-87.4300,-0.8226,21,0.5250,0.6667,6,8,8,0,0,8,8,0.0000
8,124.0000,2,27,490.1337,-87.5834,-0.9298,20,0.5000,0.4000,5,8,8,0,0,8,8,0.0000
8,124.0000,3,21,615.0189,-88.6653,-0.2185,4,0.1000,1.0000,8,8,8,0,0,8,8,0.0000
8,124.0000,3,25,577.6083,-89.1722,0.0331,5,0.1250,1.0000,6,8,7,0,0,8,7,0.1250
8,124.0000,4,6,456.1675,-88.1068,0.3638,13,0.3333,0.8750,8,6,3,0,0,6,3,0.5000
8,124.0000,4,7,558.4676,-88.8281,0.4592,4,0.1026,1.0000,4,7,5,0,0,7,5,0.2857
8,124.0000,4,10,365.6765,-86.1133,0.3733,30,0.7692,0.4000,5,6,2,0,0,6,2,0.6667
8,124.0000,4,22,717.6955,-89.5075,0.1404,3,0.0769,1.0000,4,2,2,0,0,2,2,0.0000
8,124.0000,5,9,449.5898,-88.7244,-0.3738,17,0.4359,0.7143,7,5,2,0,0,5,2,0.6000
8,124.0000,5,12,422.0419,-88.0881,-0.0897,17,0.4359,0.7143,7,6,2,0,0,6,2,0.6667
8,124.0000,5,13,93.8873,-76.2698,0.7794,38,0.9744,0.0000,4,4,0,0,0,4,0,1.0000
8,124.0000,5,17,546.5171,-88.2195,-0.3470,18,0.4615,0.6667,6,8,8,0,0,8,8,0.0000
8,124.0000,5,21,236.2489,-84.3217,0.3105,38,0.9744,0.0000,4,4,0,0,0,4,0,1.0000
8,124.0000,6,2,598.6192,-89.2111,0.2585,4,0.1000,1.0000,8,8,8,0,0,8,8,0.0000
8,124.0000,6,4,456.1675,-88.7571,0.2993,6,0.1500,0.6667,6,6,3,0,0,6,3,0.5000
8,124.0000,6,7,372.1274,-87.5617,0.5548,22,0.5500,0.7143,7,6,3,0,0,6,3,0.5000
8,124.0000,6,10,430.5897,-88.0581,0.2702,21,0.5250,0.6667,6,6,3,0,0,6,3,0.5000
8,124.0000,7,2,376.0272,-87.1224,0.2297,30,0.7500,0.2000,5,8,6,0,0,8,6,0.2500
8,124.0000,7,4,558.4676,-88.6913,-0.4155,3,0.0750,1.0000,8,7,6,0,0,7,6,0.1429
8,124.0000,7,6,372.1274,-87.7093,0.2432,23,0.5750,0.5714,7,3,0,0,0,3,0,1.0000
8,124.0000,7,16,501.4013,-87.5182,-0.2110,22,0.5500,0.8571,7,7,6,0,0,7,6,0.1429
8,124.0000,7,18,279.6247,-85.3617,-0.1822,35,0.8750,0.4000,5,4,0,0,0,4,0,1.0000
8,124.0000,7,22,527.2394,-87.9464,0.0919,9,0.2250,1.0000,8,6,4,0,0,6,4,0.3333
8,124.0000,7,23,388.0939,-86.7839,-0.2343,34,0.8500,0.4286,7,4,2,0,0,4,2,0.5000
8,124.0000,7,27,624.3584,-89.2522,-0.3047,8,0.2000,0.8571,7,8,8,0,0,8,8,0.0000
8,124.0000,8,9,355.3767,-86.4635,-0.2074,36,0.9000,0.0000,4,6,4,0,0,6,4,0.3333
8,124.0000,8,12,302.7444,-85.3382,-0.0857,38,0.9500,0.0000,5,8,7,0,0,8,7,0.1250
8,124.0000,8,13,625.8300,-88.9992,0.3460,7,0.1750,1.0000,8,8,8,0,0,8,8,0.0000
8,124.0000,8,21,790.4562,-89.1276,-0.0675,3,0.0750,1.0000,8,4,4,0,0,4,4,0.0000
8,124.0000,9,5,449.5898,-88.4201,-0.0358,18,0.4615,1.0000,8,6,3,0,0,6,3,0.5000
8,124.0000,9,8,355.3767,-87.2137,-0.0855,30,0.7692,0.3333,99,7,6,109,58,116,64,0.4483
8,124.0000,9,12,254.5427,-83.8927,-0.0576,39,1.0000,0.0000,4,4,0,0,0,4,0,1.0000
8,124.0000,9,13,379.9939,-87.1243,0.0378,26,0.6667,0.6667,6,4,0,0,0,4,0,1.0000
8,124.0000,9,17,714.1665,-89.5811,-0.0805,3,0.0769,1.0000,6,2,2,0,0,2,2,0.0000
8,124.0000,9,21,600.0021,-88.4247,0.4057,9,0.2308,1.0000,8,8,8,0,0,8,8,0.0000
8,124.0000,10,4,365.6765,-86.5917,-0.1061,29,0.7250,0.3535,99,6,4,110,62,116,66,0.4310
8,124.0000,10,6,430.5897,-88.6194,0.1860,18,0.4500,0.6667,6,8,6,0,0,8,6,0.2500
8,124.0000,11,16,656.3029,-88.8941,-0.7284,5,0.1282,1.0000,8,8,8,0,0,8,8,0.0000
8,124.0000,11,18,635.7865,-88.5386,-0.1663,9,0.2308,0.8750,8,4,4,0,0,4,4,0.0000
8,124.0000,11,22,607.5993,-89.0726,0.1761,6,0.1538,1.0000,8,8,7,0,0,8,7,0.1250
8,124.0000,11,23,534.1645,-88.4356,0.0715,12,0.3077,1.0000,8,8,8,0,0,8,8,0.0000
8,124.0000,11,25,278.8156,-86.3827,0.6475,33,0.8462,0.2000,5,5,1,0,0,5,1,0.8000
8,124.0000,12,5,422.0419,-87.7121,0.1068,26,0.6500,0.7500,8,8,7,0,0,8,7,0.1250
8,124.0000,12,8,302.7444,-84.7398,0.2681,40,1.0000,0.3333,6,6,2,0,0,6,2,0.6667
8,124.0000,12,9,254.5427,-83.6786,-0.3519,39,0.9750,0.0000,4,5,1,0,0,5,1,0.8000
8,124.0000,12,13,341.7464,-86.9076,0.2314,23,0.5750,0.5714,7,6,2,0,0,6,2,0.6667
8,124.0000,12,21,508.3523,-88.7653,-0.0997,19,0.4750,1.0000,8,8,8,0,0,8,8,0.0000
8,124.0000,13,5,93.8873,-76.6177,1.6272,40,1.0000,0.0000,4,4,0,0,0,4,0,1.0000
8,124.0000,13,8,625.8300,-88.1644,0.2313,5,0.1250,1.0000,8,6,6,0,0,6,6,0.0000
8,124.0000,13,9,379.9939,-87.2095,0.2715,22,0.5500,0.6667,6,5,2,0,0,5,2,0.6000
8,124.0000,13,12,341.7464,-87.2042,0.1258,31,0.7750,0.4000,5,4,0,0,0,4,0,1.0000
8,124.0000,13,17,605.9348,-88.6460,-1.4464,6,0.1500,1.0000,8,8,8,0,0,8,8,0.0000
8,124.0000,13,21,240.2176,-83.5452,0.1749,40,1.0000,0.0000,4,4,0,0,0,4,0,1.0000
8,124.0000,14,15,112.0123,-76.9004,-0.0255,40,1.0000,0.0000,4,4,0,0,0,4,0,1.0000
8,124.0000,14,25,648.2219,-88.6867,-0.8238,3,0.0750,0.8571,7,6,6,0,0,6,6,0.0000
8,124.0000,15,11,671.5769,-88.8035,0.5659,3,0.0750,1.0000,8,4,4,0,0,4,4,0.0000
8,124.0000,15,14,112.0123,-77.1842,0.0938,40,1.0000,0.0000,4,4,0,0,0,4,0,1.0000
8,124.0000,15,25,551.4069,-88.8629,0.1044,14,0.3500,0.8571,7,8,8,0,0,8,8,0.0000
8,124.0000,16,2,492.5424,-87.8964,-0.1012,21,0.5250,0.7143,7,8,8,0,0,8,8,0.0000
8,124.0000,16,7,501.4013,-87.4431,-0.1948,24,0.6000,0.8571,7,8,8,0,0,8,8,0.0000
8,124.0000,16,11,656.3029,-89.0402,-0.1090,8,0.2000,1.0000,8,6,6,0,0,6,6,0.0000
8,124.0000,16,18,297.7944,-83.3712,-0.6716,38,0.9500,0.0000,4,7,4,0,0,7,4,0.4286
8,124.0000,16,23,242.3168,-81.3855,-1.0705,40,1.0000,0.4000,5,4,0,0,0,4,0,1.0000
8,124.0000,16,27,190.9588,-81.5432,0.1047,40,1.0000,0.0000,4,4,0,0,0,4,0,1.0000
8,124.0000,17,5,546.5171,-88.4447,-0.1783,29,0.7250,0.7500,8,8,8,0,0,8,8,0.0000
8,124.0000,17,13,605.9348,-88.8784,-0.1669,10,0.2500,0.8750,8,4,4,0,0,4,4,0.0000
8,124.0000,18,2,351.7796,-85.8767,-0.3137,36,0.9000,0.4000,5,6,3,0,0,6,3,0.5000
8,124.0000,18,7,279.6247,-86.2367,0.5721,35,0.8750,0.0000,4,4,0,0,0,4,0,1.0000
8,124.0000,18,16,297.7944,-83.5182,-0.8886,38,0.9500,0.0000,4,5,2,0,0,5,2,0.6000
8,124.0000,18,22,483.9013,-88.3500,0.7084,8,0.2000,1.0000,8,6,4,0,0,6,4,0.3333
8,124.0000,18,23,152.0507,-76.7493,-1.3045,39,0.9750,0.0000,4,4,0,0,0,4,0,1.0000
8,124.0000,18,27,416.7465,-86.4194,-0.6085,38,0.9500,0.0000,4,8,7,0,0,8,7,0.1250
8,124.0000,19,26,168.4094,-83.8906,0.6632,39,0.9750,0.0000,4,4,0,0,0,4,0,1.0000
8,124.0000,20,0,353.6247,-85.1492,-0.9147,37,0.9250,0.0000,4,7,4,0,0,7,4,0.4286
8,124.0000,20,1,535.0318,-88.4505,-0.1497,11,0.2750,0.6000,10,8,8,0,0,8,8,0.0000
8,124.0000,20,10,643.4857,-88.6757,-0.6928,6,0.1500,1.0000,8,4,4,0,0,4,4,0.0000
8,124.0000,21,3,615.0189,-88.7753,-0.3106,12,0.3077,1.0000,8,8,8,0,0,8,8,0.0000
8,124.0000,21,5,236.2489,-84.7072,0.8238,38,0.9744,0.0000,4,4,0,0,0,4,0,1.0000
8,124.0000,21,9,600.0021,-88.5709,0.3783,9,0.2308,1.0000,8,8,8,0,0,8,8,0.0000
8,124.0000,21,12,508.3523,-88.2085,-0.0888,23,0.5897,1.0000,8,7,5,0,0,7,5,0.2857
8,124.0000,21,13,240.2176,-83.0216,-0.2756,38,0.9744,0.0000,4,4,0,0,0,4,0,1.0000
8,124.0000,22,7,527.2394,-87.7814,0.1350,7,0.1707,1.0000,8,7,5,0,0,7,5,0.2857
8,124.0000,22,11,607.5993,-88.6298,0.3314,4,0.0976,1.0000,8,8,8,0,0,8,8,0.0000
8,124.0000,22,16,644.1621,-89.8197,-0.0596,3,0.0732,1.0000,4,6,6,0,0,6,6,0.0000
8,124.0000,22,18,483.9013,-88.9007,0.3804,17,0.4146,0.8750,8,4,0,0,0,4,0,1.0000
8,124.0000,22,23,423.8540,-87.8808,0.4842,19,0.4634,0.8750,8,6,3,0,0,6,3,0.5000
8,124.0000,23,2,490.7698,-88.1600,0.0522,16,0.4103,0.7500,8,7,5,0,0,7,5,0.2857
8,124.0000,23,7,388.0939,-87.2415,0.1967,32,0.8205,0.3333,6,6,2,0,0,6,2,0.6667
8,124.0000,23,11,534.1645,-87.6281,-0.5502,9,0.2308,1.0000,8,8,8,0,0,8,8,0.0000
8,124.0000,23,16,242.3168,-82.4986,-1.0636,39,1.0000,0.0000,4,4,0,0,0,4,0,1.0000
8,124.0000,23,18,152.0507,-76.5998,-0.9066,39,1.0000,0.0000,4,4,0,0,0,4,0,1.0000
8,124.0000,23,22,423.8540,-88.1397,0.5129,19,0.4872,0.8750,8,6,3,0,0,6,3,0.5000
8,124.0000,23,27,398.9589,-86.5696,-0.6547,29,0.7436,0.2000,5,7,5,0,0,7,5,0.2857
8,124.0000,25,3,577.6083,-88.7298,-0.2442,5,0.1282,0.6667,6,6,6,0,0,6,6,0.0000
8,124.0000,25,11,278.8156,-85.7383,1.2885,32,0.8205,0.8571,7,4,0,0,0,4,0,1.0000
8,124.0000,25,14,648.2219,-88.7590,-0.9448,8,0.2051,1.0000,8,8,8,0,0,8,8,0.0000
8,124.0000,25,15,551.4069,-88.3828,-0.0506,12,0.3077,0.8750,8,8,8,0,0,8,8,0.0000
8,124.0000,26,19,168.4094,-82.3927,1.0439,40,1.0000,0.0000,4,4,0,0,0,4,0,1.0000
8,124.0000,27,2,490.1337,-87.6542,-0.0924,23,0.5750,0.6667,6,8,7,0,0,8,7,0.1250
8,124.0000,27,7,624.3584,-88.7229,0.2237,7,0.1750,0.8571,7,2,2,0,0,2,2,0.0000
8,124.0000,27,16,190.9588,-80.9356,0.2097,39,0.9750,0.0000,4,4,0,0,0,4,0,1.0000
8,124.0000,27,18,416.7465,-86.2005,-0.8220,32,0.8000,0.2000,5,7,6,0,0,7,6,0.1429
8,124.0000,27,23,398.9589,-86.4892,-0.0041,34,0.8500,0.4000,5,7,4,0,0,7,4,0.4286
8,128.0000,0,1,335.3220,-86.0259,0.2899,33,0.8462,0.7143,7,7,5,0,0,7,5,0.2857
8,128.0000,0,20,470.8156,-87.2600,-0.3684,25,0.6410,0.7143,7,7,5,0,0,7,5,0.2857
8,128.0000,1,0,335.3220,-86.1461,0.2816,36,0.9000,0.4000,5,6,3,0,0,6,3,0.5000
8,128.0000,1,4,712.0751,-88.9612,1.5412,3,0.0750,1.0000,8,2,2,0,0,2,2,0.0000
8,128.0000,1,20,626.0632,-89.0817,-0.1717,10,0.2500,1.0000,8,4,4,0,0,4,4,0.0000
8,128.0000,2,6,649.4968,-88.5706,-0.5035,5,0.1250,1.0000,6,6,6,0,0,6,6,0.0000
8,128.0000,2,7,420.0414,-87.5028,0.0449,25,0.6250,0.2000,5,6,2,0,0,6,2,0.6667
8,128.0000,2,16,602.8072,-88.5280,-0.1763,12,0.3000,1.0000,8,8,8,0,0,8,8,0.0000
8,128.0000,2,18,450.3053,-87.0278,-0.4005,26,0.6500,0.7143,7,8,8,0,0,8,8,0.0000
8,128.0000,2,19,460.8239,-88.7928,0.1573,12,0.3000,0.8571,7,5,1,0,0,5,1,0.8000
8,128.0000,2,23,599.1424,-88.3519,-0.0473,11,0.2750,1.0000,8,8,8,0,0,8,8,0.0000
8,128.0000,2,26,489.8822,-88.7844,0.4997,11,0.2750,0.8333,6,7,5,0,0,7,5,0.2857
8,128.0000,2,27,617.7361,-87.8845,-0.5264,9,0.2250,1.0000,8,4,4,0,0,4,4,0.0000
8,128.0000,3,21,709.7729,-88.2772,-0.3086,4,0.1000,1.0000,8,8,8,0,0,8,8,0.0000
8,128.0000,3,24,476.2338,-88.1184,0.1652,11,0.2750,0.7143,7,7,4,0,0,7,4,0.4286
8,128.0000,3,25,591.9151,-88.0771,-0.4034,5,0.1250,0.8750,8,6,6,0,0,6,6,0.0000
8,128.0000,4,6,338.1295,-87.7124,-0.0220,24,0.5854,0.5000,6,5,2,0,0,5,2,0.6000
8,128.0000,4,7,459.9997,-88.1663,0.1664,18,0.4390,0.7143,7,6,4,0,0,6,4,0.3333
8,128.0000,4,10,399.3630,-86.5996,-0.3252,26,0.6341,0.3333,6,6,4,0,0,6,4,0.3333
8,128.0000,4,18,591.5227,-89.3936,0.8344,3,0.0732,1.0000,2,8,8,0,0,8,8,0.0000
8,128.0000,5,8,742.6511,-88.6716,0.7353,3,0.0750,1.0000,2,6,6,0,0,6,6,0.0000
8,128.0000,5,9,346.0284,-87.1977,0.0261,27,0.6750,0.4000,5,5,1,0,0,5,1,0.8000
8,128.0000,5,12,370.9873,-86.8377,0.0298,25,0.6250,0.3333,6,7,3,0,0,7,3,0.5714
8,128.0000,5,13,58.4900,-72.0651,1.3858,39,0.9750,0.0000,4,4,0,0,0,4,0,1.0000
8,128.0000,5,17,710.1931,-88.0312,-0.6288,5,0.1250,1.0000,8,2,2,0,0,2,2,0.0000
8,128.0000,5,21,256.7997,-82.9808,-0.1143,40,1.0000,0.0000,4,7,5,0,0,7,5,0.2857
8,128.0000,6,2,649.4968,-89.2582,-0.0341,6,0.1463,1.0000,8,8,8,0,0,8,8,0.0000
8,128.0000,6,4,338.1295,-86.7303,0.3583,23,0.5610,0.5000,6,5,2,0,0,5,2,0.6000
8,128.0000,6,7,301.9193,-85.4174,0.2768,27,0.6585,0.5000,6,6,2,0,0,6,2,0.6667
8,128.0000,6,10,367.8744,-87.6678,0.3646,27,0.6585,0.5000,6,5,2,0,0,5,2,0.6000
8,128.0000,6,18,525.0359,-88.9768,-0.1903,9,0.2195,1.0000,6,8,8,0,0,8,8,0.0000
8,128.0000,7,2,420.0414,-87.3123,1.0457,19,0.4750,0.7500,8,7,6,0,0,7,6,0.1429
8,128.0000,7,4,459.9997,-87.9969,0.3564,14,0.3500,0.8571,7,7,4,0,0,7,4,0.4286
8,128.0000,7,6,301.9193,-85.9001,0.4261,35,0.8750,0.0000,3,4,0,0,0,4,0,1.0000
8,128.0000,7,16,620.8723,-87.8830,-0.3173,5,0.1250,0.8571,7,6,6,0,0,6,6,0.0000
8,128.0000,7,18,244.2571,-83.9778,0.5824,39,0.9750,0.0000,4,4,0,0,0,4,0,1.0000
8,128.0000,7,22,522.8945,-88.4661,-0.3187,17,0.4250,0.6667,6,7,5,0,0,7,5,0.2857
8,128.0000,7,23,430.7145,-87.8206,-0.3052,23,0.5750,0.5000,4,6,3,0,0,6,3,0.5000
8,128.0000,8,9,473.5066,-86.8405,-0.0778,28,0.7000,0.6667,6,8,7,0,0,8,7,0.1250
8,128.0000,8,12,404.1790,-86.5012,-0.6083,30,0.7500,0.8750,8,8,6,0,0,8,6,0.2500
8,128.0000,9,5,346.0284,-86.9630,0.6856,34,0.8500,0.5000,6,5,1,0,0,5,1,0.8000
8,128.0000,9,8,473.5066,-87.4263,-0.3222,31,0.7750,0.5517,116,8,7,139,129,147,136,0.0748
8,128.0000,9,12,274.0074,-83.9077,-0.3277,40,1.0000,0.0000,4,4,0,0,0,4,0,1.0000
8,128.0000,9,13,289.6136,-86.3056,0.2702,37,0.9250,0.0000,4,4,0,0,0,4,0,1.0000
8,128.0000,9,21,597.5279,-89.0421,0.1206,7,0.1750,1.0000,8,8,8,0,0,8,8,0.0000
8,128.0000,10,4,399.3630,-86.8611,-0.4536,26,0.6500,0.5690,116,7,5,101,47,108,52,0.5185
8,128.0000,10,6,367.8744,-86.8265,0.2471,20,0.5000,0.7500,8,4,0,0,0,4,0,1.0000
8,128.0000,11,16,694.7376,-88.3438,-0.0846,3,0.0750,1.0000,8,4,4,0,0,4,4,0.0000
8,128.0000,11,22,665.2558,-89.3521,-0.6707,5,0.1250,0.8750,8,2,2,0,0,2,2,0.0000
8,128.0000,11,23,620.8429,-88.8501,0.1098,8,0.2000,1.0000,8,4,4,0,0,4,4,0.0000
8,128.0000,11,25,207.6880,-83.8448,0.6778,40,1.0000,0.2000,5,4,0,0,0,4,0,1.0000
8,128.0000,12,5,370.9873,-87.1851,0.3248,25,0.6250,0.8750,8,6,4,0,0,6,4,0.3333
8,128.0000,12,8,404.1790,-87.1434,-0.7108,30,0.7500,0.3333,6,6,3,0,0,6,3,0.5000
8,128.0000,12,9,274.0074,-84.5236,-0.0816,40,1.0000,0.2000,5,5,0,0,0,5,0,1.0000
8,128.0000,12,13,322.2401,-86.0838,0.2000,35,0.8750,0.3333,6,5,2,0,0,5,2,0.6000
8,128.0000,12,21,592.2070,-88.7471,-0.0503,9,0.2250,1.0000,8,8,8,0,0,8,8,0.0000
8,128.0000,13,5,58.4900,-72.1107,1.5125,39,1.0000,0.0000,4,4,0,0,0,4,0,1.0000
8,128.0000,13,9,289.6136,-86.1526,-0.0080,32,0.8205,0.4000,5,4,0,0,0,4,0,1.0000
8,128.0000,13,12,322.2401,-86.2731,0.4810,29,0.7436,0.0000,4,5,1,0,0,5,1,0.8000
8,128.0000,13,21,314.0003,-84.3813,-0.9403,39,1.0000,0.0000,4,6,3,0,0,6,3,0.5000
8,128.0000,14,15,152.8078,-77.2599,-0.9544,39,1.0000,0.0000,4,4,0,0,0,4,0,1.0000
8,128.0000,15,14,152.8078,-77.0895,-1.2265,39,1.0000,0.0000,4,4,0,0,0,4,0,1.0000
8,128.0000,15,25,686.3275,-88.6854,0.1507,6,0.1538,1.0000,8,2,2,0,0,2,2,0.0000
8,128.0000,16,2,602.8072,-88.6967,0.2590,8,0.2000,1.0000,8,4,4,0,0,4,4,0.0000
8,128.0000,16,7,620.8723,-88.8993,0.0067,14,0.3500,1.0000,8,6,6,0,0,6,6,0.0000
8,128.0000,16,18,457.8944,-86.2764,-0.5969,25,0.6250,0.5714,7,8,7,0,0,8,7,0.1250
8,128.0000,16,23,348.0976,-84.9866,-0.7076,35,0.8750,0.0000,4,6,4,0,0,6,4,0.3333
8,128.0000,16,27,188.1824,-81.3438,-0.3442,40,1.0000,0.0000,4,4,0,0,0,4,0,1.0000
8,128.0000,17,5,710.1931,-88.6163,0.6079,4,0.1000,1.0000,8,4,4,0,0,4,4,0.0000
8,128.0000,18,2,450.3053,-86.8796,-0.5031,27,0.6750,0.5000,6,8,8,0,0,8,8,0.0000
8,128.0000,18,6,525.0359,-89.0057,0.0681,7,0.1750,1.0000,10,6,4,0,0,6,4,0.3333
8,128.0000,18,7,244.2571,-84.3128,0.0636,40,1.0000,0.0000,4,5,1,0,0,5,1,0.8000
8,128.0000,18,16,457.8944,-86.3472,-0.9289,30,0.7500,0.4000,5,8,8,0,0,8,8,0.0000
8,128.0000,18,22,366.8991,-87.5304,0.3029,24,0.6000,0.6667,6,4,0,0,0,4,0,1.0000
8,128.0000,18,23,207.2793,-80.6429,-0.7452,40,1.0000,0.0000,4,4,0,0,0,4,0,1.0000
8,128.0000,18,27,594.4796,-87.9207,-0.5748,19,0.4750,0.8750,8,6,6,0,0,6,6,0.0000
8,128.0000,19,2,460.8239,-88.8723,0.5412,9,0.2250,0.8571,7,7,6,0,0,7,6,0.1429
8,128.0000,19,26,42.7333,-74.4059,2.9131,40,1.0000,0.0000,4,4,0,0,0,4,0,1.0000
8,128.0000,20,0,470.8156,-87.0703,-0.5233,23,0.5750,0.5714,7,8,8,0,0,8,8,0.0000
8,128.0000,20,1,626.0632,-88.4297,0.3635,10,0.2500,1.0000,8,8,7,0,0,8,7,0.1250
8,128.0000,21,3,709.7729,-88.7540,-0.6754,6,0.1500,1.0000,8,2,2,0,0,2,2,0.0000
8,128.0000,21,5,256.7997,-83.4988,-0.2601,39,0.9750,0.0000,4,6,3,0,0,6,3,0.5000
8,128.0000,21,9,597.5279,-88.7929,-1.6706,3,0.0750,1.0000,8,8,8,0,0,8,8,0.0000
8,128.0000,21,12,592.2070,-88.3794,-0.4418,7,0.1750,0.7143,7,8,8,0,0,8,8,0.0000
8,128.0000,21,13,314.0003,-84.5215,-0.5116,39,0.9750,0.0000,4,5,2,0,0,5,2,0.6000
8,128.0000,22,7,522.8945,-88.4706,0.2027,19,0.4750,0.7143,7,8,8,0,0,8,8,0.0000
8,128.0000,22,11,665.2558,-89.4850,-0.2978,4,0.1000,1.0000,8,4,4,0,0,4,4,0.0000
8,128.0000,22,16,619.9104,-88.5789,-0.2080,3,0.0750,1.0000,6,8,8,0,0,8,8,0.0000
8,128.0000,22,18,366.8991,-87.1674,0.8361,25,0.6250,0.0000,4,6,3,0,0,6,3,0.5000
8,128.0000,22,23,288.8821,-86.7898,0.7184,31,0.7750,0.5000,6,4,0,0,0,4,0,1.0000
8,128.0000,23,2,599.1424,-88.3606,0.0099,8,0.2000,0.7143,7,8,8,0,0,8,8,0.0000
8,128.0000,23,7,430.7145,-87.7636,-0.1821,24,0.6000,0.3333,6,7,6,0,0,7,6,0.1429
8,128.0000,23,11,620.8429,-88.5932,-0.2449,9,0.2250,1.0000,8,4,4,0,0,4,4,0.0000
8,128.0000,23,16,348.0976,-85.5224,-0.3936,38,0.9500,0.0000,4,6,4,0,0,6,4,0.3333
8,128.0000,23,18,207.2793,-81.1458,-0.7652,38,0.9500,0.0000,4,4,0,0,0,4,0,1.0000
8,128.0000,23,22,288.8821,-86.6773,0.6536,29,0.7250,0.5000,6,4,0,0,0,4,0,1.0000
8,128.0000,23,27,511.0659,-87.6790,-0.3865,21,0.5250,0.7143,7,6,6,0,0,6,6,0.0000
8,128.0000,24,3,476.2338,-88.4944,-0.8373,12,0.3000,1.0000,6,7,5,0,0,7,5,0.2857
8,128.0000,24,25,562.6232,-88.3792,0.3207,4,0.1000,1.0000,8,8,7,0,0,8,7,0.1250
8,128.0000,25,3,591.9151,-89.0206,-0.0176,7,0.1750,1.0000,6,7,6,0,0,7,6,0.1429
8,128.0000,25,11,207.6880,-83.4041,0.6971,40,1.0000,0.0000,4,4,0,0,0,4,0,1.0000
8,128.0000,25,15,686.3275,-88.2142,-0.1030,4,0.1000,1.0000,8,4,4,0,0,4,4,0.0000
8,128.0000,25,24,562.6232,-88.7479,-0.5014,8,0.2000,1.0000,8,7,5,0,0,7,5,0.2857
8,128.0000,26,2,489.8822,-88.5819,0.0402,6,0.1500,1.0000,6,7,6,0,0,7,6,0.1429
8,128.0000,26,19,42.7333,-74.5216,3.2409,40,1.0000,0.0000,4,5,1,0,0,5,1,0.8000
8,128.0000,27,2,617.7361,-88.2467,-0.6677,11,0.2750,0.8750,8,4,4,0,0,4,4,0.0000
8,128.0000,27,16,188.1824,-81.5036,0.3824,40,1.0000,0.0000,4,5,1,0,0,5,1,0.8000
8,128.0000,27,18,594.4796,-88.0343,0.2286,15,0.3750,0.8571,7,8,8,0,0,8,8,0.0000
8,128.0000,27,23,511.0659,-88.3900,0.2550,19,0.4750,0.5714,7,10,10,0,0,10,10,0.0000
8,132.0000,0,1,364.1802,-86.5414,-0.1846,34,0.8500,0.7143,7,6,2,0,0,6,2,0.6667
8,132.0000,0,20,501.9766,-88.3033,-0.1917,17,0.4250,0.7143,7,7,5,0,0,7,5,0.2857
8,132.0000,1,0,364.1802,-85.8019,-0.3192,28,0.7179,0.5000,6,6,4,0,0,6,4,0.3333
8,132.0000,1,20,615.6343,-88.9638,0.1515,5,0.1282,1.0000,4,8,7,0,0,8,7,0.1250
8,132.0000,2,7,429.1728,-87.5433,-0.4620,22,0.5500,0.3333,6,6,4,0,0,6,4,0.3333
8,132.0000,2,18,583.5997,-88.7423,-0.4310,14,0.3500,1.0000,8,8,8,0,0,8,8,0.0000
8,132.0000,2,19,383.1769,-87.1600,0.4101,24,0.6000,0.2000,5,6,3,0,0,6,3,0.5000
8,132.0000,2,23,700.9618,-89.4612,0.0366,3,0.0750,1.0000,8,2,2,0,0,2,2,0.0000
8,132.0000,2,26,364.4789,-87.3852,0.3261,23,0.5750,0.7143,7,4,0,0,0,4,0,1.0000
8,132.0000,3,5,555.6068,-89.3581,-0.0342,5,0.1250,1.0000,2,8,8,0,0,8,8,0.0000
8,132.0000,3,9,621.4803,-88.8621,1.8035,3,0.0750,1.0000,2,8,8,0,0,8,8,0.0000
8,132.0000,3,12,437.2174,-88.6693,0.4359,13,0.3250,0.8000,5,5,1,0,0,5,1,0.8000
8,132.0000,3,13,585.4509,-89.0655,-0.3261,3,0.0750,1.0000,4,7,6,0,0,7,6,0.1429
8,132.0000,3,24,407.3870,-87.7625,-0.2307,23,0.5750,0.5714,7,4,0,0,0,4,0,1.0000
8,132.0000,3,25,634.3183,-89.0434,-0.2307,6,0.1500,1.0000,6,8,8,0,0,8,8,0.0000
8,132.0000,4,6,311.1705,-85.9352,-0.1497,32,0.8000,0.4000,5,5,2,0,0,5,2,0.6000
8,132.0000,4,7,389.4715,-87.6369,0.2149,24,0.6000,0.6667,6,4,0,0,0,4,0,1.0000
8,132.0000,4,10,366.6952,-87.0943,0.3465,26,0.6500,0.6667,6,7,4,0,0,7,4,0.4286
8,132.0000,4,18,466.7390,-89.1286,0.1027,18,0.4500,1.0000,8,8,7,0,0,8,7,0.1250
8,132.0000,4,22,677.3405,-89.2595,0.0729,4,0.1000,1.0000,6,8,8,0,0,8,8,0.0000
8,132.0000,5,3,555.6068,-88.9089,-0.3492,3,0.0750,1.0000,6,10,10,0,0,10,10,0.0000
8,132.0000,5,9,246.4466,-84.6587,0.6063,38,0.9500,0.2000,5,4,0,0,0,4,0,1.0000
8,132.0000,5,12,320.0325,-86.2304,0.0761,36,0.9000,0.4286,7,4,0,0,0,4,0,1.0000
8,132.0000,5,13,40.1271,-67.5158,0.7652,40,1.0000,0.0000,4,3,0,0,0,3,0,1.0000
8,132.0000,5,21,398.0801,-85.5497,-1.1208,37,0.9250,0.7143,7,6,4,0,0,6,4,0.3333
8,132.0000,6,4,311.1705,-86.1237,0.1339,34,0.8718,0.4000,5,5,1,0,0,5,1,0.8000
8,132.0000,6,7,326.0441,-85.4695,-0.2851,33,0.8462,0.3333,6,5,2,0,0,5,2,0.6000
8,132.0000,6,10,245.4799,-85.6536,0.3924,37,0.9487,0.4000,5,6,1,0,0,6,1,0.8333
8,132.0000,6,18,427.7896,-88.2689,0.7170,16,0.4103,1.0000,8,7,3,0,0,7,3,0.5714
8,132.0000,6,22,601.6503,-89.2994,0.2939,5,0.1282,1.0000,8,8,8,0,0,8,8,0.0000
8,132.0000,6,23,634.5947,-89.2428,-0.5916,3,0.0769,1.0000,8,8,8,0,0,8,8,0.0000
8,132.0000,7,2,429.1728,-87.7592,-0.1537,26,0.6341,0.8571,7,6,2,0,0,6,2,0.6667
8,132.0000,7,4,389.4715,-87.7924,0.0907,24,0.5854,0.5714,7,6,4,0,0,6,4,0.3333
8,132.0000,7,6,326.0441,-85.5313,-0.4847,39,0.9512,0.0000,4,6,3,0,0,6,3,0.5000
8,132.0000,7,10,543.1521,-88.0871,0.2833,7,0.1707,1.0000,6,6,6,0,0,6,6,0.0000
8,132.0000,7,18,282.2444,-84.1817,-0.4703,40,0.9756,0.0000,4,6,4,0,0,6,4,0.3333
8,132.0000,7,22,538.0122,-88.5539,-0.3020,14,0.3415,0.7143,7,8,8,0,0,8,8,0.0000
8,132.0000,7,23,480.8998,-88.1635,-0.0702,17,0.4146,0.5000,6,9,8,0,0,9,8,0.1111
8,132.0000,8,9,615.7275,-88.5459,-0.5827,6,0.1500,0.8750,8,4,4,0,0,4,4,0.0000
8,132.0000,8,12,519.6210,-87.6735,-0.6056,21,0.5250,0.7500,8,7,6,0,0,7,6,0.1429
8,132.0000,9,3,621.4803,-88.9067,0.0452,5,0.1250,1.0000,2,6,5,0,0,6,5,0.1667
8,132.0000,9,5,246.4466,-85.4651,0.8174,37,0.9250,0.2000,5,4,0,0,0,4,0,1.0000
8,132.0000,9,8,615.7275,-88.5778,0.2189,13,0.3250,0.9252,147,8,7,78,78,86,85,0.0116
8,132.0000,9,12,311.5124,-85.1203,-0.6572,38,0.9500,0.0000,4,4,0,45,19,49,19,0.6122
8,132.0000,9,13,219.5019,-83.9644,0.6966,39,0.9750,0.0000,4,4,0,0,0,4,0,1.0000
8,132.0000,9,21,596.0748,-89.2177,0.0962,9,0.2250,1.0000,8,8,8,0,0,8,8,0.0000
8,132.0000,10,4,366.6952,-87.0585,0.4046,29,0.7436,0.4815,108,5,1,110,56,115,57,0.5043
8,132.0000,10,6,245.4799,-85.4442,0.3912,35,0.8974,0.0000,4,4,0,0,0,4,0,1.0000
8,132.0000,10,7,543.1521,-88.8273,0.2604,7,0.1795,0.8571,7,8,6,0,0,8,6,0.2500
8,132.0000,11,25,156.7478,-80.5084,0.6793,40,1.0000,0.0000,4,3,0,0,0,3,0,1.0000
8,132.0000,12,3,437.2174,-88.4284,0.1573,10,0.2564,0.8750,8,4,0,0,0,4,0,1.0000
8,132.0000,12,5,320.0325,-86.1891,0.2577,32,0.8205,0.6667,6,4,0,0,0,4,0,1.0000
8,132.0000,12,8,519.6210,-88.4598,-0.2740,20,0.5128,0.5000,6,8,7,59,58,67,65,0.0299
8,132.0000,12,9,311.5124,-85.2613,-0.2287,37,0.9487,0.0000,5,5,1,0,0,5,1,0.8000
8,132.0000,12,13,331.4679,-85.9657,-0.2876,34,0.8718,0.4000,5,5,2,0,0,5,2,0.6000
8,132.0000,13,3,585.4509,-89.1787,0.6299,5,0.1220,0.8000,5,8,8,0,0,8,8,0.0000
8,132.0000,13,5,40.1271,-67.5486,0.8352,41,1.0000,0.0000,4,4,0,0,0,4,0,1.0000
8,132.0000,13,9,219.5019,-83.6564,0.4770,41,1.0000,0.0000,4,4,0,0,0,4,0,1.0000
8,132.0000,13,12,331.4679,-86.4557,-0.1852,34,0.8293,0.2000,5,5,1,0,0,5,1,0.8000
8,132.0000,13,21,403.0861,-86.6920,-0.5341,30,0.7317,0.5000,6,6,4,0,0,6,4,0.3333
8,132.0000,14,15,235.8037,-81.2413,-0.8256,39,0.9750,0.0000,4,4,0,0,0,4,0,1.0000
8,132.0000,15,14,235.8037,-81.3577,-1.1953,41,1.0000,0.0000,4,4,0,0,0,4,0,1.0000
8,132.0000,16,18,629.2010,-88.5062,-0.4042,8,0.2000,0.8750,8,2,2,0,0,2,2,0.0000
8,132.0000,16,23,465.2376,-87.6472,-0.4422,28,0.7000,0.6667,6,8,8,0,0,8,8,0.0000
8,132.0000,16,27,204.4459,-81.6552,-0.1066,40,1.0000,0.0000,4,4,0,0,0,4,0,1.0000
8,132.0000,18,2,583.5997,-88.2674,-0.1812,13,0.3250,1.0000,8,8,8,0,0,8,8,0.0000
8,132.0000,18,4,466.7390,-88.7781,0.0734,13,0.3250,0.8750,8,8,6,0,0,8,6,0.2500
8,132.0000,18,6,427.7896,-88.4639,0.0592,13,0.3250,0.6667,6,5,2,0,0,5,2,0.6000
8,132.0000,18,7,282.2444,-84.3339,-0.0535,39,0.9750,0.2000,5,7,3,0,0,7,3,0.5714
8,132.0000,18,16,629.2010,-88.6914,-0.2598,9,0.2250,1.0000,8,8,8,0,0,8,8,0.0000
8,132.0000,18,22,269.2112,-85.5683,0.6055,38,0.9500,0.0000,4,4,0,0,0,4,0,1.0000
8,132.0000,18,23,236.6041,-82.3172,-0.7252,40,1.0000,0.0000,4,4,0,0,0,4,0,1.0000
8,132.0000,19,2,383.1769,-87.6329,0.8238,24,0.6000,0.8571,7,5,2,0,0,5,2,0.6000
8,132.0000,19,26,117.6610,-68.7679,-3.3255,40,1.0000,0.0000,4,4,0,0,0,4,0,1.0000
8,132.0000,20,0,501.9766,-87.9583,-0.0024,14,0.3500,1.0000,8,10,7,0,0,10,7,0.3000
8,132.0000,20,1,615.6343,-89.1909,-0.8307,4,0.1000,0.8750,8,8,8,0,0,8,8,0.0000
8,132.0000,21,5,398.0801,-85.0949,-0.4252,31,0.7750,0.5000,6,7,6,0,0,7,6,0.1429
8,132.0000,21,9,596.0748,-89.3128,-0.2247,6,0.1500,1.0000,8,8,8,0,0,8,8,0.0000
8,132.0000,21,13,403.0861,-86.8235,-0.5821,27,0.6750,0.4000,5,6,4,0,0,6,4,0.3333
8,132.0000,22,6,601.6503,-89.5094,-0.0695,6,0.1538,1.0000,6,8,8,0,0,8,8,0.0000
8,132.0000,22,7,538.0122,-88.3945,0.2100,11,0.2821,1.0000,8,8,8,0,0,8,8,0.0000
8,132.0000,22,18,269.2112,-85.0639,-0.1497,30,0.7692,0.5000,6,5,1,0,0,5,1,0.8000
8,132.0000,22,23,168.7318,-83.0652,1.4599,36,0.9231,0.0000,4,4,0,0,0,4,0,1.0000
8,132.0000,23,2,700.9618,-88.9188,-0.0391,5,0.1250,1.0000,8,8,8,0,0,8,8,0.0000
8,132.0000,23,7,480.8998,-88.2903,-0.2597,19,0.4750,0.8571,7,8,7,0,0,8,7,0.1250
8,132.0000,23,16,465.2376,-87.2050,-0.1112,29,0.7250,0.6667,6,8,7,0,0,8,7,0.1250
8,132.0000,23,18,236.6041,-83.3392,-0.7765,38,0.9500,0.0000,4,4,0,0,0,4,0,1.0000
8,132.0000,23,22,168.7318,-83.2238,1.1942,40,1.0000,0.0000,4,4,0,0,0,4,0,1.0000
8,132.0000,23,27,647.2469,-88.6301,0.0839,7,0.1750,1.0000,6,4,4,0,0,4,4,0.0000
8,132.0000,24,3,407.3870,-88.5532,0.3290,19,0.4750,0.7143,7,6,3,0,0,6,3,0.5000
8,132.0000,24,11,606.7140,-88.7362,-0.1745,4,0.1000,1.0000,4,8,8,0,0,8,8,0.0000
8,132.0000,24,25,491.7397,-88.8732,0.5308,14,0.3500,0.8750,8,4,0,0,0,4,0,1.0000
8,132.0000,25,3,634.3183,-88.9128,-1.5697,5,0.1250,0.8571,7,8,8,0,0,8,8,0.0000
8,132.0000,25,11,156.7478,-80.2440,0.1625,40,1.0000,0.0000,4,4,0,0,0,4,0,1.0000
8,132.0000,25,24,491.7397,-88.4030,-0.3709,12,0.3000,0.7143,7,6,3,0,0,6,3,0.5000
8,132.0000,26,2,364.4789,-87.4615,-0.1849,23,0.5750,0.8571,7,6,3,0,0,6,3,0.5000
8,132.0000,26,19,117.6610,-69.2335,-3.5185,39,0.9750,0.2000,5,4,0,0,0,4,0,1.0000
8,132.0000,27,16,204.4459,-82.1982,0.4707,40,1.0000,0.2000,5,4,0,0,0,4,0,1.0000
8,132.0000,27,23,647.2469,-87.2893,-0.2223,4,0.1000,1.0000,10,6,6,0,0,6,6,0.0000
8,136.0000,0,1,396.3511,-86.9250,-0.1520,26,0.6500,0.3333,6,7,5,0,0,7,5,0.2857
8,136.0000,0,20,526.2177,-88.6239,-0.0404,13,0.3250,0.7143,7,8,8,0,0,8,8,0.0000
8,136.0000,1,0,396.3511,-86.7916,0.2141,32,0.7805,0.6667,6,8,8,0,0,8,8,0.0000
8,136.0000,1,20,589.3745,-89.3374,0.0085,9,0.2195,0.8750,8,6,6,0,0,6,6,0.0000
8,136.0000,2,7,418.1199,-87.9214,0.3806,21,0.5250,0.6667,6,5,2,0,0,5,2,0.6000
8,136.0000,2,18,730.6125,-89.6982,-0.2267,4,0.1000,1.0000,8,4,4,0,0,4,4,0.0000
8,136.0000,2,19,377.6110,-86.4260,0.2404,30,0.7500,0.5000,6,6,4,0,0,6,4,0.3333
8,136.0000,2,26,242.6242,-85.1853,1.0256,38,0.9500,0.0000,4,4,0,0,0,4,0,1.0000
8,136.0000,3,5,474.5858,-87.9678,0.3934,11,0.2821,1.0000,8,7,6,0,0,7,6,0.1429
8,136.0000,3,9,532.7524,-89.2136,0.3766,9,0.2308,1.0000,8,8,8,0,0,8,8,0.0000
8,136.0000,3,12,268.9874,-85.7070,0.8424,32,0.8205,0.2000,5,5,2,0,0,5,2,0.6000
8,136.0000,3,13,533.7003,-88.6955,0.5255,11,0.2821,0.8571,7,6,6,0,0,6,6,0.0000
8,136.0000,3,24,408.0007,-86.7119,0.1585,25,0.6410,0.0000,4,6,3,0,0,6,3,0.5000
8,136.0000,3,25,673.4128,-89.3254,0.2793,4,0.1026,1.0000,8,8,8,0,0,8,8,0.0000
8,136.0000,4,2,606.3111,-88.8780,0.3847,4,0.1000,1.0000,6,8,8,0,0,8,8,0.0000
8,136.0000,4,6,402.4041,-86.7714,0.3729,33,0.8250,0.4000,5,7,5,0,0,7,5,0.2857
8,136.0000,4,7,352.3496,-86.6641,0.4362,31,0.7750,0.0000,4,6,4,0,0,6,4,0.3333
8,136.0000,4,10,360.8503,-86.8593,-0.0598,33,0.8250,0.5714,7,6,2,0,0,6,2,0.6667
8,136.0000,4,18,420.2883,-87.1234,-0.1621,20,0.5000,0.8750,8,4,0,0,0,4,0,1.0000
8,136.0000,4,23,673.4394,-89.1793,2.0461,3,0.0750,1.0000,8,8,8,0,0,8,8,0.0000
8,136.0000,5,3,474.5858,-88.2017,0.2552,12,0.3000,1.0000,10,8,7,0,0,8,7,0.1250
8,136.0000,5,9,181.2888,-82.6051,1.1595,40,1.0000,0.0000,4,4,0,0,0,4,0,1.0000
8,136.0000,5,12,267.7336,-84.7317,0.4126,37,0.9250,0.0000,4,4,0,2,0,6,0,1.0000
8,136.0000,5,13,78.3047,-68.7771,-2.2084,40,1.0000,0.0000,3,4,0,0,0,4,0,1.0000
8,136.0000,5,21,590.5603,-88.5460,-0.6279,13,0.3250,0.6667,6,6,6,0,0,6,6,0.0000
8,136.0000,6,4,402.4041,-86.7101,-0.1663,31,0.7750,0.2000,5,7,5,0,0,7,5,0.2857
8,136.0000,6,7,461.0644,-86.7475,-0.1274,31,0.7750,0.4000,5,8,8,0,0,8,8,0.0000
8,136.0000,6,10,171.8665,-81.7456,0.9864,39,0.9750,0.1667,6,4,0,0,0,4,0,1.0000
8,136.0000,6,18,349.8413,-87.0620,0.0400,31,0.7750,0.4286,7,4,0,0,0,4,0,1.0000
8,136.0000,6,22,554.7926,-89.1152,-0.3092,6,0.1500,1.0000,8,8,8,0,0,8,8,0.0000
8,136.0000,7,2,418.1199,-87.3905,-0.1728,24,0.6000,0.3333,6,7,6,0,0,7,6,0.1429
8,136.0000,7,4,352.3496,-86.2267,-0.1769,30,0.7500,0.6667,6,7,4,0,0,7,4,0.4286
8,136.0000,7,6,461.0644,-86.8834,-0.3186,27,0.6750,0.5000,6,7,6,0,0,7,6,0.1429
8,136.0000,7,10,477.1099,-87.9312,0.5603,17,0.4250,1.0000,6,8,8,0,0,8,8,0.0000
8,136.0000,7,18,387.7752,-85.7386,-0.3050,36,0.9000,0.6667,6,6,4,0,0,6,4,0.3333
8,136.0000,7,22,549.2961,-88.9095,0.0002,11,0.2750,1.0000,8,5,4,0,0,5,4,0.2000
8,136.0000,7,23,548.5960,-88.5988,-0.0752,15,0.3750,0.8889,9,6,6,0,0,6,6,0.0000
8,136.0000,7,26,582.5922,-89.1446,-0.9384,6,0.1500,1.0000,2,7,5,0,0,7,5,0.2857
8,136.0000,8,9,693.8232,-88.9015,2.4706,3,0.0750,1.0000,4,8,8,0,0,8,8,0.0000
8,136.0000,8,12,622.1445,-89.0283,-0.3054,7,0.1750,0.8571,7,8,8,0,0,8,8,0.0000
8,136.0000,9,3,532.7524,-88.8164,-0.2689,12,0.2927,0.8333,6,8,7,0,0,8,7,0.1250
8,136.0000,9,5,181.2888,-81.6456,0.8513,41,1.0000,0.0000,4,4,0,2,0,6,0,1.0000
8,136.0000,9,12,353.4039,-86.3305,-0.1076,36,0.8780,0.3878,49,7,5,59,26,66,31,0.5303
8,136.0000,9,13,166.5654,-81.1301,0.9129,40,0.9756,0.0000,4,4,0,0,0,4,0,1.0000
8,136.0000,9,21,633.8238,-89.2110,0.4128,5,0.1220,1.0000,8,8,8,0,0,8,8,0.0000
8,136.0000,10,4,360.8503,-86.7153,-0.3956,32,0.8000,0.4957,115,6,3,108,54,114,57,0.5000
8,136.0000,10,6,171.8665,-81.7883,0.8269,39,0.9750,0.0000,4,4,0,0,0,4,0,1.0000
8,136.0000,10,7,477.1099,-88.3872,0.4491,9,0.2250,0.7500,8,7,5,0,0,7,5,0.2857
8,136.0000,10,18,479.4893,-88.6139,0.6586,10,0.2500,0.8571,7,5,1,0,0,5,1,0.8000
8,136.0000,10,20,655.5595,-88.7068,0.4221,3,0.0750,,0,4,4,0,0,4,4,0.0000
8,136.0000,11,24,507.6880,-89.4065,-0.0052,6,0.1500,1.0000,8,7,5,0,0,7,5,0.2857
8,136.0000,11,25,201.0234,-80.0561,-0.8894,39,0.9750,0.0000,3,4,0,0,0,4,0,1.0000
8,136.0000,12,3,268.9874,-87.0044,1.1792,33,0.8049,0.0000,4,4,0,0,0,4,0,1.0000
8,136.0000,12,5,267.7336,-85.1076,0.7242,39,0.9512,0.0000,4,4,0,0,0,4,0,1.0000
8,136.0000,12,8,622.1445,-89.0381,-0.1840,10,0.2439,0.9701,67,4,4,4,3,8,7,0.1250
8,136.0000,12,9,353.4039,-86.6412,-0.1263,34,0.8293,0.2000,5,5,1,55,28,60,29,0.5167
8,136.0000,12,13,342.9631,-87.0821,0.2448,36,0.8780,0.4000,5,5,2,0,0,5,2,0.6000
8,136.0000,12,24,666.5066,-89.0469,0.2115,3,0.0732,1.0000,2,8,8,0,0,8,8,0.0000
8,136.0000,13,3,533.7003,-88.4273,0.3314,13,0.3250,1.0000,8,8,8,0,0,8,8,0.0000
8,136.0000,13,5,78.3047,-69.3490,-1.3756,40,1.0000,0.0000,4,4,0,0,0,4,0,1.0000
8,136.0000,13,9,166.5654,-81.1737,1.0595,40,1.0000,0.0000,4,4,0,0,0,4,0,1.0000
8,136.0000,13,12,342.9631,-86.4438,0.0006,37,0.9250,0.2000,5,5,2,0,0,5,2,0.6000
8,136.0000,13,21,523.3546,-87.8727,-0.4778,24,0.6000,0.6667,6,8,8,0,0,8,8,0.0000
8,136.0000,14,15,277.2262,-84.4160,-0.6621,40,1.0000,0.0000,4,4,0,0,0,4,0,1.0000
8,136.0000,15,14,277.2262,-83.8008,-0.0436,40,1.0000,0.0000,4,4,0,0,0,4,0,1.0000
8,136.0000,16,22,644.3375,-89.4682,-0.0183,4,0.1000,1.0000,8,8,8,0,0,8,8,0.0000
8,136.0000,16,23,590.1700,-87.7778,-0.4574,8,0.2000,1.0000,8,8,8,0,0,8,8,0.0000
8,136.0000,16,27,206.1494,-81.7072,-0.0588,40,1.0000,0.0000,4,4,0,0,0,4,0,1.0000
8,136.0000,18,2,730.6125,-89.4733,-0.0194,3,0.0750,1.0000,8,2,2,0,0,2,2,0.0000
8,136.0000,18,4,420.2883,-87.9128,0.2460,18,0.4500,0.7500,8,6,4,0,0,6,4,0.3333
8,136.0000,18,6,349.8413,-86.9364,-0.0358,28,0.7000,0.4000,5,4,1,0,0,4,1,0.7500
8,136.0000,18,7,387.7752,-85.8028,-0.7477,36,0.9000,0.4286,7,6,4,0,0,6,4,0.3333
8,136.0000,18,10,479.4893,-88.8785,0.1195,8,0.2000,1.0000,6,7,6,0,0,7,6,0.1429
8,136.0000,18,22,240.8517,-84.1179,0.1615,39,0.9750,0.0000,4,5,0,0,0,5,0,1.0000
8,136.0000,18,23,274.3726,-83.8975,-0.3644,39,0.9750,0.0000,4,4,0,0,0,4,0,1.0000
8,136.0000,19,2,377.6110,-86.8508,-0.3338,24,0.6000,0.4000,5,5,1,0,0,5,1,0.8000
8,136.0000,19,26,244.7643,-81.2965,-1.4980,40,1.0000,0.0000,4,5,1,0,0,5,1,0.8000
8,136.0000,19,27,709.1101,-89.6182,-0.1225,3,0.0750,1.0000,6,2,2,0,0,2,2,0.0000
8,136.0000,20,0,526.2177,-88.1807,0.5650,14,0.3500,0.7000,10,6,5,0,0,6,5,0.1667
8,136.0000,20,1,589.3745,-89.2568,-0.4581,5,0.1250,1.0000,8,8,8,0,0,8,8,0.0000
8,136.0000,21,5,590.5603,-88.0727,-0.7320,16,0.4000,0.8571,7,8,8,0,0,8,8,0.0000
8,136.0000,21,9,633.8238,-88.8819,0.0326,5,0.1250,1.0000,8,8,8,0,0,8,8,0.0000
8,136.0000,21,13,523.3546,-88.2459,-0.4002,16,0.4000,0.6667,6,8,8,0,0,8,8,0.0000
8,136.0000,21,17,672.2764,-89.1378,2.5375,3,0.0750,,0,4,4,0,0,4,4,0.0000
8,136.0000,22,4,650.1408,-89.3657,0.0749,5,0.1250,1.0000,6,6,6,0,0,6,6,0.0000
8,136.0000,22,6,554.7926,-89.0964,0.0514,5,0.1250,1.0000,8,8,8,0,0,8,8,0.0000
8,136.0000,22,7,549.2961,-88.8123,-0.0588,12,0.3000,1.0000,8,8,8,0,0,8,8,0.0000
8,136.0000,22,16,644.3375,-87.9659,0.0928,5,0.1250,1.0000,8,2,2,0,0,2,2,0.0000
8,136.0000,22,18,240.8517,-83.8376,0.4765,37,0.9250,0.2000,5,7,4,0,0,7,4,0.4286
8,136.0000,22,23,54.2016,-75.7533,2.6718,39,0.9750,0.0000,4,4,0,0,0,4,0,1.0000
8,136.0000,23,4,673.4394,-89.1766,-0.0428,5,0.1250,1.0000,6,8,8,0,0,8,8,0.0000
8,136.0000,23,6,592.5083,-89.0112,-0.2733,8,0.2000,,0,8,8,0,0,8,8,0.0000
8,136.0000,23,7,548.5960,-88.6713,0.2397,14,0.3500,0.8750,8,8,8,0,0,8,8,0.0000
8,136.0000,23,16,590.1700,-88.7397,-0.2811,12,0.3000,0.8750,8,8,7,0,0,8,7,0.1250
8,136.0000,23,18,274.3726,-84.4751,-0.4521,40,1.0000,0.0000,4,4,0,0,0,4,0,1.0000
8,136.0000,23,22,54.2016,-75.6169,2.7325,40,1.0000,0.0000,4,4,0,0,0,4,0,1.0000
8,136.0000,24,3,408.0007,-87.3912,-0.0701,30,0.7500,0.5000,6,7,6,0,0,7,6,0.1429
8,136.0000,24,11,507.6880,-88.7455,-0.1332,12,0.3000,1.0000,8,8,7,0,0,8,7,0.1250
8,136.0000,24,25,400.1585,-87.4719,0.5775,21,0.5250,0.0000,4,6,3,0,0,6,3,0.5000
8,136.0000,25,3,673.4128,-89.1352,-0.3006,4,0.1000,1.0000,8,4,4,0,0,4,4,0.0000
8,136.0000,25,11,201.0234,-80.5368,-0.0209,40,1.0000,0.0000,4,4,0,0,0,4,0,1.0000
8,136.0000,25,24,400.1585,-87.6380,0.1404,26,0.6500,0.5000,6,5,1,0,0,5,1,0.8000
8,136.0000,26,2,242.6242,-84.6912,0.8687,36,0.9000,0.5000,6,5,0,0,0,5,0,1.0000
8,136.0000,26,7,582.5922,-89.0359,-0.1619,3,0.0750,1.0000,6,8,8,0,0,8,8,0.0000
8,136.0000,26,19,244.7643,-81.0728,-1.7704,40,1.0000,0.0000,4,4,0,0,0,4,0,1.0000
8,136.0000,27,16,206.1494,-81.9414,0.1082,40,1.0000,0.0000,4,4,0,0,0,4,0,1.0000
8,136.0000,27,19,709.1101,-89.5299,-0.1189,3,0.0750,1.0000,4,8,8,0,0,8,8,0.0000
8,136.0000,27,21,617.5464,-88.6993,0.7330,5,0.1250,1.0000,8,4,4,0,0,4,4,0.0000
8,140.0000,0,1,420.3935,-87.5811,-0.0859,28,0.7000,0.7143,7,7,4,0,0,7,4,0.4286
8,140.0000,0,20,555.5810,-88.6369,-0.1221,8,0.2000,1.0000,8,8,8,0,0,8,8,0.0000
8,140.0000,1,0,420.3935,-87.0591,-0.2948,28,0.7179,1.0000,8,6,4,0,0,6,4,0.3333
8,140.0000,1,6,499.9499,-88.8773,0.4370,10,0.2564,0.8000,5,7,6,0,0,7,6,0.1429
8,140.0000,1,18,519.8866,-89.1065,-0.0285,5,0.1282,1.0000,8,7,6,0,0,7,6,0.1429
8,140.0000,1,20,575.1487,-89.0870,-0.2776,6,0.1538,1.0000,6,6,6,0,0,6,6,0.0000
8,140.0000,2,4,543.6507,-88.4163,0.0382,11,0.2750,1.0000,8,8,8,0,0,8,8,0.0000
8,140.0000,2,7,395.1821,-87.5712,0.5713,25,0.6250,0.4000,5,6,3,0,0,6,3,0.5000
8,140.0000,2,19,425.7781,-87.3769,0.0340,27,0.6750,0.6667,6,7,4,0,0,7,4,0.4286
8,140.0000,2,26,162.7348,-81.5999,1.3031,40,1.0000,0.0000,4,4,0,0,0,4,0,1.0000
8,140.0000,3,5,388.9689,-87.8053,0.1786,22,0.5500,0.8571,7,5,1,0,0,5,1,0.8000
8,140.0000,3,9,518.9345,-88.4840,0.0175,17,0.4250,1.0000,8,7,5,0,0,7,5,0.2857
8,140.0000,3,12,174.1521,-82.4831,0.8130,40,1.0000,0.4000,5,4,0,0,0,4,0,1.0000
8,140.0000,3,13,499.7506,-88.4314,0.2739,14,0.3500,1.0000,6,8,7,0,0,8,7,0.1250
8,140.0000,3,24,508.6408,-88.1870,-0.3051,22,0.5500,0.5000,6,8,8,0,0,8,8,0.0000
8,140.0000,4,2,543.6507,-89.2482,0.2087,5,0.1250,1.0000,8,8,8,0,0,8,8,0.0000
8,140.0000,4,6,568.9135,-87.8763,0.3643,16,0.4000,0.7143,7,6,6,0,0,6,6,0.0000
8,140.0000,4,7,327.2107,-86.5045,0.2562,31,0.7750,0.6667,6,4,0,0,0,4,0,1.0000
8,140.0000,4,10,384.6534,-86.5922,-0.0376,29,0.7250,0.3333,6,4,0,0,0,4,0,1.0000
8,140.0000,4,18,503.1966,-88.5033,0.1599,22,0.5500,0.0000,4,7,6,0,0,7,6,0.1429
8,140.0000,4,22,658.9212,-89.0807,0.5087,3,0.0750,1.0000,6,10,10,0,0,10,10,0.0000
8,140.0000,4,26,660.4590,-89.2588,0.4231,3,0.0750,1.0000,4,4,3,0,0,4,3,0.2500
8,140.0000,5,3,388.9689,-87.8080,0.2883,16,0.4000,0.8750,8,5,2,0,0,5,2,0.6000
8,140.0000,5,8,645.9491,-88.6694,-0.6697,3,0.0750,1.0000,8,8,8,0,0,8,8,0.0000
8,140.0000,5,9,223.4600,-81.7018,-0.3425,39,0.9750,0.0000,4,4,0,0,0,4,0,1.0000
8,140.0000,5,12,233.3711,-83.9347,0.3015,39,0.9750,0.0000,6,4,0,0,0,4,0,1.0000
8,140.0000,5,13,137.2928,-75.3733,-1.2716,40,1.0000,0.0000,4,4,0,0,0,4,0,1.0000
8,140.0000,6,1,499.9499,-89.0645,0.2781,12,0.3000,1.0000,8,8,7,0,0,8,7,0.1250
8,140.0000,6,4,568.9135,-88.5542,-0.2495,16,0.4000,0.7143,7,8,8,0,0,8,8,0.0000
8,140.0000,6,7,648.0809,-88.5131,0.0366,6,0.1500,1.0000,8,6,6,0,0,6,6,0.0000
8,140.0000,6,10,223.5198,-81.4349,-0.5763,39,0.9750,0.0000,4,3,0,0,0,3,0,1.0000
8,140.0000,6,18,320.6641,-86.8742,-0.2801,30,0.7500,0.0000,4,4,0,0,0,4,0,1.0000
8,140.0000,6,20,497.1626,-88.5393,0.1325,6,0.1500,1.0000,6,6,4,0,0,6,4,0.3333
8,140.0000,6,22,620.4290,-88.5562,-0.1399,3,0.0750,1.0000,8,4,4,0,0,4,4,0.0000
8,140.0000,6,23,593.6067,-89.1005,-0.0052,9,0.2250,0.7143,7,8,8,0,0,8,8,0.0000
8,140.0000,7,2,395.1821,-87.5114,0.3249,28,0.7000,0.8571,7,6,2,0,0,6,2,0.6667
8,140.0000,7,4,327.2107,-86.4855,1.0376,31,0.7750,0.5714,7,5,1,0,0,5,1,0.8000
8,140.0000,7,6,648.0809,-89.1279,-0.3445,10,0.2500,0.8571,7,6,6,0,0,6,6,0.0000
8,140.0000,7,10,457.2655,-87.9517,-0.1618,20,0.5000,1.0000,8,7,5,0,0,7,5,0.2857
8,140.0000,7,18,550.5121,-87.5041,-0.4757,13,0.3250,0.6667,6,6,6,0,0,6,6,0.0000
8,140.0000,7,22,581.5926,-88.4709,-0.0439,7,0.1750,0.8000,5,8,8,0,0,8,8,0.0000
8,140.0000,7,23,643.6620,-87.6573,-1.6029,3,0.0750,1.0000,6,8,8,0,0,8,8,0.0000
8,140.0000,7,26,437.1702,-87.4398,0.8556,17,0.4250,0.7143,7,5,2,0,0,5,2,0.6000
8,140.0000,8,5,645.9491,-89.4455,0.3611,3,0.0750,1.0000,6,8,8,0,0,8,8,0.0000
8,140.0000,9,3,518.9345,-88.7583,0.1113,18,0.4500,0.8750,8,8,7,0,0,8,7,0.1250
8,140.0000,9,5,223.4600,-81.2404,-0.5419,39,0.9750,0.0000,6,4,0,0,0,4,0,1.0000
8,140.0000,9,12,396.7942,-86.9535,-0.1505,30,0.7500,0.4697,66,7,6,0,0,7,6,0.1429
8,140.0000,9,13,142.6846,-79.3422,0.1947,40,1.0000,0.0000,4,4,0,0,0,4,0,1.0000
8,140.0000,9,27,594.4141,-89.2396,-0.0217,5,0.1250,1.0000,4,7,6,0,0,7,6,0.1429
8,140.0000,10,4,384.6534,-87.2519,0.2940,27,0.6750,0.5000,114,4,2,119,78,123,80,0.3496
8,140.0000,10,6,223.5198,-80.3374,-0.9452,40,1.0000,0.0000,4,5,2,0,0,5,2,0.6000
8,140.0000,10,7,457.2655,-87.8826,-0.0289,15,0.3750,0.7143,7,7,5,0,0,7,5,0.2857
8,140.0000,10,18,359.3821,-87.7090,0.8080,27,0.6750,0.2000,5,5,1,0,0,5,1,0.8000
8,140.0000,10,20,640.8535,-89.2245,0.1113,4,0.1000,1.0000,4,6,6,0,0,6,6,0.0000
8,140.0000,11,24,506.9777,-88.2570,0.1965,16,0.3902,0.7143,7,8,8,0,0,8,8,0.0000
8,140.0000,11,25,325.3196,-83.6268,-0.9982,40,0.9756,0.0000,4,8,6,0,0,8,6,0.2500
8,140.0000,12,3,174.1521,-82.1228,0.8054,39,0.9750,0.0000,4,3,0,0,0,3,0,1.0000
8,140.0000,12,5,233.3711,-83.6062,-0.1538,40,1.0000,0.0000,4,5,1,0,0,5,1,0.8000
8,140.0000,12,9,396.7942,-86.9581,-0.1679,35,0.8750,0.4833,60,6,4,0,0,6,4,0.3333
8,140.0000,12,13,344.9513,-86.4002,0.1207,35,0.8750,0.4000,5,7,4,0,0,7,4,0.4286
8,140.0000,12,24,547.5130,-89.2776,0.2908,5,0.1250,1.0000,8,8,6,0,0,8,6,0.2500
8,140.0000,13,3,499.7506,-88.7883,0.0710,4,0.1000,1.0000,8,8,8,0,0,8,8,0.0000
8,140.0000,13,5,137.2928,-76.1914,-1.5352,39,0.9750,0.0000,4,4,0,0,0,4,0,1.0000
8,140.0000,13,9,142.6846,-79.1922,0.0996,39,0.9750,0.0000,4,3,0,0,0,3,0,1.0000
8,140.0000,13,12,344.9513,-86.5110,0.3480,32,0.8000,0.4000,5,5,2,0,0,5,2,0.6000
8,140.0000,13,21,662.1332,-89.1460,-0.3057,11,0.2750,1.0000,8,8,8,0,0,8,8,0.0000
8,140.0000,13,27,627.8941,-89.0249,0.0613,3,0.0750,1.0000,4,2,2,0,0,2,2,0.0000
8,140.0000,14,15,335.9804,-85.4588,-0.5190,37,0.9250,0.0000,4,5,1,0,0,5,1,0.8000
8,140.0000,15,14,335.9804,-85.6707,-0.0959,35,0.8974,0.0000,4,6,2,0,0,6,2,0.6667
8,140.0000,16,25,683.8628,-88.8360,-0.4008,4,0.1000,,0,4,4,0,0,4,4,0.0000
8,140.0000,16,27,229.5947,-83.2094,-0.1725,40,1.0000,0.0000,4,4,0,0,0,4,0,1.0000
8,140.0000,18,1,519.8866,-88.8173,0.1924,8,0.2000,1.0000,8,7,6,0,0,7,6,0.1429
8,140.0000,18,4,503.1966,-87.8487,-0.1658,21,0.5250,0.6667,6,8,8,0,0,8,8,0.0000
8,140.0000,18,6,320.6641,-86.1757,0.0320,36,0.9000,0.2500,4,5,0,0,0,5,0,1.0000
8,140.0000,18,7,550.5121,-87.9479,0.0873,19,0.4750,0.6667,6,8,8,0,0,8,8,0.0000
8,140.0000,18,10,359.3821,-87.4785,0.5073,22,0.5500,0.8571,7,5,1,0,0,5,1,0.8000
8,140.0000,18,22,323.3659,-84.7527,-0.1843,39,0.9750,0.0000,5,5,2,0,0,5,2,0.6000
8,140.0000,18,23,302.4076,-85.1750,0.2023,39,0.9750,0.0000,4,5,2,0,0,5,2,0.6000
8,140.0000,19,2,425.7781,-86.9205,-0.4835,27,0.6750,0.2000,5,6,4,0,0,6,4,0.3333
8,140.0000,19,26,335.4986,-84.5601,-0.6660,37,0.9250,0.2000,5,5,2,0,0,5,2,0.6000
8,140.0000,19,27,668.2421,-89.2398,0.7327,4,0.1000,1.0000,2,8,8,0,0,8,8,0.0000
8,140.0000,20,0,555.5810,-88.4058,-0.0792,11,0.2750,0.8333,6,8,8,0,0,8,8,0.0000
8,140.0000,20,1,575.1487,-89.3179,0.4833,3,0.0750,1.0000,8,6,6,0,0,6,6,0.0000
8,140.0000,20,6,497.1626,-88.4656,0.5990,9,0.2250,1.0000,6,7,5,0,0,7,5,0.2857
8,140.0000,21,9,690.8686,-89.4755,-0.1354,5,0.1220,1.0000,8,6,6,0,0,6,6,0.0000
8,140.0000,21,13,662.1332,-89.2080,1.3120,4,0.0976,1.0000,8,6,6,0,0,6,6,0.0000
8,140.0000,21,17,657.7122,-89.4109,0.0234,6,0.1463,1.0000,4,6,6,0,0,6,6,0.0000
8,140.0000,21,27,634.1010,-89.3224,0.5559,5,0.1220,1.0000,8,8,8,0,0,8,8,0.0000
8,140.0000,22,4,658.9212,-89.2260,0.4017,3,0.0750,1.0000,6,6,6,0,0,6,6,0.0000
8,140.0000,22,6,620.4290,-89.0778,-0.1361,7,0.1750,1.0000,8,6,6,0,0,6,6,0.0000
8,140.0000,22,7,581.5926,-88.5909,0.7078,3,0.0750,1.0000,8,8,7,0,0,8,7,0.1250
8,140.0000,22,10,620.6424,-88.5694,0.0220,3,0.0750,,0,8,8,0,0,8,8,0.0000
8,140.0000,22,16,653.8723,-88.8916,0.1560,5,0.1250,1.0000,2,6,6,0,0,6,6,0.0000
8,140.0000,22,18,323.3659,-85.0412,-0.6232,38,0.9500,0.5714,7,7,4,0,0,7,4,0.4286
8,140.0000,22,23,86.5590,-67.0365,-1.6341,40,1.0000,0.0000,4,4,0,0,0,4,0,1.0000
8,140.0000,23,4,701.1529,-89.2875,-0.1952,3,0.0750,1.0000,8,4,4,0,0,4,4,0.0000
8,140.0000,23,6,593.6067,-88.8866,-0.0107,7,0.1750,1.0000,8,8,8,0,0,8,8,0.0000
8,140.0000,23,7,643.6620,-88.3271,-0.0838,11,0.2750,1.0000,8,6,6,0,0,6,6,0.0000
8,140.0000,23,18,302.4076,-85.1879,-0.1537,36,0.9000,0.0000,4,5,2,0,0,5,2,0.6000
8,140.0000,23,22,86.5590,-67.5168,-2.1813,39,0.9750,0.0000,4,4,0,0,0,4,0,1.0000
8,140.0000,24,3,508.6408,-88.0560,-0.4297,20,0.5000,0.8571,7,8,8,0,0,8,8,0.0000
8,140.0000,24,11,506.9777,-88.6107,0.1629,16,0.4000,0.8750,8,8,8,0,0,8,8,0.0000
8,140.0000,24,12,547.5130,-88.6981,0.5934,6,0.1500,1.0000,8,7,6,0,0,7,6,0.1429
8,140.0000,24,25,320.3413,-86.7539,0.4221,25,0.6250,0.5000,6,5,2,0,0,5,2,0.6000
8,140.0000,24,27,659.9725,-89.0474,-0.6299,3,0.0750,,0,6,6,0,0,6,6,0.0000
8,140.0000,25,3,724.3643,-88.7690,-0.5345,4,0.1000,1.0000,4,4,4,0,0,4,4,0.0000
8,140.0000,25,11,325.3196,-84.4797,-0.9530,37,0.9250,0.0000,4,5,2,0,0,5,2,0.6000
8,140.0000,25,24,320.3413,-86.4227,0.3911,31,0.7750,0.2000,5,5,1,0,0,5,1,0.8000
8,140.0000,26,2,162.7348,-81.2821,0.5160,40,1.0000,0.0000,5,4,0,0,0,4,0,1.0000
8,140.0000,26,7,437.1702,-88.2650,0.0897,14,0.3500,1.0000,8,6,4,0,0,6,4,0.3333
8,140.0000,26,19,335.4986,-84.9806,-0.7149,39,0.9750,0.0000,4,6,4,0,0,6,4,0.3333
8,140.0000,27,5,721.7462,-89.7127,0.0334,3,0.0750,1.0000,8,4,4,0,0,4,4,0.0000
8,140.0000,27,16,229.5947,-82.9367,-0.0652,40,1.0000,0.0000,4,4,0,0,0,4,0,1.0000
8,140.0000,27,21,634.1010,-88.9507,-0.0256,6,0.1500,1.0000,4,6,6,0,0,6,6,0.0000
8,144.0000,0,1,454.3438,-87.4206,0.0292,25,0.6250,0.5714,7,6,3,0,0,6,3,0.5000
8,144.0000,0,6,629.9678,-88.9670,0.3598,6,0.1500,1.0000,8,4,4,0,0,4,4,0.0000
8,144.0000,0,20,603.3569,-88.9818,-0.2334,9,0.2250,1.0000,8,6,6,0,0,6,6,0.0000
8,144.0000,1,0,454.3438,-87.9038,0.0773,17,0.4250,0.6667,6,8,8,0,0,8,8,0.0000
8,144.0000,1,6,445.0856,-88.8752,0.3067,18,0.4500,0.8571,7,5,1,0,0,5,1,0.8000
8,144.0000,1,18,417.9107,-88.3032,0.1939,19,0.4750,0.8571,7,6,2,0,0,6,2,0.6667
8,144.0000,1,23,589.3977,-89.4209,0.6422,3,0.0750,1.0000,4,8,7,0,0,8,7,0.1250
8,144.0000,2,4,507.3581,-88.5082,-0.3137,9,0.2250,1.0000,8,6,4,0,0,6,4,0.3333
8,144.0000,2,7,410.7338,-87.6338,-0.1694,24,0.6000,0.5000,6,6,3,0,0,6,3,0.5000
8,144.0000,2,19,525.1437,-87.8789,0.0407,20,0.5000,0.5714,7,8,8,0,0,8,8,0.0000
8,144.0000,2,26,162.5031,-79.0972,0.1555,40,1.0000,0.0000,4,4,0,0,0,4,0,1.0000
8,144.0000,3,5,317.2894,-86.4436,0.2559,34,0.8500,0.2000,5,5,1,0,0,5,1,0.8000
8,144.0000,3,9,557.8014,-88.0038,-0.2277,9,0.2250,0.7143,7,8,8,0,0,8,8,0.0000
8,144.0000,3,12,256.2093,-82.0691,-0.3645,38,0.9500,0.0000,4,5,1,0,0,5,1,0.8000
8,144.0000,3,13,488.3894,-88.4277,0.3433,18,0.4500,0.8750,8,8,8,0,0,8,8,0.0000
8,144.0000,3,24,639.8490,-88.7386,-0.0694,10,0.2500,1.0000,8,6,6,0,0,6,6,0.0000
8,144.0000,4,2,507.3581,-88.3385,0.0129,14,0.3500,1.0000,8,8,8,0,0,8,8,0.0000
8,144.0000,4,7,289.4031,-85.2013,0.2674,36,0.9000,0.0000,4,4,0,0,0,4,0,1.0000
8,144.0000,4,10,434.7649,-87.8115,0.2190,25,0.6250,0.0000,4,10,9,0,0,10,9,0.1000
8,144.0000,4,18,619.4390,-88.5550,-0.3426,7,0.1750,0.8571,7,8,8,0,0,8,8,0.0000
8,144.0000,4,26,513.7637,-89.3223,-0.2902,3,0.0750,0.7500,4,6,4,0,0,6,4,0.3333
8,144.0000,5,3,317.2894,-85.9669,0.3993,33,0.8250,0.4000,5,5,1,0,0,5,1,0.8000
8,144.0000,5,9,317.5068,-84.5873,-0.8734,40,1.0000,0.0000,4,7,5,0,0,7,5,0.2857
8,144.0000,5,12,266.8555,-84.0137,0.3168,38,0.9500,0.0000,4,5,1,0,0,5,1,0.8000
8,144.0000,5,13,189.4028,-80.5898,-0.6547,39,0.9750,0.0000,4,4,0,0,0,4,0,1.0000
8,144.0000,6,1,445.0856,-87.5702,0.0714,15,0.3750,0.8750,8,9,8,0,0,9,8,0.1111
8,144.0000,6,10,348.7031,-84.7130,-1.5256,39,0.9750,0.0000,3,5,2,0,0,5,2,0.6000
8,144.0000,6,18,278.1731,-85.2581,0.3687,32,0.8000,0.0000,4,5,1,0,0,5,1,0.8000
8,144.0000,6,20,328.1658,-86.9736,0.5798,26,0.6500,0.6667,6,5,1,0,0,5,1,0.8000
8,144.0000,6,22,714.5044,-88.8874,0.0187,3,0.0750,1.0000,4,2,2,0,0,2,2,0.0000
8,144.0000,6,23,593.2749,-88.9591,-0.5394,4,0.1000,1.0000,8,8,8,0,0,8,8,0.0000
8,144.0000,7,2,410.7338,-87.1411,-0.5240,27,0.6923,0.3333,6,7,4,0,0,7,4,0.4286
8,144.0000,7,4,289.4031,-85.3672,0.2772,33,0.8462,0.2000,5,5,1,0,0,5,1,0.8000
8,144.0000,7,10,452.2063,-87.9314,-0.0828,24,0.6154,0.7143,7,7,5,0,0,7,5,0.2857
8,144.0000,7,18,686.7079,-88.9846,0.0234,7,0.1795,1.0000,6,4,4,0,0,4,4,0.0000
8,144.0000,7,19,663.2983,-88.6634,-0.2495,6,0.1538,1.0000,8,8,8,0,0,8,8,0.0000
8,144.0000,7,22,615.9118,-88.3416,-0.3059,6,0.1538,1.0000,8,8,8,0,0,8,8,0.0000
8,144.0000,7,26,332.0178,-86.0817,0.9224,30,0.7692,0.4000,5,5,1,0,0,5,1,0.8000
8,144.0000,8,5,645.7407,-88.8573,0.4697,5,0.1250,1.0000,8,8,8,0,0,8,8,0.0000
8,144.0000,8,13,714.4245,-89.3583,0.1259,3,0.0750,1.0000,6,4,4,0,0,4,4,0.0000
8,144.0000,9,3,557.8014,-88.7014,-0.1263,11,0.2750,0.8750,8,8,8,0,0,8,8,0.0000
8,144.0000,9,5,317.5068,-84.7836,-0.7527,38,0.9500,0.0000,4,6,2,0,0,6,2,0.6667
8,144.0000,9,12,436.0929,-87.4537,-0.1854,25,0.6250,0.8571,7,7,6,0,0,7,6,0.1429
8,144.0000,9,13,169.2686,-79.3127,-0.6462,40,1.0000,0.0000,4,4,0,0,0,4,0,1.0000
8,144.0000,9,21,773.1841,-89.7014,-0.1595,3,0.0750,1.0000,6,4,4,0,0,4,4,0.0000
8,144.0000,9,24,603.1870,-88.7300,-0.0161,3,0.0750,1.0000,2,6,4,0,0,6,4,0.3333
8,144.0000,9,27,429.2789,-88.3950,0.2722,11,0.2750,0.8571,7,5,2,0,0,5,2,0.6000
8,144.0000,10,4,434.7649,-87.6290,-0.5331,28,0.7000,0.6504,123,6,4,125,96,131,100,0.2366
8,144.0000,10,6,348.7031,-85.1778,-0.7535,38,0.9500,0.4000,5,8,7,0,0,8,7,0.1250
8,144.0000,10,7,452.2063,-87.7071,0.0834,14,0.3500,0.7143,7,6,3,0,0,6,3,0.5000
8,144.0000,10,18,293.0557,-85.9030,0.2008,36,0.9000,0.2000,5,4,0,0,0,4,0,1.0000
8,144.0000,10,20,617.1003,-89.2149,0.5540,4,0.1000,1.0000,6,4,3,0,0,4,3,0.2500
8,144.0000,10,22,534.8981,-88.8828,0.1302,9,0.2250,0.8750,8,6,4,0,0,6,4,0.3333
8,144.0000,10,23,523.6632,-88.7138,-0.1431,7,0.1750,1.0000,6,8,8,0,0,8,8,0.0000
8,144.0000,11,24,582.7170,-88.8153,-0.3046,12,0.3000,1.0000,8,8,8,0,0,8,8,0.0000
8,144.0000,11,25,432.1062,-86.9218,-0.2941,32,0.8000,0.7500,8,7,6,0,0,7,6,0.1429
8,144.0000,12,3,256.2093,-81.5227,-1.0218,40,1.0000,0.0000,3,8,5,0,0,8,5,0.3750
8,144.0000,12,5,266.8555,-84.1462,0.0857,40,1.0000,0.2000,5,6,3,0,0,6,3,0.5000
8,144.0000,12,9,436.0929,-87.7234,-0.3927,22,0.5500,0.6667,6,7,6,0,0,7,6,0.1429
8,144.0000,12,13,372.9072,-86.9654,0.0114,34,0.8500,0.5714,7,5,2,0,0,5,2,0.6000
8,144.0000,12,24,435.3848,-88.1156,0.4891,17,0.4250,0.7500,8,7,6,0,0,7,6,0.1429
8,144.0000,12,25,556.9144,-89.0547,-0.0117,6,0.1500,1.0000,4,8,7,0,0,8,7,0.1250
8,144.0000,13,3,488.3894,-88.4605,-0.2170,20,0.5000,1.0000,8,8,8,0,0,8,8,0.0000
8,144.0000,13,5,189.4028,-79.9893,-0.5554,40,1.0000,0.0000,4,4,0,0,0,4,0,1.0000
8,144.0000,13,9,169.2686,-79.2187,-0.5976,39,0.9750,0.0000,3,4,0,0,0,4,0,1.0000
8,144.0000,13,12,372.9072,-86.7511,0.2325,28,0.7000,0.4000,5,5,2,0,0,5,2,0.6000
8,144.0000,13,27,555.5104,-88.9152,0.5973,4,0.1000,1.0000,2,7,6,0,0,7,6,0.1429
8,144.0000,14,15,386.2697,-86.8958,-0.2630,32,0.8000,0.2000,5,7,3,0,0,7,3,0.5714
8,144.0000,15,14,386.2697,-86.6368,-0.0257,38,0.9268,0.3333,6,6,2,0,0,6,2,0.6667
8,144.0000,16,9,656.8825,-88.4533,1.2182,4,0.1000,,0,8,7,0,0,8,7,0.1250
8,144.0000,16,24,531.2445,-89.0292,-0.4629,4,0.1000,1.0000,8,7,5,0,0,7,5,0.2857
8,144.0000,16,27,234.4799,-83.3699,0.1375,39,0.9750,0.0000,4,5,2,0,0,5,2,0.6000
8,144.0000,17,21,633.6999,-87.7208,0.6628,3,0.0750,1.0000,8,8,8,0,0,8,8,0.0000
8,144.0000,18,1,417.9107,-87.6356,0.3892,21,0.5385,0.8571,7,7,3,0,0,7,3,0.5714
8,144.0000,18,4,619.4390,-88.4930,0.0016,10,0.2564,1.0000,8,8,8,0,0,8,8,0.0000
8,144.0000,18,6,278.1731,-85.3286,0.1808,34,0.8718,0.0000,5,4,0,0,0,4,0,1.0000
8,144.0000,18,10,293.0557,-85.8440,0.2560,33,0.8462,0.2000,5,4,0,0,0,4,0,1.0000
8,144.0000,18,22,466.6795,-87.0113,-0.0394,27,0.6923,0.4000,5,8,7,0,0,8,7,0.1250
8,144.0000,18,23,352.4942,-86.1406,-0.5167,31,0.7949,0.4000,5,5,1,0,0,5,1,0.8000
8,144.0000,19,2,525.1437,-87.8794,-0.7232,14,0.3500,0.6667,6,8,8,0,0,8,8,0.0000
8,144.0000,19,7,663.2983,-89.0537,-0.1307,5,0.1250,0.9000,10,4,4,0,0,4,4,0.0000
8,144.0000,19,21,571.7048,-89.1400,0.5288,5,0.1250,1.0000,8,8,8,0,0,8,8,0.0000
8,144.0000,19,26,444.1275,-86.5857,-0.8067,25,0.6250,0.4000,5,8,7,0,0,8,7,0.1250
8,144.0000,19,27,648.4684,-89.5221,-0.0318,5,0.1250,1.0000,8,4,4,0,0,4,4,0.0000
8,144.0000,20,0,603.3569,-89.6042,0.0921,7,0.1750,1.0000,8,8,8,0,0,8,8,0.0000
8,144.0000,20,1,561.2432,-88.4662,0.1147,11,0.2750,1.0000,6,10,10,0,0,10,10,0.0000
8,144.0000,20,6,328.1658,-87.5417,0.3106,27,0.6750,0.7143,7,4,0,0,0,4,0,1.0000
8,144.0000,20,10,617.1003,-88.8362,0.3274,6,0.1500,0.8571,7,8,8,0,0,8,8,0.0000
8,144.0000,21,9,773.1841,-89.7259,0.1689,3,0.0769,1.0000,6,2,2,0,0,2,2,0.0000
8,144.0000,21,17,633.6999,-89.2446,-0.2138,4,0.1026,1.0000,6,6,6,0,0,6,6,0.0000
8,144.0000,21,19,571.7048,-88.1707,0.2808,5,0.1282,0.8333,6,8,8,0,0,8,8,0.0000
8,144.0000,22,4,661.2573,-88.6461,0.4139,3,0.0750,1.0000,6,2,2,0,0,2,2,0.0000
8,144.0000,22,7,615.9118,-88.7191,0.1351,3,0.0750,0.8750,8,6,6,0,0,6,6,0.0000
8,144.0000,22,10,534.8981,-89.2852,-0.3481,10,0.2500,1.0000,8,5,2,0,0,5,2,0.6000
8,144.0000,22,18,466.6795,-87.4096,0.1364,22,0.5500,0.5714,7,8,8,0,0,8,8,0.0000
8,144.0000,22,23,210.4018,-78.3764,-2.4301,40,1.0000,0.0000,4,5,1,0,0,5,1,0.8000
8,144.0000,23,6,593.2749,-88.5904,-0.4442,7,0.1750,1.0000,8,8,8,0,0,8,8,0.0000
8,144.0000,23,10,523.6632,-88.5661,0.1646,7,0.1750,1.0000,6,8,8,0,0,8,8,0.0000
8,144.0000,23,18,352.4942,-86.4579,-0.0796,35,0.8750,0.4000,5,7,5,0,0,7,5,0.2857
8,144.0000,23,22,210.4018,-78.7503,-1.8330,40,1.0000,0.0000,4,4,0,0,0,4,0,1.0000
8,144.0000,24,3,639.8490,-87.8297,1.0401,5,0.1250,1.0000,8,4,4,0,0,4,4,0.0000
8,144.0000,24,5,648.9207,-89.6098,-0.1345,4,0.1000,1.0000,6,8,8,0,0,8,8,0.0000
8,144.0000,24,11,582.7170,-88.3804,-0.0877,15,0.3750,1.0000,8,6,5,0,0,6,5,0.1667
8,144.0000,24,12,435.3848,-87.9932,0.0063,13,0.3250,0.8571,7,6,4,0,0,6,4,0.3333
8,144.0000,24,16,531.2445,-89.1428,0.4941,7,0.1750,1.0000,8,6,4,0,0,6,4,0.3333
8,144.0000,24,25,279.4227,-85.0909,0.6476,34,0.8500,0.4000,5,4,0,0,0,4,0,1.0000
8,144.0000,24,27,504.6553,-88.7978,-0.3054,9,0.2250,1.0000,6,8,6,0,0,8,6,0.2500
8,144.0000,25,11,432.1062,-86.5048,-0.9942,28,0.7000,0.4000,5,7,6,0,0,7,6,0.1429
8,144.0000,25,16,652.0575,-88.8472,0.0036,4,0.1000,1.0000,4,5,4,0,0,5,4,0.2000
8,144.0000,25,24,279.4227,-85.6505,0.0997,36,0.9000,0.2000,5,5,1,0,0,5,1,0.8000
8,144.0000,25,27,660.0873,-89.2912,-0.7043,4,0.1000,1.0000,6,8,8,0,0,8,8,0.0000
8,144.0000,26,2,162.5031,-79.1736,0.1900,40,1.0000,0.0000,4,3,0,0,0,3,0,1.0000
8,144.0000,26,4,513.7637,-88.2812,0.0920,7,0.1750,1.0000,8,7,6,0,0,7,6,0.1429
8,144.0000,26,7,332.0178,-87.3499,-0.0097,25,0.6250,0.6667,6,5,1,0,0,5,1,0.8000
8,144.0000,26,19,444.1275,-87.1669,-0.3809,25,0.6250,0.6667,6,7,5,0,0,7,5,0.2857
8,144.0000,27,9,429.2789,-88.1392,-0.0907,13,0.3250,0.8571,7,6,4,0,0,6,4,0.3333
8,144.0000,27,16,234.4799,-82.5968,-0.0458,40,1.0000,0.0000,4,4,0,0,0,4,0,1.0000
8,144.0000,27,19,648.4684,-88.9049,0.0252,4,0.1000,1.0000,8,8,8,0,0,8,8,0.0000
8,144.0000,27,24,504.6553,-88.8494,0.1465,6,0.1500,1.0000,8,6,3,0,0,6,3,0.5000
8,144.0000,27,25,660.0873,-89.2609,0.1684,6,0.1500,1.0000,8,7,6,0,0,7,6,0.1429
8,148.0000,0,1,502.3998,-88.3084,-0.1575,13,0.3250,0.5000,6,8,8,0,0,8,8,0.0000
8,148.0000,0,6,584.8403,-88.7073,0.0356,4,0.1000,1.0000,4,8,7,0,0,8,7,0.1250
8,148.0000,1,0,502.3998,-88.4210,-0.3705,23,0.5750,1.0000,8,8,7,0,0,8,7,0.1250
8,148.0000,1,6,415.0740,-87.5843,0.2813,22,0.5500,0.2000,5,6,4,0,0,6,4,0.3333
8,148.0000,1,18,367.5654,-87.0632,0.1284,28,0.7000,0.3333,6,4,0,0,0,4,0,1.0000
8,148.0000,1,20,562.4020,-89.2723,0.5902,4,0.1000,1.0000,8,8,8,0,0,8,8,0.0000
8,148.0000,1,23,483.9643,-88.1729,0.2462,13,0.3250,0.8750,8,7,4,0,0,7,4,0.4286
8,148.0000,2,4,463.4422,-88.3631,0.3575,9,0.2250,0.6667,6,8,7,0,0,8,7,0.1250
8,148.0000,2,7,428.9205,-87.4172,0.0900,25,0.6250,0.5000,6,5,2,0,0,5,2,0.6000
8,148.0000,2,19,666.1406,-87.8440,0.1401,5,0.1250,1.0000,8,6,6,0,0,6,6,0.0000
8,148.0000,2,26,253.3360,-82.0111,-0.6607,40,1.0000,0.0000,4,4,0,0,0,4,0,1.0000
8,148.0000,3,5,269.6912,-85.5743,0.8206,36,0.9000,0.2000,5,4,0,0,0,4,0,1.0000
8,148.0000,3,9,669.7058,-89.1367,-0.0184,6,0.1500,1.0000,8,6,6,0,0,6,6,0.0000
8,148.0000,3,12,423.1505,-86.0925,-0.6430,37,0.9250,0.2000,5,8,8,0,0,8,8,0.0000
8,148.0000,3,13,504.0690,-88.6524,0.2089,13,0.3250,1.0000,8,8,7,0,0,8,7,0.1250
8,148.0000,4,2,463.4422,-87.7226,-0.0603,17,0.4250,1.0000,8,6,4,0,0,6,4,0.3333
8,148.0000,4,7,264.2435,-84.7838,0.3397,37,0.9250,0.0000,4,4,0,0,0,4,0,1.0000
8,148.0000,4,10,511.5561,-88.2981,-0.2970,12,0.3000,0.9000,10,8,8,0,0,8,8,0.0000
8,148.0000,4,18,764.2308,-89.3955,-0.0025,4,0.1000,1.0000,8,2,2,0,0,2,2,0.0000
8,148.0000,4,26,377.4366,-88.0380,0.6344,20,0.5000,0.6667,6,6,3,0,0,6,3,0.5000
8,148.0000,5,3,269.6912,-85.8295,0.8241,38,0.9500,0.2000,5,4,0,0,0,4,0,1.0000
8,148.0000,5,8,675.5329,-88.6515,-0.3645,4,0.1000,,0,8,8,0,0,8,8,0.0000
8,148.0000,5,9,449.6950,-87.0420,-0.7441,33,0.8250,0.7143,7,7,6,0,0,7,6,0.1429
8,148.0000,5,12,336.5522,-85.4565,-0.4639,36,0.9000,0.2000,5,6,3,0,0,6,3,0.5000
8,148.0000,5,13,247.1162,-82.6111,-0.5002,40,1.0000,0.0000,4,4,0,0,0,4,0,1.0000
8,148.0000,5,24,645.5918,-89.0310,-0.2327,4,0.1000,1.0000,6,4,4,0,0,4,4,0.0000
8,148.0000,5,27,678.4529,-89.3371,0.9997,3,0.0750,1.0000,8,4,4,0,0,4,4,0.0000
8,148.0000,6,0,584.8403,-89.4712,0.1508,6,0.1500,1.0000,8,8,8,0,0,8,8,0.0000
8,148.0000,6,1,415.0740,-87.3839,-0.2716,23,0.5750,0.8889,9,6,6,0,0,6,6,0.0000
8,148.0000,6,10,481.7502,-87.7977,-0.4510,27,0.6750,0.4000,5,7,6,0,0,7,6,0.1429
8,148.0000,6,18,231.4261,-83.8830,0.1475,35,0.8750,0.2000,5,4,0,0,0,4,0,1.0000
8,148.0000,6,20,215.0012,-84.3451,0.5527,38,0.9500,0.2000,5,4,0,0,0,4,0,1.0000
8,148.0000,6,23,569.4057,-88.7705,0.5330,9,0.2250,1.0000,8,7,6,0,0,7,6,0.1429
8,148.0000,7,2,428.9205,-88.3210,0.0735,23,0.5750,0.5714,7,7,5,0,0,7,5,0.2857
8,148.0000,7,4,264.2435,-85.0541,0.2932,40,1.0000,0.2000,5,4,0,0,0,4,0,1.0000
8,148.0000,7,10,491.4472,-88.5490,-0.1375,18,0.4500,0.7143,7,7,6,0,0,7,6,0.1429
8,148.0000,7,22,653.9939,-88.8968,-0.1725,3,0.0750,1.0000,8,4,4,0,0,4,4,0.0000
8,148.0000,7,26,254.1329,-85.0398,0.3896,35,0.8750,0.2000,5,4,0,0,0,4,0,1.0000
8,148.0000,9,3,669.7058,-89.0776,0.1226,7,0.1750,1.0000,8,6,6,0,0,6,6,0.0000
8,148.0000,9,5,449.6950,-86.8703,-0.7531,29,0.7250,0.3333,6,8,8,0,0,8,8,0.0000
8,148.0000,9,12,483.9670,-87.6593,0.2561,20,0.5000,0.8571,7,8,7,0,0,8,7,0.1250
8,148.0000,9,13,239.3937,-81.8741,-1.2170,40,1.0000,0.0000,4,5,1,0,0,5,1,0.8000
8,148.0000,9,16,501.5176,-88.8139,0.6017,5,0.1250,0.8571,7,5,2,0,0,5,2,0.6000
8,148.0000,9,24,463.9455,-88.8094,0.2391,16,0.4000,0.6667,6,4,0,34,18,38,18,0.5263
8,148.0000,9,27,259.9034,-85.5362,0.8706,34,0.8500,0.4000,5,4,0,0,0,4,0,1.0000
8,148.0000,10,4,511.5561,-88.0352,-0.6921,18,0.4500,0.7634,131,8,8,140,134,148,142,0.0405
8,148.0000,10,6,481.7502,-87.6621,-0.2289,27,0.6750,0.8750,8,7,6,0,0,7,6,0.1429
8,148.0000,10,7,491.4472,-87.9499,-0.1396,18,0.4500,0.5000,6,7,5,0,0,7,5,0.2857
8,148.0000,10,18,332.2889,-85.0426,-0.0478,39,0.9750,0.0000,4,4,0,0,0,4,0,1.0000
8,148.0000,10,20,586.3577,-88.7449,-0.0573,5,0.1250,0.7500,4,10,10,0,0,10,10,0.0000
8,148.0000,10,22,453.8489,-88.1161,0.1380,17,0.4250,0.6667,6,6,3,0,0,6,3,0.5000
8,148.0000,10,23,431.7132,-88.3268,-0.1740,12,0.3000,1.0000,8,6,2,0,0,6,2,0.6667
8,148.0000,11,25,533.6271,-88.1996,-0.5194,17,0.4250,0.8571,7,10,10,0,0,10,10,0.0000
8,148.0000,12,3,423.1505,-85.5846,-0.7344,32,0.8205,0.6250,8,8,8,0,0,8,8,0.0000
8,148.0000,12,5,336.5522,-85.5228,-0.2583,36,0.9231,0.5000,6,7,4,0,0,7,4,0.4286
8,148.0000,12,9,483.9670,-88.4590,0.1630,18,0.4615,0.8571,7,7,6,0,0,7,6,0.1429
8,148.0000,12,13,418.2243,-87.7345,-0.0196,29,0.7436,0.4000,5,8,7,0,0,8,7,0.1250
8,148.0000,12,24,384.9042,-87.3945,0.1536,24,0.6154,0.8571,7,6,4,0,0,6,4,0.3333
8,148.0000,12,25,421.6964,-87.9857,0.6392,17,0.4359,0.8750,8,8,4,0,0,8,4,0.5000
8,148.0000,12,27,597.6199,-88.7639,-0.3103,3,0.0769,1.0000,6,8,8,0,0,8,8,0.0000
8,148.0000,13,3,504.0690,-88.3330,-0.4268,12,0.3077,1.0000,8,8,8,0,0,8,8,0.0000
8,148.0000,13,5,247.1162,-82.9821,-0.1281,38,0.9744,0.0000,4,4,0,0,0,4,0,1.0000
8,148.0000,13,9,239.3937,-82.1677,-0.9928,39,1.0000,0.0000,4,6,1,33,14,39,15,0.6154
8,148.0000,13,12,418.2243,-87.2780,-0.3894,29,0.7436,0.4000,5,7,5,0,0,7,5,0.2857
8,148.0000,13,24,575.5093,-89.0755,-0.1736,5,0.1282,1.0000,8,8,8,0,0,8,8,0.0000
8,148.0000,13,27,490.1067,-88.5770,0.3265,11,0.2821,0.8571,7,8,8,0,0,8,8,0.0000
8,148.0000,14,15,432.6935,-87.9490,-0.1555,27,0.6750,0.4286,7,8,7,0,0,8,7,0.1250
8,148.0000,15,14,432.6935,-87.1706,-0.1131,25,0.6410,0.3333,6,7,5,0,0,7,5,0.2857
8,148.0000,16,9,501.5176,-88.8264,0.1345,6,0.1500,0.8750,8,8,7,0,0,8,7,0.1250
8,148.0000,16,19,529.4458,-89.0203,0.1336,7,0.1750,1.0000,4,8,8,0,0,8,8,0.0000
8,148.0000,16,24,394.2036,-88.0108,0.1004,18,0.4500,0.7143,7,6,3,0,0,6,3,0.5000
8,148.0000,16,25,606.2135,-89.3854,0.3027,6,0.1500,1.0000,8,7,6,0,0,7,6,0.1429
8,148.0000,16,27,245.9791,-83.6383,-0.0436,40,1.0000,0.4000,5,4,0,0,0,4,0,1.0000
8,148.0000,17,21,644.6668,-89.4473,0.1048,3,0.0750,1.0000,8,6,6,0,0,6,6,0.0000
8,148.0000,18,1,367.5654,-87.5903,0.5019,30,0.7500,0.4286,7,6,4,0,0,6,4,0.3333
8,148.0000,18,6,231.4261,-84.6847,0.3246,40,1.0000,0.0000,4,4,0,0,0,4,0,1.0000
8,148.0000,18,10,332.2889,-85.9935,-0.8951,34,0.8500,0.0000,4,5,1,0,0,5,1,0.8000
8,148.0000,18,20,378.2352,-87.5562,0.8947,20,0.5000,0.7143,7,4,0,0,0,4,0,1.0000
8,148.0000,18,22,622.2123,-88.3855,-0.3143,13,0.3250,0.8750,8,6,6,0,0,6,6,0.0000
8,148.0000,18,23,398.5860,-87.0467,0.0942,31,0.7750,0.2000,5,6,4,0,0,6,4,0.3333
8,148.0000,19,2,666.1406,-88.5777,1.0245,5,0.1250,1.0000,8,6,6,0,0,6,6,0.0000
8,148.0000,19,16,529.4458,-88.5370,0.1377,8,0.2000,0.7500,8,8,7,0,0,8,7,0.1250
8,148.0000,19,21,546.9130,-89.0254,-0.0003,10,0.2500,1.0000,8,8,8,0,0,8,8,0.0000
8,148.0000,19,22,612.8559,-89.3343,0.1537,3,0.0750,1.0000,6,8,7,0,0,8,7,0.1250
8,148.0000,19,26,551.2964,-88.1397,-0.4811,16,0.4000,0.8750,8,7,6,0,0,7,6,0.1429
8,148.0000,20,1,562.4020,-88.5062,-0.3233,7,0.1750,1.0000,10,8,8,0,0,8,8,0.0000
8,148.0000,20,6,215.0012,-84.5319,0.9381,38,0.9500,0.0000,4,4,0,0,0,4,0,1.0000
8,148.0000,20,18,378.2352,-87.1261,0.7135,19,0.4750,0.8571,7,4,0,0,0,4,0,1.0000
8,148.0000,21,17,644.6668,-88.8444,0.3805,9,0.2195,1.0000,6,4,4,0,0,4,4,0.0000
8,148.0000,21,19,546.9130,-88.4873,0.0821,6,0.1463,1.0000,8,8,8,0,0,8,8,0.0000
8,148.0000,22,7,653.9939,-88.8952,-0.2218,6,0.1463,1.0000,6,4,4,0,0,4,4,0.0000
8,148.0000,22,10,453.8489,-88.5362,0.6582,16,0.3902,0.4000,5,7,5,0,0,7,5,0.2857
8,148.0000,22,18,622.2123,-88.5230,-0.0696,13,0.3171,1.0000,8,4,4,0,0,4,4,0.0000
8,148.0000,22,19,612.8559,-89.0806,0.3714,3,0.0732,1.0000,8,8,8,0,0,8,8,0.0000
8,148.0000,22,23,337.1200,-84.9998,-0.3762,37,0.9024,0.2000,5,7,5,0,0,7,5,0.2857
8,148.0000,23,1,483.9643,-87.2938,-0.1691,10,0.2500,0.8571,7,7,6,0,0,7,6,0.1429
8,148.0000,23,6,569.4057,-89.1162,-0.0371,10,0.2500,1.0000,8,8,7,0,0,8,7,0.1250
8,148.0000,23,10,431.7132,-87.9075,0.1445,15,0.3750,1.0000,8,4,0,0,0,4,0,1.0000
8,148.0000,23,18,398.5860,-86.8344,-0.3760,29,0.7250,0.7143,7,7,5,0,0,7,5,0.2857
8,148.0000,23,22,337.1200,-84.6654,-1.3527,37,0.9250,0.0000,4,6,3,0,0,6,3,0.5000
8,148.0000,24,3,778.3051,-89.3435,-0.3407,3,0.0750,1.0000,4,4,4,0,0,4,4,0.0000
8,148.0000,24,5,645.5918,-89.3017,-0.5332,3,0.0750,1.0000,8,4,4,0,0,4,4,0.0000
8,148.0000,24,9,463.9455,-88.7670,0.9317,5,0.1250,0.8750,8,6,3,0,0,6,3,0.5000
8,148.0000,24,11,694.3793,-89.5191,0.1151,4,0.1000,0.8333,6,6,6,0,0,6,6,0.0000
8,148.0000,24,12,384.9042,-87.7120,0.1154,25,0.6250,0.6667,6,5,2,0,0,5,2,0.6000
8,148.0000,24,13,575.5093,-89.1080,-0.4153,5,0.1250,1.0000,6,8,8,0,0,8,8,0.0000
8,148.0000,24,16,394.2036,-87.8503,0.8619,20,0.5000,0.6667,6,6,3,23,7,29,10,0.6552
8,148.0000,24,25,273.0176,-84.3068,0.0280,40,1.0000,0.0000,4,5,2,0,0,5,2,0.6000
8,148.0000,24,27,380.5499,-87.6022,0.5035,25,0.6250,0.7500,8,6,4,0,0,6,4,0.3333
8,148.0000,25,11,533.6271,-87.9489,-0.1436,18,0.4500,0.8571,7,8,8,0,0,8,8,0.0000
8,148.0000,25,12,421.6964,-87.8197,0.7062,17,0.4250,0.8750,8,3,0,0,0,3,0,1.0000
8,148.0000,25,16,606.2135,-88.3868,0.7437,3,0.0750,0.8000,5,8,8,0,0,8,8,0.0000
8,148.0000,25,24,273.0176,-85.1350,-0.1300,38,0.9500,0.2000,5,5,2,0,0,5,2,0.6000
8,148.0000,25,27,610.0590,-88.9788,-0.1604,5,0.1250,1.0000,8,4,4,0,0,4,4,0.0000
8,148.0000,26,2,253.3360,-82.1080,-1.1007,40,1.0000,0.0000,3,5,1,0,0,5,1,0.8000
8,148.0000,26,4,377.4366,-87.7488,0.5270,23,0.5750,0.8571,7,5,1,0,0,5,1,0.8000
8,148.0000,26,7,254.1329,-84.9341,0.7364,36,0.9000,0.2000,5,4,0,0,0,4,0,1.0000
8,148.0000,26,19,551.2964,-88.3756,-0.1056,14,0.3500,0.7143,7,8,8,0,0,8,8,0.0000
8,148.0000,27,9,259.9034,-85.7875,0.2938,33,0.8250,0.6667,6,4,0,0,0,4,0,1.0000
8,148.0000,27,12,597.6199,-88.9640,-0.0905,3,0.0750,1.0000,4,8,8,0,0,8,8,0.0000
8,148.0000,27,13,490.1067,-88.6164,0.3881,12,0.3000,0.8571,7,8,8,0,0,8,8,0.0000
8,148.0000,27,16,245.9791,-83.3501,-0.1739,40,1.0000,0.0000,4,5,1,0,0,5,1,0.8000
8,148.0000,27,24,380.5499,-87.5146,0.3976,23,0.5750,0.5000,6,5,1,0,0,5,1,0.8000
8,148.0000,27,25,610.0590,-88.3349,-0.3725,6,0.1500,0.8571,7,6,6,0,0,6,6,0.0000
8,152.0000,0,1,546.5652,-88.6241,-0.7025,9,0.2250,1.0000,8,8,8,0,0,8,8,0.0000
8,152.0000,0,6,531.4902,-89.0195,0.0417,9,0.2250,0.8750,8,8,7,0,0,8,7,0.1250
8,152.0000,1,0,546.5652,-88.4151,-0.1309,13,0.3250,0.8750,8,8,8,0,0,8,8,0.0000
8,152.0000,1,6,438.4159,-88.2599,0.1754,22,0.5500,0.6667,6,7,5,0,0,7,5,0.2857
8,152.0000,1,10,666.5729,-89.8161,0.0293,4,0.1000,1.0000,4,2,2,0,0,2,2,0.0000
8,152.0000,1,18,382.1363,-86.7681,-0.5086,28,0.7000,0.0000,4,7,4,0,0,7,4,0.4286
8,152.0000,1,20,560.5109,-88.9838,0.0859,9,0.2250,1.0000,8,8,8,0,0,8,8,0.0000
8,152.0000,1,23,379.5846,-87.4347,0.8031,19,0.4750,0.5714,7,6,3,0,0,6,3,0.5000
8,152.0000,2,4,420.4771,-87.7623,-0.2962,24,0.6000,0.8750,8,6,3,0,0,6,3,0.5000
8,152.0000,2,7,442.6948,-87.7819,0.4087,23,0.5750,0.4000,5,6,3,0,0,6,3,0.5000
8,152.0000,2,26,381.5450,-85.2442,-0.6781,31,0.7750,0.0000,4,7,6,0,0,7,6,0.1429
8,152.0000,3,5,253.5595,-84.2238,-0.1934,38,0.9500,0.0000,4,4,0,0,0,4,0,1.0000
8,152.0000,3,12,609.9679,-88.0687,-1.0443,12,0.3000,1.0000,8,8,8,0,0,8,8,0.0000
8,152.0000,3,13,526.8103,-88.3825,-0.2027,10,0.2500,0.8750,8,7,6,0,0,7,6,0.1429
8,152.0000,4,2,420.4771,-87.4813,-0.0470,22,0.5500,0.6667,6,5,1,0,0,5,1,0.8000
8,152.0000,4,7,264.2699,-84.2967,-0.0117,38,0.9500,0.0000,4,4,0,0,0,4,0,1.0000
8,152.0000,4,10,598.7453,-88.9790,0.0645,8,0.2000,1.0000,8,6,6,0,0,6,6,0.0000
8,152.0000,4,26,294.8801,-86.0258,-0.3696,28,0.7000,0.5000,6,4,0,0,0,4,0,1.0000
8,152.0000,5,3,253.5595,-83.8512,-0.3314,39,0.9750,0.0000,4,3,0,0,0,3,0,1.0000
8,152.0000,5,9,595.0665,-88.2709,-0.1512,13,0.3250,0.8571,7,8,8,0,0,8,8,0.0000
8,152.0000,5,12,438.3179,-87.5780,-0.5040,21,0.5250,0.5000,6,7,6,0,0,7,6,0.1429
8,152.0000,5,13,302.4262,-84.9887,-0.0553,37,0.9250,0.0000,4,4,0,0,0,4,0,1.0000
8,152.0000,6,0,531.4902,-88.9913,-0.0093,10,0.2500,1.0000,8,6,3,0,0,6,3,0.5000
8,152.0000,6,1,438.4159,-87.7365,-0.3217,22,0.5500,1.0000,6,6,4,0,0,6,4,0.3333
8,152.0000,6,10,651.4123,-88.5073,0.2589,9,0.2250,0.8571,7,6,6,0,0,6,6,0.0000
8,152.0000,6,18,226.4230,-83.4982,0.0899,40,1.0000,0.0000,4,4,0,0,0,4,0,1.0000
8,152.0000,6,20,218.8563,-81.7016,0.1733,40,1.0000,0.0000,4,4,0,0,0,4,0,1.0000
8,152.0000,6,23,572.4007,-88.9944,-0.0903,8,0.2000,0.8571,7,8,8,0,0,8,8,0.0000
8,152.0000,7,2,442.6948,-87.9695,0.0616,22,0.5500,0.7143,7,7,5,0,0,7,5,0.2857
8,152.0000,7,4,264.2699,-84.4382,0.4794,39,0.9750,0.0000,4,4,0,9,4,13,4,0.6923
8,152.0000,7,10,567.7578,-88.4581,0.2828,8,0.2000,0.8571,7,8,8,0,0,8,8,0.0000
8,152.0000,7,26,234.5364,-83.3329,-0.1964,40,1.0000,0.0000,4,4,0,0,0,4,0,1.0000
8,152.0000,9,5,595.0665,-88.3363,-0.7527,12,0.3000,1.0000,8,8,8,0,0,8,8,0.0000
8,152.0000,9,12,538.2483,-87.9495,0.0461,12,0.3000,0.8750,8,8,8,0,0,8,8,0.0000
8,152.0000,9,13,333.5984,-84.8922,-1.1182,37,0.9250,0.2000,5,5,1,0,0,5,1,0.8000
8,152.0000,9,16,357.9405,-87.0299,0.6722,26,0.6500,0.4000,5,6,3,0,0,6,3,0.5000
8,152.0000,9,24,340.9550,-86.8642,0.6906,21,0.5250,0.4737,38,4,0,49,15,53,15,0.7170
8,152.0000,9,25,536.0142,-88.0675,0.1511,6,0.1500,0.8571,7,8,8,0,0,8,8,0.0000
8,152.0000,9,27,116.7198,-81.3525,1.9018,39,0.9750,0.0000,4,4,0,0,0,4,0,1.0000
8,152.0000,10,4,598.7453,-87.0948,-0.6520,6,0.1500,0.9595,148,8,8,10,10,18,18,0.0000
8,152.0000,10,6,651.4123,-88.1674,-1.7971,8,0.2000,0.8571,7,4,4,0,0,4,4,0.0000
8,152.0000,10,7,567.7578,-88.9795,0.2939,10,0.2500,0.7143,7,6,6,130,130,136,136,0.0000
8,152.0000,10,18,473.8794,-86.2558,-0.5959,21,0.5250,0.0000,4,8,7,0,0,8,7,0.1250
8,152.0000,10,20,568.5756,-88.6369,-0.6641,3,0.0750,1.0000,10,8,8,0,0,8,8,0.0000
8,152.0000,10,22,373.3881,-87.2462,-0.0425,15,0.3750,0.5000,6,4,0,0,0,4,0,1.0000
8,152.0000,10,23,380.5260,-87.2256,0.3779,23,0.5750,0.3333,6,6,4,0,0,6,4,0.3333
8,152.0000,10,26,562.5276,-88.8431,0.3086,5,0.1250,0.8750,8,5,4,0,0,5,4,0.2000
8,152.0000,11,25,647.2757,-88.8750,0.6207,7,0.1750,1.0000,10,8,8,0,0,8,8,0.0000
8,152.0000,12,3,609.9679,-87.9335,-0.4979,9,0.2195,1.0000,8,6,6,0,0,6,6,0.0000
8,152.0000,12,5,438.3179,-87.6011,0.2239,25,0.6098,0.5714,7,8,6,0,0,8,6,0.2500
8,152.0000,12,9,538.2483,-87.9431,-0.5580,14,0.3415,0.8571,7,8,8,0,0,8,8,0.0000
8,152.0000,12,13,485.1332,-88.2866,-0.0438,22,0.5366,0.8750,8,7,5,0,0,7,5,0.2857
8,152.0000,12,24,439.5752,-87.2129,-0.5916,27,0.6585,0.6667,6,7,5,0,0,7,5,0.2857
8,152.0000,12,25,320.5371,-87.0387,0.4655,34,0.8293,0.5000,8,5,2,0,0,5,2,0.6000
8,152.0000,12,27,582.5609,-89.2173,-0.4272,5,0.1220,1.0000,8,8,8,0,0,8,8,0.0000
8,152.0000,13,3,526.8103,-88.4350,0.0470,14,0.3500,1.0000,8,7,6,0,0,7,6,0.1429
8,152.0000,13,5,302.4262,-85.0057,-0.6330,37,0.9250,0.0000,4,5,1,0,0,5,1,0.8000
8,152.0000,13,9,333.5984,-84.9030,-0.1613,37,0.9250,0.3846,39,5,1,68,36,73,37,0.4932
8,152.0000,13,12,485.1332,-88.4747,-0.2431,14,0.3500,0.7143,7,8,7,0,0,8,7,0.1250
8,152.0000,13,24,569.0487,-88.5477,-0.3835,8,0.2000,1.0000,8,7,6,0,0,7,6,0.1429
8,152.0000,13,25,612.9606,-89.5025,0.1210,5,0.1250,1.0000,6,8,8,0,0,8,8,0.0000
8,152.0000,13,27,435.2318,-87.5151,0.2407,18,0.4500,1.0000,8,7,6,51,35,58,41,0.2931
8,152.0000,14,15,424.1969,-87.6707,0.3694,25,0.6250,0.8750,8,7,5,0,0,7,5,0.2857
8,152.0000,15,14,424.1969,-87.9233,0.5553,23,0.5750,0.7143,7,7,5,0,0,7,5,0.2857
8,152.0000,16,9,357.9405,-87.8337,0.2254,25,0.6410,0.8750,8,4,0,0,0,4,0,1.0000
8,152.0000,16,19,477.0125,-87.9177,-0.2159,9,0.2308,1.0000,8,6,3,0,0,6,3,0.5000
8,152.0000,16,24,266.2269,-85.7104,0.7552,34,0.8718,0.5000,6,5,1,0,0,5,1,0.8000
8,152.0000,16,25,562.6839,-88.7037,-0.4312,6,0.1538,0.8571,7,7,6,0,0,7,6,0.1429
8,152.0000,16,27,268.0528,-84.0941,-0.2611,37,0.9487,0.0000,4,5,2,0,0,5,2,0.6000
8,152.0000,18,1,382.1363,-86.6851,-0.2733,28,0.7000,0.6667,6,6,3,0,0,6,3,0.5000
8,152.0000,18,6,226.4230,-82.1060,-0.2222,39,0.9750,0.0000,4,4,0,0,0,4,0,1.0000
8,152.0000,18,10,473.8794,-87.2171,0.1174,28,0.7000,0.2000,5,8,8,0,0,8,8,0.0000
8,152.0000,18,20,199.5261,-85.3375,1.2310,37,0.9250,0.0000,4,4,0,0,0,4,0,1.0000
8,152.0000,18,23,441.3718,-87.4825,-0.2384,24,0.6000,0.6667,6,8,8,0,0,8,8,0.0000
8,152.0000,19,16,477.0125,-88.2372,-0.0092,14,0.3500,0.8750,8,8,8,0,0,8,8,0.0000
8,152.0000,19,22,516.7904,-88.4769,0.1368,12,0.3000,0.8750,8,6,4,0,0,6,4,0.3333
8,152.0000,19,26,638.0141,-88.8688,0.3663,8,0.2000,0.8571,7,8,8,0,0,8,8,0.0000
8,152.0000,19,27,629.6014,-89.0303,0.1557,4,0.1000,1.0000,6,8,8,0,0,8,8,0.0000
8,152.0000,20,1,560.5109,-88.8232,-0.3284,9,0.2250,1.0000,8,8,8,0,0,8,8,0.0000
8,152.0000,20,6,218.8563,-82.2978,-0.4095,39,0.9750,0.0000,4,5,1,0,0,5,1,0.8000
8,152.0000,20,10,568.5756,-88.4875,-0.1169,7,0.1750,1.0000,6,8,8,0,0,8,8,0.0000
8,152.0000,20,18,199.5261,-84.7801,1.3814,32,0.8000,0.0000,4,4,0,0,0,4,0,1.0000
8,152.0000,21,19,609.3177,-88.0079,1.4485,4,0.1000,1.0000,8,8,8,0,0,8,8,0.0000
8,152.0000,22,10,373.3881,-87.1747,0.0395,25,0.6250,0.7143,7,7,4,0,0,7,4,0.4286
8,152.0000,22,19,516.7904,-88.9582,0.0700,11,0.2750,1.0000,8,8,8,0,0,8,8,0.0000
8,152.0000,22,23,462.1684,-86.7568,-0.5154,24,0.6000,0.7143,7,8,8,0,0,8,8,0.0000
8,152.0000,22,26,546.1587,-89.4744,0.2551,8,0.2000,1.0000,4,8,8,0,0,8,8,0.0000
8,152.0000,23,1,379.5846,-87.4917,0.3496,26,0.6500,0.8571,7,5,2,0,0,5,2,0.6000
8,152.0000,23,6,572.4007,-88.1281,-0.3255,6,0.1500,0.8750,8,8,8,0,0,8,8,0.0000
8,152.0000,23,10,380.5260,-87.6735,0.4746,22,0.5500,0.0000,4,5,1,0,0,5,1,0.8000
8,152.0000,23,18,441.3718,-87.8336,-0.4396,32,0.8000,0.7143,7,8,8,0,0,8,8,0.0000
8,152.0000,23,20,618.6997,-88.6597,0.6180,3,0.0750,1.0000,4,8,8,0,0,8,8,0.0000
8,152.0000,23,22,462.1684,-87.4000,-0.0672,29,0.7250,0.5000,6,8,8,0,0,8,8,0.0000
8,152.0000,24,9,340.9550,-87.4404,-0.4023,18,0.4500,0.5000,6,3,0,0,0,3,0,1.0000
8,152.0000,24,12,439.5752,-87.3943,0.0286,27,0.6750,0.4000,5,7,6,0,0,7,6,0.1429
8,152.0000,24,13,569.0487,-88.6798,-0.0563,9,0.2250,1.0000,8,8,8,0,0,8,8,0.0000
8,152.0000,24,16,266.2269,-86.0571,0.4782,33,0.8250,0.3448,29,4,0,40,5,44,5,0.8864
8,152.0000,24,25,298.4833,-84.5599,-0.3652,36,0.9000,0.4000,5,5,2,0,0,5,2,0.6000
8,152.0000,24,27,324.1387,-86.6787,-0.0419,31,0.7750,0.6667,6,5,2,0,0,5,2,0.6000
8,152.0000,25,9,536.0142,-88.9106,0.0506,11,0.2750,1.0000,8,8,7,0,0,8,7,0.1250
8,152.0000,25,11,647.2757,-88.7213,0.0018,9,0.2250,1.0000,8,8,8,0,0,8,8,0.0000
8,152.0000,25,12,320.5371,-86.3995,0.1717,26,0.6500,0.0000,3,5,1,0,0,5,1,0.8000
8,152.0000,25,13,612.9606,-89.2103,0.4506,3,0.0750,1.0000,8,8,8,0,0,8,8,0.0000
8,152.0000,25,16,562.6839,-88.6616,-0.3999,7,0.1750,1.0000,8,8,7,0,0,8,7,0.1250
8,152.0000,25,24,298.4833,-85.0293,-0.4310,39,0.9750,0.4000,5,6,3,0,0,6,3,0.5000
8,152.0000,25,27,571.1301,-89.2639,0.0372,3,0.0750,1.0000,4,7,6,0,0,7,6,0.1429
8,152.0000,26,2,381.5450,-85.5742,-0.6332,38,0.9500,0.2000,5,7,4,0,0,7,4,0.4286
8,152.0000,26,4,294.8801,-85.9147,0.2402,37,0.9250,0.2000,5,5,2,0,0,5,2,0.6000
8,152.0000,26,7,234.5364,-83.7894,0.3340,40,1.0000,0.0000,4,5,1,0,0,5,1,0.8000
8,152.0000,26,10,562.5276,-88.1444,-0.4954,3,0.0750,0.8000,5,8,8,0,0,8,8,0.0000
8,152.0000,26,19,638.0141,-89.1272,0.1316,7,0.1750,1.0000,8,8,8,0,0,8,8,0.0000
8,152.0000,27,9,116.7198,-80.3207,2.2880,39,0.9750,0.0000,4,5,1,0,0,5,1,0.8000
8,152.0000,27,12,582.5609,-88.8942,-0.0459,11,0.2750,1.0000,8,8,8,0,0,8,8,0.0000
8,152.0000,27,13,435.2318,-88.2016,-0.1423,14,0.3500,1.0000,8,7,5,0,0,7,5,0.2857
8,152.0000,27,16,268.0528,-84.3348,-0.8599,37,0.9250,0.2000,5,4,0,26,2,30,2,0.9333
8,152.0000,27,24,324.1387,-86.2113,1.1780,28,0.7000,0.2000,5,5,1,0,0,5,1,0.8000
8,152.0000,27,25,571.1301,-88.0413,1.2659,4,0.1000,1.0000,6,8,8,0,0,8,8,0.0000
8,156.0000,0,1,581.5095,-88.9719,0.0269,5,0.1250,1.0000,8,8,8,0,0,8,8,0.0000
8,156.0000,0,6,481.6459,-88.0522,0.2393,14,0.3500,0.8750,8,7,4,0,0,7,4,0.4286
8,156.0000,1,0,581.5095,-88.4272,-0.6189,13,0.3250,1.0000,8,5,4,0,0,5,4,0.2000
8,156.0000,1,6,487.8629,-88.1660,-0.1547,20,0.5000,0.7143,7,8,8,0,0,8,8,0.0000
8,156.0000,1,18,500.6504,-87.9120,-0.5046,22,0.5500,0.5714,7,4,4,0,0,4,4,0.0000
8,156.0000,1,20,555.4402,-88.2818,-0.6436,8,0.2000,1.0000,8,8,8,0,0,8,8,0.0000
8,156.0000,1,23,292.6698,-85.8070,0.4774,33,0.8250,0.5000,6,4,0,0,0,4,0,1.0000
8,156.0000,2,4,398.7812,-87.7128,0.3673,23,0.5750,0.5000,6,7,4,0,0,7,4,0.4286
8,156.0000,2,7,484.6651,-87.7240,-0.3067,18,0.4500,0.5000,6,8,8,0,0,8,8,0.0000
8,156.0000,2,26,518.0450,-87.5265,-1.0131,21,0.5250,0.8571,7,7,6,0,0,7,6,0.1429
8,156.0000,3,5,179.0190,-81.4816,0.8873,39,0.9750,0.0000,4,4,0,0,0,4,0,1.0000
8,156.0000,3,13,386.5327,-87.2888,0.5637,25,0.6250,0.8571,7,5,1,0,0,5,1,0.8000
8,156.0000,4,2,398.7812,-87.6492,0.3955,29,0.7073,0.2000,5,6,4,0,0,6,4,0.3333
8,156.0000,4,7,316.8486,-84.9737,-0.6184,40,0.9756,0.0000,4,7,5,0,0,7,5,0.2857
8,156.0000,4,10,681.9933,-88.9557,1.0645,4,0.0976,1.0000,6,4,4,0,0,4,4,0.0000
8,156.0000,4,26,272.7477,-84.9710,0.5191,40,0.9756,0.0000,4,5,1,0,0,5,1,0.8000
8,156.0000,5,3,179.0190,-81.4142,0.9340,40,1.0000,0.0000,3,4,0,0,0,4,0,1.0000
8,156.0000,5,12,559.3438,-87.8468,-0.1766,19,0.4750,0.8571,7,8,8,0,0,8,8,0.0000
8,156.0000,5,13,359.0691,-86.2174,0.0846,33,0.8250,0.0000,4,8,5,0,0,8,5,0.3750
8,156.0000,6,0,481.6459,-88.1592,-0.2487,21,0.5250,0.5000,6,5,2,0,0,5,2,0.6000
8,156.0000,6,1,487.8629,-87.4165,0.0334,20,0.5000,0.6667,6,7,5,0,0,7,5,0.2857
8,156.0000,6,18,267.4398,-83.7752,-0.2904,40,1.0000,0.0000,4,5,1,0,0,5,1,0.8000
8,156.0000,6,20,352.8713,-85.0294,-0.7796,39,0.9750,0.0000,4,7,6,0,0,7,6,0.1429
8,156.0000,6,23,555.9635,-89.3600,-0.7317,3,0.0750,1.0000,8,8,8,0,0,8,8,0.0000
8,156.0000,7,2,484.6651,-88.1215,-0.2709,25,0.6098,0.7143,7,5,2,0,0,5,2,0.6000
8,156.0000,7,4,316.8486,-85.2854,-0.7102,40,0.9756,0.3077,13,5,1,4,4,9,5,0.4444
8,156.0000,7,10,683.7729,-89.1338,-1.0853,5,0.1220,1.0000,8,8,8,0,0,8,8,0.0000
8,156.0000,7,26,305.9470,-84.3486,-0.3841,37,0.9024,0.0000,4,6,3,0,0,6,3,0.5000
8,156.0000,8,13,623.1215,-89.4863,0.1632,3,0.0750,1.0000,4,10,9,0,0,10,9,0.1000
8,156.0000,9,12,607.9845,-88.7723,-0.3459,11,0.2750,1.0000,8,8,8,0,0,8,8,0.0000
8,156.0000,9,13,445.5897,-87.3617,-0.4371,27,0.6750,0.2000,5,8,8,0,0,8,8,0.0000
8,156.0000,9,16,224.6647,-85.7245,1.1347,37,0.9250,0.5000,6,4,0,0,0,4,0,1.0000
8,156.0000,9,19,513.8797,-88.9861,0.0009,8,0.2000,1.0000,8,6,3,0,0,6,3,0.5000
8,156.0000,9,24,238.2549,-85.2140,0.4344,34,0.8500,0.2830,53,4,0,0,0,4,0,1.0000
8,156.0000,9,25,439.4707,-87.9849,0.4714,18,0.4500,1.0000,8,5,2,0,0,5,2,0.6000
8,156.0000,9,27,156.5319,-76.6838,-0.9622,38,0.9500,0.0000,4,5,1,0,0,5,1,0.8000
8,156.0000,10,1,626.5845,-88.9603,-1.1954,3,0.0750,1.0000,4,8,8,0,0,8,8,0.0000
8,156.0000,10,7,683.7729,-88.5931,-0.3933,4,0.1000,1.0000,136,0,0,90,90,90,90,0.0000
8,156.0000,10,18,623.6777,-88.8647,0.0198,14,0.3500,0.8750,8,2,2,0,0,2,2,0.0000
8,156.0000,10,20,529.8802,-89.0100,-0.1401,14,0.3500,1.0000,8,8,7,0,0,8,7,0.1250
8,156.0000,10,22,342.4538,-86.9131,0.0146,30,0.7500,0.0000,4,6,3,0,0,6,3,0.5000
8,156.0000,10,23,358.1173,-86.8386,-0.1566,29,0.7250,0.6667,6,5,2,0,0,5,2,0.6000
8,156.0000,10,26,503.1338,-88.6307,-0.0456,12,0.3000,0.8000,5,7,6,0,0,7,6,0.1429
8,156.0000,12,5,559.3438,-87.8579,-0.2079,15,0.3846,0.7500,8,8,8,0,0,8,8,0.0000
8,156.0000,12,9,607.9845,-88.4689,0.1459,10,0.2564,1.0000,8,8,8,0,0,8,8,0.0000
8,156.0000,12,11,578.4679,-89.3594,-0.1040,4,0.1026,1.0000,8,7,6,0,0,7,6,0.1429
8,156.0000,12,13,574.6620,-88.0789,-0.1674,7,0.1795,0.7143,7,8,8,0,0,8,8,0.0000
8,156.0000,12,24,570.0800,-87.8949,-0.3462,12,0.3077,0.7143,7,8,8,0,0,8,8,0.0000
8,156.0000,12,25,328.5602,-86.5909,0.1048,37,0.9487,0.4000,5,7,5,0,0,7,5,0.2857
8,156.0000,12,27,642.0582,-88.8792,0.2150,8,0.2051,1.0000,8,6,6,0,0,6,6,0.0000
8,156.0000,13,3,386.5327,-87.4330,0.2859,22,0.5366,0.8571,7,4,0,0,0,4,0,1.0000
8,156.0000,13,5,359.0691,-86.5221,-0.1143,32,0.7805,0.2000,5,5,1,0,0,5,1,0.8000
8,156.0000,13,8,623.1215,-88.2368,-0.6596,3,0.0732,1.0000,2,8,8,0,0,8,8,0.0000
8,156.0000,13,9,445.5897,-87.3166,-0.1193,24,0.5854,0.5068,73,6,6,0,0,6,6,0.0000
8,156.0000,13,12,574.6620,-88.7010,-0.2201,13,0.3171,0.8750,8,8,8,0,0,8,8,0.0000
8,156.0000,13,24,623.5863,-88.5276,-0.3608,10,0.2439,0.8571,7,8,8,0,0,8,8,0.0000
8,156.0000,13,25,552.6504,-88.7367,0.1694,6,0.1463,1.0000,8,8,7,0,0,8,7,0.1250
8,156.0000,13,27,390.2870,-86.8438,0.1515,27,0.6585,0.7069,58,6,3,104,51,110,54,0.5091
8,156.0000,14,15,385.5868,-87.4061,0.3086,31,0.7561,0.7143,7,7,4,0,0,7,4,0.4286
8,156.0000,15,14,385.5868,-87.4815,0.0596,30,0.7500,0.7143,7,6,3,0,0,6,3,0.5000
8,156.0000,16,9,224.6647,-85.1744,0.6535,35,0.8750,0.0000,4,4,0,0,0,4,0,1.0000
8,156.0000,16,12,650.4279,-89.3413,-0.4253,3,0.0750,1.0000,6,8,8,0,0,8,8,0.0000
8,156.0000,16,13,637.9518,-88.9371,-0.4990,3,0.0750,,0,8,8,0,0,8,8,0.0000
8,156.0000,16,19,442.9106,-87.7649,0.1007,19,0.4750,0.5000,6,8,6,0,0,8,6,0.2500
8,156.0000,16,24,210.2364,-83.0759,0.9885,38,0.9500,0.2000,5,4,0,0,0,4,0,1.0000
8,156.0000,16,25,513.5806,-88.4108,0.5131,8,0.2000,0.8571,7,7,6,0,0,7,6,0.1429
8,156.0000,16,27,292.3001,-84.7293,0.3129,35,0.8750,0.4000,5,5,1,0,0,5,1,0.8000
8,156.0000,18,1,500.6504,-87.4374,-0.3380,24,0.5854,0.5000,6,8,8,0,0,8,8,0.0000
8,156.0000,18,6,267.4398,-83.7318,-0.3017,40,0.9756,0.0000,4,6,2,0,0,6,2,0.6667
8,156.0000,18,10,623.6777,-88.5515,-0.3947,11,0.2683,1.0000,8,8,8,0,0,8,8,0.0000
8,156.0000,18,20,137.3338,-79.0018,1.3145,40,0.9756,0.0000,4,5,1,0,0,5,1,0.8000
8,156.0000,18,23,504.6727,-87.6057,-0.3057,15,0.3659,1.0000,8,8,8,0,0,8,8,0.0000
8,156.0000,19,9,513.8797,-88.3486,0.9765,4,0.1000,0.8750,8,7,5,0,0,7,5,0.2857
8,156.0000,19,16,442.9106,-87.7324,-0.2542,18,0.4500,1.0000,8,6,3,0,0,6,3,0.5000
8,156.0000,19,22,458.7701,-88.1667,-0.4322,14,0.3500,0.6667,6,8,7,0,0,8,7,0.1250
8,156.0000,19,24,412.0852,-88.0224,0.0194,11,0.2750,0.8750,8,4,0,0,0,4,0,1.0000
8,156.0000,19,26,724.0127,-89.3674,0.4370,3,0.0750,1.0000,8,2,2,0,0,2,2,0.0000
8,156.0000,20,1,555.4402,-88.5172,-0.1302,11,0.2750,1.0000,8,6,5,0,0,6,5,0.1667
8,156.0000,20,6,352.8713,-84.9149,-1.4153,40,1.0000,0.2000,5,7,4,0,0,7,4,0.4286
8,156.0000,20,10,529.8802,-88.3326,0.2342,10,0.2500,1.0000,8,8,8,0,0,8,8,0.0000
8,156.0000,20,18,137.3338,-78.4932,0.9774,40,1.0000,0.0000,4,4,0,0,0,4,0,1.0000
8,156.0000,20,23,481.9104,-88.9693,0.2843,8,0.2000,0.8000,5,8,7,0,0,8,7,0.1250
8,156.0000,21,17,619.0378,-89.2925,-0.0091,4,0.1000,1.0000,6,8,8,0,0,8,8,0.0000
8,156.0000,22,4,645.1195,-89.0170,0.3469,5,0.1250,1.0000,8,6,6,0,0,6,6,0.0000
8,156.0000,22,10,342.4538,-86.5845,0.4608,25,0.6250,0.5714,7,5,2,0,0,5,2,0.6000
8,156.0000,22,19,458.7701,-87.9581,0.0834,16,0.4000,1.0000,8,7,6,0,0,7,6,0.1429
8,156.0000,22,23,588.4759,-88.9319,-0.1647,9,0.2250,1.0000,8,8,8,0,0,8,8,0.0000
8,156.0000,22,26,455.5792,-88.1746,0.1928,15,0.3750,1.0000,8,7,5,0,0,7,5,0.2857
8,156.0000,23,1,292.6698,-86.5720,0.2427,35,0.8750,0.4000,5,4,0,0,0,4,0,1.0000
8,156.0000,23,6,555.9635,-88.5100,0.2637,10,0.2500,1.0000,8,8,7,0,0,8,7,0.1250
8,156.0000,23,10,358.1173,-86.4610,0.1029,33,0.8250,0.2000,5,6,4,0,0,6,4,0.3333
8,156.0000,23,18,504.6727,-87.9309,-0.1502,20,0.5000,1.0000,8,8,8,0,0,8,8,0.0000
8,156.0000,23,20,481.9104,-88.0971,0.0945,8,0.2000,1.0000,8,7,5,0,0,7,5,0.2857
8,156.0000,23,22,588.4759,-88.4363,-0.1293,12,0.3000,1.0000,8,8,8,0,0,8,8,0.0000
8,156.0000,24,9,238.2549,-85.3630,-0.0187,36,0.9000,0.0000,3,4,0,0,0,4,0,1.0000
8,156.0000,24,12,570.0800,-88.9468,-0.1078,11,0.2750,0.8571,7,6,6,0,0,6,6,0.0000
8,156.0000,24,13,623.5863,-89.2287,-0.1549,4,0.1000,1.0000,8,6,6,0,0,6,6,0.0000
8,156.0000,24,16,210.2364,-82.6355,1.0161,38,0.9500,0.1136,44,4,0,0,0,4,0,1.0000
8,156.0000,24,19,412.0852,-88.3526,0.2436,12,0.3000,1.0000,6,4,0,0,0,4,0,1.0000
8,156.0000,24,25,347.2058,-86.2657,-0.4627,35,0.8750,0.4000,5,7,5,0,0,7,5,0.2857
8,156.0000,24,27,378.9721,-86.2923,-0.3113,27,0.6750,0.4000,5,7,5,0,0,7,5,0.2857
8,156.0000,25,9,439.4707,-88.7528,-0.2714,12,0.3000,0.8750,8,8,6,0,0,8,6,0.2500
8,156.0000,25,12,328.5602,-85.7473,-0.1179,32,0.8000,0.2000,5,6,4,0,0,6,4,0.3333
8,156.0000,25,13,552.6504,-88.9557,-0.2748,8,0.2000,1.0000,8,7,6,0,0,7,6,0.1429
8,156.0000,25,16,513.5806,-88.5317,0.0848,12,0.3000,0.8750,8,8,8,0,0,8,8,0.0000
8,156.0000,25,24,347.2058,-86.0410,-0.4916,33,0.8250,0.5000,6,7,6,0,0,7,6,0.1429
8,156.0000,25,27,544.8016,-88.8982,-0.3011,11,0.2750,0.8571,7,6,5,0,0,6,5,0.1667
8,156.0000,26,2,518.0450,-87.5345,-0.2628,24,0.6000,0.5714,7,8,7,0,0,8,7,0.1250
8,156.0000,26,4,272.7477,-84.4946,0.0584,39,0.9750,0.4000,5,5,2,0,0,5,2,0.6000
8,156.0000,26,7,305.9470,-84.1616,-0.7903,39,0.9750,0.2000,5,5,1,0,0,5,1,0.8000
8,156.0000,26,10,503.1338,-88.2200,0.1638,11,0.2750,1.0000,8,6,4,0,0,6,4,0.3333
8,156.0000,26,22,455.5792,-88.2059,0.1056,16,0.4000,1.0000,8,7,6,0,0,7,6,0.1429
8,156.0000,27,9,156.5319,-76.4838,-0.2380,40,1.0000,0.2000,5,5,1,0,0,5,1,0.8000
8,156.0000,27,12,642.0582,-88.6776,-0.0784,5,0.1250,1.0000,8,4,4,0,0,4,4,0.0000
8,156.0000,27,13,390.2870,-87.3176,0.0891,23,0.5750,0.7143,7,8,7,0,0,8,7,0.1250
8,156.0000,27,16,292.3001,-84.5139,0.2633,40,1.0000,0.0667,30,4,0,85,25,89,25,0.7191
8,156.0000,27,19,633.7307,-88.8528,-0.4188,4,0.1000,1.0000,6,4,4,0,0,4,4,0.0000
8,156.0000,27,24,378.9721,-85.9522,-0.1873,35,0.8750,0.2000,5,6,3,0,0,6,3,0.5000
8,156.0000,27,25,544.8016,-88.8413,0.1799,9,0.2250,1.0000,8,7,5,0,0,7,5,0.2857
8,160.0000,0,6,451.0923,-88.3878,0.3503,15,0.3750,0.5714,7,8,8,0,0,8,8,0.0000
8,160.0000,1,0,604.6470,-89.5179,0.3036,4,0.1000,0.8000,5,6,6,0,0,6,6,0.0000
8,160.0000,1,6,549.4801,-88.3821,-0.2564,14,0.3500,1.0000,8,8,8,0,0,8,8,0.0000
8,160.0000,1,10,603.3714,-88.9335,-0.7003,4,0.1000,1.0000,8,6,6,0,0,6,6,0.0000
8,160.0000,1,18,659.8549,-88.2635,-0.4985,9,0.2250,1.0000,4,10,9,0,0,10,9,0.1000
8,160.0000,1,20,555.0879,-88.5894,-0.1564,7,0.1750,1.0000,8,8,8,0,0,8,8,0.0000
8,160.0000,1,23,256.8313,-85.1127,-0.1310,38,0.9500,0.0000,4,4,0,0,0,4,0,1.0000
8,160.0000,2,4,426.8552,-87.3536,0.6634,23,0.5610,0.5714,7,7,5,0,0,7,5,0.2857
8,160.0000,2,7,521.2899,-88.3950,-0.1130,17,0.4146,1.0000,8,8,8,0,0,8,8,0.0000
8,160.0000,2,26,662.1509,-88.9658,-0.2954,8,0.1951,0.8571,7,4,4,0,0,4,4,0.0000
8,160.0000,3,5,330.8104,-83.6766,-1.4995,38,0.9500,0.0000,4,8,4,0,0,8,4,0.5000
8,160.0000,3,13,286.7740,-86.1286,0.5687,34,0.8500,0.2000,5,4,0,0,0,4,0,1.0000
8,160.0000,3,27,554.3691,-88.9000,-0.1470,5,0.1250,1.0000,8,7,5,0,0,7,5,0.2857
8,160.0000,4,2,426.8552,-87.3223,-0.1976,28,0.7179,0.6667,6,7,6,0,0,7,6,0.1429
8,160.0000,4,7,422.7959,-86.7279,-0.4019,30,0.7692,0.7143,7,6,4,0,0,6,4,0.3333
8,160.0000,4,22,592.6498,-88.9357,0.7022,4,0.1026,0.8750,8,8,8,0,0,8,8,0.0000
8,160.0000,4,26,327.7490,-85.0251,-0.3790,34,0.8718,0.2000,5,6,2,0,0,6,2,0.6667
8,160.0000,5,3,330.8104,-83.7961,-1.4255,38,0.9500,0.0000,4,7,5,0,0,7,5,0.2857
8,160.0000,5,12,630.5579,-88.6664,-0.0091,7,0.1750,1.0000,8,8,8,0,0,8,8,0.0000
8,160.0000,5,13,409.3271,-87.3492,-0.0215,35,0.8750,0.6250,8,5,2,0,0,5,2,0.6000
8,160.0000,6,0,451.0923,-88.0605,-0.1093,21,0.5250,0.4000,5,5,2,0,0,5,2,0.6000
8,160.0000,6,1,549.4801,-88.5769,-0.1042,11,0.2750,0.7143,7,8,8,0,0,8,8,0.0000
8,160.0000,6,18,357.0862,-85.9581,-0.2239,36,0.9000,0.2000,5,6,3,0,0,6,3,0.5000
8,160.0000,6,20,497.6025,-87.0473,-0.0991,24,0.6000,0.8571,7,8,8,0,0,8,8,0.0000
8,160.0000,6,23,539.2270,-88.4263,-0.0663,10,0.2500,1.0000,8,8,8,0,0,8,8,0.0000
8,160.0000,7,2,521.2899,-87.6896,0.0111,10,0.2500,0.4000,5,8,8,0,0,8,8,0.0000
8,160.0000,7,4,422.7959,-86.7554,-0.7087,30,0.7500,0.5556,9,7,6,0,0,7,6,0.1429
8,160.0000,7,26,391.5241,-86.0473,-0.5229,29,0.7250,0.5000,6,6,4,0,0,6,4,0.3333
8,160.0000,8,3,570.9135,-89.2608,-0.2999,5,0.1250,,0,8,8,0,0,8,8,0.0000
8,160.0000,8,13,634.1897,-89.0660,-0.1385,3,0.0750,0.9000,10,8,8,0,0,8,8,0.0000
8,160.0000,9,12,661.4318,-88.3350,-0.9840,5,0.1250,1.0000,8,8,8,0,0,8,8,0.0000
8,160.0000,9,13,532.0647,-87.8724,-0.1368,11,0.2750,1.0000,8,7,6,0,0,7,6,0.1429
8,160.0000,9,16,151.9082,-80.4216,1.0322,40,1.0000,0.0000,4,4,0,0,0,4,0,1.0000
8,160.0000,9,19,368.5452,-87.7134,0.1402,19,0.4750,0.5000,6,5,2,0,0,5,2,0.6000
8,160.0000,9,24,179.6069,-81.3039,0.8199,40,1.0000,0.0000,4,4,0,0,0,4,0,1.0000
8,160.0000,9,25,363.0052,-87.4239,0.4559,30,0.7500,0.4000,5,4,0,0,0,4,0,1.0000
8,160.0000,9,27,317.1947,-82.7807,-1.7018,40,1.0000,0.2000,5,8,7,0,0,8,7,0.1250
8,160.0000,10,1,603.3714,-88.1005,0.6510,4,0.1000,1.0000,8,2,2,0,0,2,2,0.0000
8,160.0000,10,20,491.0512,-88.2286,0.2758,15,0.3750,0.8750,8,7,6,0,0,7,6,0.1429
8,160.0000,10,22,349.0359,-86.1628,0.2239,33,0.8250,0.5000,6,6,3,0,0,6,3,0.5000
8,160.0000,10,23,391.0462,-86.9377,0.6237,28,0.7000,0.4000,5,6,3,0,0,6,3,0.5000
8,160.0000,10,26,480.1604,-87.9303,-0.3362,17,0.4250,0.8571,7,7,6,0,0,7,6,0.1429
8,160.0000,11,12,517.7982,-88.1061,0.5269,9,0.2250,1.0000,8,7,6,0,0,7,6,0.1429
8,160.0000,12,5,630.5579,-89.1369,-0.0225,7,0.1750,1.0000,8,8,8,0,0,8,8,0.0000
8,160.0000,12,9,661.4318,-89.3834,-0.1815,5,0.1250,1.0000,8,8,8,0,0,8,8,0.0000
8,160.0000,12,11,517.7982,-88.5226,0.5251,9,0.2250,0.8571,7,7,6,0,0,7,6,0.1429
8,160.0000,12,13,642.7682,-89.1653,0.0178,6,0.1500,1.0000,8,8,8,0,0,8,8,0.0000
8,160.0000,12,16,679.0243,-88.9263,-0.0127,5,0.1250,1.0000,8,8,8,0,0,8,8,0.0000
8,160.0000,12,25,439.8980,-86.8494,-0.5720,22,0.5500,0.7143,7,7,6,0,0,7,6,0.1429
8,160.0000,13,3,286.7740,-86.0088,0.4149,37,0.9250,0.0000,4,4,0,0,0,4,0,1.0000
8,160.0000,13,5,409.3271,-87.3834,-0.0734,33,0.8250,0.2000,5,4,0,0,0,4,0,1.0000
8,160.0000,13,8,634.1897,-89.1149,0.4457,7,0.1750,1.0000,8,4,4,0,0,4,4,0.0000
8,160.0000,13,9,532.0647,-87.9696,0.0366,12,0.3000,1.0000,6,7,6,0,0,7,6,0.1429
8,160.0000,13,12,642.7682,-89.2991,0.0157,3,0.0750,1.0000,8,8,8,0,0,8,8,0.0000
8,160.0000,13,25,484.9249,-87.8771,0.3953,7,0.1750,0.8750,8,7,5,56,41,63,46,0.2698
8,160.0000,13,27,357.0859,-86.7373,0.1656,27,0.6750,0.4909,110,7,5,56,25,63,30,0.5238
8,160.0000,14,15,390.8680,-86.8892,0.1540,28,0.7179,0.5714,7,5,2,0,0,5,2,0.6000
8,160.0000,15,14,390.8680,-87.2524,-0.2637,34,0.8500,0.5000,6,7,6,0,0,7,6,0.1429
8,160.0000,16,9,151.9082,-80.7750,1.1222,39,0.9750,0.0000,4,4,0,0,0,4,0,1.0000
8,160.0000,16,12,679.0243,-89.2402,0.2865,6,0.1500,1.0000,8,4,4,0,0,4,4,0.0000
8,160.0000,16,13,588.4124,-88.7942,0.2591,4,0.1000,1.0000,8,7,6,0,0,7,6,0.1429
8,160.0000,16,19,415.6199,-87.4696,0.0146,19,0.4750,0.7500,8,6,4,0,0,6,4,0.3333
8,160.0000,16,24,269.9789,-83.6538,-0.8066,39,0.9750,0.0000,4,5,2,0,0,5,2,0.6000
8,160.0000,16,25,472.8975,-88.1369,0.2709,7,0.1750,0.8571,7,8,8,0,0,8,8,0.0000
8,160.0000,16,27,319.4127,-85.5975,-0.1092,35,0.8750,0.2000,5,5,2,0,0,5,2,0.6000
8,160.0000,17,21,584.2789,-89.3464,-0.0686,12,0.3000,1.0000,8,8,8,0,0,8,8,0.0000
8,160.0000,18,1,659.8549,-89.1698,0.7764,3,0.0750,1.0000,8,6,6,0,0,6,6,0.0000
8,160.0000,18,6,357.0862,-85.7092,-0.5886,37,0.9250,0.3333,6,4,1,0,0,4,1,0.7500
8,160.0000,18,20,307.8005,-82.1625,-2.0238,40,1.0000,0.2000,5,5,1,0,0,5,1,0.8000
8,160.0000,18,23,576.9156,-87.4556,-0.3594,8,0.2000,1.0000,8,8,8,0,0,8,8,0.0000
8,160.0000,19,9,368.5452,-87.3815,0.3552,22,0.5500,0.7143,7,5,1,0,0,5,1,0.8000
8,160.0000,19,16,415.6199,-87.7240,-0.0530,23,0.5750,0.5000,6,8,5,0,0,8,5,0.3750
8,160.0000,19,22,477.9624,-87.9187,0.7311,19,0.4750,0.8750,8,7,6,0,0,7,6,0.1429
8,160.0000,19,24,206.9123,-84.9005,1.0049,31,0.7750,0.0000,4,4,0,0,0,4,0,1.0000
8,160.0000,20,1,555.0879,-88.2751,-0.0255,15,0.3750,0.8333,6,8,8,0,0,8,8,0.0000
8,160.0000,20,6,497.6025,-86.8590,-0.3929,24,0.6000,0.5714,7,8,8,0,0,8,8,0.0000
8,160.0000,20,10,491.0512,-88.1315,-0.3130,18,0.4500,1.0000,8,8,8,0,0,8,8,0.0000
8,160.0000,20,18,307.8005,-82.2841,-1.7830,40,1.0000,0.0000,4,7,4,0,0,7,4,0.4286
8,160.0000,20,23,373.9186,-87.5446,0.2669,24,0.6000,0.8750,8,6,2,0,0,6,2,0.6667
8,160.0000,21,17,584.2789,-88.5872,-0.3617,7,0.1750,1.0000,8,8,8,0,0,8,8,0.0000
8,160.0000,22,4,592.6498,-88.2968,1.0455,4,0.1026,1.0000,6,8,8,0,0,8,8,0.0000
8,160.0000,22,10,349.0359,-86.4735,0.0550,35,0.8974,0.4000,5,7,6,0,0,7,6,0.1429
8,160.0000,22,19,477.9624,-88.0808,0.2297,19,0.4872,0.8571,7,8,7,0,0,8,7,0.1250
8,160.0000,22,23,716.0206,-89.0637,-0.4201,4,0.1026,1.0000,8,4,4,0,0,4,4,0.0000
8,160.0000,22,26,415.8908,-87.7713,-0.2926,23,0.5897,0.7143,7,8,7,0,0,8,7,0.1250
8,160.0000,23,1,256.8313,-84.5843,0.2929,39,0.9750,0.0000,4,4,0,0,0,4,0,1.0000
8,160.0000,23,6,539.2270,-88.8751,-0.1749,14,0.3500,0.8750,8,6,6,0,0,6,6,0.0000
8,160.0000,23,10,391.0462,-86.6915,-0.1188,29,0.7250,0.6667,6,6,4,0,0,6,4,0.3333
8,160.0000,23,18,576.9156,-88.6398,-0.4252,10,0.2500,1.0000,8,8,8,0,0,8,8,0.0000
8,160.0000,23,20,373.9186,-87.7809,0.9117,23,0.5750,0.7143,7,5,2,0,0,5,2,0.6000
8,160.0000,24,9,179.6069,-81.9565,1.2794,39,0.9512,0.0000,4,4,0,0,0,4,0,1.0000
8,160.0000,24,12,750.1694,-89.2848,0.3425,5,0.1220,1.0000,6,2,2,0,0,2,2,0.0000
8,160.0000,24,13,689.4173,-89.1312,-0.2587,4,0.0976,1.0000,6,2,2,0,0,2,2,0.0000
8,160.0000,24,16,269.9789,-83.5241,-0.5825,40,0.9756,0.0000,4,5,1,0,0,5,1,0.8000
8,160.0000,24,19,206.9123,-85.1712,1.5952,35,0.8537,0.0000,4,4,0,0,0,4,0,1.0000
8,160.0000,24,25,417.0415,-86.9534,0.2165,33,0.8049,0.7143,7,8,6,0,0,8,6,0.2500
8,160.0000,24,27,483.6128,-87.4943,-0.2896,23,0.5610,0.7143,7,8,8,0,0,8,8,0.0000
8,160.0000,25,9,363.0052,-87.6064,-0.0151,25,0.6250,0.7500,8,4,0,0,0,4,0,1.0000
8,160.0000,25,12,439.8980,-86.5303,-0.7535,32,0.8000,0.6667,6,8,8,0,0,8,8,0.0000
8,160.0000,25,13,484.9249,-88.8072,0.3273,13,0.3250,0.8571,7,8,6,0,0,8,6,0.2500
8,160.0000,25,16,472.8975,-88.6138,-0.2313,19,0.4750,1.0000,8,6,4,41,27,47,31,0.3404
8,160.0000,25,24,417.0415,-86.7944,-0.4772,31,0.7750,0.8571,7,8,7,0,0,8,7,0.1250
8,160.0000,25,27,532.3252,-88.8679,-0.0636,7,0.1750,0.8333,6,8,8,0,0,8,8,0.0000
8,160.0000,26,2,662.1509,-88.7238,-0.1412,9,0.2195,0.8750,8,4,4,0,0,4,4,0.0000
8,160.0000,26,4,327.7490,-85.1595,-0.4902,39,0.9512,0.4000,5,6,4,0,0,6,4,0.3333
8,160.0000,26,7,391.5241,-85.9977,-0.9504,29,0.7073,0.2000,5,7,5,0,0,7,5,0.2857
8,160.0000,26,10,480.1604,-88.2884,0.0341,16,0.3902,0.6667,6,7,6,0,0,7,6,0.1429
8,160.0000,26,22,415.8908,-87.0890,0.4511,21,0.5122,0.8571,7,7,3,0,0,7,3,0.5714
8,160.0000,27,3,554.3691,-89.3164,0.4165,4,0.1000,1.0000,6,7,6,0,0,7,6,0.1429
8,160.0000,27,9,317.1947,-82.8519,-1.9245,39,0.9750,0.2000,5,6,3,0,0,6,3,0.5000
8,160.0000,27,13,357.0859,-87.4691,0.4304,33,0.8250,0.8750,8,5,1,0,0,5,1,0.8000
8,160.0000,27,16,319.4127,-84.9128,-0.1444,35,0.8750,0.2809,89,5,1,42,12,47,13,0.7234
8,160.0000,27,19,638.3150,-88.5255,0.4155,3,0.0750,1.0000,4,2,2,0,0,2,2,0.0000
8,160.0000,27,24,483.6128,-87.8602,0.0470,23,0.5750,0.5000,6,8,7,0,0,8,7,0.1250
8,160.0000,27,25,532.3252,-88.8945,0.0726,10,0.2500,0.7143,7,8,7,0,0,8,7,0.1250
8,164.0000,0,1,615.9184,-89.0441,0.4480,5,0.1250,1.0000,8,4,4,0,0,4,4,0.0000
8,164.0000,0,6,439.6024,-87.6118,0.1043,26,0.6500,1.0000,8,6,3,0,0,6,3,0.5000
8,164.0000,0,23,664.7936,-88.3726,0.6464,3,0.0750,1.0000,4,8,8,0,0,8,8,0.0000
8,164.0000,1,0,615.9184,-89.0655,-0.2777,6,0.1500,1.0000,6,8,8,0,0,8,8,0.0000
8,164.0000,1,6,641.2059,-88.8558,-0.3231,6,0.1500,1.0000,8,6,6,0,0,6,6,0.0000
8,164.0000,1,20,549.1423,-89.2906,0.3049,9,0.2250,1.0000,8,8,8,0,0,8,8,0.0000
8,164.0000,1,23,279.6522,-83.8276,0.0044,39,0.9750,0.0000,4,6,2,0,0,6,2,0.6667
8,164.0000,2,4,473.9946,-87.7500,-0.3223,22,0.5500,0.7143,7,8,7,0,0,8,7,0.1250
8,164.0000,2,7,565.4584,-88.2399,0.0559,10,0.2500,1.0000,8,8,7,0,0,8,7,0.1250
8,164.0000,2,21,559.1833,-89.0332,0.1004,8,0.2000,1.0000,4,8,7,0,0,8,7,0.1250
8,164.0000,3,5,406.9067,-87.1540,-0.9071,25,0.6250,0.5000,8,8,6,0,0,8,6,0.2500
8,164.0000,3,8,487.2483,-88.0778,0.3900,12,0.3000,0.8000,5,9,6,0,0,9,6,0.3333
8,164.0000,3,13,275.5710,-84.5997,0.4969,37,0.9250,0.0000,4,5,2,0,0,5,2,0.6000
8,164.0000,3,27,404.6740,-87.7190,0.4000,18,0.4500,0.7143,7,4,0,0,0,4,0,1.0000
8,164.0000,4,2,473.9946,-88.3130,-0.0014,19,0.4750,0.8571,7,8,8,0,0,8,8,0.0000
8,164.0000,4,7,506.3819,-88.5387,-0.3411,19,0.4750,0.6667,6,8,8,0,0,8,8,0.0000
8,164.0000,4,21,605.1879,-88.9966,0.0749,3,0.0750,1.0000,6,7,6,0,0,7,6,0.1429
8,164.0000,4,22,548.9531,-88.1076,-0.0373,12,0.3000,1.0000,8,8,7,0,0,8,7,0.1250
8,164.0000,4,26,450.3073,-86.9736,-0.2687,32,0.8000,0.3333,6,7,5,0,0,7,5,0.2857
8,164.0000,5,3,406.9067,-87.0789,-0.4415,30,0.7500,0.7143,7,8,7,0,0,8,7,0.1250
8,164.0000,5,12,642.6500,-88.4487,-0.8046,5,0.1250,1.0000,8,6,6,0,0,6,6,0.0000
8,164.0000,5,13,274.4557,-85.8849,0.9630,27,0.6750,0.4000,5,5,1,0,0,5,1,0.8000
8,164.0000,5,27,599.4861,-89.5550,0.0658,4,0.1000,1.0000,2,8,8,0,0,8,8,0.0000
8,164.0000,6,0,439.6024,-87.7775,0.1279,24,0.6000,0.4000,5,7,6,0,0,7,6,0.1429
8,164.0000,6,1,641.2059,-88.0991,0.0116,6,0.1500,1.0000,8,6,5,0,0,6,5,0.1667
8,164.0000,6,18,451.7008,-87.2096,-0.4306,31,0.7750,0.5000,6,6,4,0,0,6,4,0.3333
8,164.0000,6,20,634.1470,-89.0765,-0.0902,12,0.3000,1.0000,8,6,6,0,0,6,6,0.0000
8,164.0000,6,23,543.3740,-87.8613,0.2789,13,0.3250,1.0000,8,8,7,0,0,8,7,0.1250
8,164.0000,7,2,565.4584,-88.4800,0.1736,11,0.2821,1.0000,8,8,8,0,0,8,8,0.0000
8,164.0000,7,4,506.3819,-88.1503,-0.0498,21,0.5385,0.8571,7,8,7,0,0,8,7,0.1250
8,164.0000,7,26,442.5597,-87.3862,0.3551,19,0.4872,0.6667,6,6,4,0,0,6,4,0.3333
8,164.0000,8,3,487.2483,-88.3926,-0.0732,8,0.2000,1.0000,8,7,4,0,0,7,4,0.4286
8,164.0000,9,13,635.6399,-88.2807,-0.7153,5,0.1250,0.8571,7,4,4,0,0,4,4,0.0000
8,164.0000,9,16,214.7178,-80.2849,-1.2336,40,1.0000,0.0000,4,4,0,0,0,4,0,1.0000
8,164.0000,9,19,222.8429,-85.2210,1.1799,34,0.8500,0.4000,5,4,0,0,0,4,0,1.0000
8,164.0000,9,24,221.9337,-81.6302,-0.5276,40,1.0000,0.0000,4,5,1,0,0,5,1,0.8000
8,164.0000,9,25,364.3606,-86.1191,0.5456,31,0.7750,0.0000,4,6,3,0,0,6,3,0.5000
8,164.0000,9,27,497.7749,-87.4092,-1.0402,28,0.7000,0.8750,8,3,2,0,0,3,2,0.3333
8,164.0000,10,1,599.5102,-89.0288,0.0998,6,0.1500,1.0000,2,8,8,0,0,8,8,0.0000
8,164.0000,10,20,477.9886,-88.5021,0.1436,13,0.3250,0.8571,7,8,7,0,0,8,7,0.1250
8,164.0000,10,22,367.9115,-86.8598,0.0471,34,0.8500,0.5000,6,6,3,0,0,6,3,0.5000
8,164.0000,10,23,477.9980,-87.6813,-0.4770,30,0.7500,0.5000,6,8,8,0,0,8,8,0.0000
8,164.0000,10,26,487.4455,-88.5873,0.1166,19,0.4750,0.8571,7,8,8,0,0,8,8,0.0000
8,164.0000,11,12,428.8216,-88.5457,0.1007,19,0.4750,0.8571,7,6,3,0,0,6,3,0.5000
8,164.0000,12,5,642.6500,-88.3793,-0.0330,3,0.0732,1.0000,8,4,4,0,0,4,4,0.0000
8,164.0000,12,11,428.8216,-87.6198,-0.2220,13,0.3171,0.8571,7,6,4,0,0,6,4,0.3333
8,164.0000,12,13,701.1970,-89.8299,0.0179,4,0.0976,1.0000,8,6,6,0,0,6,6,0.0000
8,164.0000,13,3,275.5710,-84.9232,0.1744,38,0.9500,0.0000,4,7,4,0,0,7,4,0.4286
8,164.0000,13,5,274.4557,-86.6108,0.5109,26,0.6500,0.0000,4,4,0,0,0,4,0,1.0000
8,164.0000,13,8,666.4160,-88.3533,-2.8720,3,0.0750,1.0000,4,6,6,0,0,6,6,0.0000
8,164.0000,13,9,635.6399,-89.1847,0.1571,9,0.2250,0.8571,7,6,6,0,0,6,6,0.0000
8,164.0000,13,16,548.7545,-89.0462,-0.0244,6,0.1500,1.0000,8,7,6,0,0,7,6,0.1429
8,164.0000,13,25,437.4585,-88.2508,-0.0026,18,0.4500,0.7302,63,8,6,120,79,128,85,0.3359
8,164.0000,13,27,350.7126,-86.6363,0.2968,33,0.8250,0.4762,63,5,2,0,0,5,2,0.6000
8,164.0000,14,15,417.5085,-87.2386,0.1705,27,0.6750,0.4000,5,7,6,0,0,7,6,0.1429
8,164.0000,15,14,417.5085,-87.7239,-0.1233,27,0.6585,0.8571,7,7,5,0,0,7,5,0.2857
8,164.0000,16,9,214.7178,-80.6274,-1.2847,39,0.9750,0.0000,4,5,1,0,0,5,1,0.8000
8,164.0000,16,13,548.7545,-89.1471,0.1213,4,0.1000,0.8571,7,7,6,0,0,7,6,0.1429
8,164.0000,16,19,400.5259,-87.0206,-0.1209,26,0.6500,0.6667,6,6,3,0,0,6,3,0.5000
8,164.0000,16,24,380.9318,-86.3207,-0.2175,36,0.9000,0.4000,5,6,3,0,0,6,3,0.5000
8,164.0000,16,25,446.7955,-88.1318,-0.0335,21,0.5250,1.0000,8,8,8,0,0,8,8,0.0000
8,164.0000,16,27,344.1987,-85.9412,-0.1651,31,0.7750,0.4000,5,7,6,0,0,7,6,0.1429
8,164.0000,17,21,574.5001,-88.4299,0.2302,6,0.1500,1.0000,8,8,8,0,0,8,8,0.0000
8,164.0000,18,6,451.7008,-87.1554,0.0570,30,0.7500,0.2500,4,9,8,0,0,9,8,0.1111
8,164.0000,18,20,512.6724,-87.3210,-0.9855,26,0.6500,0.2000,5,8,8,0,0,8,8,0.0000
8,164.0000,18,23,641.9908,-89.0891,0.3014,7,0.1750,1.0000,8,8,8,0,0,8,8,0.0000
8,164.0000,19,9,222.8429,-85.3559,0.9164,35,0.8750,0.2000,5,4,0,0,0,4,0,1.0000
8,164.0000,19,16,400.5259,-87.0386,0.5359,25,0.6250,0.6250,8,7,4,0,0,7,4,0.4286
8,164.0000,19,22,521.2835,-88.7638,-0.1308,11,0.2750,0.8571,7,6,6,0,0,6,6,0.0000
8,164.0000,19,24,121.8193,-78.5688,1.4863,39,0.9750,0.0000,4,5,1,0,0,5,1,0.8000
8,164.0000,19,25,524.8346,-88.3831,0.2635,6,0.1500,0.9000,10,8,6,0,0,8,6,0.2500
8,164.0000,20,1,549.1423,-89.2966,0.2106,10,0.2564,1.0000,8,8,8,0,0,8,8,0.0000
8,164.0000,20,6,634.1470,-88.7394,-0.1839,9,0.2308,1.0000,8,6,6,0,0,6,6,0.0000
8,164.0000,20,10,477.9886,-88.1466,-0.2283,16,0.4103,1.0000,8,8,8,0,0,8,8,0.0000
8,164.0000,20,18,512.6724,-87.6458,-0.5464,25,0.6410,0.5714,7,8,8,0,0,8,8,0.0000
8,164.0000,20,23,296.5726,-86.1110,0.5509,29,0.7436,0.3333,6,4,0,0,0,4,0,1.0000
8,164.0000,21,2,559.1833,-87.5523,1.9573,5,0.1250,1.0000,6,8,8,0,0,8,8,0.0000
8,164.0000,21,17,574.5001,-88.9896,-0.0544,8,0.2000,1.0000,8,7,6,0,0,7,6,0.1429
8,164.0000,22,4,548.9531,-88.7852,-0.1516,10,0.2439,1.0000,8,7,5,0,0,7,5,0.2857
8,164.0000,22,10,367.9115,-86.5346,-0.1683,28,0.6829,0.8571,7,7,5,0,0,7,5,0.2857
8,164.0000,22,19,521.2835,-88.1119,-0.3161,12,0.2927,0.8750,8,8,8,0,0,8,8,0.0000
8,164.0000,22,24,596.7409,-89.1545,0.7203,4,0.0976,1.0000,4,8,8,0,0,8,8,0.0000
8,164.0000,22,26,441.8251,-86.9220,-0.2085,26,0.6341,0.8750,8,7,5,0,0,7,5,0.2857
8,164.0000,23,0,664.7936,-89.2503,0.0575,3,0.0750,1.0000,8,8,8,0,0,8,8,0.0000
8,164.0000,23,1,279.6522,-84.4653,-0.2589,38,0.9500,0.0000,4,5,2,0,0,5,2,0.6000
8,164.0000,23,6,543.3740,-88.5578,-0.1975,10,0.2500,1.0000,6,7,6,0,0,7,6,0.1429
8,164.0000,23,10,477.9980,-87.5148,-0.7452,27,0.6750,0.6667,6,8,7,0,0,8,7,0.1250
8,164.0000,23,18,641.9908,-88.8791,-0.0935,4,0.1000,1.0000,8,6,6,0,0,6,6,0.0000
8,164.0000,23,20,296.5726,-86.2786,0.5619,34,0.8500,0.4000,5,5,1,0,0,5,1,0.8000
8,164.0000,24,9,221.9337,-81.4916,-0.2721,40,1.0000,0.0000,4,4,0,0,0,4,0,1.0000
8,164.0000,24,16,380.9318,-85.4933,-1.1495,33,0.8250,0.2000,5,8,8,0,0,8,8,0.0000
8,164.0000,24,19,121.8193,-78.4927,1.1855,40,1.0000,0.0000,4,4,0,0,0,4,0,1.0000
8,164.0000,24,25,483.2921,-87.9438,-0.3502,22,0.5500,0.7500,8,8,8,0,0,8,8,0.0000
8,164.0000,24,27,597.9553,-88.6393,-0.7515,8,0.2000,1.0000,8,8,8,0,0,8,8,0.0000
8,164.0000,25,5,603.3625,-88.9124,0.7465,3,0.0750,1.0000,4,8,7,0,0,8,7,0.1250
8,164.0000,25,9,364.3606,-86.2688,0.2917,33,0.8250,0.0000,4,5,2,0,0,5,2,0.6000
8,164.0000,25,12,587.8644,-88.3580,-0.6427,9,0.2250,1.0000,8,6,6,0,0,6,6,0.0000
8,164.0000,25,13,437.4585,-87.8760,0.1435,22,0.5500,0.7500,8,8,6,0,0,8,6,0.2500
8,164.0000,25,16,446.7955,-88.3498,0.1212,23,0.5750,0.6596,47,7,6,115,89,122,95,0.2213
8,164.0000,25,19,524.8346,-88.6227,0.4231,7,0.1750,1.0000,8,8,8,0,0,8,8,0.0000
8,164.0000,25,24,483.2921,-88.0936,-0.2100,23,0.5750,0.8750,8,6,4,0,0,6,4,0.3333
8,164.0000,25,27,526.0991,-88.3558,-0.0946,9,0.2250,1.0000,8,8,8,0,0,8,8,0.0000
8,164.0000,26,4,450.3073,-86.8760,-0.1186,26,0.6667,0.6667,6,8,8,0,0,8,8,0.0000
8,164.0000,26,7,442.5597,-87.4250,-0.4358,25,0.6410,0.7143,7,6,3,0,0,6,3,0.5000
8,164.0000,26,10,487.4455,-87.3024,-0.0324,15,0.3846,0.8571,7,8,8,0,0,8,8,0.0000
8,164.0000,26,20,600.2320,-89.1837,0.0339,3,0.0769,1.0000,4,5,4,0,0,5,4,0.2000
8,164.0000,26,22,441.8251,-88.1647,-0.2175,25,0.6410,0.4286,7,6,3,0,0,6,3,0.5000
8,164.0000,27,3,404.6740,-88.4496,0.4407,22,0.5500,0.8571,7,4,0,0,0,4,0,1.0000
8,164.0000,27,8,602.9236,-89.6706,0.1362,4,0.1000,1.0000,2,8,8,0,0,8,8,0.0000
8,164.0000,27,9,497.7749,-86.5031,-0.1362,29,0.7250,0.5000,6,8,8,0,0,8,8,0.0000
8,164.0000,27,13,350.7126,-86.6239,-0.1776,34,0.8500,0.2000,5,4,0,0,0,4,0,1.0000
8,164.0000,27,16,344.1987,-86.6687,-0.0322,34,0.8500,0.2766,47,6,4,0,0,6,4,0.3333
8,164.0000,27,24,597.9553,-88.4945,-0.5694,9,0.2250,0.8750,8,6,6,0,0,6,6,0.0000
8,164.0000,27,25,526.0991,-88.8874,0.2468,14,0.3500,0.8750,8,7,6,0,0,7,6,0.1429
8,168.0000,0,1,629.6197,-88.5747,-0.0351,4,0.1000,1.0000,4,8,8,0,0,8,8,0.0000
8,168.0000,0,6,462.9320,-87.8406,0.2152,25,0.6250,0.5000,6,8,7,0,0,8,7,0.1250
8,168.0000,0,23,643.5854,-88.9415,-0.0711,5,0.1250,1.0000,8,8,8,0,0,8,8,0.0000
8,168.0000,1,10,626.2550,-89.1549,-0.3520,3,0.0750,1.0000,6,2,2,0,0,2,2,0.0000
8,168.0000,1,20,585.1258,-88.6601,1.1438,8,0.2000,1.0000,8,7,6,0,0,7,6,0.1429
8,168.0000,1,23,338.7839,-85.6081,-0.0491,35,0.8750,0.3333,6,6,3,0,0,6,3,0.5000
8,168.0000,2,4,495.5241,-88.3386,-0.1012,13,0.3250,0.8750,8,8,7,0,0,8,7,0.1250
8,168.0000,2,7,592.3660,-88.9267,0.3165,7,0.1750,0.8750,8,8,8,0,0,8,8,0.0000
8,168.0000,2,21,476.4216,-88.4727,0.2260,17,0.4250,0.8750,8,6,4,0,0,6,4,0.3333
8,168.0000,3,5,457.6889,-88.2432,-0.0646,21,0.5250,0.7500,8,6,4,0,0,6,4,0.3333
8,168.0000,3,8,410.6758,-88.0236,-0.2232,16,0.4000,0.6667,9,3,0,4,3,7,3,0.5714
8,168.0000,3,13,377.1418,-85.0202,-0.7676,34,0.8500,0.4000,5,6,4,0,0,6,4,0.3333
8,168.0000,3,16,637.9267,-88.4480,0.3196,4,0.1000,1.0000,4,8,8,0,0,8,8,0.0000
8,168.0000,3,27,295.0102,-86.4830,0.5573,33,0.8250,0.0000,4,4,0,0,0,4,0,1.0000
8,168.0000,4,2,495.5241,-88.6909,0.1003,16,0.4000,1.0000,8,6,4,0,0,6,4,0.3333
8,168.0000,4,7,493.6219,-88.5997,-0.3255,17,0.4250,1.0000,8,8,8,0,0,8,8,0.0000
8,168.0000,4,21,516.4227,-89.0390,0.3167,7,0.1750,0.8571,7,7,5,0,0,7,5,0.2857
8,168.0000,4,22,532.6802,-88.9800,-0.0883,11,0.2750,0.8750,8,8,7,0,0,8,7,0.1250
8,168.0000,4,26,593.9770,-88.1091,-0.6754,14,0.3500,0.7143,7,6,6,0,0,6,6,0.0000
8,168.0000,5,3,457.6889,-87.8499,-0.2317,24,0.6000,0.8750,8,7,6,0,0,7,6,0.1429
8,168.0000,5,13,110.2735,-80.8856,2.1799,39,0.9750,0.2000,5,4,0,3,0,7,0,1.0000
8,168.0000,5,25,464.4648,-88.1900,0.4018,7,0.1750,0.6667,6,7,5,0,0,7,5,0.2857
8,168.0000,5,27,475.1560,-88.3638,0.4205,13,0.3250,1.0000,8,5,2,0,0,5,2,0.6000
8,168.0000,6,0,462.9320,-88.3863,-0.0878,22,0.5366,0.8571,7,8,7,0,0,8,7,0.1250
8,168.0000,6,18,543.8200,-88.3161,-0.3019,16,0.3902,0.6667,6,8,8,0,0,8,8,0.0000
8,168.0000,6,23,522.1910,-88.6176,-0.3978,8,0.1951,0.8750,8,5,2,0,0,5,2,0.6000
8,168.0000,7,2,592.3660,-89.4506,0.1632,5,0.1250,1.0000,8,6,6,0,0,6,6,0.0000
8,168.0000,7,4,493.6219,-88.1633,0.4716,12,0.3000,0.8750,8,6,4,0,0,6,4,0.3333
8,168.0000,7,26,433.6494,-87.2327,-0.1620,27,0.6750,0.6667,6,5,1,0,0,5,1,0.8000
8,168.0000,8,3,410.6758,-88.3103,-0.0477,19,0.4750,0.5714,7,8,6,0,0,8,6,0.2500
8,168.0000,8,13,730.1002,-89.2608,0.1288,4,0.1000,1.0000,2,8,8,0,0,8,8,0.0000
8,168.0000,8,27,548.1330,-89.2135,0.1082,4,0.1000,1.0000,8,8,8,0,0,8,8,0.0000
8,168.0000,9,13,729.8296,-89.5881,0.0260,3,0.0750,1.0000,4,4,4,0,0,4,4,0.0000
8,168.0000,9,16,344.7722,-84.4956,-1.0373,35,0.8750,0.0000,4,5,2,0,0,5,2,0.6000
8,168.0000,9,19,88.1668,-78.5482,2.4328,40,1.0000,0.0000,4,5,1,0,0,5,1,0.8000
8,168.0000,9,24,341.3615,-84.7500,-1.0058,39,0.9750,0.2000,5,6,4,0,0,6,4,0.3333
8,168.0000,9,25,433.2453,-87.0039,-0.3421,28,0.7000,0.5000,6,7,6,56,56,63,62,0.0159
8,168.0000,9,27,676.8133,-89.0955,-0.2707,10,0.2500,0.6667,3,8,8,0,0,8,8,0.0000
8,168.0000,10,1,626.2550,-89.0407,2.4135,3,0.0750,1.0000,8,4,4,0,0,4,4,0.0000
8,168.0000,10,20,487.2098,-88.5220,-0.1139,19,0.4750,0.8750,8,8,8,0,0,8,8,0.0000
8,168.0000,10,22,397.9804,-87.2664,0.2572,29,0.7250,0.5000,6,6,3,122,92,128,95,0.2578
8,168.0000,10,23,606.5513,-88.8248,-0.8064,9,0.2250,1.0000,8,8,8,0,0,8,8,0.0000
8,168.0000,10,26,554.6437,-88.5629,-0.1049,15,0.3750,1.0000,8,10,10,0,0,10,10,0.0000
8,168.0000,11,12,278.8159,-86.7368,0.2890,33,0.8250,0.5000,6,4,0,0,0,4,0,1.0000
8,168.0000,12,11,278.8159,-86.5681,1.1170,31,0.7750,0.6667,6,4,0,0,0,4,0,1.0000
8,168.0000,13,3,377.1418,-85.6529,-0.9188,33,0.8250,0.5714,7,8,7,5,4,13,11,0.1538
8,168.0000,13,5,110.2735,-81.5079,2.7730,40,1.0000,0.0000,4,4,0,0,0,4,0,1.0000
8,168.0000,13,16,508.8920,-88.3213,-0.2628,13,0.3250,0.8571,7,8,7,0,0,8,7,0.1250
8,168.0000,13,25,420.2365,-87.8714,0.0274,23,0.5750,0.6641,128,6,2,70,55,76,57,0.2500
8,168.0000,13,27,367.4025,-86.7341,0.1795,31,0.7750,0.4000,5,5,1,56,45,61,46,0.2459
8,168.0000,14,15,402.1720,-87.7646,0.1341,26,0.6500,0.8571,7,4,0,0,0,4,0,1.0000
8,168.0000,15,14,402.1720,-86.9895,-0.3133,22,0.5500,0.7143,7,6,2,0,0,6,2,0.6667
8,168.0000,16,5,594.9023,-89.1755,-0.7690,3,0.0750,,0,7,6,0,0,7,6,0.1429
8,168.0000,16,9,344.7722,-84.7810,-0.9760,38,0.9500,0.2000,5,6,4,0,0,6,4,0.3333
8,168.0000,16,13,508.8920,-88.4726,0.4952,12,0.3000,0.8571,7,7,5,0,0,7,5,0.2857
8,168.0000,16,19,416.3208,-87.1247,-0.1283,26,0.6500,0.5000,6,8,8,0,0,8,8,0.0000
8,168.0000,16,24,524.9101,-88.2293,-0.1929,17,0.4250,0.5000,6,7,6,0,0,7,6,0.1429
8,168.0000,16,25,436.4521,-87.7911,-0.1066,24,0.6000,1.0000,8,7,5,0,0,7,5,0.2857
8,168.0000,16,27,367.3782,-86.5952,-0.2014,31,0.7750,0.8571,7,5,1,0,0,5,1,0.8000
8,168.0000,17,21,543.1614,-88.4575,-0.7102,4,0.1026,1.0000,8,8,8,0,0,8,8,0.0000
8,168.0000,18,6,543.8200,-88.1073,0.5417,16,0.4000,0.8889,9,8,8,0,0,8,8,0.0000
8,168.0000,18,20,725.7080,-89.3165,0.0172,4,0.1000,1.0000,8,2,2,0,0,2,2,0.0000
8,168.0000,19,9,88.1668,-78.7957,2.3011,40,1.0000,0.0000,4,4,0,0,0,4,0,1.0000
8,168.0000,19,16,416.3208,-87.5130,-0.0653,24,0.6000,0.5714,7,6,2,0,0,6,2,0.6667
8,168.0000,19,22,595.6536,-88.8902,0.6699,9,0.2250,1.0000,6,6,6,0,0,6,6,0.0000
8,168.0000,19,24,285.6077,-81.2569,-2.0862,39,0.9750,0.2000,5,6,4,0,0,6,4,0.3333
8,168.0000,19,25,484.8008,-88.1106,-0.7474,9,0.2250,0.7500,8,8,6,0,0,8,6,0.2500
8,168.0000,20,1,585.1258,-88.7041,-0.1877,7,0.1750,1.0000,8,8,8,0,0,8,8,0.0000
8,168.0000,20,10,487.2098,-88.5199,0.3266,22,0.5500,1.0000,8,8,7,0,0,8,7,0.1250
8,168.0000,20,18,725.7080,-88.8739,-0.1170,9,0.2250,1.0000,8,4,4,0,0,4,4,0.0000
8,168.0000,20,23,329.3882,-85.8389,-0.5080,36,0.9000,0.0000,4,5,2,0,0,5,2,0.6000
8,168.0000,20,26,481.7361,-88.2489,-0.3637,6,0.1500,0.8750,8,7,6,0,0,7,6,0.1429
8,168.0000,21,2,476.4216,-88.4440,0.6795,9,0.2250,1.0000,8,4,0,0,0,4,0,1.0000
8,168.0000,21,4,516.4227,-88.6124,0.3289,7,0.1750,1.0000,8,7,6,0,0,7,6,0.1429
8,168.0000,21,17,543.1614,-88.9929,-0.5722,4,0.1000,0.8571,7,7,6,0,0,7,6,0.1429
8,168.0000,22,4,532.6802,-88.2272,0.0702,8,0.2051,0.7143,7,8,8,91,88,99,96,0.0303
8,168.0000,22,9,682.3740,-89.1564,-0.1510,3,0.0769,1.0000,4,2,2,0,0,2,2,0.0000
8,168.0000,22,10,397.9804,-87.0505,0.0592,29,0.7436,0.7143,7,7,4,0,0,7,4,0.4286
8,168.0000,22,19,595.6536,-88.8515,-0.1524,6,0.1538,1.0000,8,8,8,0,0,8,8,0.0000
8,168.0000,22,24,524.1321,-88.7461,-0.3074,9,0.2308,1.0000,8,7,6,0,0,7,6,0.1429
8,168.0000,22,26,512.6575,-87.8890,-0.9497,14,0.3590,0.7143,7,8,8,0,0,8,8,0.0000
8,168.0000,23,0,643.5854,-89.4532,0.3449,4,0.1000,1.0000,8,6,6,0,0,6,6,0.0000
8,168.0000,23,1,338.7839,-85.6679,-0.8510,37,0.9250,0.4000,5,4,0,0,0,4,0,1.0000
8,168.0000,23,6,522.1910,-89.0600,0.3814,8,0.2000,0.8571,7,7,4,0,0,7,4,0.4286
8,168.0000,23,10,606.5513,-88.9538,-0.2041,13,0.3250,0.8750,8,4,4,0,0,4,4,0.0000
8,168.0000,23,20,329.3882,-85.9788,-0.4781,37,0.9250,0.2000,5,7,5,0,0,7,5,0.2857
8,168.0000,24,9,341.3615,-83.8589,-0.8553,37,0.9250,0.0000,4,7,4,0,0,7,4,0.4286
8,168.0000,24,16,524.9101,-88.0060,-0.1933,25,0.6250,1.0000,8,8,8,0,0,8,8,0.0000
8,168.0000,24,19,285.6077,-80.8031,-2.2412,38,0.9500,0.0000,4,4,0,0,0,4,0,1.0000
8,168.0000,24,22,524.1321,-88.6991,0.0884,6,0.1500,1.0000,8,8,7,0,0,8,7,0.1250
8,168.0000,24,25,562.1580,-88.4780,-0.6192,14,0.3500,1.0000,8,8,7,0,0,8,7,0.1250
8,168.0000,25,5,464.4648,-88.6833,-0.0168,9,0.2250,0.8750,8,5,2,3,0,8,2,0.7500
8,168.0000,25,9,433.2453,-87.6119,0.3272,23,0.5750,0.4000,5,7,6,0,0,7,6,0.1429
8,168.0000,25,13,420.2365,-87.5885,0.2462,21,0.5250,0.7500,8,8,7,0,0,8,7,0.1250
8,168.0000,25,16,436.4521,-88.0521,0.4110,17,0.4250,0.7787,122,6,4,4,4,10,8,0.2000
8,168.0000,25,19,484.8008,-88.5685,0.0299,14,0.3500,1.0000,8,8,6,0,0,8,6,0.2500
8,168.0000,25,24,562.1580,-88.4494,-0.0531,16,0.4000,0.6667,6,8,8,0,0,8,8,0.0000
8,168.0000,25,27,537.3962,-88.6000,-0.6631,11,0.2750,1.0000,8,10,10,42,42,52,52,0.0000
8,168.0000,26,4,593.9770,-88.7584,-0.6694,11,0.2750,1.0000,8,6,6,0,0,6,6,0.0000
8,168.0000,26,7,433.6494,-87.6234,-0.3809,25,0.6250,0.5000,6,7,6,0,0,7,6,0.1429
8,168.0000,26,10,554.6437,-88.3669,0.0396,11,0.2750,1.0000,8,8,8,0,0,8,8,0.0000
8,168.0000,26,20,481.7361,-88.8356,-0.0759,15,0.3750,0.8000,5,6,3,0,0,6,3,0.5000
8,168.0000,26,22,512.6575,-88.0252,0.2698,19,0.4750,0.5000,6,8,8,0,0,8,8,0.0000
8,168.0000,27,3,295.0102,-86.2072,0.2766,28,0.7000,0.0000,4,4,0,0,0,4,0,1.0000
8,168.0000,27,5,475.1560,-88.7730,-0.0306,13,0.3250,0.8750,8,7,6,0,0,7,6,0.1429
8,168.0000,27,8,548.1330,-88.9540,0.2133,10,0.2500,1.0000,8,6,5,0,0,6,5,0.1667
8,168.0000,27,13,367.4025,-86.4063,-0.2287,28,0.7000,0.0000,4,7,5,27,17,34,22,0.3529
8,168.0000,27,16,367.3782,-87.0153,0.5104,28,0.7000,0.6667,6,7,5,18,15,25,20,0.2000
8,168.0000,27,25,537.3962,-87.9183,-0.2117,10,0.2500,0.8571,7,8,8,0,0,8,8,0.0000
8,172.0000,0,1,638.2555,-89.2237,0.0058,4,0.1000,1.0000,8,8,8,0,0,8,8,0.0000
8,172.0000,0,6,513.4539,-88.1804,0.1032,17,0.4250,0.8750,8,8,8,0,0,8,8,0.0000
8,172.0000,1,0,638.2555,-89.1220,0.1643,7,0.1750,1.0000,8,2,2,0,0,2,2,0.0000
8,172.0000,1,6,661.7277,-89.0979,0.0873,3,0.0750,1.0000,8,8,8,0,0,8,8,0.0000
8,172.0000,1,20,641.1388,-89.4586,0.4455,4,0.1000,0.8571,7,4,4,0,0,4,4,0.0000
8,172.0000,1,23,422.2404,-87.1190,-0.2862,29,0.7250,0.5000,6,8,7,0,0,8,7,0.1250
8,172.0000,2,4,424.5884,-88.4506,0.0051,17,0.4250,0.8750,8,5,1,0,0,5,1,0.8000
8,172.0000,2,7,600.2996,-89.1857,0.3030,5,0.1250,1.0000,8,8,8,0,0,8,8,0.0000
8,172.0000,2,21,335.0290,-86.6531,0.9107,25,0.6250,0.6667,6,4,0,0,0,4,0,1.0000
8,172.0000,3,5,512.1142,-88.0676,0.0430,15,0.3750,0.6667,6,8,8,0,0,8,8,0.0000
8,172.0000,3,8,345.3075,-87.0569,0.2449,30,0.7500,0.4286,7,5,1,0,0,5,1,0.8000
8,172.0000,3,13,514.2412,-87.4233,-0.6575,22,0.5500,0.6667,6,8,8,0,0,8,8,0.0000
8,172.0000,3,25,584.5649,-88.8702,0.0250,3,0.0750,0.8571,7,8,8,0,0,8,8,0.0000
8,172.0000,3,27,263.4984,-84.1065,0.4017,37,0.9250,0.0000,4,5,1,0,0,5,1,0.8000
8,172.0000,4,2,424.5884,-87.3109,0.2379,18,0.4500,0.6667,6,8,4,0,0,8,4,0.5000
8,172.0000,4,7,486.8693,-88.3997,-0.0186,15,0.3750,1.0000,8,8,7,0,0,8,7,0.1250
8,172.0000,4,21,445.5069,-87.4183,0.8062,18,0.4500,0.7143,7,5,1,0,0,5,1,0.8000
8,172.0000,4,22,531.1127,-89.0715,-0.1668,8,0.2000,0.8750,8,6,4,0,0,6,4,0.3333
8,172.0000,5,3,512.1142,-88.0557,-0.2955,12,0.3000,0.8571,7,7,6,0,0,7,6,0.1429
8,172.0000,5,13,95.1273,-72.4819,0.3048,39,0.9750,0.0000,7,4,0,0,0,4,0,1.0000
8,172.0000,5,16,453.6045,-87.9593,0.5868,11,0.2750,1.0000,8,5,2,0,0,5,2,0.6000
8,172.0000,5,25,315.1324,-86.9407,0.6999,30,0.7500,0.7143,7,4,0,0,0,4,0,1.0000
8,172.0000,5,27,430.7640,-88.4010,0.2024,17,0.4250,0.4000,5,6,4,0,0,6,4,0.3333
8,172.0000,6,0,513.4539,-87.7990,-0.3191,16,0.4000,0.8750,8,8,8,0,0,8,8,0.0000
8,172.0000,6,1,661.7277,-89.0919,0.3211,3,0.0750,1.0000,4,8,8,0,0,8,8,0.0000
8,172.0000,6,18,624.6337,-89.1617,-0.0776,9,0.2250,1.0000,8,6,6,0,0,6,6,0.0000
8,172.0000,6,23,347.4687,-87.1528,0.8565,22,0.5500,0.4000,5,4,0,0,0,4,0,1.0000
8,172.0000,7,2,600.2996,-89.2549,-0.0126,4,0.0976,1.0000,6,8,8,0,0,8,8,0.0000
8,172.0000,7,4,486.8693,-88.6975,0.0459,12,0.2927,0.6667,6,7,4,0,0,7,4,0.4286
8,172.0000,7,26,464.0471,-88.5589,0.4427,14,0.3415,0.2000,5,8,8,0,0,8,8,0.0000
8,172.0000,8,3,345.3075,-87.6238,0.1239,30,0.7500,0.7500,8,4,0,0,0,4,0,1.0000
8,172.0000,8,27,547.4985,-89.0451,-0.0600,14,0.3500,1.0000,8,8,8,0,0,8,8,0.0000
8,172.0000,9,10,549.7197,-89.1336,-1.5618,3,0.0750,,0,6,6,0,0,6,6,0.0000
8,172.0000,9,16,483.4518,-87.2848,-0.6325,19,0.4750,0.4000,5,8,8,0,0,8,8,0.0000
8,172.0000,9,19,79.5407,-67.6501,0.4831,40,1.0000,0.2000,5,4,0,0,0,4,0,1.0000
8,172.0000,9,24,481.9437,-87.0645,-0.3846,24,0.6000,0.6667,6,8,8,0,0,8,8,0.0000
8,172.0000,9,25,547.6607,-88.1992,-0.4815,9,0.2250,0.9841,63,6,6,144,144,150,150,0.0000
8,172.0000,10,19,628.2122,-88.5656,-0.0566,5,0.1250,1.0000,8,8,8,0,0,8,8,0.0000
8,172.0000,10,20,487.2089,-88.1421,-0.4629,20,0.5000,1.0000,8,7,6,0,0,7,6,0.1429
8,172.0000,10,22,443.6525,-88.2768,0.1241,27,0.6750,0.7422,128,7,6,141,132,148,138,0.0676
8,172.0000,11,12,175.5063,-82.7227,1.0871,40,1.0000,0.0000,4,4,0,0,0,4,0,1.0000
8,172.0000,12,11,175.5063,-82.4603,1.3449,40,1.0000,0.0000,4,4,0,0,0,4,0,1.0000
8,172.0000,12,14,645.4837,-88.9621,0.3517,3,0.0750,1.0000,4,7,6,0,0,7,6,0.1429
8,172.0000,13,3,514.2412,-87.5504,-0.7640,24,0.6000,0.8462,13,7,6,0,0,7,6,0.1429
8,172.0000,13,5,95.1273,-72.2854,0.5518,40,1.0000,0.0000,4,5,1,0,0,5,1,0.8000
8,172.0000,13,16,465.9620,-87.8537,0.0148,11,0.2750,0.8750,8,7,4,63,59,70,63,0.1000
8,172.0000,13,25,404.9003,-87.6834,0.4431,24,0.6000,0.7500,76,7,6,61,55,68,61,0.1029
8,172.0000,13,27,406.1682,-86.8266,-0.4362,21,0.5250,0.7541,61,6,4,13,8,19,12,0.3684
8,172.0000,14,15,379.3808,-87.0077,0.4005,29,0.7073,0.0000,4,6,2,0,0,6,2,0.6667
8,172.0000,15,14,379.3808,-86.8945,-0.3361,30,0.7500,0.3333,6,6,3,0,0,6,3,0.5000
8,172.0000,16,3,600.2218,-89.4257,0.1539,5,0.1282,1.0000,8,8,8,0,0,8,8,0.0000
8,172.0000,16,5,453.6045,-88.6547,0.3319,10,0.2564,0.8571,7,7,6,0,0,7,6,0.1429
8,172.0000,16,9,483.4518,-87.3279,-0.8337,21,0.5385,0.6667,6,7,6,0,0,7,6,0.1429
8,172.0000,16,13,465.9620,-88.7446,-0.3451,17,0.4359,0.7143,7,7,6,0,0,7,6,0.1429
8,172.0000,16,19,417.6200,-87.6429,-0.5545,21,0.5385,1.0000,8,6,2,0,0,6,2,0.6667
8,172.0000,16,24,676.4506,-88.5628,0.0341,7,0.1795,0.8571,7,4,4,0,0,4,4,0.0000
8,172.0000,16,25,437.6126,-87.9536,0.5165,18,0.4615,0.7143,7,8,7,0,0,8,7,0.1250
8,172.0000,16,27,400.7311,-87.4941,-0.2088,28,0.7179,0.2000,5,8,7,0,0,8,7,0.1250
8,172.0000,17,21,521.5160,-88.4092,-0.4817,13,0.3250,1.0000,8,8,8,0,0,8,8,0.0000
8,172.0000,18,6,624.6337,-88.2066,1.0891,6,0.1500,1.0000,8,4,4,0,0,4,4,0.0000
8,172.0000,18,23,782.0492,-89.6628,-0.1235,4,0.1000,1.0000,4,2,2,0,0,2,2,0.0000
8,172.0000,19,9,79.5407,-67.7990,-0.1686,40,1.0000,0.0000,4,4,0,0,0,4,0,1.0000
8,172.0000,19,16,417.6200,-87.8923,-0.0196,18,0.4500,0.3333,6,8,6,0,0,8,6,0.2500
8,172.0000,19,24,485.0095,-86.3460,-0.9289,24,0.6000,0.6667,6,6,6,0,0,6,6,0.0000
8,172.0000,19,25,473.3259,-88.1245,0.2420,14,0.3500,0.7500,8,6,4,0,0,6,4,0.3333
8,172.0000,20,1,641.1388,-88.9338,-0.3852,3,0.0750,1.0000,8,6,6,0,0,6,6,0.0000
8,172.0000,20,10,487.2089,-88.0342,-0.2631,11,0.2750,0.8750,8,8,8,0,0,8,8,0.0000
8,172.0000,20,23,432.2345,-87.0825,-0.6213,32,0.8000,0.4000,5,8,7,0,0,8,7,0.1250
8,172.0000,20,26,385.1719,-87.4873,0.1826,22,0.5500,0.8571,7,5,1,0,0,5,1,0.8000
8,172.0000,21,2,335.0290,-86.8785,0.8621,20,0.5000,0.0000,4,4,0,0,0,4,0,1.0000
8,172.0000,21,4,445.5069,-87.5435,0.1219,16,0.4000,0.8571,7,6,3,0,0,6,3,0.5000
8,172.0000,21,17,521.5160,-88.4822,0.2767,13,0.3250,0.8571,7,8,6,0,0,8,6,0.2500
8,172.0000,22,4,531.1127,-88.2711,-0.3556,14,0.3500,0.9697,99,8,7,34,34,42,41,0.0238
8,172.0000,22,10,443.6525,-87.1715,-0.2435,26,0.6500,0.5714,7,8,8,0,0,8,8,0.0000
8,172.0000,22,24,457.4821,-88.2267,0.3658,15,0.3750,0.8571,7,9,6,0,0,9,6,0.3333
8,172.0000,22,26,611.4823,-88.6189,-0.2108,6,0.1500,1.0000,8,6,6,0,0,6,6,0.0000
8,172.0000,23,0,646.2565,-89.1557,0.3605,3,0.0750,1.0000,6,2,2,0,0,2,2,0.0000
8,172.0000,23,1,422.2404,-87.1229,-0.2838,29,0.7250,0.0000,4,8,7,0,0,8,7,0.1250
8,172.0000,23,6,347.4687,-87.4589,0.5306,23,0.5750,0.5714,7,5,1,0,0,5,1,0.8000
8,172.0000,23,20,432.2345,-86.7427,-0.8720,26,0.6500,0.7143,7,7,6,0,0,7,6,0.1429
8,172.0000,24,9,481.9437,-87.0492,-0.0775,27,0.6750,0.5714,7,8,7,0,0,8,7,0.1250
8,172.0000,24,16,676.4506,-89.3026,0.3511,5,0.1250,1.0000,8,4,4,0,0,4,4,0.0000
8,172.0000,24,19,485.0095,-86.7943,-1.4256,22,0.5500,0.0000,4,8,8,0,0,8,8,0.0000
8,172.0000,24,22,457.4821,-88.4198,0.3859,14,0.3500,0.8750,8,8,6,0,0,8,6,0.2500
8,172.0000,24,25,662.0052,-88.8155,-0.8926,6,0.1500,0.8750,8,6,6,0,0,6,6,0.0000
8,172.0000,25,3,584.5649,-88.4414,0.5000,3,0.0750,0.8571,7,8,8,0,0,8,8,0.0000
8,172.0000,25,5,315.1324,-87.4875,0.1647,28,0.7000,0.2500,8,4,0,0,0,4,0,1.0000
8,172.0000,25,9,547.6607,-87.7460,-0.5284,17,0.4250,0.8571,7,8,8,0,0,8,8,0.0000
8,172.0000,25,13,404.9003,-87.7702,0.2101,26,0.6500,0.8750,8,5,2,0,0,5,2,0.6000
8,172.0000,25,16,437.6126,-87.9985,0.0923,25,0.6250,0.8000,10,7,6,25,18,32,24,0.2500
8,172.0000,25,19,473.3259,-87.9589,-0.2768,16,0.4000,0.7500,8,6,3,0,0,6,3,0.5000
8,172.0000,25,24,662.0052,-88.8112,0.4105,5,0.1250,1.0000,8,8,8,0,0,8,8,0.0000
8,172.0000,25,27,554.2925,-89.2362,-0.1280,12,0.3000,1.0000,52,8,8,0,0,8,8,0.0000
8,172.0000,26,7,464.0471,-87.8341,-0.0623,21,0.5250,0.8571,7,7,6,0,0,7,6,0.1429
8,172.0000,26,10,651.9258,-89.2622,0.6502,3,0.0750,1.0000,8,4,4,0,0,4,4,0.0000
8,172.0000,26,20,385.1719,-88.2170,0.2723,23,0.5750,0.5000,6,4,0,0,0,4,0,1.0000
8,172.0000,26,22,611.4823,-88.8871,0.0686,8,0.2000,1.0000,8,8,8,0,0,8,8,0.0000
8,172.0000,27,3,263.4984,-84.5108,0.5663,39,0.9750,0.0000,4,4,0,0,0,4,0,1.0000
8,172.0000,27,5,430.7640,-87.8037,0.4675,22,0.5500,0.8571,7,7,6,0,0,7,6,0.1429
8,172.0000,27,8,547.4985,-88.6257,-0.2417,14,0.3500,0.8333,6,8,8,0,0,8,8,0.0000
8,172.0000,27,13,406.1682,-87.1299,0.0759,28,0.7000,0.6471,34,8,7,3,2,11,9,0.1818
8,172.0000,27,16,400.7311,-86.6954,-0.0357,24,0.6000,0.8000,25,7,5,11,9,18,14,0.2222
8,172.0000,27,25,554.2925,-88.6445,0.4966,7,0.1750,1.0000,8,8,8,0,0,8,8,0.0000
8,176.0000,0,6,573.2341,-88.8038,-0.2652,11,0.2750,1.0000,8,8,8,0,0,8,8,0.0000
8,176.0000,1,6,624.1259,-89.5889,-0.2787,3,0.0750,1.0000,8,8,8,0,0,8,8,0.0000
8,176.0000,1,20,732.5771,-88.6586,-2.6697,3,0.0750,1.0000,4,4,4,0,0,4,4,0.0000
8,176.0000,1,23,529.5142,-88.3027,0.0709,13,0.3250,0.8750,8,6,6,0,0,6,6,0.0000
8,176.0000,2,4,356.1180,-87.3727,0.5390,25,0.6250,0.2000,5,4,0,0,0,4,0,1.0000
8,176.0000,2,7,618.2657,-88.4789,0.5803,7,0.1750,1.0000,8,8,8,0,0,8,8,0.0000
8,176.0000,2,17,553.9251,-88.8009,-0.7098,4,0.1000,1.0000,6,8,8,0,0,8,8,0.0000
8,176.0000,2,21,209.1781,-84.1039,0.4878,38,0.9500,0.0000,4,4,0,0,0,4,0,1.0000
8,176.0000,3,5,578.0782,-88.9921,0.1604,8,0.2000,1.0000,8,8,8,0,0,8,8,0.0000
8,176.0000,3,8,299.0881,-85.8332,0.3718,35,0.8750,0.2000,5,6,3,0,0,6,3,0.5000
8,176.0000,3,13,663.9929,-88.2703,0.0909,7,0.1750,1.0000,8,4,4,0,0,4,4,0.0000
8,176.0000,3,16,597.2395,-88.7652,-0.0448,5,0.1250,1.0000,8,8,8,0,0,8,8,0.0000
8,176.0000,3,25,561.0160,-88.3932,0.6224,7,0.1750,1.0000,8,7,6,0,0,7,6,0.1429
8,176.0000,3,27,346.5264,-84.6879,-0.6656,36,0.9000,0.2000,5,6,4,0,0,6,4,0.3333
8,176.0000,4,2,356.1180,-87.2991,-0.0163,30,0.7317,0.5000,8,5,1,0,0,5,1,0.8000
8,176.0000,4,7,495.1194,-88.0364,0.0178,16,0.3902,0.8750,8,8,7,0,0,8,7,0.1250
8,176.0000,4,21,394.5265,-87.6951,0.2568,28,0.6829,0.2000,5,4,0,0,0,4,0,1.0000
8,176.0000,4,22,537.3114,-88.1573,-0.5415,10,0.2439,0.6667,6,8,7,0,0,8,7,0.1250
8,176.0000,5,3,578.0782,-88.4849,-0.0875,8,0.2000,0.8571,7,7,6,0,0,7,6,0.1429
8,176.0000,5,9,733.0869,-89.8799,-0.0770,3,0.0750,,0,4,4,0,0,4,4,0.0000
8,176.0000,5,13,241.0498,-79.6347,-1.7752,39,0.9750,0.0000,4,4,0,0,0,4,0,1.0000
8,176.0000,5,16,369.3496,-87.3942,0.6109,25,0.6250,0.4000,5,7,5,0,0,7,5,0.2857
8,176.0000,5,19,486.6134,-88.3364,0.3515,9,0.2250,0.8571,7,6,4,0,0,6,4,0.3333
8,176.0000,5,25,175.2437,-82.9075,1.7434,37,0.9250,0.0000,4,4,0,0,0,4,0,1.0000
8,176.0000,5,27,490.0110,-88.0222,-0.2197,24,0.6000,0.6667,6,8,8,0,0,8,8,0.0000
8,176.0000,6,0,573.2341,-88.6874,-0.0301,14,0.3500,1.0000,8,8,8,0,0,8,8,0.0000
8,176.0000,6,23,180.0150,-83.7305,1.1224,39,0.9750,0.0000,4,4,0,0,0,4,0,1.0000
8,176.0000,7,2,618.2657,-89.1440,1.0048,3,0.0750,1.0000,8,8,8,0,0,8,8,0.0000
8,176.0000,7,4,495.1194,-88.3308,0.1991,12,0.3000,0.5714,7,6,4,0,0,6,4,0.3333
8,176.0000,7,22,595.6766,-88.4808,0.4548,4,0.1000,1.0000,8,8,7,0,0,8,7,0.1250
8,176.0000,7,26,553.4979,-88.2994,-0.2028,15,0.3750,1.0000,8,8,8,0,0,8,8,0.0000
8,176.0000,8,3,299.0881,-85.8140,-0.2789,33,0.8049,0.0000,4,4,0,0,0,4,0,1.0000
8,176.0000,8,27,612.1676,-88.1621,0.0182,9,0.2195,1.0000,8,6,6,0,0,6,6,0.0000
8,176.0000,9,10,371.0052,-87.4266,0.5937,21,0.5250,1.0000,6,4,0,0,0,4,0,1.0000
8,176.0000,9,19,257.7374,-80.1090,-2.7055,40,1.0000,0.0000,4,6,3,0,0,6,3,0.5000
8,176.0000,9,22,672.1023,-87.7230,-1.1517,3,0.0750,1.0000,8,4,4,0,0,4,4,0.0000
8,176.0000,9,24,621.7072,-88.3717,-0.5854,13,0.3250,1.0000,8,6,6,54,54,60,60,0.0000
8,176.0000,9,25,689.5073,-89.1209,-0.3584,6,0.1500,1.0000,150,2,2,90,90,92,92,0.0000
8,176.0000,10,9,371.0052,-88.1383,0.1558,17,0.4250,1.0000,8,5,0,0,0,5,0,1.0000
8,176.0000,10,19,627.8832,-89.5888,-0.2993,4,0.1000,1.0000,8,8,8,0,0,8,8,0.0000
8,176.0000,10,20,506.3326,-88.2631,0.2077,24,0.6000,0.8571,7,6,6,0,0,6,6,0.0000
8,176.0000,10,22,524.7234,-87.7994,-0.6961,13,0.3250,0.9324,148,8,8,17,15,25,23,0.0800
8,176.0000,11,12,253.3375,-81.6987,-0.9207,39,0.9750,0.0000,4,7,6,0,0,7,6,0.1429
8,176.0000,11,14,537.0512,-88.7080,-0.1905,9,0.2250,0.8750,8,7,6,0,0,7,6,0.1429
8,176.0000,12,11,253.3375,-82.0739,-0.6770,40,1.0000,0.0000,4,5,1,0,0,5,1,0.8000
8,176.0000,12,14,507.4335,-88.2791,-0.0670,9,0.2250,0.8571,7,5,4,0,0,5,4,0.2000
8,176.0000,13,3,663.9929,-89.0369,-0.6265,9,0.2195,0.8571,7,2,2,0,0,2,2,0.0000
8,176.0000,13,5,241.0498,-79.4991,-2.3177,41,1.0000,0.2000,5,7,5,0,0,7,5,0.2857
8,176.0000,13,16,442.2483,-87.3303,0.2160,22,0.5366,0.9000,70,7,6,136,122,143,128,0.1049
8,176.0000,13,25,412.5091,-86.7274,-0.1537,25,0.6098,0.8971,68,6,4,0,0,6,4,0.3333
8,176.0000,13,27,463.8503,-87.9120,-0.3982,23,0.5610,0.6316,19,7,6,0,0,7,6,0.1429
8,176.0000,14,11,537.0512,-88.6459,0.5047,8,0.2000,1.0000,6,8,8,0,0,8,8,0.0000
8,176.0000,14,12,507.4335,-88.4432,0.2584,9,0.2250,0.8750,8,7,5,0,0,7,5,0.2857
8,176.0000,14,15,377.7230,-86.6987,-0.1388,30,0.7500,0.3333,6,7,6,0,0,7,6,0.1429
8,176.0000,15,14,377.7230,-87.3451,0.0603,27,0.6750,0.5000,6,5,1,0,0,5,1,0.8000
8,176.0000,16,3,597.2395,-88.9279,0.3204,12,0.3000,1.0000,8,8,8,0,0,8,8,0.0000
8,176.0000,16,5,369.3496,-87.3865,0.2521,29,0.7250,0.8571,7,6,3,0,0,6,3,0.5000
8,176.0000,16,9,644.4030,-87.8385,-0.7919,6,0.1500,0.8571,7,6,6,0,0,6,6,0.0000
8,176.0000,16,13,442.2483,-87.5093,0.0440,22,0.5500,0.8571,7,8,7,0,0,8,7,0.1250
8,176.0000,16,19,414.2556,-87.2978,-0.4138,19,0.4750,0.3333,6,8,6,0,0,8,6,0.2500
8,176.0000,16,25,442.3476,-87.9067,-0.0653,24,0.6000,0.8750,8,7,6,0,0,7,6,0.1429
8,176.0000,16,27,420.7869,-87.4528,0.0356,25,0.6250,0.8750,8,6,2,0,0,6,2,0.6667
8,176.0000,17,2,553.9251,-89.1471,0.5584,7,0.1750,1.0000,8,7,5,0,0,7,5,0.2857
8,176.0000,17,21,517.0820,-88.3899,0.2541,10,0.2500,1.0000,8,7,5,0,0,7,5,0.2857
8,176.0000,19,5,486.6134,-88.5841,0.4525,8,0.2051,1.0000,8,8,6,0,0,8,6,0.2500
8,176.0000,19,9,257.7374,-79.3743,-2.8829,36,0.9231,0.0000,4,7,5,0,0,7,5,0.2857
8,176.0000,19,10,627.8832,-88.7068,0.6204,6,0.1538,1.0000,8,8,8,0,0,8,8,0.0000
8,176.0000,19,13,640.7364,-89.1281,-0.2995,3,0.0769,1.0000,6,6,6,0,0,6,6,0.0000
8,176.0000,19,16,414.2556,-87.0523,-0.5582,22,0.5641,0.7500,8,6,3,0,0,6,3,0.5000
8,176.0000,19,25,474.1811,-88.3130,0.1583,19,0.4872,0.6667,6,6,4,0,0,6,4,0.3333
8,176.0000,20,10,506.3326,-89.0184,0.1137,17,0.4250,1.0000,8,8,7,0,0,8,7,0.1250
8,176.0000,20,23,572.7945,-88.1808,-0.4007,19,0.4750,0.8750,8,6,6,0,0,6,6,0.0000
8,176.0000,20,26,294.5522,-85.7918,0.2210,34,0.8500,0.2000,5,4,0,0,0,4,0,1.0000
8,176.0000,21,2,209.1781,-84.4929,1.4899,38,0.9500,0.0000,4,4,0,0,0,4,0,1.0000
8,176.0000,21,4,394.5265,-87.5506,0.6158,21,0.5250,0.5000,6,8,5,0,0,8,5,0.3750
8,176.0000,21,17,517.0820,-87.6106,0.2915,13,0.3250,0.7500,8,8,7,0,0,8,7,0.1250
8,176.0000,22,4,537.3114,-88.7412,0.0811,13,0.3250,0.9762,42,8,7,4,4,12,11,0.0833
8,176.0000,22,7,595.6766,-88.9290,0.0623,5,0.1250,1.0000,4,8,8,0,0,8,8,0.0000
8,176.0000,22,10,524.7234,-88.1893,-0.1324,16,0.4000,1.0000,8,8,7,0,0,8,7,0.1250
8,176.0000,22,24,387.1109,-87.8209,0.2648,23,0.5750,0.6667,9,5,2,0,0,5,2,0.6000
8,176.0000,23,1,529.5142,-88.3886,-0.1414,13,0.3250,0.8750,8,8,7,0,0,8,7,0.1250
8,176.0000,23,6,180.0150,-84.3201,1.3466,39,0.9750,0.2000,5,4,0,0,0,4,0,1.0000
8,176.0000,23,20,572.7945,-88.6276,-0.0753,14,0.3500,0.8571,7,8,8,0,0,8,8,0.0000
8,176.0000,24,9,621.7072,-88.4422,-0.4494,11,0.2821,0.8750,8,4,4,0,0,4,4,0.0000
8,176.0000,24,19,678.5801,-88.5373,-2.4860,3,0.0769,1.0000,8,6,6,0,0,6,6,0.0000
8,176.0000,24,22,387.1109,-87.3389,0.0566,25,0.6410,0.7500,8,7,5,0,0,7,5,0.2857
8,176.0000,25,3,561.0160,-88.2523,0.5625,6,0.1500,1.0000,8,8,8,0,0,8,8,0.0000
8,176.0000,25,5,175.2437,-83.2994,1.5512,39,0.9750,0.0000,4,4,0,0,0,4,0,1.0000
8,176.0000,25,8,599.9791,-88.7779,0.3014,3,0.0750,1.0000,4,8,8,0,0,8,8,0.0000
8,176.0000,25,9,689.5073,-89.0384,-1.2723,4,0.1000,1.0000,8,6,6,0,0,6,6,0.0000
8,176.0000,25,13,412.5091,-87.1789,0.1803,23,0.5750,0.4000,5,6,4,0,0,6,4,0.3333
8,176.0000,25,16,442.3476,-88.4785,-0.2149,21,0.5250,0.7500,32,8,6,0,0,8,6,0.2500
8,176.0000,25,19,474.1811,-87.6035,0.2388,17,0.4250,0.5000,6,8,8,0,0,8,8,0.0000
8,176.0000,25,27,575.6279,-88.7094,0.2976,6,0.1500,1.0000,8,8,8,0,0,8,8,0.0000
8,176.0000,26,7,553.4979,-88.3125,-0.3397,18,0.4500,0.8571,7,8,8,0,0,8,8,0.0000
8,176.0000,26,20,294.5522,-85.7292,0.5415,37,0.9250,0.0000,4,4,0,0,0,4,0,1.0000
8,176.0000,27,3,346.5264,-85.2375,-0.3866,36,0.9000,0.0000,4,7,4,0,0,7,4,0.4286
8,176.0000,27,5,490.0110,-87.9824,-0.4045,21,0.5250,0.8571,7,8,6,0,0,8,6,0.2500
8,176.0000,27,8,612.1676,-88.5191,-0.6079,8,0.2000,1.0000,8,8,8,0,0,8,8,0.0000
8,176.0000,27,13,463.8503,-88.0264,-0.0036,23,0.5750,0.8182,11,8,6,0,0,8,6,0.2500
8,176.0000,27,16,420.7869,-87.9530,0.1059,28,0.7000,0.7778,18,8,8,0,0,8,8,0.0000
8,176.0000,27,25,575.6279,-89.3970,0.1381,5,0.1250,1.0000,8,8,8,0,0,8,8,0.0000
8,180.0000,0,6,631.6266,-89.1857,0.0727,6,0.1500,1.0000,8,4,4,0,0,4,4,0.0000
8,180.0000,1,0,640.7044,-88.9958,0.4125,9,0.2250,1.0000,4,6,6,0,0,6,6,0.0000
8,180.0000,1,6,590.6342,-88.9746,-0.3969,9,0.2250,1.0000,8,8,8,0,0,8,8,0.0000
8,180.0000,1,14,574.9092,-88.5566,-0.5488,6,0.1500,1.0000,8,8,8,0,0,8,8,0.0000
8,180.0000,1,23,632.5095,-89.3125,0.0455,8,0.2000,1.0000,6,2,2,0,0,2,2,0.0000
8,180.0000,2,4,271.3078,-85.3495,0.1979,37,0.9250,0.0000,4,4,0,0,0,4,0,1.0000
8,180.0000,2,7,639.7453,-89.0769,0.3347,3,0.0750,1.0000,8,8,8,0,0,8,8,0.0000
8,180.0000,2,17,463.8234,-87.7084,-0.5290,10,0.2500,1.0000,8,6,3,0,0,6,3,0.5000
8,180.0000,2,21,197.0265,-81.4672,-0.2986,40,1.0000,0.0000,4,4,0,0,0,4,0,1.0000
8,180.0000,3,5,607.8565,-88.5492,0.3486,7,0.1707,1.0000,8,6,6,0,0,6,6,0.0000
8,180.0000,3,8,283.9336,-85.4880,0.4277,41,1.0000,0.5000,6,5,1,0,0,5,1,0.8000
8,180.0000,3,16,609.4521,-88.1303,0.2309,6,0.1463,1.0000,8,8,8,0,0,8,8,0.0000
8,180.0000,3,25,536.5399,-89.1332,0.5557,8,0.1951,0.8571,7,8,8,0,0,8,8,0.0000
8,180.0000,3,27,486.0951,-87.1698,-0.7373,27,0.6585,0.6667,6,8,8,0,0,8,8,0.0000
8,180.0000,4,2,271.3078,-86.0817,0.1780,36,0.9000,0.2000,5,4,0,0,0,4,0,1.0000
8,180.0000,4,7,524.4787,-88.2751,-0.3842,16,0.4000,0.8750,8,8,8,0,0,8,8,0.0000
8,180.0000,4,21,394.7063,-87.3713,-0.0588,29,0.7250,0.0000,4,6,2,0,0,6,2,0.6667
8,180.0000,4,22,548.1850,-88.7652,0.5372,10,0.2500,0.8750,8,8,8,0,0,8,8,0.0000
8,180.0000,5,3,607.8565,-88.9481,-0.0788,10,0.2500,0.8571,7,8,8,0,0,8,8,0.0000
8,180.0000,5,8,639.3889,-89.0857,0.2126,5,0.1250,1.0000,6,8,8,0,0,8,8,0.0000
8,180.0000,5,9,737.6307,-89.1952,-0.8377,4,0.1000,1.0000,4,4,4,0,0,4,4,0.0000
8,180.0000,5,13,408.7822,-86.0128,-1.2393,33,0.8250,0.0000,4,7,5,0,0,7,5,0.2857
8,180.0000,5,16,372.3604,-86.7230,-0.0200,29,0.7250,0.7143,7,5,1,0,0,5,1,0.8000
8,180.0000,5,19,366.9468,-88.4987,0.2947,23,0.5750,0.6667,6,4,1,0,0,4,1,0.7500
8,180.0000,5,25,129.4433,-78.7568,1.2486,39,0.9750,0.0000,4,3,0,0,0,3,0,1.0000
8,180.0000,5,27,623.6332,-88.8626,-0.0005,9,0.2250,1.0000,8,8,8,0,0,8,8,0.0000
8,180.0000,6,0,631.6266,-88.4945,-0.0699,5,0.1250,1.0000,8,8,8,0,0,8,8,0.0000
8,180.0000,6,1,590.6342,-88.7317,0.1414,7,0.1750,1.0000,6,8,7,0,0,8,7,0.1250
8,180.0000,6,23,100.5998,-76.8773,1.4489,40,1.0000,0.0000,4,4,0,0,0,4,0,1.0000
8,180.0000,7,2,639.7453,-89.0257,0.0350,6,0.1500,1.0000,8,8,8,0,0,8,8,0.0000
8,180.0000,7,4,524.4787,-88.3680,0.4401,11,0.2750,0.6667,6,6,6,0,0,6,6,0.0000
8,180.0000,7,22,520.1337,-88.9624,0.2008,11,0.2750,0.8750,8,8,8,0,0,8,8,0.0000
8,180.0000,7,26,642.0059,-88.7969,-0.9656,6,0.1500,1.0000,8,8,8,0,0,8,8,0.0000
8,180.0000,8,3,283.9336,-84.2648,0.2758,34,0.8718,0.0000,4,5,2,0,0,5,2,0.6000
8,180.0000,8,5,639.3889,-88.6907,0.4788,4,0.1026,1.0000,8,8,8,0,0,8,8,0.0000
8,180.0000,8,25,565.4484,-88.8869,0.1309,10,0.2564,1.0000,8,8,8,0,0,8,8,0.0000
8,180.0000,9,10,194.3590,-84.5130,1.0062,37,0.9250,0.0000,4,5,0,0,0,5,0,1.0000
8,180.0000,9,19,438.4076,-86.4882,-1.2637,30,0.7500,0.5000,6,8,8,142,137,150,145,0.0333
8,180.0000,10,9,194.3590,-84.3817,1.2834,35,0.8750,0.0000,5,4,0,0,0,4,0,1.0000
8,180.0000,10,19,621.4356,-89.0559,-0.0742,4,0.1000,1.0000,8,8,8,0,0,8,8,0.0000
8,180.0000,10,20,531.2388,-87.9662,-0.6857,13,0.3250,1.0000,6,8,8,0,0,8,8,0.0000
8,180.0000,10,22,608.2391,-87.7422,-1.2957,6,0.1500,0.9200,25,8,8,0,0,8,8,0.0000
8,180.0000,11,12,400.5718,-85.9146,-0.7791,35,0.8750,0.8571,7,8,8,0,0,8,8,0.0000
8,180.0000,11,14,458.6293,-88.2723,0.2802,17,0.4250,0.8571,7,5,2,0,0,5,2,0.6000
8,180.0000,11,19,594.8108,-88.6196,0.5228,3,0.0750,1.0000,8,8,8,0,0,8,8,0.0000
8,180.0000,12,11,400.5718,-85.7081,-1.0257,31,0.7750,0.2000,5,7,5,0,0,7,5,0.2857
8,180.0000,12,14,397.8370,-87.4872,0.4215,24,0.6000,0.8000,5,6,3,0,0,6,3,0.5000
8,180.0000,13,5,408.7822,-85.6745,-1.4427,31,0.7750,0.7143,7,7,5,0,0,7,5,0.2857
8,180.0000,13,16,440.4788,-87.8778,0.3025,20,0.5000,0.8951,143,8,8,129,104,137,112,0.1825
8,180.0000,13,19,570.5286,-89.1849,-0.3744,5,0.1250,1.0000,8,8,7,0,0,8,7,0.1250
8,180.0000,13,25,459.7013,-87.3808,-0.3031,26,0.6500,0.6667,6,8,8,0,0,8,8,0.0000
8,180.0000,13,27,539.7984,-87.8669,-0.0531,18,0.4500,0.8571,7,8,8,0,0,8,8,0.0000
8,180.0000,14,1,574.9092,-89.5559,-0.2106,7,0.1750,1.0000,8,7,6,0,0,7,6,0.1429
8,180.0000,14,11,458.6293,-88.5701,0.7639,16,0.4000,1.0000,8,8,6,0,0,8,6,0.2500
8,180.0000,14,12,397.8370,-87.5005,0.5888,19,0.4750,0.7143,7,5,2,0,0,5,2,0.6000
8,180.0000,14,15,397.9696,-87.2322,-0.1119,28,0.7000,0.8571,7,6,4,0,0,6,4,0.3333
8,180.0000,15,1,556.5744,-89.1567,0.3454,7,0.1750,1.0000,4,8,7,0,0,8,7,0.1250
8,180.0000,15,14,397.9696,-87.5183,0.0215,30,0.7500,0.2000,5,8,7,0,0,8,7,0.1250
8,180.0000,16,3,609.4521,-89.2774,0.0784,8,0.2000,1.0000,8,8,8,0,0,8,8,0.0000
8,180.0000,16,5,372.3604,-86.4719,-0.3632,26,0.6500,0.5000,6,9,7,0,0,9,7,0.2222
8,180.0000,16,13,440.4788,-88.3660,-0.4486,22,0.5500,0.8750,8,7,4,0,0,7,4,0.4286
8,180.0000,16,19,420.7653,-87.4120,-0.3172,29,0.7250,0.7500,8,6,2,0,0,6,2,0.6667
8,180.0000,16,25,452.9051,-88.8373,0.2530,17,0.4250,0.8571,7,7,6,0,0,7,6,0.1429
8,180.0000,16,27,448.2205,-88.0587,-0.0040,25,0.6250,0.3333,6,8,6,0,0,8,6,0.2500
8,180.0000,17,2,463.8234,-88.9575,-0.0600,19,0.4750,0.7143,7,6,2,0,0,6,2,0.6667
8,180.0000,17,21,503.2508,-88.9528,0.0708,14,0.3500,0.7143,7,7,6,0,0,7,6,0.1429
8,180.0000,19,5,366.9468,-87.2217,0.2778,25,0.6250,0.7500,8,6,2,0,0,6,2,0.6667
8,180.0000,19,9,438.4076,-85.7265,-0.9406,30,0.7500,0.7143,7,7,5,0,0,7,5,0.2857
8,180.0000,19,10,621.4356,-88.2881,1.1431,5,0.1250,1.0000,8,8,8,0,0,8,8,0.0000
8,180.0000,19,11,594.8108,-89.2154,0.0935,4,0.1000,1.0000,4,7,6,0,0,7,6,0.1429
8,180.0000,19,13,570.5286,-88.8520,-0.2207,6,0.1500,1.0000,6,7,6,0,0,7,6,0.1429
8,180.0000,19,16,420.7653,-87.9142,0.1303,23,0.5750,0.5000,6,7,5,0,0,7,5,0.2857
8,180.0000,19,25,490.6371,-88.1744,0.1369,20,0.5000,0.6667,6,8,8,0,0,8,8,0.0000
8,180.0000,20,10,531.2388,-88.0392,-2.4124,4,0.1000,0.8750,8,8,7,0,0,8,7,0.1250
8,180.0000,20,22,649.0190,-89.3272,0.0329,3,0.0750,1.0000,4,6,6,0,0,6,6,0.0000
8,180.0000,20,26,336.5377,-85.6206,-0.1350,36,0.9000,0.0000,4,5,2,0,0,5,2,0.6000
8,180.0000,21,2,197.0265,-80.9199,0.2756,40,1.0000,0.0000,4,4,0,0,0,4,0,1.0000
8,180.0000,21,4,394.7063,-87.5774,0.1063,23,0.5750,0.6250,8,5,2,0,0,5,2,0.6000
8,180.0000,21,17,503.2508,-88.9902,0.0480,14,0.3500,0.8750,8,8,8,0,0,8,8,0.0000
8,180.0000,22,4,548.1850,-88.4273,-0.1095,8,0.2000,0.9167,12,8,7,0,0,8,7,0.1250
8,180.0000,22,7,520.1337,-88.6065,-0.7222,7,0.1750,1.0000,8,8,8,0,0,8,8,0.0000
8,180.0000,22,10,608.2391,-88.6773,-0.4142,7,0.1750,0.8750,8,10,10,0,0,10,10,0.0000
8,180.0000,22,24,357.5223,-86.8167,-0.3614,25,0.6250,0.4000,5,5,1,0,0,5,1,0.8000
8,180.0000,23,1,632.5095,-89.4605,-0.1716,3,0.0750,0.8750,8,4,4,0,0,4,4,0.0000
8,180.0000,23,6,100.5998,-77.1246,1.3583,40,1.0000,0.0000,4,4,0,0,0,4,0,1.0000
8,180.0000,24,4,623.1409,-89.3489,0.1513,5,0.1250,1.0000,2,6,6,0,0,6,6,0.0000
8,180.0000,24,10,746.8399,-88.6008,0.5640,3,0.0750,1.0000,8,4,4,0,0,4,4,0.0000
8,180.0000,24,22,357.5223,-86.9625,-0.2094,29,0.7250,0.7143,7,5,1,0,0,5,1,0.8000
8,180.0000,25,3,536.5399,-88.7508,0.1420,6,0.1500,1.0000,8,6,6,0,0,6,6,0.0000
8,180.0000,25,5,129.4433,-77.9454,0.5949,40,1.0000,0.0000,4,4,0,0,0,4,0,1.0000
8,180.0000,25,8,565.4484,-88.2962,1.1649,5,0.1250,1.0000,8,8,7,0,0,8,7,0.1250
8,180.0000,25,13,459.7013,-88.4554,-0.3116,25,0.6250,0.6667,6,8,8,0,0,8,8,0.0000
8,180.0000,25,16,452.9051,-87.9421,0.2137,19,0.4750,0.7500,8,8,7,0,0,8,7,0.1250
8,180.0000,25,19,490.6371,-88.2383,-0.3518,18,0.4500,1.0000,8,8,8,0,0,8,8,0.0000
8,180.0000,25,27,614.5440,-88.8357,-0.1760,5,0.1250,1.0000,8,6,6,0,0,6,6,0.0000
8,180.0000,26,7,642.0059,-89.0527,0.2135,5,0.1250,1.0000,8,8,8,0,0,8,8,0.0000
8,180.0000,26,20,336.5377,-85.7448,-0.7293,36,0.9000,0.0000,4,4,0,0,0,4,0,1.0000
8,180.0000,26,23,722.2799,-88.9844,-0.1909,3,0.0750,,0,4,4,0,0,4,4,0.0000
8,180.0000,27,3,486.0951,-87.8091,-0.1747,25,0.6250,0.5714,7,7,6,0,0,7,6,0.1429
8,180.0000,27,5,623.6332,-88.6969,-0.4822,11,0.2750,0.7500,8,6,6,0,0,6,6,0.0000
8,180.0000,27,13,539.7984,-88.6405,0.0630,13,0.3250,0.7500,8,8,8,0,0,8,8,0.0000
8,180.0000,27,16,448.2205,-87.6616,-0.6430,26,0.6500,1.0000,8,6,3,0,0,6,3,0.5000
8,180.0000,27,25,614.5440,-89.0529,-0.1585,8,0.2000,1.0000,8,8,8,0,0,8,8,0.0000
8,184.0000,0,1,673.1466,-88.8797,0.0354,3,0.0750,1.0000,6,6,6,0,0,6,6,0.0000
8,184.0000,0,6,716.9632,-89.6678,0.0792,4,0.1000,1.0000,4,6,6,0,0,6,6,0.0000
8,184.0000,0,15,543.9686,-89.2054,-0.3718,4,0.1000,1.0000,8,8,7,0,0,8,7,0.1250
8,184.0000,1,6,576.5114,-89.0891,0.2608,5,0.1250,1.0000,8,8,8,0,0,8,8,0.0000
8,184.0000,1,14,553.8447,-88.5648,0.3431,9,0.2250,1.0000,8,8,7,0,0,8,7,0.1250
8,184.0000,1,15,405.0775,-87.6876,0.7162,18,0.4500,1.0000,8,5,1,0,0,5,1,0.8000
8,184.0000,2,4,219.7642,-84.1245,-0.0116,40,1.0000,0.0000,4,4,0,0,0,4,0,1.0000
8,184.0000,2,7,664.1540,-89.4027,-0.6295,5,0.1250,1.0000,8,6,6,0,0,6,6,0.0000
8,184.0000,2,17,387.8365,-87.3853,0.5615,27,0.6750,0.5000,6,5,1,0,0,5,1,0.8000
8,184.0000,2,21,261.9216,-83.2061,-0.7833,40,1.0000,0.0000,4,4,0,0,0,4,0,1.0000
8,184.0000,3,8,320.0456,-85.2680,-0.0377,37,0.9250,0.2000,5,7,3,0,0,7,3,0.5714
8,184.0000,3,16,699.2112,-88.4739,0.5086,4,0.1000,1.0000,8,2,2,0,0,2,2,0.0000
8,184.0000,3,25,565.0727,-88.7126,-0.1336,5,0.1250,1.0000,8,8,8,0,0,8,8,0.0000
8,184.0000,3,27,670.2561,-88.4950,-0.4981,15,0.3750,1.0000,8,6,6,0,0,6,6,0.0000
8,184.0000,4,2,219.7642,-83.3544,0.3506,40,1.0000,0.0000,4,4,0,0,0,4,0,1.0000
8,184.0000,4,7,573.3790,-87.7807,-0.5042,7,0.1750,1.0000,8,8,8,0,0,8,8,0.0000
8,184.0000,4,17,567.1392,-89.0913,-0.1514,4,0.1000,0.8750,8,8,6,0,0,8,6,0.2500
8,184.0000,4,21,421.1782,-87.0184,-0.0333,26,0.6500,0.3333,6,4,0,0,0,4,0,1.0000
8,184.0000,4,22,549.3538,-88.1880,-0.0902,9,0.2250,1.0000,8,8,8,0,0,8,8,0.0000
8,184.0000,4,24,528.5139,-88.4032,0.8767,5,0.1250,1.0000,8,7,5,0,0,7,5,0.2857
8,184.0000,5,8,618.5376,-88.9934,0.0269,6,0.1500,1.0000,8,8,8,0,0,8,8,0.0000
8,184.0000,5,13,568.6764,-87.9361,-0.3583,11,0.2750,0.7143,7,10,10,0,0,10,10,0.0000
8,184.0000,5,16,463.7353,-87.0083,-0.0575,22,0.5500,0.2000,5,8,8,0,0,8,8,0.0000
8,184.0000,5,19,355.3754,-86.5998,0.2356,33,0.8250,0.2500,4,7,4,0,0,7,4,0.4286
8,184.0000,5,25,230.8978,-80.0527,-1.6833,40,1.0000,0.0000,3,4,0,0,0,4,0,1.0000
8,184.0000,6,1,576.5114,-88.7358,-0.0960,10,0.2500,0.8750,8,8,8,0,0,8,8,0.0000
8,184.0000,6,23,213.1402,-78.2590,-1.9599,40,1.0000,0.0000,4,5,2,0,0,5,2,0.6000
8,184.0000,7,2,664.1540,-88.4864,-0.5360,3,0.0750,1.0000,8,4,4,0,0,4,4,0.0000
8,184.0000,7,4,573.3790,-88.9612,-0.4071,13,0.3250,1.0000,6,8,8,0,0,8,8,0.0000
8,184.0000,7,22,466.6857,-88.8322,-0.1554,14,0.3500,1.0000,8,8,7,0,0,8,7,0.1250
8,184.0000,7,26,746.7568,-89.0192,-0.2688,4,0.1000,1.0000,8,2,2,0,0,2,2,0.0000
8,184.0000,8,3,320.0456,-85.5413,-0.2840,37,0.9250,0.4000,5,5,2,0,0,5,2,0.6000
8,184.0000,8,5,618.5376,-89.2664,-0.2711,7,0.1750,1.0000,8,8,8,0,0,8,8,0.0000
8,184.0000,8,25,554.4026,-88.5764,-0.0461,8,0.2000,1.0000,8,8,8,0,0,8,8,0.0000
8,184.0000,9,10,122.8513,-78.4779,1.4058,40,1.0000,0.0000,5,3,0,0,0,3,0,1.0000
8,184.0000,9,11,581.4212,-88.8173,0.7725,4,0.1000,1.0000,6,8,8,0,0,8,8,0.0000
8,184.0000,9,19,606.3999,-89.1510,0.0190,12,0.3000,0.9667,150,4,4,54,54,58,58,0.0000
8,184.0000,9,20,570.7294,-87.9831,0.6046,5,0.1250,1.0000,8,8,8,0,0,8,8,0.0000
8,184.0000,10,9,122.8513,-78.8388,0.8530,40,1.0000,0.0000,4,3,0,0,0,3,0,1.0000
8,184.0000,10,19,627.3644,-89.0705,0.0371,8,0.2000,1.0000,8,4,4,0,0,4,4,0.0000
8,184.0000,10,20,536.7517,-88.5436,-0.1035,9,0.2250,1.0000,8,8,7,0,0,8,7,0.1250
8,184.0000,10,22,688.8115,-89.2998,-0.0065,4,0.1000,1.0000,8,6,6,0,0,6,6,0.0000
8,184.0000,11,9,581.4212,-89.5898,-0.0145,3,0.0750,1.0000,8,8,8,0,0,8,8,0.0000
8,184.0000,11,12,578.7942,-88.6694,-0.5458,19,0.4750,1.0000,8,8,8,0,0,8,8,0.0000
8,184.0000,11,14,417.7553,-87.7025,0.2364,25,0.6250,0.4000,5,7,5,0,0,7,5,0.2857
8,184.0000,11,19,533.4169,-88.4665,0.3006,8,0.2000,1.0000,8,8,8,0,0,8,8,0.0000
8,184.0000,12,11,578.7942,-88.2426,-0.6378,13,0.3333,0.7143,7,8,8,0,0,8,8,0.0000
8,184.0000,12,14,376.8052,-87.2020,-0.0531,22,0.5641,0.5000,6,6,4,0,0,6,4,0.3333
8,184.0000,13,5,568.6764,-87.4872,-0.1069,16,0.4000,0.7143,7,8,8,0,0,8,8,0.0000
8,184.0000,13,16,447.4251,-87.8595,0.3841,23,0.5750,0.8175,137,7,4,126,96,133,100,0.2481
8,184.0000,13,19,491.7542,-88.5750,-0.0028,9,0.2250,0.8750,8,7,6,0,0,7,6,0.1429
8,184.0000,13,25,550.7258,-87.8949,-0.7426,15,0.3750,1.0000,8,8,8,0,0,8,8,0.0000
8,184.0000,13,27,612.2008,-88.2049,0.0408,6,0.1500,1.0000,8,8,8,0,0,8,8,0.0000
8,184.0000,14,1,553.8447,-88.3541,0.2133,11,0.2750,0.8571,7,8,8,0,0,8,8,0.0000
8,184.0000,14,11,417.7553,-87.8226,0.6539,18,0.4500,0.7500,8,7,6,0,0,7,6,0.1429
8,184.0000,14,12,376.8052,-86.7014,-0.0214,26,0.6500,0.4000,5,6,3,0,0,6,3,0.5000
8,184.0000,14,15,452.8579,-87.8601,-0.1789,25,0.6250,0.6667,6,7,6,0,0,7,6,0.1429
8,184.0000,15,0,543.9686,-89.0311,0.0238,9,0.2250,0.8571,7,7,5,0,0,7,5,0.2857
8,184.0000,15,1,405.0775,-87.0563,0.5782,16,0.4000,0.8750,8,5,1,0,0,5,1,0.8000
8,184.0000,15,14,452.8579,-87.9733,0.1138,25,0.6250,0.8750,8,8,7,0,0,8,7,0.1250
8,184.0000,16,3,699.2112,-89.1666,0.0790,6,0.1463,1.0000,8,2,2,0,0,2,2,0.0000
8,184.0000,16,5,463.7353,-87.6870,-0.3789,24,0.5854,0.7778,9,6,6,0,0,6,6,0.0000
8,184.0000,16,13,447.4251,-88.0679,-0.1394,24,0.5854,0.5714,7,7,6,0,0,7,6,0.1429
8,184.0000,16,19,440.2341,-87.5609,0.6186,22,0.5366,0.3333,6,6,4,0,0,6,4,0.3333
8,184.0000,16,25,479.7479,-88.2880,0.0527,19,0.4634,0.8571,7,7,5,0,0,7,5,0.2857
8,184.0000,16,27,462.2953,-88.3674,0.1159,22,0.5366,0.7500,8,8,8,0,0,8,8,0.0000
8,184.0000,17,2,387.8365,-87.2247,-0.0489,21,0.5250,0.3333,6,8,5,0,0,8,5,0.3750
8,184.0000,17,4,567.1392,-88.3241,-0.2876,8,0.2000,0.8571,7,8,8,0,0,8,8,0.0000
8,184.0000,17,21,485.0674,-87.9357,-0.2552,18,0.4500,0.8571,7,8,8,0,0,8,8,0.0000
8,184.0000,19,5,355.3754,-87.0959,0.1605,34,0.8500,0.3333,6,5,2,0,0,5,2,0.6000
8,184.0000,19,9,606.3999,-88.2129,-0.3938,13,0.3250,0.7143,7,8,8,0,0,8,8,0.0000
8,184.0000,19,10,627.3644,-88.4192,0.0121,6,0.1500,1.0000,8,4,4,0,0,4,4,0.0000
8,184.0000,19,11,533.4169,-88.7534,-0.0367,13,0.3250,0.8571,7,8,8,0,0,8,8,0.0000
8,184.0000,19,13,491.7542,-88.6653,-0.3593,17,0.4250,0.8571,7,7,5,0,0,7,5,0.2857
8,184.0000,19,16,440.2341,-88.0159,0.5715,23,0.5750,0.7143,7,8,6,0,0,8,6,0.2500
8,184.0000,19,25,537.5817,-88.5685,-0.2670,15,0.3750,1.0000,8,8,8,0,0,8,8,0.0000
8,184.0000,20,9,570.7294,-88.7228,0.2301,10,0.2500,1.0000,4,7,6,0,0,7,6,0.1429
8,184.0000,20,10,536.7517,-88.5841,-0.3808,11,0.2750,0.8750,8,8,8,0,0,8,8,0.0000
8,184.0000,20,26,450.5147,-86.7713,-0.1832,26,0.6500,0.4000,5,8,8,0,0,8,8,0.0000
8,184.0000,21,2,261.9216,-83.6045,-0.4312,38,0.9744,0.0000,4,5,2,0,0,5,2,0.6000
8,184.0000,21,4,421.1782,-87.4100,-0.4708,25,0.6410,0.4000,5,6,3,0,0,6,3,0.5000
8,184.0000,21,17,485.0674,-88.2284,0.1024,17,0.4359,1.0000,8,7,5,0,0,7,5,0.2857
8,184.0000,22,4,549.3538,-88.5299,0.1574,8,0.2000,0.8750,8,8,8,0,0,8,8,0.0000
8,184.0000,22,7,466.6857,-88.1180,0.1637,15,0.3750,1.0000,8,6,4,0,0,6,4,0.3333
8,184.0000,22,24,300.4134,-86.8734,0.6912,32,0.8000,0.2000,5,3,0,0,0,3,0,1.0000
8,184.0000,23,6,213.1402,-78.8590,-1.5828,40,1.0000,0.0000,4,4,0,0,0,4,0,1.0000
8,184.0000,24,4,528.5139,-88.7210,-0.3985,7,0.1750,1.0000,6,8,6,0,0,8,6,0.2500
8,184.0000,24,22,300.4134,-85.9590,0.5842,30,0.7500,0.2000,5,5,1,0,0,5,1,0.8000
8,184.0000,25,3,565.0727,-88.3388,-0.3632,12,0.3000,1.0000,6,8,8,0,0,8,8,0.0000
8,184.0000,25,5,230.8978,-79.8847,-1.4623,39,0.9750,0.0000,4,5,1,0,0,5,1,0.8000
8,184.0000,25,8,554.4026,-88.7629,0.2521,9,0.2250,0.8750,8,7,6,0,0,7,6,0.1429
8,184.0000,25,13,550.7258,-88.5050,0.2016,10,0.2500,1.0000,8,7,6,0,0,7,6,0.1429
8,184.0000,25,16,479.7479,-87.9747,0.3387,16,0.4000,0.8750,8,7,6,0,0,7,6,0.1429
8,184.0000,25,19,537.5817,-88.6330,0.3473,14,0.3500,1.0000,8,8,8,0,0,8,8,0.0000
8,184.0000,25,27,675.6359,-89.0989,-0.0235,6,0.1500,1.0000,6,8,8,0,0,8,8,0.0000
8,184.0000,26,7,746.7568,-88.7384,-0.6742,5,0.1250,1.0000,8,2,2,0,0,2,2,0.0000
8,184.0000,26,20,450.5147,-86.6119,-0.6402,25,0.6250,0.0000,4,8,7,0,0,8,7,0.1250
8,184.0000,27,3,670.2561,-89.0773,-0.3621,6,0.1500,0.8571,7,2,2,0,0,2,2,0.0000
8,184.0000,27,13,612.2008,-87.9901,-0.1241,6,0.1500,1.0000,8,8,8,0,0,8,8,0.0000
8,184.0000,27,16,462.2953,-88.0452,-0.2496,19,0.4750,0.5000,6,8,6,0,0,8,6,0.2500
8,184.0000,27,25,675.6359,-89.4756,-0.2357,4,0.1000,1.0000,8,6,6,0,0,6,6,0.0000
8,188.0000,0,15,530.0343,-88.6882,0.0051,11,0.2750,0.8750,8,8,8,0,0,8,8,0.0000
8,188.0000,1,6,547.8559,-87.9639,-0.1358,8,0.2000,1.0000,8,8,8,0,0,8,8,0.0000
8,188.0000,1,9,530.5290,-88.2122,0.0184,8,0.2000,1.0000,8,8,6,0,0,8,6,0.2500
8,188.0000,1,11,561.7985,-89.0727,-1.3582,3,0.0750,1.0000,8,7,6,0,0,7,6,0.1429
8,188.0000,1,14,545.8717,-89.0003,-0.3251,9,0.2250,0.8750,8,8,8,0,0,8,8,0.0000
8,188.0000,1,15,282.7631,-86.4679,0.2827,32,0.8000,0.2000,5,4,0,0,0,4,0,1.0000
8,188.0000,2,4,179.4753,-82.1973,0.6149,39,0.9750,0.0000,4,4,0,0,0,4,0,1.0000
8,188.0000,2,17,363.9560,-86.6629,0.1052,32,0.8000,0.2000,5,6,3,0,0,6,3,0.5000
8,188.0000,2,21,213.8243,-83.8209,0.1589,40,1.0000,0.0000,4,4,0,0,0,4,0,1.0000
8,188.0000,2,22,665.8911,-89.3350,-0.1003,5,0.1250,1.0000,2,4,4,0,0,4,4,0.0000
8,188.0000,2,24,562.0341,-88.2103,1.1475,4,0.1000,0.8750,8,8,8,0,0,8,8,0.0000
8,188.0000,3,8,397.3848,-86.2385,0.0819,31,0.7750,0.4286,7,6,4,0,0,6,4,0.3333
8,188.0000,3,25,606.1838,-87.9899,0.2754,5,0.1250,1.0000,8,6,6,0,0,6,6,0.0000
8,188.0000,4,2,179.4753,-81.9178,0.6640,39,0.9750,0.0000,4,4,0,0,0,4,0,1.0000
8,188.0000,4,7,654.1494,-89.0244,0.3716,4,0.1000,1.0000,8,6,6,0,0,6,6,0.0000
8,188.0000,4,17,528.3366,-88.5912,0.2922,14,0.3500,0.7500,8,8,8,0,0,8,8,0.0000
8,188.0000,4,21,307.5064,-86.9923,0.4905,31,0.7750,0.0000,4,4,0,0,0,4,0,1.0000
8,188.0000,4,22,541.4705,-88.8728,-0.2591,6,0.1500,1.0000,8,8,8,0,0,8,8,0.0000
8,188.0000,4,24,426.5579,-87.8954,0.4886,13,0.3250,0.7143,7,7,3,0,0,7,3,0.5714
8,188.0000,5,8,607.1263,-88.0174,1.8209,4,0.1000,1.0000,8,8,8,0,0,8,8,0.0000
8,188.0000,5,10,537.7602,-89.1016,-0.3009,7,0.1750,1.0000,8,6,3,0,0,6,3,0.5000
8,188.0000,5,16,608.0272,-88.6428,0.1914,15,0.3750,1.0000,8,6,6,0,0,6,6,0.0000
8,188.0000,5,19,467.7466,-86.8911,-0.4152,20,0.5000,0.5714,7,8,7,0,0,8,7,0.1250
8,188.0000,5,25,390.7430,-84.7293,-0.5957,33,0.8250,0.0000,4,8,7,0,0,8,7,0.1250
8,188.0000,6,1,547.8559,-88.8519,0.0183,10,0.2500,1.0000,8,7,6,0,0,7,6,0.1429
8,188.0000,6,20,672.0242,-89.5980,0.1327,3,0.0750,1.0000,4,8,8,0,0,8,8,0.0000
8,188.0000,6,23,381.3355,-85.0027,-1.0528,37,0.9250,0.4000,5,7,6,0,0,7,6,0.1429
8,188.0000,6,26,615.0769,-89.6200,0.0765,5,0.1250,1.0000,8,7,6,0,0,7,6,0.1429
8,188.0000,7,2,706.1753,-89.1827,0.0368,3,0.0750,1.0000,4,4,4,0,0,4,4,0.0000
8,188.0000,7,4,654.1494,-88.7279,0.1551,6,0.1500,1.0000,8,6,6,0,0,6,6,0.0000
8,188.0000,7,22,418.7666,-88.1949,0.1968,21,0.5250,0.8750,8,7,5,0,0,7,5,0.2857
8,188.0000,8,3,397.3848,-87.2180,-0.2649,28,0.6829,0.4000,5,7,6,0,0,7,6,0.1429
8,188.0000,8,5,607.1263,-88.6878,0.5314,5,0.1220,1.0000,8,8,8,0,0,8,8,0.0000
8,188.0000,8,24,558.4063,-88.4177,0.0858,10,0.2439,1.0000,8,8,8,0,0,8,8,0.0000
8,188.0000,8,25,574.6099,-88.3788,0.2536,9,0.2195,1.0000,8,4,4,0,0,4,4,0.0000
8,188.0000,9,1,530.5290,-88.6677,0.0131,7,0.1750,1.0000,8,6,4,0,0,6,4,0.3333
8,188.0000,9,10,217.8980,-79.6005,-1.2418,40,1.0000,0.0000,3,4,0,0,0,4,0,1.0000
8,188.0000,9,11,502.0661,-88.1686,-0.0095,12,0.3000,1.0000,8,7,4,0,0,7,4,0.4286
8,188.0000,9,14,649.2544,-88.8943,-0.6822,3,0.0750,,0,4,4,0,0,4,4,0.0000
8,188.0000,9,19,751.2440,-88.9477,-0.5434,3,0.0750,1.0000,58,2,2,0,0,2,2,0.0000
8,188.0000,9,20,471.4317,-88.3278,0.3715,13,0.3250,1.0000,8,7,6,0,0,7,6,0.1429
8,188.0000,10,5,537.7602,-88.7962,0.2814,3,0.0750,1.0000,6,8,7,0,0,8,7,0.1250
8,188.0000,10,9,217.8980,-79.4241,-1.5029,40,1.0000,0.0000,3,4,0,0,0,4,0,1.0000
8,188.0000,10,11,558.2640,-88.9101,-0.3254,3,0.0750,0.8750,8,6,4,0,0,6,4,0.3333
8,188.0000,10,20,545.0112,-88.8478,-0.3398,6,0.1500,0.8750,8,8,7,0,0,8,7,0.1250
8,188.0000,11,1,561.7985,-88.7635,0.3470,9,0.2250,1.0000,4,5,4,0,0,5,4,0.2000
8,188.0000,11,9,502.0661,-88.7171,0.1801,9,0.2250,1.0000,8,6,4,0,0,6,4,0.3333
8,188.0000,11,10,558.2640,-88.4352,1.2229,3,0.0750,1.0000,4,8,8,0,0,8,8,0.0000
8,188.0000,11,14,401.1070,-87.2332,0.2254,27,0.6750,0.7143,7,7,5,0,0,7,5,0.2857
8,188.0000,11,19,560.6524,-88.7342,0.5178,9,0.2250,1.0000,8,8,8,0,0,8,8,0.0000
8,188.0000,12,11,754.8595,-88.9926,-0.8885,4,0.1000,1.0000,8,2,2,0,0,2,2,0.0000
8,188.0000,12,14,476.6393,-86.8991,-0.0230,26,0.6500,0.6667,6,8,8,0,0,8,8,0.0000
8,188.0000,13,5,719.2474,-88.7209,-0.7090,5,0.1282,1.0000,8,4,4,0,0,4,4,0.0000
8,188.0000,13,16,462.8822,-87.8209,-0.5636,17,0.4359,0.7519,133,6,3,131,108,137,111,0.1898
8,188.0000,13,19,430.6369,-87.7800,-0.3644,21,0.5385,0.8571,7,4,0,0,0,4,0,1.0000
8,188.0000,13,25,634.3998,-88.8486,0.6394,7,0.1795,1.0000,8,8,8,0,0,8,8,0.0000
8,188.0000,13,27,684.8875,-89.2568,-0.3347,3,0.0769,1.0000,8,8,8,0,0,8,8,0.0000
8,188.0000,14,1,545.8717,-88.6116,-0.3894,9,0.2250,1.0000,8,7,6,0,0,7,6,0.1429
8,188.0000,14,11,401.1070,-87.4708,0.0181,26,0.6500,0.8571,7,6,3,0,0,6,3,0.5000
8,188.0000,14,12,476.6393,-87.8187,-0.4816,25,0.6250,0.5000,6,7,6,0,0,7,6,0.1429
8,188.0000,14,15,518.4613,-88.2597,-0.0447,17,0.4250,0.8571,7,8,8,0,0,8,8,0.0000
8,188.0000,15,0,530.0343,-88.9245,-0.1108,13,0.3333,0.7143,7,8,8,0,0,8,8,0.0000
8,188.0000,15,1,282.7631,-86.0048,0.6188,33,0.8462,0.2000,5,4,0,0,0,4,0,1.0000
8,188.0000,15,14,518.4613,-87.5217,-0.1004,19,0.4872,0.8750,8,8,8,0,0,8,8,0.0000
8,188.0000,16,5,608.0272,-88.5686,-0.4442,15,0.3750,1.0000,6,8,8,0,0,8,8,0.0000
8,188.0000,16,13,462.8822,-88.4650,-0.0372,23,0.5750,0.8571,7,8,7,0,0,8,7,0.1250
8,188.0000,16,19,479.8987,-88.1801,-0.0288,19,0.4750,0.6667,6,8,7,0,0,8,7,0.1250
8,188.0000,16,25,515.4536,-88.4094,0.2663,15,0.3750,0.7143,7,8,7,0,0,8,7,0.1250
8,188.0000,16,27,485.6020,-87.3886,-0.2800,17,0.4250,1.0000,8,8,8,0,0,8,8,0.0000
8,188.0000,17,2,363.9560,-86.4866,-0.2334,30,0.7500,0.6250,8,5,1,0,0,5,1,0.8000
8,188.0000,17,4,528.3366,-89.4460,0.0349,10,0.2500,1.0000,8,7,6,0,0,7,6,0.1429
8,188.0000,17,21,459.6250,-88.5178,-0.0790,18,0.4500,1.0000,8,6,4,0,0,6,4,0.3333
8,188.0000,18,26,564.9065,-88.8094,-2.3105,4,0.1000,1.0000,6,8,8,0,0,8,8,0.0000
8,188.0000,19,5,467.7466,-87.6771,0.1116,25,0.6250,0.4000,5,8,8,0,0,8,8,0.0000
8,188.0000,19,11,560.6524,-88.1876,-0.2905,8,0.2000,1.0000,8,8,8,0,0,8,8,0.0000
8,188.0000,19,13,430.6369,-87.6509,-0.1137,19,0.4750,0.7143,7,5,2,0,0,5,2,0.6000
8,188.0000,19,16,479.8987,-87.4179,-0.2855,22,0.5500,0.7500,8,7,6,0,0,7,6,0.1429
8,188.0000,19,25,636.1581,-89.2609,-0.2369,9,0.2250,1.0000,8,2,2,0,0,2,2,0.0000
8,188.0000,20,9,471.4317,-87.7715,0.9412,9,0.2250,0.8571,7,6,3,0,0,6,3,0.5000
8,188.0000,20,10,545.0112,-88.9175,0.0224,19,0.4750,1.0000,8,7,6,0,0,7,6,0.1429
8,188.0000,20,26,601.1876,-88.3804,-0.2382,13,0.3250,1.0000,8,8,8,0,0,8,8,0.0000
8,188.0000,21,2,213.8243,-83.5529,0.1337,41,1.0000,0.4000,5,4,0,0,0,4,0,1.0000
8,188.0000,21,4,307.5064,-86.6286,0.2359,31,0.7561,0.5000,6,5,0,0,0,5,0,1.0000
8,188.0000,21,17,459.6250,-87.9635,-0.3252,19,0.4634,0.7143,7,5,2,0,0,5,2,0.6000
8,188.0000,22,4,541.4705,-88.4227,0.0118,12,0.3000,1.0000,8,8,8,0,0,8,8,0.0000
8,188.0000,22,7,418.7666,-87.9529,-0.1498,22,0.5500,0.6667,6,4,0,0,0,4,0,1.0000
8,188.0000,22,24,256.4032,-85.2815,0.6358,39,0.9750,0.0000,3,4,0,0,0,4,0,1.0000
8,188.0000,23,6,381.3355,-85.5147,-1.1085,33,0.8250,0.0000,4,7,5,0,0,7,5,0.2857
8,188.0000,24,2,562.0341,-88.4384,0.6934,5,0.1250,1.0000,6,8,8,0,0,8,8,0.0000
8,188.0000,24,4,426.5579,-88.3919,-0.0302,23,0.5750,0.7500,8,5,1,0,0,5,1,0.8000
8,188.0000,24,8,558.4063,-88.2683,0.1484,7,0.1750,1.0000,8,8,7,0,0,8,7,0.1250
8,188.0000,24,22,256.4032,-84.5224,0.6472,39,0.9750,0.2000,5,4,0,0,0,4,0,1.0000
8,188.0000,25,3,606.1838,-88.6995,0.4743,7,0.1750,1.0000,8,4,4,0,0,4,4,0.0000
8,188.0000,25,5,390.7430,-85.6999,-0.8039,34,0.8500,0.2000,5,7,6,0,0,7,6,0.1429
8,188.0000,25,8,574.6099,-89.0434,-0.0361,9,0.2250,0.8571,7,8,8,0,0,8,8,0.0000
8,188.0000,25,13,634.3998,-89.5740,-0.1468,6,0.1500,0.8571,7,8,8,0,0,8,8,0.0000
8,188.0000,25,16,515.4536,-88.3061,0.1412,16,0.4000,0.8571,7,8,8,0,0,8,8,0.0000
8,188.0000,25,19,636.1581,-89.0674,-0.7648,9,0.2250,1.0000,8,8,8,0,0,8,8,0.0000
8,188.0000,26,6,615.0769,-89.0361,0.0930,7,0.1750,1.0000,8,8,8,0,0,8,8,0.0000
8,188.0000,26,18,564.9065,-89.4064,0.2285,4,0.1000,1.0000,2,8,8,0,0,8,8,0.0000
8,188.0000,26,20,601.1876,-88.5160,-0.3919,13,0.3250,0.8750,8,6,6,0,0,6,6,0.0000
8,188.0000,26,23,655.1096,-89.0500,0.6123,3,0.0750,1.0000,4,8,8,0,0,8,8,0.0000
8,188.0000,27,13,684.8875,-89.0134,-0.3239,4,0.1000,1.0000,8,4,4,0,0,4,4,0.0000
8,188.0000,27,16,485.6020,-88.2035,-0.3073,15,0.3750,0.7500,8,7,6,0,0,7,6,0.1429
8,192.0000,0,15,594.8737,-88.7859,0.2301,6,0.1500,1.0000,8,8,8,0,0,8,8,0.0000
8,192.0000,1,6,520.0731,-87.9922,0.0866,9,0.2250,1.0000,8,6,4,0,0,6,4,0.3333
8,192.0000,1,9,432.5458,-88.2623,0.3147,19,0.4750,0.7500,8,6,4,0,0,6,4,0.3333
8,192.0000,1,11,458.9251,-88.2769,0.2443,11,0.2750,0.8571,7,6,3,0,0,6,3,0.5000
8,192.0000,1,14,538.4983,-88.4108,0.3969,11,0.2750,1.0000,8,8,7,0,0,8,7,0.1250
8,192.0000,1,15,191.2576,-83.2831,1.3788,40,1.0000,0.0000,4,4,0,0,0,4,0,1.0000
8,192.0000,2,4,134.9719,-79.6281,0.5722,40,1.0000,0.0000,4,4,0,0,0,4,0,1.0000
8,192.0000,2,17,401.4715,-87.2569,-0.0501,30,0.7500,0.5000,6,6,3,0,0,6,3,0.5000
8,192.0000,2,21,202.6108,-82.4278,0.4468,40,1.0000,0.0000,4,4,0,0,0,4,0,1.0000
8,192.0000,2,22,606.8604,-89.0371,-0.0430,3,0.0750,1.0000,4,8,8,0,0,8,8,0.0000
8,192.0000,2,24,437.8079,-87.7558,0.5865,12,0.3000,1.0000,8,6,2,0,0,6,2,0.6667
8,192.0000,3,8,512.8640,-88.1982,-0.7315,20,0.5000,0.6667,6,8,8,0,0,8,8,0.0000
8,192.0000,4,2,134.9719,-79.4822,0.7342,40,1.0000,0.0000,4,4,0,0,0,4,0,1.0000
8,192.0000,4,17,533.6934,-88.5968,0.1283,14,0.3500,1.0000,8,6,4,0,0,6,4,0.3333
8,192.0000,4,21,221.9770,-83.8340,1.0026,40,1.0000,0.0000,4,4,0,0,0,4,0,1.0000
8,192.0000,4,22,550.7129,-89.1749,0.2957,6,0.1500,1.0000,8,8,8,0,0,8,8,0.0000
8,192.0000,4,24,364.8214,-87.7715,-0.1937,28,0.7000,0.4286,7,7,4,0,0,7,4,0.4286
8,192.0000,5,10,390.7245,-88.1732,0.1620,17,0.4359,0.5000,6,5,2,0,0,5,2,0.6000
8,192.0000,5,11,627.0851,-89.7718,0.0454,3,0.0769,1.0000,8,6,6,0,0,6,6,0.0000
8,192.0000,5,16,775.6522,-89.6646,0.1303,4,0.1026,1.0000,6,2,2,0,0,2,2,0.0000
8,192.0000,5,19,640.4413,-88.3772,-0.1021,9,0.2308,0.8750,8,6,6,0,0,6,6,0.0000
8,192.0000,5,25,571.0513,-88.1251,-0.2402,19,0.4872,0.8750,8,8,8,0,0,8,8,0.0000
8,192.0000,6,1,520.0731,-88.6654,-0.0378,9,0.2250,0.8571,7,8,7,0,0,8,7,0.1250
8,192.0000,6,9,516.0525,-89.0403,0.2396,3,0.0750,1.0000,2,7,4,0,0,7,4,0.4286
8,192.0000,6,20,648.8835,-89.4842,0.0530,5,0.1250,1.0000,8,8,8,0,0,8,8,0.0000
8,192.0000,6,23,562.2235,-87.8275,-0.4962,14,0.3500,0.8571,7,8,8,0,0,8,8,0.0000
8,192.0000,6,26,615.3621,-88.9710,0.4867,5,0.1250,0.8571,7,8,8,0,0,8,8,0.0000
8,192.0000,7,20,580.3295,-89.1558,1.4786,3,0.0769,0.8571,7,8,8,0,0,8,8,0.0000
8,192.0000,7,22,386.1096,-87.6194,0.2135,24,0.6154,0.7143,7,5,2,0,0,5,2,0.6000
8,192.0000,7,24,566.5315,-88.3228,-0.2417,6,0.1538,1.0000,8,8,7,0,0,8,7,0.1250
8,192.0000,8,3,512.8640,-87.7897,-0.5714,20,0.5000,0.8571,7,8,8,0,0,8,8,0.0000
8,192.0000,8,24,528.5075,-89.2281,-0.1378,9,0.2250,1.0000,8,8,8,0,0,8,8,0.0000
8,192.0000,9,1,432.5458,-87.8729,0.2497,16,0.4000,0.6667,6,5,1,0,0,5,1,0.8000
8,192.0000,9,10,387.9682,-85.0330,-1.2370,35,0.8750,0.0000,4,6,3,0,0,6,3,0.5000
8,192.0000,9,11,457.5817,-88.3407,0.4257,19,0.4750,0.5714,7,7,5,0,0,7,5,0.2857
8,192.0000,9,15,611.0467,-89.4521,0.3488,5,0.1250,,0,8,8,0,0,8,8,0.0000
8,192.0000,9,20,425.5796,-87.3876,-0.1183,25,0.6250,0.8571,7,8,5,0,0,8,5,0.3750
8,192.0000,10,5,390.7245,-87.5956,0.0279,18,0.4500,0.8750,8,5,1,0,0,5,1,0.8000
8,192.0000,10,9,387.9682,-85.3214,-1.4488,38,0.9500,0.0000,4,9,8,0,0,9,8,0.1111
8,192.0000,10,11,484.8352,-88.4043,0.2481,13,0.3250,0.6667,6,6,3,0,0,6,3,0.5000
8,192.0000,10,19,626.9927,-88.9233,0.2182,7,0.1750,1.0000,6,8,7,0,0,8,7,0.1250
8,192.0000,10,20,575.0837,-88.8239,-0.7097,4,0.1000,0.8750,8,8,8,0,0,8,8,0.0000
8,192.0000,11,1,458.9251,-88.7789,0.1233,14,0.3500,0.8000,5,8,6,0,0,8,6,0.2500
8,192.0000,11,5,627.0851,-88.7758,0.5262,3,0.0750,1.0000,4,8,8,0,0,8,8,0.0000
8,192.0000,11,9,457.5817,-88.3955,-0.0482,19,0.4750,0.6667,6,8,7,0,0,8,7,0.1250
8,192.0000,11,10,484.8352,-88.5757,-0.1255,13,0.3250,1.0000,8,7,6,0,0,7,6,0.1429
8,192.0000,11,14,425.9991,-87.3922,0.3389,23,0.5750,0.7143,7,7,6,0,0,7,6,0.1429
8,192.0000,11,15,598.7016,-88.9343,0.5985,4,0.1000,1.0000,10,6,6,0,0,6,6,0.0000
8,192.0000,11,19,647.4744,-88.5903,-0.1388,8,0.2000,1.0000,8,6,6,0,0,6,6,0.0000
8,192.0000,12,14,589.1269,-88.6082,-0.1847,9,0.2250,1.0000,8,6,6,0,0,6,6,0.0000
8,192.0000,13,16,494.6190,-87.9688,0.1055,18,0.4500,0.8102,137,8,8,6,6,14,14,0.0000
8,192.0000,13,19,372.3753,-87.1424,0.1320,25,0.6250,0.0000,4,6,2,84,26,90,28,0.6889
8,192.0000,13,25,703.2569,-89.3480,0.0228,4,0.1000,1.0000,8,4,4,0,0,4,4,0.0000
8,192.0000,14,1,538.4983,-88.8910,0.3690,8,0.2000,0.8571,7,8,8,0,0,8,8,0.0000
8,192.0000,14,10,620.2270,-88.9144,0.3867,4,0.1000,,0,8,8,0,0,8,8,0.0000
8,192.0000,14,11,425.9991,-87.6094,-0.1283,20,0.5000,0.5000,6,8,8,0,0,8,8,0.0000
8,192.0000,14,12,589.1269,-88.5500,-0.7892,17,0.4250,0.8571,7,8,8,0,0,8,8,0.0000
8,192.0000,14,15,572.9662,-88.7890,-0.0578,12,0.3000,1.0000,8,8,8,0,0,8,8,0.0000
8,192.0000,14,19,527.1175,-88.4340,0.4555,8,0.2000,1.0000,8,8,8,0,0,8,8,0.0000
8,192.0000,15,0,594.8737,-88.7344,0.5770,7,0.1750,1.0000,8,6,6,0,0,6,6,0.0000
8,192.0000,15,1,191.2576,-83.4029,0.5553,39,0.9750,0.0000,4,4,0,0,0,4,0,1.0000
8,192.0000,15,11,598.7016,-89.1888,0.0205,3,0.0750,1.0000,8,8,8,0,0,8,8,0.0000
8,192.0000,15,14,572.9662,-88.3034,-0.1903,10,0.2500,1.0000,8,8,8,0,0,8,8,0.0000
8,192.0000,16,13,494.6190,-87.4877,-0.1756,15,0.3750,0.8750,8,7,6,0,0,7,6,0.1429
8,192.0000,16,19,541.8697,-88.2156,0.4209,10,0.2500,0.8750,8,8,8,0,0,8,8,0.0000
8,192.0000,16,25,540.5949,-88.1702,-0.2529,9,0.2250,0.8750,8,7,6,0,0,7,6,0.1429
8,192.0000,16,27,483.1482,-88.3122,-0.0744,13,0.3250,1.0000,8,6,3,0,0,6,3,0.5000
8,192.0000,17,2,401.4715,-86.6850,-0.6738,32,0.8000,0.2000,5,7,6,0,0,7,6,0.1429
8,192.0000,17,4,533.6934,-88.5228,-0.0830,14,0.3500,0.8571,7,8,7,0,0,8,7,0.1250
8,192.0000,17,21,501.1202,-88.2559,0.0208,15,0.3750,0.6667,6,8,7,0,0,8,7,0.1250
8,192.0000,18,26,516.6926,-88.3244,-0.1974,16,0.4000,1.0000,8,7,6,0,0,7,6,0.1429
8,192.0000,19,5,640.4413,-88.0477,-0.0507,9,0.2250,1.0000,8,8,8,0,0,8,8,0.0000
8,192.0000,19,10,626.9927,-88.3287,1.6353,3,0.0750,0.8571,7,6,6,0,0,6,6,0.0000
8,192.0000,19,13,372.3753,-87.3353,0.3588,29,0.7250,0.4000,5,5,1,0,0,5,1,0.8000
8,192.0000,19,14,527.1175,-89.0573,-0.4653,5,0.1250,1.0000,6,6,3,0,0,6,3,0.5000
8,192.0000,19,16,541.8697,-88.6195,0.1128,14,0.3500,0.8571,7,8,6,126,123,134,129,0.0373
8,192.0000,20,6,648.8835,-88.6892,0.3330,4,0.1000,1.0000,8,6,6,0,0,6,6,0.0000
8,192.0000,20,9,425.5796,-87.9577,0.0370,23,0.5750,0.5000,6,7,5,0,0,7,5,0.2857
8,192.0000,20,10,575.0837,-88.4096,0.0699,7,0.1750,0.8571,7,7,6,0,0,7,6,0.1429
8,192.0000,20,22,650.4017,-89.1952,0.2707,5,0.1250,1.0000,8,8,8,0,0,8,8,0.0000
8,192.0000,20,26,759.4029,-88.6484,-2.3592,3,0.0750,1.0000,8,2,2,0,0,2,2,0.0000
8,192.0000,21,2,202.6108,-81.9684,-0.4612,40,1.0000,0.0000,4,4,0,0,0,4,0,1.0000
8,192.0000,21,4,221.9770,-83.8699,0.4584,38,0.9500,0.0000,5,3,0,0,0,3,0,1.0000
8,192.0000,21,17,501.1202,-88.5059,-0.3824,18,0.4500,0.4000,5,7,6,0,0,7,6,0.1429
8,192.0000,21,24,554.9003,-89.2072,0.1010,5,0.1250,1.0000,2,8,7,0,0,8,7,0.1250
8,192.0000,22,2,606.8604,-89.9092,0.0479,3,0.0750,1.0000,8,8,8,0,0,8,8,0.0000
8,192.0000,22,4,550.7129,-88.1664,0.0188,11,0.2750,1.0000,8,8,8,0,0,8,8,0.0000
8,192.0000,22,7,386.1096,-87.4871,0.1752,28,0.7000,0.0000,4,8,5,0,0,8,5,0.3750
8,192.0000,22,8,603.5105,-89.1137,-0.2592,3,0.0750,,0,7,6,0,0,7,6,0.1429
8,192.0000,22,20,650.4017,-88.7764,0.2470,3,0.0750,1.0000,8,6,6,0,0,6,6,0.0000
8,192.0000,22,24,237.2529,-83.8621,0.4550,40,1.0000,0.0000,4,4,0,0,0,4,0,1.0000
8,192.0000,23,6,562.2235,-87.9383,-0.7604,19,0.4750,0.7143,7,8,8,0,0,8,8,0.0000
8,192.0000,23,26,615.3788,-88.9718,-0.0086,7,0.1750,0.8750,8,7,6,0,0,7,6,0.1429
8,192.0000,24,2,437.8079,-88.7179,0.6483,15,0.3750,1.0000,8,4,0,0,0,4,0,1.0000
8,192.0000,24,4,364.8214,-87.1268,0.0244,28,0.7000,0.2000,5,5,1,0,0,5,1,0.8000
8,192.0000,24,7,566.5315,-89.2534,-0.4830,4,0.1000,1.0000,8,8,7,0,0,8,7,0.1250
8,192.0000,24,8,528.5075,-88.9027,-0.1686,12,0.3000,0.8750,8,8,8,0,0,8,8,0.0000
8,192.0000,24,21,554.9003,-89.5293,-0.0809,3,0.0750,1.0000,6,7,5,0,0,7,5,0.2857
8,192.0000,24,22,237.2529,-84.6533,-0.1887,40,1.0000,0.0000,4,4,0,0,0,4,0,1.0000
8,192.0000,25,5,571.0513,-88.0555,-0.7224,13,0.3250,0.8571,7,8,8,0,0,8,8,0.0000
8,192.0000,25,8,662.2666,-88.2691,-1.2611,4,0.1000,1.0000,8,6,6,0,0,6,6,0.0000
8,192.0000,25,13,703.2569,-88.7145,-0.7877,3,0.0750,1.0000,8,6,6,0,0,6,6,0.0000
8,192.0000,25,16,540.5949,-88.8173,-0.1008,13,0.3250,1.0000,8,8,7,0,0,8,7,0.1250
8,192.0000,26,6,615.3621,-88.7573,0.0305,4,0.1000,1.0000,8,8,8,0,0,8,8,0.0000
8,192.0000,26,18,516.6926,-88.3623,-0.1039,15,0.3750,1.0000,8,6,3,0,0,6,3,0.5000
8,192.0000,26,23,615.3788,-88.7306,0.2995,7,0.1750,1.0000,8,8,7,0,0,8,7,0.1250
8,192.0000,27,16,483.1482,-88.2073,0.2196,15,0.3750,0.8571,7,6,3,0,0,6,3,0.5000
8,196.0000,1,6,508.5757,-88.6703,-0.1246,13,0.3250,0.6667,6,8,8,0,0,8,8,0.0000
8,196.0000,1,9,402.7914,-87.4878,0.0588,28,0.7000,0.6667,6,7,6,0,0,7,6,0.1429
8,196.0000,1,11,383.1697,-87.7116,0.5559,26,0.6500,0.5000,6,5,2,0,0,5,2,0.6000
8,196.0000,1,14,542.0020,-88.9220,0.0198,9,0.2250,0.8750,8,7,6,0,0,7,6,0.1429
8,196.0000,1,15,144.3622,-79.9205,1.1201,40,1.0000,0.0000,4,4,0,0,0,4,0,1.0000
8,196.0000,2,4,117.7341,-76.8934,0.3783,40,1.0000,0.0000,4,4,0,0,0,4,0,1.0000
8,196.0000,2,17,408.9603,-87.6035,-0.0671,29,0.7250,0.5000,6,6,2,0,0,6,2,0.6667
8,196.0000,2,21,218.2710,-82.4600,-0.3534,39,0.9750,0.0000,4,4,0,0,0,4,0,1.0000
8,196.0000,2,22,548.6626,-88.6169,0.1383,8,0.2000,1.0000,8,9,8,0,0,9,8,0.1111
8,196.0000,2,24,321.2209,-86.5980,0.9417,26,0.6500,0.3333,6,5,1,0,0,5,1,0.8000
8,196.0000,3,8,587.1683,-88.0375,-0.3078,9,0.2250,1.0000,8,8,8,0,0,8,8,0.0000
8,196.0000,4,2,117.7341,-77.5217,0.5578,40,1.0000,0.0000,4,4,0,0,0,4,0,1.0000
8,196.0000,4,17,521.0890,-88.5669,-0.0678,14,0.3500,0.6667,6,7,7,0,0,7,7,0.0000
8,196.0000,4,21,216.4379,-82.4162,0.0088,40,1.0000,0.0000,4,5,1,0,0,5,1,0.8000
8,196.0000,4,22,540.5818,-88.8623,-0.3007,6,0.1500,1.0000,8,8,8,0,0,8,8,0.0000
8,196.0000,4,24,305.8490,-86.2770,0.2655,40,1.0000,0.5714,7,5,2,0,0,5,2,0.6000
8,196.0000,5,8,615.3608,-88.9069,0.2857,4,0.0976,,0,8,8,0,0,8,8,0.0000
8,196.0000,5,10,354.9199,-87.1302,0.5226,30,0.7317,0.4000,5,6,3,0,0,6,3,0.5000
8,196.0000,6,1,508.5757,-88.1580,0.3080,15,0.3750,0.8750,8,8,8,0,0,8,8,0.0000
8,196.0000,6,9,312.2249,-87.3643,0.5580,24,0.6000,0.5714,7,4,0,0,0,4,0,1.0000
8,196.0000,6,15,487.9109,-87.9090,-0.0794,12,0.3000,0.8571,7,8,8,0,0,8,8,0.0000
8,196.0000,7,20,537.5602,-88.9844,0.1131,10,0.2500,1.0000,8,8,8,0,0,8,8,0.0000
8,196.0000,7,22,366.3559,-87.7365,-0.2329,29,0.7250,0.4000,5,6,4,0,0,6,4,0.3333
8,196.0000,7,24,548.5062,-89.1015,-0.1317,7,0.1750,0.8750,8,10,10,0,0,10,10,0.0000
8,196.0000,8,3,587.1683,-88.7570,-0.6305,8,0.2051,1.0000,8,6,6,0,0,6,6,0.0000
8,196.0000,8,22,491.4670,-88.2191,0.2481,9,0.2308,1.0000,8,6,4,0,0,6,4,0.3333
8,196.0000,8,24,508.0925,-88.4446,0.0939,10,0.2564,1.0000,8,7,6,0,0,7,6,0.1429
8,196.0000,9,1,402.7914,-87.0596,0.5037,25,0.6250,0.2000,5,8,8,0,0,8,8,0.0000
8,196.0000,9,6,312.2249,-86.5634,0.4590,21,0.5250,0.5000,6,5,1,0,0,5,1,0.8000
8,196.0000,9,10,572.5479,-87.5194,0.1479,14,0.3500,0.5000,6,6,6,0,0,6,6,0.0000
8,196.0000,9,11,437.9827,-87.8752,0.0486,21,0.5250,0.7143,7,6,3,0,0,6,3,0.5000
8,196.0000,9,15,474.9568,-88.0417,0.4319,9,0.2250,1.0000,8,7,6,0,0,7,6,0.1429
8,196.0000,9,20,447.4086,-87.3704,0.2833,27,0.6750,0.6250,8,8,8,0,0,8,8,0.0000
8,196.0000,10,5,354.9199,-86.8415,0.4451,28,0.7000,0.2000,5,8,8,0,0,8,8,0.0000
8,196.0000,10,9,572.5479,-87.6250,0.1744,15,0.3750,0.8889,9,6,6,0,0,6,6,0.0000
8,196.0000,10,11,486.3484,-88.4131,0.3498,13,0.3250,0.5000,6,8,8,0,0,8,8,0.0000
8,196.0000,10,14,546.4057,-88.7445,-0.5457,4,0.1000,1.0000,8,7,6,0,0,7,6,0.1429
8,196.0000,10,20,599.2639,-89.3007,-0.0457,7,0.1750,1.0000,8,6,6,0,0,6,6,0.0000
8,196.0000,11,1,383.1697,-87.1209,0.0437,22,0.5500,0.7500,8,6,4,0,0,6,4,0.3333
8,196.0000,11,9,437.9827,-87.7794,0.4524,21,0.5250,0.8750,8,8,7,0,0,8,7,0.1250
8,196.0000,11,10,486.3484,-87.8981,-0.2460,12,0.3000,0.8571,7,8,8,0,0,8,8,0.0000
8,196.0000,11,14,508.5053,-88.4984,0.0494,21,0.5250,0.8571,7,8,8,0,0,8,8,0.0000
8,196.0000,11,15,523.4353,-88.5528,0.3057,13,0.3250,1.0000,6,8,7,0,0,8,7,0.1250
8,196.0000,12,14,732.9333,-88.6170,1.6385,3,0.0750,1.0000,6,4,4,0,0,4,4,0.0000
8,196.0000,13,16,500.4726,-88.4412,0.0172,15,0.3659,1.0000,14,8,8,0,0,8,8,0.0000
8,196.0000,13,19,291.9887,-85.4465,0.5184,33,0.8049,0.3111,90,5,1,75,4,80,5,0.9375
8,196.0000,14,1,542.0020,-89.1005,-0.0889,10,0.2500,1.0000,8,8,6,0,0,8,6,0.2500
8,196.0000,14,10,546.4057,-88.9676,0.2270,9,0.2250,1.0000,8,7,6,0,0,7,6,0.1429
8,196.0000,14,11,508.5053,-88.3695,0.1100,16,0.4000,1.0000,8,8,8,0,0,8,8,0.0000
8,196.0000,14,19,433.5494,-88.1980,0.2254,26,0.6500,1.0000,8,8,7,0,0,8,7,0.1250
8,196.0000,15,1,144.3622,-80.0622,1.1292,38,0.9500,0.0000,4,4,0,0,0,4,0,1.0000
8,196.0000,15,6,487.9109,-88.1561,0.2562,8,0.2000,1.0000,8,7,6,0,0,7,6,0.1429
8,196.0000,15,9,474.9568,-88.0740,0.4048,8,0.2000,1.0000,8,7,4,0,0,7,4,0.4286
8,196.0000,15,11,523.4353,-89.0346,-0.1748,4,0.1000,1.0000,8,6,4,0,0,6,4,0.3333
8,196.0000,15,14,644.9220,-89.2609,-0.2138,3,0.0750,1.0000,8,6,6,0,0,6,6,0.0000
8,196.0000,16,13,500.4726,-88.5188,-0.3028,18,0.4500,0.8571,7,8,8,0,0,8,8,0.0000
8,196.0000,16,19,619.1590,-89.2260,-0.2612,7,0.1750,1.0000,8,6,6,0,0,6,6,0.0000
8,196.0000,16,25,568.6199,-88.4494,-0.2506,11,0.2750,0.8571,7,8,8,0,0,8,8,0.0000
8,196.0000,16,27,412.3819,-87.6063,0.0192,14,0.3500,0.5000,6,6,3,0,0,6,3,0.5000
8,196.0000,17,2,408.9603,-87.6754,0.2580,25,0.6250,0.8571,7,8,6,0,0,8,6,0.2500
8,196.0000,17,4,521.0890,-88.8828,0.2253,11,0.2750,0.8750,8,8,8,0,0,8,8,0.0000
8,196.0000,17,21,537.8324,-88.8570,-0.0145,15,0.3750,0.8750,8,8,8,0,0,8,8,0.0000
8,196.0000,18,26,478.3047,-88.1067,0.3525,21,0.5250,0.8571,7,7,6,0,0,7,6,0.1429
8,196.0000,19,10,640.8741,-89.5470,0.2735,4,0.1000,1.0000,6,6,6,0,0,6,6,0.0000
8,196.0000,19,13,291.9887,-85.8118,0.8901,33,0.8250,0.2000,5,4,0,0,0,4,0,1.0000
8,196.0000,19,14,433.5494,-87.8909,0.3080,14,0.3500,0.5000,6,6,3,0,0,6,3,0.5000
8,196.0000,19,16,619.1590,-88.9257,-1.8796,7,0.1750,0.9627,134,6,6,73,72,79,78,0.0127
8,196.0000,20,5,581.1036,-89.2170,0.0604,5,0.1220,1.0000,2,6,4,0,0,6,4,0.3333
8,196.0000,20,6,631.5563,-89.2789,-0.3994,4,0.0976,1.0000,6,8,8,0,0,8,8,0.0000
8,196.0000,20,7,537.5602,-88.7953,-0.1971,19,0.4634,1.0000,8,7,6,0,0,7,6,0.1429
8,196.0000,20,9,447.4086,-88.2515,0.0260,25,0.6098,0.7143,7,8,7,0,0,8,7,0.1250
8,196.0000,20,10,599.2639,-89.5768,-0.0775,5,0.1220,0.8571,7,8,8,0,0,8,8,0.0000
8,196.0000,21,2,218.2710,-82.2858,-0.4486,39,1.0000,0.0000,4,4,0,0,0,4,0,1.0000
8,196.0000,21,4,216.4379,-82.1219,-0.1856,39,1.0000,0.0000,3,4,0,0,0,4,0,1.0000
8,196.0000,21,17,537.8324,-88.1617,-0.1115,11,0.2821,0.8571,7,7,6,0,0,7,6,0.1429
8,196.0000,21,22,560.6644,-88.6866,0.0970,4,0.1026,1.0000,8,8,8,0,0,8,8,0.0000
8,196.0000,21,24,380.7280,-88.1898,0.2068,24,0.6154,0.8750,8,5,2,0,0,5,2,0.6000
8,196.0000,22,2,548.6626,-89.1604,0.5575,8,0.2000,1.0000,8,6,5,0,0,6,5,0.1667
8,196.0000,22,4,540.5818,-88.8409,-0.9094,7,0.1750,1.0000,8,7,6,0,0,7,6,0.1429
8,196.0000,22,7,366.3559,-86.9928,0.5227,27,0.6750,0.6250,8,6,3,0,0,6,3,0.5000
8,196.0000,22,8,491.4670,-89.1375,0.1452,10,0.2500,0.8571,7,6,4,0,0,6,4,0.3333
8,196.0000,22,20,656.6337,-89.5424,-0.0930,3,0.0750,1.0000,6,8,8,0,0,8,8,0.0000
8,196.0000,22,21,560.6644,-88.7561,-0.2064,6,0.1500,1.0000,8,8,8,0,0,8,8,0.0000
8,196.0000,22,24,242.6523,-83.5845,-0.0462,39,0.9750,0.0000,4,6,2,0,0,6,2,0.6667
8,196.0000,23,6,746.3296,-88.4578,0.6982,3,0.0750,1.0000,8,2,2,0,0,2,2,0.0000
8,196.0000,23,26,585.7660,-88.7640,0.1995,6,0.1500,0.8571,7,8,8,0,0,8,8,0.0000
8,196.0000,24,2,321.2209,-86.7585,0.3794,32,0.8000,0.0000,4,5,2,0,0,5,2,0.6000
8,196.0000,24,4,305.8490,-85.7337,0.2178,33,0.8250,0.2000,5,5,1,0,0,5,1,0.8000
8,196.0000,24,7,548.5062,-87.7747,-0.1505,7,0.1750,0.8750,8,8,8,0,0,8,8,0.0000
8,196.0000,24,8,508.0925,-88.6185,0.0688,12,0.3000,1.0000,8,8,7,0,0,8,7,0.1250
8,196.0000,24,17,649.3286,-89.1490,-0.3812,3,0.0750,1.0000,2,8,8,0,0,8,8,0.0000
8,196.0000,24,21,380.7280,-87.6720,0.1679,20,0.5000,0.7143,7,4,0,0,0,4,0,1.0000
8,196.0000,24,22,242.6523,-83.6654,0.6856,40,1.0000,0.0000,4,4,0,0,0,4,0,1.0000
8,196.0000,25,3,747.0196,-89.4916,0.0043,3,0.0750,1.0000,4,8,8,0,0,8,8,0.0000
8,196.0000,25,5,735.7603,-88.6876,-0.1505,8,0.2000,1.0000,8,4,4,0,0,4,4,0.0000
8,196.0000,25,16,568.6199,-88.9997,0.1213,12,0.3000,0.8750,8,8,8,0,0,8,8,0.0000
8,196.0000,26,6,657.1551,-89.0956,1.7514,4,0.1000,1.0000,8,6,6,0,0,6,6,0.0000
8,196.0000,26,18,478.3047,-87.7402,0.3057,14,0.3500,0.5000,6,8,8,0,0,8,8,0.0000
8,196.0000,26,23,585.7660,-88.7846,-0.2153,6,0.1500,0.8750,8,8,8,0,0,8,8,0.0000
8,196.0000,27,16,412.3819,-87.8997,0.3537,23,0.5750,0.5000,6,5,1,0,0,5,1,0.8000
8,200.0000,0,12,632.7371,-89.7863,0.1173,3,0.0750,1.0000,6,8,7,0,0,8,7,0.1250
8,200.0000,1,6,533.3484,-88.2643,0.6232,8,0.2000,1.0000,8,8,8,0,0,8,8,0.0000
8,200.0000,1,9,454.8381,-87.4948,-0.1852,20,0.5000,0.8571,7,7,6,0,0,7,6,0.1429
8,200.0000,1,11,393.8386,-86.6477,-0.1730,28,0.7000,0.4000,5,7,6,0,0,7,6,0.1429
8,200.0000,1,14,549.3742,-88.3010,-0.1139,15,0.3750,0.8571,7,8,7,0,0,8,7,0.1250
8,200.0000,1,15,175.7532,-79.0130,-0.1193,39,0.9750,0.0000,4,4,0,0,0,4,0,1.0000
8,200.0000,2,4,126.0205,-77.0322,0.1007,39,0.9750,0.0000,4,4,0,0,0,4,0,1.0000
8,200.0000,2,17,378.9166,-86.9258,0.0553,27,0.6750,0.3333,6,5,1,0,0,5,1,0.8000
8,200.0000,2,21,274.7414,-83.2835,-0.5288,38,0.9500,0.0000,4,6,3,0,0,6,3,0.5000
8,200.0000,2,22,512.2738,-88.3528,-0.5634,11,0.2750,0.8889,9,6,5,0,0,6,5,0.1667
8,200.0000,2,24,246.9092,-84.5922,0.0464,37,0.9250,0.2000,5,4,0,0,0,4,0,1.0000
8,200.0000,4,2,126.0205,-76.7147,0.0087,39,0.9750,0.0000,4,4,0,0,0,4,0,1.0000
8,200.0000,4,8,615.7134,-88.4616,-0.7298,4,0.1000,1.0000,8,8,8,0,0,8,8,0.0000
8,200.0000,4,17,501.8096,-88.5996,-0.1323,15,0.3750,1.0000,7,8,6,0,0,8,6,0.2500
8,200.0000,4,21,279.1993,-83.2483,-0.3388,39,0.9750,0.2000,5,5,1,0,0,5,1,0.8000
8,200.0000,4,22,524.5345,-88.1601,-0.0894,11,0.2750,1.0000,8,7,6,0,0,7,6,0.1429
8,200.0000,4,24,286.8144,-84.8748,-0.0815,34,0.8500,0.4000,5,5,1,0,0,5,1,0.8000
8,200.0000,5,8,624.5160,-89.2111,0.0638,3,0.0750,1.0000,8,4,4,0,0,4,4,0.0000
8,200.0000,5,10,440.3480,-86.8984,-0.5235,19,0.4750,0.5000,6,7,6,0,0,7,6,0.1429
8,200.0000,5,11,525.8313,-88.8070,-0.0032,11,0.2750,1.0000,8,6,4,0,0,6,4,0.3333
8,200.0000,5,20,394.8061,-87.8529,-0.0650,12,0.3000,1.0000,8,6,3,0,0,6,3,0.5000
8,200.0000,6,1,533.3484,-88.8009,-0.3310,21,0.5250,1.0000,8,8,8,0,0,8,8,0.0000
8,200.0000,6,9,147.6547,-82.4260,1.6252,39,0.9750,0.0000,4,3,0,0,0,3,0,1.0000
8,200.0000,6,15,415.4098,-87.6987,0.0075,20,0.5000,1.0000,8,6,2,0,0,6,2,0.6667
8,200.0000,6,20,618.8734,-89.2844,-0.2859,7,0.1750,1.0000,6,8,8,0,0,8,8,0.0000
8,200.0000,7,20,499.7113,-88.7550,-0.0213,13,0.3250,1.0000,8,8,8,0,0,8,8,0.0000
8,200.0000,7,21,676.8972,-89.5558,0.1674,3,0.0750,1.0000,4,2,2,0,0,2,2,0.0000
8,200.0000,7,22,371.5846,-86.9527,0.4382,30,0.7500,0.6667,6,6,3,0,0,6,3,0.5000
8,200.0000,7,24,561.5939,-88.8724,-0.1204,12,0.3000,1.0000,10,8,8,0,0,8,8,0.0000
8,200.0000,8,3,664.5815,-88.7418,0.2508,6,0.1500,1.0000,6,6,6,0,0,6,6,0.0000
8,200.0000,8,4,615.7134,-88.7783,-0.1113,3,0.0750,1.0000,8,6,5,0,0,6,5,0.1667
8,200.0000,8,5,624.5160,-88.8225,0.4876,9,0.2250,1.0000,8,8,8,0,0,8,8,0.0000
8,200.0000,8,22,380.8482,-88.1245,0.4931,24,0.6000,0.6667,6,4,0,0,0,4,0,1.0000
8,200.0000,8,24,517.7378,-88.4864,0.2928,22,0.5500,0.8571,7,8,8,0,0,8,8,0.0000
8,200.0000,9,1,454.8381,-87.9270,0.0265,23,0.5750,1.0000,8,5,3,0,0,5,3,0.4000
8,200.0000,9,6,147.6547,-82.4606,1.5976,40,1.0000,0.2000,5,4,0,0,0,4,0,1.0000
8,200.0000,9,10,768.6634,-89.8005,0.1270,4,0.1000,1.0000,6,4,4,0,0,4,4,0.0000
8,200.0000,9,11,440.2340,-87.3472,-0.2744,20,0.5000,0.5000,6,7,5,0,0,7,5,0.2857
8,200.0000,9,15,356.4799,-87.6938,0.2540,27,0.6750,0.8571,7,4,0,0,0,4,0,1.0000
8,200.0000,9,20,562.2778,-87.9517,-0.6010,15,0.3750,1.0000,8,6,6,0,0,6,6,0.0000
8,200.0000,10,5,440.3480,-87.7358,0.0094,30,0.7500,1.0000,8,6,4,0,0,6,4,0.3333
8,200.0000,10,9,768.6634,-88.8205,0.3249,4,0.1000,1.0000,6,2,2,0,0,2,2,0.0000
8,200.0000,10,11,555.9181,-88.2863,-0.0591,13,0.3250,1.0000,8,8,8,0,0,8,8,0.0000
8,200.0000,10,14,474.4293,-88.4494,0.2120,16,0.4000,0.8571,7,6,3,0,0,6,3,0.5000
8,200.0000,10,20,633.0194,-88.4264,0.0024,6,0.1500,1.0000,6,6,6,0,0,6,6,0.0000
8,200.0000,11,1,393.8386,-87.0691,0.0330,29,0.7250,0.6667,6,7,6,0,0,7,6,0.1429
8,200.0000,11,5,525.8313,-88.3220,-0.0735,10,0.2500,0.8750,8,8,8,0,0,8,8,0.0000
8,200.0000,11,6,580.9719,-89.0224,-0.2312,5,0.1250,1.0000,2,7,4,0,0,7,4,0.4286
8,200.0000,11,9,440.2340,-87.7823,-0.1491,22,0.5500,0.8750,8,7,5,0,0,7,5,0.2857
8,200.0000,11,10,555.9181,-88.1776,-0.0013,15,0.3750,1.0000,8,7,6,0,0,7,6,0.1429
8,200.0000,11,14,620.4844,-88.4946,-0.0215,11,0.2750,1.0000,8,2,2,0,0,2,2,0.0000
8,200.0000,11,15,454.8600,-88.3885,0.0195,12,0.3000,0.8750,8,7,6,0,0,7,6,0.1429
8,200.0000,11,20,619.4489,-88.7979,0.3801,4,0.1000,,0,8,8,0,0,8,8,0.0000
8,200.0000,13,14,565.5502,-88.5592,0.4274,4,0.1000,1.0000,2,7,5,0,0,7,5,0.2857
8,200.0000,13,16,524.4567,-88.2384,0.0419,12,0.3000,1.0000,8,8,8,0,0,8,8,0.0000
8,200.0000,13,19,248.2921,-84.1957,0.7315,37,0.9250,0.0625,80,4,0,4,0,8,0,1.0000
8,200.0000,14,1,549.3742,-89.4606,0.1091,6,0.1500,0.7500,8,8,7,0,0,8,7,0.1250
8,200.0000,14,10,474.4293,-87.6309,0.3303,10,0.2500,0.8571,7,7,5,0,0,7,5,0.2857
8,200.0000,14,11,620.4844,-88.7314,-0.6505,6,0.1500,1.0000,8,8,8,0,0,8,8,0.0000
8,200.0000,14,15,711.6493,-89.0628,-1.8450,3,0.0750,1.0000,6,4,4,0,0,4,4,0.0000
8,200.0000,14,19,395.7590,-87.2782,-0.2389,24,0.6000,0.8750,8,4,0,0,0,4,0,1.0000
8,200.0000,15,1,175.7532,-79.7173,-0.4123,40,1.0000,0.0000,4,4,0,0,0,4,0,1.0000
8,200.0000,15,6,415.4098,-87.7915,0.4321,20,0.5000,0.8571,7,6,2,0,0,6,2,0.6667
8,200.0000,15,9,356.4799,-87.0948,0.4313,24,0.6000,0.5714,7,4,1,0,0,4,1,0.7500
8,200.0000,15,11,454.8600,-88.1633,0.3431,12,0.3000,0.6667,6,7,4,0,0,7,4,0.4286
8,200.0000,16,13,524.4567,-88.2843,-0.1940,21,0.5250,1.0000,8,8,8,0,0,8,8,0.0000
8,200.0000,16,19,675.3620,-89.2574,-2.2735,3,0.0750,1.0000,6,4,4,0,0,4,4,0.0000
8,200.0000,16,25,618.9549,-88.5403,-0.1741,8,0.2000,1.0000,8,8,8,0,0,8,8,0.0000
8,200.0000,16,27,380.9109,-87.0704,0.1577,27,0.6750,0.5000,6,5,2,0,0,5,2,0.6000
8,200.0000,17,2,378.9166,-87.0687,0.1348,32,0.8000,0.7500,8,6,3,0,0,6,3,0.5000
8,200.0000,17,4,501.8096,-88.6986,0.2840,13,0.3250,1.0000,8,7,6,0,0,7,6,0.1429
8,200.0000,17,21,552.8959,-88.6732,-0.0052,10,0.2500,1.0000,8,7,6,0,0,7,6,0.1429
8,200.0000,17,24,479.1592,-88.6977,0.1087,10,0.2500,0.7143,7,6,3,0,0,6,3,0.5000
8,200.0000,18,26,491.0558,-88.1944,0.1349,20,0.5000,0.8571,7,8,7,0,0,8,7,0.1250
8,200.0000,19,13,248.2921,-84.6497,0.7861,39,0.9750,0.0000,4,4,0,0,0,4,0,1.0000
8,200.0000,19,14,395.7590,-86.8984,0.3626,31,0.7750,0.5000,6,4,0,0,0,4,0,1.0000
8,200.0000,20,5,394.8061,-87.9004,-0.0571,18,0.4500,0.6667,6,5,1,0,0,5,1,0.8000
8,200.0000,20,6,618.8734,-89.1212,-0.0814,4,0.1000,1.0000,8,8,8,0,0,8,8,0.0000
8,200.0000,20,7,499.7113,-88.2913,-0.4130,15,0.3750,0.8571,7,7,5,0,0,7,5,0.2857
8,200.0000,20,9,562.2778,-88.4806,-0.2699,16,0.4000,0.8750,8,7,6,0,0,7,6,0.1429
8,200.0000,20,22,666.1281,-88.9323,-0.6811,3,0.0750,1.0000,4,8,8,0,0,8,8,0.0000
8,200.0000,21,2,274.7414,-83.5756,-0.3819,40,0.9756,0.0000,4,4,0,0,0,4,0,1.0000
8,200.0000,21,4,279.1993,-83.3865,-0.9864,39,0.9512,0.0000,4,7,2,0,0,7,2,0.7143
8,200.0000,21,8,625.7793,-89.0200,0.3140,4,0.0976,,0,8,8,0,0,8,8,0.0000
8,200.0000,21,17,552.8959,-88.5435,0.1456,13,0.3171,0.8571,7,7,6,0,0,7,6,0.1429
8,200.0000,21,22,440.2066,-88.5422,0.1760,13,0.3171,1.0000,8,5,2,0,0,5,2,0.6000
8,200.0000,21,24,248.1536,-84.8940,0.9348,33,0.8049,0.4000,5,4,0,0,0,4,0,1.0000
8,200.0000,22,2,512.2738,-88.4824,0.2384,10,0.2500,0.8333,6,8,7,0,0,8,7,0.1250
8,200.0000,22,4,524.5345,-88.6475,-0.0074,13,0.3250,0.8571,7,7,6,0,0,7,6,0.1429
8,200.0000,22,7,371.5846,-86.7447,0.4567,27,0.6750,0.5000,6,5,1,0,0,5,1,0.8000
8,200.0000,22,8,380.8482,-87.7914,-0.4642,17,0.4250,0.6667,6,7,6,0,0,7,6,0.1429
8,200.0000,22,21,440.2066,-88.3664,0.3383,19,0.4750,1.0000,8,6,4,0,0,6,4,0.3333
8,200.0000,22,24,269.7220,-84.5213,-0.5204,38,0.9500,0.3333,6,5,0,0,0,5,0,1.0000
8,200.0000,23,26,573.3501,-88.3490,-0.2053,9,0.2250,1.0000,8,8,8,0,0,8,8,0.0000
8,200.0000,24,2,246.9092,-84.4274,0.3313,38,0.9500,0.4000,5,4,0,0,0,4,0,1.0000
8,200.0000,24,4,286.8144,-85.2082,0.0478,39,0.9750,0.2000,5,4,0,0,0,4,0,1.0000
8,200.0000,24,7,561.5939,-88.8498,0.8226,7,0.1750,1.0000,8,8,8,0,0,8,8,0.0000
8,200.0000,24,8,517.7378,-88.8186,0.0106,15,0.3750,0.8750,8,7,6,0,0,7,6,0.1429
8,200.0000,24,17,479.1592,-88.9345,0.2823,6,0.1500,1.0000,8,6,4,0,0,6,4,0.3333
8,200.0000,24,21,248.1536,-85.7071,0.5301,36,0.9000,0.0000,4,4,0,0,0,4,0,1.0000
8,200.0000,24,22,269.7220,-83.5988,-0.0233,40,1.0000,0.0000,4,6,2,0,0,6,2,0.6667
8,200.0000,25,16,618.9549,-88.3809,0.4500,8,0.2000,1.0000,8,6,6,0,0,6,6,0.0000
8,200.0000,25,27,568.2151,-89.0118,0.1299,6,0.1500,0.8571,7,8,8,0,0,8,8,0.0000
8,200.0000,26,18,491.0558,-88.0717,0.1346,16,0.4000,1.0000,8,8,8,0,0,8,8,0.0000
8,200.0000,26,23,573.3501,-88.9765,0.0149,6,0.1500,1.0000,8,7,6,0,0,7,6,0.1429
8,200.0000,27,16,380.9109,-87.4953,0.2237,24,0.6000,0.2000,5,8,5,0,0,8,5,0.3750
8,200.0000,27,25,568.2151,-89.2430,0.2373,5,0.1250,1.0000,8,8,8,0,0,8,8,0.0000
8,204.0000,0,12,480.4290,-88.9514,-0.1004,14,0.3500,0.8750,8,6,4,0,0,6,4,0.3333
8,204.0000,1,6,554.4463,-89.0991,0.3993,7,0.1750,1.0000,8,8,8,0,0,8,8,0.0000
8,204.0000,1,9,531.2382,-88.0853,0.3007,19,0.4750,0.8571,7,8,8,0,0,8,8,0.0000
8,204.0000,1,11,491.5952,-87.4487,-0.5228,23,0.5750,0.8571,7,8,7,0,0,8,7,0.1250
8,204.0000,1,14,578.8920,-88.1750,-0.2110,8,0.2000,0.8750,8,8,8,0,0,8,8,0.0000
8,204.0000,1,15,283.0016,-82.0915,-1.2187,40,1.0000,0.0000,4,5,1,0,0,5,1,0.8000
8,204.0000,2,4,140.0496,-78.1251,-0.2766,40,1.0000,0.0000,4,4,0,0,0,4,0,1.0000
8,204.0000,2,17,367.1938,-86.6255,0.4357,32,0.8000,0.2000,5,6,4,0,0,6,4,0.3333
8,204.0000,2,21,361.7477,-85.9704,-0.0674,36,0.9000,0.5000,6,7,5,0,0,7,5,0.2857
8,204.0000,2,22,483.6451,-88.0878,0.0628,14,0.3500,0.8333,6,8,7,0,0,8,7,0.1250
8,204.0000,2,24,242.6148,-83.4249,-0.2292,38,0.9500,0.0000,4,4,0,0,0,4,0,1.0000
8,204.0000,4,2,140.0496,-77.2593,-0.4637,40,1.0000,0.0000,4,4,0,0,0,4,0,1.0000
8,204.0000,4,8,577.9077,-89.2573,-0.4088,8,0.2000,1.0000,8,8,8,0,0,8,8,0.0000
8,204.0000,4,17,505.9354,-88.9005,-0.0034,20,0.5000,0.7500,8,7,6,0,0,7,6,0.1429
8,204.0000,4,21,376.7544,-85.9684,-0.5345,35,0.8750,0.2000,5,6,2,0,0,6,2,0.6667
8,204.0000,4,22,520.8934,-88.6879,0.0087,13,0.3250,0.8571,7,6,6,0,0,6,6,0.0000
8,204.0000,4,24,343.5069,-85.7082,-0.6031,38,0.9500,0.2000,5,8,6,0,0,8,6,0.2500
8,204.0000,5,8,663.4558,-89.2688,0.2497,3,0.0769,1.0000,4,4,4,0,0,4,4,0.0000
8,204.0000,5,10,589.5118,-88.1350,-1.0419,9,0.2308,0.8571,7,8,8,0,0,8,8,0.0000
8,204.0000,5,11,438.0894,-88.3614,0.1101,15,0.3846,0.6667,6,8,8,0,0,8,8,0.0000
8,204.0000,5,20,255.6617,-85.5408,1.2617,32,0.8205,0.5000,6,5,1,0,0,5,1,0.8000
8,204.0000,6,1,554.4463,-88.7337,-0.1411,12,0.3000,1.0000,8,8,8,0,0,8,8,0.0000
8,204.0000,6,9,188.5070,-78.5560,-0.3951,39,0.9750,0.0000,3,4,0,0,0,4,0,1.0000
8,204.0000,6,11,488.6318,-88.6286,-0.0710,9,0.2250,0.8333,6,8,7,0,0,8,7,0.1250
8,204.0000,6,15,337.1543,-86.7165,0.1597,29,0.7250,0.3333,6,5,1,0,0,5,1,0.8000
8,204.0000,6,20,599.5725,-89.2740,0.2633,4,0.1000,1.0000,8,8,8,0,0,8,8,0.0000
8,204.0000,7,8,571.6178,-89.1300,-0.1740,5,0.1250,1.0000,8,7,6,0,0,7,6,0.1429
8,204.0000,7,20,474.9857,-88.3500,0.0815,14,0.3500,1.0000,8,6,4,0,0,6,4,0.3333
8,204.0000,7,21,634.6241,-89.1759,0.1417,4,0.1000,1.0000,2,6,6,0,0,6,6,0.0000
8,204.0000,7,22,407.3006,-86.9823,-0.2668,22,0.5500,0.5000,6,7,3,0,0,7,3,0.5714
8,204.0000,7,24,623.1033,-88.1459,-0.1496,9,0.2250,1.0000,8,8,8,0,0,8,8,0.0000
8,204.0000,8,2,609.4676,-88.5316,0.4658,3,0.0750,1.0000,6,8,8,0,0,8,8,0.0000
8,204.0000,8,4,577.9077,-88.9660,0.2906,5,0.1250,0.8333,6,8,8,0,0,8,8,0.0000
8,204.0000,8,7,571.6178,-89.3587,0.1868,6,0.1500,1.0000,2,8,8,0,0,8,8,0.0000
8,204.0000,8,20,661.7935,-89.1340,-0.7633,3,0.0750,,0,8,8,0,0,8,8,0.0000
8,204.0000,8,21,435.9136,-89.2304,0.3521,11,0.2750,0.8750,8,5,1,0,0,5,1,0.8000
8,204.0000,8,22,283.8769,-86.0009,0.2294,37,0.9250,0.0000,4,4,0,0,0,4,0,1.0000
8,204.0000,8,24,528.6138,-88.3264,-0.2710,11,0.2750,1.0000,8,7,5,0,0,7,5,0.2857
8,204.0000,9,1,531.2382,-88.3864,-0.3527,8,0.2051,0.6000,5,10,9,0,0,10,9,0.1000
8,204.0000,9,6,188.5070,-78.3266,-0.5427,39,1.0000,0.0000,4,5,1,0,0,5,1,0.8000
8,204.0000,9,11,481.2416,-87.5565,0.7493,15,0.3846,0.7143,7,7,6,0,0,7,6,0.1429
8,204.0000,9,15,256.2532,-85.1256,0.6476,36,0.9231,0.0000,4,5,2,0,0,5,2,0.6000
8,204.0000,9,20,715.8591,-88.8434,-0.4895,4,0.1026,1.0000,6,4,4,0,0,4,4,0.0000
8,204.0000,10,5,589.5118,-88.1535,-0.4051,10,0.2500,0.6667,6,6,6,0,0,6,6,0.0000
8,204.0000,10,11,651.1429,-89.1874,0.1256,5,0.1250,1.0000,8,8,8,0,0,8,8,0.0000
8,204.0000,10,13,527.1177,-89.2926,-0.0263,5,0.1250,0.8750,8,8,7,0,0,8,7,0.1250
8,204.0000,10,14,396.7032,-87.6908,0.3278,24,0.6000,0.5000,6,7,2,0,0,7,2,0.7143
8,204.0000,10,19,646.8617,-88.7354,0.0876,9,0.2250,1.0000,4,8,7,0,0,8,7,0.1250
8,204.0000,10,20,652.9899,-89.1140,0.6587,4,0.1000,1.0000,6,6,6,0,0,6,6,0.0000
8,204.0000,11,1,491.5952,-87.0483,-0.2037,25,0.6250,0.8571,7,7,6,0,0,7,6,0.1429
8,204.0000,11,5,438.0894,-87.9673,0.2044,18,0.4500,1.0000,8,6,4,47,29,53,33,0.3774
8,204.0000,11,6,488.6318,-89.1601,0.6279,10,0.2500,0.5714,7,7,6,0,0,7,6,0.1429
8,204.0000,11,9,481.2416,-87.4374,-0.2487,17,0.4250,0.7143,7,8,8,0,0,8,8,0.0000
8,204.0000,11,10,651.1429,-88.7082,0.3015,3,0.0750,0.8571,7,8,8,0,0,8,8,0.0000
8,204.0000,11,15,413.9428,-87.2746,0.1984,20,0.5000,0.8571,7,7,5,0,0,7,5,0.2857
8,204.0000,12,0,480.4290,-88.2436,0.2187,14,0.3500,1.0000,8,8,8,0,0,8,8,0.0000
8,204.0000,13,10,527.1177,-88.8641,0.2506,4,0.1000,1.0000,8,5,2,0,0,5,2,0.6000
8,204.0000,13,14,420.7171,-88.6148,0.6777,14,0.3500,0.7143,7,4,0,0,0,4,0,1.0000
8,204.0000,13,16,585.1017,-88.6022,-0.1918,10,0.2500,1.0000,8,8,8,0,0,8,8,0.0000
8,204.0000,13,19,284.0657,-84.8776,-0.5463,39,0.9750,0.0000,8,4,0,0,0,4,0,1.0000
8,204.0000,14,1,578.8920,-88.6236,0.3829,13,0.3250,0.8750,8,8,8,0,0,8,8,0.0000
8,204.0000,14,10,396.7032,-88.1691,0.2757,27,0.6750,0.7143,7,5,2,0,0,5,2,0.6000
8,204.0000,14,13,420.7171,-88.2897,0.0314,19,0.4750,0.8571,7,6,2,0,0,6,2,0.6667
8,204.0000,14,19,350.1451,-87.1146,0.4296,32,0.8000,0.0000,4,5,1,0,0,5,1,0.8000
8,204.0000,15,1,283.0016,-82.9562,-1.2518,40,1.0000,0.0000,4,6,2,0,0,6,2,0.6667
8,204.0000,15,6,337.1543,-86.9665,0.1687,35,0.8750,0.3333,6,5,1,0,0,5,1,0.8000
8,204.0000,15,9,256.2532,-85.7521,1.3644,36,0.9000,0.2500,4,4,0,0,0,4,0,1.0000
8,204.0000,15,11,413.9428,-87.3522,-0.1841,27,0.6750,0.5714,7,6,2,59,40,65,42,0.3538
8,204.0000,16,13,585.1017,-87.9522,0.5031,9,0.2308,1.0000,8,8,8,0,0,8,8,0.0000
8,204.0000,16,25,667.9520,-88.4456,0.9196,5,0.1282,1.0000,8,4,4,0,0,4,4,0.0000
8,204.0000,16,27,424.3260,-87.2756,-0.3874,23,0.5897,0.4000,5,7,6,0,0,7,6,0.1429
8,204.0000,17,2,367.1938,-87.2202,-0.2511,32,0.8000,0.5000,6,7,4,0,0,7,4,0.4286
8,204.0000,17,4,505.9354,-88.5356,-0.2216,16,0.4000,0.8571,7,8,8,0,0,8,8,0.0000
8,204.0000,17,21,571.0321,-88.5601,-0.0229,9,0.2250,0.8571,7,10,10,0,0,10,10,0.0000
8,204.0000,17,22,586.4352,-89.7304,0.0244,6,0.1500,1.0000,6,5,4,0,0,5,4,0.2000
8,204.0000,17,24,328.0475,-86.9364,0.5520,29,0.7250,0.5000,6,4,0,0,0,4,0,1.0000
8,204.0000,18,26,563.6767,-88.1189,-0.3590,16,0.4103,0.8750,8,8,8,0,0,8,8,0.0000
8,204.0000,19,13,284.0657,-84.3360,-0.9467,38,0.9500,0.0000,4,4,0,0,0,4,0,1.0000
8,204.0000,19,14,350.1451,-87.2515,0.1195,29,0.7250,0.0000,4,5,1,0,0,5,1,0.8000
8,204.0000,20,5,255.6617,-85.5722,0.7730,33,0.8250,0.2000,5,5,1,0,0,5,1,0.8000
8,204.0000,20,6,599.5725,-88.8090,0.0056,7,0.1750,1.0000,8,6,6,0,0,6,6,0.0000
8,204.0000,20,7,474.9857,-88.4674,0.3256,11,0.2750,0.7143,7,8,7,0,0,8,7,0.1250
8,204.0000,20,9,715.8591,-89.1459,-0.0948,3,0.0750,0.8571,7,6,6,0,0,6,6,0.0000
8,204.0000,20,11,552.0324,-88.8161,0.1869,9,0.2250,1.0000,4,6,5,0,0,6,5,0.1667
8,204.0000,21,2,361.7477,-85.5550,-0.3730,30,0.7500,0.0000,4,7,4,0,0,7,4,0.4286
8,204.0000,21,4,376.7544,-86.0732,-0.5274,38,0.9500,0.2857,7,6,4,0,0,6,4,0.3333
8,204.0000,21,8,435.9136,-88.5209,0.0179,13,0.3250,1.0000,8,6,3,0,0,6,3,0.5000
8,204.0000,21,17,571.0321,-88.5690,-0.1059,9,0.2250,0.8571,7,8,8,0,0,8,8,0.0000
8,204.0000,21,22,337.8436,-87.0827,0.3387,25,0.6250,0.4000,5,5,1,0,0,5,1,0.8000
8,204.0000,21,24,254.8633,-83.0646,-0.0503,38,0.9500,0.0000,4,5,2,0,0,5,2,0.6000
8,204.0000,22,2,483.6451,-88.5475,-0.1624,15,0.3750,0.8750,8,10,9,0,0,10,9,0.1000
8,204.0000,22,4,520.8934,-88.4196,-0.3976,13,0.3250,0.8571,7,8,8,0,0,8,8,0.0000
8,204.0000,22,7,407.3006,-86.8227,-0.5519,19,0.4750,0.2000,5,7,4,0,0,7,4,0.4286
8,204.0000,22,8,283.8769,-86.1914,0.5402,33,0.8250,0.8571,7,4,0,0,0,4,0,1.0000
8,204.0000,22,20,700.8810,-88.7148,0.2309,10,0.2500,1.0000,4,4,4,0,0,4,4,0.0000
8,204.0000,22,21,337.8436,-87.4327,0.2356,28,0.7000,0.6667,6,4,0,0,0,4,0,1.0000
8,204.0000,22,24,315.5777,-85.3524,-0.2094,36,0.9000,0.0000,5,4,1,0,0,4,1,0.7500
8,204.0000,23,26,489.7336,-88.9283,0.5232,7,0.1750,1.0000,8,7,5,0,0,7,5,0.2857
8,204.0000,24,2,242.6148,-83.3368,-0.0340,39,0.9750,0.0000,4,5,1,0,0,5,1,0.8000
8,204.0000,24,4,343.5069,-85.6979,-0.5302,34,0.8500,0.0000,4,4,0,0,0,4,0,1.0000
8,204.0000,24,7,623.1033,-88.4246,0.5630,6,0.1500,1.0000,8,8,8,0,0,8,8,0.0000
8,204.0000,24,8,528.6138,-88.7412,-0.2423,14,0.3500,0.8571,7,8,8,0,0,8,8,0.0000
8,204.0000,24,17,328.0475,-87.0039,0.5635,23,0.5750,0.6667,6,5,1,0,0,5,1,0.8000
8,204.0000,24,21,254.8633,-83.4386,-0.1480,39,0.9750,0.0000,4,5,1,0,0,5,1,0.8000
8,204.0000,24,22,315.5777,-85.3964,-0.1247,36,0.9000,0.3333,6,5,1,0,0,5,1,0.8000
8,204.0000,25,16,667.9520,-89.1326,0.0193,4,0.1000,1.0000,6,6,6,0,0,6,6,0.0000
8,204.0000,25,27,499.5061,-88.5338,0.5000,11,0.2750,1.0000,8,7,6,0,0,7,6,0.1429
8,204.0000,26,18,563.6767,-88.2898,0.0690,19,0.4750,1.0000,8,8,8,0,0,8,8,0.0000
8,204.0000,26,23,489.7336,-88.5325,0.1025,8,0.2000,0.8571,7,6,3,0,0,6,3,0.5000
8,204.0000,27,16,424.3260,-87.5414,-0.0535,25,0.6250,0.6250,8,8,8,0,0,8,8,0.0000
8,204.0000,27,25,499.5061,-88.8610,0.4971,12,0.3000,1.0000,8,7,5,0,0,7,5,0.2857
8,208.0000,0,12,347.9399,-87.0242,0.3108,24,0.6000,0.6667,6,4,0,0,0,4,0,1.0000
8,208.0000,1,6,535.6419,-88.9679,0.3089,8,0.2000,1.0000,8,8,8,0,0,8,8,0.0000
8,208.0000,1,9,625.5169,-89.2050,-0.4457,6,0.1500,1.0000,8,4,4,0,0,4,4,0.0000
8,208.0000,1,11,599.9091,-88.5535,-0.3729,11,0.2750,0.8750,8,6,6,0,0,6,6,0.0000
8,208.0000,1,14,603.9816,-88.7860,0.2703,6,0.1500,1.0000,8,8,8,0,0,8,8,0.0000
8,208.0000,1,15,406.5855,-86.5520,-0.2305,32,0.8000,0.2000,5,7,5,0,0,7,5,0.2857
8,208.0000,2,3,665.5002,-89.4722,-0.6347,3,0.0750,1.0000,4,8,8,0,0,8,8,0.0000
8,208.0000,2,4,151.0144,-78.5038,-0.1678,40,1.0000,0.0000,4,4,0,0,0,4,0,1.0000
8,208.0000,2,8,564.1115,-88.9604,0.2861,13,0.3250,0.8750,8,7,5,0,0,7,5,0.2857
8,208.0000,2,17,380.1095,-86.2208,-0.1818,34,0.8500,0.6667,6,7,5,0,0,7,5,0.2857
8,208.0000,2,21,439.0526,-87.0659,-0.2780,27,0.6750,0.7143,7,7,6,0,0,7,6,0.1429
8,208.0000,2,22,447.2727,-88.0023,0.0960,18,0.4500,0.8750,8,7,6,0,0,7,6,0.1429
8,208.0000,2,24,298.4546,-84.1066,-1.1984,39,0.9750,0.0000,4,4,0,0,0,4,0,1.0000
8,208.0000,3,4,583.2153,-89.2870,0.2244,4,0.1026,,0,7,6,0,0,7,6,0.1429
8,208.0000,4,2,151.0144,-78.7635,0.1699,40,1.0000,0.0000,4,4,0,0,0,4,0,1.0000
8,208.0000,4,8,600.5653,-88.9544,0.4033,5,0.1250,1.0000,8,8,8,0,0,8,8,0.0000
8,208.0000,4,17,530.0087,-88.2581,-0.0492,16,0.4000,0.8571,7,7,6,0,0,7,6,0.1429
8,208.0000,4,21,481.4637,-87.8013,-0.2652,24,0.6000,0.3333,6,8,7,0,0,8,7,0.1250
8,208.0000,4,22,535.7937,-88.5062,0.5148,7,0.1750,1.0000,6,7,6,0,0,7,6,0.1429
8,208.0000,4,24,437.9117,-86.9994,-0.4001,26,0.6500,0.7500,8,6,4,0,0,6,4,0.3333
8,208.0000,5,6,632.9981,-89.6571,-0.0023,5,0.1250,1.0000,8,2,2,0,0,2,2,0.0000
8,208.0000,5,7,520.2406,-89.4717,0.1718,4,0.1000,1.0000,4,7,5,0,0,7,5,0.2857
8,208.0000,5,11,372.1477,-86.7794,-0.3833,20,0.5000,1.0000,8,5,2,0,0,5,2,0.6000
8,208.0000,5,20,244.6250,-83.2466,-0.0058,38,0.9500,0.2000,5,5,2,0,0,5,2,0.6000
8,208.0000,6,1,535.6419,-87.9865,0.0416,10,0.2500,1.0000,8,8,8,0,0,8,8,0.0000
8,208.0000,6,5,632.9981,-88.6822,0.0466,6,0.1500,1.0000,8,8,8,0,0,8,8,0.0000
8,208.0000,6,9,355.0700,-84.1353,-1.5045,36,0.9000,0.0000,4,7,6,0,0,7,6,0.1429
8,208.0000,6,11,459.2622,-88.0815,0.5420,15,0.3750,0.8750,8,5,2,0,0,5,2,0.6000
8,208.0000,6,15,270.4540,-84.9052,0.2116,35,0.8750,0.2000,5,4,0,0,0,4,0,1.0000
8,208.0000,6,20,605.0402,-89.1229,-0.0746,5,0.1250,1.0000,8,8,8,0,0,8,8,0.0000
8,208.0000,7,5,520.2406,-88.9923,-0.9876,6,0.1500,0.8333,6,8,7,0,0,8,7,0.1250
8,208.0000,7,8,495.7719,-88.7308,0.0904,9,0.2250,0.8571,7,8,8,0,0,8,8,0.0000
8,208.0000,7,20,440.6670,-88.0153,0.0112,12,0.3000,0.6667,6,7,6,0,0,7,6,0.1429
8,208.0000,7,21,626.1349,-89.2489,-0.1533,3,0.0750,1.0000,6,8,8,0,0,8,8,0.0000
8,208.0000,7,22,474.5724,-88.1962,-0.2159,21,0.5250,0.4286,7,8,6,0,0,8,6,0.2500
8,208.0000,7,24,741.4668,-88.4950,0.8107,4,0.1000,1.0000,8,4,4,0,0,4,4,0.0000
8,208.0000,8,2,564.1115,-88.5871,-0.0836,10,0.2500,1.0000,8,7,6,0,0,7,6,0.1429
8,208.0000,8,4,600.5653,-89.1092,0.6943,5,0.1250,1.0000,8,8,8,0,0,8,8,0.0000
8,208.0000,8,5,677.6074,-89.0126,0.3125,3,0.0750,,0,8,8,0,0,8,8,0.0000
8,208.0000,8,7,495.7719,-88.9133,0.6422,13,0.3250,1.0000,8,6,4,0,0,6,4,0.3333
8,208.0000,8,21,257.8078,-85.6675,1.7597,26,0.6500,0.2000,5,4,0,0,0,4,0,1.0000
8,208.0000,8,22,225.9726,-83.4902,0.2825,40,1.0000,0.0000,4,4,0,0,0,4,0,1.0000
8,208.0000,8,24,544.0766,-88.4069,-0.1281,14,0.3500,0.7143,7,8,7,0,0,8,7,0.1250
8,208.0000,9,1,625.5169,-88.4346,0.2727,8,0.2000,0.9000,10,4,4,0,0,4,4,0.0000
8,208.0000,9,6,355.0700,-84.4508,-1.7534,39,0.9750,0.2000,5,6,4,0,0,6,4,0.3333
8,208.0000,9,11,565.5461,-88.5766,0.0673,11,0.2750,0.8571,7,8,8,0,0,8,8,0.0000
8,208.0000,9,15,255.8670,-84.0477,-0.0251,40,1.0000,0.4000,5,4,0,0,0,4,0,1.0000
8,208.0000,10,13,407.8731,-87.9570,0.4811,22,0.5500,0.8750,8,7,3,0,0,7,3,0.5714
8,208.0000,10,14,315.1427,-87.2997,0.2328,32,0.8000,0.2857,7,4,1,0,0,4,1,0.7500
8,208.0000,10,19,475.9770,-88.4153,0.5391,8,0.2000,0.8750,8,7,6,0,0,7,6,0.1429
8,208.0000,10,20,674.5071,-89.4586,0.0669,4,0.1000,1.0000,6,8,8,0,0,8,8,0.0000
8,208.0000,11,1,599.9091,-87.5018,-1.0709,11,0.2750,0.8571,7,8,8,0,0,8,8,0.0000
8,208.0000,11,5,372.1477,-86.6328,0.6335,24,0.6000,0.6226,53,5,1,98,42,103,43,0.5825
8,208.0000,11,6,459.2622,-88.1855,0.1287,20,0.5000,0.8571,7,8,4,0,0,8,4,0.5000
8,208.0000,11,9,565.5461,-88.2970,0.2604,10,0.2500,1.0000,8,8,8,0,0,8,8,0.0000
8,208.0000,11,15,388.4267,-87.4476,0.4049,26,0.6500,0.7143,7,5,1,0,0,5,1,0.8000
8,208.0000,11,20,518.1312,-88.7235,0.3087,10,0.2500,1.0000,8,7,6,0,0,7,6,0.1429
8,208.0000,12,0,347.9399,-86.9910,0.2552,29,0.7436,1.0000,8,5,1,0,0,5,1,0.8000
8,208.0000,13,10,407.8731,-88.3951,-0.2198,24,0.6000,0.4000,5,7,4,0,0,7,4,0.4286
8,208.0000,13,14,289.9295,-87.0982,0.2083,33,0.8250,0.0000,4,4,0,0,0,4,0,1.0000
8,208.0000,13,16,669.5625,-89.2630,-0.2414,5,0.1250,1.0000,8,6,6,0,0,6,6,0.0000
8,208.0000,13,19,207.0136,-83.2154,0.6923,39,0.9750,0.0000,4,4,0,0,0,4,0,1.0000
8,208.0000,14,1,603.9816,-89.0842,-0.0189,3,0.0750,1.0000,8,8,8,0,0,8,8,0.0000
8,208.0000,14,10,315.1427,-86.3374,0.0636,32,0.8000,0.4000,5,4,0,0,0,4,0,1.0000
8,208.0000,14,13,289.9295,-86.6104,0.1845,29,0.7250,0.3333,6,4,0,0,0,4,0,1.0000
8,208.0000,14,19,213.0105,-84.3640,1.4204,37,0.9250,0.2000,5,4,0,0,0,4,0,1.0000
8,208.0000,15,1,406.5855,-86.2733,-0.1622,37,0.9250,0.3333,6,7,6,0,0,7,6,0.1429
8,208.0000,15,6,270.4540,-84.9136,0.5137,39,0.9750,0.2000,5,4,0,0,0,4,0,1.0000
8,208.0000,15,9,255.8670,-83.9982,-0.1858,40,1.0000,0.0000,4,4,0,0,0,4,0,1.0000
8,208.0000,15,11,388.4267,-87.4575,0.1951,32,0.8000,0.6462,65,5,1,99,44,104,45,0.5673
8,208.0000,16,13,669.5625,-89.7012,0.1243,4,0.1000,1.0000,8,6,6,0,0,6,6,0.0000
8,208.0000,16,27,513.6735,-87.2245,-0.1346,21,0.5250,0.8571,7,8,8,0,0,8,8,0.0000
8,208.0000,17,2,380.1095,-86.9801,0.0421,26,0.6500,0.5714,7,6,3,0,0,6,3,0.5000
8,208.0000,17,4,530.0087,-88.1415,-0.3400,9,0.2250,1.0000,8,7,5,0,0,7,5,0.2857
8,208.0000,17,21,583.8409,-88.5382,0.2906,7,0.1750,1.0000,10,8,8,0,0,8,8,0.0000
8,208.0000,17,22,458.7810,-88.5003,0.8585,6,0.1500,0.8000,5,7,5,0,0,7,5,0.2857
8,208.0000,17,24,221.9687,-84.3015,0.8886,36,0.9000,0.0000,4,4,0,0,0,4,0,1.0000
8,208.0000,18,26,661.3381,-88.6398,-0.5446,4,0.1000,1.0000,8,3,2,0,0,3,2,0.3333
8,208.0000,19,10,475.9770,-88.5271,-1.3176,4,0.1000,1.0000,8,6,4,0,0,6,4,0.3333
8,208.0000,19,13,207.0136,-84.0559,0.2201,39,0.9750,0.0000,4,4,0,0,0,4,0,1.0000
8,208.0000,19,14,213.0105,-84.1040,1.0604,36,0.9000,0.2000,5,4,0,0,0,4,0,1.0000
8,208.0000,20,5,244.6250,-83.4625,0.2821,39,0.9750,0.2000,5,4,0,0,0,4,0,1.0000
8,208.0000,20,6,605.0402,-88.9516,-0.4297,5,0.1250,1.0000,6,8,8,0,0,8,8,0.0000
8,208.0000,20,7,440.6670,-87.7922,0.2726,17,0.4250,0.8750,8,6,3,0,0,6,3,0.5000
8,208.0000,20,10,674.5071,-88.8615,0.3946,3,0.0750,1.0000,8,8,8,0,0,8,8,0.0000
8,208.0000,20,11,518.1312,-88.4720,-0.5630,16,0.4000,0.8333,6,8,8,0,0,8,8,0.0000
8,208.0000,21,2,439.0526,-87.2944,-0.3704,27,0.6750,0.5714,7,5,3,0,0,5,3,0.4000
8,208.0000,21,4,481.4637,-88.0000,-0.1177,27,0.6750,0.6667,6,8,8,0,0,8,8,0.0000
8,208.0000,21,8,257.8078,-86.2732,0.8937,35,0.8750,0.5000,6,4,0,0,0,4,0,1.0000
8,208.0000,21,17,583.8409,-88.7775,0.5620,10,0.2500,1.0000,8,5,4,0,0,5,4,0.2000
8,208.0000,21,22,275.8380,-85.8401,0.6058,36,0.9000,0.2000,5,4,0,0,0,4,0,1.0000
8,208.0000,21,24,391.6481,-85.0836,-0.6591,32,0.8000,0.4000,5,5,2,0,0,5,2,0.6000
8,208.0000,22,2,447.2727,-87.4746,-0.0195,9,0.2195,0.9000,10,6,4,0,0,6,4,0.3333
8,208.0000,22,4,535.7937,-88.7245,-0.0214,15,0.3659,1.0000,8,8,7,0,0,8,7,0.1250
8,208.0000,22,7,474.5724,-87.3379,-0.4439,19,0.4634,0.5714,7,7,6,0,0,7,6,0.1429
8,208.0000,22,8,225.9726,-83.9930,0.7257,40,0.9756,0.0000,4,4,0,0,0,4,0,1.0000
8,208.0000,22,17,458.7810,-88.3366,0.4113,9,0.2195,0.8571,7,6,3,0,0,6,3,0.5000
8,208.0000,22,21,275.8380,-84.9555,0.3996,38,0.9268,0.0000,4,4,0,0,0,4,0,1.0000
8,208.0000,22,24,361.2873,-85.9918,0.2090,28,0.6829,0.2500,4,6,4,0,0,6,4,0.3333
8,208.0000,23,26,371.2037,-87.9309,0.5440,24,0.6000,0.7143,7,5,1,0,0,5,1,0.8000
8,208.0000,24,2,298.4546,-84.7913,-0.7706,39,0.9750,0.2000,5,5,2,0,0,5,2,0.6000
8,208.0000,24,4,437.9117,-87.2188,-0.2842,28,0.7000,0.0000,4,7,5,0,0,7,5,0.2857
8,208.0000,24,8,544.0766,-88.7405,-0.3036,12,0.3000,1.0000,8,7,6,0,0,7,6,0.1429
8,208.0000,24,17,221.9687,-84.4634,0.8946,35,0.8750,0.2000,5,4,0,0,0,4,0,1.0000
8,208.0000,24,21,391.6481,-85.5130,-0.9960,34,0.8500,0.2000,5,8,8,0,0,8,8,0.0000
8,208.0000,24,22,361.2873,-85.8707,-0.2491,36,0.9000,0.2000,5,6,4,0,0,6,4,0.3333
8,208.0000,25,27,462.8091,-88.5555,0.2889,21,0.5250,0.8571,7,7,6,0,0,7,6,0.1429
8,208.0000,26,18,661.3381,-88.7200,-0.1268,7,0.1750,1.0000,8,6,6,0,0,6,6,0.0000
8,208.0000,26,23,371.2037,-87.4977,-0.0098,26,0.6500,0.5000,6,5,1,0,0,5,1,0.8000
8,208.0000,27,16,513.6735,-87.5088,-0.2392,15,0.3750,1.0000,8,8,8,0,0,8,8,0.0000
8,208.0000,27,25,462.8091,-88.2427,0.0109,17,0.4250,0.7143,7,8,8,0,0,8,8,0.0000
8,212.0000,0,12,233.7438,-84.9399,0.7740,38,0.9500,0.0000,4,5,1,0,0,5,1,0.8000
8,212.0000,1,6,537.9171,-87.9253,0.1865,10,0.2500,1.0000,8,7,6,0,0,7,6,0.1429
8,212.0000,1,11,725.9845,-89.4397,0.4684,3,0.0750,1.0000,6,2,2,0,0,2,2,0.0000
8,212.0000,1,14,626.0055,-89.3141,0.0994,8,0.2000,1.0000,8,8,8,0,0,8,8,0.0000
8,212.0000,1,15,549.3534,-87.2137,-0.8244,22,0.5500,0.7143,7,8,8,0,0,8,8,0.0000
8,212.0000,2,3,487.7772,-88.8528,0.2353,9,0.2250,1.0000,8,4,0,0,0,4,0,1.0000
8,212.0000,2,4,166.4677,-80.0697,0.0106,39,0.9750,0.0000,4,4,0,0,0,4,0,1.0000
8,212.0000,2,8,537.1222,-88.3574,0.6836,3,0.0750,0.7143,7,8,8,0,0,8,8,0.0000
8,212.0000,2,17,430.4754,-87.4215,-0.2520,26,0.6500,0.7143,7,6,6,0,0,6,6,0.0000
8,212.0000,2,21,507.4002,-88.2259,0.0466,25,0.6250,0.8571,7,8,8,0,0,8,8,0.0000
8,212.0000,2,22,405.5742,-87.3671,0.4149,22,0.5500,0.8571,7,5,2,0,0,5,2,0.6000
8,212.0000,2,24,404.2387,-86.1768,-0.5406,27,0.6750,0.0000,4,6,4,0,0,6,4,0.3333
8,212.0000,3,2,487.7772,-88.3934,0.5863,9,0.2250,0.8571,7,6,4,0,0,6,4,0.3333
8,212.0000,3,4,455.5364,-88.2693,0.2079,15,0.3750,0.8571,7,6,3,0,0,6,3,0.5000
8,212.0000,3,8,713.5301,-89.2267,0.0999,3,0.0750,,0,4,4,0,0,4,4,0.0000
8,212.0000,4,2,166.4677,-79.4338,-0.4821,39,0.9750,0.0000,4,5,1,0,0,5,1,0.8000
8,212.0000,4,3,455.5364,-88.1888,-0.1365,9,0.2250,0.7143,7,6,2,0,0,6,2,0.6667
8,212.0000,4,8,654.0422,-88.8046,-0.3170,3,0.0750,1.0000,8,4,4,0,0,4,4,0.0000
8,212.0000,4,17,592.4627,-88.9594,-0.1282,7,0.1750,0.8571,7,8,8,0,0,8,8,0.0000
8,212.0000,4,21,594.7860,-88.8423,0.0836,13,0.3250,0.8750,8,8,8,0,0,8,8,0.0000
8,212.0000,4,22,550.1390,-88.7212,-0.0435,12,0.3000,0.8571,7,10,10,0,0,10,10,0.0000
8,212.0000,4,24,541.1191,-88.3425,-0.1068,16,0.4000,0.6667,6,8,8,0,0,8,8,0.0000
8,212.0000,5,6,634.4958,-88.7416,0.1388,6,0.1500,1.0000,2,6,6,0,0,6,6,0.0000
8,212.0000,5,7,454.3587,-87.6254,-0.2342,23,0.5750,0.7143,7,8,8,0,0,8,8,0.0000
8,212.0000,5,11,317.1178,-87.0822,0.8001,30,0.7500,0.4000,5,4,0,0,0,4,0,1.0000
8,212.0000,5,20,370.2114,-85.0150,-0.5788,36,0.9000,0.4000,5,6,4,0,0,6,4,0.3333
8,212.0000,6,1,537.9171,-87.8362,0.6785,10,0.2500,1.0000,8,8,8,0,0,8,8,0.0000
8,212.0000,6,9,546.4129,-87.8541,-0.6659,22,0.5500,0.8571,7,8,7,0,0,8,7,0.1250
8,212.0000,6,11,486.9234,-88.3854,-0.2501,18,0.4500,0.4000,5,7,6,0,0,7,6,0.1429
8,212.0000,6,15,303.0686,-84.1591,-0.2805,36,0.9000,0.0000,4,5,2,0,0,5,2,0.6000
8,212.0000,6,20,593.7697,-88.8224,-0.6008,3,0.0750,1.0000,8,8,8,0,0,8,8,0.0000
8,212.0000,7,5,454.3587,-88.7839,-0.0297,15,0.3750,0.8750,8,6,5,0,0,6,5,0.1667
8,212.0000,7,8,472.3519,-88.2052,-0.2601,14,0.3500,1.0000,8,7,6,0,0,7,6,0.1429
8,212.0000,7,20,430.8698,-88.0172,0.1176,22,0.5500,0.8571,7,7,3,0,0,7,3,0.5714
8,212.0000,7,21,609.4704,-88.7458,0.0445,5,0.1250,1.0000,8,6,6,0,0,6,6,0.0000
8,212.0000,7,22,546.3979,-88.2133,-0.1534,7,0.1750,0.7500,8,8,8,0,0,8,8,0.0000
8,212.0000,8,2,537.1222,-88.2497,0.7432,5,0.1250,0.8571,7,6,4,0,0,6,4,0.3333
8,212.0000,8,7,472.3519,-88.6432,-0.2260,18,0.4500,0.6667,6,7,5,0,0,7,5,0.2857
8,212.0000,8,17,534.8512,-88.5030,-0.0307,10,0.2500,0.8333,6,8,6,0,0,8,6,0.2500
8,212.0000,8,20,686.3727,-88.7139,-0.7217,3,0.0750,1.0000,8,8,8,0,0,8,8,0.0000
8,212.0000,8,21,155.2848,-80.9287,1.1200,40,1.0000,0.0000,4,4,0,0,0,4,0,1.0000
8,212.0000,8,22,196.7053,-82.4906,-0.3134,40,1.0000,0.0000,4,4,0,0,0,4,0,1.0000
8,212.0000,8,24,558.4765,-88.6598,0.5134,8,0.2000,0.8750,8,8,8,0,0,8,8,0.0000
8,212.0000,9,6,546.4129,-87.6411,-1.0821,21,0.5250,0.6667,6,3,2,0,0,3,2,0.3333
8,212.0000,9,11,663.7735,-89.0598,0.3939,9,0.2250,1.0000,8,4,4,0,0,4,4,0.0000
8,212.0000,9,15,333.2359,-85.0092,-0.6186,34,0.8500,0.0000,4,5,2,0,0,5,2,0.6000
8,212.0000,10,13,302.3846,-87.3040,0.3207,32,0.8000,0.4286,7,4,0,0,0,4,0,1.0000
8,212.0000,10,14,222.3076,-84.3129,0.9401,38,0.9500,0.2500,4,4,0,0,0,4,0,1.0000
8,212.0000,10,19,328.0843,-87.4824,0.2329,28,0.7000,0.8571,7,5,1,0,0,5,1,0.8000
8,212.0000,11,1,725.9845,-89.5522,0.0905,3,0.0750,1.0000,8,4,4,0,0,4,4,0.0000
8,212.0000,11,5,317.1178,-86.5805,0.0806,32,0.8000,0.4175,103,4,0,81,19,85,19,0.7765
8,212.0000,11,6,486.9234,-88.3218,-0.3266,16,0.4000,0.5000,8,6,5,0,0,6,5,0.1667
8,212.0000,11,9,663.7735,-88.6575,-0.9668,3,0.0750,1.0000,8,4,4,0,0,4,4,0.0000
8,212.0000,11,15,371.2001,-87.2651,-0.0626,28,0.7000,0.2000,5,5,2,0,0,5,2,0.6000
8,212.0000,11,20,533.7524,-88.1736,-0.2842,8,0.2000,0.8571,7,8,8,0,0,8,8,0.0000
8,212.0000,12,0,233.7438,-84.8020,1.2179,35,0.8750,0.2000,5,4,0,0,0,4,0,1.0000
8,212.0000,13,10,302.3846,-87.0886,0.1408,28,0.7000,0.5714,7,4,0,0,0,4,0,1.0000
8,212.0000,13,14,208.4450,-83.3292,0.4974,40,1.0000,0.0000,4,4,0,0,0,4,0,1.0000
8,212.0000,13,19,155.2172,-80.7304,0.9227,40,1.0000,0.0000,4,4,0,0,0,4,0,1.0000
8,212.0000,14,1,626.0055,-89.0979,0.0169,7,0.1750,1.0000,8,8,8,0,0,8,8,0.0000
8,212.0000,14,10,222.3076,-84.7169,0.5790,38,0.9500,0.0000,4,4,0,0,0,4,0,1.0000
8,212.0000,14,13,208.4450,-83.9893,0.9314,40,1.0000,0.0000,4,4,0,0,0,4,0,1.0000
8,212.0000,14,19,129.3560,-79.5161,1.3960,40,1.0000,0.0000,4,4,0,0,0,4,0,1.0000
8,212.0000,15,1,549.3534,-87.7295,-0.9016,20,0.5128,0.8571,7,8,8,0,0,8,8,0.0000
8,212.0000,15,6,303.0686,-84.5832,-0.2838,38,0.9744,0.0000,4,4,0,0,0,4,0,1.0000
8,212.0000,15,9,333.2359,-85.2905,-0.6552,34,0.8718,0.0000,4,6,3,0,0,6,3,0.5000
8,212.0000,15,11,371.2001,-86.8661,0.1512,23,0.5897,0.4327,104,5,1,105,47,110,48,0.5636
8,212.0000,16,13,739.1641,-89.1440,-0.0037,3,0.0750,1.0000,6,4,4,0,0,4,4,0.0000
8,212.0000,16,27,522.9870,-88.6476,-0.2104,14,0.3500,1.0000,8,7,5,0,0,7,5,0.2857
8,212.0000,17,2,430.4754,-87.8646,0.0518,24,0.6000,0.5000,6,7,6,0,0,7,6,0.1429
8,212.0000,17,4,592.4627,-88.7493,0.2071,10,0.2500,0.7143,7,6,6,0,0,6,6,0.0000
8,212.0000,17,8,534.8512,-88.4627,-0.2871,6,0.1500,0.8750,8,8,8,0,0,8,8,0.0000
8,212.0000,17,21,602.4472,-88.2559,-0.1918,3,0.0750,1.0000,8,8,8,0,0,8,8,0.0000
8,212.0000,17,22,357.7819,-87.3861,0.5774,24,0.6000,0.7143,7,5,2,0,0,5,2,0.6000
8,212.0000,17,24,237.0434,-82.7505,0.1946,40,1.0000,0.0000,4,5,1,0,0,5,1,0.8000
8,212.0000,19,1,612.9969,-89.0630,0.4903,4,0.1000,1.0000,4,8,8,0,0,8,8,0.0000
8,212.0000,19,10,328.0843,-86.8071,0.5682,23,0.5750,0.6667,6,4,0,0,0,4,0,1.0000
8,212.0000,19,13,155.2172,-80.0820,1.0624,40,1.0000,0.0000,4,4,0,0,0,4,0,1.0000
8,212.0000,19,14,129.3560,-79.7235,1.1823,40,1.0000,0.0000,4,4,0,0,0,4,0,1.0000
8,212.0000,20,5,370.2114,-85.2142,-0.2313,35,0.8750,0.0000,4,6,3,0,0,6,3,0.5000
8,212.0000,20,6,593.7697,-88.5654,0.5486,4,0.1000,1.0000,8,8,8,0,0,8,8,0.0000
8,212.0000,20,7,430.8698,-88.2189,0.2142,22,0.5500,0.5000,6,7,4,0,0,7,4,0.4286
8,212.0000,20,8,686.3727,-89.4090,0.1885,5,0.1250,1.0000,8,2,2,0,0,2,2,0.0000
8,212.0000,20,10,696.2721,-89.3035,1.0913,3,0.0750,1.0000,8,2,2,0,0,2,2,0.0000
8,212.0000,20,11,533.7524,-88.5789,-0.0195,13,0.3250,1.0000,8,8,8,0,0,8,8,0.0000
8,212.0000,21,2,507.4002,-88.3064,-0.2215,15,0.3750,0.6000,5,8,7,0,0,8,7,0.1250
8,212.0000,21,3,698.2755,-89.7756,0.0308,4,0.1000,1.0000,2,6,6,0,0,6,6,0.0000
8,212.0000,21,4,594.7860,-88.6205,-0.4929,10,0.2500,1.0000,8,8,8,0,0,8,8,0.0000
8,212.0000,21,7,609.4704,-88.9961,0.1891,5,0.1250,1.0000,8,6,6,0,0,6,6,0.0000
8,212.0000,21,8,155.2848,-81.4460,1.1257,40,1.0000,0.0000,4,4,0,0,0,4,0,1.0000
8,212.0000,21,17,602.4472,-88.7345,0.5301,4,0.1000,0.8000,5,8,8,0,0,8,8,0.0000
8,212.0000,21,22,288.8416,-85.2553,0.2054,40,1.0000,0.0000,4,6,3,0,0,6,3,0.5000
8,212.0000,21,24,570.8856,-88.4264,-0.6280,18,0.4500,0.4000,5,8,8,0,0,8,8,0.0000
8,212.0000,22,2,405.5742,-88.0169,0.2727,23,0.5750,0.6667,6,3,0,0,0,3,0,1.0000
8,212.0000,22,4,550.1390,-88.9185,0.0551,11,0.2750,0.8750,8,7,5,0,0,7,5,0.2857
8,212.0000,22,7,546.3979,-88.3610,0.0509,13,0.3250,0.8571,7,8,8,0,0,8,8,0.0000
8,212.0000,22,8,196.7053,-81.8371,0.4515,40,1.0000,0.0000,4,4,0,0,0,4,0,1.0000
8,212.0000,22,17,357.7819,-87.9543,0.2295,22,0.5500,0.5000,6,5,1,0,0,5,1,0.8000
8,212.0000,22,21,288.8416,-84.8160,0.0150,37,0.9250,0.0000,4,5,1,0,0,5,1,0.8000
8,212.0000,22,24,428.9127,-87.3596,-0.3088,29,0.7250,0.6667,6,9,6,0,0,9,6,0.3333
8,212.0000,23,9,581.1385,-89.3032,-0.7715,4,0.1000,1.0000,6,8,6,0,0,8,6,0.2500
8,212.0000,23,26,275.6221,-85.8929,1.1121,37,0.9250,0.2000,5,4,0,0,0,4,0,1.0000
8,212.0000,24,2,404.2387,-86.1844,-0.3548,27,0.6750,0.4000,5,7,6,0,0,7,6,0.1429
8,212.0000,24,4,541.1191,-87.7294,-0.0014,18,0.4500,0.7143,7,6,6,0,0,6,6,0.0000
8,212.0000,24,8,558.4765,-88.4024,-0.0897,10,0.2500,0.8571,7,8,8,0,0,8,8,0.0000
8,212.0000,24,17,237.0434,-82.6612,-0.1896,39,0.9750,0.0000,4,4,0,0,0,4,0,1.0000
8,212.0000,24,21,570.8856,-87.2297,-0.4176,18,0.4500,1.0000,8,4,4,0,0,4,4,0.0000
8,212.0000,24,22,428.9127,-86.5568,0.0088,21,0.5250,0.6667,6,7,5,0,0,7,5,0.2857
8,212.0000,25,27,455.9414,-88.2092,0.3067,22,0.5500,0.8571,7,8,7,0,0,8,7,0.1250
8,212.0000,26,23,275.6221,-86.3060,0.6517,37,0.9250,0.2000,5,4,0,0,0,4,0,1.0000
8,212.0000,27,16,522.9870,-87.8856,0.1340,13,0.3250,1.0000,8,7,6,0,0,7,6,0.1429
8,212.0000,27,25,455.9414,-87.6879,-1.1053,15,0.3750,1.0000,8,5,1,0,0,5,1,0.8000
8,216.0000,0,12,208.7314,-82.1547,1.0896,40,1.0000,0.2000,5,4,0,0,0,4,0,1.0000
8,216.0000,1,6,575.4636,-88.5258,-0.4867,5,0.1250,0.8571,7,8,8,0,0,8,8,0.0000
8,216.0000,1,13,620.0227,-89.6334,-0.1467,3,0.0750,1.0000,4,8,8,0,0,8,8,0.0000
8,216.0000,1,15,719.5777,-88.7770,-0.8614,3,0.0750,1.0000,8,2,2,0,0,2,2,0.0000
8,216.0000,1,19,525.8253,-88.6082,-0.1035,6,0.1500,1.0000,8,7,6,0,0,7,6,0.1429
8,216.0000,2,3,306.8448,-87.6086,0.6849,26,0.6500,0.0000,4,5,1,0,0,5,1,0.8000
8,216.0000,2,4,223.1092,-82.1669,-0.9729,40,1.0000,0.0000,4,4,0,0,0,4,0,1.0000
8,216.0000,2,8,581.8256,-88.7692,0.7670,9,0.2250,1.0000,8,8,8,0,0,8,8,0.0000
8,216.0000,2,17,486.5022,-87.7810,-0.3835,19,0.4750,1.0000,6,8,8,0,0,8,8,0.0000
8,216.0000,2,21,561.1510,-88.2761,-0.2635,9,0.2250,1.0000,8,8,8,0,0,8,8,0.0000
8,216.0000,2,22,351.6650,-87.5034,0.0535,30,0.7500,0.4000,5,6,3,0,0,6,3,0.5000
8,216.0000,2,24,525.6546,-87.7746,-0.5846,24,0.6000,0.6667,6,8,8,0,0,8,8,0.0000
8,216.0000,3,2,306.8448,-87.3152,0.9113,25,0.6250,0.6667,6,4,0,0,0,4,0,1.0000
8,216.0000,3,4,383.1671,-87.5850,0.4854,22,0.5500,0.5000,6,4,0,0,0,4,0,1.0000
8,216.0000,3,21,632.0680,-88.7458,-0.5115,3,0.0750,1.0000,6,8,8,0,0,8,8,0.0000
8,216.0000,3,22,488.1189,-89.0146,0.2642,7,0.1750,1.0000,8,5,2,0,0,5,2,0.6000
8,216.0000,4,2,223.1092,-81.5583,-0.6791,39,0.9750,0.2000,5,4,0,0,0,4,0,1.0000
8,216.0000,4,3,383.1671,-87.5458,0.3244,26,0.6500,0.3333,6,6,3,0,0,6,3,0.5000
8,216.0000,4,17,684.0663,-87.2756,0.8983,4,0.1000,1.0000,8,4,4,0,0,4,4,0.0000
8,216.0000,4,21,732.6020,-89.2290,-0.3046,7,0.1750,1.0000,8,6,6,0,0,6,6,0.0000
8,216.0000,4,22,571.7467,-88.8539,0.4487,8,0.2000,1.0000,10,8,8,0,0,8,8,0.0000
8,216.0000,4,24,635.5677,-88.8770,0.8652,3,0.0750,1.0000,8,8,8,0,0,8,8,0.0000
8,216.0000,5,7,476.4280,-87.0866,-0.0271,20,0.5000,1.0000,8,8,7,0,0,8,7,0.1250
8,216.0000,5,11,266.0840,-85.2024,0.5610,38,0.9500,0.0000,4,5,1,0,0,5,1,0.8000
8,216.0000,5,15,542.2332,-88.9948,-0.1884,5,0.1250,1.0000,8,8,8,0,0,8,8,0.0000
8,216.0000,5,20,546.0817,-88.2505,-0.4712,19,0.4750,0.6667,6,6,6,0,0,6,6,0.0000
8,216.0000,6,1,575.4636,-88.8584,0.1508,8,0.2000,1.0000,8,8,7,0,0,8,7,0.1250
8,216.0000,6,11,551.7113,-88.5102,-0.2079,13,0.3250,0.8571,7,8,8,0,0,8,8,0.0000
8,216.0000,6,15,416.0119,-86.3224,-0.2233,34,0.8500,0.4000,5,7,6,0,0,7,6,0.1429
8,216.0000,6,20,569.9171,-88.6629,-0.0171,6,0.1500,1.0000,8,7,6,0,0,7,6,0.1429
8,216.0000,7,5,476.4280,-88.2532,-0.0923,17,0.4250,0.8333,6,10,10,0,0,10,10,0.0000
8,216.0000,7,8,455.7033,-87.6507,0.6143,16,0.4000,0.8571,7,7,6,0,0,7,6,0.1429
8,216.0000,7,20,448.7364,-88.0504,-0.0781,24,0.6000,0.4286,7,5,1,0,0,5,1,0.8000
8,216.0000,7,21,562.2984,-87.8557,-0.0846,6,0.1500,1.0000,6,10,10,0,0,10,10,0.0000
8,216.0000,7,22,599.8543,-88.7848,-0.2418,10,0.2500,1.0000,8,8,8,0,0,8,8,0.0000
8,216.0000,8,2,581.8256,-88.8063,-0.1748,10,0.2500,0.6667,6,6,6,0,0,6,6,0.0000
8,216.0000,8,4,782.4228,-89.0752,-0.9183,3,0.0750,,0,4,4,0,0,4,4,0.0000
8,216.0000,8,7,455.7033,-87.5076,-0.2544,15,0.3750,0.7143,7,7,4,0,0,7,4,0.4286
8,216.0000,8,17,446.6434,-87.9531,0.5413,19,0.4750,0.7500,8,6,2,0,0,6,2,0.6667
8,216.0000,8,21,235.1312,-80.8230,-0.8479,40,1.0000,0.0000,4,5,2,0,0,5,2,0.6000
8,216.0000,8,22,272.0502,-83.2873,-0.3845,39,0.9750,0.0000,4,6,3,0,0,6,3,0.5000
8,216.0000,8,24,615.1071,-89.1100,-0.3863,8,0.2000,1.0000,8,6,6,0,0,6,6,0.0000
8,216.0000,9,15,429.8287,-86.7922,-0.5770,27,0.6750,0.4000,5,7,4,0,0,7,4,0.4286
8,216.0000,9,23,441.4993,-88.2632,0.4193,11,0.2750,0.8571,7,6,4,0,0,6,4,0.3333
8,216.0000,10,13,262.7450,-85.5187,0.1556,40,1.0000,0.0000,4,4,0,0,0,4,0,1.0000
8,216.0000,10,14,151.7614,-81.3110,0.6458,40,1.0000,0.0000,4,4,0,0,0,4,0,1.0000
8,216.0000,10,16,591.5911,-88.7070,-0.1130,7,0.1750,,0,8,8,0,0,8,8,0.0000
8,216.0000,10,19,292.7941,-85.1574,0.0385,37,0.9250,0.2000,5,6,2,0,0,6,2,0.6667
8,216.0000,11,5,266.0840,-85.7488,0.2177,38,0.9500,0.2235,85,4,0,68,4,72,4,0.9444
8,216.0000,11,6,551.7113,-88.1246,0.2528,13,0.3250,0.8333,6,8,8,0,0,8,8,0.0000
8,216.0000,11,15,357.6685,-86.4540,0.0601,33,0.8250,0.4000,5,6,2,0,0,6,2,0.6667
8,216.0000,11,20,593.7663,-88.8169,-0.2797,9,0.2250,1.0000,8,8,8,0,0,8,8,0.0000
8,216.0000,12,0,208.7314,-82.3769,0.2688,40,1.0000,0.0000,4,4,0,0,0,4,0,1.0000
8,216.0000,13,10,262.7450,-84.5316,0.5237,39,1.0000,0.0000,4,4,0,0,0,4,0,1.0000
8,216.0000,13,14,184.4413,-80.9177,-0.2288,39,1.0000,0.0000,4,4,0,0,0,4,0,1.0000
8,216.0000,13,19,151.0230,-78.5294,0.2816,39,1.0000,0.0000,4,4,0,0,0,4,0,1.0000
8,216.0000,14,1,676.7207,-88.9516,0.2025,3,0.0750,1.0000,8,8,8,0,0,8,8,0.0000
8,216.0000,14,10,151.7614,-81.0869,0.9217,40,1.0000,0.0000,4,4,0,0,0,4,0,1.0000
8,216.0000,14,13,184.4413,-81.5417,0.2799,40,1.0000,0.0000,4,4,0,0,0,4,0,1.0000
8,216.0000,14,19,155.7646,-77.6208,-0.5836,40,1.0000,0.0000,4,4,0,0,0,4,0,1.0000
8,216.0000,15,1,719.5777,-89.0783,0.3950,8,0.2000,1.0000,8,4,4,0,0,4,4,0.0000
8,216.0000,15,5,542.2332,-87.9123,0.4802,8,0.2000,1.0000,8,5,4,0,0,5,4,0.2000
8,216.0000,15,6,416.0119,-86.4628,-0.5187,36,0.9000,0.0000,4,7,6,0,0,7,6,0.1429
8,216.0000,15,9,429.8287,-86.3813,-0.9060,33,0.8250,0.5000,6,10,9,0,0,10,9,0.1000
8,216.0000,15,11,357.6685,-86.8699,-0.0028,35,0.8750,0.4364,110,5,2,93,32,98,34,0.6531
8,216.0000,16,27,537.8119,-89.1087,-0.0527,5,0.1220,0.7143,7,8,7,0,0,8,7,0.1250
8,216.0000,17,2,486.5022,-88.1279,-0.1761,23,0.5750,0.8571,7,8,8,0,0,8,8,0.0000
8,216.0000,17,4,684.0663,-88.9788,-0.1174,3,0.0750,1.0000,6,8,8,0,0,8,8,0.0000
8,216.0000,17,8,446.6434,-87.6071,0.8158,17,0.4250,1.0000,8,7,6,0,0,7,6,0.1429
8,216.0000,17,21,615.5080,-88.3501,-0.3175,5,0.1250,1.0000,8,2,2,0,0,2,2,0.0000
8,216.0000,17,22,290.8786,-86.6207,0.3086,34,0.8500,0.4000,5,4,0,0,0,4,0,1.0000
8,216.0000,17,24,359.5347,-84.9695,-0.8100,39,0.9750,0.2000,5,7,5,0,0,7,5,0.2857
8,216.0000,19,1,525.8253,-88.6860,0.0567,9,0.2250,1.0000,8,6,4,0,0,6,4,0.3333
8,216.0000,19,10,292.7941,-85.0045,-0.0014,40,1.0000,0.0000,4,7,4,0,0,7,4,0.4286
8,216.0000,19,13,151.0230,-78.9676,0.0965,40,1.0000,0.0000,4,4,0,0,0,4,0,1.0000
8,216.0000,19,14,155.7646,-77.8487,-0.1308,40,1.0000,0.0000,4,4,0,0,0,4,0,1.0000
8,216.0000,20,5,546.0817,-87.1220,-0.5207,14,0.3500,0.5000,6,8,8,0,0,8,8,0.0000
8,216.0000,20,6,569.9171,-89.2763,-0.0537,5,0.1250,1.0000,8,8,8,0,0,8,8,0.0000
8,216.0000,20,7,448.7364,-88.0749,0.4868,25,0.6250,0.5714,7,6,4,0,0,6,4,0.3333
8,216.0000,20,11,593.7663,-88.8264,-0.1119,9,0.2250,1.0000,8,8,8,0,0,8,8,0.0000
8,216.0000,21,2,561.1510,-88.3912,-0.5689,11,0.2750,0.8750,8,8,8,0,0,8,8,0.0000
8,216.0000,21,3,632.0680,-88.9192,0.0196,6,0.1500,1.0000,6,8,8,0,0,8,8,0.0000
8,216.0000,21,4,732.6020,-89.3800,-0.2467,5,0.1250,1.0000,8,2,2,0,0,2,2,0.0000
8,216.0000,21,7,562.2984,-88.7681,0.0647,8,0.2000,1.0000,6,9,8,0,0,9,8,0.1111
8,216.0000,21,8,235.1312,-80.9059,-0.9394,40,1.0000,0.0000,4,4,0,0,0,4,0,1.0000
8,216.0000,21,17,615.5080,-88.7975,-0.0666,7,0.1750,1.0000,8,8,8,0,0,8,8,0.0000
8,216.0000,21,22,352.0805,-85.7344,-0.6472,39,0.9750,0.5000,6,7,4,0,0,7,4,0.4286
8,216.0000,21,24,755.1045,-88.7353,-0.4865,3,0.0750,1.0000,8,4,4,0,0,4,4,0.0000
8,216.0000,22,2,351.6650,-87.2567,-0.1403,33,0.8250,0.0000,3,6,3,0,0,6,3,0.5000
8,216.0000,22,3,488.1189,-88.7281,0.5607,11,0.2750,1.0000,4,6,4,0,0,6,4,0.3333
8,216.0000,22,4,571.7467,-88.7309,-0.0250,11,0.2750,0.7143,7,7,6,0,0,7,6,0.1429
8,216.0000,22,7,599.8543,-88.5741,-0.1585,8,0.2000,1.0000,8,8,7,0,0,8,7,0.1250
8,216.0000,22,8,272.0502,-83.3474,-1.1267,40,1.0000,0.0000,4,4,0,0,0,4,0,1.0000
8,216.0000,22,17,290.8786,-85.8138,0.5002,35,0.8750,0.2000,5,4,0,0,0,4,0,1.0000
8,216.0000,22,21,352.0805,-85.6939,-0.1262,36,0.9000,0.2000,5,8,5,0,0,8,5,0.3750
8,216.0000,22,24,507.1435,-88.1577,-0.4110,20,0.5000,0.6667,9,7,5,0,0,7,5,0.2857
8,216.0000,23,9,441.4993,-88.1543,0.4568,12,0.3000,0.7500,8,6,3,0,0,6,3,0.5000
8,216.0000,23,26,237.6136,-84.6576,-0.1088,39,0.9750,0.0000,4,4,0,0,0,4,0,1.0000
8,216.0000,24,2,525.6546,-87.9568,-0.2894,15,0.3750,0.8571,7,6,6,0,0,6,6,0.0000
8,216.0000,24,4,635.5677,-88.4293,0.0561,9,0.2250,1.0000,6,4,4,0,0,4,4,0.0000
8,216.0000,24,8,615.1071,-88.5153,0.9638,5,0.1250,1.0000,8,5,4,0,0,5,4,0.2000
8,216.0000,24,17,359.5347,-84.6942,-1.3295,35,0.8750,0.0000,4,7,5,0,0,7,5,0.2857
8,216.0000,24,22,507.1435,-87.9090,0.6483,18,0.4500,0.7143,7,8,6,0,0,8,6,0.2500
8,216.0000,25,27,468.6381,-88.3203,-0.0235,19,0.4634,0.8750,8,8,7,0,0,8,7,0.1250
8,216.0000,26,23,237.6136,-83.9422,0.2287,40,1.0000,0.0000,4,4,0,0,0,4,0,1.0000
8,216.0000,27,16,537.8119,-87.8029,0.1461,13,0.3250,0.8571,7,7,5,0,0,7,5,0.2857
8,216.0000,27,25,468.6381,-87.4596,0.4434,20,0.5000,0.2000,5,7,6,0,0,7,6,0.1429
8,220.0000,0,12,295.2929,-84.2494,-0.2196,40,1.0000,0.0000,4,5,1,0,0,5,1,0.8000
8,220.0000,1,6,588.4466,-88.8850,0.2006,6,0.1463,1.0000,8,8,8,0,0,8,8,0.0000
8,220.0000,1,13,528.8385,-88.8787,-0.0656,7,0.1707,1.0000,8,8,5,0,0,8,5,0.3750
8,220.0000,1,14,721.5873,-89.2138,-0.0740,6,0.1463,1.0000,2,6,6,0,0,6,6,0.0000
8,220.0000,1,19,430.0746,-87.8069,0.2699,21,0.5122,0.8571,7,6,4,0,0,6,4,0.3333
8,220.0000,2,3,154.2831,-82.5851,1.3485,39,0.9750,0.2000,5,4,0,0,0,4,0,1.0000
8,220.0000,2,4,159.0379,-81.5654,0.7265,40,1.0000,0.0000,4,4,0,0,0,4,0,1.0000
8,220.0000,2,17,564.7745,-88.5569,-0.3246,14,0.3500,1.0000,8,8,8,0,0,8,8,0.0000
8,220.0000,2,21,646.0489,-88.4985,-0.7332,3,0.0750,1.0000,8,8,8,0,0,8,8,0.0000
8,220.0000,2,22,349.0541,-86.8441,0.2594,33,0.8250,0.5000,6,7,3,0,0,7,3,0.5714
8,220.0000,2,24,680.1064,-88.5434,0.3235,6,0.1500,1.0000,8,6,6,0,0,6,6,0.0000
8,220.0000,3,2,154.2831,-82.8678,1.5360,40,1.0000,0.0000,4,4,0,0,0,4,0,1.0000
8,220.0000,3,4,307.8509,-86.9460,0.5647,34,0.8500,0.0000,4,5,1,0,0,5,1,0.8000
8,220.0000,3,17,560.1271,-88.9245,0.3209,6,0.1500,1.0000,8,8,8,0,0,8,8,0.0000
8,220.0000,3,21,626.9040,-88.9390,-0.3367,5,0.1250,1.0000,8,8,8,0,0,8,8,0.0000
8,220.0000,3,22,356.4652,-87.4931,0.1140,26,0.6500,0.4000,5,4,0,0,0,4,0,1.0000
8,220.0000,4,2,159.0379,-80.6768,1.2380,38,0.9500,0.0000,4,4,0,0,0,4,0,1.0000
8,220.0000,4,3,307.8509,-86.5890,0.4603,29,0.7250,0.5000,6,4,0,0,0,4,0,1.0000
8,220.0000,4,17,653.7332,-89.5957,-0.0325,3,0.0750,1.0000,4,4,4,0,0,4,4,0.0000
8,220.0000,4,22,451.7471,-88.4723,0.2070,12,0.3000,1.0000,8,5,1,0,0,5,1,0.8000
8,220.0000,4,24,639.3158,-88.4464,1.1091,5,0.1250,1.0000,8,8,8,0,0,8,8,0.0000
8,220.0000,5,7,558.9656,-88.4231,-0.4703,12,0.3000,0.8750,8,8,7,0,0,8,7,0.1250
8,220.0000,5,11,223.0440,-82.9718,0.4334,40,1.0000,0.2000,5,4,0,0,0,4,0,1.0000
8,220.0000,5,15,443.7640,-88.1371,0.4884,14,0.3500,1.0000,8,6,4,0,0,6,4,0.3333
8,220.0000,5,18,519.8184,-89.1173,0.4020,5,0.1250,1.0000,6,7,4,0,0,7,4,0.4286
8,220.0000,5,20,737.1252,-89.0131,0.4489,4,0.1000,1.0000,6,2,2,0,0,2,2,0.0000
8,220.0000,6,1,588.4466,-88.2622,-0.1596,7,0.1750,0.8750,8,6,5,0,0,6,5,0.1667
8,220.0000,6,11,667.3419,-88.5842,-0.5390,4,0.1000,1.0000,8,8,8,0,0,8,8,0.0000
8,220.0000,6,14,672.1292,-88.8928,0.3936,3,0.0750,0.8000,5,7,7,0,0,7,7,0.0000
8,220.0000,6,15,535.0533,-88.1978,-0.0982,16,0.4000,0.8571,7,8,8,0,0,8,8,0.0000
8,220.0000,6,19,443.1393,-88.0218,0.3654,6,0.1500,1.0000,8,4,0,0,0,4,0,1.0000
8,220.0000,6,20,529.5736,-89.1122,0.2356,7,0.1750,0.8571,7,8,8,0,0,8,8,0.0000
8,220.0000,7,5,558.9656,-88.1707,-0.4011,15,0.3750,1.0000,10,6,6,0,0,6,6,0.0000
8,220.0000,7,8,495.2977,-88.5115,0.0648,19,0.4750,0.8571,7,8,7,0,0,8,7,0.1250
8,220.0000,7,20,476.7808,-88.0350,-0.3888,14,0.3500,0.2000,5,7,6,0,0,7,6,0.1429
8,220.0000,7,21,521.3673,-88.4681,0.4061,12,0.3000,1.0000,10,8,7,0,0,8,7,0.1250
8,220.0000,7,22,663.2822,-88.7260,0.6133,6,0.1500,1.0000,8,6,6,0,0,6,6,0.0000
8,220.0000,8,7,495.2977,-87.9700,-0.0471,20,0.5000,0.5714,7,6,4,0,0,6,4,0.3333
8,220.0000,8,17,398.7663,-87.4102,-0.0001,27,0.6750,0.3333,6,5,2,0,0,5,2,0.6000
8,220.0000,8,21,392.4681,-85.4696,-0.6750,35,0.8750,0.4000,5,7,6,0,0,7,6,0.1429
8,220.0000,8,22,383.9605,-86.1485,-0.5834,35,0.8750,0.5000,6,6,3,0,0,6,3,0.5000
8,220.0000,8,24,691.8001,-89.1886,-0.3242,4,0.1000,1.0000,6,2,2,0,0,2,2,0.0000
8,220.0000,9,15,582.5994,-88.7694,-0.7142,10,0.2439,0.5714,7,8,8,0,0,8,8,0.0000
8,220.0000,9,23,330.4791,-86.8395,1.0576,23,0.5610,0.6667,6,4,0,0,0,4,0,1.0000
8,220.0000,9,26,608.0218,-89.4668,-0.6349,3,0.0732,1.0000,6,8,7,0,0,8,7,0.1250
8,220.0000,10,13,306.0183,-85.4929,-0.1849,39,0.9750,0.0000,4,5,2,0,0,5,2,0.6000
8,220.0000,10,14,87.1766,-76.8741,1.4952,40,1.0000,0.0000,4,4,0,0,0,4,0,1.0000
8,220.0000,10,16,560.4323,-88.9645,-0.3403,10,0.2500,1.0000,8,6,6,0,0,6,6,0.0000
8,220.0000,10,19,400.8080,-86.1525,-0.9970,33,0.8250,0.3333,6,5,2,0,0,5,2,0.6000
8,220.0000,11,5,223.0440,-83.1043,0.2148,38,0.9744,0.0556,72,4,0,73,2,77,2,0.9740
8,220.0000,11,6,667.3419,-89.5317,0.2925,5,0.1282,1.0000,8,4,4,0,0,4,4,0.0000
8,220.0000,11,15,305.0136,-87.2258,0.1851,32,0.8205,0.3333,6,4,0,0,0,4,0,1.0000
8,220.0000,11,20,706.3434,-89.0084,0.6474,4,0.1026,1.0000,8,6,6,0,0,6,6,0.0000
8,220.0000,12,0,295.2929,-84.3304,-0.8487,40,1.0000,0.0000,4,5,2,0,0,5,2,0.6000
8,220.0000,13,1,528.8385,-89.3954,0.0756,5,0.1250,1.0000,4,8,8,0,0,8,8,0.0000
8,220.0000,13,6,603.1133,-89.6986,-0.0265,4,0.1000,1.0000,4,7,5,0,0,7,5,0.2857
8,220.0000,13,10,306.0183,-84.4940,-0.2291,38,0.9500,0.0000,4,5,2,0,0,5,2,0.6000
8,220.0000,13,14,254.6438,-82.6954,-0.6156,39,0.9750,0.0000,4,5,2,0,0,5,2,0.6000
8,220.0000,13,19,177.4134,-79.7540,0.0813,40,1.0000,0.0000,4,4,0,0,0,4,0,1.0000
8,220.0000,14,6,672.1292,-89.4426,0.4143,3,0.0750,1.0000,4,8,8,0,0,8,8,0.0000
8,220.0000,14,10,87.1766,-77.2430,1.8468,40,1.0000,0.0000,4,4,0,0,0,4,0,1.0000
8,220.0000,14,13,254.6438,-82.5801,-0.5271,40,1.0000,0.0000,4,5,1,0,0,5,1,0.8000
8,220.0000,14,19,321.8925,-83.4649,-1.9002,40,1.0000,0.0000,4,6,3,0,0,6,3,0.5000
8,220.0000,15,5,443.7640,-88.3285,0.2761,15,0.3750,0.8000,5,8,6,0,0,8,6,0.2500
8,220.0000,15,6,535.0533,-87.3933,0.0335,12,0.3000,0.8571,7,8,8,0,0,8,8,0.0000
8,220.0000,15,9,582.5994,-88.3978,-0.2801,10,0.2500,0.9000,10,8,8,0,0,8,8,0.0000
8,220.0000,15,11,305.0136,-86.1032,0.5605,34,0.8500,0.3469,98,5,2,81,10,86,12,0.8605
8,220.0000,16,10,560.4323,-89.0441,0.5754,5,0.1250,1.0000,8,8,7,0,0,8,7,0.1250
8,220.0000,16,27,549.7547,-87.8562,-0.2351,13,0.3250,0.8750,8,8,8,0,0,8,8,0.0000
8,220.0000,17,2,564.7745,-88.9966,0.0561,7,0.1750,1.0000,8,8,8,0,0,8,8,0.0000
8,220.0000,17,3,560.1271,-89.2656,-0.2912,9,0.2250,1.0000,6,8,8,0,0,8,8,0.0000
8,220.0000,17,8,398.7663,-87.9928,0.2044,28,0.7000,0.8571,7,6,3,0,0,6,3,0.5000
8,220.0000,17,21,630.3064,-88.6905,0.3712,5,0.1250,1.0000,2,8,8,0,0,8,8,0.0000
8,220.0000,17,22,261.8228,-85.1817,0.6337,39,0.9750,0.0000,4,4,0,0,0,4,0,1.0000
8,220.0000,17,24,530.1936,-87.2936,-0.5907,23,0.5750,0.7143,7,8,8,0,0,8,8,0.0000
8,220.0000,18,5,519.8184,-89.1587,0.5059,5,0.1250,1.0000,6,7,4,0,0,7,4,0.4286
8,220.0000,19,1,430.0746,-88.4221,0.4255,21,0.5250,0.6667,6,6,3,0,0,6,3,0.5000
8,220.0000,19,6,443.1393,-88.4771,0.3794,15,0.3750,0.8000,5,5,2,0,0,5,2,0.6000
8,220.0000,19,10,400.8080,-86.1946,-0.3682,39,0.9750,0.5714,7,8,7,0,0,8,7,0.1250
8,220.0000,19,13,177.4134,-80.0441,-0.1473,40,1.0000,0.0000,4,4,0,0,0,4,0,1.0000
8,220.0000,19,14,321.8925,-82.5933,-1.4589,39,0.9750,0.0000,4,6,4,0,0,6,4,0.3333
8,220.0000,19,20,640.2226,-89.5216,0.5818,4,0.1000,1.0000,2,8,8,0,0,8,8,0.0000
8,220.0000,20,6,529.5736,-88.5947,0.0603,11,0.2750,1.0000,8,7,5,0,0,7,5,0.2857
8,220.0000,20,7,476.7808,-87.8981,-0.1577,18,0.4500,0.6667,6,8,8,0,0,8,8,0.0000
8,220.0000,20,11,706.3434,-88.9613,-1.0623,3,0.0750,1.0000,8,4,4,0,0,4,4,0.0000
8,220.0000,21,2,646.0489,-89.2179,-0.3416,5,0.1250,1.0000,8,6,6,0,0,6,6,0.0000
8,220.0000,21,3,626.9040,-89.0583,0.0396,5,0.1250,1.0000,8,8,8,0,0,8,8,0.0000
8,220.0000,21,7,521.3673,-88.6415,-0.0888,11,0.2750,0.8889,9,8,8,0,0,8,8,0.0000
8,220.0000,21,8,392.4681,-85.1058,-0.3312,33,0.8250,0.0000,4,10,8,0,0,10,8,0.2000
8,220.0000,21,22,459.4685,-87.4008,-0.3954,28,0.7000,0.5714,7,8,8,0,0,8,8,0.0000
8,220.0000,22,2,349.0541,-87.1451,0.2333,35,0.8750,0.5000,6,7,5,0,0,7,5,0.2857
8,220.0000,22,3,356.4652,-87.4852,0.0073,23,0.5750,0.6667,6,5,1,0,0,5,1,0.8000
8,220.0000,22,4,451.7471,-88.7814,-0.0008,13,0.3250,0.8571,7,4,2,0,0,4,2,0.5000
8,220.0000,22,7,663.2822,-89.2927,-0.0425,6,0.1500,0.8750,8,8,8,0,0,8,8,0.0000
8,220.0000,22,8,383.9605,-86.7325,-0.3403,35,0.8750,0.0000,4,7,3,0,0,7,3,0.5714
8,220.0000,22,17,261.8228,-84.6251,0.0311,39,0.9750,0.0000,4,5,1,0,0,5,1,0.8000
8,220.0000,22,21,459.4685,-87.3059,-0.0795,30,0.7500,0.6250,8,8,7,0,0,8,7,0.1250
8,220.0000,22,24,581.2245,-88.3955,-0.2468,14,0.3500,0.7143,7,6,6,0,0,6,6,0.0000
8,220.0000,23,9,330.4791,-87.3961,0.5016,22,0.5500,0.5000,6,4,0,0,0,4,0,1.0000
8,220.0000,23,26,283.6022,-84.2464,-0.4408,40,1.0000,0.0000,4,5,1,0,0,5,1,0.8000
8,220.0000,24,2,680.1064,-88.9882,0.2876,5,0.1250,1.0000,6,8,8,0,0,8,8,0.0000
8,220.0000,24,4,639.3158,-89.0056,0.0143,4,0.1000,1.0000,4,8,8,0,0,8,8,0.0000
8,220.0000,24,17,530.1936,-88.0549,-0.5665,20,0.5000,0.7143,7,8,8,0,0,8,8,0.0000
8,220.0000,24,22,581.2245,-88.0804,0.1680,12,0.3000,0.7500,8,7,6,0,0,7,6,0.1429
8,220.0000,25,27,494.4737,-88.4644,-0.1604,21,0.5250,0.8750,8,8,7,0,0,8,7,0.1250
8,220.0000,26,9,608.0218,-89.2122,0.4324,5,0.1250,1.0000,6,6,6,0,0,6,6,0.0000
8,220.0000,26,23,283.6022,-83.7150,-0.7273,38,0.9500,0.0000,4,5,1,0,0,5,1,0.8000
8,220.0000,27,16,549.7547,-88.6460,-0.1797,12,0.3000,0.7143,7,8,7,0,0,8,7,0.1250
8,220.0000,27,25,494.4737,-88.2353,-0.0863,11,0.2750,0.8571,7,8,8,0,0,8,8,0.0000
8,224.0000,0,12,449.2213,-87.1849,0.0996,29,0.7250,0.2000,5,8,8,0,0,8,8,0.0000
8,224.0000,1,6,598.6799,-88.5193,-0.2660,5,0.1250,1.0000,8,6,6,0,0,6,6,0.0000
8,224.0000,1,13,454.3688,-88.0316,0.2998,16,0.4000,0.6250,8,6,4,0,0,6,4,0.3333
8,224.0000,1,19,414.6612,-87.6697,-0.1490,23,0.5750,0.6667,6,8,6,0,0,8,6,0.2500
8,224.0000,2,3,178.2903,-79.1898,-0.0467,39,0.9750,0.0000,4,4,0,0,0,4,0,1.0000
8,224.0000,2,4,208.8110,-80.4564,-0.6162,40,1.0000,0.0000,4,5,1,0,0,5,1,0.8000
8,224.0000,2,17,662.2132,-89.0484,-0.6493,4,0.1000,1.0000,8,6,6,0,0,6,6,0.0000
8,224.0000,2,22,367.0690,-86.5680,-0.0165,31,0.7750,0.4286,7,5,1,0,0,5,1,0.8000
8,224.0000,2,24,662.6493,-89.1839,-0.5574,3,0.0750,1.0000,6,10,10,0,0,10,10,0.0000
8,224.0000,3,2,178.2903,-78.7817,-0.1838,40,1.0000,0.0000,4,4,0,0,0,4,0,1.0000
8,224.0000,3,4,259.4867,-86.1934,0.4563,38,0.9500,0.2000,5,5,1,0,0,5,1,0.8000
8,224.0000,3,17,490.9949,-88.4005,0.2543,15,0.3750,1.0000,8,7,5,0,0,7,5,0.2857
8,224.0000,3,22,220.6254,-84.9922,1.1610,36,0.9000,0.0000,4,4,0,0,0,4,0,1.0000
8,224.0000,3,24,597.8304,-89.7004,0.2291,3,0.0750,,0,5,4,0,0,5,4,0.2000
8,224.0000,4,2,208.8110,-80.2261,-0.8673,40,1.0000,0.0000,4,4,0,0,0,4,0,1.0000
8,224.0000,4,3,259.4867,-85.1351,0.7259,33,0.8250,0.0000,4,4,0,0,0,4,0,1.0000
8,224.0000,4,17,627.2373,-89.5169,0.1094,3,0.0750,1.0000,4,8,8,0,0,8,8,0.0000
8,224.0000,4,22,328.0253,-86.9279,0.1613,25,0.6250,0.2000,5,4,0,0,0,4,0,1.0000
8,224.0000,4,24,491.3427,-88.5746,-0.8669,5,0.1250,1.0000,8,6,3,0,0,6,3,0.5000
8,224.0000,5,7,694.1393,-89.1398,-0.3268,5,0.1250,0.8750,8,6,6,0,0,6,6,0.0000
8,224.0000,5,11,168.2043,-81.4853,0.7311,40,1.0000,0.0000,4,4,0,0,0,4,0,1.0000
8,224.0000,5,15,353.8627,-87.2102,0.1465,21,0.5250,0.6667,6,6,2,0,0,6,2,0.6667
8,224.0000,5,18,374.4422,-87.6950,0.1571,25,0.6250,0.5714,7,5,1,0,0,5,1,0.8000
8,224.0000,6,1,598.6799,-88.8820,-0.7225,3,0.0750,0.8333,6,8,7,0,0,8,7,0.1250
8,224.0000,6,13,471.9810,-88.4626,0.6132,14,0.3500,0.8889,9,4,1,0,0,4,1,0.7500
8,224.0000,6,14,640.6810,-89.2958,-0.2658,4,0.1000,1.0000,7,8,8,0,0,8,8,0.0000
8,224.0000,6,15,652.6111,-89.2004,-0.2594,5,0.1250,1.0000,8,4,4,0,0,4,4,0.0000
8,224.0000,6,19,283.4910,-86.2926,0.3839,30,0.7500,0.0000,4,4,0,0,0,4,0,1.0000
8,224.0000,6,20,496.8103,-88.0678,0.2208,10,0.2500,1.0000,8,7,5,0,0,7,5,0.2857
8,224.0000,7,5,694.1393,-88.4595,0.7452,3,0.0750,1.0000,6,6,6,0,0,6,6,0.0000
8,224.0000,7,8,588.4895,-88.5004,0.6460,9,0.2250,0.8750,8,6,6,0,0,6,6,0.0000
8,224.0000,7,11,694.7335,-89.2815,-0.0847,4,0.1000,,0,3,2,0,0,3,2,0.3333
8,224.0000,7,17,573.9624,-89.1577,-0.2763,9,0.2250,1.0000,8,8,8,0,0,8,8,0.0000
8,224.0000,7,20,497.1428,-88.0890,0.4193,12,0.3000,0.8571,7,8,7,0,0,8,7,0.1250
8,224.0000,7,21,474.7257,-88.2058,0.4042,21,0.5250,0.8750,8,7,5,0,0,7,5,0.2857
8,224.0000,8,7,588.4895,-88.5427,0.0140,11,0.2750,0.6667,6,6,6,0,0,6,6,0.0000
8,224.0000,8,17,402.7822,-87.2425,-0.0522,24,0.6000,0.4000,5,7,5,0,0,7,5,0.2857
8,224.0000,8,21,570.3358,-88.0455,-0.2985,17,0.4250,0.8571,7,8,8,0,0,8,8,0.0000
8,224.0000,8,22,511.6573,-87.6536,-0.3967,19,0.4750,0.5000,6,7,6,0,0,7,6,0.1429
8,224.0000,9,15,737.0182,-88.6078,-0.9707,4,0.1000,1.0000,8,4,4,0,0,4,4,0.0000
8,224.0000,9,23,258.6610,-85.2139,0.4758,37,0.9250,0.0000,4,4,0,0,0,4,0,1.0000
8,224.0000,9,26,562.0253,-89.2527,-0.0506,11,0.2750,0.8750,8,8,7,0,0,8,7,0.1250
8,224.0000,10,13,423.1120,-86.1464,-0.8038,29,0.7250,0.4000,5,7,6,0,0,7,6,0.1429
8,224.0000,10,14,135.0253,-75.7173,-1.5136,39,0.9750,0.0000,4,4,0,0,0,4,0,1.0000
8,224.0000,10,16,565.1734,-89.2105,0.0592,5,0.1250,1.0000,6,7,6,0,0,7,6,0.1429
8,224.0000,10,19,560.0759,-88.3776,-0.1849,17,0.4250,0.4000,5,8,8,0,0,8,8,0.0000
8,224.0000,11,5,168.2043,-81.9164,1.1345,40,1.0000,0.0260,77,4,0,7,0,11,0,1.0000
8,224.0000,11,15,272.4494,-84.8190,0.3826,37,0.9250,0.0000,4,4,0,0,0,4,0,1.0000
8,224.0000,11,18,526.3363,-89.5921,0.0703,9,0.2250,0.8333,6,7,5,0,0,7,5,0.2857
8,224.0000,12,0,449.2213,-86.7826,-0.6676,33,0.8250,0.4000,5,8,8,0,0,8,8,0.0000
8,224.0000,13,1,454.3688,-88.3587,-0.0907,16,0.4000,1.0000,8,7,6,0,0,7,6,0.1429
8,224.0000,13,6,471.9810,-88.6554,0.4571,11,0.2750,0.7143,7,6,2,0,0,6,2,0.6667
8,224.0000,13,10,423.1120,-86.5704,-1.3144,32,0.8000,0.4000,5,7,6,0,0,7,6,0.1429
8,224.0000,13,14,370.7280,-85.6592,-0.8926,34,0.8500,0.4000,5,6,4,0,0,6,4,0.3333
8,224.0000,13,19,200.0120,-81.0559,-0.3562,38,0.9500,0.0000,4,4,0,0,0,4,0,1.0000
8,224.0000,14,10,135.0253,-76.0723,-1.6773,39,0.9750,0.0000,4,4,0,0,0,4,0,1.0000
8,224.0000,14,13,370.7280,-85.8098,-0.7871,33,0.8250,0.2000,5,7,6,0,0,7,6,0.1429
8,224.0000,14,16,573.1193,-88.8732,0.0664,7,0.1750,1.0000,6,10,10,0,0,10,10,0.0000
8,224.0000,14,19,478.8377,-88.1225,-0.1787,21,0.5250,0.5000,6,7,6,0,0,7,6,0.1429
8,224.0000,14,20,593.4309,-89.2321,0.7003,4,0.1000,1.0000,2,8,8,0,0,8,8,0.0000
8,224.0000,15,5,353.8627,-87.9315,0.2010,26,0.6500,0.7500,8,5,1,89,32,94,33,0.6489
8,224.0000,15,6,652.6111,-89.3206,0.1039,8,0.2000,1.0000,8,4,4,0,0,4,4,0.0000
8,224.0000,15,9,737.0182,-89.0245,-1.3667,3,0.0750,1.0000,8,6,6,0,0,6,6,0.0000
8,224.0000,15,11,272.4494,-84.6341,0.2774,37,0.9250,0.1395,86,4,0,7,0,11,0,1.0000
8,224.0000,16,10,565.1734,-88.0366,-0.7251,11,0.2750,0.8750,8,7,6,0,0,7,6,0.1429
8,224.0000,16,14,573.1193,-89.0122,0.1988,8,0.2000,1.0000,6,8,8,0,0,8,8,0.0000
8,224.0000,16,27,568.3668,-89.1298,0.2883,11,0.2750,1.0000,8,8,8,0,0,8,8,0.0000
8,224.0000,17,2,662.2132,-88.9662,-0.2144,5,0.1250,1.0000,8,6,6,0,0,6,6,0.0000
8,224.0000,17,3,490.9949,-88.4906,0.0607,16,0.4000,1.0000,8,8,8,0,0,8,8,0.0000
8,224.0000,17,7,573.9624,-88.8846,-0.0046,7,0.1750,1.0000,8,8,8,0,0,8,8,0.0000
8,224.0000,17,8,402.7822,-87.7236,0.1313,21,0.5250,0.5000,6,6,3,0,0,6,3,0.5000
8,224.0000,17,22,313.0573,-85.0766,-0.8188,36,0.9000,0.0000,4,7,5,0,0,7,5,0.2857
8,224.0000,17,24,581.5003,-88.8618,-0.2296,8,0.2000,1.0000,8,8,8,0,0,8,8,0.0000
8,224.0000,18,5,374.4422,-87.6374,0.6979,22,0.5500,0.5714,7,6,2,0,0,6,2,0.6667
8,224.0000,19,1,414.6612,-87.5715,0.0803,27,0.6585,0.5000,6,7,6,0,0,7,6,0.1429
8,224.0000,19,6,283.4910,-86.3908,1.0949,29,0.7073,0.4000,5,4,0,0,0,4,0,1.0000
8,224.0000,19,10,560.0759,-87.8604,-0.3448,20,0.4878,0.8750,8,8,8,0,0,8,8,0.0000
8,224.0000,19,13,200.0120,-81.5088,-0.4641,41,1.0000,0.0000,4,4,0,0,0,4,0,1.0000
8,224.0000,19,14,478.8377,-87.1896,-0.9640,29,0.7073,0.6667,6,8,8,0,0,8,8,0.0000
8,224.0000,19,20,552.1743,-89.3887,-0.1876,4,0.0976,1.0000,8,8,7,0,0,8,7,0.1250
8,224.0000,20,6,496.8103,-88.7238,-0.2248,11,0.2750,0.7143,7,8,6,0,0,8,6,0.2500
8,224.0000,20,7,497.1428,-88.4920,0.0368,15,0.3750,1.0000,8,8,8,0,0,8,8,0.0000
8,224.0000,20,19,552.1743,-88.5030,-0.3935,6,0.1500,1.0000,8,8,5,0,0,8,5,0.3750
8,224.0000,21,2,758.5667,-88.2340,0.7238,3,0.0750,1.0000,6,4,4,0,0,4,4,0.0000
8,224.0000,21,7,474.7257,-87.8018,0.2132,10,0.2500,1.0000,8,8,8,0,0,8,8,0.0000
8,224.0000,21,8,570.3358,-87.5701,-0.5206,12,0.3000,0.8000,10,6,6,0,0,6,6,0.0000
8,224.0000,21,17,653.5431,-89.1293,0.4525,4,0.1000,1.0000,4,8,8,0,0,8,8,0.0000
8,224.0000,21,22,585.7510,-88.2321,-0.1191,12,0.3000,1.0000,8,8,8,0,0,8,8,0.0000
8,224.0000,22,2,367.0690,-86.4568,0.0274,35,0.8750,0.7143,7,6,4,0,0,6,4,0.3333
8,224.0000,22,3,220.6254,-84.9860,0.8673,35,0.8750,0.2000,5,4,0,0,0,4,0,1.0000
8,224.0000,22,4,328.0253,-86.6450,0.8085,30,0.7500,0.5000,4,6,2,0,0,6,2,0.6667
8,224.0000,22,8,511.6573,-87.3886,-1.2207,21,0.5250,0.4286,7,8,7,0,0,8,7,0.1250
8,224.0000,22,17,313.0573,-85.0467,0.4665,39,0.9750,0.2000,5,6,2,0,0,6,2,0.6667
8,224.0000,22,21,585.7510,-88.5957,0.1128,11,0.2750,0.8750,8,4,4,0,0,4,4,0.0000
8,224.0000,22,24,500.6366,-88.7211,-0.0258,15,0.3750,1.0000,6,7,6,0,0,7,6,0.1429
8,224.0000,23,9,258.6610,-85.1603,0.2031,40,1.0000,0.0000,4,4,0,0,0,4,0,1.0000
8,224.0000,23,26,385.1173,-86.1404,-0.6462,34,0.8500,0.2000,5,5,1,0,0,5,1,0.8000
8,224.0000,24,4,491.3427,-88.4546,-0.3341,10,0.2500,1.0000,8,7,6,0,0,7,6,0.1429
8,224.0000,24,17,581.5003,-88.9136,-0.2234,7,0.1750,1.0000,8,8,8,0,0,8,8,0.0000
8,224.0000,24,22,500.6366,-87.8991,0.4166,8,0.2000,0.8571,7,8,7,0,0,8,7,0.1250
8,224.0000,25,27,544.1667,-88.2905,-0.0770,14,0.3500,0.8750,8,8,8,0,0,8,8,0.0000
8,224.0000,26,9,562.0253,-89.0090,0.4996,6,0.1538,1.0000,6,6,4,0,0,6,4,0.3333
8,224.0000,26,23,385.1173,-86.2549,-0.4230,30,0.7692,0.2000,5,5,2,0,0,5,2,0.6000
8,224.0000,27,16,568.3668,-89.1500,-0.4026,11,0.2750,0.8750,8,8,8,0,0,8,8,0.0000
8,224.0000,27,25,544.1667,-88.5617,-0.1042,12,0.3000,1.0000,8,8,8,0,0,8,8,0.0000
8,228.0000,0,12,592.0554,-88.2919,-0.0541,10,0.2500,1.0000,8,8,8,0,0,8,8,0.0000
8,228.0000,1,6,654.6711,-88.9186,-0.2841,5,0.1250,1.0000,6,4,4,0,0,4,4,0.0000
8,228.0000,1,13,424.5102,-88.0121,-0.2212,22,0.5500,0.6667,6,5,1,0,0,5,1,0.8000
8,228.0000,1,19,507.1228,-88.1012,0.1742,20,0.5000,0.7500,8,6,5,0,0,6,5,0.1667
8,228.0000,2,3,306.1365,-83.3572,-0.9636,37,0.9250,0.0000,4,4,0,0,0,4,0,1.0000
8,228.0000,2,4,324.1043,-84.0425,-0.7074,38,0.9500,0.2000,5,7,4,0,0,7,4,0.4286
8,228.0000,2,22,388.0692,-86.5725,0.1748,29,0.7250,0.2000,5,7,5,0,0,7,5,0.2857
8,228.0000,2,24,620.7435,-89.4679,-0.5351,4,0.1000,1.0000,10,6,6,0,0,6,6,0.0000
8,228.0000,3,2,306.1365,-83.2094,-0.9903,40,1.0000,0.0000,4,5,2,0,0,5,2,0.6000
8,228.0000,3,4,207.8291,-83.2933,0.9266,40,1.0000,0.2000,5,4,0,0,0,4,0,1.0000
8,228.0000,3,17,491.3715,-88.6507,0.1005,16,0.4000,0.7143,7,8,8,0,0,8,8,0.0000
8,228.0000,3,22,111.5038,-79.9408,1.1985,40,1.0000,0.0000,4,4,0,0,0,4,0,1.0000
8,228.0000,3,24,407.5822,-88.0152,0.4693,18,0.4500,0.8000,5,6,3,0,0,6,3,0.5000
8,228.0000,4,2,324.1043,-83.6627,-0.8381,37,0.9250,0.0000,4,5,2,0,0,5,2,0.6000
8,228.0000,4,3,207.8291,-83.6284,0.2199,38,0.9500,0.0000,4,4,0,0,0,4,0,1.0000
8,228.0000,4,17,609.2733,-88.9377,0.2336,7,0.1750,1.0000,8,8,7,0,0,8,7,0.1250
8,228.0000,4,22,211.7622,-84.2294,0.6585,37,0.9250,0.0000,4,5,2,0,0,5,2,0.6000
8,228.0000,4,24,363.1581,-87.3874,0.5668,28,0.7000,0.5000,6,6,2,0,0,6,2,0.6667
8,228.0000,5,11,171.7315,-79.4479,-0.1631,41,1.0000,0.0000,4,4,0,0,0,4,0,1.0000
8,228.0000,5,15,340.4705,-86.0928,-0.0202,33,0.8049,0.3333,6,5,2,0,0,5,2,0.6000
8,228.0000,5,18,290.8246,-85.8983,0.4247,34,0.8293,0.2000,5,5,1,0,0,5,1,0.8000
8,228.0000,6,13,392.5716,-87.4905,0.6118,25,0.6410,0.2500,4,10,7,0,0,10,7,0.3000
8,228.0000,6,14,618.3659,-89.3116,0.1817,3,0.0769,1.0000,8,8,8,0,0,8,8,0.0000
8,228.0000,6,19,205.3099,-83.4534,0.8569,38,0.9744,0.0000,4,4,0,0,0,4,0,1.0000
8,228.0000,6,20,445.9341,-87.6652,-0.2023,17,0.4359,0.7143,7,7,4,0,0,7,4,0.4286
8,228.0000,7,5,835.4830,-89.5724,0.4023,3,0.0750,1.0000,6,2,2,0,0,2,2,0.0000
8,228.0000,7,8,724.4500,-88.6938,0.6722,3,0.0750,1.0000,6,2,2,0,0,2,2,0.0000
8,228.0000,7,17,545.6775,-88.8855,-0.0127,10,0.2500,1.0000,8,8,8,0,0,8,8,0.0000
8,228.0000,7,20,507.6992,-88.4186,-0.3448,11,0.2750,0.8750,8,8,7,0,0,8,7,0.1250
8,228.0000,7,21,440.4090,-88.7920,-0.2398,16,0.4000,0.7143,7,4,2,0,0,4,2,0.5000
8,228.0000,8,3,745.8605,-89.1215,-0.6056,3,0.0750,1.0000,4,2,2,0,0,2,2,0.0000
8,228.0000,8,7,724.4500,-88.4461,-0.1524,4,0.1000,1.0000,6,6,6,0,0,6,6,0.0000
8,228.0000,8,17,452.1994,-87.4596,-0.2960,29,0.7250,0.7143,7,8,7,0,0,8,7,0.1250
8,228.0000,8,22,637.5010,-88.9910,0.2670,6,0.1500,0.8571,7,6,6,0,0,6,6,0.0000
8,228.0000,9,23,261.0707,-83.6782,0.4346,38,0.9500,0.0000,4,4,0,0,0,4,0,1.0000
8,228.0000,9,26,438.4584,-88.1229,0.3558,20,0.5000,0.8750,8,5,2,0,0,5,2,0.6000
8,228.0000,10,13,555.6105,-87.4711,-0.2007,14,0.3500,0.8571,7,8,8,0,0,8,8,0.0000
8,228.0000,10,14,216.9359,-80.1707,-1.4653,39,0.9750,0.0000,4,4,0,0,0,4,0,1.0000
8,228.0000,10,16,597.4393,-88.5508,-0.1591,9,0.2250,0.8571,7,8,8,0,0,8,8,0.0000
8,228.0000,11,5,171.7315,-79.3867,-0.0813,40,0.9756,0.0000,11,4,0,0,0,4,0,1.0000
8,228.0000,11,15,257.0112,-84.5937,-0.0902,40,0.9756,0.0000,4,4,0,0,0,4,0,1.0000
8,228.0000,11,18,390.9291,-87.3262,0.7979,17,0.4146,0.7143,7,5,2,0,0,5,2,0.6000
8,228.0000,12,0,592.0554,-88.4080,-0.4716,14,0.3500,1.0000,8,8,8,0,0,8,8,0.0000
8,228.0000,13,1,424.5102,-88.0444,0.0218,22,0.5500,0.8571,7,7,4,0,0,7,4,0.4286
8,228.0000,13,6,392.5716,-88.0186,0.3457,23,0.5750,0.3333,6,5,2,0,0,5,2,0.6000
8,228.0000,13,10,555.6105,-87.9304,-0.1881,20,0.5000,0.8571,7,8,8,0,0,8,8,0.0000
8,228.0000,13,14,503.8215,-88.2102,-0.4154,20,0.5000,0.6667,6,8,8,0,0,8,8,0.0000
8,228.0000,13,19,235.9774,-82.2290,-0.2462,38,0.9500,0.0000,4,4,0,0,0,4,0,1.0000
8,228.0000,13,20,558.9048,-88.9512,-0.0534,9,0.2250,1.0000,8,6,6,0,0,6,6,0.0000
8,228.0000,14,6,618.3659,-88.6569,0.1343,3,0.0750,0.8571,7,8,8,0,0,8,8,0.0000
8,228.0000,14,10,216.9359,-80.6991,-1.6297,40,1.0000,0.0000,4,4,0,0,0,4,0,1.0000
8,228.0000,14,13,503.8215,-87.9603,0.0326,24,0.6000,0.8571,7,8,8,0,0,8,8,0.0000
8,228.0000,14,16,501.1801,-88.5506,0.2590,10,0.2500,1.0000,10,7,5,0,0,7,5,0.2857
8,228.0000,14,19,627.2316,-88.4004,-0.5147,7,0.1750,0.8571,7,8,8,0,0,8,8,0.0000
8,228.0000,14,20,532.0382,-88.6669,0.0538,10,0.2500,1.0000,8,8,7,0,0,8,7,0.1250
8,228.0000,15,5,340.4705,-86.0566,0.4748,33,0.8250,0.3511,94,7,5,109,49,116,54,0.5345
8,228.0000,15,11,257.0112,-84.5813,-0.2614,38,0.9500,0.0000,11,4,0,0,0,4,0,1.0000
8,228.0000,15,18,417.2250,-87.8670,0.6190,17,0.4250,0.8750,8,5,2,0,0,5,2,0.6000
8,228.0000,16,10,597.4393,-89.0662,-0.0203,7,0.1750,0.8571,7,6,6,0,0,6,6,0.0000
8,228.0000,16,14,501.1801,-88.6188,0.2779,13,0.3250,1.0000,8,8,7,0,0,8,7,0.1250
8,228.0000,16,25,656.8972,-89.4789,-0.0466,5,0.1250,1.0000,4,4,4,0,0,4,4,0.0000
8,228.0000,16,27,593.0466,-89.2316,-0.1509,8,0.2000,1.0000,8,8,8,0,0,8,8,0.0000
8,228.0000,17,3,491.3715,-87.7389,-0.1357,14,0.3500,1.0000,8,8,7,0,0,8,7,0.1250
8,228.0000,17,4,609.2733,-89.1293,0.1757,8,0.2000,0.8750,8,8,8,0,0,8,8,0.0000
8,228.0000,17,7,545.6775,-88.9287,0.0486,8,0.2000,1.0000,8,8,8,0,0,8,8,0.0000
8,228.0000,17,8,452.1994,-88.2539,-0.3398,22,0.5500,0.5000,6,8,7,0,0,8,7,0.1250
8,228.0000,17,21,670.9790,-89.0204,0.6658,3,0.0750,0.8333,6,6,6,0,0,6,6,0.0000
8,228.0000,17,22,410.8402,-86.5881,-0.2438,30,0.7500,0.7143,7,5,2,0,0,5,2,0.6000
8,228.0000,17,24,649.9242,-89.1170,-0.4856,4,0.1000,1.0000,8,4,4,0,0,4,4,0.0000
8,228.0000,18,5,290.8246,-86.2142,0.0983,32,0.8000,0.3333,6,5,1,0,0,5,1,0.8000
8,228.0000,18,11,390.9291,-88.4874,0.0900,17,0.4250,0.7143,7,5,1,0,0,5,1,0.8000
8,228.0000,18,15,417.2250,-88.3407,0.5415,11,0.2750,1.0000,8,5,1,0,0,5,1,0.8000
8,228.0000,19,1,507.1228,-88.2234,0.1054,19,0.4750,0.8571,7,8,8,0,0,8,8,0.0000
8,228.0000,19,6,205.3099,-82.9339,0.9990,39,0.9750,0.0000,4,4,0,0,0,4,0,1.0000
8,228.0000,19,10,727.9754,-89.3917,-0.0588,4,0.1000,1.0000,8,4,4,0,0,4,4,0.0000
8,228.0000,19,13,235.9774,-82.7180,-0.4714,40,1.0000,0.0000,4,4,0,0,0,4,0,1.0000
8,228.0000,19,14,627.2316,-88.6880,-0.6974,10,0.2500,1.0000,8,6,6,0,0,6,6,0.0000
8,228.0000,19,20,504.9012,-88.4206,-0.1376,14,0.3500,0.8750,8,8,8,0,0,8,8,0.0000
8,228.0000,20,6,445.9341,-88.3880,0.5706,10,0.2500,0.7500,8,5,1,0,0,5,1,0.8000
8,228.0000,20,7,507.6992,-88.4247,-0.2118,9,0.2250,1.0000,8,8,8,0,0,8,8,0.0000
8,228.0000,20,10,735.3522,-89.5276,0.0055,3,0.0750,1.0000,2,4,4,0,0,4,4,0.0000
8,228.0000,20,13,558.9048,-88.7431,-0.3884,7,0.1750,1.0000,8,8,8,0,0,8,8,0.0000
8,228.0000,20,14,532.0382,-87.6366,-0.3185,5,0.1250,1.0000,8,7,6,0,0,7,6,0.1429
8,228.0000,20,19,504.9012,-88.6804,0.3388,16,0.4000,0.6250,8,7,6,0,0,7,6,0.1429
8,228.0000,20,21,553.9654,-88.7908,1.0959,6,0.1500,1.0000,8,8,7,0,0,8,7,0.1250
8,228.0000,21,7,440.4090,-87.5918,-0.1514,15,0.3750,1.0000,8,6,3,0,0,6,3,0.5000
8,228.0000,21,8,736.8338,-89.1052,-0.1949,7,0.1750,1.0000,6,4,4,0,0,4,4,0.0000
8,228.0000,21,20,553.9654,-88.8036,0.0610,7,0.1750,1.0000,8,7,6,0,0,7,6,0.1429
8,228.0000,22,2,388.0692,-87.0608,0.1609,31,0.7750,0.6667,6,7,6,0,0,7,6,0.1429
8,228.0000,22,3,111.5038,-80.0687,1.6125,40,1.0000,0.0000,4,4,0,0,0,4,0,1.0000
8,228.0000,22,4,211.7622,-84.0548,0.8763,39,0.9750,0.3333,6,4,0,0,0,4,0,1.0000
8,228.0000,22,8,637.5010,-88.1938,-0.9545,7,0.1750,0.8750,8,8,8,0,0,8,8,0.0000
8,228.0000,22,17,410.8402,-86.8123,-0.7851,35,0.8750,0.3333,6,7,6,0,0,7,6,0.1429
8,228.0000,22,21,724.3793,-89.3726,-0.0759,5,0.1250,1.0000,4,4,4,0,0,4,4,0.0000
8,228.0000,22,24,403.0943,-88.3466,0.3834,20,0.5000,0.8571,7,8,5,0,0,8,5,0.3750
8,228.0000,23,9,261.0707,-83.8664,-0.2944,40,1.0000,0.0000,4,5,1,0,0,5,1,0.8000
8,228.0000,23,26,382.0947,-87.4584,-0.0372,27,0.6750,0.2000,5,5,2,0,0,5,2,0.6000
8,228.0000,24,2,620.7435,-89.0200,-0.4435,4,0.1000,1.0000,8,8,8,0,0,8,8,0.0000
8,228.0000,24,3,407.5822,-87.5574,-0.0240,16,0.4000,1.0000,8,5,1,0,0,5,1,0.8000
8,228.0000,24,4,363.1581,-86.8078,0.5564,27,0.6750,0.8571,7,5,2,0,0,5,2,0.6000
8,228.0000,24,17,649.9242,-89.0520,0.0482,6,0.1500,1.0000,8,8,8,0,0,8,8,0.0000
8,228.0000,24,22,403.0943,-87.2750,-0.2065,15,0.3750,0.8750,8,7,3,0,0,7,3,0.5714
8,228.0000,25,16,656.8972,-89.0706,0.0050,5,0.1250,1.0000,6,8,8,0,0,8,8,0.0000
8,228.0000,25,27,601.3431,-88.6765,-0.5202,10,0.2500,1.0000,8,8,8,0,0,8,8,0.0000
8,228.0000,26,9,438.4584,-88.1458,-0.2918,14,0.3500,0.6667,6,6,2,0,0,6,2,0.6667
8,228.0000,26,23,382.0947,-86.9812,0.0560,25,0.6250,0.4000,5,5,2,0,0,5,2,0.6000
8,228.0000,27,16,593.0466,-89.1208,-0.0534,9,0.2250,1.0000,8,6,6,0,0,6,6,0.0000
8,228.0000,27,25,601.3431,-88.6283,-0.5953,4,0.1000,1.0000,8,8,8,0,0,8,8,0.0000
8,232.0000,1,13,406.6730,-87.2577,-0.1248,25,0.6250,0.2000,5,7,6,0,0,7,6,0.1429
8,232.0000,1,19,618.8761,-88.8590,0.0062,7,0.1750,0.8333,6,8,8,0,0,8,8,0.0000
8,232.0000,2,3,418.4541,-86.3195,-0.7771,33,0.8250,0.0000,4,7,6,0,0,7,6,0.1429
8,232.0000,2,4,439.8059,-86.9252,-0.6967,26,0.6500,0.5714,7,8,7,0,0,8,7,0.1250
8,232.0000,2,22,371.5388,-87.2708,0.1637,30,0.7500,0.7143,7,4,0,0,0,4,0,1.0000
8,232.0000,2,24,566.1459,-89.0926,0.0508,8,0.2000,1.0000,6,10,10,0,0,10,10,0.0000
8,232.0000,3,2,418.4541,-86.5887,-0.7321,33,0.8250,0.4000,5,6,3,0,0,6,3,0.5000
8,232.0000,3,4,201.9585,-82.2056,-0.1322,40,1.0000,0.0000,4,4,0,0,0,4,0,1.0000
8,232.0000,3,17,532.6466,-88.3559,-0.0510,10,0.2500,1.0000,8,8,8,0,0,8,8,0.0000
8,232.0000,3,22,87.0010,-73.7655,0.4014,40,1.0000,0.0000,4,4,0,0,0,4,0,1.0000
8,232.0000,3,24,244.8142,-85.6506,0.9164,34,0.8500,0.5000,6,4,0,0,0,4,0,1.0000
8,232.0000,4,2,439.8059,-87.0513,-0.3561,27,0.6750,0.4000,5,7,6,0,0,7,6,0.1429
8,232.0000,4,3,201.9585,-82.3517,0.2687,40,1.0000,0.0000,4,4,0,0,0,4,0,1.0000
8,232.0000,4,17,594.1002,-89.3122,0.2161,6,0.1500,0.8750,8,8,8,0,0,8,8,0.0000
8,232.0000,4,22,170.9808,-80.8386,0.8381,40,1.0000,0.4000,5,4,0,0,0,4,0,1.0000
8,232.0000,4,24,273.1177,-86.0918,0.8779,36,0.9000,0.3333,6,4,0,0,0,4,0,1.0000
8,232.0000,5,11,186.8796,-80.6480,-0.0887,39,1.0000,0.0000,4,5,1,0,0,5,1,0.8000
8,232.0000,5,15,399.7530,-86.8440,-0.8231,29,0.7436,0.4000,5,7,5,0,0,7,5,0.2857
8,232.0000,5,18,364.8791,-85.1992,-0.6016,36,0.9231,0.2000,5,7,6,0,0,7,6,0.1429
8,232.0000,6,13,389.6707,-86.4117,0.3684,33,0.8250,0.7000,10,5,3,0,0,5,3,0.4000
8,232.0000,6,14,608.7939,-88.4356,0.1908,6,0.1500,1.0000,8,6,6,0,0,6,6,0.0000
8,232.0000,6,19,276.2705,-83.0596,-0.6544,40,1.0000,0.0000,4,7,4,0,0,7,4,0.4286
8,232.0000,6,20,417.0439,-88.1673,0.3695,22,0.5500,0.5714,7,5,1,0,0,5,1,0.8000
8,232.0000,7,6,597.4041,-88.7545,-0.2024,4,0.1000,1.0000,8,7,6,0,0,7,6,0.1429
8,232.0000,7,17,517.8255,-88.7009,-0.0291,9,0.2250,1.0000,8,7,5,0,0,7,5,0.2857
8,232.0000,7,20,506.6436,-87.9470,-0.2560,13,0.3250,0.8750,8,8,8,0,0,8,8,0.0000
8,232.0000,7,21,412.5098,-87.5856,0.2664,17,0.4250,0.5000,4,7,3,0,0,7,3,0.5714
8,232.0000,8,17,562.1623,-88.1047,-0.1131,16,0.3902,0.8750,8,7,6,0,0,7,6,0.1429
8,232.0000,8,18,591.3267,-88.5318,0.4511,4,0.0976,1.0000,8,8,8,0,0,8,8,0.0000
8,232.0000,9,23,345.3614,-85.5893,-0.7546,37,0.9250,0.0000,4,7,5,0,0,7,5,0.2857
8,232.0000,9,26,347.5223,-87.2372,-0.3848,26,0.6500,0.4000,5,4,0,0,0,4,0,1.0000
8,232.0000,10,14,281.8284,-83.7982,-0.4337,39,0.9750,0.0000,4,5,1,0,0,5,1,0.8000
8,232.0000,11,5,186.8796,-80.6762,-0.2308,39,1.0000,0.0000,4,4,0,0,0,4,0,1.0000
8,232.0000,11,15,269.0771,-84.5194,-0.0002,38,0.9744,0.0000,4,4,0,0,0,4,0,1.0000
8,232.0000,11,18,335.8082,-86.4206,0.5273,35,0.8974,0.4000,5,5,1,0,0,5,1,0.8000
8,232.0000,12,0,681.7753,-88.8930,0.2710,6,0.1500,1.0000,8,6,6,0,0,6,6,0.0000
8,232.0000,12,1,711.3333,-89.0007,0.4406,3,0.0750,1.0000,4,4,4,0,0,4,4,0.0000
8,232.0000,13,1,406.6730,-87.8142,0.0663,24,0.5854,0.5714,7,6,3,0,0,6,3,0.5000
8,232.0000,13,6,389.6707,-86.3055,0.4638,26,0.6341,0.4000,5,6,4,0,0,6,4,0.3333
8,232.0000,13,10,716.1327,-89.0793,0.1082,7,0.1707,1.0000,8,2,2,0,0,2,2,0.0000
8,232.0000,13,14,650.7988,-88.8633,0.0248,7,0.1707,1.0000,8,2,2,0,0,2,2,0.0000
8,232.0000,13,19,292.8241,-84.2484,-0.0354,40,0.9756,0.0000,4,5,2,0,0,5,2,0.6000
8,232.0000,13,20,604.9155,-88.9281,0.0872,5,0.1220,1.0000,6,10,10,0,0,10,10,0.0000
8,232.0000,14,10,281.8284,-83.9438,-0.3349,40,1.0000,0.0000,4,4,0,0,0,4,0,1.0000
8,232.0000,14,13,650.7988,-87.8615,-0.0261,8,0.2000,1.0000,8,8,8,0,0,8,8,0.0000
8,232.0000,14,16,446.0782,-88.1978,0.0700,15,0.3750,0.7143,7,6,3,0,0,6,3,0.5000
8,232.0000,14,20,503.3138,-88.6756,0.4007,14,0.3500,0.8750,8,7,6,0,0,7,6,0.1429
8,232.0000,15,5,399.7530,-86.4406,-0.2068,28,0.7000,0.4655,116,8,5,120,86,128,91,0.2891
8,232.0000,15,11,269.0771,-83.5955,-0.3094,39,0.9750,0.0000,4,5,1,0,0,5,1,0.8000
8,232.0000,15,18,274.4135,-85.9219,0.9077,33,0.8250,0.4000,5,4,0,0,0,4,0,1.0000
8,232.0000,16,10,638.9206,-88.9579,0.3190,5,0.1250,1.0000,6,4,4,0,0,4,4,0.0000
8,232.0000,16,14,446.0782,-87.8990,-0.0524,17,0.4250,0.8750,8,7,5,0,0,7,5,0.2857
8,232.0000,16,20,648.0422,-89.2101,-0.2763,3,0.0750,1.0000,6,8,8,0,0,8,8,0.0000
8,232.0000,16,27,615.0737,-89.0221,-0.0464,6,0.1500,1.0000,8,8,8,0,0,8,8,0.0000
8,232.0000,17,3,532.6466,-88.3969,0.1408,17,0.4250,0.8750,8,7,6,0,0,7,6,0.1429
8,232.0000,17,4,594.1002,-89.0000,0.3944,7,0.1750,1.0000,8,7,6,0,0,7,6,0.1429
8,232.0000,17,7,517.8255,-88.4785,0.0586,9,0.2250,1.0000,8,8,8,0,0,8,8,0.0000
8,232.0000,17,8,562.1623,-87.9311,-0.3614,11,0.2750,0.8750,8,8,8,0,0,8,8,0.0000
8,232.0000,17,22,509.7555,-87.1039,-0.5142,24,0.6000,0.4000,5,8,8,0,0,8,8,0.0000
8,232.0000,18,5,364.8791,-85.2645,-0.7576,36,0.9000,0.2000,5,7,6,0,0,7,6,0.1429
8,232.0000,18,8,591.3267,-89.0681,0.7232,3,0.0750,1.0000,8,8,8,0,0,8,8,0.0000
8,232.0000,18,11,335.8082,-86.5588,-0.2637,32,0.8000,0.2000,5,7,5,0,0,7,5,0.2857
8,232.0000,18,15,274.4135,-86.6142,0.7761,31,0.7750,0.2000,5,4,0,0,0,4,0,1.0000
8,232.0000,19,6,276.2705,-82.9430,-0.8815,38,0.9500,0.0000,4,5,2,0,0,5,2,0.6000
8,232.0000,19,13,292.8241,-84.0624,0.0314,38,0.9500,0.0000,4,5,2,0,0,5,2,0.6000
8,232.0000,19,20,570.1242,-88.5059,-0.4654,10,0.2500,1.0000,8,8,8,0,0,8,8,0.0000
8,232.0000,20,6,417.0439,-87.6098,-0.1868,25,0.6250,0.2000,5,7,4,0,0,7,4,0.4286
8,232.0000,20,7,506.6436,-88.2188,-0.1904,11,0.2750,1.0000,8,8,7,0,0,8,7,0.1250
8,232.0000,20,13,604.9155,-88.6291,0.0649,10,0.2500,1.0000,8,8,8,0,0,8,8,0.0000
8,232.0000,20,14,503.3138,-87.5214,0.6356,8,0.2000,0.8571,7,7,6,0,0,7,6,0.1429
8,232.0000,20,16,648.0422,-89.4544,-0.1870,4,0.1000,1.0000,4,8,8,0,0,8,8,0.0000
8,232.0000,20,19,570.1242,-88.4412,0.0619,15,0.3750,0.8571,7,8,8,0,0,8,8,0.0000
8,232.0000,20,21,498.1992,-88.2386,0.4726,11,0.2750,0.8750,8,7,5,0,0,7,5,0.2857
8,232.0000,21,7,412.5098,-87.9997,0.1905,24,0.6000,0.5000,6,6,3,0,0,6,3,0.5000
8,232.0000,21,20,498.1992,-87.9150,-0.7605,10,0.2500,0.8571,7,8,8,0,0,8,8,0.0000
8,232.0000,22,2,371.5388,-86.5530,0.5969,26,0.6500,0.8571,7,5,2,0,0,5,2,0.6000
8,232.0000,22,3,87.0010,-73.8410,0.2904,40,1.0000,0.0000,4,4,0,0,0,4,0,1.0000
8,232.0000,22,4,170.9808,-80.0142,0.7468,40,1.0000,0.0000,4,4,0,0,0,4,0,1.0000
8,232.0000,22,17,509.7555,-87.9092,0.0558,23,0.5750,0.8571,7,8,8,0,0,8,8,0.0000
8,232.0000,22,24,308.3096,-87.0715,0.3175,33,0.8250,0.6250,8,5,0,0,0,5,0,1.0000
8,232.0000,23,9,345.3614,-85.3926,-0.8251,38,0.9500,0.2000,5,5,1,0,0,5,1,0.8000
8,232.0000,23,26,369.7515,-87.6700,0.0075,35,0.8750,0.4000,5,6,3,0,0,6,3,0.5000
8,232.0000,24,2,566.1459,-88.8752,-0.1115,5,0.1282,1.0000,8,8,6,0,0,8,6,0.2500
8,232.0000,24,3,244.8142,-86.2243,1.1064,35,0.8974,0.2000,5,4,0,0,0,4,0,1.0000
8,232.0000,24,4,273.1177,-85.5548,0.5099,36,0.9231,0.4000,5,4,0,0,0,4,0,1.0000
8,232.0000,24,22,308.3096,-86.3914,0.5780,28,0.7179,0.4286,7,4,0,0,0,4,0,1.0000
8,232.0000,26,9,347.5223,-86.2793,-0.3026,26,0.6500,0.3333,6,7,3,0,0,7,3,0.5714
8,232.0000,26,23,369.7515,-87.0623,-0.0113,30,0.7500,0.4000,5,5,1,0,0,5,1,0.8000
8,232.0000,27,16,615.0737,-88.6702,-1.0558,8,0.2000,1.0000,6,10,10,0,0,10,10,0.0000
8,236.0000,1,13,438.7202,-87.4140,-0.0250,28,0.7000,0.8571,7,8,7,0,0,8,7,0.1250
8,236.0000,2,3,513.4553,-87.9219,0.1977,21,0.5250,0.8571,7,7,6,0,0,7,6,0.1429
8,236.0000,2,4,521.8126,-87.8993,-0.4861,16,0.4000,0.8750,8,6,6,0,0,6,6,0.0000
8,236.0000,2,22,328.6398,-86.0193,0.2064,29,0.7250,0.0000,4,7,3,0,0,7,3,0.5714
8,236.0000,2,24,490.7695,-88.1946,0.7494,22,0.5500,1.0000,10,5,3,0,0,5,3,0.4000
8,236.0000,2,27,667.5694,-89.5634,0.1301,4,0.1000,1.0000,4,6,6,0,0,6,6,0.0000
8,236.0000,3,2,513.4553,-87.5937,-0.0701,20,0.5000,0.5000,6,8,8,0,0,8,8,0.0000
8,236.0000,3,4,218.4730,-82.6944,-0.5871,40,1.0000,0.0000,4,4,0,0,0,4,0,1.0000
8,236.0000,3,17,606.5443,-88.5731,-0.4088,7,0.1750,1.0000,8,4,4,0,0,4,4,0.0000
8,236.0000,3,22,186.7180,-76.4943,-1.9300,40,1.0000,0.0000,4,4,0,0,0,4,0,1.0000
8,236.0000,3,24,179.3567,-81.6977,0.7583,40,1.0000,0.0000,4,4,0,0,0,4,0,1.0000
8,236.0000,4,2,521.8126,-88.2939,0.0439,16,0.4000,0.8571,7,8,7,0,0,8,7,0.1250
8,236.0000,4,3,218.4730,-83.1194,-0.2649,40,1.0000,0.0000,4,4,0,0,0,4,0,1.0000
8,236.0000,4,17,611.0975,-88.8598,0.0464,8,0.2000,1.0000,8,6,6,0,0,6,6,0.0000
8,236.0000,4,22,255.7905,-81.8669,-1.3646,40,1.0000,0.0000,4,5,1,0,0,5,1,0.8000
8,236.0000,4,24,273.6945,-84.4761,-0.2285,37,0.9250,0.0000,4,4,0,0,0,4,0,1.0000
8,236.0000,5,11,217.5040,-81.1886,-0.3206,41,1.0000,0.2000,5,4,0,0,0,4,0,1.0000
8,236.0000,5,15,477.9591,-87.2352,-0.3619,23,0.5610,0.7143,7,8,8,0,0,8,8,0.0000
8,236.0000,5,18,544.8328,-88.3204,-0.5084,19,0.4634,0.8571,7,8,8,0,0,8,8,0.0000
8,236.0000,6,7,519.7658,-88.7541,0.2716,6,0.1500,1.0000,8,8,6,0,0,8,6,0.2500
8,236.0000,6,13,456.0076,-87.5057,-0.2617,23,0.5750,0.6000,5,9,8,0,0,9,8,0.1111
8,236.0000,6,14,603.9764,-88.9985,-0.6760,6,0.1500,1.0000,6,8,8,0,0,8,8,0.0000
8,236.0000,6,19,419.6390,-85.9320,-0.1696,29,0.7250,0.5714,7,8,7,0,0,8,7,0.1250
8,236.0000,6,20,392.2308,-87.6611,0.6179,25,0.6250,0.2000,5,6,2,0,0,6,2,0.6667
8,236.0000,7,6,519.7658,-88.6826,0.3594,9,0.2250,0.8571,7,7,6,0,0,7,6,0.1429
8,236.0000,7,15,695.2326,-89.3461,0.5742,3,0.0750,1.0000,6,4,4,0,0,4,4,0.0000
8,236.0000,7,17,487.6950,-87.5545,-0.0311,9,0.2250,0.7143,7,6,4,0,0,6,4,0.3333
8,236.0000,7,20,521.3329,-88.1284,-0.4373,13,0.3250,1.0000,8,8,7,0,0,8,7,0.1250
8,236.0000,7,21,387.7449,-86.7424,0.1972,24,0.6000,0.4286,7,8,5,0,0,8,5,0.3750
8,236.0000,8,17,691.9264,-89.3494,0.2051,8,0.2051,0.8571,7,6,6,0,0,6,6,0.0000
8,236.0000,8,18,597.6528,-88.8704,0.4883,5,0.1282,1.0000,8,8,8,0,0,8,8,0.0000
8,236.0000,9,23,470.3113,-87.1169,-0.6488,24,0.6000,0.7143,7,8,8,0,0,8,8,0.0000
8,236.0000,9,26,314.6332,-85.5540,0.2172,36,0.9000,0.0000,4,6,3,0,0,6,3,0.5000
8,236.0000,10,14,227.8303,-84.7379,0.7768,39,0.9750,0.2000,5,4,0,0,0,4,0,1.0000
8,236.0000,11,5,217.5040,-81.3957,-0.7771,40,0.9756,0.0000,4,4,0,0,0,4,0,1.0000
8,236.0000,11,15,300.5433,-84.9621,0.5804,39,0.9512,0.0000,4,4,0,0,0,4,0,1.0000
8,236.0000,11,18,395.5416,-86.2610,-0.3066,28,0.6829,0.2000,5,6,3,0,0,6,3,0.5000
8,236.0000,13,1,438.7202,-87.7356,-0.8132,24,0.6154,0.5000,6,8,8,0,0,8,8,0.0000
8,236.0000,13,6,456.0076,-87.8419,0.1370,27,0.6923,0.6667,6,7,6,0,0,7,6,0.1429
8,236.0000,13,19,347.8870,-85.3267,-0.1853,36,0.9231,0.4000,5,5,2,0,0,5,2,0.6000
8,236.0000,13,20,687.8711,-88.9996,0.4759,4,0.1026,1.0000,10,2,2,0,0,2,2,0.0000
8,236.0000,14,6,603.9764,-87.7407,0.7738,3,0.0750,1.0000,8,7,5,0,0,7,5,0.2857
8,236.0000,14,10,227.8303,-84.1323,0.7931,40,1.0000,0.0000,4,4,0,0,0,4,0,1.0000
8,236.0000,14,16,407.9215,-87.4177,0.2431,25,0.6250,0.5000,6,5,1,0,0,5,1,0.8000
8,236.0000,14,20,466.3961,-88.2242,-0.2750,16,0.4000,0.8571,7,6,4,0,0,6,4,0.3333
8,236.0000,15,5,477.9591,-87.5495,-0.3386,24,0.6000,0.7109,128,7,6,139,128,146,134,0.0822
8,236.0000,15,11,300.5433,-84.7872,-0.1851,37,0.9250,0.2000,5,4,0,0,0,4,0,1.0000
8,236.0000,15,18,169.0919,-82.3415,1.0613,39,0.9750,0.0000,4,4,0,0,0,4,0,1.0000
8,236.0000,16,10,626.0780,-88.7319,0.5097,4,0.1000,1.0000,4,8,8,0,0,8,8,0.0000
8,236.0000,16,14,407.9215,-87.9507,0.2972,16,0.4000,0.7143,7,7,6,0,0,7,6,0.1429
8,236.0000,16,20,527.0337,-88.9478,-0.4493,4,0.1000,1.0000,8,7,5,0,0,7,5,0.2857
8,236.0000,16,25,592.3727,-88.9110,-0.1639,4,0.1000,1.0000,8,8,8,0,0,8,8,0.0000
8,236.0000,16,27,634.9225,-88.9610,-0.1547,6,0.1500,1.0000,8,6,6,0,0,6,6,0.0000
8,236.0000,17,3,606.5443,-88.1191,0.9419,6,0.1500,0.8571,7,8,8,0,0,8,8,0.0000
8,236.0000,17,4,611.0975,-88.2874,-1.0725,5,0.1250,0.8571,7,8,8,0,0,8,8,0.0000
8,236.0000,17,7,487.6950,-87.6358,0.4178,13,0.3250,1.0000,8,7,6,0,0,7,6,0.1429
8,236.0000,17,8,691.9264,-88.5933,-1.0964,3,0.0750,1.0000,8,8,8,0,0,8,8,0.0000
8,236.0000,17,18,601.3089,-88.9816,-0.0345,6,0.1500,1.0000,8,8,8,0,0,8,8,0.0000
8,236.0000,17,22,632.3046,-89.1682,-0.1434,10,0.2500,1.0000,8,4,4,0,0,4,4,0.0000
8,236.0000,18,5,544.8328,-87.2862,-0.4017,23,0.5750,0.8571,7,6,6,0,0,6,6,0.0000
8,236.0000,18,7,648.0740,-89.1370,0.3183,3,0.0750,1.0000,6,10,10,0,0,10,10,0.0000
8,236.0000,18,8,597.6528,-88.8630,-0.4103,9,0.2250,1.0000,8,2,1,0,0,2,1,0.5000
8,236.0000,18,11,395.5416,-86.9508,-0.5563,33,0.8250,0.7143,7,8,7,0,0,8,7,0.1250
8,236.0000,18,15,169.0919,-82.3768,0.9820,40,1.0000,0.0000,4,4,0,0,0,4,0,1.0000
8,236.0000,18,17,601.3089,-88.9803,0.1229,5,0.1250,1.0000,6,8,7,0,0,8,7,0.1250
8,236.0000,19,6,419.6390,-86.2505,-0.7275,30,0.7500,0.4000,5,8,8,0,0,8,8,0.0000
8,236.0000,19,7,599.6206,-89.1153,-0.1537,4,0.1000,1.0000,2,7,5,0,0,7,5,0.2857
8,236.0000,19,13,347.8870,-86.2561,-0.6427,37,0.9250,0.4000,5,7,4,0,0,7,4,0.4286
8,236.0000,19,20,692.7982,-89.0092,-0.1836,4,0.1000,1.0000,8,4,4,0,0,4,4,0.0000
8,236.0000,20,6,392.2308,-87.4848,-0.2414,23,0.5750,0.5714,7,4,2,0,0,4,2,0.5000
8,236.0000,20,7,521.3329,-88.4026,0.0719,12,0.3000,0.8750,8,8,8,0,0,8,8,0.0000
8,236.0000,20,10,630.3259,-89.1113,-0.1557,3,0.0750,1.0000,6,6,5,0,0,6,5,0.1667
8,236.0000,20,14,466.3961,-88.0685,-0.1540,15,0.3750,0.8571,7,8,7,0,0,8,7,0.1250
8,236.0000,20,16,527.0337,-88.4415,-0.3739,3,0.0750,1.0000,8,7,4,0,0,7,4,0.4286
8,236.0000,20,19,692.7982,-89.1539,-0.7386,6,0.1500,1.0000,8,4,4,0,0,4,4,0.0000
8,236.0000,20,21,483.8103,-88.1726,0.0468,13,0.3250,0.7143,7,6,4,0,0,6,4,0.3333
8,236.0000,21,7,387.7449,-86.9162,0.4674,28,0.7000,0.5000,6,6,2,0,0,6,2,0.6667
8,236.0000,21,20,483.8103,-87.8925,0.0517,17,0.4250,1.0000,8,7,5,0,0,7,5,0.2857
8,236.0000,22,2,328.6398,-86.0032,0.3290,34,0.8500,0.4000,5,7,5,0,0,7,5,0.2857
8,236.0000,22,3,186.7180,-76.9085,-1.8870,40,1.0000,0.0000,4,4,0,0,0,4,0,1.0000
8,236.0000,22,4,255.7905,-81.2236,-0.5089,39,0.9750,0.0000,4,5,1,0,0,5,1,0.8000
8,236.0000,22,17,632.3046,-88.3493,-0.5227,7,0.1750,1.0000,8,6,5,0,0,6,5,0.1667
8,236.0000,22,24,200.7162,-84.2878,0.8445,40,1.0000,0.0000,5,4,0,0,0,4,0,1.0000
8,236.0000,23,5,688.3909,-89.5407,-0.0055,5,0.1250,1.0000,2,4,4,0,0,4,4,0.0000
8,236.0000,23,9,470.3113,-87.6789,-0.6333,24,0.6000,0.2000,5,8,8,0,0,8,8,0.0000
8,236.0000,23,26,347.4815,-86.1502,0.6453,34,0.8500,0.5000,6,5,2,0,0,5,2,0.6000
8,236.0000,24,2,490.7695,-88.5198,-0.3503,10,0.2500,0.7500,8,8,7,0,0,8,7,0.1250
8,236.0000,24,3,179.3567,-81.7877,0.7521,39,0.9750,0.0000,4,4,0,0,0,4,0,1.0000
8,236.0000,24,4,273.6945,-84.8085,0.1734,39,0.9750,0.0000,4,5,2,0,0,5,2,0.6000
8,236.0000,24,22,200.7162,-84.5887,0.8274,38,0.9500,0.0000,4,4,0,0,0,4,0,1.0000
8,236.0000,25,16,592.3727,-89.0263,0.3978,5,0.1250,1.0000,8,8,7,0,0,8,7,0.1250
8,236.0000,26,9,314.6332,-86.2616,0.5135,38,0.9500,0.4286,7,4,0,0,0,4,0,1.0000
8,236.0000,26,23,347.4815,-86.7780,0.2183,31,0.7750,0.2000,5,5,1,0,0,5,1,0.8000
8,236.0000,27,16,634.9225,-89.2335,-0.3467,3,0.0750,1.0000,10,8,8,0,0,8,8,0.0000
8,240.0000,1,13,534.9527,-87.9360,-0.6407,20,0.5000,0.8750,8,8,8,0,0,8,8,0.0000
8,240.0000,2,3,658.0060,-89.0379,-0.2596,8,0.2000,0.8571,7,6,6,0,0,6,6,0.0000
8,240.0000,2,4,624.0846,-88.6433,0.0632,7,0.1750,1.0000,6,8,8,0,0,8,8,0.0000
8,240.0000,2,22,368.4270,-86.3899,-0.4531,33,0.8250,0.4286,7,5,1,0,0,5,1,0.8000
8,240.0000,2,24,451.3964,-87.9043,0.3462,19,0.4750,0.6000,5,7,5,0,0,7,5,0.2857
8,240.0000,2,27,536.6687,-88.6443,-0.2021,5,0.1250,1.0000,6,7,4,0,0,7,4,0.4286
8,240.0000,3,2,658.0060,-88.8456,-0.2202,11,0.2750,1.0000,8,4,4,0,0,4,4,0.0000
8,240.0000,3,4,253.5055,-83.1096,-0.3542,40,1.0000,0.0000,4,4,0,0,0,4,0,1.0000
8,240.0000,3,17,718.5543,-89.6365,0.0003,4,0.1000,1.0000,4,4,4,0,0,4,4,0.0000
8,240.0000,3,22,327.4366,-84.2183,-1.1341,39,0.9750,0.0000,4,6,4,0,0,6,4,0.3333
8,240.0000,3,24,298.8583,-83.5886,-0.7866,40,1.0000,0.0000,4,7,3,0,0,7,3,0.5714
8,240.0000,4,2,624.0846,-88.2650,0.0134,6,0.1500,0.8750,8,8,8,0,0,8,8,0.0000
8,240.0000,4,3,253.5055,-83.7821,-0.1271,40,1.0000,0.0000,4,5,1,0,0,5,1,0.8000
8,240.0000,4,17,655.1082,-89.4445,-0.3084,3,0.0750,1.0000,6,8,8,0,0,8,8,0.0000
8,240.0000,4,22,385.9299,-85.0580,-0.7006,37,0.9250,0.2000,5,6,3,0,0,6,3,0.5000
8,240.0000,4,24,378.3342,-85.9383,-0.5297,35,0.8750,0.0000,4,5,2,0,0,5,2,0.6000
8,240.0000,5,11,271.2817,-84.2582,-0.3509,37,0.9250,0.0000,4,5,1,0,0,5,1,0.8000
8,240.0000,5,15,573.2963,-88.2804,-0.3729,12,0.3000,1.0000,8,8,8,0,0,8,8,0.0000
8,240.0000,6,7,449.6592,-88.5397,0.0641,17,0.4250,0.7500,8,7,5,0,0,7,5,0.2857
8,240.0000,6,10,559.0056,-88.7945,0.3665,8,0.2000,1.0000,2,7,5,0,0,7,5,0.2857
8,240.0000,6,13,547.1258,-88.3603,-0.4953,15,0.3750,0.8889,9,8,8,0,0,8,8,0.0000
8,240.0000,6,14,602.8854,-89.6553,-0.1227,4,0.1000,1.0000,8,8,8,0,0,8,8,0.0000
8,240.0000,6,19,598.4721,-88.4291,-0.7018,13,0.3250,0.8750,8,6,6,0,0,6,6,0.0000
8,240.0000,6,20,364.1923,-86.6409,0.2800,31,0.7750,0.3333,6,7,4,0,0,7,4,0.4286
8,240.0000,6,21,564.3945,-89.5955,0.1088,4,0.1000,1.0000,8,8,8,0,0,8,8,0.0000
8,240.0000,7,6,449.6592,-88.0914,0.5077,16,0.4000,0.8571,7,7,5,0,0,7,5,0.2857
8,240.0000,7,17,476.2334,-87.9912,-0.0428,15,0.3750,0.6667,6,7,6,0,0,7,6,0.1429
8,240.0000,7,18,615.7824,-89.1056,0.2212,9,0.2250,1.0000,8,8,8,0,0,8,8,0.0000
8,240.0000,7,19,588.9097,-88.5987,0.1373,9,0.2250,0.8750,8,8,8,0,0,8,8,0.0000
8,240.0000,7,20,542.6384,-88.5141,0.1094,11,0.2750,0.8750,8,6,6,0,0,6,6,0.0000
8,240.0000,7,21,384.6262,-87.2987,-0.0317,27,0.6750,0.6250,8,7,5,1,0,8,5,0.3750
8,240.0000,8,11,576.6153,-88.6977,-0.1064,4,0.0976,1.0000,6,8,8,0,0,8,8,0.0000
8,240.0000,8,15,618.1799,-88.2687,-0.7464,3,0.0732,1.0000,4,8,7,0,0,8,7,0.1250
8,240.0000,9,23,613.1206,-88.4083,-0.3139,12,0.3000,1.0000,8,6,5,0,0,6,5,0.1667
8,240.0000,9,26,385.5536,-86.0026,-0.6615,34,0.8500,0.5000,6,6,3,0,0,6,3,0.5000
8,240.0000,10,6,559.0056,-88.4773,-5.5113,3,0.0750,1.0000,6,8,7,0,0,8,7,0.1250
8,240.0000,10,14,191.3456,-81.5182,0.2502,40,1.0000,0.0000,4,4,0,0,0,4,0,1.0000
8,240.0000,10,16,598.6235,-88.7312,0.0528,5,0.1250,1.0000,8,8,8,0,0,8,8,0.0000
8,240.0000,10,20,467.6703,-88.2066,-0.2263,10,0.2500,0.6000,5,5,2,0,0,5,2,0.6000
8,240.0000,11,5,271.2817,-83.5933,-0.3187,37,0.9250,0.0000,4,4,0,0,0,4,0,1.0000
8,240.0000,11,8,576.6153,-88.2004,-0.2844,8,0.2000,1.0000,8,9,7,0,0,9,7,0.2222
8,240.0000,11,15,335.0679,-86.1054,0.3221,33,0.8250,0.0000,4,5,1,0,0,5,1,0.8000
8,240.0000,11,18,511.0112,-87.9004,0.2957,18,0.4500,0.5000,6,8,8,0,0,8,8,0.0000
8,240.0000,12,1,660.7757,-89.3217,0.5049,7,0.1750,1.0000,6,8,8,0,0,8,8,0.0000
8,240.0000,12,13,624.5518,-89.3836,0.3890,3,0.0750,1.0000,8,7,6,0,0,7,6,0.1429
8,240.0000,13,1,534.9527,-87.9547,-0.4303,20,0.5000,1.0000,8,8,8,0,0,8,8,0.0000
8,240.0000,13,6,547.1258,-88.3137,0.0590,17,0.4250,0.8571,7,8,8,0,0,8,8,0.0000
8,240.0000,13,12,624.5518,-89.6181,0.2487,3,0.0750,1.0000,4,7,6,0,0,7,6,0.1429
8,240.0000,13,19,393.4125,-86.7345,0.0245,31,0.7750,0.4000,5,8,6,0,0,8,6,0.2500
8,240.0000,14,6,602.8854,-89.2274,0.2799,4,0.1000,0.7143,7,7,6,0,0,7,6,0.1429
8,240.0000,14,10,191.3456,-81.2076,-0.0133,40,1.0000,0.0000,4,4,0,0,0,4,0,1.0000
8,240.0000,14,16,426.1891,-87.5868,0.0278,23,0.5750,0.2000,5,7,6,0,0,7,6,0.1429
8,240.0000,14,20,433.6984,-87.8463,0.0063,20,0.5000,0.6667,6,8,4,0,0,8,4,0.5000
8,240.0000,15,5,573.2963,-88.0754,0.1423,12,0.3000,0.9178,146,4,4,128,127,132,131,0.0076
8,240.0000,15,11,335.0679,-85.4405,0.0085,36,0.9000,0.0000,4,4,0,0,0,4,0,1.0000
8,240.0000,15,18,188.6024,-80.9326,-0.1997,39,0.9750,0.0000,4,3,0,10,3,13,3,0.7692
8,240.0000,16,10,598.6235,-88.4120,-0.0954,4,0.1026,1.0000,8,8,8,0,0,8,8,0.0000
8,240.0000,16,14,426.1891,-87.3714,-0.2350,23,0.5897,0.8571,7,8,8,0,0,8,8,0.0000
8,240.0000,16,20,450.6504,-88.7339,-0.0313,15,0.3846,0.7143,7,6,3,0,0,6,3,0.5000
8,240.0000,16,25,556.0410,-88.9709,-0.2434,9,0.2308,1.0000,8,6,6,0,0,6,6,0.0000
8,240.0000,16,27,647.3596,-88.8168,0.6863,4,0.1026,1.0000,6,5,4,0,0,5,4,0.2000
8,240.0000,17,7,476.2334,-88.4426,0.0131,13,0.3250,0.8571,7,8,7,0,0,8,7,0.1250
8,240.0000,17,18,465.7742,-88.5683,0.5704,14,0.3500,1.0000,8,7,4,0,0,7,4,0.4286
8,240.0000,18,7,615.7824,-89.4335,-0.2765,4,0.1000,1.0000,10,6,6,0,0,6,6,0.0000
8,240.0000,18,8,636.4407,-89.5518,-0.1179,4,0.1000,0.5000,2,6,6,0,0,6,6,0.0000
8,240.0000,18,11,511.0112,-88.2109,-0.3970,23,0.5750,0.8750,8,6,6,0,0,6,6,0.0000
8,240.0000,18,15,188.6024,-80.1652,-0.0216,39,0.9750,0.0000,4,4,0,7,0,11,0,1.0000
8,240.0000,18,17,465.7742,-88.8953,-0.1529,9,0.2250,0.8750,8,6,3,0,0,6,3,0.5000
8,240.0000,19,6,598.4721,-88.1994,-0.6279,12,0.3000,1.0000,8,6,6,0,0,6,6,0.0000
8,240.0000,19,7,588.9097,-88.9680,-0.1771,6,0.1500,0.7143,7,8,8,132,132,140,140,0.0000
8,240.0000,19,13,393.4125,-87.1005,0.0946,30,0.7500,0.5714,7,6,4,0,0,6,4,0.3333
8,240.0000,19,21,650.9221,-88.8734,0.2739,4,0.1000,1.0000,8,4,4,0,0,4,4,0.0000
8,240.0000,20,6,364.1923,-86.6296,-0.0324,27,0.6750,0.5000,4,7,3,0,0,7,3,0.5714
8,240.0000,20,7,542.6384,-88.7282,-0.4297,15,0.3750,1.0000,8,7,6,0,0,7,6,0.1429
8,240.0000,20,10,467.6703,-88.7489,-0.0825,7,0.1750,0.8333,6,6,3,0,0,6,3,0.5000
8,240.0000,20,14,433.6984,-87.6907,0.2523,18,0.4500,0.8750,8,6,4,0,0,6,4,0.3333
8,240.0000,20,16,450.6504,-88.0092,0.2328,14,0.3500,0.5714,7,8,6,0,0,8,6,0.2500
8,240.0000,20,21,475.9598,-88.2428,-0.1367,18,0.4500,0.6667,6,7,5,0,0,7,5,0.2857
8,240.0000,21,6,564.3945,-87.8208,0.2103,3,0.0750,1.0000,8,7,6,0,0,7,6,0.1429
8,240.0000,21,7,384.6262,-86.6222,0.2575,29,0.7250,0.3333,6,6,4,0,0,6,4,0.3333
8,240.0000,21,20,475.9598,-88.3315,0.4596,15,0.3750,0.7143,7,7,5,0,0,7,5,0.2857
8,240.0000,22,2,368.4270,-85.9477,-0.3201,36,0.9000,0.7143,7,6,2,0,0,6,2,0.6667
8,240.0000,22,3,327.4366,-83.8895,-1.1786,38,0.9500,0.0000,4,6,3,0,0,6,3,0.5000
8,240.0000,22,4,385.9299,-86.1946,-0.3262,33,0.8250,0.2000,5,6,4,0,0,6,4,0.3333
8,240.0000,22,24,93.8873,-78.7132,1.9717,40,1.0000,0.0000,4,4,0,0,0,4,0,1.0000
8,240.0000,23,9,613.1206,-89.0614,-0.4749,11,0.2750,1.0000,8,6,6,0,0,6,6,0.0000
8,240.0000,23,26,328.6870,-86.1378,0.2587,36,0.9000,0.4000,5,6,3,0,0,6,3,0.5000
8,240.0000,24,2,451.3964,-87.9366,0.1678,20,0.5000,0.8750,8,8,5,0,0,8,5,0.3750
8,240.0000,24,3,298.8583,-82.7078,-1.4208,40,1.0000,0.0000,4,7,5,0,0,7,5,0.2857
8,240.0000,24,4,378.3342,-85.9882,-0.4396,36,0.9000,0.4000,5,6,4,0,0,6,4,0.3333
8,240.0000,24,22,93.8873,-78.6381,1.8678,40,1.0000,0.0000,4,4,0,0,0,4,0,1.0000
8,240.0000,25,16,556.0410,-89.0503,0.1843,7,0.1750,0.8750,8,8,8,0,0,8,8,0.0000
8,240.0000,26,9,385.5536,-86.3353,-0.4522,33,0.8250,0.0000,4,5,2,0,0,5,2,0.6000
8,240.0000,26,23,328.6870,-86.2792,-0.0178,35,0.8750,0.2000,5,4,0,0,0,4,0,1.0000
8,240.0000,27,2,536.6687,-88.9378,0.4709,5,0.1250,1.0000,6,8,7,0,0,8,7,0.1250
8,244.0000,1,12,658.3460,-89.0593,0.2733,5,0.1282,1.0000,6,8,8,0,0,8,8,0.0000
8,244.0000,2,4,683.9388,-89.2967,0.1463,4,0.1000,1.0000,8,4,4,0,0,4,4,0.0000
8,244.0000,2,22,442.2638,-87.3427,-0.6956,27,0.6750,0.2000,5,7,6,0,0,7,6,0.1429
8,244.0000,2,24,418.7257,-87.5714,0.1005,24,0.6000,0.7143,7,6,3,0,0,6,3,0.5000
8,244.0000,2,27,418.8675,-87.8528,0.3203,22,0.5500,0.5714,7,7,4,0,0,7,4,0.4286
8,244.0000,3,4,351.1624,-84.9224,-0.0348,38,0.9500,0.0000,4,5,1,0,0,5,1,0.8000
8,244.0000,3,22,460.2165,-86.7871,-0.8420,28,0.7000,0.6667,6,8,6,0,0,8,6,0.2500
8,244.0000,3,24,474.1154,-86.9837,-0.7849,29,0.7250,0.4286,7,8,7,0,0,8,7,0.1250
8,244.0000,4,3,351.1624,-85.4341,-0.7560,37,0.9250,0.2000,5,7,4,0,0,7,4,0.4286
8,244.0000,4,17,676.3131,-89.6331,-0.0311,4,0.1000,1.0000,8,6,6,0,0,6,6,0.0000
8,244.0000,4,22,522.1048,-88.2448,-0.5059,16,0.4000,0.5000,6,6,6,0,0,6,6,0.0000
8,244.0000,4,24,511.5548,-88.1187,-0.3975,21,0.5250,0.4000,5,8,8,0,0,8,8,0.0000
8,244.0000,5,11,315.7583,-84.9222,-0.2320,34,0.8718,0.2000,5,5,1,0,0,5,1,0.8000
8,244.0000,6,7,403.3811,-87.3788,-0.1192,21,0.5250,0.7143,7,4,0,0,0,4,0,1.0000
8,244.0000,6,10,424.5597,-87.7322,0.5616,20,0.5000,0.7143,7,6,3,0,0,6,3,0.5000
8,244.0000,6,13,663.5068,-89.0216,0.0866,7,0.1750,1.0000,8,4,4,0,0,4,4,0.0000
8,244.0000,6,14,594.8442,-89.0644,-0.3123,7,0.1750,1.0000,8,8,8,0,0,8,8,0.0000
8,244.0000,6,16,592.2496,-89.0319,-0.3684,4,0.1000,0.6667,3,7,6,0,0,7,6,0.1429
8,244.0000,6,20,359.2846,-86.5153,-0.0195,31,0.7750,0.5714,7,4,0,0,0,4,0,1.0000
8,244.0000,6,21,497.0126,-88.5420,0.4354,12,0.3000,1.0000,8,8,8,0,0,8,8,0.0000
8,244.0000,7,6,403.3811,-87.7234,0.2052,22,0.5500,0.7143,7,5,2,0,0,5,2,0.6000
8,244.0000,7,17,451.3972,-88.0216,-0.0278,15,0.3750,0.8571,7,7,5,0,0,7,5,0.2857
8,244.0000,7,18,585.4445,-89.2878,0.3855,5,0.1250,1.0000,8,8,8,0,0,8,8,0.0000
8,244.0000,7,19,622.1036,-89.2225,1.0615,3,0.0750,1.0000,8,8,8,0,0,8,8,0.0000
8,244.0000,7,20,562.8886,-89.1323,0.0645,6,0.1500,1.0000,6,8,8,0,0,8,8,0.0000
8,244.0000,7,21,391.4022,-87.2850,0.2193,28,0.7000,0.6250,8,6,2,2,1,8,3,0.6250
8,244.0000,8,11,536.3829,-88.2959,0.1202,6,0.1500,1.0000,8,8,7,0,0,8,7,0.1250
8,244.0000,8,15,578.3969,-88.5318,0.0743,4,0.1000,0.8750,8,7,6,0,0,7,6,0.1429
8,244.0000,9,23,644.6395,-87.6409,-0.0929,3,0.0750,0.8333,6,8,8,0,0,8,8,0.0000
8,244.0000,9,26,411.7266,-87.3971,-0.1441,29,0.7250,0.5000,6,5,2,0,0,5,2,0.6000
8,244.0000,10,6,424.5597,-88.4784,0.2306,19,0.4750,0.8750,8,5,2,0,0,5,2,0.6000
8,244.0000,10,14,247.4093,-81.8550,-0.1662,40,1.0000,0.0000,4,6,4,0,0,6,4,0.3333
8,244.0000,10,16,579.5265,-89.0677,-0.2974,3,0.0750,1.0000,8,6,6,0,0,6,6,0.0000
8,244.0000,10,20,351.1435,-86.7893,0.8065,23,0.5750,0.4000,5,4,0,0,0,4,0,1.0000
8,244.0000,11,5,315.7583,-85.3651,0.3740,39,0.9750,0.0000,4,5,1,0,0,5,1,0.8000
8,244.0000,11,8,536.3829,-88.5668,0.1693,8,0.2000,0.7778,9,8,7,0,0,8,7,0.1250
8,244.0000,11,15,366.6595,-86.4391,-0.1875,32,0.8000,0.2000,5,7,5,0,0,7,5,0.2857
8,244.0000,11,18,662.4707,-88.3396,0.9020,5,0.1250,1.0000,8,6,6,0,0,6,6,0.0000
8,244.0000,12,1,658.3460,-89.4566,0.3632,3,0.0750,1.0000,8,6,6,0,0,6,6,0.0000
8,244.0000,12,13,487.4818,-89.3262,0.3801,11,0.2750,0.8571,7,6,3,0,0,6,3,0.5000
8,244.0000,13,1,647.4413,-88.6983,0.8732,5,0.1250,1.0000,8,2,2,0,0,2,2,0.0000
8,244.0000,13,6,663.5068,-88.4465,-0.5152,7,0.1750,1.0000,8,2,2,0,0,2,2,0.0000
8,244.0000,13,12,487.4818,-89.1459,0.3045,5,0.1250,0.8571,7,6,4,0,0,6,4,0.3333
8,244.0000,13,19,447.6502,-87.0363,0.0218,27,0.6750,0.7500,8,8,7,0,0,8,7,0.1250
8,244.0000,14,6,594.8442,-88.7116,0.2606,9,0.2250,0.8571,7,8,8,0,0,8,8,0.0000
8,244.0000,14,10,247.4093,-81.7601,-1.2017,40,1.0000,0.0000,4,5,1,0,0,5,1,0.8000
8,244.0000,14,16,482.3360,-87.9367,0.0077,22,0.5500,0.8571,7,5,4,0,0,5,4,0.2000
8,244.0000,14,20,425.7045,-87.7997,0.0660,20,0.5000,0.5000,8,7,4,0,0,7,4,0.4286
8,244.0000,14,25,580.3914,-88.9897,-0.2986,3,0.0750,1.0000,4,7,6,0,0,7,6,0.1429
8,244.0000,15,5,656.0527,-89.5694,-0.4934,5,0.1250,0.9924,132,6,6,144,144,150,150,0.0000
8,244.0000,15,8,578.3969,-88.8995,-0.0204,9,0.2250,1.0000,8,8,8,0,0,8,8,0.0000
8,244.0000,15,11,366.6595,-86.5839,-0.2189,32,0.8000,0.0000,4,5,2,0,0,5,2,0.6000
8,244.0000,15,18,299.7539,-83.1956,-1.6332,40,1.0000,0.2308,13,5,1,0,0,5,1,0.8000
8,244.0000,16,6,592.2496,-88.7258,0.7459,5,0.1220,1.0000,8,7,6,0,0,7,6,0.1429
8,244.0000,16,10,579.5265,-88.9329,-0.1945,8,0.1951,1.0000,8,8,8,0,0,8,8,0.0000
8,244.0000,16,14,482.3360,-87.6463,-0.5671,24,0.5854,1.0000,8,8,8,0,0,8,8,0.0000
8,244.0000,16,20,385.6696,-87.0379,0.5949,22,0.5366,0.5000,6,5,2,0,0,5,2,0.6000
8,244.0000,16,25,553.3605,-88.5233,-0.1251,10,0.2439,1.0000,6,8,8,0,0,8,8,0.0000
8,244.0000,17,2,719.2561,-89.1443,-0.0567,3,0.0750,1.0000,8,8,8,0,0,8,8,0.0000
8,244.0000,17,4,676.3131,-89.7626,0.0259,5,0.1250,1.0000,4,4,4,0,0,4,4,0.0000
8,244.0000,17,7,451.3972,-88.5107,-0.4782,16,0.4000,0.8750,8,7,6,0,0,7,6,0.1429
8,244.0000,17,18,357.7716,-87.4021,-0.0067,22,0.5500,0.5714,7,5,2,0,0,5,2,0.6000
8,244.0000,18,7,585.4445,-88.9891,-0.2277,6,0.1500,1.0000,6,10,10,0,0,10,10,0.0000
8,244.0000,18,8,767.2450,-89.1425,0.3113,3,0.0750,1.0000,6,2,2,0,0,2,2,0.0000
8,244.0000,18,15,299.7539,-82.8964,-0.8024,37,0.9250,0.0000,11,4,0,0,0,4,0,1.0000
8,244.0000,18,17,357.7716,-87.1505,0.3374,25,0.6250,0.5000,6,5,2,0,0,5,2,0.6000
8,244.0000,18,19,590.5836,-88.8818,1.2462,3,0.0750,1.0000,8,8,8,0,0,8,8,0.0000
8,244.0000,19,7,622.1036,-89.0811,-0.0325,7,0.1750,1.0000,140,4,4,84,84,88,88,0.0000
8,244.0000,19,13,447.6502,-87.3988,-0.2500,26,0.6500,0.6667,6,6,4,0,0,6,4,0.3333
8,244.0000,20,6,359.2846,-87.2710,-0.1147,28,0.7000,0.4286,7,5,1,0,0,5,1,0.8000
8,244.0000,20,7,562.8886,-88.7207,0.2012,5,0.1250,0.8571,7,8,8,0,0,8,8,0.0000
8,244.0000,20,10,351.1435,-86.9657,0.8108,25,0.6250,0.5000,6,4,0,0,0,4,0,1.0000
8,244.0000,20,14,425.7045,-87.9387,0.4110,24,0.6000,0.6667,6,6,3,0,0,6,3,0.5000
8,244.0000,20,16,385.6696,-87.7658,0.1866,28,0.7000,0.7500,8,6,4,0,0,6,4,0.3333
8,244.0000,20,21,468.7018,-87.7167,0.1604,21,0.5250,0.7143,7,7,6,0,0,7,6,0.1429
8,244.0000,20,25,570.3340,-89.2996,0.2526,5,0.1250,1.0000,8,8,7,0,0,8,7,0.1250
8,244.0000,21,6,497.0126,-88.2518,-0.0055,11,0.2750,0.8571,7,8,8,0,0,8,8,0.0000
8,244.0000,21,7,391.4022,-87.4804,0.0434,26,0.6500,0.6667,6,5,2,0,0,5,2,0.6000
8,244.0000,21,17,711.8163,-87.9968,-1.4012,3,0.0750,1.0000,4,4,4,0,0,4,4,0.0000
8,244.0000,21,20,468.7018,-88.1037,-0.0216,18,0.4500,0.7143,7,7,6,0,0,7,6,0.1429
8,244.0000,22,2,442.2638,-87.7774,-0.1064,26,0.6500,0.3333,6,7,5,0,0,7,5,0.2857
8,244.0000,22,3,460.2165,-87.0493,-0.5767,25,0.6250,0.5000,6,8,8,0,0,8,8,0.0000
8,244.0000,22,4,522.1048,-87.3554,-0.1073,20,0.5000,0.6667,6,8,8,0,0,8,8,0.0000
8,244.0000,22,24,35.8723,-67.2810,3.2199,39,0.9750,0.0000,4,4,0,0,0,4,0,1.0000
8,244.0000,23,26,303.9446,-85.9919,0.2410,30,0.7500,0.5000,6,4,0,0,0,4,0,1.0000
8,244.0000,24,2,418.7257,-87.4053,0.4364,27,0.6750,0.6250,8,6,4,0,0,6,4,0.3333
8,244.0000,24,3,474.1154,-86.6737,-0.8945,30,0.7500,0.7143,7,8,8,0,0,8,8,0.0000
8,244.0000,24,4,511.5548,-87.8811,-0.6983,28,0.7000,0.6667,6,8,8,0,0,8,8,0.0000
8,244.0000,24,22,35.8723,-66.9132,3.0550,40,1.0000,0.0000,4,4,0,0,0,4,0,1.0000
8,244.0000,25,14,580.3914,-89.1278,-0.4100,4,0.1000,1.0000,6,8,7,0,0,8,7,0.1250
8,244.0000,25,16,553.3605,-88.9964,-0.0755,15,0.3750,1.0000,8,8,8,0,0,8,8,0.0000
8,244.0000,25,20,570.3340,-88.5326,0.4855,3,0.0750,0.0000,1,8,8,0,0,8,8,0.0000
8,244.0000,26,9,411.7266,-87.7317,0.2133,24,0.6000,0.4000,5,8,6,0,0,8,6,0.2500
8,244.0000,26,23,303.9446,-85.8240,0.1448,36,0.9000,0.0000,4,4,0,0,0,4,0,1.0000
8,244.0000,27,2,418.8675,-87.7744,0.4949,14,0.3500,0.8750,8,6,3,0,0,6,3,0.5000
8,248.0000,2,17,683.0139,-89.3109,-0.4959,3,0.0750,1.0000,2,4,4,0,0,4,4,0.0000
8,248.0000,2,22,534.2253,-87.4746,-0.4166,17,0.4250,0.8571,7,8,7,0,0,8,7,0.1250
8,248.0000,2,24,397.7858,-87.1639,0.4975,23,0.5750,0.5000,6,7,3,0,0,7,3,0.5714
8,248.0000,2,27,363.5897,-87.2662,0.4107,25,0.6250,0.5714,7,6,2,0,0,6,2,0.6667
8,248.0000,3,4,430.0848,-86.9726,-0.0770,24,0.6000,0.2000,5,8,8,0,0,8,8,0.0000
8,248.0000,3,22,604.7448,-89.0350,-0.4459,11,0.2750,0.7500,8,8,8,0,0,8,8,0.0000
8,248.0000,3,24,671.5804,-88.7361,-0.2117,7,0.1750,0.8750,8,2,2,0,0,2,2,0.0000
8,248.0000,4,2,749.0862,-89.1433,-0.3112,3,0.0750,1.0000,2,4,4,0,0,4,4,0.0000
8,248.0000,4,3,430.0848,-87.3749,-0.3828,24,0.6000,0.5714,7,8,6,0,0,8,6,0.2500
8,248.0000,4,22,674.3874,-88.8372,0.2501,7,0.1750,1.0000,6,6,6,0,0,6,6,0.0000
8,248.0000,4,24,655.8759,-88.9940,0.0103,9,0.2250,1.0000,8,8,8,0,0,8,8,0.0000
8,248.0000,5,11,347.3059,-86.0834,-0.4914,35,0.8537,0.2000,5,5,2,0,0,5,2,0.6000
8,248.0000,6,7,396.2319,-86.9872,0.1161,24,0.6000,0.0000,4,6,3,0,0,6,3,0.5000
8,248.0000,6,10,279.3745,-86.4940,0.6401,27,0.6750,0.5000,6,4,0,0,0,4,0,1.0000
8,248.0000,6,14,569.5361,-87.9358,0.1637,5,0.1250,1.0000,8,8,8,0,0,8,8,0.0000
8,248.0000,6,16,506.4106,-88.4381,0.2884,9,0.2250,0.8571,7,6,4,0,0,6,4,0.3333
8,248.0000,6,20,353.9913,-86.8865,-0.0313,31,0.7750,0.0000,4,5,2,0,0,5,2,0.6000
8,248.0000,6,21,471.6675,-87.8079,-0.1449,16,0.4000,1.0000,8,6,4,0,0,6,4,0.3333
8,248.0000,7,6,396.2319,-87.3192,-0.1708,33,0.8250,0.4000,5,4,0,0,0,4,0,1.0000
8,248.0000,7,17,432.0488,-87.7321,0.4492,20,0.5000,0.7143,7,8,7,0,0,8,7,0.1250
8,248.0000,7,18,557.2411,-88.8842,0.0146,7,0.1750,1.0000,8,8,7,0,0,8,7,0.1250
8,248.0000,7,20,593.5101,-89.0523,0.0087,10,0.2500,1.0000,8,8,8,0,0,8,8,0.0000
8,248.0000,7,21,401.1685,-87.0490,-0.1115,27,0.6750,0.3750,8,7,5,0,0,7,5,0.2857
8,248.0000,8,11,476.0366,-88.6169,-0.9955,15,0.3750,0.8750,8,6,4,0,0,6,4,0.3333
8,248.0000,8,15,527.3934,-88.7784,0.2011,8,0.2000,0.8571,7,7,3,0,0,7,3,0.5714
8,248.0000,9,23,608.0626,-88.9212,0.4506,6,0.1538,1.0000,8,8,8,0,0,8,8,0.0000
8,248.0000,9,26,395.3910,-87.4205,0.5313,28,0.7179,0.4000,5,7,6,0,0,7,6,0.1429
8,248.0000,10,6,279.3745,-86.0831,0.6650,31,0.7750,0.4000,5,4,1,0,0,4,1,0.7500
8,248.0000,10,14,354.3214,-85.8245,-0.6928,36,0.9000,0.6667,6,7,3,0,0,7,3,0.5714
8,248.0000,10,16,556.2789,-88.8754,0.1529,10,0.2500,1.0000,6,8,7,0,0,8,7,0.1250
8,248.0000,10,20,281.3932,-85.0079,-0.0021,35,0.8750,0.0000,4,3,0,0,0,3,0,1.0000
8,248.0000,10,21,540.3833,-88.8835,0.3952,7,0.1750,1.0000,4,7,6,0,0,7,6,0.1429
8,248.0000,10,25,613.4890,-89.3786,-0.2333,4,0.1000,1.0000,4,8,7,0,0,8,7,0.1250
8,248.0000,11,5,347.3059,-86.1016,-0.1842,37,0.9487,0.2000,5,5,2,0,0,5,2,0.6000
8,248.0000,11,8,476.0366,-88.2927,0.1035,6,0.1538,0.8750,8,7,3,0,0,7,3,0.5714
8,248.0000,11,15,434.3480,-87.0790,-0.1170,27,0.6923,0.7143,7,6,4,0,0,6,4,0.3333
8,248.0000,12,13,362.1307,-87.3943,-0.2092,25,0.6250,0.5000,6,5,1,0,0,5,1,0.8000
8,248.0000,13,12,362.1307,-87.8042,0.4711,20,0.5000,0.6667,6,5,1,0,0,5,1,0.8000
8,248.0000,13,19,504.1109,-87.8486,-0.0320,17,0.4250,0.8750,8,8,7,0,0,8,7,0.1250
8,248.0000,14,6,569.5361,-89.4418,0.0696,4,0.0976,1.0000,8,8,8,0,0,8,8,0.0000
8,248.0000,14,10,354.3214,-84.9623,-0.6841,38,0.9268,0.2000,5,7,4,0,0,7,4,0.4286
8,248.0000,14,16,562.0479,-88.8568,-0.4786,13,0.3171,0.8000,5,8,8,0,0,8,8,0.0000
8,248.0000,14,20,422.7513,-87.6016,0.4832,29,0.7073,0.5714,7,5,3,0,0,5,3,0.4000
8,248.0000,14,25,500.7571,-88.5047,0.0688,9,0.2195,0.8571,7,7,6,0,0,7,6,0.1429
8,248.0000,15,8,527.3934,-88.7663,0.1411,8,0.1951,1.0000,8,7,6,0,0,7,6,0.1429
8,248.0000,15,11,434.3480,-87.2615,0.0543,25,0.6098,0.4000,5,8,6,0,0,8,6,0.2500
8,248.0000,15,17,675.4265,-88.8321,-0.5994,4,0.0976,1.0000,8,4,4,0,0,4,4,0.0000
8,248.0000,15,18,422.5203,-86.3614,-0.5410,28,0.6829,0.2000,5,7,4,0,0,7,4,0.4286
8,248.0000,16,6,506.4106,-88.9030,0.2931,12,0.3000,0.8571,7,8,8,0,0,8,8,0.0000
8,248.0000,16,10,556.2789,-88.7881,0.2027,11,0.2750,1.0000,8,8,8,0,0,8,8,0.0000
8,248.0000,16,14,562.0479,-88.8258,-0.2029,16,0.4000,1.0000,8,8,8,0,0,8,8,0.0000
8,248.0000,16,20,355.0586,-87.0946,-0.0610,29,0.7250,0.4000,5,8,6,0,0,8,6,0.2500
8,248.0000,16,25,588.0751,-89.1520,0.0231,7,0.1750,1.0000,8,8,8,0,0,8,8,0.0000
8,248.0000,17,7,432.0488,-87.9161,-0.1790,23,0.5750,0.8571,7,5,2,0,0,5,2,0.6000
8,248.0000,17,15,675.4265,-88.7555,0.4630,3,0.0750,1.0000,8,6,6,0,0,6,6,0.0000
8,248.0000,17,18,281.6975,-85.5515,0.3896,33,0.8250,0.4000,5,4,0,0,0,4,0,1.0000
8,248.0000,18,7,557.2411,-88.4791,0.0957,9,0.2250,1.0000,10,5,4,0,0,5,4,0.2000
8,248.0000,18,15,422.5203,-86.4420,-0.5094,31,0.7750,0.0000,4,6,4,0,0,6,4,0.3333
8,248.0000,18,17,281.6975,-86.3382,0.3031,33,0.8250,0.4000,5,4,0,0,0,4,0,1.0000
8,248.0000,18,19,547.1228,-88.9301,-0.3042,7,0.1750,1.0000,8,8,7,0,0,8,7,0.1250
8,248.0000,19,7,692.4803,-89.1302,-0.1419,6,0.1538,1.0000,88,6,6,0,0,6,6,0.0000
8,248.0000,19,13,504.1109,-88.2322,-0.0290,21,0.5385,0.6667,6,8,6,0,0,8,6,0.2500
8,248.0000,19,15,670.2414,-89.7884,-0.1863,3,0.0769,1.0000,6,2,2,0,0,2,2,0.0000
8,248.0000,19,18,547.1228,-88.9305,0.1626,9,0.2308,0.8750,8,8,8,0,0,8,8,0.0000
8,248.0000,20,6,353.9913,-86.3685,-0.4340,26,0.6500,0.2000,5,4,0,0,0,4,0,1.0000
8,248.0000,20,7,593.5101,-88.3619,0.8235,4,0.1000,1.0000,8,8,8,0,0,8,8,0.0000
8,248.0000,20,10,281.3932,-85.7093,0.5566,34,0.8500,0.0000,4,4,0,0,0,4,0,1.0000
8,248.0000,20,14,422.7513,-87.2534,-0.3073,23,0.5750,0.5000,6,7,6,0,0,7,6,0.1429
8,248.0000,20,16,355.0586,-86.9854,-0.2125,35,0.8750,0.6667,6,6,2,0,0,6,2,0.6667
8,248.0000,20,21,493.6175,-87.8264,-0.3473,13,0.3250,0.8571,7,8,7,0,0,8,7,0.1250
8,248.0000,20,25,442.3319,-88.2212,0.5317,18,0.4500,0.8750,8,7,6,0,0,7,6,0.1429
8,248.0000,21,6,471.6675,-88.0013,-0.0296,22,0.5500,1.0000,8,7,6,0,0,7,6,0.1429
8,248.0000,21,7,401.1685,-87.5142,-0.3561,31,0.7750,0.4000,5,7,5,0,0,7,5,0.2857
8,248.0000,21,20,493.6175,-88.3761,-0.2459,16,0.4000,0.8571,7,8,8,0,0,8,8,0.0000
8,248.0000,22,2,534.2253,-88.4646,-0.1881,17,0.4250,0.7143,7,8,8,0,0,8,8,0.0000
8,248.0000,22,3,604.7448,-88.5191,0.0477,9,0.2250,1.0000,8,8,8,0,0,8,8,0.0000
8,248.0000,22,4,674.3874,-88.4357,-0.5946,7,0.1750,1.0000,8,2,2,0,0,2,2,0.0000
8,248.0000,22,24,138.1673,-72.9582,-3.0332,40,1.0000,0.0000,4,4,0,0,0,4,0,1.0000
8,248.0000,23,9,608.0626,-88.7820,0.1374,5,0.1250,1.0000,8,8,8,0,0,8,8,0.0000
8,248.0000,23,19,667.3376,-88.5881,-0.3189,3,0.0750,,0,6,6,0,0,6,6,0.0000
8,248.0000,23,26,268.6596,-84.4737,0.0530,37,0.9250,0.0000,4,4,0,0,0,4,0,1.0000
8,248.0000,24,2,397.7858,-87.6076,-0.2809,28,0.7000,0.6667,6,8,8,0,0,8,8,0.0000
8,248.0000,24,3,671.5804,-88.6119,-0.8035,6,0.1500,1.0000,8,6,6,0,0,6,6,0.0000
8,248.0000,24,4,655.8759,-89.0504,0.0322,12,0.3000,1.0000,8,8,8,0,0,8,8,0.0000
8,248.0000,24,22,138.1673,-73.2012,-3.1770,40,1.0000,0.0000,4,4,0,0,0,4,0,1.0000
8,248.0000,25,10,613.4890,-89.1495,0.2684,4,0.1000,0.8750,8,8,8,0,0,8,8,0.0000
8,248.0000,25,14,500.7571,-88.4068,-0.1270,12,0.3000,0.8750,8,6,4,0,0,6,4,0.3333
8,248.0000,25,16,588.0751,-88.8547,0.3430,8,0.2000,1.0000,8,8,8,0,0,8,8,0.0000
8,248.0000,25,20,442.3319,-87.9621,0.3331,16,0.4000,1.0000,8,7,3,0,0,7,3,0.5714
8,248.0000,26,9,395.3910,-87.5762,0.3581,28,0.7000,0.7500,8,5,1,0,0,5,1,0.8000
8,248.0000,26,23,268.6596,-85.3733,-0.3279,38,0.9500,0.0000,4,4,0,0,0,4,0,1.0000
8,248.0000,27,2,363.5897,-86.9927,0.7972,25,0.6250,0.5000,6,6,3,0,0,6,3,0.5000
8,252.0000,1,12,590.8822,-89.1840,-0.2395,5,0.1220,1.0000,8,7,6,0,0,7,6,0.1429
8,252.0000,1,13,700.0985,-89.5260,0.2168,3,0.0732,1.0000,2,6,6,0,0,6,6,0.0000
8,252.0000,2,22,645.7857,-88.2463,-0.0593,7,0.1750,0.8750,8,8,8,0,0,8,8,0.0000
8,252.0000,2,24,420.0552,-87.5667,-0.0406,20,0.5000,0.4286,7,5,1,0,0,5,1,0.8000
8,252.0000,2,27,383.1210,-87.2875,0.0555,28,0.7000,0.3333,6,6,4,0,0,6,4,0.3333
8,252.0000,3,4,506.9339,-88.3192,-0.1781,22,0.5500,1.0000,8,8,8,0,0,8,8,0.0000
8,252.0000,3,22,709.3371,-89.3938,0.1067,6,0.1500,1.0000,8,2,2,0,0,2,2,0.0000
8,252.0000,4,3,506.9339,-87.9495,-0.0625,21,0.5250,0.7500,8,8,7,0,0,8,7,0.1250
8,252.0000,4,15,475.3242,-88.3003,0.5473,14,0.3500,1.0000,8,6,3,0,0,6,3,0.5000
8,252.0000,4,18,621.6130,-88.4952,0.9435,5,0.1250,1.0000,8,8,8,0,0,8,8,0.0000
8,252.0000,4,24,803.2380,-89.3034,0.1250,4,0.1000,1.0000,8,2,2,0,0,2,2,0.0000
8,252.0000,5,11,410.8810,-87.1819,-0.1838,30,0.7500,0.4000,5,6,4,0,0,6,4,0.3333
8,252.0000,6,7,404.6724,-86.9633,-0.0396,24,0.6000,0.5000,6,7,5,0,0,7,5,0.2857
8,252.0000,6,10,178.3798,-83.1539,0.7288,39,0.9750,0.0000,4,3,0,0,0,3,0,1.0000
8,252.0000,6,14,541.3413,-88.4187,0.3408,12,0.3000,1.0000,8,8,8,0,0,8,8,0.0000
8,252.0000,6,16,466.9448,-88.3788,-0.2213,12,0.3000,0.6667,6,7,5,0,0,7,5,0.2857
8,252.0000,6,20,341.0369,-86.3494,0.0492,32,0.8000,0.4000,5,4,0,0,0,4,0,1.0000
8,252.0000,6,21,475.1202,-88.1514,0.1292,13,0.3250,0.6667,6,8,7,0,0,8,7,0.1250
8,252.0000,7,6,404.6724,-87.0246,0.7498,23,0.5750,0.0000,4,6,3,0,0,6,3,0.5000
8,252.0000,7,10,506.7569,-88.7069,0.3543,8,0.2000,1.0000,4,6,4,0,0,6,4,0.3333
8,252.0000,7,17,417.8956,-87.5647,0.1530,25,0.6250,0.8750,8,8,6,0,0,8,6,0.2500
8,252.0000,7,18,533.6640,-88.8515,0.5259,7,0.1750,0.8750,8,8,8,0,0,8,8,0.0000
8,252.0000,7,20,629.2479,-88.9420,-0.5347,6,0.1500,1.0000,8,6,6,0,0,6,6,0.0000
8,252.0000,7,21,414.3731,-87.2704,-0.0498,22,0.5500,0.7143,7,8,7,0,0,8,7,0.1250
8,252.0000,8,4,594.9904,-89.6103,0.3068,3,0.0750,1.0000,4,8,8,0,0,8,8,0.0000
8,252.0000,8,11,339.7384,-87.2648,0.6498,31,0.7750,0.6667,6,4,0,1,0,5,0,1.0000
8,252.0000,8,15,352.9433,-87.9344,0.2643,21,0.5250,0.4286,7,4,0,0,0,4,0,1.0000
8,252.0000,9,23,574.7106,-88.8204,-0.3737,6,0.1500,1.0000,8,8,8,0,0,8,8,0.0000
8,252.0000,9,26,373.8196,-87.5776,0.5368,28,0.7000,0.8571,7,6,3,0,0,6,3,0.5000
8,252.0000,10,6,178.3798,-82.4903,1.6097,38,0.9500,0.2500,4,4,0,0,0,4,0,1.0000
8,252.0000,10,7,506.7569,-87.6443,0.9550,9,0.2250,0.8333,6,6,4,0,0,6,4,0.3333
8,252.0000,10,14,459.3812,-87.2889,-0.3472,31,0.7750,0.4286,7,7,5,0,0,7,5,0.2857
8,252.0000,10,16,541.8848,-89.0087,-0.3193,9,0.2250,0.8750,8,8,8,0,0,8,8,0.0000
8,252.0000,10,20,269.0193,-84.7252,0.6209,38,0.9500,0.0000,3,7,2,0,0,7,2,0.7143
8,252.0000,10,21,414.4526,-87.9417,-0.1096,15,0.3750,0.8571,7,5,1,0,0,5,1,0.8000
8,252.0000,10,25,533.9972,-88.9676,-0.0054,6,0.1500,0.8750,8,8,8,0,0,8,8,0.0000
8,252.0000,11,5,410.8810,-86.8778,-0.0299,30,0.7317,0.4000,5,8,8,49,31,57,39,0.3158
8,252.0000,11,8,339.7384,-87.1754,0.3965,31,0.7561,0.4286,7,5,2,0,0,5,2,0.6000
8,252.0000,11,15,483.5783,-87.8384,-0.0100,18,0.4390,0.6667,6,7,5,0,0,7,5,0.2857
8,252.0000,12,13,261.4551,-85.7696,0.6889,36,0.9231,0.2000,5,4,0,0,0,4,0,1.0000
8,252.0000,13,12,261.4551,-85.0622,0.8738,35,0.8537,0.2000,5,4,0,0,0,4,0,1.0000
8,252.0000,13,19,550.8298,-88.6929,0.1319,12,0.2927,0.8750,8,8,8,0,0,8,8,0.0000
8,252.0000,14,6,541.3413,-88.1708,0.4536,9,0.2250,1.0000,8,7,6,0,0,7,6,0.1429
8,252.0000,14,10,459.3812,-87.6555,-0.5057,23,0.5750,0.5714,7,8,7,0,0,8,7,0.1250
8,252.0000,14,16,634.5672,-89.2372,-0.0677,8,0.2000,1.0000,8,8,8,0,0,8,8,0.0000
8,252.0000,14,20,409.7576,-87.4406,-0.1981,22,0.5500,0.6000,5,6,3,0,0,6,3,0.5000
8,252.0000,14,25,448.5892,-88.4591,-0.1354,16,0.4000,0.8571,7,7,4,0,0,7,4,0.4286
8,252.0000,15,4,475.3242,-88.4258,0.4900,13,0.3333,0.8571,7,6,3,0,0,6,3,0.5000
8,252.0000,15,8,352.9433,-87.6538,0.7122,25,0.6410,0.8571,7,4,0,1,0,5,0,1.0000
8,252.0000,15,11,483.5783,-88.1908,-0.2252,21,0.5385,0.7500,8,6,4,69,56,75,60,0.2000
8,252.0000,15,18,564.8864,-86.5991,-0.1243,9,0.2308,0.5714,7,6,6,0,0,6,6,0.0000
8,252.0000,16,6,466.9448,-88.2498,-0.0312,15,0.3750,1.0000,8,7,5,0,0,7,5,0.2857
8,252.0000,16,10,541.8848,-88.7661,0.0904,13,0.3250,1.0000,8,8,8,0,0,8,8,0.0000
8,252.0000,16,14,634.5672,-89.4121,-0.2733,4,0.1000,1.0000,8,8,7,0,0,8,7,0.1250
8,252.0000,16,20,382.1772,-86.8648,0.2821,30,0.7500,0.7500,8,5,2,0,0,5,2,0.6000
8,252.0000,16,25,627.2704,-89.1037,0.2028,3,0.0750,1.0000,8,6,6,0,0,6,6,0.0000
8,252.0000,16,27,688.4671,-89.4645,0.2064,6,0.1500,1.0000,8,6,6,0,0,6,6,0.0000
8,252.0000,17,7,417.8956,-87.3406,-0.0744,23,0.5750,0.4000,5,6,4,0,0,6,4,0.3333
8,252.0000,17,18,204.3771,-83.1195,0.6789,39,0.9750,0.0000,4,4,0,0,0,4,0,1.0000
8,252.0000,18,7,533.6640,-88.7750,0.0929,7,0.1750,0.8000,5,10,10,0,0,10,10,0.0000
8,252.0000,18,15,564.8864,-88.4083,-0.0962,17,0.4250,0.6667,6,8,8,0,0,8,8,0.0000
8,252.0000,18,17,204.3771,-83.4153,0.5771,39,0.9750,0.0000,4,4,0,0,0,4,0,1.0000
8,252.0000,18,19,599.6570,-88.1896,0.1864,7,0.1750,0.8750,8,8,8,0,0,8,8,0.0000
8,252.0000,19,12,721.3279,-88.0917,-1.5766,3,0.0732,1.0000,4,6,6,0,0,6,6,0.0000
8,252.0000,19,13,550.8298,-88.3306,-0.0276,9,0.2195,0.7500,8,7,6,0,0,7,6,0.1429
8,252.0000,19,15,694.9071,-89.5470,0.4111,3,0.0732,1.0000,2,6,6,0,0,6,6,0.0000
8,252.0000,19,18,599.6570,-88.5229,-0.1552,9,0.2195,1.0000,8,8,8,0,0,8,8,0.0000
8,252.0000,19,23,532.6412,-89.2079,-0.0985,10,0.2439,1.0000,8,7,5,0,0,7,5,0.2857
8,252.0000,20,6,341.0369,-86.7406,0.1245,27,0.6750,0.0000,4,5,2,0,0,5,2,0.6000
8,252.0000,20,7,629.2479,-89.3128,-0.0123,6,0.1500,1.0000,8,7,6,0,0,7,6,0.1429
8,252.0000,20,10,269.0193,-84.1237,0.1779,38,0.9500,0.0000,4,5,2,0,0,5,2,0.6000
8,252.0000,20,14,409.7576,-87.1529,-0.1485,20,0.5000,0.8571,7,6,3,0,0,6,3,0.5000
8,252.0000,20,16,382.1772,-86.7439,0.0731,31,0.7750,0.3333,6,5,1,0,0,5,1,0.8000
8,252.0000,20,21,539.3038,-88.0543,-0.1179,15,0.3750,0.8750,8,8,8,0,0,8,8,0.0000
8,252.0000,20,25,332.3897,-87.1368,0.4321,25,0.6250,0.8571,7,6,2,0,0,6,2,0.6667
8,252.0000,21,6,475.1202,-88.0338,-0.1893,19,0.4750,0.8571,7,6,4,0,0,6,4,0.3333
8,252.0000,21,7,414.3731,-87.3343,-0.0074,26,0.6500,0.7143,7,4,0,0,0,4,0,1.0000
8,252.0000,21,10,414.4526,-88.2041,0.4397,15,0.3750,0.8333,6,7,3,0,0,7,3,0.5714
8,252.0000,21,20,539.3038,-88.4761,0.3028,14,0.3500,1.0000,8,8,8,0,0,8,8,0.0000
8,252.0000,22,2,645.7857,-89.2631,0.4459,6,0.1500,1.0000,8,8,8,0,0,8,8,0.0000
8,252.0000,22,3,709.3371,-89.1678,-1.5172,3,0.0750,1.0000,8,8,8,0,0,8,8,0.0000
8,252.0000,22,24,243.2473,-81.8599,-1.3568,40,1.0000,0.0000,4,4,0,0,0,4,0,1.0000
8,252.0000,22,27,649.5957,-88.7160,0.0604,5,0.1250,1.0000,4,6,6,0,0,6,6,0.0000
8,252.0000,23,9,574.7106,-88.4580,0.7296,7,0.1750,1.0000,8,8,8,0,0,8,8,0.0000
8,252.0000,23,19,532.6412,-88.3586,0.5085,10,0.2500,1.0000,6,7,6,0,0,7,6,0.1429
8,252.0000,23,26,239.5026,-83.1669,0.1601,39,0.9750,0.0000,4,4,0,0,0,4,0,1.0000
8,252.0000,24,2,420.0552,-87.2020,0.2566,24,0.6000,1.0000,8,8,7,0,0,8,7,0.1250
8,252.0000,24,4,803.2380,-89.4316,-0.1799,5,0.1250,1.0000,8,4,4,0,0,4,4,0.0000
8,252.0000,24,22,243.2473,-81.5173,-0.9640,39,0.9750,0.0000,4,4,0,0,0,4,0,1.0000
8,252.0000,24,27,452.9582,-88.0142,0.5098,18,0.4500,0.7143,7,8,6,0,0,8,6,0.2500
8,252.0000,25,10,533.9972,-88.2942,0.3782,8,0.2000,1.0000,8,8,7,0,0,8,7,0.1250
8,252.0000,25,14,448.5892,-87.9232,0.1386,17,0.4250,0.6667,6,5,2,0,0,5,2,0.6000
8,252.0000,25,20,332.3897,-87.0939,0.9160,28,0.7000,0.4286,7,5,1,0,0,5,1,0.8000
8,252.0000,26,9,373.8196,-86.7690,-0.1135,26,0.6500,0.2000,5,6,4,0,0,6,4,0.3333
8,252.0000,26,23,239.5026,-84.0062,0.2818,39,0.9750,0.0000,4,4,0,0,0,4,0,1.0000
8,252.0000,27,2,383.1210,-86.8514,-0.3802,34,0.8500,0.5000,6,8,8,0,0,8,8,0.0000
8,252.0000,27,16,688.4671,-88.6322,0.3184,4,0.1000,1.0000,8,6,6,0,0,6,6,0.0000
8,252.0000,27,24,452.9582,-88.6149,0.3658,12,0.3000,0.8750,8,5,2,0,0,5,2,0.6000
8,256.0000,1,12,542.0476,-88.7494,0.6931,4,0.1000,0.8571,7,8,8,0,0,8,8,0.0000
8,256.0000,2,17,634.5110,-89.0858,-2.0432,3,0.0750,,0,4,4,0,0,4,4,0.0000
8,256.0000,2,18,602.7532,-89.6274,0.0317,4,0.1000,,0,7,6,0,0,7,6,0.1429
8,256.0000,2,22,710.7868,-89.1696,-0.2752,5,0.1250,1.0000,8,10,10,0,0,10,10,0.0000
8,256.0000,2,24,468.8364,-88.1326,0.4231,18,0.4500,0.2000,5,7,5,0,0,7,5,0.2857
8,256.0000,2,27,440.0362,-87.6544,-0.1681,32,0.8000,0.6667,6,8,7,0,0,8,7,0.1250
8,256.0000,3,4,462.4542,-88.2473,-0.4895,14,0.3500,1.0000,8,7,6,0,0,7,6,0.1429
8,256.0000,3,22,659.8633,-89.3729,0.1139,3,0.0750,1.0000,2,6,6,0,0,6,6,0.0000
8,256.0000,4,3,462.4542,-87.9154,0.1351,19,0.4750,0.8750,8,5,1,0,0,5,1,0.8000
8,256.0000,4,8,505.9305,-88.8155,-0.0813,14,0.3500,1.0000,8,6,4,0,0,6,4,0.3333
8,256.0000,4,15,328.0074,-86.4476,0.9756,22,0.5500,0.5000,6,3,0,0,0,3,0,1.0000
8,256.0000,4,18,632.7462,-88.9561,-0.1439,4,0.1000,1.0000,8,8,8,0,0,8,8,0.0000
8,256.0000,5,11,432.4452,-88.1444,-0.3264,21,0.5250,0.6667,6,6,3,0,0,6,3,0.5000
8,256.0000,6,7,431.6071,-87.8481,-0.1608,19,0.4750,0.7143,7,6,3,0,0,6,3,0.5000
8,256.0000,6,10,172.6582,-79.4805,0.2133,40,1.0000,0.0000,3,5,0,0,0,5,0,1.0000
8,256.0000,6,14,513.2345,-88.4358,0.5276,13,0.3250,1.0000,8,7,5,0,0,7,5,0.2857
8,256.0000,6,16,462.9290,-87.6383,-0.2635,18,0.4500,0.7143,7,8,7,0,0,8,7,0.1250
8,256.0000,6,20,330.0707,-86.6749,0.1293,32,0.8000,0.0000,4,6,4,0,0,6,4,0.3333
8,256.0000,6,21,508.5550,-88.7592,0.0904,16,0.4000,0.8750,8,7,6,0,0,7,6,0.1429
8,256.0000,6,25,552.5641,-89.1629,-0.1887,8,0.2000,0.7500,8,7,6,0,0,7,6,0.1429
8,256.0000,7,6,431.6071,-87.2889,-0.3944,21,0.5385,0.5000,6,6,4,0,0,6,4,0.3333
8,256.0000,7,10,364.9439,-88.1572,0.5726,21,0.5385,0.6667,6,7,6,0,0,7,6,0.1429
8,256.0000,7,17,411.1437,-87.6224,0.2140,24,0.6154,0.7500,8,5,2,0,0,5,2,0.6000
8,256.0000,7,18,537.1974,-88.5902,0.3829,7,0.1795,1.0000,8,8,8,0,0,8,8,0.0000
8,256.0000,7,20,669.3224,-88.7367,0.0684,4,0.1026,1.0000,6,4,4,0,0,4,4,0.0000
8,256.0000,7,21,430.1043,-87.5079,0.1080,25,0.6410,0.8750,8,6,4,0,0,6,4,0.3333
8,256.0000,8,4,505.9305,-89.0707,0.0613,8,0.2051,1.0000,8,8,7,0,0,8,7,0.1250
8,256.0000,8,11,293.6377,-85.6943,0.3309,34,0.8718,0.0000,5,5,1,0,0,5,1,0.8000
8,256.0000,8,15,241.1409,-85.3060,1.0068,37,0.9487,0.0000,4,5,1,0,0,5,1,0.8000
8,256.0000,9,23,549.0660,-88.6027,-0.1718,7,0.1750,1.0000,8,8,7,0,0,8,7,0.1250
8,256.0000,9,26,350.9262,-86.5691,0.0704,27,0.6750,0.5000,6,5,2,0,0,5,2,0.6000
8,256.0000,10,6,172.6582,-79.8619,0.2349,38,0.9744,0.0000,4,4,0,0,0,4,0,1.0000
8,256.0000,10,7,364.9439,-87.2304,0.2000,17,0.4359,0.6667,6,5,1,0,0,5,1,0.8000
8,256.0000,10,14,592.6847,-88.7482,-0.3853,8,0.2051,0.7143,7,6,6,0,0,6,6,0.0000
8,256.0000,10,16,534.5722,-88.3482,0.1022,11,0.2821,1.0000,8,8,8,0,0,8,8,0.0000
8,256.0000,10,20,340.0776,-85.6115,-0.7479,32,0.8205,0.2857,7,5,3,0,0,5,3,0.4000
8,256.0000,10,21,340.5159,-86.7944,-0.0030,26,0.6667,0.2000,5,6,3,0,0,6,3,0.5000
8,256.0000,10,25,506.7768,-88.3111,0.0919,13,0.3333,1.0000,8,6,3,0,0,6,3,0.5000
8,256.0000,11,5,432.4452,-88.0027,-0.2300,21,0.5250,0.6842,57,8,6,0,0,8,6,0.2500
8,256.0000,11,8,293.6377,-85.0240,1.1282,39,0.9750,0.4000,5,5,1,0,0,5,1,0.8000
8,256.0000,11,15,525.9462,-88.4754,-0.3487,15,0.3750,0.7143,7,8,7,0,0,8,7,0.1250
8,256.0000,12,1,542.0476,-88.6325,0.6408,6,0.1500,1.0000,8,8,8,0,0,8,8,0.0000
8,256.0000,12,13,201.1607,-82.6469,0.8539,40,1.0000,0.0000,4,4,0,0,0,4,0,1.0000
8,256.0000,13,12,201.1607,-82.8192,0.6398,39,1.0000,0.0000,4,4,0,0,0,4,0,1.0000
8,256.0000,13,19,629.5434,-89.0661,0.1438,4,0.1026,1.0000,8,8,8,0,0,8,8,0.0000
8,256.0000,14,6,513.2345,-88.5816,0.5260,12,0.3000,0.8571,7,6,4,0,0,6,4,0.3333
8,256.0000,14,10,592.6847,-88.6926,-0.2270,14,0.3500,0.8750,8,8,8,0,0,8,8,0.0000
8,256.0000,14,20,379.3494,-87.0288,-0.0077,21,0.5250,0.5000,6,7,4,0,0,7,4,0.4286
8,256.0000,14,25,439.8921,-87.4740,0.3544,19,0.4750,0.5714,7,7,6,0,0,7,6,0.1429
8,256.0000,15,4,328.0074,-86.9574,0.8784,27,0.6585,0.5000,6,4,0,0,0,4,0,1.0000
8,256.0000,15,8,241.1409,-85.0816,0.6866,37,0.9024,0.0000,5,4,0,0,0,4,0,1.0000
8,256.0000,15,11,525.9462,-88.6822,0.1086,16,0.3902,0.8000,75,8,8,0,0,8,8,0.0000
8,256.0000,16,6,462.9290,-87.7158,-0.1566,23,0.5750,0.7143,7,7,6,0,0,7,6,0.1429
8,256.0000,16,7,636.4604,-88.9925,-0.3757,4,0.1000,1.0000,8,6,6,0,0,6,6,0.0000
8,256.0000,16,10,534.5722,-88.3746,0.4499,10,0.2500,1.0000,8,8,8,0,0,8,8,0.0000
8,256.0000,16,20,453.7676,-87.3814,-0.4971,29,0.7250,0.4000,5,8,8,0,0,8,8,0.0000
8,256.0000,16,25,686.6654,-89.1049,1.0589,3,0.0750,1.0000,6,4,4,0,0,4,4,0.0000
8,256.0000,17,7,411.1437,-88.0760,-0.0195,24,0.6000,0.6667,6,7,5,0,0,7,5,0.2857
8,256.0000,17,18,170.5745,-80.8371,0.6618,40,1.0000,0.0000,4,4,0,0,0,4,0,1.0000
8,256.0000,18,4,632.7462,-89.1092,-0.2713,5,0.1250,1.0000,8,4,4,0,0,4,4,0.0000
8,256.0000,18,7,537.1974,-88.9558,-0.3868,12,0.3000,1.0000,10,8,8,0,0,8,8,0.0000
8,256.0000,18,17,170.5745,-80.5701,0.1951,40,1.0000,0.0000,4,4,0,0,0,4,0,1.0000
8,256.0000,19,13,629.5434,-88.8454,-0.1265,10,0.2500,0.8571,7,8,8,0,0,8,8,0.0000
8,256.0000,19,23,398.2872,-88.2784,0.0568,16,0.4000,0.7143,7,4,0,0,0,4,0,1.0000
8,256.0000,19,26,602.0248,-89.4480,0.1427,3,0.0750,,0,6,6,0,0,6,6,0.0000
8,256.0000,20,6,330.0707,-86.3260,-0.0824,35,0.8750,0.4000,5,6,2,0,0,6,2,0.6667
8,256.0000,20,10,340.0776,-84.7626,-0.2858,36,0.9000,0.4000,5,6,4,0,0,6,4,0.3333
8,256.0000,20,14,379.3494,-87.4800,0.2271,32,0.8000,0.5000,6,7,6,0,0,7,6,0.1429
8,256.0000,20,16,453.7676,-87.8691,-0.2937,27,0.6750,0.2000,5,7,6,0,0,7,6,0.1429
8,256.0000,20,21,592.2533,-88.8414,-0.0639,10,0.2500,1.0000,8,8,8,0,0,8,8,0.0000
8,256.0000,20,25,261.3826,-85.4032,0.5880,38,0.9500,0.3333,6,5,1,0,0,5,1,0.8000
8,256.0000,21,6,508.5550,-88.3982,0.3680,19,0.4750,0.6667,6,8,8,0,0,8,8,0.0000
8,256.0000,21,7,430.1043,-87.2999,-0.3155,22,0.5500,0.0000,4,7,6,0,0,7,6,0.1429
8,256.0000,21,10,340.5159,-87.1313,-0.2950,26,0.6500,0.4286,7,6,3,0,0,6,3,0.5000
8,256.0000,21,20,592.2533,-88.7456,-0.2331,6,0.1500,1.0000,8,8,8,0,0,8,8,0.0000
8,256.0000,22,2,710.7868,-89.4453,-0.3442,3,0.0769,1.0000,8,4,4,0,0,4,4,0.0000
8,256.0000,22,24,320.0763,-85.1202,-1.0816,34,0.8718,0.0000,4,6,2,0,0,6,2,0.6667
8,256.0000,22,27,571.8333,-88.7080,0.7288,8,0.2051,1.0000,6,7,6,0,0,7,6,0.1429
8,256.0000,23,9,549.0660,-88.9336,-0.2470,9,0.2250,1.0000,8,8,8,0,0,8,8,0.0000
8,256.0000,23,19,398.2872,-87.9362,0.3905,17,0.4250,0.8571,7,5,1,0,0,5,1,0.8000
8,256.0000,23,26,240.1101,-83.3529,0.4677,40,1.0000,0.0000,4,3,0,0,0,3,0,1.0000
8,256.0000,24,2,468.8364,-87.6395,-0.3234,19,0.4750,0.8750,8,7,4,0,0,7,4,0.4286
8,256.0000,24,22,320.0763,-85.3658,-0.3799,37,0.9250,0.0000,4,5,2,0,0,5,2,0.6000
8,256.0000,24,27,333.3971,-87.6318,0.0466,28,0.7000,0.7500,8,6,2,0,0,6,2,0.6667
8,256.0000,25,6,552.5641,-89.4010,0.0353,10,0.2500,0.8571,7,8,8,0,0,8,8,0.0000
8,256.0000,25,10,506.7768,-88.1578,0.2251,14,0.3500,0.8750,8,8,8,0,0,8,8,0.0000
8,256.0000,25,14,439.8921,-87.2447,0.1932,27,0.6750,0.4000,5,8,7,0,0,8,7,0.1250
8,256.0000,25,20,261.3826,-85.4431,0.7818,35,0.8750,0.2000,5,4,0,0,0,4,0,1.0000
8,256.0000,25,21,631.6749,-89.4353,1.1417,3,0.0750,1.0000,4,6,6,0,0,6,6,0.0000
8,256.0000,26,9,350.9262,-87.0054,-0.0266,37,0.9250,0.6667,6,6,3,0,0,6,3,0.5000
8,256.0000,26,23,240.1101,-84.0311,0.1610,40,1.0000,0.0000,4,4,0,0,0,4,0,1.0000
8,256.0000,27,2,440.0362,-86.8612,-0.3571,20,0.5000,1.0000,8,7,5,0,0,7,5,0.2857
8,256.0000,27,22,571.8333,-88.3668,1.1204,4,0.1000,1.0000,8,8,8,0,0,8,8,0.0000
8,256.0000,27,24,333.3971,-87.4037,0.1981,29,0.7250,0.4000,5,5,2,0,0,5,2,0.6000
8,260.0000,1,12,521.1801,-88.7269,-0.3833,13,0.3250,1.0000,8,8,8,0,0,8,8,0.0000
8,260.0000,1,21,626.2394,-88.8851,0.3961,4,0.1000,1.0000,6,8,7,0,0,8,7,0.1250
8,260.0000,2,16,483.6474,-88.3652,0.2744,12,0.3000,1.0000,8,7,6,0,0,7,6,0.1429
8,260.0000,2,17,627.4433,-88.8129,0.1754,3,0.0750,1.0000,4,8,8,0,0,8,8,0.0000
8,260.0000,2,18,473.8302,-88.2826,0.8822,13,0.3250,0.8571,7,7,5,0,0,7,5,0.2857
8,260.0000,2,24,467.8971,-87.7265,0.2192,18,0.4500,0.7143,7,8,6,0,0,8,6,0.2500
8,260.0000,2,27,525.1149,-88.0798,0.4466,19,0.4750,0.8750,8,7,6,0,0,7,6,0.1429
8,260.0000,3,4,413.9651,-87.3425,-0.0686,21,0.5250,0.8571,7,5,2,0,0,5,2,0.6000
8,260.0000,3,15,442.2985,-89.0308,0.6528,8,0.2000,0.7778,9,5,1,0,0,5,1,0.8000
8,260.0000,3,22,613.3946,-89.1194,-0.3862,4,0.1000,1.0000,6,8,8,0,0,8,8,0.0000
8,260.0000,4,3,413.9651,-87.5392,0.0783,26,0.6500,0.2000,5,6,2,0,0,6,2,0.6667
8,260.0000,4,8,426.4916,-88.2974,0.3612,19,0.4750,0.6667,6,7,5,0,0,7,5,0.2857
8,260.0000,4,15,211.5108,-84.5781,0.4933,39,0.9750,0.0000,3,4,0,0,0,4,0,1.0000
8,260.0000,5,8,686.3583,-89.5916,0.1659,3,0.0750,1.0000,8,4,4,0,0,4,4,0.0000
8,260.0000,5,11,449.3316,-87.7529,-0.2770,27,0.6750,0.5000,6,8,8,0,0,8,8,0.0000
8,260.0000,6,7,476.4280,-88.1554,-0.3994,17,0.4250,0.5000,6,8,8,0,0,8,8,0.0000
8,260.0000,6,10,281.3898,-82.5569,-1.5397,39,0.9750,0.0000,5,6,4,0,0,6,4,0.3333
8,260.0000,6,14,474.9198,-88.3915,-0.1622,19,0.4750,0.7143,7,6,3,0,0,6,3,0.5000
8,260.0000,6,16,500.0526,-88.3697,-0.0412,21,0.5250,0.8750,8,8,8,0,0,8,8,0.0000
8,260.0000,6,20,316.2002,-86.4267,-0.1151,34,0.8500,0.6667,6,5,2,0,0,5,2,0.6000
8,260.0000,6,21,564.5742,-88.6488,-0.2023,10,0.2500,0.8571,7,8,8,0,0,8,8,0.0000
8,260.0000,6,25,486.4422,-88.5165,0.0269,18,0.4500,0.8571,7,7,5,0,0,7,5,0.2857
8,260.0000,7,2,709.6341,-89.8440,0.0008,3,0.0732,,0,6,6,0,0,6,6,0.0000
8,260.0000,7,6,476.4280,-88.1060,-0.1489,20,0.4878,0.6667,6,6,4,0,0,6,4,0.3333
8,260.0000,7,10,271.0833,-86.2696,0.5457,39,0.9512,0.8571,7,4,0,0,0,4,0,1.0000
8,260.0000,7,16,658.6503,-88.5964,0.4857,3,0.0732,1.0000,8,4,4,0,0,4,4,0.0000
8,260.0000,7,17,404.2931,-87.4275,0.0290,29,0.7073,0.4000,5,6,4,0,0,6,4,0.3333
8,260.0000,7,18,574.7933,-88.5780,-0.0360,9,0.2195,1.0000,8,8,8,0,0,8,8,0.0000
8,260.0000,7,21,449.6880,-87.6601,0.3922,23,0.5610,0.6667,6,5,2,0,0,5,2,0.6000
8,260.0000,8,4,426.4916,-88.3453,-0.1400,18,0.4500,0.8750,8,5,1,0,0,5,1,0.8000
8,260.0000,8,11,395.4841,-86.1076,-0.4875,37,0.9250,0.2000,5,8,7,0,0,8,7,0.1250
8,260.0000,8,15,310.6651,-84.1801,-0.7262,39,0.9750,0.2000,5,6,3,0,0,6,3,0.5000
8,260.0000,9,23,518.6193,-88.7273,-0.2851,10,0.2500,0.8750,8,7,6,0,0,7,6,0.1429
8,260.0000,9,26,350.8023,-86.5226,0.4846,32,0.8000,0.4000,5,4,0,0,0,4,0,1.0000
8,260.0000,10,6,281.3898,-82.0284,-1.0607,38,0.9500,0.0000,4,4,0,0,0,4,0,1.0000
8,260.0000,10,7,271.0833,-85.2934,0.1662,36,0.9000,0.2000,5,4,0,0,0,4,0,1.0000
8,260.0000,10,14,707.7151,-89.1016,0.4598,5,0.1250,1.0000,6,6,6,0,0,6,6,0.0000
8,260.0000,10,16,518.6743,-88.9091,0.1214,12,0.3000,1.0000,8,7,6,0,0,7,6,0.1429
8,260.0000,10,17,611.8999,-89.5481,0.0762,3,0.0750,1.0000,2,7,6,0,0,7,6,0.1429
8,260.0000,10,20,442.8158,-87.6022,-0.0863,25,0.6250,0.6000,5,7,5,0,0,7,5,0.2857
8,260.0000,10,21,388.3673,-86.5316,0.0380,31,0.7750,0.5000,6,8,7,0,0,8,7,0.1250
8,260.0000,10,25,510.0803,-87.8414,0.8178,15,0.3750,0.5000,6,8,8,0,0,8,8,0.0000
8,260.0000,11,5,449.3316,-87.4244,-0.0713,22,0.5500,0.7500,8,8,7,0,0,8,7,0.1250
8,260.0000,11,8,395.4841,-86.2770,-0.4581,34,0.8500,0.2000,5,6,2,0,0,6,2,0.6667
8,260.0000,11,15,612.2368,-88.4480,0.1291,13,0.3250,0.8750,8,8,8,0,0,8,8,0.0000
8,260.0000,12,1,521.1801,-88.4290,0.5198,7,0.1750,1.0000,8,7,6,0,0,7,6,0.1429
8,260.0000,12,13,233.7151,-82.6561,-0.3551,40,1.0000,0.0000,4,4,0,0,0,4,0,1.0000
8,260.0000,13,12,233.7151,-82.2903,-0.4024,40,0.9756,0.0000,4,5,0,0,0,5,0,1.0000
8,260.0000,13,19,700.2861,-89.2009,-0.1861,3,0.0732,1.0000,8,4,4,0,0,4,4,0.0000
8,260.0000,14,6,474.9198,-88.5065,0.0083,17,0.4359,0.6667,6,7,5,0,0,7,5,0.2857
8,260.0000,14,20,333.0645,-87.0081,0.1519,31,0.7949,0.5714,7,5,1,0,0,5,1,0.8000
8,260.0000,14,25,474.3750,-88.0074,-0.2158,21,0.5385,0.8571,7,6,3,0,0,6,3,0.5000
8,260.0000,15,3,442.2985,-88.2150,0.4897,17,0.4250,0.8750,8,6,2,0,0,6,2,0.6667
8,260.0000,15,4,211.5108,-84.0066,0.5583,38,0.9500,0.0000,4,4,0,0,0,4,0,1.0000
8,260.0000,15,8,310.6651,-84.2913,-1.1195,39,0.9750,0.0000,4,6,4,0,0,6,4,0.3333
8,260.0000,15,11,612.2368,-88.7819,-0.1307,12,0.3000,1.0000,8,8,8,0,0,8,8,0.0000
8,260.0000,16,2,483.6474,-88.7974,0.5041,10,0.2564,1.0000,8,7,4,0,0,7,4,0.4286
8,260.0000,16,6,500.0526,-88.2827,-0.0983,23,0.5897,0.8571,7,7,6,0,0,7,6,0.1429
8,260.0000,16,7,658.6503,-89.0584,-0.3336,6,0.1538,1.0000,6,8,8,0,0,8,8,0.0000
8,260.0000,16,10,518.6743,-88.3210,0.1803,8,0.2051,1.0000,8,8,8,0,0,8,8,0.0000
8,260.0000,16,20,559.7244,-88.1085,-0.0293,16,0.4103,1.0000,8,8,8,0,0,8,8,0.0000
8,260.0000,17,2,627.4433,-89.1912,0.1714,3,0.0769,1.0000,6,8,8,0,0,8,8,0.0000
8,260.0000,17,7,404.2931,-87.4305,0.4590,19,0.4872,0.7143,7,6,4,0,0,6,4,0.3333
8,260.0000,17,18,245.2156,-82.5393,-0.4856,39,1.0000,0.0000,4,4,0,0,0,4,0,1.0000
8,260.0000,18,2,473.8302,-89.0035,0.2852,6,0.1538,1.0000,8,5,2,0,0,5,2,0.6000
8,260.0000,18,4,705.8037,-88.7184,0.4881,4,0.1026,1.0000,4,6,6,0,0,6,6,0.0000
8,260.0000,18,7,574.7933,-88.2725,-0.1901,8,0.2051,1.0000,8,8,8,0,0,8,8,0.0000
8,260.0000,18,17,245.2156,-81.8883,-0.4935,39,1.0000,0.0000,4,4,0,0,0,4,0,1.0000
8,260.0000,19,8,585.3456,-89.4029,0.1782,3,0.0769,,0,7,6,0,0,7,6,0.1429
8,260.0000,19,23,285.2302,-86.5610,0.2418,33,0.8462,0.0000,4,5,1,0,0,5,1,0.8000
8,260.0000,19,26,480.5209,-88.3530,-0.0408,8,0.2051,1.0000,6,7,5,0,0,7,5,0.2857
8,260.0000,20,6,316.2002,-85.7170,0.3109,32,0.8000,0.3333,6,4,0,0,0,4,0,1.0000
8,260.0000,20,10,442.8158,-87.0728,-0.9573,27,0.6750,0.6667,6,8,7,0,0,8,7,0.1250
8,260.0000,20,14,333.0645,-86.8067,0.1881,27,0.6750,0.8571,7,5,2,0,0,5,2,0.6000
8,260.0000,20,16,559.7244,-88.2979,-0.2458,15,0.3750,0.8571,7,8,8,0,0,8,8,0.0000
8,260.0000,20,21,637.7741,-88.6179,0.4010,6,0.1500,1.0000,8,6,6,0,0,6,6,0.0000
8,260.0000,20,25,257.3417,-84.0935,-0.1115,40,1.0000,0.2000,5,4,0,0,0,4,0,1.0000
8,260.0000,21,1,626.2394,-89.7038,-0.1881,3,0.0750,1.0000,6,8,8,0,0,8,8,0.0000
8,260.0000,21,6,564.5742,-89.2255,-0.1402,8,0.2000,1.0000,8,8,8,0,0,8,8,0.0000
8,260.0000,21,7,449.6880,-88.1289,0.3484,20,0.5000,0.8571,7,7,6,0,0,7,6,0.1429
8,260.0000,21,10,388.3673,-86.7475,0.2183,31,0.7750,0.5000,6,8,7,0,0,8,7,0.1250
8,260.0000,21,20,637.7741,-88.3917,0.6640,3,0.0750,1.0000,8,8,8,0,0,8,8,0.0000
8,260.0000,21,25,534.5675,-89.5488,0.0966,9,0.2250,1.0000,8,7,5,0,0,7,5,0.2857
8,260.0000,22,3,613.3946,-89.3493,-0.4601,3,0.0732,1.0000,8,8,8,0,0,8,8,0.0000
8,260.0000,22,24,419.7585,-86.5888,0.0667,31,0.7561,0.3333,6,7,6,0,0,7,6,0.1429
8,260.0000,22,27,489.3561,-88.5364,0.1892,7,0.1707,0.8571,7,7,6,0,0,7,6,0.1429
8,260.0000,23,9,518.6193,-88.2895,-0.0180,14,0.3500,1.0000,8,5,2,0,0,5,2,0.6000
8,260.0000,23,19,285.2302,-86.0985,0.5099,34,0.8500,0.2000,5,5,1,0,0,5,1,0.8000
8,260.0000,23,26,229.4820,-83.4761,0.3435,40,1.0000,0.0000,3,4,0,0,0,4,0,1.0000
8,260.0000,24,2,467.8971,-87.9646,0.3763,15,0.3750,0.5714,7,6,4,0,0,6,4,0.3333
8,260.0000,24,22,419.7585,-86.7209,-0.6657,28,0.7000,0.4000,5,6,3,0,0,6,3,0.5000
8,260.0000,24,27,261.6722,-84.6823,0.4657,38,0.9500,0.3333,6,4,0,0,0,4,0,1.0000
8,260.0000,25,6,486.4422,-88.8081,0.3435,15,0.3750,1.0000,8,7,4,0,0,7,4,0.4286
8,260.0000,25,10,510.0803,-88.5104,-0.4166,12,0.3000,1.0000,8,8,8,0,0,8,8,0.0000
8,260.0000,25,14,474.3750,-87.8034,-0.3003,15,0.3750,0.8750,8,7,5,0,0,7,5,0.2857
8,260.0000,25,20,257.3417,-83.7868,0.1586,39,0.9750,0.0000,4,6,2,0,0,6,2,0.6667
8,260.0000,25,21,534.5675,-88.4769,0.2037,12,0.3000,1.0000,6,9,7,0,0,9,7,0.2222
8,260.0000,26,9,350.8023,-86.8141,-0.1536,34,0.8500,0.5000,6,6,2,0,0,6,2,0.6667
8,260.0000,26,19,480.5209,-87.2994,0.4456,10,0.2500,0.8571,7,5,2,0,0,5,2,0.6000
8,260.0000,26,23,229.4820,-83.1417,-0.4072,40,1.0000,0.0000,4,4,0,0,0,4,0,1.0000
8,260.0000,27,2,525.1149,-87.8690,-0.4039,18,0.4500,0.7143,7,7,6,0,0,7,6,0.1429
8,260.0000,27,22,489.3561,-88.6241,0.5123,10,0.2500,1.0000,8,6,4,0,0,6,4,0.3333
8,260.0000,27,24,261.6722,-84.8830,0.6172,35,0.8750,0.4000,5,4,0,0,0,4,0,1.0000
8,264.0000,1,12,505.3148,-88.6808,0.2208,11,0.2750,1.0000,8,7,5,0,0,7,5,0.2857
8,264.0000,1,21,532.8485,-88.4726,-0.0918,8,0.2000,0.8750,8,6,4,0,0,6,4,0.3333
8,264.0000,2,10,477.1927,-87.4208,1.0145,5,0.1250,1.0000,6,6,3,0,0,6,3,0.5000
8,264.0000,2,16,401.2842,-87.3197,0.3180,20,0.5000,0.8571,7,5,1,0,0,5,1,0.8000
8,264.0000,2,17,627.4499,-89.0710,-0.1717,7,0.1750,1.0000,8,8,8,0,0,8,8,0.0000
8,264.0000,2,18,358.4276,-87.2677,0.3711,27,0.6750,0.7143,7,5,2,0,0,5,2,0.6000
8,264.0000,2,24,458.4804,-88.5581,0.2830,18,0.4500,0.7500,8,8,7,0,0,8,7,0.1250
8,264.0000,2,27,642.0402,-88.5105,0.2206,8,0.2000,0.8571,7,2,2,0,0,2,2,0.0000
8,264.0000,3,4,410.6565,-87.4089,0.5730,23,0.5897,0.4000,5,8,6,0,0,8,6,0.2500
8,264.0000,3,15,323.0337,-86.5958,0.1844,29,0.7436,0.2000,5,4,1,0,0,4,1,0.7500
8,264.0000,4,3,410.6565,-87.3396,0.0162,24,0.6000,0.3333,6,7,5,0,0,7,5,0.2857
8,264.0000,4,8,378.1873,-87.6009,0.1912,25,0.6250,0.7143,7,6,3,0,0,6,3,0.5000
8,264.0000,4,15,203.6240,-81.1159,0.2857,40,1.0000,0.0000,4,4,0,0,0,4,0,1.0000
8,264.0000,5,11,502.6833,-88.0195,0.2062,15,0.3750,1.0000,8,8,8,0,0,8,8,0.0000
8,264.0000,6,7,529.3091,-88.1769,0.2456,12,0.3000,1.0000,8,8,8,0,0,8,8,0.0000
8,264.0000,6,10,411.7437,-85.7214,-0.6650,31,0.7750,0.6667,6,7,6,0,0,7,6,0.1429
8,264.0000,6,14,424.4261,-88.3241,0.0546,24,0.6000,0.5000,6,6,4,0,0,6,4,0.3333
8,264.0000,6,16,544.5512,-88.5829,0.1127,9,0.2250,1.0000,8,8,8,0,0,8,8,0.0000
8,264.0000,6,20,307.1899,-85.2906,-0.0722,34,0.8500,0.4000,5,5,1,0,0,5,1,0.8000
8,264.0000,6,21,635.3124,-87.9815,0.3035,6,0.1500,1.0000,8,8,8,0,0,8,8,0.0000
8,264.0000,6,25,486.8666,-88.1769,-0.0974,14,0.3500,0.7143,7,8,8,0,0,8,8,0.0000
8,264.0000,7,6,529.3091,-88.5075,-0.1674,21,0.5250,0.6667,6,7,6,0,0,7,6,0.1429
8,264.0000,7,10,261.8939,-84.2057,0.3318,37,0.9250,0.0000,4,5,1,0,0,5,1,0.8000
8,264.0000,7,17,412.3367,-87.3504,0.0300,24,0.6000,0.6667,6,6,4,0,0,6,4,0.3333
8,264.0000,7,18,605.5377,-88.2731,0.0270,8,0.2000,1.0000,8,8,8,0,0,8,8,0.0000
8,264.0000,7,21,468.3818,-88.1778,-0.0155,23,0.5750,0.4000,5,7,5,0,0,7,5,0.2857
8,264.0000,8,4,378.1873,-87.7428,-0.2295,27,0.6750,0.2000,5,5,2,0,0,5,2,0.6000
8,264.0000,8,5,679.6939,-89.2408,-0.3603,3,0.0750,,0,4,4,0,0,4,4,0.0000
8,264.0000,8,11,401.7567,-87.4732,-0.1793,25,0.6250,0.8750,8,4,0,0,0,4,0,1.0000
8,264.0000,8,15,473.2659,-86.8069,-0.8692,29,0.7250,0.5000,6,7,6,0,0,7,6,0.1429
8,264.0000,8,19,412.8322,-88.0972,0.0657,19,0.4750,0.6667,6,6,2,0,0,6,2,0.6667
8,264.0000,9,5,607.5405,-89.4002,0.7114,4,0.1000,1.0000,4,6,6,0,0,6,6,0.0000
8,264.0000,9,23,487.1478,-88.4456,0.4927,15,0.3750,0.8571,7,7,5,0,0,7,5,0.2857
8,264.0000,9,26,347.9443,-86.4607,0.1708,30,0.7500,0.0000,4,6,2,0,0,6,2,0.6667
8,264.0000,10,2,477.1927,-88.6592,-0.3959,9,0.2195,1.0000,6,7,4,0,0,7,4,0.4286
8,264.0000,10,6,411.7437,-86.4847,-0.6579,29,0.7073,0.0000,4,8,5,0,0,8,5,0.3750
8,264.0000,10,7,261.8939,-84.4911,0.7131,39,0.9512,0.0000,4,4,0,0,0,4,0,1.0000
8,264.0000,10,16,479.5517,-88.4630,0.2465,14,0.3415,0.8571,7,8,7,0,0,8,7,0.1250
8,264.0000,10,17,530.0797,-88.6350,-0.2502,8,0.1951,0.8571,7,6,4,0,0,6,4,0.3333
8,264.0000,10,18,559.5631,-88.8560,3.1722,3,0.0732,1.0000,2,7,6,0,0,7,6,0.1429
8,264.0000,10,20,573.1850,-87.9163,-0.2244,18,0.4390,0.7143,7,8,8,0,0,8,8,0.0000
8,264.0000,10,21,508.8909,-87.6588,-0.0218,21,0.5122,0.8750,8,7,6,0,0,7,6,0.1429
8,264.0000,10,25,572.0748,-88.6461,0.0687,10,0.2439,1.0000,8,8,8,0,0,8,8,0.0000
8,264.0000,11,5,502.6833,-88.6628,0.1316,16,0.4000,0.8750,8,8,7,0,0,8,7,0.1250
8,264.0000,11,8,401.7567,-87.3958,-0.2276,23,0.5750,0.3333,6,6,4,0,0,6,4,0.3333
8,264.0000,11,15,649.1140,-88.4889,0.0691,3,0.0750,1.0000,8,6,6,0,0,6,6,0.0000
8,264.0000,12,1,505.3148,-88.9419,0.5692,11,0.2750,0.8571,7,8,8,0,0,8,8,0.0000
8,264.0000,12,7,615.1547,-88.7516,0.4960,3,0.0750,1.0000,8,8,8,0,0,8,8,0.0000
8,264.0000,12,13,335.5414,-85.3709,-0.4030,39,0.9750,0.0000,4,5,1,0,0,5,1,0.8000
8,264.0000,13,12,335.5414,-84.8017,-0.3715,38,0.9500,0.0000,5,6,4,0,0,6,4,0.3333
8,264.0000,14,6,424.4261,-88.0028,0.4958,28,0.7000,0.7143,7,7,3,0,0,7,3,0.5714
8,264.0000,14,20,279.7261,-85.8712,0.2641,36,0.9000,0.2000,5,4,0,0,0,4,0,1.0000
8,264.0000,14,25,542.5169,-88.2302,-0.2112,19,0.4750,0.5000,6,8,8,0,0,8,8,0.0000
8,264.0000,15,3,323.0337,-86.5039,0.9368,25,0.6250,0.3333,6,4,0,0,0,4,0,1.0000
8,264.0000,15,4,203.6240,-81.3611,0.1741,40,1.0000,0.0000,4,5,1,0,0,5,1,0.8000
8,264.0000,15,8,473.2659,-87.2858,-0.4269,31,0.7750,0.6667,6,7,6,0,0,7,6,0.1429
8,264.0000,16,2,401.2842,-87.5658,0.5017,22,0.5500,0.5714,7,5,2,0,0,5,2,0.6000
8,264.0000,16,6,544.5512,-88.0143,-0.1376,12,0.3000,0.8571,7,7,5,0,0,7,5,0.2857
8,264.0000,16,10,479.5517,-87.5982,0.0718,12,0.3000,1.0000,8,8,7,0,0,8,7,0.1250
8,264.0000,16,20,682.6106,-89.2777,-0.3428,6,0.1500,1.0000,8,4,4,0,0,4,4,0.0000
8,264.0000,17,2,627.4499,-88.6693,0.2491,5,0.1250,1.0000,8,8,8,0,0,8,8,0.0000
8,264.0000,17,7,412.3367,-87.3491,-0.1461,30,0.7500,0.6667,6,5,2,0,0,5,2,0.6000
8,264.0000,17,10,530.0797,-89.1391,0.0458,8,0.2000,1.0000,8,8,8,0,0,8,8,0.0000
8,264.0000,17,18,350.6445,-85.2392,-1.2243,38,0.9500,0.0000,4,8,6,0,0,8,6,0.2500
8,264.0000,18,2,358.4276,-87.0449,0.3508,23,0.5750,0.4000,5,4,0,0,0,4,0,1.0000
8,264.0000,18,7,605.5377,-88.9722,-0.1256,6,0.1500,1.0000,8,8,8,0,0,8,8,0.0000
8,264.0000,18,17,350.6445,-84.9423,-0.6221,35,0.8750,0.0000,4,6,4,0,0,6,4,0.3333
8,264.0000,19,5,662.3745,-88.8964,-0.8183,3,0.0732,,0,8,8,0,0,8,8,0.0000
8,264.0000,19,8,412.8322,-88.5855,0.3910,17,0.4146,0.8571,7,6,2,0,0,6,2,0.6667
8,264.0000,19,9,625.0788,-88.8967,0.1917,4,0.0976,1.0000,4,7,6,0,0,7,6,0.1429
8,264.0000,19,23,195.2567,-82.6406,1.3301,41,1.0000,0.2000,5,5,1,0,0,5,1,0.8000
8,264.0000,19,26,388.5264,-87.1663,0.5393,23,0.5610,0.7143,7,5,2,0,0,5,2,0.6000
8,264.0000,20,6,307.1899,-85.9913,0.0724,34,0.8500,0.0000,4,5,1,0,0,5,1,0.8000
8,264.0000,20,10,573.1850,-88.2489,0.0937,15,0.3750,0.8750,8,8,8,0,0,8,8,0.0000
8,264.0000,20,14,279.7261,-85.6717,-0.0536,38,0.9500,0.4000,5,4,0,0,0,4,0,1.0000
8,264.0000,20,16,682.6106,-88.1010,-0.5105,3,0.0750,1.0000,8,2,2,0,0,2,2,0.0000
8,264.0000,20,25,326.3612,-84.8153,-0.6539,36,0.9000,0.0000,4,5,1,0,0,5,1,0.8000
8,264.0000,21,1,532.8485,-88.2380,0.4362,8,0.2000,1.0000,8,8,8,0,0,8,8,0.0000
8,264.0000,21,6,635.3124,-88.7609,-0.2378,5,0.1250,1.0000,8,4,4,0,0,4,4,0.0000
8,264.0000,21,7,468.3818,-88.0395,-0.3550,20,0.5000,0.8571,7,6,3,0,0,6,3,0.5000
8,264.0000,21,10,508.8909,-88.4333,-0.0428,23,0.5750,0.8750,8,8,8,0,0,8,8,0.0000
8,264.0000,21,25,444.5494,-87.9002,-0.1602,19,0.4750,0.7143,7,5,1,0,0,5,1,0.8000
8,264.0000,22,3,571.6899,-88.3654,0.3100,10,0.2500,1.0000,8,6,6,0,0,6,6,0.0000
8,264.0000,22,24,530.5268,-88.3751,0.0113,20,0.5000,0.8571,7,6,6,0,0,6,6,0.0000
8,264.0000,22,27,428.0221,-87.8716,0.6032,21,0.5250,0.8571,7,8,6,0,0,8,6,0.2500
8,264.0000,23,8,575.1125,-88.9739,-0.1188,3,0.0750,1.0000,8,7,5,0,0,7,5,0.2857
8,264.0000,23,9,487.1478,-88.6363,0.0098,17,0.4250,0.4000,5,7,5,0,0,7,5,0.2857
8,264.0000,23,19,195.2567,-83.1392,0.9898,38,0.9500,0.2000,5,4,0,0,0,4,0,1.0000
8,264.0000,23,26,204.7110,-82.4398,0.6405,40,1.0000,0.0000,4,4,0,0,0,4,0,1.0000
8,264.0000,24,2,458.4804,-87.9908,0.2468,20,0.5000,0.6667,6,7,5,0,0,7,5,0.2857
8,264.0000,24,16,622.2176,-89.7230,0.0526,3,0.0750,,0,8,6,0,0,8,6,0.2500
8,264.0000,24,22,530.5268,-88.2485,-0.4535,15,0.3750,0.5000,6,6,5,0,0,6,5,0.1667
8,264.0000,24,27,315.1165,-84.8465,-0.3253,40,1.0000,0.0000,4,5,1,0,0,5,1,0.8000
8,264.0000,25,6,486.8666,-88.1833,-0.1775,15,0.3750,0.5714,7,7,5,0,0,7,5,0.2857
8,264.0000,25,10,572.0748,-89.1224,0.1990,9,0.2250,1.0000,8,8,8,0,0,8,8,0.0000
8,264.0000,25,14,542.5169,-88.2814,-0.5543,15,0.3750,0.7143,7,7,6,0,0,7,6,0.1429
8,264.0000,25,20,326.3612,-85.3294,-0.3384,35,0.8750,0.3333,6,5,1,0,0,5,1,0.8000
8,264.0000,25,21,444.5494,-88.4994,0.0542,17,0.4250,0.7778,9,5,1,0,0,5,1,0.8000
8,264.0000,26,9,347.9443,-86.8321,0.1644,31,0.7750,0.3333,6,5,2,0,0,5,2,0.6000
8,264.0000,26,19,388.5264,-87.9592,0.4871,20,0.5000,0.4000,5,6,4,0,0,6,4,0.3333
8,264.0000,26,23,204.7110,-82.1083,0.3961,40,1.0000,0.0000,4,4,0,0,0,4,0,1.0000
8,264.0000,27,2,642.0402,-88.0641,0.4363,4,0.1000,0.8571,7,6,6,0,0,6,6,0.0000
8,264.0000,27,22,428.0221,-88.1682,0.0338,24,0.6000,0.6667,6,7,3,0,0,7,3,0.5714
8,264.0000,27,24,315.1165,-85.0829,-0.4385,35,0.8750,0.0000,4,6,3,0,0,6,3,0.5000
8,268.0000,1,7,682.1830,-89.3970,-0.9057,3,0.0750,1.0000,8,4,4,0,0,4,4,0.0000
8,268.0000,1,12,494.6547,-87.4676,0.1848,11,0.2750,0.7143,7,7,5,0,0,7,5,0.2857
8,268.0000,1,21,477.1639,-88.3162,0.2990,19,0.4750,0.6667,6,7,5,0,0,7,5,0.2857
8,268.0000,2,7,604.7025,-89.7373,0.0977,5,0.1250,1.0000,4,8,8,0,0,8,8,0.0000
8,268.0000,2,10,310.0510,-86.4211,0.9247,27,0.6750,0.5000,6,4,0,0,0,4,0,1.0000
8,268.0000,2,16,376.5932,-87.0912,-0.0588,30,0.7500,0.2000,5,7,4,0,0,7,4,0.4286
8,268.0000,2,17,605.1774,-88.9105,-0.5750,3,0.0750,1.0000,8,7,6,0,0,7,6,0.1429
8,268.0000,2,18,250.3434,-85.2356,0.3948,38,0.9500,0.4000,5,4,0,0,0,4,0,1.0000
8,268.0000,2,24,443.3512,-88.4435,-0.0843,23,0.5750,0.8750,8,6,2,0,0,6,2,0.6667
8,268.0000,3,4,434.1026,-87.1857,0.1806,25,0.6250,0.7500,8,7,5,0,0,7,5,0.2857
8,268.0000,3,15,307.1595,-85.4764,-0.4062,36,0.9000,0.2500,4,4,0,0,0,4,0,1.0000
8,268.0000,3,22,558.5072,-88.6841,-0.0991,10,0.2500,0.7778,9,8,7,0,0,8,7,0.1250
8,268.0000,4,3,434.1026,-87.4404,-0.3071,22,0.5500,0.7143,7,7,5,0,0,7,5,0.2857
8,268.0000,4,8,360.7957,-86.7408,0.3832,27,0.6750,0.5000,6,7,5,0,0,7,5,0.2857
8,268.0000,4,11,520.9380,-88.9057,0.3668,9,0.2250,1.0000,6,8,7,0,0,8,7,0.1250
8,268.0000,4,15,341.7050,-83.8918,-1.4425,39,0.9750,0.0000,4,7,6,0,0,7,6,0.1429
8,268.0000,5,9,467.0550,-88.9723,0.0235,11,0.2750,1.0000,8,7,4,0,0,7,4,0.4286
8,268.0000,5,11,538.7978,-88.5457,-0.0387,17,0.4250,1.0000,8,8,8,0,0,8,8,0.0000
8,268.0000,5,19,547.1214,-88.7504,0.1243,5,0.1250,1.0000,8,8,8,0,0,8,8,0.0000
8,268.0000,5,23,606.7585,-88.9278,0.5385,3,0.0750,0.8571,7,8,8,0,0,8,8,0.0000
8,268.0000,5,26,642.4673,-88.8433,-0.0445,4,0.1000,1.0000,8,5,4,0,0,5,4,0.2000
8,268.0000,6,7,569.3443,-88.3441,-0.3223,9,0.2250,1.0000,8,8,8,0,0,8,8,0.0000
8,268.0000,6,10,525.8599,-88.0876,-0.5948,12,0.3000,0.8571,7,8,8,0,0,8,8,0.0000
8,268.0000,6,14,374.4793,-87.0725,0.4637,29,0.7250,0.6667,6,5,1,0,0,5,1,0.8000
8,268.0000,6,16,598.8144,-89.2019,0.1430,5,0.1250,1.0000,8,8,8,0,0,8,8,0.0000
8,268.0000,6,20,320.5563,-85.5004,0.3682,33,0.8250,0.2000,5,4,0,0,0,4,0,1.0000
8,268.0000,6,25,555.7208,-88.3139,-0.6619,12,0.3000,1.0000,8,8,7,0,0,8,7,0.1250
8,268.0000,7,6,569.3443,-88.6208,-0.1660,11,0.2821,0.8571,7,8,8,0,0,8,8,0.0000
8,268.0000,7,10,310.1611,-85.0364,-0.7939,36,0.9231,0.2000,5,6,2,0,0,6,2,0.6667
8,268.0000,7,12,577.3844,-88.7469,-0.4501,6,0.1538,1.0000,4,8,8,0,0,8,8,0.0000
8,268.0000,7,17,416.6834,-87.1694,0.1767,25,0.6410,0.6667,6,7,6,0,0,7,6,0.1429
8,268.0000,7,18,631.6400,-88.5699,-0.1943,6,0.1538,1.0000,8,8,8,0,0,8,8,0.0000
8,268.0000,7,21,501.3187,-87.8747,0.1566,16,0.4103,0.7143,7,8,7,0,0,8,7,0.1250
8,268.0000,8,4,360.7957,-86.5832,0.1495,33,0.8250,0.4000,5,6,2,0,0,6,2,0.6667
8,268.0000,8,11,343.3136,-86.9410,0.3727,27,0.6750,0.0000,4,4,0,0,0,4,0,1.0000
8,268.0000,8,19,278.6707,-86.2535,0.9920,33,0.8250,0.3333,6,5,1,0,0,5,1,0.8000
8,268.0000,8,23,443.5062,-88.7858,-0.1624,9,0.2250,0.8750,8,6,3,0,0,6,3,0.5000
8,268.0000,8,26,623.0718,-89.4709,0.0909,4,0.1000,1.0000,4,8,8,0,0,8,8,0.0000
8,268.0000,9,5,467.0550,-88.3985,0.1150,8,0.2000,1.0000,6,6,3,0,0,6,3,0.5000
8,268.0000,9,19,530.1616,-88.0967,-0.2389,11,0.2750,1.0000,8,8,8,0,0,8,8,0.0000
8,268.0000,9,23,451.3362,-87.9283,0.2176,22,0.5500,0.7143,7,8,8,0,0,8,8,0.0000
8,268.0000,9,26,340.7434,-85.9604,0.7191,36,0.9000,0.3333,6,5,2,0,0,5,2,0.6000
8,268.0000,10,2,310.0510,-86.7702,1.1144,26,0.6667,0.5714,7,4,0,0,0,4,0,1.0000
8,268.0000,10,6,525.8599,-87.6889,0.1145,17,0.4359,0.6250,8,5,3,0,0,5,3,0.4000
8,268.0000,10,7,310.1611,-85.1979,-0.2086,37,0.9487,0.0000,4,7,5,0,0,7,5,0.2857
8,268.0000,10,16,456.7367,-88.0982,-0.4100,22,0.5641,0.8750,8,7,4,0,0,7,4,0.4286
8,268.0000,10,17,486.9386,-88.6792,0.5592,13,0.3333,0.6667,6,7,5,0,0,7,5,0.2857
8,268.0000,10,18,421.6652,-88.1901,0.1396,12,0.3077,0.8571,7,5,1,0,0,5,1,0.8000
8,268.0000,10,21,658.3286,-88.7540,-0.2585,12,0.3077,0.8571,7,2,2,0,0,2,2,0.0000
8,268.0000,11,4,520.9380,-89.1119,-0.1893,6,0.1500,1.0000,8,8,6,0,0,8,6,0.2500
8,268.0000,11,5,538.7978,-88.8465,-0.0528,11,0.2750,0.8750,8,8,8,0,0,8,8,0.0000
8,268.0000,11,8,343.3136,-86.7525,0.1418,29,0.7250,0.6667,6,5,1,0,0,5,1,0.8000
8,268.0000,11,19,471.6203,-88.6033,0.3267,9,0.2250,1.0000,6,7,5,0,0,7,5,0.2857
8,268.0000,12,1,494.6547,-88.8743,0.0751,15,0.3750,1.0000,8,8,7,0,0,8,7,0.1250
8,268.0000,12,7,577.3844,-87.5332,-1.2898,4,0.1000,1.0000,8,8,7,0,0,8,7,0.1250
8,268.0000,12,13,457.7427,-87.6165,-0.2504,30,0.7500,0.2000,5,7,5,0,0,7,5,0.2857
8,268.0000,12,17,443.1679,-88.4003,0.5212,18,0.4500,1.0000,8,7,4,0,0,7,4,0.4286
8,268.0000,13,12,457.7427,-87.2236,-0.6851,27,0.6750,0.6667,6,8,8,0,0,8,8,0.0000
8,268.0000,14,6,374.4793,-87.2660,0.6279,29,0.7250,0.4286,7,6,2,0,0,6,2,0.6667
8,268.0000,14,20,229.8344,-83.6695,0.8839,40,1.0000,0.0000,4,4,0,0,0,4,0,1.0000
8,268.0000,14,25,648.0786,-88.0627,0.0901,7,0.1750,1.0000,8,4,4,0,0,4,4,0.0000
8,268.0000,15,3,307.1595,-85.4606,0.0627,34,0.8500,0.0000,4,5,1,0,0,5,1,0.8000
8,268.0000,15,4,341.7050,-84.3331,-1.1429,39,0.9750,0.2000,5,7,4,0,0,7,4,0.4286
8,268.0000,15,8,661.8881,-88.4615,-0.6873,12,0.3000,0.8571,7,6,6,0,0,6,6,0.0000
8,268.0000,15,11,698.0698,-89.2700,1.6351,4,0.1000,1.0000,2,4,4,0,0,4,4,0.0000
8,268.0000,16,2,376.5932,-87.3012,-0.2040,27,0.6750,0.4000,5,6,3,0,0,6,3,0.5000
8,268.0000,16,6,598.8144,-88.2909,-0.2844,11,0.2750,0.7143,7,8,8,0,0,8,8,0.0000
8,268.0000,16,10,456.7367,-88.1802,-0.0295,18,0.4500,0.8750,8,7,6,0,0,7,6,0.1429
8,268.0000,16,18,493.9151,-88.8030,0.4367,7,0.1750,1.0000,8,6,3,0,0,6,3,0.5000
8,268.0000,16,24,467.2857,-87.8513,0.0491,9,0.2250,1.0000,8,7,5,0,0,7,5,0.2857
8,268.0000,17,2,605.1774,-89.5846,-0.1285,5,0.1220,1.0000,8,8,8,0,0,8,8,0.0000
8,268.0000,17,7,416.6834,-87.3121,0.1966,23,0.5610,0.4000,5,6,3,0,0,6,3,0.5000
8,268.0000,17,10,486.9386,-88.6391,0.1527,15,0.3659,1.0000,8,8,8,0,0,8,8,0.0000
8,268.0000,17,12,443.1679,-87.8379,0.3178,12,0.2927,0.8571,7,6,4,0,0,6,4,0.3333
8,268.0000,17,18,467.0531,-87.4342,-0.0461,25,0.6098,0.7500,8,7,6,0,0,7,6,0.1429
8,268.0000,18,2,250.3434,-85.5816,0.6273,36,0.9000,0.0000,4,4,0,0,0,4,0,1.0000
8,268.0000,18,7,631.6400,-88.9386,-0.1186,8,0.2000,1.0000,8,2,2,0,0,2,2,0.0000
8,268.0000,18,10,421.6652,-88.3808,0.5611,22,0.5500,0.7143,7,5,1,0,0,5,1,0.8000
8,268.0000,18,16,493.9151,-88.8809,0.5426,5,0.1250,1.0000,4,7,6,0,0,7,6,0.1429
8,268.0000,18,17,467.0531,-87.3406,-0.1099,29,0.7250,0.6667,6,7,6,0,0,7,6,0.1429
8,268.0000,18,24,536.8359,-88.4369,0.6099,4,0.1000,1.0000,6,5,2,0,0,5,2,0.6000
8,268.0000,19,5,547.1214,-88.6283,-0.2467,4,0.1026,1.0000,8,8,7,0,0,8,7,0.1250
8,268.0000,19,8,278.6707,-86.1128,0.5538,32,0.8205,0.3333,6,4,0,0,0,4,0,1.0000
8,268.0000,19,9,530.1616,-88.8690,-0.2944,13,0.3333,0.8571,7,8,7,0,0,8,7,0.1250
8,268.0000,19,11,471.6203,-88.2683,-0.5208,8,0.2051,0.8571,7,7,3,0,0,7,3,0.5714
8,268.0000,19,23,171.6172,-80.8501,-0.4539,39,1.0000,0.2000,5,4,0,0,0,4,0,1.0000
8,268.0000,19,26,348.8447,-87.1030,-0.0013,31,0.7949,0.4000,5,7,3,0,0,7,3,0.5714
8,268.0000,20,6,320.5563,-85.4657,-0.5134,35,0.8974,0.2000,5,6,4,0,0,6,4,0.3333
8,268.0000,20,10,715.7058,-89.0083,0.2771,4,0.1026,1.0000,8,4,4,0,0,4,4,0.0000
8,268.0000,20,14,229.8344,-84.3189,0.5648,39,1.0000,0.0000,4,4,0,0,0,4,0,1.0000
8,268.0000,20,25,446.3499,-86.8868,-0.4835,27,0.6923,0.2000,5,8,8,0,0,8,8,0.0000
8,268.0000,21,1,477.1639,-88.1348,-0.4256,15,0.3750,1.0000,8,7,6,0,0,7,6,0.1429
8,268.0000,21,6,728.8621,-89.5989,0.0189,4,0.1000,1.0000,4,4,4,0,0,4,4,0.0000
8,268.0000,21,7,501.3187,-88.0308,0.1799,18,0.4500,0.5000,6,5,4,0,0,5,4,0.2000
8,268.0000,21,10,658.3286,-88.6301,0.0614,7,0.1750,1.0000,8,6,6,0,0,6,6,0.0000
8,268.0000,21,25,349.2627,-87.1161,-0.0052,28,0.7000,0.2000,5,4,0,0,0,4,0,1.0000
8,268.0000,22,3,558.5072,-88.9510,0.0405,10,0.2500,1.0000,6,8,6,0,0,8,6,0.2500
8,268.0000,22,27,391.9823,-87.3158,-0.1373,26,0.6500,0.7500,8,5,2,0,0,5,2,0.6000
8,268.0000,23,5,606.7585,-88.8451,0.3594,5,0.1250,1.0000,8,7,6,0,0,7,6,0.1429
8,268.0000,23,8,443.5062,-88.2765,0.5896,10,0.2500,0.7143,7,4,0,0,0,4,0,1.0000
8,268.0000,23,9,451.3362,-88.4493,-0.3499,19,0.4750,0.7143,7,7,6,0,0,7,6,0.1429
8,268.0000,23,19,171.6172,-80.6005,0.7405,40,1.0000,0.0000,4,4,0,0,0,4,0,1.0000
8,268.0000,23,26,188.5425,-81.6694,0.2333,40,1.0000,0.0000,4,4,0,0,0,4,0,1.0000
8,268.0000,24,2,443.3512,-87.9165,-0.0353,12,0.3000,0.7143,7,7,6,0,0,7,6,0.1429
8,268.0000,24,16,467.2857,-88.7892,-0.0740,7,0.1750,0.7500,8,6,4,0,0,6,4,0.3333
8,268.0000,24,18,536.8359,-88.8972,-1.0371,4,0.1000,1.0000,8,8,8,0,0,8,8,0.0000
8,268.0000,24,22,664.0480,-88.6146,-0.3293,7,0.1750,0.8333,6,2,2,0,0,2,2,0.0000
8,268.0000,24,27,451.9229,-87.2597,-0.4736,27,0.6750,0.2000,5,7,6,0,0,7,6,0.1429
8,268.0000,25,6,555.7208,-89.0345,-0.0390,8,0.2000,0.7143,7,8,8,0,0,8,8,0.0000
8,268.0000,25,10,646.4755,-89.5398,0.3810,3,0.0750,1.0000,8,8,7,0,0,8,7,0.1250
8,268.0000,25,14,648.0786,-88.8182,-0.0065,9,0.2250,0.8571,7,2,2,0,0,2,2,0.0000
8,268.0000,25,20,446.3499,-86.9657,-0.6102,25,0.6250,0.2000,5,6,4,0,0,6,4,0.3333
8,268.0000,25,21,349.2627,-87.5138,0.6534,23,0.5750,0.2000,5,4,0,0,0,4,0,1.0000
8,268.0000,26,9,340.7434,-87.1839,-0.0027,37,0.9250,0.4000,5,5,1,0,0,5,1,0.8000
8,268.0000,26,19,348.8447,-86.3140,0.5274,33,0.8250,0.6667,6,6,3,0,0,6,3,0.5000
8,268.0000,26,23,188.5425,-81.8760,0.2589,39,0.9750,0.0000,4,5,2,0,0,5,2,0.6000
8,268.0000,27,22,391.9823,-87.1272,0.3091,26,0.6500,0.4286,7,6,3,0,0,6,3,0.5000
8,268.0000,27,24,451.9229,-86.6013,-0.8506,27,0.6750,0.5000,6,8,8,0,0,8,8,0.0000
8,272.0000,1,7,630.7421,-89.1978,3.5436,3,0.0750,1.0000,4,8,8,0,0,8,8,0.0000
8,272.0000,1,12,445.9900,-87.9537,0.1387,21,0.5250,0.7143,7,7,5,0,0,7,5,0.2857
8,272.0000,1,21,499.3577,-88.5770,-0.1552,15,0.3750,0.7143,7,8,8,0,0,8,8,0.0000
8,272.0000,2,7,570.6387,-89.4764,0.1006,9,0.2250,1.0000,8,8,8,0,0,8,8,0.0000
8,272.0000,2,10,159.4893,-82.9181,1.4675,39,0.9750,0.0000,4,5,0,0,0,5,0,1.0000
8,272.0000,2,16,416.6312,-87.5917,-0.0910,26,0.6500,0.5714,7,8,7,0,0,8,7,0.1250
8,272.0000,2,17,586.5751,-89.1364,0.1725,8,0.2000,0.8571,7,8,7,0,0,8,7,0.1250
8,272.0000,2,18,211.0161,-82.7281,0.4765,40,1.0000,0.0000,4,4,0,0,0,4,0,1.0000
8,272.0000,2,24,425.2850,-87.7148,0.3237,28,0.7000,0.3333,6,6,3,0,0,6,3,0.5000
8,272.0000,3,4,460.7908,-87.7788,-0.5543,19,0.4634,0.7143,7,8,6,0,0,8,6,0.2500
8,272.0000,3,15,426.4499,-86.2370,-0.2336,30,0.7317,0.0000,4,9,6,0,0,9,6,0.3333
8,272.0000,3,22,578.2950,-89.3931,0.2082,3,0.0732,0.8750,8,8,8,0,0,8,8,0.0000
8,272.0000,4,3,460.7908,-87.6951,0.7711,15,0.3750,0.7143,7,8,8,0,0,8,8,0.0000
8,272.0000,4,8,364.8242,-86.6003,-0.2944,29,0.7250,0.7143,7,5,1,0,0,5,1,0.8000
8,272.0000,4,11,392.6227,-87.3598,0.5958,29,0.7250,0.8750,8,5,1,0,0,5,1,0.8000
8,272.0000,4,15,514.7923,-87.3280,-0.5825,21,0.5250,0.8571,7,8,8,0,0,8,8,0.0000
8,272.0000,4,19,499.7901,-88.5237,0.1328,13,0.3250,1.0000,6,7,5,0,0,7,5,0.2857
8,272.0000,4,23,609.4951,-88.5689,0.7069,3,0.0750,1.0000,4,8,7,0,0,8,7,0.1250
8,272.0000,5,8,608.4789,-88.9755,-0.1587,4,0.1000,1.0000,4,8,8,0,0,8,8,0.0000
8,272.0000,5,9,373.9140,-87.8767,0.2119,26,0.6500,0.5714,7,5,1,0,0,5,1,0.8000
8,272.0000,5,11,588.5178,-88.3513,-0.8316,7,0.1750,1.0000,8,7,6,0,0,7,6,0.1429
8,272.0000,5,19,524.5993,-88.5148,0.0671,18,0.4500,1.0000,8,8,8,0,0,8,8,0.0000
8,272.0000,5,23,614.9146,-89.0055,-0.3542,6,0.1500,1.0000,8,4,4,0,0,4,4,0.0000
8,272.0000,5,26,633.5279,-88.8943,-0.1099,3,0.0750,0.8000,5,6,6,0,0,6,6,0.0000
8,272.0000,6,7,631.6513,-89.7557,0.0182,3,0.0750,1.0000,8,8,8,0,0,8,8,0.0000
8,272.0000,6,10,650.9958,-88.8893,-0.2421,3,0.0750,1.0000,8,6,6,0,0,6,6,0.0000
8,272.0000,6,14,289.0184,-86.2841,0.3265,32,0.8000,0.2000,5,4,0,0,0,4,0,1.0000
8,272.0000,6,20,339.0857,-85.6379,-0.2409,34,0.8500,0.0000,4,4,0,0,0,4,0,1.0000
8,272.0000,6,25,664.8731,-88.8375,0.1586,6,0.1500,0.8750,8,2,2,0,0,2,2,0.0000
8,272.0000,7,1,630.7421,-89.2179,0.2552,5,0.1250,0.8333,6,8,8,0,0,8,8,0.0000
8,272.0000,7,2,570.6387,-88.6573,0.3991,11,0.2750,1.0000,8,8,8,0,0,8,8,0.0000
8,272.0000,7,6,631.6513,-89.1885,-0.0023,3,0.0750,1.0000,8,6,6,0,0,6,6,0.0000
8,272.0000,7,10,420.3743,-86.7892,-0.2781,33,0.8250,0.3333,6,7,6,0,0,7,6,0.1429
8,272.0000,7,12,530.2590,-88.1447,0.0042,10,0.2500,1.0000,8,8,7,0,0,8,7,0.1250
8,272.0000,7,17,436.4062,-87.6462,-0.5252,22,0.5500,0.8571,7,7,6,0,0,7,6,0.1429
8,272.0000,7,21,528.2825,-88.7791,-0.1232,19,0.4750,0.8750,8,8,8,0,0,8,8,0.0000
8,272.0000,7,25,564.6183,-88.6277,-0.1034,11,0.2750,1.0000,6,8,8,0,0,8,8,0.0000
8,272.0000,8,4,364.8242,-86.7713,0.1827,32,0.8000,0.3333,6,6,3,0,0,6,3,0.5000
8,272.0000,8,5,608.4789,-88.7691,-0.4065,6,0.1500,1.0000,8,4,4,0,0,4,4,0.0000
8,272.0000,8,11,281.2169,-85.0788,0.2598,37,0.9250,0.0000,4,5,1,0,0,5,1,0.8000
8,272.0000,8,19,233.5622,-83.1702,0.6679,38,0.9500,0.2000,5,4,0,0,0,4,0,1.0000
8,272.0000,8,23,341.4097,-86.9599,0.0944,25,0.6250,0.5000,6,7,2,0,0,7,2,0.7143
8,272.0000,8,26,505.3763,-88.3963,0.2525,11,0.2750,1.0000,8,8,7,0,0,8,7,0.1250
8,272.0000,9,5,373.9140,-88.1296,0.3093,26,0.6500,0.5000,6,5,1,0,0,5,1,0.8000
8,272.0000,9,19,491.4219,-88.3766,-0.1514,13,0.3250,1.0000,8,7,6,0,0,7,6,0.1429
8,272.0000,9,23,430.4818,-87.8696,-0.5594,22,0.5500,1.0000,8,6,3,117,75,123,78,0.3659
8,272.0000,9,26,338.5424,-86.7818,-0.4273,30,0.7500,0.4000,5,5,1,0,0,5,1,0.8000
8,272.0000,10,2,159.4893,-83.7282,1.2883,40,0.9756,0.0000,4,4,0,0,0,4,0,1.0000
8,272.0000,10,6,650.9958,-87.9986,0.4633,4,0.0976,0.6000,5,4,4,0,0,4,4,0.0000
8,272.0000,10,7,420.3743,-86.7065,-0.1662,31,0.7561,0.7143,7,8,8,0,0,8,8,0.0000
8,272.0000,10,16,431.3848,-88.3589,-0.1766,18,0.4390,0.5714,7,7,5,0,0,7,5,0.2857
8,272.0000,10,17,516.0276,-88.4015,-0.3878,15,0.3659,0.7143,7,7,5,0,0,7,5,0.2857
8,272.0000,10,18,314.2206,-86.5901,0.8172,30,0.7317,0.2000,5,4,0,0,0,4,0,1.0000
8,272.0000,11,4,392.6227,-87.2460,0.6484,20,0.5000,0.7500,8,5,2,0,0,5,2,0.6000
8,272.0000,11,5,588.5178,-88.6030,-0.1434,9,0.2250,1.0000,8,8,8,0,0,8,8,0.0000
8,272.0000,11,8,281.2169,-85.6673,0.3187,37,0.9250,0.2000,5,4,0,0,0,4,0,1.0000
8,272.0000,11,19,303.3395,-86.8499,0.1672,27,0.6750,0.7143,7,5,1,0,0,5,1,0.8000
8,272.0000,11,23,512.6017,-88.3198,-0.1526,5,0.1250,1.0000,8,8,8,0,0,8,8,0.0000
8,272.0000,12,1,445.9900,-87.7070,0.7762,17,0.4250,0.8750,8,4,0,0,0,4,0,1.0000
8,272.0000,12,7,530.2590,-88.6653,0.3381,10,0.2500,0.8750,8,6,4,0,0,6,4,0.3333
8,272.0000,12,13,603.1040,-88.3417,0.0357,10,0.2500,0.7143,7,6,6,0,0,6,6,0.0000
8,272.0000,12,17,300.3439,-87.0797,0.1880,31,0.7750,0.5714,7,4,0,0,0,4,0,1.0000
8,272.0000,13,12,603.1040,-88.3511,-1.1897,12,0.3000,1.0000,8,2,2,0,0,2,2,0.0000
8,272.0000,14,6,289.0184,-86.5524,0.0304,29,0.7250,0.3333,6,4,0,0,0,4,0,1.0000
8,272.0000,14,20,183.9875,-82.5816,0.4610,40,1.0000,0.0000,4,5,1,0,0,5,1,0.8000
8,272.0000,15,3,426.4499,-86.7466,-1.0006,31,0.7750,0.2000,5,8,7,0,0,8,7,0.1250
8,272.0000,15,4,514.7923,-87.6052,-0.1109,23,0.5750,0.5714,7,8,8,0,0,8,8,0.0000
8,272.0000,16,2,416.6312,-87.3953,-0.2274,32,0.8000,0.5000,6,6,4,0,0,6,4,0.3333
8,272.0000,16,6,686.4643,-89.6850,-0.1659,3,0.0750,1.0000,8,3,2,0,0,3,2,0.3333
8,272.0000,16,10,431.3848,-87.4882,0.4051,26,0.6500,0.8571,7,6,3,0,0,6,3,0.5000
8,272.0000,16,18,383.6716,-87.5913,0.2757,29,0.7250,0.5000,6,4,0,0,0,4,0,1.0000
8,272.0000,16,24,349.7344,-87.5885,0.1633,25,0.6250,0.7143,7,5,1,0,0,5,1,0.8000
8,272.0000,17,2,586.5751,-88.9665,-0.1803,6,0.1538,1.0000,8,6,6,0,0,6,6,0.0000
8,272.0000,17,7,436.4062,-87.6636,-0.0903,27,0.6923,0.5000,6,5,2,0,0,5,2,0.6000
8,272.0000,17,10,516.0276,-87.8875,0.1348,11,0.2821,1.0000,8,8,8,0,0,8,8,0.0000
8,272.0000,17,12,300.3439,-86.1505,0.1757,31,0.7949,0.6667,6,4,0,0,0,4,0,1.0000
8,272.0000,17,18,603.6862,-89.0227,-0.0868,13,0.3333,0.8571,7,8,8,0,0,8,8,0.0000
8,272.0000,18,2,211.0161,-83.0423,-0.0241,40,1.0000,0.0000,4,4,0,0,0,4,0,1.0000
8,272.0000,18,10,314.2206,-86.9347,0.6336,30,0.7500,0.2000,5,4,0,0,0,4,0,1.0000
8,272.0000,18,16,383.6716,-87.6787,0.1587,27,0.6750,0.8571,7,5,1,0,0,5,1,0.8000
8,272.0000,18,17,603.6862,-88.9079,0.0700,14,0.3500,0.8571,7,4,4,0,0,4,4,0.0000
8,272.0000,18,24,386.8129,-87.8391,0.4130,22,0.5500,0.4000,5,4,0,0,0,4,0,1.0000
8,272.0000,19,4,499.7901,-88.6661,-0.1744,9,0.2195,1.0000,8,7,4,0,0,7,4,0.4286
8,272.0000,19,5,524.5993,-88.9802,-0.0015,12,0.2927,0.8750,8,8,8,0,0,8,8,0.0000
8,272.0000,19,8,233.5622,-83.9310,0.5802,41,1.0000,0.0000,4,4,0,0,0,4,0,1.0000
8,272.0000,19,9,491.4219,-88.2179,0.0050,17,0.4146,0.8750,8,7,4,0,0,7,4,0.4286
8,272.0000,19,11,303.3395,-86.7789,0.6601,30,0.7317,0.4286,7,4,0,0,0,4,0,1.0000
8,272.0000,19,23,217.7915,-81.3511,-1.0547,40,0.9756,0.0000,4,4,0,0,0,4,0,1.0000
8,272.0000,19,26,390.7409,-87.1620,-0.1586,32,0.7805,0.4286,7,6,4,0,0,6,4,0.3333
8,272.0000,20,6,339.0857,-85.5329,0.0724,34,0.8293,0.6667,6,7,4,0,0,7,4,0.4286
8,272.0000,20,14,183.9875,-82.2280,0.4371,41,1.0000,0.0000,4,4,0,0,0,4,0,1.0000
8,272.0000,20,25,578.1234,-87.8363,-0.6993,19,0.4634,1.0000,8,8,8,0,0,8,8,0.0000
8,272.0000,21,1,499.3577,-88.5590,0.0555,18,0.4500,0.8571,7,8,8,0,0,8,8,0.0000
8,272.0000,21,7,528.2825,-88.2631,0.3609,15,0.3750,0.8000,5,8,8,0,0,8,8,0.0000
8,272.0000,21,25,258.3509,-85.1765,0.6632,35,0.8750,0.0000,4,4,0,0,0,4,0,1.0000
8,272.0000,22,3,578.2950,-88.3554,0.3545,10,0.2500,0.7500,8,8,8,0,0,8,8,0.0000
8,272.0000,22,27,364.3121,-86.9484,0.1179,27,0.6750,0.4000,5,7,4,0,0,7,4,0.4286
8,272.0000,23,4,609.4951,-88.7059,0.0169,6,0.1500,1.0000,8,8,7,0,0,8,7,0.1250
8,272.0000,23,5,614.9146,-88.8935,1.1494,4,0.1000,0.8571,7,8,8,0,0,8,8,0.0000
8,272.0000,23,8,341.4097,-86.6223,0.5700,29,0.7250,0.0000,4,5,1,70,18,75,19,0.7467
8,272.0000,23,9,430.4818,-87.5285,0.0859,22,0.5500,0.8571,7,5,2,0,0,5,2,0.6000
8,272.0000,23,11,512.6017,-88.6658,0.2792,9,0.2250,1.0000,8,7,6,0,0,7,6,0.1429
8,272.0000,23,19,217.7915,-81.2595,-0.7046,38,0.9500,0.0000,4,4,0,0,0,4,0,1.0000
8,272.0000,23,26,195.9544,-81.0769,0.1046,40,1.0000,0.0000,4,4,0,0,0,4,0,1.0000
8,272.0000,24,2,425.2850,-87.6622,-0.0735,17,0.4250,0.8571,7,8,5,0,0,8,5,0.3750
8,272.0000,24,10,543.0407,-88.6671,0.6889,7,0.1750,,0,8,8,0,0,8,8,0.0000
8,272.0000,24,16,349.7344,-88.2013,0.3164,24,0.6000,0.6667,6,4,0,0,0,4,0,1.0000
8,272.0000,24,18,386.8129,-87.8761,-0.1640,17,0.4250,1.0000,8,5,1,0,0,5,1,0.8000
8,272.0000,24,27,614.7810,-88.9811,-0.4647,10,0.2500,0.8571,7,4,4,0,0,4,4,0.0000
8,272.0000,25,6,664.8731,-89.0234,0.5649,5,0.1250,1.0000,8,2,2,0,0,2,2,0.0000
8,272.0000,25,20,578.1234,-88.3906,-0.2372,17,0.4250,0.6667,6,7,6,0,0,7,6,0.1429
8,272.0000,25,21,258.3509,-85.1946,0.1348,39,0.9750,0.0000,4,4,0,0,0,4,0,1.0000
8,272.0000,26,8,505.3763,-88.1612,0.3205,8,0.2000,1.0000,8,7,5,0,0,7,5,0.2857
8,272.0000,26,9,338.5424,-86.3407,-0.0974,31,0.7750,0.2000,5,6,3,0,0,6,3,0.5000
8,272.0000,26,13,636.4145,-89.3302,-0.3099,4,0.1000,,0,8,8,0,0,8,8,0.0000
8,272.0000,26,19,390.7409,-86.4770,-0.2504,26,0.6500,0.5000,6,5,1,0,0,5,1,0.8000
8,272.0000,26,23,195.9544,-80.6964,-0.0520,40,1.0000,0.4000,5,4,0,0,0,4,0,1.0000
8,272.0000,27,22,364.3121,-87.4677,0.2819,27,0.6585,0.5000,6,5,1,0,0,5,1,0.8000
8,272.0000,27,24,614.7810,-88.5037,0.4768,10,0.2439,1.0000,8,8,8,0,0,8,8,0.0000
8,276.0000,1,7,599.1691,-88.7937,-0.0467,7,0.1795,1.0000,8,8,8,0,0,8,8,0.0000
8,276.0000,1,12,420.6238,-87.9179,0.1660,23,0.5897,0.7143,7,7,6,0,0,7,6,0.1429
8,276.0000,1,17,563.0399,-88.7752,-0.8317,4,0.1026,1.0000,6,7,6,0,0,7,6,0.1429
8,276.0000,1,21,564.6691,-88.5831,-0.0043,13,0.3333,1.0000,8,8,8,0,0,8,8,0.0000
8,276.0000,2,7,537.9839,-88.6500,0.3901,7,0.1750,1.0000,8,8,7,0,0,8,7,0.1250
8,276.0000,2,10,89.1922,-75.5211,1.6153,40,1.0000,0.0000,5,4,0,0,0,4,0,1.0000
8,276.0000,2,16,493.7978,-88.4167,-0.2820,23,0.5750,0.8750,8,8,8,0,0,8,8,0.0000
8,276.0000,2,17,571.0281,-88.4460,0.0245,4,0.1000,0.8750,8,8,8,0,0,8,8,0.0000
8,276.0000,2,18,281.7856,-84.2142,-0.2090,40,1.0000,0.0000,4,6,3,0,0,6,3,0.5000
8,276.0000,2,24,413.7010,-87.5750,0.0556,24,0.6000,0.5000,6,8,6,0,0,8,6,0.2500
8,276.0000,2,25,819.3148,-89.8291,0.0063,3,0.0750,,0,4,4,0,0,4,4,0.0000
8,276.0000,3,4,507.6772,-88.1890,0.0515,21,0.5250,0.7500,8,8,7,0,0,8,7,0.1250
8,276.0000,3,15,587.8123,-88.5515,0.0295,13,0.3250,0.6667,9,6,6,0,0,6,6,0.0000
8,276.0000,4,3,507.6772,-88.3664,-0.1458,19,0.4750,1.0000,8,8,8,0,0,8,8,0.0000
8,276.0000,4,8,378.8316,-87.5954,-0.0523,30,0.7500,0.2000,5,6,4,0,0,6,4,0.3333
8,276.0000,4,11,243.3006,-85.1413,1.0165,33,0.8250,0.2000,5,4,0,0,0,4,0,1.0000
8,276.0000,4,15,697.6987,-88.0080,-0.5080,4,0.1000,1.0000,8,2,2,0,0,2,2,0.0000
8,276.0000,4,19,409.0445,-87.7582,0.6316,16,0.4000,0.7143,7,5,2,0,0,5,2,0.6000
8,276.0000,4,23,489.2060,-88.6028,0.1787,11,0.2750,0.8750,8,8,8,0,0,8,8,0.0000
8,276.0000,5,8,573.0473,-88.7516,0.5741,5,0.1250,1.0000,8,8,8,0,0,8,8,0.0000
8,276.0000,5,9,331.9716,-86.4941,0.2035,26,0.6500,0.2000,5,7,4,0,0,7,4,0.4286
8,276.0000,5,11,661.7798,-88.9396,-0.5156,4,0.1000,0.8571,7,6,6,0,0,6,6,0.0000
8,276.0000,5,19,594.5781,-88.4991,0.2213,13,0.3250,1.0000,8,8,8,0,0,8,8,0.0000
8,276.0000,5,23,667.9669,-89.2023,-0.9817,5,0.1250,1.0000,4,4,4,0,0,4,4,0.0000
8,276.0000,5,26,665.9535,-88.9545,0.1768,3,0.0750,1.0000,6,8,8,0,0,8,8,0.0000
8,276.0000,6,7,717.6102,-89.2706,-0.2988,5,0.1250,1.0000,8,4,4,0,0,4,4,0.0000
8,276.0000,6,14,195.4504,-83.1176,1.0507,40,1.0000,0.0000,4,4,0,0,0,4,0,1.0000
8,276.0000,6,20,333.1562,-86.2607,0.1421,38,0.9500,0.0000,4,4,0,0,0,4,0,1.0000
8,276.0000,7,1,599.1691,-89.1569,0.4398,7,0.1750,1.0000,8,8,8,0,0,8,8,0.0000
8,276.0000,7,2,537.9839,-88.6468,0.1586,12,0.3000,1.0000,8,7,6,0,0,7,6,0.1429
8,276.0000,7,6,717.6102,-88.5680,0.1360,3,0.0750,1.0000,6,4,4,0,0,4,4,0.0000
8,276.0000,7,10,550.6767,-87.6649,-0.4465,14,0.3500,0.8571,7,8,7,0,0,8,7,0.1250
8,276.0000,7,12,479.4792,-88.1399,-0.4193,9,0.2250,0.8750,8,8,7,0,0,8,7,0.1250
8,276.0000,7,17,448.8941,-87.7601,-0.0465,18,0.4500,0.8571,7,7,4,0,0,7,4,0.4286
8,276.0000,7,21,561.8988,-88.6425,0.1571,12,0.3000,1.0000,8,8,8,0,0,8,8,0.0000
8,276.0000,7,25,534.5090,-88.9629,-0.1444,13,0.3250,1.0000,8,8,7,0,0,8,7,0.1250
8,276.0000,8,4,378.8316,-87.0163,0.0044,24,0.6000,0.5000,6,6,3,0,0,6,3,0.5000
8,276.0000,8,5,573.0473,-89.2207,0.0650,4,0.1000,1.0000,4,8,8,0,0,8,8,0.0000
8,276.0000,8,9,424.3761,-87.8342,0.4104,18,0.4500,0.8750,8,6,3,0,0,6,3,0.5000
8,276.0000,8,11,255.2401,-83.7213,0.7354,37,0.9250,0.2000,5,4,0,0,0,4,0,1.0000
8,276.0000,8,13,699.3079,-88.9315,0.6777,4,0.1000,,0,6,6,0,0,6,6,0.0000
8,276.0000,8,19,323.9659,-84.0479,-1.0454,37,0.9250,0.0000,4,5,2,0,0,5,2,0.6000
8,276.0000,8,23,299.8909,-85.8878,0.6572,31,0.7750,0.2857,7,5,3,0,0,5,3,0.4000
8,276.0000,8,26,425.3048,-87.9615,0.1396,22,0.5500,0.8750,8,7,4,0,0,7,4,0.4286
8,276.0000,9,5,331.9716,-86.2800,0.3688,27,0.6750,0.2000,5,4,0,0,0,4,0,1.0000
8,276.0000,9,8,424.3761,-88.0987,0.2197,9,0.2250,0.7500,8,5,2,48,20,53,22,0.5849
8,276.0000,9,13,611.8634,-88.9188,0.0600,6,0.1500,1.0000,6,8,8,0,0,8,8,0.0000
8,276.0000,9,19,480.2036,-88.3562,0.2915,19,0.4750,0.8571,7,5,4,0,0,5,4,0.2000
8,276.0000,9,23,403.8890,-87.9926,-0.0686,20,0.5000,0.6341,123,8,7,12,6,20,13,0.3500
8,276.0000,9,26,341.9242,-85.7830,0.2088,29,0.7250,0.2000,5,5,1,0,0,5,1,0.8000
8,276.0000,10,2,89.1922,-75.6572,2.3462,39,0.9750,0.0000,4,4,0,0,0,4,0,1.0000
8,276.0000,10,7,550.6767,-88.2151,0.1632,18,0.4500,1.0000,8,8,8,0,0,8,8,0.0000
8,276.0000,10,16,414.6474,-87.6550,0.1134,28,0.7000,0.7143,7,5,2,0,0,5,2,0.6000
8,276.0000,10,17,587.2574,-88.7207,0.0625,5,0.1250,0.7143,7,8,8,0,0,8,8,0.0000
8,276.0000,10,18,222.1713,-84.9603,1.1695,37,0.9250,0.0000,4,4,0,0,0,4,0,1.0000
8,276.0000,10,24,377.5992,-87.8014,0.1913,22,0.5500,0.8750,8,4,0,0,0,4,0,1.0000
8,276.0000,11,4,243.3006,-85.5875,1.2366,32,0.8000,0.4000,5,4,0,0,0,4,0,1.0000
8,276.0000,11,5,661.7798,-89.1965,-0.4358,4,0.1000,1.0000,8,8,8,0,0,8,8,0.0000
8,276.0000,11,8,255.2401,-84.4668,0.0476,37,0.9250,0.0000,4,4,0,14,5,18,5,0.7222
8,276.0000,11,9,597.0436,-88.7458,0.1217,7,0.1750,,0,8,7,0,0,8,7,0.1250
8,276.0000,11,19,252.3782,-84.4957,-0.1324,39,0.9750,0.2000,5,5,2,0,0,5,2,0.6000
8,276.0000,11,23,428.1613,-88.4730,0.5466,23,0.5750,1.0000,8,6,4,0,0,6,4,0.3333
8,276.0000,12,1,420.6238,-87.2560,-0.2717,22,0.5500,0.0000,4,8,5,0,0,8,5,0.3750
8,276.0000,12,7,479.4792,-88.5534,0.2967,14,0.3500,0.6667,6,7,5,0,0,7,5,0.2857
8,276.0000,12,17,171.2718,-83.0426,1.2683,40,1.0000,0.0000,4,4,0,0,0,4,0,1.0000
8,276.0000,13,9,611.8634,-89.1632,-0.3444,3,0.0750,1.0000,8,8,8,0,0,8,8,0.0000
8,276.0000,13,26,578.0820,-88.9685,0.5963,5,0.1250,1.0000,6,8,8,0,0,8,8,0.0000
8,276.0000,14,6,195.4504,-83.2219,0.8795,39,0.9750,0.0000,4,4,0,0,0,4,0,1.0000
8,276.0000,14,20,210.6014,-82.0530,-0.1743,40,1.0000,0.2000,5,4,0,0,0,4,0,1.0000
8,276.0000,15,3,587.8123,-88.6117,0.1588,15,0.3750,0.8750,8,6,6,0,0,6,6,0.0000
8,276.0000,15,4,697.6987,-88.2715,-0.4572,3,0.0750,1.0000,8,2,2,0,0,2,2,0.0000
8,276.0000,15,22,536.4055,-88.6817,-0.1238,8,0.2000,1.0000,8,8,8,0,0,8,8,0.0000
8,276.0000,16,2,493.7978,-88.0122,-0.1854,18,0.4500,0.6667,6,8,7,0,0,8,7,0.1250
8,276.0000,16,10,414.6474,-87.3532,0.1537,22,0.5500,0.5000,6,7,6,0,0,7,6,0.1429
8,276.0000,16,18,296.1151,-86.8021,0.2056,33,0.8250,0.0000,4,4,0,0,0,4,0,1.0000
8,276.0000,16,24,291.1378,-85.5515,0.4650,35,0.8750,0.2000,5,4,0,0,0,4,0,1.0000
8,276.0000,17,1,563.0399,-88.7415,0.4365,7,0.1750,1.0000,6,7,6,0,0,7,6,0.1429
8,276.0000,17,2,571.0281,-88.6167,-0.2196,5,0.1250,1.0000,6,7,6,0,0,7,6,0.1429
8,276.0000,17,7,448.8941,-87.3645,-0.2628,17,0.4250,0.4000,5,8,7,0,0,8,7,0.1250
8,276.0000,17,10,587.2574,-88.6991,0.0903,7,0.1750,1.0000,8,8,8,0,0,8,8,0.0000
8,276.0000,17,12,171.2718,-83.3648,0.7983,40,1.0000,0.0000,4,4,0,0,0,4,0,1.0000
8,276.0000,18,2,281.7856,-83.6231,-0.1261,39,0.9750,0.0000,4,7,2,0,0,7,2,0.7143
8,276.0000,18,10,222.1713,-84.1408,0.8432,38,0.9500,0.0000,4,4,0,0,0,4,0,1.0000
8,276.0000,18,16,296.1151,-86.2983,0.2348,32,0.8000,0.2000,5,4,0,0,0,4,0,1.0000
8,276.0000,18,24,257.6078,-85.9076,0.2857,34,0.8500,0.0000,4,4,0,0,0,4,0,1.0000
8,276.0000,19,4,409.0445,-87.7430,0.6546,26,0.6500,0.5714,7,4,1,0,0,4,1,0.7500
8,276.0000,19,5,594.5781,-89.0745,-0.3566,6,0.1500,1.0000,8,8,8,0,0,8,8,0.0000
8,276.0000,19,8,323.9659,-84.3846,-0.1189,39,0.9750,0.0000,4,7,5,0,0,7,5,0.2857
8,276.0000,19,9,480.2036,-88.2295,0.2137,10,0.2500,0.5714,7,7,5,0,0,7,5,0.2857
8,276.0000,19,11,252.3782,-84.5120,0.3556,39,0.9750,0.0000,4,6,3,0,0,6,3,0.5000
8,276.0000,19,23,304.0520,-84.6673,-0.1869,38,0.9500,0.0000,4,6,2,0,0,6,2,0.6667
8,276.0000,19,26,489.4872,-88.0535,0.3885,23,0.5750,0.6667,6,8,8,0,0,8,8,0.0000
8,276.0000,20,6,333.1562,-86.6806,-0.0216,35,0.8750,0.5714,7,5,1,0,0,5,1,0.8000
8,276.0000,20,14,210.6014,-81.2876,-0.4662,40,1.0000,0.0000,4,4,0,0,0,4,0,1.0000
8,276.0000,20,25,706.4774,-88.9204,0.1387,4,0.1000,1.0000,8,4,4,0,0,4,4,0.0000
8,276.0000,21,1,564.6691,-88.5011,-0.3846,12,0.3000,1.0000,8,8,8,0,0,8,8,0.0000
8,276.0000,21,7,561.8988,-88.5157,-0.1494,13,0.3250,1.0000,8,8,8,0,0,8,8,0.0000
8,276.0000,21,25,223.5867,-82.9572,0.5147,40,1.0000,0.0000,4,4,0,0,0,4,0,1.0000
8,276.0000,22,3,603.4927,-88.8178,-0.6548,8,0.2000,1.0000,8,8,8,0,0,8,8,0.0000
8,276.0000,22,15,536.4055,-88.9747,0.0679,7,0.1750,1.0000,8,7,6,0,0,7,6,0.1429
8,276.0000,22,27,339.7738,-86.6547,-0.3160,35,0.8750,0.5714,7,6,2,0,0,6,2,0.6667
8,276.0000,23,4,489.2060,-88.7405,0.7415,11,0.2750,0.8750,8,7,5,0,0,7,5,0.2857
8,276.0000,23,8,299.8909,-85.3039,0.0995,34,0.8500,0.2533,75,5,2,10,3,15,5,0.6667
8,276.0000,23,9,403.8890,-87.3809,-0.0913,24,0.6000,0.4000,5,5,2,0,0,5,2,0.6000
8,276.0000,23,11,428.1613,-88.0398,0.1649,16,0.4000,0.8571,7,7,4,0,0,7,4,0.4286
8,276.0000,23,19,304.0520,-84.2635,-0.2885,39,0.9750,0.0000,4,4,0,0,0,4,0,1.0000
8,276.0000,23,26,216.2163,-82.0946,-0.6599,40,1.0000,0.0000,4,4,0,0,0,4,0,1.0000
8,276.0000,24,2,413.7010,-87.4153,0.7379,23,0.5750,0.6250,8,7,6,0,0,7,6,0.1429
8,276.0000,24,10,377.5992,-87.7938,0.5982,14,0.3500,1.0000,8,6,3,0,0,6,3,0.5000
8,276.0000,24,16,291.1378,-86.1444,0.5868,32,0.8000,0.0000,4,4,0,0,0,4,0,1.0000
8,276.0000,24,18,257.6078,-85.0405,0.9683,34,0.8500,0.2000,5,4,0,0,0,4,0,1.0000
8,276.0000,25,7,534.5090,-88.4859,0.3460,15,0.3750,0.8571,7,8,8,0,0,8,8,0.0000
8,276.0000,25,20,706.4774,-88.6736,0.0597,6,0.1500,0.8571,7,2,2,0,0,2,2,0.0000
8,276.0000,25,21,223.5867,-83.3290,0.7465,38,0.9500,0.0000,4,4,0,0,0,4,0,1.0000
8,276.0000,26,8,425.3048,-87.6857,0.1244,23,0.5750,0.7143,7,6,3,0,0,6,3,0.5000
8,276.0000,26,9,341.9242,-86.1331,0.1609,36,0.9000,0.5000,6,6,2,0,0,6,2,0.6667
8,276.0000,26,11,615.8933,-89.1753,-0.1092,4,0.1000,0.8000,5,8,8,0,0,8,8,0.0000
8,276.0000,26,19,489.4872,-88.0852,-0.4650,22,0.5500,0.2000,5,8,8,0,0,8,8,0.0000
8,276.0000,26,23,216.2163,-82.6007,0.0665,39,0.9750,0.0000,4,5,1,0,0,5,1,0.8000
8,276.0000,27,22,339.7738,-86.6513,0.3191,33,0.8250,0.2000,5,4,0,0,0,4,0,1.0000
8,280.0000,1,7,573.3193,-88.7822,-0.0912,8,0.1951,1.0000,8,7,6,0,0,7,6,0.1429
8,280.0000,1,12,439.7150,-87.1273,-0.0587,26,0.6341,0.8571,7,7,6,0,0,7,6,0.1429
8,280.0000,1,17,434.8352,-88.1168,0.2384,16,0.3902,0.8571,7,7,5,0,0,7,5,0.2857
8,280.0000,1,21,648.2380,-88.4606,-1.3810,3,0.0732,1.0000,8,8,8,0,0,8,8,0.0000
8,280.0000,1,25,631.3052,-89.1541,1.1955,4,0.0976,1.0000,8,8,8,0,0,8,8,0.0000
8,280.0000,2,7,524.1892,-88.8297,0.5017,8,0.2000,0.8750,8,8,7,0,0,8,7,0.1250
8,280.0000,2,10,219.4931,-78.0372,-2.0093,39,0.9750,0.0000,4,4,1,0,0,4,1,0.7500
8,280.0000,2,12,469.8478,-88.3103,0.2559,11,0.2750,1.0000,6,6,3,0,0,6,3,0.5000
8,280.0000,2,16,598.1548,-88.3316,0.0562,10,0.2500,1.0000,8,4,4,0,0,4,4,0.0000
8,280.0000,2,17,554.8008,-88.3381,0.6064,6,0.1500,1.0000,8,8,8,0,0,8,8,0.0000
8,280.0000,2,18,364.4815,-85.6162,-0.2154,37,0.9250,0.5000,6,6,4,0,0,6,4,0.3333
8,280.0000,2,24,398.8631,-87.4232,0.3845,26,0.6500,0.7500,8,6,4,0,0,6,4,0.3333
8,280.0000,3,4,554.7590,-88.8506,-0.1890,11,0.2821,0.8750,8,8,8,0,0,8,8,0.0000
8,280.0000,3,15,703.3627,-89.0638,-0.4598,3,0.0769,1.0000,6,2,2,0,0,2,2,0.0000
8,280.0000,3,22,642.6339,-89.1455,0.3860,6,0.1538,0.8750,8,2,2,0,0,2,2,0.0000
8,280.0000,3,23,602.6880,-88.2315,0.7013,3,0.0769,1.0000,6,7,6,0,0,7,6,0.1429
8,280.0000,4,3,554.7590,-87.9307,0.0011,17,0.4250,1.0000,8,8,7,0,0,8,7,0.1250
8,280.0000,4,8,390.7660,-87.0740,-0.0050,31,0.7750,0.6667,6,8,6,0,0,8,6,0.2500
8,280.0000,4,11,173.2613,-81.7703,0.5575,38,0.9500,0.0000,4,4,0,0,0,4,0,1.0000
8,280.0000,4,19,375.3062,-87.2399,-0.2110,26,0.6500,0.4000,5,6,4,0,0,6,4,0.3333
8,280.0000,4,23,394.7623,-88.2086,0.0684,22,0.5500,1.0000,8,4,0,0,0,4,0,1.0000
8,280.0000,5,8,535.5733,-88.6836,0.7621,7,0.1750,1.0000,8,8,8,0,0,8,8,0.0000
8,280.0000,5,9,354.4418,-86.4593,-0.1748,36,0.9000,0.5714,7,6,4,0,0,6,4,0.3333
8,280.0000,5,11,668.1723,-88.4130,-0.0775,4,0.1000,1.0000,6,8,8,0,0,8,8,0.0000
8,280.0000,6,14,213.0872,-82.3517,-0.5545,40,1.0000,0.0000,4,4,0,0,0,4,0,1.0000
8,280.0000,6,20,328.2709,-85.5704,-0.1165,38,0.9500,0.0000,4,4,0,0,0,4,0,1.0000
8,280.0000,7,1,573.3193,-88.9655,-0.5727,8,0.1951,1.0000,8,6,6,0,0,6,6,0.0000
8,280.0000,7,2,524.1892,-88.2430,0.1456,9,0.2195,0.8571,7,6,4,0,0,6,4,0.3333
8,280.0000,7,10,695.4130,-89.5079,0.0668,3,0.0732,0.8750,8,2,2,0,0,2,2,0.0000
8,280.0000,7,12,471.3560,-87.8889,0.4443,14,0.3415,0.8750,8,8,8,0,0,8,8,0.0000
8,280.0000,7,17,462.9059,-88.2124,-0.1821,19,0.4634,0.5714,7,8,8,0,0,8,8,0.0000
8,280.0000,7,21,596.9022,-89.1401,0.1790,11,0.2683,1.0000,8,8,7,0,0,8,7,0.1250
8,280.0000,7,25,503.5148,-88.4169,0.6088,9,0.2195,0.8750,8,7,5,0,0,7,5,0.2857
8,280.0000,8,4,390.7660,-86.7151,-0.3630,27,0.6750,0.5000,6,6,4,0,0,6,4,0.3333
8,280.0000,8,5,535.5733,-88.6808,0.4547,10,0.2500,1.0000,8,8,8,0,0,8,8,0.0000
8,280.0000,8,9,300.4857,-87.0978,0.3193,32,0.8000,0.5000,6,4,0,0,0,4,0,1.0000
8,280.0000,8,11,254.0045,-83.8109,-0.0708,39,0.9750,0.0000,4,4,0,0,0,4,0,1.0000
8,280.0000,8,19,506.5678,-87.4293,-0.4206,28,0.7000,0.4000,5,8,7,0,0,8,7,0.1250
8,280.0000,8,23,330.8593,-85.0334,-0.1252,31,0.7750,0.6000,5,6,3,0,0,6,3,0.5000
8,280.0000,8,26,388.0223,-86.8678,0.3811,26,0.6500,0.5714,7,7,3,0,0,7,3,0.5714
8,280.0000,9,5,354.4418,-85.9428,0.2237,38,0.9500,0.0000,4,5,2,0,0,5,2,0.6000
8,280.0000,9,8,300.4857,-86.5175,0.3667,34,0.8500,0.4151,53,5,1,73,1,78,2,0.9744
8,280.0000,9,11,444.6510,-88.1380,0.6541,12,0.3000,0.9538,65,8,7,0,0,8,7,0.1250
8,280.0000,9,13,594.2274,-88.4079,0.4963,7,0.1750,1.0000,8,8,8,0,0,8,8,0.0000
8,280.0000,9,19,490.6564,-88.3894,0.0343,17,0.4250,0.8000,5,7,5,0,0,7,5,0.2857
8,280.0000,9,23,381.2782,-86.7012,0.1358,31,0.7750,0.6500,20,4,0,0,0,4,0,1.0000
8,280.0000,9,26,377.5414,-86.4901,0.0026,32,0.8000,0.2000,5,6,4,0,0,6,4,0.3333
8,280.0000,10,2,219.4931,-78.5868,-2.1749,40,1.0000,0.0000,4,5,2,0,0,5,2,0.6000
8,280.0000,10,7,695.4130,-88.5286,-0.0118,5,0.1250,1.0000,8,8,8,0,0,8,8,0.0000
8,280.0000,10,16,415.0143,-87.5589,-0.3241,27,0.6750,0.4000,5,8,6,0,0,8,6,0.2500
8,280.0000,10,18,173.1945,-80.5700,0.4284,40,1.0000,0.0000,4,4,0,0,0,4,0,1.0000
8,280.0000,10,24,282.0953,-85.5938,0.5366,36,0.9000,0.0000,4,6,2,0,0,6,2,0.6667
8,280.0000,11,4,173.2613,-81.7320,0.7523,39,0.9750,0.0000,4,4,0,0,0,4,0,1.0000
8,280.0000,11,8,254.0045,-84.3150,-0.0055,35,0.8750,0.2778,18,4,0,0,0,4,0,1.0000
8,280.0000,11,9,444.6510,-88.3301,0.2715,17,0.4250,0.8750,8,7,5,0,0,7,5,0.2857
8,280.0000,11,19,344.3753,-84.6125,-0.2222,34,0.8500,0.4000,5,8,6,0,0,8,6,0.2500
8,280.0000,11,23,365.1981,-87.1292,-0.2096,28,0.7000,0.6667,6,4,0,0,0,4,0,1.0000
8,280.0000,11,26,538.0175,-88.4044,0.5042,3,0.0750,1.0000,8,7,6,0,0,7,6,0.1429
8,280.0000,12,1,439.7150,-87.9884,0.1279,19,0.4750,0.6250,8,7,5,0,0,7,5,0.2857
8,280.0000,12,2,469.8478,-89.3579,-0.3271,4,0.1000,1.0000,8,4,1,0,0,4,1,0.7500
8,280.0000,12,7,471.3560,-87.9721,0.3813,22,0.5500,0.7143,7,6,4,0,0,6,4,0.3333
8,280.0000,12,17,130.9735,-77.9513,0.9535,40,1.0000,0.0000,4,4,0,0,0,4,0,1.0000
8,280.0000,13,8,570.8065,-89.3085,-0.4900,4,0.1026,1.0000,8,6,6,0,0,6,6,0.0000
8,280.0000,13,9,594.2274,-89.2059,0.1848,3,0.0769,1.0000,8,8,8,0,0,8,8,0.0000
8,280.0000,13,26,553.9322,-89.2842,-0.0280,8,0.2051,1.0000,8,8,8,0,0,8,8,0.0000
8,280.0000,14,6,213.0872,-82.2262,-0.1089,40,1.0000,0.0000,4,3,0,0,0,3,0,1.0000
8,280.0000,14,20,254.8949,-83.4164,-0.4975,40,1.0000,0.0000,4,5,1,0,0,5,1,0.8000
8,280.0000,15,3,703.3627,-89.4601,0.5753,3,0.0750,1.0000,6,6,6,0,0,6,6,0.0000
8,280.0000,15,22,415.4416,-88.2765,-0.1151,16,0.4000,1.0000,8,4,0,0,0,4,0,1.0000
8,280.0000,16,2,598.1548,-88.4053,-0.0567,13,0.3250,0.8750,8,6,6,0,0,6,6,0.0000
8,280.0000,16,10,415.0143,-87.3691,-0.0653,26,0.6500,0.8571,7,7,5,0,0,7,5,0.2857
8,280.0000,16,18,256.9465,-84.6609,0.1953,39,0.9750,0.0000,4,4,0,0,0,4,0,1.0000
8,280.0000,16,24,328.2817,-85.4409,-0.0212,36,0.9000,0.0000,4,7,5,0,0,7,5,0.2857
8,280.0000,17,1,434.8352,-88.7111,-0.0252,17,0.4250,0.8571,7,4,0,0,0,4,0,1.0000
8,280.0000,17,2,554.8008,-88.6714,0.5450,8,0.2000,0.8571,7,8,8,0,0,8,8,0.0000
8,280.0000,17,7,462.9059,-87.7812,0.1685,26,0.6500,0.8750,8,7,6,0,0,7,6,0.1429
8,280.0000,17,10,694.9342,-89.0947,-0.0899,4,0.1000,1.0000,8,4,4,0,0,4,4,0.0000
8,280.0000,17,12,130.9735,-77.9382,0.9604,40,1.0000,0.0000,4,4,0,0,0,4,0,1.0000
8,280.0000,18,2,364.4815,-85.5781,-0.2092,33,0.8250,0.2857,7,6,3,0,0,6,3,0.5000
8,280.0000,18,10,173.1945,-81.8662,0.7932,39,0.9750,0.0000,4,4,0,0,0,4,0,1.0000
8,280.0000,18,16,256.9465,-84.9469,0.1524,38,0.9500,0.0000,4,4,0,0,0,4,0,1.0000
8,280.0000,18,24,174.2050,-82.3970,0.9308,40,1.0000,0.0000,4,4,0,0,0,4,0,1.0000
8,280.0000,19,4,375.3062,-86.8255,0.2926,25,0.6250,0.2500,4,6,2,0,0,6,2,0.6667
8,280.0000,19,5,720.1153,-89.4894,0.0062,7,0.1750,1.0000,8,4,4,0,0,4,4,0.0000
8,280.0000,19,8,506.5678,-87.1295,-0.7606,29,0.7250,0.7143,7,8,8,0,0,8,8,0.0000
8,280.0000,19,9,490.6564,-88.3496,0.0057,15,0.3750,0.7143,7,8,8,0,0,8,8,0.0000
8,280.0000,19,11,344.3753,-84.4430,-0.2885,34,0.8500,0.5000,6,8,4,0,0,8,4,0.5000
8,280.0000,19,23,425.3688,-86.7200,-0.4458,30,0.7500,0.3333,6,6,4,0,0,6,4,0.3333
8,280.0000,19,26,624.7361,-88.9187,-0.0965,12,0.3000,1.0000,8,2,2,0,0,2,2,0.0000
8,280.0000,20,6,328.2709,-86.4923,0.2164,38,0.9500,0.2000,5,6,2,0,0,6,2,0.6667
8,280.0000,20,14,254.8949,-83.3873,-0.3578,40,1.0000,0.0000,4,5,1,0,0,5,1,0.8000
8,280.0000,21,1,648.2380,-89.7246,-0.3688,3,0.0750,1.0000,8,8,8,0,0,8,8,0.0000
8,280.0000,21,7,596.9022,-88.7875,0.1421,6,0.1500,1.0000,8,10,10,0,0,10,10,0.0000
8,280.0000,21,25,239.0283,-82.5357,0.1915,39,0.9750,0.0000,4,4,0,0,0,4,0,1.0000
8,280.0000,22,3,642.6339,-89.1259,-0.1871,5,0.1282,1.0000,8,6,6,0,0,6,6,0.0000
8,280.0000,22,15,415.4416,-88.1854,0.1333,18,0.4615,0.8571,7,5,2,0,0,5,2,0.6000
8,280.0000,22,27,342.6504,-85.7975,-0.2484,33,0.8462,0.3333,6,6,2,0,0,6,2,0.6667
8,280.0000,23,3,602.6880,-88.3688,0.8342,3,0.0750,1.0000,2,8,8,0,0,8,8,0.0000
8,280.0000,23,4,394.7623,-87.5949,0.2638,23,0.5750,0.7143,7,5,2,0,0,5,2,0.6000
8,280.0000,23,8,330.8593,-85.7174,-0.0777,34,0.8500,0.3333,15,7,6,0,0,7,6,0.1429
8,280.0000,23,9,381.2782,-87.2860,0.1863,27,0.6750,0.4000,5,5,2,0,0,5,2,0.6000
8,280.0000,23,11,365.1981,-86.9652,0.4663,32,0.8000,0.5714,7,5,1,0,0,5,1,0.8000
8,280.0000,23,19,425.3688,-86.9475,-0.5980,30,0.7500,0.0000,4,7,5,0,0,7,5,0.2857
8,280.0000,23,26,229.6265,-82.4953,-0.2652,40,1.0000,0.0000,4,5,1,0,0,5,1,0.8000
8,280.0000,24,2,398.8631,-87.2878,-0.2347,23,0.5750,0.8571,7,7,5,0,0,7,5,0.2857
8,280.0000,24,10,282.0953,-84.9523,0.3315,38,0.9500,0.5000,6,5,0,0,0,5,0,1.0000
8,280.0000,24,16,328.2817,-85.6713,-0.3448,37,0.9250,0.0000,4,3,0,0,0,3,0,1.0000
8,280.0000,24,18,174.2050,-81.9317,0.4363,40,1.0000,0.0000,4,4,0,0,0,4,0,1.0000
8,280.0000,25,1,631.3052,-89.7955,-0.0560,3,0.0750,0.8000,5,8,8,0,0,8,8,0.0000
8,280.0000,25,7,503.5148,-87.9774,0.2118,10,0.2500,1.0000,8,8,8,0,0,8,8,0.0000
8,280.0000,25,21,239.0283,-82.6951,0.1008,39,0.9750,0.0000,4,4,0,0,0,4,0,1.0000
8,280.0000,26,4,597.6276,-88.4833,-0.1378,7,0.1750,1.0000,6,8,8,0,0,8,8,0.0000
8,280.0000,26,8,388.0223,-87.4434,-0.1705,25,0.6250,0.5000,6,6,3,0,0,6,3,0.5000
8,280.0000,26,9,377.5414,-85.9234,-0.6046,30,0.7500,0.3333,6,7,5,0,0,7,5,0.2857
8,280.0000,26,11,538.0175,-88.6145,-0.3453,8,0.2000,1.0000,8,7,6,0,0,7,6,0.1429
8,280.0000,26,13,553.9322,-88.1911,-0.2611,11,0.2750,1.0000,8,8,8,0,0,8,8,0.0000
8,280.0000,26,19,624.7361,-88.6368,0.2080,7,0.1750,1.0000,8,4,4,0,0,4,4,0.0000
8,280.0000,26,23,229.6265,-82.5705,-0.3023,36,0.9000,0.2000,5,4,0,0,0,4,0,1.0000
8,280.0000,27,22,342.6504,-86.2156,-0.4129,29,0.7436,0.0000,4,5,1,0,0,5,1,0.8000
8,284.0000,1,7,601.2886,-88.1544,3.9445,4,0.1026,0.8571,7,8,8,0,0,8,8,0.0000
8,284.0000,1,12,475.2508,-87.5554,-0.6743,18,0.4615,0.8571,7,8,8,0,0,8,8,0.0000
8,284.0000,1,17,329.3752,-85.3483,0.7301,24,0.6154,0.7143,7,4,0,0,0,4,0,1.0000
8,284.0000,1,21,650.9786,-88.9881,-0.1285,3,0.0769,1.0000,8,6,6,0,0,6,6,0.0000
8,284.0000,1,25,618.5349,-89.4988,-0.0729,8,0.2051,1.0000,8,8,8,0,0,8,8,0.0000
8,284.0000,2,7,514.3991,-87.9837,0.1105,14,0.3500,0.8750,8,5,2,0,0,5,2,0.6000
8,284.0000,2,10,379.0863,-85.5766,-1.0682,34,0.8500,0.2500,4,7,6,0,0,7,6,0.1429
8,284.0000,2,12,301.7464,-86.3275,1.0591,26,0.6500,0.5000,6,5,1,0,0,5,1,0.8000
8,284.0000,2,16,717.8205,-89.3452,-0.1959,3,0.0750,1.0000,4,4,4,0,0,4,4,0.0000
8,284.0000,2,17,532.5714,-88.8524,0.2352,13,0.3250,1.0000,8,8,8,0,0,8,8,0.0000
8,284.0000,2,18,459.1903,-87.4416,-0.3764,27,0.6750,0.6667,6,8,8,0,0,8,8,0.0000
8,284.0000,2,24,390.2674,-87.0404,0.1718,28,0.7000,0.6667,6,6,4,0,0,6,4,0.3333
8,284.0000,3,4,620.1816,-89.0406,-0.3107,8,0.2000,1.0000,8,8,8,0,0,8,8,0.0000
8,284.0000,3,11,617.5083,-88.5108,-0.0480,3,0.0750,1.0000,6,8,8,0,0,8,8,0.0000
8,284.0000,3,23,489.4925,-88.1532,0.7809,11,0.2750,0.8571,7,7,4,0,0,7,4,0.4286
8,284.0000,3,26,564.3787,-88.7459,-0.6574,3,0.0750,1.0000,6,8,7,0,0,8,7,0.1250
8,284.0000,4,3,620.1816,-89.0618,-0.0280,8,0.2000,0.8750,8,6,6,0,0,6,6,0.0000
8,284.0000,4,8,435.9716,-87.1996,-0.1613,27,0.6750,0.7500,8,10,7,0,0,10,7,0.3000
8,284.0000,4,9,421.6918,-88.2907,-0.0813,14,0.3500,0.5714,7,6,3,0,0,6,3,0.5000
8,284.0000,4,11,182.4975,-79.8867,-0.7373,38,0.9500,0.0000,4,4,0,0,0,4,0,1.0000
8,284.0000,4,19,396.0976,-86.9316,-0.2822,31,0.7750,0.6667,6,7,3,0,0,7,3,0.5714
8,284.0000,4,23,356.3175,-86.6491,0.2787,28,0.7000,0.0000,4,6,3,0,0,6,3,0.5000
8,284.0000,4,26,589.8058,-89.0469,-0.0412,12,0.3000,1.0000,8,8,8,0,0,8,8,0.0000
8,284.0000,5,8,501.8799,-88.8398,0.1444,10,0.2500,1.0000,8,8,8,0,0,8,8,0.0000
8,284.0000,5,9,481.8787,-87.0561,-1.0115,25,0.6250,0.6667,6,8,8,0,0,8,8,0.0000
8,284.0000,5,13,560.1452,-89.3279,-0.0918,4,0.1000,1.0000,6,7,5,0,0,7,5,0.2857
8,284.0000,6,14,188.5062,-81.7470,0.2769,39,0.9750,0.0000,4,4,0,0,0,4,0,1.0000
8,284.0000,6,20,333.9006,-86.2982,-0.1618,34,0.8500,0.0000,4,4,0,0,0,4,0,1.0000
8,284.0000,7,1,601.2886,-89.4443,-0.1367,6,0.1500,1.0000,6,4,4,0,0,4,4,0.0000
8,284.0000,7,2,514.3991,-88.2075,0.0982,9,0.2250,0.6667,6,8,6,0,0,8,6,0.2500
8,284.0000,7,12,486.9571,-87.8810,-0.0692,21,0.5250,1.0000,8,8,7,0,0,8,7,0.1250
8,284.0000,7,14,475.0891,-88.5654,0.2901,10,0.2500,1.0000,8,7,6,0,0,7,6,0.1429
8,284.0000,7,17,482.0130,-87.8295,-0.1455,20,0.5000,1.0000,8,8,8,0,0,8,8,0.0000
8,284.0000,7,21,515.6568,-88.4182,0.0614,7,0.1750,0.8750,8,8,7,0,0,8,7,0.1250
8,284.0000,7,25,492.7504,-88.2345,-0.0681,15,0.3750,0.7143,7,7,5,0,0,7,5,0.2857
8,284.0000,8,4,435.9716,-87.3551,-0.5318,32,0.8000,0.6667,6,8,5,0,0,8,5,0.3750
8,284.0000,8,5,501.8799,-89.1874,-0.0131,15,0.3750,1.0000,8,8,8,0,0,8,8,0.0000
8,284.0000,8,9,240.0513,-84.6339,0.3558,40,1.0000,0.0000,4,5,2,0,0,5,2,0.6000
8,284.0000,8,11,264.9117,-83.9012,-0.3371,40,1.0000,0.0000,4,4,0,0,0,4,0,1.0000
8,284.0000,8,13,458.6802,-88.4980,0.3710,17,0.4250,0.6667,6,8,6,0,0,8,6,0.2500
8,284.0000,8,23,420.7451,-86.8621,-0.7935,29,0.7250,0.5000,6,8,6,0,0,8,6,0.2500
8,284.0000,8,26,418.8851,-87.2157,0.0315,28,0.7000,0.4286,7,6,4,0,0,6,4,0.3333
8,284.0000,9,4,421.6918,-87.8502,0.1625,12,0.3000,1.0000,8,4,0,0,0,4,0,1.0000
8,284.0000,9,5,481.8787,-87.8750,-0.5038,21,0.5250,0.4000,5,8,7,0,0,8,7,0.1250
8,284.0000,9,8,240.0513,-84.4458,0.5891,39,0.9750,0.0256,78,5,2,78,8,83,10,0.8795
8,284.0000,9,11,328.9020,-86.7239,0.3651,29,0.7250,0.8750,8,4,0,0,0,4,0,1.0000
8,284.0000,9,13,599.3074,-88.5710,-0.0014,6,0.1500,1.0000,8,8,8,0,0,8,8,0.0000
8,284.0000,9,19,525.2513,-89.2257,0.0548,12,0.3000,0.7143,7,8,8,0,0,8,8,0.0000
8,284.0000,9,23,369.5752,-87.4041,0.1137,29,0.7250,0.0000,4,6,3,0,0,6,3,0.5000
8,284.0000,9,26,431.3632,-87.4496,-0.5086,27,0.6750,0.6667,6,6,4,0,0,6,4,0.3333
8,284.0000,10,2,379.0863,-85.2381,-1.7491,33,0.8250,0.4000,5,7,6,0,0,7,6,0.1429
8,284.0000,10,12,581.9430,-88.4938,0.4360,4,0.1000,1.0000,8,8,8,0,0,8,8,0.0000
8,284.0000,10,16,448.2813,-87.7868,-0.4958,25,0.6250,0.7500,8,7,5,0,0,7,5,0.2857
8,284.0000,10,18,283.8423,-82.6871,-1.4086,39,0.9750,0.0000,4,6,4,0,0,6,4,0.3333
8,284.0000,10,24,334.2643,-85.5492,-0.0721,33,0.8250,0.3333,6,7,5,0,0,7,5,0.2857
8,284.0000,11,4,182.4975,-80.6963,-0.1906,39,0.9750,0.0000,4,4,0,0,0,4,0,1.0000
8,284.0000,11,8,264.9117,-83.8018,-0.4151,38,0.9500,0.0000,4,4,0,0,0,4,0,1.0000
8,284.0000,11,9,328.9020,-86.6589,0.0975,28,0.7000,0.7143,7,4,0,0,0,4,0,1.0000
8,284.0000,11,19,526.7562,-87.2413,-0.5245,26,0.6500,0.7500,8,4,4,0,0,4,4,0.0000
8,284.0000,11,23,333.3902,-87.1519,0.1171,30,0.7500,0.0000,4,4,0,0,0,4,0,1.0000
8,284.0000,11,26,488.4317,-88.3127,-0.3109,15,0.3750,0.8571,7,7,5,0,0,7,5,0.2857
8,284.0000,12,1,475.2508,-87.8821,-0.3564,11,0.2750,0.7143,7,8,8,0,0,8,8,0.0000
8,284.0000,12,2,301.7464,-87.0748,0.3723,24,0.6000,0.2500,4,5,1,0,0,5,1,0.8000
8,284.0000,12,7,486.9571,-87.6763,-0.0135,17,0.4250,0.6667,6,8,8,0,0,8,8,0.0000
8,284.0000,12,10,581.9430,-88.9815,0.4601,4,0.1000,1.0000,6,7,6,0,0,7,6,0.1429
8,284.0000,12,17,247.4308,-81.1698,-1.3836,39,0.9750,0.0000,4,5,1,0,0,5,1,0.8000
8,284.0000,13,5,560.1452,-89.1459,0.4967,7,0.1750,1.0000,8,8,7,0,0,8,7,0.1250
8,284.0000,13,8,458.6802,-87.8533,0.2122,16,0.4000,1.0000,6,7,4,0,0,7,4,0.4286
8,284.0000,13,9,599.3074,-88.7079,-1.0805,4,0.1000,1.0000,8,8,8,0,0,8,8,0.0000
8,284.0000,13,26,554.4921,-88.9606,0.4674,7,0.1750,1.0000,8,8,8,0,0,8,8,0.0000
8,284.0000,14,6,188.5062,-81.7392,-0.1702,40,1.0000,0.0000,3,4,0,0,0,4,0,1.0000
8,284.0000,14,7,475.0891,-88.7244,0.1453,9,0.2250,1.0000,8,7,4,0,0,7,4,0.4286
8,284.0000,14,20,316.3470,-84.6506,-0.4832,39,0.9750,0.2000,5,5,2,0,0,5,2,0.6000
8,284.0000,15,22,290.9872,-86.0716,0.5708,32,0.8000,0.0000,4,4,0,0,0,4,0,1.0000
8,284.0000,15,27,483.5821,-88.0265,0.4094,9,0.2250,0.8571,7,5,2,0,0,5,2,0.6000
8,284.0000,16,2,717.8205,-88.7042,-6.3427,3,0.0750,1.0000,6,2,2,0,0,2,2,0.0000
8,284.0000,16,10,448.2813,-87.1757,-0.3002,22,0.5500,0.7143,7,7,6,0,0,7,6,0.1429
8,284.0000,16,18,284.0949,-84.0525,-0.0652,37,0.9250,0.0000,4,7,4,0,0,7,4,0.4286
8,284.0000,16,24,429.1686,-87.0184,-0.3541,31,0.7750,0.7143,7,8,7,0,0,8,7,0.1250
8,284.0000,17,1,329.3752,-86.7245,0.3033,29,0.7073,0.0000,4,4,0,0,0,4,0,1.0000
8,284.0000,17,2,532.5714,-88.7325,0.7210,8,0.1951,1.0000,8,8,7,0,0,8,7,0.1250
8,284.0000,17,7,482.0130,-87.5821,0.3717,21,0.5122,0.8571,7,8,8,0,0,8,8,0.0000
8,284.0000,17,12,247.4308,-80.9632,-1.9077,41,1.0000,0.0000,4,5,1,0,0,5,1,0.8000
8,284.0000,18,2,459.1903,-87.4229,-0.3967,17,0.4250,0.5000,6,8,8,0,0,8,8,0.0000
8,284.0000,18,10,283.8423,-82.9577,-0.9754,39,0.9750,0.0000,4,7,4,0,0,7,4,0.4286
8,284.0000,18,16,284.0949,-84.4456,-0.8047,39,0.9750,0.0000,4,4,0,0,0,4,0,1.0000
8,284.0000,18,24,153.4546,-78.8420,0.1454,39,0.9750,0.0000,4,4,0,0,0,4,0,1.0000
8,284.0000,19,4,396.0976,-87.1523,-0.1499,26,0.6667,0.3333,6,8,5,0,0,8,5,0.3750
8,284.0000,19,8,688.1848,-88.2673,-0.6991,8,0.2051,1.0000,8,6,6,0,0,6,6,0.0000
8,284.0000,19,9,525.2513,-88.5444,0.1399,13,0.3333,1.0000,8,8,8,0,0,8,8,0.0000
8,284.0000,19,11,526.7562,-87.6072,-0.2772,24,0.6154,0.5000,8,4,4,0,0,4,4,0.0000
8,284.0000,19,23,543.8061,-88.1932,-0.6809,16,0.4103,0.6667,6,8,8,0,0,8,8,0.0000
8,284.0000,20,6,333.9006,-86.5339,0.1584,34,0.8500,0.3333,6,4,0,0,0,4,0,1.0000
8,284.0000,20,14,316.3470,-84.8366,-0.7103,39,0.9750,0.2000,5,6,2,0,0,6,2,0.6667
8,284.0000,21,1,650.9786,-89.0800,-0.3576,6,0.1500,1.0000,8,8,8,0,0,8,8,0.0000
8,284.0000,21,7,515.6568,-88.3716,0.2460,11,0.2750,1.0000,10,7,5,0,0,7,5,0.2857
8,284.0000,21,25,162.7061,-82.7316,1.1131,40,1.0000,0.0000,4,4,0,0,0,4,0,1.0000
8,284.0000,22,15,290.9872,-86.1630,0.5436,31,0.7561,0.4000,5,4,0,0,0,4,0,1.0000
8,284.0000,22,27,365.9851,-85.9059,-0.0734,32,0.7805,0.3333,6,7,4,0,0,7,4,0.4286
8,284.0000,23,3,489.4925,-88.3164,0.6021,13,0.3250,1.0000,8,7,6,0,0,7,6,0.1429
8,284.0000,23,4,356.3175,-87.1414,0.0081,36,0.9000,0.4000,5,6,3,0,0,6,3,0.5000
8,284.0000,23,8,420.7451,-86.1257,-0.7623,31,0.7750,0.8571,7,8,8,0,0,8,8,0.0000
8,284.0000,23,9,369.5752,-86.4444,-0.2673,27,0.6750,0.4000,5,6,3,0,0,6,3,0.5000
8,284.0000,23,11,333.3902,-86.3392,0.4101,35,0.8750,0.2000,5,4,0,0,0,4,0,1.0000
8,284.0000,23,19,543.8061,-88.8916,-0.3645,17,0.4250,0.7143,7,7,6,0,0,7,6,0.1429
8,284.0000,23,26,279.6018,-83.9665,-0.5241,40,1.0000,0.2000,5,5,1,0,0,5,1,0.8000
8,284.0000,24,2,390.2674,-86.9898,0.2772,26,0.6500,0.7143,7,7,4,0,0,7,4,0.4286
8,284.0000,24,10,334.2643,-85.7805,-0.3709,33,0.8250,0.0000,5,7,5,0,0,7,5,0.2857
8,284.0000,24,16,429.1686,-86.7567,0.2508,29,0.7250,0.0000,3,10,10,0,0,10,10,0.0000
8,284.0000,24,18,153.4546,-79.4976,0.6114,40,1.0000,0.0000,4,5,0,0,0,5,0,1.0000
8,284.0000,25,1,618.5349,-88.7638,0.3064,3,0.0750,1.0000,8,4,4,0,0,4,4,0.0000
8,284.0000,25,7,492.7504,-88.5679,-0.1350,16,0.4000,1.0000,8,7,5,0,0,7,5,0.2857
8,284.0000,25,14,642.0091,-88.8741,0.1225,4,0.1000,1.0000,6,6,6,0,0,6,6,0.0000
8,284.0000,25,21,162.7061,-82.3081,0.7702,40,1.0000,0.0000,4,4,0,0,0,4,0,1.0000
8,284.0000,26,3,564.3787,-88.9220,-0.0506,11,0.2750,1.0000,6,8,8,0,0,8,8,0.0000
8,284.0000,26,4,589.8058,-88.3798,0.4168,9,0.2250,1.0000,8,8,8,0,0,8,8,0.0000
8,284.0000,26,8,418.8851,-86.9915,-0.2145,29,0.7250,0.5000,6,6,2,0,0,6,2,0.6667
8,284.0000,26,9,431.3632,-87.6473,0.5930,25,0.6250,0.7143,7,8,8,0,0,8,8,0.0000
8,284.0000,26,11,488.4317,-88.7074,0.0985,15,0.3750,0.8571,7,8,5,0,0,8,5,0.3750
8,284.0000,26,13,554.4921,-88.8026,0.4205,8,0.2000,1.0000,8,8,8,0,0,8,8,0.0000
8,284.0000,26,23,279.6018,-84.1377,-0.9247,38,0.9500,0.0000,4,4,0,0,0,4,0,1.0000
8,284.0000,27,15,483.5821,-88.3395,0.2373,9,0.2250,1.0000,8,8,7,0,0,8,7,0.1250
8,284.0000,27,22,365.9851,-86.5428,-0.0973,33,0.8250,0.2000,5,8,5,0,0,8,5,0.3750
8,288.0000,1,2,602.3676,-88.7454,-1.5420,3,0.0750,1.0000,4,8,8,0,0,8,8,0.0000
8,288.0000,1,12,530.1373,-87.7969,-0.3464,12,0.3000,1.0000,8,8,8,0,0,8,8,0.0000
8,288.0000,1,17,269.1254,-85.3490,0.5252,38,0.9500,0.0000,4,5,0,0,0,5,0,1.0000
8,288.0000,1,21,590.0507,-88.9487,-0.1939,6,0.1500,1.0000,6,6,6,0,0,6,6,0.0000
8,288.0000,2,7,507.1041,-87.7453,-0.2550,14,0.3500,0.4000,5,9,8,0,0,9,8,0.1111
8,288.0000,2,10,549.9286,-87.7622,-1.0953,20,0.5000,0.8571,7,6,6,0,0,6,6,0.0000
8,288.0000,2,12,158.1242,-82.0586,1.8832,39,0.9750,0.2000,5,4,0,0,0,4,0,1.0000
8,288.0000,2,17,501.5995,-88.7575,0.3916,13,0.3250,1.0000,8,8,7,0,0,8,7,0.1250
8,288.0000,2,18,561.7660,-88.0152,0.4735,9,0.2250,1.0000,8,8,8,0,0,8,8,0.0000
8,288.0000,2,24,383.4037,-86.9881,-0.4228,22,0.5500,0.6667,6,5,1,0,0,5,1,0.8000
8,288.0000,3,11,557.0062,-88.8310,-0.0730,6,0.1463,1.0000,8,7,6,0,0,7,6,0.1429
8,288.0000,3,23,397.4101,-87.5601,-0.1794,17,0.4146,0.5714,7,7,4,0,0,7,4,0.4286
8,288.0000,3,26,409.0089,-87.6821,0.4929,12,0.2927,0.8750,8,5,2,0,0,5,2,0.6000
8,288.0000,4,8,493.9712,-88.1765,0.1038,19,0.4750,0.7000,10,7,6,0,0,7,6,0.1429
8,288.0000,4,9,285.2010,-85.8091,0.9091,35,0.8750,0.5000,6,4,0,0,0,4,0,1.0000
8,288.0000,4,11,289.1718,-82.8164,-0.7901,39,0.9750,0.0000,4,6,3,0,0,6,3,0.5000
8,288.0000,4,19,458.1275,-87.6750,-0.6105,29,0.7250,0.4286,7,5,2,0,0,5,2,0.6000
8,288.0000,4,23,396.2998,-87.0025,-0.4401,34,0.8500,0.5000,6,6,4,0,0,6,4,0.3333
8,288.0000,5,8,501.7209,-88.8363,0.0041,8,0.2000,1.0000,8,8,8,0,0,8,8,0.0000
8,288.0000,5,9,655.8689,-89.0265,-0.1812,7,0.1750,1.0000,8,6,6,0,0,6,6,0.0000
8,288.0000,5,13,466.4361,-88.7090,0.0727,15,0.3750,0.7143,7,6,3,0,0,6,3,0.5000
8,288.0000,6,7,506.6493,-89.4611,-0.1411,6,0.1500,0.8750,8,6,3,0,0,6,3,0.5000
8,288.0000,6,14,191.7387,-81.2253,0.0488,40,1.0000,0.0000,4,4,0,0,0,4,0,1.0000
8,288.0000,6,20,276.6005,-85.8546,0.5075,38,0.9500,0.0000,4,4,0,0,0,4,0,1.0000
8,288.0000,7,1,650.7342,-89.3239,-0.1690,8,0.2000,1.0000,4,6,6,0,0,6,6,0.0000
8,288.0000,7,2,507.1041,-88.3556,0.2434,14,0.3500,0.7500,8,7,6,0,0,7,6,0.1429
8,288.0000,7,6,506.6493,-88.7595,0.1923,14,0.3500,1.0000,6,7,6,0,0,7,6,0.1429
8,288.0000,7,12,518.0008,-88.1050,-0.4329,14,0.3500,0.8750,8,8,7,0,0,8,7,0.1250
8,288.0000,7,14,329.2412,-87.8205,0.4077,24,0.6000,0.8571,7,4,0,0,0,4,0,1.0000
8,288.0000,7,17,496.6229,-88.0186,-0.3913,11,0.2750,1.0000,8,8,8,0,0,8,8,0.0000
8,288.0000,7,20,590.9957,-88.6641,-0.3891,3,0.0750,1.0000,2,7,6,0,0,7,6,0.1429
8,288.0000,7,21,443.8692,-88.2753,0.7148,16,0.4000,0.8750,8,7,4,0,0,7,4,0.4286
8,288.0000,7,25,505.9410,-88.1949,-0.0429,12,0.3000,0.7143,7,7,6,0,0,7,6,0.1429
8,288.0000,8,4,493.9712,-88.2370,0.0192,23,0.5750,0.6250,8,7,6,0,0,7,6,0.1429
8,288.0000,8,5,501.7209,-88.5969,-0.0329,17,0.4250,1.0000,8,7,5,0,0,7,5,0.2857
8,288.0000,8,9,301.6745,-83.9427,-0.5057,38,0.9500,0.4000,5,5,2,0,0,5,2,0.6000
8,288.0000,8,11,278.5030,-84.3543,-0.2442,36,0.9000,0.0000,4,4,0,0,0,4,0,1.0000
8,288.0000,8,13,348.2935,-87.0713,-0.4333,22,0.5500,0.7500,8,4,0,0,0,4,0,1.0000
8,288.0000,8,23,533.7059,-88.1516,-0.2339,17,0.4250,0.7500,8,10,9,0,0,10,9,0.1000
8,288.0000,8,26,489.9260,-87.1963,0.0714,17,0.4250,0.6667,6,8,7,0,0,8,7,0.1250
8,288.0000,9,4,285.2010,-86.1846,1.0986,32,0.8000,0.0000,4,4,0,0,0,4,0,1.0000
8,288.0000,9,5,655.8689,-88.6047,-0.4823,8,0.2000,0.8750,8,4,4,0,0,4,4,0.0000
8,288.0000,9,8,301.6745,-84.8808,-0.5650,37,0.9250,0.1205,83,5,1,99,41,104,42,0.5962
8,288.0000,9,11,260.8593,-84.9680,0.6214,36,0.9000,0.0000,4,5,1,0,0,5,1,0.8000
8,288.0000,9,13,609.7626,-89.1812,-0.2011,10,0.2500,1.0000,8,8,8,0,0,8,8,0.0000
8,288.0000,9,19,594.2503,-88.7555,0.6028,8,0.2000,1.0000,8,7,6,0,0,7,6,0.1429
8,288.0000,9,23,352.8147,-86.8028,-0.2051,26,0.6500,0.5000,6,5,1,0,0,5,1,0.8000
8,288.0000,9,26,473.0354,-88.3996,-0.0227,20,0.5000,0.6667,6,8,7,0,0,8,7,0.1250
8,288.0000,10,2,549.9286,-87.7509,-0.5533,21,0.5250,0.8571,7,8,7,0,0,8,7,0.1250
8,288.0000,10,12,580.5880,-88.4222,-0.1747,8,0.2000,1.0000,8,8,8,0,0,8,8,0.0000
8,288.0000,10,16,436.1144,-87.2393,0.0802,28,0.7000,0.7143,7,7,5,0,0,7,5,0.2857
8,288.0000,10,18,422.5596,-86.7129,-0.3624,36,0.9000,0.6667,6,8,7,0,0,8,7,0.1250
8,288.0000,10,24,447.3004,-87.5489,-0.4616,28,0.7000,0.7143,7,7,6,0,0,7,6,0.1429
8,288.0000,11,3,557.0062,-89.1186,-0.5874,5,0.1250,1.0000,8,8,8,0,0,8,8,0.0000
8,288.0000,11,4,289.1718,-82.8590,-0.8539,40,1.0000,0.0000,4,8,5,0,0,8,5,0.3750
8,288.0000,11,8,278.5030,-84.6404,-0.2824,39,0.9750,0.0000,4,4,0,0,0,4,0,1.0000
8,288.0000,11,9,260.8593,-85.0474,0.4195,38,0.9500,0.0000,4,4,0,0,0,4,0,1.0000
8,288.0000,11,13,601.3648,-88.7830,0.2123,3,0.0750,1.0000,8,8,8,0,0,8,8,0.0000
8,288.0000,11,23,359.2670,-86.2930,0.1542,28,0.7000,0.0000,4,5,2,0,0,5,2,0.6000
8,288.0000,11,26,456.0988,-88.5404,0.0005,16,0.4000,0.7143,7,8,8,0,0,8,8,0.0000
8,288.0000,12,1,530.1373,-88.0073,-0.0940,14,0.3500,1.0000,8,7,6,0,0,7,6,0.1429
8,288.0000,12,2,158.1242,-82.6094,1.6224,39,0.9750,0.2000,5,5,0,0,0,5,0,1.0000
8,288.0000,12,7,518.0008,-88.5798,0.2026,17,0.4250,1.0000,8,8,8,0,0,8,8,0.0000
8,288.0000,12,10,580.5880,-89.0029,-0.0590,11,0.2750,0.8571,7,8,8,0,0,8,8,0.0000
8,288.0000,12,17,390.0469,-84.9234,-0.7381,33,0.8250,0.2000,5,7,6,0,0,7,6,0.1429
8,288.0000,12,24,502.3698,-88.1292,-2.5171,3,0.0750,0.8750,8,7,4,0,0,7,4,0.4286
8,288.0000,13,5,466.4361,-88.3851,0.2415,21,0.5250,0.8750,8,8,7,0,0,8,7,0.1250
8,288.0000,13,8,348.2935,-87.5814,-0.0506,30,0.7500,0.5714,7,4,0,0,0,4,0,1.0000
8,288.0000,13,9,609.7626,-88.1484,0.2565,10,0.2500,1.0000,8,8,8,0,0,8,8,0.0000
8,288.0000,13,11,601.3648,-88.8854,0.1677,5,0.1250,1.0000,8,8,8,0,0,8,8,0.0000
8,288.0000,13,26,598.0167,-89.3330,0.0948,8,0.2000,1.0000,8,7,6,0,0,7,6,0.1429
8,288.0000,14,6,191.7387,-81.5358,-0.0968,39,0.9750,0.0000,4,4,0,0,0,4,0,1.0000
8,288.0000,14,7,329.2412,-87.1740,0.9689,26,0.6500,0.5714,7,4,0,0,0,4,0,1.0000
8,288.0000,14,20,297.8108,-85.2403,-0.3341,34,0.8500,0.4000,5,5,1,0,0,5,1,0.8000
8,288.0000,14,21,582.5479,-88.7367,0.1425,4,0.1000,1.0000,8,8,8,0,0,8,8,0.0000
8,288.0000,14,25,617.6312,-88.2079,1.4438,4,0.1000,1.0000,8,8,8,0,0,8,8,0.0000
8,288.0000,15,22,211.1713,-84.0454,0.7309,40,1.0000,0.0000,4,4,0,0,0,4,0,1.0000
8,288.0000,15,27,358.8950,-87.8581,0.8083,21,0.5250,0.4000,5,5,1,0,0,5,1,0.8000
8,288.0000,16,10,436.1144,-87.6351,0.0797,12,0.3000,0.8571,7,8,8,0,0,8,8,0.0000
8,288.0000,16,18,361.7406,-85.9661,-0.3264,37,0.9250,0.5714,7,8,7,0,0,8,7,0.1250
8,288.0000,16,24,556.7319,-88.1207,-0.5340,14,0.3500,0.8750,8,8,7,0,0,8,7,0.1250
8,288.0000,17,1,269.1254,-85.0507,0.3102,34,0.8718,0.0000,4,4,0,0,0,4,0,1.0000
8,288.0000,17,2,501.5995,-88.9549,0.1064,11,0.2821,0.8750,8,8,7,0,0,8,7,0.1250
8,288.0000,17,7,496.6229,-88.4615,-0.4640,9,0.2308,1.0000,8,6,4,0,0,6,4,0.3333
8,288.0000,17,12,390.0469,-85.6314,-0.6908,33,0.8462,0.2000,5,8,8,0,0,8,8,0.0000
8,288.0000,17,21,624.5878,-89.2250,-0.2093,3,0.0769,1.0000,4,4,3,0,0,4,3,0.2500
8,288.0000,18,2,561.7660,-88.4982,0.1048,17,0.4250,1.0000,8,8,8,0,0,8,8,0.0000
8,288.0000,18,10,422.5596,-86.6446,-0.9907,32,0.8000,0.5714,7,8,7,0,0,8,7,0.1250
8,288.0000,18,16,361.7406,-85.7661,-0.5796,34,0.8500,0.0000,4,7,6,0,0,7,6,0.1429
8,288.0000,18,24,214.2254,-81.0702,-0.0324,39,0.9750,0.0000,4,4,0,0,0,4,0,1.0000
8,288.0000,19,4,458.1275,-87.4922,0.0344,23,0.5750,0.6250,8,5,1,0,0,5,1,0.8000
8,288.0000,19,9,594.2503,-88.4647,-0.4046,17,0.4250,1.0000,8,7,6,0,0,7,6,0.1429
8,288.0000,19,23,681.8714,-88.6089,-0.5440,7,0.1750,1.0000,8,8,8,0,0,8,8,0.0000
8,288.0000,20,6,276.6005,-85.8286,0.2123,38,0.9500,0.0000,4,4,0,0,0,4,0,1.0000
8,288.0000,20,7,590.9957,-88.2111,1.0142,4,0.1000,1.0000,2,8,8,0,0,8,8,0.0000
8,288.0000,20,14,297.8108,-85.3240,-0.4489,36,0.9000,0.3333,6,4,0,0,0,4,0,1.0000
8,288.0000,21,1,590.0507,-88.4494,1.5062,5,0.1250,1.0000,8,8,8,0,0,8,8,0.0000
8,288.0000,21,7,443.8692,-88.5514,-0.0820,20,0.5000,0.7143,7,5,3,0,0,5,3,0.4000
8,288.0000,21,14,582.5479,-89.1625,0.0738,5,0.1250,1.0000,8,8,8,0,0,8,8,0.0000
8,288.0000,21,25,99.6190,-76.7643,1.3110,40,1.0000,0.0000,4,4,0,0,0,4,0,1.0000
8,288.0000,22,15,211.1713,-83.8124,0.6588,38,0.9744,0.0000,4,4,0,0,0,4,0,1.0000
8,288.0000,22,27,427.9186,-87.3079,-0.6003,25,0.6410,0.5714,7,7,5,0,0,7,5,0.2857
8,288.0000,23,3,397.4101,-87.6065,0.0818,28,0.7000,0.8571,7,7,3,0,0,7,3,0.5714
8,288.0000,23,4,396.2998,-87.0354,-0.4343,31,0.7750,0.5000,6,8,7,0,0,8,7,0.1250
8,288.0000,23,8,533.7059,-88.6962,0.1049,19,0.4750,1.0000,8,8,8,0,0,8,8,0.0000
8,288.0000,23,9,352.8147,-86.9782,0.2120,33,0.8250,0.5000,6,7,3,0,0,7,3,0.5714
8,288.0000,23,11,359.2670,-86.2404,-0.1808,35,0.8750,0.0000,4,5,2,0,0,5,2,0.6000
8,288.0000,23,19,681.8714,-88.9815,0.2212,4,0.1000,0.8571,7,8,8,0,0,8,8,0.0000
8,288.0000,23,26,317.6982,-85.2237,-0.6281,36,0.9000,0.2000,5,5,1,0,0,5,1,0.8000
8,288.0000,24,2,383.4037,-86.9773,0.1836,26,0.6500,0.5714,7,5,2,0,0,5,2,0.6000
8,288.0000,24,10,447.3004,-87.1781,-0.7304,28,0.7000,0.7143,7,8,8,0,0,8,8,0.0000
8,288.0000,24,12,502.3698,-88.3361,0.2634,9,0.2250,1.0000,8,8,7,0,0,8,7,0.1250
8,288.0000,24,16,556.7319,-88.0975,-0.4350,18,0.4500,1.0000,10,6,6,0,0,6,6,0.0000
8,288.0000,24,18,214.2254,-80.6401,-0.9964,38,0.9500,0.0000,5,3,0,0,0,3,0,1.0000
8,288.0000,25,1,628.5730,-89.2835,-0.0213,8,0.2000,1.0000,4,8,8,0,0,8,8,0.0000
8,288.0000,25,7,505.9410,-87.8409,-0.2371,19,0.4750,0.7143,7,7,6,0,0,7,6,0.1429
8,288.0000,25,14,617.6312,-89.3173,-0.0599,8,0.2000,1.0000,6,4,4,0,0,4,4,0.0000
8,288.0000,25,17,686.8213,-89.3343,-0.2664,3,0.0750,1.0000,6,4,4,0,0,4,4,0.0000
8,288.0000,25,21,99.6190,-76.1874,0.9355,40,1.0000,0.0000,4,4,0,0,0,4,0,1.0000
8,288.0000,26,3,409.0089,-88.1111,0.3610,15,0.3750,1.0000,8,7,4,0,0,7,4,0.4286
8,288.0000,26,8,489.9260,-87.7546,-0.1393,21,0.5250,0.3333,6,8,8,0,0,8,8,0.0000
8,288.0000,26,9,473.0354,-87.6231,0.1378,20,0.5000,1.0000,8,8,7,0,0,8,7,0.1250
8,288.0000,26,11,456.0988,-88.2560,-0.0232,15,0.3750,0.6250,8,8,8,0,0,8,8,0.0000
8,288.0000,26,13,598.0167,-88.6812,-0.1674,9,0.2250,1.0000,8,8,8,0,0,8,8,0.0000
8,288.0000,26,23,317.6982,-85.5827,-0.0829,36,0.9000,0.0000,4,6,2,0,0,6,2,0.6667
8,288.0000,27,15,358.8950,-87.8512,0.3200,24,0.6000,0.8750,8,5,2,0,0,5,2,0.6000
8,288.0000,27,22,427.9186,-86.9174,-0.0937,28,0.7000,0.6250,8,8,7,0,0,8,7,0.1250
8,292.0000,1,2,503.2625,-88.7280,0.1130,11,0.2683,1.0000,8,6,3,0,0,6,3,0.5000
8,292.0000,1,12,598.8978,-88.9142,-0.3101,13,0.3171,1.0000,8,8,8,0,0,8,8,0.0000
8,292.0000,1,17,281.1723,-84.8160,0.2204,38,0.9268,0.0000,5,4,0,0,0,4,0,1.0000
8,292.0000,1,21,549.9049,-88.4404,0.3423,8,0.1951,1.0000,6,8,8,0,0,8,8,0.0000
8,292.0000,2,1,503.2625,-88.0995,0.3323,11,0.2750,0.8000,5,8,6,0,0,8,6,0.2500
8,292.0000,2,7,530.8028,-88.7206,-0.0864,13,0.3250,0.8889,9,7,6,0,0,7,6,0.1429
8,292.0000,2,12,148.6685,-77.7602,0.0094,40,1.0000,0.0000,4,5,1,0,0,5,1,0.8000
8,292.0000,2,17,483.8695,-88.0093,0.9658,12,0.3000,0.8750,8,7,6,0,0,7,6,0.1429
8,292.0000,2,21,579.7546,-89.4253,0.1177,3,0.0750,1.0000,4,8,8,0,0,8,8,0.0000
8,292.0000,2,24,388.4103,-86.4589,0.1138,28,0.7000,0.2000,5,6,3,0,0,6,3,0.5000
8,292.0000,3,11,511.2467,-89.1519,0.0707,10,0.2500,0.8571,7,7,4,0,0,7,4,0.4286
8,292.0000,3,23,379.5532,-87.0775,0.3244,31,0.7750,0.5714,7,7,6,0,0,7,6,0.1429
8,292.0000,3,26,258.9154,-85.5230,0.9047,36,0.9000,0.4000,5,4,0,0,0,4,0,1.0000
8,292.0000,4,8,592.9124,-87.7180,-0.3114,7,0.1750,0.8571,7,8,8,9,8,17,16,0.0588
8,292.0000,4,9,233.3810,-83.6939,0.8361,39,0.9750,0.0000,4,4,0,0,0,4,0,1.0000
8,292.0000,4,11,437.4042,-86.7061,-0.3384,30,0.7500,0.5000,6,6,4,0,0,6,4,0.3333
8,292.0000,4,19,336.6217,-87.5411,0.2152,29,0.7250,0.4000,5,4,0,0,0,4,0,1.0000
8,292.0000,4,23,489.8818,-87.8939,-0.5609,23,0.5750,0.6667,6,7,6,0,0,7,6,0.1429
8,292.0000,4,26,735.0664,-88.6899,0.0509,3,0.0750,,0,4,4,0,0,4,4,0.0000
8,292.0000,5,8,471.9650,-88.3545,0.0499,14,0.3500,1.0000,8,4,0,0,0,4,0,1.0000
8,292.0000,5,13,376.4889,-87.7721,0.1918,26,0.6500,0.5000,6,6,2,0,0,6,2,0.6667
8,292.0000,6,7,391.5853,-87.6901,0.0499,22,0.5500,0.5000,6,4,0,0,0,4,0,1.0000
8,292.0000,6,14,212.7879,-81.8451,-0.3696,38,0.9500,0.0000,4,4,0,0,0,4,0,1.0000
8,292.0000,6,20,269.1030,-84.3783,0.0883,40,1.0000,0.0000,4,5,1,0,0,5,1,0.8000
8,292.0000,7,2,530.8028,-88.9917,-0.0514,14,0.3500,0.8571,7,8,8,0,0,8,8,0.0000
8,292.0000,7,6,391.5853,-88.0094,0.4171,21,0.5250,0.8571,7,6,2,0,0,6,2,0.6667
8,292.0000,7,12,559.9097,-88.8175,0.2782,7,0.1750,0.8750,8,8,8,0,0,8,8,0.0000
8,292.0000,7,14,185.2519,-83.6541,1.2480,39,0.9750,0.0000,4,4,0,0,0,4,0,1.0000
8,292.0000,7,17,527.8208,-88.5281,-0.1332,17,0.4250,1.0000,8,8,7,0,0,8,7,0.1250
8,292.0000,7,20,449.5553,-88.2939,0.3583,17,0.4250,0.8571,7,4,0,0,0,4,0,1.0000
8,292.0000,7,21,417.8753,-87.6510,0.2844,18,0.4500,0.5714,7,6,4,0,0,6,4,0.3333
8,292.0000,7,24,620.1083,-88.9767,0.0137,4,0.1000,1.0000,6,8,8,0,0,8,8,0.0000
8,292.0000,7,25,535.4558,-88.0988,0.1491,8,0.2000,0.8571,7,8,8,0,0,8,8,0.0000
8,292.0000,8,4,592.9124,-88.5933,-0.4340,10,0.2500,0.8571,7,8,8,0,0,8,8,0.0000
8,292.0000,8,5,471.9650,-88.3206,0.0913,18,0.4500,0.7143,7,7,5,0,0,7,5,0.2857
8,292.0000,8,9,449.0540,-86.5961,-0.9877,30,0.7500,0.4000,5,8,8,0,0,8,8,0.0000
8,292.0000,8,11,302.4593,-84.6179,-0.3097,37,0.9250,0.0000,4,5,1,0,0,5,1,0.8000
8,292.0000,8,13,225.8780,-84.3244,1.1390,36,0.9000,0.0000,4,4,0,0,0,4,0,1.0000
8,292.0000,8,23,663.4840,-88.6829,-0.2534,7,0.1750,0.9000,10,4,4,0,0,4,4,0.0000
8,292.0000,8,26,584.9428,-88.6656,0.2084,8,0.2000,0.8750,8,8,8,0,0,8,8,0.0000
8,292.0000,9,4,233.3810,-83.8631,0.5638,40,1.0000,0.0000,4,4,0,6,1,10,1,0.9000
8,292.0000,9,8,449.0540,-87.2131,-0.8364,33,0.8250,0.4038,104,8,8,131,117,139,125,0.1007
8,292.0000,9,11,299.5217,-84.9592,-0.8363,38,0.9500,0.2000,5,6,3,0,0,6,3,0.5000
8,292.0000,9,13,646.6505,-89.0163,-0.3581,4,0.1000,1.0000,8,4,4,0,0,4,4,0.0000
8,292.0000,9,19,470.1061,-88.3793,0.4487,18,0.4500,0.8571,7,5,2,0,0,5,2,0.6000
8,292.0000,9,23,341.2091,-87.3424,-0.5100,28,0.7000,0.2000,5,5,2,0,0,5,2,0.6000
8,292.0000,9,26,521.5304,-88.9155,0.1810,19,0.4750,0.8750,8,8,8,0,0,8,8,0.0000
8,292.0000,10,12,614.0632,-87.9333,0.3052,5,0.1250,1.0000,8,2,2,0,0,2,2,0.0000
8,292.0000,10,16,353.6675,-86.8171,0.7550,28,0.7000,0.7143,7,5,1,0,0,5,1,0.8000
8,292.0000,10,18,560.6875,-87.2307,-0.8237,14,0.3500,0.8750,8,8,8,0,0,8,8,0.0000
8,292.0000,10,24,590.2338,-88.0458,-0.2538,10,0.2500,0.8571,7,8,8,0,0,8,8,0.0000
8,292.0000,11,3,511.2467,-89.3052,0.2069,5,0.1250,1.0000,8,7,6,0,0,7,6,0.1429
8,292.0000,11,4,437.4042,-86.2528,-0.4925,29,0.7250,0.6250,8,7,6,0,0,7,6,0.1429
8,292.0000,11,8,302.4593,-85.4826,-0.0893,37,0.9250,0.0000,4,7,4,0,0,7,4,0.4286
8,292.0000,11,9,299.5217,-84.8505,-0.0581,38,0.9500,0.0000,4,5,1,0,0,5,1,0.8000
8,292.0000,11,13,506.5593,-89.0117,1.1135,6,0.1500,1.0000,8,8,7,0,0,8,7,0.1250
8,292.0000,11,23,429.3770,-87.4762,0.1070,31,0.7750,0.4000,5,8,8,0,0,8,8,0.0000
8,292.0000,11,26,448.3284,-87.8880,-0.4398,22,0.5500,1.0000,8,7,5,0,0,7,5,0.2857
8,292.0000,12,1,598.8978,-89.0942,-0.2376,8,0.2000,0.8571,7,8,8,0,0,8,8,0.0000
8,292.0000,12,2,148.6685,-78.3634,-0.0511,38,0.9500,0.0000,5,4,0,0,0,4,0,1.0000
8,292.0000,12,7,559.9097,-88.7703,-0.0012,6,0.1500,1.0000,8,8,8,0,0,8,8,0.0000
8,292.0000,12,10,614.0632,-89.1153,-0.7308,5,0.1250,1.0000,8,6,6,0,0,6,6,0.0000
8,292.0000,12,17,539.5953,-88.1246,-0.8383,15,0.3750,0.8571,7,8,8,0,0,8,8,0.0000
8,292.0000,12,18,608.5901,-88.3935,0.2925,3,0.0750,1.0000,6,8,8,0,0,8,8,0.0000
8,292.0000,12,24,346.1583,-87.2261,0.5274,21,0.5250,0.5714,7,4,0,0,0,4,0,1.0000
8,292.0000,13,5,376.4889,-87.5012,0.4789,27,0.6750,0.8750,8,5,2,0,0,5,2,0.6000
8,292.0000,13,8,225.8780,-84.5872,1.3812,35,0.8750,0.0000,4,5,1,0,0,5,1,0.8000
8,292.0000,13,11,506.5593,-88.9502,-0.4751,7,0.1750,1.0000,8,8,8,0,0,8,8,0.0000
8,292.0000,13,26,669.2016,-88.8728,-0.2989,3,0.0750,0.8571,7,8,8,0,0,8,8,0.0000
8,292.0000,14,6,212.7879,-81.8216,-0.0949,40,1.0000,0.0000,4,4,0,0,0,4,0,1.0000
8,292.0000,14,7,185.2519,-84.0262,1.2148,35,0.8750,0.0000,4,4,0,0,0,4,0,1.0000
8,292.0000,14,20,295.7338,-85.6418,-0.1675,39,0.9750,0.2000,5,4,0,0,0,4,0,1.0000
8,292.0000,14,21,517.9340,-88.5547,-0.0069,11,0.2750,1.0000,8,8,7,0,0,8,7,0.1250
8,292.0000,14,25,597.8208,-89.3585,-0.2324,3,0.0750,1.0000,8,6,6,0,0,6,6,0.0000
8,292.0000,15,22,200.0394,-82.0487,0.0925,40,1.0000,0.0000,4,4,0,0,0,4,0,1.0000
8,292.0000,15,27,325.5619,-85.9065,-0.0556,36,0.9000,0.2000,5,4,0,0,0,4,0,1.0000
8,292.0000,16,10,353.6675,-86.8610,0.1702,27,0.6750,1.0000,8,4,0,0,0,4,0,1.0000
8,292.0000,16,18,456.0681,-88.0336,-0.2023,28,0.7000,0.8750,8,8,8,0,0,8,8,0.0000
8,292.0000,16,24,665.9288,-88.9422,-0.7227,3,0.0750,0.8750,8,2,2,0,0,2,2,0.0000
8,292.0000,17,1,281.1723,-84.2514,-0.0692,38,0.9500,0.0000,4,4,0,0,0,4,0,1.0000
8,292.0000,17,2,483.8695,-88.5446,-0.1511,14,0.3500,0.8750,8,7,5,0,0,7,5,0.2857
8,292.0000,17,7,527.8208,-88.1112,-0.0765,13,0.3250,0.6667,6,8,7,0,0,8,7,0.1250
8,292.0000,17,12,539.5953,-87.5111,-0.3349,18,0.4500,1.0000,8,6,6,0,0,6,6,0.0000
8,292.0000,17,21,490.0546,-88.5175,0.2143,8,0.2000,0.7500,4,6,4,0,0,6,4,0.3333
8,292.0000,18,10,560.6875,-88.5727,-0.3381,15,0.3750,0.8750,8,8,8,0,0,8,8,0.0000
8,292.0000,18,12,608.5901,-89.0958,0.1978,6,0.1500,1.0000,6,8,8,0,0,8,8,0.0000
8,292.0000,18,16,456.0681,-87.3110,-0.7033,26,0.6500,0.8571,7,7,5,0,0,7,5,0.2857
8,292.0000,18,24,332.6817,-84.4727,-1.1762,36,0.9000,0.0000,4,8,7,0,0,8,7,0.1250
8,292.0000,19,4,336.6217,-86.8695,0.7304,22,0.5500,0.2000,5,6,3,0,0,6,3,0.5000
8,292.0000,19,9,470.1061,-88.0242,0.4524,16,0.4000,0.8571,7,6,3,0,0,6,3,0.5000
8,292.0000,20,6,269.1030,-83.9619,-0.2496,38,0.9744,0.0000,4,4,0,0,0,4,0,1.0000
8,292.0000,20,7,449.5553,-87.7745,0.5965,11,0.2821,1.0000,8,4,0,0,0,4,0,1.0000
8,292.0000,20,14,295.7338,-85.3193,0.2391,36,0.9231,0.0000,4,4,0,0,0,4,0,1.0000
8,292.0000,20,21,638.6206,-89.6899,0.0546,3,0.0769,1.0000,4,8,8,0,0,8,8,0.0000
8,292.0000,21,1,549.9049,-88.8835,0.2680,7,0.1750,1.0000,8,8,8,0,0,8,8,0.0000
8,292.0000,21,2,579.7546,-89.4760,0.4492,3,0.0750,1.0000,4,7,6,0,0,7,6,0.1429
8,292.0000,21,7,417.8753,-87.2794,-0.3668,18,0.4500,0.6000,5,8,5,0,0,8,5,0.3750
8,292.0000,21,14,517.9340,-88.3930,-0.6204,10,0.2500,1.0000,8,8,7,0,0,8,7,0.1250
8,292.0000,21,17,490.0546,-88.5871,0.0313,6,0.1500,0.8750,8,5,1,0,0,5,1,0.8000
8,292.0000,21,25,156.5554,-76.6602,-1.0547,39,0.9750,0.0000,4,4,0,0,0,4,0,1.0000
8,292.0000,22,15,200.0394,-81.6345,0.0567,40,1.0000,0.0000,4,4,0,0,0,4,0,1.0000
8,292.0000,22,27,494.0782,-87.7820,-0.2329,21,0.5250,0.7143,7,5,4,0,0,5,4,0.2000
8,292.0000,23,3,379.5532,-86.8780,-0.0145,28,0.7000,0.4286,7,6,3,0,0,6,3,0.5000
8,292.0000,23,4,489.8818,-88.4757,-0.0085,18,0.4500,0.8750,8,8,8,0,0,8,8,0.0000
8,292.0000,23,8,663.4840,-88.2058,-0.7582,8,0.2000,1.0000,8,2,2,0,0,2,2,0.0000
8,292.0000,23,9,341.2091,-86.1208,0.1345,26,0.6500,0.4286,7,4,0,0,0,4,0,1.0000
8,292.0000,23,11,429.3770,-86.9450,0.3115,23,0.5750,0.4000,5,7,5,0,0,7,5,0.2857
8,292.0000,23,26,349.9390,-85.9002,-0.3482,29,0.7250,0.2000,5,6,2,0,0,6,2,0.6667
8,292.0000,24,2,388.4103,-86.9127,-0.0138,33,0.8250,0.4000,5,6,3,0,0,6,3,0.5000
8,292.0000,24,7,620.1083,-89.1545,-0.4108,5,0.1250,1.0000,8,8,8,0,0,8,8,0.0000
8,292.0000,24,10,590.2338,-88.5788,-0.4381,16,0.4000,1.0000,8,8,8,0,0,8,8,0.0000
8,292.0000,24,12,346.1583,-87.8198,0.7660,28,0.7000,0.8750,8,5,1,0,0,5,1,0.8000
8,292.0000,24,14,661.4687,-89.1573,0.0112,4,0.1000,1.0000,4,8,8,0,0,8,8,0.0000
8,292.0000,24,16,665.9288,-89.2450,0.2240,7,0.1750,1.0000,6,8,8,0,0,8,8,0.0000
8,292.0000,24,18,332.6817,-83.7789,-0.5258,38,0.9500,0.0000,3,4,0,0,0,4,0,1.0000
8,292.0000,25,7,535.4558,-88.2095,-0.0952,18,0.4500,0.8571,7,8,8,0,0,8,8,0.0000
8,292.0000,25,14,597.8208,-88.8061,-0.2839,5,0.1250,1.0000,4,10,10,0,0,10,10,0.0000
8,292.0000,25,17,629.9396,-89.0356,-0.2016,3,0.0750,1.0000,4,8,8,0,0,8,8,0.0000
8,292.0000,25,21,156.5554,-76.9868,-1.2061,39,0.9750,0.0000,4,4,0,0,0,4,0,1.0000
8,292.0000,26,3,258.9154,-85.9932,0.9621,35,0.8750,0.5714,7,4,0,0,0,4,0,1.0000
8,292.0000,26,8,584.9428,-88.5336,-0.3566,7,0.1750,1.0000,8,8,8,0,0,8,8,0.0000
8,292.0000,26,9,521.5304,-88.1390,0.0430,18,0.4500,0.8750,8,8,8,0,0,8,8,0.0000
8,292.0000,26,11,448.3284,-87.6397,-0.3820,18,0.4500,1.0000,8,8,7,0,0,8,7,0.1250
8,292.0000,26,13,669.2016,-88.3108,1.0712,4,0.1000,1.0000,8,8,8,0,0,8,8,0.0000
8,292.0000,26,23,349.9390,-85.9529,-0.4019,34,0.8500,0.3333,6,6,2,0,0,6,2,0.6667
8,292.0000,27,15,325.5619,-86.1434,0.0535,31,0.7750,0.4000,5,8,6,0,0,8,6,0.2500
8,292.0000,27,22,494.0782,-87.5765,0.0429,20,0.5000,0.8750,8,8,6,0,0,8,6,0.2500
8,296.0000,0,5,564.5338,-88.8733,0.2592,5,0.1250,0.8333,6,8,8,0,0,8,8,0.0000
8,296.0000,1,2,414.1738,-87.7868,0.4913,21,0.5250,0.5000,6,5,2,0,0,5,2,0.6000
8,296.0000,1,3,627.7292,-89.4217,0.3084,4,0.1000,,0,6,6,0,0,6,6,0.0000
8,296.0000,1,12,676.2430,-89.1919,-0.6128,3,0.0750,1.0000,8,8,8,0,0,8,8,0.0000
8,296.0000,1,17,362.1845,-85.8985,-0.8587,34,0.8500,0.0000,4,7,4,0,0,7,4,0.4286
8,296.0000,1,21,498.5211,-88.6178,-0.4136,14,0.3500,1.0000,8,10,9,0,0,10,9,0.1000
8,296.0000,2,1,414.1738,-88.0730,-0.1050,19,0.4750,0.7500,8,7,6,0,0,7,6,0.1429
8,296.0000,2,7,574.3791,-89.1231,0.1029,12,0.3000,0.8571,7,7,6,0,0,7,6,0.1429
8,296.0000,2,12,285.1729,-81.8278,-1.4224,40,1.0000,0.2000,5,8,5,0,0,8,5,0.3750
8,296.0000,2,14,622.6259,-89.3692,-0.1609,4,0.1000,1.0000,8,7,6,0,0,7,6,0.1429
8,296.0000,2,17,482.0647,-88.0775,-0.2645,18,0.4500,0.8571,7,7,6,0,0,7,6,0.1429
8,296.0000,2,21,446.7654,-88.2841,0.5856,15,0.3750,1.0000,8,6,4,0,0,6,4,0.3333
8,296.0000,2,24,398.4214,-87.4176,-0.1597,26,0.6500,0.5000,6,7,5,0,0,7,5,0.2857
8,296.0000,3,9,611.4932,-89.0974,-0.3768,8,0.2000,1.0000,6,8,8,0,0,8,8,0.0000
8,296.0000,3,11,451.7329,-88.5959,-0.1385,19,0.4750,0.5714,7,6,4,0,0,6,4,0.3333
8,296.0000,3,23,414.2379,-86.4726,0.1233,22,0.5500,0.8571,7,8,6,0,0,8,6,0.2500
8,296.0000,3,26,138.5834,-81.4462,1.2501,38,0.9500,0.0000,4,4,0,0,0,4,0,1.0000
8,296.0000,4,8,674.9326,-88.8633,0.5482,4,0.1000,0.9412,17,4,4,0,0,4,4,0.0000
8,296.0000,4,9,281.3517,-83.7583,-0.5463,39,0.9750,0.0000,4,6,3,0,0,6,3,0.5000
8,296.0000,4,11,571.9296,-88.2685,-0.1917,11,0.2750,0.6667,6,8,8,0,0,8,8,0.0000
8,296.0000,4,19,234.9693,-85.1747,0.8331,37,0.9250,0.0000,4,4,0,0,0,4,0,1.0000
8,296.0000,4,23,605.6527,-88.4656,-0.2122,16,0.4000,0.8571,7,6,6,0,0,6,6,0.0000
8,296.0000,5,0,564.5338,-88.8351,-0.1834,5,0.1250,1.0000,6,3,2,0,0,3,2,0.3333
8,296.0000,5,8,481.8465,-87.4278,0.8708,14,0.3500,0.0000,4,8,5,0,0,8,5,0.3750
8,296.0000,5,13,366.8701,-86.4993,0.1282,30,0.7500,0.3333,6,6,3,0,0,6,3,0.5000
8,296.0000,6,7,295.1165,-86.2741,0.3653,32,0.8000,0.0000,4,5,1,0,0,5,1,0.8000
8,296.0000,6,14,246.6376,-82.5082,-0.4710,40,1.0000,0.0000,4,4,0,0,0,4,0,1.0000
8,296.0000,6,20,315.4823,-85.1296,0.0180,39,0.9750,0.2000,5,6,2,0,0,6,2,0.6667
8,296.0000,7,2,574.3791,-88.6134,-0.6045,10,0.2500,1.0000,8,8,8,0,0,8,8,0.0000
8,296.0000,7,6,295.1165,-86.4405,0.5212,31,0.7750,0.3333,6,5,1,0,0,5,1,0.8000
8,296.0000,7,12,597.8846,-88.7577,0.0801,7,0.1750,1.0000,8,4,4,0,0,4,4,0.0000
8,296.0000,7,14,53.3863,-75.7216,3.3258,39,0.9750,0.0000,4,4,0,0,0,4,0,1.0000
8,296.0000,7,17,575.4853,-88.5704,-0.5834,15,0.3750,0.8750,8,8,8,0,0,8,8,0.0000
8,296.0000,7,20,326.1895,-87.1925,0.4324,29,0.7250,0.0000,4,5,1,0,0,5,1,0.8000
8,296.0000,7,21,470.1206,-87.8742,-0.1751,20,0.5000,0.6667,6,8,8,0,0,8,8,0.0000
8,296.0000,7,24,565.4965,-88.7513,0.4041,7,0.1750,1.0000,8,8,8,0,0,8,8,0.0000
8,296.0000,7,25,580.5690,-88.3433,-0.0783,12,0.3000,1.0000,8,8,7,0,0,8,7,0.1250
8,296.0000,8,4,674.9326,-88.9779,0.0242,4,0.1000,1.0000,8,4,4,0,0,4,4,0.0000
8,296.0000,8,5,481.8465,-88.3971,0.3678,19,0.4750,0.7143,7,8,6,0,0,8,6,0.2500
8,296.0000,8,9,610.5402,-88.1270,-0.2100,16,0.4000,1.0000,8,4,4,0,0,4,4,0.0000
8,296.0000,8,11,320.7663,-85.8025,0.3029,37,0.9250,0.2000,5,5,1,0,0,5,1,0.8000
8,296.0000,8,13,142.6538,-80.5054,1.0448,40,1.0000,0.0000,4,4,0,0,0,4,0,1.0000
8,296.0000,9,3,611.4932,-88.8925,0.6037,3,0.0750,1.0000,8,8,8,0,0,8,8,0.0000
8,296.0000,9,4,281.3517,-84.4275,-0.1482,39,0.9750,0.1000,10,4,0,0,0,4,0,1.0000
8,296.0000,9,8,610.5402,-88.6633,0.2702,12,0.3000,0.8993,139,4,4,143,142,147,146,0.0068
8,296.0000,9,11,412.9615,-87.1124,-0.2375,34,0.8500,0.5000,6,10,8,0,0,10,8,0.2000
8,296.0000,9,19,367.2778,-86.9167,0.5053,22,0.5500,0.4000,5,4,0,0,0,4,0,1.0000
8,296.0000,9,23,332.8839,-86.2162,-0.0168,32,0.8000,0.4000,5,8,6,0,0,8,6,0.2500
8,296.0000,9,26,580.8533,-88.3355,0.1021,11,0.2750,1.0000,8,8,8,0,0,8,8,0.0000
8,296.0000,10,16,294.0318,-85.5740,0.1702,37,0.9250,0.2000,5,4,0,0,0,4,0,1.0000
8,296.0000,10,18,647.3470,-88.7758,0.4412,5,0.1250,1.0000,8,4,4,0,0,4,4,0.0000
8,296.0000,11,3,451.7329,-87.8717,0.2231,11,0.2750,0.8571,7,6,4,0,0,6,4,0.3333
8,296.0000,11,4,571.9296,-88.5563,0.1408,17,0.4250,0.8571,7,7,6,0,0,7,6,0.1429
8,296.0000,11,8,320.7663,-85.4685,-0.2309,37,0.9250,0.5714,7,5,1,0,0,5,1,0.8000
8,296.0000,11,9,412.9615,-86.3501,-1.7558,31,0.7750,0.2000,5,7,5,0,0,7,5,0.2857
8,296.0000,11,13,452.9261,-87.4707,-0.2816,21,0.5250,0.8750,8,8,8,0,0,8,8,0.0000
8,296.0000,11,23,515.8805,-88.4499,-0.2040,17,0.4250,1.0000,8,8,8,0,0,8,8,0.0000
8,296.0000,11,26,464.3506,-87.8796,0.1506,22,0.5500,0.7143,7,7,6,0,0,7,6,0.1429
8,296.0000,12,1,676.2430,-88.5903,-0.0131,6,0.1500,1.0000,8,4,4,0,0,4,4,0.0000
8,296.0000,12,2,285.1729,-81.8599,-1.1769,38,0.9500,0.0000,4,7,6,0,0,7,6,0.1429
8,296.0000,12,7,597.8846,-88.9976,0.0148,11,0.2750,1.0000,8,4,4,0,0,4,4,0.0000
8,296.0000,12,17,691.1076,-89.2729,-0.1614,3,0.0750,1.0000,8,6,6,0,0,6,6,0.0000
8,296.0000,12,18,468.1505,-88.5162,0.1770,11,0.2750,1.0000,8,4,0,0,0,4,0,1.0000
8,296.0000,12,24,228.6277,-84.7736,0.6452,33,0.8250,0.0000,4,4,0,0,0,4,0,1.0000
8,296.0000,13,5,366.8701,-86.8665,0.4712,32,0.7805,0.4000,5,7,5,0,0,7,5,0.2857
8,296.0000,13,8,142.6538,-80.7219,0.9631,41,1.0000,0.2000,5,5,1,0,0,5,1,0.8000
8,296.0000,13,11,452.9261,-88.0716,0.2548,16,0.3902,1.0000,8,6,4,0,0,6,4,0.3333
8,296.0000,13,26,746.2289,-89.4493,0.1211,5,0.1220,1.0000,8,2,2,0,0,2,2,0.0000
8,296.0000,14,2,622.6259,-89.4720,0.1277,5,0.1250,1.0000,6,6,6,0,0,6,6,0.0000
8,296.0000,14,6,246.6376,-82.8821,-0.0187,40,1.0000,0.0000,4,4,0,0,0,4,0,1.0000
8,296.0000,14,7,53.3863,-75.9366,2.9013,40,1.0000,0.0000,4,5,1,0,0,5,1,0.8000
8,296.0000,14,20,301.7797,-85.9492,0.1687,37,0.9250,0.0000,4,4,0,0,0,4,0,1.0000
8,296.0000,14,21,495.0605,-88.5787,0.4602,8,0.2000,0.8750,8,8,6,0,0,8,6,0.2500
8,296.0000,14,24,597.9177,-89.2446,0.1623,7,0.1750,1.0000,8,6,5,0,0,6,5,0.1667
8,296.0000,14,25,582.7585,-88.6777,0.6508,4,0.1000,1.0000,6,8,8,0,0,8,8,0.0000
8,296.0000,15,22,273.9770,-82.7274,-0.5892,40,1.0000,0.0000,4,4,0,0,0,4,0,1.0000
8,296.0000,15,27,375.2038,-86.3572,0.0177,34,0.8500,0.0000,4,4,0,0,0,4,0,1.0000
8,296.0000,16,10,294.0318,-85.5723,0.4572,36,0.9000,0.0000,4,5,1,0,0,5,1,0.8000
8,296.0000,16,18,565.0237,-88.8278,-0.1990,12,0.3000,1.0000,8,8,8,0,0,8,8,0.0000
8,296.0000,17,1,362.1845,-85.6410,-0.5980,35,0.8750,0.0000,4,7,5,0,0,7,5,0.2857
8,296.0000,17,2,482.0647,-88.5600,-0.1020,17,0.4250,0.7143,7,7,5,0,0,7,5,0.2857
8,296.0000,17,7,575.4853,-88.7116,-0.3827,7,0.1750,0.8750,8,8,8,0,0,8,8,0.0000
8,296.0000,17,14,616.1934,-89.3593,0.3364,4,0.1000,1.0000,2,8,8,0,0,8,8,0.0000
8,296.0000,17,21,390.5191,-87.9096,-0.1282,20,0.5000,0.6667,6,5,2,0,0,5,2,0.6000
8,296.0000,17,25,577.3033,-88.7259,-0.1481,6,0.1500,1.0000,8,8,7,0,0,8,7,0.1250
8,296.0000,18,10,647.3470,-88.1585,0.7851,6,0.1500,1.0000,8,2,2,0,0,2,2,0.0000
8,296.0000,18,12,468.1505,-87.6124,0.0337,4,0.1000,1.0000,8,5,1,0,0,5,1,0.8000
8,296.0000,18,16,565.0237,-88.6086,-0.1685,14,0.3500,0.7143,7,8,8,0,0,8,8,0.0000
8,296.0000,18,24,372.7062,-86.1937,-0.3723,30,0.7500,0.8750,8,5,1,0,0,5,1,0.8000
8,296.0000,19,4,234.9693,-85.0310,0.9470,39,0.9750,0.5000,6,4,0,0,0,4,0,1.0000
8,296.0000,19,9,367.2778,-86.9401,0.8672,19,0.4750,0.5000,6,7,5,0,0,7,5,0.2857
8,296.0000,19,23,626.3503,-89.0287,0.5159,3,0.0750,1.0000,4,8,8,0,0,8,8,0.0000
8,296.0000,20,6,315.4823,-85.4578,-0.2298,39,0.9750,0.0000,4,5,1,0,0,5,1,0.8000
8,296.0000,20,7,326.1895,-86.7875,0.5072,24,0.6000,0.0000,4,4,0,0,0,4,0,1.0000
8,296.0000,20,14,301.7797,-85.2247,-0.0235,38,0.9500,0.0000,4,4,0,0,0,4,0,1.0000
8,296.0000,20,21,606.3211,-88.9523,0.3129,5,0.1250,1.0000,8,8,8,0,0,8,8,0.0000
8,296.0000,20,24,536.0597,-89.2088,0.0277,7,0.1750,1.0000,2,8,7,0,0,8,7,0.1250
8,296.0000,21,1,498.5211,-88.3349,0.1584,13,0.3250,1.0000,8,8,6,0,0,8,6,0.2500
8,296.0000,21,2,446.7654,-88.5001,0.2231,19,0.4750,0.8571,7,5,2,0,0,5,2,0.6000
8,296.0000,21,7,470.1206,-87.7211,-0.2365,18,0.4500,0.6250,8,7,5,0,0,7,5,0.2857
8,296.0000,21,14,495.0605,-87.9881,0.2306,21,0.5250,0.8750,8,7,6,0,0,7,6,0.1429
8,296.0000,21,17,390.5191,-87.1940,0.3309,26,0.6500,0.2000,5,7,5,0,0,7,5,0.2857
8,296.0000,21,20,606.3211,-88.8281,-0.0814,6,0.1500,1.0000,8,8,8,0,0,8,8,0.0000
8,296.0000,21,25,257.0594,-81.7884,-1.0886,40,1.0000,0.0000,4,5,2,0,0,5,2,0.6000
8,296.0000,22,10,701.9739,-88.8288,0.4527,3,0.0750,1.0000,6,6,6,0,0,6,6,0.0000
8,296.0000,22,15,273.9770,-83.1361,-0.8838,40,1.0000,0.0000,4,6,4,0,0,6,4,0.3333
8,296.0000,22,27,541.6226,-88.0817,-0.1447,14,0.3500,0.8000,5,8,8,0,0,8,8,0.0000
8,296.0000,23,3,414.2379,-86.8616,-0.3204,26,0.6500,0.5000,6,8,7,0,0,8,7,0.1250
8,296.0000,23,4,605.6527,-88.1115,-0.2260,13,0.3250,1.0000,8,6,6,0,0,6,6,0.0000
8,296.0000,23,9,332.8839,-86.3571,0.2679,38,0.9500,0.0000,4,6,2,0,0,6,2,0.6667
8,296.0000,23,11,515.8805,-88.1420,-0.5421,20,0.5000,0.7143,7,8,8,0,0,8,8,0.0000
8,296.0000,23,19,626.3503,-88.9154,-0.6571,3,0.0750,1.0000,8,4,4,0,0,4,4,0.0000
8,296.0000,23,26,391.4454,-86.7449,-0.0684,26,0.6500,0.3333,6,5,1,0,0,5,1,0.8000
8,296.0000,24,2,398.4214,-86.2944,0.4585,29,0.7250,0.5000,6,7,3,0,0,7,3,0.5714
8,296.0000,24,7,565.4965,-88.3956,0.2199,9,0.2250,1.0000,8,8,8,0,0,8,8,0.0000
8,296.0000,24,12,228.6277,-84.8386,0.3817,37,0.9250,0.2000,5,4,0,0,0,4,0,1.0000
8,296.0000,24,14,597.9177,-88.3824,-0.0247,3,0.0750,1.0000,8,8,8,0,0,8,8,0.0000
8,296.0000,24,18,372.7062,-86.4315,0.4229,29,0.7250,0.0000,4,6,3,0,0,6,3,0.5000
8,296.0000,24,20,536.0597,-89.2407,0.6069,4,0.1000,1.0000,8,7,5,0,0,7,5,0.2857
8,296.0000,25,7,580.5690,-88.8082,-0.6566,8,0.2000,1.0000,8,8,8,0,0,8,8,0.0000
8,296.0000,25,14,582.7585,-88.9915,0.0655,6,0.1500,1.0000,10,8,8,0,0,8,8,0.0000
8,296.0000,25,17,577.3033,-89.0102,-0.2169,6,0.1500,1.0000,8,8,8,0,0,8,8,0.0000
8,296.0000,25,20,656.2622,-89.6022,0.1553,3,0.0750,1.0000,4,8,8,0,0,8,8,0.0000
8,296.0000,25,21,257.0594,-81.9183,-1.1942,39,0.9750,0.0000,4,6,3,0,0,6,3,0.5000
8,296.0000,26,3,138.5834,-81.7537,1.7124,38,0.9500,0.0000,4,4,0,0,0,4,0,1.0000
8,296.0000,26,8,670.2809,-89.2322,0.2820,4,0.1000,1.0000,8,6,6,0,0,6,6,0.0000
8,296.0000,26,9,580.8533,-89.2414,-0.0044,5,0.1250,1.0000,8,8,8,0,0,8,8,0.0000
8,296.0000,26,11,464.3506,-87.9455,0.3330,18,0.4500,0.8750,8,6,4,0,0,6,4,0.3333
8,296.0000,26,13,746.2289,-89.0663,0.2135,5,0.1250,1.0000,8,2,2,0,0,2,2,0.0000
8,296.0000,26,23,391.4454,-86.7451,0.2381,28,0.7000,0.3333,6,6,2,0,0,6,2,0.6667
8,296.0000,27,15,375.2038,-86.1098,-0.2475,35,0.8750,0.7500,8,5,2,0,0,5,2,0.6000
8,296.0000,27,22,541.6226,-88.6878,-0.5984,13,0.3250,0.7500,8,7,6,0,0,7,6,0.1429
