t_s,node,x,y,z
0.000,0,802.366,842.898,341.762
0.000,1,1571.393,773.060,198.317
0.000,2,609.176,504.828,156.816
0.000,3,1396.816,588.156,457.010
0.000,4,1396.030,1084.369,250.172
0.000,5,1443.770,725.935,216.352
0.000,6,1671.299,177.182,373.253
0.000,7,101.201,185.682,369.127
0.000,8,562.947,1236.185,482.277
0.000,9,1784.928,762.452,488.176
0.000,10,886.820,962.576,597.713
0.000,11,1237.379,235.343,522.602
0.000,12,725.135,316.991,287.388
0.000,13,368.266,475.908,578.045
0.000,14,1922.587,107.818,573.855
0.000,15,1891.105,517.097,210.504
0.000,16,1071.961,432.235,256.666
0.000,17,219.336,1165.963,561.628
0.000,18,1274.632,887.318,134.514
0.000,19,823.190,1091.997,117.433
0.000,20,726.411,278.138,564.446
0.000,21,1744.006,1109.398,271.056
0.000,22,1371.273,340.568,171.259
0.000,23,660.291,98.248,124.383
0.000,24,524.055,236.164,241.963
0.000,25,454.088,78.470,540.785
0.000,26,1588.448,1181.521,257.453
0.000,27,1697.436,81.533,372.107
0.000,28,2128.927,288.146,419.278
0.000,29,291.928,930.651,415.137
0.000,30,1623.730,648.570,164.539
0.000,31,2095.779,691.126,419.804
0.000,32,2133.190,471.605,571.292
0.000,33,566.081,421.115,314.513
0.000,34,1849.189,1175.264,376.917
0.000,35,505.208,1193.423,416.572
0.000,36,120.427,953.484,289.002
0.000,37,1514.232,808.908,503.999
0.000,38,486.219,1056.559,106.291
0.000,39,452.955,1041.479,541.813
0.000,40,1323.571,879.918,311.992
0.000,41,2003.739,367.817,310.782
0.000,42,1228.820,319.399,572.901
0.000,43,1665.969,147.972,564.246
0.000,44,1176.403,167.635,317.600
0.000,45,232.926,495.582,342.001
0.000,46,1919.980,804.431,593.548
0.000,47,1479.011,911.920,308.710
0.000,48,1674.251,208.121,137.616
0.000,49,562.969,919.563,444.022
5.000,0,812.360,722.858,346.679
5.000,1,1598.046,891.049,201.497
5.000,2,535.848,587.926,152.476
5.000,3,1464.499,483.515,459.585
5.000,4,1416.937,1164.352,245.041
5.000,5,1383.064,780.703,215.354
5.000,6,1667.112,272.166,367.783
5.000,7,184.952,262.192,374.646
5.000,8,622.414,1154.414,478.061
5.000,9,1720.296,844.960,489.654
5.000,10,786.966,901.385,596.985
5.000,11,1094.920,195.482,519.440
5.000,12,809.071,436.955,283.304
5.000,13,327.211,599.415,574.777
5.000,14,1854.339,169.328,575.815
5.000,15,1881.052,667.798,209.097
5.000,16,1100.077,502.351,257.675
5.000,17,292.845,1110.613,567.105
5.000,18,1276.294,795.729,133.602
5.000,19,949.848,1095.081,121.165
5.000,20,705.994,385.950,563.733
5.000,21,1856.772,1082.190,275.236
5.000,22,1282.309,330.672,167.482
5.000,23,735.700,174.987,129.995
5.000,24,496.377,151.586,243.726
5.000,25,337.921,74.987,542.220
5.000,26,1650.500,1131.736,259.964
5.000,27,1586.588,42.343,366.224
5.000,28,2084.126,184.190,412.320
5.000,29,216.638,884.031,415.971
5.000,30,1711.066,609.192,161.788
5.000,31,2046.767,613.823,416.120
5.000,32,2055.263,550.867,566.681
5.000,33,443.064,460.235,318.418
5.000,34,1768.908,1190.181,378.821
5.000,35,578.421,1277.713,417.913
5.000,36,53.248,834.465,287.519
5.000,37,1526.395,723.378,508.124
5.000,38,535.507,1143.030,105.857
5.000,39,548.787,946.270,546.139
5.000,40,1463.966,847.815,311.626
5.000,41,2018.663,242.471,309.203
5.000,42,1335.979,228.073,576.060
5.000,43,1603.610,285.880,564.667
5.000,44,1160.607,45.205,319.051
5.000,45,362.972,424.342,333.093
5.000,46,2018.345,795.343,593.636
5.000,47,1426.821,1014.069,312.199
5.000,48,1595.293,317.684,138.947
5.000,49,469.279,912.498,444.301
10.000,0,831.589,608.374,348.471
10.000,1,1642.519,1008.078,206.119
10.000,2,450.093,655.672,145.800
10.000,3,1534.414,373.732,461.653
10.000,4,1427.705,1242.885,241.523
10.000,5,1318.902,841.284,216.009
10.000,6,1666.444,369.671,362.228
10.000,7,274.714,334.077,381.344
10.000,8,689.453,1075.757,473.617
10.000,9,1654.840,922.967,492.211
10.000,10,680.732,846.185,592.078
10.000,11,939.392,157.115,513.440
10.000,12,881.256,568.001,279.911
10.000,13,305.350,732.301,571.978
10.000,14,1790.882,228.347,580.218
10.000,15,1888.560,815.294,212.102
10.000,16,1148.676,559.927,260.895
10.000,17,356.051,1040.113,571.149
10.000,18,1280.997,702.046,132.143
10.000,19,1066.919,1105.407,123.539
10.000,20,686.928,493.255,559.465
10.000,21,1972.321,1051.969,279.565
10.000,22,1192.817,311.780,160.340
10.000,23,809.618,259.383,135.762
10.000,24,457.803,66.139,244.594
10.000,25,226.629,63.281,546.381
10.000,26,1724.559,1086.527,264.647
10.000,27,1476.640,8.699,363.881
10.000,28,2024.458,89.822,405.812
10.000,29,147.407,835.074,416.355
10.000,30,1790.295,571.428,157.207
10.000,31,2012.735,524.730,411.647
10.000,32,1970.991,633.108,561.627
10.000,33,329.647,477.989,321.266
10.000,34,1684.801,1197.207,380.335
10.000,35,654.102,1205.540,418.245
10.000,36,33.178,723.278,283.960
10.000,37,1534.768,632.125,513.042
10.000,38,595.202,1227.681,103.096
10.000,39,648.563,850.436,551.393
10.000,40,1583.387,797.653,310.630
10.000,41,2025.532,111.876,307.499
10.000,42,1433.176,142.425,578.171
10.000,43,1535.572,410.821,567.004
10.000,44,1144.077,93.256,319.487
10.000,45,492.693,358.016,323.224
10.000,46,2105.749,790.980,592.444
10.000,47,1359.880,1110.400,313.666
10.000,48,1541.348,436.584,142.176
10.000,49,386.252,880.251,447.087
15.000,0,858.293,502.615,353.520
15.000,1,1694.788,1123.714,211.566
15.000,2,351.401,698.825,144.319
15.000,3,1622.367,279.663,461.638
15.000,4,1455.775,1250.966,238.356
15.000,5,1239.999,891.725,215.417
15.000,6,1674.693,464.686,353.809
15.000,7,372.699,381.693,387.602
15.000,8,738.991,988.724,467.050
15.000,9,1602.029,1011.505,492.219
15.000,10,567.206,797.561,587.069
15.000,11,786.792,114.275,510.284
15.000,12,948.290,702.862,276.169
15.000,13,266.492,856.033,564.255
15.000,14,1732.524,282.676,583.841
15.000,15,1896.148,962.809,212.226
15.000,16,1195.249,613.706,265.038
15.000,17,430.785,982.200,574.437
15.000,18,1270.955,614.273,129.193
15.000,19,1191.581,1107.664,120.867
15.000,20,684.328,599.650,553.826
15.000,21,2080.067,1017.062,282.574
15.000,22,1104.415,307.103,154.310
15.000,23,877.871,341.134,139.204
15.000,24,422.034,31.804,244.986
15.000,25,111.028,59.721,550.485
15.000,26,1802.904,1049.072,272.403
15.000,27,1362.592,34.777,362.851
15.000,28,1954.548,9.763,400.984
15.000,29,79.261,763.944,416.595
15.000,30,1872.862,533.470,151.768
15.000,31,1994.298,434.285,405.165
15.000,32,1863.520,699.053,557.820
15.000,33,203.380,513.265,320.371
15.000,34,1601.809,1218.688,382.740
15.000,35,719.972,1124.334,416.662
15.000,36,114.194,609.578,279.535
15.000,37,1533.863,542.147,516.523
15.000,38,645.722,1260.705,103.567
15.000,39,727.043,733.924,559.246
15.000,40,1692.795,734.667,310.463
15.000,41,2049.784,29.543,306.391
15.000,42,1553.854,88.668,582.034
15.000,43,1464.528,535.329,572.020
15.000,44,1123.244,211.195,322.255
15.000,45,627.206,318.495,317.788
15.000,46,2092.900,786.435,593.674
15.000,47,1304.813,1207.797,317.310
15.000,48,1528.543,555.880,145.912
15.000,49,295.462,858.762,448.996
20.000,0,865.590,382.467,356.436
20.000,1,1761.694,1219.667,216.372
20.000,2,267.057,765.812,139.663
20.000,3,1749.707,222.324,462.570
20.000,4,1491.467,1183.850,235.766
20.000,5,1156.817,950.025,215.075
20.000,6,1689.069,559.316,347.662
20.000,7,458.596,462.313,390.976
20.000,8,792.801,906.886,460.549
20.000,9,1526.031,1085.291,493.031
20.000,10,441.475,756.825,582.544
20.000,11,636.418,78.316,504.394
20.000,12,1029.950,838.866,274.817
20.000,13,187.525,969.528,558.885
20.000,14,1674.159,334.255,588.049
20.000,15,1907.331,1109.963,212.660
20.000,16,1249.741,666.158,269.263
20.000,17,517.913,938.606,577.275
20.000,18,1228.701,524.445,125.213
20.000,19,1315.191,1106.818,117.989
20.000,20,682.052,695.687,548.311
20.000,21,2103.616,959.269,287.757
20.000,22,1021.427,306.492,150.040
20.000,23,940.533,414.457,142.549
20.000,24,398.644,118.333,244.145
20.000,25,16.905,38.160,553.794
20.000,26,1873.853,1004.467,277.204
20.000,27,1251.120,58.716,361.258
20.000,28,1903.346,130.184,396.326
20.000,29,10.444,705.598,417.438
20.000,30,1961.964,517.060,148.444
20.000,31,1940.089,365.139,400.556
20.000,32,1761.972,774.666,553.940
20.000,33,91.491,577.099,324.319
20.000,34,1518.780,1255.167,386.638
20.000,35,785.489,1045.593,413.194
20.000,36,167.212,481.172,275.395
20.000,37,1526.525,459.866,517.948
20.000,38,701.022,1180.552,104.797
20.000,39,807.837,612.864,566.897
20.000,40,1811.094,666.204,306.537
20.000,41,2037.276,165.124,303.144
20.000,42,1685.568,51.373,584.901
20.000,43,1380.967,655.971,574.738
20.000,44,1093.559,316.731,326.778
20.000,45,764.913,282.308,309.576
20.000,46,2007.258,798.246,595.493
20.000,47,1284.580,1254.258,322.773
20.000,48,1472.356,664.857,144.267
20.000,49,207.080,833.479,449.352
25.000,0,873.361,260.455,358.779
25.000,1,1821.025,1239.174,219.370
25.000,2,183.039,838.760,137.591
25.000,3,1864.190,158.542,460.481
25.000,4,1529.845,1122.300,234.990
25.000,5,1089.398,1016.341,213.821
25.000,6,1699.011,660.245,344.644
25.000,7,549.035,521.390,394.006
25.000,8,841.003,835.686,454.500
25.000,9,1445.519,1140.397,495.663
25.000,10,333.546,697.973,578.222
25.000,11,510.054,2.269,500.379
25.000,12,1151.339,924.104,273.435
25.000,13,112.031,1076.958,556.709
25.000,14,1630.080,399.168,589.506
25.000,15,1952.404,1255.460,213.626
25.000,16,1301.450,719.242,272.763
25.000,17,610.273,899.055,578.220
25.000,18,1174.165,449.325,124.756
25.000,19,1437.424,1081.746,116.781
25.000,20,696.425,797.922,540.188
25.000,21,1999.269,913.950,294.605
25.000,22,933.728,304.303,144.585
25.000,23,1002.402,501.678,146.569
25.000,24,378.193,214.432,243.637
25.000,25,130.919,39.022,552.238
25.000,26,1935.318,945.932,281.648
25.000,27,1138.950,99.538,358.679
25.000,28,1873.765,251.351,394.308
25.000,29,58.904,651.039,418.015
25.000,30,2046.003,480.627,144.663
25.000,31,1899.231,292.120,396.362
25.000,32,1672.632,856.930,551.781
25.000,33,46.714,626.411,327.843
25.000,34,1425.404,1267.106,389.331
25.000,35,856.024,984.227,414.863
25.000,36,232.366,361.935,269.134
25.000,37,1538.617,368.111,521.076
25.000,38,730.991,1090.763,106.813
25.000,39,902.596,513.881,571.430
25.000,40,1926.383,588.817,305.917
25.000,41,2018.579,290.330,299.107
25.000,42,1814.906,3.814,590.465
25.000,43,1280.961,759.788,573.156
25.000,44,1051.024,424.109,330.426
25.000,45,907.718,241.925,302.009
25.000,46,1923.204,817.650,594.962
25.000,47,1233.608,1162.422,323.822
25.000,48,1388.998,758.241,143.724
25.000,49,116.155,814.722,451.154
30.000,0,864.994,140.824,362.508
30.000,1,1869.656,1125.812,223.029
30.000,2,97.749,899.535,138.262
30.000,3,1966.617,74.780,460.708
30.000,4,1562.166,1062.139,233.069
30.000,5,1046.151,1102.068,213.350
30.000,6,1699.533,756.496,343.136
30.000,7,646.204,575.612,394.749
30.000,8,881.266,761.772,451.273
30.000,9,1363.550,1191.807,498.352
30.000,10,216.950,664.259,577.397
30.000,11,381.270,51.568,498.579
30.000,12,1259.607,1013.115,268.432
30.000,13,61.395,1202.806,555.454
30.000,14,1567.623,445.544,591.747
30.000,15,2012.610,1177.369,213.679
30.000,16,1329.406,785.595,276.980
30.000,17,691.841,834.681,581.819
30.000,18,1143.495,368.368,124.356
30.000,19,1564.914,1057.132,119.358
30.000,20,702.445,907.915,533.317
30.000,21,1897.057,869.447,301.347
30.000,22,845.132,318.883,139.779
30.000,23,1091.605,558.851,151.464
30.000,24,355.990,308.894,244.393
30.000,25,252.598,49.201,547.721
30.000,26,1993.125,889.724,284.954
30.000,27,1029.127,155.878,357.246
30.000,28,1832.635,360.248,390.974
30.000,29,131.115,604.132,415.236
30.000,30,2126.212,433.574,142.916
30.000,31,1837.187,229.257,391.166
30.000,32,1553.850,904.842,553.218
30.000,33,152.394,708.885,332.469
30.000,34,1334.555,1264.322,390.597
30.000,35,936.402,931.162,416.814
30.000,36,297.405,244.415,266.455
30.000,37,1563.080,273.051,523.396
30.000,38,767.226,1006.391,106.866
30.000,39,1011.716,442.689,574.790
30.000,40,2033.177,492.199,306.456
30.000,41,2028.075,427.258,296.587
30.000,42,1924.942,61.620,590.920
30.000,43,1235.563,899.093,575.733
30.000,44,1050.384,527.317,331.469
30.000,45,1051.743,204.900,294.489
30.000,46,1843.498,851.373,596.212
30.000,47,1215.490,1057.262,329.308
30.000,48,1317.360,857.770,143.847
30.000,49,20.866,804.270,452.080
35.000,0,848.660,28.202,367.361
35.000,1,1931.878,1017.549,226.319
35.000,2,18.025,942.579,135.879
35.000,3,2064.859,23.457,458.029
35.000,4,1604.248,994.389,231.055
35.000,5,980.120,1170.534,210.425
35.000,6,1693.273,852.228,342.563
35.000,7,752.052,633.668,394.244
35.000,8,924.669,670.137,449.933
35.000,9,1277.161,1251.079,499.658
35.000,10,111.973,597.303,577.287
35.000,11,248.567,84.139,492.184
35.000,12,1327.670,1135.868,265.342
35.000,13,13.785,1247.403,553.041
35.000,14,1518.523,493.493,592.214
35.000,15,2054.935,1041.839,214.929
35.000,16,1371.022,858.867,281.104
35.000,17,747.553,760.665,588.190
35.000,18,1125.201,281.366,126.362
35.000,19,1693.508,1018.925,118.670
35.000,20,708.656,1014.662,527.724
35.000,21,1783.871,824.674,309.289
35.000,22,753.308,310.791,136.028
35.000,23,1187.573,611.104,152.287
35.000,24,320.234,396.743,245.677
35.000,25,371.251,31.760,542.291
35.000,26,2059.046,851.106,288.945
35.000,27,921.877,209.489,358.419
35.000,28,1771.961,463.863,385.825
35.000,29,199.862,553.715,414.275
35.000,30,2073.404,398.746,139.558
35.000,31,1763.860,154.555,387.252
35.000,32,1448.871,990.083,555.839
35.000,33,256.370,800.364,332.799
35.000,34,1243.486,1224.042,395.126
35.000,35,1005.610,838.392,418.457
35.000,36,353.579,144.180,268.948
35.000,37,1591.965,187.692,524.893
35.000,38,826.835,924.706,106.802
35.000,39,1121.180,359.377,578.958
35.000,40,2111.616,382.363,305.369
35.000,41,2004.907,564.415,292.263
35.000,42,2047.407,95.837,590.882
35.000,43,1184.219,1029.188,576.246
35.000,44,1023.199,622.978,334.297
35.000,45,1204.398,172.778,286.915
35.000,46,1770.627,879.199,596.829
35.000,47,1174.454,955.755,336.784
35.000,48,1224.300,951.797,142.929
35.000,49,96.563,794.122,452.248
40.000,0,868.293,98.081,373.499
40.000,1,1986.455,908.571,230.690
40.000,2,102.112,1015.238,130.906
40.000,3,2130.554,126.587,457.996
40.000,4,1647.002,919.167,229.041
40.000,5,927.026,1235.459,211.225
40.000,6,1679.291,951.718,338.580
40.000,7,836.695,716.101,396.131
40.000,8,975.075,587.240,448.905
40.000,9,1211.751,1244.080,502.603
40.000,10,8.553,532.390,574.209
40.000,11,106.360,106.181,484.737
40.000,12,1442.018,1220.470,264.484
40.000,13,60.396,1125.500,550.500
40.000,14,1466.753,550.667,593.243
40.000,15,2102.033,905.646,217.744
40.000,16,1417.394,928.722,284.713
40.000,17,796.158,669.590,589.227
40.000,18,1112.323,191.845,128.761
40.000,19,1821.431,979.102,119.891
40.000,20,721.237,1120.573,523.590
40.000,21,1688.736,743.833,315.500
40.000,22,662.981,321.669,133.799
40.000,23,1288.692,658.731,152.451
40.000,24,304.843,484.215,244.442
40.000,25,496.673,30.368,542.932
40.000,26,2121.001,808.201,294.327
40.000,27,834.000,275.881,358.662
40.000,28,1703.765,561.270,378.392
40.000,29,283.872,501.219,413.621
40.000,30,1981.948,367.233,134.851
40.000,31,1701.622,74.161,383.792
40.000,32,1358.135,1077.294,556.754
40.000,33,376.448,850.626,335.485
40.000,34,1146.950,1214.773,402.940
40.000,35,1082.862,751.598,419.410
40.000,36,447.990,67.517,272.840
40.000,37,1617.889,108.223,529.273
40.000,38,898.829,846.621,107.331
40.000,39,1209.885,258.307,586.787
40.000,40,2077.180,281.352,303.362
40.000,41,2006.210,706.564,288.555
40.000,42,2119.548,128.854,593.564
40.000,43,1099.055,1133.668,577.186
40.000,44,1024.059,732.497,335.825
40.000,45,1354.501,143.521,278.205
40.000,46,1692.603,901.502,597.649
40.000,47,1113.635,856.838,340.706
40.000,48,1152.311,1055.549,143.366
40.000,49,181.453,790.532,452.057
45.000,0,867.394,224.554,378.921
45.000,1,2044.970,799.486,232.373
45.000,2,165.094,1100.821,127.189
45.000,3,2060.617,231.119,456.594
45.000,4,1680.852,852.304,230.437
45.000,5,876.992,1241.636,214.611
45.000,6,1675.728,1042.492,333.417
45.000,7,930.104,767.464,398.867
45.000,8,1034.357,503.535,447.727
45.000,9,1187.215,1140.251,507.136
45.000,10,116.109,483.567,571.395
45.000,11,51.773,117.440,481.639
45.000,12,1564.398,1267.557,263.636
45.000,13,103.408,1003.371,543.215
45.000,14,1397.216,598.246,594.434
45.000,15,2138.385,776.813,221.086
45.000,16,1443.870,1002.531,288.231
45.000,17,871.135,599.986,592.887
45.000,18,1121.013,98.749,128.541
45.000,19,1949.183,966.188,121.377
45.000,20,715.452,1230.191,518.779
45.000,21,1598.245,666.514,321.255
45.000,22,570.760,325.430,129.163
45.000,23,1383.925,711.834,154.411
45.000,24,293.822,570.367,245.544
45.000,25,617.503,34.664,543.725
45.000,26,2115.289,754.161,297.546
45.000,27,731.814,338.211,355.895
45.000,28,1633.462,673.444,369.234
45.000,29,347.459,432.582,413.942
45.000,30,1898.768,319.212,131.383
45.000,31,1650.518,15.890,380.810
45.000,32,1284.832,1165.776,553.932
45.000,33,505.970,856.433,341.392
45.000,34,1052.640,1195.828,407.123
45.000,35,1166.211,675.098,420.617
45.000,36,559.176,23.874,273.572
45.000,37,1620.260,21.390,531.287
45.000,38,976.745,781.085,109.043
45.000,39,1296.660,154.786,593.000
45.000,40,1987.716,184.788,302.489
45.000,41,2055.297,829.070,286.688
45.000,42,2014.950,189.953,596.789
45.000,43,1025.804,1240.477,575.179
45.000,44,1038.530,851.504,337.069
45.000,45,1500.767,133.016,271.614
45.000,46,1608.394,888.525,598.635
45.000,47,1061.043,748.906,342.935
45.000,48,1100.182,1174.052,143.723
45.000,49,269.177,778.773,452.541
50.000,0,871.566,353.153,382.521
50.000,1,2072.772,683.023,236.274
50.000,2,251.837,1173.311,124.700
50.000,3,1986.224,335.826,452.407
50.000,4,1718.968,771.890,229.148
50.000,5,804.378,1170.490,216.030
50.000,6,1670.983,1145.187,328.245
50.000,7,1022.223,817.944,400.286
50.000,8,1049.502,395.931,445.266
50.000,9,1153.793,1021.888,510.796
50.000,10,234.155,449.229,567.679
50.000,11,205.150,142.809,479.545
50.000,12,1666.740,1155.986,258.355
50.000,13,168.883,890.180,536.704
50.000,14,1342.496,656.056,596.239
50.000,15,2105.671,649.491,220.843
50.000,16,1469.530,1081.741,289.587
50.000,17,954.267,539.528,596.748
50.000,18,1131.284,0.126,128.958
50.000,19,2069.994,938.813,122.539
50.000,20,685.123,1231.240,512.483
50.000,21,1491.519,631.802,324.011
50.000,22,485.147,334.482,126.086
50.000,23,1480.613,783.749,156.887
50.000,24,275.626,657.948,245.548
50.000,25,732.465,0.586,544.394
50.000,26,2088.873,675.137,301.254
50.000,27,638.099,413.330,352.773
50.000,28,1569.993,786.454,364.093
50.000,29,413.045,379.372,415.097
50.000,30,1808.207,288.314,126.223
50.000,31,1619.367,94.081,375.856
50.000,32,1224.773,1267.494,548.049
50.000,33,636.994,895.191,348.457
50.000,34,967.774,1186.780,410.104
50.000,35,1235.805,585.158,419.803
50.000,36,620.704,153.763,274.293
50.000,37,1611.730,74.947,534.944
50.000,38,1050.946,723.324,110.037
50.000,39,1386.131,49.319,599.377
50.000,40,1894.884,80.831,299.466
50.000,41,2105.790,951.484,286.688
50.000,42,1899.338,245.355,596.194
50.000,43,980.792,1186.150,574.081
50.000,44,1071.268,964.933,341.611
50.000,45,1641.968,94.715,267.369
50.000,46,1521.630,889.880,599.599
50.000,47,1041.320,631.950,346.110
50.000,48,1059.718,1269.964,145.790
50.000,49,361.629,766.718,453.959
55.000,0,915.467,468.157,386.532
55.000,1,2104.254,570.763,244.658
55.000,2,353.802,1220.586,119.493
55.000,3,1911.681,434.734,447.872
55.000,4,1770.031,709.128,226.305
55.000,5,726.810,1115.602,218.373
55.000,6,1652.832,1250.675,323.930
55.000,7,1114.109,871.307,401.228
55.000,8,1075.531,297.066,441.982
55.000,9,1105.549,927.519,513.256
55.000,10,352.191,404.724,563.466
55.000,11,347.928,139.839,478.089
55.000,12,1766.078,1039.407,252.952
55.000,13,202.058,757.078,527.203
55.000,14,1302.170,722.973,598.838
55.000,15,2065.606,522.625,220.626
55.000,16,1504.375,1158.448,289.500
55.000,17,1016.053,465.347,597.702
55.000,18,1120.673,88.689,124.690
55.000,19,2091.255,927.942,124.578
55.000,20,674.083,1132.567,504.927
55.000,21,1394.149,572.004,328.493
55.000,22,400.532,355.099,126.067
55.000,23,1554.878,868.051,155.149
55.000,24,242.428,747.291,245.838
55.000,25,846.620,4.738,544.513
55.000,26,2065.604,597.857,306.030
55.000,27,533.391,455.411,351.652
55.000,28,1510.320,895.841,362.123
55.000,29,489.492,323.959,417.658
55.000,30,1725.683,241.769,121.480
55.000,31,1581.786,171.997,369.122
55.000,32,1125.933,1236.235,543.197
55.000,33,752.788,970.243,358.740
55.000,34,878.874,1171.346,414.741
55.000,35,1316.333,503.890,422.048
55.000,36,686.309,263.670,273.823
55.000,37,1594.169,163.512,536.485
55.000,38,1103.304,643.241,109.056
55.000,39,1498.476,37.026,595.733
55.000,40,1792.059,17.755,294.253
55.000,41,2120.529,1085.107,287.525
55.000,42,1781.314,298.822,598.047
55.000,43,976.317,1048.563,572.029
55.000,44,1067.686,1086.777,342.960
55.000,45,1774.891,22.898,254.720
55.000,46,1432.826,869.709,597.859
55.000,47,1020.164,517.767,349.292
55.000,48,992.881,1171.857,147.680
55.000,49,455.526,775.003,457.824
60.000,0,936.990,592.879,390.351
60.000,1,2119.361,456.965,250.920
60.000,2,453.904,1281.202,116.010
60.000,3,1828.108,534.377,445.264
60.000,4,1810.131,641.262,224.558
60.000,5,651.416,1066.019,221.197
60.000,6,1649.128,1210.984,320.955
60.000,7,1202.614,942.914,403.578
60.000,8,1140.105,210.855,436.463
60.000,9,1045.874,851.401,515.710
60.000,10,466.626,371.469,558.368
60.000,11,481.653,182.211,476.512
60.000,12,1866.381,929.639,250.817
60.000,13,229.332,622.214,515.925
60.000,14,1229.505,750.036,596.061
60.000,15,2005.869,411.773,219.059
60.000,16,1533.038,1225.666,290.736
60.000,17,1081.620,393.406,598.904
60.000,18,1106.824,171.620,120.382
60.000,19,1956.890,933.387,127.287
60.000,20,670.146,1033.792,498.213
60.000,21,1284.000,542.600,332.951
60.000,22,314.485,358.085,123.863
60.000,23,1640.280,940.713,157.688
60.000,24,217.279,840.096,246.449
60.000,25,961.308,12.952,545.550
60.000,26,2032.207,525.343,310.003
60.000,27,423.775,481.871,349.570
60.000,28,1440.638,989.622,361.706
60.000,29,563.196,268.342,418.692
60.000,30,1635.429,221.690,116.978
60.000,31,1519.152,244.645,361.158
60.000,32,1021.907,1173.718,536.583
60.000,33,872.346,1009.067,362.565
60.000,34,795.789,1141.780,418.467
60.000,35,1402.740,433.133,426.616
60.000,36,734.814,387.105,269.094
60.000,37,1589.824,248.332,538.101
60.000,38,1149.185,545.609,111.778
60.000,39,1599.267,116.640,591.106
60.000,40,1675.149,91.647,288.236
60.000,41,2103.934,1222.196,284.835
60.000,42,1662.019,369.105,599.051
60.000,43,960.263,909.619,571.132
60.000,44,1037.842,1204.543,343.079
60.000,45,1922.177,34.174,245.704
60.000,46,1333.654,867.955,597.252
60.000,47,980.826,400.323,351.557
60.000,48,907.603,1092.777,149.868
60.000,49,551.103,766.114,464.494
65.000,0,932.487,720.625,396.943
65.000,1,2121.407,338.224,255.202
65.000,2,537.183,1202.393,108.363
65.000,3,1738.746,639.229,440.046
65.000,4,1848.630,568.320,222.325
65.000,5,577.235,1015.244,222.949
65.000,6,1653.536,1119.061,317.709
65.000,7,1269.450,1030.011,408.857
65.000,8,1197.745,125.320,428.212
65.000,9,1001.514,763.166,520.253
65.000,10,558.976,294.379,552.704
65.000,11,618.531,242.436,478.507
65.000,12,1917.319,776.100,248.477
65.000,13,273.763,491.646,506.825
65.000,14,1155.739,780.003,594.303
65.000,15,1917.203,300.861,218.447
65.000,16,1551.688,1267.682,293.016
65.000,17,1149.198,320.591,595.095
65.000,18,1103.133,250.816,118.903
65.000,19,1835.157,894.944,128.777
65.000,20,682.002,927.403,490.142
65.000,21,1178.274,496.916,339.405
65.000,22,230.551,354.725,121.718
65.000,23,1737.479,1010.347,161.504
65.000,24,201.952,933.779,246.259
65.000,25,1068.177,80.121,544.409
65.000,26,1999.664,450.958,313.888
65.000,27,315.893,521.835,349.140
65.000,28,1383.742,1097.931,359.874
65.000,29,628.720,219.358,422.589
65.000,30,1540.203,205.958,113.911
65.000,31,1455.401,317.207,355.185
65.000,32,930.275,1097.832,528.596
65.000,33,996.473,1043.669,365.014
65.000,34,710.429,1103.564,420.797
65.000,35,1499.170,379.976,430.159
65.000,36,791.621,503.338,263.459
65.000,37,1596.935,337.367,541.940
65.000,38,1213.241,468.173,112.739
65.000,39,1673.876,216.921,587.923
65.000,40,1553.644,167.335,285.890
65.000,41,2093.972,1200.291,283.880
65.000,42,1524.694,409.912,598.868
65.000,43,929.188,772.156,569.579
65.000,44,1005.729,1249.167,344.912
65.000,45,2068.571,88.155,236.071
65.000,46,1239.761,860.892,598.446
65.000,47,962.052,282.759,353.929
65.000,48,829.757,1004.649,155.912
65.000,49,638.882,752.364,466.743
70.000,0,954.720,848.062,405.270
70.000,1,2139.085,222.613,263.016
70.000,2,620.830,1140.548,104.177
70.000,3,1643.424,745.004,432.151
70.000,4,1880.169,499.840,219.744
70.000,5,500.229,965.127,226.221
70.000,6,1661.181,1025.386,312.219
70.000,7,1336.158,1104.254,413.191
70.000,8,1238.498,43.872,422.268
70.000,9,942.206,683.205,525.579
70.000,10,655.270,226.000,547.648
70.000,11,749.805,293.921,475.549
70.000,12,1978.575,628.832,246.627
70.000,13,328.966,364.407,502.629
70.000,14,1084.585,828.898,592.494
70.000,15,1842.532,176.712,219.324
70.000,16,1578.700,1193.169,295.403
70.000,17,1229.779,253.802,587.452
70.000,18,1097.588,332.953,117.718
70.000,19,1713.580,853.303,130.168
70.000,20,663.946,821.517,480.649
70.000,21,1080.404,444.902,344.555
70.000,22,135.921,337.472,117.787
70.000,23,1814.013,1106.614,166.600
70.000,24,198.097,1036.767,245.402
70.000,25,1185.543,127.454,541.460
70.000,26,1965.078,375.657,317.198
70.000,27,214.510,562.019,348.640
70.000,28,1335.328,1207.408,357.695
70.000,29,708.728,181.443,424.007
70.000,30,1451.555,184.767,112.330
70.000,31,1380.035,393.192,348.473
70.000,32,826.357,1026.723,519.986
70.000,33,1126.818,1072.593,366.700
70.000,34,623.866,1050.230,423.896
70.000,35,1598.906,336.348,430.292
70.000,36,884.021,614.571,259.438
70.000,37,1626.293,417.968,545.629
70.000,38,1285.742,400.035,113.427
70.000,39,1724.508,333.571,580.671
70.000,40,1431.530,245.220,285.146
70.000,41,2083.310,1074.972,281.684
70.000,42,1396.736,468.230,596.936
70.000,43,897.458,648.018,568.697
70.000,44,963.456,1135.623,347.136
70.000,45,2070.955,137.621,228.559
70.000,46,1146.033,848.709,599.683
70.000,47,920.961,185.243,355.585
70.000,48,760.221,898.315,160.945
70.000,49,727.278,722.500,467.971
75.000,0,1003.933,959.741,411.302
75.000,1,2119.956,104.145,269.863
75.000,2,703.466,1063.136,101.628
75.000,3,1535.770,838.369,430.552
75.000,4,1898.620,420.003,215.992
75.000,5,411.960,928.941,228.712
75.000,6,1663.789,923.966,305.430
75.000,7,1425.004,1173.465,415.655
75.000,8,1293.599,40.892,418.295
75.000,9,863.185,608.911,532.206
75.000,10,749.172,158.569,546.259
75.000,11,865.295,360.194,470.289
75.000,12,2034.556,490.617,247.482
75.000,13,391.942,245.492,495.816
75.000,14,1012.006,863.406,588.268
75.000,15,1786.307,36.693,220.174
75.000,16,1622.149,1125.848,298.205
75.000,17,1314.086,184.787,581.309
75.000,18,1100.892,415.995,114.469
75.000,19,1593.569,823.127,133.433
75.000,20,634.554,719.412,474.834
75.000,21,979.441,381.938,351.195
75.000,22,47.972,327.262,114.555
75.000,23,1888.014,1208.259,171.764
75.000,24,183.438,1128.514,242.862
75.000,25,1305.341,151.213,538.495
75.000,26,1913.372,308.894,322.629
75.000,27,124.695,625.936,345.013
75.000,28,1277.003,1253.590,356.076
75.000,29,780.863,125.766,426.670
75.000,30,1356.494,153.775,107.230
75.000,31,1323.635,474.540,345.043
75.000,32,733.854,951.259,514.577
75.000,33,1261.121,1084.858,368.789
75.000,34,525.900,1023.319,430.670
75.000,35,1668.360,268.314,432.541
75.000,36,959.839,722.837,257.001
75.000,37,1676.072,487.305,548.496
75.000,38,1354.558,332.582,114.842
75.000,39,1785.913,455.699,572.103
75.000,40,1316.478,341.020,280.939
75.000,41,2083.034,957.471,278.543
75.000,42,1264.917,507.049,594.194
75.000,43,851.325,517.503,563.192
75.000,44,951.018,1010.982,349.311
75.000,45,1938.806,205.793,221.954
75.000,46,1051.632,860.097,599.492
75.000,47,869.593,84.545,357.731
75.000,48,688.006,787.196,163.010
75.000,49,818.830,687.762,470.704
80.000,0,1019.871,1080.640,417.500
80.000,1,2102.457,11.727,276.260
80.000,2,799.207,992.131,103.900
80.000,3,1450.856,945.398,432.633
80.000,4,1914.283,347.494,213.461
80.000,5,326.799,913.819,229.495
80.000,6,1674.596,828.133,302.317
80.000,7,1517.566,1241.802,412.232
80.000,8,1342.074,123.239,412.438
80.000,9,793.971,522.435,538.043
80.000,10,844.779,85.597,544.691
80.000,11,975.302,459.626,462.173
80.000,12,2097.044,362.999,244.297
80.000,13,447.421,124.178,489.792
80.000,14,950.338,911.138,585.573
80.000,15,1750.402,123.441,220.455
80.000,16,1662.178,1054.852,302.186
80.000,17,1397.553,127.262,576.185
80.000,18,1082.518,499.351,108.537
80.000,19,1463.283,828.425,137.280
80.000,20,614.896,611.431,470.013
80.000,21,876.753,332.335,353.075
80.000,22,48.416,317.460,111.021
80.000,23,1950.863,1254.540,176.029
80.000,24,179.543,1221.573,239.233
80.000,25,1413.319,186.093,537.972
80.000,26,1853.894,246.977,327.731
80.000,27,39.625,697.406,341.270
80.000,28,1187.375,1172.776,351.204
80.000,29,835.852,58.199,428.681
80.000,30,1259.139,141.567,103.409
80.000,31,1288.078,568.123,342.742
80.000,32,633.915,885.158,511.588
80.000,33,1380.588,1100.293,373.221
80.000,34,432.864,998.967,436.561
80.000,35,1739.906,201.022,432.906
80.000,36,1050.370,823.232,258.435
80.000,37,1696.073,581.558,552.050
80.000,38,1404.017,253.049,116.008
80.000,39,1868.378,558.288,564.744
80.000,40,1191.389,416.430,276.118
80.000,41,2112.427,833.057,274.547
80.000,42,1150.131,573.632,590.793
80.000,43,782.078,398.770,557.891
80.000,44,929.832,889.494,349.427
80.000,45,1792.629,252.508,214.994
80.000,46,956.998,872.101,599.142
80.000,47,824.482,23.157,360.152
80.000,48,593.560,696.494,161.202
80.000,49,910.366,675.263,473.472
85.000,0,1018.564,1201.135,421.533
85.000,1,2064.132,118.919,278.792
85.000,2,902.852,930.103,106.571
85.000,3,1355.249,1046.328,435.176
85.000,4,1946.291,280.150,209.096
85.000,5,240.434,889.265,229.596
85.000,6,1666.595,730.976,300.090
85.000,7,1595.196,1230.366,411.839
85.000,8,1406.289,193.040,405.854
85.000,9,748.338,433.619,542.506
85.000,10,934.338,7.026,542.493
85.000,11,1104.624,541.919,456.313
85.000,12,2087.807,261.217,245.953
85.000,13,504.085,5.151,485.040
85.000,14,886.852,948.324,583.018
85.000,15,1725.556,276.855,222.654
85.000,16,1699.621,991.888,304.733
85.000,17,1478.963,65.238,569.934
85.000,18,1049.619,580.820,104.608
85.000,19,1336.049,807.822,141.608
85.000,20,582.176,506.915,463.302
85.000,21,772.970,279.018,353.395
85.000,22,135.530,299.956,107.744
85.000,23,2045.219,1193.435,178.945
85.000,24,166.531,1257.759,239.710
85.000,25,1507.342,233.695,540.113
85.000,26,1810.366,175.576,331.978
85.000,27,68.683,739.202,337.718
85.000,28,1127.020,1063.977,348.881
85.000,29,872.144,21.897,430.192
85.000,30,1163.795,147.854,100.356
85.000,31,1235.883,646.888,336.794
85.000,32,524.145,830.536,507.604
85.000,33,1506.252,1111.699,376.645
85.000,34,337.276,958.954,438.586
85.000,35,1830.119,154.656,430.806
85.000,36,1112.894,936.823,258.597
85.000,37,1707.092,673.672,553.997
85.000,38,1460.401,177.079,115.731
85.000,39,1963.346,651.127,559.533
85.000,40,1059.986,486.693,268.339
85.000,41,2144.717,711.968,274.190
85.000,42,1023.478,598.349,589.135
85.000,43,751.091,259.176,557.028
85.000,44,931.023,766.375,349.104
85.000,45,1634.437,298.595,207.125
85.000,46,860.844,871.198,596.676
85.000,47,779.770,139.138,364.318
85.000,48,520.354,588.662,160.137
85.000,49,996.845,639.889,476.961
90.000,0,1008.543,1250.450,423.935
90.000,1,2038.351,235.028,285.439
90.000,2,1004.575,879.998,111.380
90.000,3,1278.377,1149.731,437.091
90.000,4,1966.215,207.373,206.135
90.000,5,157.197,865.938,230.369
90.000,6,1679.885,639.489,298.912
90.000,7,1655.487,1126.782,411.798
90.000,8,1430.730,279.055,397.138
90.000,9,680.828,362.747,545.029
90.000,10,1033.377,46.565,539.510
90.000,11,1234.808,604.603,446.006
90.000,12,1969.627,173.333,248.188
90.000,13,566.607,113.818,477.027
90.000,14,814.052,982.056,579.344
90.000,15,1690.718,418.209,222.580
90.000,16,1724.946,933.100,305.485
90.000,17,1539.218,18.088,564.966
90.000,18,1029.840,668.964,102.086
90.000,19,1211.740,804.616,141.462
90.000,20,566.622,402.804,456.233
90.000,21,701.372,192.376,355.442
90.000,22,233.494,298.051,103.099
90.000,23,2133.496,1127.242,182.608
90.000,24,135.932,1181.308,240.275
90.000,25,1612.844,251.001,543.466
90.000,26,1753.045,110.799,337.046
90.000,27,167.463,781.224,336.365
90.000,28,1060.857,954.949,345.991
90.000,29,920.967,97.710,429.633
90.000,30,1075.006,141.837,101.504
90.000,31,1179.729,722.401,332.832
90.000,32,424.129,772.936,507.256
90.000,33,1637.991,1100.354,378.297
90.000,34,244.771,920.880,443.035
90.000,35,1919.468,90.419,429.201
90.000,36,1197.205,1028.887,258.894
90.000,37,1695.884,762.063,557.977
90.000,38,1523.900,105.012,113.154
90.000,39,2057.468,736.625,559.637
90.000,40,927.463,550.048,264.525
90.000,41,2131.423,584.081,268.956
90.000,42,908.406,650.280,584.818
90.000,43,727.901,116.507,555.382
90.000,44,910.962,646.941,350.864
90.000,45,1474.044,314.667,197.695
90.000,46,763.527,873.905,597.596
90.000,47,725.190,245.562,367.741
90.000,48,480.029,466.125,159.813
90.000,49,1092.353,619.982,478.652
95.000,0,1031.801,1126.693,431.753
95.000,1,2026.153,357.603,288.993
95.000,2,1095.422,820.678,118.166
95.000,3,1229.274,1262.580,438.652
95.000,4,1974.471,134.970,202.042
95.000,5,88.407,826.701,229.012
95.000,6,1689.312,548.170,297.564
95.000,7,1747.864,1052.740,412.433
95.000,8,1451.869,371.160,393.551
95.000,9,606.733,291.882,549.714
95.000,10,1134.574,97.880,537.546
95.000,11,1366.349,660.878,434.752
95.000,12,1825.520,120.199,252.305
95.000,13,604.077,228.265,469.143
95.000,14,740.499,1000.440,575.462
95.000,15,1623.087,542.020,222.366
95.000,16,1746.606,872.257,307.255
95.000,17,1587.660,105.635,563.125
95.000,18,1009.773,757.573,101.218
95.000,19,1090.345,806.973,142.956
95.000,20,570.326,304.446,451.109
95.000,21,627.827,113.124,357.846
95.000,22,323.281,296.827,101.776
95.000,23,2080.070,1052.904,187.369
95.000,24,118.715,1106.397,240.785
95.000,25,1716.066,288.356,547.309
95.000,26,1685.087,47.044,339.784
95.000,27,277.310,825.111,332.176
95.000,28,962.797,866.887,340.142
95.000,29,989.751,163.589,427.562
95.000,30,988.145,136.409,102.457
95.000,31,1139.846,805.249,329.516
95.000,32,328.386,707.743,507.717
95.000,33,1763.694,1110.309,381.894
95.000,34,156.507,881.200,448.703
95.000,35,1995.662,14.354,428.128
95.000,36,1269.693,1135.947,257.280
95.000,37,1697.190,851.892,561.391
95.000,38,1586.347,37.539,111.526
95.000,39,2138.246,840.287,560.831
95.000,40,790.248,621.143,263.334
95.000,41,2144.981,456.871,263.378
95.000,42,813.415,731.489,580.443
95.000,43,722.656,29.727,551.737
95.000,44,858.245,538.830,351.123
95.000,45,1324.033,361.966,186.389
95.000,46,679.678,853.487,598.283
95.000,47,682.204,354.157,373.366
95.000,48,431.568,345.773,162.487
95.000,49,1190.000,596.303,479.757
100.000,0,1030.580,998.775,439.972
100.000,1,2005.060,470.576,289.933
100.000,2,1176.944,748.895,124.581
100.000,3,1156.627,1195.455,440.339
100.000,4,2001.023,66.082,201.466
100.000,5,28.773,773.998,226.143
100.000,6,1688.929,456.872,296.126
100.000,7,1839.410,972.156,416.423
100.000,8,1494.196,464.645,389.313
100.000,9,553.844,201.862,555.050
100.000,10,1241.366,148.277,535.689
100.000,11,1498.524,732.725,432.010
100.000,12,1680.631,85.863,256.459
100.000,13,616.371,351.002,462.661
100.000,14,677.129,1051.229,570.894
100.000,15,1572.601,665.637,221.199
100.000,16,1782.458,802.543,310.647
100.000,17,1655.887,176.642,558.649
100.000,18,1018.591,837.526,103.827
100.000,19,966.286,802.449,147.653
100.000,20,583.431,195.325,445.407
100.000,21,540.544,42.975,361.222
100.000,22,410.612,300.773,105.338
100.000,23,1996.486,998.318,192.127
100.000,24,111.970,1025.905,242.155
100.000,25,1819.603,316.642,547.833
100.000,26,1620.559,21.888,343.342
100.000,27,381.954,869.005,329.894
100.000,28,882.793,766.239,332.671
100.000,29,1063.114,217.818,426.286
100.000,30,899.098,135.073,106.998
100.000,31,1085.557,885.345,325.361
100.000,32,237.180,625.766,505.421
100.000,33,1874.990,1160.537,386.358
100.000,34,78.721,842.208,451.890
100.000,35,2086.902,42.854,429.275
100.000,36,1358.323,1242.084,250.749
100.000,37,1723.264,932.882,565.593
100.000,38,1627.049,41.009,110.810
100.000,39,2045.809,917.009,555.495
100.000,40,653.575,686.468,263.594
100.000,41,2143.798,326.147,263.027
100.000,42,688.129,779.514,577.851
100.000,43,664.624,164.910,549.772
100.000,44,831.546,427.959,347.619
100.000,45,1169.497,391.050,175.760
100.000,46,596.520,859.462,599.477
100.000,47,639.526,467.835,376.863
100.000,48,350.406,242.910,161.365
100.000,49,1287.984,593.671,479.711
105.000,0,1033.478,881.096,448.174
105.000,1,1966.159,584.860,296.220
105.000,2,1248.841,673.354,130.165
105.000,3,1064.731,1096.172,442.964
105.000,4,2049.078,9.740,199.890
105.000,5,42.029,727.009,225.240
105.000,6,1688.837,365.390,293.084
105.000,7,1937.682,885.183,423.800
105.000,8,1532.980,559.599,385.025
105.000,9,496.095,107.041,560.511
105.000,10,1345.649,213.177,532.280
105.000,11,1620.029,828.391,434.278
105.000,12,1557.639,7.555,260.824
105.000,13,625.293,478.006,455.867
105.000,14,607.928,1097.339,568.730
105.000,15,1585.655,807.420,217.817
105.000,16,1814.826,730.300,312.099
105.000,17,1728.294,239.615,554.166
105.000,18,1009.618,920.596,106.829
105.000,19,841.992,791.783,152.047
105.000,20,573.766,80.019,441.893
105.000,21,444.925,27.147,366.531
105.000,22,500.357,278.315,109.612
105.000,23,1942.328,909.261,200.617
105.000,24,105.541,932.579,245.291
105.000,25,1929.325,341.815,547.101
105.000,26,1572.562,92.267,344.943
105.000,27,472.373,939.374,325.197
105.000,28,792.619,667.051,332.086
105.000,29,1119.374,281.283,423.272
105.000,30,819.246,112.435,109.968
105.000,31,1031.739,964.937,319.231
105.000,32,130.963,578.307,501.846
105.000,33,1993.886,1174.978,393.373
105.000,34,24.310,811.712,456.038
105.000,35,2103.219,96.930,430.571
105.000,36,1442.884,1203.949,247.432
105.000,37,1736.139,1013.619,568.260
105.000,38,1686.451,125.056,112.565
105.000,39,1952.498,1004.752,548.476
105.000,40,506.523,697.555,266.521
105.000,41,2144.533,192.519,262.745
105.000,42,580.971,851.854,572.446
105.000,43,613.274,307.557,546.401
105.000,44,818.781,315.286,347.079
105.000,45,1054.565,469.147,166.609
105.000,46,508.347,860.399,598.834
105.000,47,615.004,587.377,381.571
105.000,48,262.531,147.650,162.014
105.000,49,1388.596,593.311,481.180
110.000,0,1046.295,769.931,455.074
110.000,1,1924.079,697.276,299.749
110.000,2,1336.310,597.324,135.504
110.000,3,955.833,1020.351,446.824
110.000,4,2096.986,57.730,197.145
110.000,5,112.805,679.315,226.427
110.000,6,1693.765,275.740,289.816
110.000,7,2033.034,815.134,429.931
110.000,8,1587.749,651.887,380.838
110.000,9,461.010,11.249,562.715
110.000,10,1455.967,260.711,530.189
110.000,11,1764.040,878.467,437.338
110.000,12,1436.905,104.014,258.217
110.000,13,667.098,598.712,448.468
110.000,14,542.141,1149.375,564.920
110.000,15,1603.916,950.464,220.837
110.000,16,1848.473,667.252,316.083
110.000,17,1810.785,289.154,549.793
110.000,18,1004.086,1016.090,112.411
110.000,19,717.387,768.210,155.378
110.000,20,549.781,33.763,438.792
110.000,21,335.593,67.573,370.014
110.000,22,594.961,262.171,111.421
110.000,23,1864.226,825.346,208.742
110.000,24,85.833,841.142,247.226
110.000,25,2042.318,333.548,545.978
110.000,26,1514.184,147.914,348.426
110.000,27,568.625,987.504,323.557
110.000,28,695.902,601.434,330.450
110.000,29,1169.175,341.692,419.611
110.000,30,740.421,89.379,111.988
110.000,31,979.420,1042.693,315.857
110.000,32,30.084,520.420,497.761
110.000,33,2110.441,1189.687,399.927
110.000,34,110.292,778.171,459.336
110.000,35,2012.403,166.698,432.836
110.000,36,1498.853,1078.820,246.392
110.000,37,1730.198,1096.215,571.715
110.000,38,1744.343,212.663,112.353
110.000,39,1878.930,1112.051,540.441
110.000,40,358.311,728.082,266.280
110.000,41,2096.282,75.544,262.113
110.000,42,463.362,916.716,568.538
110.000,43,559.285,440.102,544.926
110.000,44,795.464,206.821,347.918
110.000,45,954.414,560.895,157.240
110.000,46,417.853,875.426,599.806
110.000,47,596.753,704.270,388.416
110.000,48,199.101,42.967,160.712
110.000,49,1484.039,578.353,483.829
115.000,0,1069.243,664.769,459.593
115.000,1,1870.019,811.277,301.108
115.000,2,1442.906,548.945,139.582
115.000,3,857.735,930.253,449.073
115.000,4,2136.045,119.632,195.261
115.000,5,178.999,633.482,230.443
115.000,6,1702.254,177.221,285.140
115.000,7,2106.867,728.900,434.402
115.000,8,1641.861,737.710,377.234
115.000,9,395.905,75.097,567.023
115.000,10,1569.451,326.094,525.303
115.000,11,1902.680,925.962,434.743
115.000,12,1321.957,214.323,257.893
115.000,13,691.348,731.232,439.831
115.000,14,463.037,1185.752,560.006
115.000,15,1585.580,1095.406,220.408
115.000,16,1876.153,601.517,319.370
115.000,17,1899.395,337.971,545.522
115.000,18,969.004,1115.302,115.533
115.000,19,597.132,761.335,157.279
115.000,20,511.074,145.138,434.396
115.000,21,218.646,88.473,375.978
115.000,22,674.876,258.033,112.807
115.000,23,1779.642,744.557,213.846
115.000,24,58.653,759.408,246.904
115.000,25,2130.636,342.243,548.732
115.000,26,1458.337,216.205,350.072
115.000,27,676.844,1015.269,322.058
115.000,28,632.207,510.523,326.302
115.000,29,1229.180,391.987,416.003
115.000,30,663.131,57.809,114.739
115.000,31,924.051,1116.869,310.049
115.000,32,91.227,456.868,496.905
115.000,33,2068.194,1235.002,405.382
115.000,34,194.814,750.000,461.560
115.000,35,1927.019,238.002,434.510
115.000,36,1545.939,948.578,247.731
115.000,37,1721.746,1184.761,574.413
115.000,38,1795.630,301.207,110.102
115.000,39,1817.807,1228.717,534.438
115.000,40,216.427,782.813,265.203
115.000,41,2057.443,56.458,259.709
115.000,42,328.280,952.360,565.386
115.000,43,495.194,569.598,549.097
115.000,44,787.719,83.522,350.682
115.000,45,833.116,633.103,150.314
115.000,46,325.503,891.214,599.314
115.000,47,555.352,806.032,392.757
115.000,48,149.803,90.604,164.379
115.000,49,1581.616,560.589,487.732
120.000,0,1109.929,555.307,465.358
120.000,1,1836.613,917.450,299.796
120.000,2,1542.693,495.542,143.286
120.000,3,769.961,836.157,452.629
120.000,4,2106.884,181.883,192.095
120.000,5,236.867,574.646,229.750
120.000,6,1687.428,76.242,281.972
120.000,7,2105.034,649.931,435.615
120.000,8,1699.952,818.837,370.658
120.000,9,327.682,162.717,571.405
120.000,10,1676.470,373.873,520.493
120.000,11,2047.958,983.629,433.088
120.000,12,1222.882,336.103,256.253
120.000,13,735.011,854.663,431.929
120.000,14,396.940,1243.058,556.504
120.000,15,1562.525,1238.389,218.752
120.000,16,1901.539,532.774,321.595
120.000,17,1969.880,406.921,542.393
120.000,18,915.241,1203.227,118.950
120.000,19,481.819,748.457,161.145
120.000,20,482.807,252.615,428.039
120.000,21,127.594,165.230,375.304
120.000,22,749.029,237.430,114.385
120.000,23,1713.435,657.558,217.464
120.000,24,26.723,684.165,247.558
120.000,25,2026.632,343.640,549.652
120.000,26,1429.022,291.745,348.861
120.000,27,794.817,1026.689,321.056
120.000,28,583.911,404.563,321.882
120.000,29,1288.501,462.334,412.715
120.000,30,587.658,27.622,117.385
120.000,31,865.434,1204.446,306.064
120.000,32,176.335,367.987,495.350
120.000,33,1950.563,1278.868,410.061
120.000,34,282.122,735.784,464.960
120.000,35,1841.978,306.359,436.192
120.000,36,1609.257,832.396,254.849
120.000,37,1723.592,1266.470,577.133
120.000,38,1856.447,386.939,108.334
120.000,39,1733.055,1236.515,528.787
120.000,40,82.070,846.679,266.210
120.000,41,2063.689,181.881,255.225
120.000,42,191.042,967.911,560.380
120.000,43,442.945,703.153,552.213
120.000,44,758.624,57.664,354.913
120.000,45,690.876,692.201,138.125
120.000,46,236.226,897.150,599.570
120.000,47,517.146,912.712,395.052
120.000,48,91.522,210.194,168.921
120.000,49,1680.876,545.677,489.858
125.000,0,1136.468,442.200,471.298
125.000,1,1797.559,1021.960,299.868
125.000,2,1615.388,410.691,148.579
125.000,3,682.091,742.123,455.771
125.000,4,2072.015,252.571,189.892
125.000,5,275.858,502.102,229.959
125.000,6,1687.231,38.009,277.680
125.000,7,2051.802,556.701,437.900
125.000,8,1739.988,910.579,364.287
125.000,9,273.700,259.155,573.699
125.000,10,1784.725,409.444,513.587
125.000,11,2078.704,1009.973,434.343
125.000,12,1134.615,459.482,254.491
125.000,13,769.600,971.317,424.924
125.000,14,323.430,1287.229,553.848
125.000,15,1519.113,1188.467,221.068
125.000,16,1911.994,465.194,324.004
125.000,17,2035.875,469.428,539.249
125.000,18,881.095,1260.449,120.196
125.000,19,366.093,712.941,166.324
125.000,20,433.470,350.981,423.564
125.000,21,31.963,247.723,375.723
125.000,22,831.721,247.616,119.092
125.000,23,1640.126,588.322,221.811
125.000,24,8.829,601.268,246.138
125.000,25,1922.101,373.621,551.967
125.000,26,1370.795,354.592,347.944
125.000,27,908.780,1065.774,319.328
125.000,28,555.460,293.919,316.026
125.000,29,1343.784,535.707,413.765
125.000,30,505.817,1.618,120.761
125.000,31,795.468,1276.554,300.502
125.000,32,257.798,290.441,492.296
125.000,33,1825.758,1219.469,414.627
125.000,34,378.446,735.455,468.024
125.000,35,1739.023,355.073,438.319
125.000,36,1659.993,707.569,261.039
125.000,37,1737.662,1217.473,578.314
125.000,38,1905.913,477.170,106.205
125.000,39,1632.535,1125.391,523.298
125.000,40,57.225,926.954,267.011
125.000,41,2047.563,306.114,246.084
125.000,42,63.416,1002.572,555.195
125.000,43,399.688,824.976,550.479
125.000,44,721.236,165.252,355.496
125.000,45,547.801,749.044,126.375
125.000,46,135.439,910.430,595.981
125.000,47,461.318,1011.636,397.366
125.000,48,42.111,329.225,170.308
125.000,49,1775.470,540.977,490.764
130.000,0,1182.406,320.391,473.647
130.000,1,1734.552,1121.185,304.098
130.000,2,1680.451,318.897,152.416
130.000,3,599.202,647.714,457.067
130.000,4,2026.839,319.207,191.375
130.000,5,321.463,429.639,231.935
130.000,6,1705.482,130.260,272.671
130.000,7,1981.022,474.391,441.409
130.000,8,1776.527,995.089,359.082
130.000,9,220.860,352.462,578.601
130.000,10,1884.889,448.240,506.327
130.000,11,1929.583,1044.098,430.691
130.000,12,1031.213,563.371,253.857
130.000,13,793.145,1096.314,417.109
130.000,14,267.199,1225.252,549.403
130.000,15,1482.430,1050.834,222.425
130.000,16,1910.225,392.184,328.161
130.000,17,2082.837,553.877,539.306
130.000,18,862.854,1164.750,121.257
130.000,19,251.774,673.125,168.825
130.000,20,384.126,439.211,418.710
130.000,21,73.700,317.505,378.595
130.000,22,916.191,256.887,123.111
130.000,23,1554.384,521.978,223.432
130.000,24,15.203,521.352,245.004
130.000,25,1812.460,402.049,551.594
130.000,26,1312.043,418.814,348.205
130.000,27,1016.438,1131.884,315.946
130.000,28,475.907,200.987,308.602
130.000,29,1389.114,611.894,415.307
130.000,30,408.735,4.951,125.954
130.000,31,725.302,1197.820,293.793
130.000,32,344.123,210.258,490.345
130.000,33,1702.919,1180.315,418.071
130.000,34,463.731,720.174,468.196
130.000,35,1631.094,421.012,438.896
130.000,36,1703.982,585.187,263.378
130.000,37,1760.985,1136.850,578.227
130.000,38,1934.207,583.694,104.145
130.000,39,1538.048,1029.406,517.708
130.000,40,158.600,1031.383,262.681
130.000,41,2006.856,432.325,239.149
130.000,42,63.671,1067.912,549.259
130.000,43,351.271,952.503,547.827
130.000,44,698.168,272.768,353.700
130.000,45,417.566,821.755,118.714
130.000,46,30.845,907.599,592.967
130.000,47,408.220,1108.081,399.733
130.000,48,20.031,445.499,171.056
130.000,49,1867.244,541.582,493.538
135.000,0,1217.041,193.748,476.976
135.000,1,1676.853,1234.318,307.456
135.000,2,1766.612,249.402,156.710
135.000,3,508.615,547.709,463.017
135.000,4,1951.164,367.102,191.897
135.000,5,396.312,392.434,234.060
135.000,6,1723.437,224.919,267.501
135.000,7,1894.698,398.076,443.886
135.000,8,1817.585,1077.719,354.043
135.000,9,150.086,432.649,583.364
135.000,10,1992.675,465.048,500.292
135.000,11,1778.817,1041.146,429.216
135.000,12,929.549,662.912,250.546
135.000,13,867.304,1199.356,410.976
135.000,14,209.653,1168.063,548.269
135.000,15,1463.604,914.662,222.661
135.000,16,1927.886,323.888,332.966
135.000,17,2137.123,643.322,538.455
135.000,18,869.157,1073.829,123.061
135.000,19,131.562,644.245,169.264
135.000,20,372.241,538.565,412.266
135.000,21,176.793,368.276,381.665
135.000,22,1001.561,244.150,127.748
135.000,23,1473.245,436.684,229.611
135.000,24,7.684,434.926,247.095
135.000,25,1695.376,403.909,553.877
135.000,26,1273.336,483.368,350.438
135.000,27,1128.825,1181.214,315.080
135.000,28,407.814,92.336,302.229
135.000,29,1432.196,692.036,418.016
135.000,30,316.389,27.197,130.406
135.000,31,671.026,1120.195,287.303
135.000,32,450.102,150.246,486.922
135.000,33,1563.552,1180.885,421.075
135.000,34,552.191,695.854,469.357
135.000,35,1521.300,482.188,438.823
135.000,36,1766.779,459.081,264.683
135.000,37,1774.856,1047.348,581.367
135.000,38,1953.531,683.904,103.972
135.000,39,1452.083,937.231,510.776
135.000,40,271.364,1135.481,258.127
135.000,41,1964.480,563.091,233.711
135.000,42,196.318,1103.395,541.740
135.000,43,341.247,1094.118,542.570
135.000,44,663.430,371.193,351.143
135.000,45,300.016,889.595,109.012
135.000,46,86.675,912.128,592.658
135.000,47,367.643,1208.383,400.993
135.000,48,61.245,569.226,172.705
135.000,49,1950.919,512.194,495.002
140.000,0,1289.428,79.322,483.755
140.000,1,1628.899,1217.912,310.531
140.000,2,1858.399,182.500,162.808
140.000,3,402.116,466.534,467.960
140.000,4,1896.160,431.816,189.651
140.000,5,471.468,374.838,235.896
140.000,6,1750.010,323.278,262.166
140.000,7,1826.399,318.377,446.713
140.000,8,1851.389,1171.544,349.259
140.000,9,73.736,510.268,584.377
140.000,10,2103.412,496.982,497.260
140.000,11,1647.316,1089.823,427.830
140.000,12,846.364,775.264,246.605
140.000,13,938.361,1273.599,405.613
140.000,14,151.543,1122.790,548.319
140.000,15,1414.417,781.785,223.158
140.000,16,1953.794,260.962,336.049
140.000,17,2097.540,725.274,534.571
140.000,18,839.175,989.080,123.116
140.000,19,10.269,599.290,175.422
140.000,20,380.784,635.997,407.007
140.000,21,280.540,424.530,385.220
140.000,22,1087.668,231.676,130.976
140.000,23,1388.298,347.882,236.573
140.000,24,11.300,342.020,248.143
140.000,25,1581.678,424.051,553.388
140.000,26,1235.597,550.522,354.940
140.000,27,1230.393,1233.885,315.132
140.000,28,327.288,12.080,297.108
140.000,29,1480.383,760.826,420.988
140.000,30,237.665,65.839,133.013
140.000,31,629.186,1028.459,281.376
140.000,32,545.052,93.051,482.465
140.000,33,1436.762,1143.505,422.450
140.000,34,639.241,659.604,471.755
140.000,35,1447.279,571.137,438.553
140.000,36,1843.769,342.804,268.281
140.000,37,1780.503,963.169,585.431
140.000,38,1992.093,763.014,101.772
140.000,39,1372.474,830.106,503.246
140.000,40,399.619,1218.116,253.188
140.000,41,1906.350,675.241,229.116
140.000,42,322.702,1150.530,540.502
140.000,43,309.959,1242.034,539.911
140.000,44,648.088,476.047,348.520
140.000,45,170.328,949.935,103.535
140.000,46,178.804,932.543,592.455
140.000,47,323.841,1264.379,400.272
140.000,48,120.400,690.312,177.126
140.000,49,2032.714,494.492,496.046
145.000,0,1332.554,59.377,489.513
145.000,1,1595.008,1111.010,312.113
145.000,2,1954.488,141.313,168.701
145.000,3,306.155,368.994,468.549
145.000,4,1851.255,505.264,184.386
145.000,5,555.913,340.034,239.725
145.000,6,1778.853,416.755,255.848
145.000,7,1763.221,228.364,447.319
145.000,8,1898.741,1251.949,346.713
145.000,9,17.576,578.304,586.892
145.000,10,2076.702,557.272,493.462
145.000,11,1526.078,1165.596,428.676
145.000,12,787.459,906.711,244.912
145.000,13,993.636,1158.754,399.296
145.000,14,107.283,1055.348,547.619
145.000,15,1372.376,640.193,223.836
145.000,16,1971.210,191.406,338.662
145.000,17,2042.354,802.248,526.376
145.000,18,812.216,896.569,125.220
145.000,19,138.135,585.211,178.867
145.000,20,340.908,728.130,404.342
145.000,21,382.777,481.214,392.426
145.000,22,1176.999,236.707,133.181
145.000,23,1295.728,276.827,241.586
145.000,24,22.984,250.075,250.179
145.000,25,1458.652,451.230,553.930
145.000,26,1200.983,619.531,358.038
145.000,27,1334.612,1271.225,315.468
145.000,28,250.677,105.131,296.862
145.000,29,1528.418,826.162,423.435
145.000,30,148.973,99.658,135.756
145.000,31,577.597,944.799,276.005
145.000,32,642.758,33.367,477.499
145.000,33,1305.336,1159.433,422.262
145.000,34,711.943,604.447,474.186
145.000,35,1373.846,654.597,441.284
145.000,36,1920.936,235.159,268.272
145.000,37,1767.912,875.613,589.371
145.000,38,2044.726,840.267,100.591
145.000,39,1306.016,721.615,496.875
145.000,40,525.901,1256.020,250.855
145.000,41,1895.325,805.656,222.875
145.000,42,441.404,1212.831,538.570
145.000,43,277.929,1182.543,536.525
145.000,44,638.150,582.613,346.596
145.000,45,42.424,1029.474,112.509
145.000,46,273.212,937.365,592.522
145.000,47,292.669,1167.277,406.685
145.000,48,188.992,798.702,181.934
145.000,49,2128.054,481.459,497.330
150.000,0,1366.224,173.700,495.740
150.000,1,1564.671,991.289,312.486
150.000,2,2053.657,82.734,173.017
150.000,3,230.182,255.573,468.988
150.000,4,1813.975,583.714,180.535
150.000,5,632.245,304.961,242.167
150.000,6,1799.502,512.339,249.588
150.000,7,1683.854,145.683,448.896
150.000,8,1950.655,1229.524,342.707
150.000,9,67.618,675.522,590.665
150.000,10,1956.068,599.849,488.995
150.000,11,1392.771,1222.085,429.631
150.000,12,671.897,1002.668,242.003
150.000,13,1035.904,1023.049,391.957
150.000,14,60.580,988.205,546.059
150.000,15,1351.902,491.560,223.525
150.000,16,1978.906,124.817,341.399
150.000,17,1965.669,872.871,517.924
150.000,18,781.875,810.158,127.527
150.000,19,275.512,569.405,183.446
150.000,20,299.598,827.676,404.390
150.000,21,490.557,519.895,400.854
150.000,22,1269.850,225.394,134.975
150.000,23,1226.587,183.438,249.266
150.000,24,58.700,163.408,251.833
150.000,25,1334.086,452.194,553.872
150.000,26,1154.025,679.835,362.208
150.000,27,1440.533,1206.363,316.109
150.000,28,218.747,217.374,298.500
150.000,29,1578.965,887.933,424.584
150.000,30,80.287,151.334,136.524
150.000,31,523.988,866.778,274.457
150.000,32,726.412,70.963,474.495
150.000,33,1170.912,1137.645,424.830
150.000,34,799.293,572.982,477.666
150.000,35,1301.904,730.984,447.042
150.000,36,1963.434,109.397,269.295
150.000,37,1751.353,785.942,595.379
150.000,38,2116.450,908.253,103.158
150.000,39,1234.679,627.790,491.315
150.000,40,657.183,1174.801,245.839
150.000,41,1930.945,923.469,215.560
150.000,42,552.560,1281.525,537.726
150.000,43,259.792,1044.983,532.788
150.000,44,593.990,682.427,346.810
150.000,45,127.731,1069.786,119.488
150.000,46,364.207,944.040,592.050
150.000,47,272.223,1062.635,411.122
150.000,48,229.789,921.101,182.629
150.000,49,2056.913,442.685,499.381
155.000,0,1387.008,284.431,498.272
155.000,1,1511.342,870.892,310.711
155.000,2,2143.354,15.525,176.003
155.000,3,159.676,146.794,473.488
155.000,4,1753.695,651.606,178.281
155.000,5,694.182,245.765,242.966
155.000,6,1808.531,607.501,241.668
155.000,7,1583.049,81.178,451.280
155.000,8,2000.332,1152.066,338.286
155.000,9,147.870,760.401,598.050
155.000,10,1841.286,665.232,485.276
155.000,11,1254.102,1281.409,427.287
155.000,12,537.913,1068.919,238.627
155.000,13,1092.670,892.726,388.155
155.000,14,29.344,909.939,542.678
155.000,15,1331.026,343.348,226.688
155.000,16,1995.421,54.906,345.077
155.000,17,1907.914,959.821,512.798
155.000,18,750.056,727.434,129.729
155.000,19,413.844,540.072,186.195
155.000,20,276.377,941.792,402.225
155.000,21,575.127,590.708,410.472
155.000,22,1365.276,215.259,137.564
155.000,23,1172.780,92.097,252.664
155.000,24,77.896,70.841,249.177
155.000,25,1221.048,479.550,557.656
155.000,26,1100.440,733.831,366.555
155.000,27,1531.430,1140.073,316.246
155.000,28,173.487,317.370,297.295
155.000,29,1631.996,947.637,426.611
155.000,30,17.415,179.967,138.499
155.000,31,477.940,782.455,271.333
155.000,32,803.044,173.685,473.023
155.000,33,1040.950,1126.317,427.630
155.000,34,885.698,525.333,480.989
155.000,35,1246.633,816.760,451.031
155.000,36,2039.407,6.826,269.005
155.000,37,1725.454,698.366,598.625
155.000,38,2115.863,991.847,105.482
155.000,39,1160.310,532.208,486.192
155.000,40,781.262,1087.960,239.272
155.000,41,1952.754,1041.725,211.855
155.000,42,678.138,1241.990,532.910
155.000,43,225.352,916.939,530.398
155.000,44,586.376,780.530,347.957
155.000,45,249.685,1146.834,129.393
155.000,46,455.683,957.489,590.314
155.000,47,207.321,980.292,416.424
155.000,48,278.244,1038.296,185.041
155.000,49,1956.108,416.171,501.602
160.000,0,1395.274,403.697,500.312
160.000,1,1478.421,747.517,310.628
160.000,2,2049.151,52.961,180.611
160.000,3,87.950,31.945,475.237
160.000,4,1683.378,700.524,176.765
160.000,5,765.960,187.371,240.360
160.000,6,1806.467,712.112,236.170
160.000,7,1496.404,6.868,455.606
160.000,8,2059.784,1076.846,334.935
160.000,9,225.617,848.377,595.208
160.000,10,1723.844,729.801,476.963
160.000,11,1111.746,1246.223,425.951
160.000,12,410.057,1142.746,235.842
160.000,13,1146.076,771.771,388.799
160.000,14,27.920,847.529,541.479
160.000,15,1305.822,199.405,229.732
160.000,16,2022.814,28.439,350.900
160.000,17,1873.598,1050.617,508.020
160.000,18,727.860,635.431,131.021
160.000,19,551.827,533.678,189.675
160.000,20,234.728,1047.837,397.878
160.000,21,665.423,637.960,416.384
160.000,22,1463.389,203.517,139.477
160.000,23,1121.838,9.495,254.661
160.000,24,102.687,8.645,249.325
160.000,25,1113.565,520.400,558.749
160.000,26,1039.813,789.982,369.656
160.000,27,1628.283,1082.474,317.448
160.000,28,118.481,418.874,293.428
160.000,29,1691.556,1008.890,429.289
160.000,30,104.261,190.919,141.330
160.000,31,429.942,698.559,264.629
160.000,32,886.400,272.564,468.990
160.000,33,917.483,1113.170,427.575
160.000,34,968.311,478.314,484.009
160.000,35,1169.214,890.012,453.864
160.000,36,2120.956,113.195,269.969
160.000,37,1739.085,606.623,593.624
160.000,38,2082.158,1078.159,108.343
160.000,39,1088.119,425.643,479.490
160.000,40,897.935,1000.968,232.916
160.000,41,1936.648,1167.075,208.266
160.000,42,804.913,1189.865,527.613
160.000,43,174.991,793.677,532.244
160.000,44,597.632,892.995,351.276
160.000,45,369.109,1215.810,137.801
160.000,46,549.610,970.502,589.619
160.000,47,170.150,884.742,420.692
160.000,48,278.366,1176.519,189.556
160.000,49,1859.775,380.648,501.187
165.000,0,1417.066,514.373,505.333
165.000,1,1481.967,620.643,309.583
165.000,2,1954.354,116.334,187.949
165.000,3,16.830,87.402,473.220
165.000,4,1608.796,725.039,174.584
165.000,5,827.823,130.194,237.244
165.000,6,1792.831,821.001,231.109
165.000,7,1405.578,61.900,454.722
165.000,8,2101.003,988.291,330.336
165.000,9,295.849,936.997,587.584
165.000,10,1597.084,768.079,468.654
165.000,11,965.244,1218.976,425.247
165.000,12,285.889,1220.979,232.330
165.000,13,1199.647,651.021,386.949
165.000,14,106.410,806.608,539.706
165.000,15,1286.556,51.570,230.621
165.000,16,2044.292,102.300,351.970
165.000,17,1811.491,1125.772,504.533
165.000,18,713.246,546.395,133.206
165.000,19,676.337,526.801,194.328
165.000,20,197.185,1150.272,390.114
165.000,21,762.608,681.831,419.553
165.000,22,1552.543,205.986,142.698
165.000,23,1043.904,89.993,258.997
165.000,24,126.091,87.393,250.215
165.000,25,999.479,533.862,559.150
165.000,26,981.087,846.720,371.635
165.000,27,1748.051,1043.694,317.723
165.000,28,49.539,512.261,285.554
165.000,29,1756.854,1072.142,432.525
165.000,30,196.233,209.952,144.112
165.000,31,365.073,631.942,256.791
165.000,32,994.401,325.432,466.383
165.000,33,798.625,1072.260,426.764
165.000,34,1064.260,451.714,490.213
165.000,35,1094.239,964.442,458.820
165.000,36,2099.443,223.376,269.658
165.000,37,1742.543,516.167,590.959
165.000,38,2036.096,1166.474,109.624
165.000,39,994.441,315.527,474.559
165.000,40,1020.309,938.076,227.133
165.000,41,1927.502,1267.959,205.146
165.000,42,934.252,1145.340,522.939
165.000,43,137.071,663.429,530.535
165.000,44,558.531,996.754,354.962
165.000,45,500.090,1280.628,145.872
165.000,46,639.548,998.985,588.990
165.000,47,124.058,788.262,424.111
165.000,48,324.335,1257.385,191.632
165.000,49,1764.632,347.029,500.834
170.000,0,1444.560,633.615,511.023
170.000,1,1468.111,507.278,306.661
170.000,2,1851.002,168.991,199.459
170.000,3,112.985,168.756,475.826
170.000,4,1554.093,769.985,171.063
170.000,5,878.923,60.865,236.910
170.000,6,1760.283,924.027,226.504
170.000,7,1303.482,102.238,458.139
170.000,8,2137.139,890.041,322.934
170.000,9,366.204,1030.202,579.930
170.000,10,1469.063,794.317,462.656
170.000,11,819.147,1246.305,420.817
170.000,12,172.767,1220.550,228.705
170.000,13,1261.545,536.505,382.012
170.000,14,182.577,771.165,537.618
170.000,15,1245.466,105.655,232.722
170.000,16,2068.124,174.449,351.675
170.000,17,1749.512,1192.280,499.432
170.000,18,681.930,457.541,137.268
170.000,19,798.255,547.147,198.075
170.000,20,150.978,1247.233,384.687
170.000,21,868.426,712.497,422.707
170.000,22,1637.900,226.016,147.662
170.000,23,961.321,157.758,261.421
170.000,24,153.394,170.108,249.184
170.000,25,884.245,576.044,558.517
170.000,26,925.609,912.333,372.924
170.000,27,1854.780,999.194,314.877
170.000,28,18.555,607.195,279.645
170.000,29,1818.092,1139.158,434.535
170.000,30,289.270,205.721,147.555
170.000,31,312.292,545.571,251.920
170.000,32,1096.173,386.856,460.688
170.000,33,673.120,1025.515,425.139
170.000,34,1156.228,415.141,495.336
170.000,35,1019.458,1039.253,462.848
170.000,36,2025.091,322.636,271.386
170.000,37,1734.441,432.469,585.417
170.000,38,2002.645,1254.954,106.439
170.000,39,931.598,189.599,472.928
170.000,40,1154.721,894.445,221.491
170.000,41,1906.117,1144.716,202.053
170.000,42,1057.898,1113.596,519.342
170.000,43,123.726,523.651,533.352
170.000,44,519.107,1102.486,358.321
170.000,45,636.876,1248.589,152.059
170.000,46,733.631,998.941,590.576
170.000,47,41.267,701.185,428.808
170.000,48,414.253,1165.088,192.522
170.000,49,1679.420,300.819,500.152
175.000,0,1415.408,758.153,512.274
175.000,1,1431.609,402.239,307.898
175.000,2,1749.772,218.950,209.368
175.000,3,207.086,252.550,479.854
175.000,4,1510.016,820.477,167.791
175.000,5,948.506,5.561,238.260
175.000,6,1770.044,1019.426,220.513
175.000,7,1209.762,170.406,460.657
175.000,8,2101.368,803.682,316.928
175.000,9,463.105,1098.969,575.042
175.000,10,1352.285,847.660,457.705
175.000,11,662.189,1205.118,413.634
175.000,12,91.454,1086.196,227.547
175.000,13,1309.871,410.564,374.156
175.000,14,234.684,716.241,535.110
175.000,15,1195.745,237.700,237.056
175.000,16,2092.860,254.251,352.384
175.000,17,1677.949,1252.989,498.159
175.000,18,640.728,372.717,142.785
175.000,19,914.200,596.442,199.882
175.000,20,113.652,1229.320,378.318
175.000,21,985.928,715.781,429.077
175.000,22,1730.462,237.677,151.265
175.000,23,869.098,219.638,266.407
175.000,24,178.653,264.900,247.123
175.000,25,771.321,637.153,557.611
175.000,26,885.118,971.295,372.888
175.000,27,1951.817,942.114,310.193
175.000,28,74.639,714.477,274.570
175.000,29,1890.087,1194.036,435.629
175.000,30,384.676,190.969,151.075
175.000,31,255.394,457.655,247.191
175.000,32,1195.934,466.017,455.490
175.000,33,550.581,983.891,425.211
175.000,34,1251.847,400.110,501.379
175.000,35,937.769,1102.579,462.292
175.000,36,1969.589,445.078,270.531
175.000,37,1741.810,350.321,581.272
175.000,38,1941.457,1238.515,104.968
175.000,39,860.545,63.516,468.993
175.000,40,1296.698,865.507,216.764
175.000,41,1872.298,1017.738,199.281
175.000,42,1182.687,1060.420,520.082
175.000,43,131.411,378.385,534.960
175.000,44,492.180,1215.206,363.060
175.000,45,766.510,1207.076,161.777
175.000,46,827.136,1013.580,590.283
175.000,47,44.548,614.268,430.509
175.000,48,478.680,1059.878,192.151
175.000,49,1597.092,286.198,504.344
180.000,0,1409.033,878.617,516.966
180.000,1,1387.497,302.964,308.946
180.000,2,1662.169,263.612,217.252
180.000,3,291.454,345.662,479.442
180.000,4,1480.107,883.032,165.061
180.000,5,1015.586,50.430,240.103
180.000,6,1804.088,1117.042,215.846
180.000,7,1112.153,226.246,461.757
180.000,8,2058.017,707.708,311.233
180.000,9,562.184,1159.797,571.306
180.000,10,1238.586,904.672,456.122
180.000,11,514.443,1160.916,403.838
180.000,12,17.715,966.182,224.982
180.000,13,1368.387,284.931,366.777
180.000,14,290.401,654.909,532.123
180.000,15,1132.237,357.822,241.501
180.000,16,2121.599,339.761,352.716
180.000,17,1603.471,1266.296,498.067
180.000,18,622.492,288.132,146.177
180.000,19,1043.169,610.339,202.017
180.000,20,95.038,1137.180,371.857
180.000,21,1086.134,757.740,433.769
180.000,22,1812.754,254.753,152.200
180.000,23,800.890,290.886,271.516
180.000,24,188.193,366.472,244.823
180.000,25,660.344,693.366,556.262
180.000,26,831.690,1016.024,373.333
180.000,27,2063.497,910.007,305.026
180.000,28,125.952,815.376,271.792
180.000,29,1957.851,1254.753,435.864
180.000,30,484.538,187.780,156.261
180.000,31,194.712,384.701,243.574
180.000,32,1297.917,538.354,450.490
180.000,33,421.558,947.530,426.907
180.000,34,1338.924,380.687,505.379
180.000,35,853.052,1164.785,464.241
180.000,36,1924.029,576.112,266.053
180.000,37,1755.994,263.679,576.575
180.000,38,1887.052,1152.537,107.207
180.000,39,774.119,50.747,465.881
180.000,40,1440.735,818.854,213.690
180.000,41,1886.281,885.292,193.838
180.000,42,1318.882,1061.461,519.729
180.000,43,97.802,238.766,532.651
180.000,44,465.719,1243.241,367.080
180.000,45,908.056,1247.509,173.892
180.000,46,927.940,1014.142,586.384
180.000,47,112.508,526.587,434.045
180.000,48,524.918,945.690,192.189
180.000,49,1509.578,260.582,507.589
185.000,0,1446.781,992.109,523.149
185.000,1,1380.250,183.956,310.864
185.000,2,1579.684,316.145,223.127
185.000,3,362.479,448.512,478.008
185.000,4,1439.977,948.829,160.611
185.000,5,1091.479,101.298,241.189
185.000,6,1832.722,1214.698,212.598
185.000,7,1017.991,284.306,462.086
185.000,8,2019.278,616.113,306.068
185.000,9,650.410,1222.488,565.913
185.000,10,1129.061,965.304,455.375
185.000,11,367.727,1106.945,399.142
185.000,12,131.603,868.938,224.082
185.000,13,1407.776,148.409,363.973
185.000,14,350.622,588.358,525.014
185.000,15,1066.034,476.846,239.049
185.000,16,2138.839,414.450,355.318
185.000,17,1543.146,1190.229,497.431
185.000,18,577.025,206.463,147.063
185.000,19,1171.964,629.046,201.189
185.000,20,68.687,1036.983,368.281
185.000,21,1182.474,826.633,437.244
185.000,22,1896.501,263.285,152.884
185.000,23,739.668,367.076,276.610
185.000,24,204.467,466.870,242.907
185.000,25,547.484,700.185,554.780
185.000,26,771.134,1063.644,376.305
185.000,27,2111.091,874.774,298.925
185.000,28,177.195,913.513,268.108
185.000,29,2027.720,1252.373,436.392
185.000,30,586.325,198.924,163.737
185.000,31,148.586,301.509,236.649
185.000,32,1416.524,590.123,448.811
185.000,33,284.855,934.784,427.593
185.000,34,1423.292,367.893,507.144
185.000,35,764.527,1227.858,468.242
185.000,36,1869.816,694.805,264.094
185.000,37,1791.462,175.953,570.592
185.000,38,1820.867,1068.918,107.482
185.000,39,675.735,125.811,464.128
185.000,40,1571.589,758.572,210.828
185.000,41,1877.352,766.205,188.321
185.000,42,1444.497,1016.464,516.425
185.000,43,78.004,99.033,530.507
185.000,44,438.757,1135.201,370.615
185.000,45,1052.345,1260.409,183.750
185.000,46,1020.871,1029.180,582.069
185.000,47,176.648,429.224,439.227
185.000,48,538.478,812.468,195.263
185.000,49,1411.093,241.701,507.189
190.000,0,1513.442,1105.265,529.350
190.000,1,1346.648,72.481,315.213
190.000,2,1501.448,390.223,225.754
190.000,3,425.964,558.321,475.857
190.000,4,1381.523,1012.089,157.985
190.000,5,1173.185,132.488,241.513
190.000,6,1851.901,1253.848,208.516
190.000,7,915.802,327.325,460.960
190.000,8,1969.917,535.260,303.585
190.000,9,722.213,1268.648,563.097
190.000,10,1042.930,1039.402,454.833
190.000,11,227.167,1060.456,398.547
190.000,12,235.440,759.719,223.508
190.000,13,1455.487,23.858,355.379
190.000,14,415.874,537.048,522.008
190.000,15,983.677,593.206,238.040
190.000,16,2109.339,484.182,357.746
190.000,17,1490.553,1101.874,494.841
190.000,18,551.453,126.923,148.601
190.000,19,1305.732,652.789,198.125
190.000,20,47.467,931.652,363.438
190.000,21,1270.418,898.076,444.412
190.000,22,1982.697,259.759,155.497
190.000,23,670.318,451.516,282.242
190.000,24,255.447,565.734,241.776
190.000,25,425.791,730.915,556.303
190.000,26,710.496,1117.710,380.781
190.000,27,2001.273,822.637,301.633
190.000,28,259.800,995.582,263.617
190.000,29,2086.719,1181.177,438.278
190.000,30,680.786,224.383,169.159
190.000,31,108.851,222.404,231.856
190.000,32,1502.745,679.278,446.880
190.000,33,151.948,904.283,428.147
190.000,34,1508.532,342.840,507.037
190.000,35,688.493,1271.324,468.922
190.000,36,1788.313,811.044,260.688
190.000,37,1808.037,82.174,562.271
190.000,38,1758.684,982.092,104.098
190.000,39,559.728,178.714,460.397
190.000,40,1714.659,719.501,212.757
190.000,41,1842.001,646.742,183.468
190.000,42,1568.496,966.831,514.578
190.000,43,81.310,43.339,528.028
190.000,44,411.969,1022.425,373.361
190.000,45,1189.978,1211.480,192.777
190.000,46,1108.468,1042.249,581.921
190.000,47,213.159,318.826,443.660
190.000,48,548.370,679.255,201.398
190.000,49,1315.291,225.739,509.067
195.000,0,1561.691,1221.287,538.553
195.000,1,1302.787,53.513,316.674
195.000,2,1419.851,456.414,227.209
195.000,3,501.751,663.698,480.369
195.000,4,1322.843,1075.261,155.444
195.000,5,1267.504,149.940,240.100
195.000,6,1857.430,1152.206,201.803
195.000,7,820.911,393.721,459.704
195.000,8,1924.218,442.330,296.621
195.000,9,803.942,1204.733,556.621
195.000,10,940.324,1092.440,451.963
195.000,11,84.892,1047.980,398.924
195.000,12,351.399,672.286,222.550
195.000,13,1534.927,83.619,351.433
195.000,14,464.340,472.243,519.585
195.000,15,931.902,730.213,235.946
195.000,16,2077.012,548.000,360.306
195.000,17,1427.437,1019.705,490.929
195.000,18,515.709,49.082,150.476
195.000,19,1438.930,651.289,197.240
195.000,20,40.299,829.788,358.694
195.000,21,1363.793,953.868,450.078
195.000,22,2063.597,249.711,156.332
195.000,23,612.068,557.385,287.278
195.000,24,291.422,655.445,241.303
195.000,25,311.835,766.098,557.524
195.000,26,646.714,1165.128,384.131
195.000,27,1896.588,771.562,301.361
195.000,28,355.436,1067.426,261.509
195.000,29,2128.828,1103.841,438.043
195.000,30,778.992,244.321,174.345
195.000,31,54.550,140.213,226.616
195.000,32,1590.074,758.044,443.608
195.000,33,24.827,849.148,431.576
195.000,34,1595.571,326.418,509.336
195.000,35,598.920,1232.879,471.575
195.000,36,1710.081,920.143,261.678
195.000,37,1801.595,26.186,555.779
195.000,38,1688.339,895.318,100.550
195.000,39,441.997,238.304,454.794
195.000,40,1860.369,686.989,213.574
195.000,41,1825.948,529.309,175.769
195.000,42,1693.315,918.012,513.744
195.000,43,25.731,180.458,525.831
195.000,44,398.054,913.072,373.221
195.000,45,1339.619,1191.031,207.694
195.000,46,1191.024,1043.299,581.980
195.000,47,266.766,210.667,444.554
195.000,48,589.542,570.054,206.261
195.000,49,1210.731,215.219,509.404
200.000,0,1571.138,1220.124,548.742
200.000,1,1273.214,161.989,320.087
200.000,2,1344.530,530.424,230.574
200.000,3,583.359,762.590,487.563
200.000,4,1266.292,1131.987,152.594
200.000,5,1362.253,167.085,241.837
200.000,6,1865.222,1056.990,196.824
200.000,7,747.050,481.672,462.444
200.000,8,1876.982,348.332,290.621
200.000,9,867.660,1125.697,553.361
200.000,10,838.916,1134.402,446.291
200.000,11,61.685,1011.104,398.049
200.000,12,469.831,585.020,224.276
200.000,13,1617.946,187.264,347.646
200.000,14,521.904,421.623,518.518
200.000,15,877.650,865.892,235.762
200.000,16,2047.110,615.778,362.451
200.000,17,1349.878,954.745,487.862
200.000,18,477.642,35.536,152.405
200.000,19,1555.506,658.165,201.740
200.000,20,46.108,719.618,355.777
200.000,21,1480.904,993.546,452.010
200.000,22,2146.752,238.994,156.016
200.000,23,562.303,664.972,290.488
200.000,24,331.132,738.842,243.313
200.000,25,203.874,818.999,557.540
200.000,26,585.839,1202.717,387.926
200.000,27,1796.375,698.074,301.812
200.000,28,437.538,1151.166,260.009
200.000,29,2103.079,1036.322,438.692
200.000,30,862.524,282.446,175.963
200.000,31,22.950,65.923,221.985
200.000,32,1668.237,833.841,437.836
200.000,33,125.841,801.465,433.920
200.000,34,1679.870,306.042,511.545
200.000,35,504.767,1202.136,475.088
200.000,36,1634.838,1024.903,267.660
200.000,37,1793.243,113.262,554.860
200.000,38,1631.346,803.356,100.364
200.000,39,345.705,337.942,446.823
200.000,40,1975.948,614.387,210.041
200.000,41,1809.669,408.866,170.875
200.000,42,1823.273,877.083,512.877
200.000,43,39.954,320.754,521.919
200.000,44,358.642,805.157,370.827
200.000,45,1487.116,1177.025,219.102
200.000,46,1281.812,1034.990,581.996
200.000,47,321.100,104.543,449.802
200.000,48,663.278,474.221,209.323
200.000,49,1119.926,171.492,508.454
205.000,0,1590.784,1104.545,553.320
205.000,1,1266.823,280.722,325.645
205.000,2,1269.533,616.887,235.489
205.000,3,660.479,873.406,490.363
205.000,4,1216.835,1193.409,148.271
205.000,5,1435.735,187.065,242.715
205.000,6,1846.376,961.535,190.902
205.000,7,656.213,550.533,465.939
205.000,8,1856.359,256.216,285.671
205.000,9,944.386,1052.049,550.652
205.000,10,734.569,1182.309,440.114
205.000,11,197.798,993.137,393.920
205.000,12,603.630,511.868,221.510
205.000,13,1660.488,313.034,345.039
205.000,14,582.432,366.341,516.835
205.000,15,809.232,989.513,234.236
205.000,16,2026.213,691.454,362.646
205.000,17,1288.733,874.286,483.040
205.000,18,473.768,125.554,154.672
205.000,19,1672.466,655.456,207.427
205.000,20,1.957,630.780,350.822
205.000,21,1572.374,1070.151,454.986
205.000,22,2056.457,238.440,158.087
205.000,23,494.463,762.715,293.079
205.000,24,348.825,838.423,244.517
205.000,25,94.159,857.631,558.683
205.000,26,521.979,1233.161,392.235
205.000,27,1704.146,624.571,300.547
205.000,28,518.986,1249.482,257.849
205.000,29,2038.281,973.582,439.350
205.000,30,941.762,322.238,176.569
205.000,31,79.131,18.128,216.289
205.000,32,1748.413,920.432,433.847
205.000,33,261.050,794.493,435.075
205.000,34,1767.184,306.347,512.789
205.000,35,403.544,1174.055,479.069
205.000,36,1556.031,1122.747,271.064
205.000,37,1819.099,190.815,553.636
205.000,38,1577.622,716.353,100.189
205.000,39,234.723,433.958,440.589
205.000,40,2081.296,520.784,204.530
205.000,41,1783.906,291.605,170.302
205.000,42,1964.788,836.182,507.550
205.000,43,101.483,453.515,523.411
205.000,44,295.786,711.909,370.297
205.000,45,1628.408,1135.898,226.322
205.000,46,1375.188,1038.280,579.996
205.000,47,337.344,15.317,455.840
205.000,48,728.474,370.870,211.494
205.000,49,1042.244,111.258,506.472
210.000,0,1601.415,987.070,557.981
210.000,1,1245.150,399.309,330.074
210.000,2,1190.915,705.591,241.739
210.000,3,745.056,972.655,488.596
210.000,4,1178.811,1253.860,145.189
210.000,5,1512.265,213.321,246.813
210.000,6,1855.244,859.571,185.438
210.000,7,551.875,589.423,468.703
210.000,8,1819.673,173.265,280.934
210.000,9,1010.301,972.354,546.148
210.000,10,622.115,1228.111,433.119
210.000,11,340.946,953.447,390.425
210.000,12,709.551,397.235,216.078
210.000,13,1672.188,441.819,341.595
210.000,14,638.147,310.935,517.992
210.000,15,735.350,1108.177,228.619
210.000,16,2019.277,771.961,364.562
210.000,17,1204.080,819.094,478.199
210.000,18,478.670,221.697,152.733
210.000,19,1787.295,654.245,208.461
210.000,20,33.452,523.964,345.503
210.000,21,1660.581,1138.950,460.080
210.000,22,1971.770,228.680,161.352
210.000,23,425.272,874.306,294.828
210.000,24,365.663,930.772,244.093
210.000,25,27.557,880.894,558.857
210.000,26,463.255,1278.299,394.866
210.000,27,1602.740,569.746,298.743
210.000,28,589.993,1216.923,253.013
210.000,29,1972.955,922.714,441.596
210.000,30,1030.896,348.919,179.371
210.000,31,112.341,106.352,211.249
210.000,32,1855.702,982.273,429.758
210.000,33,400.462,766.215,433.946
210.000,34,1863.907,294.620,513.075
210.000,35,296.298,1158.503,483.342
210.000,36,1487.820,1236.868,268.869
210.000,37,1862.472,261.362,549.877
210.000,38,1550.786,620.837,101.631
210.000,39,118.051,511.222,433.966
210.000,40,2111.930,419.213,204.570
210.000,41,1761.068,169.009,169.786
210.000,42,2110.973,804.202,506.253
210.000,43,166.850,579.715,520.975
210.000,44,250.696,606.712,370.368
210.000,45,1759.883,1056.650,236.884
210.000,46,1465.616,1046.753,577.531
210.000,47,397.833,107.760,460.285
210.000,48,800.350,261.353,213.547
210.000,49,955.251,55.530,507.031
215.000,0,1614.544,859.243,563.985
215.000,1,1204.573,504.742,335.831
215.000,2,1109.592,759.775,245.325
215.000,3,778.504,1106.641,492.430
215.000,4,1125.071,1262.197,143.753
215.000,5,1580.790,257.540,248.912
215.000,6,1865.220,753.859,181.135
215.000,7,454.933,653.418,472.920
215.000,8,1770.467,87.144,281.887
215.000,9,1074.605,891.601,541.958
215.000,10,514.006,1275.100,427.412
215.000,11,487.884,910.535,384.104
215.000,12,797.405,273.698,216.212
215.000,13,1709.703,565.208,335.172
215.000,14,702.234,256.947,517.024
215.000,15,687.318,1239.260,225.994
215.000,16,1992.779,840.541,365.077
215.000,17,1117.630,759.316,474.312
215.000,18,479.090,315.471,153.125
215.000,19,1916.072,657.204,207.337
215.000,20,48.257,412.217,337.895
215.000,21,1755.840,1198.848,463.736
215.000,22,1885.133,239.890,165.346
215.000,23,343.385,960.063,299.041
215.000,24,391.602,1018.945,244.951
215.000,25,134.986,901.499,557.774
215.000,26,419.842,1236.811,397.111
215.000,27,1492.837,535.662,300.883
215.000,28,633.682,1111.805,246.129
215.000,29,1914.024,867.729,442.635
215.000,30,1112.065,383.533,182.712
215.000,31,153.283,187.919,206.359
215.000,32,1955.163,1044.049,428.234
215.000,33,525.624,721.396,433.378
215.000,34,1933.245,255.254,513.669
215.000,35,183.785,1137.713,487.133
215.000,36,1406.437,1219.443,267.277
215.000,37,1885.704,339.098,545.630
215.000,38,1489.527,535.250,104.429
215.000,39,8.267,579.966,433.606
215.000,40,1989.907,348.841,201.298
215.000,41,1758.171,34.287,168.021
215.000,42,2032.214,743.204,505.240
215.000,43,237.945,705.285,516.910
215.000,44,232.526,493.291,372.956
215.000,45,1900.511,985.187,247.463
215.000,46,1546.800,1075.061,577.181
215.000,47,480.666,188.839,461.306
215.000,48,871.368,149.684,212.388
215.000,49,858.466,26.194,508.657
220.000,0,1630.683,730.643,568.545
220.000,1,1186.134,606.041,338.858
220.000,2,1013.257,798.516,251.015
220.000,3,777.999,1237.546,493.878
220.000,4,1092.853,1191.409,138.624
220.000,5,1648.173,307.318,251.871
220.000,6,1854.931,651.448,179.125
220.000,7,376.933,737.426,476.667
220.000,8,1739.132,13.912,282.260
220.000,9,1141.058,819.053,538.648
220.000,10,411.301,1204.614,422.098
220.000,11,628.042,862.943,376.682
220.000,12,895.079,161.486,213.703
220.000,13,1781.573,674.717,331.297
220.000,14,750.007,191.449,516.263
220.000,15,661.548,1183.935,226.962
220.000,16,1952.817,901.552,366.116
220.000,17,1040.910,676.290,469.846
220.000,18,445.927,399.538,157.262
220.000,19,2046.925,636.704,207.720
220.000,20,68.189,303.893,326.899
220.000,21,1862.495,1216.125,464.455
220.000,22,1799.144,214.276,168.206
220.000,23,274.543,1045.766,304.411
220.000,24,425.720,1103.729,244.162
220.000,25,242.714,900.370,556.913
220.000,26,371.410,1180.448,399.677
220.000,27,1383.422,480.752,300.137
220.000,28,673.012,994.882,241.898
220.000,29,1861.432,801.247,441.611
220.000,30,1185.768,431.808,189.287
220.000,31,211.531,256.488,200.449
220.000,32,2028.974,1129.525,423.151
220.000,33,646.536,676.984,434.084
220.000,34,1998.132,231.340,511.763
220.000,35,77.014,1105.133,488.793
220.000,36,1297.826,1129.818,268.897
220.000,37,1878.558,416.225,542.197
220.000,38,1438.133,458.993,107.141
220.000,39,107.742,675.744,428.386
220.000,40,1878.426,265.793,199.929
220.000,41,1759.900,119.035,166.808
220.000,42,1903.730,722.500,503.079
220.000,43,310.541,832.198,510.135
220.000,44,227.725,381.078,377.478
220.000,45,2028.278,892.966,258.701
220.000,46,1634.651,1088.206,577.050
220.000,47,540.065,287.328,461.810
220.000,48,934.196,28.795,214.608
220.000,49,765.275,3.546,509.432
225.000,0,1648.726,595.588,574.400
225.000,1,1178.380,717.571,341.622
225.000,2,923.150,832.927,254.281
225.000,3,838.675,1207.080,492.942
225.000,4,1051.751,1128.206,136.131
225.000,5,1711.054,358.759,251.413
225.000,6,1825.046,558.228,176.613
225.000,7,286.528,800.859,479.336
225.000,8,1676.794,92.981,277.689
225.000,9,1196.413,729.584,533.472
225.000,10,318.328,1128.087,415.853
225.000,11,767.221,849.143,371.131
225.000,12,1021.712,83.754,211.325
225.000,13,1874.300,764.061,325.937
225.000,14,813.184,149.910,514.483
225.000,15,650.914,1047.084,228.117
225.000,16,1924.502,968.367,366.322
225.000,17,969.752,592.090,465.146
225.000,18,421.348,485.580,162.450
225.000,19,2099.063,616.012,209.970
225.000,20,83.742,187.680,315.391
225.000,21,1967.749,1263.623,468.572
225.000,22,1726.157,165.254,171.252
225.000,23,209.515,1130.054,309.194
225.000,24,440.392,1188.232,241.933
225.000,25,349.372,878.758,557.330
225.000,26,328.725,1109.606,402.192
225.000,27,1274.107,437.771,297.355
225.000,28,711.159,872.402,237.554
225.000,29,1804.026,734.204,438.008
225.000,30,1268.766,466.929,194.602
225.000,31,255.266,339.725,194.499
225.000,32,2099.993,1220.883,420.673
225.000,33,757.245,611.059,439.000
225.000,34,2084.533,200.580,512.309
225.000,35,30.905,1049.178,486.789
225.000,36,1193.772,1033.893,267.530
225.000,37,1874.282,491.957,540.584
225.000,38,1387.074,378.808,109.901
225.000,39,212.997,755.441,421.674
225.000,40,1756.204,194.284,201.826
225.000,41,1715.901,246.024,160.212
225.000,42,1773.979,675.907,498.770
225.000,43,338.900,972.288,505.005
225.000,44,205.396,267.633,383.178
225.000,45,2134.694,786.435,270.925
225.000,46,1726.057,1101.909,577.781
225.000,47,615.862,373.081,463.629
225.000,48,990.263,98.664,215.689
225.000,49,666.832,12.923,510.508
230.000,0,1630.639,469.053,583.309
230.000,1,1165.825,828.742,340.814
230.000,2,822.998,843.401,260.276
230.000,3,916.442,1108.668,490.506
230.000,4,1017.594,1063.763,133.313
230.000,5,1771.355,408.657,249.782
230.000,6,1782.483,470.014,174.376
230.000,7,198.960,881.576,480.358
230.000,8,1636.627,179.789,272.280
230.000,9,1241.084,630.643,528.814
230.000,10,201.215,1092.115,408.546
230.000,11,905.968,803.997,366.751
230.000,12,1145.848,4.567,210.386
230.000,13,1913.687,881.738,320.930
230.000,14,874.869,98.869,511.665
230.000,15,640.216,902.822,225.292
230.000,16,1901.726,1037.640,367.463
230.000,17,894.304,512.569,460.873
230.000,18,383.289,562.587,165.201
230.000,19,1961.107,604.155,212.135
230.000,20,132.467,78.162,306.746
230.000,21,2072.327,1268.207,471.915
230.000,22,1648.056,150.031,171.553
230.000,23,126.467,1210.490,314.612
230.000,24,466.686,1274.171,241.875
230.000,25,466.476,878.451,556.120
230.000,26,266.931,1050.145,404.954
230.000,27,1170.423,383.299,296.734
230.000,28,782.659,766.371,231.915
230.000,29,1742.633,667.094,439.292
230.000,30,1358.043,491.175,200.795
230.000,31,305.142,422.922,189.260
230.000,32,2090.403,1258.229,417.300
230.000,33,863.955,545.583,441.822
230.000,34,2121.004,157.427,515.098
230.000,35,92.838,956.611,489.206
230.000,36,1075.274,955.046,267.167
230.000,37,1870.591,578.630,536.805
230.000,38,1340.015,293.285,112.519
230.000,39,300.841,841.651,416.000
230.000,40,1650.255,98.045,202.037
230.000,41,1689.728,365.507,156.875
230.000,42,1644.936,619.972,493.160
230.000,43,342.995,1116.809,499.776
230.000,44,219.804,159.167,386.406
230.000,45,2013.968,748.080,278.057
230.000,46,1817.552,1109.745,578.609
230.000,47,703.416,448.636,469.515
230.000,48,1055.734,211.629,217.274
230.000,49,567.232,21.605,513.366
235.000,0,1598.275,355.916,587.839
235.000,1,1126.345,940.608,339.887
235.000,2,745.650,906.853,263.454
235.000,3,992.515,1007.850,488.210
235.000,4,981.751,1013.943,131.074
235.000,5,1838.869,460.714,250.310
235.000,6,1739.217,389.329,169.007
235.000,7,101.639,952.787,480.527
235.000,8,1567.978,241.353,266.679
235.000,9,1288.709,526.285,525.956
235.000,10,85.164,1045.486,403.170
235.000,11,1035.143,740.515,365.485
235.000,12,1254.975,110.428,210.873
235.000,13,1984.398,986.208,317.383
235.000,14,946.528,57.716,509.559
235.000,15,617.630,755.842,222.744
235.000,16,1879.571,1104.187,371.033
235.000,17,819.304,442.200,456.119
235.000,18,349.846,653.368,168.369
235.000,19,1826.234,617.025,217.866
235.000,20,160.706,35.080,301.508
235.000,21,2114.951,1214.617,477.415
235.000,22,1565.292,131.379,173.132
235.000,23,39.165,1270.810,319.557
235.000,24,497.726,1204.016,241.785
235.000,25,576.561,888.090,555.621
235.000,26,210.563,995.113,408.251
235.000,27,1061.515,352.847,295.573
235.000,28,877.874,691.840,224.906
235.000,29,1693.373,582.088,439.171
235.000,30,1449.847,503.711,209.425
235.000,31,367.112,500.484,184.394
235.000,32,1988.249,1186.436,410.376
235.000,33,989.805,520.268,446.047
235.000,34,2046.857,105.445,518.438
235.000,35,174.759,872.799,490.995
235.000,36,973.867,851.539,263.609
235.000,37,1887.315,665.539,533.411
235.000,38,1269.298,219.030,112.053
235.000,39,408.244,915.500,406.942
235.000,40,1543.047,18.260,199.480
235.000,41,1669.324,487.808,154.013
235.000,42,1515.128,577.332,490.405
235.000,43,362.882,1258.820,495.455
235.000,44,201.978,39.679,389.322
235.000,45,1871.180,697.426,282.140
235.000,46,1911.756,1134.360,580.908
235.000,47,753.996,546.149,476.202
235.000,48,1120.029,318.227,219.044
235.000,49,477.323,56.629,516.995
240.000,0,1594.272,241.966,590.555
240.000,1,1071.012,1045.405,339.584
240.000,2,675.053,994.860,268.043
240.000,3,1092.334,935.327,483.963
240.000,4,950.587,954.256,127.217
240.000,5,1903.441,526.700,252.269
240.000,6,1694.002,299.050,164.145
240.000,7,10.094,1021.873,480.043
240.000,8,1509.209,307.002,260.765
240.000,9,1342.659,422.851,524.750
240.000,10,4.992,951.512,399.090
240.000,11,1170.789,670.820,367.878
240.000,12,1375.898,190.999,210.296
240.000,13,2084.629,1071.638,310.186
240.000,14,1007.395,2.292,505.366
240.000,15,614.695,616.539,218.122
240.000,16,1849.413,1163.421,373.944
240.000,17,762.277,358.396,451.227
240.000,18,323.187,744.409,168.907
240.000,19,1700.139,658.179,223.404
240.000,20,186.176,143.169,298.109
240.000,21,2015.769,1159.595,481.344
240.000,22,1474.170,138.977,176.549
240.000,23,59.675,1191.571,323.719
240.000,24,544.837,1128.263,240.492
240.000,25,689.588,924.167,553.683
240.000,26,162.699,934.425,410.605
240.000,27,952.996,330.384,293.578
240.000,28,955.653,598.055,220.419
240.000,29,1648.115,500.421,440.467
240.000,30,1534.059,522.654,216.040
240.000,31,439.677,576.657,180.883
240.000,32,1886.716,1118.309,404.402
240.000,33,1109.360,489.064,447.885
240.000,34,1967.682,50.756,522.072
240.000,35,249.815,782.543,490.540
240.000,36,895.348,744.462,260.946
240.000,37,1904.564,750.796,530.200
240.000,38,1219.461,136.373,107.494
240.000,39,491.497,1012.358,395.437
240.000,40,1421.589,34.940,196.284
240.000,41,1674.543,620.235,151.650
240.000,42,1412.356,487.206,487.597
240.000,43,408.693,1183.386,493.526
240.000,44,170.537,83.444,390.824
240.000,45,1730.576,660.801,284.591
240.000,46,2011.235,1143.537,581.097
240.000,47,781.440,663.900,480.791
240.000,48,1195.925,425.908,221.397
240.000,49,386.622,95.176,518.034
245.000,0,1586.653,132.400,593.986
245.000,1,1057.524,1162.197,339.685
245.000,2,588.599,1077.693,270.651
245.000,3,1195.154,882.407,483.024
245.000,4,907.296,900.578,124.893
245.000,5,1963.398,590.479,252.179
245.000,6,1645.980,210.095,163.017
245.000,7,90.267,1086.041,482.292
245.000,8,1463.336,385.485,256.674
245.000,9,1401.584,329.871,523.188
245.000,10,88.742,874.705,397.281
245.000,11,1288.294,605.984,366.671
245.000,12,1485.011,293.679,208.209
245.000,13,2130.046,1182.126,302.007
245.000,14,1075.390,42.631,502.589
245.000,15,592.651,472.155,219.595
245.000,16,1832.756,1229.876,377.634
245.000,17,707.644,272.339,446.814
245.000,18,279.893,825.927,170.497
245.000,19,1577.515,706.743,226.450
245.000,20,220.089,252.404,293.431
245.000,21,1926.424,1090.879,484.899
245.000,22,1381.532,145.511,181.313
245.000,23,132.884,1098.900,331.988
245.000,24,578.591,1035.412,241.057
245.000,25,809.961,964.821,551.487
245.000,26,112.240,874.775,414.295
245.000,27,847.019,292.639,287.462
245.000,28,1024.083,490.844,216.301
245.000,29,1593.540,420.978,441.156
245.000,30,1611.631,549.841,220.360
245.000,31,503.361,660.150,175.969
245.000,32,1802.391,1043.300,401.114
245.000,33,1210.034,410.968,449.598
245.000,34,1874.841,26.840,524.315
245.000,35,326.975,701.114,494.097
245.000,36,791.700,660.699,258.978
245.000,37,1930.527,843.889,527.304
245.000,38,1156.860,70.293,103.208
245.000,39,598.101,1090.002,388.285
245.000,40,1296.797,54.762,193.516
245.000,41,1677.301,755.641,151.631
245.000,42,1277.968,442.116,482.424
245.000,43,443.052,1042.761,497.839
245.000,44,123.420,177.418,394.044
245.000,45,1596.116,631.163,287.890
245.000,46,2104.969,1135.690,580.223
245.000,47,812.371,774.706,486.722
245.000,48,1261.478,538.099,224.402
245.000,49,294.104,106.757,518.822
250.000,0,1610.875,21.842,599.157
250.000,1,1028.522,1282.259,340.121
250.000,2,500.495,1137.564,275.421
250.000,3,1264.483,790.072,484.631
250.000,4,837.201,861.212,122.856
250.000,5,2016.341,653.695,250.195
250.000,6,1654.246,112.810,158.735
250.000,7,174.102,1151.035,485.177
250.000,8,1437.693,468.773,255.314
250.000,9,1494.484,262.321,524.021
250.000,10,203.861,825.020,394.877
250.000,11,1428.969,564.703,360.820
250.000,12,1593.861,414.770,208.491
250.000,13,2066.932,1272.228,298.594
250.000,14,1149.596,86.079,500.466
250.000,15,561.778,324.412,219.904
250.000,16,1819.838,1272.703,379.641
250.000,17,634.092,192.307,442.409
250.000,18,234.848,916.425,173.794
250.000,19,1437.849,700.343,222.642
250.000,20,274.663,342.745,290.506
250.000,21,1846.567,1018.525,487.112
250.000,22,1287.002,140.626,183.212
250.000,23,197.303,993.284,341.974
250.000,24,608.960,946.695,242.525
250.000,25,924.007,962.224,548.080
250.000,26,55.921,807.637,417.773
250.000,27,740.783,257.001,282.275
250.000,28,1063.054,378.716,215.881
250.000,29,1540.363,346.343,441.305
250.000,30,1682.371,590.803,223.581
250.000,31,541.288,743.367,173.805
250.000,32,1732.653,949.310,394.096
250.000,33,1302.168,320.655,450.631
250.000,34,1775.434,6.780,527.344
250.000,35,408.769,635.331,496.951
250.000,36,706.709,562.881,259.188
250.000,37,1944.420,938.775,525.870
250.000,38,1100.832,2.103,100.776
250.000,39,695.021,1171.703,379.666
250.000,40,1180.459,104.313,192.035
250.000,41,1693.441,883.051,147.377
250.000,42,1143.375,426.609,475.773
250.000,43,481.832,904.115,501.896
250.000,44,52.632,262.969,398.703
250.000,45,1455.708,580.997,296.400
250.000,46,2085.430,1122.003,578.012
250.000,47,848.454,892.566,492.270
250.000,48,1320.419,649.586,226.253
250.000,49,203.083,117.165,520.295
255.000,0,1630.552,92.486,594.821
255.000,1,983.424,1158.607,346.163
255.000,2,407.819,1197.739,278.169
255.000,3,1347.850,697.917,483.101
255.000,4,755.872,827.886,118.188
255.000,5,2098.363,691.891,248.751
255.000,6,1671.004,11.375,154.646
255.000,7,247.374,1237.925,490.507
255.000,8,1411.433,551.978,253.713
255.000,9,1579.066,181.837,521.321
255.000,10,313.852,775.796,390.806
255.000,11,1565.101,519.848,353.679
255.000,12,1720.683,511.342,204.891
255.000,13,2019.022,1160.800,292.008
255.000,14,1208.582,127.287,496.703
255.000,15,531.451,178.032,220.155
255.000,16,1784.717,1194.426,381.973
255.000,17,534.898,140.830,440.498
255.000,18,190.344,1005.601,179.024
255.000,19,1296.678,687.131,223.967
255.000,20,308.482,438.517,285.889
255.000,21,1759.532,960.477,490.810
255.000,22,1188.463,138.823,185.663
255.000,23,260.908,891.929,350.760
255.000,24,634.764,858.288,241.970
255.000,25,1030.592,999.666,545.775
255.000,26,14.645,736.032,421.902
255.000,27,641.453,214.491,280.437
255.000,28,1097.735,265.267,213.678
255.000,29,1469.189,282.490,441.769
255.000,30,1750.888,638.803,226.214
255.000,31,590.233,829.828,170.331
255.000,32,1675.564,840.012,387.834
255.000,33,1414.425,245.296,454.143
255.000,34,1683.120,22.323,531.393
255.000,35,489.436,560.414,499.895
255.000,36,646.494,447.281,258.643
255.000,37,1965.157,1023.518,525.060
255.000,38,1051.502,84.595,102.020
255.000,39,777.493,1272.338,373.529
255.000,40,1080.197,189.686,186.510
255.000,41,1736.830,1010.878,144.845
255.000,42,1016.150,381.775,467.418
255.000,43,520.248,766.479,503.357
255.000,44,40.868,373.501,400.627
255.000,45,1341.778,480.039,309.081
255.000,46,1990.578,1106.145,574.312
255.000,47,900.712,1009.412,496.855
255.000,48,1376.990,766.033,230.537
255.000,49,123.850,166.811,519.146
260.000,0,1645.876,204.846,589.405
260.000,1,946.265,1041.080,348.417
260.000,2,318.694,1259.746,282.752
260.000,3,1417.441,590.213,482.804
260.000,4,674.433,793.460,113.212
260.000,5,2115.584,743.751,249.398
260.000,6,1671.727,93.622,150.048
260.000,7,323.553,1246.659,491.895
260.000,8,1362.105,641.772,252.316
260.000,9,1657.042,101.771,515.041
260.000,10,420.632,723.732,387.208
260.000,11,1700.950,456.153,349.756
260.000,12,1847.131,591.849,200.128
260.000,13,1974.574,1047.412,289.406
260.000,14,1274.312,170.771,495.174
260.000,15,498.769,35.886,222.770
260.000,16,1756.632,1120.774,386.447
260.000,17,447.512,80.677,438.346
260.000,18,166.801,1088.491,182.279
260.000,19,1159.933,679.301,224.603
260.000,20,343.334,539.514,280.084
260.000,21,1681.095,888.409,497.993
260.000,22,1091.578,130.492,191.444
260.000,23,303.831,778.234,357.297
260.000,24,650.453,766.111,240.945
260.000,25,1138.274,1042.085,547.206
260.000,26,19.870,670.073,425.141
260.000,27,532.168,178.163,278.417
260.000,28,1141.236,149.594,215.150
260.000,29,1397.033,223.563,441.946
260.000,30,1811.856,672.236,230.065
260.000,31,634.494,917.054,168.505
260.000,32,1587.854,760.066,385.943
260.000,33,1542.392,196.043,455.549
260.000,34,1598.773,70.948,538.485
260.000,35,568.790,490.721,504.530
260.000,36,557.564,340.613,253.095
260.000,37,1983.811,1117.093,525.016
260.000,38,1018.696,171.890,104.371
260.000,39,856.105,1188.499,367.707
260.000,40,962.707,254.666,178.833
260.000,41,1757.715,1136.715,140.658
260.000,42,886.917,335.441,462.797
260.000,43,569.666,631.538,502.724
260.000,44,64.254,489.169,399.486
260.000,45,1216.397,396.337,321.509
260.000,46,1901.204,1098.026,570.230
260.000,47,971.502,1111.714,498.529
260.000,48,1399.757,894.657,234.813
260.000,49,50.102,221.537,517.055
265.000,0,1673.806,318.020,581.864
265.000,1,912.267,924.206,351.957
265.000,2,220.033,1260.209,287.309
265.000,3,1498.619,490.784,482.312
265.000,4,598.337,746.171,108.397
265.000,5,2053.067,806.411,250.025
265.000,6,1657.708,185.558,148.546
265.000,7,397.279,1158.112,491.693
265.000,8,1330.718,740.772,250.843
265.000,9,1727.893,25.158,511.021
265.000,10,531.583,678.129,386.708
265.000,11,1842.941,423.560,347.722
265.000,12,1963.882,671.278,199.098
265.000,13,1936.732,939.599,285.969
265.000,14,1343.730,219.283,493.058
265.000,15,453.138,119.764,225.201
265.000,16,1738.902,1041.447,390.947
265.000,17,377.937,5.680,435.706
265.000,18,150.143,1173.472,188.370
265.000,19,1025.558,651.634,225.212
265.000,20,356.231,645.541,272.821
265.000,21,1582.785,848.546,502.193
265.000,22,993.134,126.514,195.706
265.000,23,350.998,664.886,361.204
265.000,24,665.618,675.857,241.391
265.000,25,1239.525,1089.915,552.817
265.000,26,50.609,614.467,427.730
265.000,27,425.070,146.692,276.108
265.000,28,1199.032,35.046,217.805
265.000,29,1330.815,158.859,444.434
265.000,30,1887.954,675.754,234.198
265.000,31,676.306,997.269,166.036
265.000,32,1489.928,692.366,381.189
265.000,33,1673.948,197.960,460.545
265.000,34,1508.242,99.915,544.792
265.000,35,653.150,435.671,507.262
265.000,36,464.551,235.982,250.294
265.000,37,1983.194,1215.673,522.239
265.000,38,970.377,250.039,106.482
265.000,39,954.392,1098.077,362.205
265.000,40,858.750,347.783,174.752
265.000,41,1746.875,1260.757,138.903
265.000,42,754.691,291.373,458.440
265.000,43,639.905,517.172,498.694
265.000,44,76.306,609.128,400.826
265.000,45,1070.404,358.033,329.395
265.000,46,1816.803,1101.482,568.119
265.000,47,1010.022,1231.938,499.692
265.000,48,1462.024,1008.379,238.319
265.000,49,54.679,259.977,515.521
270.000,0,1676.108,445.750,573.636
270.000,1,897.156,814.304,356.119
270.000,2,129.259,1202.799,292.947
270.000,3,1585.706,399.400,481.509
270.000,4,534.304,689.214,106.031
270.000,5,1980.582,858.755,251.169
270.000,6,1630.971,274.257,146.131
270.000,7,457.024,1050.551,491.867
270.000,8,1285.277,825.824,247.067
270.000,9,1803.271,49.473,507.202
270.000,10,655.408,640.597,381.473
270.000,11,1977.051,367.701,346.475
270.000,12,2098.191,736.379,197.922
270.000,13,1888.213,824.823,280.345
270.000,14,1399.829,273.525,490.236
270.000,15,434.501,265.691,227.304
270.000,16,1715.126,966.489,394.220
270.000,17,312.344,79.450,430.363
270.000,18,126.491,1261.564,192.221
270.000,19,897.882,630.926,227.552
270.000,20,384.319,747.252,266.788
270.000,21,1479.488,827.023,505.482
270.000,22,902.884,147.676,201.156
270.000,23,434.120,583.238,366.540
270.000,24,690.025,591.709,241.824
270.000,25,1337.836,1155.153,556.309
270.000,26,89.610,560.449,431.033
270.000,27,342.909,87.127,275.489
270.000,28,1272.106,72.019,213.034
270.000,29,1276.191,86.215,446.384
270.000,30,1974.058,683.581,238.493
270.000,31,740.633,1065.656,160.215
270.000,32,1399.849,619.057,377.879
270.000,33,1799.888,200.913,466.718
270.000,34,1414.435,120.256,548.608
270.000,35,743.677,385.408,507.731
270.000,36,357.011,157.549,249.805
270.000,37,1972.091,1253.714,520.178
270.000,38,934.894,338.693,106.423
270.000,39,1041.863,998.252,358.038
270.000,40,744.080,437.875,173.236
270.000,41,1731.896,1183.034,139.747
270.000,42,615.980,259.482,453.824
270.000,43,703.912,399.136,496.726
270.000,44,60.720,736.038,401.717
270.000,45,916.891,350.858,342.835
270.000,46,1739.716,1109.212,567.786
270.000,47,1028.730,1217.220,502.378
270.000,48,1536.903,1109.671,241.491
270.000,49,146.318,265.382,513.954
275.000,0,1683.901,578.549,565.524
275.000,1,864.007,701.776,355.727
275.000,2,32.576,1161.575,299.242
275.000,3,1685.082,312.291,481.791
275.000,4,472.355,638.387,103.571
275.000,5,1900.536,899.295,249.814
275.000,6,1617.989,369.272,142.014
275.000,7,530.572,958.790,496.409
275.000,8,1241.343,903.058,241.232
275.000,9,1877.356,127.956,501.330
275.000,10,778.846,587.294,375.213
275.000,11,2087.347,289.797,347.505
275.000,12,2059.581,827.253,194.572
275.000,13,1827.177,716.751,269.103
275.000,14,1446.581,326.573,488.380
275.000,15,423.502,407.224,226.241
275.000,16,1683.090,886.697,398.455
275.000,17,238.952,141.815,424.495
275.000,18,107.674,1206.615,195.062
275.000,19,771.023,617.835,230.128
275.000,20,405.604,851.273,265.174
275.000,21,1363.854,805.448,506.926
275.000,22,815.722,172.357,207.010
275.000,23,526.294,501.424,370.693
275.000,24,730.343,512.198,241.494
275.000,25,1420.897,1216.026,557.686
275.000,26,133.031,513.303,434.055
275.000,27,270.640,11.703,274.122
275.000,28,1344.614,164.663,207.621
275.000,29,1218.832,14.716,446.705
275.000,30,2048.173,702.863,241.006
275.000,31,811.344,1118.555,155.302
275.000,32,1304.550,549.747,377.030
275.000,33,1928.599,183.558,470.117
275.000,34,1322.669,126.545,550.489
275.000,35,825.461,323.685,507.281
275.000,36,251.061,71.570,251.618
275.000,37,1952.131,1159.203,518.265
275.000,38,883.198,423.047,104.745
275.000,39,1128.714,901.749,353.310
275.000,40,625.656,533.876,167.777
275.000,41,1738.979,1051.047,143.889
275.000,42,490.670,180.374,447.713
275.000,43,749.826,274.620,494.875
275.000,44,67.889,854.347,400.194
275.000,45,764.432,308.915,353.516
275.000,46,1661.917,1106.978,567.867
275.000,47,1055.624,1113.016,508.780
275.000,48,1582.209,1238.596,244.537
275.000,49,240.200,269.447,515.905
280.000,0,1695.813,708.669,560.530
280.000,1,851.200,590.477,355.704
280.000,2,63.654,1119.132,305.018
280.000,3,1783.391,224.875,478.124
280.000,4,407.604,591.527,102.042
280.000,5,1826.167,932.371,251.191
280.000,6,1606.783,467.669,135.318
280.000,7,619.241,880.733,501.379
280.000,8,1167.607,961.589,238.166
280.000,9,1939.415,221.064,494.137
280.000,10,896.354,533.125,369.064
280.000,11,2077.518,208.530,343.525
280.000,12,1936.711,913.981,191.520
280.000,13,1769.452,606.796,259.033
280.000,14,1495.593,393.132,485.172
280.000,15,420.609,554.822,222.865
280.000,16,1640.304,817.393,403.211
280.000,17,157.460,207.935,419.994
280.000,18,94.283,1116.070,199.648
280.000,19,648.885,620.918,233.211
280.000,20,431.457,946.424,264.072
280.000,21,1265.590,747.104,508.327
280.000,22,720.759,167.117,213.093
280.000,23,612.373,425.506,375.242
280.000,24,773.119,438.716,241.229
280.000,25,1525.991,1241.379,556.157
280.000,26,179.521,455.925,436.740
280.000,27,166.623,17.122,272.353
280.000,28,1415.495,252.518,203.845
280.000,29,1159.341,52.693,448.096
280.000,30,2129.087,708.721,244.890
280.000,31,890.226,1180.427,149.114
280.000,32,1209.162,474.553,374.115
280.000,33,2064.031,156.272,477.691
280.000,34,1224.054,119.322,555.014
280.000,35,890.532,251.221,508.749
280.000,36,170.948,45.759,250.236
280.000,37,1946.230,1063.327,514.928
280.000,38,818.496,497.124,100.689
280.000,39,1230.828,814.618,344.233
280.000,40,514.535,632.331,163.356
280.000,41,1715.023,923.933,145.794
280.000,42,378.993,104.351,441.135
280.000,43,785.591,139.909,494.714
280.000,44,52.896,974.090,399.904
280.000,45,606.956,292.221,365.050
280.000,46,1576.313,1111.308,568.185
280.000,47,1040.876,1010.380,514.649
280.000,48,1642.167,1214.707,246.066
280.000,49,332.790,294.837,517.019
285.000,0,1704.828,831.818,557.461
285.000,1,841.572,470.227,355.935
285.000,2,155.602,1050.194,307.705
285.000,3,1890.767,147.549,480.768
285.000,4,355.874,532.291,100.613
285.000,5,1756.725,969.967,252.599
285.000,6,1615.078,561.119,131.701
285.000,7,729.964,833.743,507.385
285.000,8,1108.417,1041.179,234.168
285.000,9,2001.786,312.216,487.922
285.000,10,1001.820,475.797,367.299
285.000,11,1947.895,165.184,339.426
285.000,12,1824.074,1021.351,191.328
285.000,13,1692.150,502.179,252.751
285.000,14,1542.306,458.324,483.909
285.000,15,415.309,704.980,218.682
285.000,16,1606.697,757.100,407.658
285.000,17,85.228,289.260,418.376
285.000,18,70.701,1032.134,199.449
285.000,19,523.396,614.631,236.015
285.000,20,446.358,1044.517,259.832
285.000,21,1160.799,693.043,510.468
285.000,22,631.525,132.130,216.636
285.000,23,681.985,332.378,379.949
285.000,24,820.636,365.852,240.431
285.000,25,1634.454,1249.899,555.885
285.000,26,235.034,401.088,440.427
285.000,27,56.631,31.465,272.572
285.000,28,1482.247,347.219,198.953
285.000,29,1092.931,107.012,452.264
285.000,30,2072.270,721.192,248.617
285.000,31,951.783,1257.281,144.002
285.000,32,1112.541,395.271,371.048
285.000,33,2098.207,141.062,485.475
285.000,34,1132.032,144.171,559.703
285.000,35,929.728,156.115,511.160
285.000,36,84.611,149.948,243.257
285.000,37,1936.034,974.323,513.439
285.000,38,777.830,581.218,102.660
285.000,39,1292.481,709.179,335.765
285.000,40,412.506,733.762,155.676
285.000,41,1680.599,790.855,149.032
285.000,42,282.612,9.968,436.089
285.000,43,827.538,27.064,494.219
285.000,44,34.350,1091.450,397.594
285.000,45,451.878,260.677,382.108
285.000,46,1491.155,1116.509,568.386
285.000,47,1063.429,897.118,518.463
285.000,48,1708.785,1098.422,245.960
285.000,49,425.986,316.429,518.041
290.000,0,1706.709,953.782,553.694
290.000,1,820.355,360.751,360.313
290.000,2,252.330,984.415,313.131
290.000,3,1992.361,62.444,483.845
290.000,4,315.051,468.417,102.483
290.000,5,1677.422,1024.785,251.719
290.000,6,1615.302,655.231,129.192
290.000,7,828.437,765.395,511.098
290.000,8,1069.807,1133.745,229.928
290.000,9,2064.359,404.445,483.678
290.000,10,1097.487,410.310,365.340
290.000,11,1807.252,133.233,332.892
290.000,12,1724.829,1133.781,188.676
290.000,13,1672.702,369.979,245.978
290.000,14,1597.630,519.626,480.959
290.000,15,368.964,850.442,219.081
290.000,16,1601.890,692.912,409.603
290.000,17,17.766,374.275,416.160
290.000,18,49.521,948.690,200.857
290.000,19,396.001,627.647,241.491
290.000,20,442.796,1144.919,254.532
290.000,21,1038.629,664.898,519.196
290.000,22,538.509,116.750,218.998
290.000,23,750.494,229.633,387.063
290.000,24,861.580,286.720,241.710
290.000,25,1746.375,1279.768,555.539
290.000,26,289.899,333.041,444.794
290.000,27,59.712,79.979,273.733
290.000,28,1550.048,433.101,191.728
290.000,29,1019.192,157.260,451.801
290.000,30,1980.980,745.076,251.079
290.000,31,1011.413,1238.811,139.834
290.000,32,1021.898,333.675,366.216
290.000,33,1980.749,106.746,489.401
290.000,34,1035.293,159.768,565.475
290.000,35,996.514,63.662,509.968
290.000,36,13.601,254.731,236.784
290.000,37,1946.109,885.706,509.785
290.000,38,744.986,677.458,106.303
290.000,39,1361.478,595.439,331.484
290.000,40,285.464,803.429,148.656
290.000,41,1693.971,664.804,153.181
290.000,42,173.709,76.340,436.743
290.000,43,882.220,171.711,495.339
290.000,44,2.207,1200.576,397.166
290.000,45,300.680,219.069,395.499
290.000,46,1404.842,1121.264,567.218
290.000,47,1116.397,795.944,521.875
290.000,48,1760.207,970.810,249.373
290.000,49,515.127,355.089,519.179
295.000,0,1706.807,1072.310,548.075
295.000,1,793.330,248.269,361.945
295.000,2,350.688,925.762,319.111
295.000,3,2074.994,45.190,485.770
295.000,4,276.424,410.643,103.918
295.000,5,1618.350,1095.158,249.900
295.000,6,1580.604,753.209,125.283
295.000,7,925.635,707.105,517.404
295.000,8,1037.423,1240.837,226.037
295.000,9,2118.638,499.297,482.197
295.000,10,1206.241,382.347,363.260
295.000,11,1676.259,80.776,330.880
295.000,12,1661.487,1272.131,184.029
295.000,13,1638.103,245.091,239.852
295.000,14,1649.534,582.636,476.183
295.000,15,336.252,989.317,219.826
295.000,16,1598.677,616.493,411.575
295.000,17,63.332,435.455,414.014
295.000,18,12.335,862.053,201.726
295.000,19,270.110,629.050,243.912
295.000,20,423.628,1240.227,250.251
295.000,21,922.276,624.709,527.162
295.000,22,444.326,97.677,223.435
295.000,23,833.735,156.565,390.264
295.000,24,884.843,196.188,241.664
295.000,25,1858.646,1281.368,559.033
295.000,26,360.074,271.891,449.040
295.000,27,160.141,129.253,269.731
295.000,28,1604.934,524.780,184.694
295.000,29,951.474,219.121,451.928
295.000,30,1892.361,751.139,255.161
295.000,31,1093.057,1183.099,137.224
295.000,32,919.905,282.914,361.831
295.000,33,1850.000,101.578,489.376
295.000,34,946.204,177.610,571.685
295.000,35,1088.898,8.077,508.981
295.000,36,82.221,374.817,236.496
295.000,37,1972.735,798.768,505.694
295.000,38,700.214,770.958,106.640
295.000,39,1464.772,493.431,323.052
295.000,40,172.566,895.467,148.829
295.000,41,1700.662,532.627,149.340
295.000,42,52.182,132.939,438.856
295.000,43,920.168,304.738,494.776
295.000,44,15.409,1244.415,398.681
295.000,45,155.947,203.375,406.139
295.000,46,1316.555,1137.224,565.183
295.000,47,1167.895,699.729,527.231
295.000,48,1814.466,834.545,249.350
295.000,49,599.560,397.267,518.899
