t_s,node,x,y,z
0.000,0,1296.904,2129.827,529.693
0.000,1,1498.623,1559.158,485.640
0.000,2,1116.817,861.402,106.110
0.000,3,121.532,1688.043,197.409
0.000,4,774.033,2518.664,489.004
0.000,5,1239.987,348.582,389.655
0.000,6,1047.923,256.992,454.747
0.000,7,327.906,1260.041,373.206
0.000,8,1420.390,433.835,103.382
0.000,9,442.429,2509.941,317.821
0.000,10,1259.765,169.827,367.951
0.000,11,324.747,1293.424,576.762
0.000,12,387.458,725.250,244.217
0.000,13,1283.478,2295.035,240.740
0.000,14,1171.484,44.160,256.069
0.000,15,505.946,1309.759,352.259
0.000,16,1296.696,226.038,274.525
0.000,17,1433.697,1586.823,218.338
0.000,18,32.229,2423.283,111.753
0.000,19,316.064,1106.674,352.077
0.000,20,1134.391,1897.006,401.360
0.000,21,264.480,749.071,263.401
0.000,22,501.507,1892.103,582.424
0.000,23,154.283,2196.305,510.402
0.000,24,779.408,2312.384,561.166
0.000,25,394.584,71.212,358.571
0.000,26,372.757,2107.524,580.564
0.000,27,282.094,374.643,365.034
0.000,28,767.168,1589.120,519.279
0.000,29,1276.478,1418.993,366.683
0.000,30,243.577,708.460,163.889
0.000,31,1053.986,1234.568,292.954
0.000,32,1202.591,1899.143,425.874
0.000,33,1479.934,514.325,468.119
0.000,34,787.454,2315.563,282.274
0.000,35,955.399,1572.440,377.740
0.000,36,921.059,2085.223,301.034
0.000,37,281.134,254.004,441.450
0.000,38,202.280,229.482,351.370
0.000,39,1018.317,193.643,461.919
0.000,40,903.277,115.696,459.930
0.000,41,815.546,1937.312,239.894
0.000,42,1432.522,487.449,197.319
0.000,43,1355.030,465.906,322.393
0.000,44,687.058,1486.095,519.842
0.000,45,1473.878,1314.705,315.960
0.000,46,1016.594,1038.475,302.625
0.000,47,74.451,1960.865,597.580
0.000,48,1366.221,1529.766,542.094
0.000,49,223.735,1412.700,301.185
0.000,50,558.284,2319.338,598.060
0.000,51,418.282,1256.752,257.281
0.000,52,782.557,2153.058,135.469
0.000,53,944.946,1186.829,230.280
0.000,54,307.044,1379.739,509.255
0.000,55,1423.796,1100.284,479.873
0.000,56,1058.642,996.253,479.485
0.000,57,1465.803,1645.127,521.288
0.000,58,613.673,586.354,421.576
0.000,59,1423.307,599.044,313.055
0.000,60,1366.740,1287.455,529.413
0.000,61,311.406,2517.588,147.070
0.000,62,340.775,609.291,193.929
0.000,63,1103.608,1542.490,506.113
0.000,64,675.495,1081.132,317.920
0.000,65,578.770,993.665,271.630
0.000,66,665.669,1942.351,175.396
0.000,67,469.169,1344.379,127.544
0.000,68,1233.511,601.086,282.930
0.000,69,359.530,1026.047,300.054
0.000,70,298.525,1654.639,174.706
0.000,71,857.707,2068.436,205.387
0.000,72,796.165,800.984,226.019
0.000,73,494.366,2271.207,287.931
0.000,74,1014.709,1635.765,480.471
0.000,75,668.655,2305.691,452.598
0.000,76,122.694,2336.107,556.456
0.000,77,1463.916,658.709,220.236
0.000,78,74.034,755.247,114.017
0.000,79,723.942,1263.136,327.370
0.000,80,990.867,2072.684,303.774
0.000,81,487.483,335.579,262.695
0.000,82,850.685,2277.738,596.425
0.000,83,1201.847,818.397,273.314
0.000,84,929.846,1423.619,146.773
0.000,85,1492.011,1848.254,579.053
5.000,0,1267.032,1997.516,527.716
5.000,1,1485.440,1435.277,491.381
5.000,2,1246.058,821.462,112.951
5.000,3,145.838,1794.327,195.190
5.000,4,655.049,2429.048,488.401
5.000,5,1371.591,362.711,395.567
5.000,6,1002.370,148.985,450.678
5.000,7,443.956,1269.915,370.361
5.000,8,1371.125,543.381,100.367
5.000,9,543.330,2447.919,322.270
5.000,10,1191.010,258.414,364.225
5.000,11,432.485,1286.156,575.456
5.000,12,479.571,784.809,245.455
5.000,13,1166.823,2319.020,244.834
5.000,14,1104.422,97.278,256.971
5.000,15,583.780,1392.194,359.085
5.000,16,1263.148,307.423,273.147
5.000,17,1320.472,1528.277,215.908
5.000,18,0.595,2333.524,115.119
5.000,19,301.937,1246.289,355.366
5.000,20,1217.563,1866.594,402.582
5.000,21,162.416,818.641,264.299
5.000,22,367.772,1828.961,572.753
5.000,23,223.652,2136.640,505.823
5.000,24,855.064,2245.517,563.817
5.000,25,280.419,156.507,366.445
5.000,26,441.706,2226.258,580.209
5.000,27,364.022,351.298,367.456
5.000,28,674.706,1495.019,527.568
5.000,29,1378.918,1400.761,365.720
5.000,30,154.677,600.626,162.968
5.000,31,1116.109,1134.643,294.095
5.000,32,1229.092,1827.957,424.968
5.000,33,1474.074,652.299,475.619
5.000,34,826.325,2188.918,281.747
5.000,35,850.890,1600.210,376.984
5.000,36,821.158,2007.947,298.914
5.000,37,313.904,112.649,437.420
5.000,38,150.964,120.012,349.015
5.000,39,960.563,271.739,462.914
5.000,40,961.689,50.346,459.336
5.000,41,824.709,2054.322,238.676
5.000,42,1499.437,509.814,200.276
5.000,43,1427.050,419.601,322.549
5.000,44,689.530,1560.990,521.180
5.000,45,1369.534,1354.595,319.078
5.000,46,1027.474,967.952,301.079
5.000,47,173.479,2025.732,593.451
5.000,48,1442.536,1456.019,538.239
5.000,49,307.450,1413.626,303.609
5.000,50,611.644,2231.376,595.309
5.000,51,361.827,1133.425,256.685
5.000,52,756.338,2269.699,139.063
5.000,53,1010.582,1237.857,234.747
5.000,54,230.093,1370.679,511.002
5.000,55,1309.625,1111.887,480.959
5.000,56,1096.670,1078.406,483.581
5.000,57,1422.020,1540.719,522.910
5.000,58,588.830,507.048,424.971
5.000,59,1405.928,720.667,306.559
5.000,60,1333.325,1376.587,528.224
5.000,61,196.517,2515.243,152.767
5.000,62,451.999,601.903,195.730
5.000,63,1135.521,1436.975,504.024
5.000,64,608.256,1149.201,319.390
5.000,65,547.913,899.955,272.108
5.000,66,734.679,2046.949,175.440
5.000,67,483.137,1430.756,129.468
5.000,68,1184.671,651.803,279.140
5.000,69,464.063,1027.161,296.354
5.000,70,366.202,1738.425,175.729
5.000,71,968.333,2020.651,205.868
5.000,72,853.545,664.886,225.590
5.000,73,359.947,2248.092,289.498
5.000,74,1111.322,1643.050,479.978
5.000,75,663.630,2185.285,450.909
5.000,76,118.631,2416.147,559.943
5.000,77,1455.073,743.319,221.690
5.000,78,11.441,732.587,115.942
5.000,79,840.451,1292.602,323.656
5.000,80,1071.463,1984.817,304.090
5.000,81,392.949,389.651,257.634
5.000,82,810.653,2186.834,593.801
5.000,83,1305.289,797.077,278.043
5.000,84,1012.125,1428.474,147.713
5.000,85,1500.197,1951.423,578.057
10.000,0,1293.159,1862.193,526.571
10.000,1,1448.537,1314.108,493.167
10.000,2,1383.690,786.978,119.866
10.000,3,192.504,1893.553,191.802
10.000,4,538.896,2340.977,485.968
10.000,5,1488.388,353.144,401.389
10.000,6,946.972,51.717,446.742
10.000,7,563.628,1260.320,367.721
10.000,8,1342.197,650.714,101.348
10.000,9,638.598,2388.475,324.678
10.000,10,1098.606,324.079,361.699
10.000,11,532.724,1290.200,574.781
10.000,12,579.032,840.065,247.783
10.000,13,1055.667,2350.652,248.258
10.000,14,1041.727,152.853,259.892
10.000,15,688.792,1453.174,366.037
10.000,16,1230.202,383.496,272.927
10.000,17,1202.463,1492.972,216.174
10.000,18,42.625,2244.946,118.563
10.000,19,290.492,1379.536,363.884
10.000,20,1304.590,1871.277,404.571
10.000,21,76.728,912.078,263.097
10.000,22,221.597,1803.853,562.178
10.000,23,300.656,2067.752,499.510
10.000,24,909.455,2164.267,568.567
10.000,25,249.367,294.736,373.436
10.000,26,519.562,2339.271,581.213
10.000,27,444.163,316.731,368.023
10.000,28,571.886,1413.623,532.301
10.000,29,1484.230,1373.216,365.512
10.000,30,50.072,508.498,162.242
10.000,31,1186.425,1033.775,295.538
10.000,32,1251.567,1754.273,422.190
10.000,33,1509.776,781.227,484.022
10.000,34,858.885,2066.370,278.686
10.000,35,741.462,1611.515,378.561
10.000,36,747.714,1906.739,297.923
10.000,37,365.911,54.050,437.688
10.000,38,132.980,20.871,343.826
10.000,39,908.711,359.549,465.275
10.000,40,1015.827,22.397,457.985
10.000,41,873.529,2160.518,238.076
10.000,42,1421.806,556.678,202.734
10.000,43,1485.709,351.789,324.434
10.000,44,689.034,1631.446,521.416
10.000,45,1277.110,1399.324,322.662
10.000,46,1025.204,895.263,299.424
10.000,47,245.384,2114.944,592.500
10.000,48,1510.630,1384.306,535.861
10.000,49,380.423,1418.489,304.801
10.000,50,659.112,2138.055,593.389
10.000,51,319.506,1013.133,255.057
10.000,52,751.975,2383.352,139.055
10.000,53,1058.336,1290.725,238.884
10.000,54,157.993,1359.384,509.650
10.000,55,1202.017,1137.054,484.421
10.000,56,1140.831,1162.972,488.402
10.000,57,1371.484,1444.748,526.031
10.000,58,566.508,427.244,426.806
10.000,59,1372.533,833.040,301.400
10.000,60,1278.872,1461.017,525.796
10.000,61,70.586,2518.121,158.709
10.000,62,555.643,627.580,195.429
10.000,63,1172.678,1347.790,500.754
10.000,64,528.821,1198.637,324.415
10.000,65,506.363,811.953,274.767
10.000,66,822.200,2137.011,174.538
10.000,67,475.896,1514.416,130.076
10.000,68,1140.796,702.339,275.973
10.000,69,567.112,1052.892,292.913
10.000,70,419.528,1838.228,176.285
10.000,71,1078.168,1984.289,204.983
10.000,72,913.978,538.156,224.220
10.000,73,234.594,2254.995,293.706
10.000,74,1209.491,1659.620,479.602
10.000,75,661.144,2066.030,452.252
10.000,76,130.655,2504.025,563.257
10.000,77,1424.369,831.623,223.192
10.000,78,89.490,720.693,115.174
10.000,79,951.682,1328.993,321.341
10.000,80,1175.182,1920.074,299.639
10.000,81,312.180,460.157,250.594
10.000,82,770.434,2088.350,587.119
10.000,83,1415.421,783.227,281.283
10.000,84,1102.672,1421.260,146.194
10.000,85,1460.640,2054.717,575.865
15.000,0,1309.660,1731.058,526.463
15.000,1,1414.442,1193.391,493.151
15.000,2,1497.495,711.616,127.818
15.000,3,198.567,2001.575,189.589
15.000,4,411.790,2256.324,487.261
15.000,5,1343.913,337.015,404.794
15.000,6,878.550,47.409,443.798
15.000,7,674.767,1239.666,363.285
15.000,8,1303.987,765.212,104.674
15.000,9,740.601,2343.294,327.769
15.000,10,1010.138,395.608,356.212
15.000,11,631.188,1308.690,573.496
15.000,12,681.620,883.029,250.588
15.000,13,942.095,2360.444,254.349
15.000,14,977.785,204.607,263.033
15.000,15,776.942,1535.397,369.707
15.000,16,1192.624,448.384,270.435
15.000,17,1105.594,1422.980,219.047
15.000,18,73.034,2153.556,122.274
15.000,19,265.313,1508.469,370.007
15.000,20,1375.096,1855.707,407.850
15.000,21,8.812,1024.544,261.873
15.000,22,76.947,1785.259,555.153
15.000,23,348.431,1969.478,494.894
15.000,24,985.526,2103.716,573.399
15.000,25,174.046,411.431,380.769
15.000,26,589.362,2455.437,579.881
15.000,27,529.679,295.268,370.573
15.000,28,473.352,1310.047,536.729
15.000,29,1424.515,1316.980,364.378
15.000,30,67.050,409.347,161.013
15.000,31,1255.666,934.925,296.356
15.000,32,1289.641,1681.994,419.725
15.000,33,1500.210,918.255,487.465
15.000,34,918.678,1951.156,279.036
15.000,35,641.021,1598.298,379.565
15.000,36,649.044,1825.080,297.134
15.000,37,403.567,198.759,433.886
15.000,38,98.133,127.495,341.040
15.000,39,835.437,434.333,467.604
15.000,40,1065.750,91.314,457.702
15.000,41,918.118,2266.246,244.297
15.000,42,1344.053,583.839,206.140
15.000,43,1471.405,289.768,327.485
15.000,44,714.615,1704.657,521.452
15.000,45,1188.853,1456.660,322.975
15.000,46,1017.892,815.249,296.453
15.000,47,323.628,2211.212,591.867
15.000,48,1425.972,1328.595,532.785
15.000,49,459.552,1422.108,306.793
15.000,50,711.838,2056.249,592.166
15.000,51,266.818,889.056,252.743
15.000,52,761.152,2502.735,141.584
15.000,53,1124.289,1325.857,241.781
15.000,54,86.871,1331.656,510.082
15.000,55,1096.137,1158.330,485.830
15.000,56,1189.795,1230.786,490.606
15.000,57,1304.688,1367.906,528.856
15.000,58,540.501,339.044,429.730
15.000,59,1319.675,940.237,293.965
15.000,60,1245.101,1542.741,526.352
15.000,61,65.804,2497.491,165.137
15.000,62,657.243,613.793,196.220
15.000,63,1206.058,1250.256,501.408
15.000,64,452.380,1257.644,326.717
15.000,65,452.009,742.068,276.352
15.000,66,910.942,2213.574,173.887
15.000,67,497.810,1593.897,129.450
15.000,68,1102.353,766.015,274.353
15.000,69,674.433,1026.693,287.250
15.000,70,492.663,1917.002,178.112
15.000,71,1155.727,1909.171,205.460
15.000,72,999.912,428.070,223.060
15.000,73,99.334,2236.146,294.917
15.000,74,1318.762,1663.640,478.379
15.000,75,666.710,1944.897,457.135
15.000,76,129.888,2462.586,567.697
15.000,77,1405.166,924.343,221.384
15.000,78,173.128,711.759,117.122
15.000,79,1065.510,1350.796,320.972
15.000,80,1274.206,1845.517,298.224
15.000,81,227.078,519.592,247.751
15.000,82,722.280,1996.115,583.193
15.000,83,1484.661,744.354,284.604
15.000,84,1193.485,1455.153,145.743
15.000,85,1416.032,2147.859,574.854
20.000,0,1335.971,1599.140,524.840
20.000,1,1394.057,1073.820,497.305
20.000,2,1392.767,657.841,132.635
20.000,3,214.484,2114.870,188.354
20.000,4,317.014,2149.015,487.231
20.000,5,1220.454,275.046,412.124
20.000,6,813.288,147.901,441.725
20.000,7,780.928,1249.499,363.356
20.000,8,1248.117,870.692,109.330
20.000,9,829.332,2269.370,327.040
20.000,10,910.006,448.410,352.436
20.000,11,726.446,1318.745,571.628
20.000,12,780.786,957.457,251.221
20.000,13,818.613,2376.208,258.379
20.000,14,907.227,253.733,265.131
20.000,15,855.304,1628.883,374.069
20.000,16,1147.920,521.275,265.891
20.000,17,997.192,1368.596,221.955
20.000,18,70.149,2061.536,125.638
20.000,19,248.147,1645.682,374.997
20.000,20,1455.166,1841.514,412.471
20.000,21,82.443,1118.059,263.799
20.000,22,74.708,1765.675,549.855
20.000,23,429.776,1909.420,491.175
20.000,24,1064.867,2036.107,578.166
20.000,25,122.692,539.918,386.898
20.000,26,688.828,2513.580,576.109
20.000,27,601.730,271.491,373.641
20.000,28,368.313,1230.666,543.494
20.000,29,1334.023,1249.667,361.746
20.000,30,157.304,293.047,162.810
20.000,31,1308.950,831.361,298.411
20.000,32,1325.159,1612.249,419.442
20.000,33,1501.443,1057.344,493.487
20.000,34,1005.436,1859.719,278.069
20.000,35,535.902,1592.538,379.971
20.000,36,531.301,1758.587,298.920
20.000,37,421.336,353.301,432.310
20.000,38,111.418,246.920,336.015
20.000,39,780.379,516.040,469.839
20.000,40,1126.863,146.464,456.397
20.000,41,922.644,2384.550,249.215
20.000,42,1264.434,604.980,209.021
20.000,43,1391.837,253.126,330.786
20.000,44,724.826,1785.344,521.328
20.000,45,1086.636,1499.621,324.478
20.000,46,1026.750,738.261,295.005
20.000,47,381.002,2315.563,588.772
20.000,48,1357.702,1263.345,528.611
20.000,49,544.355,1427.592,308.492
20.000,50,771.538,1980.695,592.273
20.000,51,246.581,753.277,246.566
20.000,52,753.420,2453.730,143.161
20.000,53,1172.376,1380.477,245.719
20.000,54,10.194,1321.995,510.296
20.000,55,983.070,1158.764,486.236
20.000,56,1243.230,1307.727,494.176
20.000,57,1247.807,1285.603,531.248
20.000,58,489.806,269.903,432.476
20.000,59,1259.267,1035.400,289.146
20.000,60,1208.791,1622.381,525.068
20.000,61,188.372,2498.661,169.807
20.000,62,756.677,614.787,198.278
20.000,63,1254.474,1151.654,502.272
20.000,64,392.474,1330.591,328.454
20.000,65,440.170,652.419,276.387
20.000,66,1007.580,2281.790,175.932
20.000,67,499.622,1679.288,128.099
20.000,68,1070.254,834.050,271.024
20.000,69,766.540,1047.231,285.050
20.000,70,578.068,1987.599,178.437
20.000,71,1239.511,1848.336,202.289
20.000,72,1054.166,300.371,219.750
20.000,73,46.427,2255.870,296.348
20.000,74,1420.065,1655.726,477.514
20.000,75,657.552,1830.049,459.607
20.000,76,114.021,2370.432,572.949
20.000,77,1388.227,1005.679,220.516
20.000,78,254.214,688.978,118.848
20.000,79,1184.959,1373.148,321.781
20.000,80,1372.758,1778.404,296.886
20.000,81,135.335,555.696,244.365
20.000,82,671.016,1916.666,580.577
20.000,83,1372.608,705.632,287.038
20.000,84,1290.612,1458.513,145.221
20.000,85,1372.849,2245.903,573.224
25.000,0,1328.119,1459.844,518.969
25.000,1,1356.850,968.250,502.904
25.000,2,1268.614,598.466,139.804
25.000,3,258.635,2222.614,182.051
25.000,4,216.912,2046.121,486.861
25.000,5,1087.037,218.828,416.604
25.000,6,745.794,233.381,436.418
25.000,7,893.295,1258.714,360.736
25.000,8,1184.187,971.864,115.714
25.000,9,905.762,2176.104,332.408
25.000,10,842.353,532.616,349.111
25.000,11,822.580,1329.047,569.075
25.000,12,882.436,1029.771,251.444
25.000,13,690.333,2374.064,263.772
25.000,14,829.789,304.422,267.761
25.000,15,949.234,1704.181,376.493
25.000,16,1113.436,587.282,261.667
25.000,17,886.526,1300.252,218.655
25.000,18,66.651,1965.130,129.836
25.000,19,204.794,1775.171,377.357
25.000,20,1482.391,1816.706,416.767
25.000,21,138.820,1231.345,266.797
25.000,22,218.543,1722.333,543.524
25.000,23,503.756,1845.436,484.953
25.000,24,1135.023,1961.291,581.808
25.000,25,54.033,655.138,395.455
25.000,26,724.891,2376.542,575.394
25.000,27,674.697,232.759,377.112
25.000,28,254.811,1158.644,545.835
25.000,29,1232.258,1245.252,360.053
25.000,30,244.130,185.000,164.451
25.000,31,1381.323,727.652,299.940
25.000,32,1354.867,1539.221,418.481
25.000,33,1482.743,1186.126,497.766
25.000,34,1051.225,1738.541,278.465
25.000,35,427.750,1569.475,384.700
25.000,36,414.403,1706.058,301.822
25.000,37,412.144,503.152,427.939
25.000,38,79.680,366.111,332.512
25.000,39,710.771,585.226,473.633
25.000,40,1169.520,211.314,454.218
25.000,41,950.519,2489.662,249.826
25.000,42,1192.648,655.412,212.386
25.000,43,1330.629,197.260,332.446
25.000,44,742.161,1862.423,524.053
25.000,45,992.388,1540.033,326.993
25.000,46,1047.427,670.004,294.034
25.000,47,457.818,2405.357,588.691
25.000,48,1277.247,1194.077,523.705
25.000,49,629.623,1453.667,312.206
25.000,50,831.133,1896.213,591.309
25.000,51,211.351,621.097,238.316
25.000,52,761.789,2337.147,143.101
25.000,53,1252.316,1420.337,248.648
25.000,54,76.729,1329.866,512.304
25.000,55,870.161,1163.831,489.660
25.000,56,1291.581,1390.516,496.935
25.000,57,1215.386,1196.034,532.684
25.000,58,439.985,187.218,436.868
25.000,59,1204.804,1146.983,288.357
25.000,60,1159.305,1694.557,522.172
25.000,61,315.332,2487.799,174.694
25.000,62,852.090,603.412,197.388
25.000,63,1304.021,1063.063,500.258
25.000,64,318.181,1397.130,331.588
25.000,65,422.891,559.448,279.467
25.000,66,1078.826,2371.869,178.065
25.000,67,501.782,1766.438,127.108
25.000,68,1024.453,889.571,265.992
25.000,69,863.443,1055.420,280.440
25.000,70,654.846,2066.969,180.264
25.000,71,1323.004,1790.815,204.567
25.000,72,1094.017,165.892,213.412
25.000,73,176.921,2255.845,298.470
25.000,74,1486.008,1660.038,476.908
25.000,75,658.953,1702.667,462.912
25.000,76,111.352,2277.898,577.173
25.000,77,1369.962,1093.542,220.731
25.000,78,331.880,683.354,121.499
25.000,79,1299.769,1410.679,317.957
25.000,80,1473.721,1705.596,295.645
25.000,81,33.949,594.037,239.082
25.000,82,610.803,1829.670,575.899
25.000,83,1266.236,704.791,288.767
25.000,84,1398.057,1459.513,141.903
25.000,85,1341.259,2347.283,574.067
30.000,0,1301.607,1324.871,511.179
30.000,1,1329.255,843.259,506.975
30.000,2,1153.462,533.282,146.665
30.000,3,284.070,2338.521,177.114
30.000,4,118.540,1945.098,487.395
30.000,5,941.159,200.291,422.522
30.000,6,657.681,310.169,432.174
30.000,7,1010.285,1294.946,359.505
30.000,8,1140.286,1079.964,117.400
30.000,9,1002.492,2098.144,338.571
30.000,10,781.780,620.682,344.308
30.000,11,922.165,1327.651,566.478
30.000,12,981.481,1101.783,257.345
30.000,13,570.658,2374.291,271.515
30.000,14,761.117,348.516,270.835
30.000,15,1028.872,1792.239,382.103
30.000,16,1077.365,658.428,260.067
30.000,17,775.185,1240.497,215.490
30.000,18,60.665,1875.903,134.245
30.000,19,160.389,1905.467,376.184
30.000,20,1393.970,1810.012,419.023
30.000,21,208.289,1340.223,272.006
30.000,22,368.948,1714.745,537.231
30.000,23,573.031,1765.643,481.740
30.000,24,1195.552,1887.108,584.178
30.000,25,22.583,781.105,402.803
30.000,26,780.229,2244.131,572.221
30.000,27,745.490,193.603,378.101
30.000,28,146.496,1088.511,551.357
30.000,29,1142.687,1179.902,360.458
30.000,30,337.483,95.264,167.499
30.000,31,1439.916,626.322,300.330
30.000,32,1387.946,1461.220,416.136
30.000,33,1483.787,1320.915,501.451
30.000,34,1095.138,1620.541,277.467
30.000,35,319.115,1568.225,388.997
30.000,36,301.452,1643.080,305.730
30.000,37,436.136,646.830,428.717
30.000,38,42.243,481.120,327.170
30.000,39,651.459,666.747,476.683
30.000,40,1208.771,292.389,453.596
30.000,41,964.138,2468.232,252.754
30.000,42,1129.045,701.721,216.060
30.000,43,1286.596,120.184,331.866
30.000,44,757.299,1940.619,524.895
30.000,45,897.548,1583.638,327.245
30.000,46,1076.256,600.128,290.979
30.000,47,537.423,2491.299,588.696
30.000,48,1214.387,1115.139,520.592
30.000,49,706.153,1494.480,313.104
30.000,50,898.916,1813.346,591.903
30.000,51,159.883,495.781,235.296
30.000,52,712.604,2222.076,143.962
30.000,53,1323.801,1446.053,250.713
30.000,54,157.173,1335.194,512.137
30.000,55,766.035,1124.496,493.010
30.000,56,1332.805,1470.369,499.693
30.000,57,1166.841,1103.846,534.126
30.000,58,432.894,91.252,440.880
30.000,59,1152.878,1257.353,285.495
30.000,60,1119.492,1776.824,522.161
30.000,61,442.184,2499.693,177.990
30.000,62,956.909,590.703,197.843
30.000,63,1342.739,969.687,500.737
30.000,64,258.991,1469.374,336.911
30.000,65,409.048,465.068,284.089
30.000,66,1171.226,2452.106,174.862
30.000,67,514.592,1844.324,129.141
30.000,68,981.401,948.152,261.001
30.000,69,955.352,1067.858,275.743
30.000,70,717.777,2156.265,182.521
30.000,71,1423.054,1736.731,203.168
30.000,72,1139.014,38.042,208.982
30.000,73,311.661,2236.152,297.127
30.000,74,1387.972,1676.203,476.235
30.000,75,652.895,1575.778,467.004
30.000,76,115.089,2190.425,582.511
30.000,77,1372.814,1187.510,222.565
30.000,78,403.923,675.664,123.942
30.000,79,1402.894,1446.297,315.559
30.000,80,1452.074,1627.499,296.670
30.000,81,40.772,679.271,235.160
30.000,82,578.118,1738.920,569.341
30.000,83,1156.572,691.710,292.865
30.000,84,1494.953,1469.812,138.472
30.000,85,1309.030,2445.223,574.983
35.000,0,1339.320,1194.668,502.622
35.000,1,1327.550,717.463,513.819
35.000,2,1031.231,471.622,152.637
35.000,3,333.976,2445.327,177.907
35.000,4,3.366,1860.868,487.490
35.000,5,797.541,189.393,425.405
35.000,6,576.628,388.506,430.996
35.000,7,1120.740,1325.191,357.447
35.000,8,1108.507,1190.134,119.480
35.000,9,1117.639,2046.001,347.912
35.000,10,716.489,708.798,339.692
35.000,11,1019.313,1316.064,561.562
35.000,12,1062.171,1180.558,258.954
35.000,13,463.066,2432.940,275.088
35.000,14,703.928,407.360,271.689
35.000,15,1093.118,1886.943,389.646
35.000,16,1038.059,732.574,257.158
35.000,17,662.738,1197.303,214.042
35.000,18,93.454,1794.480,136.892
35.000,19,141.238,2039.428,379.255
35.000,20,1315.932,1776.341,418.393
35.000,21,290.822,1432.620,273.606
35.000,22,504.673,1675.428,533.502
35.000,23,629.184,1675.038,477.918
35.000,24,1276.945,1821.265,588.171
35.000,25,105.832,887.822,407.845
35.000,26,853.369,2122.917,567.822
35.000,27,834.148,174.621,383.373
35.000,28,37.284,991.091,559.050
35.000,29,1030.532,1144.613,356.451
35.000,30,432.367,15.690,168.157
35.000,31,1510.524,527.882,302.042
35.000,32,1408.684,1382.547,414.950
35.000,33,1502.325,1446.709,499.834
35.000,34,1151.649,1510.695,271.931
35.000,35,215.732,1563.030,392.897
35.000,36,200.037,1558.140,306.928
35.000,37,442.342,793.725,430.284
35.000,38,0.894,591.341,321.938
35.000,39,610.687,754.716,481.740
35.000,40,1257.228,352.867,451.410
35.000,41,1002.452,2358.187,257.782
35.000,42,1053.959,739.918,219.192
35.000,43,1220.780,61.941,334.869
35.000,44,791.913,2016.988,528.092
35.000,45,809.302,1643.762,325.957
35.000,46,1074.835,528.961,289.540
35.000,47,620.983,2496.769,587.896
35.000,48,1143.956,1054.740,518.793
35.000,49,777.266,1534.716,316.753
35.000,50,951.204,1731.082,592.231
35.000,51,106.687,360.287,233.080
35.000,52,735.735,2102.266,146.116
35.000,53,1395.981,1482.475,251.415
35.000,54,238.815,1342.408,512.159
35.000,55,654.103,1095.856,492.722
35.000,56,1381.987,1545.258,501.948
35.000,57,1150.056,1004.682,539.108
35.000,58,405.259,5.519,440.856
35.000,59,1105.677,1378.640,280.168
35.000,60,1051.622,1852.025,520.459
35.000,61,573.498,2473.710,188.247
35.000,62,1060.174,572.649,196.102
35.000,63,1379.236,872.906,498.750
35.000,64,171.549,1515.119,339.625
35.000,65,400.401,366.833,287.252
35.000,66,1252.100,2525.699,176.333
35.000,67,530.575,1933.832,130.174
35.000,68,923.188,1005.377,257.487
35.000,69,1050.824,1076.396,268.979
35.000,70,787.391,2235.626,185.737
35.000,71,1504.245,1681.330,199.455
35.000,72,1180.415,89.813,205.946
35.000,73,432.794,2256.444,296.154
35.000,74,1281.170,1682.695,474.337
35.000,75,644.443,1448.695,467.981
35.000,76,96.115,2105.850,586.438
35.000,77,1383.674,1274.539,221.970
35.000,78,477.357,666.873,124.065
35.000,79,1493.695,1459.321,317.621
35.000,80,1361.563,1552.471,295.266
35.000,81,134.300,719.719,231.949
35.000,82,514.001,1662.243,563.562
35.000,83,1047.607,657.862,298.821
35.000,84,1420.192,1507.389,135.419
35.000,85,1286.430,2524.175,575.431
40.000,0,1327.082,1060.165,495.950
40.000,1,1301.960,595.883,521.979
40.000,2,918.700,395.996,159.150
40.000,3,376.051,2525.664,175.652
40.000,4,128.655,1794.758,491.823
40.000,5,660.703,166.943,425.647
40.000,6,520.666,490.284,428.682
40.000,7,1236.853,1312.877,354.991
40.000,8,1085.860,1304.425,122.872
40.000,9,1202.230,1974.404,350.705
40.000,10,641.626,788.899,333.329
40.000,11,1118.448,1313.089,560.310
40.000,12,1156.732,1240.285,264.374
40.000,13,349.892,2474.752,278.250
40.000,14,626.302,452.999,273.325
40.000,15,1168.527,1973.515,395.375
40.000,16,1005.268,813.514,252.589
40.000,17,549.126,1143.399,211.355
40.000,18,118.899,1707.205,138.319
40.000,19,99.792,2156.427,382.015
40.000,20,1233.509,1752.232,417.529
40.000,21,369.718,1521.711,274.925
40.000,22,645.043,1679.354,526.746
40.000,23,712.272,1611.530,474.291
40.000,24,1347.819,1748.684,594.461
40.000,25,210.060,979.229,416.455
40.000,26,906.683,1989.783,566.998
40.000,27,919.522,159.412,387.472
40.000,28,75.366,905.610,565.055
40.000,29,915.281,1099.909,353.480
40.000,30,515.853,131.131,167.237
40.000,31,1423.537,439.704,304.607
40.000,32,1441.090,1309.577,413.226
40.000,33,1452.524,1574.645,505.734
40.000,34,1228.344,1416.742,269.020
40.000,35,107.578,1564.920,397.591
40.000,36,90.885,1483.847,307.127
40.000,37,458.283,936.183,433.637
40.000,38,17.031,709.607,316.518
40.000,39,553.653,836.268,484.417
40.000,40,1289.028,426.979,451.352
40.000,41,1011.935,2249.770,262.921
40.000,42,985.288,784.340,220.029
40.000,43,1159.099,15.943,339.299
40.000,44,806.648,2100.688,530.654
40.000,45,723.436,1701.186,322.925
40.000,46,1088.609,454.626,288.846
40.000,47,728.955,2434.031,585.746
40.000,48,1059.827,998.004,516.744
40.000,49,853.674,1545.100,318.050
40.000,50,999.490,1646.643,587.029
40.000,51,82.340,230.962,230.437
40.000,52,776.067,1981.553,148.360
40.000,53,1456.869,1543.401,252.838
40.000,54,315.064,1335.586,510.926
40.000,55,543.685,1082.121,492.799
40.000,56,1414.718,1625.760,504.545
40.000,57,1101.440,903.026,541.558
40.000,58,387.313,98.671,443.093
40.000,59,1074.838,1502.789,271.354
40.000,60,1012.245,1938.197,519.837
40.000,61,686.476,2417.473,196.560
40.000,62,1166.943,563.827,193.683
40.000,63,1419.878,779.393,495.809
40.000,64,106.243,1597.030,339.350
40.000,65,369.775,278.939,289.304
40.000,66,1336.725,2447.941,173.962
40.000,67,546.355,2023.990,131.557
40.000,68,871.585,1058.390,254.877
40.000,69,1151.628,1066.605,263.645
40.000,70,868.532,2306.971,191.045
40.000,71,1400.684,1634.160,198.360
40.000,72,1265.600,208.830,200.634
40.000,73,561.212,2282.409,297.856
40.000,74,1179.808,1687.136,475.075
40.000,75,656.530,1328.126,471.410
40.000,76,99.144,2012.172,591.334
40.000,77,1376.259,1363.030,221.938
40.000,78,562.636,655.067,125.890
40.000,79,1384.014,1481.704,315.401
40.000,80,1277.209,1471.406,297.577
40.000,81,238.703,744.570,226.940
40.000,82,451.619,1580.869,557.359
40.000,83,939.362,624.807,302.330
40.000,84,1319.874,1506.126,132.956
40.000,85,1276.921,2419.457,575.268
45.000,0,1343.293,922.738,491.458
45.000,1,1278.334,469.074,527.720
45.000,2,820.074,301.446,163.910
45.000,3,413.736,2417.233,174.313
45.000,4,230.586,1694.652,496.239
45.000,5,518.594,148.615,430.432
45.000,6,451.547,592.597,427.847
45.000,7,1359.296,1324.129,350.414
45.000,8,1054.553,1415.760,128.592
45.000,9,1287.381,1900.664,353.749
45.000,10,582.225,888.940,328.395
45.000,11,1223.950,1290.478,558.236
45.000,12,1240.112,1313.530,264.990
45.000,13,229.932,2488.206,281.485
45.000,14,571.828,507.119,276.679
45.000,15,1246.562,2061.054,397.621
45.000,16,985.667,890.705,249.318
45.000,17,426.545,1104.710,213.447
45.000,18,171.222,1633.705,139.855
45.000,19,54.124,2279.049,385.824
45.000,20,1146.768,1722.159,419.736
45.000,21,445.802,1617.493,280.470
45.000,22,780.412,1646.085,516.735
45.000,23,805.874,1554.846,470.383
45.000,24,1403.292,1666.079,599.727
45.000,25,303.660,1077.946,427.910
45.000,26,964.919,1857.135,563.099
45.000,27,996.944,129.892,389.368
45.000,28,174.699,804.399,570.173
45.000,29,813.574,1075.461,353.413
45.000,30,589.424,257.919,168.073
45.000,31,1389.063,323.899,306.568
45.000,32,1473.630,1240.135,410.392
45.000,33,1459.071,1698.532,508.731
45.000,34,1302.837,1308.176,261.710
45.000,35,6.215,1565.034,400.945
45.000,36,31.589,1429.136,307.625
45.000,37,511.046,1067.270,432.595
45.000,38,65.236,813.728,312.433
45.000,39,478.690,908.786,488.985
45.000,40,1317.568,495.844,450.978
45.000,41,1015.516,2136.419,264.574
45.000,42,910.349,837.791,225.946
45.000,43,1094.709,78.607,342.672
45.000,44,849.021,2167.543,532.736
45.000,45,623.380,1737.173,326.013
45.000,46,1107.123,380.738,285.986
45.000,47,804.792,2339.458,581.007
45.000,48,989.192,939.243,512.829
45.000,49,940.439,1553.704,320.568
45.000,50,1037.942,1551.486,586.758
45.000,51,19.718,111.466,225.409
45.000,52,782.215,1864.434,147.572
45.000,53,1512.664,1600.981,255.873
45.000,54,380.649,1324.798,511.678
45.000,55,431.387,1084.711,491.676
45.000,56,1458.062,1703.666,507.012
45.000,57,1039.980,819.122,545.478
45.000,58,359.977,183.901,446.870
45.000,59,1056.126,1624.521,267.500
45.000,60,972.231,2018.313,518.971
45.000,61,801.123,2379.559,201.260
45.000,62,1276.557,570.224,192.359
45.000,63,1473.981,684.377,494.458
45.000,64,39.856,1675.520,340.630
45.000,65,327.795,193.997,290.628
45.000,66,1429.329,2368.285,170.568
45.000,67,543.161,2105.862,130.994
45.000,68,825.771,1119.216,251.288
45.000,69,1256.498,1052.501,257.970
45.000,70,929.331,2400.919,192.073
45.000,71,1295.440,1593.121,194.543
45.000,72,1333.731,334.889,196.341
45.000,73,692.574,2303.518,301.039
45.000,74,1074.138,1694.515,476.841
45.000,75,655.401,1204.298,475.188
45.000,76,96.325,1922.087,593.431
45.000,77,1343.273,1445.398,223.725
45.000,78,643.091,631.794,125.852
45.000,79,1267.565,1501.205,311.931
45.000,80,1208.461,1366.216,295.960
45.000,81,328.357,809.233,221.951
45.000,82,403.945,1491.737,550.739
45.000,83,828.637,596.416,306.248
45.000,84,1230.534,1526.008,131.489
45.000,85,1234.983,2321.647,578.030
50.000,0,1346.685,783.926,479.472
50.000,1,1289.127,335.708,532.980
50.000,2,689.377,255.395,168.985
50.000,3,461.609,2313.162,173.466
50.000,4,336.595,1603.351,495.693
50.000,5,381.185,103.212,430.901
50.000,6,374.272,679.344,427.968
50.000,7,1467.561,1311.846,347.086
50.000,8,1043.165,1533.303,131.349
50.000,9,1380.735,1836.680,356.819
50.000,10,500.757,979.402,325.828
50.000,11,1325.935,1304.144,555.697
50.000,12,1342.495,1375.577,268.105
50.000,13,110.703,2483.553,286.916
50.000,14,502.177,555.218,279.965
50.000,15,1318.687,2154.812,397.537
50.000,16,950.341,957.658,246.051
50.000,17,297.695,1087.369,209.187
50.000,18,203.470,1547.955,143.686
50.000,19,60.439,2402.312,388.883
50.000,20,1063.513,1725.640,421.744
50.000,21,513.920,1719.287,280.938
50.000,22,921.686,1633.474,509.555
50.000,23,894.065,1499.309,467.843
50.000,24,1463.697,1584.282,595.196
50.000,25,434.788,1146.512,441.005
50.000,26,1064.598,1750.972,557.831
50.000,27,1077.719,97.140,390.566
50.000,28,297.183,738.615,574.295
50.000,29,716.624,1036.964,351.342
50.000,30,687.105,369.653,167.250
50.000,31,1338.845,220.028,308.082
50.000,32,1506.666,1165.567,408.479
50.000,33,1448.081,1826.773,516.013
50.000,34,1326.640,1177.071,261.117
50.000,35,112.016,1561.040,402.616
50.000,36,126.898,1344.030,304.819
50.000,37,548.463,1215.102,438.655
50.000,38,93.770,929.504,309.131
50.000,39,413.350,988.461,492.146
50.000,40,1343.418,580.681,451.118
50.000,41,1027.729,2021.451,267.975
50.000,42,824.190,859.792,230.600
50.000,43,1022.263,119.165,345.868
50.000,44,875.012,2237.659,535.130
50.000,45,524.096,1778.294,329.871
50.000,46,1115.685,306.952,285.328
50.000,47,881.032,2248.570,580.109
50.000,48,932.055,865.055,508.482
50.000,49,1029.762,1557.977,323.651
50.000,50,1090.471,1461.959,586.650
50.000,51,43.757,15.915,224.955
50.000,52,801.830,1745.279,152.783
50.000,53,1463.133,1656.275,259.565
50.000,54,457.533,1317.890,513.774
50.000,55,320.741,1085.232,491.544
50.000,56,1499.320,1783.681,509.817
50.000,57,1021.309,718.458,549.791
50.000,58,355.980,278.463,454.085
50.000,59,1010.358,1740.905,263.971
50.000,60,955.473,2102.940,516.772
50.000,61,909.194,2328.251,207.392
50.000,62,1376.038,587.988,190.750
50.000,63,1497.541,591.000,495.634
50.000,64,44.916,1725.096,344.516
50.000,65,285.398,114.786,291.208
50.000,66,1497.083,2286.955,167.753
50.000,67,557.808,2189.075,134.869
50.000,68,783.908,1179.540,247.552
50.000,69,1358.576,1042.217,254.611
50.000,70,1009.473,2475.459,193.444
50.000,71,1184.203,1553.835,191.092
50.000,72,1365.521,471.122,194.786
50.000,73,825.298,2322.357,307.504
50.000,74,968.772,1713.581,480.079
50.000,75,614.116,1088.811,477.322
50.000,76,93.518,1838.315,595.367
50.000,77,1318.736,1529.220,224.225
50.000,78,718.362,630.387,127.421
50.000,79,1150.659,1546.341,308.261
50.000,80,1148.772,1269.843,293.382
50.000,81,408.970,891.803,216.742
50.000,82,378.748,1396.784,546.678
50.000,83,708.004,594.802,308.350
50.000,84,1137.652,1553.107,130.788
50.000,85,1221.547,2222.343,581.401
55.000,0,1343.313,642.223,470.917
55.000,1,1213.469,226.978,534.940
55.000,2,584.573,177.699,175.849
55.000,3,480.633,2194.900,169.514
55.000,4,438.451,1497.300,495.514
55.000,5,250.354,73.617,431.934
55.000,6,293.537,763.781,427.518
55.000,7,1440.087,1305.441,342.850
55.000,8,1016.446,1656.666,133.440
55.000,9,1470.895,1780.637,361.730
55.000,10,419.993,1070.068,322.894
55.000,11,1415.163,1310.906,554.410
55.000,12,1443.717,1441.641,272.690
55.000,13,11.813,2504.442,292.780
55.000,14,420.482,595.928,283.105
55.000,15,1393.485,2240.225,400.420
55.000,16,908.187,1023.717,243.585
55.000,17,179.069,1053.242,207.066
55.000,18,213.334,1463.742,147.432
55.000,19,39.258,2533.487,397.128
55.000,20,980.363,1698.219,421.025
55.000,21,589.100,1821.237,283.195
55.000,22,1069.018,1635.447,503.509
55.000,23,958.868,1418.119,462.097
55.000,24,1499.271,1500.150,590.567
55.000,25,530.315,1254.404,445.414
55.000,26,1170.436,1646.121,554.749
55.000,27,1160.458,56.775,394.122
55.000,28,409.761,665.382,578.706
55.000,29,611.480,1005.122,349.466
55.000,30,714.782,504.864,168.987
55.000,31,1297.367,113.350,306.584
55.000,32,1490.530,1088.715,404.982
55.000,33,1425.402,1957.435,522.259
55.000,34,1396.547,1064.388,263.122
55.000,35,216.305,1563.955,403.250
55.000,36,236.282,1267.134,302.964
55.000,37,589.630,1355.448,438.013
55.000,38,90.102,1047.611,303.711
55.000,39,343.629,1064.036,498.460
55.000,40,1395.072,646.314,452.205
55.000,41,1028.872,1901.842,272.395
55.000,42,742.743,890.737,232.622
55.000,43,942.725,159.538,348.314
55.000,44,869.387,2314.906,535.137
55.000,45,413.554,1818.027,330.803
55.000,46,1114.196,225.708,284.491
55.000,47,964.449,2159.097,579.872
55.000,48,851.406,807.686,503.723
55.000,49,1104.733,1571.236,325.575
55.000,50,1145.658,1381.320,584.484
55.000,51,62.494,149.417,224.876
55.000,52,775.149,1627.112,156.504
55.000,53,1413.312,1702.415,262.671
55.000,54,533.704,1296.103,513.211
55.000,55,213.747,1064.343,491.388
55.000,56,1493.413,1865.174,512.225
55.000,57,977.376,624.292,553.911
55.000,58,332.776,366.927,458.401
55.000,59,962.007,1858.729,256.710
55.000,60,934.724,2188.869,515.220
55.000,61,1030.314,2314.223,214.349
55.000,62,1485.595,616.349,190.267
55.000,63,1438.466,505.739,495.393
55.000,64,95.043,1810.976,347.281
55.000,65,264.270,19.667,291.563
55.000,66,1414.794,2191.206,166.064
55.000,67,559.272,2274.656,137.702
55.000,68,738.547,1235.980,243.506
55.000,69,1458.098,1015.488,250.424
55.000,70,1087.813,2519.298,198.492
55.000,71,1080.849,1505.057,188.359
55.000,72,1432.732,593.648,190.921
55.000,73,936.614,2386.694,313.305
55.000,74,863.551,1716.907,481.277
55.000,75,611.244,967.923,474.520
55.000,76,75.965,1750.852,599.157
55.000,77,1314.958,1614.823,225.616
55.000,78,786.827,601.895,129.941
55.000,79,1043.158,1588.697,303.970
55.000,80,1067.143,1189.452,294.648
55.000,81,487.742,973.448,213.343
55.000,82,365.238,1289.811,544.597
55.000,83,583.971,603.629,309.900
55.000,84,1046.293,1551.670,130.308
55.000,85,1197.363,2129.438,583.566
60.000,0,1357.918,504.166,467.219
60.000,1,1203.710,96.671,538.064
60.000,2,449.978,123.419,181.852
60.000,3,496.839,2071.193,166.176
60.000,4,548.453,1399.032,492.689
60.000,5,132.279,14.180,433.615
60.000,6,211.943,845.319,426.545
60.000,7,1325.418,1327.977,342.559
60.000,8,958.560,1763.138,134.646
60.000,9,1453.297,1702.287,364.812
60.000,10,335.297,1143.193,318.498
60.000,11,1499.537,1345.007,551.650
60.000,12,1480.129,1521.802,277.473
60.000,13,122.694,2521.285,295.204
60.000,14,342.361,642.292,286.958
60.000,15,1444.941,2332.652,402.250
60.000,16,882.890,1099.044,240.795
60.000,17,57.097,1022.559,207.923
60.000,18,231.980,1372.564,150.541
60.000,19,0.257,2404.387,404.388
60.000,20,907.793,1686.520,421.273
60.000,21,671.841,1905.142,281.219
60.000,22,1214.007,1629.960,497.969
60.000,23,1038.918,1352.340,457.439
60.000,24,1447.759,1426.075,584.605
60.000,25,621.375,1357.936,451.915
60.000,26,1256.950,1528.531,553.898
60.000,27,1251.157,19.755,399.330
60.000,28,525.265,586.484,584.686
60.000,29,502.858,960.246,347.406
60.000,30,803.806,604.926,171.173
60.000,31,1258.984,21.634,304.212
60.000,32,1465.545,1010.105,403.438
60.000,33,1401.373,2087.806,527.336
60.000,34,1470.378,953.959,264.851
60.000,35,324.096,1556.669,402.007
60.000,36,329.273,1174.176,300.984
60.000,37,662.299,1484.591,437.222
60.000,38,120.911,1162.853,297.567
60.000,39,297.688,1148.041,502.521
60.000,40,1427.511,720.559,453.608
60.000,41,1048.592,1786.898,276.421
60.000,42,654.680,893.920,237.088
60.000,43,878.829,217.329,352.448
60.000,44,883.717,2393.482,536.463
60.000,45,311.282,1869.598,331.149
60.000,46,1123.186,150.831,284.067
60.000,47,1058.548,2086.049,577.729
60.000,48,765.905,745.949,498.610
60.000,49,1179.912,1609.532,327.600
60.000,50,1206.997,1297.681,584.968
60.000,51,56.865,297.163,223.223
60.000,52,760.754,1499.863,156.777
60.000,53,1362.864,1750.176,265.849
60.000,54,604.958,1270.139,513.205
60.000,55,106.731,1088.814,492.449
60.000,56,1450.082,1933.677,516.496
60.000,57,939.465,539.399,554.416
60.000,58,304.494,452.779,460.736
60.000,59,916.342,1975.016,251.127
60.000,60,910.146,2270.570,514.434
60.000,61,1142.342,2279.047,220.582
60.000,62,1418.549,610.781,188.833
60.000,63,1373.300,420.337,494.326
60.000,64,135.177,1898.001,349.300
60.000,65,243.144,84.619,292.337
60.000,66,1326.674,2101.470,162.431
60.000,67,577.576,2359.088,138.250
60.000,68,687.494,1284.178,240.779
60.000,69,1460.046,1008.843,246.691
60.000,70,1166.636,2445.030,201.526
60.000,71,975.734,1463.683,184.037
60.000,72,1490.187,724.950,192.748
60.000,73,1065.026,2417.264,315.996
60.000,74,758.361,1732.906,481.694
60.000,75,601.075,841.096,472.671
60.000,76,90.616,1667.268,598.489
60.000,77,1301.992,1700.049,228.369
60.000,78,869.398,596.342,132.881
60.000,79,927.017,1624.589,298.695
60.000,80,1000.187,1091.722,294.756
60.000,81,566.513,1046.764,208.781
60.000,82,319.502,1194.737,538.810
60.000,83,467.114,601.552,311.826
60.000,84,951.764,1546.217,129.546
60.000,85,1157.807,2042.748,584.524
65.000,0,1386.893,364.739,462.422
65.000,1,1158.603,44.673,544.894
65.000,2,329.119,49.038,189.234
65.000,3,532.508,1954.289,159.951
65.000,4,651.013,1314.126,493.847
65.000,5,21.301,10.470,439.701
65.000,6,113.763,916.771,421.636
65.000,7,1213.244,1319.733,342.575
65.000,8,915.435,1870.828,138.646
65.000,9,1377.432,1608.978,365.958
65.000,10,251.553,1215.195,316.620
65.000,11,1420.425,1350.099,548.379
65.000,12,1377.438,1593.351,279.483
65.000,13,240.242,2495.858,299.775
65.000,14,255.597,666.323,292.051
65.000,15,1503.195,2418.020,404.774
65.000,16,851.105,1177.252,236.221
65.000,17,79.808,992.987,208.247
65.000,18,267.290,1288.785,152.296
65.000,19,27.784,2265.351,409.788
65.000,20,822.513,1687.622,424.700
65.000,21,744.869,2011.638,283.194
65.000,22,1339.921,1567.888,494.014
65.000,23,1097.115,1271.511,455.808
65.000,24,1391.454,1353.071,580.912
65.000,25,708.351,1481.204,460.691
65.000,26,1323.415,1388.698,554.128
65.000,27,1334.195,11.454,403.151
65.000,28,633.212,505.725,586.056
65.000,29,395.645,921.580,346.473
65.000,30,898.994,701.578,169.013
65.000,31,1177.476,110.769,305.292
65.000,32,1433.353,939.228,402.227
65.000,33,1409.027,2217.779,531.339
65.000,34,1491.922,838.336,263.830
65.000,35,427.061,1549.490,404.126
65.000,36,412.276,1075.272,301.455
65.000,37,686.685,1622.291,433.338
65.000,38,144.786,1279.737,293.513
65.000,39,251.307,1239.489,504.067
65.000,40,1456.034,805.422,454.405
65.000,41,1090.574,1672.911,277.189
65.000,42,567.966,916.204,240.217
65.000,43,813.498,260.507,353.571
65.000,44,901.864,2465.702,539.532
65.000,45,202.609,1905.045,334.929
65.000,46,1131.589,74.115,282.980
65.000,47,1151.469,2016.220,574.195
65.000,48,688.755,682.042,494.305
65.000,49,1255.496,1627.582,327.592
65.000,50,1249.689,1197.476,585.180
65.000,51,99.384,430.056,224.984
65.000,52,730.961,1380.705,156.066
65.000,53,1314.323,1800.340,268.928
65.000,54,673.957,1257.099,514.026
65.000,55,19.153,1104.363,493.082
65.000,56,1433.146,2014.092,518.054
65.000,57,902.197,445.280,557.427
65.000,58,255.265,534.021,465.467
65.000,59,859.361,2079.090,246.313
65.000,60,883.711,2352.744,514.162
65.000,61,1264.325,2270.369,224.322
65.000,62,1309.057,607.004,187.396
65.000,63,1325.555,322.355,494.225
65.000,64,199.740,1973.177,354.292
65.000,65,215.524,178.900,291.760
65.000,66,1230.448,2022.438,161.272
65.000,67,596.958,2437.898,140.408
65.000,68,644.543,1347.702,237.368
65.000,69,1361.174,980.890,242.003
65.000,70,1234.386,2359.119,205.810
65.000,71,893.007,1398.694,180.798
65.000,72,1484.293,861.246,188.823
65.000,73,1193.719,2439.275,316.986
65.000,74,647.495,1732.262,479.153
65.000,75,610.989,725.656,472.278
65.000,76,84.152,1578.621,595.340
65.000,77,1300.886,1786.469,230.166
65.000,78,946.547,599.456,135.741
65.000,79,808.292,1636.664,297.037
65.000,80,917.606,1009.709,294.884
65.000,81,643.300,1114.249,202.913
65.000,82,284.348,1090.658,535.045
65.000,83,360.556,598.742,313.832
65.000,84,859.547,1561.809,128.532
65.000,85,1141.393,1936.955,583.898
70.000,0,1413.292,227.980,453.458
70.000,1,1118.819,160.908,548.831
70.000,2,198.622,0.848,196.017
70.000,3,557.632,1831.482,156.239
70.000,4,758.333,1223.072,495.555
70.000,5,156.671,35.827,445.656
70.000,6,16.866,987.029,420.057
70.000,7,1101.244,1306.778,338.003
70.000,8,884.362,1988.511,142.410
70.000,9,1281.280,1542.891,370.340
70.000,10,172.550,1290.432,310.351
70.000,11,1323.808,1362.114,545.674
70.000,12,1295.653,1678.947,278.032
70.000,13,350.863,2452.771,303.714
70.000,14,177.494,704.894,294.559
70.000,15,1433.107,2505.897,409.250
70.000,16,819.458,1254.925,234.576
70.000,17,192.231,936.768,208.127
70.000,18,280.113,1184.554,154.740
70.000,19,59.225,2135.646,418.896
70.000,20,750.038,1689.202,427.374
70.000,21,846.267,2082.983,283.137
70.000,22,1481.353,1538.723,485.049
70.000,23,1142.974,1177.574,453.190
70.000,24,1325.858,1275.041,576.853
70.000,25,823.691,1566.099,469.934
70.000,26,1409.137,1269.599,555.508
70.000,27,1431.726,15.712,405.196
70.000,28,721.027,398.894,590.069
70.000,29,292.728,889.031,347.389
70.000,30,963.014,822.234,177.071
70.000,31,1095.554,203.349,312.542
70.000,32,1390.872,868.954,399.538
70.000,33,1395.105,2346.808,534.416
70.000,34,1433.554,720.782,258.875
70.000,35,533.470,1543.499,404.023
70.000,36,515.531,997.619,302.748
70.000,37,718.877,1769.689,433.464
70.000,38,211.206,1381.499,289.668
70.000,39,181.710,1318.338,503.794
70.000,40,1508.477,869.749,454.677
70.000,41,1094.664,1562.417,278.581
70.000,42,485.588,959.576,246.855
70.000,43,755.056,314.766,354.442
70.000,44,926.159,2530.858,542.336
70.000,45,102.548,1925.863,336.618
70.000,46,1136.158,10.637,282.220
70.000,47,1244.784,1939.017,571.198
70.000,48,602.928,606.087,489.732
70.000,49,1334.872,1637.433,327.123
70.000,50,1320.840,1123.784,585.843
70.000,51,133.257,565.727,224.425
70.000,52,701.601,1268.211,155.665
70.000,53,1257.059,1848.080,272.149
70.000,54,752.725,1254.969,515.008
70.000,55,127.247,1112.064,495.676
70.000,56,1388.606,2094.973,522.161
70.000,57,828.407,357.678,558.590
70.000,58,222.533,619.719,468.054
70.000,59,804.528,2185.710,243.263
70.000,60,841.869,2434.298,514.895
70.000,61,1384.946,2257.133,231.413
70.000,62,1211.439,627.017,186.689
70.000,63,1280.142,224.769,492.823
70.000,64,278.420,2035.339,358.120
70.000,65,177.400,274.559,292.013
70.000,66,1148.184,1922.649,163.282
70.000,67,592.856,2537.854,141.240
70.000,68,608.946,1414.930,232.347
70.000,69,1268.769,980.791,238.311
70.000,70,1313.004,2280.100,208.068
70.000,71,803.038,1339.485,176.562
70.000,72,1437.458,1002.136,186.751
70.000,73,1330.189,2445.238,319.729
70.000,74,546.937,1747.000,475.770
70.000,75,619.009,602.418,474.700
70.000,76,80.743,1487.556,590.256
70.000,77,1275.954,1863.527,230.468
70.000,78,1027.205,591.943,139.340
70.000,79,694.489,1671.848,295.943
70.000,80,809.616,949.438,296.153
70.000,81,743.628,1156.131,198.717
70.000,82,237.741,998.916,529.741
70.000,83,250.681,567.590,315.979
70.000,84,778.207,1579.497,126.690
70.000,85,1140.233,1833.644,582.811
75.000,0,1421.116,92.998,450.567
75.000,1,1059.390,269.155,552.878
75.000,2,80.320,67.751,200.692
75.000,3,569.373,1710.522,154.212
75.000,4,888.560,1158.112,496.375
75.000,5,299.721,19.611,450.801
75.000,6,57.339,1073.878,417.365
75.000,7,989.888,1283.284,338.032
75.000,8,840.495,2095.812,148.014
75.000,9,1189.695,1489.890,372.492
75.000,10,101.034,1371.959,304.713
75.000,11,1227.749,1388.190,544.851
75.000,12,1210.304,1748.726,277.821
75.000,13,465.559,2437.494,305.448
75.000,14,108.149,752.892,296.741
75.000,15,1368.270,2472.947,414.839
75.000,16,784.198,1326.193,232.244
75.000,17,306.729,913.868,206.621
75.000,18,313.182,1097.722,162.473
75.000,19,78.112,2004.471,423.887
75.000,20,670.989,1681.199,427.197
75.000,21,928.390,2164.243,282.969
75.000,22,1402.634,1546.139,476.210
75.000,23,1207.635,1094.836,448.100
75.000,24,1257.749,1190.854,573.031
75.000,25,905.906,1673.861,478.111
75.000,26,1480.200,1154.632,554.553
75.000,27,1501.511,41.681,408.137
75.000,28,835.372,335.755,594.297
75.000,29,185.954,851.984,346.439
75.000,30,1016.907,947.138,181.260
75.000,31,1045.992,325.205,315.319
75.000,32,1367.658,788.970,396.503
75.000,33,1415.250,2473.702,538.666
75.000,34,1355.646,608.260,255.690
75.000,35,641.824,1533.309,405.792
75.000,36,632.626,949.455,303.297
75.000,37,776.852,1902.301,433.225
75.000,38,263.312,1489.168,280.647
75.000,39,103.129,1388.580,504.651
75.000,40,1453.528,935.036,455.225
75.000,41,1129.293,1446.698,280.069
75.000,42,419.006,1002.601,252.369
75.000,43,696.189,381.804,357.823
75.000,44,956.625,2461.195,544.013
75.000,45,1.746,1959.789,338.649
75.000,46,1143.350,87.234,280.320
75.000,47,1303.561,1839.028,567.428
75.000,48,513.079,545.749,489.030
75.000,49,1404.553,1651.958,328.376
75.000,50,1377.163,1037.765,586.246
75.000,51,198.007,687.669,223.100
75.000,52,714.664,1138.906,159.200
75.000,53,1194.781,1896.154,275.523
75.000,54,844.888,1247.601,516.636
75.000,55,247.639,1113.694,498.679
75.000,56,1350.620,2178.063,525.732
75.000,57,778.205,258.786,558.841
75.000,58,184.009,704.633,473.223
75.000,59,769.501,2297.786,238.847
75.000,60,789.505,2514.271,515.186
75.000,61,1498.548,2231.911,236.314
75.000,62,1104.551,627.883,187.260
75.000,63,1248.734,127.877,490.581
75.000,64,337.431,2113.265,361.159
75.000,65,156.806,366.537,294.714
75.000,66,1065.729,1829.489,163.487
75.000,67,624.072,2455.297,141.529
75.000,68,568.660,1478.388,227.679
75.000,69,1166.464,999.846,231.951
75.000,70,1388.422,2192.024,209.784
75.000,71,718.581,1270.780,174.623
75.000,72,1384.230,1137.750,186.580
75.000,73,1453.477,2424.858,318.933
75.000,74,439.054,1758.404,472.896
75.000,75,623.353,475.289,472.512
75.000,76,64.587,1405.411,586.979
75.000,77,1259.250,1945.714,228.824
75.000,78,1104.781,582.198,140.502
75.000,79,582.742,1722.159,295.324
75.000,80,716.318,880.533,295.272
75.000,81,841.220,1207.298,193.239
75.000,82,175.884,922.461,523.365
75.000,83,131.442,562.646,317.703
75.000,84,695.333,1589.812,125.513
75.000,85,1101.709,1731.198,581.997
80.000,0,1419.019,65.027,448.826
80.000,1,1027.103,388.286,558.284
80.000,2,58.246,131.860,206.722
80.000,3,597.866,1588.371,153.166
80.000,4,1017.347,1080.383,496.909
80.000,5,442.872,18.020,457.546
80.000,6,146.331,1157.842,414.674
80.000,7,876.647,1281.110,334.908
80.000,8,803.877,2205.872,150.410
80.000,9,1118.878,1406.571,377.221
80.000,10,31.385,1464.516,296.587
80.000,11,1128.641,1374.050,544.377
80.000,12,1108.614,1816.332,277.124
80.000,13,577.702,2441.339,310.720
80.000,14,41.000,801.415,300.117
80.000,15,1313.337,2370.529,421.351
80.000,16,755.720,1394.943,230.629
80.000,17,411.435,874.239,203.911
80.000,18,362.332,1013.831,168.849
80.000,19,103.700,1876.432,430.924
80.000,20,597.837,1660.364,427.696
80.000,21,1032.169,2248.838,279.429
80.000,22,1267.474,1526.694,469.413
80.000,23,1291.593,1043.653,445.819
80.000,24,1201.452,1110.665,570.205
80.000,25,1015.271,1758.094,483.948
80.000,26,1477.448,1012.795,554.301
80.000,27,1420.184,81.381,409.882
80.000,28,935.977,253.596,598.855
80.000,29,85.877,795.793,344.456
80.000,30,1071.432,1078.384,182.128
80.000,31,975.806,429.807,314.647
80.000,32,1332.072,709.851,396.127
80.000,33,1426.967,2472.316,541.581
80.000,34,1290.731,488.215,253.426
80.000,35,747.892,1542.963,407.428
80.000,36,747.882,892.512,302.528
80.000,37,828.533,2045.380,435.560
80.000,38,282.230,1601.599,273.525
80.000,39,49.726,1475.321,505.149
80.000,40,1414.457,1009.636,456.316
80.000,41,1172.551,1339.587,283.062
80.000,42,333.867,1020.085,256.967
80.000,43,632.869,438.426,360.981
80.000,44,983.968,2378.060,546.745
80.000,45,103.138,2011.759,339.368
80.000,46,1167.542,161.819,279.374
80.000,47,1394.730,1763.920,563.811
80.000,48,439.182,477.087,488.464
80.000,49,1483.215,1663.343,330.681
80.000,50,1447.584,960.315,584.614
80.000,51,263.371,811.307,223.005
80.000,52,680.050,1017.644,160.714
80.000,53,1133.828,1940.514,277.006
80.000,54,921.068,1240.760,515.276
80.000,55,366.564,1118.071,499.493
80.000,56,1300.657,2249.671,527.571
80.000,57,710.374,182.139,563.274
80.000,58,146.435,787.671,475.759
80.000,59,722.207,2403.852,231.286
80.000,60,758.523,2476.418,514.087
80.000,61,1406.967,2209.784,242.009
80.000,62,998.860,614.705,187.876
80.000,63,1205.502,38.926,490.422
80.000,64,417.006,2174.776,363.350
80.000,65,137.866,457.805,296.554
80.000,66,983.786,1755.336,162.755
80.000,67,638.320,2374.918,141.991
80.000,68,526.596,1541.256,223.417
80.000,69,1066.752,1022.198,226.088
80.000,70,1413.837,2087.565,212.717
80.000,71,609.658,1225.231,171.452
80.000,72,1312.907,1263.110,184.990
80.000,73,1430.280,2437.951,317.284
80.000,74,332.377,1773.225,470.847
80.000,75,618.488,355.592,472.112
80.000,76,34.402,1318.019,583.616
80.000,77,1219.617,2025.127,226.148
80.000,78,1179.850,563.769,140.416
80.000,79,471.609,1769.800,295.223
80.000,80,638.743,801.370,293.547
80.000,81,940.901,1262.940,187.358
80.000,82,126.562,840.856,519.266
80.000,83,17.761,536.595,323.651
80.000,84,614.012,1615.040,124.893
80.000,85,1062.222,1631.507,580.730
85.000,0,1420.384,201.067,445.177
85.000,1,999.527,514.733,566.018
85.000,2,184.689,188.430,213.882
85.000,3,631.612,1472.170,150.904
85.000,4,1149.642,1016.870,498.784
85.000,5,576.664,47.358,464.212
85.000,6,229.826,1244.243,414.866
85.000,7,765.845,1281.871,332.933
85.000,8,780.574,2313.926,152.412
85.000,9,1006.998,1354.480,386.803
85.000,10,26.076,1557.764,292.554
85.000,11,1032.342,1391.210,543.091
85.000,12,999.992,1854.505,281.589
85.000,13,691.956,2430.181,317.149
85.000,14,36.379,855.764,302.574
85.000,15,1239.370,2272.225,425.903
85.000,16,733.997,1471.343,224.683
85.000,17,537.953,888.176,201.734
85.000,18,415.365,931.520,173.824
85.000,19,125.570,1745.149,436.090
85.000,20,520.082,1641.010,430.420
85.000,21,1111.494,2346.231,279.194
85.000,22,1118.238,1496.306,462.047
85.000,23,1363.643,963.889,442.039
85.000,24,1153.739,1037.347,565.978
85.000,25,1092.081,1870.783,488.211
85.000,26,1411.372,886.598,550.506
85.000,27,1341.170,115.485,413.073
85.000,28,1050.590,197.304,592.945
85.000,29,13.057,732.469,342.070
85.000,30,1136.324,1200.463,183.153
85.000,31,909.044,525.370,313.039
85.000,32,1293.024,629.367,395.530
85.000,33,1422.859,2342.819,542.704
85.000,34,1209.987,377.545,252.184
85.000,35,853.842,1551.247,410.246
85.000,36,857.200,834.363,303.535
85.000,37,856.307,2196.159,439.750
85.000,38,287.273,1713.802,271.206
85.000,39,14.762,1561.515,507.308
85.000,40,1387.333,1091.314,455.578
85.000,41,1189.834,1226.252,284.245
85.000,42,253.728,1036.824,261.332
85.000,43,568.220,485.724,366.620
85.000,44,1014.499,2289.456,548.507
85.000,45,201.012,2071.329,341.578
85.000,46,1177.802,237.312,277.369
85.000,47,1466.755,1670.399,563.244
85.000,48,359.126,410.313,485.469
85.000,49,1466.598,1686.583,333.153
85.000,50,1498.072,872.708,583.111
85.000,51,312.500,939.640,219.802
85.000,52,663.145,884.745,162.737
85.000,53,1066.372,1984.383,280.351
85.000,54,987.416,1234.069,515.306
85.000,55,485.775,1133.011,499.862
85.000,56,1272.634,2335.036,532.215
85.000,57,653.855,90.366,566.573
85.000,58,94.823,858.959,477.148
85.000,59,649.389,2496.541,222.541
85.000,60,725.701,2390.008,514.636
85.000,61,1292.344,2180.027,247.173
85.000,62,897.005,619.093,188.092
85.000,63,1158.396,53.838,488.270
85.000,64,496.669,2237.318,368.506
85.000,65,115.822,544.315,296.085
85.000,66,894.039,1668.625,167.964
85.000,67,638.502,2290.809,145.125
85.000,68,481.425,1606.601,218.716
85.000,69,963.851,1013.882,222.423
85.000,70,1484.971,1993.746,214.713
85.000,71,502.961,1168.005,167.653
85.000,72,1247.709,1393.757,183.538
85.000,73,1318.122,2499.182,318.363
85.000,74,231.673,1817.598,471.486
85.000,75,587.286,239.578,473.865
85.000,76,14.104,1229.307,581.278
85.000,77,1209.898,2110.850,228.350
85.000,78,1248.635,560.049,141.550
85.000,79,366.837,1782.876,296.989
85.000,80,546.376,739.575,292.472
85.000,81,1014.580,1335.762,182.278
85.000,82,72.251,746.609,512.218
85.000,83,111.973,510.551,324.750
85.000,84,524.589,1625.343,125.134
85.000,85,1016.409,1537.970,582.262
90.000,0,1382.979,335.229,440.900
90.000,1,979.490,642.752,571.359
90.000,2,317.325,218.313,219.081
90.000,3,662.049,1365.259,149.528
90.000,4,1250.413,906.574,500.901
90.000,5,706.330,85.264,471.249
90.000,6,320.784,1312.262,414.914
90.000,7,655.865,1292.345,332.443
90.000,8,755.830,2423.432,153.872
90.000,9,896.603,1319.919,391.955
90.000,10,85.897,1640.222,287.009
90.000,11,936.500,1404.156,541.678
90.000,12,900.180,1906.026,283.413
90.000,13,801.547,2387.005,322.249
90.000,14,103.305,915.167,304.916
90.000,15,1173.871,2179.864,427.862
90.000,16,705.445,1556.122,217.844
90.000,17,653.981,855.041,200.014
90.000,18,454.081,835.703,176.785
90.000,19,163.315,1621.231,441.600
90.000,20,437.546,1632.012,431.122
90.000,21,1197.315,2436.875,281.654
90.000,22,981.266,1468.020,454.376
90.000,23,1431.254,887.074,441.235
90.000,24,1090.362,961.867,560.117
90.000,25,1182.521,1968.073,497.181
90.000,26,1357.530,749.382,547.186
90.000,27,1252.671,131.909,417.975
90.000,28,1142.748,97.713,588.434
90.000,29,117.861,684.806,340.581
90.000,30,1208.237,1326.762,185.012
90.000,31,842.105,626.104,312.862
90.000,32,1248.374,561.317,395.108
90.000,33,1428.647,2208.225,544.379
90.000,34,1138.204,263.809,247.594
90.000,35,959.292,1533.969,414.010
90.000,36,963.670,765.354,301.051
90.000,37,910.458,2333.774,442.465
90.000,38,326.418,1828.080,269.090
90.000,39,65.752,1654.217,509.059
90.000,40,1335.190,1153.219,453.963
90.000,41,1219.666,1110.657,286.434
90.000,42,180.027,1068.026,266.553
90.000,43,500.691,535.673,369.274
90.000,44,1035.668,2200.680,552.961
90.000,45,316.243,2091.541,340.253
90.000,46,1180.082,309.593,274.641
90.000,47,1494.559,1576.840,561.566
90.000,48,269.368,363.030,484.340
90.000,49,1387.149,1700.544,335.553
90.000,50,1451.230,796.910,581.848
90.000,51,332.689,1069.956,215.738
90.000,52,644.938,758.570,161.488
90.000,53,1011.940,2048.708,283.162
90.000,54,1057.111,1226.462,517.168
90.000,55,597.237,1157.356,499.577
90.000,56,1241.718,2427.533,534.969
90.000,57,618.358,18.766,566.033
90.000,58,54.245,939.909,479.346
90.000,59,593.836,2468.981,216.455
90.000,60,687.748,2315.144,514.984
90.000,61,1175.892,2156.866,253.938
90.000,62,792.363,608.677,190.333
90.000,63,1114.748,151.498,488.627
90.000,64,569.843,2288.941,371.769
90.000,65,69.064,621.017,295.482
90.000,66,799.786,1598.048,169.244
90.000,67,655.755,2205.223,146.554
90.000,68,423.607,1668.138,214.922
90.000,69,858.858,1026.576,216.737
90.000,70,1454.721,1910.841,215.863
90.000,71,395.978,1130.643,167.763
90.000,72,1193.693,1527.529,184.443
90.000,73,1196.865,2485.476,316.796
90.000,74,124.695,1830.951,472.176
90.000,75,556.390,121.559,479.045
90.000,76,9.600,1148.656,576.673
90.000,77,1202.841,2204.407,229.027
90.000,78,1321.013,553.044,142.342
90.000,79,255.339,1792.955,297.097
90.000,80,459.431,657.951,292.778
90.000,81,1105.734,1397.809,177.668
90.000,82,31.817,655.342,507.975
90.000,83,219.423,490.013,326.777
90.000,84,438.456,1634.054,123.208
90.000,85,993.746,1446.318,582.689
95.000,0,1375.391,470.883,437.543
95.000,1,928.097,752.959,578.826
95.000,2,439.993,260.505,226.006
95.000,3,682.167,1248.297,145.908
95.000,4,1380.866,844.030,500.610
95.000,5,844.348,111.679,472.483
95.000,6,400.836,1394.360,416.866
95.000,7,543.744,1303.040,329.695
95.000,8,706.561,2538.531,158.422
95.000,9,804.301,1250.857,395.014
95.000,10,138.961,1735.085,279.878
95.000,11,832.761,1418.205,539.874
95.000,12,787.348,1942.705,286.970
95.000,13,924.704,2381.069,326.892
95.000,14,163.598,980.550,307.371
95.000,15,1094.633,2095.135,430.946
95.000,16,670.640,1635.971,214.979
95.000,17,760.449,792.892,199.532
95.000,18,508.970,750.710,178.076
95.000,19,167.380,1493.416,449.480
95.000,20,358.561,1639.518,431.777
95.000,21,1262.099,2517.468,284.121
95.000,22,839.729,1477.316,442.268
95.000,23,1499.211,809.962,433.877
95.000,24,1013.076,893.254,554.982
95.000,25,1282.212,2065.457,504.981
95.000,26,1289.250,622.545,545.154
95.000,27,1163.247,151.296,420.026
95.000,28,1246.577,25.205,582.945
95.000,29,227.428,658.940,336.876
95.000,30,1291.246,1440.325,186.287
95.000,31,775.549,721.809,313.547
95.000,32,1197.579,496.444,393.965
95.000,33,1428.777,2077.602,548.244
95.000,34,1063.980,148.431,243.273
95.000,35,1064.872,1526.950,415.757
95.000,36,1067.096,693.913,304.357
95.000,37,943.572,2486.017,440.194
95.000,38,362.951,1941.277,265.950
95.000,39,123.958,1735.749,511.699
95.000,40,1290.014,1230.966,450.396
95.000,41,1229.158,986.471,287.794
95.000,42,95.892,1104.092,269.628
95.000,43,423.885,584.846,369.548
95.000,44,1054.266,2119.300,555.427
95.000,45,421.863,2120.739,341.147
95.000,46,1184.909,395.952,274.325
95.000,47,1437.776,1491.322,560.031
95.000,48,193.510,299.302,478.914
95.000,49,1304.991,1706.968,336.957
95.000,50,1373.897,725.535,578.746
95.000,51,348.360,1196.684,214.407
95.000,52,623.333,634.318,160.352
95.000,53,964.427,2107.310,286.421
95.000,54,1126.595,1232.575,516.636
95.000,55,710.203,1185.782,500.601
95.000,56,1177.139,2495.077,537.444
95.000,57,568.181,115.136,567.899
95.000,58,28.484,1016.822,482.731
95.000,59,571.428,2351.011,209.092
95.000,60,667.639,2225.335,514.275
95.000,61,1066.612,2124.025,258.713
95.000,62,685.074,611.013,191.463
95.000,63,1066.895,252.672,489.617
95.000,64,630.878,2364.453,372.947
95.000,65,54.758,714.982,295.796
95.000,66,719.435,1515.725,168.781
95.000,67,688.943,2125.841,147.894
95.000,68,391.856,1730.746,211.486
95.000,69,750.079,1055.039,210.065
95.000,70,1376.222,1825.992,218.020
95.000,71,292.076,1085.482,163.836
95.000,72,1142.248,1660.868,183.992
95.000,73,1069.363,2475.714,320.707
95.000,74,20.957,1847.806,474.689
95.000,75,519.780,7.893,485.103
95.000,76,11.995,1056.100,575.066
95.000,77,1162.834,2280.621,225.161
95.000,78,1405.823,542.249,145.187
95.000,79,141.278,1809.397,290.944
95.000,80,382.900,561.562,289.658
95.000,81,1202.733,1451.000,171.108
95.000,82,20.780,571.350,503.755
95.000,83,339.376,488.374,330.179
95.000,84,352.050,1646.679,122.581
95.000,85,936.420,1355.731,582.652
100.000,0,1411.391,609.149,432.385
100.000,1,918.871,871.628,582.127
100.000,2,559.452,323.909,232.170
100.000,3,684.258,1131.563,144.067
100.000,4,1505.773,768.623,503.718
100.000,5,980.934,125.341,474.726
100.000,6,444.264,1510.965,417.094
100.000,7,434.788,1294.670,329.123
100.000,8,657.786,2430.784,159.985
100.000,9,699.919,1204.763,399.428
100.000,10,226.263,1794.429,273.062
100.000,11,735.151,1426.266,537.691
100.000,12,672.591,1977.948,290.494
100.000,13,1044.100,2388.144,331.427
100.000,14,229.685,1041.688,312.666
100.000,15,1032.003,1999.513,432.993
100.000,16,625.001,1711.848,209.159
100.000,17,872.880,734.646,198.487
100.000,18,555.742,668.541,183.822
100.000,19,160.522,1359.524,455.983
100.000,20,279.860,1632.691,432.827
100.000,21,1338.787,2425.883,286.328
100.000,22,688.725,1450.177,435.062
100.000,23,1452.016,742.844,430.914
100.000,24,952.565,812.309,551.059
100.000,25,1368.947,2173.553,508.617
100.000,26,1207.236,511.557,545.672
100.000,27,1079.898,179.931,422.446
100.000,28,1359.907,40.087,578.134
100.000,29,330.646,616.274,334.065
100.000,30,1376.270,1551.663,185.064
100.000,31,706.332,826.787,313.763
100.000,32,1153.910,422.054,389.252
100.000,33,1405.570,1951.510,553.798
100.000,34,1052.850,16.695,240.665
100.000,35,1170.674,1517.633,417.844
100.000,36,1170.981,616.432,303.776
100.000,37,957.841,2432.110,440.930
100.000,38,405.711,2050.781,263.141
100.000,39,165.738,1823.756,512.980
100.000,40,1232.020,1304.430,446.850
100.000,41,1221.813,862.398,292.050
100.000,42,20.415,1150.425,273.111
100.000,43,355.292,635.145,370.792
100.000,44,1075.402,2031.890,557.196
100.000,45,528.775,2166.351,340.028
100.000,46,1167.562,477.513,273.323
100.000,47,1384.347,1386.812,559.040
100.000,48,112.216,246.988,477.261
100.000,49,1225.387,1698.151,338.933
100.000,50,1323.174,637.617,579.264
100.000,51,415.452,1311.415,211.464
100.000,52,622.165,505.485,158.681
100.000,53,912.736,2167.041,290.580
100.000,54,1207.248,1205.091,517.489
100.000,55,828.143,1217.105,503.374
100.000,56,1146.780,2473.747,540.929
100.000,57,509.864,201.078,570.774
100.000,58,9.666,1099.931,484.597
100.000,59,510.894,2241.733,197.795
100.000,60,659.076,2130.928,514.585
100.000,61,958.719,2089.332,263.315
100.000,62,580.095,614.626,189.665
100.000,63,1009.073,346.106,489.309
100.000,64,687.285,2435.717,377.156
100.000,65,31.546,804.813,296.066
100.000,66,620.138,1436.404,167.174
100.000,67,713.656,2039.417,148.943
100.000,68,339.715,1786.080,205.271
100.000,69,647.233,1066.927,205.230
100.000,70,1299.872,1751.346,219.153
100.000,71,192.846,1033.408,164.277
100.000,72,1089.953,1798.292,184.282
100.000,73,939.813,2481.386,322.166
100.000,74,110.507,1839.953,473.983
100.000,75,506.053,133.003,484.360
100.000,76,29.292,964.470,572.435
100.000,77,1143.384,2359.647,224.457
100.000,78,1481.716,517.900,145.028
100.000,79,23.556,1829.376,288.826
100.000,80,301.777,479.428,287.115
100.000,81,1307.983,1495.272,164.603
100.000,82,74.282,485.179,498.614
100.000,83,462.724,476.188,331.776
100.000,84,266.907,1660.042,120.741
100.000,85,903.027,1257.963,582.950
105.000,0,1415.097,743.338,426.290
105.000,1,906.794,1001.221,589.054
105.000,2,663.005,412.194,235.886
105.000,3,719.783,1008.017,139.488
105.000,4,1375.235,708.428,502.674
105.000,5,1124.335,143.553,480.123
105.000,6,534.194,1587.346,415.476
105.000,7,323.014,1321.715,328.411
105.000,8,593.431,2334.671,160.577
105.000,9,611.806,1131.759,403.987
105.000,10,303.914,1882.851,267.311
105.000,11,646.583,1433.459,535.831
105.000,12,578.043,2024.869,290.848
105.000,13,1156.298,2378.297,337.269
105.000,14,304.816,1081.107,315.042
105.000,15,968.841,1902.060,440.726
105.000,16,587.582,1782.936,207.797
105.000,17,995.735,688.514,197.768
105.000,18,599.512,591.664,187.867
105.000,19,167.824,1228.156,459.499
105.000,20,201.298,1623.370,433.310
105.000,21,1386.566,2305.056,286.480
105.000,22,543.322,1421.311,427.443
105.000,23,1392.913,662.603,428.984
105.000,24,898.469,726.432,546.732
105.000,25,1443.022,2290.405,512.744
105.000,26,1154.386,371.915,543.764
105.000,27,1002.929,223.940,427.572
105.000,28,1474.146,108.587,575.816
105.000,29,428.366,580.713,334.207
105.000,30,1496.224,1636.353,183.348
105.000,31,638.989,936.534,316.896
105.000,32,1121.615,346.083,386.391
105.000,33,1399.720,1825.274,559.295
105.000,34,1010.120,111.766,236.359
105.000,35,1277.669,1509.349,422.007
105.000,36,1260.020,519.525,305.134
105.000,37,969.623,2281.216,438.849
105.000,38,437.000,2155.603,258.678
105.000,39,221.381,1898.641,512.840
105.000,40,1174.133,1357.232,442.526
105.000,41,1248.297,749.249,292.420
105.000,42,71.873,1177.714,279.660
105.000,43,286.450,680.449,374.958
105.000,44,1111.363,1951.715,560.122
105.000,45,622.497,2211.032,339.699
105.000,46,1181.560,558.201,271.471
105.000,47,1330.706,1279.058,559.028
105.000,48,48.815,178.968,472.079
105.000,49,1145.409,1696.851,338.567
105.000,50,1271.036,550.873,578.830
105.000,51,454.196,1443.060,209.669
105.000,52,606.350,385.203,156.451
105.000,53,857.564,2229.963,293.937
105.000,54,1284.786,1192.184,517.431
105.000,55,942.834,1216.049,504.664
105.000,56,1094.831,2407.339,543.794
105.000,57,443.781,275.037,573.466
105.000,58,22.317,1184.636,487.335
105.000,59,477.273,2121.751,190.401
105.000,60,647.173,2040.726,514.919
105.000,61,834.246,2064.760,264.746
105.000,62,469.130,629.698,187.663
105.000,63,948.790,435.869,488.647
105.000,64,744.458,2516.907,381.329
105.000,65,0.596,896.273,293.783
105.000,66,555.084,1329.613,166.555
105.000,67,729.154,1947.477,152.356
105.000,68,297.350,1849.939,201.266
105.000,69,551.001,1070.987,200.159
105.000,70,1251.039,1666.093,221.377
105.000,71,101.031,979.766,163.020
105.000,72,1019.530,1933.671,178.454
105.000,73,814.813,2501.033,321.570
105.000,74,210.952,1852.180,474.020
105.000,75,493.296,243.898,488.147
105.000,76,34.409,873.818,571.297
105.000,77,1124.401,2444.869,226.100
105.000,78,1467.832,507.588,144.911
105.000,79,89.500,1853.247,285.709
105.000,80,221.861,396.103,286.455
105.000,81,1404.634,1549.962,159.818
105.000,82,122.299,394.287,493.703
105.000,83,573.700,470.605,336.565
105.000,84,179.969,1671.687,122.859
105.000,85,865.311,1167.069,583.386
110.000,0,1464.908,872.778,425.197
110.000,1,872.000,1120.069,596.956
110.000,2,771.678,504.274,242.057
110.000,3,749.116,896.361,135.170
110.000,4,1253.485,637.778,500.971
110.000,5,1259.342,176.399,482.425
110.000,6,566.854,1695.777,416.233
110.000,7,214.964,1343.457,328.301
110.000,8,548.635,2230.034,160.633
110.000,9,506.797,1074.713,407.903
110.000,10,399.116,1933.346,262.760
110.000,11,559.176,1431.671,532.782
110.000,12,491.670,2103.194,291.203
110.000,13,1263.834,2363.032,343.082
110.000,14,367.131,1142.370,319.190
110.000,15,913.330,1802.384,447.752
110.000,16,558.882,1858.947,205.665
110.000,17,1114.291,643.869,194.817
110.000,18,638.703,512.374,190.341
110.000,19,166.499,1101.289,466.723
110.000,20,118.816,1621.558,435.018
110.000,21,1460.856,2211.368,290.547
110.000,22,407.821,1361.836,420.636
110.000,23,1319.168,584.351,422.654
110.000,24,847.905,635.184,539.970
110.000,25,1482.885,2429.054,520.306
110.000,26,1092.443,244.434,537.722
110.000,27,915.070,241.999,428.593
110.000,28,1435.990,196.353,573.468
110.000,29,533.239,533.983,333.413
110.000,30,1443.789,1748.741,184.650
110.000,31,567.837,1035.353,313.256
110.000,32,1088.465,272.681,382.952
110.000,33,1374.915,1702.186,562.880
110.000,34,963.533,231.300,232.189
110.000,35,1377.668,1497.628,425.342
110.000,36,1365.491,448.239,304.204
110.000,37,993.514,2142.961,437.380
110.000,38,464.675,2276.306,254.558
110.000,39,277.179,1980.667,514.231
110.000,40,1137.124,1429.392,441.468
110.000,41,1252.973,634.153,293.884
110.000,42,148.952,1197.034,282.471
110.000,43,221.137,734.767,379.758
110.000,44,1136.369,1872.216,563.608
110.000,45,721.810,2232.403,341.373
110.000,46,1205.607,629.033,271.206
110.000,47,1269.569,1176.415,559.462
110.000,48,37.324,113.866,467.956
110.000,49,1068.562,1711.828,339.218
110.000,50,1228.613,459.243,579.748
110.000,51,477.657,1582.782,204.876
110.000,52,608.576,262.893,157.965
110.000,53,801.684,2283.467,294.836
110.000,54,1364.396,1184.908,518.508
110.000,55,1051.061,1219.289,506.609
110.000,56,1070.515,2324.646,548.149
110.000,57,386.442,360.225,574.962
110.000,58,71.660,1262.847,488.693
110.000,59,428.361,2003.090,181.908
110.000,60,608.666,1947.808,515.821
110.000,61,712.094,2040.613,269.597
110.000,62,368.066,658.360,187.743
110.000,63,882.260,522.003,486.430
110.000,64,821.611,2484.841,384.995
110.000,65,43.172,984.849,298.090
110.000,66,452.924,1254.926,167.897
110.000,67,738.159,1849.353,154.460
110.000,68,248.418,1908.595,197.899
110.000,69,456.913,1053.908,193.489
110.000,70,1162.536,1599.896,223.596
110.000,71,10.840,913.896,160.269
110.000,72,998.623,2073.965,177.615
110.000,73,691.337,2533.573,319.563
110.000,74,318.150,1878.647,473.178
110.000,75,518.488,358.767,491.058
110.000,76,31.588,780.826,566.946
110.000,77,1100.934,2529.107,227.232
110.000,78,1393.845,502.815,145.634
110.000,79,197.549,1892.318,283.216
110.000,80,122.354,331.141,283.859
110.000,81,1508.037,1600.987,154.938
110.000,82,147.899,301.340,489.215
110.000,83,691.841,448.863,340.230
110.000,84,94.141,1680.382,121.540
110.000,85,821.850,1073.857,582.456
115.000,0,1503.105,1008.072,426.182
115.000,1,838.824,1234.231,596.295
115.000,2,876.545,596.735,245.926
115.000,3,778.441,791.073,135.784
115.000,4,1142.576,543.092,502.161
115.000,5,1392.376,202.419,486.789
115.000,6,619.821,1795.829,415.347
115.000,7,106.708,1366.785,324.212
115.000,8,514.504,2124.561,162.831
115.000,9,420.082,989.141,410.649
115.000,10,486.655,2008.644,260.730
115.000,11,462.196,1410.770,529.468
115.000,12,397.828,2170.570,296.231
115.000,13,1384.476,2358.919,349.232
115.000,14,444.125,1191.992,321.737
115.000,15,845.432,1707.844,451.136
115.000,16,525.665,1930.413,203.747
115.000,17,1239.582,634.739,190.794
115.000,18,666.079,428.311,194.018
115.000,19,212.588,975.786,472.754
115.000,20,38.165,1608.796,437.832
115.000,21,1495.482,2119.119,292.125
115.000,22,271.801,1353.896,414.137
115.000,23,1239.482,526.967,417.343
115.000,24,795.090,559.857,534.071
115.000,25,1456.030,2526.376,529.644
115.000,26,1013.178,135.254,533.343
115.000,27,823.860,253.781,429.562
115.000,28,1335.721,281.175,565.803
115.000,29,644.492,512.299,331.807
115.000,30,1356.852,1863.830,183.233
115.000,31,529.419,1151.710,314.562
115.000,32,1044.153,197.983,382.189
115.000,33,1336.303,1576.934,565.205
115.000,34,895.458,347.004,233.213
115.000,35,1472.752,1494.050,428.112
115.000,36,1442.461,358.995,302.967
115.000,37,1031.869,1996.198,434.473
115.000,38,484.029,2396.576,249.109
115.000,39,348.938,2044.379,517.360
115.000,40,1106.198,1512.973,439.425
115.000,41,1284.742,516.947,295.978
115.000,42,230.813,1224.178,286.770
115.000,43,168.278,804.158,383.797
115.000,44,1159.616,1794.388,564.760
115.000,45,817.478,2279.791,341.518
115.000,46,1242.486,696.888,268.872
115.000,47,1198.399,1077.505,558.279
115.000,48,110.751,54.101,463.942
115.000,49,984.486,1711.523,340.768
115.000,50,1180.066,375.982,580.585
115.000,51,503.616,1717.969,200.329
115.000,52,615.552,137.316,156.156
115.000,53,740.410,2334.070,296.554
115.000,54,1437.825,1178.655,518.183
115.000,55,1160.857,1214.047,508.661
115.000,56,1040.938,2237.139,550.792
115.000,57,327.646,442.591,575.274
115.000,58,123.537,1348.137,490.949
115.000,59,362.104,1900.545,174.208
115.000,60,554.376,1874.594,514.689
115.000,61,600.663,1980.719,276.513
115.000,62,267.186,666.487,187.629
115.000,63,817.486,597.845,487.408
115.000,64,890.624,2424.999,388.620
115.000,65,45.787,1080.422,299.496
115.000,66,351.774,1186.693,165.912
115.000,67,751.959,1764.696,156.731
115.000,68,208.450,1972.191,194.279
115.000,69,360.317,1052.677,185.910
115.000,70,1087.705,1513.495,228.860
115.000,71,87.645,870.246,160.626
115.000,72,970.642,2206.889,175.812
115.000,73,559.713,2496.605,323.008
115.000,74,411.073,1854.501,473.642
115.000,75,514.604,473.554,490.941
115.000,76,32.155,687.454,559.407
115.000,77,1104.815,2459.283,225.948
115.000,78,1316.506,482.834,146.841
115.000,79,309.234,1942.992,279.549
115.000,80,24.155,261.250,279.699
115.000,81,1418.750,1662.398,147.531
115.000,82,186.693,208.277,483.218
115.000,83,802.826,412.187,345.632
115.000,84,17.871,1673.075,122.268
115.000,85,803.549,971.133,581.888
120.000,0,1496.702,1149.976,421.771
120.000,1,816.059,1355.744,588.744
120.000,2,979.040,687.868,252.151
120.000,3,793.009,671.156,131.207
120.000,4,1011.952,492.683,497.682
120.000,5,1493.567,256.193,492.727
120.000,6,701.761,1877.643,412.050
120.000,7,20.561,1403.781,320.927
120.000,8,492.267,2011.687,163.326
120.000,9,312.929,936.215,412.329
120.000,10,575.509,2075.503,255.778
120.000,11,366.313,1389.767,525.455
120.000,12,296.185,2215.549,301.804
120.000,13,1501.583,2372.482,355.746
120.000,14,524.383,1233.875,321.781
120.000,15,779.720,1610.083,455.088
120.000,16,503.421,2009.482,202.452
120.000,17,1357.509,592.361,191.249
120.000,18,666.865,329.116,197.915
120.000,19,239.724,844.684,480.125
120.000,20,55.059,1585.004,440.149
120.000,21,1391.985,2046.984,290.463
120.000,22,130.095,1298.329,409.892
120.000,23,1152.448,474.333,413.697
120.000,24,716.264,507.629,529.743
120.000,25,1360.615,2421.897,536.916
120.000,26,938.727,13.494,531.599
120.000,27,751.348,305.732,432.771
120.000,28,1228.636,363.602,559.336
120.000,29,732.289,452.235,327.819
120.000,30,1269.865,1982.024,184.465
120.000,31,486.623,1267.555,316.000
120.000,32,1002.215,130.802,380.530
120.000,33,1314.444,1449.807,567.344
120.000,34,840.338,466.527,231.073
120.000,35,1451.044,1491.706,429.784
120.000,36,1475.345,283.954,301.474
120.000,37,1068.700,1855.763,434.317
120.000,38,512.411,2513.150,241.491
120.000,39,404.102,2121.880,520.777
120.000,40,1065.541,1587.920,437.591
120.000,41,1322.245,405.054,299.463
120.000,42,302.110,1280.788,290.708
120.000,43,109.793,863.220,384.729
120.000,44,1184.701,1715.470,566.928
120.000,45,913.236,2337.856,340.775
120.000,46,1257.049,780.476,268.693
120.000,47,1127.260,995.227,556.460
120.000,48,188.382,17.377,460.782
120.000,49,902.224,1715.170,341.110
120.000,50,1136.357,284.103,581.005
120.000,51,546.805,1841.514,198.771
120.000,52,602.728,12.644,156.483
120.000,53,678.295,2393.496,299.181
120.000,54,1503.087,1157.324,520.060
120.000,55,1273.914,1204.479,510.930
120.000,56,989.625,2149.402,549.822
120.000,57,277.502,521.604,577.990
120.000,58,163.690,1427.993,491.921
120.000,59,312.600,1793.922,168.068
120.000,60,519.770,1793.535,514.838
120.000,61,488.909,1948.834,283.207
120.000,62,153.556,679.089,186.398
120.000,63,757.024,686.001,491.193
120.000,64,955.292,2351.650,390.012
120.000,65,71.045,1170.655,300.489
120.000,66,293.970,1076.462,165.249
120.000,67,783.826,1688.973,156.893
120.000,68,158.471,2029.262,189.739
120.000,69,259.531,1035.967,179.650
120.000,70,1020.374,1424.777,232.711
120.000,71,178.934,807.473,157.452
120.000,72,950.736,2337.644,171.081
120.000,73,425.336,2504.189,321.821
120.000,74,519.873,1860.647,478.347
120.000,75,509.561,600.490,491.396
120.000,76,24.930,602.621,556.211
120.000,77,1090.660,2378.679,225.621
120.000,78,1240.776,449.159,149.155
120.000,79,433.892,1951.376,276.778
120.000,80,70.483,190.396,279.126
120.000,81,1322.360,1718.030,144.458
120.000,82,250.580,121.340,478.081
120.000,83,903.417,365.055,349.458
120.000,84,113.302,1673.717,120.636
120.000,85,785.918,878.777,581.759
125.000,0,1498.617,1295.116,417.754
125.000,1,794.188,1481.000,582.707
125.000,2,1103.010,754.085,257.171
125.000,3,789.052,557.119,128.577
125.000,4,907.013,385.210,495.563
125.000,5,1351.833,285.002,493.383
125.000,6,743.011,1985.228,408.975
125.000,7,134.123,1403.397,318.410
125.000,8,444.384,1905.215,166.288
125.000,9,220.824,859.020,413.613
125.000,10,661.311,2155.211,249.759
125.000,11,262.225,1400.474,523.702
125.000,12,188.012,2252.205,306.556
125.000,13,1381.698,2351.817,360.726
125.000,14,603.821,1280.856,320.658
125.000,15,705.151,1523.320,460.216
125.000,16,479.636,2097.074,199.196
125.000,17,1473.704,554.778,193.983
125.000,18,665.584,239.320,201.061
125.000,19,253.795,712.947,485.518
125.000,20,149.706,1558.477,443.371
125.000,21,1311.542,1951.570,294.657
125.000,22,18.107,1270.812,403.095
125.000,23,1089.376,396.651,407.112
125.000,24,637.836,451.832,526.936
125.000,25,1267.174,2318.484,540.185
125.000,26,884.199,149.114,529.798
125.000,27,661.071,313.877,436.613
125.000,28,1110.718,438.269,549.838
125.000,29,836.380,420.521,329.143
125.000,30,1196.714,2105.164,185.593
125.000,31,448.681,1377.080,318.789
125.000,32,960.999,63.479,378.188
125.000,33,1321.467,1320.199,572.530
125.000,34,776.464,592.705,229.795
125.000,35,1340.222,1493.332,429.788
125.000,36,1354.458,236.005,300.988
125.000,37,1086.585,1710.850,438.664
125.000,38,522.043,2445.887,239.556
125.000,39,467.117,2202.911,520.846
125.000,40,1016.133,1657.124,436.194
125.000,41,1351.636,289.147,303.704
125.000,42,381.442,1306.915,293.597
125.000,43,30.343,892.190,386.640
125.000,44,1209.214,1633.668,569.857
125.000,45,1008.714,2398.359,341.445
125.000,46,1275.088,856.291,268.000
125.000,47,1054.728,909.137,553.197
125.000,48,277.838,72.215,458.623
125.000,49,823.101,1708.275,343.918
125.000,50,1103.929,192.981,580.794
125.000,51,582.933,1967.711,198.271
125.000,52,593.124,106.167,157.962
125.000,53,632.421,2454.643,300.127
125.000,54,1417.047,1150.645,520.455
125.000,55,1387.540,1193.362,511.045
125.000,56,952.841,2060.758,551.724
125.000,57,237.037,619.069,581.472
125.000,58,188.780,1516.593,493.387
125.000,59,251.283,1694.912,162.998
125.000,60,496.192,1700.121,515.242
125.000,61,368.685,1920.678,287.127
125.000,62,38.960,660.191,187.206
125.000,63,696.232,777.651,491.896
125.000,64,1018.669,2273.958,390.781
125.000,65,110.189,1268.418,302.555
125.000,66,202.773,998.236,161.239
125.000,67,789.651,1602.361,157.870
125.000,68,112.589,2083.547,186.565
125.000,69,160.574,1023.005,173.060
125.000,70,966.510,1334.167,231.699
125.000,71,270.575,738.933,155.477
125.000,72,896.756,2460.230,169.258
125.000,73,295.979,2486.143,322.525
125.000,74,626.312,1861.518,478.169
125.000,75,481.118,722.473,496.729
125.000,76,34.685,518.926,550.052
125.000,77,1076.886,2292.684,224.429
125.000,78,1172.501,422.280,150.707
125.000,79,547.004,1977.081,274.511
125.000,80,169.734,137.196,278.511
125.000,81,1227.835,1773.735,141.845
125.000,82,293.114,31.827,472.305
125.000,83,1015.116,372.773,356.441
125.000,84,205.869,1691.763,119.811
125.000,85,757.191,782.872,579.953
130.000,0,1498.417,1436.961,413.178
130.000,1,762.153,1602.491,579.403
130.000,2,1216.616,826.851,263.079
130.000,3,793.360,435.160,128.878
130.000,4,777.553,309.077,494.411
130.000,5,1220.117,327.837,497.684
130.000,6,814.834,2079.478,404.725
130.000,7,243.914,1424.102,318.820
130.000,8,422.521,1793.250,169.476
130.000,9,116.382,799.759,414.078
130.000,10,761.568,2223.943,246.632
130.000,11,164.513,1415.505,523.865
130.000,12,106.269,2329.468,310.840
130.000,13,1256.531,2348.692,364.291
130.000,14,663.138,1335.358,323.861
130.000,15,630.794,1427.617,466.236
130.000,16,453.391,2172.519,197.228
130.000,17,1427.955,511.928,193.783
130.000,18,709.901,150.960,202.825
130.000,19,251.676,589.709,490.506
130.000,20,223.277,1546.261,444.622
130.000,21,1239.581,1850.696,296.618
130.000,22,156.713,1243.099,395.528
130.000,23,1034.349,308.478,401.152
130.000,24,570.487,371.495,519.559
130.000,25,1168.130,2218.322,548.875
130.000,26,807.186,267.771,528.625
130.000,27,576.121,322.867,437.753
130.000,28,1007.531,533.815,540.740
130.000,29,934.859,373.525,331.303
130.000,30,1104.444,2208.352,185.876
130.000,31,402.120,1484.099,321.910
130.000,32,929.554,26.884,377.777
130.000,33,1309.252,1188.644,577.567
130.000,34,721.510,711.864,230.327
130.000,35,1242.390,1450.489,429.573
130.000,36,1233.861,197.708,300.768
130.000,37,1114.986,1564.785,437.802
130.000,38,578.158,2351.080,237.231
130.000,39,527.291,2285.162,521.383
130.000,40,950.359,1710.766,434.159
130.000,41,1376.044,175.409,305.778
130.000,42,457.082,1321.223,297.535
130.000,43,63.092,932.753,389.393
130.000,44,1232.651,1553.111,574.224
130.000,45,1113.115,2447.100,342.346
130.000,46,1295.684,927.606,267.796
130.000,47,1005.952,804.999,550.967
130.000,48,350.883,143.513,454.772
130.000,49,750.147,1710.129,344.986
130.000,50,1080.361,93.574,580.305
130.000,51,593.771,2100.495,197.011
130.000,52,564.484,219.094,155.422
130.000,53,579.746,2511.648,302.074
130.000,54,1335.782,1143.876,521.853
130.000,55,1494.379,1191.605,510.703
130.000,56,917.860,1977.180,554.695
130.000,57,196.467,717.967,585.935
130.000,58,211.209,1610.712,497.623
130.000,59,201.373,1583.280,156.458
130.000,60,475.809,1605.144,514.753
130.000,61,244.808,1915.320,290.740
130.000,62,88.949,646.587,187.132
130.000,63,623.713,850.967,490.739
130.000,64,1075.422,2190.080,393.812
130.000,65,126.131,1361.342,304.438
130.000,66,109.286,925.798,157.745
130.000,67,805.390,1521.862,158.899
130.000,68,72.138,2149.329,180.246
130.000,69,56.554,1001.340,166.811
130.000,70,897.632,1256.743,231.488
130.000,71,349.006,661.404,154.279
130.000,72,844.051,2475.907,168.202
130.000,73,167.367,2442.938,325.000
130.000,74,732.964,1874.099,480.066
130.000,75,486.644,840.372,500.271
130.000,76,26.716,428.287,544.718
130.000,77,1083.642,2196.198,226.190
130.000,78,1102.909,399.864,152.464
130.000,79,647.839,2027.211,273.441
130.000,80,252.777,47.069,283.785
130.000,81,1146.404,1842.952,137.057
130.000,82,339.266,76.450,466.153
130.000,83,1119.758,376.878,362.458
130.000,84,299.635,1706.611,120.102
130.000,85,707.735,691.174,579.537
135.000,0,1506.902,1578.366,409.943
135.000,1,726.699,1715.905,575.179
135.000,2,1325.733,903.723,267.516
135.000,3,804.468,319.634,127.770
135.000,4,669.582,208.451,494.052
135.000,5,1084.089,345.704,503.331
135.000,6,875.303,2168.899,402.320
135.000,7,359.207,1415.036,318.430
135.000,8,382.368,1685.552,173.397
135.000,9,3.793,766.760,418.494
135.000,10,857.310,2284.896,246.163
135.000,11,67.554,1441.672,523.816
135.000,12,6.315,2393.523,312.315
135.000,13,1135.022,2347.290,368.326
135.000,14,737.911,1386.299,327.122
135.000,15,556.780,1331.439,467.933
135.000,16,437.872,2241.826,194.470
135.000,17,1320.976,450.890,191.437
135.000,18,717.683,56.655,203.462
135.000,19,273.753,458.104,497.615
135.000,20,299.323,1543.933,445.163
135.000,21,1160.534,1762.296,297.468
135.000,22,294.796,1215.339,390.858
135.000,23,964.121,230.418,398.129
135.000,24,504.716,289.948,515.918
135.000,25,1067.686,2119.740,554.335
135.000,26,710.828,378.111,527.218
135.000,27,496.250,354.063,439.918
135.000,28,913.702,633.367,531.470
135.000,29,1025.965,315.573,330.456
135.000,30,1014.531,2304.185,182.984
135.000,31,368.194,1599.928,324.338
135.000,32,896.518,100.470,374.621
135.000,33,1305.613,1055.377,578.367
135.000,34,659.565,821.974,228.010
135.000,35,1135.029,1421.313,433.106
135.000,36,1121.116,134.737,298.176
135.000,37,1148.925,1418.208,439.098
135.000,38,621.303,2243.265,232.088
135.000,39,586.211,2362.240,525.261
135.000,40,895.720,1770.952,433.253
135.000,41,1408.031,62.684,306.448
135.000,42,535.445,1340.955,302.899
135.000,43,138.764,986.993,393.497
135.000,44,1266.965,1483.180,575.041
135.000,45,1221.832,2472.185,344.480
135.000,46,1313.717,999.161,267.411
135.000,47,950.960,694.585,553.631
135.000,48,426.164,198.871,449.105
135.000,49,674.085,1702.956,343.466
135.000,50,1029.927,10.316,580.543
135.000,51,602.772,2238.725,193.874
135.000,52,564.407,343.605,157.816
135.000,53,520.764,2513.812,304.742
135.000,54,1260.209,1129.673,522.741
135.000,55,1405.869,1179.368,512.772
135.000,56,874.045,1896.801,556.421
135.000,57,129.900,800.688,590.893
135.000,58,259.995,1684.936,500.424
135.000,59,141.104,1469.544,149.091
135.000,60,424.474,1519.704,515.098
135.000,61,112.299,1903.277,295.350
135.000,62,199.516,648.935,185.446
135.000,63,586.275,937.839,488.040
135.000,64,1159.110,2131.724,399.994
135.000,65,152.210,1451.982,306.130
135.000,66,17.515,861.659,157.295
135.000,67,820.820,1434.535,162.022
135.000,68,17.386,2201.150,175.695
135.000,69,52.837,1001.434,160.771
135.000,70,823.025,1172.109,233.772
135.000,71,457.161,630.526,154.343
135.000,72,744.264,2373.128,166.238
135.000,73,42.587,2425.726,324.532
135.000,74,837.771,1890.573,482.407
135.000,75,491.217,959.160,500.563
135.000,76,24.141,336.901,539.378
135.000,77,1079.647,2105.028,226.788
135.000,78,1031.290,381.107,153.765
135.000,79,749.723,2087.873,272.577
135.000,80,324.116,39.485,283.854
135.000,81,1049.802,1898.997,134.705
135.000,82,400.623,163.457,462.754
135.000,83,1219.611,324.204,367.229
135.000,84,386.026,1717.460,119.857
135.000,85,696.898,587.355,578.334
140.000,0,1506.951,1707.344,404.251
140.000,1,709.256,1838.061,570.501
140.000,2,1433.114,975.723,271.346
140.000,3,833.519,200.283,128.378
140.000,4,562.140,107.584,495.742
140.000,5,948.555,348.948,507.116
140.000,6,915.265,2265.020,398.242
140.000,7,471.862,1435.907,317.430
140.000,8,356.523,1573.459,177.963
140.000,9,99.298,701.019,422.656
140.000,10,938.669,2361.620,245.504
140.000,11,32.339,1449.967,521.963
140.000,12,106.731,2465.596,314.627
140.000,13,1023.224,2316.739,369.231
140.000,14,823.400,1424.835,330.089
140.000,15,485.078,1235.054,471.600
140.000,16,413.952,2320.224,190.369
140.000,17,1217.095,389.982,191.077
140.000,18,740.464,56.149,208.258
140.000,19,281.355,323.143,507.243
140.000,20,376.637,1536.449,449.570
140.000,21,1077.599,1675.141,299.892
140.000,22,438.730,1215.341,382.453
140.000,23,915.898,136.514,394.471
140.000,24,440.515,216.972,512.557
140.000,25,983.347,2004.646,562.224
140.000,26,602.106,475.692,526.663
140.000,27,413.243,383.139,441.500
140.000,28,826.942,736.808,524.461
140.000,29,1122.456,269.828,327.924
140.000,30,907.026,2389.844,184.404
140.000,31,336.340,1704.684,328.682
140.000,32,853.474,160.946,372.695
140.000,33,1309.064,926.202,583.864
140.000,34,604.912,948.355,227.303
140.000,35,1024.987,1397.875,435.052
140.000,36,1015.894,72.358,296.626
140.000,37,1190.668,1269.509,440.564
140.000,38,625.591,2125.494,229.207
140.000,39,652.820,2451.553,528.214
140.000,40,856.577,1849.009,433.144
140.000,41,1429.645,59.870,311.363
140.000,42,607.503,1395.332,306.281
140.000,43,207.383,1043.600,396.425
140.000,44,1286.074,1408.555,576.197
140.000,45,1309.295,2530.949,347.345
140.000,46,1325.009,1074.666,266.553
140.000,47,871.424,608.413,552.686
140.000,48,491.673,265.511,444.629
140.000,49,590.151,1717.710,344.057
140.000,50,952.560,58.010,579.821
140.000,51,621.034,2372.706,186.823
140.000,52,543.924,469.051,156.892
140.000,53,461.569,2467.551,308.535
140.000,54,1179.800,1121.482,522.721
140.000,55,1298.813,1156.828,511.924
140.000,56,845.355,1812.480,556.878
140.000,57,50.836,871.534,595.956
140.000,58,279.263,1770.703,505.923
140.000,59,89.014,1353.004,142.615
140.000,60,389.750,1428.867,517.315
140.000,61,11.878,1893.068,304.986
140.000,62,307.852,670.900,186.348
140.000,63,547.813,1031.455,486.625
140.000,64,1223.378,2060.046,404.624
140.000,65,203.969,1526.848,309.121
140.000,66,82.940,761.732,156.786
140.000,67,837.907,1343.722,165.426
140.000,68,30.669,2261.548,172.429
140.000,69,154.976,987.863,157.269
140.000,70,746.449,1087.778,236.299
140.000,71,555.937,582.455,150.600
140.000,72,685.610,2244.792,161.088
140.000,73,88.056,2406.358,324.287
140.000,74,944.797,1918.043,480.975
140.000,75,469.129,1089.293,502.015
140.000,76,33.809,248.701,535.347
140.000,77,1074.726,2019.663,226.519
140.000,78,953.465,376.288,157.489
140.000,79,847.099,2154.453,267.754
140.000,80,411.119,118.951,282.366
140.000,81,961.281,1954.927,133.577
140.000,82,463.381,245.616,460.016
140.000,83,1337.046,304.512,373.829
140.000,84,482.419,1728.521,121.465
140.000,85,655.137,498.487,579.770
145.000,0,1500.892,1837.435,398.077
145.000,1,698.522,1958.760,562.917
145.000,2,1478.399,1050.855,280.597
145.000,3,844.484,85.767,128.605
145.000,4,456.033,5.484,494.663
145.000,5,808.714,351.253,512.304
145.000,6,973.751,2357.121,399.060
145.000,7,581.365,1450.490,314.762
145.000,8,351.511,1460.499,178.983
145.000,9,196.684,633.567,430.075
145.000,10,1029.992,2421.004,241.335
145.000,11,134.343,1463.011,516.956
145.000,12,204.513,2526.702,319.014
145.000,13,907.015,2274.732,373.819
145.000,14,904.563,1463.940,333.182
145.000,15,407.387,1153.577,473.950
145.000,16,372.975,2389.196,188.127
145.000,17,1103.701,336.364,187.829
145.000,18,763.456,144.160,212.162
145.000,19,286.383,197.024,514.181
145.000,20,454.116,1542.644,453.212
145.000,21,984.333,1599.961,297.286
145.000,22,576.136,1184.945,373.589
145.000,23,862.817,47.788,389.757
145.000,24,378.373,144.695,504.941
145.000,25,908.407,1888.308,570.948
145.000,26,503.503,580.793,528.725
145.000,27,335.165,421.141,445.786
145.000,28,758.395,843.584,517.645
145.000,29,1221.197,218.154,327.306
145.000,30,832.063,2508.346,191.339
145.000,31,294.207,1807.523,327.292
145.000,32,822.945,235.048,369.792
145.000,33,1325.641,795.073,586.670
145.000,34,568.217,1077.593,223.051
145.000,35,920.432,1375.754,437.356
145.000,36,913.973,25.783,293.378
145.000,37,1236.462,1127.135,439.326
145.000,38,642.461,2017.288,223.908
145.000,39,730.866,2528.370,529.896
145.000,40,822.239,1923.720,431.363
145.000,41,1456.439,170.304,314.969
145.000,42,688.353,1427.248,312.396
145.000,43,274.696,1092.828,398.666
145.000,44,1308.572,1333.445,580.196
145.000,45,1418.088,2509.161,349.022
145.000,46,1330.362,1148.370,265.241
145.000,47,781.526,529.449,550.695
145.000,48,570.403,327.091,439.563
145.000,49,502.558,1701.249,345.715
145.000,50,895.610,141.946,577.381
145.000,51,639.942,2507.295,181.848
145.000,52,541.967,594.616,158.792
145.000,53,394.188,2425.214,312.893
145.000,54,1092.162,1107.383,524.162
145.000,55,1190.046,1126.856,513.812
145.000,56,811.688,1728.668,559.468
145.000,57,16.331,965.274,598.528
145.000,58,306.167,1859.284,508.488
145.000,59,66.680,1239.560,137.659
145.000,60,368.146,1342.490,518.228
145.000,61,129.523,1884.819,313.046
145.000,62,408.352,685.584,188.263
145.000,63,509.997,1116.874,485.076
145.000,64,1298.040,2003.287,408.657
145.000,65,232.578,1615.870,314.412
145.000,66,148.586,673.896,153.492
145.000,67,842.478,1260.035,167.996
145.000,68,85.635,2317.265,169.603
145.000,69,255.177,988.617,151.352
145.000,70,664.445,1013.474,234.894
145.000,71,655.164,537.861,145.307
145.000,72,651.401,2105.164,156.822
145.000,73,204.256,2365.964,322.951
145.000,74,1057.404,1936.032,480.236
145.000,75,441.604,1206.862,507.812
145.000,76,49.465,163.308,532.991
145.000,77,1072.334,1935.855,226.714
145.000,78,878.242,364.960,159.381
145.000,79,965.148,2198.150,264.341
145.000,80,500.954,207.552,281.176
145.000,81,860.458,1997.465,129.245
145.000,82,525.434,327.014,455.880
145.000,83,1447.926,300.732,379.231
145.000,84,566.648,1725.879,120.310
145.000,85,630.626,402.891,576.943
150.000,0,1491.454,1980.337,391.981
150.000,1,672.787,2078.853,561.588
150.000,2,1368.818,1135.791,285.675
150.000,3,855.876,40.345,126.671
150.000,4,322.397,83.189,495.216
150.000,5,666.257,378.493,518.571
150.000,6,1033.831,2450.862,399.176
150.000,7,693.299,1452.009,312.947
150.000,8,312.261,1351.744,183.625
150.000,9,275.902,559.891,433.013
150.000,10,1126.267,2495.961,236.503
150.000,11,235.469,1506.432,514.680
150.000,12,297.866,2477.422,320.732
150.000,13,791.878,2240.938,377.215
150.000,14,977.484,1505.617,335.919
150.000,15,350.882,1055.571,474.558
150.000,16,338.733,2456.993,188.015
150.000,17,994.999,285.432,183.750
150.000,18,798.834,233.295,217.867
150.000,19,321.604,78.628,518.887
150.000,20,533.138,1532.113,457.402
150.000,21,885.240,1540.545,299.667
150.000,22,709.562,1139.214,368.572
150.000,23,796.711,26.675,385.427
150.000,24,316.119,78.205,500.923
150.000,25,841.541,1772.068,578.694
150.000,26,429.284,704.555,531.450
150.000,27,248.990,440.164,449.968
150.000,28,645.108,913.048,512.556
150.000,29,1314.745,170.415,326.958
150.000,30,740.454,2455.961,193.677
150.000,31,234.042,1911.961,327.248
150.000,32,793.071,316.658,364.340
150.000,33,1314.241,660.335,587.057
150.000,34,505.808,1200.930,219.480
150.000,35,813.247,1359.519,438.784
150.000,36,814.701,92.254,291.714
150.000,37,1290.844,985.375,437.211
150.000,38,669.376,1912.829,218.126
150.000,39,792.634,2459.495,531.449
150.000,40,777.057,1994.435,427.986
150.000,41,1475.594,282.957,316.134
150.000,42,773.536,1441.125,316.588
150.000,43,339.804,1150.029,400.980
150.000,44,1315.046,1252.132,582.053
150.000,45,1480.616,2474.579,351.038
150.000,46,1359.341,1215.482,263.554
150.000,47,701.281,443.401,548.166
150.000,48,651.726,379.881,435.852
150.000,49,424.702,1678.367,346.605
150.000,50,837.913,223.266,578.512
150.000,51,683.985,2434.910,181.678
150.000,52,526.548,716.735,158.047
150.000,53,326.135,2390.685,315.664
150.000,54,1010.986,1105.477,525.513
150.000,55,1083.936,1126.792,516.202
150.000,56,770.496,1646.517,561.212
150.000,57,21.069,1065.031,597.003
150.000,58,338.770,1950.549,513.786
150.000,59,20.402,1130.746,129.120
150.000,60,319.830,1269.266,518.421
150.000,61,258.906,1867.057,319.585
150.000,62,516.080,692.239,188.356
150.000,63,472.348,1208.388,483.932
150.000,64,1364.040,1941.475,412.726
150.000,65,250.792,1716.218,318.433
150.000,66,208.377,574.286,154.973
150.000,67,832.160,1171.086,166.886
150.000,68,138.120,2376.846,164.049
150.000,69,352.060,973.221,145.574
150.000,70,573.893,939.165,236.510
150.000,71,765.211,503.790,140.259
150.000,72,597.701,1976.859,150.255
150.000,73,328.875,2365.204,325.851
150.000,74,1165.358,1936.027,482.864
150.000,75,445.987,1320.674,508.307
150.000,76,80.511,73.890,530.151
150.000,77,1065.965,1847.575,225.375
150.000,78,795.014,351.363,163.344
150.000,79,1088.458,2220.294,262.234
150.000,80,596.661,277.343,281.191
150.000,81,764.401,2052.441,122.735
150.000,82,573.811,407.417,450.421
150.000,83,1452.163,280.026,384.595
150.000,84,648.241,1769.614,119.354
150.000,85,608.003,290.440,576.573
155.000,0,1460.277,2126.797,389.439
155.000,1,636.677,2194.082,558.894
155.000,2,1248.967,1191.084,292.450
155.000,3,866.289,156.356,125.550
155.000,4,200.394,156.733,490.563
155.000,5,534.004,430.457,523.860
155.000,6,1122.618,2520.228,396.410
155.000,7,805.352,1432.173,309.579
155.000,8,265.685,1244.561,187.626
155.000,9,369.493,501.255,436.036
155.000,10,1209.953,2482.830,232.154
155.000,11,344.209,1508.214,511.859
155.000,12,399.292,2405.854,322.742
155.000,13,690.129,2195.806,385.100
155.000,14,1053.696,1547.026,340.147
155.000,15,281.763,965.021,479.615
155.000,16,304.371,2530.702,186.027
155.000,17,885.455,223.391,185.223
155.000,18,830.465,323.019,221.444
155.000,19,329.865,58.252,524.135
155.000,20,615.120,1530.791,458.191
155.000,21,819.507,1439.870,302.753
155.000,22,840.460,1082.089,363.645
155.000,23,731.516,106.232,379.746
155.000,24,248.335,16.934,497.663
155.000,25,763.193,1655.988,584.802
155.000,26,369.388,841.810,528.418
155.000,27,164.711,474.103,454.260
155.000,28,537.830,1002.246,508.071
155.000,29,1403.970,108.649,327.591
155.000,30,643.964,2356.569,193.198
155.000,31,168.564,2021.490,329.911
155.000,32,762.521,393.721,360.932
155.000,33,1313.945,533.340,586.984
155.000,34,452.182,1323.940,214.524
155.000,35,708.652,1332.180,442.072
155.000,36,717.109,154.350,293.202
155.000,37,1296.189,834.243,436.888
155.000,38,709.998,1801.763,212.924
155.000,39,863.159,2386.526,531.913
155.000,40,725.216,2071.917,425.768
155.000,41,1502.933,394.758,318.288
155.000,42,849.799,1468.748,318.168
155.000,43,413.165,1188.953,403.799
155.000,44,1334.373,1173.550,583.005
155.000,45,1371.444,2437.239,350.257
155.000,46,1394.012,1289.612,263.373
155.000,47,635.193,336.939,545.406
155.000,48,721.913,455.437,428.518
155.000,49,346.863,1672.681,350.963
155.000,50,771.192,301.725,577.818
155.000,51,718.853,2290.238,181.866
155.000,52,541.884,843.130,160.141
155.000,53,276.806,2340.160,319.160
155.000,54,941.527,1084.968,525.474
155.000,55,971.626,1143.634,516.548
155.000,56,717.402,1570.254,565.147
155.000,57,86.499,1152.927,595.361
155.000,58,350.019,2042.528,518.756
155.000,59,3.096,1009.442,121.585
155.000,60,275.656,1190.790,517.955
155.000,61,381.397,1842.657,326.089
155.000,62,624.816,686.675,187.450
155.000,63,440.505,1309.319,480.941
155.000,64,1433.533,1871.935,415.861
155.000,65,288.574,1802.777,324.304
155.000,66,283.092,485.756,153.034
155.000,67,839.506,1084.070,166.845
155.000,68,195.221,2448.070,156.249
155.000,69,451.468,947.023,144.035
155.000,70,483.943,870.385,236.826
155.000,71,854.668,446.769,137.447
155.000,72,560.789,1841.839,147.119
155.000,73,464.195,2378.070,324.618
155.000,74,1267.212,1942.025,485.166
155.000,75,464.688,1440.801,509.580
155.000,76,112.042,37.356,525.600
155.000,77,1072.660,1749.015,225.212
155.000,78,713.890,350.669,165.784
155.000,79,1215.124,2241.842,259.778
155.000,80,692.134,359.373,283.554
155.000,81,672.316,2110.409,115.758
155.000,82,618.792,500.100,447.780
155.000,83,1348.470,244.910,388.487
155.000,84,735.333,1802.693,118.320
155.000,85,591.852,182.139,573.327
160.000,0,1471.731,2276.849,389.774
160.000,1,628.286,2321.086,554.272
160.000,2,1133.700,1262.447,295.834
160.000,3,891.478,274.332,122.573
160.000,4,96.676,252.841,491.364
160.000,5,398.892,465.812,526.623
160.000,6,1195.461,2452.461,392.531
160.000,7,915.287,1410.735,309.307
160.000,8,237.829,1131.107,192.192
160.000,9,472.109,443.289,436.189
160.000,10,1311.169,2412.594,229.261
160.000,11,445.707,1483.103,509.531
160.000,12,501.333,2348.730,324.183
160.000,13,570.286,2191.322,392.582
160.000,14,1107.827,1609.022,345.344
160.000,15,213.681,872.035,483.467
160.000,16,262.696,2477.822,184.354
160.000,17,783.287,150.664,186.594
160.000,18,872.715,404.079,225.243
160.000,19,354.652,183.530,527.183
160.000,20,702.090,1529.598,460.519
160.000,21,743.922,1357.628,302.351
160.000,22,978.084,1055.490,354.881
160.000,23,660.559,177.631,374.747
160.000,24,190.271,71.811,494.407
160.000,25,675.473,1552.122,591.701
160.000,26,283.817,963.375,525.980
160.000,27,77.968,486.566,457.125
160.000,28,413.896,1069.426,504.425
160.000,29,1506.469,77.484,327.382
160.000,30,557.333,2244.522,197.693
160.000,31,88.246,2118.239,330.664
160.000,32,718.007,461.675,360.115
160.000,33,1303.850,411.296,586.220
160.000,34,426.369,1456.630,210.620
160.000,35,605.810,1321.515,445.169
160.000,36,614.845,227.143,295.299
160.000,37,1338.086,694.227,439.128
160.000,38,742.130,1689.942,209.134
160.000,39,927.893,2302.297,533.929
160.000,40,669.930,2141.999,423.261
160.000,41,1488.955,515.172,322.190
160.000,42,931.461,1505.841,323.831
160.000,43,481.916,1247.803,406.467
160.000,44,1355.078,1094.188,584.683
160.000,45,1265.381,2411.415,353.583
160.000,46,1423.747,1366.216,262.276
160.000,47,547.495,261.112,544.529
160.000,48,793.090,514.381,426.949
160.000,49,271.536,1666.037,353.772
160.000,50,693.440,370.254,576.247
160.000,51,770.008,2160.898,178.913
160.000,52,547.083,963.203,162.233
160.000,53,225.773,2292.290,321.521
160.000,54,869.816,1065.080,524.778
160.000,55,869.343,1181.614,515.562
160.000,56,670.192,1497.291,569.567
160.000,57,136.388,1243.845,594.201
160.000,58,369.821,2124.309,521.951
160.000,59,52.334,891.510,112.527
160.000,60,223.502,1109.467,519.366
160.000,61,493.267,1827.727,329.552
160.000,62,732.288,687.629,186.394
160.000,63,400.726,1402.815,481.366
160.000,64,1499.426,1800.850,421.250
160.000,65,320.476,1896.658,325.783
160.000,66,363.431,409.913,149.908
160.000,67,846.337,990.429,168.709
160.000,68,249.803,2498.893,151.632
160.000,69,546.275,926.272,141.488
160.000,70,391.874,794.001,236.071
160.000,71,940.257,381.840,136.233
160.000,72,472.786,1724.409,144.706
160.000,73,596.851,2364.705,324.055
160.000,74,1371.321,1962.886,483.031
160.000,75,464.978,1565.273,507.495
160.000,76,152.727,116.133,519.423
160.000,77,1055.736,1662.361,222.937
160.000,78,634.588,326.491,167.960
160.000,79,1332.392,2239.767,256.343
160.000,80,793.180,427.903,283.993
160.000,81,589.041,2173.970,111.569
160.000,82,683.777,577.600,444.589
160.000,83,1240.156,212.321,391.282
160.000,84,818.072,1831.815,116.569
160.000,85,587.464,76.362,569.237
165.000,0,1494.755,2413.660,388.265
165.000,1,610.691,2449.093,549.447
165.000,2,1012.208,1329.083,302.116
165.000,3,932.681,384.306,119.346
165.000,4,34.846,317.039,491.329
165.000,5,265.419,510.060,530.594
165.000,6,1278.520,2369.672,388.720
165.000,7,1019.472,1404.428,308.837
165.000,8,209.582,1025.375,196.229
165.000,9,568.595,366.694,439.651
165.000,10,1384.057,2316.197,222.154
165.000,11,549.578,1488.141,506.283
165.000,12,588.698,2272.496,327.956
165.000,13,457.294,2161.520,400.205
165.000,14,1163.968,1667.753,349.747
165.000,15,154.310,773.003,486.789
165.000,16,214.281,2411.982,186.274
165.000,17,665.155,100.872,185.971
165.000,18,923.204,479.447,228.307
165.000,19,331.922,315.657,531.186
165.000,20,781.794,1535.736,462.056
165.000,21,676.402,1253.521,305.044
165.000,22,1110.762,1022.026,347.503
165.000,23,585.236,251.366,370.057
165.000,24,117.699,140.513,492.434
165.000,25,572.253,1460.351,599.024
165.000,26,200.287,1080.393,524.733
165.000,27,22.661,507.903,458.322
165.000,28,304.037,1148.360,499.885
165.000,29,1391.269,50.241,324.451
165.000,30,475.448,2123.362,198.607
165.000,31,45.037,2231.507,330.063
165.000,32,691.130,532.522,357.725
165.000,33,1318.779,286.527,589.547
165.000,34,341.821,1560.802,206.636
165.000,35,493.656,1324.680,447.786
165.000,36,510.645,291.852,295.681
165.000,37,1393.128,562.339,439.982
165.000,38,751.708,1568.293,204.965
165.000,39,980.291,2224.753,534.853
165.000,40,627.754,2224.899,417.915
165.000,41,1476.846,625.387,321.330
165.000,42,998.615,1553.281,330.141
165.000,43,541.703,1314.707,408.300
165.000,44,1376.798,1017.130,587.731
165.000,45,1154.051,2395.373,356.040
165.000,46,1437.606,1432.678,259.157
165.000,47,470.816,169.422,544.570
165.000,48,873.250,568.960,425.682
165.000,49,189.614,1676.209,354.144
165.000,50,660.650,466.467,579.446
165.000,51,821.275,2036.403,175.207
165.000,52,562.213,1087.326,164.300
165.000,53,176.458,2240.614,325.945
165.000,54,790.032,1045.665,524.578
165.000,55,758.257,1189.479,517.532
165.000,56,653.505,1403.407,572.397
165.000,57,191.498,1338.290,592.157
165.000,58,405.461,2208.421,523.265
165.000,59,80.774,767.116,106.013
165.000,60,182.160,1027.234,519.615
165.000,61,607.760,1807.034,332.914
165.000,62,842.931,723.431,181.460
165.000,63,364.475,1495.048,477.692
165.000,64,1467.361,1729.783,424.454
165.000,65,383.595,1977.321,328.080
165.000,66,462.823,353.039,149.024
165.000,67,852.832,906.699,168.374
165.000,68,299.527,2517.571,147.385
165.000,69,643.068,915.252,136.299
165.000,70,310.367,720.176,235.113
165.000,71,1027.023,312.968,132.346
165.000,72,417.415,1609.875,139.543
165.000,73,725.192,2337.662,328.495
165.000,74,1469.037,1978.785,483.104
165.000,75,494.812,1690.496,509.123
165.000,76,189.777,198.298,515.077
165.000,77,1036.858,1578.477,223.135
165.000,78,565.828,307.492,171.520
165.000,79,1431.163,2303.188,252.997
165.000,80,864.361,517.584,285.806
165.000,81,503.308,2214.995,107.474
165.000,82,737.214,661.583,439.453
165.000,83,1128.146,181.572,393.540
165.000,84,895.986,1870.367,115.226
165.000,85,573.427,32.231,567.718
170.000,0,1462.246,2522.931,384.690
170.000,1,569.461,2496.776,542.670
170.000,2,886.461,1408.258,305.202
170.000,3,990.482,488.924,118.260
170.000,4,148.008,409.505,494.354
170.000,5,134.489,564.305,534.990
170.000,6,1339.128,2271.200,389.228
170.000,7,1130.526,1431.748,309.952
170.000,8,161.930,916.227,198.213
170.000,9,668.917,307.550,441.605
170.000,10,1444.975,2214.784,217.699
170.000,11,648.823,1512.804,504.463
170.000,12,679.693,2196.441,330.707
170.000,13,336.769,2147.232,410.639
170.000,14,1217.409,1743.208,352.065
170.000,15,84.925,680.495,491.964
170.000,16,179.193,2344.204,183.468
170.000,17,540.275,56.175,183.548
170.000,18,959.553,567.513,233.017
170.000,19,315.416,451.641,537.689
170.000,20,864.185,1525.949,465.623
170.000,21,602.908,1160.190,305.283
170.000,22,1246.010,991.624,339.847
170.000,23,501.413,318.366,367.193
170.000,24,53.681,219.072,487.856
170.000,25,502.059,1343.107,595.236
170.000,26,121.219,1202.953,527.257
170.000,27,102.697,544.417,462.933
170.000,28,203.573,1239.672,496.008
170.000,29,1281.900,12.521,322.223
170.000,30,391.358,2009.224,199.913
170.000,31,38.742,2342.773,331.148
170.000,32,686.451,619.745,354.321
170.000,33,1356.972,160.788,593.492
170.000,34,299.879,1687.755,204.187
170.000,35,386.334,1313.403,453.148
170.000,36,402.114,344.111,292.491
170.000,37,1429.285,426.841,441.081
170.000,38,766.490,1449.532,197.926
170.000,39,1031.482,2144.348,533.839
170.000,40,596.764,2302.541,417.174
170.000,41,1458.492,737.568,320.757
170.000,42,1074.487,1588.947,333.810
170.000,43,602.307,1372.594,410.530
170.000,44,1408.508,940.560,589.674
170.000,45,1045.812,2368.815,358.385
170.000,46,1456.045,1499.962,254.817
170.000,47,377.229,85.931,543.649
170.000,48,954.705,626.463,424.274
170.000,49,107.158,1681.663,355.962
170.000,50,601.572,550.637,578.678
170.000,51,885.616,1917.442,173.320
170.000,52,566.616,1213.893,164.734
170.000,53,115.292,2189.477,330.268
170.000,54,704.178,1060.871,523.594
170.000,55,650.583,1150.479,519.501
170.000,56,620.526,1322.247,575.151
170.000,57,225.226,1440.268,589.634
170.000,58,442.932,2291.485,526.706
170.000,59,102.216,651.175,101.293
170.000,60,150.431,934.274,519.597
170.000,61,724.994,1799.805,335.496
170.000,62,943.904,742.795,182.579
170.000,63,335.366,1595.222,475.588
170.000,64,1402.315,1647.829,429.139
170.000,65,413.662,2066.751,327.744
170.000,66,557.444,277.937,147.014
170.000,67,863.867,815.505,167.937
170.000,68,350.734,2455.796,142.318
170.000,69,742.684,911.364,129.777
170.000,70,246.085,630.389,235.945
170.000,71,1112.840,244.272,129.267
170.000,72,381.061,1476.127,138.700
170.000,73,857.391,2321.810,329.094
170.000,74,1444.932,1983.543,482.653
170.000,75,462.281,1813.580,510.435
170.000,76,206.649,279.546,510.547
170.000,77,1022.074,1491.798,223.255
170.000,78,484.410,312.492,175.359
170.000,79,1474.114,2349.312,251.944
170.000,80,939.214,603.657,283.188
170.000,81,411.635,2265.847,103.510
170.000,82,763.502,762.571,432.876
170.000,83,1013.890,152.842,396.725
170.000,84,986.144,1883.420,113.500
170.000,85,533.735,124.619,568.707
175.000,0,1446.452,2379.804,380.379
175.000,1,537.697,2372.650,534.927
175.000,2,754.075,1456.464,309.315
175.000,3,1020.456,603.988,113.065
175.000,4,250.102,508.925,497.281
175.000,5,21.168,595.054,542.667
175.000,6,1404.557,2165.758,387.273
175.000,7,1247.635,1430.968,310.483
175.000,8,85.576,818.929,202.532
175.000,9,769.329,249.021,441.925
175.000,10,1482.917,2139.298,213.646
175.000,11,753.739,1519.437,503.203
175.000,12,766.797,2118.931,333.232
175.000,13,215.144,2134.673,417.495
175.000,14,1289.633,1796.089,352.902
175.000,15,16.299,583.938,498.103
175.000,16,151.288,2272.816,178.965
175.000,17,416.870,37.069,182.375
175.000,18,995.061,655.154,237.656
175.000,19,316.630,583.822,544.062
175.000,20,952.625,1517.427,468.016
175.000,21,514.510,1068.826,305.104
175.000,22,1385.325,964.894,333.920
175.000,23,419.102,389.293,362.832
175.000,24,8.005,293.707,482.660
175.000,25,411.120,1229.808,586.893
175.000,26,60.460,1334.383,526.215
175.000,27,181.581,573.603,464.781
175.000,28,132.901,1350.606,493.053
175.000,29,1180.700,47.738,318.769
175.000,30,351.325,1875.976,201.949
175.000,31,86.761,2451.040,328.852
175.000,32,663.033,700.520,349.091
175.000,33,1377.631,36.439,596.392
175.000,34,243.087,1810.324,202.018
175.000,35,286.000,1260.724,456.103
175.000,36,313.856,435.186,291.868
175.000,37,1479.145,287.554,440.967
175.000,38,785.402,1340.575,194.644
175.000,39,1090.308,2067.177,532.679
175.000,40,552.295,2376.792,417.659
175.000,41,1413.131,849.085,320.884
175.000,42,1159.704,1598.475,336.586
175.000,43,681.190,1414.918,415.163
175.000,44,1434.601,861.563,593.305
175.000,45,946.200,2312.927,358.024
175.000,46,1487.155,1559.413,252.975
175.000,47,281.339,3.612,542.355
175.000,48,1024.064,693.973,423.967
175.000,49,22.112,1683.701,360.678
175.000,50,554.185,644.831,577.729
175.000,51,921.384,1789.787,169.807
175.000,52,575.389,1339.102,163.133
175.000,53,56.312,2134.962,333.360
175.000,54,621.829,1029.626,523.562
175.000,55,537.960,1139.521,521.506
175.000,56,591.669,1238.554,578.388
175.000,57,279.170,1527.478,586.966
175.000,58,472.650,2375.513,530.897
175.000,59,133.510,537.782,106.107
175.000,60,138.351,834.997,518.123
175.000,61,847.352,1758.797,342.601
175.000,62,1051.723,767.196,182.245
175.000,63,301.987,1694.478,474.073
175.000,64,1363.315,1553.257,430.944
175.000,65,472.682,2140.380,328.170
175.000,66,653.246,207.147,145.045
175.000,67,885.159,730.808,169.093
175.000,68,386.593,2395.927,139.336
175.000,69,846.172,891.433,125.683
175.000,70,174.772,543.494,240.717
175.000,71,1215.196,203.662,127.338
175.000,72,333.451,1341.325,137.714
175.000,73,982.734,2283.292,330.938
175.000,74,1348.530,1996.316,482.403
175.000,75,441.402,1931.305,512.584
175.000,76,211.006,369.978,505.292
175.000,77,1024.565,1401.785,220.858
175.000,78,401.720,312.075,177.019
175.000,79,1365.506,2393.348,249.617
175.000,80,1043.385,659.573,285.194
175.000,81,328.820,2337.256,102.469
175.000,82,823.978,845.578,428.252
175.000,83,907.221,132.394,400.917
175.000,84,1078.196,1888.632,111.714
175.000,85,500.153,224.899,572.106
180.000,0,1460.023,2238.079,369.882
180.000,1,508.039,2253.353,530.799
180.000,2,618.741,1497.599,312.512
180.000,3,1059.498,714.825,108.605
180.000,4,375.047,587.576,498.335
180.000,5,163.165,632.828,546.352
180.000,6,1467.146,2078.815,385.604
180.000,7,1360.287,1444.298,307.724
180.000,8,34.360,713.224,208.716
180.000,9,866.743,193.453,448.193
180.000,10,1424.612,2042.127,208.778
180.000,11,850.907,1492.349,502.173
180.000,12,868.977,2083.821,338.439
180.000,13,88.665,2115.029,420.782
180.000,14,1360.845,1855.318,355.632
180.000,15,46.227,480.829,503.021
180.000,16,120.707,2201.025,176.798
180.000,17,301.112,25.085,178.524
180.000,18,1024.351,741.820,242.805
180.000,19,335.106,708.053,551.103
180.000,20,1037.997,1503.585,472.198
180.000,21,422.790,987.756,304.834
180.000,22,1469.384,977.133,324.425
180.000,23,349.354,463.153,357.945
180.000,24,84.557,359.115,478.198
180.000,25,303.941,1138.431,575.658
180.000,26,17.641,1463.824,520.815
180.000,27,261.584,596.705,468.505
180.000,28,21.647,1434.553,488.033
180.000,29,1087.819,98.914,315.988
180.000,30,292.233,1746.671,202.724
180.000,31,148.791,2516.190,326.663
180.000,32,646.000,773.644,345.201
180.000,33,1381.254,115.344,598.065
180.000,34,210.979,1928.394,198.476
180.000,35,179.582,1239.985,455.626
180.000,36,203.232,507.381,293.147
180.000,37,1498.471,141.857,441.881
180.000,38,779.914,1226.153,189.706
180.000,39,1162.039,1988.857,533.664
180.000,40,491.552,2448.196,417.671
180.000,41,1355.960,951.099,323.110
180.000,42,1234.054,1608.953,339.720
180.000,43,747.010,1455.885,416.575
180.000,44,1467.227,789.976,596.009
180.000,45,860.381,2250.671,361.834
180.000,46,1497.804,1623.973,250.848
180.000,47,203.549,92.592,542.434
180.000,48,1081.994,772.052,420.922
180.000,49,70.638,1695.500,362.406
180.000,50,491.794,717.862,575.713
180.000,51,965.001,1660.849,168.838
180.000,52,567.698,1466.907,165.015
180.000,53,18.310,2083.544,337.061
180.000,54,541.882,1019.269,522.539
180.000,55,431.666,1122.154,525.327
180.000,56,570.164,1149.248,582.634
180.000,57,344.077,1606.571,586.800
180.000,58,504.573,2460.079,536.274
180.000,59,153.741,422.473,110.746
180.000,60,114.632,737.296,518.431
180.000,61,966.033,1721.590,352.508
180.000,62,1154.774,794.797,183.065
180.000,63,266.431,1806.219,474.002
180.000,64,1281.248,1494.924,430.952
180.000,65,499.814,2232.651,331.627
180.000,66,750.075,141.794,144.776
180.000,67,890.442,651.265,169.121
180.000,68,439.284,2345.915,134.926
180.000,69,952.670,893.911,120.688
180.000,70,103.032,460.418,243.767
180.000,71,1306.731,152.122,125.974
180.000,72,238.932,1232.043,138.848
180.000,73,1108.305,2273.070,328.245
180.000,74,1234.135,1991.593,482.583
180.000,75,437.574,2052.100,510.629
180.000,76,195.177,464.774,501.340
180.000,77,1025.272,1311.219,222.403
180.000,78,326.635,299.002,178.376
180.000,79,1241.051,2378.885,248.956
180.000,80,1142.133,718.826,286.682
180.000,81,233.268,2389.402,101.224
180.000,82,875.524,933.592,422.695
180.000,83,794.910,125.876,402.237
180.000,84,1168.737,1898.976,111.052
180.000,85,460.401,323.191,573.113
185.000,0,1469.235,2099.145,363.813
185.000,1,465.293,2132.799,527.263
185.000,2,494.508,1567.920,319.468
185.000,3,1080.902,827.107,107.184
185.000,4,519.216,649.381,498.957
185.000,5,292.510,670.946,550.688
185.000,6,1481.913,1992.043,383.138
185.000,7,1466.293,1460.876,306.209
185.000,8,15.134,605.344,211.182
185.000,9,956.598,118.351,450.571
185.000,10,1364.647,1948.644,203.312
185.000,11,957.806,1494.628,499.718
185.000,12,977.427,2052.376,341.122
185.000,13,29.060,2056.880,425.566
185.000,14,1435.852,1901.709,357.654
185.000,15,122.393,392.334,509.424
185.000,16,86.756,2130.833,176.806
185.000,17,184.513,0.077,177.061
185.000,18,1037.493,834.571,248.309
185.000,19,381.019,828.360,559.061
185.000,20,1120.558,1500.196,476.741
185.000,21,333.056,905.729,306.943
185.000,22,1318.054,951.488,315.368
185.000,23,275.952,536.250,353.550
185.000,24,137.006,441.232,474.269
185.000,25,229.779,1021.842,567.629
185.000,26,69.722,1597.695,520.927
185.000,27,335.478,632.861,472.770
185.000,28,86.146,1540.024,486.069
185.000,29,987.533,142.080,313.577
185.000,30,237.607,1616.485,205.134
185.000,31,214.442,2407.908,326.596
185.000,32,634.177,845.191,342.540
185.000,33,1390.743,241.774,594.301
185.000,34,136.083,2046.335,202.041
185.000,35,68.723,1231.882,458.657
185.000,36,87.769,577.600,295.259
185.000,37,1440.542,4.214,444.147
185.000,38,817.178,1107.520,187.512
185.000,39,1232.596,1915.400,534.024
185.000,40,440.351,2512.594,417.039
185.000,41,1332.219,1069.249,327.997
185.000,42,1309.877,1639.694,344.667
185.000,43,820.719,1502.727,419.783
185.000,44,1486.955,714.798,598.799
185.000,45,765.871,2209.082,364.425
185.000,46,1507.530,1697.618,247.944
185.000,47,150.585,191.501,539.522
185.000,48,1140.248,853.533,418.237
185.000,49,146.548,1706.635,363.329
185.000,50,454.367,811.012,575.547
185.000,51,1008.786,1536.366,165.775
185.000,52,564.308,1595.110,168.601
185.000,53,72.602,2029.094,338.562
185.000,54,472.624,1010.410,522.458
185.000,55,321.987,1093.598,526.518
185.000,56,538.921,1068.265,586.840
185.000,57,403.892,1696.808,584.166
185.000,58,544.034,2527.997,541.395
185.000,59,181.337,314.002,118.285
185.000,60,96.066,647.563,520.081
185.000,61,1073.051,1666.616,356.125
185.000,62,1267.953,812.015,183.393
185.000,63,209.375,1895.106,474.255
185.000,64,1204.683,1441.935,431.770
185.000,65,556.382,2320.574,333.889
185.000,66,819.363,49.448,142.282
185.000,67,914.577,568.519,168.590
185.000,68,488.266,2288.986,131.302
185.000,69,1052.849,887.335,117.045
185.000,70,21.027,384.611,246.022
185.000,71,1389.567,75.563,127.179
185.000,72,166.436,1119.167,139.063
185.000,73,1238.333,2284.849,328.910
185.000,74,1123.766,2017.556,480.176
185.000,75,450.653,2166.613,509.538
185.000,76,203.773,552.324,495.127
185.000,77,1005.728,1229.554,222.088
185.000,78,241.663,285.391,179.935
185.000,79,1130.057,2391.891,247.594
185.000,80,1208.264,817.914,287.243
185.000,81,145.600,2444.047,104.319
185.000,82,953.997,998.244,414.715
185.000,83,682.955,99.512,401.845
185.000,84,1257.206,1891.698,110.983
185.000,85,437.941,429.876,571.405
190.000,0,1462.963,1955.002,361.117
190.000,1,457.047,2007.365,523.657
190.000,2,370.023,1633.794,325.196
190.000,3,1106.151,940.399,105.482
190.000,4,647.431,724.177,497.128
190.000,5,431.941,683.089,555.746
190.000,6,1415.705,1902.894,377.777
190.000,7,1443.745,1440.454,305.926
190.000,8,45.796,490.996,211.742
190.000,9,1069.228,70.314,453.498
190.000,10,1286.018,1871.079,199.871
190.000,11,1055.538,1494.647,498.372
190.000,12,1068.118,1985.577,343.597
190.000,13,151.858,2034.275,433.950
190.000,14,1494.192,1960.249,358.359
190.000,15,207.042,307.576,514.698
190.000,16,54.443,2057.856,174.481
190.000,17,68.016,39.650,176.051
190.000,18,1059.231,925.909,252.550
190.000,19,413.902,952.736,563.804
190.000,20,1201.724,1506.621,480.361
190.000,21,228.768,827.824,309.367
190.000,22,1180.587,916.044,306.840
190.000,23,182.555,586.592,348.547
190.000,24,221.341,495.780,468.047
190.000,25,166.659,893.215,557.144
190.000,26,127.745,1729.253,518.559
190.000,27,410.727,665.219,476.946
190.000,28,176.051,1649.445,480.199
190.000,29,889.444,190.246,312.965
190.000,30,138.054,1510.437,203.808
190.000,31,286.353,2304.097,328.248
190.000,32,604.453,912.250,339.695
190.000,33,1380.142,368.231,587.889
190.000,34,40.713,2152.755,200.002
190.000,35,66.124,1222.810,460.940
190.000,36,30.629,645.706,296.395
190.000,37,1400.515,147.798,444.870
190.000,38,857.424,996.502,183.464
190.000,39,1297.247,1850.396,538.920
190.000,40,382.771,2495.711,416.210
190.000,41,1325.903,1181.438,330.202
190.000,42,1390.871,1659.532,347.314
190.000,43,872.040,1569.856,419.924
190.000,44,1502.636,648.390,599.616
190.000,45,678.034,2159.216,367.215
190.000,46,1509.349,1773.061,245.501
190.000,47,87.653,283.089,539.708
190.000,48,1216.776,916.341,417.302
190.000,49,217.054,1725.559,365.240
190.000,50,395.984,895.550,576.234
190.000,51,1064.258,1403.706,164.757
190.000,52,549.553,1717.166,168.717
190.000,53,131.035,1973.669,342.187
190.000,54,398.509,995.231,521.703
190.000,55,215.452,1066.475,524.003
190.000,56,508.068,983.160,588.231
190.000,57,466.889,1778.632,581.344
190.000,58,571.469,2439.314,546.540
190.000,59,221.154,207.852,125.822
190.000,60,63.796,568.351,522.456
190.000,61,1186.036,1655.065,360.844
190.000,62,1377.462,843.689,179.764
190.000,63,162.061,1989.146,476.200
190.000,64,1142.529,1368.627,436.620
190.000,65,580.545,2410.423,336.732
190.000,66,915.017,33.121,139.979
190.000,67,910.967,478.593,167.940
190.000,68,515.656,2223.870,126.475
190.000,69,1160.153,891.328,109.118
190.000,70,74.444,307.217,245.864
190.000,71,1477.474,13.896,124.655
190.000,72,77.154,1003.569,138.473
190.000,73,1361.371,2268.810,330.259
190.000,74,1021.016,2040.954,480.020
190.000,75,450.375,2293.840,510.204
190.000,76,232.149,639.344,491.745
190.000,77,980.235,1156.957,223.806
190.000,78,165.092,277.469,180.451
190.000,79,1018.476,2409.836,246.936
190.000,80,1265.923,921.206,283.897
190.000,81,67.431,2523.218,108.927
190.000,82,1020.588,1075.400,411.224
190.000,83,566.256,70.904,406.425
190.000,84,1339.910,1908.373,110.193
190.000,85,386.707,526.550,570.877
195.000,0,1471.613,1819.875,356.131
195.000,1,435.219,1877.015,516.502
195.000,2,237.354,1674.211,334.301
195.000,3,1107.904,1057.087,104.722
195.000,4,758.448,813.412,498.275
195.000,5,572.551,671.239,556.064
195.000,6,1369.737,1801.587,374.642
195.000,7,1331.532,1446.757,307.817
195.000,8,82.228,387.755,214.087
195.000,9,1175.128,10.807,456.849
195.000,10,1200.368,1789.372,194.275
195.000,11,1163.416,1497.952,494.352
195.000,12,1152.491,1906.802,343.495
195.000,13,278.168,2025.547,438.554
195.000,14,1463.687,2008.537,361.489
195.000,15,251.420,196.248,521.530
195.000,16,15.816,1988.586,172.202
195.000,17,65.650,82.081,175.506
195.000,18,1088.009,1018.311,256.902
195.000,19,423.316,1091.469,568.418
195.000,20,1284.602,1507.941,480.628
195.000,21,130.774,754.760,313.085
195.000,22,1030.796,893.469,301.368
195.000,23,105.501,659.255,344.063
195.000,24,293.138,559.514,463.797
195.000,25,78.151,787.746,555.339
195.000,26,222.237,1851.311,514.306
195.000,27,478.148,712.737,480.753
195.000,28,277.228,1730.597,472.815
195.000,29,785.831,225.476,313.200
195.000,30,55.750,1400.558,201.664
195.000,31,358.452,2199.426,330.269
195.000,32,585.415,991.962,338.175
195.000,33,1358.594,497.712,582.401
195.000,34,20.892,2267.165,197.024
195.000,35,178.144,1224.334,458.959
195.000,36,140.661,685.828,295.631
195.000,37,1353.590,287.951,446.375
195.000,38,870.482,886.030,178.961
195.000,39,1346.565,1762.080,540.288
195.000,40,334.227,2430.471,416.138
195.000,41,1299.732,1290.462,333.804
195.000,42,1467.857,1683.048,351.732
195.000,43,931.987,1632.554,421.435
195.000,44,1472.120,567.260,599.223
195.000,45,578.821,2114.341,369.528
195.000,46,1495.328,1848.900,243.484
195.000,47,6.715,366.711,540.796
195.000,48,1259.400,1000.756,416.320
195.000,49,297.515,1727.944,367.343
195.000,50,351.156,990.845,576.525
195.000,51,1129.500,1282.216,161.600
195.000,52,489.270,1820.904,169.446
195.000,53,171.754,1908.165,346.214
195.000,54,324.289,983.196,521.682
195.000,55,110.282,1051.112,523.174
195.000,56,474.385,905.673,590.809
195.000,57,535.767,1864.451,579.054
195.000,58,609.134,2350.726,549.890
195.000,59,232.452,91.957,133.245
195.000,60,31.041,488.134,520.858
195.000,61,1301.665,1626.958,362.458
195.000,62,1481.943,857.730,177.028
195.000,63,82.783,2069.896,476.438
195.000,64,1074.824,1293.496,441.437
195.000,65,597.256,2495.164,338.852
195.000,66,1021.299,93.693,137.214
195.000,67,916.242,388.982,170.109
195.000,68,575.598,2171.778,123.429
195.000,69,1256.479,868.275,102.333
195.000,70,172.780,257.780,246.664
195.000,71,1434.826,48.433,125.504
195.000,72,11.416,896.760,135.932
195.000,73,1495.920,2265.114,328.777
195.000,74,907.097,2020.638,479.354
195.000,75,446.285,2417.577,510.277
195.000,76,245.390,735.499,487.554
195.000,77,996.343,1067.966,224.011
195.000,78,90.431,250.451,179.697
195.000,79,900.516,2426.168,244.195
195.000,80,1359.960,978.745,280.738
195.000,81,30.450,2495.463,114.189
195.000,82,1057.863,1174.444,407.015
195.000,83,453.309,72.658,409.706
195.000,84,1419.839,1912.256,110.756
195.000,85,351.736,625.899,570.989
200.000,0,1491.202,1677.361,350.461
200.000,1,404.568,1748.102,511.116
200.000,2,123.700,1743.574,340.823
200.000,3,1156.199,1171.329,102.578
200.000,4,879.762,895.024,501.268
200.000,5,707.563,684.059,563.049
200.000,6,1298.294,1714.971,373.389
200.000,7,1213.264,1430.100,307.728
200.000,8,113.390,279.544,218.993
200.000,9,1269.254,64.235,464.588
200.000,10,1111.842,1719.231,189.290
200.000,11,1261.047,1477.005,487.662
200.000,12,1253.298,1851.385,345.113
200.000,13,393.716,2016.169,443.317
200.000,14,1386.282,2048.070,365.351
200.000,15,326.418,115.299,526.502
200.000,16,19.346,1921.070,170.846
200.000,17,173.033,157.738,176.166
200.000,18,1100.913,1111.429,261.215
200.000,19,464.152,1216.400,577.065
200.000,20,1371.319,1508.907,482.764
200.000,21,51.204,653.197,315.609
200.000,22,887.912,882.892,291.292
200.000,23,16.198,722.608,338.749
200.000,24,346.565,645.463,455.589
200.000,25,5.256,668.176,554.234
200.000,26,286.856,1977.060,513.420
200.000,27,561.028,746.830,483.296
200.000,28,387.565,1816.159,466.310
200.000,29,688.747,277.822,311.180
200.000,30,11.977,1274.661,201.784
200.000,31,434.169,2117.499,330.026
200.000,32,557.315,1068.809,336.271
200.000,33,1354.447,622.413,574.853
200.000,34,66.495,2387.428,196.880
200.000,35,297.134,1213.833,459.009
200.000,36,256.367,737.590,293.938
200.000,37,1350.898,433.326,450.875
200.000,38,875.584,771.078,171.981
200.000,39,1398.672,1680.703,542.651
200.000,40,289.498,2356.053,415.216
200.000,41,1287.261,1406.613,337.169
200.000,42,1477.388,1710.809,355.901
200.000,43,1003.065,1679.572,423.443
200.000,44,1430.904,492.252,596.943
200.000,45,487.765,2056.109,371.224
200.000,46,1468.132,1917.587,242.906
200.000,47,97.951,443.524,541.969
200.000,48,1331.602,1068.759,414.323
200.000,49,376.845,1733.366,370.361
200.000,50,303.117,1068.926,577.918
200.000,51,1166.686,1156.850,157.883
200.000,52,455.220,1938.144,170.460
200.000,53,229.184,1855.219,349.510
200.000,54,246.208,989.190,520.535
200.000,55,19.332,1079.547,523.734
200.000,56,435.936,823.226,593.622
200.000,57,600.528,1962.619,572.657
200.000,58,637.981,2262.046,552.039
200.000,59,252.432,45.304,141.417
200.000,60,15.483,392.725,522.062
200.000,61,1412.279,1580.471,365.410
200.000,62,1423.854,897.868,175.442
200.000,63,5.740,2141.462,474.664
200.000,64,1000.955,1228.662,444.163
200.000,65,607.892,2477.061,342.668
200.000,66,1103.229,183.523,134.910
200.000,67,930.753,306.792,172.850
200.000,68,633.341,2119.411,118.481
200.000,69,1353.165,854.889,105.041
200.000,70,251.378,186.769,251.860
200.000,71,1341.912,109.951,121.942
200.000,72,67.559,769.171,132.684
200.000,73,1391.777,2245.898,329.377
200.000,74,787.997,2014.952,479.005
200.000,75,431.413,2520.680,511.860
200.000,76,263.795,826.889,482.302
200.000,77,1001.101,981.487,223.552
200.000,78,8.044,223.558,181.238
200.000,79,790.004,2451.328,243.101
200.000,80,1472.218,1023.910,276.318
200.000,81,125.131,2450.036,116.520
200.000,82,1121.940,1260.308,403.078
200.000,83,343.137,60.932,412.380
200.000,84,1500.527,1925.203,111.494
200.000,85,328.217,717.217,571.773
205.000,0,1506.778,1537.605,345.432
205.000,1,393.268,1622.141,508.339
205.000,2,15.422,1821.618,344.196
205.000,3,1173.031,1288.627,101.670
205.000,4,1000.796,979.771,504.531
205.000,5,840.274,717.064,568.692
205.000,6,1238.208,1619.749,372.733
205.000,7,1112.516,1480.758,306.746
205.000,8,160.534,178.182,221.369
205.000,9,1355.662,122.608,468.418
205.000,10,1031.064,1638.320,182.166
205.000,11,1358.668,1492.767,484.897
205.000,12,1336.672,1753.335,344.739
205.000,13,500.099,1959.320,452.001
205.000,14,1311.721,2100.810,368.679
205.000,15,418.868,44.179,529.503
205.000,16,42.368,1845.286,168.138
205.000,17,287.608,203.624,178.351
205.000,18,1116.972,1205.505,266.532
205.000,19,517.216,1344.156,582.110
205.000,20,1456.446,1506.855,486.992
205.000,21,54.274,563.051,316.671
205.000,22,740.089,883.826,285.133
205.000,23,67.058,800.094,335.443
205.000,24,407.071,721.651,450.959
205.000,25,81.623,570.413,547.645
205.000,26,361.611,2103.433,514.478
205.000,27,637.092,784.174,484.684
205.000,28,475.920,1913.906,461.694
205.000,29,589.213,313.801,308.908
205.000,30,96.258,1169.686,202.757
205.000,31,475.913,2005.849,329.932
205.000,32,526.383,1137.381,335.896
205.000,33,1361.033,751.362,566.880
205.000,34,119.948,2505.275,197.145
205.000,35,411.278,1196.352,460.707
205.000,36,365.328,812.595,294.441
205.000,37,1313.853,575.117,448.948
205.000,38,852.801,651.632,166.681
205.000,39,1457.533,1596.910,543.549
205.000,40,247.198,2279.145,412.798
205.000,41,1278.839,1519.862,339.225
205.000,42,1386.526,1731.491,359.775
205.000,43,1074.452,1729.129,425.824
205.000,44,1416.818,417.871,594.268
205.000,45,395.276,2008.288,373.053
205.000,46,1469.940,1992.266,241.987
205.000,47,184.817,522.478,543.220
205.000,48,1423.707,1114.780,413.469
205.000,49,452.770,1733.221,373.244
205.000,50,230.184,1137.714,578.474
205.000,51,1230.131,1037.388,156.622
205.000,52,444.011,2058.622,172.516
205.000,53,296.256,1808.980,352.697
205.000,54,173.356,997.602,519.014
205.000,55,137.237,1081.147,525.427
205.000,56,391.066,745.945,597.403
205.000,57,667.722,2048.399,565.934
205.000,58,670.751,2168.436,557.458
205.000,59,282.820,159.503,145.631
205.000,60,8.775,305.995,525.153
205.000,61,1480.050,1539.349,372.872
205.000,62,1321.270,903.843,172.913
205.000,63,37.927,2244.180,474.043
205.000,64,925.233,1160.446,446.179
205.000,65,633.421,2387.741,346.781
205.000,66,1200.925,268.374,136.031
205.000,67,949.572,232.477,175.885
205.000,68,684.236,2072.529,114.308
205.000,69,1444.766,868.265,109.863
205.000,70,328.994,119.756,255.089
205.000,71,1235.278,136.225,119.029
205.000,72,99.926,636.990,130.376
205.000,73,1269.757,2227.609,330.284
205.000,74,676.686,2030.537,477.086
205.000,75,418.479,2394.930,514.167
205.000,76,266.221,921.479,476.704
205.000,77,984.449,892.727,222.487
205.000,78,63.380,199.894,183.128
205.000,79,673.902,2481.994,243.400
205.000,80,1443.880,1091.146,274.869
205.000,81,192.547,2373.100,120.263
205.000,82,1154.435,1365.366,400.625
205.000,83,236.441,31.606,418.255
205.000,84,1429.434,1921.706,110.637
205.000,85,305.509,817.282,572.282
210.000,0,1504.022,1406.456,343.515
210.000,1,416.200,1494.948,505.974
210.000,2,116.271,1895.772,349.992
210.000,3,1210.910,1392.108,102.284
210.000,4,1108.848,1082.842,507.996
210.000,5,973.699,749.664,573.558
210.000,6,1153.243,1537.421,372.182
210.000,7,1004.798,1511.044,302.905
210.000,8,174.572,54.041,222.548
210.000,9,1436.572,209.782,472.571
210.000,10,971.169,1548.374,177.421
210.000,11,1451.322,1519.210,481.578
210.000,12,1418.544,1659.827,344.223
210.000,13,599.808,1888.052,458.607
210.000,14,1234.892,2149.755,373.385
210.000,15,493.294,54.959,535.303
210.000,16,82.802,1784.227,165.195
210.000,17,412.066,216.242,175.724
210.000,18,1140.995,1291.756,270.720
210.000,19,521.437,1477.604,588.195
210.000,20,1489.717,1489.351,489.531
210.000,21,125.252,458.164,317.004
210.000,22,594.890,878.150,277.259
210.000,23,148.043,872.360,333.975
210.000,24,470.206,803.435,448.140
210.000,25,162.164,460.370,544.394
210.000,26,450.228,2223.253,516.278
210.000,27,713.652,824.704,487.242
210.000,28,565.613,2005.634,455.104
210.000,29,471.821,342.853,308.983
210.000,30,177.468,1058.021,204.030
210.000,31,530.241,1895.263,329.102
210.000,32,484.894,1202.299,331.781
210.000,33,1360.550,882.440,562.674
210.000,34,193.872,2439.178,196.737
210.000,35,518.925,1190.105,462.223
210.000,36,460.156,900.482,295.989
210.000,37,1261.191,713.304,453.947
210.000,38,862.179,533.444,162.252
210.000,39,1511.885,1514.130,543.699
210.000,40,192.356,2212.255,411.737
210.000,41,1296.774,1636.371,338.971
210.000,42,1297.335,1765.710,363.370
210.000,43,1145.575,1782.484,427.452
210.000,44,1388.681,339.464,595.043
210.000,45,315.405,1935.193,372.731
210.000,46,1454.676,2066.516,239.881
210.000,47,263.050,613.213,543.150
210.000,48,1504.896,1174.152,411.804
210.000,49,538.688,1750.638,378.659
210.000,50,144.367,1183.211,576.389
210.000,51,1294.879,906.920,152.858
210.000,52,426.187,2174.184,175.606
210.000,53,357.137,1766.801,354.723
210.000,54,101.164,1005.873,518.815
210.000,55,244.085,1092.336,525.484
210.000,56,334.280,672.593,599.062
210.000,57,719.692,2129.717,565.417
210.000,58,704.596,2080.973,559.693
210.000,59,315.457,269.105,150.954
210.000,60,25.784,218.592,524.812
210.000,61,1355.735,1514.859,379.356
210.000,62,1223.785,886.726,171.054
210.000,63,91.987,2330.407,473.855
210.000,64,851.421,1096.564,450.199
210.000,65,654.417,2291.693,348.176
210.000,66,1293.820,357.623,138.858
210.000,67,960.887,151.095,176.549
210.000,68,737.573,2025.656,111.804
210.000,69,1479.326,895.012,114.535
210.000,70,410.901,37.716,260.691
210.000,71,1144.685,203.952,114.778
210.000,72,139.510,501.075,125.217
210.000,73,1137.371,2208.087,330.172
210.000,74,563.153,2045.035,477.207
210.000,75,423.090,2271.851,515.644
210.000,76,265.287,1006.923,474.685
210.000,77,968.259,804.381,220.892
210.000,78,134.331,169.565,184.088
210.000,79,565.245,2499.953,239.810
210.000,80,1384.488,1187.945,273.050
210.000,81,284.063,2316.813,123.280
210.000,82,1178.505,1468.114,398.975
210.000,83,114.729,38.505,425.573
210.000,84,1341.259,1927.630,111.036
210.000,85,290.724,914.383,572.880
215.000,0,1507.591,1270.426,339.576
215.000,1,458.546,1375.234,499.540
215.000,2,228.911,1968.229,353.258
215.000,3,1230.562,1503.361,107.471
215.000,4,1212.258,1182.683,508.506
215.000,5,1106.674,755.956,576.027
215.000,6,1081.833,1449.284,372.398
215.000,7,903.210,1534.010,304.749
215.000,8,211.211,67.963,226.376
215.000,9,1460.677,273.472,475.743
215.000,10,898.474,1469.179,170.843
215.000,11,1480.447,1535.947,479.480
215.000,12,1500.156,1595.717,344.836
215.000,13,720.150,1882.727,463.976
215.000,14,1167.787,2206.897,379.571
215.000,15,567.630,130.823,541.154
215.000,16,132.360,1713.009,160.125
215.000,17,532.023,241.021,176.330
215.000,18,1156.697,1379.612,275.679
215.000,19,563.197,1605.384,591.761
215.000,20,1409.374,1482.124,492.554
215.000,21,196.628,357.214,321.032
215.000,22,453.601,863.171,271.292
215.000,23,229.587,950.373,328.474
215.000,24,537.945,870.726,440.776
215.000,25,259.253,358.544,538.823
215.000,26,564.884,2311.514,517.915
215.000,27,801.095,842.993,489.878
215.000,28,680.966,2073.623,454.789
215.000,29,356.837,377.384,303.944
215.000,30,244.300,939.235,207.749
215.000,31,593.748,1792.374,333.069
215.000,32,437.890,1267.255,331.225
215.000,33,1362.772,1012.494,560.428
215.000,34,274.697,2336.023,193.054
215.000,35,616.403,1215.625,464.513
215.000,36,550.847,990.394,297.935
215.000,37,1203.929,852.184,455.356
215.000,38,864.338,418.715,156.371
215.000,39,1456.418,1428.307,546.946
215.000,40,130.525,2146.229,412.097
215.000,41,1284.444,1753.712,342.500
215.000,42,1214.720,1795.417,366.855
215.000,43,1229.615,1825.235,431.280
215.000,44,1354.979,268.828,593.220
215.000,45,215.138,1891.601,371.765
215.000,46,1443.623,2147.145,238.203
215.000,47,357.977,678.009,543.314
215.000,48,1449.996,1247.554,407.932
215.000,49,623.821,1755.625,382.293
215.000,50,85.372,1255.643,578.641
215.000,51,1361.865,771.194,153.639
215.000,52,455.545,2295.733,176.587
215.000,53,422.386,1727.533,359.219
215.000,54,34.808,986.604,518.099
215.000,55,354.347,1097.152,528.199
215.000,56,294.794,598.844,599.343
215.000,57,770.155,2219.888,564.890
215.000,58,734.836,1992.640,563.881
215.000,59,342.828,389.907,156.994
215.000,60,37.422,128.552,524.832
215.000,61,1233.856,1487.145,387.650
215.000,62,1120.287,866.100,172.136
215.000,63,127.273,2422.197,472.729
215.000,64,784.692,1027.329,452.057
215.000,65,694.084,2203.288,350.082
215.000,66,1359.109,463.328,136.316
215.000,67,979.919,62.442,177.415
215.000,68,774.845,1967.176,107.828
215.000,69,1379.401,878.158,120.796
215.000,70,485.856,42.165,264.877
215.000,71,1067.780,283.066,114.571
215.000,72,215.416,380.517,123.970
215.000,73,1011.938,2164.214,329.553
215.000,74,457.698,2044.269,476.623
215.000,75,471.339,2160.206,516.832
215.000,76,270.710,1097.250,473.877
215.000,77,976.463,724.828,220.882
215.000,78,204.031,146.472,185.309
215.000,79,447.459,2517.822,234.588
215.000,80,1291.640,1266.432,269.706
215.000,81,370.151,2250.724,127.613
215.000,82,1235.472,1548.490,397.017
215.000,83,8.971,31.615,431.354
215.000,84,1252.007,1945.005,109.987
215.000,85,256.986,1008.042,573.439
220.000,0,1506.568,1130.824,336.505
220.000,1,462.258,1247.100,491.588
220.000,2,345.628,2042.521,356.147
220.000,3,1270.190,1621.093,109.908
220.000,4,1312.788,1279.695,511.519
220.000,5,1253.370,775.614,579.543
220.000,6,1016.350,1357.602,371.194
220.000,7,792.055,1560.462,306.987
220.000,8,234.224,187.128,227.780
220.000,9,1363.864,345.500,475.090
220.000,10,817.574,1393.282,167.565
220.000,11,1387.629,1555.537,476.247
220.000,12,1408.671,1525.318,346.426
220.000,13,833.193,1866.205,472.581
220.000,14,1098.539,2259.611,382.677
220.000,15,627.781,231.505,544.843
220.000,16,157.089,1637.994,154.603
220.000,17,641.709,282.851,174.088
220.000,18,1178.891,1464.118,278.857
220.000,19,601.017,1734.992,595.745
220.000,20,1326.928,1481.992,494.809
220.000,21,278.818,266.801,323.571
220.000,22,317.165,834.693,265.309
220.000,23,304.815,1021.424,326.411
220.000,24,577.465,956.458,433.954
220.000,25,324.493,233.624,531.227
220.000,26,657.652,2419.245,515.669
220.000,27,897.278,850.744,495.269
220.000,28,780.057,2157.814,452.333
220.000,29,260.745,429.530,301.041
220.000,30,304.139,816.698,212.368
220.000,31,668.982,1706.639,333.152
220.000,32,422.021,1350.457,330.404
220.000,33,1358.618,1146.154,559.421
220.000,34,361.685,2227.893,192.437
220.000,35,719.354,1215.536,468.294
220.000,36,663.056,1053.710,299.318
220.000,37,1184.033,993.473,455.713
220.000,38,863.288,298.273,151.156
220.000,39,1384.557,1348.180,548.533
220.000,40,73.677,2079.651,413.482
220.000,41,1277.350,1873.018,345.739
220.000,42,1143.866,1827.240,371.648
220.000,43,1306.840,1863.075,433.532
220.000,44,1312.096,205.743,590.653
220.000,45,114.723,1850.461,371.972
220.000,46,1412.344,2217.958,237.820
220.000,47,435.839,760.393,544.236
220.000,48,1392.638,1309.063,405.469
220.000,49,709.508,1751.104,385.500
220.000,50,22.157,1329.215,580.322
220.000,51,1403.547,632.880,153.203
220.000,52,463.730,2418.894,179.548
220.000,53,477.997,1681.681,362.260
220.000,54,45.419,980.653,517.509
220.000,55,466.864,1103.224,528.637
220.000,56,243.291,527.647,597.615
220.000,57,824.861,2310.382,560.902
220.000,58,769.996,1912.331,568.043
220.000,59,394.069,497.447,161.704
220.000,60,68.726,40.765,527.294
220.000,61,1113.524,1461.487,390.174
220.000,62,1012.005,880.847,174.020
220.000,63,163.969,2517.062,469.841
220.000,64,712.550,956.888,455.399
220.000,65,722.493,2114.623,350.472
220.000,66,1403.968,562.283,134.428
220.000,67,1015.453,17.236,179.453
220.000,68,821.464,1905.973,101.110
220.000,69,1274.577,880.387,125.097
220.000,70,574.018,114.241,267.008
220.000,71,967.596,333.715,111.931
220.000,72,278.760,256.002,120.464
220.000,73,897.244,2098.741,330.401
220.000,74,351.319,2051.483,473.977
220.000,75,487.679,2036.892,521.242
220.000,76,292.225,1188.573,472.496
220.000,77,989.372,646.401,220.100
220.000,78,271.758,113.764,186.680
220.000,79,334.037,2533.945,230.453
220.000,80,1197.748,1345.955,270.026
220.000,81,429.148,2175.320,131.718
220.000,82,1298.663,1633.053,396.221
220.000,83,113.931,1.407,437.062
220.000,84,1160.251,1940.079,110.858
220.000,85,220.152,1107.107,571.749
225.000,0,1503.196,985.134,334.680
225.000,1,438.206,1118.522,480.445
225.000,2,472.740,2114.333,363.144
225.000,3,1298.235,1737.478,111.333
225.000,4,1433.236,1373.949,515.863
225.000,5,1395.104,808.173,580.535
225.000,6,953.148,1268.276,370.218
225.000,7,681.714,1568.827,307.898
225.000,8,264.807,293.087,227.201
225.000,9,1266.841,417.736,478.204
225.000,10,738.424,1317.285,160.303
225.000,11,1295.684,1533.738,473.683
225.000,12,1311.251,1457.713,348.729
225.000,13,953.883,1856.551,481.136
225.000,14,1054.792,2328.629,383.695
225.000,15,716.169,313.603,548.124
225.000,16,188.691,1570.483,151.995
225.000,17,747.284,343.752,173.975
225.000,18,1189.307,1558.140,284.883
225.000,19,651.615,1855.975,599.367
225.000,20,1239.621,1474.438,499.617
225.000,21,366.670,190.764,322.729
225.000,22,180.231,804.243,257.551
225.000,23,370.297,1098.956,324.332
225.000,24,659.167,1005.688,427.590
225.000,25,396.790,124.364,526.495
225.000,26,735.725,2530.906,512.335
225.000,27,990.957,864.185,500.539
225.000,28,890.680,2222.489,450.683
225.000,29,150.124,462.134,300.775
225.000,30,373.574,698.719,216.559
225.000,31,742.706,1606.395,329.963
225.000,32,397.370,1423.647,327.862
225.000,33,1363.592,1275.434,559.453
225.000,34,433.608,2113.117,189.894
225.000,35,823.309,1200.391,472.479
225.000,36,780.976,1117.188,302.147
225.000,37,1197.324,1133.760,457.271
225.000,38,897.635,184.888,145.324
225.000,39,1321.243,1270.691,548.070
225.000,40,43.702,2000.423,414.143
225.000,41,1254.458,1987.321,347.116
225.000,42,1061.501,1831.841,374.882
225.000,43,1377.599,1919.108,438.083
225.000,44,1276.399,134.638,590.636
225.000,45,7.194,1834.612,373.477
225.000,46,1401.867,2287.327,237.068
225.000,47,522.996,841.441,541.968
225.000,48,1346.265,1390.966,402.521
225.000,49,788.442,1761.650,388.589
225.000,50,21.496,1432.827,581.900
225.000,51,1424.044,494.648,147.432
225.000,52,463.687,2534.755,182.936
225.000,53,543.982,1630.589,364.047
225.000,54,118.155,973.842,514.732
225.000,55,577.326,1108.301,528.863
225.000,56,208.545,455.955,595.825
225.000,57,867.769,2403.502,556.842
225.000,58,784.704,1821.397,572.499
225.000,59,446.596,597.383,168.467
225.000,60,103.724,43.109,526.847
225.000,61,988.746,1442.948,392.839
225.000,62,908.142,901.188,171.721
225.000,63,218.231,2461.066,467.532
225.000,64,660.298,874.940,459.065
225.000,65,745.311,2022.409,352.017
225.000,66,1475.271,647.599,136.263
225.000,67,1039.882,99.847,181.619
225.000,68,880.187,1845.079,102.700
225.000,69,1174.755,893.307,129.425
225.000,70,653.284,194.325,270.151
225.000,71,883.503,412.196,113.067
225.000,72,342.402,130.766,117.892
225.000,73,770.484,2049.932,334.467
225.000,74,248.554,2052.737,471.378
225.000,75,483.785,1915.144,523.773
225.000,76,290.062,1284.931,466.817
225.000,77,968.329,559.227,219.989
225.000,78,345.107,108.556,188.473
225.000,79,220.169,2507.245,229.436
225.000,80,1102.096,1425.079,269.620
225.000,81,525.065,2117.716,137.869
225.000,82,1327.366,1726.991,395.688
225.000,83,219.240,30.846,442.123
225.000,84,1064.682,1957.559,110.898
225.000,85,191.302,1207.583,573.283
230.000,0,1474.504,851.245,328.860
230.000,1,432.100,993.368,474.922
230.000,2,598.137,2190.650,370.007
230.000,3,1302.346,1853.856,112.788
230.000,4,1471.638,1466.046,519.779
230.000,5,1479.102,817.172,583.144
230.000,6,884.666,1179.714,370.003
230.000,7,564.900,1595.850,307.534
230.000,8,322.328,387.971,224.751
230.000,9,1163.991,473.291,479.998
230.000,10,690.560,1217.454,155.485
230.000,11,1197.193,1538.698,471.045
230.000,12,1204.968,1409.983,351.361
230.000,13,1069.792,1830.309,487.782
230.000,14,993.223,2386.124,385.492
230.000,15,808.655,382.613,552.321
230.000,16,213.612,1494.311,150.692
230.000,17,871.800,395.537,173.676
230.000,18,1223.925,1641.981,290.625
230.000,19,686.068,1986.084,594.683
230.000,20,1162.114,1448.790,504.023
230.000,21,433.994,85.676,323.003
230.000,22,36.533,817.922,250.709
230.000,23,427.630,1190.228,319.967
230.000,24,744.082,1060.534,423.070
230.000,25,469.499,7.739,519.800
230.000,26,839.556,2432.339,509.240
230.000,27,1071.433,896.659,504.256
230.000,28,1007.138,2287.205,446.936
230.000,29,39.233,488.506,301.577
230.000,30,456.298,579.036,217.409
230.000,31,804.687,1505.268,331.104
230.000,32,355.426,1484.690,324.743
230.000,33,1368.773,1414.225,555.871
230.000,34,490.995,1992.705,184.400
230.000,35,931.444,1216.613,476.162
230.000,36,855.563,1214.581,305.470
230.000,37,1165.541,1265.785,454.047
230.000,38,914.677,60.659,140.488
230.000,39,1244.596,1205.522,545.439
230.000,40,12.181,1929.572,415.379
230.000,41,1210.194,2093.531,349.692
230.000,42,974.784,1854.374,379.791
230.000,43,1446.165,1975.100,441.078
230.000,44,1238.001,58.073,588.822
230.000,45,105.196,1781.688,371.828
230.000,46,1389.403,2369.707,233.372
230.000,47,588.849,941.281,541.432
230.000,48,1268.143,1462.009,399.633
230.000,49,872.384,1768.824,390.370
230.000,50,47.205,1537.315,579.269
230.000,51,1454.677,362.791,142.614
230.000,52,443.735,2411.942,183.632
230.000,53,601.223,1566.491,367.620
230.000,54,191.234,961.407,513.540
230.000,55,689.208,1084.977,528.142
230.000,56,177.331,377.857,592.928
230.000,57,919.861,2489.415,554.325
230.000,58,806.223,1733.480,576.312
230.000,59,478.077,707.457,173.671
230.000,60,132.430,120.084,526.381
230.000,61,874.756,1477.858,397.307
230.000,62,807.016,901.045,172.149
230.000,63,269.204,2377.585,464.451
230.000,64,583.034,811.163,461.202
230.000,65,792.848,1944.270,355.313
230.000,66,1433.461,698.088,134.084
230.000,67,1060.147,181.519,184.584
230.000,68,934.425,1796.840,107.252
230.000,69,1067.501,891.703,134.750
230.000,70,737.473,263.149,273.241
230.000,71,791.385,479.653,108.576
230.000,72,421.537,17.713,116.803
230.000,73,639.138,2035.269,336.798
230.000,74,150.823,2077.959,473.390
230.000,75,484.417,1795.859,523.566
230.000,76,295.949,1383.507,463.215
230.000,77,944.733,468.629,218.296
230.000,78,410.110,98.243,189.639
230.000,79,106.327,2495.628,231.113
230.000,80,1013.905,1499.759,269.685
230.000,81,625.703,2063.207,142.005
230.000,82,1367.982,1818.364,394.111
230.000,83,336.828,53.283,444.293
230.000,84,970.562,1962.700,112.547
230.000,85,151.590,1301.110,571.895
235.000,0,1457.674,711.922,324.314
235.000,1,401.813,876.406,475.894
235.000,2,725.239,2243.372,376.885
235.000,3,1313.329,1975.076,118.375
235.000,4,1330.503,1524.667,522.136
235.000,5,1344.671,837.770,590.169
235.000,6,838.179,1072.924,367.227
235.000,7,457.512,1620.625,304.872
235.000,8,360.184,498.225,222.884
235.000,9,1065.976,537.808,483.889
235.000,10,625.292,1126.459,150.280
235.000,11,1090.511,1549.124,469.188
235.000,12,1107.061,1348.258,353.315
235.000,13,1192.187,1837.773,491.488
235.000,14,917.507,2424.358,388.561
235.000,15,902.338,451.296,555.893
235.000,16,253.610,1428.225,146.966
235.000,17,987.613,434.180,174.349
235.000,18,1265.285,1724.124,295.834
235.000,19,733.650,2108.208,589.808
235.000,20,1082.889,1454.658,504.912
235.000,21,517.230,5.781,322.310
235.000,22,116.903,800.926,241.788
235.000,23,500.917,1265.296,319.174
235.000,24,800.640,1142.545,418.360
235.000,25,540.272,123.287,510.918
235.000,26,932.139,2325.132,503.946
235.000,27,1150.766,928.515,507.802
235.000,28,1085.532,2384.287,444.070
235.000,29,62.900,512.979,300.089
235.000,30,537.991,462.281,219.138
235.000,31,853.568,1392.706,333.294
235.000,32,333.587,1565.108,320.404
235.000,33,1366.711,1545.166,555.011
235.000,34,554.415,1881.221,179.065
235.000,35,1034.395,1210.252,480.298
235.000,36,939.403,1308.512,307.116
235.000,37,1102.150,1392.882,454.347
235.000,38,938.821,66.414,133.038
235.000,39,1182.768,1119.584,545.187
235.000,40,57.163,1850.964,414.965
235.000,41,1170.846,2202.328,352.582
235.000,42,904.839,1904.551,383.174
235.000,43,1505.248,2023.620,445.538
235.000,44,1228.099,23.417,587.233
235.000,45,213.202,1758.978,371.532
235.000,46,1369.469,2449.609,231.408
235.000,47,663.409,1037.224,540.873
235.000,48,1196.688,1532.919,394.470
235.000,49,955.877,1775.836,389.065
235.000,50,72.254,1642.671,576.655
235.000,51,1489.533,225.495,144.040
235.000,52,449.014,2293.630,188.547
235.000,53,665.678,1521.439,371.494
235.000,54,267.250,940.338,514.610
235.000,55,797.867,1097.054,529.593
235.000,56,125.286,309.539,589.984
235.000,57,987.674,2506.316,550.274
235.000,58,837.175,1638.204,579.574
235.000,59,496.318,821.347,177.953
235.000,60,170.023,203.220,525.517
235.000,61,753.841,1482.507,403.039
235.000,62,698.679,902.392,171.207
235.000,63,295.180,2271.421,464.331
235.000,64,515.349,740.257,465.648
235.000,65,841.452,1868.888,355.239
235.000,66,1333.598,764.817,131.928
235.000,67,1070.680,273.372,184.462
235.000,68,987.497,1744.995,112.784
235.000,69,958.923,920.101,143.478
235.000,70,808.952,332.089,272.510
235.000,71,697.484,536.240,107.331
235.000,72,488.978,104.846,114.220
235.000,73,502.425,2043.731,337.473
235.000,74,46.800,2097.944,476.141
235.000,75,480.017,1682.754,523.139
235.000,76,284.128,1469.506,456.808
235.000,77,935.472,378.150,219.578
235.000,78,485.172,83.130,190.008
235.000,79,0.831,2457.524,229.797
235.000,80,927.188,1574.917,269.491
235.000,81,715.235,2010.996,146.994
235.000,82,1425.933,1901.117,390.874
235.000,83,449.150,69.000,447.024
235.000,84,884.025,1967.282,114.094
235.000,85,133.069,1403.360,570.230
240.000,0,1462.670,573.323,321.471
240.000,1,411.754,746.236,474.856
240.000,2,841.352,2308.418,381.786
240.000,3,1313.753,2095.524,121.111
240.000,4,1193.855,1585.093,521.772
240.000,5,1207.010,830.853,595.475
240.000,6,781.333,969.182,365.773
240.000,7,340.590,1619.418,301.951
240.000,8,408.825,600.029,222.628
240.000,9,958.567,589.886,489.790
240.000,10,552.599,1034.123,143.235
240.000,11,985.599,1549.068,465.526
240.000,12,1023.159,1276.871,352.681
240.000,13,1302.809,1799.823,494.635
240.000,14,852.863,2482.537,391.771
240.000,15,966.685,560.973,562.086
240.000,16,269.422,1353.345,145.679
240.000,17,1104.292,483.957,174.124
240.000,18,1273.074,1815.718,301.120
240.000,19,778.187,2226.935,583.464
240.000,20,993.841,1450.321,506.922
240.000,21,602.057,92.007,325.626
240.000,22,252.747,754.097,235.829
240.000,23,550.616,1353.896,317.980
240.000,24,866.083,1217.398,413.915
240.000,25,603.479,247.323,505.436
240.000,26,1041.111,2228.232,497.821
240.000,27,1214.864,977.284,511.490
240.000,28,1190.097,2471.614,439.343
240.000,29,183.711,530.056,295.913
240.000,30,621.548,345.556,218.159
240.000,31,894.317,1282.300,333.321
240.000,32,296.170,1641.440,317.827
240.000,33,1375.373,1675.578,547.733
240.000,34,617.166,1766.946,177.784
240.000,35,1144.875,1200.113,482.578
240.000,36,1040.333,1380.332,306.235
240.000,37,1094.362,1544.034,457.668
240.000,38,986.211,174.215,132.190
240.000,39,1111.341,1054.065,550.249
240.000,40,112.514,1784.560,412.607
240.000,41,1133.017,2319.479,355.380
240.000,42,828.059,1935.229,384.201
240.000,43,1443.453,2091.628,450.567
240.000,44,1214.884,103.751,585.815
240.000,45,317.202,1728.555,370.983
240.000,46,1354.604,2526.190,228.570
240.000,47,754.477,1118.309,541.197
240.000,48,1120.637,1589.035,390.609
240.000,49,1042.172,1768.279,391.600
240.000,50,102.448,1733.409,576.696
240.000,51,1506.504,84.925,140.490
240.000,52,436.609,2180.008,188.399
240.000,53,717.381,1459.615,375.367
240.000,54,336.061,915.517,514.635
240.000,55,906.654,1105.752,532.770
240.000,56,64.975,249.513,586.619
240.000,57,1027.580,2412.065,545.839
240.000,58,874.130,1559.122,584.257
240.000,59,539.980,945.237,184.701
240.000,60,185.992,291.177,527.170
240.000,61,630.933,1470.817,406.661
240.000,62,598.408,886.262,169.373
240.000,63,338.182,2171.742,463.783
240.000,64,436.571,685.267,468.287
240.000,65,868.382,1770.376,358.674
240.000,66,1238.673,830.048,132.052
240.000,67,1078.404,360.343,184.713
240.000,68,1042.711,1694.755,117.598
240.000,69,860.771,906.578,147.197
240.000,70,884.998,403.738,272.561
240.000,71,596.076,574.293,105.062
240.000,72,561.109,222.129,113.320
240.000,73,374.320,2046.113,341.827
240.000,74,67.675,2100.965,475.418
240.000,75,476.075,1560.081,524.868
240.000,76,293.094,1563.571,449.261
240.000,77,923.341,294.877,220.080
240.000,78,565.927,73.829,191.512
240.000,79,115.776,2424.971,229.062
240.000,80,857.918,1661.393,269.250
240.000,81,804.915,1964.576,151.241
240.000,82,1465.193,1985.408,385.782
240.000,83,557.717,86.621,452.743
240.000,84,794.448,1940.887,113.963
240.000,85,109.589,1515.008,567.928
245.000,0,1465.011,432.012,317.533
245.000,1,412.063,617.990,468.777
245.000,2,948.147,2401.660,385.740
245.000,3,1349.312,2211.396,125.426
245.000,4,1074.440,1669.734,522.891
245.000,5,1075.491,844.189,598.609
245.000,6,707.439,887.094,363.772
245.000,7,227.223,1619.960,295.977
245.000,8,465.852,704.840,223.317
245.000,9,853.993,643.540,494.825
245.000,10,462.306,963.913,137.764
245.000,11,883.465,1564.386,462.048
245.000,12,904.466,1236.071,354.306
245.000,13,1406.802,1763.013,499.932
245.000,14,792.460,2532.088,394.006
245.000,15,1048.026,645.786,570.216
245.000,16,270.128,1263.813,142.997
245.000,17,1203.444,558.538,174.433
245.000,18,1280.646,1904.910,302.831
245.000,19,807.307,2357.759,577.135
245.000,20,917.314,1444.180,508.619
245.000,21,685.507,181.514,329.823
245.000,22,390.276,701.207,229.014
245.000,23,627.102,1420.014,314.555
245.000,24,945.061,1283.086,407.938
245.000,25,687.467,352.301,497.890
245.000,26,1164.984,2135.928,493.582
245.000,27,1291.262,1013.488,512.625
245.000,28,1295.113,2507.774,434.714
245.000,29,285.461,587.179,295.319
245.000,30,691.377,229.198,216.982
245.000,31,952.853,1182.745,332.579
245.000,32,258.145,1712.925,316.471
245.000,33,1381.173,1800.911,545.403
245.000,34,680.775,1661.536,176.095
245.000,35,1257.799,1171.926,482.291
245.000,36,1139.103,1456.317,305.945
245.000,37,1025.915,1681.586,457.898
245.000,38,998.400,291.948,129.351
245.000,39,1031.354,991.552,551.805
245.000,40,158.372,1711.418,411.595
245.000,41,1114.816,2432.311,357.605
245.000,42,747.334,1969.469,389.848
245.000,43,1360.456,2136.655,454.394
245.000,44,1201.389,187.322,584.238
245.000,45,403.458,1676.781,371.071
245.000,46,1343.828,2463.512,226.116
245.000,47,822.617,1217.001,540.952
245.000,48,1049.341,1658.947,387.929
245.000,49,1120.508,1778.062,393.779
245.000,50,165.499,1807.592,575.374
245.000,51,1493.283,56.537,136.212
245.000,52,417.372,2061.220,184.564
245.000,53,769.982,1418.593,378.166
245.000,54,413.259,916.740,515.107
245.000,55,1016.446,1109.000,534.858
245.000,56,1.476,193.264,584.524
245.000,57,1065.368,2314.814,542.209
245.000,58,903.627,1483.264,587.192
245.000,59,603.474,1052.433,190.349
245.000,60,214.878,375.203,528.438
245.000,61,516.802,1465.728,412.378
245.000,62,507.308,872.691,166.810
245.000,63,362.043,2072.248,462.714
245.000,64,384.274,604.340,472.470
245.000,65,904.435,1688.056,359.293
245.000,66,1145.196,914.783,130.677
245.000,67,1082.122,443.376,184.514
245.000,68,1099.461,1648.586,119.925
245.000,69,760.383,919.107,152.946
245.000,70,954.573,480.103,274.509
245.000,71,501.181,622.688,100.989
245.000,72,579.995,359.317,112.233
245.000,73,246.076,2054.175,342.258
245.000,74,170.300,2114.382,476.062
245.000,75,425.663,1452.671,524.542
245.000,76,315.729,1650.457,443.246
245.000,77,926.756,206.013,221.482
245.000,78,643.572,62.509,193.857
245.000,79,230.417,2413.039,226.677
245.000,80,745.215,1699.230,270.442
245.000,81,889.707,1908.328,156.715
245.000,82,1496.452,2071.413,381.733
245.000,83,660.887,136.693,456.379
245.000,84,705.519,1939.720,114.802
245.000,85,96.038,1621.254,567.383
250.000,0,1488.996,290.548,309.618
250.000,1,398.717,490.536,462.783
250.000,2,1067.029,2465.574,390.249
250.000,3,1393.905,2326.286,128.530
250.000,4,965.328,1767.414,523.570
250.000,5,938.221,847.331,598.198
250.000,6,628.029,803.989,362.176
250.000,7,119.876,1623.726,293.263
250.000,8,498.722,815.726,225.659
250.000,9,770.785,733.508,497.496
250.000,10,385.392,886.636,132.673
250.000,11,786.708,1577.379,457.682
250.000,12,784.286,1213.153,358.487
250.000,13,1500.189,1730.238,503.621
250.000,14,726.380,2477.588,396.069
250.000,15,1116.128,744.066,572.345
250.000,16,304.189,1185.773,141.839
250.000,17,1309.387,618.601,173.029
250.000,18,1318.643,1995.290,309.689
250.000,19,824.152,2489.242,571.494
250.000,20,833.294,1443.783,511.303
250.000,21,762.110,278.836,332.429
250.000,22,544.546,682.287,221.072
250.000,23,707.425,1484.944,309.078
250.000,24,1007.585,1354.607,403.122
250.000,25,768.419,455.461,487.502
250.000,26,1241.500,2014.720,492.315
250.000,27,1371.288,1040.447,516.081
250.000,28,1407.368,2425.746,425.830
250.000,29,388.213,622.475,293.374
250.000,30,755.016,110.438,215.464
250.000,31,1026.615,1091.648,334.986
250.000,32,220.875,1785.986,313.770
250.000,33,1344.009,1931.389,541.064
250.000,34,719.344,1547.106,173.614
250.000,35,1360.087,1169.652,484.051
250.000,36,1234.863,1539.698,306.044
250.000,37,1001.902,1835.695,456.920
250.000,38,1006.046,415.148,126.257
250.000,39,963.290,922.899,553.639
250.000,40,196.762,1639.524,408.706
250.000,41,1100.365,2526.998,362.095
250.000,42,669.156,2010.607,394.252
250.000,43,1280.460,2181.121,458.225
250.000,44,1180.800,267.072,584.444
250.000,45,495.949,1647.224,374.612
250.000,46,1323.054,2389.473,224.158
250.000,47,889.050,1319.687,539.276
250.000,48,976.010,1721.900,382.623
250.000,49,1201.733,1800.985,396.602
250.000,50,234.786,1887.093,574.172
250.000,51,1463.506,191.490,136.268
250.000,52,419.510,1940.585,184.950
250.000,53,824.952,1369.089,382.557
250.000,54,485.655,902.290,515.243
250.000,55,1134.381,1118.217,535.436
250.000,56,47.935,118.843,583.270
250.000,57,1110.314,2222.298,540.268
250.000,58,916.209,1404.517,590.380
250.000,59,651.378,1157.154,196.754
250.000,60,246.199,460.486,529.278
250.000,61,395.813,1457.472,420.124
250.000,62,406.103,874.016,163.372
250.000,63,408.041,1977.565,464.497
250.000,64,318.430,537.889,474.784
250.000,65,943.597,1607.532,358.512
250.000,66,1047.458,991.869,128.797
250.000,67,1100.956,536.389,184.027
250.000,68,1153.260,1587.092,122.854
250.000,69,653.505,914.917,157.038
250.000,70,1017.193,567.336,279.109
250.000,71,402.919,663.278,100.984
250.000,72,596.302,499.158,109.907
250.000,73,119.839,2062.015,341.449
250.000,74,269.173,2148.444,475.826
250.000,75,395.617,1332.154,522.536
250.000,76,317.607,1736.558,440.590
250.000,77,919.402,121.201,221.673
250.000,78,714.936,62.068,193.832
250.000,79,337.635,2370.612,223.028
250.000,80,649.316,1763.854,268.447
250.000,81,979.879,1846.159,161.479
250.000,82,1460.499,2163.192,379.513
250.000,83,780.819,154.830,461.887
250.000,84,609.789,1931.459,113.830
250.000,85,73.109,1728.938,567.869
255.000,0,1508.359,148.999,304.209
255.000,1,397.496,367.079,453.955
255.000,2,1174.020,2505.937,395.912
255.000,3,1410.148,2439.847,129.559
255.000,4,891.271,1887.729,523.150
255.000,5,805.720,869.588,594.749
255.000,6,548.756,719.840,357.362
255.000,7,9.084,1627.594,291.726
255.000,8,542.110,916.897,224.994
255.000,9,685.530,816.156,506.730
255.000,10,296.766,820.749,125.748
255.000,11,676.211,1584.610,454.130
255.000,12,686.286,1137.041,359.904
255.000,13,1383.046,1694.283,506.804
255.000,14,670.894,2420.024,399.448
255.000,15,1208.272,817.351,578.184
255.000,16,322.922,1110.879,138.000
255.000,17,1413.873,682.546,171.335
255.000,18,1351.161,2081.687,315.722
255.000,19,858.319,2448.169,567.101
255.000,20,748.840,1452.194,514.516
255.000,21,835.811,382.896,338.006
255.000,22,686.562,658.647,216.743
255.000,23,771.983,1564.395,301.886
255.000,24,1077.645,1415.998,400.200
255.000,25,857.867,563.788,479.825
255.000,26,1332.994,1907.969,491.851
255.000,27,1449.889,1080.581,519.734
255.000,28,1511.890,2360.121,419.964
255.000,29,492.767,659.205,292.045
255.000,30,867.465,28.651,214.600
255.000,31,1099.745,995.224,335.168
255.000,32,181.306,1861.264,311.925
255.000,33,1341.402,2063.566,536.676
255.000,34,747.852,1407.924,174.694
255.000,35,1464.950,1183.623,484.841
255.000,36,1340.769,1606.556,305.738
255.000,37,945.941,1978.744,459.614
255.000,38,1050.536,529.319,121.793
255.000,39,902.936,847.358,555.714
255.000,40,235.285,1569.865,405.334
255.000,41,1061.622,2418.680,365.193
255.000,42,584.583,2044.598,398.389
255.000,43,1227.393,2243.280,460.094
255.000,44,1134.557,332.921,582.871
255.000,45,594.349,1625.699,376.990
255.000,46,1326.218,2319.894,224.921
255.000,47,959.157,1407.113,537.598
255.000,48,897.581,1771.594,378.524
255.000,49,1282.888,1809.316,397.895
255.000,50,288.593,1976.266,574.506
255.000,51,1448.394,332.486,135.250
255.000,52,423.607,1813.794,188.243
255.000,53,883.057,1319.531,386.555
255.000,54,558.520,888.678,515.959
255.000,55,1243.910,1100.267,535.884
255.000,56,75.504,28.233,581.734
255.000,57,1168.991,2135.171,537.951
255.000,58,959.779,1326.634,594.673
255.000,59,701.655,1270.417,203.781
255.000,60,268.909,549.663,527.058
255.000,61,278.216,1429.903,427.186
255.000,62,302.431,878.782,157.857
255.000,63,463.130,1887.947,465.041
255.000,64,257.906,475.252,479.418
255.000,65,987.969,1527.788,362.493
255.000,66,948.007,1063.425,130.347
255.000,67,1109.423,624.895,183.713
255.000,68,1195.953,1531.053,128.327
255.000,69,540.302,912.519,162.670
255.000,70,1100.331,645.843,281.011
255.000,71,321.148,733.993,104.785
255.000,72,653.226,618.136,108.170
255.000,73,20.957,2053.689,344.058
255.000,74,373.932,2149.607,477.061
255.000,75,385.602,1211.420,521.436
255.000,76,338.320,1821.729,438.084
255.000,77,876.456,41.358,221.842
255.000,78,790.470,43.599,195.505
255.000,79,453.377,2333.379,223.014
255.000,80,544.204,1822.760,267.804
255.000,81,1084.069,1812.189,167.508
255.000,82,1410.215,2257.154,374.782
255.000,83,895.603,174.632,466.581
255.000,84,514.161,1953.318,113.107
255.000,85,34.548,1835.454,565.538
260.000,0,1504.691,12.966,301.567
260.000,1,414.836,241.708,449.729
260.000,2,1293.161,2435.172,400.101
260.000,3,1429.359,2507.217,133.438
260.000,4,788.798,1987.143,518.910
260.000,5,674.432,905.837,591.595
260.000,6,476.766,633.243,355.801
260.000,7,131.577,1622.011,289.699
260.000,8,586.961,1024.419,222.144
260.000,9,579.390,872.355,515.628
260.000,10,214.827,747.683,120.195
260.000,11,576.671,1604.425,449.426
260.000,12,580.222,1085.650,362.900
260.000,13,1268.004,1670.636,508.866
260.000,14,604.091,2353.283,402.890
260.000,15,1304.964,889.212,586.109
260.000,16,370.555,1050.744,136.331
260.000,17,1487.020,728.862,170.698
260.000,18,1376.692,2174.802,322.980
260.000,19,872.433,2311.829,561.589
260.000,20,665.617,1451.176,516.281
260.000,21,910.025,470.465,339.485
260.000,22,830.188,650.512,210.278
260.000,23,838.639,1634.686,295.636
260.000,24,1136.062,1491.484,394.934
260.000,25,935.668,661.399,476.066
260.000,26,1409.338,1790.144,492.213
260.000,27,1492.288,1107.168,521.594
260.000,28,1397.065,2298.013,416.598
260.000,29,597.544,704.083,287.598
260.000,30,956.494,96.666,216.088
260.000,31,1175.440,902.123,337.422
260.000,32,148.409,1934.227,310.303
260.000,33,1336.457,2202.021,531.920
260.000,34,812.021,1293.312,172.699
260.000,35,1446.450,1158.852,485.550
260.000,36,1453.868,1669.194,305.519
260.000,37,907.323,2119.912,461.558
260.000,38,1064.476,649.970,115.552
260.000,39,840.272,775.033,558.118
260.000,40,265.353,1493.227,405.147
260.000,41,1015.602,2318.034,367.093
260.000,42,488.723,2052.321,402.186
260.000,43,1148.690,2274.577,460.296
260.000,44,1093.961,394.980,581.903
260.000,45,684.908,1604.370,380.315
260.000,46,1326.874,2244.677,223.068
260.000,47,1059.567,1461.362,532.892
260.000,48,803.220,1813.125,373.341
260.000,49,1366.484,1804.438,398.956
260.000,50,341.248,2062.609,574.694
260.000,51,1433.557,475.965,132.977
260.000,52,428.863,1692.960,188.396
260.000,53,953.416,1281.068,389.751
260.000,54,639.539,869.474,515.318
260.000,55,1351.575,1087.297,535.634
260.000,56,135.214,57.229,576.834
260.000,57,1224.934,2053.526,533.187
260.000,58,1022.376,1256.430,597.631
260.000,59,717.188,1393.329,207.170
260.000,60,270.596,636.779,524.577
260.000,61,155.189,1406.890,428.197
260.000,62,192.486,871.343,156.224
260.000,63,487.572,1790.485,463.536
260.000,64,195.361,408.011,484.551
260.000,65,1024.569,1439.747,365.230
260.000,66,865.815,1144.745,131.323
260.000,67,1137.983,706.353,185.271
260.000,68,1244.891,1474.127,133.179
260.000,69,436.432,916.238,166.410
260.000,70,1166.700,726.116,283.088
260.000,71,228.647,800.990,105.416
260.000,72,751.453,724.748,104.822
260.000,73,140.234,2020.076,347.646
260.000,74,482.837,2135.575,478.179
260.000,75,379.819,1080.644,523.620
260.000,76,363.301,1903.757,434.844
260.000,77,859.336,42.862,221.767
260.000,78,864.986,45.406,197.446
260.000,79,578.355,2289.179,219.933
260.000,80,456.030,1904.998,267.436
260.000,81,1187.889,1773.283,169.329
260.000,82,1384.862,2350.578,369.916
260.000,83,1004.650,181.080,469.925
260.000,84,422.891,1964.131,113.625
260.000,85,21.617,1944.344,563.289
265.000,0,1505.917,154.931,297.515
265.000,1,408.783,120.046,444.797
265.000,2,1418.023,2372.543,405.549
265.000,3,1447.312,2392.311,133.370
265.000,4,687.022,2093.033,517.398
265.000,5,537.957,944.715,586.651
265.000,6,407.110,550.875,354.642
265.000,7,248.129,1608.845,283.975
265.000,8,628.158,1129.494,225.005
265.000,9,477.829,923.627,519.500
265.000,10,112.892,685.407,116.088
265.000,11,471.283,1605.853,445.485
265.000,12,472.860,1033.532,367.885
265.000,13,1157.985,1638.576,515.230
265.000,14,522.690,2311.222,404.617
265.000,15,1392.351,972.320,592.150
265.000,16,414.410,982.830,131.521
265.000,17,1364.409,755.306,172.194
265.000,18,1413.703,2260.272,326.964
265.000,19,887.420,2179.575,556.222
265.000,20,583.787,1433.815,516.245
265.000,21,1007.394,544.022,340.505
265.000,22,976.711,609.992,202.587
265.000,23,910.169,1704.311,290.430
265.000,24,1186.637,1569.775,387.873
265.000,25,997.762,791.578,471.256
265.000,26,1493.490,1680.360,493.985
265.000,27,1400.246,1114.686,524.813
265.000,28,1285.212,2217.868,413.583
265.000,29,705.815,728.697,282.663
265.000,30,1052.736,194.225,219.755
265.000,31,1232.663,791.899,340.934
265.000,32,111.544,1999.295,308.326
265.000,33,1318.459,2326.002,526.024
265.000,34,879.779,1180.568,172.686
265.000,35,1343.013,1139.460,485.080
265.000,36,1442.695,1740.922,307.683
265.000,37,896.936,2266.666,459.518
265.000,38,1112.227,756.176,114.105
265.000,39,780.299,705.700,561.768
265.000,40,291.623,1411.496,405.410
265.000,41,955.440,2217.514,368.935
265.000,42,411.748,2098.448,405.955
265.000,43,1086.277,2327.235,460.729
265.000,44,1076.767,474.113,580.432
265.000,45,772.763,1554.221,382.570
265.000,46,1306.495,2176.223,222.349
265.000,47,1162.168,1526.969,533.235
265.000,48,730.688,1877.083,367.829
265.000,49,1440.330,1797.530,400.297
265.000,50,388.148,2157.555,572.701
265.000,51,1381.650,603.634,131.880
265.000,52,416.577,1574.340,190.858
265.000,53,1024.263,1237.738,393.088
265.000,54,714.420,848.404,515.472
265.000,55,1449.691,1055.597,536.157
265.000,56,181.676,151.134,575.902
265.000,57,1269.304,1964.458,531.822
265.000,58,1067.872,1177.536,598.375
265.000,59,758.180,1502.117,215.336
265.000,60,295.656,719.032,522.974
265.000,61,34.632,1373.187,432.885
265.000,62,98.876,881.258,156.613
265.000,63,557.322,1731.175,463.698
265.000,64,124.040,339.733,488.374
265.000,65,1045.800,1351.833,367.783
265.000,66,783.152,1232.123,131.827
265.000,67,1146.030,793.979,186.216
265.000,68,1285.039,1414.367,134.706
265.000,69,339.755,899.261,170.149
265.000,70,1232.553,816.593,286.339
265.000,71,122.321,843.126,105.149
265.000,72,820.242,844.991,102.736
265.000,73,264.706,2011.667,348.480
265.000,74,586.022,2114.827,478.290
265.000,75,381.785,951.756,523.936
265.000,76,364.329,1986.741,432.310
265.000,77,834.897,127.573,221.675
265.000,78,937.541,21.690,198.706
265.000,79,691.714,2242.126,221.292
265.000,80,356.606,1959.495,267.186
265.000,81,1277.224,1710.068,173.612
265.000,82,1336.989,2437.235,366.835
265.000,83,1115.353,195.688,474.894
265.000,84,332.403,1969.076,112.863
265.000,85,9.986,2041.834,563.013
270.000,0,1477.094,293.808,297.646
270.000,1,402.048,22.906,435.621
270.000,2,1469.983,2315.077,410.235
270.000,3,1482.330,2278.874,138.619
270.000,4,551.518,2151.090,518.274
270.000,5,410.878,1009.055,581.475
270.000,6,324.216,463.146,353.691
270.000,7,357.322,1624.134,281.301
270.000,8,668.369,1233.138,224.285
270.000,9,383.753,982.842,523.126
270.000,10,35.660,605.611,111.734
270.000,11,379.060,1581.269,441.871
270.000,12,379.148,966.156,369.388
270.000,13,1047.594,1597.196,519.624
270.000,14,451.299,2265.561,407.777
270.000,15,1490.590,1058.373,597.971
270.000,16,449.324,908.134,128.477
270.000,17,1246.001,809.248,170.123
270.000,18,1455.386,2349.304,331.780
270.000,19,890.967,2047.241,556.060
270.000,20,500.639,1417.516,518.045
270.000,21,1056.374,647.631,344.759
270.000,22,1122.605,599.177,195.349
270.000,23,986.424,1766.144,284.767
270.000,24,1264.580,1634.734,380.903
270.000,25,1077.025,905.690,466.294
270.000,26,1426.148,1567.949,493.600
270.000,27,1317.859,1131.008,527.413
270.000,28,1163.341,2157.320,404.660
270.000,29,805.805,757.942,280.940
270.000,30,1137.308,302.018,219.180
270.000,31,1291.231,684.575,346.842
270.000,32,79.256,2080.877,305.105
270.000,33,1312.661,2461.581,523.413
270.000,34,934.755,1060.830,174.711
270.000,35,1245.524,1123.363,486.871
270.000,36,1341.258,1820.050,306.726
270.000,37,866.178,2411.733,457.035
270.000,38,1117.919,878.474,111.321
270.000,39,714.977,641.718,564.060
270.000,40,333.836,1341.456,404.116
270.000,41,928.832,2105.603,371.020
270.000,42,328.627,2125.763,409.419
270.000,43,1007.446,2371.368,460.880
270.000,44,1066.877,556.081,579.242
270.000,45,882.458,1526.166,385.051
270.000,46,1287.003,2105.442,220.225
270.000,47,1246.322,1605.535,532.901
270.000,48,664.820,1954.467,362.740
270.000,49,1488.145,1801.922,402.289
270.000,50,443.477,2236.457,571.215
270.000,51,1328.904,727.824,129.508
270.000,52,412.217,1446.318,190.282
270.000,53,1076.058,1179.384,395.907
270.000,54,791.929,839.844,516.564
270.000,55,1450.276,1054.552,534.322
270.000,56,214.572,238.559,573.451
270.000,57,1308.242,1870.264,530.174
270.000,58,1097.442,1091.384,593.368
270.000,59,785.989,1621.249,223.382
270.000,60,322.356,806.944,524.792
270.000,61,103.177,1352.400,437.240
270.000,62,5.489,905.118,157.712
270.000,63,603.518,1637.692,462.483
270.000,64,40.520,300.807,490.529
270.000,65,1078.379,1262.597,369.582
270.000,66,674.584,1296.371,131.970
270.000,67,1162.542,883.748,185.314
270.000,68,1327.036,1359.821,138.299
270.000,69,236.747,872.933,179.319
270.000,70,1288.852,913.753,289.861
270.000,71,10.425,873.264,104.046
270.000,72,865.119,974.919,100.318
270.000,73,403.011,2005.649,351.251
270.000,74,695.046,2115.624,478.510
270.000,75,359.818,832.150,526.686
270.000,76,381.490,2081.354,425.849
270.000,77,807.520,208.421,221.179
270.000,78,1019.878,1.741,199.424
270.000,79,815.350,2223.870,220.252
270.000,80,285.063,2048.214,266.214
270.000,81,1374.568,1670.816,177.631
270.000,82,1270.253,2516.830,361.306
270.000,83,1221.500,227.968,478.120
270.000,84,243.625,1992.666,112.655
270.000,85,27.146,2147.009,560.496
275.000,0,1455.911,443.973,294.698
275.000,1,384.017,147.773,432.090
275.000,2,1370.976,2206.117,417.245
275.000,3,1504.544,2163.186,141.093
275.000,4,442.805,2246.881,520.750
275.000,5,275.966,1041.284,576.358
275.000,6,259.800,371.442,352.967
275.000,7,481.726,1630.736,279.065
275.000,8,703.021,1348.500,222.023
275.000,9,272.722,1034.882,523.942
275.000,10,52.232,527.325,105.578
275.000,11,277.672,1573.541,437.567
275.000,12,282.433,907.958,371.971
275.000,13,932.938,1586.773,525.662
275.000,14,380.347,2212.645,410.120
275.000,15,1478.270,1162.773,593.543
275.000,16,492.677,840.518,125.850
275.000,17,1132.363,850.365,169.472
275.000,18,1498.410,2438.948,336.987
275.000,19,901.236,1906.976,553.195
275.000,20,425.114,1416.511,518.993
275.000,21,1128.107,749.026,350.086
275.000,22,1261.391,563.610,190.103
275.000,23,1071.005,1829.166,282.022
275.000,24,1336.971,1707.022,376.480
275.000,25,1166.657,1017.385,463.221
275.000,26,1352.935,1441.469,493.174
275.000,27,1237.240,1153.885,532.088
275.000,28,1041.877,2094.276,399.411
275.000,29,908.626,803.975,280.969
275.000,30,1210.688,419.513,223.695
275.000,31,1350.073,579.365,348.831
275.000,32,31.607,2146.699,303.854
275.000,33,1291.402,2461.456,519.838
275.000,34,976.934,937.716,174.124
275.000,35,1147.066,1103.537,485.951
275.000,36,1246.053,1903.297,305.125
275.000,37,813.404,2521.155,458.290
275.000,38,1117.410,995.703,109.294
275.000,39,659.592,570.552,566.069
275.000,40,387.244,1282.285,403.721
275.000,41,900.548,1995.436,373.443
275.000,42,250.891,2174.553,413.077
275.000,43,919.138,2407.246,464.382
275.000,44,1069.686,639.325,578.096
275.000,45,988.611,1519.534,385.304
275.000,46,1268.519,2039.021,218.102
275.000,47,1324.383,1692.264,532.768
275.000,48,593.540,2017.765,361.170
275.000,49,1400.621,1806.449,402.040
275.000,50,498.993,2320.376,569.348
275.000,51,1288.617,852.901,124.612
275.000,52,397.237,1322.264,193.515
275.000,53,1130.276,1128.000,398.446
275.000,54,861.544,832.508,519.059
275.000,55,1343.754,1029.206,533.100
275.000,56,250.427,321.938,569.540
275.000,57,1351.385,1775.388,528.368
275.000,58,1120.708,1007.369,588.505
275.000,59,831.194,1733.481,227.830
275.000,60,344.141,904.436,523.507
275.000,61,219.334,1327.970,442.784
275.000,62,110.830,917.269,157.170
275.000,63,647.804,1546.734,461.884
275.000,64,25.779,237.120,493.589
275.000,65,1119.055,1173.499,370.056
275.000,66,581.493,1370.517,131.210
275.000,67,1160.812,965.836,185.288
275.000,68,1373.255,1303.654,141.245
275.000,69,126.880,857.998,183.174
275.000,70,1371.467,993.380,293.320
275.000,71,103.882,931.887,107.057
275.000,72,893.855,1106.776,104.575
275.000,73,541.172,2001.968,355.404
275.000,74,802.476,2102.856,479.233
275.000,75,356.218,703.201,532.854
275.000,76,398.626,2171.997,419.761
275.000,77,785.252,294.238,222.988
275.000,78,1093.066,27.673,199.603
275.000,79,935.163,2199.483,219.262
275.000,80,182.243,2110.605,261.426
275.000,81,1469.173,1617.208,183.926
275.000,82,1213.141,2465.930,355.070
275.000,83,1328.582,262.028,481.631
275.000,84,150.670,2014.514,110.923
275.000,85,36.113,2257.346,556.900
280.000,0,1441.187,585.521,293.421
280.000,1,335.839,263.223,427.184
280.000,2,1247.576,2148.794,422.230
280.000,3,1480.285,2047.889,145.691
280.000,4,319.654,2312.834,524.963
280.000,5,137.490,1098.777,570.311
280.000,6,217.120,269.594,351.930
280.000,7,593.093,1635.931,277.059
280.000,8,758.730,1454.541,225.387
280.000,9,171.399,1093.833,526.033
280.000,10,147.218,466.965,101.378
280.000,11,170.604,1563.043,431.919
280.000,12,195.312,828.664,375.331
280.000,13,821.380,1565.147,533.408
280.000,14,323.590,2146.313,413.828
280.000,15,1397.140,1258.892,587.062
280.000,16,537.623,769.120,121.812
280.000,17,1017.903,889.717,168.966
280.000,18,1507.396,2533.240,340.207
280.000,19,952.209,1781.159,549.497
280.000,20,344.699,1413.517,520.702
280.000,21,1227.015,826.674,352.828
280.000,22,1391.842,515.387,184.845
280.000,23,1144.229,1899.713,278.579
280.000,24,1422.512,1749.666,371.434
280.000,25,1229.463,1150.485,455.833
280.000,26,1306.739,1313.408,489.746
280.000,27,1148.787,1157.302,534.741
280.000,28,919.979,2035.867,395.139
280.000,29,1012.398,842.213,281.610
280.000,30,1282.936,540.458,226.424
280.000,31,1407.989,473.415,348.272
280.000,32,4.536,2225.603,303.206
280.000,33,1263.217,2333.921,517.110
280.000,34,1054.415,847.959,173.266
280.000,35,1045.896,1076.774,486.314
280.000,36,1147.378,1974.790,305.791
280.000,37,785.199,2375.679,458.504
280.000,38,1126.032,1112.446,106.468
280.000,39,590.220,507.401,568.057
280.000,40,447.713,1227.370,405.743
280.000,41,876.250,1876.525,379.952
280.000,42,162.984,2208.643,413.266
280.000,43,845.986,2464.674,469.198
280.000,44,1048.068,725.589,576.009
280.000,45,1085.446,1474.656,382.987
280.000,46,1253.697,1967.696,216.654
280.000,47,1403.649,1768.785,529.790
280.000,48,518.912,2064.219,358.153
280.000,49,1312.627,1806.150,404.432
280.000,50,556.025,2406.757,569.129
280.000,51,1270.293,988.411,123.422
280.000,52,416.637,1198.536,199.047
280.000,53,1180.116,1074.429,398.645
280.000,54,934.187,817.960,521.686
280.000,55,1230.415,997.779,533.589
280.000,56,292.946,407.253,564.168
280.000,57,1407.983,1684.037,526.664
280.000,58,1165.725,920.772,585.695
280.000,59,892.383,1835.489,232.698
280.000,60,390.306,987.512,522.942
280.000,61,331.329,1298.692,449.162
280.000,62,212.415,915.979,154.627
280.000,63,729.479,1476.049,463.466
280.000,64,90.759,158.986,497.607
280.000,65,1164.943,1088.305,371.713
280.000,66,478.139,1441.306,126.922
280.000,67,1171.954,1048.134,184.995
280.000,68,1416.600,1250.674,144.367
280.000,69,15.834,862.546,187.007
280.000,70,1430.579,1078.044,294.305
280.000,71,212.234,968.958,110.905
280.000,72,977.910,1207.349,107.220
280.000,73,670.044,1984.637,359.457
280.000,74,899.140,2096.698,479.319
280.000,75,347.249,584.613,537.844
280.000,76,426.616,2255.291,417.617
280.000,77,772.826,375.889,225.070
280.000,78,1162.961,58.376,200.543
280.000,79,1057.749,2182.790,219.313
280.000,80,82.875,2176.147,259.629
280.000,81,1448.172,1562.770,189.037
280.000,82,1155.827,2378.771,352.514
280.000,83,1442.722,269.646,488.404
280.000,84,66.759,2056.458,113.155
280.000,85,61.951,2357.124,558.596
285.000,0,1479.390,719.635,290.973
285.000,1,290.838,378.453,422.229
285.000,2,1114.681,2093.234,429.162
285.000,3,1443.290,1941.425,147.282
285.000,4,208.694,2406.947,528.962
285.000,5,29.159,1142.799,566.040
285.000,6,150.738,182.487,349.779
285.000,7,709.418,1643.337,273.425
285.000,8,808.388,1564.195,228.512
285.000,9,65.480,1140.169,526.582
285.000,10,243.162,398.926,109.751
285.000,11,73.603,1563.651,429.942
285.000,12,88.808,765.339,380.177
285.000,13,704.835,1544.179,538.333
285.000,14,263.486,2082.561,415.487
285.000,15,1312.935,1348.277,582.509
285.000,16,550.270,685.590,119.876
285.000,17,908.569,946.755,168.739
285.000,18,1496.967,2447.827,343.855
285.000,19,954.549,1650.466,546.410
285.000,20,257.790,1399.391,521.503
285.000,21,1323.437,900.619,355.075
285.000,22,1477.283,518.555,181.765
285.000,23,1203.791,1981.010,275.869
285.000,24,1504.107,1810.072,368.047
285.000,25,1311.078,1253.700,448.429
285.000,26,1229.118,1198.240,485.429
285.000,27,1063.714,1191.194,540.205
285.000,28,814.608,1952.350,389.374
285.000,29,1123.055,876.496,278.915
285.000,30,1359.942,664.703,231.655
285.000,31,1488.523,380.445,348.174
285.000,32,22.207,2307.028,299.728
285.000,33,1258.005,2204.534,510.434
285.000,34,1120.067,741.377,174.526
285.000,35,944.563,1061.356,488.565
285.000,36,1040.601,2033.910,306.435
285.000,37,761.755,2230.447,458.637
285.000,38,1128.028,1242.149,101.992
285.000,39,543.278,427.199,569.508
285.000,40,501.406,1152.167,407.206
285.000,41,865.584,1759.612,382.558
285.000,42,72.919,2219.023,416.412
285.000,43,778.576,2527.295,472.939
285.000,44,1025.291,809.099,572.859
285.000,45,1158.597,1401.515,384.760
285.000,46,1231.319,1899.074,213.773
285.000,47,1492.105,1839.568,525.546
285.000,48,438.631,2110.354,358.885
285.000,49,1238.269,1808.387,405.897
285.000,50,610.181,2490.619,569.360
285.000,51,1243.266,1123.064,124.039
285.000,52,429.690,1068.590,201.131
285.000,53,1246.089,1030.868,400.800
285.000,54,1011.762,809.775,522.837
285.000,55,1120.407,972.639,533.138
285.000,56,318.329,489.503,560.020
285.000,57,1460.358,1588.609,524.482
285.000,58,1176.352,829.457,582.103
285.000,59,930.629,1951.907,236.061
285.000,60,411.016,1077.749,521.342
285.000,61,451.170,1295.907,454.205
285.000,62,311.652,932.919,155.386
285.000,63,752.545,1368.571,465.386
285.000,64,182.075,117.981,501.081
285.000,65,1174.189,993.328,372.204
285.000,66,357.417,1490.339,122.856
285.000,67,1176.279,1143.181,181.078
285.000,68,1473.847,1201.008,147.442
285.000,69,95.319,855.575,192.221
285.000,70,1492.777,1170.698,296.731
285.000,71,318.803,999.849,111.726
285.000,72,1031.544,1340.176,111.852
285.000,73,799.494,1964.087,361.305
285.000,74,1002.078,2137.832,482.033
285.000,75,357.841,463.141,538.233
285.000,76,450.000,2350.436,412.836
285.000,77,736.798,447.896,222.963
285.000,78,1242.177,67.204,201.791
285.000,79,1183.339,2156.659,220.212
285.000,80,27.336,2253.429,256.259
285.000,81,1374.034,1493.380,191.215
285.000,82,1096.547,2297.618,350.368
285.000,83,1467.626,271.319,494.045
285.000,84,23.680,2077.770,113.844
285.000,85,92.263,2457.279,555.949
290.000,0,1484.704,862.567,281.941
290.000,1,295.693,510.196,419.564
290.000,2,996.970,2030.078,433.634
290.000,3,1447.481,1826.256,150.802
290.000,4,99.203,2495.576,530.629
290.000,5,173.444,1167.544,562.513
290.000,6,69.145,108.324,346.952
290.000,7,821.368,1640.288,268.850
290.000,8,851.617,1671.693,230.525
290.000,9,41.777,1198.502,529.890
290.000,10,312.819,303.490,116.004
290.000,11,37.232,1551.570,429.867
290.000,12,29.413,708.673,381.243
290.000,13,596.071,1536.358,544.578
290.000,14,193.441,2040.579,415.199
290.000,15,1266.482,1453.859,576.479
290.000,16,562.180,602.028,116.936
290.000,17,802.412,1007.962,166.732
290.000,18,1473.480,2358.816,347.939
290.000,19,964.726,1515.799,539.788
290.000,20,176.114,1398.752,523.417
290.000,21,1411.460,1000.649,356.031
290.000,22,1335.934,478.260,173.838
290.000,23,1283.509,2050.184,270.884
290.000,24,1444.406,1868.336,364.229
290.000,25,1407.966,1357.222,443.794
290.000,26,1123.156,1100.696,486.510
290.000,27,979.913,1221.033,542.124
290.000,28,698.532,1884.892,380.468
290.000,29,1238.627,907.666,278.281
290.000,30,1412.862,789.821,235.188
290.000,31,1477.545,274.728,350.069
290.000,32,46.884,2387.773,296.402
290.000,33,1254.469,2068.409,507.430
290.000,34,1155.187,611.624,169.909
290.000,35,829.334,1070.130,492.142
290.000,36,940.956,2101.046,307.827
290.000,37,765.334,2083.003,459.925
290.000,38,1160.004,1353.137,101.974
290.000,39,486.053,347.195,569.850
290.000,40,538.718,1083.144,407.743
290.000,41,851.798,1649.419,384.435
290.000,42,21.874,2251.177,420.272
290.000,43,706.587,2481.354,475.447
290.000,44,1006.188,898.906,565.360
290.000,45,1251.209,1346.622,383.054
290.000,46,1200.169,1828.529,213.850
290.000,47,1442.387,1916.944,525.646
290.000,48,374.557,2173.685,356.760
290.000,49,1147.320,1804.442,409.220
290.000,50,650.256,2472.300,570.708
290.000,51,1213.189,1253.512,124.354
290.000,52,422.518,944.996,203.327
290.000,53,1299.248,971.065,404.134
290.000,54,1086.825,786.571,522.617
290.000,55,1007.741,965.788,531.480
290.000,56,368.135,566.582,555.837
290.000,57,1489.814,1480.184,519.137
290.000,58,1211.151,750.003,577.200
290.000,59,945.724,2077.421,242.676
290.000,60,455.100,1160.065,522.613
290.000,61,581.020,1292.247,461.535
290.000,62,412.159,946.173,156.214
290.000,63,791.570,1278.343,465.475
290.000,64,247.223,44.242,503.317
290.000,65,1201.879,907.230,373.156
290.000,66,239.738,1518.863,121.076
290.000,67,1203.701,1231.824,181.908
290.000,68,1495.471,1158.549,150.262
290.000,69,196.272,852.484,197.147
290.000,70,1458.451,1244.280,299.864
290.000,71,401.414,1074.787,115.089
290.000,72,1095.450,1455.267,110.231
290.000,73,923.340,1967.142,359.652
290.000,74,1107.191,2126.012,485.273
290.000,75,360.088,335.505,535.279
290.000,76,441.794,2436.700,410.461
290.000,77,722.394,543.385,222.097
290.000,78,1319.743,93.565,200.785
290.000,79,1295.080,2126.692,218.661
290.000,80,111.361,2336.564,255.457
290.000,81,1305.257,1416.775,194.328
290.000,82,1055.519,2192.353,347.994
290.000,83,1365.127,303.181,498.592
290.000,84,111.710,2070.894,112.699
290.000,85,103.399,2518.341,555.050
295.000,0,1480.171,1006.858,274.513
295.000,1,297.371,634.175,416.138
295.000,2,879.767,1954.463,438.204
295.000,3,1405.417,1716.348,151.565
295.000,4,24.739,2487.820,532.119
295.000,5,308.490,1216.516,558.145
295.000,6,10.081,26.665,349.397
295.000,7,933.052,1630.133,265.292
295.000,8,905.054,1775.613,229.040
295.000,9,111.108,1282.051,533.104
295.000,10,371.809,199.357,118.783
295.000,11,132.022,1523.184,428.734
295.000,12,135.180,652.054,383.200
295.000,13,478.634,1528.428,550.914
295.000,14,121.426,1987.584,419.391
295.000,15,1220.290,1551.383,575.128
295.000,16,613.573,529.561,110.779
295.000,17,680.969,1048.595,166.526
295.000,18,1446.684,2273.812,352.197
295.000,19,1004.363,1392.655,536.270
295.000,20,106.054,1371.798,523.819
295.000,21,1461.353,1119.737,357.822
295.000,22,1198.088,436.021,166.113
295.000,23,1338.456,2127.024,265.797
295.000,24,1399.971,1944.990,359.812
295.000,25,1500.583,1460.317,439.534
295.000,26,1062.688,963.943,487.251
295.000,27,897.553,1258.383,543.471
295.000,28,602.772,1795.364,374.182
295.000,29,1337.858,944.429,278.643
295.000,30,1476.473,913.671,237.106
295.000,31,1434.405,153.520,351.140
295.000,32,63.981,2459.146,294.824
295.000,33,1240.598,1933.695,503.979
295.000,34,1195.407,490.313,172.180
295.000,35,722.369,1074.620,495.167
295.000,36,842.242,2181.698,306.477
295.000,37,719.955,1936.374,459.120
295.000,38,1181.461,1456.652,104.561
295.000,39,433.172,262.802,567.090
295.000,40,577.807,1015.736,407.941
295.000,41,838.807,1539.136,389.882
295.000,42,105.364,2283.063,425.107
295.000,43,634.996,2419.832,479.982
295.000,44,999.886,980.094,559.948
295.000,45,1333.569,1281.284,384.817
295.000,46,1184.100,1753.265,213.681
295.000,47,1360.133,1995.279,524.845
295.000,48,308.084,2258.170,354.318
295.000,49,1062.748,1817.337,413.788
295.000,50,696.020,2393.023,571.741
295.000,51,1167.038,1373.401,120.027
295.000,52,415.219,821.965,204.718
295.000,53,1360.282,922.874,408.225
295.000,54,1166.029,784.700,522.520
295.000,55,900.634,970.341,534.594
295.000,56,393.256,654.338,550.915
295.000,57,1489.982,1377.825,516.362
295.000,58,1233.180,661.074,573.106
295.000,59,974.975,2203.775,247.538
295.000,60,480.815,1251.128,521.297
295.000,61,694.805,1275.376,464.016
295.000,62,514.728,947.710,152.401
295.000,63,835.163,1182.521,462.407
295.000,64,313.803,32.962,503.825
295.000,65,1225.675,822.472,377.393
295.000,66,138.247,1594.551,123.115
295.000,67,1214.629,1317.202,183.708
295.000,68,1450.734,1107.420,154.729
295.000,69,301.843,853.667,201.596
295.000,70,1387.902,1334.632,303.723
295.000,71,505.652,1111.106,114.937
295.000,72,1112.794,1599.268,109.765
295.000,73,1053.351,1932.283,364.550
295.000,74,1216.745,2139.498,487.455
295.000,75,326.596,224.145,535.657
295.000,76,428.733,2528.352,407.826
295.000,77,704.841,624.001,222.553
295.000,78,1402.474,109.965,202.040
295.000,79,1415.761,2118.028,217.734
295.000,80,193.910,2410.497,255.555
295.000,81,1217.675,1352.881,198.338
295.000,82,1019.403,2086.856,344.008
295.000,83,1259.513,344.865,501.662
295.000,84,203.697,2078.001,109.341
295.000,85,141.140,2429.645,556.061
