t_s,node,x,y,z
0.000,0,1002.789,785.695,161.745
0.000,1,588.521,694.321,430.336
0.000,2,1310.928,1426.665,328.975
0.000,3,1329.699,870.637,140.631
0.000,4,238.724,541.494,257.941
0.000,5,251.215,89.301,337.781
0.000,6,449.667,864.662,414.748
0.000,7,672.548,672.704,358.814
0.000,8,399.999,226.267,514.125
0.000,9,820.570,1517.560,346.495
0.000,10,395.475,1462.168,451.050
0.000,11,1118.982,1308.280,119.089
0.000,12,1257.687,1076.305,589.489
0.000,13,160.424,638.590,148.974
0.000,14,52.677,187.828,275.894
0.000,15,1096.273,496.290,113.949
0.000,16,1269.081,323.111,500.565
0.000,17,1389.497,382.111,211.676
0.000,18,1034.804,238.100,265.770
0.000,19,535.946,927.715,368.841
0.000,20,896.031,114.366,531.872
0.000,21,1160.899,1051.571,415.783
0.000,22,667.087,343.696,364.796
0.000,23,423.742,490.641,172.492
0.000,24,59.516,1172.817,441.633
0.000,25,29.374,367.324,386.443
0.000,26,211.344,1215.971,113.995
0.000,27,315.709,959.311,111.998
0.000,28,945.880,297.938,526.980
0.000,29,1126.065,1076.530,509.561
0.000,30,699.631,1510.409,435.425
0.000,31,1150.893,1316.886,336.979
0.000,32,102.846,1485.474,390.262
0.000,33,236.678,453.268,428.240
0.000,34,22.111,879.952,145.770
0.000,35,1207.192,424.813,541.490
0.000,36,1152.395,809.445,429.968
0.000,37,1420.326,1107.703,342.002
0.000,38,1423.678,987.275,549.676
0.000,39,1291.218,342.036,353.956
0.000,40,1139.744,625.156,150.165
0.000,41,932.335,707.517,374.750
0.000,42,109.270,1593.855,534.445
0.000,43,1371.000,747.401,416.649
0.000,44,214.795,510.667,333.948
0.000,45,998.814,253.590,395.359
0.000,46,271.375,1050.687,319.386
0.000,47,767.741,867.077,308.912
0.000,48,62.446,569.725,238.442
0.000,49,845.004,640.467,463.023
0.000,50,69.899,1052.554,515.587
0.000,51,59.474,1238.526,476.213
0.000,52,4.757,434.981,458.278
0.000,53,487.456,177.871,178.656
0.000,54,665.712,1246.296,402.119
0.000,55,1109.843,635.115,391.329
0.000,56,948.693,618.827,445.644
0.000,57,578.195,996.382,190.765
0.000,58,833.734,73.800,227.413
0.000,59,847.426,720.923,319.560
0.000,60,205.444,1235.458,121.216
5.000,0,990.261,875.730,166.677
5.000,1,500.268,720.989,434.090
5.000,2,1230.577,1441.893,331.357
5.000,3,1371.230,793.308,140.680
5.000,4,218.566,623.314,259.264
5.000,5,215.127,7.451,337.221
5.000,6,551.610,820.375,409.026
5.000,7,751.118,688.941,358.363
5.000,8,343.049,97.217,515.686
5.000,9,899.021,1597.093,343.053
5.000,10,494.600,1552.588,451.475
5.000,11,1130.414,1443.414,121.413
5.000,12,1129.257,1122.831,595.460
5.000,13,268.025,631.910,151.755
5.000,14,115.509,101.383,270.298
5.000,15,1044.781,379.620,108.877
5.000,16,1263.052,202.298,499.104
5.000,17,1281.562,353.709,205.689
5.000,18,1072.860,348.960,264.722
5.000,19,491.133,1031.034,367.160
5.000,20,848.841,185.634,534.908
5.000,21,1086.337,1113.671,420.310
5.000,22,737.023,272.087,366.728
5.000,23,380.630,408.741,168.185
5.000,24,39.084,1271.935,444.742
5.000,25,67.966,389.354,387.922
5.000,26,163.716,1303.685,118.219
5.000,27,217.686,995.090,113.612
5.000,28,881.904,368.339,526.804
5.000,29,1256.838,1012.463,508.336
5.000,30,623.362,1473.882,436.101
5.000,31,1090.138,1199.638,339.505
5.000,32,22.983,1530.642,386.848
5.000,33,312.495,556.934,427.033
5.000,34,38.784,937.585,147.634
5.000,35,1346.155,435.922,545.803
5.000,36,1229.054,716.179,430.619
5.000,37,1385.856,1176.031,340.725
5.000,38,1340.029,1038.209,550.558
5.000,39,1177.363,296.503,355.710
5.000,40,1182.497,548.961,150.136
5.000,41,965.865,633.413,372.046
5.000,42,172.151,1556.960,534.157
5.000,43,1310.970,706.242,420.801
5.000,44,289.395,546.108,332.148
5.000,45,916.794,209.267,392.270
5.000,46,198.558,1118.641,318.583
5.000,47,673.802,829.945,308.903
5.000,48,141.098,590.310,239.182
5.000,49,932.589,594.441,462.249
5.000,50,2.319,989.036,511.886
5.000,51,158.298,1257.635,479.211
5.000,52,98.740,413.776,462.437
5.000,53,411.965,176.071,176.800
5.000,54,783.240,1267.915,397.319
5.000,55,1220.424,671.093,398.208
5.000,56,1027.818,735.462,443.741
5.000,57,665.023,969.749,189.459
5.000,58,794.307,147.210,226.760
5.000,59,832.294,646.725,316.924
5.000,60,118.704,1316.342,121.384
10.000,0,965.822,960.357,169.238
10.000,1,422.100,750.108,436.912
10.000,2,1151.712,1444.761,334.433
10.000,3,1419.067,717.929,138.781
10.000,4,186.398,701.712,262.380
10.000,5,186.835,89.265,335.830
10.000,6,660.145,786.496,404.160
10.000,7,831.459,707.453,360.592
10.000,8,297.898,49.034,515.107
10.000,9,991.205,1549.411,338.075
10.000,10,604.380,1597.116,450.682
10.000,11,1129.952,1582.089,125.063
10.000,12,1004.230,1146.750,599.664
10.000,13,375.887,598.065,157.916
10.000,14,188.462,25.419,265.638
10.000,15,958.415,285.098,104.654
10.000,16,1252.836,78.534,500.677
10.000,17,1172.870,328.184,203.440
10.000,18,1085.227,463.006,267.079
10.000,19,440.964,1135.502,364.197
10.000,20,783.922,248.123,538.536
10.000,21,1016.229,1165.366,423.714
10.000,22,805.828,207.796,369.489
10.000,23,344.488,313.756,167.256
10.000,24,137.875,1349.591,451.849
10.000,25,159.602,406.398,391.214
10.000,26,95.428,1375.381,122.018
10.000,27,132.865,1039.836,117.667
10.000,28,813.650,443.530,527.845
10.000,29,1398.221,952.767,506.863
10.000,30,543.048,1445.051,437.325
10.000,31,1046.540,1071.130,344.731
10.000,32,72.315,1572.271,385.539
10.000,33,381.763,652.330,424.388
10.000,34,80.868,1001.354,147.520
10.000,35,1375.943,413.390,550.071
10.000,36,1305.383,617.318,431.738
10.000,37,1346.032,1240.486,339.185
10.000,38,1243.833,1081.669,551.709
10.000,39,1050.376,271.302,356.975
10.000,40,1241.974,481.769,148.302
10.000,41,1014.625,560.366,371.089
10.000,42,234.561,1519.997,535.153
10.000,43,1246.680,665.472,424.801
10.000,44,371.896,571.203,330.274
10.000,45,836.489,162.294,388.504
10.000,46,126.474,1182.641,321.073
10.000,47,593.090,772.322,310.039
10.000,48,213.094,612.659,240.918
10.000,49,1021.600,572.734,463.499
10.000,50,67.926,910.667,510.397
10.000,51,257.766,1279.286,480.712
10.000,52,195.817,388.889,464.988
10.000,53,342.562,155.419,174.402
10.000,54,898.613,1266.053,393.004
10.000,55,1328.266,717.291,402.498
10.000,56,1097.552,855.728,443.472
10.000,57,753.395,952.697,190.074
10.000,58,755.996,210.872,227.865
10.000,59,801.028,573.938,315.935
10.000,60,29.162,1380.897,122.183
15.000,0,956.756,1046.468,175.436
15.000,1,344.524,783.263,440.365
15.000,2,1077.894,1453.719,335.513
15.000,3,1379.496,639.507,136.823
15.000,4,155.407,773.647,265.403
15.000,5,157.324,172.196,334.654
15.000,6,767.989,742.224,400.066
15.000,7,904.275,733.050,361.528
15.000,8,303.323,197.006,513.646
15.000,9,1080.237,1465.198,331.241
15.000,10,710.383,1508.104,447.556
15.000,11,1150.988,1505.858,128.452
15.000,12,880.614,1184.515,597.716
15.000,13,488.207,588.771,159.959
15.000,14,258.173,50.529,261.114
15.000,15,891.474,171.808,101.858
15.000,16,1251.756,58.193,506.295
15.000,17,1063.481,311.259,201.785
15.000,18,1095.842,578.326,266.260
15.000,19,378.222,1244.596,365.746
15.000,20,734.854,329.934,542.502
15.000,21,940.197,1215.856,427.240
15.000,22,872.253,130.380,368.712
15.000,23,327.174,222.152,167.685
15.000,24,228.859,1423.714,459.891
15.000,25,252.857,431.451,394.575
15.000,26,44.993,1445.798,126.571
15.000,27,48.279,1098.657,121.956
15.000,28,746.385,518.167,529.081
15.000,29,1296.753,885.075,501.906
15.000,30,460.306,1411.170,437.369
15.000,31,975.411,955.278,352.926
15.000,32,157.737,1600.176,381.736
15.000,33,467.568,746.729,420.254
15.000,34,124.905,1067.844,147.157
15.000,35,1234.510,433.358,553.944
15.000,36,1394.096,530.250,431.377
15.000,37,1294.645,1292.340,335.968
15.000,38,1146.975,1125.376,550.923
15.000,39,920.359,245.245,357.897
15.000,40,1301.730,415.183,148.171
15.000,41,1068.582,486.760,368.342
15.000,42,289.241,1477.674,536.491
15.000,43,1198.654,605.282,426.723
15.000,44,449.941,607.425,328.569
15.000,45,746.465,128.770,387.759
15.000,46,49.881,1246.172,322.822
15.000,47,506.724,722.093,308.552
15.000,48,290.078,634.273,241.103
15.000,49,1104.773,543.854,467.270
15.000,50,134.433,848.849,508.301
15.000,51,353.808,1301.882,483.079
15.000,52,292.827,360.607,469.089
15.000,53,267.949,140.629,173.431
15.000,54,1016.411,1282.262,386.665
15.000,55,1409.201,777.507,408.888
15.000,56,1198.060,949.868,444.802
15.000,57,837.872,915.465,189.023
15.000,58,742.394,294.652,227.935
15.000,59,777.455,505.036,316.335
15.000,60,64.188,1458.537,119.651
20.000,0,957.004,1132.572,179.751
20.000,1,267.806,814.311,445.724
20.000,2,1010.949,1465.214,337.334
20.000,3,1335.078,562.958,133.774
20.000,4,148.376,849.078,266.017
20.000,5,133.696,262.372,335.165
20.000,6,870.752,695.310,398.303
20.000,7,976.325,752.554,362.279
20.000,8,298.324,338.910,514.063
20.000,9,1166.635,1388.665,329.750
20.000,10,811.669,1407.793,443.569
20.000,11,1153.324,1376.435,132.111
20.000,12,767.454,1254.805,597.837
20.000,13,598.025,594.561,161.562
20.000,14,314.447,146.366,254.315
20.000,15,809.297,65.019,102.436
20.000,16,1216.612,174.424,507.536
20.000,17,955.257,298.362,197.297
20.000,18,1107.415,689.375,263.731
20.000,19,348.111,1359.737,364.741
20.000,20,685.450,404.464,546.725
20.000,21,864.110,1266.577,429.791
20.000,22,936.654,61.497,368.925
20.000,23,289.027,131.573,165.277
20.000,24,292.586,1531.398,464.102
20.000,25,335.376,473.237,399.329
20.000,26,13.493,1532.599,131.861
20.000,27,48.428,1147.871,125.162
20.000,28,681.997,582.291,529.092
20.000,29,1175.718,802.892,500.175
20.000,30,377.496,1374.268,436.249
20.000,31,938.148,823.116,360.964
20.000,32,245.157,1552.738,377.232
20.000,33,554.869,839.906,417.303
20.000,34,179.254,1120.459,146.454
20.000,35,1100.941,416.635,557.199
20.000,36,1373.889,434.807,429.392
20.000,37,1236.674,1348.426,335.483
20.000,38,1056.704,1174.268,550.094
20.000,39,795.893,218.337,359.897
20.000,40,1368.230,351.723,146.855
20.000,41,1115.509,411.425,368.925
20.000,42,362.638,1450.293,538.224
20.000,43,1153.874,541.081,428.939
20.000,44,533.576,626.221,325.083
20.000,45,671.923,73.276,384.322
20.000,46,17.489,1314.877,320.779
20.000,47,419.467,672.606,308.122
20.000,48,353.564,669.027,240.807
20.000,49,1195.740,517.898,469.862
20.000,50,188.476,779.377,505.279
20.000,51,445.203,1349.199,486.192
20.000,52,386.845,322.137,476.076
20.000,53,197.091,133.413,172.066
20.000,54,1127.314,1314.573,382.036
20.000,55,1310.246,805.537,412.926
20.000,56,1275.934,1059.829,445.596
20.000,57,931.497,887.288,188.347
20.000,58,695.003,372.303,227.988
20.000,59,755.527,432.956,315.927
20.000,60,153.394,1537.498,118.799
25.000,0,945.654,1217.747,185.242
25.000,1,193.176,862.829,451.003
25.000,2,938.967,1445.863,339.630
25.000,3,1309.009,476.868,131.533
25.000,4,131.664,923.244,266.805
25.000,5,91.996,337.898,334.391
25.000,6,957.414,617.912,393.062
25.000,7,1047.362,789.196,363.966
25.000,8,241.587,473.996,513.841
25.000,9,1252.619,1303.723,327.218
25.000,10,940.853,1348.141,442.394
25.000,11,1157.238,1231.424,137.487
25.000,12,650.000,1310.810,592.816
25.000,13,701.564,559.589,163.572
25.000,14,372.751,236.791,252.496
25.000,15,722.026,51.915,106.751
25.000,16,1210.354,295.345,507.649
25.000,17,845.162,271.537,193.398
25.000,18,1122.763,800.628,262.845
25.000,19,281.136,1453.090,361.746
25.000,20,632.612,478.148,549.482
25.000,21,805.671,1339.835,433.226
25.000,22,1023.963,15.451,369.870
25.000,23,250.855,40.296,161.471
25.000,24,381.220,1599.931,472.019
25.000,25,432.189,487.595,402.882
25.000,26,44.445,1612.303,136.966
25.000,27,126.201,1212.238,125.721
25.000,28,616.808,668.694,526.409
25.000,29,1034.786,763.268,495.827
25.000,30,294.295,1344.023,435.396
25.000,31,864.371,707.898,368.889
25.000,32,330.293,1522.166,373.684
25.000,33,615.503,957.002,413.541
25.000,34,217.614,1186.773,144.774
25.000,35,962.743,404.082,564.019
25.000,36,1289.881,355.207,429.312
25.000,37,1196.913,1417.988,334.280
25.000,38,947.762,1202.362,550.626
25.000,39,668.996,223.276,358.131
25.000,40,1424.537,283.021,144.389
25.000,41,1164.237,338.784,366.727
25.000,42,418.643,1405.069,540.607
25.000,43,1102.555,489.262,432.248
25.000,44,611.003,638.668,321.406
25.000,45,602.284,29.052,381.447
25.000,46,83.390,1390.095,317.342
25.000,47,326.975,641.927,306.026
25.000,48,422.957,693.011,240.665
25.000,49,1290.691,495.026,473.564
25.000,50,252.329,716.830,501.146
25.000,51,541.269,1384.333,485.706
25.000,52,481.077,289.329,479.785
25.000,53,126.261,114.968,169.946
25.000,54,1247.185,1316.828,379.346
25.000,55,1205.633,845.365,416.374
25.000,56,1322.205,1192.273,445.095
25.000,57,1023.386,848.338,187.528
25.000,58,667.103,450.513,225.912
25.000,59,706.136,375.482,314.822
25.000,60,248.431,1606.147,117.206
30.000,0,931.787,1307.905,188.463
30.000,1,112.554,906.277,456.618
30.000,2,858.257,1447.679,340.875
30.000,3,1284.567,386.241,128.230
30.000,4,106.487,999.011,267.503
30.000,5,55.132,422.043,335.826
30.000,6,1061.649,562.913,388.498
30.000,7,1121.936,801.407,366.096
30.000,8,207.089,620.714,515.188
30.000,9,1346.539,1238.736,323.770
30.000,10,1058.758,1269.737,439.574
30.000,11,1154.626,1099.367,141.682
30.000,12,521.993,1334.422,588.307
30.000,13,809.495,530.091,165.788
30.000,14,438.871,333.869,246.795
30.000,15,662.443,173.696,112.620
30.000,16,1172.453,416.738,508.834
30.000,17,750.887,219.419,187.299
30.000,18,1142.519,907.487,264.218
30.000,19,230.145,1554.073,359.749
30.000,20,562.389,544.737,552.387
30.000,21,750.495,1405.285,435.933
30.000,22,1101.219,45.377,370.397
30.000,23,206.888,57.388,159.280
30.000,24,459.000,1498.946,476.499
30.000,25,517.221,526.221,407.295
30.000,26,88.554,1530.254,141.844
30.000,27,199.037,1277.850,128.406
30.000,28,552.229,745.812,526.884
30.000,29,896.962,715.851,496.806
30.000,30,216.185,1303.395,435.214
30.000,31,797.135,590.894,373.851
30.000,32,408.658,1468.706,369.616
30.000,33,699.670,1062.008,410.950
30.000,34,262.253,1247.333,145.985
30.000,35,827.107,381.897,568.841
30.000,36,1203.090,283.551,427.849
30.000,37,1146.058,1475.009,332.649
30.000,38,844.942,1254.733,548.639
30.000,39,545.492,202.852,356.358
30.000,40,1379.107,214.668,144.092
30.000,41,1226.835,266.348,362.924
30.000,42,472.628,1357.629,543.745
30.000,43,1043.219,438.730,434.096
30.000,44,695.742,654.326,317.344
30.000,45,514.618,20.520,377.339
30.000,46,159.454,1437.429,316.449
30.000,47,240.416,599.387,304.728
30.000,48,501.069,702.822,240.779
30.000,49,1377.094,454.742,476.462
30.000,50,319.538,648.975,498.362
30.000,51,628.341,1412.839,487.660
30.000,52,573.468,270.636,483.570
30.000,53,54.423,121.610,166.763
30.000,54,1364.593,1319.245,372.560
30.000,55,1092.856,864.385,423.006
30.000,56,1398.545,1305.926,449.988
30.000,57,1107.636,830.043,184.772
30.000,58,646.822,533.595,224.915
30.000,59,685.362,311.979,314.226
30.000,60,343.182,1541.971,116.454
35.000,0,911.736,1394.457,194.076
35.000,1,36.756,947.919,461.169
35.000,2,780.051,1451.475,343.475
35.000,3,1250.077,300.196,125.236
35.000,4,90.903,1081.782,269.503
35.000,5,19.340,509.292,337.258
35.000,6,1154.292,493.223,381.794
35.000,7,1203.087,812.000,367.416
35.000,8,189.096,764.336,510.644
35.000,9,1424.504,1144.376,321.798
35.000,10,1168.953,1195.553,440.469
35.000,11,1190.088,970.252,143.688
35.000,12,401.410,1377.105,584.525
35.000,13,923.848,522.921,169.820
35.000,14,499.733,423.645,245.166
35.000,15,598.270,287.695,118.191
35.000,16,1133.520,529.030,509.955
35.000,17,641.151,194.281,182.164
35.000,18,1169.284,1018.914,264.431
35.000,19,167.328,1577.024,357.733
35.000,20,531.275,631.487,555.807
35.000,21,669.731,1459.427,441.697
35.000,22,1170.102,120.066,369.891
35.000,23,163.132,145.680,159.057
35.000,24,545.796,1413.601,481.141
35.000,25,598.180,580.427,409.761
35.000,26,134.454,1451.710,146.774
35.000,27,297.243,1304.714,130.950
35.000,28,486.371,827.253,528.441
35.000,29,759.530,665.092,495.077
35.000,30,132.165,1263.252,437.321
35.000,31,731.482,470.364,376.067
35.000,32,498.236,1426.857,365.407
35.000,33,771.277,1173.684,406.698
35.000,34,318.987,1300.930,144.742
35.000,35,695.509,346.144,572.554
35.000,36,1135.483,188.500,427.721
35.000,37,1104.675,1532.851,330.450
35.000,38,760.938,1313.805,548.332
35.000,39,435.535,150.099,357.177
35.000,40,1313.338,166.179,143.807
35.000,41,1285.328,206.326,360.712
35.000,42,527.639,1311.942,546.430
35.000,43,989.025,376.089,437.334
35.000,44,773.481,675.252,314.459
35.000,45,431.253,71.327,373.454
35.000,46,230.341,1505.631,315.667
35.000,47,148.599,561.003,304.584
35.000,48,581.534,708.281,240.180
35.000,49,1380.499,428.663,479.212
35.000,50,377.213,575.422,495.050
35.000,51,722.282,1429.092,491.004
35.000,52,672.152,257.612,485.449
35.000,53,27.053,114.677,166.269
35.000,54,1336.117,1336.312,367.714
35.000,55,987.011,911.759,430.839
35.000,56,1369.406,1419.798,450.615
35.000,57,1200.153,811.373,182.831
35.000,58,615.139,606.679,223.411
35.000,59,671.980,238.334,315.425
35.000,60,435.250,1468.626,117.136
40.000,0,902.837,1484.255,198.618
40.000,1,42.063,980.235,463.384
40.000,2,705.104,1445.863,345.932
40.000,3,1203.098,223.248,125.309
40.000,4,70.405,1169.076,271.406
40.000,5,12.687,593.476,338.637
40.000,6,1264.914,447.622,373.288
40.000,7,1287.995,817.429,366.978
40.000,8,177.557,907.519,508.824
40.000,9,1325.346,1057.371,315.531
40.000,10,1271.294,1108.393,441.174
40.000,11,1215.377,841.554,147.731
40.000,12,277.642,1432.130,577.605
40.000,13,1022.292,485.067,172.379
40.000,14,567.372,503.904,240.117
40.000,15,530.311,393.490,124.758
40.000,16,1118.629,644.360,511.682
40.000,17,526.903,194.479,176.636
40.000,18,1200.713,1135.505,265.377
40.000,19,117.023,1471.232,357.032
40.000,20,482.747,695.100,557.746
40.000,21,584.688,1509.660,446.266
40.000,22,1235.132,191.144,368.600
40.000,23,141.910,241.927,157.937
40.000,24,646.534,1342.040,487.535
40.000,25,684.403,597.968,411.665
40.000,26,163.203,1363.368,151.396
40.000,27,373.199,1362.994,133.571
40.000,28,418.843,903.931,530.007
40.000,29,638.025,577.668,490.478
40.000,30,41.271,1238.065,436.306
40.000,31,670.359,361.576,380.779
40.000,32,569.926,1371.852,361.041
40.000,33,821.253,1289.422,401.350
40.000,34,362.263,1365.329,145.030
40.000,35,551.747,331.319,576.265
40.000,36,1056.430,98.311,428.511
40.000,37,1050.346,1581.337,328.575
40.000,38,669.286,1368.052,549.789
40.000,39,309.639,121.520,356.877
40.000,40,1278.134,89.237,144.136
40.000,41,1329.315,135.321,358.204
40.000,42,586.792,1269.928,547.432
40.000,43,925.023,326.341,439.666
40.000,44,853.750,696.007,312.049
40.000,45,349.749,114.017,372.035
40.000,46,294.636,1572.328,315.001
40.000,47,67.349,531.447,305.522
40.000,48,662.852,726.560,240.287
40.000,49,1298.882,405.457,483.520
40.000,50,424.293,497.086,492.140
40.000,51,811.652,1471.390,494.257
40.000,52,769.087,233.553,488.315
40.000,53,103.019,102.673,163.935
40.000,54,1213.333,1330.386,361.896
40.000,55,888.067,960.064,439.107
40.000,56,1287.855,1531.042,453.000
40.000,57,1289.244,791.378,180.764
40.000,58,574.910,690.385,222.101
40.000,59,660.131,160.934,313.505
40.000,60,515.000,1380.634,118.103
45.000,0,900.476,1572.525,204.133
45.000,1,119.938,1024.424,466.364
45.000,2,632.426,1439.424,347.758
45.000,3,1146.224,152.311,123.170
45.000,4,47.565,1247.983,272.548
45.000,5,51.136,679.000,339.319
45.000,6,1367.785,385.982,367.380
45.000,7,1363.651,843.452,366.892
45.000,8,123.018,1047.132,507.248
45.000,9,1264.074,951.128,315.168
45.000,10,1389.856,1026.173,441.488
45.000,11,1219.540,705.189,149.653
45.000,12,150.214,1475.818,572.718
45.000,13,1129.255,456.009,177.011
45.000,14,612.327,595.769,235.512
45.000,15,448.626,487.651,129.132
45.000,16,1096.524,766.276,516.108
45.000,17,418.415,182.662,174.075
45.000,18,1208.730,1250.057,264.839
45.000,19,51.165,1377.269,352.971
45.000,20,431.152,775.053,561.243
45.000,21,516.177,1579.654,450.338
45.000,22,1304.193,261.977,366.892
45.000,23,91.654,319.044,156.106
45.000,24,730.656,1251.919,493.168
45.000,25,777.286,607.537,413.263
45.000,26,213.314,1280.701,156.303
45.000,27,458.057,1410.688,135.761
45.000,28,345.352,971.088,529.334
45.000,29,495.583,542.653,486.364
45.000,30,54.809,1216.347,436.576
45.000,31,581.455,262.529,385.704
45.000,32,653.634,1329.476,357.422
45.000,33,872.062,1408.684,400.348
45.000,34,402.070,1431.550,145.171
45.000,35,412.265,300.005,581.409
45.000,36,967.265,20.673,430.393
45.000,37,1002.736,1583.683,326.136
45.000,38,577.185,1425.121,550.899
45.000,39,182.266,92.072,357.171
45.000,40,1223.259,19.073,142.089
45.000,41,1370.288,58.517,355.738
45.000,42,651.133,1234.171,548.449
45.000,43,870.649,262.541,442.903
45.000,44,937.454,710.157,309.399
45.000,45,282.071,174.951,368.362
45.000,46,362.306,1576.975,316.242
45.000,47,9.569,470.237,305.816
45.000,48,740.625,754.716,240.671
45.000,49,1208.675,368.495,488.172
45.000,50,492.276,437.017,488.514
45.000,51,905.343,1508.958,493.582
45.000,52,866.705,212.598,491.026
45.000,53,171.739,81.669,162.549
45.000,54,1106.364,1371.612,358.706
45.000,55,789.402,1018.394,445.517
45.000,56,1207.521,1574.435,454.767
45.000,57,1383.497,770.061,178.733
45.000,58,545.342,767.218,222.088
45.000,59,633.254,89.439,314.204
45.000,60,602.841,1310.106,116.728
50.000,0,909.456,1551.334,209.295
50.000,1,198.638,1057.914,471.260
50.000,2,553.777,1441.010,350.027
50.000,3,1112.178,68.262,121.380
50.000,4,25.346,1326.856,275.343
50.000,5,96.512,755.331,339.472
50.000,6,1357.774,337.448,362.512
50.000,7,1408.074,867.252,366.753
50.000,8,80.926,1186.508,506.524
50.000,9,1204.267,854.226,310.726
50.000,10,1316.682,961.197,440.586
50.000,11,1213.723,566.058,152.544
50.000,12,26.918,1520.203,566.142
50.000,13,1237.146,433.161,180.651
50.000,14,662.974,687.773,232.572
50.000,15,368.345,588.112,131.467
50.000,16,1085.537,892.023,517.230
50.000,17,300.908,194.273,171.846
50.000,18,1220.826,1364.705,262.649
50.000,19,29.777,1263.426,352.942
50.000,20,391.076,853.094,563.044
50.000,21,437.596,1594.131,453.417
50.000,22,1358.889,342.934,365.874
50.000,23,83.833,422.863,153.215
50.000,24,811.416,1148.995,499.579
50.000,25,865.170,644.873,415.892
50.000,26,250.715,1198.171,163.733
50.000,27,549.909,1447.126,140.570
50.000,28,290.916,1053.013,526.069
50.000,29,352.304,504.685,483.359
50.000,30,137.599,1182.091,435.554
50.000,31,528.449,134.860,391.166
50.000,32,728.661,1280.540,353.590
50.000,33,927.407,1521.661,398.357
50.000,34,443.153,1491.438,143.149
50.000,35,282.214,323.377,587.196
50.000,36,891.246,73.340,432.155
50.000,37,954.151,1522.395,325.205
50.000,38,477.715,1463.074,550.269
50.000,39,52.270,70.605,357.662
50.000,40,1163.811,58.201,141.757
50.000,41,1403.280,15.403,354.161
50.000,42,712.298,1189.264,550.232
50.000,43,817.175,203.423,445.778
50.000,44,1012.695,730.273,306.678
50.000,45,205.338,227.499,362.756
50.000,46,427.965,1511.014,315.596
50.000,47,97.391,424.893,307.883
50.000,48,818.904,766.322,239.944
50.000,49,1125.396,345.863,493.156
50.000,50,539.684,355.588,485.000
50.000,51,994.344,1550.446,494.685
50.000,52,960.222,204.477,492.637
50.000,53,244.196,73.814,159.438
50.000,54,986.824,1384.374,352.254
50.000,55,687.900,1058.976,449.520
50.000,56,1148.992,1461.308,456.428
50.000,57,1380.030,759.782,176.688
50.000,58,504.473,839.605,222.818
50.000,59,612.784,12.063,313.302
50.000,60,682.877,1222.793,115.901
55.000,0,903.475,1465.119,213.697
55.000,1,280.431,1082.618,475.261
55.000,2,477.918,1429.363,351.287
55.000,3,1060.487,5.963,119.337
55.000,4,4.332,1408.721,277.401
55.000,5,126.308,845.929,339.131
55.000,6,1248.889,300.238,357.697
55.000,7,1327.423,892.230,366.780
55.000,8,67.254,1338.104,505.659
55.000,9,1132.596,753.567,308.816
55.000,10,1199.574,881.420,438.986
55.000,11,1196.847,430.487,156.473
55.000,12,126.033,1554.379,562.755
55.000,13,1345.789,428.824,183.555
55.000,14,718.816,784.470,227.739
55.000,15,298.068,696.605,134.362
55.000,16,1093.819,1017.185,517.274
55.000,17,180.466,188.019,168.456
55.000,18,1236.604,1479.155,258.365
55.000,19,31.213,1160.791,352.695
55.000,20,349.884,931.797,565.485
55.000,21,356.746,1545.373,457.826
55.000,22,1406.608,409.225,366.208
55.000,23,46.288,518.635,148.877
55.000,24,893.433,1052.648,504.877
55.000,25,961.196,671.764,420.483
55.000,26,307.803,1112.663,166.646
55.000,27,635.551,1505.919,143.202
55.000,28,225.726,1131.344,524.602
55.000,29,226.694,427.000,479.407
55.000,30,212.011,1136.290,434.423
55.000,31,451.553,27.022,397.414
55.000,32,813.796,1245.412,350.799
55.000,33,1005.458,1576.955,395.009
55.000,34,492.054,1557.390,143.761
55.000,35,153.885,314.474,593.957
55.000,36,829.267,169.334,433.259
55.000,37,918.532,1459.446,325.181
55.000,38,378.317,1504.386,549.803
55.000,39,103.110,46.431,356.669
55.000,40,1112.360,132.729,139.887
55.000,41,1344.367,85.144,351.759
55.000,42,776.911,1163.470,552.346
55.000,43,771.995,144.078,447.167
55.000,44,1086.090,762.528,304.034
55.000,45,119.336,272.920,356.930
55.000,46,490.397,1450.351,312.857
55.000,47,179.638,382.777,307.877
55.000,48,883.181,798.765,241.492
55.000,49,1040.721,294.013,497.307
55.000,50,594.049,274.268,481.874
55.000,51,1093.268,1580.269,495.220
55.000,52,1051.773,188.712,497.166
55.000,53,315.705,59.919,157.749
55.000,54,872.615,1408.750,346.489
55.000,55,578.239,1092.247,451.238
55.000,56,1101.396,1336.302,456.077
55.000,57,1292.021,740.594,174.660
55.000,58,486.050,913.091,222.087
55.000,59,586.891,66.870,312.372
55.000,60,780.969,1149.563,116.894
60.000,0,891.415,1373.707,217.006
60.000,1,364.174,1118.892,480.650
60.000,2,407.968,1437.754,353.035
60.000,3,1010.589,79.618,116.404
60.000,4,30.623,1485.877,278.656
60.000,5,154.336,929.473,337.540
60.000,6,1142.112,261.662,352.418
60.000,7,1262.900,943.447,366.952
60.000,8,9.027,1477.493,503.950
60.000,9,1046.737,668.688,302.116
60.000,10,1085.003,798.327,438.339
60.000,11,1219.503,293.167,160.664
60.000,12,239.930,1607.468,560.681
60.000,13,1388.708,404.209,186.903
60.000,14,786.323,874.634,223.245
60.000,15,220.579,799.600,134.908
60.000,16,1060.123,1132.813,517.916
60.000,17,66.796,149.521,166.130
60.000,18,1278.071,1589.113,254.893
60.000,19,78.150,1056.813,351.753
60.000,20,292.544,1003.304,570.447
60.000,21,271.486,1504.993,460.977
60.000,22,1341.795,477.936,364.957
60.000,23,7.984,611.685,145.601
60.000,24,1010.607,985.042,508.676
60.000,25,1055.476,702.145,424.812
60.000,26,368.329,1041.429,171.195
60.000,27,728.979,1549.048,144.869
60.000,28,159.459,1199.679,525.004
60.000,29,113.930,341.046,479.317
60.000,30,301.760,1114.274,434.434
60.000,31,369.649,89.820,404.865
60.000,32,890.530,1185.147,347.923
60.000,33,1075.541,1465.234,392.518
60.000,34,547.126,1606.332,142.358
60.000,35,21.130,323.125,596.638
60.000,36,735.252,245.616,436.846
60.000,37,873.586,1393.283,324.231
60.000,38,280.645,1547.431,550.876
60.000,39,228.841,10.068,357.554
60.000,40,1066.223,205.360,140.564
60.000,41,1298.687,158.717,350.672
60.000,42,834.043,1128.499,555.584
60.000,43,720.082,80.973,449.434
60.000,44,1159.597,790.616,302.789
60.000,45,41.959,328.521,355.145
60.000,46,548.062,1378.418,312.266
60.000,47,259.434,328.397,309.740
60.000,48,946.568,822.088,241.590
60.000,49,954.617,256.844,501.161
60.000,50,665.117,215.206,478.619
60.000,51,1179.262,1590.448,495.787
60.000,52,1136.915,160.832,501.440
60.000,53,387.118,38.910,156.614
60.000,54,756.448,1448.202,344.175
60.000,55,469.341,1123.440,456.656
60.000,56,1031.915,1214.006,454.105
60.000,57,1195.302,729.566,172.947
60.000,58,466.475,990.837,220.671
60.000,59,560.193,137.411,312.719
60.000,60,874.958,1076.988,118.164
65.000,0,881.047,1287.615,221.854
65.000,1,437.376,1158.978,486.602
65.000,2,337.560,1455.147,356.299
65.000,3,961.013,151.913,115.692
65.000,4,62.415,1559.920,279.939
65.000,5,186.781,1014.177,336.961
65.000,6,1044.361,209.637,346.430
65.000,7,1193.181,972.457,367.186
65.000,8,73.135,1593.784,505.687
65.000,9,935.210,613.385,296.585
65.000,10,948.897,756.734,442.782
65.000,11,1214.764,157.060,163.700
65.000,12,364.589,1566.968,557.070
65.000,13,1278.136,385.856,192.315
65.000,14,860.069,962.240,219.268
65.000,15,159.324,910.512,138.678
65.000,16,1044.655,1251.594,520.059
65.000,17,63.059,135.942,163.870
65.000,18,1326.813,1527.958,252.067
65.000,19,135.116,955.083,350.842
65.000,20,228.122,1068.460,573.355
65.000,21,191.882,1448.555,465.228
65.000,22,1261.892,537.769,363.783
65.000,23,30.337,704.284,144.239
65.000,24,1106.075,899.947,513.953
65.000,25,1155.296,726.439,427.418
65.000,26,425.221,965.724,174.082
65.000,27,808.767,1606.971,149.002
65.000,28,89.187,1274.801,523.952
65.000,29,13.211,256.337,475.400
65.000,30,385.754,1086.604,433.064
65.000,31,276.830,189.349,413.228
65.000,32,975.314,1143.080,343.773
65.000,33,1184.862,1374.344,389.997
65.000,34,590.986,1553.135,140.528
65.000,35,127.538,330.022,590.882
65.000,36,684.423,342.339,436.253
65.000,37,833.269,1322.760,322.411
65.000,38,190.434,1603.981,554.572
65.000,39,359.987,10.860,359.551
65.000,40,1020.479,287.881,141.388
65.000,41,1248.220,232.464,348.643
65.000,42,897.722,1095.670,557.978
65.000,43,655.477,30.450,452.361
65.000,44,1240.100,817.150,301.216
65.000,45,50.813,371.528,351.538
65.000,46,625.125,1320.219,312.257
65.000,47,350.195,277.621,309.241
65.000,48,1023.655,841.300,240.648
65.000,49,873.687,204.682,504.621
65.000,50,735.795,148.210,474.243
65.000,51,1280.532,1569.858,497.541
65.000,52,1231.640,126.737,505.240
65.000,53,460.524,14.463,155.648
65.000,54,649.131,1489.414,338.567
65.000,55,362.909,1150.039,461.498
65.000,56,974.147,1096.904,454.853
65.000,57,1116.346,699.991,171.153
65.000,58,441.762,1077.059,220.204
65.000,59,539.003,210.597,313.199
65.000,60,979.716,1002.257,117.442
70.000,0,890.268,1203.719,224.815
70.000,1,513.146,1195.545,490.746
70.000,2,260.504,1461.140,359.558
70.000,3,924.917,227.168,116.232
70.000,4,94.228,1586.981,282.380
70.000,5,219.844,1097.409,335.715
70.000,6,939.219,164.999,339.267
70.000,7,1126.107,1008.888,368.355
70.000,8,137.829,1487.556,505.435
70.000,9,847.538,527.635,293.383
70.000,10,840.030,672.251,442.228
70.000,11,1236.490,24.154,165.844
70.000,12,486.660,1523.227,554.282
70.000,13,1173.574,357.530,196.716
70.000,14,921.382,1055.960,215.008
70.000,15,107.105,1030.409,140.766
70.000,16,1034.831,1370.167,521.722
70.000,17,166.824,123.430,159.797
70.000,18,1367.446,1419.967,250.019
70.000,19,193.247,858.994,347.651
70.000,20,163.425,1121.785,576.786
70.000,21,130.319,1377.240,470.733
70.000,22,1185.557,597.904,364.339
70.000,23,75.046,790.362,141.227
70.000,24,1203.077,818.524,517.959
70.000,25,1249.965,754.942,432.037
70.000,26,465.305,875.381,176.238
70.000,27,905.288,1578.059,150.511
70.000,28,23.545,1345.699,521.575
70.000,29,146.639,180.977,476.304
70.000,30,473.187,1075.910,432.967
70.000,31,191.699,298.645,420.146
70.000,32,1058.366,1093.491,339.320
70.000,33,1261.107,1280.039,388.763
70.000,34,643.639,1494.198,139.779
70.000,35,259.383,316.832,588.179
70.000,36,627.698,441.209,436.887
70.000,37,792.464,1263.645,322.955
70.000,38,100.075,1566.993,556.127
70.000,39,492.474,36.466,363.332
70.000,40,953.897,353.787,141.834
70.000,41,1195.580,312.251,347.009
70.000,42,958.731,1057.522,560.466
70.000,43,583.381,15.876,455.511
70.000,44,1324.772,851.638,298.868
70.000,45,137.747,408.417,347.261
70.000,46,699.486,1263.195,312.959
70.000,47,438.691,243.617,308.357
70.000,48,1094.530,866.912,241.914
70.000,49,791.469,159.517,506.639
70.000,50,801.253,72.064,471.980
70.000,51,1376.441,1528.782,498.750
70.000,52,1326.169,99.111,509.610
70.000,53,537.024,7.008,153.699
70.000,54,526.647,1484.566,334.656
70.000,55,256.456,1184.365,470.422
70.000,56,915.998,974.787,454.748
70.000,57,1023.089,685.203,171.928
70.000,58,400.095,1154.803,219.667
70.000,59,505.380,281.565,312.104
70.000,60,1088.255,935.664,117.373
75.000,0,896.519,1122.986,229.533
75.000,1,588.344,1242.933,494.571
75.000,2,182.988,1443.786,363.120
75.000,3,876.170,307.381,114.595
75.000,4,134.983,1514.090,282.525
75.000,5,250.562,1171.932,335.294
75.000,6,838.905,130.084,332.793
75.000,7,1045.793,1040.138,368.331
75.000,8,176.039,1344.510,503.595
75.000,9,765.802,446.228,288.951
75.000,10,715.501,596.836,439.020
75.000,11,1245.237,132.824,168.438
75.000,12,603.861,1464.680,550.503
75.000,13,1074.218,311.089,204.047
75.000,14,969.858,1149.362,211.215
75.000,15,15.425,1127.658,144.595
75.000,16,1024.385,1492.946,524.604
75.000,17,274.366,103.933,157.920
75.000,18,1394.764,1311.558,250.216
75.000,19,253.823,764.313,344.808
75.000,20,105.658,1184.085,580.907
75.000,21,69.296,1311.130,474.992
75.000,22,1117.884,667.168,363.651
75.000,23,108.710,873.940,138.201
75.000,24,1281.538,714.128,520.277
75.000,25,1345.489,784.559,436.254
75.000,26,516.888,790.681,181.515
75.000,27,997.559,1544.561,151.142
75.000,28,49.472,1412.842,520.589
75.000,29,259.226,85.587,472.773
75.000,30,565.606,1057.727,433.682
75.000,31,115.494,409.334,427.743
75.000,32,1128.992,1030.640,333.768
75.000,33,1351.905,1192.547,388.054
75.000,34,701.427,1436.968,138.298
75.000,35,400.130,293.632,581.032
75.000,36,548.766,520.003,435.923
75.000,37,756.469,1197.857,320.211
75.000,38,10.947,1523.723,557.566
75.000,39,618.926,67.774,362.743
75.000,40,892.855,413.084,142.450
75.000,41,1140.304,381.623,342.705
75.000,42,1015.319,1005.199,561.199
75.000,43,520.934,69.058,459.948
75.000,44,1409.843,885.444,293.893
75.000,45,221.740,444.056,343.722
75.000,46,772.751,1190.570,314.005
75.000,47,536.814,223.575,306.200
75.000,48,1164.856,887.224,241.486
75.000,49,705.827,125.592,508.855
75.000,50,861.907,12.547,470.351
75.000,51,1384.980,1485.380,500.070
75.000,52,1414.810,64.530,511.297
75.000,53,614.266,39.670,152.852
75.000,54,412.200,1518.021,332.214
75.000,55,156.379,1239.902,474.254
75.000,56,834.541,864.167,456.281
75.000,57,936.321,655.058,170.326
75.000,58,355.162,1222.789,220.874
75.000,59,482.462,354.379,309.620
75.000,60,1177.168,865.169,115.316
80.000,0,894.720,1031.632,234.892
80.000,1,657.735,1290.965,498.716
80.000,2,104.608,1445.632,366.449
80.000,3,837.279,398.217,112.919
80.000,4,173.016,1442.951,282.055
80.000,5,279.270,1254.753,335.921
80.000,6,732.686,95.376,328.289
80.000,7,973.651,1078.233,367.354
80.000,8,202.943,1201.886,502.206
80.000,9,671.404,380.057,286.193
80.000,10,597.054,530.513,438.100
80.000,11,1233.585,268.433,173.131
80.000,12,726.608,1417.537,547.120
80.000,13,967.145,289.320,206.093
80.000,14,1023.403,1240.323,205.736
80.000,15,58.889,1233.438,149.394
80.000,16,982.791,1598.888,524.756
80.000,17,377.703,66.744,155.445
80.000,18,1420.958,1212.814,249.621
80.000,19,294.674,656.062,341.856
80.000,20,43.898,1254.917,584.540
80.000,21,9.766,1260.385,478.494
80.000,22,1047.827,735.074,364.008
80.000,23,150.976,960.256,137.459
80.000,24,1367.831,617.146,526.081
80.000,25,1412.984,825.303,441.053
80.000,26,568.079,706.174,188.611
80.000,27,1089.486,1494.339,155.025
80.000,28,118.136,1475.662,520.088
80.000,29,403.990,61.269,468.831
80.000,30,652.224,1030.803,433.684
80.000,31,39.339,523.247,434.869
80.000,32,1198.194,971.347,331.178
80.000,33,1401.704,1103.148,387.259
80.000,34,738.060,1361.741,139.870
80.000,35,533.331,283.512,577.298
80.000,36,466.663,599.363,436.607
80.000,37,704.385,1139.328,317.714
80.000,38,79.550,1458.408,557.944
80.000,39,737.358,117.034,361.667
80.000,40,832.478,476.695,142.906
80.000,41,1112.576,465.230,341.738
80.000,42,1083.197,959.660,562.499
80.000,43,458.182,121.576,461.362
80.000,44,1343.753,906.984,290.073
80.000,45,297.752,491.768,340.794
80.000,46,839.967,1122.266,314.066
80.000,47,621.755,179.687,306.386
80.000,48,1248.538,883.486,242.782
80.000,49,621.925,97.505,513.603
80.000,50,934.667,81.311,467.330
80.000,51,1293.232,1451.061,502.636
80.000,52,1339.238,62.228,513.436
80.000,53,681.928,70.727,151.070
80.000,54,288.128,1531.003,329.648
80.000,55,47.202,1271.815,479.145
80.000,56,750.422,756.590,457.024
80.000,57,860.156,618.643,167.033
80.000,58,331.335,1293.225,220.807
80.000,59,457.255,431.835,308.505
80.000,60,1269.810,794.606,116.397
85.000,0,871.574,945.194,240.838
85.000,1,728.549,1328.847,503.060
85.000,2,27.143,1452.964,370.364
85.000,3,788.658,479.508,111.430
85.000,4,205.771,1366.222,281.801
85.000,5,321.978,1328.159,335.972
85.000,6,632.288,39.762,324.306
85.000,7,896.263,1091.832,370.511
85.000,8,240.904,1056.967,500.173
85.000,9,583.960,287.606,284.215
85.000,10,478.010,461.525,433.753
85.000,11,1238.305,402.902,176.215
85.000,12,856.098,1366.390,546.078
85.000,13,860.378,295.170,207.373
85.000,14,1080.882,1334.273,201.856
85.000,15,130.537,1335.691,152.511
85.000,16,959.917,1501.972,526.216
85.000,17,487.570,34.747,151.302
85.000,18,1402.701,1095.605,248.155
85.000,19,350.304,553.126,338.886
85.000,20,44.826,1311.298,588.770
85.000,21,82.139,1192.822,480.684
85.000,22,983.696,809.714,361.862
85.000,23,164.387,1049.155,137.718
85.000,24,1369.408,534.399,530.602
85.000,25,1318.600,849.564,445.486
85.000,26,603.941,608.799,193.930
85.000,27,1190.507,1480.213,157.179
85.000,28,180.634,1552.409,517.311
85.000,29,524.007,43.625,466.402
85.000,30,740.172,1017.344,433.478
85.000,31,31.467,639.488,440.748
85.000,32,1281.868,937.524,329.505
85.000,33,1334.362,986.715,379.633
85.000,34,786.502,1293.549,142.816
85.000,35,668.862,278.401,571.354
85.000,36,392.838,691.132,439.462
85.000,37,657.444,1080.076,318.823
85.000,38,168.795,1396.846,557.962
85.000,39,860.060,140.407,362.523
85.000,40,779.227,548.360,141.260
85.000,41,1079.663,544.537,340.010
85.000,42,1161.296,926.580,563.796
85.000,43,407.171,180.701,465.120
85.000,44,1267.615,918.683,287.442
85.000,45,364.323,554.795,337.237
85.000,46,899.094,1052.655,315.335
85.000,47,696.062,118.744,304.745
85.000,48,1327.401,894.602,244.278
85.000,49,541.161,47.454,517.835
85.000,50,1003.319,148.818,463.292
85.000,51,1191.261,1433.134,504.409
85.000,52,1243.514,63.126,515.427
85.000,53,743.388,104.710,149.339
85.000,54,170.278,1577.491,325.166
85.000,55,67.840,1309.893,484.867
85.000,56,646.506,663.733,457.528
85.000,57,773.374,582.402,166.397
85.000,58,300.342,1373.085,221.029
85.000,59,439.578,507.597,307.687
85.000,60,1358.242,717.186,116.604
90.000,0,863.798,861.109,245.353
90.000,1,800.466,1355.377,505.717
90.000,2,58.595,1455.678,373.461
90.000,3,744.902,565.482,110.105
90.000,4,239.580,1289.035,282.672
90.000,5,365.219,1406.606,335.580
90.000,6,535.162,0.788,318.892
90.000,7,810.983,1110.964,374.227
90.000,8,308.961,927.183,498.094
90.000,9,507.009,191.296,282.749
90.000,10,368.136,376.644,432.633
90.000,11,1209.989,536.885,179.151
90.000,12,988.648,1323.263,541.557
90.000,13,746.118,281.223,213.150
90.000,14,1145.572,1414.070,198.510
90.000,15,215.035,1436.613,154.552
90.000,16,925.478,1389.021,526.573
90.000,17,600.514,30.284,147.989
90.000,18,1384.741,980.124,247.344
90.000,19,381.143,442.528,337.087
90.000,20,118.763,1369.183,593.686
90.000,21,160.325,1140.562,481.884
90.000,22,901.550,866.421,361.524
90.000,23,228.705,1128.476,135.410
90.000,24,1273.062,450.524,535.614
90.000,25,1231.032,898.423,450.570
90.000,26,648.114,520.353,197.053
90.000,27,1281.753,1438.417,157.580
90.000,28,255.327,1597.772,519.196
90.000,29,661.920,80.645,463.736
90.000,30,829.078,1002.233,434.544
90.000,31,95.295,759.505,446.997
90.000,32,1366.162,890.134,327.958
90.000,33,1284.181,863.182,378.140
90.000,34,824.643,1229.508,142.923
90.000,35,806.604,253.804,565.351
90.000,36,319.173,774.700,439.061
90.000,37,600.697,1024.067,319.372
90.000,38,271.401,1357.280,558.644
90.000,39,982.450,157.080,362.593
90.000,40,724.275,618.069,142.101
90.000,41,1021.141,610.081,340.016
90.000,42,1226.648,884.374,567.106
90.000,43,345.886,240.373,468.793
90.000,44,1189.156,929.012,284.643
90.000,45,443.574,613.813,332.998
90.000,46,966.649,989.115,313.776
90.000,47,788.185,79.495,303.658
90.000,48,1406.996,897.719,246.820
90.000,49,457.663,11.180,521.024
90.000,50,1075.052,215.876,460.861
90.000,51,1092.270,1409.333,508.041
90.000,52,1144.692,56.442,516.993
90.000,53,815.241,130.500,148.086
90.000,54,60.815,1589.168,320.601
90.000,55,169.105,1330.964,490.979
90.000,56,565.089,552.895,456.830
90.000,57,679.898,555.791,161.445
90.000,58,274.742,1454.131,221.160
90.000,59,438.851,585.479,307.745
90.000,60,1397.328,639.656,115.359
95.000,0,844.459,773.826,249.596
95.000,1,876.450,1397.343,510.506
95.000,2,136.198,1449.065,376.235
95.000,3,698.306,634.035,107.696
95.000,4,272.321,1212.047,284.634
95.000,5,394.150,1495.742,335.267
95.000,6,446.678,57.618,314.039
95.000,7,737.037,1152.644,374.181
95.000,8,347.394,793.313,494.233
95.000,9,415.130,116.694,280.818
95.000,10,252.075,299.462,433.214
95.000,11,1201.812,670.042,185.252
95.000,12,1117.904,1290.127,537.494
95.000,13,639.813,253.185,216.320
95.000,14,1201.366,1501.909,196.045
95.000,15,295.357,1536.462,160.856
95.000,16,893.689,1269.071,523.974
95.000,17,712.490,13.091,143.974
95.000,18,1382.335,864.734,246.025
95.000,19,435.462,331.374,335.223
95.000,20,183.335,1431.275,596.412
95.000,21,225.266,1078.909,486.769
95.000,22,821.591,930.172,359.365
95.000,23,259.069,1215.413,134.938
95.000,24,1174.235,362.344,540.890
95.000,25,1138.222,926.748,453.747
95.000,26,700.426,435.411,201.287
95.000,27,1361.087,1387.786,156.967
95.000,28,315.919,1514.245,520.228
95.000,29,795.116,139.673,460.958
95.000,30,903.409,956.587,435.242
95.000,31,158.053,880.786,453.100
95.000,32,1391.903,843.422,326.859
95.000,33,1194.146,761.937,373.680
95.000,34,867.542,1166.576,141.362
95.000,35,942.264,238.425,562.924
95.000,36,250.251,873.831,439.238
95.000,37,544.692,970.759,318.613
95.000,38,358.184,1293.642,559.628
95.000,39,1102.154,157.384,364.749
95.000,40,656.572,680.856,141.237
95.000,41,972.944,691.104,338.154
95.000,42,1300.760,857.763,569.374
95.000,43,290.362,295.111,473.485
95.000,44,1109.298,948.893,283.777
95.000,45,519.354,663.270,327.308
95.000,46,1021.139,917.900,314.385
95.000,47,879.875,43.149,303.408
95.000,48,1356.912,905.624,246.263
95.000,49,365.460,15.666,523.478
95.000,50,1135.414,281.573,456.211
95.000,51,995.755,1384.546,509.921
95.000,52,1044.344,58.163,519.444
95.000,53,886.108,159.086,145.996
95.000,54,62.763,1598.065,316.574
95.000,55,277.662,1359.841,497.362
95.000,56,515.273,428.168,456.627
95.000,57,594.886,522.537,160.373
95.000,58,224.073,1524.851,221.799
95.000,59,417.294,657.054,306.768
95.000,60,1326.999,551.296,113.774
100.000,0,834.189,689.172,253.588
100.000,1,963.300,1431.972,516.355
100.000,2,214.580,1449.590,378.674
100.000,3,639.974,708.211,106.404
100.000,4,305.959,1136.394,285.052
100.000,5,415.492,1584.833,335.585
100.000,6,345.433,118.287,308.961
100.000,7,662.213,1181.970,375.200
100.000,8,403.044,653.806,493.602
100.000,9,310.748,46.438,277.208
100.000,10,141.698,217.069,430.817
100.000,11,1220.379,803.649,189.770
100.000,12,1248.188,1263.531,530.518
100.000,13,523.176,266.780,221.700
100.000,14,1249.515,1592.550,192.839
100.000,15,370.816,1570.626,165.145
100.000,16,867.521,1151.022,524.301
100.000,17,821.417,37.245,139.190
100.000,18,1372.993,743.905,246.103
100.000,19,476.239,226.683,333.687
100.000,20,227.846,1511.518,598.580
100.000,21,302.349,1021.143,490.641
100.000,22,749.085,998.077,359.311
100.000,23,278.270,1318.100,131.955
100.000,24,1070.467,286.199,545.357
100.000,25,1042.804,947.398,457.127
100.000,26,742.648,343.908,205.408
100.000,27,1382.150,1345.989,155.696
100.000,28,395.171,1460.002,520.968
100.000,29,920.919,217.707,454.659
100.000,30,989.348,912.823,434.528
100.000,31,240.639,990.900,458.363
100.000,32,1297.589,816.386,324.989
100.000,33,1130.384,650.357,370.142
100.000,34,907.351,1097.140,141.139
100.000,35,1082.021,227.541,559.092
100.000,36,173.723,950.221,441.080
100.000,37,503.933,906.247,317.928
100.000,38,462.062,1259.455,561.140
100.000,39,1220.913,204.885,365.267
100.000,40,598.880,743.870,142.732
100.000,41,922.331,763.062,335.963
100.000,42,1355.298,806.652,571.054
100.000,43,225.588,346.900,476.165
100.000,44,1038.013,980.595,281.920
100.000,45,590.833,723.150,325.946
100.000,46,1084.819,852.626,317.080
100.000,47,956.732,12.734,303.631
100.000,48,1279.497,916.434,245.497
100.000,49,277.367,57.345,528.188
100.000,50,1180.170,366.235,452.280
100.000,51,904.919,1352.671,509.398
100.000,52,948.300,11.283,523.130
100.000,53,961.222,158.138,144.443
100.000,54,175.936,1605.017,313.053
100.000,55,386.137,1394.722,504.218
100.000,56,423.129,327.487,461.810
100.000,57,512.264,475.504,158.388
100.000,58,183.680,1609.485,220.394
100.000,59,405.056,727.627,306.237
100.000,60,1250.685,452.619,113.243
105.000,0,834.838,591.947,260.966
105.000,1,1051.131,1453.851,522.004
105.000,2,293.883,1428.713,382.523
105.000,3,593.734,795.364,106.697
105.000,4,342.394,1063.019,285.873
105.000,5,437.866,1552.429,335.450
105.000,6,247.179,171.877,304.128
105.000,7,582.341,1209.123,376.510
105.000,8,440.199,508.513,493.342
105.000,9,227.711,40.471,274.593
105.000,10,18.841,149.164,429.331
105.000,11,1209.006,931.110,192.774
105.000,12,1381.217,1232.172,529.185
105.000,13,417.063,232.945,225.551
105.000,14,1303.857,1531.596,187.996
105.000,15,427.630,1459.833,169.341
105.000,16,834.529,1034.682,524.004
105.000,17,930.630,59.173,135.786
105.000,18,1346.255,633.928,247.010
105.000,19,534.312,126.139,333.075
105.000,20,281.899,1587.978,593.579
105.000,21,383.644,986.388,494.145
105.000,22,669.371,1058.135,359.962
105.000,23,303.346,1417.601,130.665
105.000,24,969.315,202.384,548.019
105.000,25,959.152,984.340,460.962
105.000,26,793.299,259.412,211.354
105.000,27,1293.988,1310.749,157.721
105.000,28,462.545,1389.105,521.227
105.000,29,1045.418,293.613,449.778
105.000,30,1070.310,883.914,436.139
105.000,31,321.385,1096.367,462.163
105.000,32,1215.747,775.819,323.617
105.000,33,1069.048,536.178,367.013
105.000,34,942.240,1031.952,140.774
105.000,35,1223.176,229.464,552.068
105.000,36,104.443,1043.900,443.589
105.000,37,451.115,847.926,315.971
105.000,38,561.719,1211.761,563.117
105.000,39,1349.045,248.193,367.694
105.000,40,535.873,805.603,142.727
105.000,41,873.002,829.921,335.297
105.000,42,1406.484,749.601,571.671
105.000,43,160.563,400.802,478.781
105.000,44,962.884,1011.692,278.508
105.000,45,677.199,768.479,323.516
105.000,46,1153.007,793.050,316.067
105.000,47,1047.023,59.393,304.672
105.000,48,1206.063,956.759,246.621
105.000,49,184.447,86.228,532.903
105.000,50,1230.681,447.402,448.280
105.000,51,806.906,1331.207,511.474
105.000,52,847.097,5.487,526.024
105.000,53,1037.489,158.401,143.176
105.000,54,295.973,1593.541,306.989
105.000,55,484.309,1447.552,511.214
105.000,56,334.393,219.507,463.601
105.000,57,424.118,453.284,155.943
105.000,58,169.680,1522.642,217.974
105.000,59,378.982,794.405,306.112
105.000,60,1154.951,380.085,115.372
110.000,0,820.899,501.494,263.027
110.000,1,1127.808,1479.001,525.340
110.000,2,366.935,1405.856,385.437
110.000,3,562.469,885.129,105.440
110.000,4,378.591,990.139,287.019
110.000,5,470.070,1469.994,334.827
110.000,6,147.550,228.532,301.157
110.000,7,506.313,1244.489,377.529
110.000,8,496.863,364.647,489.430
110.000,9,124.219,108.113,269.311
110.000,10,113.253,71.712,429.488
110.000,11,1185.816,1062.480,197.191
110.000,12,1327.253,1203.280,526.029
110.000,13,309.485,212.274,227.561
110.000,14,1345.933,1427.901,185.247
110.000,15,463.373,1339.148,172.062
110.000,16,839.941,920.561,524.738
110.000,17,1044.472,81.950,132.423
110.000,18,1306.946,527.707,245.038
110.000,19,597.203,30.068,331.996
110.000,20,345.517,1562.741,588.947
110.000,21,452.749,933.156,497.807
110.000,22,594.250,1120.206,360.730
110.000,23,339.393,1512.478,129.088
110.000,24,886.156,97.889,550.721
110.000,25,864.091,1004.102,462.340
110.000,26,852.682,174.318,214.218
110.000,27,1208.853,1267.395,160.006
110.000,28,526.155,1302.123,520.518
110.000,29,1175.504,354.432,449.643
110.000,30,1164.281,852.454,436.951
110.000,31,385.763,1214.859,470.617
110.000,32,1137.640,737.086,318.821
110.000,33,988.303,435.194,365.583
110.000,34,990.627,961.146,140.477
110.000,35,1354.190,204.182,544.819
110.000,36,32.500,1132.365,444.603
110.000,37,403.956,788.518,316.567
110.000,38,649.903,1148.857,564.240
110.000,39,1378.002,263.432,369.743
110.000,40,487.905,873.844,142.859
110.000,41,836.549,905.221,333.677
110.000,42,1386.541,714.622,573.247
110.000,43,111.180,454.539,483.623
110.000,44,886.276,1026.464,276.426
110.000,45,766.994,802.226,320.961
110.000,46,1225.174,734.306,314.757
110.000,47,1111.575,125.668,302.829
110.000,48,1134.587,982.312,247.163
110.000,49,98.921,100.633,537.092
110.000,50,1287.718,519.389,443.452
110.000,51,712.920,1296.416,513.242
110.000,52,757.533,36.174,527.455
110.000,53,1113.468,164.373,142.150
110.000,54,414.623,1577.068,305.455
110.000,55,593.261,1480.122,515.200
110.000,56,262.103,111.151,464.776
110.000,57,331.960,422.706,155.026
110.000,58,129.671,1449.837,216.543
110.000,59,353.502,875.203,305.291
110.000,60,1057.452,314.226,112.629
115.000,0,821.032,407.737,265.415
115.000,1,1195.744,1509.668,528.958
115.000,2,437.175,1385.078,388.046
115.000,3,537.205,978.394,103.579
115.000,4,392.406,906.095,288.585
115.000,5,499.380,1387.327,335.935
115.000,6,40.200,265.374,294.682
115.000,7,438.093,1286.080,377.465
115.000,8,566.454,235.579,485.532
115.000,9,10.624,167.661,267.931
115.000,10,239.711,26.020,430.700
115.000,11,1147.489,1197.484,200.316
115.000,12,1207.139,1161.662,523.152
115.000,13,202.050,193.428,233.215
115.000,14,1415.163,1350.817,179.850
115.000,15,509.688,1214.578,174.381
115.000,16,809.170,803.912,526.491
115.000,17,1151.442,102.102,128.425
115.000,18,1283.555,411.471,244.258
115.000,19,641.155,89.692,331.269
115.000,20,401.823,1495.706,587.041
115.000,21,541.311,900.823,502.706
115.000,22,521.564,1191.697,360.303
115.000,23,375.804,1599.098,128.864
115.000,24,819.650,18.843,554.324
115.000,25,768.416,1030.520,465.143
115.000,26,888.014,87.649,218.732
115.000,27,1131.790,1215.939,162.954
115.000,28,600.644,1243.450,520.642
115.000,29,1291.343,447.481,444.054
115.000,30,1260.757,854.909,437.314
115.000,31,451.466,1330.910,475.811
115.000,32,1047.321,702.942,316.762
115.000,33,893.836,340.680,361.989
115.000,34,1035.981,901.760,139.884
115.000,35,1352.833,194.657,540.786
115.000,36,48.565,1228.285,444.926
115.000,37,370.488,735.512,315.588
115.000,38,753.071,1105.839,565.959
115.000,39,1250.754,255.336,368.965
115.000,40,445.023,955.208,141.986
115.000,41,801.208,994.170,332.184
115.000,42,1321.700,687.517,574.186
115.000,43,60.030,506.048,487.962
115.000,44,808.952,1042.122,273.632
115.000,45,850.199,851.147,315.826
115.000,46,1289.815,683.299,313.342
115.000,47,1186.855,191.283,301.064
115.000,48,1068.735,1007.855,246.597
115.000,49,21.989,139.522,538.542
115.000,50,1361.228,571.837,439.601
115.000,51,615.577,1268.498,513.039
115.000,52,667.587,60.018,530.746
115.000,53,1184.907,192.598,139.395
115.000,54,530.777,1553.771,303.688
115.000,55,705.950,1521.379,521.731
115.000,56,190.624,18.193,465.316
115.000,57,242.933,394.527,154.318
115.000,58,83.952,1374.956,216.450
115.000,59,315.257,947.199,303.350
115.000,60,958.652,248.655,111.775
120.000,0,828.616,324.198,269.028
120.000,1,1252.145,1572.285,532.765
120.000,2,507.745,1364.284,392.235
120.000,3,512.015,1070.347,101.033
120.000,4,404.675,820.918,290.837
120.000,5,527.929,1299.646,336.239
120.000,6,60.430,315.432,289.312
120.000,7,367.265,1296.642,377.646
120.000,8,640.941,108.517,485.805
120.000,9,74.354,253.893,262.071
120.000,10,356.651,53.510,430.431
120.000,11,1160.709,1327.675,205.232
120.000,12,1090.558,1110.508,519.802
120.000,13,96.340,157.218,235.740
120.000,14,1376.706,1258.308,176.544
120.000,15,590.183,1106.087,176.591
120.000,16,807.756,680.360,529.685
120.000,17,1260.951,127.084,123.886
120.000,18,1254.588,301.653,246.893
120.000,19,711.342,190.283,331.526
120.000,20,465.954,1434.935,585.097
120.000,21,629.243,861.318,505.274
120.000,22,442.843,1256.825,359.399
120.000,23,396.639,1519.998,127.971
120.000,24,726.122,93.749,560.526
120.000,25,685.531,1070.904,466.540
120.000,26,922.762,2.176,221.543
120.000,27,1037.855,1172.795,164.817
120.000,28,670.283,1172.704,521.738
120.000,29,1423.241,511.969,436.390
120.000,30,1356.446,824.167,440.818
120.000,31,540.237,1435.635,480.667
120.000,32,968.842,653.094,313.032
120.000,33,788.886,253.062,359.609
120.000,34,1075.751,837.471,140.072
120.000,35,1219.594,177.357,536.142
120.000,36,119.888,1328.518,446.464
120.000,37,323.359,680.526,315.297
120.000,38,842.799,1051.636,567.070
120.000,39,1122.754,271.921,367.404
120.000,40,379.342,1021.092,140.326
120.000,41,741.537,1063.058,331.597
120.000,42,1251.142,657.020,577.308
120.000,43,1.824,569.722,492.011
120.000,44,733.614,1062.039,271.821
120.000,45,932.869,883.028,313.979
120.000,46,1347.883,613.343,312.517
120.000,47,1278.007,226.960,298.230
120.000,48,997.763,1026.172,247.702
120.000,49,74.647,184.927,541.981
120.000,50,1422.397,641.399,435.771
120.000,51,517.227,1224.813,515.777
120.000,52,567.606,80.476,536.539
120.000,53,1257.422,205.261,137.049
120.000,54,651.998,1553.179,299.458
120.000,55,815.374,1576.586,527.303
120.000,56,94.694,116.911,470.545
120.000,57,156.677,358.102,153.404
120.000,58,40.622,1300.943,217.136
120.000,59,295.389,1023.914,301.249
120.000,60,860.291,188.866,110.826
125.000,0,827.504,237.721,274.299
125.000,1,1332.142,1606.697,537.604
125.000,2,584.824,1350.042,394.266
125.000,3,467.462,1149.668,104.243
125.000,4,426.868,737.182,291.220
125.000,5,533.345,1217.469,337.840
125.000,6,163.317,357.220,283.742
125.000,7,293.076,1322.258,379.309
125.000,8,689.940,55.780,487.960
125.000,9,152.453,352.307,260.804
125.000,10,475.294,131.527,430.266
125.000,11,1185.803,1457.708,209.085
125.000,12,961.497,1102.182,518.680
125.000,13,12.064,135.881,241.316
125.000,14,1323.170,1159.526,173.963
125.000,15,654.917,992.315,179.764
125.000,16,798.883,554.615,530.007
125.000,17,1372.501,132.200,120.612
125.000,18,1229.991,190.223,245.314
125.000,19,775.882,290.312,327.724
125.000,20,529.994,1369.821,580.844
125.000,21,702.728,796.866,509.872
125.000,22,354.984,1308.810,358.853
125.000,23,423.399,1421.960,129.005
125.000,24,651.622,191.658,563.685
125.000,25,600.861,1118.132,468.878
125.000,26,976.701,76.766,226.810
125.000,27,948.174,1129.094,166.946
125.000,28,743.966,1109.350,520.601
125.000,29,1300.230,587.940,434.464
125.000,30,1394.092,803.781,442.689
125.000,31,620.014,1547.924,491.335
125.000,32,883.435,607.601,310.512
125.000,33,692.590,162.559,356.097
125.000,34,1111.081,766.859,138.708
125.000,35,1082.991,165.390,533.022
125.000,36,188.454,1425.259,447.592
125.000,37,291.139,609.204,314.849
125.000,38,942.466,1000.636,566.563
125.000,39,999.696,301.184,369.588
125.000,40,334.986,1101.835,140.563
125.000,41,702.401,1142.374,333.403
125.000,42,1195.243,612.009,578.752
125.000,43,50.578,637.397,494.736
125.000,44,654.235,1084.599,269.997
125.000,45,1011.409,913.258,311.509
125.000,46,1418.110,548.947,311.857
125.000,47,1361.470,280.379,299.453
125.000,48,927.922,1053.213,246.594
125.000,49,160.716,215.232,545.575
125.000,50,1360.872,702.788,432.578
125.000,51,421.439,1179.908,515.581
125.000,52,481.830,120.388,538.046
125.000,53,1327.904,217.814,135.121
125.000,54,762.969,1578.096,296.140
125.000,55,917.080,1610.661,532.184
125.000,56,13.665,225.687,474.354
125.000,57,67.690,344.068,153.439
125.000,58,1.211,1224.906,214.771
125.000,59,285.833,1099.660,299.546
125.000,60,775.617,108.239,109.195
130.000,0,825.318,150.545,277.424
130.000,1,1410.729,1584.015,543.910
130.000,2,661.825,1354.715,397.199
130.000,3,425.309,1242.502,107.294
130.000,4,444.212,657.051,293.459
130.000,5,532.548,1125.935,337.722
130.000,6,275.494,392.023,278.666
130.000,7,216.219,1354.501,379.654
130.000,8,719.595,193.848,488.954
130.000,9,219.185,454.134,253.161
130.000,10,576.700,231.958,428.166
130.000,11,1204.988,1592.919,211.622
130.000,12,836.173,1083.108,513.610
130.000,13,122.726,118.734,243.454
130.000,14,1247.849,1080.524,171.193
130.000,15,719.787,887.027,183.799
130.000,16,798.698,425.160,530.341
130.000,17,1372.428,149.427,116.842
130.000,18,1202.342,79.298,246.751
130.000,19,840.661,382.349,324.202
130.000,20,581.349,1297.081,575.644
130.000,21,779.616,725.803,513.135
130.000,22,272.748,1361.198,358.130
130.000,23,478.258,1331.543,128.667
130.000,24,563.907,283.852,565.655
130.000,25,507.784,1146.891,472.348
130.000,26,1034.684,159.693,230.701
130.000,27,861.526,1081.642,168.947
130.000,28,812.469,1033.955,519.680
130.000,29,1170.413,640.887,435.687
130.000,30,1315.244,758.807,441.684
130.000,31,681.992,1547.638,496.629
130.000,32,813.140,551.959,307.712
130.000,33,626.959,60.230,354.649
130.000,34,1163.305,704.376,140.346
130.000,35,949.971,189.445,528.524
130.000,36,260.560,1509.619,450.578
130.000,37,248.705,551.486,313.281
130.000,38,1043.421,949.551,567.306
130.000,39,871.617,293.215,372.378
130.000,40,281.093,1170.410,139.111
130.000,41,649.543,1211.269,334.285
130.000,42,1138.692,577.911,580.594
130.000,43,111.850,690.832,500.214
130.000,44,589.186,1113.387,267.858
130.000,45,1096.008,955.858,308.318
130.000,46,1336.019,496.936,312.606
130.000,47,1408.131,327.430,300.203
130.000,48,845.669,1064.206,248.934
130.000,49,248.379,236.263,546.135
130.000,50,1284.790,751.834,428.405
130.000,51,318.870,1146.206,518.685
130.000,52,379.556,119.624,541.487
130.000,53,1407.608,231.069,132.395
130.000,54,877.054,1563.956,291.656
130.000,55,1028.520,1592.793,536.976
130.000,56,66.583,341.574,478.656
130.000,57,32.095,314.343,150.863
130.000,58,43.146,1144.388,213.662
130.000,59,249.261,1177.112,297.543
130.000,60,700.974,19.927,107.643
135.000,0,826.764,59.887,281.147
135.000,1,1347.014,1552.516,548.525
135.000,2,736.101,1351.249,401.477
135.000,3,381.590,1322.109,109.029
135.000,4,492.143,596.443,296.260
135.000,5,560.923,1033.673,339.719
135.000,6,387.965,423.820,273.487
135.000,7,141.585,1379.490,380.180
135.000,8,760.436,333.610,487.678
135.000,9,315.944,523.859,248.101
135.000,10,695.938,292.256,429.694
135.000,11,1189.324,1481.595,214.782
135.000,12,709.465,1053.189,510.804
135.000,13,223.369,74.281,249.521
135.000,14,1199.917,980.809,169.992
135.000,15,790.666,780.541,188.821
135.000,16,768.167,309.236,532.593
135.000,17,1260.985,171.883,114.802
135.000,18,1164.743,37.840,247.312
135.000,19,915.020,475.201,320.931
135.000,20,634.224,1222.522,573.384
135.000,21,855.254,677.041,516.949
135.000,22,185.976,1405.758,358.517
135.000,23,529.643,1244.763,128.139
135.000,24,475.342,364.283,568.582
135.000,25,406.416,1172.847,475.629
135.000,26,1091.195,234.728,235.236
135.000,27,777.972,1030.255,170.437
135.000,28,881.898,961.540,520.463
135.000,29,1047.453,710.004,433.989
135.000,30,1239.191,704.685,441.491
135.000,31,721.839,1416.686,499.617
135.000,32,727.433,526.202,304.649
135.000,33,561.420,57.628,349.844
135.000,34,1189.133,633.033,140.040
135.000,35,819.682,190.044,523.332
135.000,36,346.856,1580.843,451.465
135.000,37,212.504,481.492,311.807
135.000,38,1148.876,926.477,567.121
135.000,39,748.741,317.217,375.002
135.000,40,230.626,1234.896,138.958
135.000,41,610.788,1291.737,333.832
135.000,42,1076.655,540.507,582.222
135.000,43,176.947,735.081,504.377
135.000,44,509.716,1141.252,264.543
135.000,45,1174.838,1010.514,304.189
135.000,46,1258.649,450.173,313.575
135.000,47,1315.719,358.323,298.874
135.000,48,766.034,1081.216,250.231
135.000,49,340.300,255.644,546.949
135.000,50,1223.092,818.667,427.177
135.000,51,223.130,1110.397,520.292
135.000,52,282.437,140.859,546.376
135.000,53,1365.302,240.948,129.841
135.000,54,998.007,1563.300,286.343
135.000,55,1136.448,1555.485,543.570
135.000,56,118.462,467.317,480.418
135.000,57,117.723,279.638,148.261
135.000,58,89.781,1073.367,212.854
135.000,59,232.734,1254.180,295.618
135.000,60,612.299,68.596,106.215
140.000,0,806.085,31.826,285.054
140.000,1,1260.929,1523.688,551.264
140.000,2,811.332,1329.347,403.523
140.000,3,341.954,1406.327,109.956
140.000,4,539.296,530.313,295.314
140.000,5,583.900,944.905,340.537
140.000,6,490.164,476.588,266.244
140.000,7,67.340,1406.690,379.839
140.000,8,815.350,464.471,486.197
140.000,9,411.856,596.446,242.538
140.000,10,814.161,358.264,431.400
140.000,11,1158.678,1352.757,218.574
140.000,12,577.923,1020.103,507.029
140.000,13,331.971,37.337,253.824
140.000,14,1126.259,906.183,167.302
140.000,15,860.831,669.895,193.226
140.000,16,754.153,193.703,535.486
140.000,17,1147.661,198.663,113.260
140.000,18,1140.569,141.191,245.429
140.000,19,980.951,578.453,318.360
140.000,20,694.205,1148.966,570.314
140.000,21,919.470,610.751,520.891
140.000,22,116.039,1472.893,358.688
140.000,23,573.279,1160.494,126.782
140.000,24,394.291,457.417,576.360
140.000,25,318.893,1206.519,477.997
140.000,26,1125.923,320.755,237.795
140.000,27,684.656,983.085,172.428
140.000,28,941.374,877.872,522.656
140.000,29,911.134,747.931,429.714
140.000,30,1158.065,674.007,442.749
140.000,31,766.648,1287.112,505.662
140.000,32,646.644,483.221,301.100
140.000,33,511.009,181.552,351.018
140.000,34,1226.218,555.322,140.649
140.000,35,674.165,182.783,517.967
140.000,36,434.632,1563.231,453.114
140.000,37,146.293,428.772,311.721
140.000,38,1236.435,864.314,568.333
140.000,39,625.579,365.406,378.197
140.000,40,169.480,1297.450,138.030
140.000,41,572.146,1370.923,332.684
140.000,42,1020.737,488.689,584.184
140.000,43,237.394,788.022,506.936
140.000,44,431.101,1170.849,262.427
140.000,45,1248.296,1067.424,300.852
140.000,46,1176.652,394.659,312.348
140.000,47,1231.913,403.801,296.911
140.000,48,694.278,1105.725,251.646
140.000,49,418.766,297.091,547.227
140.000,50,1174.491,900.052,425.167
140.000,51,132.203,1088.984,522.215
140.000,52,183.145,167.915,550.004
140.000,53,1293.225,254.189,127.951
140.000,54,1120.005,1550.430,283.946
140.000,55,1245.349,1526.793,548.528
140.000,56,185.494,590.492,481.991
140.000,57,205.124,263.471,147.394
140.000,58,136.502,1003.176,213.445
140.000,59,222.907,1327.296,294.131
140.000,60,541.827,160.245,105.788
145.000,0,807.940,121.980,288.825
145.000,1,1188.095,1473.639,555.660
145.000,2,895.353,1319.198,406.048
145.000,3,301.892,1485.530,112.363
145.000,4,565.479,451.998,294.729
145.000,5,602.620,859.307,339.985
145.000,6,601.228,523.641,260.498
145.000,7,19.093,1423.235,380.737
145.000,8,879.738,598.619,486.382
145.000,9,498.411,684.932,237.601
145.000,10,930.648,432.490,430.168
145.000,11,1145.593,1218.908,223.000
145.000,12,454.154,988.341,505.487
145.000,13,436.283,28.656,256.750
145.000,14,1083.373,802.838,162.152
145.000,15,968.083,594.011,199.983
145.000,16,735.462,83.077,534.333
145.000,17,1039.459,225.350,107.871
145.000,18,1141.785,257.760,244.111
145.000,19,1029.822,691.225,316.065
145.000,20,739.759,1070.893,565.041
145.000,21,990.963,554.415,525.156
145.000,22,49.073,1540.366,359.498
145.000,23,610.744,1069.563,126.003
145.000,24,301.829,557.461,577.995
145.000,25,228.263,1252.891,481.385
145.000,26,1178.653,406.699,241.487
145.000,27,606.478,923.561,174.872
145.000,28,990.432,788.997,520.431
145.000,29,783.448,806.288,427.879
145.000,30,1071.140,662.282,444.247
145.000,31,802.063,1161.339,510.664
145.000,32,576.708,430.588,299.325
145.000,33,448.889,295.965,351.062
145.000,34,1265.233,483.077,139.540
145.000,35,540.746,157.160,514.669
145.000,36,504.870,1468.446,456.045
145.000,37,104.977,368.996,309.836
145.000,38,1318.690,786.615,570.310
145.000,39,498.526,386.786,379.974
145.000,40,98.185,1360.981,136.818
145.000,41,519.142,1430.680,332.718
145.000,42,955.947,445.952,584.198
145.000,43,298.453,825.371,509.486
145.000,44,346.482,1192.250,258.109
145.000,45,1334.279,1099.101,296.504
145.000,46,1103.253,328.410,311.333
145.000,47,1145.525,437.921,297.208
145.000,48,620.509,1130.027,251.543
145.000,49,501.686,321.479,551.945
145.000,50,1116.298,966.727,423.802
145.000,51,44.466,1040.362,523.535
145.000,52,92.075,178.213,554.716
145.000,53,1225.185,272.053,126.458
145.000,54,1238.048,1541.344,278.794
145.000,55,1356.711,1487.815,551.943
145.000,56,276.737,694.508,482.311
145.000,57,297.743,253.156,147.576
145.000,58,171.628,923.866,213.324
145.000,59,202.349,1399.697,293.019
145.000,60,445.518,230.154,103.737
150.000,0,789.256,205.340,295.343
150.000,1,1110.846,1447.752,559.960
150.000,2,967.191,1318.204,407.909
150.000,3,260.250,1566.860,112.729
150.000,4,575.989,365.316,293.357
150.000,5,627.985,773.743,339.310
150.000,6,707.212,570.264,251.745
150.000,7,96.231,1446.804,382.175
150.000,8,931.760,734.224,486.489
150.000,9,591.464,763.240,232.333
150.000,10,1052.319,485.833,432.199
150.000,11,1164.061,1081.226,228.495
150.000,12,330.973,954.531,501.942
150.000,13,548.834,12.218,261.446
150.000,14,1023.481,721.020,157.846
150.000,15,1036.433,472.447,205.072
150.000,16,714.880,36.892,534.547
150.000,17,927.257,237.432,102.891
150.000,18,1142.240,368.938,242.317
150.000,19,1067.537,800.008,315.023
150.000,20,807.094,1010.203,561.613
150.000,21,1052.583,491.851,529.584
150.000,22,30.270,1611.270,360.610
150.000,23,639.829,970.785,122.266
150.000,24,205.122,653.026,585.056
150.000,25,139.915,1297.750,483.195
150.000,26,1218.754,497.293,245.159
150.000,27,516.862,885.696,177.442
150.000,28,1076.512,740.770,520.888
150.000,29,650.932,865.913,430.042
150.000,30,998.209,625.089,444.089
150.000,31,852.719,1040.598,518.004
150.000,32,495.129,375.527,297.509
150.000,33,372.516,398.873,347.538
150.000,34,1310.479,418.971,138.154
150.000,35,409.120,151.739,510.171
150.000,36,569.621,1376.509,457.959
150.000,37,77.329,308.129,309.024
150.000,38,1402.564,717.115,572.116
150.000,39,374.392,391.506,383.588
150.000,40,46.384,1437.000,135.733
150.000,41,466.084,1507.917,329.807
150.000,42,899.981,402.264,586.022
150.000,43,342.204,897.153,513.117
150.000,44,264.085,1203.561,255.773
150.000,45,1396.794,1169.526,295.749
150.000,46,1020.429,275.684,309.934
150.000,47,1065.494,466.240,296.103
150.000,48,541.825,1131.197,251.841
150.000,49,589.588,332.371,555.843
150.000,50,1057.997,1040.083,422.953
150.000,51,45.855,998.320,526.223
150.000,52,11.567,183.409,557.864
150.000,53,1155.389,282.537,124.108
150.000,54,1354.330,1546.826,275.693
150.000,55,1374.977,1447.237,555.497
150.000,56,337.213,820.947,481.410
150.000,57,388.348,225.291,145.415
150.000,58,214.316,853.269,213.942
150.000,59,190.154,1479.060,290.320
150.000,60,374.958,314.135,101.859
155.000,0,775.971,288.354,299.752
155.000,1,1027.205,1416.326,565.641
155.000,2,1043.167,1318.014,410.449
155.000,3,218.708,1564.729,113.447
155.000,4,593.201,291.450,294.208
155.000,5,648.620,685.557,336.719
155.000,6,816.219,605.105,246.814
155.000,7,181.469,1451.329,383.567
155.000,8,950.957,877.962,485.661
155.000,9,676.944,846.480,227.652
155.000,10,1182.310,531.440,433.569
155.000,11,1190.745,949.643,232.624
155.000,12,208.900,916.835,497.848
155.000,13,654.862,11.946,266.765
155.000,14,948.285,638.349,156.042
155.000,15,1122.491,375.052,211.721
155.000,16,694.830,151.401,537.758
155.000,17,815.186,247.869,101.293
155.000,18,1134.039,484.972,241.481
155.000,19,1119.902,892.610,313.830
155.000,20,845.342,928.158,558.501
155.000,21,1115.567,429.308,533.136
155.000,22,106.396,1544.438,363.978
155.000,23,664.334,878.282,120.106
155.000,24,104.462,740.929,590.087
155.000,25,49.562,1325.823,484.293
155.000,26,1258.566,588.101,250.720
155.000,27,439.461,826.978,181.443
155.000,28,1162.787,694.221,521.662
155.000,29,506.742,907.095,429.320
155.000,30,916.279,585.132,444.096
155.000,31,908.531,917.155,523.741
155.000,32,409.893,345.173,294.173
155.000,33,291.314,505.621,346.889
155.000,34,1362.168,364.686,136.155
155.000,35,280.325,134.930,503.593
155.000,36,647.089,1301.887,459.934
155.000,37,36.195,246.455,307.669
155.000,38,1349.485,661.534,572.695
155.000,39,250.302,380.121,386.689
155.000,40,21.603,1502.038,134.219
155.000,41,415.723,1581.920,329.533
155.000,42,837.407,352.309,589.059
155.000,43,399.414,957.978,515.937
155.000,44,189.726,1228.633,253.363
155.000,45,1366.231,1206.071,293.481
155.000,46,952.465,219.344,310.855
155.000,47,981.010,512.933,296.769
155.000,48,466.230,1145.870,253.342
155.000,49,674.687,363.655,558.988
155.000,50,988.921,1101.348,418.309
155.000,51,139.104,958.967,524.691
155.000,52,100.301,210.482,560.078
155.000,53,1086.655,295.397,123.101
155.000,54,1375.376,1554.885,271.280
155.000,55,1267.448,1410.744,558.871
155.000,56,385.164,950.862,484.280
155.000,57,476.675,207.469,142.997
155.000,58,238.810,769.906,213.321
155.000,59,180.846,1549.152,288.891
155.000,60,306.633,409.360,101.871
160.000,0,754.209,373.812,303.528
160.000,1,952.750,1380.083,570.862
160.000,2,1120.253,1330.774,413.779
160.000,3,169.609,1483.198,115.856
160.000,4,618.239,218.181,296.101
160.000,5,674.466,600.743,336.947
160.000,6,908.923,658.728,240.976
160.000,7,255.687,1478.878,384.247
160.000,8,1027.918,1004.585,486.026
160.000,9,751.647,944.194,223.344
160.000,10,1290.257,612.518,433.952
160.000,11,1194.992,811.878,235.890
160.000,12,93.653,866.426,492.986
160.000,13,764.002,22.988,271.704
160.000,14,883.686,548.050,151.873
160.000,15,1181.151,264.090,215.440
160.000,16,694.141,273.427,539.032
160.000,17,697.231,248.912,103.977
160.000,18,1115.816,594.212,240.079
160.000,19,1155.714,1003.859,313.669
160.000,20,896.909,861.104,553.801
160.000,21,1187.671,378.327,535.363
160.000,22,173.516,1480.932,362.888
160.000,23,686.493,782.347,118.239
160.000,24,10.455,826.430,592.765
160.000,25,47.121,1360.273,485.761
160.000,26,1309.903,672.243,254.267
160.000,27,351.055,777.832,185.060
160.000,28,1210.689,617.514,520.165
160.000,29,381.640,964.461,423.882
160.000,30,834.611,550.604,441.933
160.000,31,957.697,801.855,527.068
160.000,32,328.662,302.528,291.557
160.000,33,180.455,564.280,343.738
160.000,34,1417.757,317.514,136.563
160.000,35,151.335,163.666,498.495
160.000,36,726.931,1217.100,458.770
160.000,37,13.463,181.523,305.928
160.000,38,1266.411,586.074,574.536
160.000,39,133.753,418.119,390.280
160.000,40,95.088,1550.617,135.017
160.000,41,375.096,1564.231,327.513
160.000,42,775.466,315.270,591.477
160.000,43,454.254,1019.845,518.522
160.000,44,113.246,1232.558,252.612
160.000,45,1281.566,1239.466,290.425
160.000,46,880.931,159.467,311.375
160.000,47,890.873,563.842,297.400
160.000,48,387.627,1162.483,252.823
160.000,49,767.310,397.754,564.226
160.000,50,926.005,1160.233,415.429
160.000,51,229.333,913.234,525.618
160.000,52,196.947,206.656,563.611
160.000,53,1015.413,318.053,121.311
160.000,54,1254.426,1546.777,268.729
160.000,55,1160.542,1386.600,564.521
160.000,56,447.616,1077.564,487.636
160.000,57,563.852,185.265,140.083
160.000,58,271.390,690.458,212.974
160.000,59,168.366,1605.798,289.529
160.000,60,210.138,474.866,106.119
165.000,0,739.380,466.185,307.404
165.000,1,892.187,1335.103,572.504
165.000,2,1198.419,1329.260,418.039
165.000,3,120.906,1403.888,117.401
165.000,4,640.235,137.060,296.308
165.000,5,686.250,514.045,336.893
165.000,6,1011.257,693.879,236.419
165.000,7,334.215,1485.854,385.912
165.000,8,1089.479,1133.393,484.974
165.000,9,846.730,1014.809,219.681
165.000,10,1397.240,693.146,433.168
165.000,11,1178.604,671.176,238.954
165.000,12,43.963,818.319,488.118
165.000,13,876.875,46.629,274.336
165.000,14,840.484,446.451,150.132
165.000,15,1246.482,154.408,223.528
165.000,16,685.646,390.649,540.084
165.000,17,587.900,279.429,108.933
165.000,18,1082.452,706.389,238.501
165.000,19,1186.697,1108.248,313.707
165.000,20,956.372,807.277,551.127
165.000,21,1256.063,323.319,539.342
165.000,22,231.222,1410.428,363.226
165.000,23,731.044,687.373,116.392
165.000,24,80.765,924.574,595.697
165.000,25,134.658,1398.322,487.357
165.000,26,1330.735,776.615,257.947
165.000,27,260.092,741.024,188.767
165.000,28,1270.087,548.265,520.814
165.000,29,241.658,1017.342,421.592
165.000,30,741.309,528.249,441.145
165.000,31,1010.645,670.398,530.169
165.000,32,241.692,253.811,289.273
165.000,33,88.478,664.119,341.604
165.000,34,1374.291,261.135,136.988
165.000,35,14.845,164.018,495.136
165.000,36,822.642,1141.674,461.380
165.000,37,56.699,115.932,305.513
165.000,38,1162.368,545.486,576.992
165.000,39,22.412,467.762,393.736
165.000,40,153.232,1612.498,135.680
165.000,41,327.810,1489.013,325.914
165.000,42,714.134,286.909,593.886
165.000,43,527.974,1066.133,522.401
165.000,44,38.081,1227.853,249.329
165.000,45,1208.276,1293.192,285.218
165.000,46,820.692,97.623,310.421
165.000,47,808.294,620.271,295.663
165.000,48,313.778,1182.103,253.165
165.000,49,845.205,458.695,568.199
165.000,50,855.741,1220.827,413.794
165.000,51,324.277,881.678,528.233
165.000,52,294.355,217.931,566.600
165.000,53,942.051,327.868,120.385
165.000,54,1127.466,1544.746,265.827
165.000,55,1062.468,1343.394,569.681
165.000,56,513.599,1193.839,487.551
165.000,57,647.195,161.814,138.149
165.000,58,299.774,607.420,210.932
165.000,59,143.332,1537.577,289.176
165.000,60,113.051,540.921,106.949
170.000,0,728.990,550.298,311.969
170.000,1,820.028,1286.946,575.954
170.000,2,1274.112,1312.669,423.103
170.000,3,74.772,1335.010,117.741
170.000,4,663.995,59.728,294.518
170.000,5,717.810,429.262,337.482
170.000,6,1121.426,718.081,232.009
170.000,7,404.828,1512.831,386.589
170.000,8,1113.061,1276.036,481.794
170.000,9,937.544,1089.265,215.914
170.000,10,1324.165,752.547,431.357
170.000,11,1177.689,531.697,240.756
170.000,12,168.785,777.309,487.439
170.000,13,986.669,67.603,279.175
170.000,14,784.549,354.983,148.023
170.000,15,1332.091,56.501,227.777
170.000,16,661.106,514.526,541.410
170.000,17,476.864,302.850,114.449
170.000,18,1074.580,820.927,238.299
170.000,19,1240.310,1210.758,311.378
170.000,20,1020.218,735.827,548.199
170.000,21,1342.712,271.739,542.970
170.000,22,320.747,1368.786,363.674
170.000,23,786.107,600.139,114.336
170.000,24,185.502,991.472,598.605
170.000,25,223.401,1441.156,488.563
170.000,26,1370.010,864.591,262.927
170.000,27,165.115,697.085,191.773
170.000,28,1336.640,475.734,520.768
170.000,29,103.038,1070.632,422.214
170.000,30,653.192,497.473,438.443
170.000,31,1057.058,543.018,537.699
170.000,32,152.992,215.108,285.386
170.000,33,3.579,762.862,340.732
170.000,34,1332.931,193.603,136.968
170.000,35,127.333,167.623,487.556
170.000,36,913.043,1074.339,462.100
170.000,37,112.040,57.262,304.871
170.000,38,1077.784,484.052,578.984
170.000,39,124.027,477.664,394.683
170.000,40,205.475,1553.562,133.662
170.000,41,284.585,1412.540,324.779
170.000,42,653.027,243.253,597.317
170.000,43,600.789,1104.951,524.959
170.000,44,42.969,1247.658,248.243
170.000,45,1139.922,1345.978,284.054
170.000,46,759.800,36.837,309.686
170.000,47,724.201,671.338,295.136
170.000,48,236.927,1200.870,253.974
170.000,49,926.955,497.176,573.043
170.000,50,796.077,1284.839,408.748
170.000,51,408.726,830.321,530.127
170.000,52,393.283,238.588,570.972
170.000,53,868.408,340.758,118.017
170.000,54,1006.621,1536.616,261.938
170.000,55,960.941,1303.036,575.849
170.000,56,614.058,1277.743,488.254
170.000,57,731.791,134.221,134.736
170.000,58,336.347,538.424,209.913
170.000,59,114.751,1467.542,289.211
170.000,60,15.947,612.296,110.077
175.000,0,712.655,632.640,316.824
175.000,1,754.610,1249.127,580.555
175.000,2,1359.734,1309.632,424.523
175.000,3,31.673,1255.629,119.680
175.000,4,691.378,28.103,294.496
175.000,5,731.692,335.316,339.454
175.000,6,1233.696,756.648,223.236
175.000,7,484.113,1529.256,385.794
175.000,8,1143.848,1413.483,482.838
175.000,9,1034.534,1161.831,211.559
175.000,10,1205.327,811.742,429.902
175.000,11,1220.351,403.301,244.002
175.000,12,304.590,769.969,482.994
175.000,13,1081.364,119.416,284.177
175.000,14,707.987,273.649,145.605
175.000,15,1394.000,64.103,232.814
175.000,16,656.741,628.042,541.882
175.000,17,373.067,345.174,116.013
175.000,18,1063.431,934.768,236.761
175.000,19,1289.369,1315.842,308.792
175.000,20,1081.419,665.800,545.058
175.000,21,1407.893,212.713,546.500
175.000,22,390.612,1301.492,364.283
175.000,23,841.345,512.457,110.324
175.000,24,272.765,1082.722,595.449
175.000,25,326.363,1454.959,492.800
175.000,26,1400.465,950.694,265.573
175.000,27,76.454,645.298,192.708
175.000,28,1380.108,389.214,519.832
175.000,29,40.432,1119.005,418.401
175.000,30,568.104,467.754,435.560
175.000,31,1132.940,433.095,542.355
175.000,32,71.786,169.356,280.840
175.000,33,92.590,855.003,336.997
175.000,34,1297.316,127.469,136.410
175.000,35,259.895,158.166,478.363
175.000,36,1012.408,1006.697,464.672
175.000,37,165.659,6.369,302.751
175.000,38,981.503,429.895,580.314
175.000,39,250.589,477.649,392.315
175.000,40,264.312,1485.864,132.723
175.000,41,237.536,1327.192,323.464
175.000,42,597.965,201.759,598.800
175.000,43,660.748,1157.938,527.893
175.000,44,120.177,1264.195,246.530
175.000,45,1054.287,1387.827,279.590
175.000,46,692.431,27.489,309.361
175.000,47,635.963,721.202,292.837
175.000,48,164.244,1213.870,254.995
175.000,49,1014.976,527.726,574.374
175.000,50,726.069,1336.038,405.668
175.000,51,506.866,796.544,529.906
175.000,52,494.045,273.784,576.127
175.000,53,796.772,365.071,116.024
175.000,54,893.172,1506.001,257.156
175.000,55,868.078,1242.258,582.196
175.000,56,681.234,1400.793,490.469
175.000,57,824.135,113.056,134.339
175.000,58,377.502,462.497,210.174
175.000,59,94.927,1402.557,289.264
175.000,60,91.509,678.116,110.579
180.000,0,715.357,714.978,319.851
180.000,1,675.993,1209.250,587.777
180.000,2,1416.165,1302.468,427.687
180.000,3,17.569,1184.425,120.968
180.000,4,725.736,104.249,295.883
180.000,5,750.839,250.213,339.375
180.000,6,1338.305,798.258,217.709
180.000,7,567.552,1535.587,386.533
180.000,8,1174.110,1556.393,482.524
180.000,9,1126.343,1240.732,209.381
180.000,10,1091.712,897.626,430.545
180.000,11,1214.027,271.243,248.151
180.000,12,432.411,733.876,480.762
180.000,13,1188.826,143.833,286.306
180.000,14,655.892,180.634,143.847
180.000,15,1376.195,174.282,237.367
180.000,16,643.864,747.724,539.058
180.000,17,266.824,379.582,118.878
180.000,18,1046.876,1039.764,237.876
180.000,19,1349.454,1420.834,306.297
180.000,20,1125.059,591.047,539.933
180.000,21,1355.043,167.731,551.959
180.000,22,468.395,1233.400,365.215
180.000,23,880.641,423.457,107.929
180.000,24,378.987,1150.278,587.723
180.000,25,419.022,1491.496,494.194
180.000,26,1380.164,1031.246,269.200
180.000,27,11.915,587.257,196.531
180.000,28,1415.982,304.012,519.534
180.000,29,175.434,1171.652,420.088
180.000,30,487.510,430.214,435.574
180.000,31,1182.498,306.833,552.044
180.000,32,19.606,121.877,277.812
180.000,33,167.667,973.297,334.870
180.000,34,1259.948,58.258,135.197
180.000,35,395.211,142.845,475.423
180.000,36,1106.349,937.897,467.175
180.000,37,207.633,60.556,302.138
180.000,38,903.111,365.285,582.506
180.000,39,386.938,499.148,391.410
180.000,40,322.123,1424.575,132.504
180.000,41,187.045,1239.928,321.722
180.000,42,558.394,136.670,599.418
180.000,43,726.082,1202.398,531.238
180.000,44,194.448,1288.515,244.754
180.000,45,978.225,1444.747,277.891
180.000,46,633.497,105.869,312.395
180.000,47,547.780,776.818,291.904
180.000,48,89.177,1222.831,253.998
180.000,49,1099.521,566.414,577.320
180.000,50,673.332,1405.941,403.872
180.000,51,596.338,768.397,531.427
180.000,52,579.422,279.539,580.118
180.000,53,719.412,370.306,113.599
180.000,54,773.659,1504.897,251.999
180.000,55,771.433,1184.012,588.825
180.000,56,749.439,1517.610,494.757
180.000,57,916.819,99.470,133.413
180.000,58,408.886,385.890,208.063
180.000,59,60.584,1339.526,290.039
180.000,60,173.886,770.008,112.281
185.000,0,720.015,805.501,324.264
185.000,1,604.598,1186.301,590.413
185.000,2,1336.882,1317.249,432.867
185.000,3,66.075,1108.427,122.890
185.000,4,748.303,182.900,297.142
185.000,5,786.349,167.458,340.146
185.000,6,1400.255,843.227,211.275
185.000,7,644.354,1570.515,387.155
185.000,8,1216.648,1531.414,484.479
185.000,9,1213.806,1329.433,208.173
185.000,10,964.442,958.037,430.846
185.000,11,1225.976,133.285,251.763
185.000,12,562.949,690.774,476.685
185.000,13,1299.097,163.951,289.873
185.000,14,591.807,90.535,140.206
185.000,15,1269.151,256.461,239.872
185.000,16,618.352,861.593,537.974
185.000,17,160.215,405.137,120.512
185.000,18,1021.087,1151.928,237.616
185.000,19,1398.861,1528.332,305.923
185.000,20,1168.591,511.762,535.540
185.000,21,1270.571,124.300,556.504
185.000,22,547.663,1179.602,365.216
185.000,23,927.259,333.762,104.638
185.000,24,475.095,1238.249,584.890
185.000,25,509.463,1512.863,498.088
185.000,26,1323.874,1106.220,272.124
185.000,27,103.405,546.049,199.572
185.000,28,1342.039,235.621,517.866
185.000,29,300.552,1232.350,420.832
185.000,30,406.802,385.376,433.995
185.000,31,1247.787,185.223,560.969
185.000,32,98.497,78.276,272.769
185.000,33,225.822,1081.919,334.062
185.000,34,1205.738,8.399,134.574
185.000,35,528.841,116.938,473.833
185.000,36,1193.430,853.624,469.973
185.000,37,256.080,121.381,299.974
185.000,38,807.230,322.997,583.930
185.000,39,520.094,528.009,392.040
185.000,40,371.731,1358.420,131.996
185.000,41,132.668,1168.578,321.755
185.000,42,501.680,91.581,599.743
185.000,43,798.590,1246.571,533.290
185.000,44,274.644,1304.175,241.514
185.000,45,893.393,1486.048,274.988
185.000,46,560.415,167.642,310.541
185.000,47,455.840,807.787,291.982
185.000,48,7.881,1246.204,254.378
185.000,49,1184.041,595.252,580.346
185.000,50,624.201,1481.574,403.092
185.000,51,688.361,734.952,531.799
185.000,52,670.105,304.463,583.635
185.000,53,648.145,386.009,112.548
185.000,54,656.003,1481.008,249.283
185.000,55,675.134,1123.588,594.469
185.000,56,824.456,1586.702,494.120
185.000,57,1007.723,76.898,130.165
185.000,58,444.461,309.722,206.246
185.000,59,38.761,1279.242,287.609
185.000,60,269.173,837.504,114.496
190.000,0,713.992,901.168,328.973
190.000,1,535.825,1150.391,593.491
190.000,2,1250.402,1316.740,437.677
190.000,3,125.740,1032.944,127.823
190.000,4,765.491,265.986,298.053
190.000,5,795.699,80.761,339.197
190.000,6,1299.281,885.770,204.779
190.000,7,725.557,1605.578,387.462
190.000,8,1267.850,1396.462,484.325
190.000,9,1298.935,1409.977,205.174
190.000,10,846.975,1020.816,429.551
190.000,11,1202.605,20.869,251.912
190.000,12,691.077,650.933,469.644
190.000,13,1394.902,214.602,292.046
190.000,14,532.547,15.053,136.506
190.000,15,1214.999,368.020,244.594
190.000,16,619.604,985.959,538.277
190.000,17,47.912,437.453,124.163
190.000,18,998.167,1264.909,239.595
190.000,19,1391.445,1585.108,303.236
190.000,20,1217.532,433.127,530.174
190.000,21,1187.047,70.887,561.018
190.000,22,627.349,1113.637,364.898
190.000,23,985.100,250.917,104.631
190.000,24,580.229,1314.396,581.725
190.000,25,593.445,1545.442,501.920
190.000,26,1284.507,1192.602,275.514
190.000,27,199.394,502.050,200.837
190.000,28,1273.872,169.206,517.326
190.000,29,439.945,1274.732,421.445
190.000,30,337.969,335.041,433.706
190.000,31,1323.945,73.157,566.000
190.000,32,172.215,19.033,271.115
190.000,33,327.261,1163.945,329.515
190.000,34,1165.416,74.531,134.627
190.000,35,660.807,134.450,471.404
190.000,36,1286.705,772.286,469.785
190.000,37,313.137,177.611,298.752
190.000,38,706.937,283.455,586.066
190.000,39,642.975,568.082,393.658
190.000,40,431.287,1298.013,132.892
190.000,41,93.525,1092.584,322.076
190.000,42,440.145,44.073,598.384
190.000,43,858.694,1306.070,536.754
190.000,44,355.651,1313.816,240.981
190.000,45,800.482,1520.490,268.594
190.000,46,509.177,235.049,313.084
190.000,47,369.185,850.941,292.704
190.000,48,67.577,1258.312,255.946
190.000,49,1270.812,641.466,584.191
190.000,50,571.269,1555.575,400.286
190.000,51,783.580,695.262,530.435
190.000,52,768.689,333.752,589.638
190.000,53,577.226,413.728,110.419
190.000,54,541.422,1448.903,244.062
190.000,55,574.230,1069.176,598.586
190.000,56,891.002,1469.508,494.800
190.000,57,1081.917,23.879,129.243
190.000,58,484.415,227.123,206.415
190.000,59,30.953,1208.157,286.113
190.000,60,364.072,906.961,116.195
195.000,0,707.637,988.368,333.488
195.000,1,467.055,1115.470,597.675
195.000,2,1177.412,1312.097,439.510
195.000,3,169.281,946.781,131.388
195.000,4,778.723,351.572,299.805
195.000,5,808.258,22.320,338.182
195.000,6,1193.825,927.749,201.397
195.000,7,807.580,1588.987,387.850
195.000,8,1288.352,1255.973,481.740
195.000,9,1400.196,1487.287,200.634
195.000,10,731.867,1092.801,428.564
195.000,11,1217.520,160.157,257.843
195.000,12,801.488,587.794,465.805
195.000,13,1345.115,246.479,296.383
195.000,14,453.012,94.885,132.818
195.000,15,1145.623,478.871,247.113
195.000,16,605.864,1106.720,538.087
195.000,17,75.328,463.476,126.235
195.000,18,978.246,1375.886,237.514
195.000,19,1324.830,1494.834,299.731
195.000,20,1273.887,362.880,526.530
195.000,21,1104.206,23.591,564.440
195.000,22,701.077,1058.594,364.384
195.000,23,1015.647,153.951,104.694
195.000,24,672.273,1402.485,575.790
195.000,25,680.872,1594.012,504.809
195.000,26,1231.126,1278.810,279.324
195.000,27,294.011,463.887,205.874
195.000,28,1198.905,102.202,517.928
195.000,29,574.973,1331.117,421.999
195.000,30,261.672,290.621,433.928
195.000,31,1401.510,56.415,569.231
195.000,32,250.659,38.605,268.912
195.000,33,401.662,1266.239,326.953
195.000,34,1126.010,142.263,133.312
195.000,35,795.833,132.348,468.195
195.000,36,1357.896,681.885,470.623
195.000,37,369.175,234.887,295.345
195.000,38,611.298,235.629,587.393
195.000,39,769.628,594.074,391.239
195.000,40,488.744,1227.948,131.849
195.000,41,42.231,1017.091,322.385
195.000,42,375.776,7.359,596.211
195.000,43,915.615,1361.011,539.958
195.000,44,431.546,1334.345,238.630
195.000,45,721.766,1569.218,265.256
195.000,46,438.460,295.507,313.195
195.000,47,287.269,889.031,294.084
195.000,48,139.464,1287.217,257.838
195.000,49,1366.716,651.995,587.983
195.000,50,515.673,1598.115,398.146
195.000,51,875.944,667.828,530.953
195.000,52,860.409,350.036,593.429
195.000,53,508.480,437.471,108.395
195.000,54,417.732,1463.922,242.357
195.000,55,468.603,1035.878,595.629
195.000,56,962.087,1356.413,496.990
195.000,57,1165.067,13.303,126.386
195.000,58,521.601,148.981,206.289
195.000,59,1.402,1135.492,285.613
195.000,60,445.740,992.590,118.275
200.000,0,692.233,1083.285,339.587
200.000,1,400.349,1073.741,597.407
200.000,2,1099.559,1301.784,442.650
200.000,3,205.122,863.535,131.629
200.000,4,798.594,428.404,302.004
200.000,5,829.147,105.960,337.376
200.000,6,1088.610,968.461,194.350
200.000,7,891.808,1562.040,387.214
200.000,8,1331.845,1112.801,482.251
200.000,9,1348.957,1557.887,195.955
200.000,10,606.768,1142.738,428.774
200.000,11,1240.262,303.280,263.859
200.000,12,919.050,537.812,461.152
200.000,13,1232.973,238.366,302.003
200.000,14,384.714,176.595,129.580
200.000,15,1081.143,595.408,249.577
200.000,16,610.992,1229.096,538.331
200.000,17,190.274,465.345,129.025
200.000,18,958.685,1486.988,236.463
200.000,19,1280.137,1380.992,297.264
200.000,20,1345.020,304.052,522.892
200.000,21,1027.144,36.996,567.147
200.000,22,788.292,1010.839,365.090
200.000,23,1045.961,58.172,104.107
200.000,24,752.043,1492.141,568.879
200.000,25,763.819,1602.032,508.661
200.000,26,1185.160,1368.537,282.103
200.000,27,386.688,424.968,209.344
200.000,28,1154.560,10.720,518.906
200.000,29,709.646,1382.919,417.194
200.000,30,180.067,267.686,433.661
200.000,31,1370.787,179.617,575.932
200.000,32,335.233,61.801,266.936
200.000,33,501.639,1358.487,324.471
200.000,34,1074.544,208.702,133.389
200.000,35,927.509,133.473,464.285
200.000,36,1390.558,603.684,471.975
200.000,37,417.031,297.080,292.773
200.000,38,516.790,176.711,589.021
200.000,39,900.341,620.978,389.320
200.000,40,549.551,1161.531,132.015
200.000,41,9.237,941.570,319.690
200.000,42,312.328,37.555,595.015
200.000,43,984.763,1401.168,543.033
200.000,44,513.382,1347.963,237.150
200.000,45,634.418,1607.446,260.208
200.000,46,358.529,348.904,311.720
200.000,47,205.688,945.778,295.379
200.000,48,220.583,1311.256,258.926
200.000,49,1383.276,668.567,590.656
200.000,50,454.174,1538.954,395.128
200.000,51,970.263,643.521,531.218
200.000,52,955.680,368.711,597.661
200.000,53,434.461,448.859,106.548
200.000,54,299.530,1465.797,238.984
200.000,55,366.353,989.856,588.512
200.000,56,1051.887,1256.476,497.983
200.000,57,1254.558,38.176,123.338
200.000,58,559.723,73.935,205.076
200.000,59,36.160,1071.104,284.799
200.000,60,532.231,1072.325,118.641
205.000,0,690.914,1165.601,343.287
205.000,1,332.248,1025.834,595.378
205.000,2,1019.655,1306.601,444.871
205.000,3,245.572,776.300,134.631
205.000,4,805.859,509.026,302.911
205.000,5,852.304,191.115,336.900
205.000,6,993.093,1023.637,190.025
205.000,7,962.262,1518.133,385.860
205.000,8,1379.438,972.252,484.032
205.000,9,1271.442,1569.147,190.402
205.000,10,518.692,1241.938,427.758
205.000,11,1228.477,436.095,267.441
205.000,12,1038.673,481.284,455.990
205.000,13,1129.653,273.106,306.261
205.000,14,321.156,263.058,126.682
205.000,15,1017.351,703.345,252.106
205.000,16,572.640,1344.159,538.388
205.000,17,300.884,485.190,133.091
205.000,18,945.171,1603.245,235.560
205.000,19,1220.651,1284.086,294.002
205.000,20,1400.558,228.267,518.062
205.000,21,952.931,92.773,571.209
205.000,22,848.601,937.715,366.193
205.000,23,1084.650,37.420,102.178
205.000,24,856.176,1555.867,563.933
205.000,25,854.428,1561.636,508.754
205.000,26,1159.725,1464.538,287.685
205.000,27,471.020,367.289,214.982
205.000,28,1075.581,66.668,517.671
205.000,29,844.335,1439.040,412.785
205.000,30,96.661,241.231,432.170
205.000,31,1309.480,302.144,583.965
205.000,32,417.612,107.448,265.295
205.000,33,588.909,1451.253,324.425
205.000,34,1032.709,276.286,136.044
205.000,35,1060.232,128.896,461.233
205.000,36,1308.029,525.921,473.783
205.000,37,456.619,361.213,292.006
205.000,38,422.851,127.037,591.196
205.000,39,1013.489,671.148,392.681
205.000,40,598.645,1086.906,130.378
205.000,41,52.330,865.186,319.734
205.000,42,248.641,78.207,591.942
205.000,43,1051.223,1446.719,546.560
205.000,44,587.441,1397.114,236.668
205.000,45,553.478,1573.329,254.573
205.000,46,289.663,424.303,315.196
205.000,47,121.095,981.638,293.233
205.000,48,294.291,1353.564,260.786
205.000,49,1292.711,685.084,595.828
205.000,50,384.704,1477.410,392.018
205.000,51,1059.017,610.575,532.269
205.000,52,1056.907,368.963,598.737
205.000,53,354.658,449.225,106.251
205.000,54,185.107,1463.265,235.363
205.000,55,276.617,936.177,583.910
205.000,56,1136.119,1141.283,498.976
205.000,57,1347.898,48.336,121.287
205.000,58,585.200,6.547,204.053
205.000,59,56.002,999.557,283.635
205.000,60,621.070,1151.459,119.372
210.000,0,679.477,1254.615,346.996
210.000,1,247.513,998.979,594.328
210.000,2,951.185,1292.109,446.101
210.000,3,290.709,699.127,136.192
210.000,4,841.633,588.957,303.590
210.000,5,881.341,277.117,337.762
210.000,6,900.040,1078.430,183.938
210.000,7,1039.389,1492.940,384.748
210.000,8,1387.022,842.582,484.695
210.000,9,1192.594,1471.896,185.481
210.000,10,423.718,1344.477,425.099
210.000,11,1239.192,568.408,270.089
210.000,12,1170.543,471.841,450.874
210.000,13,1018.830,297.045,309.063
210.000,14,257.685,344.758,122.579
210.000,15,955.416,815.725,254.825
210.000,16,551.216,1460.228,538.766
210.000,17,415.318,501.185,138.345
210.000,18,913.682,1494.886,235.041
210.000,19,1186.138,1176.038,294.650
210.000,20,1374.552,159.512,514.979
210.000,21,868.241,128.009,572.993
210.000,22,926.513,889.382,366.380
210.000,23,1126.186,125.796,101.029
210.000,24,956.394,1586.325,559.476
210.000,25,946.536,1513.286,511.922
210.000,26,1110.187,1542.799,292.886
210.000,27,565.086,325.933,217.536
210.000,28,1008.330,137.540,515.555
210.000,29,963.387,1512.797,409.196
210.000,30,14.607,204.841,429.794
210.000,31,1240.056,416.473,589.191
210.000,32,502.085,156.988,261.628
210.000,33,653.944,1562.266,321.601
210.000,34,987.791,339.090,138.103
210.000,35,1194.120,154.655,458.786
210.000,36,1231.361,437.327,475.765
210.000,37,506.210,418.881,291.122
210.000,38,323.899,92.207,593.483
210.000,39,1137.115,705.914,393.472
210.000,40,659.408,1021.605,131.276
210.000,41,84.544,781.963,317.552
210.000,42,188.652,115.327,590.001
210.000,43,1107.015,1498.679,548.174
210.000,44,669.669,1424.277,236.431
210.000,45,475.280,1529.454,252.124
210.000,46,221.501,486.999,315.763
210.000,47,33.472,1013.209,294.205
210.000,48,358.486,1385.976,263.778
210.000,49,1200.578,708.060,599.237
210.000,50,323.031,1406.491,388.623
210.000,51,1155.986,579.870,535.336
210.000,52,1156.971,397.876,596.967
210.000,53,275.360,472.602,106.782
210.000,54,69.435,1462.792,229.106
210.000,55,168.777,894.363,577.243
210.000,56,1202.151,1017.016,500.601
210.000,57,1384.234,66.929,120.538
210.000,58,620.220,79.544,201.796
210.000,59,85.721,925.778,279.578
210.000,60,710.960,1221.914,119.380
215.000,0,682.004,1342.099,351.130
215.000,1,161.974,951.030,590.440
215.000,2,872.423,1295.724,449.817
215.000,3,327.296,615.129,138.373
215.000,4,863.155,670.352,304.678
215.000,5,898.544,368.210,339.141
215.000,6,799.338,1133.432,178.567
215.000,7,1107.614,1454.779,384.700
215.000,8,1350.702,698.743,487.606
215.000,9,1104.643,1387.368,181.250
215.000,10,302.348,1399.513,424.121
215.000,11,1259.474,702.953,275.495
215.000,12,1300.415,471.500,442.952
215.000,13,906.611,312.640,312.342
215.000,14,194.106,432.411,116.388
215.000,15,892.318,933.418,255.071
215.000,16,538.043,1580.723,539.923
215.000,17,527.818,507.650,141.622
215.000,18,873.804,1387.315,234.823
215.000,19,1131.780,1074.636,293.823
215.000,20,1306.495,97.918,513.490
215.000,21,789.085,175.702,576.893
215.000,22,997.957,812.496,367.359
215.000,23,1151.565,216.542,100.827
215.000,24,1055.142,1502.693,552.684
215.000,25,1035.155,1479.693,515.710
215.000,26,1069.373,1594.738,297.779
215.000,27,653.470,273.072,220.330
215.000,28,951.765,221.432,517.846
215.000,29,1089.053,1585.194,407.728
215.000,30,83.683,159.999,429.853
215.000,31,1176.086,538.628,596.368
215.000,32,592.024,187.703,256.244
215.000,33,739.694,1556.828,317.526
215.000,34,931.733,397.725,137.325
215.000,35,1327.346,169.537,455.626
215.000,36,1164.070,338.197,477.940
215.000,37,557.133,469.794,290.027
215.000,38,235.092,24.008,597.411
215.000,39,1258.737,741.475,390.957
215.000,40,720.742,953.439,132.255
215.000,41,116.053,712.010,315.633
215.000,42,121.595,158.756,588.406
215.000,43,1181.758,1528.853,550.620
215.000,44,745.409,1442.301,234.000
215.000,45,379.156,1505.901,249.758
215.000,46,142.617,536.019,315.230
215.000,47,65.228,1053.022,294.713
215.000,48,426.063,1411.098,265.063
215.000,49,1115.384,760.596,595.033
215.000,50,273.574,1333.455,386.242
215.000,51,1246.204,558.466,536.173
215.000,52,1250.249,398.179,594.921
215.000,53,207.107,492.349,106.154
215.000,54,68.637,1466.309,221.987
215.000,55,62.076,857.765,571.593
215.000,56,1278.867,905.941,501.989
215.000,57,1299.859,92.583,121.014
215.000,58,668.823,149.856,200.147
215.000,59,123.150,861.238,278.910
215.000,60,794.499,1307.355,119.711
220.000,0,680.253,1434.334,355.545
220.000,1,77.505,928.779,583.900
220.000,2,786.448,1298.059,453.856
220.000,3,370.621,542.997,139.033
220.000,4,895.284,746.815,304.375
220.000,5,923.170,451.103,339.588
220.000,6,685.191,1153.641,173.530
220.000,7,1187.596,1443.183,386.211
220.000,8,1311.115,563.629,487.552
220.000,9,1009.688,1311.246,175.251
220.000,10,185.621,1487.252,424.547
220.000,11,1268.699,836.357,280.799
220.000,12,1405.082,431.915,439.071
220.000,13,795.541,333.438,312.513
220.000,14,138.748,529.232,110.573
220.000,15,848.178,1061.369,258.577
220.000,16,500.180,1518.967,540.367
220.000,17,644.313,508.713,144.475
220.000,18,829.575,1275.771,232.479
220.000,19,1110.465,957.955,293.336
220.000,20,1245.677,27.579,509.967
220.000,21,710.139,232.636,580.507
220.000,22,1082.344,756.346,365.825
220.000,23,1180.592,320.695,101.834
220.000,24,1155.136,1423.825,544.854
220.000,25,1121.503,1443.689,519.232
220.000,26,1031.879,1507.317,300.434
220.000,27,736.382,220.110,222.573
220.000,28,912.009,315.587,519.557
220.000,29,1235.007,1579.931,405.510
220.000,30,174.354,124.649,428.952
220.000,31,1130.978,671.917,594.962
220.000,32,674.481,222.364,251.726
220.000,33,809.180,1449.162,313.649
220.000,34,884.154,461.008,137.855
220.000,35,1384.037,144.671,450.242
220.000,36,1089.336,246.911,476.879
220.000,37,609.129,535.553,289.034
220.000,38,137.082,18.135,599.827
220.000,39,1391.764,741.590,392.714
220.000,40,784.714,895.329,133.283
220.000,41,156.339,639.380,315.103
220.000,42,67.009,209.825,585.520
220.000,43,1239.619,1586.446,551.007
220.000,44,824.374,1465.339,230.678
220.000,45,281.649,1486.936,245.569
220.000,46,73.356,593.224,312.580
220.000,47,155.695,1081.179,293.025
220.000,48,495.873,1422.820,268.043
220.000,49,1028.625,787.013,591.578
220.000,50,209.038,1266.791,384.165
220.000,51,1348.382,553.003,540.251
220.000,52,1347.278,419.612,591.251
220.000,53,135.438,508.554,106.576
220.000,54,184.926,1453.060,215.350
220.000,55,52.515,813.038,567.314
220.000,56,1344.029,780.368,503.773
220.000,57,1219.011,117.438,119.983
220.000,58,722.820,221.290,201.007
220.000,59,140.504,787.632,277.067
220.000,60,869.612,1404.058,121.060
225.000,0,666.073,1520.643,361.010
225.000,1,17.324,895.073,579.763
225.000,2,709.243,1292.525,456.334
225.000,3,414.400,457.039,142.767
225.000,4,919.245,817.515,306.053
225.000,5,970.960,533.593,338.899
225.000,6,582.087,1197.220,166.965
225.000,7,1262.358,1413.569,386.895
225.000,8,1280.427,426.300,486.170
225.000,9,904.396,1248.961,173.259
225.000,10,80.969,1570.861,425.011
225.000,11,1281.444,965.250,282.407
225.000,12,1278.102,393.610,433.318
225.000,13,686.744,360.687,315.671
225.000,14,94.642,628.183,107.396
225.000,15,795.332,1175.562,263.036
225.000,16,470.664,1402.657,544.074
225.000,17,752.732,530.733,144.056
225.000,18,778.321,1164.573,232.296
225.000,19,1069.463,848.962,292.981
225.000,20,1180.512,36.380,505.894
225.000,21,643.048,291.635,584.317
225.000,22,1152.045,693.214,363.998
225.000,23,1207.600,414.178,102.709
225.000,24,1236.747,1324.601,541.300
225.000,25,1208.631,1401.639,520.587
225.000,26,990.751,1417.435,306.246
225.000,27,825.364,170.632,225.829
225.000,28,864.304,394.215,521.075
225.000,29,1372.326,1529.752,400.858
225.000,30,263.484,108.897,428.251
225.000,31,1081.455,798.963,591.698
225.000,32,755.930,273.646,249.032
225.000,33,900.354,1357.332,309.523
225.000,34,842.639,526.838,140.123
225.000,35,1243.257,123.280,448.401
225.000,36,997.036,168.006,473.842
225.000,37,660.146,603.564,288.402
225.000,38,48.681,75.919,598.597
225.000,39,1316.780,759.751,396.511
225.000,40,855.815,833.281,130.351
225.000,41,202.849,559.113,312.949
225.000,42,18.431,258.500,585.003
225.000,43,1312.527,1603.288,552.553
225.000,44,892.371,1486.346,230.526
225.000,45,198.679,1447.771,240.979
225.000,46,12.995,666.528,313.192
225.000,47,251.780,1110.310,292.941
225.000,48,566.770,1421.974,269.819
225.000,49,946.325,835.273,590.382
225.000,50,155.303,1190.936,380.523
225.000,51,1406.529,519.065,541.899
225.000,52,1406.290,430.148,588.468
225.000,53,59.332,506.640,106.361
225.000,54,296.703,1428.627,211.890
225.000,55,162.148,778.558,561.247
225.000,56,1408.743,663.396,506.071
225.000,57,1132.347,153.311,118.917
225.000,58,747.793,303.610,199.177
225.000,59,159.631,722.682,276.661
225.000,60,933.954,1502.250,120.977
230.000,0,649.487,1608.593,366.461
230.000,1,95.308,863.924,577.851
230.000,2,631.005,1290.321,460.426
230.000,3,436.384,365.350,143.019
230.000,4,940.820,896.967,306.648
230.000,5,991.973,625.469,337.290
230.000,6,477.992,1219.829,160.346
230.000,7,1342.910,1389.911,387.875
230.000,8,1228.813,299.438,487.121
230.000,9,815.769,1171.713,169.134
230.000,10,51.740,1575.364,422.830
230.000,11,1319.723,1098.276,283.420
230.000,12,1150.645,340.935,431.238
230.000,13,578.788,403.444,318.514
230.000,14,51.090,726.505,105.197
230.000,15,730.891,1283.813,267.739
230.000,16,448.057,1277.913,545.547
230.000,17,868.484,526.426,145.437
230.000,18,745.441,1055.465,230.617
230.000,19,1030.670,739.719,289.123
230.000,20,1110.958,105.686,501.996
230.000,21,560.580,347.917,589.786
230.000,22,1212.606,624.480,363.153
230.000,23,1237.352,509.509,104.829
230.000,24,1322.197,1228.866,537.023
230.000,25,1296.528,1353.322,522.047
230.000,26,960.706,1327.039,311.492
230.000,27,912.774,123.891,228.909
230.000,28,797.216,460.516,523.280
230.000,29,1317.457,1485.618,398.050
230.000,30,355.270,83.339,428.716
230.000,31,1040.896,937.426,587.118
230.000,32,831.278,334.354,249.357
230.000,33,975.742,1252.171,310.476
230.000,34,789.245,581.226,139.843
230.000,35,1109.341,109.810,445.347
230.000,36,923.010,73.692,472.777
230.000,37,700.673,671.602,287.250
230.000,38,33.381,143.080,596.933
230.000,39,1192.206,769.804,397.722
230.000,40,921.721,772.239,129.704
230.000,41,255.479,483.826,313.473
230.000,42,49.082,292.359,582.409
230.000,43,1385.376,1561.619,555.521
230.000,44,970.464,1513.224,229.030
230.000,45,116.784,1416.286,238.004
230.000,46,62.590,719.423,311.311
230.000,47,342.522,1150.966,294.081
230.000,48,636.928,1435.826,271.283
230.000,49,858.907,871.902,587.042
230.000,50,105.320,1117.953,375.373
230.000,51,1316.746,484.440,545.768
230.000,52,1309.749,456.528,587.649
230.000,53,17.415,523.187,104.955
230.000,54,418.495,1426.226,209.253
230.000,55,264.576,737.508,556.241
230.000,56,1350.802,556.826,510.330
230.000,57,1041.530,184.743,116.911
230.000,58,792.860,376.396,198.469
230.000,59,186.057,649.156,276.433
230.000,60,1016.424,1569.598,122.857
235.000,0,634.056,1524.648,371.750
235.000,1,170.517,835.921,573.829
235.000,2,561.771,1283.329,462.619
235.000,3,473.658,288.502,141.775
235.000,4,964.736,978.972,309.092
235.000,5,1020.488,716.849,337.596
235.000,6,387.307,1290.740,153.126
235.000,7,1416.326,1360.741,388.306
235.000,8,1202.815,158.166,486.560
235.000,9,708.630,1101.078,163.570
235.000,10,179.049,1514.212,426.043
235.000,11,1322.436,1228.821,282.669
235.000,12,1033.780,280.000,427.762
235.000,13,478.295,454.477,320.046
235.000,14,5.968,816.019,102.014
235.000,15,681.519,1404.071,272.533
235.000,16,421.139,1154.705,550.705
235.000,17,984.388,540.494,147.631
235.000,18,725.586,939.871,229.622
235.000,19,968.096,640.902,286.077
235.000,20,1064.349,184.166,500.169
235.000,21,493.343,408.957,592.431
235.000,22,1285.003,564.257,363.631
235.000,23,1260.729,609.325,106.480
235.000,24,1413.959,1137.000,533.067
235.000,25,1384.621,1318.478,526.403
235.000,26,919.829,1245.175,316.386
235.000,27,1008.762,76.731,231.481
235.000,28,724.708,532.702,523.934
235.000,29,1182.952,1430.253,395.307
235.000,30,436.337,61.494,429.279
235.000,31,960.647,1047.753,583.636
235.000,32,920.854,372.392,246.071
235.000,33,1053.178,1151.177,310.702
235.000,34,736.552,637.554,138.500
235.000,35,980.373,84.126,441.835
235.000,36,861.316,41.079,473.211
235.000,37,743.470,737.129,284.644
235.000,38,113.503,215.818,597.724
235.000,39,1069.304,806.142,397.721
235.000,40,982.932,708.109,129.923
235.000,41,299.306,413.015,311.847
235.000,42,113.052,334.320,579.712
235.000,43,1379.313,1527.599,557.531
235.000,44,1047.921,1528.300,228.910
235.000,45,29.530,1382.469,234.970
235.000,46,114.396,786.765,311.763
235.000,47,429.582,1186.733,295.404
235.000,48,718.710,1458.765,272.212
235.000,49,776.098,905.592,582.101
235.000,50,37.229,1059.464,373.237
235.000,51,1227.966,451.461,546.273
235.000,52,1208.648,479.567,586.257
235.000,53,90.204,542.940,104.935
235.000,54,543.052,1426.164,207.422
235.000,55,373.514,695.398,552.147
235.000,56,1275.472,451.306,512.832
235.000,57,954.984,207.784,115.309
235.000,58,816.699,460.107,197.245
235.000,59,216.271,577.746,275.154
235.000,60,1091.205,1564.721,124.617
240.000,0,610.662,1446.663,377.168
240.000,1,243.634,800.329,568.069
240.000,2,482.413,1289.183,464.856
240.000,3,517.402,207.296,143.684
240.000,4,992.879,1054.844,312.105
240.000,5,1046.523,799.809,338.849
240.000,6,285.702,1344.641,146.973
240.000,7,1336.684,1335.133,388.428
240.000,8,1167.057,21.531,487.182
240.000,9,601.059,1036.459,160.700
240.000,10,297.092,1427.433,428.559
240.000,11,1355.748,1354.158,281.790
240.000,12,909.614,238.296,427.291
240.000,13,374.242,485.476,322.973
240.000,14,47.482,912.739,101.945
240.000,15,598.419,1493.448,277.600
240.000,16,403.101,1033.874,548.810
240.000,17,1077.628,588.533,150.309
240.000,18,721.070,817.358,230.120
240.000,19,911.097,536.513,282.744
240.000,20,1006.793,254.069,496.817
240.000,21,411.388,461.599,598.599
240.000,22,1356.128,498.242,362.408
240.000,23,1280.567,708.824,106.785
240.000,24,1326.243,1045.025,529.891
240.000,25,1372.378,1283.931,528.402
240.000,26,883.790,1155.888,320.637
240.000,27,1090.160,21.637,234.871
240.000,28,661.090,611.123,524.219
240.000,29,1036.587,1402.070,392.112
240.000,30,514.958,17.317,427.639
240.000,31,887.621,1157.318,577.013
240.000,32,1002.877,410.837,245.104
240.000,33,1119.444,1038.782,307.635
240.000,34,679.507,693.698,136.158
240.000,35,846.151,66.868,434.701
240.000,36,789.472,137.699,471.667
240.000,37,780.440,806.929,282.126
240.000,38,224.324,247.866,596.389
240.000,39,941.084,838.094,398.509
240.000,40,1049.637,640.543,130.705
240.000,41,347.616,335.025,312.214
240.000,42,183.094,357.036,576.615
240.000,43,1319.796,1470.265,558.157
240.000,44,1123.150,1551.090,225.464
240.000,45,57.026,1347.076,231.506
240.000,46,171.505,858.469,311.013
240.000,47,519.696,1233.901,291.195
240.000,48,795.759,1476.043,271.952
240.000,49,684.289,928.933,578.967
240.000,50,31.075,986.512,370.211
240.000,51,1136.807,416.007,550.230
240.000,52,1119.185,509.681,585.154
240.000,53,162.663,561.436,104.966
240.000,54,666.480,1414.896,201.075
240.000,55,483.755,671.500,545.588
240.000,56,1193.025,343.944,515.388
240.000,57,864.154,219.302,114.630
240.000,58,853.111,541.695,196.223
240.000,59,251.575,507.847,273.697
240.000,60,1168.375,1476.615,126.679
245.000,0,621.636,1362.761,380.644
245.000,1,314.884,767.033,562.443
245.000,2,405.711,1293.365,467.697
245.000,3,561.538,132.681,144.776
245.000,4,1022.752,1127.855,314.795
245.000,5,1070.776,884.705,336.259
245.000,6,182.527,1394.588,142.454
245.000,7,1260.526,1303.725,389.655
245.000,8,1119.372,131.070,488.386
245.000,9,491.484,977.615,159.271
245.000,10,412.626,1335.873,429.532
245.000,11,1382.570,1486.576,283.095
245.000,12,790.617,185.831,424.891
245.000,13,277.431,532.052,326.663
245.000,14,100.360,1002.935,103.840
245.000,15,539.370,1612.902,283.728
245.000,16,401.583,917.615,550.508
245.000,17,1181.675,634.586,151.705
245.000,18,692.919,708.692,228.077
245.000,19,870.870,425.308,281.525
245.000,20,940.683,312.344,495.342
245.000,21,328.352,511.431,597.487
245.000,22,1415.555,437.887,362.236
245.000,23,1328.920,798.370,107.284
245.000,24,1239.988,961.527,525.725
245.000,25,1282.394,1248.302,529.466
245.000,26,826.127,1080.119,325.647
245.000,27,1191.951,11.324,240.030
245.000,28,588.789,677.073,524.298
245.000,29,891.543,1380.214,391.558
245.000,30,589.642,33.093,428.245
245.000,31,831.366,1284.694,574.332
245.000,32,1089.602,460.958,243.277
245.000,33,1228.548,967.976,305.988
245.000,34,625.131,751.886,134.896
245.000,35,715.504,74.492,428.549
245.000,36,732.565,233.057,470.656
245.000,37,830.018,867.919,279.820
245.000,38,325.443,274.375,595.169
245.000,39,817.208,847.912,400.010
245.000,40,1113.716,584.328,130.946
245.000,41,402.649,265.985,310.406
245.000,42,241.435,405.862,573.028
245.000,43,1261.009,1411.995,560.267
245.000,44,1205.580,1576.067,220.221
245.000,45,131.875,1298.032,229.505
245.000,46,228.870,936.589,309.901
245.000,47,620.103,1255.647,288.965
245.000,48,873.354,1479.886,271.163
245.000,49,592.974,970.735,578.003
245.000,50,81.591,917.003,368.010
245.000,51,1036.201,383.066,552.182
245.000,52,1014.801,496.407,583.106
245.000,53,236.904,575.175,105.002
245.000,54,794.260,1405.066,197.133
245.000,55,593.341,632.918,540.944
245.000,56,1107.839,240.524,515.772
245.000,57,774.069,231.399,111.648
245.000,58,871.472,627.957,196.027
245.000,59,287.927,433.577,273.073
245.000,60,1235.711,1383.438,128.462
250.000,0,607.281,1276.421,384.422
250.000,1,388.615,732.522,559.103
250.000,2,332.068,1286.411,469.509
250.000,3,583.511,40.651,144.684
250.000,4,1049.673,1210.888,314.616
250.000,5,1093.464,969.721,335.017
250.000,6,77.051,1436.647,138.112
250.000,7,1190.293,1281.851,390.469
250.000,8,1090.562,275.722,490.595
250.000,9,397.239,907.166,154.351
250.000,10,524.449,1259.698,425.223
250.000,11,1364.155,1595.935,285.442
250.000,12,662.670,177.850,421.397
250.000,13,169.402,544.178,330.243
250.000,14,152.405,1092.471,105.657
250.000,15,470.953,1495.599,288.960
250.000,16,390.453,804.296,549.283
250.000,17,1283.634,669.343,154.872
250.000,18,661.824,596.291,227.431
250.000,19,841.603,312.593,280.961
250.000,20,876.674,374.486,492.400
250.000,21,242.161,541.440,594.001
250.000,22,1348.300,359.371,362.525
250.000,23,1384.115,881.167,107.818
250.000,24,1150.816,878.307,523.922
250.000,25,1192.440,1202.404,532.540
250.000,26,787.214,985.331,329.743
250.000,27,1285.702,52.804,242.440
250.000,28,519.536,742.230,524.603
250.000,29,749.057,1344.583,393.338
250.000,30,676.190,50.452,431.258
250.000,31,757.408,1403.224,570.460
250.000,32,1172.618,496.186,239.850
250.000,33,1286.516,848.655,304.453
250.000,34,573.458,811.132,136.364
250.000,35,582.093,71.171,424.933
250.000,36,666.472,329.907,471.605
250.000,37,875.105,931.109,278.209
250.000,38,411.032,327.180,593.475
250.000,39,698.501,886.905,401.439
250.000,40,1171.788,516.816,132.857
250.000,41,454.209,192.186,307.823
250.000,42,307.885,453.568,570.323
250.000,43,1199.909,1360.512,563.780
250.000,44,1275.292,1596.101,218.596
250.000,45,202.557,1242.650,224.570
250.000,46,280.173,1016.119,310.919
250.000,47,701.754,1308.531,289.553
250.000,48,950.047,1508.359,273.257
250.000,49,512.339,1015.744,575.733
250.000,50,147.627,852.802,365.263
250.000,51,932.634,351.697,554.072
250.000,52,919.343,511.494,580.587
250.000,53,314.736,580.346,103.548
250.000,54,911.549,1402.627,192.905
250.000,55,696.002,595.820,536.283
250.000,56,1035.195,120.114,516.242
250.000,57,680.890,272.878,108.759
250.000,58,920.364,689.170,196.045
250.000,59,296.421,356.770,270.845
250.000,60,1311.483,1302.231,129.928
255.000,0,613.283,1195.905,386.774
255.000,1,461.967,692.621,555.361
255.000,2,255.723,1281.995,472.819
255.000,3,619.408,64.398,147.254
255.000,4,1064.005,1291.132,315.906
255.000,5,1099.326,1060.930,335.631
255.000,6,35.933,1486.363,133.373
255.000,7,1123.189,1253.354,389.823
255.000,8,1072.079,425.861,489.205
255.000,9,314.258,819.928,151.104
255.000,10,655.126,1203.609,423.587
255.000,11,1376.010,1451.729,288.137
255.000,12,545.484,117.768,419.033
255.000,13,62.981,574.990,334.167
255.000,14,199.209,1179.213,110.084
255.000,15,391.040,1395.416,293.995
255.000,16,372.180,682.265,546.817
255.000,17,1388.813,698.510,156.105
255.000,18,648.388,492.246,225.483
255.000,19,774.786,216.596,279.366
255.000,20,806.674,432.120,487.927
255.000,21,167.876,590.699,588.937
255.000,22,1270.759,299.412,360.611
255.000,23,1418.964,968.221,111.816
255.000,24,1049.391,798.941,520.764
255.000,25,1112.403,1148.572,534.460
255.000,26,732.573,905.426,333.864
255.000,27,1366.957,124.106,242.884
255.000,28,450.119,802.322,522.354
255.000,29,618.595,1284.130,394.698
255.000,30,760.276,79.179,429.466
255.000,31,717.475,1537.322,564.395
255.000,32,1248.754,541.247,235.467
255.000,33,1352.747,738.003,301.346
255.000,34,533.180,876.359,136.922
255.000,35,451.816,63.299,418.259
255.000,36,593.235,431.763,471.335
255.000,37,930.305,987.849,277.441
255.000,38,492.306,401.030,591.795
255.000,39,572.965,901.809,403.849
255.000,40,1219.769,449.339,135.308
255.000,41,519.893,132.535,307.360
255.000,42,364.947,503.569,568.771
255.000,43,1142.801,1307.341,565.787
255.000,44,1349.757,1605.077,218.084
255.000,45,270.515,1202.129,220.335
255.000,46,353.162,1070.608,311.732
255.000,47,790.622,1348.930,289.116
255.000,48,1023.194,1523.022,275.943
255.000,49,423.165,1041.476,573.076
255.000,50,217.900,796.431,362.044
255.000,51,839.770,324.522,554.273
255.000,52,820.909,527.793,578.141
255.000,53,390.232,602.358,102.873
255.000,54,1025.707,1363.640,188.394
255.000,55,806.340,565.259,532.134
255.000,56,966.569,19.455,516.952
255.000,57,590.367,281.039,106.622
255.000,58,957.154,762.413,196.074
255.000,59,320.728,286.567,269.636
255.000,60,1410.189,1232.825,130.790
260.000,0,615.927,1111.432,391.288
260.000,1,521.272,639.610,550.311
260.000,2,180.629,1284.835,475.664
260.000,3,659.133,149.312,151.306
260.000,4,1103.394,1369.348,313.728
260.000,5,1117.437,1144.783,336.556
260.000,6,134.400,1528.279,127.750
260.000,7,1046.664,1238.876,392.044
260.000,8,1032.084,562.540,488.178
260.000,9,245.011,726.952,146.927
260.000,10,768.616,1116.857,422.889
260.000,11,1371.116,1315.557,291.289
260.000,12,409.616,84.333,415.644
260.000,13,60.198,606.254,335.631
260.000,14,262.507,1260.559,114.279
260.000,15,317.386,1292.966,299.126
260.000,16,357.668,559.763,549.094
260.000,17,1342.953,711.931,159.485
260.000,18,628.058,380.768,225.739
260.000,19,710.727,115.246,278.477
260.000,20,746.261,489.915,486.409
260.000,21,101.090,649.458,583.652
260.000,22,1207.522,226.035,360.460
260.000,23,1406.785,1069.454,113.604
260.000,24,957.759,711.418,514.572
260.000,25,1018.246,1113.030,538.411
260.000,26,690.583,818.859,339.479
260.000,27,1386.070,174.031,245.459
260.000,28,375.741,867.081,521.996
260.000,29,490.045,1208.720,391.682
260.000,30,843.515,112.840,429.330
260.000,31,642.318,1569.754,559.892
260.000,32,1329.587,584.396,232.923
260.000,33,1402.853,635.927,300.083
260.000,34,487.251,946.513,137.111
260.000,35,314.758,44.754,412.416
260.000,36,530.926,536.370,468.797
260.000,37,970.121,1054.121,277.129
260.000,38,590.118,457.290,591.928
260.000,39,450.172,927.102,406.470
260.000,40,1273.369,382.279,135.988
260.000,41,560.363,57.972,305.832
260.000,42,429.800,552.136,569.102
260.000,43,1084.822,1267.022,568.338
260.000,44,1413.315,1607.432,217.833
260.000,45,354.952,1179.886,217.493
260.000,46,426.017,1122.012,311.374
260.000,47,882.222,1385.577,286.980
260.000,48,1097.123,1534.886,275.838
260.000,49,335.275,1073.344,569.097
260.000,50,279.701,723.137,355.688
260.000,51,739.071,305.943,555.600
260.000,52,730.198,553.897,576.589
260.000,53,457.201,622.776,102.646
260.000,54,1146.250,1372.282,184.772
260.000,55,916.826,522.313,526.033
260.000,56,901.274,135.933,516.086
260.000,57,502.048,314.133,107.076
260.000,58,1007.693,836.959,196.359
260.000,59,342.506,214.064,267.231
260.000,60,1346.552,1164.956,132.403
265.000,0,603.563,1034.703,394.390
265.000,1,590.087,591.671,548.760
265.000,2,104.809,1291.763,479.556
265.000,3,694.533,228.860,151.704
265.000,4,1105.617,1448.684,314.801
265.000,5,1145.628,1238.102,336.122
265.000,6,244.114,1568.662,119.947
265.000,7,975.206,1208.903,393.091
265.000,8,1044.653,712.634,485.215
265.000,9,165.555,649.279,145.690
265.000,10,880.955,1034.225,423.327
265.000,11,1377.978,1173.319,295.598
265.000,12,276.429,45.270,413.637
265.000,13,176.857,619.439,336.048
265.000,14,332.864,1348.589,115.771
265.000,15,247.924,1188.316,303.904
265.000,16,305.635,454.284,555.435
265.000,17,1226.253,714.908,164.357
265.000,18,587.913,276.005,223.657
265.000,19,632.462,26.514,276.917
265.000,20,689.544,561.663,483.639
265.000,21,14.427,691.844,579.798
265.000,22,1127.702,177.414,359.281
265.000,23,1369.110,1165.483,116.903
265.000,24,856.062,625.657,511.285
265.000,25,928.802,1073.476,543.991
265.000,26,652.433,735.718,343.802
265.000,27,1297.935,216.700,250.577
265.000,28,302.888,936.837,523.656
265.000,29,351.749,1154.679,389.149
265.000,30,933.195,142.472,426.710
265.000,31,573.334,1455.118,557.552
265.000,32,1415.706,627.734,229.571
265.000,33,1327.707,524.096,298.836
265.000,34,444.863,1012.124,137.753
265.000,35,183.442,68.637,407.731
265.000,36,463.929,634.636,469.911
265.000,37,1021.129,1107.803,276.099
265.000,38,692.119,496.087,591.661
265.000,39,327.657,948.406,404.937
265.000,40,1325.136,312.019,136.601
265.000,41,606.638,43.499,306.171
265.000,42,492.545,595.268,567.447
265.000,43,1035.984,1214.010,571.135
265.000,44,1329.741,1599.015,216.442
265.000,45,429.276,1120.877,214.611
265.000,46,485.904,1178.811,309.757
265.000,47,961.287,1435.640,286.405
265.000,48,1164.597,1558.572,277.242
265.000,49,254.865,1113.020,566.545
265.000,50,351.870,666.818,353.266
265.000,51,647.441,272.374,558.327
265.000,52,640.111,567.095,575.251
265.000,53,527.906,637.127,101.716
265.000,54,1265.591,1358.229,180.745
265.000,55,1026.405,469.397,521.891
265.000,56,834.230,252.550,517.651
265.000,57,411.677,321.251,106.712
265.000,58,1055.243,904.712,196.042
265.000,59,356.481,147.321,264.667
265.000,60,1272.675,1082.732,134.914
270.000,0,595.415,951.269,397.921
270.000,1,668.572,557.403,546.927
270.000,2,32.805,1294.613,483.047
270.000,3,732.035,315.522,153.373
270.000,4,1138.083,1535.777,316.066
270.000,5,1163.772,1322.615,337.305
270.000,6,340.400,1604.657,113.260
270.000,7,900.506,1158.653,393.576
270.000,8,1054.121,861.427,484.689
270.000,9,75.742,570.636,141.760
270.000,10,1003.541,960.967,423.456
270.000,11,1377.360,1038.127,297.590
270.000,12,150.060,2.800,408.639
270.000,13,284.512,643.795,339.286
270.000,14,399.920,1444.617,121.323
270.000,15,162.516,1087.864,308.848
270.000,16,298.644,333.070,555.161
270.000,17,1113.773,727.478,168.005
270.000,18,558.934,164.045,219.620
270.000,19,592.604,92.634,273.070
270.000,20,637.612,630.195,479.551
270.000,21,81.881,734.620,577.535
270.000,22,1046.700,118.192,357.729
270.000,23,1358.919,1261.765,118.045
270.000,24,744.916,562.943,507.145
270.000,25,836.007,1053.458,547.782
270.000,26,611.260,648.539,348.738
270.000,27,1209.146,262.801,251.322
270.000,28,229.718,1004.409,524.383
270.000,29,220.947,1084.724,385.127
270.000,30,1011.839,180.503,426.547
270.000,31,515.940,1322.288,552.573
270.000,32,1356.192,674.035,225.505
270.000,33,1247.067,421.023,295.052
270.000,34,387.801,1065.959,134.642
270.000,35,43.242,53.863,403.370
270.000,36,384.173,719.475,470.619
270.000,37,1056.857,1175.360,275.613
270.000,38,785.631,538.847,593.013
270.000,39,206.897,985.079,405.788
270.000,40,1376.809,243.548,134.461
270.000,41,655.486,109.643,304.435
270.000,42,562.246,610.558,564.373
270.000,43,981.875,1160.580,572.409
270.000,44,1259.348,1574.002,214.746
270.000,45,507.909,1072.773,211.671
270.000,46,548.928,1243.221,310.951
270.000,47,1035.877,1492.591,284.750
270.000,48,1239.209,1579.432,279.307
270.000,49,165.143,1143.715,564.074
270.000,50,396.931,586.262,350.650
270.000,51,553.705,250.153,559.546
270.000,52,547.227,597.753,570.864
270.000,53,600.767,648.910,100.613
270.000,54,1378.312,1339.568,177.082
270.000,55,1138.066,433.138,519.430
270.000,56,765.698,363.414,520.423
270.000,57,324.742,361.501,103.829
270.000,58,1099.845,972.048,194.504
270.000,59,379.351,73.206,263.029
270.000,60,1201.398,990.977,136.381
275.000,0,582.164,862.985,401.057
275.000,1,741.822,504.415,540.211
275.000,2,52.449,1285.163,486.703
275.000,3,753.968,405.788,154.284
275.000,4,1179.123,1605.935,316.491
275.000,5,1187.659,1414.147,339.360
275.000,6,436.716,1551.342,109.488
275.000,7,819.567,1130.379,392.997
275.000,8,1014.275,1003.050,486.163
275.000,9,10.395,482.103,137.302
275.000,10,1118.698,876.796,424.789
275.000,11,1369.846,907.306,300.035
275.000,12,27.415,38.258,403.973
275.000,13,394.322,655.957,338.876
275.000,14,469.014,1528.471,123.070
275.000,15,90.609,977.355,316.301
275.000,16,267.099,217.550,555.257
275.000,17,1005.374,748.079,170.703
275.000,18,536.864,54.252,219.749
275.000,19,527.530,185.504,270.192
275.000,20,587.745,702.301,478.293
275.000,21,157.055,787.462,572.073
275.000,22,980.090,49.123,358.211
275.000,23,1331.693,1355.189,120.024
275.000,24,634.760,503.544,498.494
275.000,25,736.934,1036.441,552.509
275.000,26,549.774,563.709,351.885
275.000,27,1116.603,319.581,253.778
275.000,28,148.752,1063.806,523.882
275.000,29,76.747,1035.069,382.715
275.000,30,1092.828,217.655,426.768
275.000,31,461.064,1196.067,542.979
275.000,32,1289.787,729.302,224.331
275.000,33,1184.384,307.779,290.907
275.000,34,335.097,1121.701,133.675
275.000,35,95.668,28.030,398.068
275.000,36,308.667,803.391,472.722
275.000,37,1095.378,1243.465,273.071
275.000,38,883.524,591.236,590.654
275.000,39,81.821,1012.176,406.553
275.000,40,1414.337,184.337,131.665
275.000,41,699.088,180.811,301.712
275.000,42,623.435,654.279,561.938
275.000,43,922.244,1113.401,573.738
275.000,44,1183.786,1540.345,211.778
275.000,45,584.655,1016.846,209.102
275.000,46,604.882,1314.397,310.623
275.000,47,1124.768,1528.796,283.628
275.000,48,1314.376,1589.749,278.895
275.000,49,73.026,1150.974,564.190
275.000,50,466.414,523.242,347.298
275.000,51,457.707,223.409,560.751
275.000,52,457.246,604.920,569.968
275.000,53,674.174,662.284,100.904
275.000,54,1332.251,1320.827,171.156
275.000,55,1253.134,400.563,515.380
275.000,56,700.661,476.893,523.504
275.000,57,248.157,407.403,103.806
275.000,58,1121.174,1047.759,194.690
275.000,59,388.233,9.181,261.264
275.000,60,1115.753,914.711,136.622
280.000,0,569.633,772.232,408.135
280.000,1,816.743,460.172,533.163
280.000,2,133.568,1299.571,488.096
280.000,3,794.330,490.543,157.592
280.000,4,1207.375,1537.427,320.156
280.000,5,1204.646,1502.801,336.815
280.000,6,549.844,1529.849,103.686
280.000,7,736.029,1103.017,394.574
280.000,8,945.654,1129.054,488.475
280.000,9,107.216,423.346,133.428
280.000,10,1237.328,804.633,426.475
280.000,11,1393.449,770.673,307.210
280.000,12,105.300,66.204,401.027
280.000,13,505.934,665.203,342.665
280.000,14,559.413,1603.323,125.631
280.000,15,15.879,867.791,321.166
280.000,16,247.447,98.635,555.893
280.000,17,895.625,777.908,173.597
280.000,18,520.075,77.165,219.701
280.000,19,488.655,292.299,267.438
280.000,20,532.396,774.414,474.230
280.000,21,231.874,844.253,566.135
280.000,22,899.613,5.268,358.753
280.000,23,1289.889,1444.711,122.492
280.000,24,524.648,432.958,492.306
280.000,25,648.759,1013.134,556.231
280.000,26,515.081,469.648,356.007
280.000,27,1035.797,378.172,255.648
280.000,28,76.681,1135.184,521.149
280.000,29,87.673,978.888,382.420
280.000,30,1184.529,233.625,426.438
280.000,31,419.198,1063.780,536.205
280.000,32,1214.124,788.399,220.454
280.000,33,1101.355,206.119,287.427
280.000,34,289.436,1176.937,132.439
280.000,35,236.975,14.616,393.055
280.000,36,244.556,897.751,474.996
280.000,37,1138.827,1312.043,271.709
280.000,38,974.270,650.226,587.998
280.000,39,52.899,1027.777,408.820
280.000,40,1342.286,128.869,130.300
280.000,41,747.455,258.861,300.697
280.000,42,678.898,710.055,560.516
280.000,43,860.048,1066.824,577.903
280.000,44,1116.248,1504.474,210.576
280.000,45,666.696,980.305,206.597
280.000,46,673.277,1378.924,310.473
280.000,47,1220.026,1566.157,283.736
280.000,48,1396.158,1607.168,279.014
280.000,49,20.952,1190.038,562.867
280.000,50,542.054,461.987,341.467
280.000,51,355.876,201.526,561.547
280.000,52,365.426,630.035,567.902
280.000,53,744.980,682.091,101.912
280.000,54,1209.800,1343.946,166.530
280.000,55,1349.358,346.683,512.179
280.000,56,634.404,597.908,524.872
280.000,57,161.060,413.535,100.017
280.000,58,1155.122,1120.130,193.277
280.000,59,419.439,85.592,258.980
280.000,60,1035.640,832.320,138.073
285.000,0,548.613,684.090,412.082
285.000,1,895.357,414.226,529.084
285.000,2,212.375,1309.836,489.204
285.000,3,849.243,557.823,158.072
285.000,4,1241.836,1471.283,321.258
285.000,5,1220.965,1586.253,335.788
285.000,6,646.138,1469.144,102.075
285.000,7,665.021,1068.789,396.989
285.000,8,912.601,1259.201,488.380
285.000,9,212.998,365.186,128.017
285.000,10,1359.368,735.394,426.526
285.000,11,1410.522,629.308,307.776
285.000,12,225.322,101.346,398.425
285.000,13,608.485,690.439,347.300
285.000,14,592.445,1517.705,128.123
285.000,15,80.841,767.187,323.967
285.000,16,228.578,44.815,556.555
285.000,17,786.471,802.205,176.863
285.000,18,491.720,192.196,219.732
285.000,19,443.435,400.657,264.957
285.000,20,475.450,849.734,468.765
285.000,21,302.935,905.322,561.440
285.000,22,825.913,67.382,360.677
285.000,23,1272.395,1544.919,123.122
285.000,24,409.810,384.922,489.449
285.000,25,573.128,959.253,559.457
285.000,26,455.836,396.055,360.918
285.000,27,941.543,424.035,256.318
285.000,28,16.345,1207.322,523.009
285.000,29,197.606,881.069,380.870
285.000,30,1277.496,254.905,425.252
285.000,31,387.586,931.738,532.124
285.000,32,1136.671,844.744,216.015
285.000,33,1012.924,116.062,286.880
285.000,34,258.350,1249.251,132.307
285.000,35,379.944,30.426,389.222
285.000,36,186.902,995.589,475.233
285.000,37,1172.777,1372.754,270.524
285.000,38,1068.109,715.144,583.815
285.000,39,184.473,1062.105,409.710
285.000,40,1284.620,63.608,129.928
285.000,41,793.384,334.695,299.297
285.000,42,747.030,750.851,557.854
285.000,43,790.441,1029.734,580.253
285.000,44,1040.476,1471.429,209.641
285.000,45,745.649,941.189,201.932
285.000,46,749.918,1440.192,308.939
285.000,47,1312.884,1609.906,285.609
285.000,48,1380.605,1591.553,280.902
285.000,49,102.178,1227.458,560.088
285.000,50,606.104,381.438,338.288
285.000,51,272.030,157.175,563.475
285.000,52,267.410,632.619,567.287
285.000,53,817.149,705.218,102.452
285.000,54,1083.457,1351.191,160.410
285.000,55,1393.166,306.937,508.504
285.000,56,567.577,716.505,522.741
285.000,57,81.745,441.196,103.233
285.000,58,1200.196,1187.911,194.826
285.000,59,448.644,153.756,255.974
285.000,60,949.232,759.571,140.403
290.000,0,541.000,599.485,416.793
290.000,1,964.338,381.070,524.750
290.000,2,281.436,1308.059,492.984
290.000,3,894.601,642.072,160.918
290.000,4,1268.809,1400.929,323.912
290.000,5,1249.621,1554.652,335.467
290.000,6,755.076,1443.106,105.512
290.000,7,600.100,1032.962,398.843
290.000,8,889.327,1401.357,486.355
290.000,9,310.442,289.574,123.223
290.000,10,1368.753,664.014,427.488
290.000,11,1377.829,491.276,308.849
290.000,12,354.331,135.353,392.693
290.000,13,725.561,700.844,349.552
290.000,14,645.015,1423.437,132.336
290.000,15,135.847,648.655,328.361
290.000,16,188.319,161.371,558.075
290.000,17,670.873,813.309,179.253
290.000,18,467.040,302.021,217.402
290.000,19,397.420,503.126,264.311
290.000,20,417.718,918.657,467.429
290.000,21,373.943,967.617,557.153
290.000,22,745.148,113.383,360.249
290.000,23,1258.618,1582.266,123.816
290.000,24,330.480,287.124,486.142
290.000,25,475.571,931.012,564.426
290.000,26,432.274,302.805,364.971
290.000,27,843.102,455.875,257.741
290.000,28,64.680,1274.554,522.818
290.000,29,319.264,803.751,375.403
290.000,30,1360.470,299.355,424.867
290.000,31,348.457,803.329,525.764
290.000,32,1048.442,883.790,213.782
290.000,33,961.291,15.741,286.259
290.000,34,231.380,1316.092,133.120
290.000,35,508.350,53.963,383.629
290.000,36,117.545,1088.531,474.888
290.000,37,1213.198,1431.706,270.219
290.000,38,1171.250,735.735,582.803
290.000,39,305.916,1106.532,407.711
290.000,40,1215.077,4.380,128.736
290.000,41,839.089,398.208,298.136
290.000,42,805.143,796.387,554.549
290.000,43,726.137,971.217,583.668
290.000,44,968.578,1468.834,207.147
290.000,45,814.431,880.258,196.711
290.000,46,819.952,1493.688,310.544
290.000,47,1403.494,1559.301,287.728
290.000,48,1304.228,1581.664,281.448
290.000,49,190.487,1263.452,557.669
290.000,50,659.558,307.831,335.702
290.000,51,184.536,123.421,565.258
290.000,52,184.125,662.318,564.084
290.000,53,890.498,712.161,103.370
290.000,54,966.311,1330.953,154.013
290.000,55,1291.388,259.833,500.473
290.000,56,473.016,804.050,523.203
290.000,57,20.154,437.844,108.071
290.000,58,1245.616,1256.987,193.379
290.000,59,476.413,223.299,254.699
290.000,60,860.693,682.206,143.818
295.000,0,535.374,516.861,419.788
295.000,1,1043.221,352.898,522.234
295.000,2,352.786,1313.893,495.170
295.000,3,949.593,721.205,164.052
295.000,4,1274.736,1316.504,324.334
295.000,5,1253.571,1462.732,336.953
295.000,6,853.247,1382.292,110.338
295.000,7,526.990,997.598,399.809
295.000,8,849.665,1543.595,487.147
295.000,9,381.990,184.765,120.542
295.000,10,1253.460,579.164,428.628
295.000,11,1374.630,356.271,313.852
295.000,12,482.781,156.976,390.012
295.000,13,831.531,722.148,352.549
295.000,14,710.769,1331.428,134.186
295.000,15,207.498,537.789,332.592
295.000,16,169.273,273.921,557.182
295.000,17,557.311,839.335,181.642
295.000,18,429.750,410.889,215.156
295.000,19,347.455,606.168,264.500
295.000,20,363.420,991.708,464.207
295.000,21,449.481,1020.965,552.896
295.000,22,676.111,187.082,361.732
295.000,23,1215.699,1485.356,125.750
295.000,24,231.204,203.367,478.731
295.000,25,380.376,914.743,567.261
295.000,26,382.291,218.772,369.731
295.000,27,765.338,509.971,259.101
295.000,28,129.456,1346.860,521.240
295.000,29,451.204,734.140,372.406
295.000,30,1394.066,315.879,423.939
295.000,31,288.763,678.393,518.478
295.000,32,975.847,928.294,211.326
295.000,33,900.464,127.740,282.550
295.000,34,196.448,1378.174,133.097
295.000,35,631.104,98.268,379.068
295.000,36,55.141,1189.892,475.442
295.000,37,1267.647,1478.900,267.924
295.000,38,1267.339,770.118,582.650
295.000,39,430.021,1107.408,410.446
295.000,40,1151.042,75.665,129.103
295.000,41,866.261,482.704,297.192
295.000,42,848.465,846.801,553.374
295.000,43,660.263,927.826,585.922
295.000,44,891.778,1442.327,204.063
295.000,45,895.323,833.703,194.033
295.000,46,882.401,1559.126,310.790
295.000,47,1348.333,1522.099,287.112
295.000,48,1232.821,1578.312,281.246
295.000,49,274.118,1294.147,554.152
295.000,50,740.368,249.013,331.376
295.000,51,91.709,87.508,565.934
295.000,52,86.637,679.351,558.346
295.000,53,961.328,718.417,103.668
295.000,54,842.246,1319.721,149.895
295.000,55,1177.967,240.380,493.741
295.000,56,415.110,929.869,524.635
295.000,57,102.754,464.318,112.374
295.000,58,1277.324,1330.811,192.956
295.000,59,504.691,288.107,256.322
295.000,60,763.640,621.760,143.847
