t_s,node,x,y,z
0.000,0,1033.427,604.504,266.705
0.000,1,925.213,1760.424,558.867
0.000,2,1232.781,1006.354,535.072
0.000,3,201.153,1216.514,536.045
0.000,4,671.289,661.797,402.646
0.000,5,1156.106,1843.900,407.969
0.000,6,1201.072,1232.680,131.389
0.000,7,1048.661,1702.123,537.995
0.000,8,602.515,386.253,379.143
0.000,9,220.335,1222.797,110.414
0.000,10,1051.021,1048.216,342.995
0.000,11,714.901,536.688,258.621
0.000,12,1105.112,836.664,444.854
0.000,13,902.596,260.195,549.621
0.000,14,1046.803,803.902,108.243
0.000,15,1152.719,779.262,184.577
0.000,16,1278.556,1847.834,579.188
0.000,17,564.124,1813.164,529.040
0.000,18,914.418,1475.066,225.961
0.000,19,753.167,1434.493,312.570
0.000,20,776.601,1278.873,383.095
0.000,21,42.170,1532.911,360.410
0.000,22,615.946,1124.105,538.746
0.000,23,786.583,331.463,231.759
0.000,24,467.072,1087.467,557.188
0.000,25,926.762,1583.263,573.389
0.000,26,141.366,143.505,397.243
0.000,27,384.512,1332.870,477.222
0.000,28,490.482,1026.223,359.194
0.000,29,1053.362,1844.457,507.130
0.000,30,442.767,909.630,193.597
0.000,31,863.008,1368.974,475.824
0.000,32,210.509,23.512,489.775
0.000,33,352.349,296.110,398.389
0.000,34,679.146,77.872,482.756
0.000,35,655.310,750.881,280.594
0.000,36,903.756,1673.100,248.426
0.000,37,580.888,1580.587,525.456
0.000,38,128.232,381.036,190.783
0.000,39,16.708,1497.680,490.242
0.000,40,169.232,76.750,111.243
0.000,41,1170.367,646.708,296.341
0.000,42,791.070,141.317,527.706
0.000,43,1096.055,747.989,563.200
0.000,44,363.368,1007.875,566.389
0.000,45,445.587,76.185,254.861
0.000,46,326.428,1385.968,338.762
0.000,47,746.232,1641.727,535.330
0.000,48,634.904,1227.681,393.670
0.000,49,911.704,1530.478,553.814
0.000,50,497.352,171.219,204.253
0.000,51,928.528,1704.892,356.476
0.000,52,367.194,136.588,587.933
0.000,53,177.667,1751.564,532.018
0.000,54,14.757,1453.070,320.271
0.000,55,816.834,1514.983,558.386
0.000,56,1017.785,84.173,537.355
0.000,57,758.536,1108.653,266.275
0.000,58,810.959,1546.891,177.029
0.000,59,913.774,1437.358,154.639
0.000,60,1148.280,600.968,444.219
0.000,61,1183.814,186.606,556.195
0.000,62,737.200,1890.468,306.366
0.000,63,477.021,307.290,144.224
5.000,0,1107.852,584.843,269.022
5.000,1,992.498,1779.798,559.981
5.000,2,1198.150,867.229,532.831
5.000,3,96.706,1112.835,537.584
5.000,4,582.251,610.808,398.750
5.000,5,1014.668,1847.778,404.717
5.000,6,1111.006,1256.356,130.574
5.000,7,978.285,1672.351,543.286
5.000,8,523.169,321.053,378.881
5.000,9,306.447,1232.076,108.265
5.000,10,1006.071,1137.768,344.871
5.000,11,619.252,512.676,258.718
5.000,12,1071.942,721.326,450.083
5.000,13,783.228,253.417,543.608
5.000,14,1064.437,894.074,109.483
5.000,15,1160.522,907.073,186.753
5.000,16,1250.126,1769.784,576.902
5.000,17,591.988,1734.188,526.437
5.000,18,865.340,1401.456,229.007
5.000,19,659.590,1455.457,310.927
5.000,20,734.659,1421.797,389.999
5.000,21,56.925,1424.867,360.423
5.000,22,554.868,1186.479,537.436
5.000,23,734.961,455.986,233.579
5.000,24,457.911,1000.899,560.269
5.000,25,1042.181,1606.089,572.218
5.000,26,26.325,155.745,396.759
5.000,27,334.995,1459.379,470.911
5.000,28,438.872,1157.449,352.381
5.000,29,1119.734,1729.438,515.108
5.000,30,363.589,816.206,191.148
5.000,31,828.099,1245.318,473.600
5.000,32,250.292,134.615,490.900
5.000,33,297.758,390.775,400.315
5.000,34,675.241,192.114,481.138
5.000,35,582.800,657.739,277.196
5.000,36,1000.540,1768.678,248.938
5.000,37,621.683,1695.775,526.801
5.000,38,137.436,241.002,187.671
5.000,39,31.402,1426.403,493.373
5.000,40,244.124,141.790,114.319
5.000,41,1195.435,574.618,296.834
5.000,42,873.530,182.143,522.061
5.000,43,1036.998,612.076,562.150
5.000,44,241.041,1032.640,564.876
5.000,45,357.759,53.528,253.120
5.000,46,233.344,1397.804,342.103
5.000,47,832.703,1688.601,538.893
5.000,48,752.183,1147.952,397.806
5.000,49,975.957,1477.163,551.341
5.000,50,525.988,50.681,207.206
5.000,51,858.923,1836.207,356.253
5.000,52,263.748,229.562,580.550
5.000,53,36.682,1756.702,524.096
5.000,54,156.009,1446.825,318.229
5.000,55,703.368,1587.663,561.011
5.000,56,1090.270,9.063,536.867
5.000,57,666.640,1118.893,259.596
5.000,58,909.811,1617.406,172.651
5.000,59,776.843,1482.228,149.937
5.000,60,1167.126,509.313,444.482
5.000,61,1189.425,257.123,557.777
5.000,62,631.331,1891.592,299.864
5.000,63,579.273,405.297,138.124
10.000,0,1182.322,589.177,271.728
10.000,1,1066.742,1795.781,560.443
10.000,2,1157.478,729.786,528.955
10.000,3,12.430,1005.979,540.093
10.000,4,501.141,541.383,396.278
10.000,5,872.921,1863.801,400.770
10.000,6,1020.349,1272.961,131.485
10.000,7,907.217,1638.519,545.336
10.000,8,443.144,260.294,378.684
10.000,9,392.920,1235.402,105.941
10.000,10,940.737,1213.691,347.612
10.000,11,522.290,503.673,257.609
10.000,12,1019.523,617.368,453.721
10.000,13,662.072,254.426,538.056
10.000,14,1088.771,987.818,111.119
10.000,15,1168.512,1034.659,190.560
10.000,16,1246.105,1688.197,574.571
10.000,17,649.137,1673.967,523.092
10.000,18,795.608,1342.689,231.584
10.000,19,564.740,1479.797,312.028
10.000,20,689.904,1569.466,399.524
10.000,21,140.747,1315.971,356.612
10.000,22,494.097,1247.783,538.210
10.000,23,700.472,582.947,236.465
10.000,24,438.183,906.986,566.173
10.000,25,1152.555,1626.451,570.983
10.000,26,87.909,180.424,397.443
10.000,27,296.514,1586.237,465.417
10.000,28,387.919,1284.956,345.755
10.000,29,1203.396,1613.516,518.598
10.000,30,323.788,705.827,189.703
10.000,31,781.082,1127.655,465.571
10.000,32,288.771,257.245,494.969
10.000,33,247.760,484.778,404.224
10.000,34,700.162,301.212,479.266
10.000,35,518.078,563.588,273.402
10.000,36,1063.042,1886.619,247.633
10.000,37,665.355,1816.341,528.087
10.000,38,136.515,110.012,188.481
10.000,39,84.021,1360.636,497.620
10.000,40,319.697,206.049,117.311
10.000,41,1205.180,504.956,298.582
10.000,42,946.730,244.039,518.846
10.000,43,983.386,482.528,562.839
10.000,44,114.600,1046.242,561.704
10.000,45,266.276,26.822,251.615
10.000,46,147.762,1383.270,342.921
10.000,47,919.006,1739.400,545.194
10.000,48,863.413,1054.335,403.972
10.000,49,1027.543,1417.169,550.192
10.000,50,530.878,76.094,212.090
10.000,51,786.017,1832.107,354.809
10.000,52,174.525,334.054,577.822
10.000,53,121.851,1780.269,517.780
10.000,54,295.026,1436.915,315.417
10.000,55,570.534,1640.105,564.949
10.000,56,1149.233,73.808,535.951
10.000,57,574.995,1116.928,253.639
10.000,58,1005.321,1698.153,165.353
10.000,59,627.219,1514.093,147.411
10.000,60,1187.298,426.783,445.331
10.000,61,1187.642,329.529,560.483
10.000,62,528.052,1893.683,292.482
10.000,63,671.685,512.648,133.762
15.000,0,1255.612,586.693,275.615
15.000,1,1144.967,1817.406,561.214
15.000,2,1117.202,598.401,523.939
15.000,3,104.633,894.982,543.217
15.000,4,412.002,488.043,393.457
15.000,5,732.580,1874.666,401.389
15.000,6,944.660,1312.109,131.180
15.000,7,837.419,1594.983,548.584
15.000,8,374.239,193.416,376.790
15.000,9,488.729,1246.009,103.349
15.000,10,883.303,1303.653,355.298
15.000,11,429.401,497.471,258.744
15.000,12,981.077,503.326,457.054
15.000,13,533.673,257.282,536.700
15.000,14,1110.896,1081.966,112.391
15.000,15,1188.456,1159.065,193.202
15.000,16,1212.776,1605.100,571.701
15.000,17,695.707,1604.018,517.489
15.000,18,711.729,1313.010,235.247
15.000,19,491.342,1525.977,314.442
15.000,20,691.000,1724.551,405.322
15.000,21,263.523,1249.298,354.990
15.000,22,441.280,1309.648,539.660
15.000,23,690.879,717.423,239.611
15.000,24,404.523,819.057,569.667
15.000,25,1258.708,1630.936,571.474
15.000,26,194.456,192.627,399.617
15.000,27,247.214,1706.607,462.003
15.000,28,337.386,1406.692,335.920
15.000,29,1286.749,1506.013,526.546
15.000,30,266.155,598.568,181.442
15.000,31,748.249,1008.342,458.010
15.000,32,348.917,360.603,494.228
15.000,33,227.384,589.008,406.587
15.000,34,729.244,417.744,473.341
15.000,35,464.843,472.470,270.140
15.000,36,1154.859,1813.732,244.983
15.000,37,728.346,1880.471,532.626
15.000,38,149.254,30.591,188.166
15.000,39,119.177,1286.816,500.820
15.000,40,390.781,275.670,117.860
15.000,41,1222.914,436.005,298.791
15.000,42,1016.625,324.019,516.176
15.000,43,976.732,335.545,562.012
15.000,44,13.913,1046.450,558.989
15.000,45,174.661,5.361,250.708
15.000,46,65.983,1394.622,342.928
15.000,47,970.135,1822.777,552.779
15.000,48,989.871,988.183,407.239
15.000,49,1091.547,1366.020,548.196
15.000,50,521.079,192.579,214.878
15.000,51,714.501,1698.427,351.475
15.000,52,68.562,423.804,571.390
15.000,53,259.926,1803.121,513.215
15.000,54,435.458,1418.518,306.938
15.000,55,457.317,1730.753,569.094
15.000,56,1212.820,139.859,536.731
15.000,57,470.948,1112.921,245.621
15.000,58,1115.526,1765.033,162.744
15.000,59,480.634,1551.772,144.506
15.000,60,1182.851,342.290,446.318
15.000,61,1205.000,399.617,562.162
15.000,62,421.360,1892.872,287.560
15.000,63,784.965,594.523,127.863
20.000,0,1296.723,565.353,279.561
20.000,1,1213.189,1856.129,561.807
20.000,2,1059.909,467.474,518.909
20.000,3,188.629,774.839,549.516
20.000,4,312.499,447.328,391.963
20.000,5,597.679,1899.298,398.495
20.000,6,869.085,1341.761,127.104
20.000,7,757.452,1570.130,553.365
20.000,8,293.138,137.230,375.216
20.000,9,580.211,1281.130,102.520
20.000,10,851.685,1407.025,360.254
20.000,11,342.838,468.274,260.082
20.000,12,954.427,395.944,461.834
20.000,13,410.995,221.232,532.940
20.000,14,1129.978,1179.189,109.720
20.000,15,1152.583,1276.204,197.963
20.000,16,1165.646,1543.818,569.628
20.000,17,722.165,1524.342,512.478
20.000,18,642.926,1271.196,236.030
20.000,19,422.634,1575.997,315.393
20.000,20,715.160,1860.300,406.060
20.000,21,393.718,1182.422,353.974
20.000,22,396.855,1366.133,538.278
20.000,23,661.485,842.042,242.019
20.000,24,386.516,725.291,573.351
20.000,25,1260.391,1638.556,568.911
20.000,26,309.597,209.973,398.898
20.000,27,203.553,1820.880,459.180
20.000,28,293.108,1526.909,327.577
20.000,29,1267.719,1388.571,532.698
20.000,30,197.732,497.711,173.252
20.000,31,738.834,890.325,451.090
20.000,32,408.087,468.040,496.304
20.000,33,183.231,693.922,404.611
20.000,34,749.600,541.845,462.177
20.000,35,403.800,381.341,267.842
20.000,36,1272.506,1742.782,242.332
20.000,37,795.197,1780.078,533.774
20.000,38,198.121,161.776,184.684
20.000,39,152.101,1208.238,502.748
20.000,40,470.813,343.778,119.063
20.000,41,1238.283,364.290,297.873
20.000,42,1079.627,391.971,512.564
20.000,43,972.759,186.823,559.733
20.000,44,130.533,1084.055,558.059
20.000,45,95.366,46.781,247.388
20.000,46,33.432,1413.289,341.856
20.000,47,1038.137,1896.493,558.237
20.000,48,1109.954,919.059,407.565
20.000,49,1154.782,1314.248,546.582
20.000,50,531.130,309.104,216.601
20.000,51,647.322,1562.127,347.456
20.000,52,47.538,499.041,565.061
20.000,53,393.587,1837.984,506.111
20.000,54,569.625,1387.251,301.333
20.000,55,357.750,1837.884,569.395
20.000,56,1302.928,172.127,534.168
20.000,57,361.888,1108.215,240.192
20.000,58,1235.562,1819.951,163.068
20.000,59,341.183,1605.190,137.084
20.000,60,1174.376,260.929,447.578
20.000,61,1227.578,466.657,564.188
20.000,62,316.400,1887.163,287.321
20.000,63,905.096,690.018,122.963
25.000,0,1230.176,549.234,282.942
25.000,1,1292.998,1890.954,562.426
25.000,2,1014.150,329.657,519.520
25.000,3,283.091,669.556,554.416
25.000,4,202.430,416.695,390.887
25.000,5,451.143,1884.382,393.665
25.000,6,782.087,1343.999,126.345
25.000,7,675.904,1549.430,556.672
25.000,8,214.903,91.374,372.314
25.000,9,679.278,1296.605,100.702
25.000,10,810.251,1507.381,365.499
25.000,11,236.682,445.818,258.400
25.000,12,927.926,291.100,465.032
25.000,13,306.395,163.316,527.178
25.000,14,1125.060,1276.379,108.914
25.000,15,1111.538,1390.035,201.401
25.000,16,1116.012,1468.434,564.107
25.000,17,746.244,1441.572,507.290
25.000,18,564.770,1232.442,234.640
25.000,19,340.855,1614.002,314.707
25.000,20,712.203,1803.714,411.861
25.000,21,493.881,1080.220,349.401
25.000,22,366.620,1430.928,534.661
25.000,23,631.800,965.171,242.156
25.000,24,385.997,623.269,578.090
25.000,25,1144.415,1667.721,566.782
25.000,26,422.760,245.403,399.117
25.000,27,163.842,1846.145,457.752
25.000,28,202.368,1631.149,319.450
25.000,29,1202.777,1266.563,536.745
25.000,30,133.745,389.538,167.147
25.000,31,725.909,768.250,446.140
25.000,32,452.959,579.133,499.074
25.000,33,152.495,800.203,402.925
25.000,34,745.938,652.476,453.011
25.000,35,344.609,304.512,265.094
25.000,36,1249.116,1643.435,239.720
25.000,37,858.419,1666.501,533.619
25.000,38,256.405,299.557,183.141
25.000,39,202.306,1152.092,505.300
25.000,40,544.681,416.357,119.061
25.000,41,1253.503,286.682,297.980
25.000,42,1160.207,427.316,510.482
25.000,43,958.279,45.482,558.695
25.000,44,245.523,1127.170,555.960
25.000,45,6.540,74.419,241.401
25.000,46,115.238,1422.230,342.886
25.000,47,1109.460,1828.269,560.381
25.000,48,1239.039,865.175,408.568
25.000,49,1217.210,1257.863,544.874
25.000,50,537.781,431.506,217.124
25.000,51,618.274,1418.532,344.970
25.000,52,181.426,549.571,562.616
25.000,53,531.332,1873.574,496.699
25.000,54,698.010,1340.539,294.483
25.000,55,250.050,1869.097,567.757
25.000,56,1252.793,230.713,532.545
25.000,57,257.190,1106.086,234.285
25.000,58,1277.503,1882.717,160.979
25.000,59,224.258,1684.199,130.303
25.000,60,1165.226,180.816,447.910
25.000,61,1250.818,545.145,564.917
25.000,62,218.450,1891.221,284.342
25.000,63,1010.882,792.433,118.326
30.000,0,1153.494,536.851,286.157
30.000,1,1243.294,1885.058,564.211
30.000,2,982.552,193.404,522.168
30.000,3,407.000,591.906,560.831
30.000,4,119.616,349.828,387.472
30.000,5,313.955,1902.595,388.447
30.000,6,695.942,1343.851,124.603
30.000,7,603.161,1522.330,559.086
30.000,8,142.216,26.219,369.119
30.000,9,780.064,1317.703,103.338
30.000,10,752.221,1595.084,367.355
30.000,11,131.631,456.404,255.762
30.000,12,872.796,187.144,473.234
30.000,13,205.882,117.944,523.742
30.000,14,1137.538,1363.737,107.735
30.000,15,1059.154,1501.900,205.213
30.000,16,1078.490,1383.724,558.533
30.000,17,774.843,1363.616,505.132
30.000,18,513.555,1166.958,235.940
30.000,19,247.895,1624.606,313.117
30.000,20,731.182,1660.198,413.405
30.000,21,568.499,966.215,343.851
30.000,22,312.935,1485.893,531.499
30.000,23,612.013,1090.010,240.393
30.000,24,404.274,516.939,582.683
30.000,25,1027.703,1714.987,561.232
30.000,26,536.766,244.865,399.343
30.000,27,115.082,1731.674,456.995
30.000,28,118.524,1750.087,313.669
30.000,29,1144.849,1151.770,544.042
30.000,30,31.388,312.251,163.751
30.000,31,719.809,640.706,444.513
30.000,32,484.251,691.297,500.565
30.000,33,143.581,906.602,400.721
30.000,34,725.972,757.743,447.532
30.000,35,290.333,219.603,260.681
30.000,36,1144.102,1571.790,236.475
30.000,37,888.525,1537.674,533.967
30.000,38,310.023,426.586,183.354
30.000,39,244.943,1085.233,506.421
30.000,40,620.122,473.168,119.457
30.000,41,1280.313,206.941,297.645
30.000,42,1239.785,473.616,505.614
30.000,43,929.707,101.743,557.782
30.000,44,357.048,1170.588,555.306
30.000,45,83.685,116.973,238.629
30.000,46,205.574,1441.303,344.839
30.000,47,1183.227,1748.595,562.212
30.000,48,1234.514,789.141,407.670
30.000,49,1258.435,1190.239,542.133
30.000,50,535.984,547.033,218.283
30.000,51,578.208,1269.255,347.026
30.000,52,314.175,612.695,556.052
30.000,53,669.180,1863.155,488.380
30.000,54,836.086,1341.249,286.472
30.000,55,142.599,1776.445,567.318
30.000,56,1191.346,277.880,530.424
30.000,57,161.616,1092.122,228.177
30.000,58,1171.961,1863.119,156.521
30.000,59,123.491,1785.963,126.420
30.000,60,1191.558,97.157,447.889
30.000,61,1265.544,625.827,565.418
30.000,62,125.455,1898.247,282.232
30.000,63,1097.885,924.905,113.197
35.000,0,1077.463,530.048,290.674
35.000,1,1161.787,1881.698,566.186
35.000,2,953.610,48.322,521.065
35.000,3,528.301,507.603,562.811
35.000,4,46.735,269.991,381.439
35.000,5,179.740,1894.980,384.237
35.000,6,613.478,1362.087,122.701
35.000,7,527.484,1498.783,561.241
35.000,8,72.418,51.840,367.629
35.000,9,866.287,1329.475,103.500
35.000,10,698.416,1681.937,366.986
35.000,11,25.707,477.722,257.201
35.000,12,810.888,86.843,481.303
35.000,13,94.914,92.909,519.810
35.000,14,1169.701,1452.857,104.794
35.000,15,1052.578,1632.803,207.496
35.000,16,1069.464,1302.767,556.372
35.000,17,798.841,1281.509,505.381
35.000,18,459.818,1099.337,239.511
35.000,19,168.483,1666.277,312.077
35.000,20,717.571,1522.333,416.819
35.000,21,662.557,865.746,342.100
35.000,22,256.650,1541.811,529.648
35.000,23,602.385,1218.621,236.466
35.000,24,429.479,422.880,586.244
35.000,25,899.300,1711.153,556.740
35.000,26,637.713,260.999,401.164
35.000,27,46.132,1615.014,454.895
35.000,28,62.498,1869.817,311.884
35.000,29,1083.901,1039.713,555.299
35.000,30,56.228,226.113,161.456
35.000,31,662.674,520.161,441.935
35.000,32,543.429,791.906,499.700
35.000,33,112.428,1007.910,401.552
35.000,34,704.124,865.645,440.750
35.000,35,243.929,127.114,256.925
35.000,36,1059.018,1460.214,234.151
35.000,37,928.841,1415.939,534.457
35.000,38,348.390,557.094,184.280
35.000,39,293.501,1014.630,510.097
35.000,40,692.472,537.120,122.199
35.000,41,1306.807,134.092,296.474
35.000,42,1288.394,519.997,499.350
35.000,43,898.983,245.783,556.070
35.000,44,464.587,1221.411,552.105
35.000,45,171.558,167.933,236.250
35.000,46,301.595,1445.551,348.994
35.000,47,1250.067,1673.957,563.947
35.000,48,1118.758,706.273,408.464
35.000,49,1295.650,1136.092,536.739
35.000,50,576.890,657.527,221.960
35.000,51,502.806,1142.232,350.864
35.000,52,457.407,666.380,545.903
35.000,53,803.226,1895.013,481.033
35.000,54,985.249,1334.022,277.182
35.000,55,51.162,1666.929,567.021
35.000,56,1129.401,333.715,526.904
35.000,57,59.506,1094.163,223.118
35.000,58,1064.459,1800.815,155.323
35.000,59,25.088,1891.669,120.352
35.000,60,1206.137,12.186,446.219
35.000,61,1271.530,702.072,566.765
35.000,62,28.984,1897.635,276.660
35.000,63,1171.593,1059.013,105.497
40.000,0,996.991,542.397,295.673
40.000,1,1083.550,1876.055,566.098
40.000,2,902.801,99.618,517.472
40.000,3,637.624,408.319,565.505
40.000,4,49.474,205.763,376.517
40.000,5,43.485,1891.960,380.552
40.000,6,530.727,1389.349,120.037
40.000,7,443.469,1470.317,562.510
40.000,8,10.137,107.262,368.760
40.000,9,948.822,1332.919,105.748
40.000,10,652.037,1775.131,367.794
40.000,11,85.591,467.959,257.916
40.000,12,740.009,14.141,484.346
40.000,13,31.750,70.247,514.950
40.000,14,1209.109,1531.301,101.954
40.000,15,1036.926,1765.452,212.063
40.000,16,1047.396,1230.661,553.949
40.000,17,855.529,1215.666,504.215
40.000,18,385.776,1031.398,240.755
40.000,19,89.006,1701.731,310.131
40.000,20,711.647,1380.745,422.492
40.000,21,773.426,764.494,342.797
40.000,22,209.315,1607.132,528.334
40.000,23,546.297,1330.398,239.051
40.000,24,430.504,328.515,589.404
40.000,25,772.267,1689.761,556.379
40.000,26,747.255,284.964,401.614
40.000,27,13.204,1499.458,450.009
40.000,28,39.749,1790.684,308.856
40.000,29,1022.614,926.294,566.029
40.000,30,122.952,135.258,160.659
40.000,31,594.619,395.605,438.480
40.000,32,615.301,882.449,501.466
40.000,33,40.752,1092.627,400.197
40.000,34,716.111,975.550,434.783
40.000,35,187.090,43.753,252.694
40.000,36,948.383,1368.483,233.917
40.000,37,964.292,1295.771,536.528
40.000,38,388.877,692.089,187.622
40.000,39,344.087,950.616,512.791
40.000,40,752.402,608.479,124.793
40.000,41,1293.630,52.646,297.890
40.000,42,1209.218,584.155,494.379
40.000,43,905.094,394.090,554.240
40.000,44,561.778,1293.677,552.133
40.000,45,260.740,210.724,233.286
40.000,46,398.528,1460.165,352.695
40.000,47,1303.994,1605.165,564.710
40.000,48,1000.582,628.098,411.518
40.000,49,1247.054,1071.455,534.198
40.000,50,612.824,772.356,229.991
40.000,51,392.743,1051.363,352.263
40.000,52,588.072,725.437,535.768
40.000,53,942.912,1893.999,472.043
40.000,54,1129.885,1313.466,268.284
40.000,55,72.345,1608.489,566.588
40.000,56,1068.210,402.707,523.895
40.000,57,40.013,1104.661,217.092
40.000,58,969.346,1717.264,157.241
40.000,59,90.575,1818.427,114.352
40.000,60,1213.594,79.462,445.308
40.000,61,1293.629,773.266,568.727
40.000,62,74.059,1903.017,270.638
40.000,63,1235.833,1182.161,102.301
45.000,0,925.904,533.359,298.425
45.000,1,1012.085,1879.749,566.386
45.000,2,826.674,212.980,513.765
45.000,3,742.406,296.573,566.982
45.000,4,152.236,175.293,373.576
45.000,5,93.981,1865.079,378.531
45.000,6,452.896,1391.604,122.388
45.000,7,364.539,1442.520,565.517
45.000,8,95.010,146.405,367.983
45.000,9,1039.527,1355.175,110.693
45.000,10,622.161,1873.827,370.517
45.000,11,189.351,455.819,259.929
45.000,12,695.130,123.947,487.857
45.000,13,157.393,74.078,511.303
45.000,14,1230.336,1625.162,100.705
45.000,15,1055.292,1885.732,216.511
45.000,16,1021.913,1160.233,550.551
45.000,17,911.286,1147.254,501.074
45.000,18,313.660,959.487,246.153
45.000,19,21.425,1740.238,308.149
45.000,20,722.007,1232.634,430.874
45.000,21,858.888,649.646,342.943
45.000,22,160.273,1678.220,525.773
45.000,23,493.614,1451.543,240.562
45.000,24,432.380,237.348,595.143
45.000,25,654.964,1681.647,559.956
45.000,26,855.381,323.632,398.991
45.000,27,37.396,1375.890,446.977
45.000,28,15.793,1661.225,305.894
45.000,29,949.257,810.372,573.725
45.000,30,206.522,65.409,156.837
45.000,31,542.492,266.630,438.291
45.000,32,688.886,970.908,500.176
45.000,33,37.081,1178.431,401.801
45.000,34,729.472,1085.905,428.723
45.000,35,129.723,48.345,248.890
45.000,36,837.371,1282.727,233.561
45.000,37,1007.120,1180.528,534.137
45.000,38,446.124,832.942,185.553
45.000,39,387.395,878.400,516.692
45.000,40,833.311,665.577,130.098
45.000,41,1298.541,34.529,299.625
45.000,42,1125.666,633.162,489.577
45.000,43,929.491,538.378,553.266
45.000,44,656.754,1369.076,548.113
45.000,45,347.444,249.335,229.493
45.000,46,492.267,1472.615,355.007
45.000,47,1219.743,1551.325,565.226
45.000,48,878.847,566.304,414.887
45.000,49,1198.158,1008.048,531.151
45.000,50,618.879,890.723,234.252
45.000,51,287.465,955.504,345.766
45.000,52,728.219,769.418,528.357
45.000,53,1084.390,1893.107,466.493
45.000,54,1273.302,1271.140,256.940
45.000,55,189.925,1540.919,566.155
45.000,56,1010.562,482.244,521.064
45.000,57,136.087,1101.010,212.932
45.000,58,877.021,1626.866,162.270
45.000,59,191.520,1718.810,104.731
45.000,60,1225.210,169.134,444.909
45.000,61,1285.527,849.510,572.939
45.000,62,174.105,1898.698,265.768
45.000,63,1288.335,1289.784,106.295
50.000,0,860.880,508.013,300.815
50.000,1,950.243,1861.536,567.812
50.000,2,754.265,334.245,510.787
50.000,3,847.091,187.914,563.806
50.000,4,241.209,133.662,371.664
50.000,5,234.099,1872.664,378.418
50.000,6,372.798,1402.459,122.798
50.000,7,281.073,1417.447,569.962
50.000,8,171.567,179.951,366.230
50.000,9,1128.346,1392.379,112.372
50.000,10,578.913,1825.544,375.585
50.000,11,286.060,432.271,261.154
50.000,12,624.373,218.563,490.247
50.000,13,278.516,65.542,507.441
50.000,14,1238.972,1716.116,102.285
50.000,15,1043.653,1789.013,218.657
50.000,16,985.206,1099.699,548.278
50.000,17,953.996,1061.512,497.074
50.000,18,256.035,886.110,249.357
50.000,19,51.287,1776.960,307.756
50.000,20,700.275,1088.555,439.725
50.000,21,931.152,531.528,348.912
50.000,22,100.788,1742.252,522.587
50.000,23,440.698,1572.353,240.999
50.000,24,429.413,149.744,597.750
50.000,25,536.477,1703.998,564.678
50.000,26,967.002,348.832,402.309
50.000,27,57.457,1246.139,445.990
50.000,28,102.773,1547.155,304.336
50.000,29,876.268,710.114,578.944
50.000,30,290.681,15.710,153.504
50.000,31,505.311,125.981,434.700
50.000,32,770.593,1057.556,498.283
50.000,33,92.266,1286.422,407.014
50.000,34,728.341,1203.609,421.728
50.000,35,80.622,143.529,247.081
50.000,36,739.114,1182.652,235.066
50.000,37,1070.567,1081.286,536.096
50.000,38,466.748,978.035,183.208
50.000,39,437.984,811.171,522.999
50.000,40,920.471,715.162,133.992
50.000,41,1304.045,103.883,300.312
50.000,42,1039.171,659.528,487.227
50.000,43,937.515,687.276,555.128
50.000,44,766.569,1419.895,541.686
50.000,45,442.949,258.818,225.216
50.000,46,586.100,1490.582,358.458
50.000,47,1135.965,1510.624,565.155
50.000,48,767.899,489.606,415.997
50.000,49,1142.811,951.248,528.795
50.000,50,632.333,1005.248,237.033
50.000,51,203.168,826.790,340.983
50.000,52,864.368,832.805,520.112
50.000,53,1219.755,1892.821,462.186
50.000,54,1188.734,1273.069,250.162
50.000,55,309.416,1463.901,566.766
50.000,56,949.894,555.247,518.849
50.000,57,239.178,1092.195,208.819
50.000,58,783.329,1560.977,163.648
50.000,59,279.389,1598.417,102.179
50.000,60,1258.197,250.564,446.349
50.000,61,1279.375,928.915,575.843
50.000,62,274.834,1896.956,261.065
50.000,63,1164.045,1364.276,110.561
55.000,0,795.207,495.787,305.207
55.000,1,875.342,1864.715,567.391
55.000,2,708.412,464.532,507.150
55.000,3,921.162,68.986,564.605
55.000,4,313.325,59.834,367.392
55.000,5,367.634,1897.113,379.397
55.000,6,297.883,1430.242,123.774
55.000,7,188.626,1395.921,574.287
55.000,8,251.526,206.267,368.071
55.000,9,1225.696,1413.667,112.693
55.000,10,523.508,1742.971,379.759
55.000,11,381.814,422.071,263.834
55.000,12,583.174,333.174,491.864
55.000,13,395.838,35.897,501.393
55.000,14,1249.081,1809.382,103.963
55.000,15,1040.621,1668.809,218.430
55.000,16,943.681,1037.807,547.123
55.000,17,970.284,972.174,492.719
55.000,18,199.846,813.348,252.432
55.000,19,132.240,1816.092,307.584
55.000,20,677.523,951.650,445.694
55.000,21,1015.462,421.202,351.438
55.000,22,26.516,1796.505,519.584
55.000,23,370.759,1677.361,240.031
55.000,24,398.728,54.483,594.847
55.000,25,409.996,1728.942,565.136
55.000,26,1081.979,364.952,402.068
55.000,27,79.281,1122.113,447.470
55.000,28,190.172,1442.354,306.442
55.000,29,778.921,622.406,587.012
55.000,30,369.127,105.510,152.055
55.000,31,470.030,18.339,432.479
55.000,32,855.833,1143.459,498.470
55.000,33,156.537,1387.484,411.605
55.000,34,738.913,1311.904,415.905
55.000,35,41.007,251.226,243.479
55.000,36,617.165,1121.371,232.671
55.000,37,1149.873,993.143,535.239
55.000,38,494.263,1117.051,181.637
55.000,39,497.090,751.236,527.383
55.000,40,1013.087,765.095,139.667
55.000,41,1302.374,184.812,300.289
55.000,42,952.992,673.232,484.526
55.000,43,926.135,838.083,559.066
55.000,44,874.870,1435.320,539.010
55.000,45,539.620,256.287,220.757
55.000,46,676.216,1510.162,361.823
55.000,47,1042.302,1471.796,564.040
55.000,48,646.163,429.681,413.100
55.000,49,1089.105,893.268,527.298
55.000,50,632.892,1121.720,241.288
55.000,51,136.109,690.404,338.493
55.000,52,985.815,914.016,509.779
55.000,53,1245.320,1898.576,457.533
55.000,54,1042.038,1272.239,242.833
55.000,55,423.327,1391.938,567.520
55.000,56,900.086,640.905,515.678
55.000,57,335.764,1066.643,203.863
55.000,58,674.238,1510.630,165.615
55.000,59,389.366,1496.740,102.811
55.000,60,1281.563,333.173,444.560
55.000,61,1281.041,1008.541,577.524
55.000,62,367.882,1901.194,256.583
55.000,63,1042.499,1439.251,116.245
60.000,0,719.035,504.684,309.874
60.000,1,806.230,1880.976,567.052
60.000,2,686.961,602.877,501.539
60.000,3,1016.502,47.979,567.938
60.000,4,391.861,10.625,364.538
60.000,5,498.271,1882.576,375.644
60.000,6,212.514,1457.286,126.591
60.000,7,101.727,1387.348,576.988
60.000,8,333.517,229.088,368.498
60.000,9,1298.117,1439.768,116.547
60.000,10,482.057,1653.555,383.455
60.000,11,477.099,386.752,266.785
60.000,12,537.364,448.540,492.787
60.000,13,518.165,17.617,494.544
60.000,14,1278.654,1884.969,104.464
60.000,15,1010.144,1550.992,221.371
60.000,16,905.151,971.171,545.765
60.000,17,1000.916,890.378,490.274
60.000,18,127.700,753.499,254.409
60.000,19,213.556,1849.220,306.687
60.000,20,663.468,811.863,447.889
60.000,21,1107.340,308.197,354.723
60.000,22,32.559,1864.008,516.853
60.000,23,357.771,1794.515,241.209
60.000,24,376.636,40.983,589.508
60.000,25,292.218,1769.579,563.288
60.000,26,1199.354,386.050,399.393
60.000,27,88.394,990.322,446.969
60.000,28,242.493,1317.212,301.858
60.000,29,668.004,554.105,593.347
60.000,30,454.484,192.045,148.078
60.000,31,436.691,148.440,433.446
60.000,32,923.720,1230.851,503.624
60.000,33,241.938,1474.844,413.266
60.000,34,734.364,1422.634,410.996
60.000,35,24.962,344.031,241.594
60.000,36,533.631,1015.125,230.714
60.000,37,1205.885,887.471,534.225
60.000,38,536.636,1258.603,176.897
60.000,39,557.274,695.244,528.722
60.000,40,1088.248,835.727,142.954
60.000,41,1301.786,259.787,300.249
60.000,42,871.672,710.226,482.799
60.000,43,946.742,986.459,564.390
60.000,44,996.749,1444.096,537.489
60.000,45,629.043,270.434,218.737
60.000,46,774.732,1518.302,364.001
60.000,47,960.068,1427.063,565.663
60.000,48,523.590,388.913,412.868
60.000,49,1037.503,836.987,526.097
60.000,50,650.499,1236.085,243.793
60.000,51,72.328,552.625,333.901
60.000,52,1133.248,957.991,497.201
60.000,53,1101.975,1898.392,453.925
60.000,54,910.687,1234.722,235.764
60.000,55,552.840,1315.670,571.242
60.000,56,852.179,717.863,510.009
60.000,57,428.392,1057.355,196.812
60.000,58,570.311,1447.728,164.253
60.000,59,512.234,1397.769,106.979
60.000,60,1301.528,427.314,442.141
60.000,61,1279.539,1083.865,579.670
60.000,62,458.469,1900.551,250.773
60.000,63,913.318,1504.054,120.627
65.000,0,637.760,494.022,315.224
65.000,1,735.734,1886.610,567.575
65.000,2,675.140,730.688,493.846
65.000,3,1086.183,182.831,570.594
65.000,4,468.125,81.715,359.512
65.000,5,631.050,1845.158,374.016
65.000,6,117.252,1460.365,125.687
65.000,7,21.752,1394.247,579.285
65.000,8,406.328,281.556,366.112
65.000,9,1207.225,1462.728,115.565
65.000,10,451.170,1559.881,390.207
65.000,11,575.988,367.193,270.273
65.000,12,498.802,558.256,494.528
65.000,13,644.989,25.727,488.403
65.000,14,1302.224,1794.196,103.506
65.000,15,999.637,1434.933,228.946
65.000,16,865.020,907.959,542.716
65.000,17,1045.493,807.308,488.720
65.000,18,49.856,691.668,258.656
65.000,19,290.565,1878.994,305.532
65.000,20,660.769,664.574,451.589
65.000,21,1193.230,200.135,358.227
65.000,22,97.387,1882.194,515.135
65.000,23,383.726,1867.393,244.573
65.000,24,367.454,133.282,585.265
65.000,25,181.266,1828.541,560.395
65.000,26,1311.651,398.840,397.725
65.000,27,142.776,865.484,447.467
65.000,28,295.420,1192.338,296.700
65.000,29,619.295,435.194,598.682
65.000,30,542.500,265.955,139.834
65.000,31,390.468,275.996,431.596
65.000,32,955.728,1333.555,508.743
65.000,33,297.083,1575.480,412.414
65.000,34,736.236,1533.429,409.773
65.000,35,63.231,440.788,239.153
65.000,36,452.428,912.339,228.271
65.000,37,1281.637,787.759,537.508
65.000,38,590.614,1395.930,173.709
65.000,39,605.343,628.861,532.469
65.000,40,1164.199,914.983,148.453
65.000,41,1285.667,332.705,298.860
65.000,42,802.160,766.889,477.462
65.000,43,926.240,1128.334,565.487
65.000,44,1108.052,1505.861,537.600
65.000,45,725.335,291.541,215.724
65.000,46,866.877,1549.998,364.894
65.000,47,876.238,1382.066,568.830
65.000,48,393.035,351.663,412.150
65.000,49,974.079,783.050,523.706
65.000,50,648.243,1356.158,245.274
65.000,51,9.740,425.599,333.700
65.000,52,1255.876,1039.600,489.911
65.000,53,966.723,1888.017,450.459
65.000,54,776.410,1191.626,226.385
65.000,55,667.847,1240.530,573.379
65.000,56,794.230,770.713,505.969
65.000,57,528.481,1022.102,189.430
65.000,58,493.527,1348.858,163.683
65.000,59,645.743,1334.276,110.245
65.000,60,1298.924,527.036,442.339
65.000,61,1271.802,1160.017,580.271
65.000,62,554.273,1901.030,244.596
65.000,63,810.460,1608.726,124.710
70.000,0,556.432,492.780,319.505
70.000,1,664.212,1884.485,568.815
70.000,2,682.609,859.795,486.866
70.000,3,1160.059,320.682,578.841
70.000,4,556.244,130.818,355.662
70.000,5,764.517,1794.547,372.786
70.000,6,29.788,1460.310,126.179
70.000,7,72.344,1385.916,581.846
70.000,8,487.416,329.745,363.844
70.000,9,1115.644,1470.266,114.530
70.000,10,406.156,1468.648,395.495
70.000,11,672.950,330.176,274.197
70.000,12,443.409,665.964,496.997
70.000,13,772.992,25.667,481.645
70.000,14,1289.607,1698.716,103.177
70.000,15,1007.728,1322.076,231.563
70.000,16,825.778,843.588,538.752
70.000,17,1086.831,721.726,487.957
70.000,18,14.479,618.246,262.442
70.000,19,366.684,1892.940,302.946
70.000,20,643.216,522.421,454.429
70.000,21,1280.364,104.669,360.928
70.000,22,159.212,1830.304,514.093
70.000,23,338.752,1734.480,246.262
70.000,24,342.444,230.496,580.227
70.000,25,58.224,1857.877,556.167
70.000,26,1213.665,432.792,397.379
70.000,27,222.214,747.949,444.996
70.000,28,362.300,1074.569,294.651
70.000,29,582.081,317.484,596.899
70.000,30,616.017,359.018,132.157
70.000,31,354.320,407.593,426.444
70.000,32,991.562,1453.247,514.267
70.000,33,341.164,1682.568,411.809
70.000,34,755.949,1646.954,405.777
70.000,35,132.128,526.710,235.666
70.000,36,372.280,802.162,227.441
70.000,37,1285.744,674.807,543.102
70.000,38,621.152,1535.841,165.916
70.000,39,643.923,562.844,534.240
70.000,40,1242.293,995.651,152.169
70.000,41,1278.687,400.627,298.299
70.000,42,723.636,813.951,471.623
70.000,43,923.677,1277.959,567.258
70.000,44,1225.327,1553.178,537.585
70.000,45,819.032,325.160,212.047
70.000,46,961.764,1547.269,364.611
70.000,47,794.181,1335.932,574.173
70.000,48,270.902,287.625,411.813
70.000,49,903.434,741.055,521.519
70.000,50,682.211,1468.509,246.602
70.000,51,85.594,318.917,333.374
70.000,52,1238.128,1116.048,483.967
70.000,53,823.971,1876.086,441.988
70.000,54,645.322,1125.963,219.692
70.000,55,781.733,1174.528,572.997
70.000,56,731.369,819.780,505.813
70.000,57,636.439,1016.920,180.989
70.000,58,417.963,1239.792,162.630
70.000,59,778.306,1262.137,112.231
70.000,60,1281.463,622.765,440.958
70.000,61,1276.723,1241.306,577.505
70.000,62,656.496,1902.497,237.420
70.000,63,672.580,1686.487,131.328
75.000,0,479.537,457.466,322.321
75.000,1,598.798,1879.706,569.754
75.000,2,698.794,990.965,480.958
75.000,3,1229.693,457.462,587.712
75.000,4,641.523,184.122,350.647
75.000,5,881.858,1739.242,367.556
75.000,6,56.704,1469.544,126.433
75.000,7,157.159,1364.907,584.085
75.000,8,545.376,393.849,365.140
75.000,9,1032.832,1507.840,112.249
75.000,10,357.381,1370.180,397.880
75.000,11,789.698,311.092,273.934
75.000,12,390.671,769.051,501.333
75.000,13,899.522,15.436,478.174
75.000,14,1251.895,1615.010,101.795
75.000,15,1026.306,1204.503,235.911
75.000,16,793.913,771.758,535.706
75.000,17,1116.669,645.313,484.662
75.000,18,56.034,547.139,263.375
75.000,19,442.482,1854.525,301.098
75.000,20,646.237,377.784,456.182
75.000,21,1225.445,8.139,361.598
75.000,22,215.395,1781.377,512.414
75.000,23,291.786,1603.446,246.982
75.000,24,312.836,314.857,579.476
75.000,25,58.334,1879.197,553.777
75.000,26,1108.734,437.556,397.467
75.000,27,273.255,624.474,441.969
75.000,28,430.445,953.817,288.648
75.000,29,505.378,213.327,587.388
75.000,30,680.006,446.128,127.702
75.000,31,352.536,537.823,418.483
75.000,32,1006.621,1578.052,520.273
75.000,33,404.860,1775.578,411.279
75.000,34,735.308,1767.087,400.067
75.000,35,201.835,610.050,231.894
75.000,36,274.024,716.402,227.082
75.000,37,1209.905,576.387,542.343
75.000,38,627.449,1678.950,160.142
75.000,39,684.263,489.957,538.460
75.000,40,1283.165,1067.113,154.221
75.000,41,1281.313,479.638,298.374
75.000,42,650.291,871.421,465.054
75.000,43,911.060,1434.844,566.990
75.000,44,1277.420,1585.927,535.285
75.000,45,901.249,373.100,206.478
75.000,46,1051.938,1534.208,366.140
75.000,47,715.582,1290.934,579.232
75.000,48,154.267,203.091,415.160
75.000,49,833.910,688.920,522.164
75.000,50,710.569,1580.402,250.627
75.000,51,180.867,223.646,334.057
75.000,52,1109.188,1167.531,481.228
75.000,53,685.321,1878.798,428.566
75.000,54,520.063,1058.009,218.817
75.000,55,886.298,1091.045,574.351
75.000,56,671.545,880.163,504.237
75.000,57,743.872,1001.935,172.866
75.000,58,316.867,1151.418,161.150
75.000,59,888.127,1163.631,115.048
75.000,60,1232.755,710.407,442.604
75.000,61,1273.359,1322.649,576.300
75.000,62,757.990,1879.981,232.754
75.000,63,559.448,1785.817,140.632
80.000,0,401.455,415.100,325.377
80.000,1,538.188,1874.525,571.960
80.000,2,679.192,1133.330,476.605
80.000,3,1287.955,561.536,592.925
80.000,4,708.060,249.604,344.951
80.000,5,1016.500,1741.678,363.758
80.000,6,131.932,1475.895,124.339
80.000,7,235.818,1325.986,589.487
80.000,8,602.583,461.184,368.231
80.000,9,945.409,1527.278,111.018
80.000,10,322.841,1271.512,401.223
80.000,11,902.189,294.558,277.098
80.000,12,365.315,872.220,500.980
80.000,13,1021.063,12.449,478.236
80.000,14,1239.840,1532.815,103.164
80.000,15,1040.138,1083.353,241.628
80.000,16,779.940,695.981,533.107
80.000,17,1144.507,562.800,483.067
80.000,18,105.940,481.578,267.361
80.000,19,514.738,1808.652,300.024
80.000,20,623.566,246.683,457.012
80.000,21,1128.064,119.829,360.090
80.000,22,285.088,1727.821,510.633
80.000,23,294.209,1473.149,245.412
80.000,24,296.400,399.229,577.963
80.000,25,172.327,1902.148,551.324
80.000,26,992.567,458.189,402.814
80.000,27,347.444,530.908,442.516
80.000,28,528.368,850.065,282.635
80.000,29,429.633,99.991,575.211
80.000,30,775.317,514.182,120.704
80.000,31,375.051,674.949,414.291
80.000,32,1052.206,1695.721,525.466
80.000,33,458.837,1876.303,412.155
80.000,34,736.757,1888.367,394.109
80.000,35,275.659,692.068,228.796
80.000,36,173.399,616.779,224.384
80.000,37,1125.835,486.705,546.610
80.000,38,646.322,1832.257,154.412
80.000,39,725.360,430.668,539.893
80.000,40,1208.747,1143.404,156.955
80.000,41,1264.659,557.112,296.493
80.000,42,570.576,926.611,457.388
80.000,43,871.827,1579.380,565.024
80.000,44,1161.765,1616.524,532.533
80.000,45,982.120,427.583,201.391
80.000,46,1135.515,1550.112,366.037
80.000,47,639.731,1241.506,582.214
80.000,48,61.641,102.372,415.338
80.000,49,756.338,639.167,522.989
80.000,50,728.693,1695.313,255.722
80.000,51,294.458,155.426,331.417
80.000,52,968.322,1188.745,481.198
80.000,53,547.455,1893.324,418.536
80.000,54,398.686,986.534,217.455
80.000,55,1004.638,1019.121,577.622
80.000,56,607.664,947.696,502.449
80.000,57,840.412,1012.661,168.397
80.000,58,215.830,1068.792,159.296
80.000,59,976.826,1044.575,118.864
80.000,60,1222.777,800.130,443.311
80.000,61,1289.443,1390.242,574.036
80.000,62,862.919,1868.095,228.214
80.000,63,461.094,1892.639,148.586
85.000,0,320.452,389.176,330.364
85.000,1,474.658,1853.211,574.381
85.000,2,647.762,1262.041,473.222
85.000,3,1186.265,651.069,597.783
85.000,4,769.852,337.818,338.428
85.000,5,1155.259,1763.647,354.902
85.000,6,208.448,1476.090,122.698
85.000,7,315.392,1322.676,591.651
85.000,8,679.393,518.912,369.255
85.000,9,856.908,1522.949,109.342
85.000,10,286.112,1167.456,405.892
85.000,11,999.199,256.063,276.950
85.000,12,320.377,972.218,503.009
85.000,13,1138.176,4.868,473.154
85.000,14,1223.889,1445.101,104.559
85.000,15,1059.350,971.185,247.569
85.000,16,771.719,617.843,529.470
85.000,17,1180.084,476.885,479.495
85.000,18,171.418,417.693,274.225
85.000,19,604.064,1781.987,301.262
85.000,20,633.058,114.341,461.656
85.000,21,1021.653,206.582,356.874
85.000,22,351.525,1667.791,506.277
85.000,23,273.547,1342.361,247.551
85.000,24,300.695,492.360,574.570
85.000,25,293.617,1896.299,547.605
85.000,26,878.394,493.143,410.581
85.000,27,419.937,424.860,439.380
85.000,28,610.648,732.528,282.252
85.000,29,346.524,18.489,568.644
85.000,30,880.750,576.462,115.355
85.000,31,363.612,811.776,413.998
85.000,32,1094.289,1819.142,531.923
85.000,33,527.519,1814.576,415.054
85.000,34,710.884,1792.740,385.471
85.000,35,326.101,786.648,226.724
85.000,36,66.896,535.238,221.597
85.000,37,1056.252,386.729,553.076
85.000,38,650.712,1803.296,149.283
85.000,39,772.435,377.709,540.843
85.000,40,1134.690,1210.206,159.354
85.000,41,1224.738,632.275,294.735
85.000,42,504.290,1006.553,451.777
85.000,43,835.504,1721.770,563.131
85.000,44,1048.262,1663.877,530.803
85.000,45,1067.056,487.215,196.834
85.000,46,1226.681,1553.073,367.726
85.000,47,563.604,1174.390,586.496
85.000,48,47.122,19.124,416.088
85.000,49,689.745,589.352,521.467
85.000,50,756.189,1805.759,259.699
85.000,51,401.930,67.886,327.549
85.000,52,850.331,1255.965,479.380
85.000,53,402.503,1897.706,413.222
85.000,54,262.115,937.994,211.009
85.000,55,1112.953,922.683,579.677
85.000,56,561.639,1026.410,498.253
85.000,57,946.382,1027.094,160.882
85.000,58,96.019,1019.367,154.133
85.000,59,1051.220,918.282,122.854
85.000,60,1200.360,883.341,443.238
85.000,61,1308.943,1466.506,574.090
85.000,62,961.534,1864.958,225.018
85.000,63,368.078,1802.892,156.053
90.000,0,245.710,378.077,335.453
90.000,1,400.172,1824.823,575.905
90.000,2,620.399,1389.917,471.101
90.000,3,1102.159,757.359,594.824
90.000,4,838.953,421.149,329.940
90.000,5,1291.877,1738.901,351.438
90.000,6,287.688,1482.937,122.675
90.000,7,406.707,1317.509,592.836
90.000,8,765.723,583.704,369.344
90.000,9,771.023,1502.102,107.424
90.000,10,243.750,1076.301,410.508
90.000,11,1088.005,225.338,272.910
90.000,12,277.531,1077.926,504.398
90.000,13,1258.609,44.376,466.811
90.000,14,1198.563,1356.096,108.279
90.000,15,1099.588,858.596,250.871
90.000,16,746.554,550.430,526.945
90.000,17,1212.591,392.700,476.374
90.000,18,240.645,357.727,280.553
90.000,19,696.089,1767.267,301.071
90.000,20,625.550,28.021,466.566
90.000,21,918.649,294.972,352.943
90.000,22,413.564,1617.098,503.385
90.000,23,246.349,1203.439,252.761
90.000,24,302.485,590.724,572.580
90.000,25,413.620,1890.515,543.390
90.000,26,765.969,484.043,416.675
90.000,27,468.911,301.826,436.577
90.000,28,655.955,598.586,279.665
90.000,29,306.164,146.098,563.927
90.000,30,967.758,666.677,111.574
90.000,31,309.911,946.203,409.063
90.000,32,1143.545,1845.843,534.920
90.000,33,591.523,1718.930,416.629
90.000,34,676.403,1685.712,378.437
90.000,35,381.947,889.801,226.293
90.000,36,38.982,450.627,219.046
90.000,37,967.877,297.092,557.976
90.000,38,649.782,1662.534,147.234
90.000,39,815.572,306.735,544.783
90.000,40,1032.404,1240.952,164.953
90.000,41,1202.572,715.072,293.222
90.000,42,424.908,1067.745,447.109
90.000,43,820.669,1865.665,557.287
90.000,44,928.327,1684.276,530.451
90.000,45,1151.857,524.193,190.673
90.000,46,1283.679,1555.699,370.619
90.000,47,465.757,1143.847,590.656
90.000,48,140.967,77.329,418.259
90.000,49,619.340,538.209,521.813
90.000,50,781.458,1875.173,259.080
90.000,51,483.128,65.057,326.074
90.000,52,733.882,1338.003,472.252
90.000,53,260.389,1892.318,404.817
90.000,54,123.536,912.978,207.886
90.000,55,1198.797,820.218,583.292
90.000,56,500.823,1097.854,493.089
90.000,57,1044.405,989.017,152.794
90.000,58,28.247,965.160,146.300
90.000,59,1168.450,823.293,131.549
90.000,60,1211.128,979.828,442.849
90.000,61,1291.956,1545.735,572.541
90.000,62,1057.126,1876.677,222.079
90.000,63,264.868,1703.472,160.416
95.000,0,185.130,356.531,340.206
95.000,1,310.862,1807.458,577.474
95.000,2,589.875,1520.657,466.819
95.000,3,1005.674,873.317,587.589
95.000,4,916.238,495.342,321.869
95.000,5,1183.715,1738.708,349.266
95.000,6,366.582,1504.069,122.256
95.000,7,485.280,1290.902,598.486
95.000,8,854.696,637.837,368.492
95.000,9,679.256,1509.479,105.108
95.000,10,189.787,995.979,414.181
95.000,11,1183.685,223.076,271.824
95.000,12,251.155,1195.942,508.875
95.000,13,1229.557,76.434,459.791
95.000,14,1192.157,1260.855,109.310
95.000,15,1104.839,738.874,252.982
95.000,16,722.479,475.088,524.451
95.000,17,1255.900,311.201,471.965
95.000,18,306.569,295.214,283.749
95.000,19,785.350,1753.859,301.040
95.000,20,662.383,159.847,469.308
95.000,21,816.072,379.037,352.005
95.000,22,470.587,1567.192,500.615
95.000,23,231.960,1067.867,256.986
95.000,24,263.456,686.463,572.165
95.000,25,531.885,1887.397,542.446
95.000,26,658.542,497.422,420.128
95.000,27,518.557,186.228,432.278
95.000,28,693.049,464.767,277.145
95.000,29,274.849,274.331,556.550
95.000,30,1024.910,778.504,109.991
95.000,31,263.046,1081.306,406.225
95.000,32,1189.966,1734.334,537.801
95.000,33,647.976,1625.801,416.226
95.000,34,631.069,1577.270,371.318
95.000,35,420.900,997.213,223.262
95.000,36,126.992,365.524,219.974
95.000,37,883.547,205.686,559.602
95.000,38,662.181,1514.884,142.430
95.000,39,850.113,226.160,551.309
95.000,40,936.709,1281.590,167.261
95.000,41,1182.702,794.182,293.806
95.000,42,339.485,1128.196,444.486
95.000,43,805.493,1779.173,553.573
95.000,44,809.239,1711.361,532.262
95.000,45,1241.878,537.403,184.565
95.000,46,1173.975,1570.835,371.787
95.000,47,381.054,1097.622,594.782
95.000,48,248.960,162.678,418.420
95.000,49,544.248,486.848,521.931
95.000,50,788.401,1750.516,257.432
95.000,51,564.828,179.917,330.372
95.000,52,648.660,1452.777,462.597
95.000,53,124.567,1856.397,398.071
95.000,54,16.338,925.129,206.545
95.000,55,1281.317,728.659,585.295
95.000,56,435.029,1163.065,488.830
95.000,57,1145.331,968.895,146.657
95.000,58,123.240,874.874,142.750
95.000,59,1288.933,744.301,141.746
95.000,60,1242.914,1063.178,445.085
95.000,61,1266.518,1627.110,572.161
95.000,62,1150.284,1878.573,217.913
95.000,63,196.780,1587.871,164.297
100.000,0,133.140,321.529,343.696
100.000,1,231.762,1809.478,576.816
100.000,2,556.384,1650.407,463.258
100.000,3,892.752,974.656,584.650
100.000,4,981.215,583.498,315.148
100.000,5,1058.763,1777.673,348.606
100.000,6,441.567,1532.204,122.440
100.000,7,561.245,1268.375,596.487
100.000,8,943.083,688.700,365.440
100.000,9,581.221,1518.493,103.308
100.000,10,145.111,908.473,419.587
100.000,11,1287.262,219.245,273.736
100.000,12,210.326,1314.027,511.481
100.000,13,1101.832,88.459,449.361
100.000,14,1182.074,1166.270,109.918
100.000,15,1104.451,629.829,255.150
100.000,16,680.527,408.781,520.295
100.000,17,1305.543,240.909,467.290
100.000,18,374.501,230.608,283.502
100.000,19,879.830,1751.329,299.803
100.000,20,698.869,294.352,474.365
100.000,21,707.112,464.018,353.162
100.000,22,535.767,1528.535,497.240
100.000,23,235.736,934.311,262.460
100.000,24,237.696,781.365,573.652
100.000,25,657.216,1870.217,536.942
100.000,26,555.996,534.331,423.278
100.000,27,560.794,67.554,425.962
100.000,28,741.530,336.412,270.813
100.000,29,213.115,387.993,546.701
100.000,30,1106.472,874.347,109.534
100.000,31,238.731,1214.152,403.041
100.000,32,1239.285,1617.805,538.155
100.000,33,704.319,1526.363,418.935
100.000,34,601.809,1470.468,365.945
100.000,35,497.360,1081.000,220.513
100.000,36,244.608,299.872,220.044
100.000,37,825.603,102.418,560.878
100.000,38,675.360,1361.695,134.783
100.000,39,886.397,153.962,556.472
100.000,40,855.611,1336.581,170.117
100.000,41,1176.256,877.232,294.024
100.000,42,265.026,1179.842,441.400
100.000,43,775.163,1625.455,553.187
100.000,44,695.544,1739.441,529.261
100.000,45,1283.886,555.946,176.257
100.000,46,1082.210,1559.613,374.773
100.000,47,318.715,1028.443,598.535
100.000,48,340.224,281.768,419.145
100.000,49,474.467,431.661,521.046
100.000,50,787.187,1624.997,255.977
100.000,51,676.952,263.430,334.604
100.000,52,555.676,1558.657,457.555
100.000,53,37.073,1843.976,395.458
100.000,54,141.113,889.542,205.624
100.000,55,1238.400,658.609,585.595
100.000,56,366.291,1222.752,486.912
100.000,57,1245.362,937.620,139.814
100.000,58,209.683,774.375,137.063
100.000,59,1216.036,636.306,145.286
100.000,60,1235.785,1157.120,445.775
100.000,61,1242.739,1703.370,570.655
100.000,62,1243.928,1863.120,216.241
100.000,63,96.876,1492.827,168.135
105.000,0,71.183,295.826,347.383
105.000,1,151.761,1810.023,578.660
105.000,2,496.192,1773.782,458.032
105.000,3,789.177,1078.955,584.663
105.000,4,1066.923,647.228,313.095
105.000,5,930.069,1786.450,348.236
105.000,6,517.588,1556.067,124.925
105.000,7,641.492,1239.293,589.617
105.000,8,1031.993,742.964,360.238
105.000,9,487.152,1510.051,101.100
105.000,10,101.330,819.776,424.566
105.000,11,1233.172,186.321,275.030
105.000,12,139.766,1435.520,514.958
105.000,13,990.084,114.527,440.735
105.000,14,1156.234,1078.004,109.394
105.000,15,1102.601,524.065,256.829
105.000,16,646.579,342.264,517.103
105.000,17,1264.103,171.632,465.491
105.000,18,415.838,153.720,286.509
105.000,19,960.777,1705.171,297.932
105.000,20,743.009,430.589,481.047
105.000,21,585.907,537.351,350.464
105.000,22,599.244,1484.359,494.032
105.000,23,221.506,796.999,268.607
105.000,24,210.879,870.134,569.710
105.000,25,767.078,1827.396,529.969
105.000,26,459.263,594.004,428.757
105.000,27,614.091,65.285,423.727
105.000,28,766.024,196.808,265.891
105.000,29,143.675,506.526,534.536
105.000,30,1191.689,968.066,109.652
105.000,31,223.567,1345.088,399.245
105.000,32,1254.445,1497.382,535.558
105.000,33,732.410,1411.572,423.085
105.000,34,629.450,1365.282,360.067
105.000,35,576.996,1158.830,215.785
105.000,36,366.247,220.332,221.683
105.000,37,779.171,15.861,564.357
105.000,38,672.218,1211.750,128.193
105.000,39,941.527,96.356,556.523
105.000,40,765.279,1388.036,173.140
105.000,41,1175.711,967.504,293.114
105.000,42,202.217,1248.504,436.466
105.000,43,737.061,1476.248,550.617
105.000,44,573.881,1761.136,526.081
105.000,45,1198.331,586.489,174.923
105.000,46,989.022,1559.413,375.528
105.000,47,242.667,963.876,595.432
105.000,48,449.648,389.969,418.405
105.000,49,411.724,373.869,518.284
105.000,50,794.982,1499.505,256.353
105.000,51,764.070,376.993,339.738
105.000,52,451.054,1647.036,450.006
105.000,53,173.228,1842.252,395.122
105.000,54,274.088,838.267,199.740
105.000,55,1137.317,573.725,585.438
105.000,56,292.315,1284.267,486.009
105.000,57,1264.524,917.041,135.876
105.000,58,310.995,704.582,137.918
105.000,59,1095.949,549.389,149.818
105.000,60,1240.592,1255.930,447.236
105.000,61,1240.268,1774.869,569.378
105.000,62,1279.508,1861.666,210.999
105.000,63,41.622,1431.806,174.199
110.000,0,10.979,264.037,349.824
110.000,1,79.998,1808.039,579.902
110.000,2,467.926,1883.339,455.423
110.000,3,681.370,1176.142,585.384
110.000,4,1154.452,698.910,305.807
110.000,5,787.795,1765.891,346.597
110.000,6,592.411,1582.446,126.302
110.000,7,722.102,1237.786,585.468
110.000,8,1120.090,797.895,358.059
110.000,9,401.781,1508.089,100.803
110.000,10,55.609,730.606,430.921
110.000,11,1137.144,166.572,278.370
110.000,12,79.403,1560.622,521.370
110.000,13,880.868,182.656,433.066
110.000,14,1140.005,996.836,107.584
110.000,15,1088.487,409.357,258.562
110.000,16,630.935,269.261,515.961
110.000,17,1216.334,112.942,463.905
110.000,18,457.615,76.087,289.166
110.000,19,1031.468,1652.529,294.332
110.000,20,768.836,577.317,489.039
110.000,21,460.870,606.013,343.896
110.000,22,671.103,1449.539,488.668
110.000,23,213.454,664.780,271.067
110.000,24,179.070,956.753,563.257
110.000,25,871.485,1777.865,522.731
110.000,26,367.609,652.449,434.180
110.000,27,700.083,159.634,421.797
110.000,28,795.944,68.014,260.459
110.000,29,83.631,628.010,525.916
110.000,30,1277.130,1052.929,110.181
110.000,31,201.482,1470.532,394.995
110.000,32,1270.823,1373.077,537.533
110.000,33,758.373,1293.262,427.362
110.000,34,640.590,1255.533,358.428
110.000,35,660.909,1232.722,210.996
110.000,36,488.062,142.564,224.212
110.000,37,719.563,123.265,564.346
110.000,38,702.184,1073.017,124.777
110.000,39,980.889,35.045,557.140
110.000,40,675.115,1429.932,173.202
110.000,41,1156.514,1053.845,292.430
110.000,42,113.293,1293.760,430.945
110.000,43,694.620,1332.739,548.991
110.000,44,447.452,1794.123,524.032
110.000,45,1118.222,626.509,174.890
110.000,46,904.508,1555.737,377.580
110.000,47,159.958,892.385,593.427
110.000,48,562.434,477.191,415.661
110.000,49,338.229,330.324,515.577
110.000,50,818.869,1368.050,256.791
110.000,51,821.608,501.689,339.880
110.000,52,327.929,1732.118,442.426
110.000,53,311.791,1839.046,392.241
110.000,54,419.220,824.170,196.592
110.000,55,1013.763,519.424,582.882
110.000,56,229.944,1353.841,486.218
110.000,57,1170.657,887.666,130.091
110.000,58,408.956,647.062,133.409
110.000,59,962.359,477.409,152.311
110.000,60,1257.225,1353.477,449.437
110.000,61,1242.668,1834.736,568.794
110.000,62,1185.932,1857.687,208.679
110.000,63,115.011,1316.132,179.443
115.000,0,66.424,228.977,353.473
115.000,1,6.628,1807.577,581.189
115.000,2,472.396,1746.832,452.136
115.000,3,602.522,1297.048,579.948
115.000,4,1238.468,758.197,300.290
115.000,5,642.547,1756.907,346.048
115.000,6,666.970,1597.316,126.916
115.000,7,807.026,1225.293,580.713
115.000,8,1209.851,843.219,356.319
115.000,9,315.172,1500.112,102.795
115.000,10,10.969,639.625,439.342
115.000,11,1049.778,122.485,281.600
115.000,12,25.827,1683.233,523.405
115.000,13,754.389,205.640,425.958
115.000,14,1126.432,917.284,105.165
115.000,15,1103.644,293.355,264.393
115.000,16,606.110,200.108,515.886
115.000,17,1175.603,43.469,459.986
115.000,18,508.717,4.428,290.590
115.000,19,1093.147,1594.222,293.811
115.000,20,806.775,714.052,493.135
115.000,21,345.375,685.187,344.663
115.000,22,742.458,1409.848,480.608
115.000,23,189.610,530.731,269.843
115.000,24,151.560,1045.583,558.837
115.000,25,984.223,1748.077,521.234
115.000,26,259.770,700.488,432.115
115.000,27,792.953,242.078,418.857
115.000,28,857.594,63.839,255.144
115.000,29,10.994,742.295,518.103
115.000,30,1271.287,1140.203,109.734
115.000,31,190.372,1600.646,391.256
115.000,32,1306.646,1248.269,540.716
115.000,33,789.303,1168.769,426.878
115.000,34,648.415,1149.294,355.641
115.000,35,750.304,1314.102,206.177
115.000,36,611.346,85.469,225.182
115.000,37,652.823,216.509,562.364
115.000,38,755.109,943.195,122.605
115.000,39,1016.107,32.659,558.847
115.000,40,597.423,1487.460,173.736
115.000,41,1139.280,1140.584,294.409
115.000,42,28.630,1349.106,428.569
115.000,43,663.482,1186.055,544.047
115.000,44,327.002,1804.431,520.589
115.000,45,1029.492,655.075,174.529
115.000,46,821.547,1542.778,379.435
115.000,47,78.946,832.379,589.708
115.000,48,673.509,561.499,413.558
115.000,49,261.501,286.466,510.999
115.000,50,812.537,1235.680,259.946
115.000,51,872.316,625.893,339.146
115.000,52,193.440,1794.069,437.340
115.000,53,444.727,1818.010,392.037
115.000,54,561.227,807.890,190.302
115.000,55,896.201,451.442,579.655
115.000,56,170.678,1419.105,486.608
115.000,57,1071.461,864.622,125.410
115.000,58,503.653,578.321,130.225
115.000,59,822.409,420.555,155.981
115.000,60,1271.026,1438.652,448.891
115.000,61,1228.626,1888.909,567.715
115.000,62,1087.472,1863.369,205.921
115.000,63,220.616,1224.359,185.712
120.000,0,134.622,200.396,356.135
120.000,1,74.272,1799.421,582.616
120.000,2,444.446,1616.343,448.793
120.000,3,530.968,1418.918,578.062
120.000,4,1293.642,824.550,295.340
120.000,5,490.954,1766.579,345.197
120.000,6,739.142,1630.544,126.732
120.000,7,886.377,1205.082,575.565
120.000,8,1299.501,883.658,356.688
120.000,9,224.105,1513.964,103.309
120.000,10,63.172,541.594,443.271
120.000,11,973.448,70.283,284.702
120.000,12,40.776,1792.385,528.359
120.000,13,633.952,206.006,421.117
120.000,14,1106.215,835.481,102.252
120.000,15,1095.861,167.261,270.253
120.000,16,566.554,124.307,515.991
120.000,17,1136.437,46.000,456.532
120.000,18,554.832,76.010,294.983
120.000,19,1157.856,1533.318,292.443
120.000,20,816.941,853.440,495.907
120.000,21,236.101,776.373,348.628
120.000,22,809.151,1366.774,477.104
120.000,23,156.425,401.375,271.616
120.000,24,132.618,1142.106,556.171
120.000,25,1098.620,1747.449,520.915
120.000,26,147.044,720.745,431.220
120.000,27,832.442,357.204,419.936
120.000,28,931.773,172.885,248.900
120.000,29,91.097,832.685,511.653
120.000,30,1199.869,1230.307,107.079
120.000,31,186.959,1728.713,388.065
120.000,32,1273.225,1136.345,541.886
120.000,33,852.082,1069.505,427.273
120.000,34,652.089,1033.678,351.033
120.000,35,842.776,1377.679,202.305
120.000,36,731.322,2.074,228.202
120.000,37,604.018,330.422,562.157
120.000,38,773.606,803.978,123.249
120.000,39,1025.268,102.262,559.885
120.000,40,518.367,1554.185,177.781
120.000,41,1150.987,1221.704,294.256
120.000,42,62.514,1390.569,425.590
120.000,43,640.627,1031.040,541.195
120.000,44,197.177,1783.381,516.324
120.000,45,943.052,696.513,174.042
120.000,46,732.702,1535.543,379.993
120.000,47,6.364,767.362,585.995
120.000,48,790.174,627.694,413.174
120.000,49,197.018,245.363,507.823
120.000,50,765.403,1122.301,267.519
120.000,51,953.274,745.859,339.278
120.000,52,74.994,1879.296,433.087
120.000,53,590.560,1797.319,389.260
120.000,54,705.575,791.178,181.285
120.000,55,783.174,372.515,575.129
120.000,56,138.228,1496.128,486.409
120.000,57,981.248,817.708,123.123
120.000,58,593.279,500.801,125.104
120.000,59,689.818,351.100,157.594
120.000,60,1260.173,1526.926,447.361
120.000,61,1235.545,1813.238,569.192
120.000,62,987.723,1870.264,201.189
120.000,63,305.693,1109.010,190.535
125.000,0,199.853,167.180,359.274
125.000,1,150.295,1798.048,584.395
125.000,2,428.339,1485.035,444.979
125.000,3,465.786,1548.524,576.519
125.000,4,1210.454,888.130,291.810
125.000,5,350.888,1789.518,339.913
125.000,6,806.397,1684.898,126.780
125.000,7,974.298,1196.134,571.828
125.000,8,1229.945,930.072,354.971
125.000,9,133.513,1533.841,103.693
125.000,10,112.847,447.963,449.270
125.000,11,882.972,37.108,285.232
125.000,12,108.774,1881.221,531.760
125.000,13,514.244,196.531,415.545
125.000,14,1061.753,755.783,102.139
125.000,15,1055.920,49.722,275.033
125.000,16,514.017,47.278,514.813
125.000,17,1107.333,128.857,454.816
125.000,18,608.619,143.241,298.569
125.000,19,1223.731,1484.741,291.056
125.000,20,822.103,1001.834,497.437
125.000,21,110.687,844.332,350.750
125.000,22,879.770,1328.480,474.433
125.000,23,160.931,270.083,274.910
125.000,24,152.069,1230.935,552.730
125.000,25,1213.804,1743.159,521.313
125.000,26,28.627,716.003,431.118
125.000,27,865.303,476.173,418.655
125.000,28,974.310,300.943,246.329
125.000,29,156.538,943.214,507.097
125.000,30,1136.449,1334.079,107.189
125.000,31,200.200,1851.425,383.248
125.000,32,1225.889,1026.463,541.938
125.000,33,910.876,980.328,429.707
125.000,34,631.104,918.277,345.917
125.000,35,909.252,1457.474,199.351
125.000,36,819.479,114.271,226.551
125.000,37,554.626,450.014,566.855
125.000,38,785.553,660.360,120.339
125.000,39,1064.618,153.089,561.632
125.000,40,440.366,1625.835,181.519
125.000,41,1143.365,1298.972,294.271
125.000,42,142.252,1433.195,422.850
125.000,43,612.847,884.690,539.934
125.000,44,72.126,1776.475,515.800
125.000,45,855.745,723.968,174.562
125.000,46,632.963,1516.980,379.796
125.000,47,93.191,717.901,583.278
125.000,48,923.896,654.986,413.723
125.000,49,112.086,210.054,503.143
125.000,50,724.973,1000.296,273.263
125.000,51,1022.165,872.032,339.847
125.000,52,53.135,1823.714,425.660
125.000,53,740.143,1814.364,385.267
125.000,54,841.200,751.559,175.975
125.000,55,690.557,273.479,573.782
125.000,56,100.459,1573.286,484.058
125.000,57,874.534,802.575,118.878
125.000,58,691.472,424.974,121.596
125.000,59,547.998,287.823,159.154
125.000,60,1252.699,1612.575,448.107
125.000,61,1236.936,1737.090,569.994
125.000,62,887.718,1869.487,197.666
125.000,63,362.414,974.479,196.163
130.000,0,267.484,124.507,362.659
130.000,1,220.200,1807.706,585.379
130.000,2,418.795,1356.751,444.883
130.000,3,395.165,1678.594,573.399
130.000,4,1139.627,969.911,289.506
130.000,5,238.319,1855.935,334.125
130.000,6,892.147,1704.242,126.658
130.000,7,1055.776,1179.749,568.760
130.000,8,1156.185,987.017,352.525
130.000,9,51.133,1545.337,103.535
130.000,10,167.433,366.932,452.783
130.000,11,785.676,27.987,285.822
130.000,12,153.548,1750.177,532.406
130.000,13,394.768,177.072,409.868
130.000,14,1033.256,666.863,102.598
130.000,15,1031.158,68.870,279.020
130.000,16,474.044,31.263,514.237
130.000,17,1063.715,201.599,452.175
130.000,18,674.198,208.531,302.438
130.000,19,1292.691,1431.726,289.959
130.000,20,836.269,1150.000,502.397
130.000,21,49.106,888.593,351.544
130.000,22,948.094,1271.535,472.052
130.000,23,172.257,136.269,275.868
130.000,24,157.778,1324.788,547.896
130.000,25,1261.291,1723.093,522.531
130.000,26,97.806,727.186,432.786
130.000,27,908.612,599.061,414.661
130.000,28,1020.097,436.832,243.521
130.000,29,208.051,1066.665,503.005
130.000,30,1072.113,1436.847,108.202
130.000,31,179.522,1834.226,381.565
130.000,32,1172.643,917.457,540.384
130.000,33,924.443,874.607,432.738
130.000,34,614.731,800.983,339.706
130.000,35,974.288,1547.521,193.544
130.000,36,926.948,210.935,226.093
130.000,37,466.745,539.545,570.870
130.000,38,827.136,517.867,120.226
130.000,39,1110.633,204.308,563.390
130.000,40,361.260,1703.940,185.169
130.000,41,1141.966,1374.416,294.039
130.000,42,213.666,1481.135,418.069
130.000,43,578.128,750.133,540.184
130.000,44,68.741,1811.020,517.188
130.000,45,779.985,765.861,171.645
130.000,46,533.670,1486.865,379.151
130.000,47,180.295,666.584,582.484
130.000,48,1061.772,686.991,413.940
130.000,49,22.920,184.698,500.366
130.000,50,705.279,873.080,274.693
130.000,51,1099.539,990.800,338.600
130.000,52,185.947,1757.483,420.158
130.000,53,884.255,1814.480,378.604
130.000,54,980.365,737.279,171.081
130.000,55,611.621,165.995,576.266
130.000,56,51.939,1647.052,481.268
130.000,57,769.549,811.605,116.611
130.000,58,787.726,344.669,118.824
130.000,59,438.674,183.419,160.704
130.000,60,1245.747,1698.322,446.504
130.000,61,1223.382,1656.287,570.456
130.000,62,799.389,1842.865,194.827
130.000,63,464.334,875.295,202.610
135.000,0,336.836,100.045,362.535
135.000,1,291.244,1808.603,585.660
135.000,2,390.599,1235.672,445.695
135.000,3,292.669,1784.992,568.728
135.000,4,1071.191,1054.572,286.442
135.000,5,112.970,1890.308,326.425
135.000,6,971.454,1733.527,123.955
135.000,7,1134.106,1164.566,565.465
135.000,8,1059.347,1010.429,350.403
135.000,9,33.613,1562.852,103.217
135.000,10,237.458,298.961,457.215
135.000,11,692.955,5.656,286.572
135.000,12,146.806,1619.153,538.251
135.000,13,275.109,196.230,403.163
135.000,14,1028.795,572.358,101.777
135.000,15,993.140,170.227,281.915
135.000,16,430.822,96.536,511.137
135.000,17,1009.953,271.805,450.415
135.000,18,730.352,274.816,308.305
135.000,19,1252.291,1402.959,289.186
135.000,20,828.578,1293.307,506.744
135.000,21,170.536,958.646,352.288
135.000,22,1019.062,1216.370,470.280
135.000,23,180.366,7.087,279.446
135.000,24,163.889,1418.077,542.844
135.000,25,1141.483,1716.273,520.087
135.000,26,215.493,726.384,433.684
135.000,27,957.932,720.051,412.490
135.000,28,1074.904,575.586,246.264
135.000,29,267.024,1189.093,495.275
135.000,30,990.051,1525.793,105.671
135.000,31,117.197,1719.210,374.454
135.000,32,1152.924,805.831,540.133
135.000,33,981.886,784.811,438.806
135.000,34,606.213,689.020,334.309
135.000,35,1038.494,1639.282,184.432
135.000,36,1020.847,319.983,224.623
135.000,37,386.389,638.184,573.779
135.000,38,887.005,385.203,116.180
135.000,39,1153.789,255.102,564.450
135.000,40,280.703,1775.929,186.999
135.000,41,1101.105,1446.432,292.692
135.000,42,298.900,1527.404,415.949
135.000,43,553.519,600.071,537.583
135.000,44,180.297,1869.707,514.358
135.000,45,703.313,807.003,168.422
135.000,46,438.094,1472.137,377.436
135.000,47,252.199,589.759,580.249
135.000,48,1206.399,716.158,418.232
135.000,49,69.405,154.758,496.415
135.000,50,681.219,754.291,273.547
135.000,51,1183.482,1109.172,337.875
135.000,52,316.241,1695.618,417.655
135.000,53,1024.106,1782.001,371.247
135.000,54,1113.908,764.493,169.072
135.000,55,513.108,84.475,574.569
135.000,56,13.168,1717.580,480.443
135.000,57,667.675,839.149,112.114
135.000,58,879.919,266.876,116.573
135.000,59,314.380,98.404,161.429
135.000,60,1267.832,1783.226,444.678
135.000,61,1208.538,1575.156,572.168
135.000,62,715.633,1812.021,191.429
135.000,63,569.733,776.140,211.457
140.000,0,407.737,85.670,363.370
140.000,1,368.743,1812.363,585.074
140.000,2,362.380,1104.401,444.069
140.000,3,187.767,1883.594,563.719
140.000,4,991.265,1125.753,282.177
140.000,5,16.117,1858.049,323.926
140.000,6,1054.063,1753.148,122.856
140.000,7,1214.679,1140.551,561.482
140.000,8,958.368,1032.087,345.725
140.000,9,118.445,1570.368,102.428
140.000,10,313.897,232.682,462.462
140.000,11,601.062,25.100,285.209
140.000,12,132.898,1502.425,543.615
140.000,13,156.400,196.057,399.046
140.000,14,1035.640,479.309,100.323
140.000,15,956.155,269.804,286.961
140.000,16,389.790,158.814,508.028
140.000,17,948.925,337.840,449.654
140.000,18,792.018,329.178,313.504
140.000,19,1165.616,1383.087,290.022
140.000,20,778.312,1431.348,510.798
140.000,21,285.947,1043.766,350.714
140.000,22,1092.245,1178.121,467.744
140.000,23,158.196,131.510,281.459
140.000,24,160.627,1502.117,535.684
140.000,25,1026.059,1686.645,519.245
140.000,26,331.452,727.305,435.934
140.000,27,1021.089,833.557,410.478
140.000,28,1099.869,708.624,251.319
140.000,29,309.552,1313.713,485.776
140.000,30,944.671,1641.333,102.686
140.000,31,54.698,1605.559,368.658
140.000,32,1097.224,707.339,540.595
140.000,33,1046.949,690.158,445.752
140.000,34,603.333,574.912,327.487
140.000,35,1079.263,1739.993,178.829
140.000,36,1091.635,439.788,226.013
140.000,37,354.446,769.526,575.432
140.000,38,927.511,249.373,112.721
140.000,39,1183.862,320.696,566.731
140.000,40,209.731,1852.880,190.795
140.000,41,1079.031,1528.740,293.888
140.000,42,396.538,1546.708,410.744
140.000,43,525.889,453.201,534.137
140.000,44,294.824,1878.417,516.915
140.000,45,614.303,837.083,164.748
140.000,46,328.399,1472.796,375.501
140.000,47,315.538,510.104,576.090
140.000,48,1280.854,771.876,421.001
140.000,49,136.295,105.921,494.588
140.000,50,656.126,634.011,274.949
140.000,51,1296.232,1196.521,338.715
140.000,52,447.284,1628.353,409.028
140.000,53,1158.056,1754.597,364.022
140.000,54,1242.895,759.665,166.375
140.000,55,399.113,12.573,575.736
140.000,56,74.440,1789.994,480.410
140.000,57,565.602,859.460,105.558
140.000,58,961.010,175.374,110.236
140.000,59,213.128,10.093,162.259
140.000,60,1300.527,1872.642,444.311
140.000,61,1193.386,1489.492,573.326
140.000,62,634.407,1797.375,188.201
140.000,63,680.660,677.507,217.437
145.000,0,477.872,59.595,365.528
145.000,1,446.966,1798.722,585.359
145.000,2,361.978,969.279,438.729
145.000,3,101.546,1796.802,560.267
145.000,4,925.266,1206.035,278.201
145.000,5,154.914,1841.602,319.301
145.000,6,1131.351,1772.997,123.102
145.000,7,1296.517,1156.671,557.554
145.000,8,875.258,1083.647,343.579
145.000,9,207.449,1561.655,100.210
145.000,10,376.010,148.305,466.663
145.000,11,506.801,65.379,283.326
145.000,12,133.548,1386.070,545.782
145.000,13,40.913,173.277,393.408
145.000,14,1015.360,395.085,101.233
145.000,15,950.242,367.124,291.626
145.000,16,352.629,215.750,504.386
145.000,17,898.200,396.758,448.757
145.000,18,842.576,404.881,318.536
145.000,19,1078.483,1364.366,288.440
145.000,20,751.878,1576.216,515.633
145.000,21,401.031,1124.868,349.383
145.000,22,1161.345,1149.873,468.263
145.000,23,121.006,252.990,285.683
145.000,24,140.304,1584.383,530.009
145.000,25,916.517,1651.218,516.936
145.000,26,439.755,711.021,437.606
145.000,27,1087.416,960.826,407.395
145.000,28,1082.278,844.481,251.338
145.000,29,375.720,1433.617,476.324
145.000,30,888.126,1742.842,101.070
145.000,31,11.129,1491.778,365.998
145.000,32,1075.425,590.024,543.953
145.000,33,1092.300,586.335,449.900
145.000,34,609.741,461.203,321.864
145.000,35,1130.438,1825.237,171.239
145.000,36,1182.907,537.881,227.198
145.000,37,293.444,893.362,578.175
145.000,38,977.377,113.826,109.435
145.000,39,1190.271,403.987,568.858
145.000,40,133.365,1888.887,192.087
145.000,41,1045.792,1610.677,293.829
145.000,42,487.547,1554.355,406.244
145.000,43,508.013,309.171,534.108
145.000,44,420.458,1886.914,514.298
145.000,45,526.567,864.419,161.391
145.000,46,224.439,1489.326,373.797
145.000,47,374.222,428.495,572.411
145.000,48,1166.618,848.901,420.578
145.000,49,199.207,55.946,494.843
145.000,50,648.632,520.460,278.329
145.000,51,1238.701,1317.093,336.586
145.000,52,577.804,1559.264,401.406
145.000,53,1292.508,1753.859,357.092
145.000,54,1243.207,731.185,163.406
145.000,55,291.605,79.352,576.467
145.000,56,138.196,1848.116,479.494
145.000,57,467.943,868.894,100.557
145.000,58,1076.338,123.554,101.754
145.000,59,91.708,60.597,165.434
145.000,60,1287.208,1835.948,444.306
145.000,61,1179.272,1416.280,574.110
145.000,62,548.978,1810.109,184.890
145.000,63,777.862,568.467,225.468
150.000,0,549.917,32.904,367.343
150.000,1,527.337,1784.880,586.663
150.000,2,311.381,850.264,432.849
150.000,3,7.947,1686.927,556.753
150.000,4,852.380,1282.090,276.426
150.000,5,294.419,1829.623,316.277
150.000,6,1208.588,1782.825,121.889
150.000,7,1250.773,1137.319,553.124
150.000,8,810.877,1156.312,344.047
150.000,9,298.203,1575.350,100.394
150.000,10,451.110,79.662,467.478
150.000,11,406.214,104.216,282.000
150.000,12,131.882,1267.965,547.937
150.000,13,85.604,177.313,386.994
150.000,14,1022.701,303.735,102.562
150.000,15,943.178,465.964,299.167
150.000,16,306.548,264.811,501.576
150.000,17,848.123,461.803,448.398
150.000,18,878.509,495.189,321.736
150.000,19,994.106,1357.369,285.709
150.000,20,750.694,1719.304,517.886
150.000,21,515.952,1206.180,346.159
150.000,22,1226.546,1110.593,468.464
150.000,23,87.709,381.010,289.103
150.000,24,138.862,1671.329,526.565
150.000,25,802.707,1635.211,512.414
150.000,26,559.789,713.257,439.499
150.000,27,1127.904,1095.743,408.055
150.000,28,1081.716,977.465,243.610
150.000,29,472.716,1541.176,468.431
150.000,30,804.346,1820.660,101.689
150.000,31,7.880,1361.124,363.668
150.000,32,1010.821,490.404,547.178
150.000,33,1109.648,475.910,451.683
150.000,34,629.103,341.773,314.244
150.000,35,1188.920,1890.108,166.500
150.000,36,1277.801,626.052,228.561
150.000,37,228.277,1004.430,580.759
150.000,38,1047.565,19.774,102.979
150.000,39,1189.668,481.229,571.876
150.000,40,65.311,1821.272,194.156
150.000,41,1009.508,1684.585,290.683
150.000,42,565.246,1590.015,402.578
150.000,43,485.034,170.175,531.185
150.000,44,540.902,1886.280,512.277
150.000,45,444.754,896.545,158.173
150.000,46,125.923,1512.173,371.796
150.000,47,453.074,370.257,569.000
150.000,48,1042.218,920.848,420.601
150.000,49,262.119,10.839,493.018
150.000,50,632.140,402.826,280.617
150.000,51,1136.842,1410.558,333.972
150.000,52,690.309,1466.764,398.275
150.000,53,1184.419,1720.076,351.470
150.000,54,1116.095,718.614,160.843
150.000,55,186.037,147.018,575.975
150.000,56,216.018,1902.465,476.829
150.000,57,380.256,853.184,106.018
150.000,58,1163.287,38.279,104.160
150.000,59,62.143,136.880,168.375
150.000,60,1244.301,1753.018,444.180
150.000,61,1173.960,1345.433,574.593
150.000,62,449.787,1811.643,181.894
150.000,63,858.985,453.792,235.442
155.000,0,631.445,26.044,370.058
155.000,1,597.325,1760.809,588.744
155.000,2,272.590,726.189,434.909
155.000,3,105.383,1572.919,554.036
155.000,4,770.212,1350.953,278.251
155.000,5,421.889,1852.631,318.089
155.000,6,1286.233,1770.844,120.991
155.000,7,1173.309,1119.396,548.690
155.000,8,756.218,1232.817,343.653
155.000,9,398.085,1591.766,101.706
155.000,10,532.612,6.875,469.603
155.000,11,307.233,119.146,279.970
155.000,12,154.409,1133.503,552.095
155.000,13,201.887,169.200,379.300
155.000,14,1010.169,216.866,101.528
155.000,15,933.427,574.074,304.272
155.000,16,249.589,306.216,499.359
155.000,17,806.453,533.157,447.701
155.000,18,930.218,577.066,323.696
155.000,19,916.036,1319.883,282.382
155.000,20,757.713,1856.297,517.512
155.000,21,618.373,1289.314,345.771
155.000,22,1293.317,1078.985,466.487
155.000,23,34.591,497.618,295.707
155.000,24,109.700,1756.389,523.074
155.000,25,693.882,1602.066,510.008
155.000,26,684.146,708.619,444.130
155.000,27,1140.462,1236.979,407.946
155.000,28,1113.585,1105.694,236.994
155.000,29,535.131,1669.042,464.573
155.000,30,727.111,1879.574,104.170
155.000,31,24.274,1239.387,362.230
155.000,32,946.153,392.042,551.258
155.000,33,1153.360,369.658,451.193
155.000,34,645.902,224.496,308.839
155.000,35,1243.392,1799.493,161.719
155.000,36,1239.639,711.764,228.508
155.000,37,149.698,1110.122,582.334
155.000,38,1074.482,159.150,100.074
155.000,39,1222.209,552.190,575.352
155.000,40,30.339,1756.422,195.096
155.000,41,990.850,1759.523,290.450
155.000,42,647.945,1621.845,399.315
155.000,43,479.441,31.847,524.023
155.000,44,661.072,1883.479,508.688
155.000,45,370.837,954.458,155.305
155.000,46,29.327,1531.474,369.825
155.000,47,539.825,321.085,564.579
155.000,48,942.181,1026.207,418.546
155.000,49,326.591,47.459,490.189
155.000,50,620.676,283.885,285.376
155.000,51,1063.380,1534.244,333.011
155.000,52,815.277,1380.719,395.794
155.000,53,1043.316,1723.665,346.757
155.000,54,977.679,717.055,159.018
155.000,55,106.005,242.825,579.198
155.000,56,288.782,1841.444,475.823
155.000,57,299.092,836.697,110.099
155.000,58,1251.728,65.695,103.592
155.000,59,194.494,221.280,171.865
155.000,60,1214.436,1661.512,443.197
155.000,61,1178.450,1275.003,575.276
155.000,62,349.860,1820.868,176.304
155.000,63,964.445,362.984,242.457
160.000,0,706.572,16.416,372.202
160.000,1,659.990,1711.908,589.488
160.000,2,256.020,592.007,435.791
160.000,3,237.927,1498.205,549.575
160.000,4,676.766,1407.233,276.810
160.000,5,546.078,1879.901,318.323
160.000,6,1251.094,1777.021,120.044
160.000,7,1108.199,1069.177,544.615
160.000,8,682.676,1295.639,342.120
160.000,9,500.804,1594.779,100.907
160.000,10,589.582,85.351,474.628
160.000,11,215.222,121.850,277.829
160.000,12,198.128,1022.047,555.181
160.000,13,324.156,180.312,371.883
160.000,14,981.030,130.459,100.489
160.000,15,911.283,681.174,309.578
160.000,16,199.839,353.819,496.273
160.000,17,764.804,600.678,445.122
160.000,18,975.493,670.791,325.145
160.000,19,831.409,1281.047,279.978
160.000,20,769.005,1807.560,519.915
160.000,21,723.988,1372.882,346.976
160.000,22,1275.768,1030.632,464.231
160.000,23,14.718,629.899,296.860
160.000,24,97.711,1848.038,518.912
160.000,25,588.199,1546.289,507.774
160.000,26,805.482,704.809,445.655
160.000,27,1171.110,1369.301,406.050
160.000,28,1153.273,1238.383,229.720
160.000,29,542.293,1813.587,459.486
160.000,30,625.636,1808.474,107.457
160.000,31,43.086,1108.197,362.829
160.000,32,890.826,286.382,550.748
160.000,33,1196.950,258.517,450.982
160.000,34,647.534,114.603,304.616
160.000,35,1295.865,1704.271,159.959
160.000,36,1136.731,801.033,226.381
160.000,37,104.347,1220.008,584.535
160.000,38,1105.443,293.907,103.932
160.000,39,1266.771,618.390,578.581
160.000,40,125.343,1699.998,196.416
160.000,41,974.698,1830.775,291.169
160.000,42,723.645,1666.954,395.967
160.000,43,467.937,117.617,522.889
160.000,44,781.550,1877.260,506.385
160.000,45,293.482,1001.255,153.609
160.000,46,86.228,1538.511,371.771
160.000,47,620.791,263.600,562.955
160.000,48,848.247,1132.072,420.807
160.000,49,387.004,98.328,487.476
160.000,50,620.879,164.834,287.863
160.000,51,988.810,1658.356,330.163
160.000,52,950.230,1310.680,392.314
160.000,53,912.153,1665.363,336.299
160.000,54,838.615,714.853,158.844
160.000,55,33.017,355.014,581.857
160.000,56,336.061,1757.394,475.532
160.000,57,211.896,821.590,112.743
160.000,58,1279.465,144.733,102.550
160.000,59,324.251,305.150,173.769
160.000,60,1203.221,1573.438,440.595
160.000,61,1162.041,1202.470,577.419
160.000,62,263.340,1805.206,171.094
160.000,63,1056.215,250.981,246.498
165.000,0,777.920,22.746,374.511
165.000,1,726.809,1672.017,592.337
165.000,2,257.284,448.959,436.608
165.000,3,357.648,1407.385,544.200
165.000,4,587.740,1453.789,275.367
165.000,5,682.419,1895.695,316.888
165.000,6,1168.213,1784.154,121.959
165.000,7,1024.680,1049.410,540.939
165.000,8,610.495,1357.648,342.114
165.000,9,601.906,1607.838,100.220
165.000,10,654.365,178.154,482.917
165.000,11,119.713,146.751,278.943
165.000,12,220.598,900.872,562.347
165.000,13,443.708,164.604,368.911
165.000,14,945.800,43.955,101.982
165.000,15,874.584,788.429,314.357
165.000,16,150.226,418.475,493.389
165.000,17,749.688,680.657,442.583
165.000,18,1022.133,744.624,326.657
165.000,19,742.414,1239.232,276.274
165.000,20,809.654,1678.665,526.326
165.000,21,833.639,1461.478,350.849
165.000,22,1215.627,988.994,461.973
165.000,23,12.862,759.991,295.982
165.000,24,102.380,1847.775,516.329
165.000,25,478.341,1507.629,503.161
165.000,26,925.935,695.236,447.446
165.000,27,1179.098,1500.848,404.914
165.000,28,1168.960,1375.918,224.585
165.000,29,552.980,1842.212,455.356
165.000,30,532.958,1732.095,110.290
165.000,31,56.931,970.948,360.107
165.000,32,836.186,187.518,548.664
165.000,33,1247.248,152.371,454.296
165.000,34,632.745,21.786,300.304
165.000,35,1278.726,1608.080,156.435
165.000,36,1045.262,904.113,221.815
165.000,37,83.214,1333.190,586.383
165.000,38,1141.449,436.887,108.013
165.000,39,1312.445,679.581,582.183
165.000,40,208.376,1622.441,197.101
165.000,41,949.543,1886.540,292.809
165.000,42,812.096,1710.799,393.028
165.000,43,404.767,248.651,523.065
165.000,44,901.816,1877.852,504.106
165.000,45,195.234,1033.750,148.261
165.000,46,186.518,1552.253,374.817
165.000,47,696.364,213.361,560.490
165.000,48,772.409,1234.259,422.987
165.000,49,452.125,151.942,484.496
165.000,50,630.872,42.685,290.239
165.000,51,927.529,1793.661,331.520
165.000,52,1072.467,1228.126,392.525
165.000,53,780.853,1611.707,329.569
165.000,54,718.369,646.845,154.652
165.000,55,52.938,467.410,584.660
165.000,56,396.026,1676.343,478.150
165.000,57,120.507,829.851,116.378
165.000,58,1171.561,205.285,107.121
165.000,59,414.903,432.688,175.938
165.000,60,1228.190,1477.832,436.254
165.000,61,1162.908,1124.478,581.090
165.000,62,176.814,1790.475,166.059
165.000,63,1162.094,144.252,251.777
170.000,0,840.920,0.901,377.129
170.000,1,811.433,1681.890,594.929
170.000,2,222.240,317.958,437.523
170.000,3,464.621,1313.311,539.017
170.000,4,514.756,1503.758,272.575
170.000,5,821.861,1891.369,312.866
170.000,6,1083.940,1791.585,122.422
170.000,7,936.764,1038.406,538.258
170.000,8,534.422,1430.627,340.069
170.000,9,694.233,1624.581,101.701
170.000,10,694.377,282.211,488.381
170.000,11,29.276,191.824,281.992
170.000,12,262.352,791.239,567.149
170.000,13,559.415,147.109,363.469
170.000,14,924.541,61.982,102.931
170.000,15,865.081,902.857,315.078
170.000,16,83.890,476.697,491.017
170.000,17,749.213,769.204,442.660
170.000,18,1084.821,812.798,330.916
170.000,19,658.011,1216.612,272.830
170.000,20,855.916,1549.693,531.749
170.000,21,961.430,1537.700,349.332
170.000,22,1146.830,958.632,459.492
170.000,23,29.991,881.036,296.586
170.000,24,103.045,1755.736,511.262
170.000,25,370.210,1489.063,500.833
170.000,26,1044.578,726.350,445.567
170.000,27,1209.108,1637.086,398.831
170.000,28,1192.925,1509.408,217.351
170.000,29,569.948,1713.970,448.519
170.000,30,444.969,1663.785,115.035
170.000,31,85.784,836.027,353.217
170.000,32,752.413,103.212,549.407
170.000,33,1301.806,67.013,457.618
170.000,34,636.677,144.842,295.993
170.000,35,1189.321,1536.362,151.262
170.000,36,966.862,1008.315,222.359
170.000,37,37.493,1443.374,580.829
170.000,38,1186.697,566.981,112.817
170.000,39,1263.221,750.108,584.667
170.000,40,287.112,1553.145,198.745
170.000,41,924.526,1808.976,292.095
170.000,42,903.827,1738.704,392.960
170.000,43,330.354,374.389,517.673
170.000,44,1017.926,1892.644,499.244
170.000,45,93.014,1069.707,146.080
170.000,46,280.658,1579.993,376.195
170.000,47,770.243,162.284,556.245
170.000,48,674.375,1315.552,423.042
170.000,49,527.955,185.437,481.996
170.000,50,649.325,88.128,294.235
170.000,51,889.354,1873.808,330.202
170.000,52,1180.015,1131.612,393.809
170.000,53,635.365,1561.802,321.605
170.000,54,585.851,595.557,144.863
170.000,55,164.470,542.332,582.044
170.000,56,458.420,1606.372,475.960
170.000,57,34.312,857.504,120.116
170.000,58,1080.434,280.801,111.634
170.000,59,513.854,564.354,178.884
170.000,60,1237.179,1390.150,434.453
170.000,61,1159.599,1047.203,582.532
170.000,62,90.685,1768.232,161.629
170.000,63,1262.619,33.001,256.613
175.000,0,906.789,19.658,379.693
175.000,1,898.268,1687.055,596.514
175.000,2,174.556,180.711,434.696
175.000,3,563.680,1217.054,531.520
175.000,4,432.664,1555.121,267.655
175.000,5,954.083,1891.927,307.717
175.000,6,1006.661,1804.442,122.685
175.000,7,851.473,1015.935,537.009
175.000,8,439.858,1490.657,339.744
175.000,9,782.543,1638.733,105.804
175.000,10,715.423,382.495,493.660
175.000,11,67.132,215.651,283.199
175.000,12,311.508,680.832,568.379
175.000,13,682.331,133.687,356.362
175.000,14,923.869,148.047,102.910
175.000,15,861.646,1007.488,316.767
175.000,16,21.519,534.093,490.880
175.000,17,737.954,849.404,440.408
175.000,18,1154.714,868.052,335.239
175.000,19,577.055,1179.092,268.086
175.000,20,866.254,1414.319,538.614
175.000,21,1076.292,1615.647,346.897
175.000,22,1088.187,910.165,457.845
175.000,23,47.349,1009.040,294.670
175.000,24,104.789,1668.537,505.530
175.000,25,261.537,1475.957,500.084
175.000,26,1170.786,748.804,444.094
175.000,27,1214.669,1767.381,392.755
175.000,28,1230.118,1640.743,213.977
175.000,29,607.306,1594.657,442.791
175.000,30,370.904,1581.429,119.798
175.000,31,117.330,710.866,346.010
175.000,32,648.878,30.348,548.408
175.000,33,1270.833,45.510,458.148
175.000,34,613.993,264.986,291.985
175.000,35,1126.017,1451.243,149.083
175.000,36,900.258,1123.874,222.987
175.000,37,21.950,1546.630,576.307
175.000,38,1203.099,701.665,115.058
175.000,39,1213.156,820.864,587.305
175.000,40,363.262,1486.123,200.755
175.000,41,906.314,1737.373,291.780
175.000,42,997.724,1762.124,391.846
175.000,43,288.115,519.303,514.176
175.000,44,1138.349,1883.260,496.298
175.000,45,15.482,1148.507,143.992
175.000,46,383.268,1595.045,377.838
175.000,47,852.694,111.100,552.743
175.000,48,562.808,1380.225,426.406
175.000,49,603.721,228.031,480.127
175.000,50,686.417,190.965,297.168
175.000,51,811.494,1756.882,331.391
175.000,52,1297.996,1037.261,394.297
175.000,53,501.087,1492.743,318.264
175.000,54,442.152,539.119,137.373
175.000,55,271.875,621.538,580.603
175.000,56,526.328,1549.397,472.879
175.000,57,53.271,871.930,126.509
175.000,58,1005.786,375.099,116.193
175.000,59,644.279,654.946,179.943
175.000,60,1255.132,1291.232,432.116
175.000,61,1165.666,966.470,582.787
175.000,62,14.872,1764.224,155.704
175.000,63,1261.667,71.299,264.130
180.000,0,976.681,28.476,383.090
180.000,1,972.514,1677.048,598.119
180.000,2,131.751,48.095,431.480
180.000,3,655.257,1105.246,526.193
180.000,4,343.649,1609.826,261.324
180.000,5,1084.216,1871.218,306.988
180.000,6,931.453,1819.874,124.366
180.000,7,773.224,982.297,534.082
180.000,8,370.589,1561.325,338.937
180.000,9,865.804,1654.003,108.746
180.000,10,751.266,467.798,497.429
180.000,11,163.547,241.813,283.133
180.000,12,356.444,565.925,569.919
180.000,13,797.256,164.328,352.325
180.000,14,920.274,239.143,100.456
180.000,15,808.004,1113.681,316.528
180.000,16,21.014,607.696,491.200
180.000,17,718.869,944.492,435.686
180.000,18,1216.457,924.232,340.831
180.000,19,490.487,1159.107,265.073
180.000,20,849.781,1272.164,549.809
180.000,21,1179.701,1713.319,345.579
180.000,22,1034.884,855.198,457.102
180.000,23,75.659,1137.782,293.418
180.000,24,95.876,1582.335,500.886
180.000,25,158.763,1436.321,496.718
180.000,26,1296.711,775.680,442.911
180.000,27,1187.756,1894.483,385.913
180.000,28,1256.597,1774.907,210.193
180.000,29,663.887,1472.039,439.656
180.000,30,280.094,1500.119,125.663
180.000,31,146.751,580.704,339.882
180.000,32,588.860,70.852,548.726
180.000,33,1246.647,159.537,461.195
180.000,34,612.348,393.309,288.693
180.000,35,1078.305,1358.860,144.705
180.000,36,841.424,1245.871,224.802
180.000,37,70.919,1651.635,577.010
180.000,38,1201.326,852.064,114.296
180.000,39,1176.272,885.892,589.875
180.000,40,445.197,1431.437,202.410
180.000,41,874.081,1665.023,291.472
180.000,42,1086.992,1807.892,388.896
180.000,43,253.641,658.328,509.520
180.000,44,1257.688,1849.374,490.520
180.000,45,89.841,1203.012,140.190
180.000,46,484.865,1585.633,382.363
180.000,47,921.447,38.596,550.283
180.000,48,437.938,1414.408,427.840
180.000,49,677.074,259.065,478.793
180.000,50,690.352,299.230,300.107
180.000,51,729.855,1648.052,334.427
180.000,52,1190.399,981.309,389.109
180.000,53,358.002,1480.799,314.445
180.000,54,290.870,495.950,131.224
180.000,55,376.900,704.490,576.793
180.000,56,601.724,1490.556,470.810
180.000,57,139.136,850.245,131.998
180.000,58,923.905,469.056,117.448
180.000,59,795.446,712.442,184.827
180.000,60,1261.339,1192.777,427.424
180.000,61,1172.238,884.157,583.146
180.000,62,104.830,1764.455,150.366
180.000,63,1164.625,167.839,270.118
185.000,0,1044.575,42.782,386.861
185.000,1,1045.718,1656.399,598.645
185.000,2,78.008,95.798,429.489
185.000,3,756.152,1003.021,522.140
185.000,4,264.926,1671.600,254.941
185.000,5,1211.094,1860.763,307.199
185.000,6,853.178,1864.765,125.509
185.000,7,701.749,975.866,528.623
185.000,8,324.236,1640.206,336.698
185.000,9,945.927,1666.968,111.715
185.000,10,810.803,554.234,502.412
185.000,11,258.049,262.019,283.416
185.000,12,383.384,441.777,573.377
185.000,13,911.460,191.735,345.768
185.000,14,889.049,333.777,100.506
185.000,15,766.141,1219.522,314.369
185.000,16,53.561,691.756,488.382
185.000,17,692.230,1033.801,429.452
185.000,18,1265.567,990.588,346.507
185.000,19,416.394,1114.269,260.597
185.000,20,826.167,1131.994,556.968
185.000,21,1290.342,1798.431,344.856
185.000,22,980.330,791.116,457.698
185.000,23,130.985,1260.319,290.816
185.000,24,97.937,1498.263,496.291
185.000,25,44.532,1432.996,494.333
185.000,26,1207.444,807.896,445.310
185.000,27,1209.222,1775.794,385.065
185.000,28,1286.699,1890.854,205.066
185.000,29,687.950,1344.977,436.265
185.000,30,202.672,1402.151,131.738
185.000,31,168.987,445.697,335.451
185.000,32,524.397,172.262,551.461
185.000,33,1182.354,265.013,467.114
185.000,34,565.905,505.541,286.253
185.000,35,1030.534,1265.359,138.662
185.000,36,759.882,1359.749,227.038
185.000,37,133.161,1762.462,575.973
185.000,38,1211.001,1000.087,112.452
185.000,39,1150.761,961.195,591.094
185.000,40,523.455,1370.938,204.468
185.000,41,869.794,1573.166,290.966
185.000,42,1159.420,1876.938,385.401
185.000,43,234.123,797.501,505.428
185.000,44,1255.798,1834.182,486.330
185.000,45,167.270,1254.971,139.372
185.000,46,577.733,1582.943,386.351
185.000,47,999.490,33.925,548.514
185.000,48,312.942,1471.883,428.896
185.000,49,736.898,296.010,476.654
185.000,50,716.185,404.424,302.024
185.000,51,637.567,1550.654,336.653
185.000,52,1049.915,941.319,382.910
185.000,53,213.254,1442.516,308.867
185.000,54,142.751,465.882,128.122
185.000,55,470.057,802.970,577.144
185.000,56,674.127,1438.422,469.197
185.000,57,224.312,835.151,136.790
185.000,58,838.555,554.648,118.772
185.000,59,931.762,789.816,190.368
185.000,60,1268.286,1093.975,424.997
185.000,61,1188.925,804.868,582.207
185.000,62,193.868,1786.997,141.848
185.000,63,1056.201,262.802,271.942
190.000,0,1115.894,76.836,388.918
190.000,1,1119.097,1633.646,596.483
190.000,2,56.766,225.593,425.218
190.000,3,871.232,909.991,515.725
190.000,4,182.602,1725.254,252.821
190.000,5,1263.038,1866.570,306.962
190.000,6,770.406,1895.619,126.533
190.000,7,623.986,987.771,524.681
190.000,8,256.745,1699.558,334.056
190.000,9,1034.205,1684.517,112.975
190.000,10,880.671,634.764,509.167
190.000,11,353.597,286.920,282.268
190.000,12,430.497,324.486,578.264
190.000,13,1033.216,195.340,339.404
190.000,14,857.261,422.753,100.107
190.000,15,757.230,1333.381,313.808
190.000,16,97.933,767.200,484.908
190.000,17,655.829,1105.405,427.336
190.000,18,1300.201,1058.551,350.357
190.000,19,352.112,1053.706,256.775
190.000,20,790.383,1000.943,565.562
190.000,21,1228.985,1896.825,344.337
190.000,22,907.210,759.325,458.333
190.000,23,174.097,1382.591,292.212
190.000,24,116.070,1418.310,492.929
190.000,25,68.034,1423.196,490.882
190.000,26,1095.604,837.212,445.474
190.000,27,1214.526,1651.889,382.297
190.000,28,1236.383,1788.693,202.091
190.000,29,713.581,1218.152,433.978
190.000,30,124.337,1304.334,136.851
190.000,31,205.931,321.928,334.775
190.000,32,445.195,270.853,556.059
190.000,33,1101.468,364.844,472.021
190.000,34,519.938,614.867,285.858
190.000,35,957.424,1190.888,132.536
190.000,36,639.989,1432.570,228.994
190.000,37,200.958,1865.352,573.354
190.000,38,1212.859,1137.932,111.174
190.000,39,1116.443,1041.083,593.289
190.000,40,620.214,1341.458,208.636
190.000,41,837.534,1498.549,290.880
190.000,42,1237.760,1870.389,379.110
190.000,43,207.173,948.390,500.872
190.000,44,1141.514,1802.530,481.667
190.000,45,239.156,1309.688,136.923
190.000,46,675.742,1574.063,389.459
190.000,47,1083.196,77.583,547.802
190.000,48,174.753,1548.052,433.946
190.000,49,800.523,337.526,474.680
190.000,50,759.431,505.523,306.524
190.000,51,566.867,1427.401,336.073
190.000,52,902.046,921.118,375.583
190.000,53,73.560,1415.380,303.185
190.000,54,27.492,460.024,130.686
190.000,55,579.647,876.547,579.928
190.000,56,752.312,1396.326,468.076
190.000,57,317.470,818.444,141.948
190.000,58,752.720,633.625,122.637
190.000,59,1062.523,886.738,196.720
190.000,60,1296.839,1000.464,424.711
190.000,61,1209.681,734.773,583.467
190.000,62,289.929,1800.610,132.674
190.000,63,977.567,381.449,273.175
195.000,0,1185.147,94.626,391.391
195.000,1,1193.444,1615.992,595.903
195.000,2,82.213,365.558,420.284
195.000,3,967.087,793.866,507.554
195.000,4,86.722,1767.075,252.869
195.000,5,1129.150,1872.828,304.767
195.000,6,694.600,1886.647,125.345
195.000,7,545.112,1014.060,521.635
195.000,8,188.401,1757.783,331.466
195.000,9,1128.506,1702.116,114.810
195.000,10,960.626,698.480,515.580
195.000,11,450.497,312.247,280.021
195.000,12,491.216,212.117,581.357
195.000,13,1162.223,187.811,331.340
195.000,14,832.276,505.714,100.557
195.000,15,721.879,1440.896,315.257
195.000,16,140.171,848.026,480.636
195.000,17,620.390,1174.654,425.034
195.000,18,1258.397,1133.191,353.393
195.000,19,284.195,1008.124,255.321
195.000,20,732.577,867.468,569.524
195.000,21,1119.066,1810.170,345.604
195.000,22,830.280,741.805,455.339
195.000,23,232.724,1502.171,300.085
195.000,24,123.203,1332.033,487.305
195.000,25,182.378,1411.712,489.590
195.000,26,975.683,850.001,445.038
195.000,27,1233.231,1527.111,380.562
195.000,28,1207.936,1657.169,199.311
195.000,29,763.590,1100.599,431.842
195.000,30,37.326,1223.959,141.556
195.000,31,250.929,201.338,334.109
195.000,32,380.288,376.465,559.749
195.000,33,1026.370,453.339,476.825
195.000,34,493.330,730.756,283.611
195.000,35,890.618,1111.389,126.989
195.000,36,531.840,1510.111,227.139
195.000,37,265.037,1816.283,571.970
195.000,38,1249.227,1275.377,110.946
195.000,39,1059.615,1104.064,596.770
195.000,40,711.905,1292.078,212.515
195.000,41,808.634,1420.211,290.345
195.000,42,1312.433,1806.059,368.760
195.000,43,203.298,1107.953,498.749
195.000,44,1008.990,1799.966,477.811
195.000,45,317.555,1350.998,135.356
195.000,46,773.552,1549.468,393.843
195.000,47,1168.103,131.634,548.808
195.000,48,37.774,1602.106,439.037
195.000,49,862.168,385.441,474.163
195.000,50,763.027,612.974,311.804
195.000,51,478.125,1318.539,339.709
195.000,52,751.607,879.426,368.838
195.000,53,78.594,1377.726,294.945
195.000,54,167.723,425.196,125.490
195.000,55,709.959,911.122,586.600
195.000,56,813.817,1318.625,465.020
195.000,57,410.908,809.978,146.718
195.000,58,651.042,705.086,125.178
195.000,59,1209.263,927.218,201.871
195.000,60,1309.507,903.971,424.659
195.000,61,1208.415,658.168,584.879
195.000,62,382.738,1835.343,126.556
195.000,63,879.752,497.204,274.925
200.000,0,1247.502,113.656,394.888
200.000,1,1266.112,1591.083,596.057
200.000,2,62.038,505.092,416.687
200.000,3,1057.606,685.627,501.598
200.000,4,11.636,1815.728,249.638
200.000,5,994.793,1878.877,300.848
200.000,6,616.417,1866.309,123.129
200.000,7,465.395,1029.441,518.539
200.000,8,128.087,1829.728,331.067
200.000,9,1217.568,1710.172,118.374
200.000,10,1045.235,772.588,520.237
200.000,11,547.110,322.290,280.254
200.000,12,542.400,104.785,584.742
200.000,13,1284.360,159.406,323.119
200.000,14,814.346,598.824,100.681
200.000,15,709.945,1551.219,320.223
200.000,16,162.725,932.285,478.299
200.000,17,581.976,1248.429,423.787
200.000,18,1211.207,1215.269,355.420
200.000,19,220.933,961.708,252.034
200.000,20,704.193,727.620,573.230
200.000,21,991.541,1745.629,345.698
200.000,22,761.036,700.509,453.776
200.000,23,308.269,1601.662,309.972
200.000,24,142.220,1243.951,479.383
200.000,25,300.178,1404.669,488.991
200.000,26,864.401,868.717,447.388
200.000,27,1252.525,1404.180,373.913
200.000,28,1151.211,1535.204,196.357
200.000,29,807.715,973.008,432.055
200.000,30,55.690,1146.828,144.416
200.000,31,292.649,75.155,335.673
200.000,32,319.255,487.677,565.425
200.000,33,966.943,533.547,481.993
200.000,34,496.224,844.987,278.614
200.000,35,827.643,1019.565,120.626
200.000,36,418.946,1592.755,225.660
200.000,37,338.038,1710.381,571.635
200.000,38,1231.771,1420.548,111.677
200.000,39,1010.801,1166.954,599.364
200.000,40,794.135,1235.267,214.797
200.000,41,781.648,1336.706,289.374
200.000,42,1234.023,1748.020,361.657
200.000,43,178.657,1258.602,501.394
200.000,44,878.984,1792.193,475.479
200.000,45,403.661,1384.781,133.179
200.000,46,877.505,1554.941,394.739
200.000,47,1249.343,184.734,549.500
200.000,48,81.317,1679.878,442.267
200.000,49,933.170,425.647,472.712
200.000,50,751.579,725.675,314.437
200.000,51,371.407,1219.854,344.267
200.000,52,613.311,828.022,366.501
200.000,53,222.416,1358.234,286.907
200.000,54,307.419,411.438,122.773
200.000,55,839.056,960.139,591.326
200.000,56,852.569,1229.443,461.493
200.000,57,508.064,798.104,151.881
200.000,58,567.963,799.347,127.309
200.000,59,1270.555,962.226,206.233
200.000,60,1304.191,812.736,424.788
200.000,61,1212.806,576.148,586.765
200.000,62,479.184,1852.262,120.636
200.000,63,794.265,613.413,278.680
205.000,0,1297.390,127.303,397.096
205.000,1,1280.112,1561.736,594.319
205.000,2,25.966,641.724,409.016
205.000,3,1145.464,576.817,500.259
205.000,4,84.657,1881.449,244.973
205.000,5,861.062,1889.422,294.940
205.000,6,532.728,1840.519,122.698
205.000,7,390.466,1006.123,516.733
205.000,8,68.815,1893.915,331.694
205.000,9,1312.531,1729.952,119.108
205.000,10,1087.610,878.102,521.725
205.000,11,642.413,354.204,279.873
205.000,12,595.994,7.732,588.900
205.000,13,1206.096,154.947,315.467
205.000,14,790.869,696.572,101.423
205.000,15,678.121,1663.688,326.353
205.000,16,189.863,1014.757,473.267
205.000,17,527.151,1311.745,421.015
205.000,18,1168.240,1296.183,357.495
205.000,19,164.412,909.602,250.362
205.000,20,716.181,581.618,574.190
205.000,21,863.369,1664.072,345.509
205.000,22,696.440,650.046,450.583
205.000,23,332.077,1728.264,312.443
205.000,24,136.688,1148.442,472.106
205.000,25,419.635,1396.557,491.177
205.000,26,765.319,916.654,448.724
205.000,27,1300.780,1284.416,368.164
205.000,28,1053.263,1418.572,189.203
205.000,29,887.729,860.757,432.783
205.000,30,120.786,1051.076,148.740
205.000,31,325.741,49.707,336.641
205.000,32,241.123,586.635,569.639
205.000,33,915.981,627.113,487.508
205.000,34,502.696,948.872,274.668
205.000,35,757.784,934.131,118.087
205.000,36,310.458,1675.326,225.474
205.000,37,384.284,1598.398,571.565
205.000,38,1189.847,1562.420,116.571
205.000,39,956.514,1236.203,597.797
205.000,40,858.578,1156.362,216.747
205.000,41,759.839,1259.570,288.103
205.000,42,1158.985,1685.065,355.616
205.000,43,184.664,1412.068,502.913
205.000,44,758.949,1749.786,474.640
205.000,45,479.438,1434.393,127.965
205.000,46,976.526,1552.292,394.455
205.000,47,1311.382,255.342,546.245
205.000,48,175.919,1777.829,443.585
205.000,49,1007.146,464.903,470.184
205.000,50,729.912,839.352,316.353
205.000,51,241.088,1154.575,345.434
205.000,52,472.199,772.392,363.585
205.000,53,366.003,1356.164,281.895
205.000,54,437.968,385.880,120.209
205.000,55,968.582,1023.345,593.741
205.000,56,895.174,1153.552,457.994
205.000,57,603.540,770.132,157.617
205.000,58,468.183,878.705,128.161
205.000,59,1147.753,1022.429,208.901
205.000,60,1275.383,722.728,422.786
205.000,61,1197.434,493.789,589.606
205.000,62,577.233,1866.261,116.204
205.000,63,726.637,745.186,285.202
210.000,0,1227.656,162.725,400.676
210.000,1,1197.109,1555.041,592.018
210.000,2,13.689,780.487,398.113
210.000,3,1234.562,471.257,501.583
210.000,4,159.778,1862.767,241.289
210.000,5,730.725,1896.992,290.723
210.000,6,441.311,1824.395,121.949
210.000,7,322.148,959.355,514.646
210.000,8,8.487,1821.368,332.200
210.000,9,1225.056,1758.424,120.415
210.000,10,1109.547,983.501,524.570
210.000,11,737.237,396.226,281.796
210.000,12,620.534,123.756,593.059
210.000,13,1086.959,183.642,311.065
210.000,14,796.581,782.309,100.988
210.000,15,647.967,1773.961,334.520
210.000,16,227.318,1088.436,466.655
210.000,17,475.404,1376.514,417.789
210.000,18,1123.425,1364.093,357.208
210.000,19,84.845,870.319,248.158
210.000,20,711.386,443.135,577.576
210.000,21,753.286,1568.278,345.279
210.000,22,625.038,598.278,448.831
210.000,23,376.869,1858.742,313.582
210.000,24,138.169,1053.395,464.958
210.000,25,533.981,1394.580,489.900
210.000,26,658.500,962.612,450.461
210.000,27,1250.815,1173.301,364.591
210.000,28,951.128,1301.891,187.259
210.000,29,966.758,756.934,431.042
210.000,30,182.824,950.954,152.363
210.000,31,353.910,176.150,336.843
210.000,32,150.669,675.487,569.561
210.000,33,859.297,728.718,492.138
210.000,34,498.827,1051.333,275.325
210.000,35,692.730,846.409,119.915
210.000,36,211.443,1778.087,225.660
210.000,37,418.615,1478.291,570.219
210.000,38,1193.856,1704.374,120.016
210.000,39,903.482,1299.820,594.818
210.000,40,929.437,1088.555,219.771
210.000,41,736.259,1190.299,287.709
210.000,42,1081.933,1625.824,349.568
210.000,43,153.166,1563.086,508.225
210.000,44,649.012,1717.178,473.279
210.000,45,573.811,1479.457,126.982
210.000,46,1069.910,1554.713,395.613
210.000,47,1221.568,290.332,545.077
210.000,48,258.118,1883.997,444.351
210.000,49,1084.640,502.180,467.008
210.000,50,714.862,952.017,322.799
210.000,51,143.930,1052.975,346.638
210.000,52,346.094,693.151,361.185
210.000,53,503.253,1315.118,278.849
210.000,54,562.852,358.270,113.943
210.000,55,1073.019,1117.947,597.426
210.000,56,960.442,1091.257,456.994
210.000,57,701.855,759.313,161.769
210.000,58,357.676,935.871,129.729
210.000,59,1032.740,1102.305,214.381
210.000,60,1255.485,630.845,418.372
210.000,61,1178.904,413.256,591.925
210.000,62,666.264,1879.888,113.112
210.000,63,658.318,878.475,288.070
215.000,0,1164.417,204.867,403.470
215.000,1,1117.627,1543.574,591.926
215.000,2,3.584,916.335,388.880
215.000,3,1293.167,384.158,503.755
215.000,4,240.876,1812.196,238.897
215.000,5,604.783,1898.091,286.894
215.000,6,355.082,1817.456,122.565
215.000,7,241.606,930.448,509.348
215.000,8,98.949,1769.896,335.284
215.000,9,1132.884,1780.603,123.335
215.000,10,1155.170,1082.930,530.636
215.000,11,844.879,423.083,286.283
215.000,12,640.108,243.123,598.956
215.000,13,961.970,201.636,303.947
215.000,14,794.629,873.649,100.274
215.000,15,651.176,1891.305,340.012
215.000,16,262.441,1169.223,462.390
215.000,17,410.206,1439.212,416.267
215.000,18,1044.484,1399.938,357.931
215.000,19,19.151,822.334,245.603
215.000,20,733.360,312.246,581.351
215.000,21,648.419,1471.873,345.338
215.000,22,564.860,543.464,447.556
215.000,23,420.210,1797.953,315.152
215.000,24,136.272,970.899,457.477
215.000,25,643.439,1360.373,487.588
215.000,26,557.687,1025.906,450.485
215.000,27,1168.449,1064.247,362.942
215.000,28,911.996,1159.970,183.185
215.000,29,1016.671,627.871,428.846
215.000,30,257.876,861.317,155.389
215.000,31,364.222,310.021,336.374
215.000,32,75.326,767.578,567.574
215.000,33,808.225,831.479,497.572
215.000,34,488.396,1168.439,272.721
215.000,35,621.039,767.146,119.498
215.000,36,125.012,1880.670,222.403
215.000,37,426.919,1354.227,570.303
215.000,38,1209.473,1854.901,119.613
215.000,39,845.667,1344.019,590.875
215.000,40,983.547,1001.713,223.215
215.000,41,724.938,1109.687,288.270
215.000,42,1002.635,1579.563,341.564
215.000,43,137.187,1708.348,513.190
215.000,44,529.041,1690.490,470.529
215.000,45,672.704,1507.807,125.114
215.000,46,1167.811,1563.929,396.122
215.000,47,1124.205,304.230,546.068
215.000,48,375.222,1844.558,445.795
215.000,49,1161.099,557.701,466.616
215.000,50,702.330,1062.459,328.161
215.000,51,58.325,940.596,349.900
215.000,52,210.139,640.047,353.884
215.000,53,622.239,1252.221,270.448
215.000,54,685.462,317.541,107.323
215.000,55,1184.148,1197.531,597.021
215.000,56,1026.166,1030.636,458.168
215.000,57,798.329,737.490,164.516
215.000,58,241.421,993.386,129.876
215.000,59,920.898,1188.088,222.509
215.000,60,1271.519,540.145,413.073
215.000,61,1176.621,338.958,594.268
215.000,62,763.960,1880.305,110.533
215.000,63,563.643,972.954,291.538
220.000,0,1108.805,254.038,406.789
220.000,1,1045.745,1523.245,590.658
220.000,2,4.265,1050.197,387.226
220.000,3,1205.747,271.499,498.721
220.000,4,323.469,1756.108,237.790
220.000,5,482.534,1853.456,283.421
220.000,6,264.516,1807.957,123.827
220.000,7,155.819,945.106,501.917
220.000,8,193.982,1742.729,338.387
220.000,9,1037.682,1759.733,127.176
220.000,10,1188.524,1183.495,536.335
220.000,11,949.511,436.042,289.636
220.000,12,659.695,361.833,595.899
220.000,13,833.545,204.839,296.722
220.000,14,772.548,969.061,103.307
220.000,15,615.784,1797.316,342.302
220.000,16,287.908,1246.925,460.845
220.000,17,342.274,1507.423,413.812
220.000,18,976.615,1448.647,360.966
220.000,19,77.832,795.638,242.896
220.000,20,757.377,176.959,584.849
220.000,21,552.083,1372.149,347.720
220.000,22,504.406,489.212,446.844
220.000,23,451.178,1652.758,315.477
220.000,24,133.986,888.663,450.953
220.000,25,758.616,1310.438,484.082
220.000,26,439.097,1037.612,450.041
220.000,27,1097.661,945.218,357.403
220.000,28,852.611,1025.312,180.017
220.000,29,1047.094,488.335,425.481
220.000,30,339.603,773.425,158.120
220.000,31,391.236,440.052,337.245
220.000,32,6.298,855.924,567.751
220.000,33,744.066,923.392,500.445
220.000,34,427.608,1278.309,268.253
220.000,35,575.039,668.119,119.257
220.000,36,18.476,1838.897,223.055
220.000,37,441.738,1235.518,573.704
220.000,38,1230.749,1799.350,120.916
220.000,39,800.743,1402.022,590.272
220.000,40,1039.456,924.084,226.054
220.000,41,725.632,1026.144,290.276
220.000,42,915.611,1555.795,336.460
220.000,43,166.960,1847.487,512.774
220.000,44,394.382,1649.687,469.149
220.000,45,766.465,1501.681,124.710
220.000,46,1261.753,1553.498,398.278
220.000,47,1043.675,350.280,547.312
220.000,48,474.713,1752.198,443.811
220.000,49,1234.861,598.498,466.480
220.000,50,698.400,1168.453,330.973
220.000,51,24.576,816.867,352.891
220.000,52,90.350,563.445,347.577
220.000,53,735.070,1183.969,263.265
220.000,54,813.823,287.226,101.691
220.000,55,1292.594,1281.476,594.724
220.000,56,1072.248,958.349,459.192
220.000,57,887.939,700.917,164.492
220.000,58,130.533,1056.303,126.900
220.000,59,813.939,1293.136,226.521
220.000,60,1264.468,443.185,409.952
220.000,61,1163.915,263.374,596.350
220.000,62,858.714,1854.079,104.762
220.000,63,473.913,1078.942,297.478
225.000,0,1051.116,298.457,410.336
225.000,1,974.628,1511.381,588.210
225.000,2,23.689,1181.987,387.908
225.000,3,1129.481,142.391,494.863
225.000,4,408.712,1715.567,235.408
225.000,5,354.705,1802.007,281.718
225.000,6,179.361,1805.060,125.443
225.000,7,79.297,933.950,497.879
225.000,8,279.875,1708.573,340.492
225.000,9,931.038,1757.736,131.889
225.000,10,1224.120,1270.737,539.213
225.000,11,1049.010,464.666,292.693
225.000,12,678.394,496.209,592.322
225.000,13,712.989,218.612,290.067
225.000,14,761.213,1066.609,105.587
225.000,15,566.215,1684.004,345.049
225.000,16,323.676,1320.893,459.538
225.000,17,293.976,1578.610,411.068
225.000,18,901.271,1501.400,366.144
225.000,19,166.089,769.366,243.572
225.000,20,734.374,36.224,585.705
225.000,21,438.524,1284.123,352.436
225.000,22,443.804,438.591,443.612
225.000,23,507.061,1516.620,318.039
225.000,24,143.122,794.055,445.347
225.000,25,870.772,1281.983,481.286
225.000,26,324.123,1053.320,450.149
225.000,27,1033.638,828.763,354.045
225.000,28,822.240,876.776,180.203
225.000,29,1087.370,354.723,422.526
225.000,30,394.226,664.842,161.853
225.000,31,445.318,559.161,333.288
225.000,32,49.523,966.889,569.589
225.000,33,681.027,1017.621,504.802
225.000,34,398.536,1388.443,266.867
225.000,35,521.229,568.910,118.968
225.000,36,100.719,1734.897,223.617
225.000,37,482.104,1119.500,577.315
225.000,38,1272.590,1666.440,125.668
225.000,39,781.344,1479.619,586.412
225.000,40,1106.197,850.577,228.100
225.000,41,726.134,934.955,292.396
225.000,42,827.412,1515.334,332.362
225.000,43,149.364,1796.948,508.758
225.000,44,275.457,1604.214,467.436
225.000,45,860.946,1527.046,122.015
225.000,46,1261.627,1543.991,399.009
225.000,47,971.108,396.300,546.713
225.000,48,568.265,1657.744,441.329
225.000,49,1310.861,621.616,463.409
225.000,50,711.397,1283.665,334.135
225.000,51,99.569,682.993,358.566
225.000,52,62.314,489.685,342.002
225.000,53,852.507,1122.613,259.325
225.000,54,955.213,279.886,111.045
225.000,55,1225.757,1362.045,594.723
225.000,56,1135.250,893.306,459.173
225.000,57,987.434,663.271,166.013
225.000,58,34.329,1133.704,126.425
225.000,59,709.294,1400.869,226.441
225.000,60,1268.123,344.934,407.072
225.000,61,1152.760,184.052,597.173
225.000,62,948.302,1836.924,100.887
225.000,63,376.209,1186.923,303.717
230.000,0,989.474,333.493,412.757
230.000,1,905.239,1484.829,586.733
230.000,2,72.601,1304.094,389.993
230.000,3,1059.383,19.027,488.795
230.000,4,513.128,1681.498,232.892
230.000,5,229.482,1769.561,283.492
230.000,6,94.711,1802.901,124.945
230.000,7,3.652,913.440,492.778
230.000,8,358.253,1666.156,343.381
230.000,9,832.555,1771.456,132.995
230.000,10,1288.394,1347.033,541.961
230.000,11,1161.263,484.835,296.869
230.000,12,740.168,611.989,595.715
230.000,13,597.979,261.905,281.770
230.000,14,748.810,1173.259,103.844
230.000,15,508.925,1582.992,346.947
230.000,16,360.558,1391.617,458.254
230.000,17,251.748,1648.181,409.297
230.000,18,834.530,1556.834,367.279
230.000,19,248.414,731.916,243.905
230.000,20,754.912,118.579,587.258
230.000,21,317.462,1206.107,351.567
230.000,22,373.569,394.720,441.228
230.000,23,538.588,1380.493,317.241
230.000,24,126.639,707.306,442.803
230.000,25,980.905,1273.547,480.648
230.000,26,214.252,1081.568,453.560
230.000,27,984.964,703.446,349.787
230.000,28,774.881,739.229,179.047
230.000,29,1152.326,224.186,416.174
230.000,30,473.802,583.383,164.837
230.000,31,496.572,677.917,329.186
230.000,32,125.057,1071.264,568.504
230.000,33,614.251,1115.620,508.510
230.000,34,397.978,1502.387,263.877
230.000,35,465.803,466.332,115.768
230.000,36,203.204,1642.928,223.493
230.000,37,549.491,1013.692,578.921
230.000,38,1301.677,1531.241,130.268
230.000,39,768.207,1556.634,582.389
230.000,40,1192.912,792.516,231.541
230.000,41,718.015,841.586,292.969
230.000,42,750.745,1473.226,327.980
230.000,43,94.584,1664.265,506.125
230.000,44,161.906,1558.955,462.002
230.000,45,951.086,1570.175,118.536
230.000,46,1172.889,1548.045,398.938
230.000,47,889.429,433.604,547.117
230.000,48,656.674,1561.430,441.534
230.000,49,1244.437,679.559,461.906
230.000,50,732.716,1399.337,338.374
230.000,51,191.416,567.284,359.261
230.000,52,185.823,397.921,336.628
230.000,53,980.736,1070.171,254.439
230.000,54,1099.357,281.604,120.256
230.000,55,1147.621,1460.629,594.185
230.000,56,1199.720,832.219,455.990
230.000,57,1090.232,670.362,169.465
230.000,58,78.726,1203.137,125.814
230.000,59,584.720,1492.608,227.774
230.000,60,1275.940,250.022,406.163
230.000,61,1134.125,97.301,597.253
230.000,62,1041.098,1830.485,106.422
230.000,63,286.342,1297.869,311.159
235.000,0,920.542,367.605,413.045
235.000,1,837.755,1461.602,586.812
235.000,2,92.309,1431.644,393.198
235.000,3,987.679,122.936,484.569
235.000,4,609.223,1639.417,227.835
235.000,5,91.000,1755.646,285.332
235.000,6,7.772,1789.271,123.409
235.000,7,82.047,902.333,489.808
235.000,8,433.872,1631.832,345.198
235.000,9,741.406,1804.382,132.502
235.000,10,1280.779,1429.815,544.525
235.000,11,1265.690,515.825,298.981
235.000,12,802.677,719.499,597.819
235.000,13,485.346,289.706,272.944
235.000,14,739.795,1259.204,104.874
235.000,15,475.374,1472.502,346.818
235.000,16,376.435,1463.416,456.393
235.000,17,209.040,1719.473,405.980
235.000,18,777.267,1626.339,369.703
235.000,19,326.583,701.231,242.719
235.000,20,786.599,254.377,585.684
235.000,21,210.821,1101.736,353.511
235.000,22,311.228,358.027,438.458
235.000,23,554.578,1240.261,319.087
235.000,24,97.980,621.612,439.473
235.000,25,1089.793,1264.415,479.965
235.000,26,105.170,1125.048,456.857
235.000,27,937.063,563.689,347.038
235.000,28,733.900,602.586,173.476
235.000,29,1233.263,121.482,413.050
235.000,30,553.215,501.368,168.695
235.000,31,554.631,789.765,325.364
235.000,32,198.097,1171.208,565.921
235.000,33,525.999,1196.277,513.740
235.000,34,381.371,1620.832,258.946
235.000,35,404.749,382.673,113.036
235.000,36,322.803,1575.880,225.177
235.000,37,602.027,902.963,581.276
235.000,38,1296.660,1397.727,134.382
235.000,39,732.685,1626.016,579.359
235.000,40,1262.248,716.513,234.376
235.000,41,701.222,752.587,293.334
235.000,42,673.295,1435.442,323.699
235.000,43,13.961,1544.962,506.293
235.000,44,40.383,1525.374,457.961
235.000,45,1040.906,1596.051,117.408
235.000,46,1080.790,1542.248,400.653
235.000,47,804.056,466.704,546.489
235.000,48,746.847,1472.661,440.828
235.000,49,1186.437,752.866,460.356
235.000,50,752.815,1511.276,340.987
235.000,51,279.111,450.394,363.678
235.000,52,302.211,316.643,329.038
235.000,53,1118.425,1046.514,257.216
235.000,54,1231.498,230.040,124.671
235.000,55,1068.687,1568.065,593.331
235.000,56,1274.485,775.983,448.824
235.000,57,1183.882,641.968,173.050
235.000,58,183.459,1262.325,128.323
235.000,59,444.054,1545.749,230.644
235.000,60,1283.774,155.560,408.052
235.000,61,1154.945,5.819,597.481
235.000,62,1129.498,1801.192,108.726
235.000,63,175.360,1406.373,317.461
240.000,0,848.958,380.065,414.682
240.000,1,769.809,1439.933,586.876
240.000,2,123.512,1576.809,394.554
240.000,3,911.629,245.532,479.008
240.000,4,680.938,1570.248,222.988
240.000,5,39.246,1722.152,282.517
240.000,6,91.825,1764.226,124.357
240.000,7,156.102,894.263,487.779
240.000,8,506.137,1579.530,348.304
240.000,9,656.962,1831.511,130.626
240.000,10,1246.286,1526.011,549.754
240.000,11,1246.220,550.704,299.328
240.000,12,846.581,827.936,597.994
240.000,13,363.864,312.446,264.554
240.000,14,734.813,1347.957,105.931
240.000,15,480.459,1363.240,348.018
240.000,16,366.698,1540.393,453.103
240.000,17,194.998,1798.038,402.198
240.000,18,726.473,1692.467,370.205
240.000,19,404.811,681.686,240.995
240.000,20,800.447,388.313,587.359
240.000,21,115.752,1004.847,355.258
240.000,22,255.177,299.667,433.527
240.000,23,605.145,1117.387,320.744
240.000,24,84.617,528.430,435.021
240.000,25,1202.143,1228.504,477.884
240.000,26,11.064,1142.764,457.198
240.000,27,910.334,421.511,342.654
240.000,28,715.532,463.721,170.489
240.000,29,1289.489,5.409,411.516
240.000,30,630.557,408.977,173.397
240.000,31,602.674,912.424,319.963
240.000,32,243.277,1271.340,564.953
240.000,33,446.801,1278.280,518.971
240.000,34,356.336,1736.903,255.822
240.000,35,330.618,313.000,110.402
240.000,36,443.583,1502.736,227.386
240.000,37,647.325,790.694,583.402
240.000,38,1252.000,1263.258,137.754
240.000,39,681.211,1686.791,576.748
240.000,40,1298.352,628.123,240.309
240.000,41,663.974,671.556,292.242
240.000,42,594.069,1395.465,319.692
240.000,43,27.708,1399.008,504.207
240.000,44,119.177,1513.493,453.857
240.000,45,1122.053,1646.860,118.022
240.000,46,984.624,1548.477,400.650
240.000,47,729.048,526.153,543.572
240.000,48,861.360,1403.909,437.770
240.000,49,1128.251,817.985,457.473
240.000,50,743.710,1630.350,343.970
240.000,51,342.737,314.224,366.917
240.000,52,414.452,232.270,321.573
240.000,53,1253.155,1028.830,255.646
240.000,54,1256.931,206.545,131.526
240.000,55,990.289,1687.135,591.943
240.000,56,1263.862,720.708,444.395
240.000,57,1285.943,620.534,176.858
240.000,58,290.048,1319.865,131.937
240.000,59,305.803,1610.196,237.145
240.000,60,1294.196,61.312,408.810
240.000,61,1138.220,79.979,598.594
240.000,62,1224.223,1769.626,112.705
240.000,63,104.250,1532.357,325.290
245.000,0,776.043,407.504,417.218
245.000,1,690.088,1418.594,585.013
245.000,2,182.244,1714.555,397.773
245.000,3,815.638,360.130,473.373
245.000,4,735.882,1491.900,216.523
245.000,5,158.093,1729.088,281.196
245.000,6,175.421,1734.375,127.644
245.000,7,232.208,878.580,485.689
245.000,8,595.977,1531.862,352.507
245.000,9,578.440,1879.444,131.262
245.000,10,1225.922,1631.406,556.144
245.000,11,1141.674,588.908,299.506
245.000,12,875.052,945.522,595.490
245.000,13,253.281,360.848,258.060
245.000,14,734.196,1442.684,108.036
245.000,15,464.065,1253.238,351.676
245.000,16,381.118,1615.550,452.144
245.000,17,161.799,1871.261,401.263
245.000,18,663.955,1740.889,372.846
245.000,19,497.325,678.936,238.403
245.000,20,824.716,513.730,589.411
245.000,21,34.938,899.695,355.829
245.000,22,197.172,239.977,428.761
245.000,23,672.708,1005.380,320.878
245.000,24,83.318,425.626,429.184
245.000,25,1297.219,1216.013,476.386
245.000,26,127.611,1165.164,457.723
245.000,27,880.081,290.952,338.496
245.000,28,701.061,330.576,165.300
245.000,29,1277.453,127.509,405.790
245.000,30,675.836,298.296,177.527
245.000,31,624.015,1048.908,316.030
245.000,32,268.464,1385.402,562.817
245.000,33,371.494,1368.314,523.222
245.000,34,320.153,1845.180,254.332
245.000,35,267.958,231.977,109.060
245.000,36,554.313,1416.966,231.891
245.000,37,703.095,679.756,583.395
245.000,38,1190.810,1132.596,142.197
245.000,39,631.151,1751.791,572.939
245.000,40,1225.125,548.885,243.784
245.000,41,631.558,597.080,290.762
245.000,42,507.541,1365.828,315.617
245.000,43,84.484,1252.073,502.472
245.000,44,246.897,1471.819,452.201
245.000,45,1189.978,1708.781,118.883
245.000,46,888.310,1561.057,402.449
245.000,47,665.233,600.169,540.788
245.000,48,964.332,1297.981,437.845
245.000,49,1068.189,882.166,451.715
245.000,50,751.043,1749.980,346.674
245.000,51,405.762,188.937,366.144
245.000,52,537.421,169.166,313.441
245.000,53,1222.896,997.415,250.504
245.000,54,1124.269,222.237,136.341
245.000,55,917.518,1816.166,599.377
245.000,56,1190.414,667.435,441.928
245.000,57,1226.726,620.347,180.870
245.000,58,399.910,1363.641,133.279
245.000,59,176.485,1700.802,244.083
245.000,60,1299.933,44.009,409.317
245.000,61,1116.900,153.803,599.909
245.000,62,1286.421,1766.805,116.930
245.000,63,56.894,1668.471,330.992
250.000,0,699.815,438.208,419.905
250.000,1,615.116,1393.407,583.506
250.000,2,262.353,1839.310,400.964
250.000,3,724.419,476.254,468.286
250.000,4,797.272,1416.394,210.025
250.000,5,282.423,1737.719,277.561
250.000,6,259.046,1695.901,129.284
250.000,7,307.404,853.805,485.035
250.000,8,687.537,1485.063,356.086
250.000,9,493.593,1902.260,128.796
250.000,10,1173.563,1727.063,562.120
250.000,11,1038.948,626.582,297.936
250.000,12,914.113,1060.027,591.001
250.000,13,137.088,419.915,250.730
250.000,14,747.108,1531.376,109.610
250.000,15,448.142,1133.586,357.009
250.000,16,415.767,1692.033,450.721
250.000,17,126.149,1854.731,400.286
250.000,18,617.045,1807.106,378.063
250.000,19,591.209,684.337,236.297
250.000,20,834.633,648.743,594.719
250.000,21,56.804,802.173,354.228
250.000,22,143.367,169.098,425.072
250.000,23,755.039,912.294,325.275
250.000,24,61.535,332.466,428.124
250.000,25,1179.436,1217.128,475.311
250.000,26,243.548,1173.159,462.271
250.000,27,848.946,162.623,332.838
250.000,28,618.166,214.478,163.258
250.000,29,1201.302,238.374,398.034
250.000,30,739.949,200.291,179.188
250.000,31,669.944,1172.166,314.006
250.000,32,308.917,1503.950,561.291
250.000,33,291.175,1451.975,524.720
250.000,34,292.952,1839.531,249.188
250.000,35,214.485,145.201,105.299
250.000,36,651.874,1320.286,232.758
250.000,37,752.906,565.429,584.144
250.000,38,1147.626,987.159,145.901
250.000,39,591.720,1819.033,570.045
250.000,40,1158.030,461.954,247.865
250.000,41,616.860,516.927,290.847
250.000,42,426.476,1341.772,308.588
250.000,43,128.198,1102.883,499.861
250.000,44,363.084,1416.325,449.682
250.000,45,1267.719,1755.539,117.714
250.000,46,799.460,1577.903,405.458
250.000,47,577.572,649.877,538.400
250.000,48,1073.671,1199.460,439.100
250.000,49,1002.490,935.079,448.131
250.000,50,750.893,1865.624,346.903
250.000,51,441.320,54.506,361.537
250.000,52,663.816,95.350,302.715
250.000,53,1083.499,990.530,246.328
250.000,54,985.370,227.507,142.745
250.000,55,800.272,1887.907,596.907
250.000,56,1118.961,606.086,437.102
250.000,57,1133.859,607.750,182.617
250.000,58,514.982,1392.713,132.711
250.000,59,58.215,1792.299,252.440
250.000,60,1270.489,128.166,409.148
250.000,61,1110.916,218.150,599.585
250.000,62,1187.815,1779.007,121.300
250.000,63,5.560,1804.776,336.628
255.000,0,619.056,452.993,421.385
255.000,1,541.491,1376.090,582.390
255.000,2,311.175,1815.590,398.691
255.000,3,626.901,586.740,465.996
255.000,4,881.901,1364.700,206.554
255.000,5,411.246,1750.457,272.403
255.000,6,338.298,1655.567,128.373
255.000,7,381.721,850.522,483.668
255.000,8,763.217,1423.580,358.153
255.000,9,413.639,1889.461,127.739
255.000,10,1113.235,1817.362,566.182
255.000,11,956.863,678.828,298.694
255.000,12,973.331,1166.839,587.977
255.000,13,8.042,447.205,248.156
255.000,14,733.765,1619.261,109.066
255.000,15,418.228,1012.197,358.656
255.000,16,463.087,1761.243,448.112
255.000,17,75.925,1783.704,400.531
255.000,18,589.047,1883.352,381.801
255.000,19,681.839,699.123,236.688
255.000,20,867.464,782.499,599.106
255.000,21,161.514,733.230,354.306
255.000,22,82.182,110.545,422.815
255.000,23,839.308,813.562,327.928
255.000,24,29.221,243.894,426.953
255.000,25,1060.363,1239.697,473.930
255.000,26,349.036,1149.431,465.688
255.000,27,808.363,34.858,328.291
255.000,28,532.516,100.349,163.949
255.000,29,1132.370,354.491,388.545
255.000,30,837.374,127.711,181.189
255.000,31,696.456,1291.766,316.968
255.000,32,359.278,1619.601,558.319
255.000,33,218.411,1556.193,528.589
255.000,34,289.319,1718.729,242.139
255.000,35,139.724,65.976,101.615
255.000,36,760.040,1232.372,231.879
255.000,37,806.166,448.889,583.325
255.000,38,1121.270,842.606,151.270
255.000,39,562.104,1890.425,565.707
255.000,40,1093.964,379.562,249.720
255.000,41,607.344,439.240,292.336
255.000,42,351.531,1338.801,305.022
255.000,43,141.128,956.334,497.491
255.000,44,474.260,1403.286,447.755
255.000,45,1251.463,1787.676,114.183
255.000,46,718.211,1589.606,406.034
255.000,47,481.049,674.134,536.817
255.000,48,1187.014,1119.793,440.246
255.000,49,932.929,976.478,444.316
255.000,50,790.112,1819.609,349.192
255.000,51,498.378,94.245,359.838
255.000,52,772.236,12.863,291.635
255.000,53,942.532,1005.077,239.530
255.000,54,849.483,209.671,148.036
255.000,55,686.839,1830.375,595.869
255.000,56,1055.030,537.572,433.894
255.000,57,1046.951,600.233,185.864
255.000,58,618.906,1453.343,129.189
255.000,59,81.318,1865.230,257.909
255.000,60,1238.654,210.286,407.196
255.000,61,1099.119,284.845,599.791
255.000,62,1089.045,1767.391,128.763
255.000,63,111.870,1888.303,342.523
260.000,0,537.479,469.999,422.514
260.000,1,468.080,1346.270,583.584
260.000,2,370.702,1695.328,394.204
260.000,3,550.503,701.986,463.433
260.000,4,962.248,1315.230,203.367
260.000,5,546.525,1739.295,267.796
260.000,6,415.668,1636.653,126.629
260.000,7,459.989,838.678,481.642
260.000,8,832.107,1348.143,360.295
260.000,9,321.494,1872.616,125.796
260.000,10,1033.431,1891.428,568.034
260.000,11,857.549,693.925,299.002
260.000,12,1009.085,1279.111,586.626
260.000,13,129.458,475.155,245.490
260.000,14,720.203,1713.524,111.097
260.000,15,386.301,898.676,359.478
260.000,16,511.773,1826.850,446.776
260.000,17,28.104,1700.237,396.560
260.000,18,553.985,1844.607,385.393
260.000,19,772.476,696.469,237.840
260.000,20,873.556,930.200,598.799
260.000,21,274.439,667.871,352.465
260.000,22,12.909,62.325,420.249
260.000,23,911.077,702.119,331.892
260.000,24,14.899,157.064,427.853
260.000,25,944.999,1198.987,473.295
260.000,26,457.571,1122.455,463.558
260.000,27,765.118,86.375,323.910
260.000,28,473.641,44.918,162.008
260.000,29,1082.340,472.508,380.627
260.000,30,920.065,43.335,184.818
260.000,31,747.277,1402.289,314.755
260.000,32,431.345,1712.390,556.464
260.000,33,161.938,1664.692,529.182
260.000,34,314.138,1608.268,236.021
260.000,35,73.765,30.426,102.406
260.000,36,865.078,1141.871,226.661
260.000,37,840.457,330.058,584.554
260.000,38,1087.361,711.356,152.849
260.000,39,522.099,1847.414,563.774
260.000,40,1029.004,300.053,252.857
260.000,41,603.765,358.393,294.131
260.000,42,270.870,1332.143,300.455
260.000,43,161.084,803.630,493.612
260.000,44,587.317,1382.044,445.478
260.000,45,1158.174,1800.236,111.824
260.000,46,630.925,1588.131,405.306
260.000,47,396.757,706.541,534.163
260.000,48,1295.885,1044.467,440.363
260.000,49,882.424,1039.115,441.864
260.000,50,804.862,1704.030,350.121
260.000,51,563.284,211.720,357.102
260.000,52,893.462,73.131,283.855
260.000,53,801.732,1023.755,232.340
260.000,54,726.288,195.336,152.918
260.000,55,563.908,1779.217,594.379
260.000,56,985.424,477.747,431.191
260.000,57,960.421,616.717,190.827
260.000,58,726.533,1486.748,123.800
260.000,59,201.027,1842.379,261.271
260.000,60,1218.097,294.599,404.962
260.000,61,1096.016,356.601,597.946
260.000,62,991.155,1764.681,133.915
260.000,63,213.218,1782.058,351.811
265.000,0,466.224,483.270,424.580
265.000,1,404.121,1305.235,585.474
265.000,2,422.342,1568.235,389.229
265.000,3,456.533,813.517,464.914
265.000,4,1031.999,1258.241,200.999
265.000,5,675.524,1741.546,265.086
265.000,6,495.249,1609.900,125.499
265.000,7,537.552,805.664,480.273
265.000,8,915.647,1277.752,364.568
265.000,9,228.934,1862.083,126.584
265.000,10,991.033,1800.878,567.957
265.000,11,756.321,711.952,301.112
265.000,12,1055.972,1391.199,582.692
265.000,13,253.140,485.556,239.278
265.000,14,699.486,1806.076,113.382
265.000,15,386.103,782.847,359.947
265.000,16,567.068,1889.687,447.047
265.000,17,5.380,1614.375,391.539
265.000,18,496.754,1780.337,390.396
265.000,19,855.058,659.830,237.677
265.000,20,903.486,1064.189,590.707
265.000,21,372.118,567.896,353.831
265.000,22,60.328,9.917,417.492
265.000,23,969.394,582.880,336.303
265.000,24,1.334,67.572,427.760
265.000,25,833.823,1171.811,468.790
265.000,26,577.597,1108.085,462.157
265.000,27,695.513,196.598,322.719
265.000,28,389.965,172.354,158.383
265.000,29,1020.523,583.178,374.238
265.000,30,999.478,43.045,186.644
265.000,31,792.623,1517.369,310.707
265.000,32,500.323,1805.914,555.188
265.000,33,112.376,1766.355,529.910
265.000,34,331.267,1500.093,230.080
265.000,35,29.491,133.532,107.820
265.000,36,988.310,1066.594,224.622
265.000,37,865.865,216.082,585.734
265.000,38,1109.479,573.014,157.053
265.000,39,465.243,1789.415,561.914
265.000,40,925.962,244.897,257.643
265.000,41,599.536,280.809,292.464
265.000,42,189.721,1308.250,297.090
265.000,43,177.973,643.244,493.992
265.000,44,704.782,1352.171,441.372
265.000,45,1061.409,1788.900,110.363
265.000,46,548.570,1621.617,404.948
265.000,47,316.604,745.726,531.534
265.000,48,1206.940,974.190,442.733
265.000,49,824.141,1107.771,440.557
265.000,50,790.558,1584.319,351.076
265.000,51,666.182,310.679,351.409
265.000,52,1024.082,153.729,278.294
265.000,53,666.742,1016.373,223.875
265.000,54,590.834,205.727,158.037
265.000,55,447.307,1715.008,592.808
265.000,56,920.115,405.392,428.137
265.000,57,870.831,623.132,195.686
265.000,58,843.387,1540.323,123.660
265.000,59,333.685,1775.557,264.035
265.000,60,1213.679,383.987,403.920
265.000,61,1114.111,430.708,596.805
265.000,62,901.209,1747.143,139.227
265.000,63,310.642,1677.537,360.989
270.000,0,395.553,512.208,429.638
270.000,1,328.245,1284.831,586.392
270.000,2,484.020,1446.040,385.939
270.000,3,357.496,932.089,460.516
270.000,4,1093.247,1195.868,198.095
270.000,5,807.105,1745.564,260.052
270.000,6,582.877,1589.335,125.815
270.000,7,612.228,761.428,475.694
270.000,8,980.145,1212.785,367.246
270.000,9,143.285,1863.877,126.814
270.000,10,961.749,1697.800,567.087
270.000,11,654.404,715.444,303.308
270.000,12,1121.979,1499.166,576.560
270.000,13,371.462,496.855,232.314
270.000,14,708.571,1886.223,114.818
270.000,15,383.869,663.973,360.161
270.000,16,610.851,1841.867,445.854
270.000,17,40.275,1551.090,389.859
270.000,18,455.217,1705.642,395.601
270.000,19,942.387,618.065,234.683
270.000,20,931.370,1198.529,582.169
270.000,21,456.552,456.874,353.842
270.000,22,130.450,34.801,414.717
270.000,23,1036.603,467.229,342.196
270.000,24,11.524,36.199,424.174
270.000,25,712.221,1157.642,466.426
270.000,26,702.418,1110.217,468.227
270.000,27,643.104,308.916,320.776
270.000,28,333.710,295.742,159.419
270.000,29,953.537,691.753,365.891
270.000,30,1072.610,113.213,186.926
270.000,31,795.872,1644.987,308.348
270.000,32,570.349,1888.050,553.847
270.000,33,80.927,1877.133,531.695
270.000,34,354.394,1391.834,225.111
270.000,35,49.683,225.991,111.418
270.000,36,1100.170,983.176,224.915
270.000,37,905.008,112.776,587.328
270.000,38,1108.656,435.811,157.438
270.000,39,412.023,1729.352,559.513
270.000,40,838.694,188.065,262.032
270.000,41,607.243,193.336,291.871
270.000,42,114.864,1278.661,294.215
270.000,43,211.406,497.729,491.771
270.000,44,822.016,1337.094,435.612
270.000,45,978.489,1819.633,105.684
270.000,46,463.387,1656.612,406.644
270.000,47,246.982,806.653,530.429
270.000,48,1093.905,911.691,445.066
270.000,49,770.818,1172.809,437.089
270.000,50,780.743,1460.384,353.670
270.000,51,729.354,436.237,347.694
270.000,52,1162.437,222.489,272.584
270.000,53,531.982,997.624,215.439
270.000,54,465.769,213.363,159.866
270.000,55,362.176,1603.219,592.869
270.000,56,845.536,351.834,428.203
270.000,57,781.722,607.136,202.556
270.000,58,932.134,1621.858,124.956
270.000,59,476.830,1714.707,265.246
270.000,60,1217.637,480.716,403.504
270.000,61,1135.165,502.625,597.055
270.000,62,816.445,1712.284,145.738
270.000,63,409.899,1570.395,366.376
275.000,0,335.985,542.996,434.045
275.000,1,264.774,1247.034,584.580
275.000,2,553.979,1331.144,383.633
275.000,3,258.071,1057.928,459.657
275.000,4,1162.663,1137.294,195.167
275.000,5,931.235,1682.790,254.809
275.000,6,665.012,1572.628,125.785
275.000,7,689.290,717.773,472.440
275.000,8,1055.990,1165.051,368.461
275.000,9,56.603,1867.438,127.123
275.000,10,897.537,1614.319,570.921
275.000,11,547.223,721.744,307.806
275.000,12,1200.876,1596.920,572.824
275.000,13,494.063,473.812,223.154
275.000,14,675.916,1804.754,114.976
275.000,15,353.170,555.953,363.681
275.000,16,631.232,1760.377,441.447
275.000,17,95.167,1485.563,386.350
275.000,18,400.248,1634.818,398.356
275.000,19,1030.151,578.530,232.710
275.000,20,924.221,1325.388,578.063
275.000,21,533.822,349.598,357.650
275.000,22,202.748,84.091,413.860
275.000,23,1093.467,354.384,349.724
275.000,24,26.430,131.447,419.703
275.000,25,585.243,1142.425,463.315
275.000,26,823.844,1128.155,471.010
275.000,27,603.638,436.003,315.598
275.000,28,285.732,426.176,158.510
275.000,29,910.362,803.388,357.958
275.000,30,1153.730,181.617,186.718
275.000,31,801.314,1775.406,309.012
275.000,32,636.800,1773.184,558.125
275.000,33,23.247,1819.563,534.600
275.000,34,361.088,1270.951,220.734
275.000,35,103.345,323.268,114.143
275.000,36,1192.030,875.001,225.505
275.000,37,948.448,5.367,586.584
275.000,38,1092.522,305.902,155.057
275.000,39,375.187,1655.893,555.083
275.000,40,765.153,117.488,264.686
275.000,41,585.090,113.084,292.655
275.000,42,33.533,1244.996,288.144
275.000,43,216.662,356.530,486.859
275.000,44,940.498,1315.903,432.830
275.000,45,902.910,1868.548,101.650
275.000,46,368.806,1675.396,405.431
275.000,47,168.068,864.451,529.527
275.000,48,967.084,845.570,443.889
275.000,49,707.023,1229.483,434.551
275.000,50,769.640,1346.549,355.494
275.000,51,766.857,575.473,345.118
275.000,52,1287.775,312.700,267.946
275.000,53,388.245,996.611,207.048
275.000,54,336.764,215.664,165.654
275.000,55,268.230,1498.093,593.505
275.000,56,773.992,307.310,427.443
275.000,57,680.086,600.540,205.019
275.000,58,1027.602,1693.813,126.760
275.000,59,613.953,1630.701,266.849
275.000,60,1220.832,575.121,405.356
275.000,61,1116.705,577.213,597.261
275.000,62,723.834,1687.499,152.224
275.000,63,529.733,1472.504,372.935
280.000,0,271.266,579.628,439.132
280.000,1,207.743,1208.668,583.271
280.000,2,610.369,1208.039,380.326
280.000,3,192.295,1183.804,459.267
280.000,4,1225.984,1066.319,192.656
280.000,5,1072.443,1706.324,249.156
280.000,6,744.319,1561.321,126.813
280.000,7,770.727,685.898,470.699
280.000,8,1144.069,1121.322,367.151
280.000,9,39.818,1860.329,126.713
280.000,10,846.012,1531.774,575.291
280.000,11,456.093,778.948,310.027
280.000,12,1279.816,1694.193,570.864
280.000,13,615.735,445.099,215.825
280.000,14,633.162,1729.534,115.659
280.000,15,315.777,444.641,370.579
280.000,16,661.865,1684.521,440.898
280.000,17,119.083,1402.207,384.765
280.000,18,340.745,1569.653,402.765
280.000,19,1122.019,553.130,227.178
280.000,20,941.154,1446.377,575.640
280.000,21,637.903,271.536,359.432
280.000,22,276.583,119.749,412.506
280.000,23,1134.860,232.762,358.860
280.000,24,43.953,223.376,414.806
280.000,25,478.308,1095.040,457.797
280.000,26,943.419,1143.518,471.972
280.000,27,548.363,559.397,308.923
280.000,28,244.226,566.049,151.995
280.000,29,861.895,917.784,351.660
280.000,30,1257.576,235.545,186.494
280.000,31,850.407,1901.397,307.111
280.000,32,725.999,1691.017,560.098
280.000,33,46.809,1718.669,538.040
280.000,34,342.390,1146.794,214.071
280.000,35,174.640,416.226,118.456
280.000,36,1288.072,808.027,229.385
280.000,37,997.157,125.170,588.114
280.000,38,1111.039,174.518,154.323
280.000,39,327.099,1596.368,550.022
280.000,40,716.992,33.195,270.927
280.000,41,548.360,49.178,291.693
280.000,42,47.002,1208.741,284.414
280.000,43,231.208,214.879,485.406
280.000,44,1068.292,1282.252,428.281
280.000,45,822.656,1885.583,101.454
280.000,46,275.751,1686.274,403.809
280.000,47,71.208,906.701,529.864
280.000,48,849.605,785.763,444.139
280.000,49,630.347,1275.686,431.287
280.000,50,772.997,1231.979,357.694
280.000,51,809.875,707.655,341.425
280.000,52,1197.899,404.080,260.859
280.000,53,251.518,966.118,198.794
280.000,54,203.683,214.806,171.199
280.000,55,186.699,1382.351,592.694
280.000,56,695.704,259.526,424.938
280.000,57,577.615,585.583,210.201
280.000,58,1118.970,1766.775,126.298
280.000,59,750.996,1539.105,273.384
280.000,60,1225.644,667.937,406.610
280.000,61,1105.238,648.980,595.822
280.000,62,628.124,1672.727,159.160
280.000,63,651.118,1371.235,377.226
285.000,0,200.261,589.766,443.780
285.000,1,137.338,1198.124,582.586
285.000,2,642.013,1074.840,378.343
285.000,3,138.955,1315.476,459.895
285.000,4,1301.871,1006.285,189.179
285.000,5,1206.314,1697.961,244.241
285.000,6,822.214,1538.527,127.702
285.000,7,859.194,659.671,466.693
285.000,8,1241.754,1078.841,367.419
285.000,9,125.174,1870.143,127.320
285.000,10,800.104,1445.028,578.919
285.000,11,361.501,816.438,314.040
285.000,12,1302.459,1820.695,568.309
285.000,13,731.985,437.158,207.692
285.000,14,583.102,1666.363,118.151
285.000,15,311.823,323.609,378.644
285.000,16,702.530,1627.546,441.265
285.000,17,152.376,1322.276,382.291
285.000,18,299.367,1489.299,407.665
285.000,19,1211.316,535.963,221.208
285.000,20,955.683,1582.689,570.680
285.000,21,735.272,181.733,362.979
285.000,22,354.964,149.476,409.542
285.000,23,1157.901,110.029,364.480
285.000,24,77.584,308.778,408.540
285.000,25,380.294,1025.043,453.033
285.000,26,1057.726,1146.699,473.419
285.000,27,511.699,689.639,304.560
285.000,28,223.087,702.351,146.858
285.000,29,811.592,1038.213,344.351
285.000,30,1268.813,311.510,188.153
285.000,31,864.083,1782.620,304.481
285.000,32,813.813,1598.956,560.334
285.000,33,119.527,1623.882,541.088
285.000,34,363.397,1029.872,208.841
285.000,35,235.904,516.335,122.804
285.000,36,1187.489,715.279,227.538
285.000,37,1087.211,219.058,586.965
285.000,38,1124.369,32.355,157.735
285.000,39,257.187,1535.762,543.802
285.000,40,662.268,47.950,274.931
285.000,41,520.893,35.174,292.323
285.000,42,120.644,1152.698,282.825
285.000,43,207.814,71.036,484.159
285.000,44,1191.185,1265.955,425.513
285.000,45,750.263,1828.506,103.894
285.000,46,189.763,1710.400,402.740
285.000,47,27.373,950.844,529.669
285.000,48,719.102,761.160,447.716
285.000,49,563.546,1336.310,428.880
285.000,50,795.595,1114.390,358.668
285.000,51,894.840,822.253,336.697
285.000,52,1083.876,503.158,248.737
285.000,53,112.080,950.153,190.821
285.000,54,65.055,190.391,180.143
285.000,55,82.334,1291.413,588.606
285.000,56,611.356,213.128,420.984
285.000,57,480.276,615.838,213.002
285.000,58,1213.033,1843.843,125.967
285.000,59,898.185,1489.144,274.857
285.000,60,1246.267,759.208,407.110
285.000,61,1102.803,722.467,592.714
285.000,62,536.597,1675.773,165.896
285.000,63,793.717,1305.426,386.231
290.000,0,134.973,597.596,446.681
290.000,1,58.676,1181.238,584.309
290.000,2,697.032,949.392,378.775
290.000,3,72.474,1440.830,459.168
290.000,4,1231.382,944.362,186.289
290.000,5,1279.270,1668.572,240.908
290.000,6,895.918,1515.284,127.819
290.000,7,949.568,643.767,461.866
290.000,8,1294.703,1020.813,367.694
290.000,9,214.934,1871.521,128.186
290.000,10,767.252,1351.352,583.490
290.000,11,263.675,818.736,316.385
290.000,12,1261.370,1865.246,566.199
290.000,13,841.734,427.856,199.570
290.000,14,549.430,1587.354,120.572
290.000,15,297.115,205.428,386.289
290.000,16,742.124,1564.889,440.779
290.000,17,179.696,1241.807,379.375
290.000,18,259.266,1407.303,411.212
290.000,19,1283.821,501.271,215.471
290.000,20,942.964,1730.233,570.593
290.000,21,831.812,78.697,369.412
290.000,22,426.185,198.560,407.340
290.000,23,1178.492,32.722,368.983
290.000,24,80.163,397.627,401.778
290.000,25,282.761,955.711,448.377
290.000,26,1168.105,1164.104,475.430
290.000,27,454.312,798.805,299.964
290.000,28,175.326,826.249,143.593
290.000,29,742.507,1146.293,340.516
290.000,30,1194.670,407.787,193.326
290.000,31,863.338,1660.045,301.011
290.000,32,883.868,1500.471,563.285
290.000,33,179.924,1525.746,546.177
290.000,34,366.095,912.446,202.698
290.000,35,320.866,599.275,127.287
290.000,36,1089.180,634.388,227.279
290.000,37,1175.521,304.355,586.774
290.000,38,1124.226,114.159,160.857
290.000,39,187.947,1485.309,541.025
290.000,40,594.647,127.114,276.201
290.000,41,506.173,111.057,291.875
290.000,42,210.224,1095.813,278.929
290.000,43,215.341,70.767,484.397
290.000,44,1311.038,1246.583,422.597
290.000,45,675.444,1774.349,107.895
290.000,46,96.624,1754.984,403.236
290.000,47,119.321,988.968,527.944
290.000,48,589.330,744.820,452.458
290.000,49,488.260,1386.236,424.306
290.000,50,831.516,1000.981,361.274
290.000,51,978.003,933.623,335.112
290.000,52,997.602,618.805,240.327
290.000,53,51.292,948.633,187.515
290.000,54,94.526,168.479,186.597
290.000,55,25.165,1196.464,583.601
290.000,56,542.289,142.627,415.184
290.000,57,379.086,635.781,219.184
290.000,58,1308.200,1879.782,126.149
290.000,59,1033.603,1443.837,278.511
290.000,60,1234.818,854.296,406.599
290.000,61,1110.137,798.020,590.294
290.000,62,435.214,1667.280,173.926
290.000,63,928.292,1231.911,393.974
295.000,0,83.004,617.852,448.100
295.000,1,26.481,1165.872,584.720
295.000,2,754.568,827.375,378.093
295.000,3,12.888,1565.713,458.127
295.000,4,1153.305,870.819,184.386
295.000,5,1147.060,1655.750,238.272
295.000,6,972.806,1511.462,128.359
295.000,7,1037.793,634.303,458.862
295.000,8,1209.038,965.225,367.285
295.000,9,304.161,1881.632,130.527
295.000,10,738.513,1261.501,590.181
295.000,11,163.454,809.924,319.406
295.000,12,1212.134,1760.256,564.706
295.000,13,957.314,456.038,194.679
295.000,14,532.976,1494.129,122.487
295.000,15,279.264,85.193,388.548
295.000,16,771.559,1489.953,441.584
295.000,17,230.074,1171.486,378.454
295.000,18,223.421,1330.828,411.254
295.000,19,1252.870,459.672,212.211
295.000,20,958.543,1871.006,573.601
295.000,21,937.112,19.235,372.778
295.000,22,489.907,245.493,406.212
295.000,23,1237.207,145.426,370.624
295.000,24,60.379,485.916,395.660
295.000,25,166.614,915.770,443.465
295.000,26,1277.324,1171.712,478.866
295.000,27,404.104,909.577,298.404
295.000,28,113.222,963.814,136.898
295.000,29,673.975,1264.988,338.139
295.000,30,1149.789,522.102,197.171
295.000,31,906.059,1538.544,297.873
295.000,32,913.872,1380.821,566.465
295.000,33,211.831,1423.070,553.761
295.000,34,330.307,810.273,197.976
295.000,35,402.956,684.396,128.167
295.000,36,1000.976,545.359,223.178
295.000,37,1228.352,415.414,588.424
295.000,38,1145.054,246.672,162.764
295.000,39,131.753,1435.356,538.905
295.000,40,519.428,202.167,279.016
295.000,41,502.389,182.572,291.659
295.000,42,294.385,1040.591,273.075
295.000,43,236.313,216.478,482.466
295.000,44,1196.888,1231.405,418.342
295.000,45,629.041,1692.210,110.478
295.000,46,14.649,1784.357,402.480
295.000,47,204.237,1042.457,525.132
295.000,48,448.591,707.674,454.669
295.000,49,405.756,1428.149,420.655
295.000,50,844.282,887.427,362.695
295.000,51,1040.278,1055.629,334.175
295.000,52,887.647,704.200,236.837
295.000,53,187.990,941.207,182.797
295.000,54,240.437,191.735,191.362
295.000,55,127.711,1111.755,584.010
295.000,56,467.113,81.226,409.226
295.000,57,277.544,652.574,226.958
295.000,58,1211.851,1801.196,126.980
295.000,59,1171.992,1396.299,281.511
295.000,60,1215.205,943.973,408.023
295.000,61,1119.647,869.987,589.284
295.000,62,329.490,1650.849,177.607
295.000,63,1027.126,1111.906,398.294
