seed,t,src,dst,dist_m,rssi_level,rssi_slope,rssi_n,beacon_ratio,retry_rate,tx_attempts,trials_probe,fails_probe,trials_cbr,fails_cbr,trials_future,fails_future,pdr_future
6,4.0000,0,3,590.5535,-89.5094,0.1881,5,0.1250,1.0000,8,8,8,0,0,8,8,0.0000
6,4.0000,0,6,539.3734,-88.3080,-0.1454,14,0.3500,1.0000,8,8,7,0,0,8,7,0.1250
6,4.0000,0,8,608.2768,-89.5010,0.2569,4,0.1000,1.0000,6,6,6,0,0,6,6,0.0000
6,4.0000,0,9,668.8350,-89.4714,0.2715,3,0.0750,1.0000,6,6,6,0,0,6,6,0.0000
6,4.0000,0,13,305.1827,-85.9516,-0.0104,40,1.0000,0.0000,4,6,4,0,0,6,4,0.3333
6,4.0000,1,5,499.0173,-88.7300,0.3768,9,0.2308,0.8333,6,8,6,0,0,8,6,0.2500
6,4.0000,1,14,528.4346,-89.4073,0.8275,3,0.0769,1.0000,6,8,8,0,0,8,8,0.0000
6,4.0000,2,3,416.8643,-87.5693,-0.1482,20,0.5000,0.5000,6,7,6,0,0,7,6,0.1429
6,4.0000,2,4,218.5546,-84.0177,0.8201,40,1.0000,0.0000,4,4,0,0,0,4,0,1.0000
6,4.0000,2,6,521.1876,-88.2725,-0.7177,5,0.1250,1.0000,6,8,7,0,0,8,7,0.1250
6,4.0000,2,8,448.8128,-88.4673,0.1816,9,0.2250,1.0000,8,7,4,0,0,7,4,0.4286
6,4.0000,2,9,333.5624,-86.7702,-0.1338,35,0.8750,0.4000,5,4,0,0,0,4,0,1.0000
6,4.0000,2,10,441.6674,-88.2070,0.4856,24,0.6000,0.7143,7,8,8,0,0,8,8,0.0000
6,4.0000,2,11,591.7814,-88.4774,0.0956,11,0.2750,0.8750,8,8,8,0,0,8,8,0.0000
6,4.0000,3,0,590.5535,-88.5285,0.0360,10,0.2500,1.0000,6,8,8,0,0,8,8,0.0000
6,4.0000,3,2,416.8643,-88.0410,0.0986,22,0.5500,0.8750,8,5,2,0,0,5,2,0.6000
6,4.0000,3,4,255.3540,-85.3036,-0.0580,40,1.0000,0.0000,4,4,0,0,0,4,0,1.0000
6,4.0000,3,6,557.9022,-88.8523,-0.1396,6,0.1500,1.0000,6,8,8,0,0,8,8,0.0000
6,4.0000,3,8,223.3364,-85.8475,1.2114,35,0.8750,0.6000,5,4,0,0,0,4,0,1.0000
6,4.0000,3,9,240.5320,-83.4920,-0.2539,40,1.0000,0.0000,4,4,0,0,0,4,0,1.0000
6,4.0000,3,10,478.1695,-87.5274,-0.5061,27,0.6750,0.5000,6,8,8,0,0,8,8,0.0000
6,4.0000,4,2,218.5546,-84.3472,0.9728,41,1.0000,0.0000,4,4,0,0,0,4,0,1.0000
6,4.0000,4,3,255.3540,-84.6865,0.3407,40,0.9756,0.0000,4,4,0,0,0,4,0,1.0000
6,4.0000,4,6,592.8904,-89.1142,0.8690,5,0.1220,1.0000,6,8,8,0,0,8,8,0.0000
6,4.0000,4,8,390.5143,-87.8740,0.6525,19,0.4634,1.0000,8,5,1,0,0,5,1,0.8000
6,4.0000,4,9,313.7138,-86.1583,0.5856,35,0.8537,0.2258,31,6,2,101,68,107,70,0.3458
6,4.0000,4,10,314.4312,-82.7022,-2.0852,40,0.9756,0.0000,4,6,3,69,48,75,51,0.3200
6,4.0000,4,11,619.6825,-88.9783,0.2535,7,0.1707,1.0000,6,6,6,0,0,6,6,0.0000
6,4.0000,5,1,499.0173,-88.0378,0.0321,9,0.2250,1.0000,6,7,6,0,0,7,6,0.1429
6,4.0000,5,7,437.7820,-87.6975,-0.2455,19,0.4750,0.8571,7,8,4,0,0,8,4,0.5000
6,4.0000,5,12,636.8337,-89.0800,0.3978,6,0.1500,1.0000,6,2,2,0,0,2,2,0.0000
6,4.0000,5,14,50.0566,-73.8073,2.9388,40,1.0000,0.0000,3,5,0,0,0,5,0,1.0000
6,4.0000,6,0,539.3734,-88.5333,0.1248,14,0.3500,1.0000,8,8,7,0,0,8,7,0.1250
6,4.0000,6,2,521.1876,-88.9887,-0.1569,8,0.2000,1.0000,6,8,8,0,0,8,8,0.0000
6,4.0000,6,3,557.9022,-89.0702,0.1748,8,0.2000,0.8000,5,8,8,0,0,8,8,0.0000
6,4.0000,6,4,592.8904,-89.4227,-0.0766,5,0.1250,1.0000,6,10,10,0,0,10,10,0.0000
6,4.0000,6,8,418.0733,-86.8941,0.1899,24,0.6000,0.4000,5,6,3,0,0,6,3,0.5000
6,4.0000,6,9,414.1266,-87.7457,0.2241,28,0.7000,0.5000,6,6,4,0,0,6,4,0.3333
6,4.0000,7,5,437.7820,-88.4424,0.1138,22,0.5500,0.5000,6,7,5,0,0,7,5,0.2857
6,4.0000,7,12,597.9284,-88.9829,-0.5270,6,0.1500,1.0000,6,8,8,0,0,8,8,0.0000
6,4.0000,7,14,410.4327,-86.9986,-0.9975,26,0.6500,0.5714,7,8,6,0,0,8,6,0.2500
6,4.0000,8,0,608.2768,-89.2202,0.0894,5,0.1250,1.0000,8,8,8,0,0,8,8,0.0000
6,4.0000,8,2,448.8128,-89.2540,0.2458,9,0.2250,1.0000,6,7,6,0,0,7,6,0.1429
6,4.0000,8,3,223.3364,-85.2201,1.7767,35,0.8750,0.5000,4,4,0,0,0,4,0,1.0000
6,4.0000,8,4,390.5143,-88.4978,0.2236,17,0.4250,0.8571,7,4,0,99,65,103,65,0.3689
6,4.0000,8,6,418.0733,-86.7733,-0.3322,25,0.6250,0.8000,5,7,6,0,0,7,6,0.1429
6,4.0000,8,9,128.0060,-80.5444,1.1748,40,1.0000,0.0000,4,4,0,0,0,4,0,1.0000
6,4.0000,9,0,668.8350,-89.1616,0.3921,3,0.0750,1.0000,6,8,8,0,0,8,8,0.0000
6,4.0000,9,2,333.5624,-86.8449,0.4771,30,0.7500,0.2000,5,5,2,0,0,5,2,0.6000
6,4.0000,9,3,240.5320,-83.3169,0.1411,40,1.0000,0.0000,4,4,0,0,0,4,0,1.0000
6,4.0000,9,4,313.7138,-85.9422,0.2233,36,0.9000,0.2000,5,5,1,0,0,5,1,0.8000
6,4.0000,9,6,414.1266,-87.5999,-0.0602,25,0.6250,0.7143,7,6,3,0,0,6,3,0.5000
6,4.0000,9,8,128.0060,-80.4419,2.1529,40,1.0000,0.0000,4,4,0,0,0,4,0,1.0000
6,4.0000,9,10,572.7707,-88.6417,-0.4076,9,0.2250,1.0000,8,6,6,0,0,6,6,0.0000
6,4.0000,10,2,441.6674,-87.7575,0.4203,28,0.7000,0.7143,7,8,8,0,0,8,8,0.0000
6,4.0000,10,3,478.1695,-87.6127,0.0719,21,0.5250,0.8750,8,7,6,0,0,7,6,0.1429
6,4.0000,10,4,314.4312,-83.2033,-2.0564,40,1.0000,0.0000,4,7,5,0,0,7,5,0.2857
6,4.0000,10,9,572.7707,-89.1063,0.5270,5,0.1250,1.0000,8,6,6,0,0,6,6,0.0000
6,4.0000,10,11,422.8316,-88.3237,0.1259,13,0.3250,0.8750,8,3,0,0,0,3,0,1.0000
6,4.0000,11,2,591.7814,-88.4856,-0.4869,10,0.2500,0.8000,5,8,8,0,0,8,8,0.0000
6,4.0000,11,4,619.6825,-89.4230,0.9103,5,0.1250,1.0000,8,4,4,0,0,4,4,0.0000
6,4.0000,11,10,422.8316,-88.0115,0.1621,18,0.4500,0.6667,6,5,2,0,0,5,2,0.6000
6,4.0000,12,7,597.9284,-88.7445,-0.0368,8,0.2000,1.0000,4,8,8,0,0,8,8,0.0000
6,4.0000,12,14,605.2613,-88.8359,-0.2017,10,0.2500,1.0000,8,8,8,0,0,8,8,0.0000
6,4.0000,13,0,305.1827,-85.5699,-0.2744,38,0.9500,0.3333,6,4,0,0,0,4,0,1.0000
6,4.0000,13,7,636.4693,-88.9802,-0.3691,5,0.1250,1.0000,6,8,8,0,0,8,8,0.0000
6,4.0000,14,1,528.4346,-89.0874,-0.1017,7,0.1750,1.0000,4,8,6,0,0,8,6,0.2500
6,4.0000,14,5,50.0566,-74.1256,2.6584,40,1.0000,0.0000,4,4,0,0,0,4,0,1.0000
6,4.0000,14,7,410.4327,-87.2680,-0.5173,30,0.7500,0.6667,6,8,7,0,0,8,7,0.1250
6,4.0000,14,12,605.2613,-88.3965,-0.4391,7,0.1750,0.6667,6,8,8,0,0,8,8,0.0000
6,8.0000,0,3,611.1590,-89.0033,0.1480,5,0.1250,1.0000,8,5,4,0,0,5,4,0.2000
6,8.0000,0,6,541.1986,-88.3463,-0.0785,11,0.2750,0.8750,8,8,8,0,0,8,8,0.0000
6,8.0000,0,8,623.7664,-88.6866,-0.6453,3,0.0750,1.0000,6,8,8,0,0,8,8,0.0000
6,8.0000,0,13,331.6108,-86.2963,-0.1656,32,0.8000,0.6667,6,7,5,0,0,7,5,0.2857
6,8.0000,1,5,478.8857,-88.6793,-0.0934,16,0.3902,0.7500,8,7,5,0,0,7,5,0.2857
6,8.0000,1,14,417.8328,-88.1998,0.1804,15,0.3659,1.0000,8,6,3,0,0,6,3,0.5000
6,8.0000,2,3,387.5814,-87.1430,0.1408,25,0.6250,0.8571,7,6,4,0,0,6,4,0.3333
6,8.0000,2,4,180.3037,-81.6540,0.3509,39,0.9750,0.0000,4,4,0,0,0,4,0,1.0000
6,8.0000,2,6,481.0363,-88.5971,0.0647,14,0.3500,0.8750,8,7,5,0,0,7,5,0.2857
6,8.0000,2,8,379.5839,-87.4332,-0.1051,24,0.6000,0.5714,7,5,1,0,0,5,1,0.8000
6,8.0000,2,9,374.0625,-86.7499,-0.8207,31,0.7750,0.0000,4,7,6,0,0,7,6,0.1429
6,8.0000,2,10,584.8802,-88.7670,0.3482,12,0.3000,1.0000,8,8,8,0,0,8,8,0.0000
6,8.0000,3,0,611.1590,-88.9355,-1.4034,6,0.1500,1.0000,8,4,4,0,0,4,4,0.0000
6,8.0000,3,2,387.5814,-87.5491,-0.1681,25,0.6250,0.4000,5,7,3,0,0,7,3,0.5714
6,8.0000,3,4,237.3551,-83.7130,0.3345,38,0.9500,0.0000,4,4,0,0,0,4,0,1.0000
6,8.0000,3,6,547.7544,-89.1287,-0.0145,11,0.2750,1.0000,8,8,8,0,0,8,8,0.0000
6,8.0000,3,8,60.9711,-78.1840,2.8879,39,0.9750,0.0000,4,4,0,0,0,4,0,1.0000
6,8.0000,3,9,276.2078,-84.9088,-0.7026,40,1.0000,0.0000,4,4,0,0,0,4,0,1.0000
6,8.0000,3,10,617.0825,-88.1550,-0.4432,8,0.2000,1.0000,8,8,8,0,0,8,8,0.0000
6,8.0000,4,2,180.3037,-81.6682,0.0267,40,1.0000,0.0000,4,5,1,0,0,5,1,0.8000
6,8.0000,4,3,237.3551,-83.6943,0.1941,38,0.9500,0.0000,4,4,0,0,0,4,0,1.0000
6,8.0000,4,6,548.8065,-88.9050,-0.2517,8,0.2000,1.0000,8,8,6,0,0,8,6,0.2500
6,8.0000,4,8,247.7502,-86.2788,0.4584,36,0.9000,0.2000,5,4,0,0,0,4,0,1.0000
6,8.0000,4,9,329.9591,-86.3556,0.2495,32,0.8000,0.6542,107,4,0,102,75,106,75,0.2925
6,8.0000,4,10,496.1281,-86.9230,-0.5660,28,0.7000,0.6800,75,8,8,92,91,100,99,0.0100
6,8.0000,5,1,478.8857,-88.1717,0.0966,13,0.3250,0.8571,7,8,8,0,0,8,8,0.0000
6,8.0000,5,7,421.8282,-87.8809,0.0509,22,0.5500,0.5000,8,6,3,0,0,6,3,0.5000
6,8.0000,5,12,668.1067,-89.5726,-0.4953,3,0.0750,1.0000,2,6,6,0,0,6,6,0.0000
6,8.0000,5,14,138.1957,-73.6306,-2.8432,39,0.9750,0.0000,5,3,0,0,0,3,0,1.0000
6,8.0000,6,0,541.1986,-88.7911,-0.1936,15,0.3750,0.8750,8,8,8,0,0,8,8,0.0000
6,8.0000,6,2,481.0363,-88.4926,-0.1650,11,0.2750,1.0000,8,8,7,0,0,8,7,0.1250
6,8.0000,6,3,547.7544,-88.7213,-0.0410,11,0.2750,1.0000,8,8,8,0,0,8,8,0.0000
6,8.0000,6,4,548.8065,-88.9919,0.0079,9,0.2250,1.0000,10,8,8,0,0,8,8,0.0000
6,8.0000,6,8,508.8029,-87.9075,0.3816,17,0.4250,0.5000,6,8,8,0,0,8,8,0.0000
6,8.0000,6,9,420.6494,-87.9897,0.1452,22,0.5500,0.6667,6,8,7,0,0,8,7,0.1250
6,8.0000,7,5,421.8282,-88.0154,-0.2099,19,0.4872,0.7143,7,7,5,0,0,7,5,0.2857
6,8.0000,7,13,634.7850,-88.9023,0.8013,6,0.1538,1.0000,4,6,6,0,0,6,6,0.0000
6,8.0000,7,14,512.7416,-88.3315,-0.6883,13,0.3333,0.7500,8,8,8,0,0,8,8,0.0000
6,8.0000,8,2,379.5839,-87.6594,0.6517,26,0.6500,0.8571,7,7,5,0,0,7,5,0.2857
6,8.0000,8,3,60.9711,-78.1153,3.0225,40,1.0000,0.0000,4,5,0,0,0,5,0,1.0000
6,8.0000,8,4,247.7502,-85.7036,0.9956,35,0.8750,0.6311,103,4,0,102,56,106,56,0.4717
6,8.0000,8,6,508.8029,-87.8599,-0.6754,21,0.5250,0.8571,7,8,7,0,0,8,7,0.1250
6,8.0000,8,9,217.4434,-79.3659,-1.3501,39,0.9750,0.0000,4,6,2,0,0,6,2,0.6667
6,8.0000,8,10,641.2779,-89.3357,0.1024,6,0.1500,,0,8,8,0,0,8,8,0.0000
6,8.0000,9,2,374.0625,-86.5178,-0.2709,34,0.8500,0.4000,5,7,6,0,0,7,6,0.1429
6,8.0000,9,3,276.2078,-84.6224,-0.5895,40,1.0000,0.0000,4,4,0,0,0,4,0,1.0000
6,8.0000,9,4,329.9591,-85.9516,-0.1422,35,0.8750,0.2000,5,4,0,0,0,4,0,1.0000
6,8.0000,9,6,420.6494,-87.7425,0.1370,32,0.8000,0.5000,6,7,3,0,0,7,3,0.5714
6,8.0000,9,8,217.4434,-79.8073,-1.3970,40,1.0000,0.0000,4,4,0,0,0,4,0,1.0000
6,8.0000,10,2,584.8802,-87.8338,-0.1541,11,0.2750,1.0000,8,2,2,0,0,2,2,0.0000
6,8.0000,10,3,617.0825,-88.2088,0.4669,8,0.2000,0.8571,7,4,4,0,0,4,4,0.0000
6,8.0000,10,4,496.1281,-86.3713,-0.7959,26,0.6500,0.7143,7,8,8,0,0,8,8,0.0000
6,8.0000,10,11,318.4177,-87.5590,0.3410,30,0.7500,0.0000,3,6,1,0,0,6,1,0.8333
6,8.0000,11,10,318.4177,-86.7778,0.3518,27,0.6750,0.4000,5,5,1,0,0,5,1,0.8000
6,8.0000,12,7,644.5766,-88.8741,-1.3066,4,0.1000,1.0000,8,2,2,0,0,2,2,0.0000
6,8.0000,13,0,331.6108,-86.3422,0.1547,29,0.7250,0.0000,4,4,0,0,0,4,0,1.0000
6,8.0000,14,1,417.8328,-88.2281,-0.3193,14,0.3500,0.7500,8,7,5,0,0,7,5,0.2857
6,8.0000,14,5,138.1957,-73.2792,-2.7810,40,1.0000,0.0000,4,4,0,0,0,4,0,1.0000
6,8.0000,14,7,512.7416,-88.5979,-0.3787,13,0.3250,0.8750,8,6,4,0,0,6,4,0.3333
6,12.0000,0,2,606.8748,-88.9536,0.4005,3,0.0769,1.0000,8,8,8,0,0,8,8,0.0000
6,12.0000,0,6,533.1440,-88.5248,-0.2390,9,0.2308,1.0000,8,7,6,0,0,7,6,0.1429
6,12.0000,0,13,355.0234,-86.3027,-0.4760,31,0.7949,0.7143,7,7,5,0,0,7,5,0.2857
6,12.0000,1,5,460.5566,-88.5542,0.1199,19,0.4872,0.7143,7,8,6,0,0,8,6,0.2500
6,12.0000,1,14,353.7835,-86.9490,0.3648,26,0.6667,0.5000,6,4,0,0,0,4,0,1.0000
6,12.0000,2,3,401.9383,-87.1697,-0.2453,28,0.7000,0.6667,6,5,1,0,0,5,1,0.8000
6,12.0000,2,4,194.1531,-81.1037,-0.3615,39,0.9750,0.0000,4,4,0,0,0,4,0,1.0000
6,12.0000,2,6,477.0521,-88.2598,0.5036,24,0.6000,0.7143,7,8,8,0,0,8,8,0.0000
6,12.0000,2,8,386.0781,-87.7330,-0.2089,31,0.7750,0.2000,5,7,6,0,0,7,6,0.1429
6,12.0000,2,9,463.6831,-87.7871,-0.0867,21,0.5250,0.8571,7,8,8,0,0,8,8,0.0000
6,12.0000,3,0,632.8510,-89.2175,-0.2421,5,0.1250,1.0000,4,6,6,0,0,6,6,0.0000
6,12.0000,3,2,401.9383,-87.1520,-0.4484,25,0.6250,0.4286,7,7,4,0,0,7,4,0.4286
6,12.0000,3,4,228.2436,-83.6861,0.1360,39,0.9750,0.0000,4,4,0,0,0,4,0,1.0000
6,12.0000,3,6,543.9369,-88.7388,0.0042,10,0.2500,1.0000,8,8,7,0,0,8,7,0.1250
6,12.0000,3,8,115.7888,-69.4229,-2.4891,39,0.9750,0.0000,4,4,0,0,0,4,0,1.0000
6,12.0000,3,9,293.4860,-85.7503,0.0297,36,0.9000,0.0000,4,5,1,0,0,5,1,0.8000
6,12.0000,4,0,648.1345,-89.1184,-0.1317,3,0.0750,,0,6,6,0,0,6,6,0.0000
6,12.0000,4,2,194.1531,-81.7150,-0.3388,40,1.0000,0.2000,5,4,0,0,0,4,0,1.0000
6,12.0000,4,3,228.2436,-83.2276,-0.2402,38,0.9500,0.0000,4,4,0,0,0,4,0,1.0000
6,12.0000,4,6,515.5082,-88.2418,0.7203,9,0.2250,0.7500,8,7,6,0,0,7,6,0.1429
6,12.0000,4,8,202.6783,-82.2239,0.2949,39,0.9750,0.0000,4,5,1,0,0,5,1,0.8000
6,12.0000,4,9,337.1323,-86.3755,0.2508,27,0.6750,0.7075,106,4,0,74,28,78,28,0.6410
6,12.0000,4,10,654.9596,-88.5724,0.1410,7,0.1750,0.9900,100,4,4,12,12,16,16,0.0000
6,12.0000,5,1,460.5566,-88.0721,-0.1227,22,0.5500,1.0000,8,7,6,0,0,7,6,0.1429
6,12.0000,5,7,401.1495,-87.8305,-0.1624,26,0.6500,0.5000,6,7,6,0,0,7,6,0.1429
6,12.0000,5,14,260.9930,-82.0284,-1.4417,40,1.0000,0.0000,3,4,0,0,0,4,0,1.0000
6,12.0000,6,0,533.1440,-88.1639,0.5514,6,0.1500,1.0000,8,7,6,0,0,7,6,0.1429
6,12.0000,6,2,477.0521,-88.1318,0.6859,21,0.5250,0.8750,8,7,5,0,0,7,5,0.2857
6,12.0000,6,3,543.9369,-88.5293,0.6592,5,0.1250,1.0000,8,8,8,0,0,8,8,0.0000
6,12.0000,6,4,515.5082,-89.0567,-0.1719,11,0.2750,1.0000,8,8,7,0,0,8,7,0.1250
6,12.0000,6,8,627.5116,-88.1250,-0.1765,4,0.1000,1.0000,8,8,8,0,0,8,8,0.0000
6,12.0000,6,9,457.3187,-88.2145,-0.3570,17,0.4250,0.8750,8,8,7,0,0,8,7,0.1250
6,12.0000,7,5,401.1495,-87.5181,0.0987,29,0.7250,0.7143,7,7,5,0,0,7,5,0.2857
6,12.0000,7,14,602.7236,-88.4015,-0.3897,8,0.2000,1.0000,8,6,6,0,0,6,6,0.0000
6,12.0000,8,2,386.0781,-86.5867,0.6468,29,0.7250,0.7143,7,7,4,0,0,7,4,0.4286
6,12.0000,8,3,115.7888,-68.9606,-2.7864,40,1.0000,0.0000,5,4,0,0,0,4,0,1.0000
6,12.0000,8,4,202.6783,-83.0086,0.7411,40,1.0000,0.5283,106,4,0,59,29,63,29,0.5397
6,12.0000,8,6,627.5116,-89.1601,0.1578,4,0.1000,0.8750,8,6,6,0,0,6,6,0.0000
6,12.0000,8,9,364.5713,-85.1039,-1.1920,36,0.9000,0.3333,6,5,1,0,0,5,1,0.8000
6,12.0000,8,10,639.3934,-89.1343,-0.0741,6,0.1500,1.0000,8,8,8,0,0,8,8,0.0000
6,12.0000,9,2,463.6831,-87.8876,-0.1716,25,0.6250,0.8571,7,6,4,0,0,6,4,0.3333
6,12.0000,9,3,293.4860,-85.1081,0.1571,38,0.9500,0.0000,4,4,0,0,0,4,0,1.0000
6,12.0000,9,4,337.1323,-86.7277,-0.1620,33,0.8250,0.0000,4,4,0,0,0,4,0,1.0000
6,12.0000,9,6,457.3187,-88.1517,-0.5063,22,0.5500,0.4286,7,6,3,0,0,6,3,0.5000
6,12.0000,9,8,364.5713,-85.5619,-0.8049,37,0.9250,0.0000,4,6,3,0,0,6,3,0.5000
6,12.0000,10,3,738.7773,-89.4585,-1.0157,4,0.1000,1.0000,4,2,2,0,0,2,2,0.0000
6,12.0000,10,4,654.9596,-88.9230,0.4679,6,0.1500,1.0000,8,2,2,0,0,2,2,0.0000
6,12.0000,10,8,639.3934,-89.5782,0.0962,3,0.0750,0.8750,8,6,6,0,0,6,6,0.0000
6,12.0000,10,11,275.8943,-86.3041,0.1598,35,0.8750,0.1667,6,3,0,0,0,3,0,1.0000
6,12.0000,11,10,275.8943,-85.5604,-0.1985,38,0.9500,0.2000,5,4,0,0,0,4,0,1.0000
6,12.0000,13,0,355.0234,-86.6863,-0.0155,35,0.8750,0.0000,4,6,4,0,0,6,4,0.3333
6,12.0000,13,7,659.9331,-89.2488,0.5045,4,0.1000,1.0000,8,8,8,0,0,8,8,0.0000
6,12.0000,14,1,353.7835,-87.2227,-0.1493,28,0.7000,0.7143,7,6,2,0,0,6,2,0.6667
6,12.0000,14,5,260.9930,-81.7691,-1.5947,40,1.0000,0.0000,4,4,0,0,0,4,0,1.0000
6,12.0000,14,7,602.7236,-88.6262,0.3731,8,0.2000,0.6667,6,2,2,0,0,2,2,0.0000
6,16.0000,0,2,527.7950,-88.8585,-0.5634,7,0.1707,1.0000,8,8,8,0,0,8,8,0.0000
6,16.0000,0,4,613.9313,-89.1599,-0.0054,4,0.0976,1.0000,6,6,6,0,0,6,6,0.0000
6,16.0000,0,6,531.3189,-88.9476,0.2940,11,0.2683,0.8571,7,8,7,0,0,8,7,0.1250
6,16.0000,0,13,399.6310,-86.5572,-0.6077,29,0.7073,0.7143,7,7,5,0,0,7,5,0.2857
6,16.0000,1,5,431.5956,-87.9503,-0.1452,22,0.5500,0.7500,8,4,2,0,0,4,2,0.5000
6,16.0000,1,14,333.3152,-86.3956,0.2053,30,0.7500,0.0000,4,6,3,0,0,6,3,0.5000
6,16.0000,2,0,527.7950,-88.6994,0.4135,8,0.2000,0.8571,7,8,8,0,0,8,8,0.0000
6,16.0000,2,3,451.7440,-87.2898,0.3040,24,0.6000,0.2000,5,8,6,0,0,8,6,0.2500
6,16.0000,2,4,247.5921,-83.4581,-0.8107,40,1.0000,0.0000,4,5,1,0,0,5,1,0.8000
6,16.0000,2,6,485.3295,-88.0614,0.3642,13,0.3250,1.0000,8,8,7,0,0,8,7,0.1250
6,16.0000,2,8,471.5607,-88.1611,-0.3271,23,0.5750,0.8571,7,8,8,0,0,8,8,0.0000
6,16.0000,2,9,441.0304,-87.9438,0.3748,20,0.5000,1.0000,8,6,3,0,0,6,3,0.5000
6,16.0000,3,0,634.2184,-88.9001,0.3516,5,0.1250,1.0000,6,8,8,0,0,8,8,0.0000
6,16.0000,3,2,451.7440,-88.3148,-0.4081,23,0.5750,0.5714,7,7,6,0,0,7,6,0.1429
6,16.0000,3,4,230.4171,-83.3494,-0.2947,39,0.9750,0.0000,4,4,0,0,0,4,0,1.0000
6,16.0000,3,6,532.3259,-89.2171,0.0116,8,0.2000,0.8750,8,8,7,0,0,8,7,0.1250
6,16.0000,3,8,282.9464,-81.8340,-1.8005,40,1.0000,0.0000,4,5,2,0,0,5,2,0.6000
6,16.0000,3,9,181.4791,-83.8275,1.1072,40,1.0000,0.2000,5,4,0,0,0,4,0,1.0000
6,16.0000,4,2,247.5921,-83.2301,-0.6578,40,1.0000,0.0000,4,5,1,0,0,5,1,0.8000
6,16.0000,4,3,230.4171,-83.4308,-0.7034,40,1.0000,0.0000,4,5,1,0,0,5,1,0.8000
6,16.0000,4,6,479.0522,-88.5138,-0.2593,14,0.3500,0.8571,7,8,8,0,0,8,8,0.0000
6,16.0000,4,8,297.9038,-84.2523,-1.3447,39,0.9750,0.2000,5,5,1,0,0,5,1,0.8000
6,16.0000,4,9,222.1178,-84.7412,0.3934,37,0.9250,0.3590,78,4,0,52,0,56,0,1.0000
6,16.0000,5,1,431.5956,-88.0233,0.2938,17,0.4250,0.8571,7,5,2,0,0,5,2,0.6000
6,16.0000,5,7,393.7057,-87.3247,0.3649,26,0.6500,0.8571,7,4,0,0,0,4,0,1.0000
6,16.0000,5,14,373.0649,-86.0348,-0.4607,37,0.9250,0.0000,4,6,4,0,0,6,4,0.3333
6,16.0000,6,0,531.3189,-88.3372,0.0471,17,0.4250,0.8571,7,8,7,0,0,8,7,0.1250
6,16.0000,6,2,485.3295,-88.6473,0.3605,16,0.4000,0.7143,7,7,6,0,0,7,6,0.1429
6,16.0000,6,3,532.3259,-88.4802,0.1090,10,0.2500,1.0000,8,7,5,0,0,7,5,0.2857
6,16.0000,6,4,479.0522,-88.6135,0.1483,12,0.3000,0.8750,8,6,6,0,0,6,6,0.0000
6,16.0000,6,9,428.2916,-87.6625,0.1654,21,0.5250,0.8750,8,6,4,0,0,6,4,0.3333
6,16.0000,7,5,393.7057,-87.4634,0.0252,25,0.6250,0.7143,7,6,3,0,0,6,3,0.5000
6,16.0000,8,2,471.5607,-88.4361,-0.4396,24,0.6000,0.5714,7,8,7,0,0,8,7,0.1250
6,16.0000,8,3,282.9464,-81.9215,-2.3490,39,0.9750,0.0000,4,6,4,0,0,6,4,0.3333
6,16.0000,8,4,297.9038,-83.4347,-0.9982,38,0.9500,0.4603,63,5,1,0,0,5,1,0.8000
6,16.0000,8,6,755.9001,-88.8172,-1.0553,3,0.0750,1.0000,6,4,4,0,0,4,4,0.0000
6,16.0000,8,9,399.2862,-87.1895,0.1344,24,0.6000,0.2000,5,7,4,0,0,7,4,0.4286
6,16.0000,9,2,441.0304,-88.3107,0.4593,17,0.4250,0.6667,6,7,5,0,0,7,5,0.2857
6,16.0000,9,3,181.4791,-83.8463,1.6136,38,0.9500,0.0000,4,4,0,0,0,4,0,1.0000
6,16.0000,9,4,222.1178,-84.9001,0.9273,36,0.9000,0.0000,4,4,0,0,0,4,0,1.0000
6,16.0000,9,6,428.2916,-88.3349,0.0150,24,0.6000,0.5000,6,8,7,0,0,8,7,0.1250
6,16.0000,9,8,399.2862,-87.2392,-0.3137,31,0.7750,0.5000,6,5,3,0,0,5,3,0.4000
6,16.0000,10,8,650.6601,-89.0905,0.2452,9,0.2195,1.0000,6,8,8,0,0,8,8,0.0000
6,16.0000,10,11,350.6429,-86.0359,-0.3500,39,0.9512,0.0000,3,7,6,0,0,7,6,0.1429
6,16.0000,11,10,350.6429,-85.7714,-0.5032,36,0.9000,0.0000,4,7,5,0,0,7,5,0.2857
6,16.0000,13,0,399.6310,-87.5689,0.5898,19,0.4750,0.6667,6,5,2,0,0,5,2,0.6000
6,16.0000,14,1,333.3152,-86.5051,0.4753,35,0.8750,0.3333,6,6,3,0,0,6,3,0.5000
6,16.0000,14,5,373.0649,-86.1282,-0.7898,35,0.8750,0.0000,4,8,8,0,0,8,8,0.0000
6,20.0000,0,2,459.2511,-88.4007,-0.4354,10,0.2564,1.0000,8,7,6,0,0,7,6,0.1429
6,20.0000,0,3,640.1766,-89.5613,-0.3112,3,0.0769,1.0000,6,6,6,0,0,6,6,0.0000
6,20.0000,0,4,573.6521,-88.7998,0.1822,4,0.1026,1.0000,6,8,8,0,0,8,8,0.0000
6,20.0000,0,6,540.7111,-88.4539,0.0329,6,0.1538,0.8750,8,8,7,0,0,8,7,0.1250
6,20.0000,0,7,715.4749,-89.7994,0.0444,3,0.0769,1.0000,2,4,4,0,0,4,4,0.0000
6,20.0000,0,9,609.4743,-88.7878,0.0234,4,0.1026,1.0000,6,8,8,0,0,8,8,0.0000
6,20.0000,0,13,420.1201,-87.6212,0.3102,28,0.7179,0.7143,7,7,4,0,0,7,4,0.4286
6,20.0000,1,5,406.6335,-88.0851,-0.3788,23,0.5750,0.5000,4,6,4,0,0,6,4,0.3333
6,20.0000,1,14,396.0948,-86.8899,-0.0422,32,0.8000,0.5000,6,8,6,0,0,8,6,0.2500
6,20.0000,2,0,459.2511,-88.2022,0.0456,12,0.3077,1.0000,8,7,5,0,0,7,5,0.2857
6,20.0000,2,3,519.0613,-89.1126,0.1075,10,0.2564,0.7500,8,8,8,0,0,8,8,0.0000
6,20.0000,2,4,302.8965,-84.7929,-0.7885,38,0.9744,0.2000,5,6,2,0,0,6,2,0.6667
6,20.0000,2,6,509.7618,-88.8248,0.1831,15,0.3846,0.8750,8,8,8,0,0,8,8,0.0000
6,20.0000,2,7,638.1742,-89.2280,0.1765,3,0.0769,,0,8,8,0,0,8,8,0.0000
6,20.0000,2,8,621.0847,-88.0019,-0.7232,8,0.2051,1.0000,8,8,8,0,0,8,8,0.0000
6,20.0000,2,9,425.0867,-88.0340,-0.0593,21,0.5385,0.5000,6,8,4,0,0,8,4,0.5000
6,20.0000,3,0,640.1766,-88.7609,0.4874,3,0.0750,1.0000,8,6,6,0,0,6,6,0.0000
6,20.0000,3,2,519.0613,-88.2103,-0.1413,14,0.3500,0.8571,7,7,6,0,0,7,6,0.1429
6,20.0000,3,4,241.3358,-83.4202,-0.1104,39,0.9750,0.0000,4,6,2,0,0,6,2,0.6667
6,20.0000,3,6,529.0058,-88.7199,-0.8614,7,0.1750,0.8750,8,8,8,0,0,8,8,0.0000
6,20.0000,3,8,443.6262,-86.8723,-0.9643,31,0.7750,0.4000,5,8,7,0,0,8,7,0.1250
6,20.0000,3,9,132.5229,-79.2101,1.0348,40,1.0000,0.0000,4,4,0,0,0,4,0,1.0000
6,20.0000,4,0,573.6521,-88.6315,0.8851,4,0.1000,1.0000,8,8,8,0,0,8,8,0.0000
6,20.0000,4,2,302.8965,-84.7441,0.0394,38,0.9500,0.2000,5,5,1,0,0,5,1,0.8000
6,20.0000,4,3,241.3358,-83.4366,0.0777,39,0.9750,0.2000,5,4,0,0,0,4,0,1.0000
6,20.0000,4,6,452.0244,-88.4126,-0.0245,20,0.5000,1.0000,8,8,7,0,0,8,7,0.1250
6,20.0000,4,8,449.6473,-86.6733,-0.9837,35,0.8750,0.2000,5,7,6,0,0,7,6,0.1429
6,20.0000,4,9,134.4717,-80.6958,1.5922,40,1.0000,0.0000,56,4,0,52,0,56,0,1.0000
6,20.0000,5,1,406.6335,-87.4778,-0.2665,33,0.8250,0.4000,5,8,6,0,0,8,6,0.2500
6,20.0000,5,7,381.5958,-86.8431,0.0875,27,0.6750,0.0000,4,5,2,0,0,5,2,0.6000
6,20.0000,5,14,503.3232,-87.6948,-0.4214,20,0.5000,0.6667,6,8,8,0,0,8,8,0.0000
6,20.0000,6,0,540.7111,-88.3434,-0.3801,15,0.3750,0.8750,8,7,6,0,0,7,6,0.1429
6,20.0000,6,2,509.7618,-87.9219,-0.8210,13,0.3250,0.8571,7,8,8,0,0,8,8,0.0000
6,20.0000,6,3,529.0058,-88.9539,-0.1050,11,0.2750,0.7143,7,8,8,0,0,8,8,0.0000
6,20.0000,6,4,452.0244,-87.8973,0.2837,17,0.4250,1.0000,6,10,9,0,0,10,9,0.1000
6,20.0000,6,9,437.1271,-88.1005,-0.3313,22,0.5500,0.6667,6,7,5,0,0,7,5,0.2857
6,20.0000,7,1,625.7539,-89.2726,-0.0663,4,0.1000,1.0000,6,8,8,0,0,8,8,0.0000
6,20.0000,7,5,381.5958,-87.9096,0.0828,22,0.5500,0.5000,6,6,2,0,0,6,2,0.6667
6,20.0000,8,2,621.0847,-88.3997,-0.2046,9,0.2250,0.8750,8,8,8,0,0,8,8,0.0000
6,20.0000,8,3,443.6262,-86.2090,-0.7101,29,0.7250,0.6667,6,7,5,0,0,7,5,0.2857
6,20.0000,8,4,449.6473,-86.3542,-0.9990,28,0.7000,0.2000,5,8,8,0,0,8,8,0.0000
6,20.0000,8,9,473.7634,-88.5492,-0.3424,18,0.4500,0.5714,7,8,7,0,0,8,7,0.1250
6,20.0000,8,10,676.9315,-89.6409,0.0391,3,0.0750,1.0000,8,4,4,0,0,4,4,0.0000
6,20.0000,9,0,609.4743,-88.7025,0.1665,4,0.1000,1.0000,4,7,6,0,0,7,6,0.1429
6,20.0000,9,2,425.0867,-88.2362,0.1860,26,0.6500,0.7143,7,7,5,0,0,7,5,0.2857
6,20.0000,9,3,132.5229,-79.0054,1.0385,38,0.9500,0.0000,4,4,0,0,0,4,0,1.0000
6,20.0000,9,4,134.4717,-80.5711,1.3682,39,0.9750,0.0000,4,4,0,0,0,4,0,1.0000
6,20.0000,9,6,437.1271,-88.0918,0.0498,21,0.5250,0.8750,8,8,8,0,0,8,8,0.0000
6,20.0000,9,8,473.7634,-88.0164,-0.4935,27,0.6750,0.6000,5,8,7,0,0,8,7,0.1250
6,20.0000,10,8,676.9315,-89.5885,0.2444,3,0.0769,1.0000,8,2,2,0,0,2,2,0.0000
6,20.0000,10,11,479.3549,-87.3188,-0.7898,21,0.5385,0.8571,7,8,8,0,0,8,8,0.0000
6,20.0000,11,10,479.3549,-87.4921,-0.6356,20,0.5000,0.7143,7,8,8,0,0,8,8,0.0000
6,20.0000,13,0,420.1201,-87.7415,-0.2965,18,0.4500,0.4000,5,5,2,0,0,5,2,0.6000
6,20.0000,14,1,396.0948,-86.7708,-0.5708,30,0.7692,0.5000,6,7,5,0,0,7,5,0.2857
6,20.0000,14,5,503.3232,-87.6352,-0.1770,20,0.5128,1.0000,8,8,8,0,0,8,8,0.0000
6,24.0000,0,2,415.1251,-88.1595,-0.0545,20,0.5000,0.8571,7,5,2,0,0,5,2,0.6000
6,24.0000,0,4,530.1602,-89.0614,0.1968,7,0.1750,1.0000,8,7,6,0,0,7,6,0.1429
6,24.0000,0,6,554.1901,-88.0095,-0.0322,12,0.3000,0.8750,8,8,8,0,0,8,8,0.0000
6,24.0000,0,9,555.1721,-89.1872,-0.5130,5,0.1250,1.0000,8,7,6,0,0,7,6,0.1429
6,24.0000,0,13,430.9943,-87.8866,0.0827,27,0.6750,0.5714,7,7,6,0,0,7,6,0.1429
6,24.0000,1,5,402.2828,-87.4919,0.0221,22,0.5500,0.6667,6,7,4,0,0,7,4,0.4286
6,24.0000,1,7,566.9226,-88.5594,1.1092,4,0.1000,1.0000,8,8,8,0,0,8,8,0.0000
6,24.0000,1,14,519.6695,-88.3113,-0.1579,20,0.5000,0.7500,8,8,8,0,0,8,8,0.0000
6,24.0000,2,0,415.1251,-88.1443,0.2209,20,0.5000,0.7143,7,5,5,0,0,5,5,0.0000
6,24.0000,2,3,585.5601,-88.5679,-0.4622,7,0.1750,1.0000,8,6,6,0,0,6,6,0.0000
6,24.0000,2,4,335.9467,-86.3477,-0.0440,35,0.8750,0.3333,6,5,2,0,0,5,2,0.6000
6,24.0000,2,6,546.4936,-89.2011,-0.0439,12,0.3000,1.0000,8,8,8,0,0,8,8,0.0000
6,24.0000,2,9,409.2093,-88.1698,0.1914,25,0.6250,0.5000,8,6,3,0,0,6,3,0.5000
6,24.0000,3,2,585.5601,-88.9437,-0.9342,5,0.1250,0.8571,7,8,8,0,0,8,8,0.0000
6,24.0000,3,4,267.7010,-84.5261,-0.3011,38,0.9500,0.3333,6,4,0,0,0,4,0,1.0000
6,24.0000,3,6,527.5670,-88.6994,0.4517,9,0.2250,1.0000,8,7,6,0,0,7,6,0.1429
6,24.0000,3,8,598.4788,-87.9000,-0.3876,9,0.2250,0.8750,8,6,6,0,0,6,6,0.0000
6,24.0000,3,9,182.1745,-79.1938,-0.9625,39,0.9750,0.0000,4,4,0,0,0,4,0,1.0000
6,24.0000,4,0,530.1602,-88.6789,0.0332,7,0.1750,1.0000,8,7,6,0,0,7,6,0.1429
6,24.0000,4,2,335.9467,-86.8100,-0.2281,34,0.8500,0.2000,5,6,3,0,0,6,3,0.5000
6,24.0000,4,3,267.7010,-84.2113,-0.2802,40,1.0000,0.0000,4,5,1,0,0,5,1,0.8000
6,24.0000,4,6,429.9470,-88.6573,0.0801,19,0.4750,0.8750,8,8,7,0,0,8,7,0.1250
6,24.0000,4,8,616.4919,-88.9968,0.1615,7,0.1750,0.8571,7,4,4,0,0,4,4,0.0000
6,24.0000,4,9,96.9377,-75.9275,0.8212,40,1.0000,0.0000,56,4,0,52,0,56,0,1.0000
6,24.0000,5,1,402.2828,-87.6838,-0.1370,21,0.5250,0.7500,8,5,2,0,0,5,2,0.6000
6,24.0000,5,7,357.0030,-87.0971,0.6767,27,0.6750,0.4000,5,7,4,0,0,7,4,0.4286
6,24.0000,5,14,636.4183,-88.5301,0.0494,8,0.2000,1.0000,8,2,2,0,0,2,2,0.0000
6,24.0000,6,0,554.1901,-89.0426,-0.2254,5,0.1250,0.8571,7,6,6,0,0,6,6,0.0000
6,24.0000,6,2,546.4936,-87.6659,0.4297,9,0.2250,1.0000,8,8,8,0,0,8,8,0.0000
6,24.0000,6,3,527.5670,-89.0228,-0.0271,11,0.2750,1.0000,8,8,8,0,0,8,8,0.0000
6,24.0000,6,4,429.9470,-87.2423,0.6313,14,0.3500,0.9000,10,8,7,0,0,8,7,0.1250
6,24.0000,6,9,478.9579,-87.8409,0.0541,16,0.4000,0.7143,7,8,8,0,0,8,8,0.0000
6,24.0000,7,1,566.9226,-88.9526,0.1146,5,0.1250,1.0000,8,8,8,0,0,8,8,0.0000
6,24.0000,7,2,550.3064,-89.7332,-0.1099,4,0.1000,1.0000,6,7,6,0,0,7,6,0.1429
6,24.0000,7,5,357.0030,-86.9334,-0.2231,32,0.8000,0.3333,6,6,3,0,0,6,3,0.5000
6,24.0000,8,3,598.4788,-88.2523,0.3621,10,0.2500,0.7143,7,8,8,0,0,8,8,0.0000
6,24.0000,8,4,616.4919,-88.8707,-0.3085,16,0.4000,1.0000,8,8,8,0,0,8,8,0.0000
6,24.0000,8,9,571.0498,-88.1069,-0.5734,11,0.2750,0.8750,8,8,8,0,0,8,8,0.0000
6,24.0000,9,0,555.1721,-88.8782,-0.4810,8,0.2000,0.8571,7,8,8,0,0,8,8,0.0000
6,24.0000,9,2,409.2093,-88.2163,0.0520,23,0.5750,0.7143,7,6,4,0,0,6,4,0.3333
6,24.0000,9,3,182.1745,-79.5956,-0.6772,40,1.0000,0.0000,4,4,0,0,0,4,0,1.0000
6,24.0000,9,4,96.9377,-76.2404,0.8260,39,0.9750,0.0000,4,4,0,0,0,4,0,1.0000
6,24.0000,9,6,478.9579,-88.1001,-0.0387,18,0.4500,1.0000,8,8,8,0,0,8,8,0.0000
6,24.0000,9,8,571.0498,-88.6606,-0.4773,14,0.3500,0.8750,8,8,8,0,0,8,8,0.0000
6,24.0000,10,11,601.9859,-88.4277,-0.8355,10,0.2500,1.0000,8,6,6,0,0,6,6,0.0000
6,24.0000,11,10,601.9859,-88.7296,-0.2139,11,0.2750,1.0000,8,6,6,0,0,6,6,0.0000
6,24.0000,13,0,430.9943,-88.2927,0.1128,19,0.4750,0.4000,5,7,6,0,0,7,6,0.1429
6,24.0000,13,7,613.5096,-88.0547,-0.6268,3,0.0750,1.0000,6,8,8,0,0,8,8,0.0000
6,24.0000,14,1,519.6695,-88.1614,-0.1776,21,0.5250,0.7143,7,6,6,0,0,6,6,0.0000
6,24.0000,14,5,636.4183,-88.3787,-0.7759,8,0.2000,1.0000,8,8,8,0,0,8,8,0.0000
6,28.0000,0,2,387.3485,-87.1108,0.3237,24,0.5854,0.4000,5,5,1,0,0,5,1,0.8000
6,28.0000,0,3,661.5225,-89.0255,0.4366,3,0.0732,,0,4,4,0,0,4,4,0.0000
6,28.0000,0,4,500.2126,-88.6244,0.2671,10,0.2439,0.8571,7,7,6,0,0,7,6,0.1429
6,28.0000,0,6,588.1461,-88.7107,0.5177,4,0.0976,1.0000,8,8,8,0,0,8,8,0.0000
6,28.0000,0,9,533.4451,-88.6136,0.0644,8,0.1951,0.8571,7,8,8,0,0,8,8,0.0000
6,28.0000,0,13,474.1747,-88.6345,-0.4363,21,0.5122,0.8571,7,8,7,0,0,8,7,0.1250
6,28.0000,1,5,387.8622,-87.8859,0.0936,29,0.7250,0.5714,7,6,3,0,0,6,3,0.5000
6,28.0000,1,7,495.7651,-88.7361,-0.4572,9,0.2250,1.0000,8,8,8,0,0,8,8,0.0000
6,28.0000,1,8,484.7094,-88.9624,0.1837,8,0.2000,1.0000,8,6,4,0,0,6,4,0.3333
6,28.0000,1,14,656.6851,-87.6240,-0.0478,4,0.1000,1.0000,8,8,8,0,0,8,8,0.0000
6,28.0000,2,0,387.3485,-87.3843,-0.0679,25,0.6250,1.0000,5,6,2,0,0,6,2,0.6667
6,28.0000,2,4,368.6419,-86.6277,-0.1408,34,0.8500,0.4000,5,4,1,0,0,4,1,0.7500
6,28.0000,2,6,601.7487,-88.9409,-0.2719,8,0.2000,1.0000,8,8,8,0,0,8,8,0.0000
6,28.0000,2,7,520.9107,-88.2723,0.0763,9,0.2250,1.0000,6,10,9,0,0,10,9,0.1000
6,28.0000,2,9,401.1620,-87.1603,-0.1319,23,0.5750,0.5000,6,8,6,0,0,8,6,0.2500
6,28.0000,3,2,643.8394,-89.3483,-0.0135,3,0.0750,1.0000,8,6,6,0,0,6,6,0.0000
6,28.0000,3,4,291.2641,-84.8180,-0.3030,38,0.9500,0.0000,4,5,1,0,0,5,1,0.8000
6,28.0000,3,6,520.8896,-88.6890,-0.0512,14,0.3500,0.8571,7,8,7,0,0,8,7,0.1250
6,28.0000,3,9,283.7667,-83.2284,-0.8364,38,0.9500,0.0000,4,6,3,0,0,6,3,0.5000
6,28.0000,4,0,500.2126,-88.6755,-0.0422,11,0.2750,0.8571,7,8,7,0,0,8,7,0.1250
6,28.0000,4,2,368.6419,-85.9627,-0.2767,31,0.7750,0.5000,6,6,2,0,0,6,2,0.6667
6,28.0000,4,3,291.2641,-84.9871,0.1285,39,0.9750,0.2000,5,5,1,0,0,5,1,0.8000
6,28.0000,4,6,421.8895,-88.1252,-0.5762,20,0.5000,0.8750,8,5,2,0,0,5,2,0.6000
6,28.0000,4,9,150.8619,-76.5474,-1.3020,40,1.0000,0.0000,56,4,0,52,0,56,0,1.0000
6,28.0000,5,1,387.8622,-86.9725,-0.1091,25,0.6250,0.4000,5,8,7,0,0,8,7,0.1250
6,28.0000,5,7,333.1096,-86.1712,0.1360,31,0.7750,0.5714,7,4,0,0,0,4,0,1.0000
6,28.0000,6,0,588.1461,-88.6550,0.3942,5,0.1250,1.0000,6,8,8,0,0,8,8,0.0000
6,28.0000,6,2,601.7487,-89.1636,-0.2072,9,0.2250,1.0000,8,8,8,0,0,8,8,0.0000
6,28.0000,6,3,520.8896,-88.5570,-0.2887,16,0.4000,1.0000,8,8,8,0,0,8,8,0.0000
6,28.0000,6,4,421.8895,-88.2332,-0.2132,22,0.5500,0.8750,8,8,5,0,0,8,5,0.3750
6,28.0000,6,9,565.5886,-88.9139,0.2071,15,0.3750,1.0000,8,8,8,0,0,8,8,0.0000
6,28.0000,7,1,495.7651,-88.7763,-0.3442,7,0.1750,1.0000,8,8,7,0,0,8,7,0.1250
6,28.0000,7,2,520.9107,-88.3358,0.5277,6,0.1500,0.8571,7,8,8,0,0,8,8,0.0000
6,28.0000,7,5,333.1096,-86.8850,0.3766,34,0.8500,0.5000,6,5,1,0,0,5,1,0.8000
6,28.0000,7,13,559.7730,-88.4490,0.4560,3,0.0750,1.0000,8,8,8,0,0,8,8,0.0000
6,28.0000,8,1,484.7094,-88.6856,0.2420,9,0.2250,1.0000,6,7,5,0,0,7,5,0.2857
6,28.0000,8,9,664.7714,-88.3584,0.0671,3,0.0750,1.0000,8,6,6,0,0,6,6,0.0000
6,28.0000,9,0,533.4451,-88.8465,0.1875,10,0.2500,1.0000,8,7,6,0,0,7,6,0.1429
6,28.0000,9,2,401.1620,-87.6767,-0.2973,27,0.6750,0.6667,6,6,3,0,0,6,3,0.5000
6,28.0000,9,3,283.7667,-82.4380,-1.0989,40,1.0000,0.0000,4,6,4,0,0,6,4,0.3333
6,28.0000,9,4,150.8619,-76.4447,-1.0153,40,1.0000,0.0000,4,4,0,0,0,4,0,1.0000
6,28.0000,9,6,565.5886,-88.8689,0.6937,3,0.0750,1.0000,8,8,8,0,0,8,8,0.0000
6,28.0000,9,8,664.7714,-88.7098,0.0819,5,0.1250,1.0000,8,10,10,0,0,10,10,0.0000
6,28.0000,13,0,474.1747,-88.0820,-0.3067,16,0.4000,0.8571,7,8,7,0,0,8,7,0.1250
6,28.0000,13,2,567.6980,-88.0884,0.4155,4,0.1000,1.0000,6,6,6,0,0,6,6,0.0000
6,28.0000,13,5,561.3573,-89.3763,-0.1820,4,0.1000,,0,8,7,0,0,8,7,0.1250
6,28.0000,13,7,559.7730,-87.3715,0.1025,3,0.0750,1.0000,8,7,6,0,0,7,6,0.1429
6,28.0000,14,1,656.6851,-88.5346,0.0865,5,0.1250,1.0000,6,8,8,0,0,8,8,0.0000
6,32.0000,0,2,298.8149,-87.0826,0.4928,31,0.7949,0.2000,5,4,0,0,0,4,0,1.0000
6,32.0000,0,4,391.2015,-87.9822,0.7842,13,0.3333,0.8571,7,6,4,0,0,6,4,0.3333
6,32.0000,0,6,521.9336,-88.8716,0.2935,6,0.1538,1.0000,8,6,4,0,0,6,4,0.3333
6,32.0000,0,9,465.6447,-88.4680,0.1583,16,0.4103,1.0000,8,8,8,0,0,8,8,0.0000
6,32.0000,0,13,483.1366,-89.1552,0.4058,10,0.2564,0.8750,8,8,7,0,0,8,7,0.1250
6,32.0000,1,5,357.5343,-86.7933,0.3577,29,0.7250,0.5000,6,5,1,0,0,5,1,0.8000
6,32.0000,1,7,428.8224,-87.9980,0.2628,17,0.4250,1.0000,8,6,3,0,0,6,3,0.5000
6,32.0000,1,8,418.7787,-87.4161,0.1570,23,0.5750,0.6667,6,6,4,0,0,6,4,0.3333
6,32.0000,2,0,298.8149,-86.1244,0.5578,33,0.8250,0.3333,6,5,2,0,0,5,2,0.6000
6,32.0000,2,4,395.9607,-86.8794,0.0059,29,0.7250,0.2500,4,9,7,0,0,9,7,0.2222
6,32.0000,2,6,568.4838,-88.3756,-0.7335,7,0.1750,1.0000,8,8,8,0,0,8,8,0.0000
6,32.0000,2,7,553.8899,-88.9829,0.0665,14,0.3500,0.9000,10,6,6,0,0,6,6,0.0000
6,32.0000,2,9,433.1851,-88.0984,-0.0112,21,0.5250,0.7500,8,7,5,0,0,7,5,0.2857
6,32.0000,2,13,539.9582,-88.9766,-0.2884,10,0.2500,0.8750,8,8,8,0,0,8,8,0.0000
6,32.0000,3,4,315.9618,-85.6323,0.0300,38,0.9500,0.2000,5,5,1,0,0,5,1,0.8000
6,32.0000,3,6,496.0105,-88.6868,-0.0527,15,0.3750,0.8750,8,8,8,0,0,8,8,0.0000
6,32.0000,3,9,416.2041,-86.5495,-0.2483,30,0.7500,0.5000,6,7,5,0,0,7,5,0.2857
6,32.0000,4,0,391.2015,-87.9587,0.3614,19,0.4750,0.8750,8,5,2,0,0,5,2,0.6000
6,32.0000,4,2,395.9607,-86.8991,0.0320,27,0.6750,0.3333,6,6,4,0,0,6,4,0.3333
6,32.0000,4,3,315.9618,-85.7940,-0.2802,38,0.9500,0.2000,5,4,0,0,0,4,0,1.0000
6,32.0000,4,6,361.6275,-87.8212,0.1548,22,0.5500,0.4000,5,7,3,0,0,7,3,0.5714
6,32.0000,4,9,273.6289,-82.6224,-1.0759,40,1.0000,0.0000,56,6,4,76,34,82,38,0.5366
6,32.0000,5,1,357.5343,-87.0637,0.1150,28,0.7000,0.8750,8,6,3,0,0,6,3,0.5000
6,32.0000,5,7,322.3501,-87.1397,-0.0290,29,0.7250,0.0000,4,4,0,0,0,4,0,1.0000
6,32.0000,5,13,466.4242,-88.5179,0.0769,9,0.2250,0.8571,7,7,4,0,0,7,4,0.4286
6,32.0000,6,0,521.9336,-87.2662,0.6647,6,0.1500,1.0000,8,8,7,0,0,8,7,0.1250
6,32.0000,6,2,568.4838,-89.1728,0.0712,6,0.1500,1.0000,8,8,8,0,0,8,8,0.0000
6,32.0000,6,3,496.0105,-88.7923,-0.1023,16,0.4000,1.0000,8,7,6,0,0,7,6,0.1429
6,32.0000,6,4,361.6275,-87.7182,0.3858,27,0.6750,0.6250,8,6,3,0,0,6,3,0.5000
6,32.0000,6,9,634.5664,-89.2343,-0.0659,7,0.1750,1.0000,8,6,6,0,0,6,6,0.0000
6,32.0000,7,1,428.8224,-88.8465,0.2250,16,0.4000,0.8750,8,5,2,0,0,5,2,0.6000
6,32.0000,7,2,553.8899,-88.6011,-0.1359,14,0.3500,1.0000,8,8,8,0,0,8,8,0.0000
6,32.0000,7,5,322.3501,-86.6262,0.4824,34,0.8500,0.2000,5,4,0,0,0,4,0,1.0000
6,32.0000,7,9,531.7653,-88.8692,-0.2653,7,0.1750,1.0000,8,7,5,0,0,7,5,0.2857
6,32.0000,7,13,512.1988,-88.1633,0.6395,13,0.3250,1.0000,8,7,5,0,0,7,5,0.2857
6,32.0000,8,1,418.7787,-88.5995,-0.2577,17,0.4250,0.7143,7,7,5,0,0,7,5,0.2857
6,32.0000,8,9,744.2610,-88.7043,0.1991,3,0.0750,1.0000,6,4,4,0,0,4,4,0.0000
6,32.0000,8,11,578.9818,-88.8431,-0.3683,4,0.1000,1.0000,4,8,8,0,0,8,8,0.0000
6,32.0000,9,0,465.6447,-88.6035,-0.1038,16,0.4000,0.8571,7,7,6,0,0,7,6,0.1429
6,32.0000,9,1,609.7039,-88.8837,-0.5535,4,0.1000,1.0000,6,7,6,0,0,7,6,0.1429
6,32.0000,9,2,433.1851,-87.6256,0.4339,21,0.5250,0.5000,6,7,6,0,0,7,6,0.1429
6,32.0000,9,3,416.2041,-86.7093,-0.8460,31,0.7750,0.6667,6,7,6,0,0,7,6,0.1429
6,32.0000,9,4,273.6289,-81.9801,-2.2069,40,1.0000,0.0000,4,4,0,0,0,4,0,1.0000
6,32.0000,9,5,639.0538,-88.9162,-0.5143,4,0.1000,,0,8,8,0,0,8,8,0.0000
6,32.0000,9,6,634.5664,-89.2578,-0.0463,5,0.1250,1.0000,8,8,8,0,0,8,8,0.0000
6,32.0000,9,7,531.7653,-89.0046,-0.2645,4,0.1000,1.0000,4,7,6,0,0,7,6,0.1429
6,32.0000,9,13,473.4423,-88.5304,0.1693,7,0.1750,0.8750,8,6,2,0,0,6,2,0.6667
6,32.0000,11,8,578.9818,-89.4381,0.3639,3,0.0750,1.0000,6,8,8,0,0,8,8,0.0000
6,32.0000,13,0,483.1366,-88.2446,-0.0119,20,0.5000,0.8750,8,8,7,0,0,8,7,0.1250
6,32.0000,13,2,539.9582,-89.0451,-0.2254,5,0.1250,1.0000,6,8,8,0,0,8,8,0.0000
6,32.0000,13,4,650.8173,-88.3944,-0.2338,3,0.0750,1.0000,4,6,6,0,0,6,6,0.0000
6,32.0000,13,5,466.4242,-87.8954,0.3799,14,0.3500,0.8750,8,6,3,0,0,6,3,0.5000
6,32.0000,13,7,512.1988,-88.5705,0.3206,11,0.2750,0.8571,7,6,5,0,0,6,5,0.1667
6,32.0000,13,9,473.4423,-88.6151,0.2150,8,0.2000,0.7500,4,7,5,0,0,7,5,0.2857
6,36.0000,0,2,281.7830,-85.1405,0.3281,38,0.9268,0.0000,4,7,4,0,0,7,4,0.4286
6,36.0000,0,3,543.1748,-88.8752,-0.1606,7,0.1707,1.0000,8,7,6,0,0,7,6,0.1429
6,36.0000,0,4,297.5945,-86.7217,0.3732,35,0.8537,0.6667,6,4,0,0,0,4,0,1.0000
6,36.0000,0,6,463.3714,-87.6761,0.2936,16,0.3902,0.6667,6,8,7,0,0,8,7,0.1250
6,36.0000,0,9,399.5088,-87.9884,0.2690,21,0.5122,1.0000,8,6,3,0,0,6,3,0.5000
6,36.0000,0,13,487.8137,-88.2532,0.1287,20,0.4878,0.8750,8,8,7,0,0,8,7,0.1250
6,36.0000,1,5,323.5413,-86.7660,0.0173,28,0.7000,0.2000,5,5,1,0,0,5,1,0.8000
6,36.0000,1,7,363.6374,-88.4249,0.0361,24,0.6000,0.5000,6,4,0,0,0,4,0,1.0000
6,36.0000,1,8,441.5085,-87.1350,-0.4308,21,0.5250,0.6667,6,7,6,0,0,7,6,0.1429
6,36.0000,1,9,472.0535,-88.5243,0.1927,8,0.2000,1.0000,8,7,5,49,48,56,53,0.0536
6,36.0000,1,11,675.5073,-88.4963,0.6763,4,0.1000,1.0000,4,6,6,0,0,6,6,0.0000
6,36.0000,2,0,281.7830,-84.9690,-0.1424,39,0.9750,0.4000,5,4,0,0,0,4,0,1.0000
6,36.0000,2,4,451.3132,-87.3899,-0.4492,19,0.4750,0.7778,9,8,8,0,0,8,8,0.0000
6,36.0000,2,6,556.8516,-88.8662,-0.1560,5,0.1250,1.0000,8,6,3,0,0,6,3,0.5000
6,36.0000,2,7,618.9963,-88.6550,0.2800,7,0.1750,1.0000,6,2,2,0,0,2,2,0.0000
6,36.0000,2,9,490.7634,-88.1099,-1.6355,14,0.3500,0.7143,7,8,8,0,0,8,8,0.0000
6,36.0000,2,13,586.7243,-89.2379,0.0491,7,0.1750,1.0000,8,8,8,0,0,8,8,0.0000
6,36.0000,3,0,543.1748,-88.9247,0.3507,9,0.2250,1.0000,8,8,8,0,0,8,8,0.0000
6,36.0000,3,4,330.0775,-86.2916,0.1184,34,0.8500,0.2000,5,6,2,0,0,6,2,0.6667
6,36.0000,3,6,489.1515,-88.3124,-0.2264,14,0.3500,1.0000,8,7,6,0,0,7,6,0.1429
6,36.0000,3,9,557.0201,-88.0184,-0.1577,18,0.4500,0.7143,7,8,8,0,0,8,8,0.0000
6,36.0000,4,0,297.5945,-86.4960,0.7772,29,0.7250,0.4000,5,4,0,0,0,4,0,1.0000
6,36.0000,4,2,451.3132,-88.0613,-0.1625,20,0.5000,0.6667,6,7,6,0,0,7,6,0.1429
6,36.0000,4,3,330.0775,-85.7456,0.0661,35,0.8750,0.0000,4,7,4,0,0,7,4,0.4286
6,36.0000,4,6,300.9294,-86.6092,0.5620,37,0.9250,0.4286,7,4,0,0,0,4,0,1.0000
6,36.0000,4,9,415.9285,-86.3270,-0.9237,30,0.7500,0.4634,82,6,4,149,140,155,144,0.0710
6,36.0000,5,1,323.5413,-86.2896,0.1204,29,0.7250,0.5000,6,7,3,0,0,7,3,0.5714
6,36.0000,5,7,311.7999,-85.1247,-0.0673,30,0.7500,0.0000,4,5,1,0,0,5,1,0.8000
6,36.0000,5,9,482.4112,-88.8038,0.5076,9,0.2250,1.0000,8,7,5,0,0,7,5,0.2857
6,36.0000,5,13,373.5827,-87.8529,0.4507,25,0.6250,0.5714,7,8,5,0,0,8,5,0.3750
6,36.0000,6,0,463.3714,-88.5560,-0.1972,15,0.3750,0.8750,8,8,8,0,0,8,8,0.0000
6,36.0000,6,2,556.8516,-89.0079,0.5459,7,0.1750,1.0000,8,8,8,0,0,8,8,0.0000
6,36.0000,6,3,489.1515,-88.0765,-0.0605,10,0.2500,0.8571,7,7,6,0,0,7,6,0.1429
6,36.0000,6,4,300.9294,-86.7720,0.3457,30,0.7500,0.5000,6,4,0,0,0,4,0,1.0000
6,36.0000,7,1,363.6374,-88.0440,-0.0455,28,0.7000,0.4000,5,5,1,0,0,5,1,0.8000
6,36.0000,7,2,618.9963,-88.7527,0.2131,6,0.1500,1.0000,8,6,6,0,0,6,6,0.0000
6,36.0000,7,5,311.7999,-86.3473,0.0785,37,0.9250,0.0000,4,6,2,0,0,6,2,0.6667
6,36.0000,7,9,404.0126,-88.4630,-0.0432,17,0.4250,0.7143,7,6,3,0,0,6,3,0.5000
6,36.0000,7,13,468.0476,-88.1532,-0.6147,14,0.3500,0.7143,7,7,5,0,0,7,5,0.2857
6,36.0000,8,1,441.5085,-87.8500,-0.2033,21,0.5250,0.7143,7,7,5,0,0,7,5,0.2857
6,36.0000,8,11,505.5856,-88.4976,0.3190,5,0.1250,1.0000,8,8,8,0,0,8,8,0.0000
6,36.0000,9,0,399.5088,-87.5192,0.1821,28,0.7000,0.8571,7,6,4,0,0,6,4,0.3333
6,36.0000,9,1,472.0535,-88.9878,-0.0486,8,0.2000,0.8571,7,7,4,0,0,7,4,0.4286
6,36.0000,9,2,490.7634,-88.2346,-0.0703,17,0.4250,0.8571,7,8,8,10,10,18,18,0.0000
6,36.0000,9,3,557.0201,-88.4568,-0.1173,14,0.3500,0.8571,7,8,8,0,0,8,8,0.0000
6,36.0000,9,4,415.9285,-86.3536,-0.6527,34,0.8500,0.0000,4,8,7,0,0,8,7,0.1250
6,36.0000,9,5,482.4112,-89.0003,-0.2186,9,0.2250,1.0000,8,6,4,0,0,6,4,0.3333
6,36.0000,9,7,404.0126,-88.8886,-0.0789,14,0.3500,0.8571,7,6,3,9,6,15,9,0.4000
6,36.0000,9,13,301.6855,-87.4577,0.5132,26,0.6500,0.3333,6,4,0,0,0,4,0,1.0000
6,36.0000,11,8,505.5856,-88.7012,-0.2315,8,0.2000,1.0000,8,8,8,0,0,8,8,0.0000
6,36.0000,13,0,487.8137,-88.0938,0.4390,16,0.4000,0.8750,8,8,7,0,0,8,7,0.1250
6,36.0000,13,1,541.6705,-89.4284,0.0405,3,0.0750,1.0000,2,6,4,0,0,6,4,0.3333
6,36.0000,13,2,586.7243,-88.9536,0.0303,4,0.1000,1.0000,8,8,8,0,0,8,8,0.0000
6,36.0000,13,5,373.5827,-87.7460,0.1514,25,0.6250,0.5000,6,5,1,0,0,5,1,0.8000
6,36.0000,13,7,468.0476,-88.1807,0.2359,16,0.4000,0.8333,6,6,4,0,0,6,4,0.3333
6,36.0000,13,9,301.6855,-87.4988,0.4561,29,0.7250,0.7143,7,6,4,0,0,6,4,0.3333
6,40.0000,0,2,333.0380,-85.7147,-0.2678,35,0.8974,0.5714,7,6,2,0,0,6,2,0.6667
6,40.0000,0,3,524.1193,-88.4716,-0.0654,12,0.3077,0.8571,7,8,8,0,0,8,8,0.0000
6,40.0000,0,4,258.6499,-84.6285,0.0138,37,0.9487,0.0000,4,4,0,0,0,4,0,1.0000
6,40.0000,0,6,449.2187,-87.6045,0.2710,19,0.4872,0.8750,8,6,3,0,0,6,3,0.5000
6,40.0000,0,9,364.3747,-86.8254,-0.3341,27,0.6923,0.5000,6,6,3,0,0,6,3,0.5000
6,40.0000,0,13,498.8955,-87.7193,0.5875,13,0.3333,0.8750,8,6,4,0,0,6,4,0.3333
6,40.0000,1,5,288.4983,-85.4991,-0.1796,38,0.9500,0.2000,5,5,1,0,0,5,1,0.8000
6,40.0000,1,7,308.8949,-86.6362,0.3351,34,0.8500,0.0000,4,6,2,0,0,6,2,0.6667
6,40.0000,1,8,553.6232,-88.4515,-0.4111,14,0.3500,0.8571,7,8,7,0,0,8,7,0.1250
6,40.0000,1,9,386.6461,-87.7672,0.3582,26,0.6500,0.9464,56,6,3,97,83,103,86,0.1650
6,40.0000,1,13,387.8498,-87.9285,0.3964,18,0.4500,0.6667,6,5,2,0,0,5,2,0.6000
6,40.0000,2,0,333.0380,-86.0826,-0.8175,34,0.8500,0.0000,4,5,2,0,0,5,2,0.6000
6,40.0000,2,4,486.9056,-88.1211,-0.1976,15,0.3750,1.0000,8,7,7,0,0,7,7,0.0000
6,40.0000,2,6,554.9309,-89.0338,-0.1480,9,0.2250,0.5000,6,8,7,0,0,8,7,0.1250
6,40.0000,2,9,511.8045,-89.1510,-0.3454,8,0.2000,1.0000,8,8,7,10,6,18,13,0.2778
6,40.0000,2,13,665.6513,-88.7703,0.3664,8,0.2000,1.0000,8,8,8,0,0,8,8,0.0000
6,40.0000,3,0,524.1193,-88.2200,0.4174,10,0.2500,1.0000,8,8,8,0,0,8,8,0.0000
6,40.0000,3,4,359.3927,-86.9839,-0.1232,31,0.7750,0.3333,6,4,0,0,0,4,0,1.0000
6,40.0000,3,6,503.2460,-87.8255,0.1622,17,0.4250,0.8571,7,8,8,0,0,8,8,0.0000
6,40.0000,4,0,258.6499,-85.2086,0.4538,41,1.0000,0.0000,4,4,0,0,0,4,0,1.0000
6,40.0000,4,2,486.9056,-88.2704,0.1187,14,0.3415,0.8571,7,8,8,93,84,101,92,0.0891
6,40.0000,4,3,359.3927,-86.1053,-0.3705,33,0.8049,0.5714,7,8,5,0,0,8,5,0.3750
6,40.0000,4,6,250.6489,-84.9269,0.7819,41,1.0000,0.0000,4,4,0,0,0,4,0,1.0000
6,40.0000,4,9,551.9496,-88.2139,-0.3520,16,0.3902,0.9290,155,8,8,108,108,116,116,0.0000
6,40.0000,5,1,288.4983,-85.6165,0.2489,31,0.7750,0.4286,7,5,1,0,0,5,1,0.8000
6,40.0000,5,7,301.5048,-85.8426,0.3680,33,0.8250,0.2000,5,4,0,0,0,4,0,1.0000
6,40.0000,5,9,342.2355,-87.0709,0.4533,24,0.6000,0.7143,7,4,0,0,0,4,0,1.0000
6,40.0000,5,13,269.3035,-85.7575,0.9430,36,0.9000,0.6250,8,4,0,0,0,4,0,1.0000
6,40.0000,6,0,449.2187,-88.3315,0.2141,21,0.5250,1.0000,8,8,5,0,0,8,5,0.3750
6,40.0000,6,2,554.9309,-88.8296,-0.0110,5,0.1250,1.0000,8,8,8,0,0,8,8,0.0000
6,40.0000,6,3,503.2460,-88.3927,0.3480,9,0.2250,0.8571,7,8,8,0,0,8,8,0.0000
6,40.0000,6,4,250.6489,-85.1802,0.6666,38,0.9500,0.0000,4,4,0,0,0,4,0,1.0000
6,40.0000,7,1,308.8949,-86.2790,-0.1782,33,0.8049,0.2000,5,4,0,0,0,4,0,1.0000
6,40.0000,7,5,301.5048,-85.7253,0.0576,34,0.8293,0.3333,6,6,3,0,0,6,3,0.5000
6,40.0000,7,9,330.1060,-86.3654,0.2763,29,0.7073,0.5000,6,5,2,0,0,5,2,0.6000
6,40.0000,7,13,427.0440,-88.3462,-0.1685,23,0.5610,0.7143,7,6,4,0,0,6,4,0.3333
6,40.0000,8,1,553.6232,-88.6244,0.4878,17,0.4250,0.7143,7,8,8,0,0,8,8,0.0000
6,40.0000,8,10,594.2393,-89.3241,0.4706,5,0.1250,1.0000,8,8,8,0,0,8,8,0.0000
6,40.0000,8,11,480.4107,-88.1827,-0.2061,17,0.4250,1.0000,8,8,8,0,0,8,8,0.0000
6,40.0000,9,0,364.3747,-87.3056,0.4121,31,0.7750,0.6667,6,7,4,0,0,7,4,0.4286
6,40.0000,9,1,386.6461,-87.6241,0.2691,31,0.7750,0.5714,7,7,4,0,0,7,4,0.4286
6,40.0000,9,2,511.8045,-89.1686,0.1624,6,0.1500,1.0000,18,6,4,55,54,61,58,0.0492
6,40.0000,9,3,706.4837,-89.2166,0.6459,3,0.0750,1.0000,8,6,6,0,0,6,6,0.0000
6,40.0000,9,4,551.9496,-88.6574,-0.1367,10,0.2500,0.8750,8,8,7,0,0,8,7,0.1250
6,40.0000,9,5,342.2355,-87.0569,0.0772,26,0.6500,0.6667,6,5,2,0,0,5,2,0.6000
6,40.0000,9,7,330.1060,-86.7572,0.4294,33,0.8250,0.6000,15,4,0,7,1,11,1,0.9091
6,40.0000,9,13,198.8483,-84.1292,1.2314,40,1.0000,0.0000,4,4,0,0,0,4,0,1.0000
6,40.0000,10,8,594.2393,-88.8709,0.4182,4,0.1000,1.0000,6,8,8,0,0,8,8,0.0000
6,40.0000,11,8,480.4107,-88.4088,0.5255,13,0.3250,1.0000,8,7,6,0,0,7,6,0.1429
6,40.0000,13,0,498.8955,-88.0805,-0.0046,8,0.2000,0.8750,8,7,6,0,0,7,6,0.1429
6,40.0000,13,1,387.8498,-88.2540,0.4053,17,0.4250,0.6667,6,5,1,0,0,5,1,0.8000
6,40.0000,13,2,665.6513,-89.2869,-0.2334,5,0.1250,1.0000,8,8,8,0,0,8,8,0.0000
6,40.0000,13,4,698.1006,-89.4555,-0.1600,4,0.1000,1.0000,2,8,8,0,0,8,8,0.0000
6,40.0000,13,5,269.3035,-86.4387,0.5203,36,0.9000,0.2000,5,4,0,0,0,4,0,1.0000
6,40.0000,13,7,427.0440,-87.8898,0.2875,16,0.4000,0.6667,6,8,6,0,0,8,6,0.2500
6,40.0000,13,9,198.8483,-83.7574,1.1478,40,1.0000,0.6667,6,4,0,0,0,4,0,1.0000
6,40.0000,14,11,597.3376,-89.2344,0.0899,4,0.1000,1.0000,8,8,8,0,0,8,8,0.0000
6,44.0000,0,2,362.1963,-86.6941,0.2004,30,0.7500,0.3333,6,7,5,0,0,7,5,0.2857
6,44.0000,0,3,480.2246,-88.9490,0.0509,12,0.3000,1.0000,8,7,4,0,0,7,4,0.4286
6,44.0000,0,4,283.4851,-85.1459,-0.5804,39,0.9750,0.0000,4,5,2,0,0,5,2,0.6000
6,44.0000,0,5,611.0305,-89.2072,-0.0322,4,0.1000,,0,4,4,0,0,4,4,0.0000
6,44.0000,0,6,387.3227,-87.2915,0.0238,22,0.5500,0.5000,6,6,3,0,0,6,3,0.5000
6,44.0000,0,9,396.8663,-87.0005,-0.6106,29,0.7250,0.5000,6,8,6,58,50,66,56,0.1515
6,44.0000,0,13,518.9521,-88.4862,-0.4336,12,0.3000,0.6667,6,8,7,0,0,8,7,0.1250
6,44.0000,1,0,584.5186,-88.9557,0.2960,4,0.1000,1.0000,6,6,6,0,0,6,6,0.0000
6,44.0000,1,5,284.0797,-84.8590,0.2174,38,0.9500,0.2000,5,5,1,0,0,5,1,0.8000
6,44.0000,1,7,280.4016,-85.0927,0.2243,40,1.0000,0.3333,6,4,0,0,0,4,0,1.0000
6,44.0000,1,9,399.7341,-87.1439,-0.5501,26,0.6500,0.8350,103,7,6,98,87,105,93,0.1143
6,44.0000,1,13,285.7450,-85.6411,1.1727,31,0.7750,0.4000,5,4,0,0,0,4,0,1.0000
6,44.0000,2,0,362.1963,-86.5467,-0.3356,32,0.7805,0.4000,5,7,5,0,0,7,5,0.2857
6,44.0000,2,4,518.7500,-88.6405,0.1769,18,0.4390,1.0000,7,7,7,0,0,7,7,0.0000
6,44.0000,2,6,549.8655,-88.9464,-0.3765,8,0.1951,0.8750,8,8,8,0,0,8,8,0.0000
6,44.0000,2,7,546.0260,-88.5870,-0.1384,5,0.1220,1.0000,22,7,5,0,0,7,5,0.2857
6,44.0000,2,9,411.0761,-87.8486,0.2290,18,0.4390,0.7222,18,7,4,13,8,20,12,0.4000
6,44.0000,3,0,480.2246,-88.2490,-0.2880,13,0.3250,1.0000,8,7,6,0,0,7,6,0.1429
6,44.0000,3,4,381.5776,-88.0299,0.1817,24,0.6000,0.0000,4,7,5,0,0,7,5,0.2857
6,44.0000,3,6,462.8141,-88.4101,0.1063,12,0.3000,1.0000,8,8,7,0,0,8,7,0.1250
6,44.0000,4,0,283.4851,-84.3118,-0.2086,38,0.9744,0.0000,4,7,3,90,65,97,68,0.2990
6,44.0000,4,2,518.7500,-88.3515,-0.7119,20,0.5128,0.9109,101,8,8,103,101,111,109,0.0180
6,44.0000,4,3,381.5776,-87.9168,-0.2420,24,0.6154,0.6250,8,7,4,0,0,7,4,0.4286
6,44.0000,4,6,131.3514,-81.2227,1.3822,39,1.0000,0.0000,4,4,0,0,0,4,0,1.0000
6,44.0000,4,9,678.5061,-89.1565,0.0672,6,0.1538,1.0000,116,2,2,2,2,4,4,0.0000
6,44.0000,5,1,284.0797,-85.1237,-0.1064,37,0.9250,0.2000,5,4,0,0,0,4,0,1.0000
6,44.0000,5,7,298.8419,-85.2993,0.0773,35,0.8750,0.0000,4,6,4,0,0,6,4,0.3333
6,44.0000,5,9,254.6495,-85.4364,0.5291,36,0.9000,0.0000,4,4,0,0,0,4,0,1.0000
6,44.0000,5,13,177.3152,-82.8450,0.9798,38,0.9500,0.0000,4,4,0,0,0,4,0,1.0000
6,44.0000,6,0,387.3227,-88.0161,0.2647,29,0.7073,0.6250,8,5,2,0,0,5,2,0.6000
6,44.0000,6,2,549.8655,-88.6623,-0.3375,7,0.1707,1.0000,8,7,6,0,0,7,6,0.1429
6,44.0000,6,3,462.8141,-87.8638,0.3953,15,0.3659,1.0000,8,6,4,0,0,6,4,0.3333
6,44.0000,6,4,131.3514,-81.5125,1.5364,41,1.0000,0.0000,4,4,0,0,0,4,0,1.0000
6,44.0000,7,0,580.7216,-89.5466,-0.0063,4,0.1000,1.0000,6,8,8,0,0,8,8,0.0000
6,44.0000,7,1,280.4016,-86.0814,0.0810,35,0.8750,0.0000,4,4,0,0,0,4,0,1.0000
6,44.0000,7,2,546.0260,-89.1900,0.7479,5,0.1250,1.0000,6,8,8,0,0,8,8,0.0000
6,44.0000,7,5,298.8419,-85.3249,-0.0461,35,0.8750,0.5000,6,4,0,0,0,4,0,1.0000
6,44.0000,7,9,345.6239,-85.6334,0.0279,30,0.7500,0.4000,5,7,5,0,0,7,5,0.2857
6,44.0000,7,13,400.5131,-87.3872,0.1138,11,0.2750,0.6667,6,7,3,0,0,7,3,0.5714
6,44.0000,8,10,558.5034,-89.0828,-0.6867,4,0.1026,1.0000,8,8,8,0,0,8,8,0.0000
6,44.0000,8,11,508.5378,-88.0065,0.0424,14,0.3590,1.0000,8,8,7,0,0,8,7,0.1250
6,44.0000,9,0,396.8663,-86.8858,-0.1419,29,0.7250,0.5714,7,8,8,0,0,8,8,0.0000
6,44.0000,9,1,399.7341,-87.2430,0.0942,25,0.6250,0.5714,7,8,7,0,0,8,7,0.1250
6,44.0000,9,2,411.0761,-88.4430,-0.2364,14,0.3500,0.9508,61,6,3,32,29,38,32,0.1579
6,44.0000,9,4,678.5061,-88.8009,0.0332,7,0.1750,0.8750,8,4,4,2,2,6,6,0.0000
6,44.0000,9,5,254.6495,-85.2763,0.7165,37,0.9250,0.4000,5,5,1,0,0,5,1,0.8000
6,44.0000,9,7,345.6239,-86.4694,-0.1097,32,0.8000,0.0909,11,6,4,9,4,15,8,0.4667
6,44.0000,9,13,241.1575,-81.9367,-0.4692,39,0.9750,0.0000,4,5,1,0,0,5,1,0.8000
6,44.0000,10,8,558.5034,-89.0342,-0.5797,5,0.1250,1.0000,8,8,8,0,0,8,8,0.0000
6,44.0000,11,8,508.5378,-87.9717,-0.4643,11,0.2750,0.8571,7,8,7,0,0,8,7,0.1250
6,44.0000,11,14,556.5825,-89.2078,0.1579,5,0.1250,1.0000,8,8,8,0,0,8,8,0.0000
6,44.0000,13,0,518.9521,-88.4842,-0.2325,16,0.4000,0.8571,7,8,8,0,0,8,8,0.0000
6,44.0000,13,1,285.7450,-86.0084,0.6413,36,0.9000,0.2000,5,4,0,0,0,4,0,1.0000
6,44.0000,13,2,640.8468,-89.6419,-0.0420,3,0.0750,1.0000,8,8,8,0,0,8,8,0.0000
6,44.0000,13,5,177.3152,-82.7440,0.8669,40,1.0000,0.0000,4,4,0,0,0,4,0,1.0000
6,44.0000,13,7,400.5131,-87.4833,-0.2072,24,0.6000,0.7500,8,6,2,0,0,6,2,0.6667
6,44.0000,13,9,241.1575,-82.0486,0.0445,39,0.9750,0.0000,4,5,1,0,0,5,1,0.8000
6,44.0000,14,11,556.5825,-88.9666,-0.0003,10,0.2439,1.0000,8,8,8,0,0,8,8,0.0000
6,48.0000,0,1,469.7030,-88.0562,0.3600,6,0.1500,1.0000,8,6,4,0,0,6,4,0.3333
6,48.0000,0,2,418.9440,-87.2097,-0.0019,26,0.6500,0.7143,7,5,2,2,2,7,4,0.4286
6,48.0000,0,3,407.8252,-87.7475,-0.0210,14,0.3500,0.5714,7,7,5,0,0,7,5,0.2857
6,48.0000,0,4,374.4943,-86.1804,-0.1093,36,0.9000,0.4000,5,6,3,0,0,6,3,0.5000
6,48.0000,0,5,532.7191,-89.0794,-0.0498,5,0.1250,1.0000,4,8,6,0,0,8,6,0.2500
6,48.0000,0,6,325.0463,-86.7514,0.3899,27,0.6750,0.5000,6,6,2,0,0,6,2,0.6667
6,48.0000,0,7,541.1651,-89.0157,-0.6302,7,0.1750,1.0000,8,8,8,26,23,34,31,0.0882
6,48.0000,0,9,487.0051,-88.0382,-0.1959,20,0.5000,0.8485,66,8,8,32,30,40,38,0.0500
6,48.0000,0,13,566.7204,-88.8296,-0.1724,11,0.2750,0.8750,8,8,8,0,0,8,8,0.0000
6,48.0000,1,0,469.7030,-89.1102,0.2286,10,0.2500,1.0000,6,7,6,8,8,15,14,0.0667
6,48.0000,1,2,601.4405,-89.6254,0.0002,4,0.1000,1.0000,2,8,8,0,0,8,8,0.0000
6,48.0000,1,5,306.0672,-85.1856,-0.0135,38,0.9500,0.2000,5,4,0,33,22,37,22,0.4054
6,48.0000,1,7,283.6364,-85.2693,-0.3565,36,0.9000,0.0000,4,5,1,0,0,5,1,0.8000
6,48.0000,1,9,524.7461,-87.5009,-0.5225,14,0.3500,0.8857,105,8,8,53,52,61,60,0.0164
6,48.0000,1,10,571.8352,-89.3536,0.0634,3,0.0750,1.0000,6,8,8,0,0,8,8,0.0000
6,48.0000,1,13,287.6567,-84.5750,0.1368,35,0.8750,0.0000,4,5,1,0,0,5,1,0.8000
6,48.0000,2,0,418.9440,-87.1796,-0.5485,26,0.6667,0.7143,7,8,8,0,0,8,8,0.0000
6,48.0000,2,4,642.1253,-88.7092,-0.6418,4,0.1026,1.0000,7,2,2,0,0,2,2,0.0000
6,48.0000,2,5,505.3654,-88.1678,0.4543,6,0.1538,1.0000,8,5,3,0,0,5,3,0.4000
6,48.0000,2,6,549.9939,-87.9844,-0.5189,12,0.3077,1.0000,8,8,7,0,0,8,7,0.1250
6,48.0000,2,7,454.1793,-88.6950,0.1492,10,0.2564,0.7143,7,6,2,0,0,6,2,0.6667
6,48.0000,2,9,337.7033,-86.8535,0.2138,29,0.7436,0.6000,20,5,1,1,0,6,1,0.8333
6,48.0000,2,13,621.8915,-89.1493,0.2365,7,0.1795,1.0000,6,8,8,0,0,8,8,0.0000
6,48.0000,3,0,407.8252,-87.8716,-0.0133,22,0.5500,0.8571,7,6,4,0,0,6,4,0.3333
6,48.0000,3,4,366.4003,-86.6535,0.1976,28,0.7000,0.7143,7,5,1,0,0,5,1,0.8000
6,48.0000,3,6,427.7646,-88.4928,-0.1627,14,0.3500,0.8750,8,8,6,0,0,8,6,0.2500
6,48.0000,4,0,374.4943,-86.2880,-0.7671,31,0.7750,0.7010,97,7,5,148,130,155,135,0.1290
6,48.0000,4,3,366.4003,-87.4280,-0.1181,31,0.7750,0.5714,7,7,4,0,0,7,4,0.4286
6,48.0000,4,6,142.8013,-77.5022,0.0675,40,1.0000,0.0000,4,4,0,0,0,4,0,1.0000
6,48.0000,5,1,306.0672,-85.8620,-0.1445,38,0.9744,0.0000,4,6,3,0,0,6,3,0.5000
6,48.0000,5,2,505.3654,-88.4618,0.4447,4,0.1026,1.0000,6,6,4,31,28,37,32,0.1351
6,48.0000,5,7,307.0103,-85.4691,-0.1006,36,0.9231,0.6667,6,4,0,0,0,4,0,1.0000
6,48.0000,5,9,285.3278,-84.8850,-0.7537,37,0.9487,0.0000,4,5,1,0,0,5,1,0.8000
6,48.0000,5,13,136.9065,-79.1580,0.8710,38,0.9744,0.0000,4,4,0,0,0,4,0,1.0000
6,48.0000,6,0,325.0463,-87.3135,0.4107,26,0.6500,0.4000,5,5,2,0,0,5,2,0.6000
6,48.0000,6,2,549.9939,-88.7853,0.1232,9,0.2250,0.8571,7,8,7,0,0,8,7,0.1250
6,48.0000,6,3,427.7646,-87.9876,0.4253,21,0.5250,0.6667,6,6,4,0,0,6,4,0.3333
6,48.0000,6,4,142.8013,-77.5145,-0.0897,40,1.0000,0.0000,4,3,0,0,0,3,0,1.0000
6,48.0000,7,0,541.1651,-88.5413,0.0762,9,0.2250,1.0000,8,8,8,0,0,8,8,0.0000
6,48.0000,7,1,283.6364,-85.4192,-0.4587,37,0.9250,0.0000,4,5,2,0,0,5,2,0.6000
6,48.0000,7,2,454.1793,-88.4843,-0.3022,14,0.3500,1.0000,8,8,5,0,0,8,5,0.3750
6,48.0000,7,5,307.0103,-85.7646,-0.2302,40,1.0000,0.0000,4,4,0,0,0,4,0,1.0000
6,48.0000,7,9,455.5688,-87.6892,-0.4639,28,0.7000,0.7143,7,8,8,0,0,8,8,0.0000
6,48.0000,7,13,394.4133,-87.3188,0.0342,31,0.7750,0.4286,7,7,5,0,0,7,5,0.2857
6,48.0000,8,10,577.7044,-88.6145,0.4193,9,0.2195,1.0000,8,8,8,0,0,8,8,0.0000
6,48.0000,8,11,586.2013,-88.2129,-0.3055,10,0.2439,0.8750,8,8,8,0,0,8,8,0.0000
6,48.0000,9,0,487.0051,-87.8138,0.0642,15,0.3659,1.0000,8,7,6,0,0,7,6,0.1429
6,48.0000,9,1,524.7461,-87.9240,0.0000,21,0.5122,0.8750,8,8,8,0,0,8,8,0.0000
6,48.0000,9,2,337.7033,-86.7448,0.2734,30,0.7317,0.8421,38,5,2,9,6,14,8,0.4286
6,48.0000,9,5,285.3278,-84.6980,-0.1353,40,0.9756,0.2000,5,5,2,0,0,5,2,0.6000
6,48.0000,9,7,455.5688,-87.1674,-0.5844,23,0.5610,0.5333,15,6,5,2,2,8,7,0.1250
6,48.0000,9,12,566.5205,-88.9052,0.5917,7,0.1707,1.0000,4,7,5,0,0,7,5,0.2857
6,48.0000,9,13,387.8345,-85.7027,-1.1352,36,0.8780,0.2000,5,8,8,0,0,8,8,0.0000
6,48.0000,10,1,571.8352,-88.7741,0.8559,5,0.1250,1.0000,8,8,6,0,0,8,6,0.2500
6,48.0000,10,8,577.7044,-88.7704,-0.1408,9,0.2250,1.0000,8,8,8,0,0,8,8,0.0000
6,48.0000,11,8,586.2013,-88.7542,0.2450,10,0.2564,0.8750,8,8,8,0,0,8,8,0.0000
6,48.0000,11,14,550.0304,-88.6189,0.4212,9,0.2308,1.0000,8,8,7,0,0,8,7,0.1250
6,48.0000,13,0,566.7204,-88.6138,0.8830,8,0.2000,1.0000,8,8,8,0,0,8,8,0.0000
6,48.0000,13,1,287.6567,-84.7273,-0.1892,36,0.9000,0.0000,4,6,3,0,0,6,3,0.5000
6,48.0000,13,5,136.9065,-79.3106,0.4548,37,0.9250,0.0000,4,4,0,0,0,4,0,1.0000
6,48.0000,13,7,394.4133,-87.2788,0.3939,26,0.6500,0.3333,6,5,4,0,0,5,4,0.2000
6,48.0000,13,9,387.8345,-86.4718,-0.6656,29,0.7250,0.2000,5,7,6,0,0,7,6,0.1429
6,48.0000,14,11,550.0304,-88.5843,-0.4747,10,0.2500,1.0000,8,8,8,0,0,8,8,0.0000
6,52.0000,0,1,337.0549,-87.3261,-0.0044,27,0.6750,0.6667,6,5,1,18,5,23,6,0.7391
6,52.0000,0,2,451.0425,-88.3160,-0.2646,17,0.4250,0.5714,7,7,6,6,6,13,12,0.0769
6,52.0000,0,3,389.0632,-87.6443,-0.4185,23,0.5750,0.7143,7,6,4,0,0,6,4,0.3333
6,52.0000,0,4,383.6209,-87.2126,0.3160,31,0.7750,0.5000,6,6,3,0,0,6,3,0.5000
6,52.0000,0,5,443.0073,-87.9563,0.3203,13,0.3250,0.7500,8,7,5,15,5,22,10,0.5455
6,52.0000,0,6,311.2798,-86.5851,0.0023,35,0.8750,0.3333,6,4,0,0,0,4,0,1.0000
6,52.0000,0,7,478.5163,-88.6509,-0.3014,11,0.2750,0.9118,34,8,8,6,5,14,13,0.0714
6,52.0000,0,9,613.8096,-88.6889,0.3325,6,0.1500,0.9500,40,6,6,0,0,6,6,0.0000
6,52.0000,0,13,594.3897,-88.9246,-0.4823,5,0.1250,1.0000,8,4,4,0,0,4,4,0.0000
6,52.0000,1,0,337.0549,-87.2945,0.0848,22,0.5500,0.9333,15,4,0,0,0,4,0,1.0000
6,52.0000,1,2,534.5022,-88.7164,0.2168,9,0.2250,1.0000,8,7,5,0,0,7,5,0.2857
6,52.0000,1,5,329.2866,-86.4019,-0.3989,30,0.7500,0.5946,37,5,1,9,5,14,6,0.5714
6,52.0000,1,7,305.5194,-85.5674,-0.0191,36,0.9000,0.2000,5,4,0,87,44,91,44,0.5165
6,52.0000,1,9,671.9995,-89.0186,-0.9412,3,0.0750,0.9836,61,4,4,0,0,4,4,0.0000
6,52.0000,1,10,483.3923,-89.0158,0.4728,7,0.1750,1.0000,8,8,8,0,0,8,8,0.0000
6,52.0000,1,13,368.2430,-86.5110,-0.5402,32,0.8000,0.2000,5,7,5,0,0,7,5,0.2857
6,52.0000,2,0,451.0425,-88.2076,-0.1006,20,0.5000,1.0000,8,8,6,0,0,8,6,0.2500
6,52.0000,2,1,534.5022,-89.0761,0.1493,9,0.2250,1.0000,8,8,8,0,0,8,8,0.0000
6,52.0000,2,5,402.2567,-87.7659,0.4190,20,0.5000,0.6000,5,4,0,0,0,4,0,1.0000
6,52.0000,2,6,540.3513,-88.5510,-0.0358,4,0.1000,0.8750,8,6,3,0,0,6,3,0.5000
6,52.0000,2,7,366.8363,-87.8392,-0.1174,21,0.5250,0.3333,6,5,2,0,0,5,2,0.6000
6,52.0000,2,9,374.6737,-86.2357,0.0827,31,0.7750,0.1667,6,6,3,3,2,9,5,0.4444
6,52.0000,2,13,600.3202,-88.1789,0.8394,4,0.1000,1.0000,8,6,6,0,0,6,6,0.0000
6,52.0000,3,0,389.0632,-87.2439,-0.1347,26,0.6500,0.6667,6,7,5,46,46,53,51,0.0377
6,52.0000,3,4,285.5703,-86.8933,0.0063,34,0.8500,0.2000,5,4,0,0,0,4,0,1.0000
6,52.0000,3,6,412.2924,-88.0789,0.3584,21,0.5250,0.7500,8,6,4,0,0,6,4,0.3333
6,52.0000,4,0,383.6209,-87.6115,-0.2826,25,0.6250,0.8710,155,5,2,158,144,163,146,0.1043
6,52.0000,4,3,285.5703,-86.6818,0.0993,32,0.8000,0.5714,7,4,0,0,0,4,0,1.0000
6,52.0000,4,6,182.5684,-79.8766,-0.2456,40,1.0000,0.0000,4,4,0,0,0,4,0,1.0000
6,52.0000,5,0,443.0073,-88.5152,0.2147,13,0.3171,1.0000,8,7,6,9,4,16,10,0.3750
6,52.0000,5,1,329.2866,-86.0959,-0.3456,39,0.9512,0.5000,6,6,2,0,0,6,2,0.6667
6,52.0000,5,2,402.2567,-88.3355,0.1432,23,0.5610,0.8649,37,7,5,10,7,17,12,0.2941
6,52.0000,5,7,319.9019,-85.7465,-0.2022,32,0.7805,0.0000,4,4,0,4,2,8,2,0.7500
6,52.0000,5,9,376.3226,-85.7453,-0.1263,35,0.8537,0.2000,5,7,6,4,4,11,10,0.0909
6,52.0000,5,13,212.5917,-80.5697,-1.0542,41,1.0000,0.0000,4,4,0,0,0,4,0,1.0000
6,52.0000,6,0,311.2798,-86.0806,-0.0756,34,0.8718,0.4000,5,7,6,0,0,7,6,0.1429
6,52.0000,6,2,540.3513,-89.2126,0.0360,3,0.0769,0.8750,8,8,8,0,0,8,8,0.0000
6,52.0000,6,3,412.2924,-87.3765,-0.2054,19,0.4872,0.6667,6,7,4,0,0,7,4,0.4286
6,52.0000,6,4,182.5684,-80.2617,-0.5009,39,1.0000,0.0000,3,5,0,0,0,5,0,1.0000
6,52.0000,7,0,478.5163,-88.5903,0.4370,12,0.3000,1.0000,8,6,3,0,0,6,3,0.5000
6,52.0000,7,1,305.5194,-85.8295,-0.3364,36,0.9000,0.4000,5,7,4,0,0,7,4,0.4286
6,52.0000,7,2,366.8363,-87.3384,0.2607,23,0.5750,0.6250,8,8,6,70,46,78,52,0.3333
6,52.0000,7,5,319.9019,-86.6294,-0.1527,33,0.8250,0.0000,4,5,1,0,0,5,1,0.8000
6,52.0000,7,9,580.4391,-88.4608,0.0080,14,0.3500,1.0000,8,6,6,2,2,8,8,0.0000
6,52.0000,7,10,572.2826,-89.0231,-0.0599,3,0.0750,,0,7,6,0,0,7,6,0.1429
6,52.0000,7,13,406.5540,-87.5649,-0.1117,23,0.5750,0.7143,7,5,1,0,0,5,1,0.8000
6,52.0000,8,10,658.1080,-88.1013,2.4085,3,0.0750,1.0000,8,4,4,0,0,4,4,0.0000
6,52.0000,8,11,669.6756,-88.8102,-0.0748,4,0.1000,1.0000,8,4,4,0,0,4,4,0.0000
6,52.0000,9,0,613.8096,-88.9671,-0.3447,8,0.2000,0.8571,7,8,8,0,0,8,8,0.0000
6,52.0000,9,2,374.6737,-86.6977,-0.5669,27,0.6750,0.5714,14,7,6,0,0,7,6,0.1429
6,52.0000,9,5,376.3226,-86.2504,-0.3376,32,0.8000,0.4000,5,4,0,0,0,4,0,1.0000
6,52.0000,9,7,580.4391,-88.5705,-0.1434,15,0.3750,0.8750,8,4,4,0,0,4,4,0.0000
6,52.0000,9,12,418.0881,-88.5507,0.5085,13,0.3250,0.7143,7,7,6,0,0,7,6,0.1429
6,52.0000,9,13,543.4776,-87.3880,-0.1877,12,0.3000,1.0000,8,2,2,0,0,2,2,0.0000
6,52.0000,10,1,483.3923,-88.1832,0.5825,13,0.3250,0.7500,8,8,6,0,0,8,6,0.2500
6,52.0000,10,8,658.1080,-89.1868,-0.1972,7,0.1750,1.0000,8,6,6,0,0,6,6,0.0000
6,52.0000,11,8,669.6756,-89.4935,-0.4175,4,0.1000,1.0000,8,6,6,0,0,6,6,0.0000
6,52.0000,11,14,499.3796,-88.7395,-0.1613,15,0.3750,0.8750,8,8,7,0,0,8,7,0.1250
6,52.0000,12,9,418.0881,-88.2647,0.3711,15,0.3750,0.8571,7,4,0,0,0,4,0,1.0000
6,52.0000,13,0,594.3897,-88.4779,-0.4207,6,0.1500,1.0000,8,6,6,0,0,6,6,0.0000
6,52.0000,13,1,368.2430,-86.3565,-0.1839,32,0.8000,0.5000,6,6,3,0,0,6,3,0.5000
6,52.0000,13,5,212.5917,-80.1632,-0.8045,38,0.9500,0.0000,4,4,0,0,0,4,0,1.0000
6,52.0000,13,7,406.5540,-87.4814,-0.2484,27,0.6750,0.8000,5,6,2,0,0,6,2,0.6667
6,52.0000,13,9,543.4776,-87.9304,-0.5980,17,0.4250,0.8571,7,8,8,0,0,8,8,0.0000
6,52.0000,14,8,593.9551,-89.3355,0.1175,3,0.0750,1.0000,2,8,8,0,0,8,8,0.0000
6,52.0000,14,11,499.3796,-88.4463,0.0566,13,0.3250,1.0000,8,7,6,0,0,7,6,0.1429
6,56.0000,0,1,186.6999,-84.3987,0.9972,36,0.9000,0.2609,23,4,0,2,0,6,0,1.0000
6,56.0000,0,2,469.4191,-88.4098,-0.2319,15,0.3750,0.9231,13,7,6,0,0,7,6,0.1429
6,56.0000,0,3,436.5955,-87.6904,-0.3627,28,0.7000,0.6667,6,6,4,0,0,6,4,0.3333
6,56.0000,0,4,394.9019,-87.8115,0.2231,31,0.7750,0.5000,6,7,6,0,0,7,6,0.1429
6,56.0000,0,5,339.6044,-87.2350,0.0436,28,0.7000,0.4545,22,5,2,13,3,18,5,0.7222
6,56.0000,0,6,325.1883,-86.0382,0.1476,36,0.9000,0.0000,4,6,3,0,0,6,3,0.5000
6,56.0000,0,7,408.0892,-87.9291,0.1801,20,0.5000,0.9286,14,4,0,0,0,4,0,1.0000
6,56.0000,0,13,583.5352,-89.3592,1.4241,5,0.1250,1.0000,4,8,8,0,0,8,8,0.0000
6,56.0000,1,0,186.6999,-84.4151,1.0176,35,0.8750,0.0000,4,4,0,0,0,4,0,1.0000
6,56.0000,1,2,521.4441,-88.5573,-0.2258,9,0.2250,0.7143,7,8,7,0,0,8,7,0.1250
6,56.0000,1,3,562.1447,-88.5551,0.1433,5,0.1250,1.0000,4,5,4,0,0,5,4,0.2000
6,56.0000,1,4,537.2256,-89.9193,-0.0203,3,0.0750,1.0000,8,7,6,0,0,7,6,0.1429
6,56.0000,1,5,320.9512,-86.6623,-0.3160,35,0.8750,0.4286,14,6,3,0,0,6,3,0.5000
6,56.0000,1,6,504.7469,-89.1364,0.0807,10,0.2500,0.6667,6,6,3,0,0,6,3,0.5000
6,56.0000,1,7,338.0343,-86.3515,0.0189,33,0.8250,0.4835,91,6,2,97,77,103,79,0.2330
6,56.0000,1,10,451.3336,-88.9244,-0.0220,21,0.5250,1.0000,8,6,4,0,0,6,4,0.3333
6,56.0000,1,13,468.0891,-87.9846,-0.1040,21,0.5250,0.7143,7,8,8,0,0,8,8,0.0000
6,56.0000,2,0,469.4191,-88.5020,-0.3638,11,0.2683,0.7500,8,8,8,0,0,8,8,0.0000
6,56.0000,2,1,521.4441,-88.1820,-0.0321,12,0.2927,1.0000,8,8,8,0,0,8,8,0.0000
6,56.0000,2,5,360.9458,-87.7266,0.2968,33,0.8049,0.0000,4,9,6,0,0,9,6,0.3333
6,56.0000,2,6,548.6429,-88.3537,-0.8131,9,0.2195,0.5000,6,7,6,0,0,7,6,0.1429
6,56.0000,2,7,325.5684,-86.6742,-0.1720,32,0.7805,0.4000,5,5,1,0,0,5,1,0.8000
6,56.0000,2,9,477.4262,-87.8025,-0.1441,29,0.7073,0.5556,9,8,8,0,0,8,8,0.0000
6,56.0000,2,13,577.1584,-89.4318,-0.1487,5,0.1220,1.0000,6,6,6,0,0,6,6,0.0000
6,56.0000,3,0,436.5955,-87.1313,-0.6273,19,0.4634,0.9623,53,6,4,104,104,110,108,0.0182
6,56.0000,3,1,562.1447,-89.2640,-0.1681,5,0.1220,1.0000,4,8,8,0,0,8,8,0.0000
6,56.0000,3,4,271.4039,-84.6515,0.2335,39,0.9512,0.0000,4,5,2,0,0,5,2,0.6000
6,56.0000,3,6,413.8102,-87.0790,-0.1396,22,0.5366,0.6667,6,8,6,0,0,8,6,0.2500
6,56.0000,4,0,394.9019,-87.2178,-0.1909,28,0.7000,0.8957,163,7,5,104,99,111,104,0.0631
6,56.0000,4,1,537.2256,-89.0718,0.4177,4,0.1000,1.0000,6,8,7,0,0,8,7,0.1250
6,56.0000,4,3,271.4039,-84.7517,0.3092,38,0.9500,0.0000,4,5,2,0,0,5,2,0.6000
6,56.0000,4,6,261.4254,-82.6870,-1.2030,37,0.9250,0.0000,4,5,2,0,0,5,2,0.6000
6,56.0000,5,0,339.6044,-87.3738,-0.1312,26,0.6500,0.6250,16,5,1,0,0,5,1,0.8000
6,56.0000,5,1,320.9512,-86.5532,0.1291,33,0.8250,0.3333,6,4,0,0,0,4,0,1.0000
6,56.0000,5,2,360.9458,-87.6277,0.0455,26,0.6500,0.7059,17,8,8,0,0,8,8,0.0000
6,56.0000,5,6,588.8514,-88.6438,1.3237,3,0.0750,1.0000,4,8,8,0,0,8,8,0.0000
6,56.0000,5,7,333.1406,-86.1213,0.0776,32,0.8000,0.2500,8,5,2,0,0,5,2,0.6000
6,56.0000,5,9,525.7909,-88.0801,-0.0544,19,0.4750,0.9091,11,8,8,21,20,29,28,0.0345
6,56.0000,5,10,591.8209,-88.8662,1.2871,6,0.1500,1.0000,8,8,8,0,0,8,8,0.0000
6,56.0000,5,13,306.7336,-84.3242,-0.7405,36,0.9000,0.0000,4,5,1,0,0,5,1,0.8000
6,56.0000,6,0,325.1883,-86.1643,0.1611,27,0.6750,0.8571,7,6,2,0,0,6,2,0.6667
6,56.0000,6,1,504.7469,-89.1679,0.0550,6,0.1500,0.8571,7,8,8,0,0,8,8,0.0000
6,56.0000,6,2,548.6429,-88.6811,-0.4547,12,0.3000,1.0000,8,8,8,0,0,8,8,0.0000
6,56.0000,6,3,413.8102,-87.4226,-0.1094,25,0.6250,0.5714,7,7,6,0,0,7,6,0.1429
6,56.0000,6,4,261.4254,-82.4537,-0.8697,40,1.0000,0.0000,5,6,2,0,0,6,2,0.6667
6,56.0000,6,5,588.8514,-89.5246,0.0376,3,0.0750,1.0000,4,8,8,0,0,8,8,0.0000
6,56.0000,7,0,408.0892,-88.2201,0.4616,18,0.4390,0.5000,6,6,3,0,0,6,3,0.5000
6,56.0000,7,1,338.0343,-86.9185,-0.4965,36,0.8780,0.5714,7,6,3,0,0,6,3,0.5000
6,56.0000,7,2,325.5684,-86.6285,0.1340,30,0.7317,0.6667,78,4,0,52,28,56,28,0.5000
6,56.0000,7,5,333.1406,-86.1398,-0.2874,41,1.0000,0.2000,5,4,0,0,0,4,0,1.0000
6,56.0000,7,10,426.0312,-88.2543,0.3740,14,0.3415,0.8571,7,7,5,0,0,7,5,0.2857
6,56.0000,7,13,424.3981,-87.8150,-0.1298,24,0.5854,0.2000,5,6,4,0,0,6,4,0.3333
6,56.0000,8,14,547.5605,-89.2323,0.4148,6,0.1500,1.0000,8,8,8,0,0,8,8,0.0000
6,56.0000,9,2,477.4262,-87.2389,-0.5080,21,0.5250,0.8571,7,8,8,0,0,8,8,0.0000
6,56.0000,9,5,525.7909,-88.7610,-0.0253,19,0.4750,0.0000,4,8,8,0,0,8,8,0.0000
6,56.0000,9,12,300.4573,-86.7749,0.4205,28,0.7000,0.8571,7,5,1,0,0,5,1,0.8000
6,56.0000,10,1,451.3336,-87.9032,-0.2300,21,0.5250,0.7500,8,7,5,0,0,7,5,0.2857
6,56.0000,10,5,591.8209,-88.8289,1.0887,3,0.0750,0.7500,4,7,6,0,0,7,6,0.1429
6,56.0000,10,7,426.0312,-88.6221,0.2800,17,0.4250,0.7143,7,5,2,0,0,5,2,0.6000
6,56.0000,10,13,475.3845,-88.1703,0.4409,6,0.1500,1.0000,8,6,3,0,0,6,3,0.5000
6,56.0000,11,14,463.3631,-88.8707,-0.1610,10,0.2500,0.8750,8,7,6,0,0,7,6,0.1429
6,56.0000,12,9,300.4573,-86.8485,-0.0484,27,0.6750,0.0000,4,4,0,0,0,4,0,1.0000
6,56.0000,13,0,583.5352,-88.4717,-1.1609,3,0.0750,1.0000,6,8,8,0,0,8,8,0.0000
6,56.0000,13,1,468.0891,-86.8800,-0.0321,21,0.5250,0.5000,6,8,7,0,0,8,7,0.1250
6,56.0000,13,2,577.1584,-89.0811,1.1908,3,0.0750,1.0000,8,8,8,0,0,8,8,0.0000
6,56.0000,13,5,306.7336,-84.1287,-0.9484,39,0.9750,0.0000,4,5,2,0,0,5,2,0.6000
6,56.0000,13,7,424.3981,-87.4697,-0.0245,26,0.6500,0.3333,6,8,5,0,0,8,5,0.3750
6,56.0000,13,10,475.3845,-88.3209,0.2254,16,0.4000,0.8750,8,8,5,0,0,8,5,0.3750
6,56.0000,14,8,547.5605,-88.3991,-0.2985,9,0.2250,1.0000,8,8,8,0,0,8,8,0.0000
6,56.0000,14,11,463.3631,-87.9529,0.6970,13,0.3250,0.8571,7,8,5,0,0,8,5,0.3750
6,60.0000,0,1,116.6094,-78.4298,1.3049,40,1.0000,0.0000,6,4,0,2,0,6,0,1.0000
6,60.0000,0,2,498.7012,-87.8671,-0.2742,10,0.2500,0.8571,7,8,7,0,0,8,7,0.1250
6,60.0000,0,3,516.2242,-88.6462,-0.1961,16,0.4000,0.6667,6,8,8,0,0,8,8,0.0000
6,60.0000,0,4,396.8949,-87.3912,0.0489,25,0.6250,0.8571,7,5,2,0,0,5,2,0.6000
6,60.0000,0,5,254.5316,-85.2329,0.7213,35,0.8750,0.2778,18,3,0,5,1,8,1,0.8750
6,60.0000,0,6,355.1283,-86.3895,-0.8982,33,0.8250,0.5000,6,4,0,0,0,4,0,1.0000
6,60.0000,0,7,337.5754,-87.3191,-0.0193,26,0.6500,0.0000,4,5,1,9,4,14,5,0.6429
6,60.0000,0,10,483.2834,-87.6017,1.2043,5,0.1250,1.0000,10,8,7,0,0,8,7,0.1250
6,60.0000,0,13,580.0257,-88.4593,1.0752,4,0.1000,1.0000,8,8,8,0,0,8,8,0.0000
6,60.0000,1,0,116.6094,-78.2454,1.3733,38,0.9500,0.0000,4,4,0,0,0,4,0,1.0000
6,60.0000,1,2,599.5773,-88.5620,0.2485,7,0.1750,0.8750,8,4,4,0,0,4,4,0.0000
6,60.0000,1,3,520.0609,-88.6048,0.3271,6,0.1500,0.8000,5,8,7,0,0,8,7,0.1250
6,60.0000,1,4,374.3093,-87.6668,0.3568,22,0.5500,0.8571,7,4,0,0,0,4,0,1.0000
6,60.0000,1,5,337.0179,-86.9455,-0.5230,31,0.7750,0.5000,6,5,2,0,0,5,2,0.6000
6,60.0000,1,6,432.6652,-88.1949,0.2301,19,0.4750,0.5000,6,8,7,0,0,8,7,0.1250
6,60.0000,1,7,385.0306,-86.7218,-0.0761,29,0.7250,0.7670,103,8,7,117,97,125,104,0.1680
6,60.0000,1,10,465.4814,-88.6043,-0.1042,16,0.4000,0.6667,6,7,5,0,0,7,5,0.2857
6,60.0000,1,13,599.3020,-88.7647,0.2231,11,0.2750,1.0000,8,8,8,0,0,8,8,0.0000
6,60.0000,2,0,498.7012,-88.5737,-0.6042,10,0.2500,1.0000,8,8,7,0,0,8,7,0.1250
6,60.0000,2,1,599.5773,-89.2210,0.2625,7,0.1750,1.0000,8,8,8,0,0,8,8,0.0000
6,60.0000,2,5,385.7386,-87.4940,-0.0349,24,0.6000,0.6667,9,6,3,0,0,6,3,0.5000
6,60.0000,2,6,576.6943,-88.6330,-0.1629,8,0.2000,0.8571,7,8,8,0,0,8,8,0.0000
6,60.0000,2,7,336.4033,-86.8783,-0.1716,26,0.6500,0.2000,5,5,2,0,0,5,2,0.6000
6,60.0000,2,9,608.6833,-88.9857,-1.2451,6,0.1500,1.0000,8,4,4,0,0,4,4,0.0000
6,60.0000,2,13,563.1411,-88.9521,-0.5588,4,0.1000,1.0000,6,8,8,0,0,8,8,0.0000
6,60.0000,3,0,516.2242,-88.4057,-0.0836,18,0.4615,0.9818,110,8,8,60,60,68,68,0.0000
6,60.0000,3,1,520.0609,-88.4917,0.5632,7,0.1795,1.0000,8,8,8,0,0,8,8,0.0000
6,60.0000,3,4,345.6058,-85.4411,0.1344,30,0.7692,0.4000,5,8,4,44,42,52,46,0.1154
6,60.0000,3,5,632.2367,-88.8216,0.4441,3,0.0769,1.0000,8,6,6,0,0,6,6,0.0000
6,60.0000,3,6,431.4081,-88.0737,-0.3078,18,0.4615,0.7500,8,8,7,0,0,8,7,0.1250
6,60.0000,4,0,396.8949,-87.6042,-0.0223,24,0.6000,0.9369,111,7,5,63,58,70,63,0.1000
6,60.0000,4,1,374.3093,-88.6138,0.3540,17,0.4250,0.8750,8,5,2,46,39,51,41,0.1961
6,60.0000,4,3,345.6058,-85.6322,-0.2726,36,0.9000,0.4000,5,7,5,0,0,7,5,0.2857
6,60.0000,4,6,346.7860,-85.7152,-0.4211,39,0.9750,0.4000,5,6,3,6,5,12,8,0.3333
6,60.0000,5,0,254.5316,-85.4709,0.4576,36,0.9000,0.2000,5,5,2,0,0,5,2,0.6000
6,60.0000,5,1,337.0179,-86.7942,-0.4927,31,0.7750,0.0000,4,8,6,0,0,8,6,0.2500
6,60.0000,5,2,385.7386,-86.7183,-0.0502,27,0.6750,1.0000,8,7,6,0,0,7,6,0.1429
6,60.0000,5,4,623.7394,-89.5812,0.2101,4,0.1000,1.0000,6,8,8,0,0,8,8,0.0000
6,60.0000,5,6,479.2462,-88.9628,0.6968,11,0.2750,1.0000,8,8,8,0,0,8,8,0.0000
6,60.0000,5,7,359.0382,-86.5017,0.2197,30,0.7500,0.4000,5,7,5,0,0,7,5,0.2857
6,60.0000,5,9,667.3748,-88.1920,-0.0301,4,0.1000,0.9655,29,4,4,8,8,12,12,0.0000
6,60.0000,5,10,491.8783,-88.8338,0.2260,10,0.2500,1.0000,8,6,4,0,0,6,4,0.3333
6,60.0000,5,13,423.4163,-86.9124,-0.5942,27,0.6750,0.2000,5,7,6,0,0,7,6,0.1429
6,60.0000,6,0,355.1283,-86.4053,-0.2072,30,0.7500,0.3333,6,5,2,3,1,8,3,0.6250
6,60.0000,6,1,432.6652,-88.0480,0.0526,20,0.5000,1.0000,8,8,7,0,0,8,7,0.1250
6,60.0000,6,2,576.6943,-89.3328,-0.1694,8,0.2000,1.0000,8,8,8,0,0,8,8,0.0000
6,60.0000,6,3,431.4081,-87.9084,-0.2966,25,0.6250,0.8571,7,7,4,0,0,7,4,0.4286
6,60.0000,6,4,346.7860,-85.8163,-0.7239,33,0.8250,0.3333,6,6,4,0,0,6,4,0.3333
6,60.0000,6,5,479.2462,-88.8511,0.0427,9,0.2250,1.0000,8,7,6,0,0,7,6,0.1429
6,60.0000,6,7,576.7468,-89.1232,0.1311,7,0.1750,1.0000,8,8,8,0,0,8,8,0.0000
6,60.0000,7,0,337.5754,-86.9917,-0.0785,26,0.6500,0.5000,6,5,2,0,0,5,2,0.6000
6,60.0000,7,1,385.0306,-86.6562,-0.2235,31,0.7750,0.5000,6,6,3,0,0,6,3,0.5000
6,60.0000,7,2,336.4033,-86.0333,-0.3476,29,0.7250,0.5000,56,6,3,44,31,50,34,0.3200
6,60.0000,7,5,359.0382,-86.9487,0.6561,25,0.6250,0.0000,4,4,0,0,0,4,0,1.0000
6,60.0000,7,6,576.7468,-88.2938,0.0937,5,0.1250,0.8750,8,8,7,0,0,8,7,0.1250
6,60.0000,7,10,293.8319,-86.9628,0.4855,28,0.7000,0.7143,7,4,0,0,0,4,0,1.0000
6,60.0000,7,13,461.9592,-87.6541,-0.4283,19,0.4750,0.6667,6,7,5,0,0,7,5,0.2857
6,60.0000,8,14,536.5014,-88.3053,0.3132,11,0.2750,1.0000,8,7,6,0,0,7,6,0.1429
6,60.0000,9,2,608.6833,-89.1287,0.1735,5,0.1250,1.0000,8,8,8,0,0,8,8,0.0000
6,60.0000,9,5,667.3748,-89.3334,-0.2388,3,0.0750,1.0000,8,6,6,0,0,6,6,0.0000
6,60.0000,9,12,257.0718,-84.6236,0.0123,35,0.8750,0.2000,5,4,0,0,0,4,0,1.0000
6,60.0000,10,0,483.2834,-88.6746,0.1108,5,0.1250,1.0000,2,8,5,0,0,8,5,0.3750
6,60.0000,10,1,465.4814,-88.0414,0.3687,16,0.4000,0.7143,7,8,8,0,0,8,8,0.0000
6,60.0000,10,2,583.2105,-88.9386,-1.0745,3,0.0750,1.0000,4,8,7,0,0,8,7,0.1250
6,60.0000,10,5,491.8783,-88.8732,0.1231,8,0.2000,0.8571,7,8,8,0,0,8,8,0.0000
6,60.0000,10,7,293.8319,-86.4254,0.4621,21,0.5250,0.4000,5,5,1,0,0,5,1,0.8000
6,60.0000,10,13,352.6772,-87.1605,0.3407,26,0.6500,0.5000,6,6,3,0,0,6,3,0.5000
6,60.0000,11,14,423.2551,-87.7211,0.3234,24,0.6000,0.8571,7,6,2,0,0,6,2,0.6667
6,60.0000,12,9,257.0718,-84.9037,0.4653,39,0.9512,0.0000,4,4,0,0,0,4,0,1.0000
6,60.0000,13,0,580.0257,-88.9407,0.0914,4,0.1000,1.0000,8,8,8,0,0,8,8,0.0000
6,60.0000,13,1,599.3020,-88.9439,-0.0599,14,0.3500,0.8750,8,6,6,0,0,6,6,0.0000
6,60.0000,13,2,563.1411,-88.4829,1.3492,3,0.0750,1.0000,8,7,6,0,0,7,6,0.1429
6,60.0000,13,5,423.4163,-87.0712,-0.4964,30,0.7500,0.4000,5,8,7,0,0,8,7,0.1250
6,60.0000,13,7,461.9592,-88.0652,-0.1600,9,0.2250,0.6250,8,8,6,0,0,8,6,0.2500
6,60.0000,13,10,352.6772,-87.3968,0.8865,27,0.6750,0.6250,8,4,0,0,0,4,0,1.0000
6,60.0000,14,8,536.5014,-88.7722,0.0505,12,0.3000,1.0000,8,8,8,0,0,8,8,0.0000
6,60.0000,14,11,423.2551,-88.5093,0.1026,20,0.5000,0.6250,8,7,4,0,0,7,4,0.4286
6,64.0000,0,1,200.4154,-79.6654,-0.9635,40,0.9756,0.0000,6,4,0,0,0,4,0,1.0000
6,64.0000,0,2,556.7998,-88.4736,0.0141,13,0.3171,0.8750,8,8,8,90,90,98,98,0.0000
6,64.0000,0,3,607.4940,-89.1705,-0.0363,7,0.1707,1.0000,8,6,6,0,0,6,6,0.0000
6,64.0000,0,4,394.8299,-87.1844,-0.3383,22,0.5366,0.4000,5,7,6,0,0,7,6,0.1429
6,64.0000,0,5,211.8316,-83.1073,0.4392,40,0.9756,0.1250,8,6,2,0,0,6,2,0.6667
6,64.0000,0,6,402.6356,-86.9052,-0.3291,24,0.5854,0.0000,4,6,2,0,0,6,2,0.6667
6,64.0000,0,7,284.5878,-85.5348,0.5936,37,0.9024,0.3571,14,5,1,0,0,5,1,0.8000
6,64.0000,0,10,378.4455,-88.4468,0.2626,22,0.5366,0.8750,8,5,2,0,0,5,2,0.6000
6,64.0000,0,13,583.6993,-88.3057,-0.1000,10,0.2439,1.0000,8,4,4,0,0,4,4,0.0000
6,64.0000,1,0,200.4154,-79.4733,-1.1659,38,0.9744,0.0000,4,4,0,88,47,92,47,0.4891
6,64.0000,1,3,530.4260,-88.8787,0.2112,11,0.2821,0.8750,8,8,7,0,0,8,7,0.1250
6,64.0000,1,4,230.6459,-85.6796,1.4536,36,0.9231,0.0000,4,4,0,0,0,4,0,1.0000
6,64.0000,1,5,375.8613,-87.0914,-0.1342,33,0.8462,0.4000,5,6,3,0,0,6,3,0.5000
6,64.0000,1,6,448.8540,-87.9623,0.4338,21,0.5385,0.8750,8,7,5,0,0,7,5,0.2857
6,64.0000,1,7,441.0898,-87.4799,0.5309,22,0.5641,0.8320,125,7,6,63,58,70,64,0.0857
6,64.0000,1,10,533.6871,-87.7496,-0.3105,13,0.3333,0.7143,7,8,8,0,0,8,8,0.0000
6,64.0000,2,0,556.7998,-88.7030,-0.8238,10,0.2500,0.8750,8,7,6,0,0,7,6,0.1429
6,64.0000,2,5,472.5466,-88.2506,-0.1112,20,0.5000,0.5000,6,5,4,0,0,5,4,0.2000
6,64.0000,2,6,632.0921,-88.5236,-0.3540,6,0.1500,1.0000,8,8,8,0,0,8,8,0.0000
6,64.0000,2,7,415.9343,-86.9615,-0.5775,31,0.7750,0.4000,5,6,6,0,0,6,6,0.0000
6,64.0000,2,9,727.1592,-89.3269,-0.1430,4,0.1000,1.0000,4,4,4,0,0,4,4,0.0000
6,64.0000,2,10,462.5033,-88.8883,0.3560,8,0.2000,0.8571,7,8,7,0,0,8,7,0.1250
6,64.0000,2,13,566.4514,-88.8605,-0.0054,7,0.1750,1.0000,8,8,8,0,0,8,8,0.0000
6,64.0000,3,0,607.4940,-88.5043,-0.2864,7,0.1750,1.0000,68,6,6,8,8,14,14,0.0000
6,64.0000,3,1,530.4260,-89.0616,-0.2457,15,0.3750,1.0000,8,6,4,0,0,6,4,0.3333
6,64.0000,3,4,469.8738,-87.4431,-0.6381,25,0.6250,0.8846,52,7,6,44,44,51,50,0.0196
6,64.0000,3,6,454.6707,-87.6139,0.2051,19,0.4750,0.8750,8,8,7,52,52,60,59,0.0167
6,64.0000,4,0,394.8299,-87.9559,-0.0842,25,0.6250,0.9000,70,7,4,0,0,7,4,0.4286
6,64.0000,4,1,230.6459,-85.6429,0.7528,31,0.7750,0.8039,51,4,0,100,68,104,68,0.3462
6,64.0000,4,3,469.8738,-87.6514,-0.4118,26,0.6500,0.7143,7,8,8,0,0,8,8,0.0000
6,64.0000,4,5,556.9797,-88.8813,0.0377,5,0.1250,1.0000,8,8,8,0,0,8,8,0.0000
6,64.0000,4,6,438.8290,-87.4993,-0.4215,22,0.5500,0.6667,12,6,4,0,0,6,4,0.3333
6,64.0000,4,7,605.0979,-89.2784,1.1911,3,0.0750,1.0000,8,8,8,0,0,8,8,0.0000
6,64.0000,5,0,211.8316,-83.2840,0.7528,38,0.9500,0.4000,5,4,0,0,0,4,0,1.0000
6,64.0000,5,1,375.8613,-87.0466,0.1081,30,0.7500,0.7500,8,6,4,0,0,6,4,0.3333
6,64.0000,5,2,472.5466,-87.3064,-0.8552,16,0.4000,0.8571,7,8,8,0,0,8,8,0.0000
6,64.0000,5,3,608.8402,-88.9369,0.1697,3,0.0750,1.0000,8,8,8,0,0,8,8,0.0000
6,64.0000,5,4,556.9797,-89.1365,0.2340,6,0.1500,1.0000,8,8,8,0,0,8,8,0.0000
6,64.0000,5,6,417.9760,-88.5570,-0.2800,17,0.4250,1.0000,8,8,5,0,0,8,5,0.3750
6,64.0000,5,7,377.8311,-86.9985,-0.0405,30,0.7500,0.7143,7,6,4,0,0,6,4,0.3333
6,64.0000,5,10,405.8181,-87.6903,0.0608,17,0.4250,0.6667,6,7,5,0,0,7,5,0.2857
6,64.0000,5,13,516.1150,-88.2409,0.0793,21,0.5250,0.8571,7,8,8,0,0,8,8,0.0000
6,64.0000,6,0,402.6356,-87.0578,-0.1361,26,0.6500,0.3750,8,8,8,0,0,8,8,0.0000
6,64.0000,6,1,448.8540,-87.8630,-0.0557,22,0.5500,0.8750,8,8,7,4,3,12,10,0.1667
6,64.0000,6,2,632.0921,-89.0779,0.4403,5,0.1250,1.0000,8,8,8,0,0,8,8,0.0000
6,64.0000,6,3,454.6707,-88.4810,-0.0006,18,0.4500,0.5714,7,6,4,0,0,6,4,0.3333
6,64.0000,6,4,438.8290,-87.2068,-0.2774,31,0.7750,0.6667,6,8,6,0,0,8,6,0.2500
6,64.0000,6,5,417.9760,-88.1681,-0.0569,19,0.4750,0.8571,7,6,4,0,0,6,4,0.3333
6,64.0000,6,7,561.4548,-88.8368,0.4856,11,0.2750,1.0000,8,8,8,0,0,8,8,0.0000
6,64.0000,7,0,284.5878,-86.0522,0.2414,35,0.8750,0.4000,5,4,0,0,0,4,0,1.0000
6,64.0000,7,1,441.0898,-87.9843,0.0249,25,0.6250,0.5000,6,8,8,0,0,8,8,0.0000
6,64.0000,7,2,415.9343,-87.2157,-0.3697,31,0.7750,0.6800,50,8,7,2,2,10,9,0.1000
6,64.0000,7,4,605.0979,-89.5069,0.1419,5,0.1250,0.7500,4,8,8,0,0,8,8,0.0000
6,64.0000,7,5,377.8311,-86.8399,0.0260,25,0.6250,0.0000,4,7,5,0,0,7,5,0.2857
6,64.0000,7,6,561.4548,-88.7651,-0.0419,13,0.3250,0.8750,8,8,7,0,0,8,7,0.1250
6,64.0000,7,10,224.9058,-84.7221,0.2935,39,0.9750,0.0000,4,5,1,0,0,5,1,0.8000
6,64.0000,7,13,507.4343,-87.9563,-0.6349,11,0.2750,0.7143,7,8,7,0,0,8,7,0.1250
6,64.0000,8,14,484.7753,-88.4236,0.3627,13,0.3250,0.8571,7,8,7,0,0,8,7,0.1250
6,64.0000,9,12,292.0163,-84.6371,-0.2699,39,0.9750,0.0000,4,6,3,0,0,6,3,0.5000
6,64.0000,10,0,378.4455,-88.2687,0.2448,22,0.5500,0.6250,8,4,0,0,0,4,0,1.0000
6,64.0000,10,1,533.6871,-88.2484,-0.0565,14,0.3500,1.0000,8,8,8,0,0,8,8,0.0000
6,64.0000,10,2,462.5033,-88.5630,-0.1959,11,0.2750,0.8750,8,7,6,0,0,7,6,0.1429
6,64.0000,10,5,405.8181,-88.0233,0.2919,15,0.3750,1.0000,8,6,2,0,0,6,2,0.6667
6,64.0000,10,7,224.9058,-84.4258,0.4620,38,0.9500,0.2000,5,4,0,0,0,4,0,1.0000
6,64.0000,10,13,294.9474,-86.2397,-0.0124,35,0.8750,0.5000,6,7,4,0,0,7,4,0.4286
6,64.0000,11,14,422.9759,-87.4831,-0.2489,23,0.5750,0.3333,6,8,6,0,0,8,6,0.2500
6,64.0000,12,9,292.0163,-84.5549,0.0749,39,0.9750,0.0000,4,7,4,0,0,7,4,0.4286
6,64.0000,13,0,583.6993,-89.3693,-0.1046,11,0.2750,1.0000,8,8,8,0,0,8,8,0.0000
6,64.0000,13,1,734.8058,-89.6532,0.1639,4,0.1000,1.0000,6,2,2,0,0,2,2,0.0000
6,64.0000,13,2,566.4514,-87.9995,2.4907,3,0.0750,0.8571,7,8,8,0,0,8,8,0.0000
6,64.0000,13,5,516.1150,-87.8413,-0.2698,17,0.4250,0.8750,8,7,6,0,0,7,6,0.1429
6,64.0000,13,7,507.4343,-88.1578,-0.3296,20,0.5000,0.7500,8,7,6,0,0,7,6,0.1429
6,64.0000,13,10,294.9474,-86.0062,0.3588,31,0.7750,0.0000,4,6,2,0,0,6,2,0.6667
6,64.0000,14,8,484.7753,-88.5733,-0.1013,13,0.3250,1.0000,8,7,6,0,0,7,6,0.1429
6,64.0000,14,11,422.9759,-87.3546,-0.2912,21,0.5250,0.5714,7,7,5,0,0,7,5,0.2857
6,68.0000,0,1,321.6229,-84.9148,-1.0690,38,0.9500,0.0000,4,8,7,0,0,8,7,0.1250
6,68.0000,0,4,400.6975,-87.5087,0.0939,26,0.6500,0.8571,7,7,6,0,0,7,6,0.1429
6,68.0000,0,5,210.1629,-82.5163,-0.3444,38,0.9500,0.3333,6,4,0,0,0,4,0,1.0000
6,68.0000,0,6,450.6132,-88.3383,-0.2817,22,0.5500,0.3333,6,8,7,0,0,8,7,0.1250
6,68.0000,0,7,253.6855,-85.3090,0.1979,36,0.9000,0.2000,5,4,0,28,4,32,4,0.8750
6,68.0000,0,10,308.7117,-85.7868,0.0203,29,0.7250,0.4000,5,4,2,7,3,11,5,0.5455
6,68.0000,0,13,590.2047,-88.6553,-0.4312,7,0.1750,1.0000,4,8,8,0,0,8,8,0.0000
6,68.0000,1,0,321.6229,-84.4408,-0.9521,36,0.8780,0.5109,92,6,2,134,109,140,111,0.2071
6,68.0000,1,3,515.1203,-89.0353,-0.1818,7,0.1707,0.8750,8,8,6,0,0,8,6,0.2500
6,68.0000,1,4,125.3012,-80.4975,1.2219,39,0.9512,0.0000,4,4,0,0,0,4,0,1.0000
6,68.0000,1,5,413.4912,-87.6765,-0.2316,23,0.5610,0.5000,6,7,5,0,0,7,5,0.2857
6,68.0000,1,6,503.4861,-88.4923,-0.3514,18,0.4390,0.7143,7,8,8,0,0,8,8,0.0000
6,68.0000,1,7,517.4413,-88.4042,-0.6803,12,0.2927,0.9143,70,8,8,10,9,18,17,0.0556
6,68.0000,1,10,628.9995,-89.1612,-0.0957,7,0.1707,1.0000,8,6,6,0,0,6,6,0.0000
6,68.0000,2,0,641.8243,-88.8004,-0.0539,5,0.1250,0.8571,7,8,8,0,0,8,8,0.0000
6,68.0000,2,5,599.4145,-88.9381,-0.4812,14,0.3500,0.8000,5,2,2,0,0,2,2,0.0000
6,68.0000,2,6,687.1767,-89.7177,0.0154,4,0.1000,1.0000,8,6,6,0,0,6,6,0.0000
6,68.0000,2,7,547.9792,-88.3243,-0.7300,19,0.4750,1.0000,6,10,10,0,0,10,10,0.0000
6,68.0000,2,10,416.8210,-88.3499,0.1064,19,0.4750,0.8750,8,7,6,0,0,7,6,0.1429
6,68.0000,2,13,601.4155,-88.5088,-0.3392,5,0.1250,1.0000,8,8,8,0,0,8,8,0.0000
6,68.0000,3,1,515.1203,-88.3135,0.1689,5,0.1250,0.6667,6,7,6,0,0,7,6,0.1429
6,68.0000,3,4,574.6619,-88.9397,0.0720,8,0.2000,0.9804,51,8,8,104,104,112,112,0.0000
6,68.0000,3,5,548.3278,-88.4894,0.0765,5,0.1250,1.0000,8,8,8,0,0,8,8,0.0000
6,68.0000,3,6,465.1771,-88.4903,0.1785,14,0.3500,0.9833,60,8,7,0,0,8,7,0.1250
6,68.0000,4,0,400.6975,-87.5758,-0.0745,29,0.7250,0.5714,7,6,4,46,41,52,45,0.1346
6,68.0000,4,1,125.3012,-80.4749,1.5210,38,0.9500,0.6538,104,4,0,55,32,59,32,0.4576
6,68.0000,4,3,574.6619,-87.8404,-0.6692,10,0.2500,1.0000,8,8,8,0,0,8,8,0.0000
6,68.0000,4,5,514.6399,-88.8342,0.1976,7,0.1750,1.0000,8,8,7,0,0,8,7,0.1250
6,68.0000,4,6,541.1315,-87.7520,0.0798,23,0.5750,0.6667,6,8,8,0,0,8,8,0.0000
6,68.0000,4,7,551.1067,-89.1409,0.1866,6,0.1500,1.0000,8,8,8,0,0,8,8,0.0000
6,68.0000,5,0,210.1629,-82.5760,0.1377,37,0.9250,0.0000,4,4,0,0,0,4,0,1.0000
6,68.0000,5,1,413.4912,-87.3504,-0.2568,25,0.6250,0.6667,6,8,7,0,0,8,7,0.1250
6,68.0000,5,2,599.4145,-88.5372,-0.4510,10,0.2500,1.0000,8,8,8,0,0,8,8,0.0000
6,68.0000,5,3,548.3278,-88.9298,-0.0470,9,0.2250,1.0000,8,8,7,0,0,8,7,0.1250
6,68.0000,5,4,514.6399,-88.6777,0.1478,11,0.2750,1.0000,8,7,5,0,0,7,5,0.2857
6,68.0000,5,6,369.3829,-87.5728,0.0013,24,0.6000,0.6250,8,7,5,0,0,7,5,0.2857
6,68.0000,5,7,414.1442,-87.7360,0.3020,23,0.5750,0.6667,6,8,6,0,0,8,6,0.2500
6,68.0000,5,10,355.8522,-86.8960,0.1436,29,0.7250,0.7143,7,5,1,0,0,5,1,0.8000
6,68.0000,5,12,725.0025,-88.9266,2.4697,3,0.0750,1.0000,4,4,4,0,0,4,4,0.0000
6,68.0000,5,13,613.8768,-89.2277,0.0191,6,0.1500,1.0000,8,6,6,0,0,6,6,0.0000
6,68.0000,6,0,450.6132,-87.7848,-0.4466,24,0.6000,1.0000,8,7,6,0,0,7,6,0.1429
6,68.0000,6,1,503.4861,-88.8066,-0.0632,17,0.4250,0.8333,12,7,6,0,0,7,6,0.1429
6,68.0000,6,2,687.1767,-89.2614,-0.2841,3,0.0750,1.0000,8,6,6,0,0,6,6,0.0000
6,68.0000,6,3,465.1771,-87.7382,-0.0264,15,0.3750,0.6667,6,7,6,0,0,7,6,0.1429
6,68.0000,6,4,541.1315,-88.3437,-0.1683,14,0.3500,0.7500,8,8,8,0,0,8,8,0.0000
6,68.0000,6,5,369.3829,-87.1963,-0.3159,26,0.6500,0.6667,6,7,3,0,0,7,3,0.5714
6,68.0000,6,7,577.0728,-88.7925,-0.4132,6,0.1500,1.0000,8,8,7,0,0,8,7,0.1250
6,68.0000,6,10,619.8172,-89.0832,0.3270,5,0.1250,,0,8,7,0,0,8,7,0.1250
6,68.0000,7,0,253.6855,-84.6170,0.0443,37,0.9250,0.0000,4,5,1,0,0,5,1,0.8000
6,68.0000,7,1,517.4413,-88.2905,-0.2328,15,0.3750,1.0000,8,8,8,0,0,8,8,0.0000
6,68.0000,7,2,547.9792,-88.2799,-0.0469,14,0.3500,0.9000,10,8,7,0,0,8,7,0.1250
6,68.0000,7,4,551.1067,-89.1795,-0.2664,8,0.2000,1.0000,8,8,7,0,0,8,7,0.1250
6,68.0000,7,5,414.1442,-87.5736,-0.0035,25,0.6250,0.7143,7,8,7,0,0,8,7,0.1250
6,68.0000,7,6,577.0728,-88.6493,0.0373,8,0.2000,0.8750,8,2,2,0,0,2,2,0.0000
6,68.0000,7,10,249.6210,-83.1668,-0.4073,39,0.9750,0.2000,5,6,4,0,0,6,4,0.3333
6,68.0000,7,13,549.4766,-88.3465,-0.1061,11,0.2750,0.8750,8,8,8,0,0,8,8,0.0000
6,68.0000,8,13,515.3649,-89.0686,-0.1019,6,0.1538,0.8333,6,7,6,46,44,53,50,0.0566
6,68.0000,8,14,454.8671,-87.8609,0.4159,16,0.4103,0.8750,8,6,4,0,0,6,4,0.3333
6,68.0000,9,12,381.9694,-85.8910,-0.4584,35,0.8750,0.5000,6,8,5,0,0,8,5,0.3750
6,68.0000,10,0,308.7117,-86.0845,0.8169,25,0.6250,0.0000,4,5,2,0,0,5,2,0.6000
6,68.0000,10,1,628.9995,-88.2559,-0.3029,5,0.1250,1.0000,8,2,2,0,0,2,2,0.0000
6,68.0000,10,2,416.8210,-88.0815,0.3556,19,0.4750,0.8571,7,5,2,7,4,12,6,0.5000
6,68.0000,10,5,355.8522,-86.4342,0.3186,31,0.7750,0.3333,6,5,1,0,0,5,1,0.8000
6,68.0000,10,7,249.6210,-83.1305,-0.5075,39,0.9750,0.0000,4,6,3,0,0,6,3,0.5000
6,68.0000,10,13,346.9209,-86.2039,-0.7336,34,0.8500,0.5714,7,7,4,0,0,7,4,0.4286
6,68.0000,11,2,664.5602,-89.3690,-0.0367,3,0.0732,1.0000,4,4,4,0,0,4,4,0.0000
6,68.0000,11,14,444.2644,-87.7859,-0.1406,24,0.5854,0.7500,8,6,2,0,0,6,2,0.6667
6,68.0000,12,9,381.9694,-86.3805,-0.6773,35,0.8750,0.5714,7,7,5,0,0,7,5,0.2857
6,68.0000,13,2,601.4155,-89.4808,0.4589,3,0.0750,1.0000,8,8,8,0,0,8,8,0.0000
6,68.0000,13,5,613.8768,-88.0534,-0.4187,7,0.1750,0.8571,7,6,6,0,0,6,6,0.0000
6,68.0000,13,7,549.4766,-89.4305,-0.0216,4,0.1000,0.8571,7,8,8,0,0,8,8,0.0000
6,68.0000,13,8,515.3649,-88.8428,0.2472,7,0.1750,1.0000,8,8,8,0,0,8,8,0.0000
6,68.0000,13,10,346.9209,-85.6719,0.3000,33,0.8250,0.3333,6,7,4,8,7,15,11,0.2667
6,68.0000,14,8,454.8671,-88.1639,0.2709,18,0.4500,0.8571,7,7,5,0,0,7,5,0.2857
6,68.0000,14,11,444.2644,-87.5397,0.1498,21,0.5250,0.7143,7,7,6,0,0,7,6,0.1429
6,72.0000,0,1,462.5081,-86.3214,0.3431,20,0.5000,0.8750,8,7,5,0,0,7,5,0.2857
6,72.0000,0,3,659.6912,-89.5392,0.1340,3,0.0750,1.0000,4,8,8,0,0,8,8,0.0000
6,72.0000,0,4,399.7886,-87.3436,0.1547,24,0.6000,0.8571,7,4,0,0,0,4,0,1.0000
6,72.0000,0,5,232.9570,-82.6273,-0.3198,37,0.9250,0.0000,4,5,2,0,0,5,2,0.6000
6,72.0000,0,6,489.0240,-88.6705,-0.4370,12,0.3000,0.8750,8,8,7,0,0,8,7,0.1250
6,72.0000,0,7,231.0677,-83.6138,0.4186,39,0.9750,0.1250,32,4,0,16,1,20,1,0.9500
6,72.0000,0,10,298.8697,-86.0473,0.6736,35,0.8750,0.4545,11,6,1,0,0,6,1,0.8333
6,72.0000,0,13,591.3158,-88.6381,0.7735,6,0.1500,1.0000,8,8,8,0,0,8,8,0.0000
6,72.0000,1,0,462.5081,-87.5295,-0.4623,25,0.6250,0.7929,140,8,8,2,2,10,10,0.0000
6,72.0000,1,3,489.8850,-88.5744,-0.3625,17,0.4250,0.7500,8,7,6,0,0,7,6,0.1429
6,72.0000,1,4,170.3119,-78.1376,-1.1159,38,0.9500,0.0000,4,5,1,0,0,5,1,0.8000
6,72.0000,1,5,446.2802,-87.9268,-0.2626,19,0.4750,0.7143,7,8,7,2,2,10,9,0.1000
6,72.0000,1,6,584.3449,-88.5087,-0.3052,11,0.2750,1.0000,8,8,8,0,0,8,8,0.0000
6,72.0000,1,7,598.7882,-88.3661,-0.9991,5,0.1250,0.9444,18,4,4,12,12,16,16,0.0000
6,72.0000,2,7,693.0428,-88.3518,-2.6937,3,0.0750,1.0000,10,2,2,0,0,2,2,0.0000
6,72.0000,2,10,438.9543,-87.2463,-0.0798,22,0.5500,0.8571,7,7,6,0,0,7,6,0.1429
6,72.0000,2,12,605.9568,-89.0699,0.3651,5,0.1250,1.0000,6,8,8,0,0,8,8,0.0000
6,72.0000,2,13,663.0209,-89.3749,0.3569,8,0.2000,1.0000,8,4,4,0,0,4,4,0.0000
6,72.0000,2,14,478.4374,-88.9839,0.2728,8,0.2000,1.0000,4,6,3,0,0,6,3,0.5000
6,72.0000,3,1,489.8850,-88.0903,-0.2991,20,0.5000,0.8571,7,6,4,0,0,6,4,0.3333
6,72.0000,3,4,633.1179,-88.6769,-1.0362,3,0.0750,1.0000,112,6,6,8,8,14,14,0.0000
6,72.0000,3,5,456.0246,-88.1096,0.4133,8,0.2000,1.0000,8,7,4,0,0,7,4,0.4286
6,72.0000,3,6,455.4267,-88.3110,0.2489,24,0.6000,0.8750,8,7,6,0,0,7,6,0.1429
6,72.0000,4,0,399.7886,-87.5044,0.2266,20,0.5000,0.8654,52,7,3,52,43,59,46,0.2203
6,72.0000,4,1,170.3119,-78.0369,-0.7157,37,0.9250,0.5424,59,4,0,3,0,7,0,1.0000
6,72.0000,4,5,469.8167,-88.0864,0.7228,8,0.2000,0.8750,8,7,6,0,0,7,6,0.1429
6,72.0000,4,6,621.0148,-87.8994,-0.0524,8,0.2000,1.0000,8,8,8,0,0,8,8,0.0000
6,72.0000,4,7,479.6821,-89.3077,0.2547,4,0.1000,1.0000,8,8,6,36,26,44,32,0.2727
6,72.0000,5,0,232.9570,-82.6974,-0.9317,40,0.9756,0.0000,4,4,0,0,0,4,0,1.0000
6,72.0000,5,1,446.2802,-87.4782,-0.0800,20,0.4878,0.8750,8,6,4,0,0,6,4,0.3333
6,72.0000,5,3,456.0246,-88.7677,0.3912,16,0.3902,0.8750,8,7,4,0,0,7,4,0.4286
6,72.0000,5,4,469.8167,-88.9421,0.0232,18,0.4390,0.7143,7,7,6,0,0,7,6,0.1429
6,72.0000,5,6,350.2202,-86.8711,0.1671,28,0.6829,0.7143,7,4,0,0,0,4,0,1.0000
6,72.0000,5,7,446.4826,-88.1050,0.1448,21,0.5122,0.7500,8,7,4,0,0,7,4,0.4286
6,72.0000,5,10,346.6884,-86.8276,-0.2005,27,0.6585,0.2000,5,6,4,2,2,8,6,0.2500
6,72.0000,6,0,489.0240,-88.0287,-0.2430,14,0.3500,0.8571,7,8,8,0,0,8,8,0.0000
6,72.0000,6,1,584.3449,-88.8836,-0.1884,10,0.2500,0.8571,7,8,8,0,0,8,8,0.0000
6,72.0000,6,3,455.4267,-88.6310,0.1901,19,0.4750,0.8571,7,7,5,0,0,7,5,0.2857
6,72.0000,6,4,621.0148,-89.1365,-0.2449,8,0.2000,1.0000,8,4,4,0,0,4,4,0.0000
6,72.0000,6,5,350.2202,-86.8193,-0.2280,26,0.6500,0.4286,7,5,1,0,0,5,1,0.8000
6,72.0000,6,10,507.8417,-88.7800,0.4868,7,0.1750,0.8750,8,7,5,0,0,7,5,0.2857
6,72.0000,7,0,231.0677,-83.6914,0.6775,38,0.9500,0.2000,5,4,0,0,0,4,0,1.0000
6,72.0000,7,1,598.7882,-88.3364,-0.6917,5,0.1250,1.0000,8,6,6,0,0,6,6,0.0000
6,72.0000,7,4,479.6821,-88.8259,0.2249,11,0.2750,0.8750,8,6,4,0,0,6,4,0.3333
6,72.0000,7,5,446.4826,-87.3074,-0.4810,22,0.5500,0.8750,8,8,6,0,0,8,6,0.2500
6,72.0000,7,6,602.0787,-88.5289,-0.8259,4,0.1000,1.0000,2,6,6,0,0,6,6,0.0000
6,72.0000,7,10,357.7884,-85.7147,-0.5145,34,0.8500,0.6667,6,7,5,0,0,7,5,0.2857
6,72.0000,7,13,593.1848,-88.7022,0.0794,7,0.1750,1.0000,8,8,8,0,0,8,8,0.0000
6,72.0000,8,13,459.8979,-88.2870,-0.0581,13,0.3250,0.9434,53,8,6,100,94,108,100,0.0741
6,72.0000,8,14,441.2734,-88.5463,0.1177,15,0.3750,0.6667,6,6,4,0,0,6,4,0.3333
6,72.0000,9,12,512.3665,-87.7239,-0.4103,24,0.6154,0.6250,8,8,8,0,0,8,8,0.0000
6,72.0000,10,0,298.8697,-85.2310,-0.3406,32,0.8000,0.4000,5,4,0,0,0,4,0,1.0000
6,72.0000,10,1,736.1775,-89.5852,-0.7864,3,0.0750,1.0000,2,2,2,0,0,2,2,0.0000
6,72.0000,10,2,438.9543,-88.1883,-0.2095,25,0.6250,0.5000,12,8,7,2,2,10,9,0.1000
6,72.0000,10,5,346.6884,-86.6712,0.7917,30,0.7500,0.2000,5,5,1,0,0,5,1,0.8000
6,72.0000,10,6,507.8417,-88.4303,0.8163,6,0.1500,1.0000,8,5,2,0,0,5,2,0.6000
6,72.0000,10,7,357.7884,-85.7379,-0.9200,34,0.8500,0.5000,6,6,4,0,0,6,4,0.3333
6,72.0000,10,13,474.1496,-87.0141,-0.1294,23,0.5750,0.5714,7,8,8,0,0,8,8,0.0000
6,72.0000,11,14,472.0806,-88.2135,-0.3409,17,0.4359,0.3333,6,8,6,0,0,8,6,0.2500
6,72.0000,12,2,605.9568,-89.0321,-0.4280,5,0.1250,1.0000,8,6,6,0,0,6,6,0.0000
6,72.0000,12,9,512.3665,-87.9181,-0.0954,19,0.4750,0.7143,7,4,4,0,0,4,4,0.0000
6,72.0000,13,0,591.3158,-89.1126,-0.0108,6,0.1463,1.0000,8,6,6,0,0,6,6,0.0000
6,72.0000,13,2,663.0209,-89.0253,-0.5634,3,0.0732,1.0000,8,8,7,0,0,8,7,0.1250
6,72.0000,13,7,593.1848,-89.2964,-0.3685,6,0.1463,1.0000,8,4,4,0,0,4,4,0.0000
6,72.0000,13,8,459.8979,-87.7741,-0.2977,16,0.3902,1.0000,8,8,8,0,0,8,8,0.0000
6,72.0000,13,10,474.1496,-86.9622,-0.2332,27,0.6585,0.7333,15,7,6,35,34,42,40,0.0476
6,72.0000,14,2,478.4374,-89.1979,0.8149,7,0.1750,0.8333,6,8,6,0,0,8,6,0.2500
6,72.0000,14,8,441.2734,-87.6964,-0.1354,21,0.5250,0.7143,7,8,7,0,0,8,7,0.1250
6,72.0000,14,11,472.0806,-87.8418,-0.3816,23,0.5750,0.8571,7,7,6,0,0,7,6,0.1429
6,76.0000,0,1,520.5755,-88.8346,-0.0524,10,0.2500,0.7143,7,8,8,0,0,8,8,0.0000
6,76.0000,0,4,380.6848,-86.9727,0.2745,25,0.6250,0.0000,4,6,3,0,0,6,3,0.5000
6,76.0000,0,5,306.6738,-84.1603,-0.1389,33,0.8250,0.4000,5,6,3,0,0,6,3,0.5000
6,76.0000,0,6,529.2756,-88.8636,0.0102,14,0.3500,0.8750,8,8,8,0,0,8,8,0.0000
6,76.0000,0,7,224.7799,-83.2894,0.0602,38,0.9500,0.0500,20,5,1,0,0,5,1,0.8000
6,76.0000,0,10,344.6239,-86.6985,-0.1827,28,0.7000,0.1667,6,4,2,0,0,4,2,0.5000
6,76.0000,0,13,596.3194,-89.3189,-0.3387,3,0.0750,1.0000,8,7,6,0,0,7,6,0.1429
6,76.0000,1,0,520.5755,-88.6159,-0.3669,9,0.2250,1.0000,10,8,8,6,6,14,14,0.0000
6,76.0000,1,3,411.6876,-88.6068,0.0687,10,0.2500,0.8571,7,6,2,0,0,6,2,0.6667
6,76.0000,1,4,303.1840,-83.6327,-0.9303,39,0.9750,0.2000,5,7,5,0,0,7,5,0.2857
6,76.0000,1,5,350.2857,-87.3691,0.8016,25,0.6250,0.9000,10,5,1,47,31,52,32,0.3846
6,76.0000,1,6,577.0005,-89.2529,0.1044,7,0.1750,1.0000,8,8,8,0,0,8,8,0.0000
6,76.0000,2,8,568.3035,-88.9611,-0.1913,6,0.1500,1.0000,4,4,4,0,0,4,4,0.0000
6,76.0000,2,10,514.2966,-88.7827,0.1316,13,0.3250,0.8571,7,7,6,0,0,7,6,0.1429
6,76.0000,2,11,621.5075,-88.6478,0.4318,5,0.1250,1.0000,8,6,6,0,0,6,6,0.0000
6,76.0000,2,14,340.1632,-86.8970,0.1033,22,0.5500,0.5000,6,4,0,0,0,4,0,1.0000
6,76.0000,3,1,411.6876,-87.8147,0.4869,18,0.4390,0.6667,6,5,1,90,72,95,73,0.2316
6,76.0000,3,5,361.1577,-87.1946,0.2882,22,0.5366,0.5714,7,7,5,2,2,9,7,0.2222
6,76.0000,3,6,454.0122,-87.7680,0.4575,17,0.4146,0.8571,7,8,7,0,0,8,7,0.1250
6,76.0000,4,0,380.6848,-87.4674,-0.0350,21,0.5122,0.7797,59,5,2,0,0,5,2,0.6000
6,76.0000,4,1,303.1840,-83.0370,-1.3931,40,0.9756,0.0000,7,6,2,0,0,6,2,0.6667
6,76.0000,4,5,426.2154,-87.8489,0.2202,19,0.4634,0.8571,7,7,5,0,0,7,5,0.2857
6,76.0000,4,7,380.8366,-87.8816,0.3533,22,0.5366,0.7273,44,6,3,89,66,95,69,0.2737
6,76.0000,5,0,306.6738,-84.8605,-0.4896,38,0.9500,0.0000,4,6,3,0,0,6,3,0.5000
6,76.0000,5,1,350.2857,-87.5561,0.3743,29,0.7250,0.6667,6,5,1,0,0,5,1,0.8000
6,76.0000,5,3,361.1577,-87.3965,0.0769,28,0.7000,0.5714,7,4,0,0,0,4,0,1.0000
6,76.0000,5,4,426.2154,-87.8730,0.2867,22,0.5500,0.8571,7,7,5,0,0,7,5,0.2857
6,76.0000,5,6,359.0054,-86.4898,0.0265,36,0.9000,0.0000,4,6,3,0,0,6,3,0.5000
6,76.0000,5,7,489.2593,-88.4074,-0.2813,19,0.4750,0.5714,7,7,6,0,0,7,6,0.1429
6,76.0000,5,10,391.9678,-87.1815,-0.1127,27,0.6750,0.7500,8,6,4,5,4,11,8,0.2727
6,76.0000,6,0,529.2756,-89.4679,0.0280,8,0.2051,1.0000,8,8,8,0,0,8,8,0.0000
6,76.0000,6,1,577.0005,-89.1162,-0.0215,7,0.1795,1.0000,8,8,8,0,0,8,8,0.0000
6,76.0000,6,3,454.0122,-88.2847,0.0176,14,0.3590,0.7143,7,7,4,0,0,7,4,0.4286
6,76.0000,6,4,675.4800,-89.2963,0.3860,4,0.1026,1.0000,4,4,4,0,0,4,4,0.0000
6,76.0000,6,5,359.0054,-86.8194,0.0558,32,0.8205,0.2000,5,5,1,0,0,5,1,0.8000
6,76.0000,6,7,638.4290,-89.1503,-0.3877,5,0.1282,1.0000,6,6,6,0,0,6,6,0.0000
6,76.0000,6,10,398.0701,-87.8394,0.3353,20,0.5128,0.7143,7,6,4,0,0,6,4,0.3333
6,76.0000,7,0,224.7799,-83.5617,-0.1391,36,0.9000,0.0000,4,4,0,0,0,4,0,1.0000
6,76.0000,7,1,609.1356,-88.7454,0.5471,3,0.0750,1.0000,6,8,8,0,0,8,8,0.0000
6,76.0000,7,4,380.8366,-87.3820,0.8233,17,0.4250,0.6667,6,6,3,0,0,6,3,0.5000
6,76.0000,7,5,489.2593,-87.9204,0.0761,11,0.2750,0.7500,8,6,6,0,0,6,6,0.0000
6,76.0000,7,10,486.3124,-87.4528,-0.2306,22,0.5500,0.7143,7,8,8,0,0,8,8,0.0000
6,76.0000,8,13,460.8251,-88.2808,-0.3263,18,0.4500,0.9259,108,8,8,104,101,112,109,0.0268
6,76.0000,8,14,427.3080,-87.9798,-0.3020,22,0.5500,0.6667,6,5,1,0,0,5,1,0.8000
6,76.0000,10,0,344.6239,-86.5183,0.0502,34,0.8500,0.0000,4,6,4,0,0,6,4,0.3333
6,76.0000,10,2,514.2966,-88.5814,0.3683,18,0.4500,0.9000,10,7,6,4,4,11,10,0.0909
6,76.0000,10,5,391.9678,-86.4972,-0.6120,29,0.7250,0.2000,5,7,6,0,0,7,6,0.1429
6,76.0000,10,6,398.0701,-88.1380,0.2191,17,0.4250,0.4000,5,7,3,0,0,7,3,0.5714
6,76.0000,10,7,486.3124,-87.1172,-0.4385,23,0.5750,0.6667,6,8,8,0,0,8,8,0.0000
6,76.0000,10,12,525.5005,-88.9759,0.3518,8,0.2000,1.0000,6,8,8,0,0,8,8,0.0000
6,76.0000,10,13,627.2987,-88.6311,-0.2716,11,0.2750,1.0000,8,2,2,0,0,2,2,0.0000
6,76.0000,11,14,511.3874,-88.5725,0.4262,14,0.3500,0.7500,8,8,8,0,0,8,8,0.0000
6,76.0000,12,2,623.6537,-89.1511,0.1558,5,0.1250,1.0000,6,8,8,0,0,8,8,0.0000
6,76.0000,12,9,651.2149,-89.0418,-0.5763,9,0.2250,1.0000,4,4,4,0,0,4,4,0.0000
6,76.0000,12,10,525.5005,-87.2235,1.3318,3,0.0750,1.0000,4,7,6,0,0,7,6,0.1429
6,76.0000,13,0,596.3194,-88.9890,0.3935,7,0.1795,1.0000,6,8,8,0,0,8,8,0.0000
6,76.0000,13,7,654.0173,-88.8626,-0.0426,4,0.1026,1.0000,4,4,4,0,0,4,4,0.0000
6,76.0000,13,8,460.8251,-88.2327,-0.3068,16,0.4103,1.0000,8,8,7,0,0,8,7,0.1250
6,76.0000,13,10,627.2987,-88.4321,-0.3119,12,0.3077,0.9524,42,4,4,24,24,28,28,0.0000
6,76.0000,14,2,340.1632,-87.4002,0.8576,17,0.4359,0.7500,8,4,0,0,0,4,0,1.0000
6,76.0000,14,8,427.3080,-88.4313,-0.0874,20,0.5128,0.8750,8,7,4,0,0,7,4,0.4286
6,76.0000,14,11,511.3874,-88.5882,-0.1895,18,0.4615,0.8571,7,7,6,0,0,7,6,0.1429
6,76.0000,14,12,617.5048,-89.3360,0.7010,3,0.0769,1.0000,4,8,8,0,0,8,8,0.0000
6,80.0000,0,1,562.9661,-87.9351,-0.4128,7,0.1750,1.0000,8,8,8,0,0,8,8,0.0000
6,80.0000,0,4,386.9590,-86.9276,0.4857,24,0.6000,0.5000,6,6,4,0,0,6,4,0.3333
6,80.0000,0,5,396.9099,-86.6159,-0.6583,34,0.8500,0.5000,6,8,8,0,0,8,8,0.0000
6,80.0000,0,6,577.2280,-88.7365,0.3003,7,0.1750,1.0000,8,8,8,0,0,8,8,0.0000
6,80.0000,0,7,246.6757,-83.2827,-0.0059,40,1.0000,0.2000,5,4,0,0,0,4,0,1.0000
6,80.0000,0,10,448.9397,-87.3010,-0.3881,27,0.6750,0.5000,4,7,5,0,0,7,5,0.2857
6,80.0000,0,13,604.0967,-89.2169,0.1560,3,0.0750,0.8571,7,6,6,0,0,6,6,0.0000
6,80.0000,1,0,562.9661,-88.8273,-0.1547,11,0.2750,1.0000,14,6,6,0,0,6,6,0.0000
6,80.0000,1,3,306.2179,-87.0407,0.4652,29,0.7250,0.3333,6,4,0,0,0,4,0,1.0000
6,80.0000,1,4,453.1392,-86.7312,-0.6121,28,0.7000,0.7143,7,7,6,10,10,17,16,0.0588
6,80.0000,1,5,208.8071,-84.8790,1.5739,32,0.8000,0.6154,52,4,0,8,5,12,5,0.5833
6,80.0000,1,6,530.3713,-89.0112,-0.4852,6,0.1500,1.0000,8,8,6,0,0,8,6,0.2500
6,80.0000,1,7,636.3084,-88.9750,0.2159,6,0.1500,1.0000,8,4,4,0,0,4,4,0.0000
6,80.0000,2,8,440.4436,-88.4949,0.2290,8,0.2051,1.0000,4,5,2,0,0,5,2,0.6000
6,80.0000,2,10,619.4030,-89.1827,-0.0536,9,0.2308,0.8571,7,6,6,0,0,6,6,0.0000
6,80.0000,2,12,675.9503,-89.5621,-0.3783,5,0.1282,1.0000,8,6,6,0,0,6,6,0.0000
6,80.0000,2,14,285.6505,-85.9171,0.2006,36,0.9231,0.0000,4,7,3,0,0,7,3,0.5714
6,80.0000,3,1,306.2179,-86.9204,0.3219,32,0.8000,0.7684,95,4,0,80,36,84,36,0.5714
6,80.0000,3,5,296.3164,-86.5418,0.2320,33,0.8250,0.7778,9,4,0,0,0,4,0,1.0000
6,80.0000,3,6,453.0543,-88.4142,0.4175,15,0.3750,0.8750,8,8,8,0,0,8,8,0.0000
6,80.0000,3,10,586.3436,-89.8526,-0.0472,3,0.0750,1.0000,6,5,4,0,0,5,4,0.2000
6,80.0000,4,0,386.9590,-87.3023,-0.2203,27,0.6750,0.4000,5,6,2,0,0,6,2,0.6667
6,80.0000,4,1,453.1392,-87.1360,-0.6797,27,0.6750,0.3333,6,8,8,0,0,8,8,0.0000
6,80.0000,4,5,438.7594,-87.1383,-0.8325,22,0.5500,0.7143,7,8,7,0,0,8,7,0.1250
6,80.0000,4,7,309.3995,-86.7653,0.4738,28,0.7000,0.7263,95,4,0,77,30,81,30,0.6296
6,80.0000,5,0,396.9099,-86.7581,-0.6513,31,0.7750,0.5000,6,8,7,0,0,8,7,0.1250
6,80.0000,5,1,208.8071,-84.1292,1.1464,37,0.9250,0.2000,5,4,0,0,0,4,0,1.0000
6,80.0000,5,3,296.3164,-86.4314,0.0826,33,0.8250,0.0000,4,5,2,0,0,5,2,0.6000
6,80.0000,5,4,438.7594,-88.0809,-0.0225,18,0.4500,0.7143,7,8,8,0,0,8,8,0.0000
6,80.0000,5,6,419.0304,-86.5895,-0.3068,27,0.6750,0.5000,6,8,7,0,0,8,7,0.1250
6,80.0000,5,7,534.6438,-88.8482,0.3298,12,0.3000,0.8571,7,7,6,0,0,7,6,0.1429
6,80.0000,5,10,477.3191,-88.0164,-0.3702,21,0.5250,0.7273,11,8,7,0,0,8,7,0.1250
6,80.0000,6,0,577.2280,-88.5421,0.0947,12,0.2927,1.0000,8,8,8,0,0,8,8,0.0000
6,80.0000,6,1,530.3713,-88.5091,-0.2353,9,0.2195,1.0000,8,8,7,0,0,8,7,0.1250
6,80.0000,6,3,453.0543,-87.2887,-0.0205,21,0.5122,0.5714,7,7,5,0,0,7,5,0.2857
6,80.0000,6,5,419.0304,-86.5084,-0.5507,28,0.6829,0.2000,5,8,8,0,0,8,8,0.0000
6,80.0000,6,7,703.7814,-89.4703,0.4930,4,0.0976,1.0000,6,4,4,0,0,4,4,0.0000
6,80.0000,6,10,303.2885,-86.9328,0.4934,32,0.7805,0.6667,6,4,0,0,0,4,0,1.0000
6,80.0000,6,12,591.0101,-89.3654,-0.6032,3,0.0732,1.0000,2,8,8,0,0,8,8,0.0000
6,80.0000,7,0,246.6757,-83.3055,-0.0308,39,0.9750,0.0000,4,4,0,0,0,4,0,1.0000
6,80.0000,7,1,636.3084,-88.5165,0.6229,4,0.1000,1.0000,8,4,4,0,0,4,4,0.0000
6,80.0000,7,4,309.3995,-86.3603,0.4581,33,0.8250,0.5000,6,6,3,0,0,6,3,0.5000
6,80.0000,7,5,534.6438,-88.5938,-0.1424,11,0.2750,1.0000,6,8,8,0,0,8,8,0.0000
6,80.0000,7,10,638.0416,-88.1849,-0.4744,7,0.1750,1.0000,8,6,6,0,0,6,6,0.0000
6,80.0000,8,2,440.4436,-88.2461,0.0914,12,0.3000,0.7500,8,5,2,0,0,5,2,0.6000
6,80.0000,8,13,500.5304,-88.4152,-0.3341,19,0.4750,0.9732,112,8,8,55,53,63,61,0.0317
6,80.0000,8,14,410.9936,-88.2171,-0.1936,25,0.6250,0.2000,5,8,5,0,0,8,5,0.3750
6,80.0000,10,0,448.9397,-87.4526,-0.0930,16,0.4000,0.6667,6,8,8,0,0,8,8,0.0000
6,80.0000,10,2,619.4030,-88.5081,0.3199,5,0.1250,0.9091,11,4,4,0,0,4,4,0.0000
6,80.0000,10,5,477.3191,-88.1886,-0.3535,19,0.4750,0.8571,7,8,8,0,0,8,8,0.0000
6,80.0000,10,6,303.2885,-86.3854,0.5219,29,0.7250,0.4286,7,5,1,0,0,5,1,0.8000
6,80.0000,10,7,638.0416,-89.3030,0.1341,8,0.2000,1.0000,8,6,5,0,0,6,5,0.1667
6,80.0000,10,12,403.0201,-88.1871,0.5533,18,0.4500,1.0000,8,6,4,0,0,6,4,0.3333
6,80.0000,11,14,559.7160,-88.5625,0.0996,10,0.2500,1.0000,8,8,8,0,0,8,8,0.0000
6,80.0000,12,2,675.9503,-89.3368,0.4062,5,0.1250,1.0000,8,2,2,0,0,2,2,0.0000
6,80.0000,12,6,591.0101,-89.2005,0.7219,3,0.0750,1.0000,6,7,5,0,0,7,5,0.2857
6,80.0000,12,10,403.0201,-88.2800,0.5285,15,0.3750,0.8571,7,6,3,0,0,6,3,0.5000
6,80.0000,12,14,537.1044,-88.7633,0.1126,7,0.1750,1.0000,8,8,7,0,0,8,7,0.1250
6,80.0000,13,0,604.0967,-89.0897,-0.0209,3,0.0732,1.0000,8,8,8,0,0,8,8,0.0000
6,80.0000,13,8,500.5304,-88.1727,0.0782,19,0.4634,0.8750,8,8,8,0,0,8,8,0.0000
6,80.0000,14,2,285.6505,-85.4818,0.0422,34,0.8500,0.0000,4,4,0,0,0,4,0,1.0000
6,80.0000,14,8,410.9936,-87.7190,0.0877,20,0.5000,0.5714,7,5,1,0,0,5,1,0.8000
6,80.0000,14,11,559.7160,-89.1986,0.1378,13,0.3250,0.8571,7,8,8,0,0,8,8,0.0000
6,80.0000,14,12,537.1044,-88.7081,0.4066,9,0.2250,1.0000,8,8,7,0,0,8,7,0.1250
6,84.0000,0,1,647.9212,-89.1799,1.6885,4,0.1000,1.0000,8,2,2,0,0,2,2,0.0000
6,84.0000,0,3,682.4490,-89.6964,0.0192,4,0.1000,1.0000,4,2,2,0,0,2,2,0.0000
6,84.0000,0,4,391.5767,-87.3805,-0.3371,27,0.6750,0.6667,6,6,4,0,0,6,4,0.3333
6,84.0000,0,5,500.3771,-88.4154,-0.0180,22,0.5500,1.0000,8,8,7,0,0,8,7,0.1250
6,84.0000,0,6,619.8136,-88.3198,-0.8138,4,0.1000,1.0000,8,6,6,0,0,6,6,0.0000
6,84.0000,0,7,288.0551,-84.7023,-0.0790,39,0.9750,0.0000,4,4,0,0,0,4,0,1.0000
6,84.0000,0,10,588.0101,-88.7346,0.1340,14,0.3500,0.7143,7,8,8,0,0,8,8,0.0000
6,84.0000,0,13,604.6343,-88.7626,-2.8193,3,0.0750,1.0000,6,8,8,0,0,8,8,0.0000
6,84.0000,1,0,647.9212,-88.9901,0.2328,3,0.0769,1.0000,6,6,6,0,0,6,6,0.0000
6,84.0000,1,3,216.6809,-84.8469,0.6515,38,0.9744,0.0000,4,4,0,0,0,4,0,1.0000
6,84.0000,1,4,620.9595,-88.6876,0.3981,7,0.1795,0.9412,17,4,4,0,0,4,4,0.0000
6,84.0000,1,5,161.6384,-81.1372,0.7113,39,1.0000,0.4167,12,4,0,0,0,4,0,1.0000
6,84.0000,1,6,498.7403,-88.4843,-0.1439,12,0.3077,0.7500,8,8,7,0,0,8,7,0.1250
6,84.0000,1,10,618.6076,-87.6715,1.1871,3,0.0769,1.0000,6,7,6,0,0,7,6,0.1429
6,84.0000,2,8,344.4171,-87.1872,0.8450,22,0.5366,0.4000,5,7,3,0,0,7,3,0.5714
6,84.0000,2,14,363.1186,-86.0697,-0.8356,36,0.8780,0.4286,7,8,8,0,0,8,8,0.0000
6,84.0000,3,1,216.6809,-84.0901,0.9729,39,0.9750,0.4286,84,4,0,55,4,59,4,0.9322
6,84.0000,3,5,281.3635,-84.9902,-0.5005,39,0.9750,0.0000,4,4,0,0,0,4,0,1.0000
6,84.0000,3,6,452.5933,-88.0063,-0.4210,20,0.5000,1.0000,8,8,7,0,0,8,7,0.1250
6,84.0000,3,10,517.2024,-88.7899,0.0264,8,0.2000,0.8000,5,6,4,0,0,6,4,0.3333
6,84.0000,4,0,391.5767,-87.6895,0.0091,25,0.6250,0.3333,6,5,1,0,0,5,1,0.8000
6,84.0000,4,1,620.9595,-88.4963,-0.0067,6,0.1500,1.0000,8,6,6,0,0,6,6,0.0000
6,84.0000,4,5,480.0777,-88.1459,-0.1653,18,0.4500,0.8750,8,8,8,0,0,8,8,0.0000
6,84.0000,4,7,238.3955,-85.0569,0.1686,40,1.0000,0.3704,81,4,0,56,5,60,5,0.9167
6,84.0000,5,0,500.3771,-87.9491,-0.0741,18,0.4390,0.8750,8,8,8,0,0,8,8,0.0000
6,84.0000,5,1,161.6384,-81.1556,0.8452,41,1.0000,0.0000,4,4,0,0,0,4,0,1.0000
6,84.0000,5,3,281.3635,-85.2407,0.0080,40,0.9756,0.4000,5,5,1,0,0,5,1,0.8000
6,84.0000,5,4,480.0777,-88.5613,-0.3132,18,0.4390,1.0000,8,8,8,0,0,8,8,0.0000
6,84.0000,5,6,509.0580,-87.8881,-0.1914,20,0.4878,0.8750,8,8,8,0,0,8,8,0.0000
6,84.0000,5,7,577.4735,-88.5056,0.3804,8,0.1951,0.8571,7,7,6,0,0,7,6,0.1429
6,84.0000,5,10,593.3372,-88.8800,-0.2644,14,0.3415,0.8750,8,4,4,0,0,4,4,0.0000
6,84.0000,6,0,619.8136,-88.9251,0.1286,7,0.1795,1.0000,8,8,8,0,0,8,8,0.0000
6,84.0000,6,1,498.7403,-88.7793,0.3450,11,0.2821,0.8750,8,8,8,0,0,8,8,0.0000
6,84.0000,6,3,452.5933,-87.8841,-0.1517,22,0.5641,0.7143,7,7,6,0,0,7,6,0.1429
6,84.0000,6,5,509.0580,-88.3370,0.2604,12,0.3077,1.0000,8,8,7,0,0,8,7,0.1250
6,84.0000,6,10,217.1196,-84.4282,0.9399,38,0.9744,0.0000,4,5,2,0,0,5,2,0.6000
6,84.0000,6,12,517.0492,-88.8603,-1.3449,5,0.1282,1.0000,8,8,8,0,0,8,8,0.0000
6,84.0000,7,0,288.0551,-84.8031,-0.8178,40,1.0000,0.0000,4,5,1,0,0,5,1,0.8000
6,84.0000,7,4,238.3955,-85.3902,0.4194,35,0.8750,0.5000,6,4,0,0,0,4,0,1.0000
6,84.0000,7,5,577.4735,-88.6716,0.2326,7,0.1750,1.0000,8,8,8,0,0,8,8,0.0000
6,84.0000,8,2,344.4171,-86.7050,0.1691,27,0.6750,0.4000,5,4,1,0,0,4,1,0.7500
6,84.0000,8,13,587.4781,-88.8292,0.2734,10,0.2500,0.9683,63,6,6,0,0,6,6,0.0000
6,84.0000,8,14,393.4274,-87.5743,0.2036,29,0.7250,0.6250,8,7,6,0,0,7,6,0.1429
6,84.0000,10,0,588.0101,-88.2571,-0.1133,12,0.3000,1.0000,8,4,4,0,0,4,4,0.0000
6,84.0000,10,3,517.2024,-88.0987,-0.5907,7,0.1750,1.0000,8,7,4,0,0,7,4,0.4286
6,84.0000,10,5,593.3372,-88.6687,-0.1512,9,0.2250,1.0000,8,8,8,0,0,8,8,0.0000
6,84.0000,10,6,217.1196,-85.0261,0.9919,38,0.9500,0.2000,5,4,0,0,0,4,0,1.0000
6,84.0000,10,12,314.3348,-86.8851,0.3596,31,0.7750,0.6667,6,4,0,0,0,4,0,1.0000
6,84.0000,10,14,597.2862,-88.9231,0.4499,3,0.0750,0.8333,6,6,6,34,34,40,40,0.0000
6,84.0000,11,14,627.4495,-87.7270,-0.2078,4,0.1000,1.0000,8,8,8,0,0,8,8,0.0000
6,84.0000,12,3,657.6828,-88.9592,0.3163,4,0.1026,,0,8,8,0,0,8,8,0.0000
6,84.0000,12,6,517.0492,-88.9021,0.5880,9,0.2308,0.7143,7,8,7,0,0,8,7,0.1250
6,84.0000,12,10,314.3348,-86.9026,0.3913,29,0.7436,0.5000,6,4,0,37,24,41,24,0.4146
6,84.0000,12,14,473.2076,-88.3379,-0.2046,16,0.4103,0.8750,8,8,7,0,0,8,7,0.1250
6,84.0000,13,0,604.6343,-89.2942,0.4838,7,0.1750,1.0000,8,4,4,0,0,4,4,0.0000
6,84.0000,13,8,587.4781,-87.9959,-0.5104,6,0.1500,1.0000,8,8,8,0,0,8,8,0.0000
6,84.0000,14,2,363.1186,-85.9050,-0.6005,37,0.9250,0.0000,4,7,6,0,0,7,6,0.1429
6,84.0000,14,8,393.4274,-87.1629,0.2901,23,0.5750,0.2000,5,6,4,0,0,6,4,0.3333
6,84.0000,14,11,627.4495,-89.3601,-0.1659,4,0.1000,1.0000,8,8,8,0,0,8,8,0.0000
6,84.0000,14,12,473.2076,-88.2237,0.1326,13,0.3250,0.8750,8,7,4,0,0,7,4,0.4286
6,88.0000,0,4,347.3429,-86.4368,0.0032,28,0.7000,0.6667,6,4,0,0,0,4,0,1.0000
6,88.0000,0,5,619.5480,-88.9527,-0.1170,6,0.1500,0.8750,8,6,6,0,0,6,6,0.0000
6,88.0000,0,6,664.2151,-89.4268,-0.0864,3,0.0750,1.0000,6,6,6,0,0,6,6,0.0000
6,88.0000,0,7,321.1302,-85.5305,-0.2364,32,0.8000,0.0000,4,5,2,0,0,5,2,0.6000
6,88.0000,1,3,182.7794,-81.5991,0.3014,40,0.9756,0.0000,4,4,0,0,0,4,0,1.0000
6,88.0000,1,5,235.4950,-81.3742,-0.5085,41,1.0000,0.0000,4,4,0,0,0,4,0,1.0000
6,88.0000,1,6,476.3971,-88.5752,0.1631,14,0.3415,0.8750,8,8,7,0,0,8,7,0.1250
6,88.0000,1,10,573.0647,-89.2288,0.0066,7,0.1707,0.8571,7,8,8,0,0,8,8,0.0000
6,88.0000,2,8,347.8566,-85.9020,0.0050,31,0.7750,0.4286,7,4,0,0,0,4,0,1.0000
6,88.0000,2,14,508.8695,-88.0803,0.5942,21,0.5250,1.0000,8,8,8,0,0,8,8,0.0000
6,88.0000,3,1,182.7794,-82.2953,0.7095,40,1.0000,0.0678,59,4,0,59,8,63,8,0.8730
6,88.0000,3,5,321.8490,-86.3117,-0.0614,38,0.9500,0.0000,4,6,3,0,0,6,3,0.5000
6,88.0000,3,6,442.4060,-88.1988,0.4214,23,0.5750,0.8750,8,7,5,0,0,7,5,0.2857
6,88.0000,3,10,482.9178,-88.6473,0.3139,14,0.3500,0.6667,6,8,8,0,0,8,8,0.0000
6,88.0000,3,12,582.2386,-89.6607,0.1233,5,0.1250,1.0000,8,8,8,0,0,8,8,0.0000
6,88.0000,4,0,347.3429,-87.2706,0.2428,25,0.6410,0.2000,5,6,2,0,0,6,2,0.6667
6,88.0000,4,5,561.3262,-87.8813,-0.1866,12,0.3077,1.0000,8,8,8,0,0,8,8,0.0000
6,88.0000,4,7,173.4145,-82.2566,0.5692,38,0.9744,0.0833,60,4,0,52,0,56,0,1.0000
6,88.0000,5,0,619.5480,-88.5805,0.6896,6,0.1538,1.0000,8,6,5,0,0,6,5,0.1667
6,88.0000,5,1,235.4950,-81.5870,-1.0826,38,0.9744,0.0000,4,5,2,0,0,5,2,0.6000
6,88.0000,5,3,321.8490,-85.3979,-0.3691,36,0.9231,0.2000,5,6,3,0,0,6,3,0.5000
6,88.0000,5,4,561.3262,-88.2075,-0.4891,10,0.2564,1.0000,8,6,6,0,0,6,6,0.0000
6,88.0000,5,6,599.9258,-88.2211,-0.3773,10,0.2564,1.0000,8,8,8,0,0,8,8,0.0000
6,88.0000,6,1,476.3971,-87.8313,0.0903,10,0.2439,1.0000,8,7,6,0,0,7,6,0.1429
6,88.0000,6,3,442.4060,-87.8620,-0.0283,18,0.4390,0.8571,7,5,2,0,0,5,2,0.6000
6,88.0000,6,5,599.9258,-88.3010,-0.1273,9,0.2195,0.8750,8,8,8,0,0,8,8,0.0000
6,88.0000,6,10,198.1984,-82.2845,0.1082,41,1.0000,0.4000,5,4,0,0,0,4,0,1.0000
6,88.0000,6,12,469.0390,-88.5319,0.1004,18,0.4390,1.0000,8,7,5,0,0,7,5,0.2857
6,88.0000,6,14,677.1252,-89.3110,0.1963,4,0.0976,1.0000,8,8,8,0,0,8,8,0.0000
6,88.0000,7,0,321.1302,-85.6973,-0.6122,34,0.8500,0.2000,5,5,2,0,0,5,2,0.6000
6,88.0000,7,4,173.4145,-82.8260,1.1091,39,0.9750,0.0000,4,4,0,0,0,4,0,1.0000
6,88.0000,7,5,640.7547,-88.5957,0.2077,4,0.1000,1.0000,8,4,4,0,0,4,4,0.0000
6,88.0000,8,2,347.8566,-86.1806,0.0271,31,0.7561,0.2500,4,5,2,0,0,5,2,0.6000
6,88.0000,8,12,575.3668,-88.9784,0.6780,4,0.0976,1.0000,8,8,8,0,0,8,8,0.0000
6,88.0000,8,14,369.5870,-87.4496,-0.0434,27,0.6585,0.8571,7,5,2,0,0,5,2,0.6000
6,88.0000,9,11,605.1216,-89.1199,-0.1875,4,0.1000,1.0000,2,8,8,0,0,8,8,0.0000
6,88.0000,10,1,573.0647,-89.0854,-0.3912,6,0.1500,0.8571,7,8,8,0,0,8,8,0.0000
6,88.0000,10,3,482.9178,-88.5532,-0.1168,15,0.3750,0.5714,7,8,5,0,0,8,5,0.3750
6,88.0000,10,6,198.1984,-82.0222,-0.1372,40,1.0000,0.0000,4,4,0,0,0,4,0,1.0000
6,88.0000,10,12,311.4491,-85.9625,-0.0577,34,0.8500,0.0000,4,8,5,0,0,8,5,0.3750
6,88.0000,10,14,540.2882,-88.3996,-0.5986,5,0.1250,1.0000,40,8,7,0,0,8,7,0.1250
6,88.0000,11,14,592.4834,-89.1172,-0.5218,7,0.1750,1.0000,8,6,5,0,0,6,5,0.1667
6,88.0000,12,3,582.2386,-88.9578,0.1069,6,0.1500,1.0000,8,5,4,0,0,5,4,0.2000
6,88.0000,12,6,469.0390,-88.9796,-0.2509,11,0.2750,0.8750,8,6,3,0,0,6,3,0.5000
6,88.0000,12,10,311.4491,-85.5685,-0.0391,35,0.8750,0.5854,41,7,5,11,8,18,13,0.2778
6,88.0000,12,14,424.7969,-87.8212,0.2609,20,0.5000,0.8750,8,7,5,92,74,99,79,0.2020
6,88.0000,13,0,597.8902,-89.1220,0.0408,5,0.1282,1.0000,4,6,6,0,0,6,6,0.0000
6,88.0000,14,2,508.8695,-87.5679,-0.3160,24,0.6000,0.8571,7,8,8,0,0,8,8,0.0000
6,88.0000,14,8,369.5870,-86.6995,-0.4906,32,0.8000,0.6667,6,6,3,0,0,6,3,0.5000
6,88.0000,14,10,540.2882,-89.2803,0.0110,6,0.1500,1.0000,8,8,6,0,0,8,6,0.2500
6,88.0000,14,12,424.7969,-88.0591,0.0560,19,0.4750,0.5714,7,6,4,0,0,6,4,0.3333
6,92.0000,0,4,296.7074,-85.3994,0.4504,35,0.8750,0.0000,4,4,0,0,0,4,0,1.0000
6,92.0000,0,7,360.0803,-86.5967,-0.4333,32,0.8000,0.4000,5,7,4,0,0,7,4,0.4286
6,92.0000,0,13,590.5106,-88.8444,-0.3146,5,0.1250,1.0000,8,8,8,0,0,8,8,0.0000
6,92.0000,1,3,220.6011,-81.9306,-0.5448,40,1.0000,0.0000,4,4,0,0,0,4,0,1.0000
6,92.0000,1,5,370.0460,-85.7942,-1.1297,38,0.9500,0.0000,4,6,3,0,0,6,3,0.5000
6,92.0000,1,6,484.5859,-87.9221,-0.0755,17,0.4250,0.8750,8,8,8,0,0,8,8,0.0000
6,92.0000,1,10,539.8071,-89.1061,0.0842,7,0.1750,1.0000,8,8,8,0,0,8,8,0.0000
6,92.0000,2,8,448.3096,-87.7499,-0.2437,23,0.5750,0.0000,4,8,8,0,0,8,8,0.0000
6,92.0000,2,14,685.5210,-88.5272,-0.4570,8,0.2000,1.0000,8,4,4,0,0,4,4,0.0000
6,92.0000,3,1,220.6011,-81.4041,-0.7106,39,0.9750,0.1270,63,4,0,73,26,77,26,0.6623
6,92.0000,3,5,417.8682,-87.2271,-0.9347,29,0.7250,0.5000,6,7,6,0,0,7,6,0.1429
6,92.0000,3,6,427.0363,-88.0682,-0.6024,19,0.4750,0.7143,7,7,5,0,0,7,5,0.2857
6,92.0000,3,10,483.6817,-88.5084,0.3829,10,0.2500,1.0000,8,8,8,0,0,8,8,0.0000
6,92.0000,3,12,513.2784,-88.8060,-0.0325,12,0.3000,1.0000,8,7,6,0,0,7,6,0.1429
6,92.0000,4,0,296.7074,-86.1633,-0.0471,35,0.8537,0.3333,6,4,0,0,0,4,0,1.0000
6,92.0000,4,5,671.1147,-88.7806,-5.2732,3,0.0732,1.0000,8,8,8,0,0,8,8,0.0000
6,92.0000,4,7,156.6966,-80.2187,0.6919,41,1.0000,0.0000,56,4,0,54,2,58,2,0.9655
6,92.0000,5,1,370.0460,-85.4699,-0.6684,39,0.9512,0.4000,5,7,4,0,0,7,4,0.4286
6,92.0000,5,3,417.8682,-87.0134,-0.3128,32,0.7805,0.5000,6,7,6,0,0,7,6,0.1429
6,92.0000,5,4,671.1147,-89.2390,-0.1043,5,0.1220,1.0000,6,6,6,0,0,6,6,0.0000
6,92.0000,6,1,484.5859,-88.3687,0.1738,11,0.2821,0.8571,7,6,4,0,0,6,4,0.3333
6,92.0000,6,3,427.0363,-88.2350,0.0993,20,0.5128,0.4000,5,8,7,0,0,8,7,0.1250
6,92.0000,6,10,259.5451,-83.4508,-0.0141,39,1.0000,0.0000,4,5,1,0,0,5,1,0.8000
6,92.0000,6,12,436.8174,-87.7723,0.5857,22,0.5641,0.7143,7,7,5,0,0,7,5,0.2857
6,92.0000,7,0,360.0803,-86.6470,-0.5021,24,0.6154,0.4000,5,7,5,0,0,7,5,0.2857
6,92.0000,7,4,156.6966,-79.8765,0.7649,39,1.0000,0.0000,4,4,0,0,0,4,0,1.0000
6,92.0000,8,2,448.3096,-87.2378,0.2338,25,0.6410,0.4000,5,8,8,0,0,8,8,0.0000
6,92.0000,8,12,493.8862,-88.6749,0.2945,9,0.2308,1.0000,8,7,5,62,60,69,65,0.0580
6,92.0000,8,14,361.5683,-87.4407,-0.0405,22,0.5641,0.4000,5,6,4,38,34,44,38,0.1364
6,92.0000,10,1,539.8071,-88.7667,-0.2462,7,0.1750,1.0000,8,6,6,0,0,6,6,0.0000
6,92.0000,10,3,483.6817,-88.8238,-0.0334,11,0.2750,0.6250,8,7,6,0,0,7,6,0.1429
6,92.0000,10,6,259.5451,-83.0650,-1.6123,37,0.9250,0.0000,4,4,0,0,0,4,0,1.0000
6,92.0000,10,12,388.6203,-86.7446,-0.8553,31,0.7750,0.6250,8,5,2,0,0,5,2,0.6000
6,92.0000,10,14,476.2160,-88.8995,-0.1549,10,0.2500,0.8750,8,7,6,0,0,7,6,0.1429
6,92.0000,11,9,564.8138,-88.4332,0.4627,7,0.1750,1.0000,8,6,6,0,0,6,6,0.0000
6,92.0000,11,14,497.8527,-89.1517,-0.0857,9,0.2250,0.8333,6,7,6,0,0,7,6,0.1429
6,92.0000,12,3,513.2784,-88.0487,-0.0784,11,0.2683,0.8000,5,7,6,0,0,7,6,0.1429
6,92.0000,12,6,436.8174,-88.1631,0.3103,20,0.4878,0.5000,6,6,3,0,0,6,3,0.5000
6,92.0000,12,8,493.8862,-87.8986,0.1879,8,0.1951,1.0000,8,8,7,0,0,8,7,0.1250
6,92.0000,12,10,388.6203,-86.8758,-0.4507,33,0.8049,0.7222,18,6,4,9,7,15,11,0.2667
6,92.0000,12,14,409.4293,-87.4009,-0.0555,20,0.4878,0.7980,99,8,7,102,97,110,104,0.0545
6,92.0000,13,0,590.5106,-89.2613,0.0519,5,0.1220,1.0000,6,8,8,0,0,8,8,0.0000
6,92.0000,14,2,685.5210,-88.5965,-0.4216,8,0.2000,1.0000,8,2,2,0,0,2,2,0.0000
6,92.0000,14,6,573.7960,-88.9768,-0.5147,4,0.1000,1.0000,8,6,5,0,0,6,5,0.1667
6,92.0000,14,8,361.5683,-87.3776,-0.1698,28,0.7000,0.5000,6,4,0,0,0,4,0,1.0000
6,92.0000,14,10,476.2160,-88.3077,0.0158,10,0.2500,0.7500,8,8,5,12,10,20,15,0.2500
6,92.0000,14,11,497.8527,-88.4187,0.1157,7,0.1750,1.0000,8,7,4,0,0,7,4,0.4286
6,92.0000,14,12,409.4293,-87.8830,0.1041,23,0.5750,0.6667,6,7,5,0,0,7,5,0.2857
6,96.0000,0,4,253.3187,-84.6175,0.7714,38,0.9500,0.0000,4,4,0,0,0,4,0,1.0000
6,96.0000,0,7,375.9456,-87.9440,0.1035,26,0.6500,0.5714,7,7,5,0,0,7,5,0.2857
6,96.0000,0,13,585.9214,-88.9278,0.5727,5,0.1250,1.0000,8,8,8,0,0,8,8,0.0000
6,96.0000,1,3,309.6960,-84.5596,-0.0523,36,0.9231,0.0000,4,5,2,0,0,5,2,0.6000
6,96.0000,1,5,525.7458,-88.3754,-0.0371,16,0.4103,0.5000,6,8,8,0,0,8,8,0.0000
6,96.0000,1,6,532.0272,-88.6619,-0.2689,11,0.2821,1.0000,8,7,5,0,0,7,5,0.2857
6,96.0000,1,10,495.5055,-88.7581,-0.0877,7,0.1795,1.0000,8,7,6,0,0,7,6,0.1429
6,96.0000,2,8,599.0535,-88.6111,0.4045,8,0.2000,1.0000,8,4,4,0,0,4,4,0.0000
6,96.0000,3,1,309.6960,-84.8169,-0.3251,40,1.0000,0.3377,77,5,1,96,76,101,77,0.2376
6,96.0000,3,5,556.8503,-88.3046,-0.2790,14,0.3500,0.8571,7,8,8,0,0,8,8,0.0000
6,96.0000,3,6,410.9761,-87.8969,-0.1352,19,0.4750,0.7143,7,6,3,0,0,6,3,0.5000
6,96.0000,3,10,489.9961,-88.5379,-0.0346,21,0.5250,1.0000,8,7,4,0,0,7,4,0.4286
6,96.0000,3,12,441.2326,-88.2056,0.1877,17,0.4250,0.8571,7,8,6,0,0,8,6,0.2500
6,96.0000,4,0,253.3187,-84.8734,0.3042,37,0.9487,0.0000,4,4,0,0,0,4,0,1.0000
6,96.0000,4,7,186.8930,-80.8757,-0.7211,39,1.0000,0.0345,58,4,0,54,2,58,2,0.9655
6,96.0000,5,1,525.7458,-87.6816,-0.1370,15,0.3750,0.5714,7,7,6,0,0,7,6,0.1429
6,96.0000,5,3,556.8503,-88.0866,-0.7388,20,0.5000,0.8571,7,6,6,0,0,6,6,0.0000
6,96.0000,6,1,532.0272,-89.0325,-0.1807,13,0.3250,0.6667,6,8,7,0,0,8,7,0.1250
6,96.0000,6,3,410.9761,-87.0000,0.1457,19,0.4750,0.8750,8,8,8,0,0,8,8,0.0000
6,96.0000,6,10,338.4948,-85.9544,-0.8029,36,0.9000,0.2000,5,6,3,0,0,6,3,0.5000
6,96.0000,6,12,418.0389,-87.9510,0.3378,24,0.6000,0.7143,7,6,4,0,0,6,4,0.3333
6,96.0000,6,14,488.7275,-88.3432,0.1168,10,0.2500,1.0000,8,7,6,0,0,7,6,0.1429
6,96.0000,7,0,375.9456,-86.6726,0.1052,27,0.6585,0.7143,7,5,1,0,0,5,1,0.8000
6,96.0000,7,4,186.8930,-80.8821,-0.4791,41,1.0000,0.0000,4,4,0,0,0,4,0,1.0000
6,96.0000,8,2,599.0535,-88.4624,-0.4223,10,0.2500,1.0000,8,4,4,0,0,4,4,0.0000
6,96.0000,8,12,462.3483,-88.3694,-0.3824,14,0.3500,0.9420,69,7,5,0,0,7,5,0.2857
6,96.0000,8,14,355.0041,-86.4085,0.0121,23,0.5750,0.8636,44,5,1,99,88,104,89,0.1442
6,96.0000,9,11,539.2184,-89.0025,0.5585,11,0.2750,0.8571,7,8,8,0,0,8,8,0.0000
6,96.0000,10,1,495.5055,-88.1528,-0.2125,10,0.2500,1.0000,6,8,8,0,0,8,8,0.0000
6,96.0000,10,3,489.9961,-87.7626,0.2953,16,0.4000,0.8571,7,8,8,0,0,8,8,0.0000
6,96.0000,10,6,338.4948,-85.7788,-0.2993,37,0.9250,0.0000,4,5,4,0,0,5,4,0.2000
6,96.0000,10,12,513.3855,-87.7135,-0.6192,24,0.6000,0.4000,5,7,6,0,0,7,6,0.1429
6,96.0000,10,14,438.3597,-87.9510,-0.3737,19,0.4750,0.8571,7,6,3,0,0,6,3,0.5000
6,96.0000,11,8,637.7191,-89.8099,0.1121,3,0.0750,1.0000,4,8,8,0,0,8,8,0.0000
6,96.0000,11,9,539.2184,-88.7667,-0.1361,5,0.1250,1.0000,6,7,5,0,0,7,5,0.2857
6,96.0000,11,14,411.5597,-87.8338,0.3210,15,0.3750,0.8571,7,4,0,0,0,4,0,1.0000
6,96.0000,12,3,441.2326,-88.2509,0.2544,18,0.4500,0.8571,7,8,6,0,0,8,6,0.2500
6,96.0000,12,6,418.0389,-88.2818,-0.3921,22,0.5500,0.5000,6,6,4,0,0,6,4,0.3333
6,96.0000,12,8,462.3483,-88.3644,0.1322,15,0.3750,0.8750,8,7,6,0,0,7,6,0.1429
6,96.0000,12,10,513.3855,-88.2253,-0.0358,25,0.6250,0.7333,15,8,8,0,0,8,8,0.0000
6,96.0000,12,14,446.5229,-87.9663,-0.1293,28,0.7000,0.9455,110,7,6,104,101,111,107,0.0360
6,96.0000,13,0,585.9214,-89.0787,-0.1223,8,0.2051,1.0000,8,8,8,0,0,8,8,0.0000
6,96.0000,14,6,488.7275,-88.4183,0.6945,14,0.3415,0.8333,6,8,7,0,0,8,7,0.1250
6,96.0000,14,8,355.0041,-87.1165,-0.0476,30,0.7317,0.0000,4,7,5,0,0,7,5,0.2857
6,96.0000,14,10,438.3597,-87.9878,0.5857,17,0.4146,0.7500,20,8,8,44,39,52,47,0.0962
6,96.0000,14,11,411.5597,-87.5762,-0.3729,19,0.4634,0.5714,7,4,0,0,0,4,0,1.0000
6,96.0000,14,12,446.5229,-87.3547,-0.3074,24,0.5854,0.7143,7,7,6,0,0,7,6,0.1429
6,100.0000,0,4,198.7881,-83.2685,0.8294,40,1.0000,0.0000,4,4,0,0,0,4,0,1.0000
6,100.0000,0,7,329.6158,-86.6945,-0.0642,33,0.8250,0.7143,7,5,1,0,0,5,1,0.8000
6,100.0000,0,13,529.2789,-89.0783,-0.9037,5,0.1250,1.0000,8,8,7,0,0,8,7,0.1250
6,100.0000,1,3,397.2062,-86.7122,-0.9955,29,0.7250,0.4000,5,7,5,0,0,7,5,0.2857
6,100.0000,1,6,589.0135,-88.3034,0.2607,7,0.1750,0.7143,7,4,4,0,0,4,4,0.0000
6,100.0000,1,10,446.6090,-88.0808,0.1747,7,0.1750,0.8571,7,5,2,0,0,5,2,0.6000
6,100.0000,3,1,397.2062,-87.2681,-0.4245,32,0.8000,0.7624,101,6,4,103,100,109,104,0.0459
6,100.0000,3,6,401.3186,-87.7753,-0.2861,21,0.5250,0.5000,6,5,1,0,0,5,1,0.8000
6,100.0000,3,10,527.5689,-87.8767,-0.4752,13,0.3250,0.5714,7,8,8,0,0,8,8,0.0000
6,100.0000,3,12,388.6832,-87.7099,0.0009,20,0.5000,0.7500,8,6,2,0,0,6,2,0.6667
6,100.0000,4,0,198.7881,-83.1977,0.2659,39,0.9750,0.0000,4,4,0,0,0,4,0,1.0000
6,100.0000,4,7,217.8934,-82.7870,-0.6936,40,1.0000,0.0345,58,4,0,63,11,67,11,0.8358
6,100.0000,5,1,677.2897,-88.8412,-0.0836,6,0.1500,0.8571,7,4,4,0,0,4,4,0.0000
6,100.0000,6,1,589.0135,-88.6921,-0.0668,7,0.1707,0.8750,8,8,7,0,0,8,7,0.1250
6,100.0000,6,3,401.3186,-87.6124,-0.2460,23,0.5610,1.0000,8,8,8,0,0,8,8,0.0000
6,100.0000,6,8,589.4234,-89.3960,0.1899,3,0.0732,1.0000,6,8,8,0,0,8,8,0.0000
6,100.0000,6,10,431.6439,-87.4215,-0.4119,30,0.7317,0.5000,6,7,6,0,0,7,6,0.1429
6,100.0000,6,12,416.6734,-87.7513,0.1037,22,0.5366,0.6667,6,5,2,0,0,5,2,0.6000
6,100.0000,6,14,438.8912,-88.2993,0.4603,17,0.4146,0.8571,7,7,5,8,6,15,11,0.2667
6,100.0000,7,0,329.6158,-87.4571,0.0966,33,0.8250,0.2000,5,5,2,0,0,5,2,0.6000
6,100.0000,7,4,217.8934,-82.3880,-0.4252,40,1.0000,0.0000,4,4,0,0,0,4,0,1.0000
6,100.0000,8,6,589.4234,-88.9044,-1.4488,3,0.0750,1.0000,8,8,8,0,0,8,8,0.0000
6,100.0000,8,12,469.6285,-88.3923,-0.2283,18,0.4500,0.7143,7,8,7,0,0,8,7,0.1250
6,100.0000,8,14,352.4638,-86.4110,0.0784,28,0.7000,0.8558,104,6,2,100,88,106,90,0.1509
6,100.0000,9,10,455.8274,-88.5381,0.4132,8,0.2000,1.0000,8,6,3,0,0,6,3,0.5000
6,100.0000,9,11,496.5217,-88.7648,-0.3026,14,0.3500,1.0000,8,7,6,0,0,7,6,0.1429
6,100.0000,9,14,552.3422,-89.3085,-0.3837,7,0.1750,1.0000,8,8,8,0,0,8,8,0.0000
6,100.0000,10,1,446.6090,-87.8957,-0.3044,16,0.4000,1.0000,8,7,5,0,0,7,5,0.2857
6,100.0000,10,3,527.5689,-88.8052,0.1551,10,0.2500,1.0000,8,8,8,0,0,8,8,0.0000
6,100.0000,10,6,431.6439,-86.9308,-0.2523,27,0.6750,0.8000,5,9,8,0,0,9,8,0.1111
6,100.0000,10,9,455.8274,-88.3386,-0.0998,8,0.2000,0.8750,8,5,4,0,0,5,4,0.2000
6,100.0000,10,11,591.2048,-89.0063,0.2270,3,0.0750,1.0000,4,7,6,0,0,7,6,0.1429
6,100.0000,10,12,656.9150,-88.3310,-0.3478,7,0.1750,0.8571,7,4,4,0,0,4,4,0.0000
6,100.0000,10,14,418.3817,-88.0752,-0.1789,26,0.6500,0.5000,6,6,3,0,0,6,3,0.5000
6,100.0000,11,8,568.0897,-88.0373,2.2668,4,0.1000,1.0000,8,8,8,0,0,8,8,0.0000
6,100.0000,11,9,496.5217,-88.2026,1.2545,9,0.2250,0.7143,7,10,8,0,0,10,8,0.2000
6,100.0000,11,14,335.3922,-87.2278,0.1853,30,0.7500,0.0000,4,7,5,0,0,7,5,0.2857
6,100.0000,12,3,388.6832,-87.5356,-0.1914,18,0.4500,0.7500,8,7,5,0,0,7,5,0.2857
6,100.0000,12,6,416.6734,-87.7315,0.0851,24,0.6000,0.6667,6,6,3,48,47,54,50,0.0741
6,100.0000,12,8,469.6285,-88.0291,-0.6279,22,0.5500,0.8571,7,6,4,0,0,6,4,0.3333
6,100.0000,12,10,656.9150,-88.8170,-0.5999,6,0.1500,1.0000,8,8,8,0,0,8,8,0.0000
6,100.0000,12,14,534.7068,-88.6796,0.1656,11,0.2750,0.9640,111,7,6,56,55,63,61,0.0317
6,100.0000,13,0,529.2789,-89.1314,-0.7335,3,0.0750,1.0000,8,6,4,0,0,6,4,0.3333
6,100.0000,14,6,438.8912,-88.4577,0.1498,19,0.4750,0.8750,8,7,6,0,0,7,6,0.1429
6,100.0000,14,8,352.4638,-86.4904,0.1182,24,0.6000,0.7143,7,4,0,0,0,4,0,1.0000
6,100.0000,14,9,552.3422,-88.8944,-0.0039,7,0.1750,1.0000,8,8,8,0,0,8,8,0.0000
6,100.0000,14,10,418.3817,-87.6687,-0.0164,22,0.5500,0.9038,52,7,5,43,37,50,42,0.1600
6,100.0000,14,11,335.3922,-86.3343,0.3485,29,0.7250,0.0000,4,4,0,0,0,4,0,1.0000
6,100.0000,14,12,534.7068,-88.6491,0.2264,13,0.3250,0.8571,7,7,6,0,0,7,6,0.1429
6,104.0000,0,4,158.3968,-80.8325,0.4977,40,1.0000,0.0000,4,4,0,0,0,4,0,1.0000
6,104.0000,0,7,312.7783,-86.0291,0.2155,34,0.8500,0.2000,5,6,2,0,0,6,2,0.6667
6,104.0000,0,13,402.3386,-88.4279,-0.2365,18,0.4500,0.8750,8,6,2,0,0,6,2,0.6667
6,104.0000,1,3,491.4750,-88.3827,-0.5015,19,0.4750,0.7143,7,8,8,0,0,8,8,0.0000
6,104.0000,1,10,389.0415,-88.0897,0.2784,25,0.6250,0.4000,5,6,3,0,0,6,3,0.5000
6,104.0000,3,1,491.4750,-87.8211,-0.0474,16,0.4000,0.9541,109,8,8,103,102,111,110,0.0090
6,104.0000,3,6,396.1071,-87.5243,0.3026,22,0.5500,0.2000,5,7,5,0,0,7,5,0.2857
6,104.0000,3,10,604.7179,-89.3822,0.4146,7,0.1750,1.0000,8,8,8,0,0,8,8,0.0000
6,104.0000,3,12,335.5683,-86.8505,0.4684,30,0.7500,0.3333,6,7,6,0,0,7,6,0.1429
6,104.0000,3,14,638.1214,-88.4650,-1.2994,3,0.0750,1.0000,8,6,6,0,0,6,6,0.0000
6,104.0000,4,0,158.3968,-80.4402,0.5955,41,1.0000,0.0000,4,4,0,0,0,4,0,1.0000
6,104.0000,4,7,280.7819,-83.9589,-0.4897,39,0.9512,0.1642,67,4,0,87,58,91,58,0.3626
6,104.0000,4,13,483.6740,-89.0355,-0.1978,8,0.1951,0.8333,6,7,5,0,0,7,5,0.2857
6,104.0000,6,3,396.1071,-87.6043,-0.1295,25,0.6250,1.0000,8,5,2,0,0,5,2,0.6000
6,104.0000,6,8,524.1439,-88.5955,-0.2203,9,0.2250,1.0000,8,7,6,0,0,7,6,0.1429
6,104.0000,6,10,550.2274,-87.9479,-0.3721,15,0.3750,0.8571,7,6,5,0,0,6,5,0.1667
6,104.0000,6,11,616.6992,-89.0210,-0.6121,3,0.0750,1.0000,2,8,8,0,0,8,8,0.0000
6,104.0000,6,12,424.4000,-87.6516,-0.1438,24,0.6000,0.4000,5,5,2,0,0,5,2,0.6000
6,104.0000,6,14,430.4966,-88.1880,0.0127,21,0.5250,0.7333,15,8,8,13,11,21,19,0.0952
6,104.0000,7,0,312.7783,-85.7607,0.1833,38,0.9744,0.4000,5,5,2,0,0,5,2,0.6000
6,104.0000,7,4,280.7819,-83.5811,-0.8613,37,0.9487,0.0000,4,4,0,0,0,4,0,1.0000
6,104.0000,8,6,524.1439,-87.7383,0.9978,5,0.1250,1.0000,8,8,8,46,46,54,54,0.0000
6,104.0000,8,11,517.5704,-88.3966,-0.0504,12,0.3000,1.0000,8,8,6,0,0,8,6,0.2500
6,104.0000,8,12,546.4281,-88.6835,-0.0724,8,0.2000,0.8750,8,5,3,0,0,5,3,0.4000
6,104.0000,8,14,355.7297,-87.2570,-0.1564,32,0.8000,0.8491,106,6,2,58,54,64,56,0.1250
6,104.0000,9,10,293.4284,-86.8260,0.5638,28,0.7000,0.5000,6,4,0,0,0,4,0,1.0000
6,104.0000,9,11,458.6303,-88.2659,-0.2906,15,0.3750,0.8571,7,7,6,0,0,7,6,0.1429
6,104.0000,9,14,455.3369,-88.5687,0.0572,18,0.4500,1.0000,8,6,3,0,0,6,3,0.5000
6,104.0000,10,1,389.0415,-87.9743,0.0081,20,0.5000,0.7143,7,6,3,0,0,6,3,0.5000
6,104.0000,10,3,604.7179,-89.2730,-0.2174,5,0.1250,1.0000,8,4,4,0,0,4,4,0.0000
6,104.0000,10,6,550.2274,-88.1551,-0.0655,17,0.4250,0.8889,9,6,6,0,0,6,6,0.0000
6,104.0000,10,9,293.4284,-86.6056,1.0745,25,0.6250,0.8000,5,4,0,0,0,4,0,1.0000
6,104.0000,10,11,519.5829,-87.8938,-0.3965,7,0.1750,0.8571,7,7,6,0,0,7,6,0.1429
6,104.0000,10,14,407.7619,-87.4073,-0.6003,17,0.4250,0.5000,6,6,4,0,0,6,4,0.3333
6,104.0000,11,6,616.6992,-88.6790,-0.6738,3,0.0750,1.0000,6,10,10,0,0,10,10,0.0000
6,104.0000,11,8,517.5704,-88.3476,-0.0133,9,0.2250,1.0000,8,8,8,0,0,8,8,0.0000
6,104.0000,11,9,458.6303,-87.5453,0.3129,11,0.2750,0.8000,10,8,5,0,0,8,5,0.3750
6,104.0000,11,10,519.5829,-88.7585,-0.2856,5,0.1250,0.8571,7,8,8,0,0,8,8,0.0000
6,104.0000,11,14,274.5500,-86.1019,0.2025,32,0.8000,0.7143,7,4,0,0,0,4,0,1.0000
6,104.0000,12,3,335.5683,-86.8408,0.1677,32,0.8000,0.7143,7,4,0,0,0,4,0,1.0000
6,104.0000,12,6,424.4000,-87.6009,-0.4738,19,0.4750,0.9259,54,8,8,104,102,112,110,0.0179
6,104.0000,12,8,546.4281,-88.2904,-0.3932,14,0.3500,0.6667,6,8,8,0,0,8,8,0.0000
6,104.0000,12,14,644.6815,-89.6049,-0.0375,8,0.2000,0.9683,63,6,6,0,0,6,6,0.0000
6,104.0000,13,0,402.3386,-87.8937,0.4802,10,0.2500,0.6667,6,5,2,0,0,5,2,0.6000
6,104.0000,13,4,483.6740,-89.0236,0.4345,6,0.1500,1.0000,8,6,3,0,0,6,3,0.5000
6,104.0000,14,3,638.1214,-89.4956,-0.1071,3,0.0769,1.0000,6,6,6,0,0,6,6,0.0000
6,104.0000,14,6,430.4966,-88.2594,-0.0056,18,0.4615,0.8571,7,8,7,0,0,8,7,0.1250
6,104.0000,14,8,355.7297,-86.3686,-0.3184,30,0.7692,0.0000,4,6,4,0,0,6,4,0.3333
6,104.0000,14,9,455.3369,-88.6786,0.2205,14,0.3590,1.0000,8,7,5,0,0,7,5,0.2857
6,104.0000,14,10,407.7619,-88.0006,0.2504,25,0.6410,0.8400,50,8,8,22,17,30,25,0.1667
6,104.0000,14,11,274.5500,-85.5390,-0.3649,33,0.8462,0.0000,4,4,0,0,0,4,0,1.0000
6,104.0000,14,12,644.6815,-89.5633,0.0027,4,0.1026,0.8571,7,4,4,0,0,4,4,0.0000
6,108.0000,0,4,143.8578,-79.7727,-0.2455,40,1.0000,0.0000,4,4,0,0,0,4,0,1.0000
6,108.0000,0,7,330.0106,-86.1133,-0.3861,32,0.8000,0.3333,6,7,4,0,0,7,4,0.4286
6,108.0000,0,13,291.2767,-86.9038,0.6732,32,0.8000,0.3333,6,5,1,0,0,5,1,0.8000
6,108.0000,1,3,610.3926,-89.4614,-0.0051,7,0.1750,1.0000,8,8,8,0,0,8,8,0.0000
6,108.0000,1,9,460.6882,-87.9279,0.5207,9,0.2250,1.0000,8,6,3,0,0,6,3,0.5000
6,108.0000,1,10,345.8467,-86.6253,0.0875,25,0.6250,0.5000,6,6,3,0,0,6,3,0.5000
6,108.0000,3,1,610.3926,-88.0884,-0.5855,8,0.2000,0.9910,111,4,4,12,12,16,16,0.0000
6,108.0000,3,6,394.2257,-87.6334,-0.5279,30,0.7500,0.7143,7,6,3,0,0,6,3,0.5000
6,108.0000,3,10,712.0436,-89.5020,0.2751,3,0.0750,1.0000,8,2,2,0,0,2,2,0.0000
6,108.0000,3,12,301.3779,-85.8441,0.3351,34,0.8500,0.8571,7,4,0,0,0,4,0,1.0000
6,108.0000,4,0,143.8578,-79.5136,0.1577,40,1.0000,0.0000,4,4,0,0,0,4,0,1.0000
6,108.0000,4,7,350.6500,-85.9829,-0.4801,36,0.9000,0.6374,91,6,3,94,75,100,78,0.2200
6,108.0000,4,13,362.6161,-87.9718,0.6026,26,0.6500,0.7143,7,4,0,0,0,4,0,1.0000
6,108.0000,6,1,749.7626,-89.0736,-0.8507,4,0.1000,1.0000,4,2,2,0,0,2,2,0.0000
6,108.0000,6,3,394.2257,-87.6747,0.2304,23,0.5750,0.4000,5,9,8,0,0,9,8,0.1111
6,108.0000,6,8,492.4837,-88.3007,-0.0328,14,0.3500,0.8571,7,6,4,0,0,6,4,0.3333
6,108.0000,6,11,550.4983,-89.1011,0.2133,5,0.1250,1.0000,8,8,8,0,0,8,8,0.0000
6,108.0000,6,12,449.0416,-88.2482,0.3459,19,0.4750,0.4000,5,8,8,0,0,8,8,0.0000
6,108.0000,6,14,449.2211,-88.7367,-0.0482,19,0.4750,0.9048,21,8,7,22,22,30,29,0.0333
6,108.0000,7,0,330.0106,-86.5193,-0.2964,32,0.8000,0.4000,5,6,4,0,0,6,4,0.3333
6,108.0000,7,4,350.6500,-86.0033,-0.0515,35,0.8750,0.0000,4,6,2,0,0,6,2,0.6667
6,108.0000,8,6,492.4837,-88.4476,-0.2460,12,0.2927,1.0000,54,8,7,58,58,66,65,0.0152
6,108.0000,8,11,480.1825,-88.4843,-0.0161,17,0.4146,0.7500,8,8,6,45,42,53,48,0.0943
6,108.0000,8,12,651.6259,-88.5075,0.2688,3,0.0732,0.6000,5,3,2,0,0,3,2,0.3333
6,108.0000,8,14,377.3141,-86.9859,-0.2443,30,0.7317,0.8750,64,6,4,0,0,6,4,0.3333
6,108.0000,9,1,460.6882,-89.1726,0.0404,9,0.2250,1.0000,8,5,1,0,0,5,1,0.8000
6,108.0000,9,10,140.6384,-82.9586,1.6226,39,0.9750,0.0000,4,4,0,0,0,4,0,1.0000
6,108.0000,9,11,441.8374,-88.1242,0.1182,23,0.5750,0.8571,7,6,3,0,0,6,3,0.5000
6,108.0000,9,14,392.1199,-87.5580,0.4730,18,0.4500,0.5000,6,5,1,0,0,5,1,0.8000
6,108.0000,10,1,345.8467,-86.6569,0.7686,34,0.8500,0.5000,6,5,1,0,0,5,1,0.8000
6,108.0000,10,3,712.0436,-88.5752,-0.5602,5,0.1250,1.0000,4,2,2,0,0,2,2,0.0000
6,108.0000,10,9,140.6384,-82.2562,1.5394,37,0.9250,0.0000,4,4,0,0,0,4,0,1.0000
6,108.0000,10,11,464.1843,-88.0305,-0.0965,19,0.4750,0.8571,7,7,6,0,0,7,6,0.1429
6,108.0000,10,14,394.1412,-87.4389,-0.1772,25,0.6250,0.6667,6,7,5,0,0,7,5,0.2857
6,108.0000,11,8,480.1825,-88.4756,0.2210,12,0.3000,1.0000,8,8,6,0,0,8,6,0.2500
6,108.0000,11,9,441.8374,-88.7741,0.1409,15,0.3750,0.6250,8,8,6,0,0,8,6,0.2500
6,108.0000,11,10,464.1843,-88.8406,0.2940,16,0.4000,1.0000,8,8,8,19,15,27,23,0.1481
6,108.0000,11,14,221.2532,-83.7967,0.6513,39,0.9750,0.0000,4,4,0,0,0,4,0,1.0000
6,108.0000,12,3,301.3779,-86.6322,0.2780,38,0.9500,0.0000,4,4,0,0,0,4,0,1.0000
6,108.0000,12,6,449.0416,-88.0548,-0.2766,27,0.6750,0.9821,112,7,6,92,91,99,97,0.0202
6,108.0000,12,8,651.6259,-89.1448,0.1874,6,0.1500,1.0000,8,2,2,0,0,2,2,0.0000
6,108.0000,13,0,291.2767,-86.0960,0.7272,33,0.8250,0.4000,5,5,1,0,0,5,1,0.8000
6,108.0000,13,4,362.6161,-87.5629,0.4892,21,0.5250,0.5000,6,6,2,0,0,6,2,0.6667
6,108.0000,13,7,604.5816,-89.2935,0.1876,5,0.1250,1.0000,4,7,6,0,0,7,6,0.1429
6,108.0000,14,3,620.5517,-88.6392,0.1344,4,0.0976,1.0000,6,2,2,0,0,2,2,0.0000
6,108.0000,14,6,449.2211,-87.6737,0.0434,24,0.5854,0.8750,8,8,8,0,0,8,8,0.0000
6,108.0000,14,8,377.3141,-86.7831,0.0364,33,0.8049,0.6667,6,6,3,0,0,6,3,0.5000
6,108.0000,14,9,392.1199,-87.3960,-0.2270,25,0.6098,0.7143,7,6,3,0,0,6,3,0.5000
6,108.0000,14,10,394.1412,-87.6527,-0.0725,26,0.6341,0.8333,30,5,2,0,0,5,2,0.6000
6,108.0000,14,11,221.2532,-83.4531,0.0802,40,0.9756,0.0000,4,4,0,0,0,4,0,1.0000
6,112.0000,0,4,114.7258,-78.3840,0.5476,40,1.0000,0.0000,4,4,0,0,0,4,0,1.0000
6,112.0000,0,7,354.7407,-86.7994,-0.3344,30,0.7500,0.5714,7,7,5,0,0,7,5,0.2857
6,112.0000,0,13,255.0133,-84.5849,0.5507,39,0.9750,0.2000,5,5,1,0,0,5,1,0.8000
6,112.0000,1,9,290.1545,-87.1448,1.2885,30,0.7500,0.5000,6,4,0,0,0,4,0,1.0000
6,112.0000,1,10,312.4823,-86.8381,0.4105,30,0.7500,0.5000,6,6,2,0,0,6,2,0.6667
6,112.0000,1,14,517.7434,-89.0495,0.6634,8,0.2000,1.0000,8,7,4,0,0,7,4,0.4286
6,112.0000,3,6,385.4377,-87.5777,0.1763,27,0.6750,0.5000,6,7,5,0,0,7,5,0.2857
6,112.0000,3,12,295.3473,-85.7496,-0.5352,36,0.9000,0.0000,4,4,0,0,0,4,0,1.0000
6,112.0000,4,0,114.7258,-78.1190,0.6413,39,1.0000,0.0000,4,4,0,0,0,4,0,1.0000
6,112.0000,4,7,413.1523,-87.5106,-0.3093,27,0.6923,0.7800,100,8,6,101,95,109,101,0.0734
6,112.0000,4,13,317.0473,-85.9665,0.3775,31,0.7949,0.0000,4,6,4,0,0,6,4,0.3333
6,112.0000,6,3,385.4377,-87.5032,-0.0098,25,0.6250,0.8889,9,7,5,0,0,7,5,0.2857
6,112.0000,6,8,493.9506,-88.4917,-0.1801,15,0.3750,0.6667,6,10,8,0,0,10,8,0.2000
6,112.0000,6,11,554.1254,-88.7620,0.2202,8,0.2000,1.0000,8,8,8,0,0,8,8,0.0000
6,112.0000,6,12,485.4002,-88.6939,-0.4724,14,0.3500,1.0000,8,8,8,0,0,8,8,0.0000
6,112.0000,6,14,514.7927,-88.2680,-0.5626,21,0.5250,0.9667,30,8,7,14,13,22,20,0.0909
6,112.0000,7,0,354.7407,-86.6122,0.0954,32,0.8000,0.6667,6,5,1,0,0,5,1,0.8000
6,112.0000,7,4,413.1523,-87.2775,-0.2083,32,0.8000,0.3333,6,8,4,0,0,8,4,0.5000
6,112.0000,7,13,504.8365,-89.1946,-0.1719,11,0.2750,1.0000,8,7,5,0,0,7,5,0.2857
6,112.0000,8,6,493.9506,-89.0158,0.3456,15,0.3750,0.9848,66,8,8,42,42,50,50,0.0000
6,112.0000,8,11,484.9423,-88.4342,-0.2454,14,0.3500,0.9057,53,8,8,61,60,69,68,0.0145
6,112.0000,8,14,399.4714,-87.3662,0.1932,24,0.6000,0.6667,6,6,3,0,0,6,3,0.5000
6,112.0000,9,1,290.1545,-87.1887,0.6660,25,0.6250,0.2000,5,4,0,0,0,4,0,1.0000
6,112.0000,9,10,34.6854,-71.2518,3.9776,39,0.9750,0.0000,4,4,0,0,0,4,0,1.0000
6,112.0000,9,11,419.3918,-87.8470,-0.3722,18,0.4500,0.5000,6,7,5,0,0,7,5,0.2857
6,112.0000,9,14,358.3218,-87.1680,0.0146,29,0.7250,0.2000,5,7,6,0,0,7,6,0.1429
6,112.0000,10,1,312.4823,-86.8749,0.7483,33,0.8250,0.2000,5,4,0,0,0,4,0,1.0000
6,112.0000,10,9,34.6854,-71.8861,4.4359,40,1.0000,0.0000,4,4,0,0,0,4,0,1.0000
6,112.0000,10,11,387.8904,-88.1817,0.5172,18,0.4500,0.8571,7,5,1,0,0,5,1,0.8000
6,112.0000,10,14,337.5438,-87.0121,0.3482,29,0.7250,0.7143,7,4,0,0,0,4,0,1.0000
6,112.0000,11,6,554.1254,-88.4933,-0.0476,8,0.2000,1.0000,6,8,8,0,0,8,8,0.0000
6,112.0000,11,8,484.9423,-88.2419,-0.1670,17,0.4250,0.7500,8,8,8,0,0,8,8,0.0000
6,112.0000,11,9,419.3918,-87.4064,-0.0381,20,0.5000,0.7500,8,6,3,0,0,6,3,0.5000
6,112.0000,11,10,387.8904,-88.2264,0.1246,21,0.5250,0.8519,27,5,1,12,5,17,6,0.6471
6,112.0000,11,14,192.3572,-82.1907,0.0494,39,0.9750,0.0000,4,4,0,0,0,4,0,1.0000
6,112.0000,12,3,295.3473,-85.4348,0.1242,39,0.9750,0.0000,4,7,4,0,0,7,4,0.4286
6,112.0000,12,6,485.4002,-88.0244,-0.4706,12,0.3000,0.9798,99,8,8,104,104,112,112,0.0000
6,112.0000,13,0,255.0133,-84.7757,0.5037,40,1.0000,0.2000,5,4,0,0,0,4,0,1.0000
6,112.0000,13,4,317.0473,-86.9926,0.3581,33,0.8250,0.3333,6,4,0,0,0,4,0,1.0000
6,112.0000,13,7,504.8365,-88.7967,0.0615,7,0.1750,0.8571,7,7,6,0,0,7,6,0.1429
6,112.0000,13,12,584.5260,-89.0790,0.1956,6,0.1500,1.0000,6,8,8,0,0,8,8,0.0000
6,112.0000,14,1,517.7434,-88.8453,-0.0041,8,0.2000,1.0000,8,6,4,0,0,6,4,0.3333
6,112.0000,14,3,629.2336,-88.7606,-0.6476,3,0.0750,1.0000,2,4,4,0,0,4,4,0.0000
6,112.0000,14,6,514.7927,-88.4018,0.6577,11,0.2750,1.0000,8,8,8,0,0,8,8,0.0000
6,112.0000,14,8,399.4714,-86.8200,-0.1504,25,0.6250,0.5000,6,8,7,0,0,8,7,0.1250
6,112.0000,14,9,358.3218,-87.2919,0.4015,29,0.7250,0.5000,6,7,4,0,0,7,4,0.4286
6,112.0000,14,10,337.5438,-87.3105,0.6135,30,0.7500,0.4000,5,4,0,0,0,4,0,1.0000
6,112.0000,14,11,192.3572,-82.7022,0.4008,39,0.9750,0.0000,4,4,0,0,0,4,0,1.0000
6,116.0000,0,4,89.5339,-75.5117,0.5701,40,1.0000,0.0000,4,4,0,0,0,4,0,1.0000
6,116.0000,0,7,411.8867,-87.4187,0.2683,28,0.7000,0.7143,7,7,6,35,27,42,33,0.2143
6,116.0000,0,13,310.3265,-84.9342,-0.0407,38,0.9500,0.2000,5,6,3,0,0,6,3,0.5000
6,116.0000,1,9,151.6816,-81.9789,1.6927,41,1.0000,0.0000,4,4,0,0,0,4,0,1.0000
6,116.0000,1,10,288.2508,-84.7636,0.1052,39,0.9512,0.3333,6,6,3,0,0,6,3,0.5000
6,116.0000,1,11,463.5129,-88.3103,0.4294,11,0.2683,0.8750,8,8,7,0,0,8,7,0.1250
6,116.0000,1,14,380.1343,-88.0253,0.3284,24,0.5854,0.5714,7,5,1,0,0,5,1,0.8000
6,116.0000,3,6,384.0547,-87.2341,0.1475,30,0.7500,0.7143,7,7,4,0,0,7,4,0.4286
6,116.0000,3,12,294.8415,-85.9655,-0.0175,38,0.9500,0.0000,4,5,1,0,0,5,1,0.8000
6,116.0000,4,0,89.5339,-75.9601,0.6584,40,1.0000,0.0000,4,4,0,21,0,25,0,1.0000
6,116.0000,4,7,490.3011,-88.0813,-0.0700,24,0.6000,0.9266,109,8,8,59,55,67,63,0.0597
6,116.0000,4,13,364.7110,-86.2045,-0.6403,29,0.7250,0.6667,6,7,5,0,0,7,5,0.2857
6,116.0000,6,3,384.0547,-87.0037,0.1328,26,0.6500,0.7143,7,6,3,0,0,6,3,0.5000
6,116.0000,6,8,545.1621,-87.7633,-0.2154,11,0.2750,0.8000,10,6,6,0,0,6,6,0.0000
6,116.0000,6,11,593.5102,-89.1656,-0.0658,9,0.2250,1.0000,8,8,8,0,0,8,8,0.0000
6,116.0000,6,12,525.0836,-88.5264,0.0089,12,0.3000,1.0000,8,8,8,0,0,8,8,0.0000
6,116.0000,6,14,615.6811,-88.4516,-0.3960,5,0.1250,0.9091,22,8,8,0,0,8,8,0.0000
6,116.0000,7,0,411.8867,-87.2753,-0.2324,29,0.7250,0.2000,5,6,3,0,0,6,3,0.5000
6,116.0000,7,4,490.3011,-88.1192,-0.5826,15,0.3750,0.5000,8,6,6,0,0,6,6,0.0000
6,116.0000,7,13,426.4559,-88.1020,-0.0430,22,0.5500,0.7143,7,6,3,0,0,6,3,0.5000
6,116.0000,8,6,545.1621,-88.2192,0.1726,14,0.3500,1.0000,50,8,8,12,12,20,20,0.0000
6,116.0000,8,11,525.1692,-88.2676,-0.1328,9,0.2250,0.9855,69,6,6,40,40,46,46,0.0000
6,116.0000,8,14,442.1650,-87.6130,-0.1135,20,0.5000,0.5000,6,7,6,49,43,56,49,0.1250
6,116.0000,9,1,151.6816,-82.5387,1.0448,40,1.0000,0.0000,4,3,0,0,0,3,0,1.0000
6,116.0000,9,10,206.7728,-75.4473,-4.0264,40,1.0000,0.0000,4,4,0,0,0,4,0,1.0000
6,116.0000,9,11,382.5285,-87.8302,0.1266,26,0.6500,0.7143,7,8,5,0,0,8,5,0.3750
6,116.0000,9,14,335.8518,-86.4660,0.4897,30,0.7500,0.8571,7,6,2,0,0,6,2,0.6667
6,116.0000,10,1,288.2508,-85.7432,0.5677,38,0.9500,0.0000,4,4,0,0,0,4,0,1.0000
6,116.0000,10,9,206.7728,-75.4326,-4.3514,40,1.0000,0.0000,4,5,1,0,0,5,1,0.8000
6,116.0000,10,11,242.7039,-85.8589,0.6942,36,0.9000,0.2000,5,4,0,0,0,4,0,1.0000
6,116.0000,10,14,151.7730,-83.5076,1.0866,40,1.0000,0.0000,4,4,0,0,0,4,0,1.0000
6,116.0000,11,1,463.5129,-87.8195,0.6980,6,0.1463,0.8571,7,7,6,0,0,7,6,0.1429
6,116.0000,11,6,593.5102,-89.3865,-0.0951,7,0.1707,1.0000,8,10,10,0,0,10,10,0.0000
6,116.0000,11,8,525.1692,-88.5354,-0.4490,9,0.2195,1.0000,8,8,8,0,0,8,8,0.0000
6,116.0000,11,9,382.5285,-87.5807,-0.2143,24,0.5854,0.5000,6,7,5,0,0,7,5,0.2857
6,116.0000,11,10,242.7039,-85.5109,0.8594,35,0.8537,0.3529,17,4,0,9,1,13,1,0.9231
6,116.0000,11,14,181.1750,-82.1220,0.3866,41,1.0000,0.0000,4,4,0,0,0,4,0,1.0000
6,116.0000,12,3,294.8415,-85.2547,0.4148,40,1.0000,0.5714,7,5,2,0,0,5,2,0.6000
6,116.0000,12,6,525.0836,-88.2873,-0.0298,12,0.3000,1.0000,112,8,8,14,14,22,22,0.0000
6,116.0000,12,7,566.5975,-88.4116,0.2641,5,0.1250,,0,8,7,0,0,8,7,0.1250
6,116.0000,12,13,459.4257,-88.4446,0.5548,15,0.3750,1.0000,6,7,5,0,0,7,5,0.2857
6,116.0000,13,0,310.3265,-84.9226,-0.6881,38,0.9500,0.0000,4,5,2,0,0,5,2,0.6000
6,116.0000,13,4,364.7110,-86.5280,0.0609,37,0.9250,0.0000,4,8,6,0,0,8,6,0.2500
6,116.0000,13,7,426.4559,-88.3018,0.3231,21,0.5250,0.8571,7,6,4,0,0,6,4,0.3333
6,116.0000,13,12,459.4257,-87.8082,0.3068,6,0.1500,1.0000,8,5,2,0,0,5,2,0.6000
6,116.0000,14,1,380.1343,-88.0787,0.1366,25,0.6250,0.6667,6,5,2,0,0,5,2,0.6000
6,116.0000,14,6,615.6811,-88.4334,0.1772,6,0.1500,1.0000,8,2,2,0,0,2,2,0.0000
6,116.0000,14,8,442.1650,-87.6319,-0.2907,25,0.6250,0.8750,8,6,4,0,0,6,4,0.3333
6,116.0000,14,9,335.8518,-86.7451,-0.2932,29,0.7250,0.5714,7,5,2,0,0,5,2,0.6000
6,116.0000,14,10,151.7730,-83.8181,1.8158,40,1.0000,0.0000,4,4,0,16,0,20,0,1.0000
6,116.0000,14,11,181.1750,-81.7086,-0.3017,40,1.0000,0.0000,4,4,0,0,0,4,0,1.0000
6,120.0000,0,4,87.0563,-73.8609,0.1133,40,1.0000,0.0000,4,4,0,0,0,4,0,1.0000
6,120.0000,0,7,478.6237,-87.5328,-0.3337,22,0.5500,0.7857,42,8,8,14,12,22,20,0.0909
6,120.0000,0,13,428.3462,-86.5150,-0.9694,33,0.8250,0.5000,6,7,6,0,0,7,6,0.1429
6,120.0000,1,9,225.3203,-80.3541,-1.0992,39,0.9750,0.0000,4,5,2,0,0,5,2,0.6000
6,120.0000,1,10,270.6463,-85.2663,0.6689,38,0.9500,0.5000,6,5,1,0,0,5,1,0.8000
6,120.0000,1,11,352.5276,-86.9722,0.3839,24,0.6000,0.8750,8,7,5,0,0,7,5,0.2857
6,120.0000,1,14,278.1751,-86.5749,0.5062,36,0.9000,0.2000,5,4,0,0,0,4,0,1.0000
6,120.0000,3,6,381.2968,-87.5769,0.1231,24,0.6000,0.5714,7,5,2,0,0,5,2,0.6000
6,120.0000,3,7,676.7231,-89.6687,0.0977,3,0.0750,1.0000,2,8,8,0,0,8,8,0.0000
6,120.0000,3,12,308.8311,-85.7640,0.0965,36,0.9000,0.2000,5,5,1,0,0,5,1,0.8000
6,120.0000,4,0,87.0563,-73.5042,0.1674,39,0.9750,0.0000,25,4,0,7,0,11,0,1.0000
6,120.0000,4,7,564.0889,-88.6764,-0.2647,17,0.4250,0.9403,67,6,6,89,88,95,94,0.0105
6,120.0000,4,13,482.3271,-87.2270,-0.8081,24,0.6000,0.7143,7,8,8,0,0,8,8,0.0000
6,120.0000,6,3,381.2968,-87.6179,-0.2224,22,0.5500,0.5000,6,5,1,0,0,5,1,0.8000
6,120.0000,6,8,620.0507,-89.1595,-0.2082,5,0.1250,1.0000,6,6,6,0,0,6,6,0.0000
6,120.0000,6,12,562.9443,-88.9817,0.2690,8,0.2000,1.0000,8,8,8,0,0,8,8,0.0000
6,120.0000,7,0,478.6237,-88.2635,-0.0448,18,0.4390,0.5000,6,8,8,0,0,8,8,0.0000
6,120.0000,7,4,564.0889,-88.7512,-0.0377,9,0.2195,1.0000,6,8,8,0,0,8,8,0.0000
6,120.0000,7,12,505.0636,-88.4842,-0.3369,11,0.2683,1.0000,8,7,6,0,0,7,6,0.1429
6,120.0000,7,13,372.3602,-87.9697,-0.0060,23,0.5610,0.5000,6,7,5,0,0,7,5,0.2857
6,120.0000,8,6,620.0507,-88.8903,0.0126,6,0.1500,1.0000,20,2,2,0,0,2,2,0.0000
6,120.0000,8,10,453.5474,-88.6418,0.1795,11,0.2750,1.0000,8,7,4,73,46,80,50,0.3750
6,120.0000,8,11,590.7090,-88.5378,-1.8642,4,0.1000,1.0000,46,8,8,14,14,22,22,0.0000
6,120.0000,8,14,484.6806,-88.0726,-0.2804,19,0.4750,0.8750,56,8,7,0,0,8,7,0.1250
6,120.0000,9,1,225.3203,-81.2136,-1.1368,40,1.0000,0.0000,3,5,1,0,0,5,1,0.8000
6,120.0000,9,10,391.8121,-85.2656,-1.0549,35,0.8750,0.0000,4,8,7,0,0,8,7,0.1250
6,120.0000,9,11,359.9656,-86.9377,0.4929,25,0.6250,0.6250,8,6,2,0,0,6,2,0.6667
6,120.0000,9,14,378.9692,-86.7805,-0.2837,26,0.6500,0.3333,6,7,5,0,0,7,5,0.2857
6,120.0000,10,1,270.6463,-85.2438,0.3085,40,1.0000,0.0000,4,5,1,0,0,5,1,0.8000
6,120.0000,10,8,453.5474,-88.4880,-0.2145,10,0.2500,1.0000,8,7,5,0,0,7,5,0.2857
6,120.0000,10,9,391.8121,-85.5458,-1.4791,39,0.9750,0.2000,5,10,9,0,0,10,9,0.1000
6,120.0000,10,11,214.3479,-82.4502,0.1440,38,0.9500,0.0000,4,4,0,0,0,4,0,1.0000
6,120.0000,10,14,43.9536,-70.1922,4.6213,39,0.9750,0.0000,4,4,0,0,0,4,0,1.0000
6,120.0000,11,1,352.5276,-87.2303,0.4512,26,0.6500,0.8571,7,7,3,0,0,7,3,0.5714
6,120.0000,11,6,677.2917,-89.7793,0.1774,3,0.0750,1.0000,10,2,2,0,0,2,2,0.0000
6,120.0000,11,8,590.7090,-88.7566,-0.3216,6,0.1500,1.0000,8,6,6,0,0,6,6,0.0000
6,120.0000,11,9,359.9656,-86.9112,0.1066,32,0.8000,0.7143,7,4,0,0,0,4,0,1.0000
6,120.0000,11,10,214.3479,-82.9905,0.4484,40,1.0000,0.0769,13,4,0,0,0,4,0,1.0000
6,120.0000,11,14,208.4702,-81.8079,-0.8278,40,1.0000,0.0000,4,4,0,0,0,4,0,1.0000
6,120.0000,12,3,308.8311,-85.3050,-0.1156,36,0.9000,0.4000,5,5,1,0,0,5,1,0.8000
6,120.0000,12,6,562.9443,-88.6891,-0.1543,12,0.3000,1.0000,22,8,8,0,0,8,8,0.0000
6,120.0000,12,7,505.0636,-88.0696,0.4997,6,0.1500,0.8750,8,8,8,0,0,8,8,0.0000
6,120.0000,12,13,336.7505,-87.3657,0.7432,18,0.4500,0.7143,7,6,2,0,0,6,2,0.6667
6,120.0000,13,0,428.3462,-86.9405,-0.8854,26,0.6500,0.4000,5,8,8,0,0,8,8,0.0000
6,120.0000,13,3,633.3282,-89.2750,-0.1041,3,0.0750,1.0000,4,6,6,0,0,6,6,0.0000
6,120.0000,13,4,482.3271,-88.0039,-0.6370,27,0.6750,0.7500,8,8,8,0,0,8,8,0.0000
6,120.0000,13,7,372.3602,-88.1078,0.1381,24,0.6000,0.6667,6,6,3,0,0,6,3,0.5000
6,120.0000,13,12,336.7505,-87.4949,0.4286,28,0.7000,0.4000,5,4,0,0,0,4,0,1.0000
6,120.0000,14,1,278.1751,-86.3834,0.4511,32,0.8000,0.4000,5,5,1,0,0,5,1,0.8000
6,120.0000,14,8,484.6806,-88.5262,-0.7053,17,0.4250,0.6667,6,8,8,0,0,8,8,0.0000
6,120.0000,14,9,378.9692,-86.9945,-0.3438,29,0.7250,0.4000,5,5,2,0,0,5,2,0.6000
6,120.0000,14,10,43.9536,-70.6729,5.5439,40,1.0000,0.0000,20,4,0,0,0,4,0,1.0000
6,120.0000,14,11,208.4702,-81.3249,-0.5562,39,0.9750,0.0000,4,4,0,0,0,4,0,1.0000
6,124.0000,0,4,41.1690,-70.7581,2.4503,39,0.9750,0.0000,4,4,0,0,0,4,0,1.0000
6,124.0000,0,7,554.9446,-88.3882,-0.2127,7,0.1750,0.9091,22,8,8,0,0,8,8,0.0000
6,124.0000,0,13,563.3789,-88.8883,-0.0568,15,0.3750,0.8571,7,8,8,0,0,8,8,0.0000
6,124.0000,1,8,555.8478,-88.9041,-0.5673,5,0.1250,1.0000,4,7,6,0,0,7,6,0.1429
6,124.0000,1,9,384.9813,-85.1232,-1.4423,34,0.8500,0.4000,5,8,8,0,0,8,8,0.0000
6,124.0000,1,10,258.9970,-84.8500,-0.3634,39,0.9750,0.2000,5,4,0,0,0,4,0,1.0000
6,124.0000,1,11,338.1880,-86.6527,-0.1612,38,0.9500,0.7143,7,5,1,0,0,5,1,0.8000
6,124.0000,1,14,263.6149,-84.8121,0.6955,40,1.0000,0.0000,4,4,0,0,0,4,0,1.0000
6,124.0000,3,6,378.4748,-87.8136,0.1828,28,0.7000,0.4000,5,7,4,0,0,7,4,0.4286
6,124.0000,3,12,341.0318,-86.0501,0.5787,33,0.8250,0.2000,5,6,3,0,0,6,3,0.5000
6,124.0000,3,13,553.7073,-88.5446,-0.1703,5,0.1250,1.0000,8,8,8,0,0,8,8,0.0000
6,124.0000,4,0,41.1690,-71.4708,2.6834,39,0.9750,0.0000,11,4,0,0,0,4,0,1.0000
6,124.0000,4,7,544.6869,-89.0468,-0.0527,5,0.1250,0.9895,95,7,6,65,62,72,68,0.0556
6,124.0000,4,13,531.2217,-88.5595,-0.6043,11,0.2750,1.0000,8,7,6,0,0,7,6,0.1429
6,124.0000,5,9,556.0930,-89.5121,-1.1930,3,0.0769,1.0000,2,8,6,0,0,8,6,0.2500
6,124.0000,6,2,521.2758,-88.9465,0.0790,7,0.1750,,0,8,7,0,0,8,7,0.1250
6,124.0000,6,3,378.4748,-87.2934,0.2086,23,0.5750,0.2000,5,7,4,0,0,7,4,0.4286
6,124.0000,6,12,624.2703,-89.5358,0.2432,6,0.1500,1.0000,8,8,8,0,0,8,8,0.0000
6,124.0000,7,0,554.9446,-88.4686,-0.4375,8,0.2000,1.0000,8,8,8,0,0,8,8,0.0000
6,124.0000,7,4,544.6869,-88.0283,-0.3268,3,0.0750,1.0000,8,8,8,0,0,8,8,0.0000
6,124.0000,7,12,450.4066,-89.2180,-0.1950,12,0.3000,0.8571,7,5,1,0,0,5,1,0.8000
6,124.0000,7,13,348.0098,-86.5354,-0.5618,30,0.7500,0.7143,7,5,0,0,0,5,0,1.0000
6,124.0000,8,1,555.8478,-89.1429,-0.2531,4,0.1000,1.0000,4,8,8,0,0,8,8,0.0000
6,124.0000,8,10,351.8437,-87.1140,0.9159,28,0.7000,0.6250,80,6,2,76,31,82,33,0.5976
6,124.0000,8,11,671.7591,-89.1890,-0.3448,3,0.0750,1.0000,22,6,6,0,0,6,6,0.0000
6,124.0000,8,14,529.3093,-88.7033,-0.1279,9,0.2250,0.8750,8,10,10,0,0,10,10,0.0000
6,124.0000,9,1,384.9813,-85.8211,-0.4434,35,0.8750,0.2000,5,9,7,0,0,9,7,0.2222
6,124.0000,9,10,568.6771,-87.8517,-0.8817,18,0.4500,0.8750,8,6,6,0,0,6,6,0.0000
6,124.0000,9,11,349.5501,-86.8483,0.5324,31,0.7750,0.3333,6,5,2,0,0,5,2,0.6000
6,124.0000,9,14,455.9323,-87.8617,-0.0370,25,0.6250,0.7143,7,8,8,0,0,8,8,0.0000
6,124.0000,10,1,258.9970,-84.7884,-0.2920,38,0.9500,0.2000,5,4,0,0,0,4,0,1.0000
6,124.0000,10,6,665.0462,-89.2601,0.0968,3,0.0750,1.0000,2,6,6,0,0,6,6,0.0000
6,124.0000,10,8,351.8437,-86.9628,0.2360,26,0.6500,0.7143,7,5,1,0,0,5,1,0.8000
6,124.0000,10,9,568.6771,-88.1667,-0.1594,16,0.4000,0.9000,10,8,8,0,0,8,8,0.0000
6,124.0000,10,11,329.6642,-84.7963,-1.1421,36,0.9000,0.0000,4,5,1,0,0,5,1,0.8000
6,124.0000,10,14,226.6019,-76.8333,-3.3906,40,1.0000,0.0000,4,4,0,0,0,4,0,1.0000
6,124.0000,11,1,338.1880,-86.5508,-0.4026,36,0.9000,0.4286,7,6,3,0,0,6,3,0.5000
6,124.0000,11,8,671.7591,-89.1280,-0.3640,4,0.1000,1.0000,6,4,4,0,0,4,4,0.0000
6,124.0000,11,9,349.5501,-86.9164,0.4631,31,0.7750,0.0000,4,5,2,0,0,5,2,0.6000
6,124.0000,11,10,329.6642,-85.0938,-0.8631,39,0.9750,0.0000,4,5,2,0,0,5,2,0.6000
6,124.0000,11,14,249.8574,-83.2884,-0.2120,40,1.0000,0.0000,4,5,2,0,0,5,2,0.6000
6,124.0000,12,3,341.0318,-85.9933,-0.0855,36,0.9000,0.2000,5,6,2,0,0,6,2,0.6667
6,124.0000,12,6,624.2703,-88.2562,0.1469,4,0.1000,1.0000,8,8,8,0,0,8,8,0.0000
6,124.0000,12,7,450.4066,-88.4590,-0.0952,14,0.3500,1.0000,8,6,4,0,0,6,4,0.3333
6,124.0000,12,13,224.8612,-85.4771,0.3741,35,0.8750,0.3333,6,4,0,0,0,4,0,1.0000
6,124.0000,13,0,563.3789,-88.4022,-0.2338,17,0.4250,1.0000,8,6,6,0,0,6,6,0.0000
6,124.0000,13,3,553.7073,-89.5928,0.0733,3,0.0750,1.0000,6,8,8,0,0,8,8,0.0000
6,124.0000,13,4,531.2217,-88.6762,-0.4039,7,0.1750,1.0000,8,8,7,0,0,8,7,0.1250
6,124.0000,13,7,348.0098,-87.1803,0.2016,31,0.7750,0.5000,6,6,3,0,0,6,3,0.5000
6,124.0000,13,12,224.8612,-85.2619,0.6305,33,0.8250,0.0000,4,4,0,0,0,4,0,1.0000
6,124.0000,14,1,263.6149,-84.5757,0.2141,37,0.9250,0.2000,5,4,0,0,0,4,0,1.0000
6,124.0000,14,8,529.3093,-88.2507,-0.2499,14,0.3500,1.0000,8,8,8,0,0,8,8,0.0000
6,124.0000,14,9,455.9323,-87.3591,0.1070,27,0.6750,0.4000,5,8,8,0,0,8,8,0.0000
6,124.0000,14,10,226.6019,-76.6228,-3.8642,39,0.9750,0.0000,4,7,4,0,0,7,4,0.4286
6,124.0000,14,11,249.8574,-83.5355,-0.5721,40,1.0000,0.0000,4,5,1,0,0,5,1,0.8000
6,128.0000,0,4,120.7155,-74.4768,-2.5595,40,1.0000,0.0000,4,4,0,0,0,4,0,1.0000
6,128.0000,0,7,567.6865,-88.2634,-0.0650,4,0.1000,1.0000,8,8,8,0,0,8,8,0.0000
6,128.0000,1,8,461.6705,-88.3098,-0.1488,15,0.3750,0.8571,7,7,6,0,0,7,6,0.1429
6,128.0000,1,9,571.3567,-88.5329,-0.2695,18,0.4500,1.0000,8,8,8,0,0,8,8,0.0000
6,128.0000,1,10,248.5810,-84.1628,-0.1610,39,0.9750,0.0000,4,4,0,0,0,4,0,1.0000
6,128.0000,1,11,422.2577,-86.4545,-0.2211,27,0.6750,0.2000,5,7,6,0,0,7,6,0.1429
6,128.0000,1,14,321.6200,-85.3553,-0.3221,36,0.9000,0.0000,4,5,2,0,0,5,2,0.6000
6,128.0000,2,6,456.5753,-88.1957,0.0756,13,0.3250,1.0000,8,6,3,0,0,6,3,0.5000
6,128.0000,3,6,371.0739,-86.9371,0.3047,30,0.7500,0.5714,7,6,3,0,0,6,3,0.5000
6,128.0000,3,12,406.0504,-87.3064,0.0912,24,0.6000,0.5000,6,7,4,0,0,7,4,0.4286
6,128.0000,3,13,527.9307,-88.0213,-0.1756,11,0.2750,1.0000,8,8,8,0,0,8,8,0.0000
6,128.0000,4,0,120.7155,-74.7113,-2.4127,40,1.0000,0.0000,4,4,0,0,0,4,0,1.0000
6,128.0000,4,7,491.3167,-88.2799,-0.1749,12,0.3000,0.9444,72,8,8,0,0,8,8,0.0000
6,128.0000,4,13,529.2864,-87.8099,-0.5982,10,0.2500,0.8571,7,7,6,0,0,7,6,0.1429
6,128.0000,5,9,397.5761,-88.6725,0.1760,20,0.4878,0.7500,8,5,1,0,0,5,1,0.8000
6,128.0000,6,2,456.5753,-88.5092,0.6586,13,0.3250,0.8750,8,8,8,0,0,8,8,0.0000
6,128.0000,6,3,371.0739,-87.4806,-0.2958,31,0.7750,0.5714,7,5,1,0,0,5,1,0.8000
6,128.0000,6,12,700.3790,-89.6669,-0.0013,6,0.1500,1.0000,8,2,2,0,0,2,2,0.0000
6,128.0000,7,0,567.6865,-88.9094,-0.2747,8,0.2000,1.0000,8,8,8,0,0,8,8,0.0000
6,128.0000,7,3,612.2970,-89.4037,-0.1702,6,0.1500,,0,6,6,0,0,6,6,0.0000
6,128.0000,7,4,491.3167,-88.6920,0.0983,9,0.2250,1.0000,8,6,4,0,0,6,4,0.3333
6,128.0000,7,12,418.5958,-87.3918,0.1361,25,0.6250,0.2000,5,7,3,0,0,7,3,0.5714
6,128.0000,7,13,365.6903,-86.4912,-0.0164,28,0.7000,0.0000,5,7,4,0,0,7,4,0.4286
6,128.0000,8,1,461.6705,-88.7141,0.1770,14,0.3590,1.0000,8,7,4,0,0,7,4,0.4286
6,128.0000,8,10,295.5611,-86.4682,0.6058,32,0.8205,0.4024,82,5,2,65,15,70,17,0.7571
6,128.0000,8,14,537.2498,-88.6329,-0.6476,7,0.1795,1.0000,10,6,6,0,0,6,6,0.0000
6,128.0000,9,1,571.3567,-88.2421,-0.2848,17,0.4250,0.7778,9,6,6,0,0,6,6,0.0000
6,128.0000,9,5,397.5761,-87.5529,0.9981,20,0.5000,0.8750,8,4,0,0,0,4,0,1.0000
6,128.0000,9,11,356.8193,-86.6096,-0.2894,30,0.7500,0.4000,5,4,0,0,0,4,0,1.0000
6,128.0000,9,14,558.6499,-88.4510,-0.1735,15,0.3750,1.0000,8,6,6,0,0,6,6,0.0000
6,128.0000,10,1,248.5810,-84.4938,0.2273,39,1.0000,0.0000,4,4,0,0,0,4,0,1.0000
6,128.0000,10,6,605.6656,-88.9705,0.4212,3,0.0769,1.0000,6,8,8,0,0,8,8,0.0000
6,128.0000,10,8,295.5611,-86.0323,-0.0743,34,0.8718,0.2000,5,4,0,0,0,4,0,1.0000
6,128.0000,10,11,498.6385,-87.2132,-1.1583,21,0.5385,0.2000,5,8,8,0,0,8,8,0.0000
6,128.0000,10,14,392.9161,-85.8975,-0.8155,33,0.8462,0.0000,4,7,6,0,0,7,6,0.1429
6,128.0000,11,1,422.2577,-87.2250,-0.3486,29,0.7250,0.5000,6,8,7,0,0,8,7,0.1250
6,128.0000,11,9,356.8193,-86.8289,0.1106,30,0.7500,0.4000,5,9,5,0,0,9,5,0.4444
6,128.0000,11,10,498.6385,-87.3405,-0.7586,28,0.7000,0.4000,5,8,8,0,0,8,8,0.0000
6,128.0000,11,14,303.7749,-85.4386,-0.6561,37,0.9250,0.4000,5,5,1,0,0,5,1,0.8000
6,128.0000,12,3,406.0504,-87.0644,-0.6417,33,0.8462,0.3333,6,6,4,0,0,6,4,0.3333
6,128.0000,12,6,700.3790,-89.1525,-0.3777,3,0.0769,1.0000,8,2,2,0,0,2,2,0.0000
6,128.0000,12,7,418.5958,-87.6716,-0.5227,26,0.6667,0.6667,6,6,3,0,0,6,3,0.5000
6,128.0000,12,13,144.8473,-80.3997,0.5163,39,1.0000,0.0000,4,4,0,0,0,4,0,1.0000
6,128.0000,13,0,641.2692,-89.3573,0.1197,5,0.1220,1.0000,6,8,8,0,0,8,8,0.0000
6,128.0000,13,3,527.9307,-88.8115,0.1900,15,0.3659,1.0000,8,7,6,0,0,7,6,0.1429
6,128.0000,13,4,529.2864,-87.8933,-0.3586,7,0.1707,0.8750,8,8,8,0,0,8,8,0.0000
6,128.0000,13,7,365.6903,-87.2812,0.0916,31,0.7561,0.5000,6,4,2,0,0,4,2,0.5000
6,128.0000,13,12,144.8473,-81.0694,1.3258,40,0.9756,0.0000,4,5,1,0,0,5,1,0.8000
6,128.0000,14,1,321.6200,-85.0867,-0.3064,40,0.9756,0.0000,4,5,1,0,0,5,1,0.8000
6,128.0000,14,8,537.2498,-89.0538,0.0157,6,0.1463,1.0000,8,8,8,0,0,8,8,0.0000
6,128.0000,14,9,558.6499,-88.5191,-0.1786,12,0.2927,1.0000,8,6,6,0,0,6,6,0.0000
6,128.0000,14,10,392.9161,-86.0729,-0.4630,33,0.8049,0.5714,7,8,5,0,0,8,5,0.3750
6,128.0000,14,11,303.7749,-84.6399,-0.2930,41,1.0000,0.2000,5,5,2,0,0,5,2,0.6000
6,132.0000,0,4,134.8858,-77.5907,0.4448,40,1.0000,0.0000,4,4,0,0,0,4,0,1.0000
6,132.0000,0,7,516.6193,-89.0133,-0.1622,8,0.2000,1.0000,8,8,8,0,0,8,8,0.0000
6,132.0000,0,13,655.0708,-89.5689,-0.0069,5,0.1250,1.0000,2,4,4,0,0,4,4,0.0000
6,132.0000,1,8,384.6446,-88.4723,0.0241,24,0.6000,0.8571,7,5,2,0,0,5,2,0.6000
6,132.0000,1,10,254.5100,-83.6116,0.0396,39,0.9750,0.0000,4,5,1,0,0,5,1,0.8000
6,132.0000,1,11,557.7119,-88.1135,-0.0791,15,0.3750,0.8571,7,6,6,0,0,6,6,0.0000
6,132.0000,1,14,284.9695,-85.9308,0.4839,38,0.9500,0.4000,5,4,0,0,0,4,0,1.0000
6,132.0000,2,6,447.8068,-88.2995,-0.1933,17,0.4250,0.5000,6,7,5,0,0,7,5,0.2857
6,132.0000,3,6,358.5968,-87.0620,-0.1518,33,0.8250,0.5000,6,6,3,0,0,6,3,0.5000
6,132.0000,3,7,601.3232,-89.0131,0.5042,3,0.0750,1.0000,6,10,9,0,0,10,9,0.1000
6,132.0000,3,12,477.1226,-87.9849,-0.7470,14,0.3500,0.5714,7,8,8,0,0,8,8,0.0000
6,132.0000,3,13,530.3075,-88.7786,0.1287,12,0.3000,1.0000,8,8,7,0,0,8,7,0.1250
6,132.0000,4,0,134.8858,-77.6612,-0.1816,40,1.0000,0.0000,4,4,0,0,0,4,0,1.0000
6,132.0000,4,7,441.3668,-88.0825,0.3495,20,0.5000,1.0000,8,7,4,44,36,51,40,0.2157
6,132.0000,4,12,507.2390,-89.2057,0.2337,8,0.2000,1.0000,8,7,5,0,0,7,5,0.2857
6,132.0000,4,13,524.3528,-88.9392,0.1969,15,0.3750,0.8571,7,8,8,0,0,8,8,0.0000
6,132.0000,5,9,250.3818,-86.4180,0.9397,36,0.9231,0.2000,5,4,0,0,0,4,0,1.0000
6,132.0000,6,2,447.8068,-88.5335,0.0710,23,0.5750,1.0000,8,7,5,0,0,7,5,0.2857
6,132.0000,6,3,358.5968,-86.6460,-0.4548,28,0.7000,0.2000,5,6,3,0,0,6,3,0.5000
6,132.0000,6,10,549.1119,-89.4441,-0.3120,7,0.1750,1.0000,8,7,6,0,0,7,6,0.1429
6,132.0000,7,0,516.6193,-88.4718,1.0179,8,0.2000,1.0000,8,8,6,0,0,8,6,0.2500
6,132.0000,7,3,601.3232,-89.4036,0.1302,3,0.0750,1.0000,6,4,4,0,0,4,4,0.0000
6,132.0000,7,4,441.3668,-88.0690,-0.1951,12,0.3000,0.6667,6,7,3,0,0,7,3,0.5714
6,132.0000,7,12,412.1923,-87.8084,-0.1368,21,0.5250,0.4286,7,5,2,0,0,5,2,0.6000
6,132.0000,7,13,423.5312,-87.6159,-0.2988,29,0.7250,0.5714,7,8,8,0,0,8,8,0.0000
6,132.0000,8,1,384.6446,-88.0379,0.3320,23,0.5750,0.5714,7,8,5,0,0,8,5,0.3750
6,132.0000,8,10,341.9529,-85.5983,-0.1097,37,0.9250,0.2429,70,7,5,85,52,92,57,0.3804
6,132.0000,8,14,491.2292,-88.5084,-0.1527,11,0.2750,1.0000,6,8,7,0,0,8,7,0.1250
6,132.0000,9,5,250.3818,-86.2022,0.1786,36,0.9000,0.0000,4,4,0,0,0,4,0,1.0000
6,132.0000,9,11,378.4385,-87.0849,0.0745,30,0.7500,0.0000,4,7,4,0,0,7,4,0.4286
6,132.0000,9,14,638.3093,-89.2343,0.0762,3,0.0750,1.0000,6,8,8,0,0,8,8,0.0000
6,132.0000,10,1,254.5100,-84.4559,0.1878,37,0.9250,0.0000,4,5,1,0,0,5,1,0.8000
6,132.0000,10,3,648.7963,-88.7425,1.2959,3,0.0750,1.0000,4,7,6,0,0,7,6,0.1429
6,132.0000,10,6,549.1119,-88.6328,0.2582,7,0.1750,1.0000,8,8,8,0,0,8,8,0.0000
6,132.0000,10,8,341.9529,-85.3333,-0.1361,35,0.8750,0.0000,4,5,2,0,0,5,2,0.6000
6,132.0000,10,14,427.7465,-87.8496,0.1544,25,0.6250,0.8571,7,7,6,0,0,7,6,0.1429
6,132.0000,11,1,557.7119,-88.4714,0.4008,9,0.2250,0.8750,8,8,8,0,0,8,8,0.0000
6,132.0000,11,9,378.4385,-87.1852,-0.0012,30,0.7500,0.5556,9,6,4,0,0,6,4,0.3333
6,132.0000,11,14,338.6071,-85.8782,-0.0022,32,0.8000,0.2000,5,5,2,0,0,5,2,0.6000
6,132.0000,12,3,477.1226,-87.7810,-0.1613,16,0.4000,0.6667,6,7,5,0,0,7,5,0.2857
6,132.0000,12,4,507.2390,-88.7179,0.4009,11,0.2750,1.0000,8,7,6,0,0,7,6,0.1429
6,132.0000,12,7,412.1923,-87.8646,0.2252,22,0.5500,0.5000,6,6,4,0,0,6,4,0.3333
6,132.0000,12,13,150.0298,-79.0301,-0.3714,39,0.9750,0.0000,4,4,0,0,0,4,0,1.0000
6,132.0000,13,3,530.3075,-88.2425,0.3923,10,0.2500,0.8571,7,8,8,0,0,8,8,0.0000
6,132.0000,13,4,524.3528,-88.1680,-0.3800,14,0.3500,1.0000,8,8,7,0,0,8,7,0.1250
6,132.0000,13,7,423.5312,-87.5569,-0.3972,23,0.5750,0.5000,4,10,9,0,0,10,9,0.1000
6,132.0000,13,12,150.0298,-78.0487,-0.2530,40,1.0000,0.2000,5,4,0,0,0,4,0,1.0000
6,132.0000,14,1,284.9695,-85.6960,0.6542,37,0.9487,0.2000,5,5,2,0,0,5,2,0.6000
6,132.0000,14,8,491.2292,-88.8399,0.1598,15,0.3846,1.0000,8,8,8,0,0,8,8,0.0000
6,132.0000,14,9,638.3093,-88.8265,0.0127,3,0.0769,1.0000,6,8,8,0,0,8,8,0.0000
6,132.0000,14,10,427.7465,-87.5813,-0.5214,25,0.6410,0.6250,8,7,5,0,0,7,5,0.2857
6,132.0000,14,11,338.6071,-86.3356,-0.0444,35,0.8974,0.4000,5,5,2,0,0,5,2,0.6000
6,136.0000,0,4,157.9480,-79.2278,-0.4699,40,1.0000,0.0000,4,4,0,0,0,4,0,1.0000
6,136.0000,0,7,534.1903,-88.9440,-0.0321,14,0.3500,1.0000,8,8,8,0,0,8,8,0.0000
6,136.0000,0,12,545.6088,-89.2106,0.5310,6,0.1500,1.0000,4,8,8,0,0,8,8,0.0000
6,136.0000,0,13,668.6194,-89.2188,-0.5252,6,0.1500,1.0000,4,4,4,0,0,4,4,0.0000
6,136.0000,1,8,367.4022,-87.3198,0.1085,28,0.7000,0.4000,5,7,5,0,0,7,5,0.2857
6,136.0000,1,10,269.9208,-84.5758,0.4018,39,0.9750,0.2000,5,4,0,42,26,46,26,0.4348
6,136.0000,1,14,324.2592,-85.9871,-0.5027,35,0.8750,0.0000,4,6,3,0,0,6,3,0.5000
6,136.0000,2,6,456.5853,-88.2899,0.4257,18,0.4500,0.7143,7,8,8,0,0,8,8,0.0000
6,136.0000,2,10,455.4700,-88.3724,0.1217,10,0.2500,0.8571,7,5,2,0,0,5,2,0.6000
6,136.0000,3,6,346.9193,-86.6668,0.4590,26,0.6500,0.5000,6,6,2,0,0,6,2,0.6667
6,136.0000,3,7,580.0481,-88.7475,0.4574,3,0.0750,0.9000,10,8,8,0,0,8,8,0.0000
6,136.0000,3,10,574.5748,-89.4606,0.2501,4,0.1000,1.0000,6,8,8,0,0,8,8,0.0000
6,136.0000,3,12,554.5094,-89.2033,0.1232,12,0.3000,1.0000,8,7,6,0,0,7,6,0.1429
6,136.0000,3,13,591.2518,-88.6987,-0.4090,6,0.1500,0.8750,8,8,8,0,0,8,8,0.0000
6,136.0000,4,0,157.9480,-78.9908,-0.6888,40,1.0000,0.0000,4,4,0,0,0,4,0,1.0000
6,136.0000,4,7,446.3965,-88.3975,0.4176,21,0.5250,0.7843,51,7,5,98,85,105,90,0.1429
6,136.0000,4,12,403.2395,-87.7207,0.6049,16,0.4000,0.7143,7,5,2,0,0,5,2,0.6000
6,136.0000,4,13,510.6827,-88.5147,0.2341,10,0.2500,1.0000,8,8,8,0,0,8,8,0.0000
6,136.0000,5,9,140.1618,-81.5665,1.4986,41,1.0000,0.0000,4,4,0,0,0,4,0,1.0000
6,136.0000,5,11,509.1841,-88.6687,0.0820,7,0.1707,1.0000,8,7,5,0,0,7,5,0.2857
6,136.0000,6,2,456.5853,-87.6729,-0.2014,20,0.5000,0.7143,7,8,7,0,0,8,7,0.1250
6,136.0000,6,3,346.9193,-86.6889,0.2466,32,0.8000,0.5000,6,4,0,0,0,4,0,1.0000
6,136.0000,6,10,473.4923,-88.3084,-0.0351,14,0.3500,0.8571,7,7,4,0,0,7,4,0.4286
6,136.0000,7,0,534.1903,-89.0986,0.1860,11,0.2750,0.7500,8,7,6,0,0,7,6,0.1429
6,136.0000,7,3,580.0481,-88.9956,0.1895,9,0.2250,1.0000,4,7,5,0,0,7,5,0.2857
6,136.0000,7,4,446.3965,-88.2018,-0.2134,17,0.4250,0.4286,7,7,5,0,0,7,5,0.2857
6,136.0000,7,12,421.1296,-87.9496,0.3559,20,0.5000,0.4000,5,8,6,0,0,8,6,0.2500
6,136.0000,7,13,506.9802,-88.6275,0.1463,17,0.4250,1.0000,8,8,8,0,0,8,8,0.0000
6,136.0000,8,1,367.4022,-87.5669,0.1694,29,0.7250,0.6250,8,8,5,0,0,8,5,0.3750
6,136.0000,8,10,480.8380,-87.7373,-0.0888,19,0.4750,0.6196,92,8,8,103,102,111,110,0.0090
6,136.0000,8,14,530.8593,-88.2210,-0.1501,12,0.3000,0.8750,8,8,8,0,0,8,8,0.0000
6,136.0000,9,5,140.1618,-81.6782,1.4445,40,1.0000,0.0000,4,4,0,0,0,4,0,1.0000
6,136.0000,9,11,399.1866,-87.1613,0.1607,29,0.7250,0.5714,7,8,7,0,0,8,7,0.1250
6,136.0000,10,1,269.9208,-85.1817,-0.5333,39,0.9750,0.2000,5,4,0,0,0,4,0,1.0000
6,136.0000,10,2,455.4700,-89.1318,-0.0866,9,0.2250,1.0000,6,5,1,36,30,41,31,0.2439
6,136.0000,10,3,574.5748,-89.2023,-0.7448,3,0.0750,0.8571,7,6,5,0,0,6,5,0.1667
6,136.0000,10,6,473.4923,-89.0151,-0.4332,12,0.3000,1.0000,8,8,7,0,0,8,7,0.1250
6,136.0000,10,8,480.8380,-87.1137,-0.8673,23,0.5750,0.4000,5,7,6,0,0,7,6,0.1429
6,136.0000,10,14,472.0440,-88.0803,-0.2496,19,0.4750,0.8571,7,10,10,0,0,10,10,0.0000
6,136.0000,11,5,509.1841,-88.8893,0.0058,6,0.1500,0.7500,8,8,7,0,0,8,7,0.1250
6,136.0000,11,9,399.1866,-87.0203,-0.1779,23,0.5750,0.6667,6,7,6,0,0,7,6,0.1429
6,136.0000,11,14,387.6908,-87.0204,-0.7109,25,0.6250,0.4000,5,7,4,0,0,7,4,0.4286
6,136.0000,12,0,545.6088,-88.4352,1.4489,4,0.1000,1.0000,8,8,8,0,0,8,8,0.0000
6,136.0000,12,3,554.5094,-87.9687,0.0328,9,0.2250,0.7143,7,8,8,0,0,8,8,0.0000
6,136.0000,12,4,403.2395,-87.8381,0.4469,14,0.3500,0.8571,7,4,0,0,0,4,0,1.0000
6,136.0000,12,7,421.1296,-87.3469,-0.2686,22,0.5500,0.6667,6,6,3,0,0,6,3,0.5000
6,136.0000,12,13,256.2785,-81.6609,-1.2727,39,0.9750,0.0000,4,5,1,0,0,5,1,0.8000
6,136.0000,13,0,668.6194,-89.3462,0.4274,4,0.1026,1.0000,8,6,6,0,0,6,6,0.0000
6,136.0000,13,3,591.2518,-88.2648,-0.0382,7,0.1795,1.0000,8,10,10,0,0,10,10,0.0000
6,136.0000,13,4,510.6827,-88.4776,-0.1455,16,0.4103,0.8750,8,7,6,0,0,7,6,0.1429
6,136.0000,13,7,506.9802,-88.1171,-0.1293,20,0.5128,0.9000,10,8,8,0,0,8,8,0.0000
6,136.0000,13,12,256.2785,-81.4533,-1.3954,38,0.9744,0.0000,4,5,2,0,0,5,2,0.6000
6,136.0000,14,1,324.2592,-86.2516,0.3947,38,0.9500,0.4000,5,6,2,0,0,6,2,0.6667
6,136.0000,14,8,530.8593,-88.4195,-0.2306,14,0.3500,1.0000,8,8,8,0,0,8,8,0.0000
6,136.0000,14,10,472.0440,-88.5310,-0.0570,24,0.6000,0.7143,7,6,4,0,0,6,4,0.3333
6,136.0000,14,11,387.6908,-87.5183,-0.3103,33,0.8250,0.4000,5,8,7,0,0,8,7,0.1250
6,140.0000,0,4,180.8980,-79.9087,-0.6333,40,1.0000,0.0000,4,4,0,0,0,4,0,1.0000
6,140.0000,0,7,580.9120,-88.8311,-0.0136,7,0.1750,1.0000,8,8,8,0,0,8,8,0.0000
6,140.0000,0,12,482.7623,-88.3691,-0.0786,18,0.4500,1.0000,8,8,7,0,0,8,7,0.1250
6,140.0000,1,2,575.8372,-88.7393,0.1250,5,0.1250,1.0000,4,8,7,90,90,98,97,0.0102
6,140.0000,1,8,377.2674,-86.9454,0.0540,31,0.7750,0.7143,7,6,3,0,0,6,3,0.5000
6,140.0000,1,10,329.8926,-85.8256,-0.4786,34,0.8500,0.5652,46,5,1,27,15,32,16,0.5000
6,140.0000,1,14,399.2480,-87.0486,-0.5528,34,0.8500,0.5000,6,8,8,0,0,8,8,0.0000
6,140.0000,2,6,522.3426,-88.5640,0.2868,14,0.3500,1.0000,8,8,8,0,0,8,8,0.0000
6,140.0000,2,10,385.6127,-87.6998,0.0712,27,0.6750,0.4000,5,7,6,0,0,7,6,0.1429
6,140.0000,3,6,339.8971,-86.2363,-0.2646,31,0.7750,0.3333,6,4,0,79,59,83,59,0.2892
6,140.0000,3,7,559.9624,-88.9679,0.1014,7,0.1750,1.0000,8,7,6,0,0,7,6,0.1429
6,140.0000,3,10,519.0178,-87.8301,0.0977,5,0.1250,1.0000,8,8,8,0,0,8,8,0.0000
6,140.0000,3,12,629.8814,-88.7362,-0.3302,8,0.2000,0.8571,7,4,4,0,0,4,4,0.0000
6,140.0000,3,13,702.5766,-89.2636,0.0301,5,0.1250,1.0000,8,6,6,0,0,6,6,0.0000
6,140.0000,4,0,180.8980,-80.0925,-0.0765,39,1.0000,0.0000,4,4,0,0,0,4,0,1.0000
6,140.0000,4,7,486.6790,-88.6197,0.0792,9,0.2308,0.8571,105,7,6,4,3,11,9,0.1818
6,140.0000,4,12,334.4012,-87.1662,-0.3420,27,0.6923,0.4000,5,6,4,80,47,86,51,0.4070
6,140.0000,4,13,483.7807,-87.9802,0.4712,10,0.2564,1.0000,8,7,5,0,0,7,5,0.2857
6,140.0000,5,9,161.4103,-78.1486,-0.2124,40,1.0000,0.0000,4,5,2,0,0,5,2,0.6000
6,140.0000,5,11,400.5265,-87.8551,0.3074,19,0.4750,0.7143,7,7,3,0,0,7,3,0.5714
6,140.0000,6,2,522.3426,-88.5529,0.4636,6,0.1500,0.8750,8,8,8,0,0,8,8,0.0000
6,140.0000,6,3,339.8971,-86.1015,-0.1631,33,0.8250,0.0000,4,5,1,0,0,5,1,0.8000
6,140.0000,6,10,410.8579,-88.0310,-0.1008,24,0.6000,0.5714,7,7,4,52,37,59,41,0.3051
6,140.0000,7,0,580.9120,-89.0982,-0.1245,6,0.1500,0.8571,7,2,2,0,0,2,2,0.0000
6,140.0000,7,3,559.9624,-88.8992,-0.1617,6,0.1500,0.7143,7,8,8,0,0,8,8,0.0000
6,140.0000,7,4,486.6790,-87.3475,-0.5609,14,0.3500,0.7143,7,8,7,0,0,8,7,0.1250
6,140.0000,7,12,448.3234,-87.5773,0.1402,18,0.4500,0.7500,8,7,6,0,0,7,6,0.1429
6,140.0000,7,13,609.9409,-88.7119,0.5297,9,0.2250,1.0000,8,6,6,0,0,6,6,0.0000
6,140.0000,8,1,377.2674,-87.0368,-0.1142,28,0.7000,0.6250,8,6,4,94,85,100,89,0.1100
6,140.0000,8,10,625.3075,-88.6254,0.2924,7,0.1750,0.9910,111,8,8,8,8,16,16,0.0000
6,140.0000,8,14,619.4397,-89.2214,0.5063,3,0.0750,1.0000,8,4,4,0,0,4,4,0.0000
6,140.0000,9,5,161.4103,-78.9644,-0.5469,39,1.0000,0.0000,4,4,0,0,0,4,0,1.0000
6,140.0000,9,11,410.1903,-87.1627,-0.2714,28,0.7179,0.8750,8,7,4,0,0,7,4,0.4286
6,140.0000,10,1,329.8926,-85.6669,-0.0338,35,0.8750,0.0000,4,4,0,38,29,42,29,0.3095
6,140.0000,10,2,385.6127,-87.9980,0.3632,26,0.6500,0.7561,41,8,5,10,4,18,9,0.5000
6,140.0000,10,3,519.0178,-88.9427,-0.0802,6,0.1500,0.8333,6,8,8,0,0,8,8,0.0000
6,140.0000,10,6,410.8579,-87.6126,-0.2049,16,0.4000,0.8750,8,6,3,0,0,6,3,0.5000
6,140.0000,10,8,625.3075,-89.0277,0.2704,6,0.1500,0.8571,7,6,6,0,0,6,6,0.0000
6,140.0000,10,14,520.3128,-88.7058,-0.1140,13,0.3250,1.0000,10,8,8,0,0,8,8,0.0000
6,140.0000,11,5,400.5265,-88.1065,0.2643,16,0.3902,0.8750,8,6,3,0,0,6,3,0.5000
6,140.0000,11,9,410.1903,-87.6683,-0.3042,28,0.6829,0.8571,7,6,6,0,0,6,6,0.0000
6,140.0000,11,14,437.8187,-87.8430,0.0154,20,0.4878,0.5714,7,8,8,0,0,8,8,0.0000
6,140.0000,12,0,482.7623,-88.8885,-0.2317,14,0.3500,1.0000,8,7,5,0,0,7,5,0.2857
6,140.0000,12,3,629.8814,-88.8289,-0.3038,9,0.2250,1.0000,8,8,8,0,0,8,8,0.0000
6,140.0000,12,4,334.4012,-86.9750,-0.0385,28,0.7000,0.0000,4,4,0,0,0,4,0,1.0000
6,140.0000,12,7,448.3234,-88.4255,-0.4071,22,0.5500,0.5000,6,7,5,78,76,85,81,0.0471
6,140.0000,12,13,380.5844,-86.1372,-0.6344,35,0.8750,0.2000,5,8,8,0,0,8,8,0.0000
6,140.0000,13,3,702.5766,-88.9433,-1.0515,3,0.0750,1.0000,10,2,2,0,0,2,2,0.0000
6,140.0000,13,4,483.7807,-88.4538,0.0450,14,0.3500,0.8571,7,8,8,0,0,8,8,0.0000
6,140.0000,13,7,609.9409,-87.8883,-0.5298,5,0.1250,1.0000,8,4,4,0,0,4,4,0.0000
6,140.0000,13,12,380.5844,-85.7359,-0.8119,30,0.7500,0.4000,5,8,5,0,0,8,5,0.3750
6,140.0000,14,1,399.2480,-87.2279,-0.1027,30,0.7500,0.3333,6,7,5,0,0,7,5,0.2857
6,140.0000,14,8,619.4397,-89.3393,-0.4572,5,0.1250,1.0000,8,4,4,0,0,4,4,0.0000
6,140.0000,14,10,520.3128,-88.3699,-0.0051,15,0.3750,0.6667,6,7,6,0,0,7,6,0.1429
6,140.0000,14,11,437.8187,-87.7133,-0.0341,20,0.5000,0.8750,8,7,6,0,0,7,6,0.1429
6,144.0000,0,4,212.9043,-81.2681,-0.5276,40,1.0000,0.0000,4,4,0,0,0,4,0,1.0000
6,144.0000,0,12,433.5985,-87.7328,-0.4019,20,0.5000,0.8750,8,7,6,0,0,7,6,0.1429
6,144.0000,1,2,479.5665,-88.4829,0.2661,7,0.1750,0.9898,98,6,4,103,97,109,101,0.0734
6,144.0000,1,8,428.5552,-87.0590,0.2764,21,0.5250,0.5000,6,8,8,0,0,8,8,0.0000
6,144.0000,1,10,400.8305,-86.9372,-0.0734,27,0.6750,0.5000,32,7,6,20,14,27,20,0.2593
6,144.0000,1,14,492.0337,-88.0860,-0.0925,18,0.4500,1.0000,8,8,7,0,0,8,7,0.1250
6,144.0000,2,1,479.5665,-88.4506,-0.1423,11,0.2750,1.0000,8,8,7,0,0,8,7,0.1250
6,144.0000,2,6,619.9249,-88.7754,-0.1790,7,0.1750,1.0000,8,2,2,0,0,2,2,0.0000
6,144.0000,2,8,635.3488,-89.0781,0.0376,4,0.1000,1.0000,8,6,6,0,0,6,6,0.0000
6,144.0000,2,10,431.1336,-87.9914,-0.0199,23,0.5750,0.8571,7,7,6,0,0,7,6,0.1429
6,144.0000,3,6,330.3980,-86.7746,0.5843,36,0.9000,0.7108,83,6,3,50,40,56,43,0.2321
6,144.0000,3,7,542.1168,-88.9811,0.1465,10,0.2500,0.8571,7,4,4,0,0,4,4,0.0000
6,144.0000,3,10,457.1504,-88.7388,0.0932,14,0.3500,1.0000,8,7,5,50,49,57,54,0.0526
6,144.0000,3,12,721.7802,-89.5588,0.4235,4,0.1000,1.0000,4,4,4,0,0,4,4,0.0000
6,144.0000,4,0,212.9043,-82.2187,-0.3055,41,1.0000,0.0000,4,4,0,0,0,4,0,1.0000
6,144.0000,4,7,542.6744,-88.5691,0.0149,12,0.2927,0.8182,11,7,5,0,0,7,5,0.2857
6,144.0000,4,12,301.8818,-86.0670,0.1901,37,0.9024,0.5930,86,4,0,75,37,79,37,0.5316
6,144.0000,4,13,447.6427,-87.8874,0.1992,11,0.2683,0.7143,7,7,6,0,0,7,6,0.1429
6,144.0000,5,9,285.1226,-82.7136,-1.7347,39,1.0000,0.4000,5,5,2,0,0,5,2,0.6000
6,144.0000,5,11,313.2719,-86.4114,1.1140,29,0.7436,0.4286,7,5,1,0,0,5,1,0.8000
6,144.0000,6,2,619.9249,-89.1732,0.1691,5,0.1250,1.0000,8,8,8,0,0,8,8,0.0000
6,144.0000,6,3,330.3980,-86.2156,0.1849,33,0.8250,0.2000,5,7,4,0,0,7,4,0.4286
6,144.0000,6,7,648.3410,-89.6733,-0.1025,3,0.0750,1.0000,6,8,8,0,0,8,8,0.0000
6,144.0000,6,10,348.7993,-86.8469,0.4618,29,0.7250,0.6949,59,7,5,39,26,46,31,0.3261
6,144.0000,7,0,642.0587,-89.1002,0.0563,7,0.1750,1.0000,2,6,6,0,0,6,6,0.0000
6,144.0000,7,3,542.1168,-88.6532,0.5085,5,0.1250,1.0000,8,8,7,0,0,8,7,0.1250
6,144.0000,7,4,542.6744,-88.5459,-0.0100,16,0.4000,0.8750,8,8,8,0,0,8,8,0.0000
6,144.0000,7,6,648.3410,-89.4176,0.0832,4,0.1000,1.0000,8,8,8,0,0,8,8,0.0000
6,144.0000,7,12,498.9450,-88.0943,-0.0017,13,0.3250,0.8571,7,8,8,0,0,8,8,0.0000
6,144.0000,8,1,428.5552,-87.6679,0.2676,25,0.6250,0.8900,100,8,8,104,100,112,108,0.0357
6,144.0000,8,2,635.3488,-89.3280,0.0425,4,0.1000,1.0000,8,6,6,0,0,6,6,0.0000
6,144.0000,9,5,285.1226,-83.2007,-1.4040,40,0.9756,0.0000,4,5,1,0,0,5,1,0.8000
6,144.0000,9,11,420.0884,-87.5094,0.2190,18,0.4390,0.5714,7,8,8,0,0,8,8,0.0000
6,144.0000,10,1,400.8305,-86.6354,0.1167,26,0.6500,0.6905,42,6,4,36,27,42,31,0.2619
6,144.0000,10,2,431.1336,-87.3499,0.0382,29,0.7250,0.5000,18,8,8,0,0,8,8,0.0000
6,144.0000,10,3,457.1504,-88.5247,0.3984,18,0.4500,1.0000,8,7,4,0,0,7,4,0.4286
6,144.0000,10,6,348.7993,-87.1995,0.3675,28,0.7000,0.5000,6,7,4,0,0,7,4,0.4286
6,144.0000,10,14,553.7915,-88.8192,-0.1256,12,0.3000,1.0000,8,8,8,2,2,10,10,0.0000
6,144.0000,11,5,313.2719,-86.2074,0.6071,31,0.7750,0.5000,6,4,0,0,0,4,0,1.0000
6,144.0000,11,9,420.0884,-86.9185,0.2324,16,0.4000,1.0000,6,8,6,0,0,8,6,0.2500
6,144.0000,11,14,496.3505,-87.8083,0.2362,14,0.3500,1.0000,8,8,8,0,0,8,8,0.0000
6,144.0000,12,0,433.5985,-87.8685,-0.6770,18,0.4500,0.7143,7,8,5,0,0,8,5,0.3750
6,144.0000,12,4,301.8818,-86.0177,0.4125,33,0.8250,0.0000,4,5,1,0,0,5,1,0.8000
6,144.0000,12,7,498.9450,-88.5925,-0.1467,14,0.3500,0.9529,85,8,7,85,82,93,89,0.0430
6,144.0000,12,13,492.7227,-87.1628,-0.2482,24,0.6000,1.0000,8,8,8,0,0,8,8,0.0000
6,144.0000,13,0,650.7553,-89.2065,0.3382,3,0.0750,1.0000,2,6,6,0,0,6,6,0.0000
6,144.0000,13,4,447.6427,-87.8385,0.1753,16,0.4000,1.0000,8,8,6,0,0,8,6,0.2500
6,144.0000,13,12,492.7227,-87.9573,-0.3332,23,0.5750,0.6250,8,8,8,0,0,8,8,0.0000
6,144.0000,14,1,492.0337,-87.6579,-0.2776,20,0.5000,0.7143,7,8,8,0,0,8,8,0.0000
6,144.0000,14,5,638.4188,-89.0547,3.0024,3,0.0750,1.0000,4,8,8,0,0,8,8,0.0000
6,144.0000,14,10,553.7915,-88.7609,-0.1549,7,0.1750,0.8571,7,6,4,0,0,6,4,0.3333
6,144.0000,14,11,496.3505,-88.6084,-0.1976,15,0.3750,0.8571,7,7,6,0,0,7,6,0.1429
6,148.0000,0,4,231.5780,-83.7045,-0.0583,39,0.9750,0.0000,4,5,1,0,0,5,1,0.8000
6,148.0000,0,12,393.3027,-87.8415,0.7085,26,0.6500,0.8571,7,5,1,0,0,5,1,0.8000
6,148.0000,1,2,405.0952,-88.2765,-0.0038,22,0.5500,0.9266,109,6,3,53,46,59,49,0.1695
6,148.0000,1,8,516.0388,-88.4392,-0.4525,15,0.3750,1.0000,8,7,6,0,0,7,6,0.1429
6,148.0000,1,10,477.7539,-87.8420,-0.4537,22,0.5500,0.7407,27,8,8,56,56,64,64,0.0000
6,148.0000,1,14,591.2903,-88.5287,0.1331,9,0.2250,0.8750,8,4,4,0,0,4,4,0.0000
6,148.0000,2,1,405.0952,-87.7755,0.9303,17,0.4250,0.8750,8,7,4,0,0,7,4,0.4286
6,148.0000,2,8,618.3294,-88.9451,0.2694,3,0.0750,1.0000,6,8,7,0,0,8,7,0.1250
6,148.0000,2,10,526.2621,-87.9466,-0.2954,17,0.4250,0.8571,7,8,8,0,0,8,8,0.0000
6,148.0000,3,6,315.9622,-85.7735,0.0203,33,0.8250,0.7679,56,5,2,35,18,40,20,0.5000
6,148.0000,3,7,527.8623,-88.7694,-0.3235,11,0.2750,1.0000,4,7,6,0,0,7,6,0.1429
6,148.0000,3,10,391.4194,-87.6821,0.6671,21,0.5250,0.9474,57,8,5,57,55,65,60,0.0769
6,148.0000,4,0,231.5780,-83.4773,0.0221,40,1.0000,0.0000,4,4,0,0,0,4,0,1.0000
6,148.0000,4,7,614.2783,-88.5226,-0.0595,5,0.1250,0.7143,7,8,8,0,0,8,8,0.0000
6,148.0000,4,12,336.7362,-85.4849,-0.2273,33,0.8250,0.4684,79,7,4,95,78,102,82,0.1961
6,148.0000,4,13,424.4778,-87.9151,0.3551,23,0.5750,0.8571,7,8,7,0,0,8,7,0.1250
6,148.0000,5,9,431.9596,-86.1906,-0.2907,24,0.5854,0.4000,5,8,8,0,0,8,8,0.0000
6,148.0000,5,11,284.0116,-86.2440,0.1645,38,0.9268,0.2000,5,5,1,0,0,5,1,0.8000
6,148.0000,6,3,315.9622,-86.2819,-0.0237,36,0.9000,0.5714,7,5,1,0,0,5,1,0.8000
6,148.0000,6,7,620.6161,-88.9702,0.1428,5,0.1250,1.0000,8,4,4,0,0,4,4,0.0000
6,148.0000,6,10,292.7654,-86.2901,0.4512,33,0.8250,0.6739,46,4,0,30,10,34,10,0.7059
6,148.0000,7,3,527.8623,-88.1308,-0.3101,5,0.1250,0.8750,8,8,8,0,0,8,8,0.0000
6,148.0000,7,4,614.2783,-89.3473,-0.1812,6,0.1500,1.0000,8,9,8,0,0,9,8,0.1111
6,148.0000,7,12,571.0476,-88.6354,-0.4926,9,0.2250,1.0000,8,8,8,0,0,8,8,0.0000
6,148.0000,8,1,516.0388,-88.2965,-0.0368,20,0.5000,0.9643,112,7,6,104,102,111,108,0.0270
6,148.0000,8,2,618.3294,-89.6570,0.2239,3,0.0750,1.0000,6,8,8,0,0,8,8,0.0000
6,148.0000,9,5,431.9596,-87.3053,-0.4635,26,0.6667,0.2000,5,6,6,0,0,6,6,0.0000
6,148.0000,9,11,447.3592,-88.1077,-0.2495,21,0.5385,1.0000,8,6,4,0,0,6,4,0.3333
6,148.0000,10,1,477.7539,-87.6591,-0.4455,24,0.6000,0.7381,42,7,6,54,54,61,60,0.0164
6,148.0000,10,2,526.2621,-88.2285,0.3727,12,0.3000,1.0000,8,8,8,0,0,8,8,0.0000
6,148.0000,10,3,391.4194,-87.2367,-0.1461,25,0.6250,0.5714,7,6,4,0,0,6,4,0.3333
6,148.0000,10,6,292.7654,-86.1926,-0.0735,34,0.8500,0.5714,7,5,2,0,0,5,2,0.6000
6,148.0000,10,14,585.7851,-88.6097,-0.4567,5,0.1250,1.0000,10,8,8,0,0,8,8,0.0000
6,148.0000,11,5,284.0116,-85.7424,0.2034,38,0.9500,0.0000,4,4,0,0,0,4,0,1.0000
6,148.0000,11,9,447.3592,-88.3694,-0.0244,19,0.4750,0.7500,8,6,4,0,0,6,4,0.3333
6,148.0000,11,14,553.5387,-88.1695,0.0643,10,0.2500,1.0000,8,8,8,0,0,8,8,0.0000
6,148.0000,12,0,393.3027,-87.5021,-0.1927,20,0.5000,0.6250,8,7,5,0,0,7,5,0.2857
6,148.0000,12,4,336.7362,-85.7613,-0.1705,33,0.8250,0.2000,5,6,3,0,0,6,3,0.5000
6,148.0000,12,7,571.0476,-88.5655,0.2241,10,0.2500,0.9570,93,8,8,46,45,54,53,0.0185
6,148.0000,12,13,614.6151,-89.0319,-0.2528,8,0.2000,1.0000,8,8,8,0,0,8,8,0.0000
6,148.0000,13,0,642.3520,-89.0124,0.7397,4,0.1000,1.0000,6,8,8,0,0,8,8,0.0000
6,148.0000,13,4,424.4778,-87.5876,-0.5492,19,0.4750,0.7500,8,7,5,0,0,7,5,0.2857
6,148.0000,13,5,641.3092,-88.7601,0.5407,4,0.1000,1.0000,8,2,2,0,0,2,2,0.0000
6,148.0000,13,12,614.6151,-88.7157,0.2365,8,0.2000,1.0000,8,8,8,0,0,8,8,0.0000
6,148.0000,14,1,591.2903,-88.8546,0.3325,11,0.2750,1.0000,8,8,8,0,0,8,8,0.0000
6,148.0000,14,5,598.6157,-88.7547,0.4597,6,0.1500,1.0000,8,8,8,0,0,8,8,0.0000
6,148.0000,14,10,585.7851,-88.7997,0.0759,6,0.1500,0.6667,6,8,7,0,0,8,7,0.1250
6,148.0000,14,11,553.5387,-89.0777,0.7089,7,0.1750,0.8571,7,8,8,0,0,8,8,0.0000
6,152.0000,0,4,259.7053,-84.1444,-0.5364,39,1.0000,0.2000,5,4,0,0,0,4,0,1.0000
6,152.0000,0,12,427.1976,-87.9426,-0.0856,26,0.6667,0.2000,5,5,2,0,0,5,2,0.6000
6,152.0000,0,13,652.0189,-89.2915,-0.2162,3,0.0769,1.0000,8,6,6,0,0,6,6,0.0000
6,152.0000,1,2,362.5623,-86.9888,-0.6556,27,0.6750,0.8305,59,6,2,45,36,51,38,0.2549
6,152.0000,1,8,461.9670,-88.0998,0.0350,18,0.4500,0.8571,7,7,6,0,0,7,6,0.1429
6,152.0000,1,10,577.7969,-88.6175,-0.7726,7,0.1750,1.0000,64,6,6,2,2,8,8,0.0000
6,152.0000,2,1,362.5623,-86.6063,0.0810,29,0.7250,0.5714,7,5,1,0,0,5,1,0.8000
6,152.0000,2,8,467.5492,-88.3536,0.2092,7,0.1750,0.8750,8,6,3,0,0,6,3,0.5000
6,152.0000,3,6,294.6528,-85.5463,0.2969,34,0.8500,0.5000,40,4,0,40,10,44,10,0.7727
6,152.0000,3,7,514.3461,-88.2762,-0.2257,12,0.3000,0.8571,7,6,4,0,0,6,4,0.3333
6,152.0000,3,10,329.3309,-87.0115,0.1529,24,0.6000,0.9231,65,6,2,24,4,30,6,0.8000
6,152.0000,4,0,259.7053,-83.3474,-0.7230,40,1.0000,0.0000,4,4,0,0,0,4,0,1.0000
6,152.0000,4,12,441.1141,-87.2022,-0.0048,29,0.7250,0.8039,102,8,8,102,98,110,106,0.0364
6,152.0000,4,13,411.4161,-87.4909,-0.3518,23,0.5750,0.8750,8,7,4,0,0,7,4,0.4286
6,152.0000,5,9,591.4803,-88.5576,-0.3562,18,0.4500,1.0000,8,6,6,0,0,6,6,0.0000
6,152.0000,5,11,321.3630,-85.9788,-0.6112,35,0.8750,0.2000,5,3,0,0,0,3,0,1.0000
6,152.0000,5,13,565.5778,-89.0588,0.0981,3,0.0750,1.0000,8,8,7,0,0,8,7,0.1250
6,152.0000,5,14,558.6959,-89.0537,0.3356,6,0.1500,1.0000,8,8,8,0,0,8,8,0.0000
6,152.0000,6,3,294.6528,-85.6232,0.3272,33,0.8250,0.2000,5,4,0,0,0,4,0,1.0000
6,152.0000,6,10,244.0156,-84.5452,0.3807,38,0.9500,0.2941,34,4,0,31,0,35,0,1.0000
6,152.0000,7,3,514.3461,-88.7994,0.1615,11,0.2750,1.0000,8,8,8,0,0,8,8,0.0000
6,152.0000,7,6,587.1807,-87.9323,0.3849,3,0.0750,1.0000,8,7,6,0,0,7,6,0.1429
6,152.0000,7,12,647.4545,-89.1278,0.2528,3,0.0750,1.0000,8,6,6,0,0,6,6,0.0000
6,152.0000,8,1,461.9670,-88.2426,-0.4488,11,0.2750,0.9730,111,8,6,6,6,14,12,0.1429
6,152.0000,8,2,467.5492,-88.6015,0.4936,9,0.2250,1.0000,8,7,5,0,0,7,5,0.2857
6,152.0000,9,5,591.4803,-88.1285,-0.0297,11,0.2683,1.0000,6,8,8,0,0,8,8,0.0000
6,152.0000,9,11,489.6728,-87.9898,-0.1429,18,0.4390,0.6667,6,8,7,0,0,8,7,0.1250
6,152.0000,10,1,577.7969,-88.7912,0.1102,11,0.2750,0.9836,61,4,4,62,62,66,66,0.0000
6,152.0000,10,2,648.8799,-88.6557,-0.1783,7,0.1750,1.0000,8,4,4,0,0,4,4,0.0000
6,152.0000,10,3,329.3309,-86.9901,-0.0215,28,0.7000,0.6667,6,5,2,0,0,5,2,0.6000
6,152.0000,10,6,244.0156,-83.9838,1.1042,39,0.9750,0.4000,5,4,0,0,0,4,0,1.0000
6,152.0000,10,14,627.5716,-89.3265,0.0853,8,0.2000,1.0000,8,2,2,0,0,2,2,0.0000
6,152.0000,11,5,321.3630,-86.1349,0.0885,37,0.9250,0.0000,4,5,2,0,0,5,2,0.6000
6,152.0000,11,9,489.6728,-88.2965,0.3085,17,0.4250,0.6667,6,8,8,0,0,8,8,0.0000
6,152.0000,11,13,517.3798,-88.2429,1.2255,3,0.0750,0.8571,7,8,8,0,0,8,8,0.0000
6,152.0000,11,14,591.4282,-88.4834,-0.1209,7,0.1750,1.0000,8,8,8,0,0,8,8,0.0000
6,152.0000,12,0,427.1976,-87.1410,-0.2448,22,0.5500,0.7143,7,6,3,0,0,6,3,0.5000
6,152.0000,12,4,441.1141,-87.3782,-0.3559,27,0.6750,0.5000,6,7,5,0,0,7,5,0.2857
6,152.0000,12,7,647.4545,-87.6860,0.1882,4,0.1000,0.9815,54,6,6,0,0,6,6,0.0000
6,152.0000,13,0,652.0189,-88.7261,0.5139,6,0.1500,1.0000,8,4,4,0,0,4,4,0.0000
6,152.0000,13,4,411.4161,-87.9312,0.1760,26,0.6500,0.7143,7,7,3,0,0,7,3,0.5714
6,152.0000,13,5,565.5778,-88.9265,0.7467,4,0.1000,1.0000,2,7,6,0,0,7,6,0.1429
6,152.0000,13,11,517.3798,-89.0588,1.2268,6,0.1500,1.0000,6,6,3,0,0,6,3,0.5000
6,152.0000,14,5,558.6959,-89.3883,-0.8316,3,0.0750,1.0000,8,7,6,0,0,7,6,0.1429
6,152.0000,14,11,591.4282,-89.0255,0.3815,7,0.1750,1.0000,8,8,8,0,0,8,8,0.0000
6,156.0000,0,4,292.8959,-85.0676,-0.2023,39,0.9750,0.0000,4,4,0,0,0,4,0,1.0000
6,156.0000,0,12,489.9085,-87.8504,-0.2404,25,0.6250,0.4000,5,8,8,0,0,8,8,0.0000
6,156.0000,1,2,413.5262,-87.2758,-0.0466,30,0.7500,0.7451,51,8,6,104,97,112,103,0.0804
6,156.0000,1,8,441.0856,-88.2049,-0.0513,18,0.4500,0.8571,7,6,4,0,0,6,4,0.3333
6,156.0000,2,1,413.5262,-86.9758,-0.3174,26,0.6500,0.2000,5,8,7,0,0,8,7,0.1250
6,156.0000,2,8,335.3962,-87.8734,-0.3902,28,0.7000,0.5000,6,4,0,0,0,4,0,1.0000
6,156.0000,3,6,276.3593,-85.9238,0.3424,38,0.9500,0.2273,44,4,0,0,0,4,0,1.0000
6,156.0000,3,7,492.3961,-88.4791,-0.3473,14,0.3500,0.6667,6,7,6,0,0,7,6,0.1429
6,156.0000,3,10,263.8618,-85.3447,0.6823,37,0.9250,0.2000,30,4,0,6,1,10,1,0.9000
6,156.0000,4,0,292.8959,-84.8168,-0.3376,40,1.0000,0.0000,4,4,0,0,0,4,0,1.0000
6,156.0000,4,12,558.7080,-87.6233,-0.3663,12,0.3000,0.9636,110,6,6,6,5,12,11,0.0833
6,156.0000,4,13,404.8877,-87.8537,-0.1881,23,0.5750,0.5714,7,7,5,0,0,7,5,0.2857
6,156.0000,5,9,744.2690,-89.4390,0.0083,4,0.1000,1.0000,6,4,4,0,0,4,4,0.0000
6,156.0000,5,11,394.4510,-86.6908,0.2785,29,0.7250,0.0000,3,5,2,0,0,5,2,0.6000
6,156.0000,5,13,492.0966,-88.9912,0.0710,13,0.3250,0.8750,8,8,7,0,0,8,7,0.1250
6,156.0000,6,3,276.3593,-85.4311,-0.2748,38,0.9500,0.0000,4,3,0,0,0,3,0,1.0000
6,156.0000,6,7,545.4498,-89.1645,0.0627,7,0.1750,1.0000,6,8,7,0,0,8,7,0.1250
6,156.0000,6,10,194.3366,-82.6774,0.4261,40,1.0000,0.0000,35,4,0,0,0,4,0,1.0000
6,156.0000,7,3,492.3961,-88.0496,0.5689,12,0.3000,1.0000,8,8,8,0,0,8,8,0.0000
6,156.0000,7,6,545.4498,-88.5833,0.2460,4,0.1000,0.8571,7,10,10,0,0,10,10,0.0000
6,156.0000,8,1,441.0856,-88.3461,-0.2471,16,0.4000,0.8571,14,6,3,0,0,6,3,0.5000
6,156.0000,8,2,335.3962,-87.6614,0.4597,21,0.5250,0.7143,7,4,0,77,47,81,47,0.4198
6,156.0000,9,5,744.2690,-89.2391,-0.4896,3,0.0750,1.0000,8,6,6,0,0,6,6,0.0000
6,156.0000,9,11,546.6964,-88.0881,-0.7146,9,0.2250,0.8750,8,8,8,0,0,8,8,0.0000
6,156.0000,9,13,604.6398,-89.3940,0.1261,4,0.1000,1.0000,6,10,9,0,0,10,9,0.1000
6,156.0000,10,3,263.8618,-85.7729,1.1258,34,0.8500,0.4000,5,4,0,0,0,4,0,1.0000
6,156.0000,10,6,194.3366,-82.7026,0.1669,40,1.0000,0.0000,4,4,0,0,0,4,0,1.0000
6,156.0000,11,4,602.1436,-89.5174,0.5328,6,0.1500,,0,5,4,0,0,5,4,0.2000
6,156.0000,11,5,394.4510,-86.7602,-0.8094,30,0.7500,0.4000,5,7,5,0,0,7,5,0.2857
6,156.0000,11,9,546.6964,-88.8920,0.0658,12,0.3000,1.0000,8,8,8,0,0,8,8,0.0000
6,156.0000,11,13,386.2191,-87.7519,0.3266,16,0.4000,1.0000,8,8,6,0,0,8,6,0.2500
6,156.0000,11,14,629.9929,-89.1524,-0.6000,6,0.1500,1.0000,8,8,8,0,0,8,8,0.0000
6,156.0000,12,0,489.9085,-88.2717,-0.1970,20,0.5000,0.5000,6,8,8,0,0,8,8,0.0000
6,156.0000,12,4,558.7080,-88.3675,-0.1469,16,0.4000,0.7143,7,8,8,0,0,8,8,0.0000
6,156.0000,13,4,404.8877,-87.4022,0.2814,28,0.7000,0.4286,7,8,6,0,0,8,6,0.2500
6,156.0000,13,5,492.0966,-89.0590,-0.2226,11,0.2750,0.8571,7,8,7,0,0,8,7,0.1250
6,156.0000,13,9,604.6398,-88.4542,0.6585,4,0.1000,1.0000,6,6,6,0,0,6,6,0.0000
6,156.0000,13,11,386.2191,-88.5435,0.1629,25,0.6250,0.5000,6,6,3,0,0,6,3,0.5000
6,156.0000,14,5,547.4904,-88.0478,0.2388,8,0.2000,0.8571,7,8,8,0,0,8,8,0.0000
6,156.0000,14,11,629.9929,-88.8365,0.0196,4,0.1000,1.0000,8,6,6,0,0,6,6,0.0000
6,160.0000,0,4,329.6823,-85.7957,-0.4939,33,0.8250,0.0000,4,5,1,0,0,5,1,0.8000
6,160.0000,0,12,576.1825,-88.4905,-0.0073,16,0.4000,1.0000,8,8,8,0,0,8,8,0.0000
6,160.0000,1,2,490.7820,-88.2178,-0.4755,22,0.5500,0.9196,112,8,7,6,6,14,13,0.0714
6,160.0000,1,8,407.1298,-88.1573,-0.2109,25,0.6250,0.6667,6,7,4,83,62,90,66,0.2667
6,160.0000,2,1,490.7820,-87.9674,-0.8457,22,0.5500,0.8750,8,8,8,0,0,8,8,0.0000
6,160.0000,2,8,239.3021,-85.4275,0.2596,35,0.8750,0.0000,4,4,0,0,0,4,0,1.0000
6,160.0000,3,6,267.0095,-85.3871,-0.2614,39,0.9750,0.0000,4,4,0,0,0,4,0,1.0000
6,160.0000,3,7,465.1687,-88.4745,-0.1900,14,0.3500,0.8571,7,5,2,0,0,5,2,0.6000
6,160.0000,3,10,215.5737,-83.9701,0.8141,40,1.0000,0.1000,10,4,0,0,0,4,0,1.0000
6,160.0000,4,0,329.6823,-85.9830,-0.4869,37,0.9250,0.0000,4,5,2,35,21,40,23,0.4250
6,160.0000,4,11,435.9542,-88.6839,0.2011,12,0.3000,1.0000,8,6,4,75,39,81,43,0.4691
6,160.0000,4,12,691.5916,-89.0693,-0.3193,7,0.1750,0.9167,12,4,4,0,0,4,4,0.0000
6,160.0000,4,13,401.3470,-87.2909,0.4490,22,0.5500,0.7143,7,5,2,0,0,5,2,0.6000
6,160.0000,5,11,488.7089,-88.0090,-0.1261,20,0.5000,0.4000,5,8,8,0,0,8,8,0.0000
6,160.0000,5,13,438.6728,-87.4874,0.3180,13,0.3250,0.8750,8,7,6,0,0,7,6,0.1429
6,160.0000,5,14,546.8860,-88.6994,-0.1929,9,0.2250,1.0000,8,7,5,0,0,7,5,0.2857
6,160.0000,6,3,267.0095,-85.3556,0.1447,41,1.0000,0.0000,3,4,0,0,0,4,0,1.0000
6,160.0000,6,7,511.9336,-88.5253,-0.3275,9,0.2195,0.8750,8,8,4,0,0,8,4,0.5000
6,160.0000,6,10,143.5024,-80.8274,0.6688,41,1.0000,0.0000,4,4,0,0,0,4,0,1.0000
6,160.0000,7,3,465.1687,-88.4080,0.1511,18,0.4500,1.0000,8,8,7,0,0,8,7,0.1250
6,160.0000,7,6,511.9336,-89.1745,0.3516,5,0.1250,1.0000,10,6,6,0,0,6,6,0.0000
6,160.0000,7,10,538.9184,-89.3672,0.3212,3,0.0750,1.0000,2,7,6,0,0,7,6,0.1429
6,160.0000,8,1,407.1298,-88.0823,0.0689,24,0.6000,0.5000,6,8,7,0,0,8,7,0.1250
6,160.0000,8,2,239.3021,-85.1379,0.6045,38,0.9500,0.5802,81,4,0,50,4,54,4,0.9259
6,160.0000,9,11,432.9834,-88.5192,0.4221,15,0.3750,1.0000,8,7,3,0,0,7,3,0.5714
6,160.0000,9,13,487.3550,-89.3134,-0.0578,8,0.2000,0.9000,10,7,4,0,0,7,4,0.4286
6,160.0000,10,3,215.5737,-83.5858,0.5998,39,0.9750,0.0000,4,3,0,0,0,3,0,1.0000
6,160.0000,10,6,143.5024,-80.6858,0.8842,40,1.0000,0.0000,4,4,0,0,0,4,0,1.0000
6,160.0000,10,7,538.9184,-88.7240,-0.4212,4,0.1000,0.6667,3,8,8,0,0,8,8,0.0000
6,160.0000,11,4,435.9542,-87.9781,0.8795,10,0.2500,0.8000,5,5,2,0,0,5,2,0.6000
6,160.0000,11,5,488.7089,-87.2663,-0.3093,23,0.5750,0.7143,7,8,8,0,0,8,8,0.0000
6,160.0000,11,9,432.9834,-88.6494,0.2257,11,0.2750,1.0000,8,6,3,68,33,74,36,0.5135
6,160.0000,11,13,318.1014,-86.4170,0.0020,36,0.9000,0.7500,8,5,1,0,0,5,1,0.8000
6,160.0000,12,0,576.1825,-88.5544,-0.1798,8,0.2000,1.0000,8,8,8,0,0,8,8,0.0000
6,160.0000,13,4,401.3470,-87.4543,0.2096,29,0.7250,0.7500,8,6,4,0,0,6,4,0.3333
6,160.0000,13,5,438.6728,-87.9625,0.0717,13,0.3250,0.8750,8,8,7,0,0,8,7,0.1250
6,160.0000,13,9,487.3550,-88.5533,0.2466,8,0.2000,1.0000,6,6,3,0,0,6,3,0.5000
6,160.0000,13,11,318.1014,-87.0234,0.1501,30,0.7500,0.5000,6,5,1,0,0,5,1,0.8000
6,160.0000,14,5,546.8860,-88.3596,0.1212,5,0.1250,1.0000,8,8,8,0,0,8,8,0.0000
6,164.0000,0,4,353.8846,-85.9308,0.0941,31,0.7750,0.2000,5,6,3,0,0,6,3,0.5000
6,164.0000,0,11,523.6854,-88.9109,-0.1862,9,0.2250,1.0000,6,8,5,0,0,8,5,0.3750
6,164.0000,0,12,670.2680,-89.0295,-0.0060,6,0.1500,1.0000,8,4,4,0,0,4,4,0.0000
6,164.0000,1,2,619.2911,-89.1511,-0.1620,10,0.2500,0.9286,14,6,6,0,0,6,6,0.0000
6,164.0000,1,8,389.6063,-88.0404,-0.3556,25,0.6250,0.7333,90,6,3,47,33,53,36,0.3208
6,164.0000,1,14,661.0493,-89.5851,-0.0754,3,0.0750,1.0000,2,6,6,0,0,6,6,0.0000
6,164.0000,2,1,619.2911,-88.5877,0.0096,9,0.2250,1.0000,8,4,4,0,0,4,4,0.0000
6,164.0000,2,8,261.7602,-83.6357,-0.4535,39,0.9750,0.0000,4,5,1,0,0,5,1,0.8000
6,164.0000,3,6,260.2723,-84.2221,0.4310,39,0.9750,0.0000,4,4,0,0,0,4,0,1.0000
6,164.0000,3,7,447.1891,-87.9284,-0.1905,18,0.4500,0.4000,5,6,3,0,0,6,3,0.5000
6,164.0000,3,10,167.6343,-81.5991,0.5285,40,1.0000,0.0000,4,4,0,0,0,4,0,1.0000
6,164.0000,4,0,353.8846,-86.0179,-0.3140,35,0.8750,0.5750,40,5,1,37,18,42,19,0.5476
6,164.0000,4,9,546.6243,-88.4856,0.9571,3,0.0750,1.0000,8,8,8,0,0,8,8,0.0000
6,164.0000,4,11,309.9765,-86.7436,0.3561,32,0.8000,0.5309,81,4,0,7,1,11,1,0.9091
6,164.0000,4,13,389.5700,-87.1911,0.1999,27,0.6750,0.4000,5,7,4,71,43,78,47,0.3974
6,164.0000,5,11,610.8642,-87.9925,-0.2978,9,0.2250,1.0000,8,6,6,0,0,6,6,0.0000
6,164.0000,5,13,442.8301,-87.6571,0.0283,19,0.4750,0.8571,7,7,6,0,0,7,6,0.1429
6,164.0000,5,14,577.4319,-89.7326,-0.0307,11,0.2750,0.7143,7,6,6,0,0,6,6,0.0000
6,164.0000,6,3,260.2723,-84.8922,-0.2602,40,1.0000,0.0000,4,4,0,0,0,4,0,1.0000
6,164.0000,6,7,495.6838,-88.3625,0.0222,11,0.2750,0.5000,8,7,6,0,0,7,6,0.1429
6,164.0000,6,10,107.9113,-77.2150,0.7685,40,1.0000,0.0000,4,4,0,0,0,4,0,1.0000
6,164.0000,7,3,447.1891,-88.2049,-0.1022,23,0.5750,0.8750,8,7,5,0,0,7,5,0.2857
6,164.0000,7,6,495.6838,-88.9522,0.0719,15,0.3750,1.0000,6,7,6,0,0,7,6,0.1429
6,164.0000,7,10,477.2060,-88.7654,-0.0657,14,0.3500,0.8571,7,7,6,0,0,7,6,0.1429
6,164.0000,8,1,389.6063,-87.2329,-0.3246,26,0.6500,0.8750,8,6,4,0,0,6,4,0.3333
6,164.0000,8,2,261.7602,-84.2600,0.4951,39,0.9750,0.0741,54,7,5,27,13,34,18,0.4706
6,164.0000,9,4,546.6243,-88.2786,-0.1488,4,0.1000,1.0000,6,8,7,0,0,8,7,0.1250
6,164.0000,9,11,298.1295,-87.1278,0.6314,28,0.7000,0.4286,7,4,0,0,0,4,0,1.0000
6,164.0000,9,13,363.5096,-87.2948,0.3997,19,0.4750,0.5714,7,6,2,0,0,6,2,0.6667
6,164.0000,10,3,167.6343,-81.3338,0.7499,40,1.0000,0.0000,3,4,0,0,0,4,0,1.0000
6,164.0000,10,6,107.9113,-77.3973,0.8174,40,1.0000,0.0000,4,4,0,0,0,4,0,1.0000
6,164.0000,10,7,477.2060,-88.4775,0.0018,14,0.3500,1.0000,8,7,6,0,0,7,6,0.1429
6,164.0000,11,0,523.6854,-88.4906,-0.1813,8,0.2000,1.0000,6,7,6,0,0,7,6,0.1429
6,164.0000,11,4,309.9765,-86.2864,0.6550,28,0.7000,0.4000,5,4,0,0,0,4,0,1.0000
6,164.0000,11,5,610.8642,-88.5735,-0.1655,10,0.2500,1.0000,8,6,6,0,0,6,6,0.0000
6,164.0000,11,9,298.1295,-86.6417,0.8820,28,0.7000,0.4865,74,4,0,7,2,11,2,0.8182
6,164.0000,11,13,332.9767,-86.2586,-0.0622,35,0.8750,0.2000,5,7,5,0,0,7,5,0.2857
6,164.0000,12,0,670.2680,-89.5583,0.1236,3,0.0732,1.0000,8,2,2,0,0,2,2,0.0000
6,164.0000,13,4,389.5700,-87.5308,-0.1922,29,0.7250,0.6667,6,5,2,0,0,5,2,0.6000
6,164.0000,13,5,442.8301,-88.2195,-0.1205,26,0.6500,0.8750,8,8,6,0,0,8,6,0.2500
6,164.0000,13,9,363.5096,-87.5486,0.6890,25,0.6250,0.5000,6,5,1,53,19,58,20,0.6552
6,164.0000,13,11,332.9767,-85.9341,0.1209,37,0.9250,0.2000,5,7,4,0,0,7,4,0.4286
6,164.0000,14,5,577.4319,-88.6177,0.0271,4,0.0976,1.0000,8,8,8,0,0,8,8,0.0000
6,168.0000,0,4,391.8845,-87.6609,0.0707,29,0.7250,0.5000,6,7,4,0,0,7,4,0.4286
6,168.0000,0,9,578.4325,-89.0414,0.3696,5,0.1250,1.0000,2,8,8,0,0,8,8,0.0000
6,168.0000,0,11,382.9178,-88.1659,0.2410,23,0.5750,0.6250,8,5,1,0,0,5,1,0.8000
6,168.0000,1,8,386.1005,-87.1133,-0.1511,26,0.6500,0.6792,53,7,3,91,61,98,64,0.3469
6,168.0000,2,8,406.4832,-86.5771,-0.5491,33,0.8250,0.2000,5,7,5,0,0,7,5,0.2857
6,168.0000,3,6,253.1275,-84.3420,0.1886,40,1.0000,0.0000,4,4,0,0,0,4,0,1.0000
6,168.0000,3,7,430.9728,-88.0080,0.3566,19,0.4750,0.5000,6,6,3,0,0,6,3,0.5000
6,168.0000,3,10,139.0166,-79.3993,0.9533,40,1.0000,0.0000,4,4,0,0,0,4,0,1.0000
6,168.0000,4,0,391.8845,-86.9300,0.3837,29,0.7250,0.4524,42,7,5,0,0,7,5,0.2857
6,168.0000,4,5,612.3845,-89.0676,0.3540,4,0.1000,,0,4,4,0,0,4,4,0.0000
6,168.0000,4,9,366.6499,-87.7694,0.3800,16,0.4000,1.0000,8,6,3,50,5,56,8,0.8571
6,168.0000,4,11,253.9277,-84.8738,0.8250,38,0.9500,0.0909,11,4,0,0,0,4,0,1.0000
6,168.0000,4,13,373.2841,-87.4207,0.1418,28,0.7000,0.6026,78,7,4,9,4,16,8,0.5000
6,168.0000,4,14,683.8599,-88.9732,0.9560,3,0.0750,1.0000,8,8,8,0,0,8,8,0.0000
6,168.0000,5,9,683.4037,-89.4871,0.0099,3,0.0750,,0,2,2,0,0,2,2,0.0000
6,168.0000,5,13,488.3265,-87.9189,-0.3428,18,0.4500,0.8571,7,6,4,0,0,6,4,0.3333
6,168.0000,5,14,615.6899,-88.9643,-0.2622,8,0.2000,1.0000,6,4,4,0,0,4,4,0.0000
6,168.0000,6,3,253.1275,-84.3469,0.1174,40,1.0000,0.0000,4,5,0,0,0,5,0,1.0000
6,168.0000,6,7,473.9745,-88.3802,-0.2185,17,0.4250,0.8571,7,8,8,0,0,8,8,0.0000
6,168.0000,6,10,118.7678,-76.5439,-0.1109,40,1.0000,0.0000,4,4,0,0,0,4,0,1.0000
6,168.0000,7,3,430.9728,-87.4879,0.2849,26,0.6500,0.7143,7,7,4,0,0,7,4,0.4286
6,168.0000,7,6,473.9745,-88.1366,0.2363,10,0.2500,0.8571,7,6,4,0,0,6,4,0.3333
6,168.0000,7,10,427.7213,-87.9599,0.1342,26,0.6500,0.8571,7,6,4,0,0,6,4,0.3333
6,168.0000,8,1,386.1005,-87.0742,-0.1331,27,0.6923,0.6667,6,4,0,0,0,4,0,1.0000
6,168.0000,8,2,406.4832,-86.2021,-0.9343,32,0.8205,0.5294,34,7,6,85,66,92,72,0.2174
6,168.0000,9,4,366.6499,-88.5721,0.3058,18,0.4500,0.8750,8,5,2,0,0,5,2,0.6000
6,168.0000,9,11,217.4198,-84.6864,0.3712,38,0.9500,0.0000,4,4,0,0,0,4,0,1.0000
6,168.0000,9,13,280.5802,-85.8451,0.6592,35,0.8750,0.3333,6,4,0,0,0,4,0,1.0000
6,168.0000,10,3,139.0166,-79.5068,0.9442,40,1.0000,0.0000,4,4,0,0,0,4,0,1.0000
6,168.0000,10,6,118.7678,-76.5343,-0.5933,40,1.0000,0.0000,4,4,0,0,0,4,0,1.0000
6,168.0000,10,7,427.7213,-87.7174,0.5985,18,0.4500,0.8571,7,7,4,0,0,7,4,0.4286
6,168.0000,11,0,382.9178,-88.3620,0.0784,17,0.4250,0.8571,7,5,1,0,0,5,1,0.8000
6,168.0000,11,4,253.9277,-85.4339,0.5086,40,1.0000,0.0000,4,4,0,0,0,4,0,1.0000
6,168.0000,11,9,217.4198,-84.1694,1.2414,40,1.0000,0.1818,11,5,1,0,0,5,1,0.8000
6,168.0000,11,13,413.3684,-86.8365,-0.1757,30,0.7500,0.7143,7,7,6,0,0,7,6,0.1429
6,168.0000,13,4,373.2841,-87.0284,0.2840,30,0.7317,0.4000,5,7,4,0,0,7,4,0.4286
6,168.0000,13,5,488.3265,-88.2293,0.1320,22,0.5366,0.7500,8,8,7,0,0,8,7,0.1250
6,168.0000,13,9,280.5802,-85.6744,0.6643,37,0.9024,0.3448,58,5,1,7,1,12,2,0.8333
6,168.0000,13,11,413.3684,-86.8809,-0.4152,29,0.7073,0.5714,7,7,6,0,0,7,6,0.1429
6,168.0000,14,7,619.6566,-89.0982,-0.2759,5,0.1282,1.0000,4,8,8,0,0,8,8,0.0000
6,172.0000,0,4,429.1796,-87.2143,-0.2430,23,0.5750,0.5714,7,7,5,0,0,7,5,0.2857
6,172.0000,0,9,498.7659,-88.5499,-0.2987,10,0.2500,1.0000,8,6,3,0,0,6,3,0.5000
6,172.0000,0,11,258.9564,-85.9051,0.6264,32,0.8000,0.2000,5,4,0,0,0,4,0,1.0000
6,172.0000,1,8,369.4184,-87.4060,0.3632,28,0.7000,0.6531,98,6,2,80,44,86,46,0.4651
6,172.0000,1,14,517.6482,-88.1557,0.0215,10,0.2500,1.0000,8,8,7,0,0,8,7,0.1250
6,172.0000,2,8,430.2738,-87.5507,0.6309,23,0.5750,0.7143,7,6,4,0,0,6,4,0.3333
6,172.0000,3,6,246.6287,-84.3982,0.1080,39,0.9750,0.0000,4,5,1,0,0,5,1,0.8000
6,172.0000,3,7,421.9022,-88.2009,-0.3487,21,0.5250,0.5000,6,6,4,0,0,6,4,0.3333
6,172.0000,3,10,147.0023,-78.7767,-0.4986,40,1.0000,0.0000,4,4,0,0,0,4,0,1.0000
6,172.0000,4,0,429.1796,-87.8272,-0.2049,24,0.6000,0.7143,7,8,7,0,0,8,7,0.1250
6,172.0000,4,5,600.1419,-89.4231,-0.3573,5,0.1250,1.0000,4,8,8,0,0,8,8,0.0000
6,172.0000,4,9,203.3847,-84.9662,1.6804,35,0.8750,0.1429,56,4,0,52,0,56,0,1.0000
6,172.0000,4,11,315.9011,-84.5715,-0.6643,38,0.9500,0.0000,4,7,5,0,0,7,5,0.2857
6,172.0000,4,13,360.7186,-86.9622,0.1601,31,0.7750,0.5000,16,6,2,0,0,6,2,0.6667
6,172.0000,5,13,559.2522,-88.1896,-0.0112,9,0.2250,0.6667,6,8,8,0,0,8,8,0.0000
6,172.0000,6,3,246.6287,-83.9301,-0.0089,37,0.9250,0.0000,5,5,1,0,0,5,1,0.8000
6,172.0000,6,7,457.5660,-88.1647,0.2385,14,0.3500,1.0000,8,8,7,0,0,8,7,0.1250
6,172.0000,6,10,151.7049,-78.5568,-0.1120,40,1.0000,0.0000,4,4,0,0,0,4,0,1.0000
6,172.0000,7,3,421.9022,-87.5730,-0.0782,25,0.6250,0.5714,7,7,4,0,0,7,4,0.4286
6,172.0000,7,6,457.5660,-88.4852,0.0509,14,0.3500,0.6667,6,8,8,0,0,8,8,0.0000
6,172.0000,7,10,412.3921,-87.6985,-0.1830,25,0.6250,0.6667,6,8,7,0,0,8,7,0.1250
6,172.0000,7,14,584.9579,-88.3864,-0.0024,4,0.1000,1.0000,8,8,8,0,0,8,8,0.0000
6,172.0000,8,1,369.4184,-87.2075,0.2619,25,0.6250,0.0000,4,5,2,0,0,5,2,0.6000
6,172.0000,8,2,430.2738,-87.5103,-0.0586,23,0.5750,0.7826,92,6,4,75,50,81,54,0.3333
6,172.0000,9,0,498.7659,-88.4370,0.1310,15,0.3750,1.0000,8,6,6,0,0,6,6,0.0000
6,172.0000,9,4,203.3847,-85.5471,0.8361,36,0.9000,0.4000,5,4,0,0,0,4,0,1.0000
6,172.0000,9,11,280.0301,-83.4145,-0.1911,40,1.0000,0.0000,4,5,2,0,0,5,2,0.6000
6,172.0000,9,13,282.5505,-85.0759,0.0706,40,1.0000,0.0000,4,7,4,0,0,7,4,0.4286
6,172.0000,10,3,147.0023,-78.6265,-0.0914,40,0.9756,0.0000,4,4,0,0,0,4,0,1.0000
6,172.0000,10,6,151.7049,-78.2789,-0.5521,41,1.0000,0.0000,4,4,0,0,0,4,0,1.0000
6,172.0000,10,7,412.3921,-87.8455,-0.0350,25,0.6098,0.5714,7,8,7,0,0,8,7,0.1250
6,172.0000,11,0,258.9564,-86.1105,1.3106,30,0.7500,0.2000,5,4,0,0,0,4,0,1.0000
6,172.0000,11,4,315.9011,-85.3379,-1.2632,35,0.8750,0.0000,4,6,4,0,0,6,4,0.3333
6,172.0000,11,9,280.0301,-83.4865,-0.9134,38,0.9500,0.2000,5,5,2,0,0,5,2,0.6000
6,172.0000,11,13,526.6408,-88.0554,-0.1574,16,0.4000,0.8571,7,8,8,0,0,8,8,0.0000
6,172.0000,13,4,360.7186,-86.9082,0.1698,23,0.5897,0.5714,7,6,2,0,0,6,2,0.6667
6,172.0000,13,5,559.2522,-88.7023,-0.3924,9,0.2308,0.8750,8,5,4,0,0,5,4,0.2000
6,172.0000,13,9,282.5505,-85.0963,0.1161,39,1.0000,0.1667,12,4,0,0,0,4,0,1.0000
6,172.0000,13,11,526.6408,-88.4313,-0.4615,15,0.3846,0.8571,7,8,8,0,0,8,8,0.0000
6,172.0000,14,1,517.6482,-89.1391,-0.0116,9,0.2250,1.0000,10,7,4,0,0,7,4,0.4286
6,172.0000,14,7,584.9579,-88.7559,-0.3371,6,0.1500,1.0000,8,6,6,0,0,6,6,0.0000
6,176.0000,0,4,474.9001,-88.0193,-0.5573,18,0.4500,0.7143,7,8,8,0,0,8,8,0.0000
6,176.0000,0,9,501.7313,-88.1990,0.0331,13,0.3250,0.5000,6,8,8,0,0,8,8,0.0000
6,176.0000,0,11,154.0543,-82.3355,0.9134,39,0.9750,0.0000,4,3,0,0,0,3,0,1.0000
6,176.0000,1,5,569.2017,-89.1060,0.3439,7,0.1795,1.0000,4,8,7,0,0,8,7,0.1250
6,176.0000,1,8,369.9002,-86.6900,0.1444,32,0.8205,0.5349,86,5,2,91,61,96,63,0.3438
6,176.0000,1,14,475.2945,-88.5335,-0.1333,15,0.3846,0.8750,8,7,6,0,0,7,6,0.1429
6,176.0000,2,8,414.4101,-87.7217,0.1636,24,0.6000,0.6667,6,7,5,0,0,7,5,0.2857
6,176.0000,3,6,243.7921,-84.2383,-0.0124,40,1.0000,0.2000,5,4,0,0,0,4,0,1.0000
6,176.0000,3,7,406.5850,-87.6682,-0.2065,21,0.5250,0.6667,6,6,3,0,0,6,3,0.5000
6,176.0000,3,10,167.7789,-80.0479,-0.7930,40,1.0000,0.0000,4,4,0,0,0,4,0,1.0000
6,176.0000,4,0,474.9001,-88.5949,-0.2397,15,0.3846,0.8750,8,8,8,0,0,8,8,0.0000
6,176.0000,4,5,606.5917,-88.6172,-0.2012,4,0.1026,1.0000,8,8,8,0,0,8,8,0.0000
6,176.0000,4,9,91.2162,-78.7092,1.2641,39,1.0000,0.0000,56,4,0,52,0,56,0,1.0000
6,176.0000,4,11,442.7145,-87.5073,-0.6403,30,0.7692,0.7143,7,8,8,0,0,8,8,0.0000
6,176.0000,4,13,344.0431,-86.9132,-0.0154,30,0.7692,0.3333,6,3,0,0,0,3,0,1.0000
6,176.0000,5,1,569.2017,-88.5102,0.9089,5,0.1250,1.0000,2,8,8,0,0,8,8,0.0000
6,176.0000,5,4,606.5917,-88.9213,0.4364,4,0.1000,1.0000,8,8,8,0,0,8,8,0.0000
6,176.0000,5,8,651.3839,-88.9628,-0.2961,4,0.1000,1.0000,4,6,6,0,0,6,6,0.0000
6,176.0000,6,3,243.7921,-83.8363,-0.1001,39,1.0000,0.2000,5,4,0,0,0,4,0,1.0000
6,176.0000,6,7,443.1228,-88.4786,0.1803,23,0.5897,0.8750,8,7,6,0,0,7,6,0.1429
6,176.0000,6,10,199.0943,-80.8783,-0.5474,39,1.0000,0.0000,4,4,0,0,0,4,0,1.0000
6,176.0000,7,3,406.5850,-87.8521,-0.2784,27,0.6585,0.5714,7,7,5,0,0,7,5,0.2857
6,176.0000,7,6,443.1228,-87.8837,0.3230,21,0.5122,1.0000,8,7,6,0,0,7,6,0.1429
6,176.0000,7,10,405.2877,-87.0114,0.2708,24,0.5854,0.8750,8,6,4,0,0,6,4,0.3333
6,176.0000,7,14,564.1621,-88.3307,0.3053,5,0.1220,1.0000,8,6,5,0,0,6,5,0.1667
6,176.0000,8,1,369.9002,-86.5371,0.0082,28,0.6829,0.4000,5,7,4,0,0,7,4,0.4286
6,176.0000,8,2,414.4101,-88.5442,0.1759,19,0.4634,0.6667,81,6,3,71,40,77,43,0.4416
6,176.0000,9,0,501.7313,-88.7058,0.3365,15,0.3750,1.0000,6,8,8,0,0,8,8,0.0000
6,176.0000,9,4,91.2162,-77.7771,2.2129,39,0.9750,0.0000,4,4,0,0,0,4,0,1.0000
6,176.0000,9,5,607.0725,-88.5059,-0.5409,3,0.0750,1.0000,4,8,8,0,0,8,8,0.0000
6,176.0000,9,11,454.5303,-86.2819,-0.7716,28,0.7000,0.4000,5,8,8,0,0,8,8,0.0000
6,176.0000,9,13,350.7356,-86.2015,-0.2605,36,0.9000,0.5714,7,5,1,0,0,5,1,0.8000
6,176.0000,10,3,167.7789,-79.3706,-0.2355,40,1.0000,0.0000,4,4,0,0,0,4,0,1.0000
6,176.0000,10,6,199.0943,-80.8713,-0.4144,40,1.0000,0.0000,4,5,1,0,0,5,1,0.8000
6,176.0000,10,7,405.2877,-87.6069,-0.1691,26,0.6500,0.8750,8,5,1,0,0,5,1,0.8000
6,176.0000,11,0,154.0543,-82.6832,1.1322,40,1.0000,0.0000,4,4,0,0,0,4,0,1.0000
6,176.0000,11,4,442.7145,-87.1935,0.1749,32,0.8000,0.6667,6,7,6,0,0,7,6,0.1429
6,176.0000,11,9,454.5303,-86.6679,-1.0547,31,0.7750,0.4000,5,8,8,0,0,8,8,0.0000
6,176.0000,11,13,642.9206,-89.2608,0.2784,4,0.1000,1.0000,8,2,2,0,0,2,2,0.0000
6,176.0000,13,4,344.0431,-86.9481,-0.0521,31,0.7750,0.3333,6,5,1,0,0,5,1,0.8000
6,176.0000,13,5,666.9607,-89.2209,-0.2166,4,0.1000,0.8000,5,6,6,0,0,6,6,0.0000
6,176.0000,13,9,350.7356,-85.9700,-0.2956,34,0.8500,0.0000,4,8,6,0,0,8,6,0.2500
6,176.0000,13,11,642.9206,-89.2933,0.3313,7,0.1750,1.0000,8,4,4,0,0,4,4,0.0000
6,176.0000,14,1,475.2945,-88.1034,-0.1033,13,0.3250,0.5714,7,7,5,0,0,7,5,0.2857
6,176.0000,14,7,564.1621,-88.6443,0.2493,5,0.1250,1.0000,6,8,8,0,0,8,8,0.0000
6,180.0000,0,4,527.4442,-88.9568,0.1980,14,0.3500,1.0000,8,8,7,0,0,8,7,0.1250
6,180.0000,0,9,561.7477,-88.9586,0.0746,14,0.3500,1.0000,8,8,8,0,0,8,8,0.0000
6,180.0000,0,11,47.9064,-75.8956,2.0432,39,0.9750,0.0000,3,4,0,0,0,4,0,1.0000
6,180.0000,1,5,458.4702,-88.7768,0.5412,8,0.2000,0.8750,8,7,5,0,0,7,5,0.2857
6,180.0000,1,8,377.9151,-87.5097,-0.0905,32,0.8000,0.6562,96,5,1,97,77,102,78,0.2353
6,180.0000,1,14,463.1375,-88.2274,0.0502,21,0.5250,0.8571,7,6,3,0,0,6,3,0.5000
6,180.0000,2,8,389.2507,-87.9514,0.0002,25,0.6250,0.7143,7,5,1,0,0,5,1,0.8000
6,180.0000,3,6,236.7178,-83.7072,-0.1037,39,0.9750,0.0000,4,4,0,0,0,4,0,1.0000
6,180.0000,3,7,396.7979,-87.4641,0.0755,25,0.6250,0.5000,6,6,2,0,0,6,2,0.6667
6,180.0000,3,10,207.9291,-81.0670,-0.0856,40,1.0000,0.0000,4,4,0,0,0,4,0,1.0000
6,180.0000,4,0,527.4442,-88.5652,0.2105,19,0.4750,1.0000,8,8,8,0,0,8,8,0.0000
6,180.0000,4,5,619.8865,-89.5103,0.1632,5,0.1250,1.0000,8,8,8,0,0,8,8,0.0000
6,180.0000,4,9,130.1674,-75.2186,-0.9177,40,1.0000,0.0000,56,4,0,53,2,57,2,0.9649
6,180.0000,4,11,553.6401,-88.7206,-0.1208,12,0.3000,1.0000,8,8,8,0,0,8,8,0.0000
6,180.0000,4,13,344.5811,-87.5329,-0.1009,28,0.7000,0.0000,3,5,0,0,0,5,0,1.0000
6,180.0000,5,1,458.4702,-88.4684,0.0843,12,0.3000,1.0000,8,5,1,0,0,5,1,0.8000
6,180.0000,5,2,637.1304,-89.6454,-0.0072,3,0.0750,1.0000,4,7,6,0,0,7,6,0.1429
6,180.0000,5,4,619.8865,-88.9032,-0.1500,4,0.1000,1.0000,8,8,8,0,0,8,8,0.0000
6,180.0000,5,8,570.5676,-89.3435,0.0908,7,0.1750,1.0000,6,8,8,0,0,8,8,0.0000
6,180.0000,6,3,236.7178,-84.2508,0.2148,40,1.0000,0.0000,4,4,0,0,0,4,0,1.0000
6,180.0000,6,7,432.0734,-87.9151,-0.1953,22,0.5500,0.8571,7,6,4,0,0,6,4,0.3333
6,180.0000,6,10,246.7680,-82.7011,-0.6975,40,1.0000,0.0000,4,4,0,0,0,4,0,1.0000
6,180.0000,7,3,396.7979,-87.9402,0.4069,22,0.5500,0.7143,7,6,2,0,0,6,2,0.6667
6,180.0000,7,6,432.0734,-87.8385,-0.2089,19,0.4750,0.8571,7,6,3,0,0,6,3,0.5000
6,180.0000,7,10,412.3036,-87.1506,0.4757,16,0.4000,0.6667,6,7,6,0,0,7,6,0.1429
6,180.0000,7,14,548.1179,-88.4900,-0.2128,11,0.2750,0.8333,6,8,8,0,0,8,8,0.0000
6,180.0000,8,1,377.9151,-87.3499,0.2852,25,0.6250,0.5714,7,8,7,0,0,8,7,0.1250
6,180.0000,8,2,389.2507,-87.9927,-0.2494,27,0.6750,0.5584,77,4,0,69,38,73,38,0.4795
6,180.0000,8,5,570.5676,-88.8079,0.8113,3,0.0750,1.0000,8,8,8,0,0,8,8,0.0000
6,180.0000,9,0,561.7477,-88.6995,0.1392,9,0.2250,1.0000,8,8,8,0,0,8,8,0.0000
6,180.0000,9,4,130.1674,-75.5862,-1.1474,40,1.0000,0.0000,4,4,0,0,0,4,0,1.0000
6,180.0000,9,5,555.8963,-88.7874,-0.1710,7,0.1750,1.0000,8,6,5,0,0,6,5,0.1667
6,180.0000,9,11,591.4028,-88.9266,0.0100,13,0.3250,1.0000,8,8,8,0,0,8,8,0.0000
6,180.0000,9,13,455.9579,-86.5777,-0.0892,24,0.6000,0.2000,5,8,8,0,0,8,8,0.0000
6,180.0000,10,3,207.9291,-81.8878,-0.5800,40,1.0000,0.0000,4,5,1,0,0,5,1,0.8000
6,180.0000,10,6,246.7680,-83.0460,-0.9779,39,0.9750,0.2000,5,4,0,0,0,4,0,1.0000
6,180.0000,10,7,412.3036,-87.5041,-0.0809,27,0.6750,0.2000,5,8,8,0,0,8,8,0.0000
6,180.0000,11,0,47.9064,-75.7202,2.2736,40,1.0000,0.0000,4,4,0,0,0,4,0,1.0000
6,180.0000,11,4,553.6401,-88.1159,-0.6644,14,0.3500,0.8571,7,8,8,0,0,8,8,0.0000
6,180.0000,11,9,591.4028,-88.6594,-0.1683,13,0.3250,1.0000,8,8,8,0,0,8,8,0.0000
6,180.0000,13,4,344.5811,-86.7908,-0.1851,32,0.8000,0.2000,5,6,2,0,0,6,2,0.6667
6,180.0000,13,9,455.9579,-87.6080,0.0644,27,0.6750,0.7500,8,8,7,0,0,8,7,0.1250
6,180.0000,14,1,463.1375,-88.1990,0.2167,19,0.4750,0.7143,7,8,7,0,0,8,7,0.1250
6,180.0000,14,7,548.1179,-89.1558,-0.4159,7,0.1750,1.0000,8,7,6,0,0,7,6,0.1429
6,184.0000,0,4,579.9275,-88.9815,0.7201,8,0.2000,0.8750,8,8,8,0,0,8,8,0.0000
6,184.0000,0,9,644.8078,-89.1799,0.1788,8,0.2000,1.0000,8,2,2,0,0,2,2,0.0000
6,184.0000,0,11,126.2885,-68.4805,-3.7295,40,1.0000,0.0000,4,5,2,0,0,5,2,0.6000
6,184.0000,0,13,693.6575,-89.4045,0.2840,4,0.1000,1.0000,2,8,8,0,0,8,8,0.0000
6,184.0000,1,5,416.3049,-88.2348,-0.1121,25,0.6098,0.7143,7,7,5,0,0,7,5,0.2857
6,184.0000,1,8,398.1355,-87.3703,-0.2624,27,0.6585,0.7647,102,6,2,98,83,104,85,0.1827
6,184.0000,1,14,471.9418,-87.7332,-0.1943,14,0.3415,0.5000,6,8,8,0,0,8,8,0.0000
6,184.0000,2,5,561.9311,-88.4176,0.0448,8,0.2000,1.0000,10,6,6,0,0,6,6,0.0000
6,184.0000,2,8,351.4384,-87.5668,0.3350,29,0.7250,0.2000,5,4,0,0,0,4,0,1.0000
6,184.0000,3,6,233.0129,-83.1978,0.4064,40,1.0000,0.0000,4,4,0,0,0,4,0,1.0000
6,184.0000,3,7,404.6196,-87.7310,-0.4866,22,0.5500,0.3333,6,8,7,0,0,8,7,0.1250
6,184.0000,3,10,179.9534,-82.4022,0.5796,40,1.0000,0.0000,4,4,0,0,0,4,0,1.0000
6,184.0000,4,0,579.9275,-88.6953,-0.1374,7,0.1707,1.0000,8,8,8,0,0,8,8,0.0000
6,184.0000,4,5,653.1403,-89.8420,0.0299,3,0.0732,1.0000,8,6,6,0,0,6,6,0.0000
6,184.0000,4,9,236.6235,-80.9744,-1.4266,39,0.9512,0.0351,57,4,0,73,28,77,28,0.6364
6,184.0000,4,11,591.2806,-89.0236,0.1435,8,0.1951,1.0000,8,8,8,0,0,8,8,0.0000
6,184.0000,4,13,349.4974,-86.3604,-0.5612,34,0.8293,0.0000,5,5,1,0,0,5,1,0.8000
6,184.0000,5,1,416.3049,-87.8489,0.1433,20,0.5000,0.2000,5,7,4,0,0,7,4,0.4286
6,184.0000,5,2,561.9311,-88.7781,0.1759,7,0.1750,0.8571,7,8,8,0,0,8,8,0.0000
6,184.0000,5,4,653.1403,-89.0666,-0.3339,3,0.0750,1.0000,8,6,6,0,0,6,6,0.0000
6,184.0000,5,8,486.4713,-88.3860,-0.0763,11,0.2750,1.0000,8,6,3,0,0,6,3,0.5000
6,184.0000,5,9,509.1024,-88.9385,0.2121,6,0.1500,1.0000,8,7,6,0,0,7,6,0.1429
6,184.0000,6,3,233.0129,-83.6604,0.0618,41,1.0000,0.0000,4,4,0,0,0,4,0,1.0000
6,184.0000,6,7,446.5125,-88.0657,0.0131,18,0.4390,0.6667,6,7,4,0,0,7,4,0.4286
6,184.0000,6,10,217.9755,-83.9164,-0.0148,41,1.0000,0.0000,4,4,0,0,0,4,0,1.0000
6,184.0000,7,3,404.6196,-87.2591,0.1036,23,0.5750,0.3333,6,8,6,0,0,8,6,0.2500
6,184.0000,7,6,446.5125,-88.1961,-0.3175,20,0.5000,0.5000,6,7,6,0,0,7,6,0.1429
6,184.0000,7,10,412.7733,-87.8203,-0.0801,23,0.5750,0.8571,7,7,6,0,0,7,6,0.1429
6,184.0000,7,14,550.4130,-89.2583,-0.2111,4,0.1000,1.0000,8,8,8,0,0,8,8,0.0000
6,184.0000,8,1,398.1355,-87.2912,0.0464,28,0.7000,0.8750,8,8,8,0,0,8,8,0.0000
6,184.0000,8,2,351.4384,-87.1242,0.0493,25,0.6250,0.5205,73,6,3,48,24,54,27,0.5000
6,184.0000,8,5,486.4713,-88.3521,0.3316,10,0.2500,1.0000,8,7,6,0,0,7,6,0.1429
6,184.0000,9,0,644.8078,-88.6310,-0.8234,9,0.2250,1.0000,8,2,2,0,0,2,2,0.0000
6,184.0000,9,4,236.6235,-80.7396,-1.4925,40,1.0000,0.0000,4,4,0,0,0,4,0,1.0000
6,184.0000,9,5,509.1024,-88.8496,0.5712,16,0.4000,0.8333,6,8,8,0,0,8,8,0.0000
6,184.0000,9,11,610.1233,-89.4410,0.4099,5,0.1250,1.0000,8,6,6,0,0,6,6,0.0000
6,184.0000,9,13,584.6495,-88.9138,0.1090,10,0.2500,1.0000,8,4,4,0,0,4,4,0.0000
6,184.0000,10,3,179.9534,-83.1119,0.5122,39,0.9750,0.2000,5,4,0,0,0,4,0,1.0000
6,184.0000,10,6,217.9755,-84.2587,0.0607,39,0.9750,0.0000,4,4,0,0,0,4,0,1.0000
6,184.0000,10,7,412.7733,-87.6600,-0.1320,29,0.7250,1.0000,8,5,2,0,0,5,2,0.6000
6,184.0000,11,0,126.2885,-68.6740,-3.8568,40,1.0000,0.0000,4,5,1,0,0,5,1,0.8000
6,184.0000,11,4,591.2806,-89.1034,-0.4809,4,0.1000,1.0000,8,8,8,0,0,8,8,0.0000
6,184.0000,11,9,610.1233,-89.3798,0.0329,5,0.1250,1.0000,8,8,8,0,0,8,8,0.0000
6,184.0000,13,4,349.4974,-87.1181,0.0499,32,0.8000,0.3333,6,6,4,0,0,6,4,0.3333
6,184.0000,13,9,584.6495,-88.6140,-0.3900,17,0.4250,0.8750,8,8,8,0,0,8,8,0.0000
6,184.0000,14,1,471.9418,-88.2609,-0.1458,21,0.5250,0.8750,8,8,8,0,0,8,8,0.0000
6,184.0000,14,7,550.4130,-89.0578,0.3582,12,0.3000,0.8571,7,8,8,0,0,8,8,0.0000
6,188.0000,0,4,646.7255,-89.3159,-0.1927,5,0.1250,1.0000,8,4,4,0,0,4,4,0.0000
6,188.0000,0,11,285.9545,-82.2719,-2.2449,40,1.0000,0.4000,5,5,2,0,0,5,2,0.6000
6,188.0000,1,5,465.4953,-87.7449,-0.4427,18,0.4500,0.7143,7,8,8,0,0,8,8,0.0000
6,188.0000,1,8,418.6941,-87.7585,-0.3908,28,0.7000,0.8173,104,7,4,97,83,104,87,0.1635
6,188.0000,1,9,594.0464,-89.4131,0.0618,4,0.1000,1.0000,8,8,8,0,0,8,8,0.0000
6,188.0000,1,14,490.5969,-88.5608,0.0281,12,0.3000,1.0000,8,8,8,0,0,8,8,0.0000
6,188.0000,2,5,511.7705,-89.4292,0.0462,11,0.2750,1.0000,6,8,8,0,0,8,8,0.0000
6,188.0000,2,8,323.7917,-86.7250,-0.0629,32,0.8000,0.0000,4,6,2,0,0,6,2,0.6667
6,188.0000,3,6,200.0447,-82.8097,0.1636,40,1.0000,0.0000,4,4,0,0,0,4,0,1.0000
6,188.0000,3,7,416.8423,-88.1133,-0.0213,25,0.6250,0.8750,8,7,6,0,0,7,6,0.1429
6,188.0000,3,10,95.3793,-77.9428,1.5385,40,1.0000,0.0000,4,4,0,0,0,4,0,1.0000
6,188.0000,4,0,646.7255,-89.0051,0.0715,6,0.1538,1.0000,8,4,4,0,0,4,4,0.0000
6,188.0000,4,9,348.5588,-85.4618,-0.4649,37,0.9487,0.3636,77,7,5,99,88,106,93,0.1226
6,188.0000,4,11,648.1600,-89.5277,-0.0475,3,0.0769,1.0000,8,8,8,0,0,8,8,0.0000
6,188.0000,4,13,301.2339,-85.7487,0.1651,35,0.8974,0.2000,5,4,0,0,0,4,0,1.0000
6,188.0000,5,1,465.4953,-87.6013,-0.7228,19,0.4750,0.5714,7,7,6,0,0,7,6,0.1429
6,188.0000,5,2,511.7705,-88.8181,-0.4112,15,0.3750,1.0000,8,8,8,0,0,8,8,0.0000
6,188.0000,5,8,427.3434,-87.5547,0.7350,13,0.3250,0.5000,6,8,7,0,0,8,7,0.1250
6,188.0000,5,9,473.8515,-88.6279,0.1566,19,0.4750,0.8571,7,8,7,0,0,8,7,0.1250
6,188.0000,6,3,200.0447,-83.0385,0.9270,40,1.0000,0.0000,4,4,0,0,0,4,0,1.0000
6,188.0000,6,7,399.6719,-87.6961,0.5072,20,0.5000,0.5714,7,6,3,0,0,6,3,0.5000
6,188.0000,6,10,109.1983,-80.0827,1.9584,40,1.0000,0.0000,4,4,0,0,0,4,0,1.0000
6,188.0000,7,3,416.8423,-87.5711,0.1102,27,0.6750,0.7500,8,6,3,0,0,6,3,0.5000
6,188.0000,7,6,399.6719,-87.9880,0.0658,23,0.5750,0.8571,7,7,4,0,0,7,4,0.4286
6,188.0000,7,10,395.2893,-88.2343,-0.0793,19,0.4750,0.8571,7,8,6,0,0,8,6,0.2500
6,188.0000,7,14,563.3992,-88.9495,-0.3285,8,0.2000,1.0000,8,8,7,0,0,8,7,0.1250
6,188.0000,8,1,418.6941,-87.3676,0.2497,22,0.5500,1.0000,8,6,4,0,0,6,4,0.3333
6,188.0000,8,2,323.7917,-86.8360,0.3791,32,0.8000,0.5000,54,5,1,43,14,48,15,0.6875
6,188.0000,8,5,427.3434,-87.3848,0.3815,15,0.3750,0.8571,7,6,3,0,0,6,3,0.5000
6,188.0000,9,4,348.5588,-85.3055,-1.0318,36,0.9000,0.0000,4,7,4,0,0,7,4,0.4286
6,188.0000,9,5,473.8515,-88.9419,-0.2485,10,0.2500,1.0000,8,8,8,0,0,8,8,0.0000
6,188.0000,9,11,619.1542,-88.8380,-0.5680,5,0.1250,1.0000,6,8,8,0,0,8,8,0.0000
6,188.0000,9,13,626.1210,-88.8237,0.6075,7,0.1750,1.0000,4,2,2,0,0,2,2,0.0000
6,188.0000,10,3,95.3793,-77.9465,1.8813,39,1.0000,0.0000,4,4,0,0,0,4,0,1.0000
6,188.0000,10,6,109.1983,-80.0298,1.7639,39,1.0000,0.0000,4,4,0,0,0,4,0,1.0000
6,188.0000,10,7,395.2893,-87.0788,-0.2482,28,0.7179,0.4000,5,8,7,0,0,8,7,0.1250
6,188.0000,11,0,285.9545,-81.5551,-2.1454,39,0.9750,0.2000,5,6,3,0,0,6,3,0.5000
6,188.0000,11,4,648.1600,-88.5178,-0.0270,4,0.1000,1.0000,8,8,8,0,0,8,8,0.0000
6,188.0000,13,4,301.2339,-85.7087,0.4298,34,0.8500,0.6667,6,5,1,0,0,5,1,0.8000
6,188.0000,14,1,490.5969,-88.7530,-0.0432,17,0.4250,1.0000,8,8,8,0,0,8,8,0.0000
6,188.0000,14,7,563.3992,-88.9471,-0.1133,8,0.2000,1.0000,8,8,8,0,0,8,8,0.0000
6,192.0000,0,11,451.2166,-86.2718,-0.7651,28,0.7000,0.4000,5,8,6,0,0,8,6,0.2500
6,192.0000,0,13,463.8155,-87.6827,0.2180,12,0.3000,0.8750,8,6,3,0,0,6,3,0.5000
6,192.0000,1,5,551.1574,-88.4312,-0.3843,10,0.2564,1.0000,8,8,8,92,92,100,100,0.0000
6,192.0000,1,8,441.9947,-88.2780,0.1287,21,0.5385,0.8365,104,8,7,9,6,17,13,0.2353
6,192.0000,1,9,553.7632,-89.2845,0.0657,10,0.2564,1.0000,8,6,6,0,0,6,6,0.0000
6,192.0000,1,14,526.3712,-88.7255,0.2264,14,0.3590,1.0000,8,7,6,0,0,7,6,0.1429
6,192.0000,2,5,467.3677,-88.0515,0.1446,12,0.3000,1.0000,8,8,8,0,0,8,8,0.0000
6,192.0000,2,8,302.5722,-85.6002,0.5888,32,0.8000,0.3333,6,4,0,0,0,4,0,1.0000
6,192.0000,3,6,187.7078,-81.6373,-0.1135,39,0.9750,0.0000,4,4,0,0,0,4,0,1.0000
6,192.0000,3,7,427.1894,-87.4556,-0.7209,23,0.5750,0.8571,7,7,4,0,0,7,4,0.4286
6,192.0000,3,10,156.0230,-76.8924,-1.2277,40,1.0000,0.0000,4,4,0,0,0,4,0,1.0000
6,192.0000,4,9,465.7508,-87.2292,-0.7328,23,0.5750,0.8774,106,8,7,60,59,68,66,0.0294
6,192.0000,4,13,363.7300,-86.4292,-0.1510,33,0.8250,0.0000,4,6,2,0,0,6,2,0.6667
6,192.0000,5,1,551.1574,-88.6851,-0.2876,11,0.2750,0.8571,7,8,8,0,0,8,8,0.0000
6,192.0000,5,2,467.3677,-88.3617,-0.0269,10,0.2500,1.0000,8,6,4,12,11,18,15,0.1667
6,192.0000,5,8,399.9942,-87.8628,-0.2761,26,0.6500,0.8750,8,7,5,0,0,7,5,0.2857
6,192.0000,5,9,442.5364,-88.1864,0.2462,17,0.4250,0.8750,8,6,3,0,0,6,3,0.5000
6,192.0000,6,3,187.7078,-81.7135,0.0849,40,1.0000,0.0000,4,4,0,0,0,4,0,1.0000
6,192.0000,6,7,325.6384,-86.3191,0.0889,31,0.7750,0.5000,6,5,1,0,0,5,1,0.8000
6,192.0000,6,10,147.1455,-76.3644,-0.9253,40,1.0000,0.0000,4,4,0,0,0,4,0,1.0000
6,192.0000,7,3,427.1894,-87.5838,0.0237,20,0.5000,0.5000,6,6,3,0,0,6,3,0.5000
6,192.0000,7,6,325.6384,-86.5603,0.0007,34,0.8500,0.5714,7,4,0,0,0,4,0,1.0000
6,192.0000,7,10,426.9436,-87.2692,0.2366,27,0.6750,0.7500,8,8,6,0,0,8,6,0.2500
6,192.0000,7,14,577.7827,-88.5493,-0.4242,8,0.2000,0.8750,8,8,8,0,0,8,8,0.0000
6,192.0000,8,1,441.9947,-88.2504,0.2473,20,0.5000,0.6667,6,6,4,0,0,6,4,0.3333
6,192.0000,8,2,302.5722,-85.9046,0.3306,37,0.9250,0.3125,48,4,0,4,0,8,0,1.0000
6,192.0000,8,5,399.9942,-87.3484,0.2911,25,0.6250,0.5000,6,6,3,0,0,6,3,0.5000
6,192.0000,9,1,553.7632,-89.1920,0.0972,8,0.2000,1.0000,8,8,8,0,0,8,8,0.0000
6,192.0000,9,4,465.7508,-87.9107,-0.2976,23,0.5750,0.5714,7,8,8,0,0,8,8,0.0000
6,192.0000,9,5,442.5364,-88.0216,0.0460,19,0.4750,1.0000,8,7,6,0,0,7,6,0.1429
6,192.0000,9,11,629.7051,-88.7454,0.2058,6,0.1500,1.0000,8,2,2,0,0,2,2,0.0000
6,192.0000,10,3,156.0230,-76.3701,-1.2161,41,1.0000,0.0000,4,4,0,0,0,4,0,1.0000
6,192.0000,10,6,147.1455,-75.9777,-1.0157,41,1.0000,0.0000,4,5,1,0,0,5,1,0.8000
6,192.0000,10,7,426.9436,-87.6196,-0.3467,28,0.6829,0.8750,8,7,6,0,0,7,6,0.1429
6,192.0000,11,0,451.2166,-87.2908,-0.4453,34,0.8500,0.5000,6,8,8,0,0,8,8,0.0000
6,192.0000,11,9,629.7051,-89.3522,0.0064,4,0.1000,1.0000,8,6,6,0,0,6,6,0.0000
6,192.0000,13,0,463.8155,-88.3425,0.1996,13,0.3250,0.8571,7,5,2,0,0,5,2,0.6000
6,192.0000,13,4,363.7300,-86.0565,-0.2692,34,0.8500,0.2000,5,7,5,0,0,7,5,0.2857
6,192.0000,13,11,621.6347,-88.9686,0.4791,3,0.0750,1.0000,4,8,8,0,0,8,8,0.0000
6,192.0000,14,1,526.3712,-88.8523,-0.2525,18,0.4500,1.0000,8,8,8,0,0,8,8,0.0000
6,192.0000,14,7,577.7827,-88.9100,0.2105,5,0.1250,1.0000,8,7,6,0,0,7,6,0.1429
6,192.0000,14,8,661.9928,-89.3883,0.2503,3,0.0750,1.0000,6,6,6,0,0,6,6,0.0000
6,196.0000,0,11,594.6123,-87.9070,0.2183,7,0.1750,0.7500,8,4,4,0,0,4,4,0.0000
6,196.0000,0,13,364.0984,-87.8435,0.1625,27,0.6750,0.5000,6,4,0,0,0,4,0,1.0000
6,196.0000,1,5,669.7788,-89.3849,-0.0046,3,0.0732,1.0000,100,6,6,64,64,70,70,0.0000
6,196.0000,1,8,459.8870,-87.5907,0.0726,22,0.5366,0.7647,17,8,7,35,27,43,34,0.2093
6,196.0000,1,9,605.5857,-89.4812,-0.1636,4,0.0976,1.0000,6,4,4,0,0,4,4,0.0000
6,196.0000,1,14,566.0101,-88.4391,0.2818,9,0.2195,0.8571,7,6,6,0,0,6,6,0.0000
6,196.0000,2,5,463.2309,-88.1082,-0.2143,15,0.3750,1.0000,8,8,7,0,0,8,7,0.1250
6,196.0000,2,8,286.8506,-86.1943,-0.5714,37,0.9250,0.0000,4,4,0,0,0,4,0,1.0000
6,196.0000,2,9,584.1379,-89.0173,0.1514,6,0.1500,1.0000,8,8,8,0,0,8,8,0.0000
6,196.0000,3,6,183.1381,-81.0402,-0.2203,40,1.0000,0.0000,4,4,0,0,0,4,0,1.0000
6,196.0000,3,7,371.7929,-86.9247,0.6190,27,0.6750,0.5714,7,5,1,0,0,5,1,0.8000
6,196.0000,3,10,285.2733,-83.1120,-1.2580,40,1.0000,0.0000,4,7,5,0,0,7,5,0.2857
6,196.0000,4,9,567.0678,-88.3161,-0.3586,13,0.3250,0.9706,68,8,8,0,0,8,8,0.0000
6,196.0000,4,13,479.7750,-87.3067,0.3284,24,0.6000,0.3333,6,8,8,0,0,8,8,0.0000
6,196.0000,5,1,669.7788,-89.0220,-0.4868,4,0.1000,1.0000,8,6,6,0,0,6,6,0.0000
6,196.0000,5,2,463.2309,-87.9994,0.3123,17,0.4250,0.8333,18,8,8,2,1,10,9,0.1000
6,196.0000,5,8,422.6633,-87.4540,0.3931,27,0.6750,0.7143,7,8,8,0,0,8,8,0.0000
6,196.0000,5,9,409.0476,-88.0651,-0.0555,25,0.6250,0.5000,6,5,2,0,0,5,2,0.6000
6,196.0000,6,3,183.1381,-81.3537,0.3455,40,1.0000,0.0000,4,4,0,0,0,4,0,1.0000
6,196.0000,6,7,254.7047,-85.4564,0.7666,38,0.9500,0.2000,5,4,0,0,0,4,0,1.0000
6,196.0000,6,10,273.2494,-83.0553,-1.7615,40,1.0000,0.0000,4,5,2,0,0,5,2,0.6000
6,196.0000,7,3,371.7929,-87.4036,0.6174,31,0.7750,0.5000,6,4,0,0,0,4,0,1.0000
6,196.0000,7,6,254.7047,-85.6010,0.6126,37,0.9250,0.0000,4,4,0,0,0,4,0,1.0000
6,196.0000,7,10,453.1322,-88.4802,-0.1585,20,0.5000,0.7500,8,8,6,0,0,8,6,0.2500
6,196.0000,7,14,591.1439,-88.7711,-0.0712,3,0.0750,1.0000,8,8,8,0,0,8,8,0.0000
6,196.0000,8,1,459.8870,-88.2842,0.1871,22,0.5500,0.6667,6,8,7,0,0,8,7,0.1250
6,196.0000,8,2,286.8506,-85.7595,0.4294,37,0.9250,0.0000,8,4,0,11,1,15,1,0.9333
6,196.0000,8,5,422.6633,-87.3235,-0.6903,33,0.8250,0.5000,6,8,6,0,0,8,6,0.2500
6,196.0000,8,9,528.1710,-88.7782,0.4549,9,0.2250,1.0000,6,8,7,0,0,8,7,0.1250
6,196.0000,8,14,660.1686,-89.3579,-0.3467,7,0.1750,1.0000,6,8,8,0,0,8,8,0.0000
6,196.0000,9,2,584.1379,-89.0439,0.1817,5,0.1250,1.0000,8,8,8,0,0,8,8,0.0000
6,196.0000,9,4,567.0678,-89.0369,-0.3232,13,0.3250,1.0000,8,6,6,0,0,6,6,0.0000
6,196.0000,9,5,409.0476,-87.9821,-0.4340,24,0.6000,0.8571,7,5,2,0,0,5,2,0.6000
6,196.0000,9,8,528.1710,-88.8721,0.0291,10,0.2500,1.0000,8,7,6,0,0,7,6,0.1429
6,196.0000,10,3,285.2733,-82.7412,-1.5955,40,1.0000,0.0000,4,4,0,0,0,4,0,1.0000
6,196.0000,10,6,273.2494,-82.8471,-1.7920,40,1.0000,0.2000,5,6,3,0,0,6,3,0.5000
6,196.0000,10,7,453.1322,-88.1462,-0.2876,20,0.5000,0.8571,7,8,8,0,0,8,8,0.0000
6,196.0000,11,1,588.4200,-88.6963,0.0551,4,0.1000,1.0000,2,7,6,0,0,7,6,0.1429
6,196.0000,11,13,606.7380,-89.0378,0.0422,6,0.1500,,0,8,8,0,0,8,8,0.0000
6,196.0000,13,0,364.0984,-87.4434,0.5308,22,0.5500,0.4000,5,5,2,0,0,5,2,0.6000
6,196.0000,13,4,479.7750,-87.0788,0.0281,25,0.6250,0.7143,7,7,6,0,0,7,6,0.1429
6,196.0000,14,1,566.0101,-88.4075,0.0506,10,0.2564,1.0000,8,8,8,0,0,8,8,0.0000
6,196.0000,14,7,591.1439,-89.1875,0.3817,6,0.1538,0.8571,7,6,6,0,0,6,6,0.0000
6,200.0000,0,13,325.1304,-86.6607,0.5124,28,0.7000,0.0000,4,6,3,0,0,6,3,0.5000
6,200.0000,1,8,473.9690,-88.5358,-0.1794,11,0.2750,0.7907,43,7,6,97,85,104,91,0.1250
6,200.0000,1,11,484.5742,-88.9643,0.3516,12,0.3000,1.0000,8,7,6,0,0,7,6,0.1429
6,200.0000,1,14,593.1911,-88.9510,0.1056,3,0.0750,1.0000,6,8,8,0,0,8,8,0.0000
6,200.0000,2,5,509.1513,-88.5870,-0.1576,19,0.4750,0.8750,8,8,7,0,0,8,7,0.1250
6,200.0000,2,8,291.5407,-85.3481,0.1529,38,0.9500,0.0000,4,4,0,0,0,4,0,1.0000
6,200.0000,2,9,562.5536,-89.0779,0.2522,9,0.2250,1.0000,8,7,6,0,0,7,6,0.1429
6,200.0000,3,6,172.9169,-81.7667,-0.0026,40,1.0000,0.0000,4,4,0,0,0,4,0,1.0000
6,200.0000,3,7,290.7406,-86.7442,0.1839,37,0.9250,0.2000,5,4,0,0,0,4,0,1.0000
6,200.0000,3,10,395.7584,-86.5456,-0.6162,28,0.7000,0.7143,7,6,3,0,0,6,3,0.5000
6,200.0000,4,9,576.8603,-88.8353,3.3561,3,0.0750,1.0000,8,8,8,0,0,8,8,0.0000
6,200.0000,4,13,486.2704,-88.7671,-0.2525,13,0.3250,1.0000,8,8,8,0,0,8,8,0.0000
6,200.0000,5,2,509.1513,-88.0367,0.4736,14,0.3590,0.9000,10,7,5,0,0,7,5,0.2857
6,200.0000,5,8,480.0860,-87.9081,-0.4131,19,0.4872,1.0000,8,8,8,0,0,8,8,0.0000
6,200.0000,5,9,374.6721,-87.3458,-0.1266,30,0.7692,0.4000,5,5,1,0,0,5,1,0.8000
6,200.0000,6,3,172.9169,-80.8643,-0.4890,40,1.0000,0.0000,4,4,0,0,0,4,0,1.0000
6,200.0000,6,7,169.5227,-82.7301,0.7989,40,1.0000,0.0000,4,5,1,0,0,5,1,0.8000
6,200.0000,6,10,400.4658,-86.6314,-0.5792,36,0.9000,0.4000,5,6,4,0,0,6,4,0.3333
6,200.0000,7,3,290.7406,-86.6754,0.6628,35,0.8750,0.0000,4,4,0,0,0,4,0,1.0000
6,200.0000,7,6,169.5227,-82.3732,0.5697,40,1.0000,0.0000,4,4,0,0,0,4,0,1.0000
6,200.0000,7,10,442.0405,-87.5102,0.6073,11,0.2750,0.7500,8,7,6,0,0,7,6,0.1429
6,200.0000,7,14,618.8889,-89.4370,-0.1929,3,0.0750,1.0000,8,2,2,0,0,2,2,0.0000
6,200.0000,8,1,473.9690,-88.0473,0.4086,11,0.2821,0.8750,8,5,2,0,0,5,2,0.6000
6,200.0000,8,2,291.5407,-85.3661,0.4459,37,0.9487,0.0667,15,4,0,40,10,44,10,0.7727
6,200.0000,8,5,480.0860,-88.0209,0.0063,25,0.6410,0.7500,8,8,8,0,0,8,8,0.0000
6,200.0000,8,9,514.5869,-88.0046,-0.0313,9,0.2308,0.8750,8,8,8,0,0,8,8,0.0000
6,200.0000,9,2,562.5536,-89.4994,0.2497,7,0.1750,1.0000,8,8,8,0,0,8,8,0.0000
6,200.0000,9,4,576.8603,-88.3592,0.3881,6,0.1500,1.0000,6,6,6,0,0,6,6,0.0000
6,200.0000,9,5,374.6721,-87.4042,-0.1413,24,0.6000,0.4000,5,5,2,0,0,5,2,0.6000
6,200.0000,9,8,514.5869,-88.5754,-0.0967,11,0.2750,0.8571,7,4,4,0,0,4,4,0.0000
6,200.0000,10,3,395.7584,-87.5483,0.1867,31,0.7750,0.0000,4,8,6,0,0,8,6,0.2500
6,200.0000,10,6,400.4658,-85.9962,-0.9861,33,0.8250,0.5000,6,7,5,0,0,7,5,0.2857
6,200.0000,10,7,442.0405,-88.0185,0.4637,14,0.3500,1.0000,8,8,7,0,0,8,7,0.1250
6,200.0000,11,1,484.5742,-88.7000,0.3162,11,0.2683,0.8571,7,8,7,0,0,8,7,0.1250
6,200.0000,11,13,597.4110,-89.3917,-0.1190,8,0.1951,1.0000,8,8,8,0,0,8,8,0.0000
6,200.0000,13,0,325.1304,-86.0985,0.1641,31,0.7750,0.4000,5,5,1,0,0,5,1,0.8000
6,200.0000,13,4,486.2704,-88.5115,-0.1179,18,0.4500,0.8571,7,8,8,0,0,8,8,0.0000
6,200.0000,13,11,597.4110,-88.4262,-0.1899,8,0.2000,1.0000,8,7,6,0,0,7,6,0.1429
6,200.0000,14,1,593.1911,-87.5977,0.7459,3,0.0750,1.0000,8,6,6,0,0,6,6,0.0000
6,200.0000,14,7,618.8889,-88.8993,1.4221,3,0.0750,1.0000,6,6,6,0,0,6,6,0.0000
6,200.0000,14,8,667.0751,-89.2297,-0.0629,4,0.1000,1.0000,6,6,6,0,0,6,6,0.0000
6,204.0000,0,4,585.4759,-88.3747,-0.1844,3,0.0732,1.0000,8,8,8,0,0,8,8,0.0000
6,204.0000,0,13,355.3075,-86.2560,-0.8095,33,0.8049,0.5000,6,6,4,0,0,6,4,0.3333
6,204.0000,1,8,488.1325,-88.3714,0.1298,20,0.5000,0.8750,104,8,8,100,92,108,100,0.0741
6,204.0000,1,11,421.3312,-88.1784,0.1675,23,0.5750,0.8571,7,7,6,0,0,7,6,0.1429
6,204.0000,1,14,633.7444,-89.1872,0.2153,5,0.1250,1.0000,8,8,8,0,0,8,8,0.0000
6,204.0000,2,5,586.0895,-88.8879,0.3563,5,0.1250,0.8750,8,8,8,0,0,8,8,0.0000
6,204.0000,2,8,313.0638,-85.5081,0.1368,37,0.9250,0.0000,4,6,3,0,0,6,3,0.5000
6,204.0000,2,9,585.7425,-88.8697,0.1537,7,0.1750,0.8571,7,6,6,0,0,6,6,0.0000
6,204.0000,2,10,445.4309,-88.4996,0.5884,11,0.2750,1.0000,6,7,6,0,0,7,6,0.1429
6,204.0000,3,6,171.2390,-80.1591,0.1462,40,1.0000,0.0000,4,4,0,0,0,4,0,1.0000
6,204.0000,3,7,239.9357,-84.3691,0.6720,39,0.9750,0.0000,4,4,0,0,0,4,0,1.0000
6,204.0000,3,10,401.8754,-87.0074,0.0476,23,0.5750,0.5000,6,6,2,0,0,6,2,0.6667
6,204.0000,4,0,585.4759,-89.2304,0.2395,5,0.1250,1.0000,6,8,8,0,0,8,8,0.0000
6,204.0000,4,9,644.6961,-88.1240,0.1497,5,0.1250,1.0000,8,2,2,0,0,2,2,0.0000
6,204.0000,4,11,636.7934,-89.1788,0.2882,3,0.0750,,0,6,6,0,0,6,6,0.0000
6,204.0000,4,13,490.7114,-88.0822,0.3514,14,0.3500,1.0000,8,7,6,0,0,7,6,0.1429
6,204.0000,5,2,586.0895,-88.1875,-0.7005,7,0.1707,0.7143,7,5,4,0,0,5,4,0.2000
6,204.0000,5,8,564.4669,-88.2279,-0.0664,13,0.3171,1.0000,8,8,8,0,0,8,8,0.0000
6,204.0000,5,9,344.1193,-86.3779,0.6608,30,0.7317,0.2000,5,4,0,0,0,4,0,1.0000
6,204.0000,6,3,171.2390,-81.1234,-0.4806,40,1.0000,0.0000,4,4,0,0,0,4,0,1.0000
6,204.0000,6,7,91.0718,-77.7263,1.3361,40,1.0000,0.2000,5,4,0,0,0,4,0,1.0000
6,204.0000,6,10,437.5977,-88.1573,-0.3302,21,0.5250,0.6667,6,8,8,0,0,8,8,0.0000
6,204.0000,7,3,239.9357,-84.7783,0.4945,40,1.0000,0.0000,4,4,0,0,0,4,0,1.0000
6,204.0000,7,6,91.0718,-77.5998,1.6313,40,1.0000,0.0000,4,4,0,0,0,4,0,1.0000
6,204.0000,7,10,443.5302,-87.7333,0.2303,24,0.6000,0.8571,7,7,6,0,0,7,6,0.1429
6,204.0000,7,14,656.1520,-88.7677,1.4073,3,0.0750,1.0000,2,6,6,0,0,6,6,0.0000
6,204.0000,8,1,488.1325,-88.1206,0.1273,22,0.5366,0.4000,5,8,8,0,0,8,8,0.0000
6,204.0000,8,2,313.0638,-85.4971,0.0906,36,0.8780,0.2273,44,6,3,32,11,38,14,0.6316
6,204.0000,8,5,564.4669,-89.1309,0.0045,11,0.2683,1.0000,8,8,8,0,0,8,8,0.0000
6,204.0000,8,9,544.1773,-88.8487,-0.5581,5,0.1220,1.0000,8,8,8,0,0,8,8,0.0000
6,204.0000,8,10,603.7386,-89.2533,0.1874,4,0.0976,1.0000,4,6,6,38,37,44,43,0.0227
6,204.0000,8,11,592.3234,-89.0817,0.0424,5,0.1220,1.0000,2,8,7,0,0,8,7,0.1250
6,204.0000,9,2,585.7425,-89.1044,0.6542,5,0.1250,1.0000,8,8,8,0,0,8,8,0.0000
6,204.0000,9,4,644.6961,-89.1183,1.1155,4,0.1000,1.0000,6,6,6,0,0,6,6,0.0000
6,204.0000,9,5,344.1193,-86.8058,-0.0402,27,0.6750,0.4000,5,7,4,0,0,7,4,0.4286
6,204.0000,9,8,544.1773,-88.0156,-0.1975,10,0.2500,1.0000,4,8,8,0,0,8,8,0.0000
6,204.0000,10,2,445.4309,-88.8338,0.3155,11,0.2750,0.7143,7,7,4,0,0,7,4,0.4286
6,204.0000,10,3,401.8754,-86.5823,-0.3929,31,0.7750,0.7500,8,6,4,0,0,6,4,0.3333
6,204.0000,10,6,437.5977,-87.7168,-0.2324,23,0.5750,0.7143,7,8,8,0,0,8,8,0.0000
6,204.0000,10,7,443.5302,-88.4266,-0.1820,21,0.5250,0.8750,8,7,5,0,0,7,5,0.2857
6,204.0000,11,1,421.3312,-88.0811,-0.0905,18,0.4500,0.8750,8,7,4,0,0,7,4,0.4286
6,204.0000,11,13,618.0858,-89.4166,-0.0896,5,0.1250,1.0000,8,2,2,0,0,2,2,0.0000
6,204.0000,13,0,355.3075,-86.7423,-0.1703,33,0.8049,0.2000,5,6,4,0,0,6,4,0.3333
6,204.0000,13,4,490.7114,-88.1273,0.1296,17,0.4146,1.0000,8,8,8,0,0,8,8,0.0000
6,204.0000,13,11,618.0858,-89.3019,-0.2436,6,0.1463,0.8571,7,8,8,0,0,8,8,0.0000
6,204.0000,14,1,633.7444,-88.6529,-0.2414,4,0.1000,1.0000,6,6,6,0,0,6,6,0.0000
6,204.0000,14,8,674.2727,-88.9019,0.4925,4,0.1000,1.0000,6,8,8,0,0,8,8,0.0000
6,208.0000,0,4,574.5534,-88.8839,-0.3666,5,0.1250,1.0000,8,8,8,0,0,8,8,0.0000
6,208.0000,0,13,440.8978,-87.9309,-0.1519,28,0.7000,0.6667,6,7,6,0,0,7,6,0.1429
6,208.0000,1,8,498.7915,-88.6045,-0.1153,14,0.3500,0.9259,108,6,4,102,101,108,105,0.0278
6,208.0000,1,11,429.4904,-88.3619,-0.1450,22,0.5500,0.8571,7,6,3,0,0,6,3,0.5000
6,208.0000,2,5,687.0101,-88.7620,-0.0057,4,0.1000,1.0000,8,2,2,0,0,2,2,0.0000
6,208.0000,2,8,341.7202,-86.1776,0.1176,33,0.8250,0.5000,6,5,1,0,0,5,1,0.8000
6,208.0000,2,10,334.5284,-86.6022,0.5417,31,0.7750,0.8571,7,4,0,0,0,4,0,1.0000
6,208.0000,3,6,168.3449,-80.4889,0.3034,39,1.0000,0.0000,4,4,0,0,0,4,0,1.0000
6,208.0000,3,7,224.0056,-83.5784,0.1234,39,1.0000,0.0000,4,4,0,0,0,4,0,1.0000
6,208.0000,3,10,428.3512,-87.7179,-0.2585,26,0.6667,0.3333,6,7,5,0,0,7,5,0.2857
6,208.0000,4,0,574.5534,-88.9148,0.4649,6,0.1500,1.0000,8,6,6,0,0,6,6,0.0000
6,208.0000,4,11,566.4317,-88.6834,0.4559,5,0.1250,1.0000,6,8,8,0,0,8,8,0.0000
6,208.0000,4,13,502.8978,-88.3756,-0.0696,17,0.4250,0.8571,7,8,8,0,0,8,8,0.0000
6,208.0000,5,2,687.0101,-88.6998,-0.8839,4,0.1026,0.8000,5,4,4,0,0,4,4,0.0000
6,208.0000,5,8,676.4860,-89.0794,-0.3165,5,0.1282,1.0000,8,2,2,0,0,2,2,0.0000
6,208.0000,5,9,313.1142,-86.0896,0.1340,34,0.8718,0.0000,4,4,0,0,0,4,0,1.0000
6,208.0000,6,3,168.3449,-80.2011,0.2363,39,0.9750,0.0000,4,4,0,0,0,4,0,1.0000
6,208.0000,6,7,58.6570,-71.5915,1.2381,39,0.9750,0.0000,4,4,0,0,0,4,0,1.0000
6,208.0000,6,10,477.8662,-88.3643,-0.5209,18,0.4500,1.0000,8,8,7,0,0,8,7,0.1250
6,208.0000,7,2,648.5660,-89.4868,0.2920,3,0.0750,1.0000,2,8,8,0,0,8,8,0.0000
6,208.0000,7,3,224.0056,-83.2732,0.4525,40,1.0000,0.0000,4,4,0,0,0,4,0,1.0000
6,208.0000,7,6,58.6570,-71.4140,1.4737,40,1.0000,0.0000,4,4,0,0,0,4,0,1.0000
6,208.0000,7,10,501.3674,-88.4704,-0.2828,17,0.4250,0.8571,7,7,5,0,0,7,5,0.2857
6,208.0000,8,1,498.7915,-88.6893,0.1524,14,0.3500,1.0000,8,8,7,0,0,8,7,0.1250
6,208.0000,8,2,341.7202,-86.1005,0.0018,28,0.7000,0.3684,38,5,1,9,1,14,2,0.8571
6,208.0000,8,9,639.2572,-88.7148,-0.7491,5,0.1250,1.0000,8,2,2,0,0,2,2,0.0000
6,208.0000,8,10,562.5533,-89.1490,0.3747,6,0.1500,0.9773,44,8,8,103,100,111,108,0.0270
6,208.0000,8,11,461.0641,-88.3537,0.2912,10,0.2500,0.8750,8,6,3,0,0,6,3,0.5000
6,208.0000,9,5,313.1142,-86.0062,0.8889,36,0.9000,0.5714,7,4,0,0,0,4,0,1.0000
6,208.0000,9,8,639.2572,-88.8632,0.6382,9,0.2250,1.0000,8,2,2,0,0,2,2,0.0000
6,208.0000,10,2,334.5284,-87.0725,0.5857,27,0.6750,0.5714,7,5,2,0,0,5,2,0.6000
6,208.0000,10,3,428.3512,-87.8482,-0.1404,24,0.6000,0.6667,6,6,3,0,0,6,3,0.5000
6,208.0000,10,6,477.8662,-88.2688,0.1829,21,0.5250,1.0000,8,6,3,0,0,6,3,0.5000
6,208.0000,10,7,501.3674,-88.1839,-0.0992,15,0.3750,0.7143,7,8,7,0,0,8,7,0.1250
6,208.0000,10,8,562.5533,-88.7523,-0.2450,5,0.1250,1.0000,8,8,7,0,0,8,7,0.1250
6,208.0000,11,1,429.4904,-87.7133,-0.1980,25,0.6250,0.5714,7,5,2,0,0,5,2,0.6000
6,208.0000,11,4,566.4317,-89.0412,-0.0661,7,0.1750,1.0000,6,8,8,0,0,8,8,0.0000
6,208.0000,11,8,461.0641,-88.5284,-0.1461,10,0.2500,0.7143,7,8,6,0,0,8,6,0.2500
6,208.0000,11,13,665.1540,-89.1656,-0.9005,4,0.1000,1.0000,2,6,6,0,0,6,6,0.0000
6,208.0000,13,0,440.8978,-88.0172,-0.5311,23,0.5750,0.6667,6,7,6,0,0,7,6,0.1429
6,208.0000,13,4,502.8978,-88.7545,-0.2223,11,0.2750,1.0000,8,7,6,0,0,7,6,0.1429
6,212.0000,0,4,620.8708,-88.7040,-0.5589,3,0.0750,1.0000,8,8,7,0,0,8,7,0.1250
6,212.0000,0,13,557.9784,-88.0770,0.4153,12,0.3000,0.8571,7,8,8,0,0,8,8,0.0000
6,212.0000,1,8,505.2226,-88.7938,0.1306,11,0.2750,0.9722,108,6,5,104,103,110,108,0.0182
6,212.0000,1,11,474.6747,-88.6462,0.0643,14,0.3500,0.5000,6,7,6,0,0,7,6,0.1429
6,212.0000,2,3,515.2077,-89.1455,0.9869,3,0.0750,1.0000,10,5,3,0,0,5,3,0.4000
6,212.0000,2,6,507.7265,-88.6822,-0.2050,5,0.1250,1.0000,10,7,6,0,0,7,6,0.1429
6,212.0000,2,7,604.1925,-89.0318,-0.0700,7,0.1750,1.0000,8,8,8,0,0,8,8,0.0000
6,212.0000,2,8,381.3583,-87.1277,0.1022,29,0.7250,0.2000,5,9,7,0,0,9,7,0.2222
6,212.0000,2,10,328.1088,-86.6404,0.0374,34,0.8500,0.0000,4,4,0,45,23,49,23,0.5306
6,212.0000,3,2,515.2077,-88.9052,0.2254,5,0.1250,1.0000,4,8,8,0,0,8,8,0.0000
6,212.0000,3,6,168.5037,-81.5416,0.1898,40,1.0000,0.0000,4,4,0,0,0,4,0,1.0000
6,212.0000,3,7,260.8880,-83.4997,-0.0959,40,1.0000,0.0000,4,4,0,0,0,4,0,1.0000
6,212.0000,3,10,447.8518,-87.5912,-0.2595,22,0.5500,0.7143,7,8,8,0,0,8,8,0.0000
6,212.0000,4,0,620.8708,-89.4303,0.3821,3,0.0750,1.0000,6,8,8,0,0,8,8,0.0000
6,212.0000,4,11,529.7966,-88.0333,-1.9743,6,0.1500,1.0000,8,7,6,0,0,7,6,0.1429
6,212.0000,4,13,515.9966,-88.6546,-0.0535,14,0.3500,1.0000,8,7,6,0,0,7,6,0.1429
6,212.0000,5,9,290.0975,-86.1445,0.3674,35,0.8750,0.0000,4,4,0,0,0,4,0,1.0000
6,212.0000,6,2,507.7265,-88.8746,0.5052,12,0.3000,1.0000,4,8,7,0,0,8,7,0.1250
6,212.0000,6,3,168.5037,-80.7996,0.1581,40,1.0000,0.0000,4,4,0,0,0,4,0,1.0000
6,212.0000,6,7,131.7541,-73.9578,-1.5288,40,1.0000,0.0000,4,4,0,0,0,4,0,1.0000
6,212.0000,6,10,508.8230,-88.5816,0.1760,11,0.2750,0.8750,8,8,8,0,0,8,8,0.0000
6,212.0000,7,3,260.8880,-83.7055,-0.1908,39,0.9750,0.0000,4,5,2,0,0,5,2,0.6000
6,212.0000,7,6,131.7541,-73.9505,-1.5301,40,1.0000,0.0000,4,4,0,0,0,4,0,1.0000
6,212.0000,7,10,578.2714,-88.2009,0.1463,12,0.3000,0.7143,7,8,8,0,0,8,8,0.0000
6,212.0000,8,1,505.2226,-88.4585,0.4490,19,0.4750,0.8750,8,8,8,0,0,8,8,0.0000
6,212.0000,8,2,381.3583,-87.1468,-0.3062,28,0.7000,0.1429,14,6,3,89,70,95,73,0.2316
6,212.0000,8,10,570.3828,-89.0915,0.4683,8,0.2000,0.9730,111,8,8,14,14,22,22,0.0000
6,212.0000,8,11,324.1346,-87.8415,0.7012,28,0.7000,0.5000,6,4,0,0,0,4,0,1.0000
6,212.0000,8,14,616.3602,-89.0636,-0.4200,5,0.1250,1.0000,6,6,6,0,0,6,6,0.0000
6,212.0000,9,5,290.0975,-85.3968,-0.1812,36,0.9000,0.0000,4,4,0,0,0,4,0,1.0000
6,212.0000,10,2,328.1088,-85.3997,-0.3203,33,0.8250,0.4000,5,6,4,0,0,6,4,0.3333
6,212.0000,10,3,447.8518,-88.3245,-0.2506,22,0.5500,0.5000,6,8,7,0,0,8,7,0.1250
6,212.0000,10,6,508.8230,-88.3821,-0.0290,15,0.3750,0.5000,6,7,6,0,0,7,6,0.1429
6,212.0000,10,7,578.2714,-88.2242,0.3935,5,0.1250,0.8750,8,8,8,0,0,8,8,0.0000
6,212.0000,10,8,570.3828,-88.5600,-0.7150,4,0.1000,0.8750,8,8,8,0,0,8,8,0.0000
6,212.0000,11,1,474.6747,-87.3908,-0.1829,17,0.4250,0.4000,5,8,8,0,0,8,8,0.0000
6,212.0000,11,4,529.7966,-88.5030,-0.0993,10,0.2500,1.0000,8,8,8,0,0,8,8,0.0000
6,212.0000,11,8,324.1346,-87.9900,0.3708,25,0.6250,0.7500,8,4,0,0,0,4,0,1.0000
6,212.0000,13,0,557.9784,-88.5179,-0.1829,10,0.2500,0.8571,7,8,8,0,0,8,8,0.0000
6,212.0000,13,4,515.9966,-88.6386,-0.5041,21,0.5250,0.8571,7,8,8,0,0,8,8,0.0000
6,216.0000,0,4,697.4791,-89.2595,-0.4592,4,0.1000,0.8750,8,4,4,0,0,4,4,0.0000
6,216.0000,0,13,691.9750,-88.7826,-0.3978,4,0.1000,1.0000,8,2,2,0,0,2,2,0.0000
6,216.0000,1,8,529.8782,-88.4891,0.3686,14,0.3500,0.9818,110,8,8,104,103,112,111,0.0089
6,216.0000,1,11,542.5163,-88.4535,0.0091,12,0.3000,0.8571,7,8,8,0,0,8,8,0.0000
6,216.0000,1,12,471.6647,-88.8828,0.3983,12,0.3000,1.0000,8,8,7,0,0,8,7,0.1250
6,216.0000,1,14,599.4021,-88.8484,0.0172,4,0.1000,1.0000,8,8,8,0,0,8,8,0.0000
6,216.0000,2,3,425.3988,-87.7950,1.0750,15,0.3750,0.6000,5,9,5,27,18,36,23,0.3611
6,216.0000,2,6,402.3741,-88.2349,-0.2814,15,0.3750,0.8571,7,6,3,0,0,6,3,0.5000
6,216.0000,2,7,605.0835,-89.2160,-1.2516,4,0.1000,1.0000,8,8,8,0,0,8,8,0.0000
6,216.0000,2,8,397.2053,-87.7777,-0.0779,24,0.6000,0.7778,9,8,7,1,0,9,7,0.2222
6,216.0000,2,10,414.5321,-86.8847,-0.6367,27,0.6750,0.4694,49,7,6,43,37,50,43,0.1400
6,216.0000,2,11,573.4928,-89.1359,-0.2289,5,0.1250,,0,8,7,0,0,8,7,0.1250
6,216.0000,2,14,494.3899,-88.5447,0.0533,9,0.2250,0.6667,6,6,3,0,0,6,3,0.5000
6,216.0000,3,2,425.3988,-88.1155,-0.1256,17,0.4250,1.0000,8,7,3,0,0,7,3,0.5714
6,216.0000,3,6,170.0139,-80.2498,0.1418,40,1.0000,0.0000,4,4,0,0,0,4,0,1.0000
6,216.0000,3,7,329.7875,-85.9202,-0.3097,38,0.9500,0.0000,4,6,2,0,0,6,2,0.6667
6,216.0000,3,10,465.2673,-87.7175,-0.3619,19,0.4750,1.0000,8,8,7,27,25,35,32,0.0857
6,216.0000,4,11,530.6935,-88.8621,-0.4468,9,0.2250,0.8571,7,6,3,0,0,6,3,0.5000
6,216.0000,4,13,517.7156,-88.3797,0.0941,15,0.3750,0.8571,7,8,7,0,0,8,7,0.1250
6,216.0000,5,9,277.0738,-85.5328,-0.1381,40,1.0000,0.0000,4,4,0,0,0,4,0,1.0000
6,216.0000,5,10,518.9703,-89.1970,0.1966,6,0.1500,0.8571,7,8,8,0,0,8,8,0.0000
6,216.0000,6,2,402.3741,-88.0641,0.1481,17,0.4250,0.8750,8,6,2,0,0,6,2,0.6667
6,216.0000,6,3,170.0139,-80.4436,-0.0726,39,0.9750,0.0000,4,4,0,0,0,4,0,1.0000
6,216.0000,6,7,228.6456,-81.0610,-1.0215,40,1.0000,0.0000,4,5,1,0,0,5,1,0.8000
6,216.0000,6,10,540.6493,-88.3498,-0.0855,9,0.2250,1.0000,8,7,6,0,0,7,6,0.1429
6,216.0000,7,2,605.0835,-89.5589,-0.0502,5,0.1250,1.0000,6,8,8,0,0,8,8,0.0000
6,216.0000,7,3,329.7875,-84.7450,-0.6721,36,0.9000,0.4000,5,7,6,0,0,7,6,0.1429
6,216.0000,7,6,228.6456,-80.9989,-1.5072,38,0.9500,0.0000,4,4,0,0,0,4,0,1.0000
6,216.0000,7,10,670.8441,-88.6409,-0.3166,4,0.1000,1.0000,8,4,4,0,0,4,4,0.0000
6,216.0000,8,1,529.8782,-88.4892,0.3408,15,0.3750,1.0000,8,8,8,0,0,8,8,0.0000
6,216.0000,8,2,397.2053,-87.9621,0.2322,28,0.7000,0.7684,95,5,2,103,77,108,79,0.2685
6,216.0000,8,10,584.8136,-88.6417,-0.5147,5,0.1250,1.0000,22,6,6,0,0,6,6,0.0000
6,216.0000,8,11,244.4788,-85.0735,0.9498,37,0.9250,0.0000,4,4,0,0,0,4,0,1.0000
6,216.0000,8,14,454.3006,-87.8754,-0.2559,7,0.1750,1.0000,6,6,3,0,0,6,3,0.5000
6,216.0000,9,5,277.0738,-84.6162,-0.4150,40,1.0000,0.0000,4,4,0,0,0,4,0,1.0000
6,216.0000,9,10,571.3699,-88.4913,1.7130,4,0.1000,1.0000,8,8,8,0,0,8,8,0.0000
6,216.0000,10,2,414.5321,-87.0518,0.0961,30,0.7500,0.6667,6,8,7,0,0,8,7,0.1250
6,216.0000,10,3,465.2673,-87.8782,0.1585,21,0.5250,0.8750,8,8,7,0,0,8,7,0.1250
6,216.0000,10,5,518.9703,-89.0750,0.2115,8,0.2000,1.0000,8,7,6,0,0,7,6,0.1429
6,216.0000,10,6,540.6493,-88.6258,-0.0613,10,0.2500,0.8571,7,8,8,0,0,8,8,0.0000
6,216.0000,10,8,584.8136,-88.9483,0.2099,4,0.1000,1.0000,8,6,6,0,0,6,6,0.0000
6,216.0000,10,9,571.3699,-88.4068,-0.4431,4,0.1000,1.0000,4,8,8,0,0,8,8,0.0000
6,216.0000,11,1,542.5163,-88.3768,-0.5005,11,0.2821,1.0000,8,8,8,0,0,8,8,0.0000
6,216.0000,11,4,530.6935,-88.8904,-0.0952,13,0.3333,1.0000,8,8,8,0,0,8,8,0.0000
6,216.0000,11,8,244.4788,-85.2617,0.4644,36,0.9231,0.0000,4,4,0,0,0,4,0,1.0000
6,216.0000,12,1,471.6647,-88.5533,0.0924,11,0.2750,1.0000,8,7,4,0,0,7,4,0.4286
6,216.0000,13,0,691.9750,-89.4151,0.0984,3,0.0769,1.0000,8,2,2,0,0,2,2,0.0000
6,216.0000,13,4,517.7156,-88.2080,0.0259,10,0.2564,1.0000,8,7,5,0,0,7,5,0.2857
6,216.0000,14,1,599.4021,-88.6228,0.3295,6,0.1500,1.0000,6,8,8,0,0,8,8,0.0000
6,216.0000,14,2,494.3899,-89.0861,0.0434,4,0.1000,1.0000,4,6,4,0,0,6,4,0.3333
6,216.0000,14,6,674.1149,-89.4195,-0.4487,3,0.0750,1.0000,4,6,6,0,0,6,6,0.0000
6,216.0000,14,8,454.3006,-87.8058,0.5045,6,0.1500,0.8750,8,4,0,0,0,4,0,1.0000
6,220.0000,1,8,550.5241,-89.0023,-0.0088,7,0.1795,0.9911,112,7,6,60,60,67,66,0.0149
6,220.0000,1,11,641.7009,-89.5695,-0.1294,4,0.1026,1.0000,8,2,2,0,0,2,2,0.0000
6,220.0000,1,12,366.3413,-87.4581,0.7655,22,0.5641,0.8750,8,6,2,0,0,6,2,0.6667
6,220.0000,1,14,613.2152,-88.9399,-1.2605,5,0.1282,1.0000,8,4,4,0,0,4,4,0.0000
6,220.0000,2,3,389.9700,-87.3390,-0.3535,27,0.6750,0.6389,36,8,7,0,0,8,7,0.1250
6,220.0000,2,6,325.4707,-86.9310,0.0782,32,0.8000,0.5000,6,4,0,0,0,4,0,1.0000
6,220.0000,2,7,578.6705,-89.2627,0.3624,3,0.0750,1.0000,8,8,8,0,0,8,8,0.0000
6,220.0000,2,8,411.3312,-87.6571,0.9102,29,0.7250,0.7778,9,6,4,0,0,6,4,0.3333
6,220.0000,2,10,530.4508,-87.8225,-0.4813,14,0.3500,0.8600,50,8,8,36,36,44,44,0.0000
6,220.0000,2,11,516.4644,-88.6774,-0.2750,17,0.4250,0.8750,8,8,7,0,0,8,7,0.1250
6,220.0000,2,14,359.4230,-87.5662,0.5343,28,0.7000,0.5000,6,4,0,0,0,4,0,1.0000
6,220.0000,3,2,389.9700,-87.3529,0.0323,16,0.4000,0.4286,7,7,4,0,0,7,4,0.4286
6,220.0000,3,6,173.9906,-80.6290,0.3299,40,1.0000,0.0000,4,4,0,0,0,4,0,1.0000
6,220.0000,3,7,360.7324,-87.4012,-0.0155,31,0.7750,0.3333,6,5,1,0,0,5,1,0.8000
6,220.0000,3,10,475.9369,-87.8163,-0.2085,12,0.3000,0.9143,35,7,5,0,0,7,5,0.2857
6,220.0000,4,11,550.5043,-88.4093,-0.0829,6,0.1500,0.5000,6,8,8,0,0,8,8,0.0000
6,220.0000,4,13,508.6995,-88.2001,-0.0918,12,0.3000,0.8750,8,7,6,0,0,7,6,0.1429
6,220.0000,5,9,276.9526,-84.7342,0.5021,39,0.9750,0.0000,4,4,0,0,0,4,0,1.0000
6,220.0000,5,10,472.7264,-87.9491,0.1468,15,0.3750,1.0000,8,6,4,0,0,6,4,0.3333
6,220.0000,6,2,325.4707,-86.8989,0.3189,32,0.8000,0.3333,6,6,2,0,0,6,2,0.6667
6,220.0000,6,3,173.9906,-80.5593,-0.3022,39,0.9750,0.0000,4,4,0,0,0,4,0,1.0000
6,220.0000,6,7,270.4643,-84.3896,-0.6917,39,0.9750,0.2000,5,4,0,0,0,4,0,1.0000
6,220.0000,6,10,565.5050,-88.0310,-0.2452,7,0.1750,0.8571,7,8,7,0,0,8,7,0.1250
6,220.0000,6,14,616.7929,-89.6041,-0.0859,4,0.1000,1.0000,8,8,8,0,0,8,8,0.0000
6,220.0000,7,2,578.6705,-88.5461,0.4662,6,0.1500,1.0000,8,7,6,0,0,7,6,0.1429
6,220.0000,7,3,360.7324,-86.7140,-0.1398,33,0.8250,0.8571,7,7,4,0,0,7,4,0.4286
6,220.0000,7,6,270.4643,-84.7572,-0.0776,38,0.9500,0.0000,4,4,0,0,0,4,0,1.0000
6,220.0000,8,1,550.5241,-88.6466,-0.2613,7,0.1750,1.0000,8,8,8,0,0,8,8,0.0000
6,220.0000,8,2,411.3312,-87.5378,0.1775,26,0.6500,0.7315,108,4,0,54,46,58,46,0.2069
6,220.0000,8,10,618.2826,-88.8856,0.0055,4,0.1000,1.0000,6,8,8,0,0,8,8,0.0000
6,220.0000,8,11,221.6192,-83.0549,0.7789,39,0.9750,0.0000,4,6,2,0,0,6,2,0.6667
6,220.0000,8,14,285.1270,-86.8945,0.7590,29,0.7250,0.5000,6,4,0,0,0,4,0,1.0000
6,220.0000,9,5,276.9526,-85.1501,-0.1587,39,0.9750,0.0000,4,5,2,0,0,5,2,0.6000
6,220.0000,9,10,529.5971,-88.6859,-0.3154,9,0.2250,1.0000,8,6,6,0,0,6,6,0.0000
6,220.0000,10,2,530.4508,-88.1642,-0.3192,17,0.4250,0.8750,8,8,8,0,0,8,8,0.0000
6,220.0000,10,3,475.9369,-88.4043,0.5011,17,0.4250,0.8750,8,7,5,0,0,7,5,0.2857
6,220.0000,10,5,472.7264,-88.4360,-0.0075,19,0.4750,0.8571,7,7,5,0,0,7,5,0.2857
6,220.0000,10,6,565.5050,-89.4415,-0.0405,5,0.1250,1.0000,8,8,8,0,0,8,8,0.0000
6,220.0000,10,8,618.2826,-88.6053,-0.8349,3,0.0750,1.0000,6,8,8,0,0,8,8,0.0000
6,220.0000,10,9,529.5971,-89.2496,-0.2127,11,0.2750,1.0000,8,8,8,0,0,8,8,0.0000
6,220.0000,10,11,554.4060,-89.8334,-0.0517,4,0.1000,1.0000,8,8,7,0,0,8,7,0.1250
6,220.0000,11,1,641.7009,-88.3909,-0.0220,6,0.1500,1.0000,8,2,2,0,0,2,2,0.0000
6,220.0000,11,2,516.4644,-88.9662,-0.0261,9,0.2250,1.0000,8,8,8,0,0,8,8,0.0000
6,220.0000,11,4,550.5043,-88.5622,-0.1824,5,0.1250,1.0000,8,8,8,0,0,8,8,0.0000
6,220.0000,11,8,221.6192,-82.3778,0.4400,39,0.9750,0.0000,4,4,0,0,0,4,0,1.0000
6,220.0000,11,10,554.4060,-89.1242,0.4100,3,0.0750,1.0000,8,5,4,0,0,5,4,0.2000
6,220.0000,11,14,490.0310,-89.1772,0.3233,5,0.1250,0.8571,7,5,4,0,0,5,4,0.2000
6,220.0000,12,1,366.3413,-87.6622,-0.0770,21,0.5250,0.5714,7,5,1,0,0,5,1,0.8000
6,220.0000,12,13,448.9731,-88.6276,0.0993,10,0.2500,1.0000,8,5,2,0,0,5,2,0.6000
6,220.0000,13,4,508.6995,-88.4945,0.3563,9,0.2250,0.7143,7,7,5,0,0,7,5,0.2857
6,220.0000,13,12,448.9731,-87.5888,0.6331,10,0.2500,0.8750,8,8,7,0,0,8,7,0.1250
6,220.0000,14,1,613.2152,-89.1288,0.3029,7,0.1750,1.0000,8,8,8,0,0,8,8,0.0000
6,220.0000,14,2,359.4230,-87.2648,0.3955,25,0.6250,0.6667,6,6,2,0,0,6,2,0.6667
6,220.0000,14,6,616.7929,-88.9871,-0.2540,3,0.0750,1.0000,6,8,8,0,0,8,8,0.0000
6,220.0000,14,8,285.1270,-87.0272,0.3328,28,0.7000,0.0000,4,5,1,0,0,5,1,0.8000
6,220.0000,14,11,490.0310,-88.5689,0.8281,7,0.1750,1.0000,6,7,3,0,0,7,3,0.5714
6,224.0000,1,8,579.4170,-88.4851,0.2513,5,0.1250,0.9851,67,8,8,0,0,8,8,0.0000
6,224.0000,1,12,297.9812,-86.5207,-0.1044,31,0.7750,0.3333,6,5,1,0,0,5,1,0.8000
6,224.0000,1,13,591.8413,-88.6680,0.4052,5,0.1250,1.0000,6,8,7,0,0,8,7,0.1250
6,224.0000,1,14,685.0580,-89.2245,1.1745,4,0.1000,1.0000,4,4,4,0,0,4,4,0.0000
6,224.0000,2,3,420.1343,-87.7216,0.2677,29,0.7250,0.8750,8,6,4,0,0,6,4,0.3333
6,224.0000,2,6,304.8076,-86.8677,-0.1581,36,0.9000,0.0000,4,5,2,0,0,5,2,0.6000
6,224.0000,2,7,541.4619,-88.8198,-0.4516,10,0.2500,1.0000,8,8,8,0,0,8,8,0.0000
6,224.0000,2,8,424.6739,-88.1420,0.2419,21,0.5250,0.6667,6,7,6,0,0,7,6,0.1429
6,224.0000,2,10,686.6515,-89.1808,0.2709,5,0.1250,1.0000,44,8,8,0,0,8,8,0.0000
6,224.0000,2,11,484.4653,-88.6674,-0.5562,9,0.2250,0.8750,8,8,8,0,0,8,8,0.0000
6,224.0000,2,14,289.0102,-85.7977,0.8223,34,0.8500,0.0000,4,6,2,0,0,6,2,0.6667
6,224.0000,3,2,420.1343,-87.1843,0.5259,20,0.5000,0.5714,7,7,5,0,0,7,5,0.2857
6,224.0000,3,6,179.9529,-80.9303,0.2836,38,0.9500,0.0000,4,4,0,0,0,4,0,1.0000
6,224.0000,3,7,361.8585,-86.5453,-0.3208,31,0.7750,0.2000,5,6,2,0,0,6,2,0.6667
6,224.0000,3,10,497.4749,-88.2406,-0.2335,15,0.3750,0.7143,7,7,6,0,0,7,6,0.1429
6,224.0000,3,11,587.4175,-89.7858,-0.0585,3,0.0750,1.0000,6,8,7,0,0,8,7,0.1250
6,224.0000,3,14,594.3929,-89.2654,-0.6902,3,0.0750,1.0000,8,8,8,0,0,8,8,0.0000
6,224.0000,4,11,579.0880,-88.8120,-0.0917,7,0.1750,1.0000,8,8,8,0,0,8,8,0.0000
6,224.0000,4,13,525.3944,-88.4824,-0.0499,14,0.3500,0.8571,7,8,8,0,0,8,8,0.0000
6,224.0000,5,9,292.5418,-85.0709,-0.6294,38,0.9268,0.0000,4,5,1,0,0,5,1,0.8000
6,224.0000,5,10,468.7358,-88.3622,-0.4026,14,0.3415,0.6667,6,7,6,0,0,7,6,0.1429
6,224.0000,6,2,304.8076,-85.5309,0.4312,35,0.8750,0.3333,6,5,1,0,0,5,1,0.8000
6,224.0000,6,3,179.9529,-81.3807,-0.1965,40,1.0000,0.0000,4,3,0,0,0,3,0,1.0000
6,224.0000,6,7,274.8671,-84.9311,-0.2251,39,0.9750,0.0000,4,4,0,0,0,4,0,1.0000
6,224.0000,6,8,647.3784,-89.5602,-0.0860,3,0.0750,1.0000,8,4,4,0,0,4,4,0.0000
6,224.0000,6,10,598.4955,-88.7403,-0.3278,4,0.1000,0.8750,8,8,8,0,0,8,8,0.0000
6,224.0000,6,14,548.0151,-89.1037,0.1763,9,0.2250,1.0000,8,8,7,0,0,8,7,0.1250
6,224.0000,7,2,541.4619,-88.9004,-0.1427,7,0.1750,0.8571,7,7,6,0,0,7,6,0.1429
6,224.0000,7,3,361.8585,-87.6458,0.0582,27,0.6750,0.5714,7,6,2,0,0,6,2,0.6667
6,224.0000,7,6,274.8671,-84.9072,0.0900,36,0.9000,0.0000,4,5,1,0,0,5,1,0.8000
6,224.0000,8,1,579.4170,-88.8527,0.2569,10,0.2500,1.0000,8,8,8,0,0,8,8,0.0000
6,224.0000,8,2,424.6739,-87.2552,0.4073,24,0.6000,0.7931,58,7,6,0,0,7,6,0.1429
6,224.0000,8,6,647.3784,-89.6933,0.0711,3,0.0750,1.0000,8,6,6,0,0,6,6,0.0000
6,224.0000,8,10,706.4537,-89.5559,-1.0142,3,0.0750,1.0000,8,4,4,0,0,4,4,0.0000
6,224.0000,8,11,282.8647,-84.2222,-0.6550,39,0.9750,0.3333,6,7,3,31,12,38,15,0.6053
6,224.0000,8,14,157.2984,-82.8103,1.9427,38,0.9500,0.0000,4,4,0,0,0,4,0,1.0000
6,224.0000,9,5,292.5418,-85.5075,0.2493,39,0.9750,0.4000,5,5,2,0,0,5,2,0.6000
6,224.0000,9,10,551.8509,-88.8801,0.2471,10,0.2500,1.0000,6,7,6,0,0,7,6,0.1429
6,224.0000,10,2,686.6515,-88.5574,0.0435,6,0.1463,1.0000,8,2,2,0,0,2,2,0.0000
6,224.0000,10,3,497.4749,-88.3947,-0.1283,15,0.3659,0.7143,7,8,7,0,0,8,7,0.1250
6,224.0000,10,5,468.7358,-87.2635,-0.0194,18,0.4390,0.7143,7,7,5,0,0,7,5,0.2857
6,224.0000,10,6,598.4955,-88.2509,0.1993,5,0.1220,1.0000,8,7,6,0,0,7,6,0.1429
6,224.0000,10,9,551.8509,-89.5961,-0.1997,5,0.1220,1.0000,8,8,7,0,0,8,7,0.1250
6,224.0000,10,11,455.1927,-88.8809,0.6252,10,0.2439,0.8750,8,7,4,0,0,7,4,0.4286
6,224.0000,11,2,484.4653,-88.8106,-0.1080,14,0.3500,1.0000,8,8,8,0,0,8,8,0.0000
6,224.0000,11,3,587.4175,-88.2215,1.4644,4,0.1000,0.8000,5,7,4,0,0,7,4,0.4286
6,224.0000,11,4,579.0880,-88.6783,-0.0197,8,0.2000,1.0000,8,8,8,0,0,8,8,0.0000
6,224.0000,11,8,282.8647,-84.1786,-0.3991,39,0.9750,0.0000,4,5,1,0,0,5,1,0.8000
6,224.0000,11,10,455.1927,-88.8342,0.1593,9,0.2250,0.8000,5,8,5,45,40,53,45,0.1509
6,224.0000,11,14,361.6513,-87.6769,0.4791,23,0.5750,0.8000,5,8,4,0,0,8,4,0.5000
6,224.0000,12,1,297.9812,-86.6879,0.3681,32,0.8205,0.2000,5,4,0,0,0,4,0,1.0000
6,224.0000,12,4,655.7988,-88.7190,0.6411,3,0.0769,1.0000,2,8,8,0,0,8,8,0.0000
6,224.0000,12,13,324.6878,-87.4971,0.8136,27,0.6923,0.4000,5,4,0,0,0,4,0,1.0000
6,224.0000,13,1,591.8413,-89.0615,-0.3289,5,0.1250,1.0000,8,8,8,0,0,8,8,0.0000
6,224.0000,13,4,525.3944,-87.9891,0.7713,6,0.1500,0.7143,7,8,8,0,0,8,8,0.0000
6,224.0000,13,12,324.6878,-86.9694,1.1680,25,0.6250,0.8750,8,4,0,0,0,4,0,1.0000
6,224.0000,14,2,289.0102,-86.4014,0.0393,34,0.8500,0.3333,6,4,0,0,0,4,0,1.0000
6,224.0000,14,3,594.3929,-89.6036,-0.0524,3,0.0750,1.0000,8,8,8,0,0,8,8,0.0000
6,224.0000,14,6,548.0151,-89.4451,0.1886,4,0.1000,1.0000,8,8,7,0,0,8,7,0.1250
6,224.0000,14,8,157.2984,-82.8409,1.2124,40,1.0000,0.2000,5,4,0,0,0,4,0,1.0000
6,224.0000,14,11,361.6513,-87.7997,0.1892,24,0.6000,0.4286,7,5,1,0,0,5,1,0.8000
6,228.0000,1,8,611.4898,-88.9829,0.0028,4,0.1000,1.0000,8,4,4,0,0,4,4,0.0000
6,228.0000,1,12,303.2853,-85.6959,0.1577,37,0.9250,0.2000,5,6,3,0,0,6,3,0.5000
6,228.0000,1,13,508.3497,-88.8668,0.4454,12,0.3000,0.8750,8,8,7,0,0,8,7,0.1250
6,228.0000,2,3,499.0258,-87.9438,-0.3580,19,0.4750,0.6667,6,7,6,0,0,7,6,0.1429
6,228.0000,2,6,350.2508,-86.6073,-0.3725,31,0.7750,0.4000,5,6,4,0,0,6,4,0.3333
6,228.0000,2,7,527.7256,-89.2292,0.1508,9,0.2250,1.0000,8,8,7,0,0,8,7,0.1250
6,228.0000,2,8,466.0227,-88.2000,-0.1266,17,0.4250,0.8571,7,7,5,0,0,7,5,0.2857
6,228.0000,2,11,483.8746,-87.9614,-0.0526,16,0.4000,1.0000,8,8,7,0,0,8,7,0.1250
6,228.0000,2,14,352.1972,-85.6671,-0.6443,34,0.8500,0.3333,6,8,6,0,0,8,6,0.2500
6,228.0000,3,2,499.0258,-88.5076,-0.1721,18,0.4500,0.7143,7,8,8,0,0,8,8,0.0000
6,228.0000,3,6,186.7366,-81.0802,0.2912,39,0.9750,0.0000,4,4,0,0,0,4,0,1.0000
6,228.0000,3,7,364.2070,-87.2249,0.4126,24,0.6000,0.3333,6,6,3,0,0,6,3,0.5000
6,228.0000,3,10,523.4218,-88.8289,-0.4729,14,0.3500,0.8571,7,8,8,0,0,8,8,0.0000
6,228.0000,3,11,433.4457,-88.2366,0.2946,15,0.3750,0.8750,8,5,2,0,0,5,2,0.6000
6,228.0000,3,14,539.4796,-88.9401,-0.4091,7,0.1750,1.0000,8,8,7,0,0,8,7,0.1250
6,228.0000,4,11,587.7166,-88.8298,-0.1665,9,0.2308,1.0000,8,6,6,0,0,6,6,0.0000
6,228.0000,4,13,570.9452,-89.0275,-0.0894,9,0.2308,1.0000,8,8,8,0,0,8,8,0.0000
6,228.0000,5,9,314.0767,-85.4498,0.1224,36,0.9000,0.2000,5,5,1,0,0,5,1,0.8000
6,228.0000,5,10,503.0917,-88.0113,-0.0523,15,0.3750,0.8571,7,8,8,0,0,8,8,0.0000
6,228.0000,6,2,350.2508,-86.1604,0.1701,33,0.8250,0.2000,5,7,4,0,0,7,4,0.4286
6,228.0000,6,3,186.7366,-81.3744,0.0155,39,0.9750,0.0000,3,4,0,0,0,4,0,1.0000
6,228.0000,6,7,272.0105,-85.1929,0.0689,40,1.0000,0.0000,4,5,1,0,0,5,1,0.8000
6,228.0000,6,8,647.9924,-88.9171,0.5597,4,0.1000,1.0000,4,8,8,0,0,8,8,0.0000
6,228.0000,6,10,637.3184,-89.0337,0.0032,5,0.1250,1.0000,8,7,6,0,0,7,6,0.1429
6,228.0000,6,11,451.3765,-88.6679,0.0752,8,0.2000,1.0000,8,6,4,0,0,6,4,0.3333
6,228.0000,6,14,491.7415,-88.4064,0.1490,13,0.3250,0.8750,8,7,5,0,0,7,5,0.2857
6,228.0000,7,2,527.7256,-88.4161,-0.3989,14,0.3500,0.8571,7,7,6,0,0,7,6,0.1429
6,228.0000,7,3,364.2070,-87.5468,-0.0314,24,0.6000,0.3333,6,6,2,0,0,6,2,0.6667
6,228.0000,7,6,272.0105,-84.5451,0.1075,40,1.0000,0.2000,5,4,0,0,0,4,0,1.0000
6,228.0000,8,1,611.4898,-88.8812,-0.2461,9,0.2250,1.0000,8,8,8,0,0,8,8,0.0000
6,228.0000,8,2,466.0227,-88.0454,-0.2473,25,0.6250,0.8571,7,6,6,0,0,6,6,0.0000
6,228.0000,8,11,355.2550,-86.2969,-0.3265,36,0.9000,0.3947,38,5,2,87,60,92,62,0.3261
6,228.0000,8,14,172.7597,-79.6319,-0.6420,40,1.0000,0.0000,4,4,0,0,0,4,0,1.0000
6,228.0000,9,5,314.0767,-86.3627,0.0086,38,0.9500,0.4000,5,5,1,0,0,5,1,0.8000
6,228.0000,9,10,597.3553,-89.3207,0.1312,6,0.1500,0.8571,7,10,10,0,0,10,10,0.0000
6,228.0000,10,3,523.4218,-88.4050,-0.4727,11,0.2750,0.8750,8,8,8,0,0,8,8,0.0000
6,228.0000,10,5,503.0917,-87.8772,-0.0343,14,0.3500,0.7143,7,8,8,0,0,8,8,0.0000
6,228.0000,10,6,637.3184,-89.1066,-0.2720,9,0.2250,0.8571,7,6,6,0,0,6,6,0.0000
6,228.0000,10,9,597.3553,-89.5897,-0.0215,6,0.1500,0.8750,8,8,8,0,0,8,8,0.0000
6,228.0000,10,11,471.5370,-87.4860,-0.0336,13,0.3250,0.5714,7,8,8,0,0,8,8,0.0000
6,228.0000,11,2,483.8746,-88.6808,0.5127,14,0.3500,1.0000,8,8,8,0,0,8,8,0.0000
6,228.0000,11,3,433.4457,-88.3482,0.3336,9,0.2250,0.5714,7,6,3,0,0,6,3,0.5000
6,228.0000,11,6,451.3765,-88.1797,0.4492,11,0.2750,0.8000,5,7,4,0,0,7,4,0.4286
6,228.0000,11,8,355.2550,-86.4946,-0.2622,37,0.9250,0.2000,5,7,5,0,0,7,5,0.2857
6,228.0000,11,10,471.5370,-88.0706,0.1668,23,0.5750,0.8491,53,7,6,80,70,87,76,0.1264
6,228.0000,11,14,229.1715,-85.7753,0.6916,37,0.9250,0.5000,8,4,0,0,0,4,0,1.0000
6,228.0000,12,1,303.2853,-85.6221,0.0980,39,0.9750,0.0000,4,6,2,0,0,6,2,0.6667
6,228.0000,12,4,567.4158,-88.5735,1.4480,3,0.0750,1.0000,8,6,4,0,0,6,4,0.3333
6,228.0000,12,13,232.5662,-84.6055,1.2493,39,0.9750,0.0000,4,4,0,0,0,4,0,1.0000
6,228.0000,13,1,508.3497,-88.4548,0.0274,11,0.2750,1.0000,8,7,5,0,0,7,5,0.2857
6,228.0000,13,4,570.9452,-88.7646,-0.0779,15,0.3750,1.0000,8,8,8,0,0,8,8,0.0000
6,228.0000,13,12,232.5662,-85.1273,1.0771,38,0.9500,0.0000,4,4,0,0,0,4,0,1.0000
6,228.0000,14,2,352.1972,-85.7584,-0.5795,37,0.9250,0.0000,4,6,4,0,0,6,4,0.3333
6,228.0000,14,3,539.4796,-89.2868,-0.0837,8,0.2000,1.0000,8,8,8,0,0,8,8,0.0000
6,228.0000,14,6,491.7415,-88.2909,0.4253,14,0.3500,0.8750,8,6,4,0,0,6,4,0.3333
6,228.0000,14,8,172.7597,-79.1571,0.0355,40,1.0000,0.0000,4,4,0,0,0,4,0,1.0000
6,228.0000,14,11,229.1715,-85.6169,1.0076,36,0.9000,0.2000,5,4,0,0,0,4,0,1.0000
6,232.0000,1,8,656.4637,-89.4386,0.1917,5,0.1250,1.0000,4,6,6,0,0,6,6,0.0000
6,232.0000,1,12,384.3064,-86.3067,-0.0106,28,0.7000,0.5000,6,5,2,0,0,5,2,0.6000
6,232.0000,1,13,416.4705,-88.4949,0.1805,17,0.4250,0.8750,8,6,4,0,0,6,4,0.3333
6,232.0000,2,3,596.5559,-88.9948,-0.4238,12,0.3000,0.8571,7,8,8,0,0,8,8,0.0000
6,232.0000,2,6,459.1631,-87.1495,-0.5156,24,0.6000,0.6667,6,8,5,0,0,8,5,0.3750
6,232.0000,2,7,556.4857,-89.3777,0.5053,7,0.1750,0.8750,8,8,8,0,0,8,8,0.0000
6,232.0000,2,8,509.7972,-88.8325,0.4448,12,0.3000,0.7143,7,7,6,0,0,7,6,0.1429
6,232.0000,2,11,506.3752,-88.6449,-0.0958,16,0.4000,0.8750,8,7,5,0,0,7,5,0.2857
6,232.0000,2,14,496.2779,-87.4278,0.0025,19,0.4750,0.7500,8,8,8,0,0,8,8,0.0000
6,232.0000,3,2,596.5559,-88.2147,-0.9373,8,0.2000,1.0000,8,8,8,0,0,8,8,0.0000
6,232.0000,3,6,173.5889,-80.9416,-0.1055,39,0.9750,0.0000,4,4,0,0,0,4,0,1.0000
6,232.0000,3,7,369.1270,-86.9957,0.3084,26,0.6500,0.5000,6,6,4,0,0,6,4,0.3333
6,232.0000,3,10,555.8635,-88.7937,0.2307,6,0.1500,1.0000,8,8,8,0,0,8,8,0.0000
6,232.0000,3,11,304.1143,-86.6867,0.3725,27,0.6750,0.4000,5,4,0,0,0,4,0,1.0000
6,232.0000,3,14,475.1607,-88.1761,0.8332,9,0.2250,0.8750,8,8,8,0,0,8,8,0.0000
6,232.0000,4,11,582.6584,-88.9738,0.0454,5,0.1250,1.0000,6,8,8,0,0,8,8,0.0000
6,232.0000,4,12,495.0027,-89.4196,0.1825,8,0.2000,0.8750,8,8,7,0,0,8,7,0.1250
6,232.0000,4,13,631.3469,-88.6918,-0.0447,3,0.0750,1.0000,8,6,6,0,0,6,6,0.0000
6,232.0000,4,14,504.9992,-88.3188,-0.1040,4,0.1000,0.8571,7,8,6,0,0,8,6,0.2500
6,232.0000,5,9,330.7404,-85.7367,0.1039,34,0.8500,0.2000,5,6,4,0,0,6,4,0.3333
6,232.0000,5,10,578.5212,-89.1389,-0.2063,9,0.2250,1.0000,8,8,8,0,0,8,8,0.0000
6,232.0000,6,2,459.1631,-87.6468,-0.2355,24,0.6000,0.5714,7,8,7,0,0,8,7,0.1250
6,232.0000,6,3,173.5889,-81.3330,0.2561,40,1.0000,0.0000,4,5,0,0,0,5,0,1.0000
6,232.0000,6,7,272.6291,-84.9226,-0.1843,40,1.0000,0.2000,5,4,0,0,0,4,0,1.0000
6,232.0000,6,8,672.3143,-88.8352,0.4332,3,0.0750,1.0000,8,2,2,0,0,2,2,0.0000
6,232.0000,6,11,306.0125,-86.3149,0.6452,28,0.7000,0.6667,6,4,0,0,0,4,0,1.0000
6,232.0000,6,14,448.0860,-88.3316,0.1329,21,0.5250,0.7143,7,8,7,0,0,8,7,0.1250
6,232.0000,7,2,556.4857,-88.9655,0.5518,11,0.2750,0.8571,7,8,8,0,0,8,8,0.0000
6,232.0000,7,3,369.1270,-86.9194,0.4860,27,0.6750,0.3333,6,5,1,0,0,5,1,0.8000
6,232.0000,7,6,272.6291,-85.2417,0.0391,34,0.8500,0.0000,4,4,0,0,0,4,0,1.0000
6,232.0000,8,2,509.7972,-88.0055,-0.2059,14,0.3500,1.0000,6,8,8,0,0,8,8,0.0000
6,232.0000,8,4,591.4576,-89.1673,-0.5773,3,0.0750,1.0000,2,8,8,0,0,8,8,0.0000
6,232.0000,8,11,440.3443,-87.4359,-0.3332,31,0.7750,0.6739,92,8,6,6,5,14,11,0.2143
6,232.0000,8,14,294.4980,-83.6281,-1.1574,40,1.0000,0.0000,4,6,2,0,0,6,2,0.6667
6,232.0000,9,5,330.7404,-86.1639,0.1569,32,0.8000,0.2000,5,4,0,0,0,4,0,1.0000
6,232.0000,9,10,500.6276,-89.0440,-0.0667,6,0.1500,1.0000,10,8,6,0,0,8,6,0.2500
6,232.0000,10,3,555.8635,-88.9220,-0.5599,5,0.1250,1.0000,8,10,10,0,0,10,10,0.0000
6,232.0000,10,5,578.5212,-88.1306,0.0782,7,0.1750,1.0000,8,8,8,0,0,8,8,0.0000
6,232.0000,10,9,500.6276,-88.9707,0.2595,7,0.1750,1.0000,8,7,6,0,0,7,6,0.1429
6,232.0000,10,11,567.3706,-87.8315,-0.5649,9,0.2250,1.0000,8,8,8,0,0,8,8,0.0000
6,232.0000,11,2,506.3752,-88.2951,-0.1847,19,0.4750,1.0000,8,6,4,0,0,6,4,0.3333
6,232.0000,11,3,304.1143,-86.5871,0.6130,31,0.7750,0.5000,6,4,0,0,0,4,0,1.0000
6,232.0000,11,4,582.6584,-89.1562,-0.7054,6,0.1500,1.0000,8,8,8,0,0,8,8,0.0000
6,232.0000,11,6,306.0125,-87.2563,0.7035,24,0.6000,0.5714,7,4,0,0,0,4,0,1.0000
6,232.0000,11,8,440.3443,-87.7469,-0.2203,25,0.6250,0.7143,7,6,4,0,0,6,4,0.3333
6,232.0000,11,10,567.3706,-88.3910,-0.0855,12,0.3000,0.8736,87,4,4,4,4,8,8,0.0000
6,232.0000,11,14,173.4452,-81.9680,0.7693,39,0.9750,0.0000,4,3,0,0,0,3,0,1.0000
6,232.0000,12,1,384.3064,-86.1829,-0.5677,28,0.7000,0.3333,6,6,3,0,0,6,3,0.5000
6,232.0000,12,4,495.0027,-88.3799,0.8053,6,0.1500,0.6667,6,8,7,0,0,8,7,0.1250
6,232.0000,12,13,213.6677,-82.9749,0.1706,40,1.0000,0.0000,4,5,2,0,0,5,2,0.6000
6,232.0000,13,1,416.4705,-88.1106,0.1711,17,0.4250,0.7143,7,5,2,0,0,5,2,0.6000
6,232.0000,13,4,631.3469,-88.9901,-0.2169,5,0.1250,1.0000,8,8,8,0,0,8,8,0.0000
6,232.0000,13,12,213.6677,-82.8330,-0.0108,40,1.0000,0.0000,4,4,0,0,0,4,0,1.0000
6,232.0000,14,2,496.2779,-88.2970,-0.3565,18,0.4500,0.6667,6,7,6,0,0,7,6,0.1429
6,232.0000,14,3,475.1607,-88.4772,0.1108,11,0.2750,1.0000,8,8,7,0,0,8,7,0.1250
6,232.0000,14,4,504.9992,-89.0133,0.0459,8,0.2000,1.0000,8,7,4,0,0,7,4,0.4286
6,232.0000,14,6,448.0860,-88.5016,-0.2304,15,0.3750,0.6667,6,7,6,0,0,7,6,0.1429
6,232.0000,14,8,294.4980,-83.3270,-1.1084,37,0.9250,0.0000,4,5,2,0,0,5,2,0.6000
6,232.0000,14,11,173.4452,-81.8107,0.8344,40,1.0000,0.0000,4,4,0,0,0,4,0,1.0000
6,236.0000,1,12,479.3234,-87.7243,-0.4351,28,0.7000,0.4000,5,8,7,0,0,8,7,0.1250
6,236.0000,1,13,301.2693,-87.3161,0.4338,30,0.7500,0.6667,6,4,0,0,0,4,0,1.0000
6,236.0000,2,3,551.2308,-89.0678,0.0649,9,0.2250,1.0000,8,8,8,0,0,8,8,0.0000
6,236.0000,2,6,410.9495,-87.8648,0.5580,20,0.5000,0.6250,8,6,4,0,0,6,4,0.3333
6,236.0000,2,7,507.5715,-88.4669,-0.2637,11,0.2750,1.0000,8,7,5,0,0,7,5,0.2857
6,236.0000,2,8,464.5681,-88.0855,-0.2137,17,0.4250,0.8571,7,8,8,0,0,8,8,0.0000
6,236.0000,2,11,341.7836,-87.1828,0.6397,22,0.5500,0.7143,7,7,3,0,0,7,3,0.5714
6,236.0000,2,14,461.8150,-87.9653,-0.0454,17,0.4250,1.0000,8,8,7,0,0,8,7,0.1250
6,236.0000,3,2,551.2308,-89.2035,0.2491,7,0.1750,1.0000,8,8,8,0,0,8,8,0.0000
6,236.0000,3,6,174.0282,-80.3409,0.0450,40,1.0000,0.0000,4,4,0,0,0,4,0,1.0000
6,236.0000,3,7,378.6699,-87.6922,0.2148,26,0.6500,0.6667,6,4,0,0,0,4,0,1.0000
6,236.0000,3,10,577.0669,-88.7117,0.4891,7,0.1750,1.0000,8,8,8,0,0,8,8,0.0000
6,236.0000,3,11,245.7233,-84.3185,0.4529,39,0.9750,0.0000,4,4,0,0,0,4,0,1.0000
6,236.0000,3,14,441.6172,-88.4245,0.1164,20,0.5000,1.0000,8,6,3,0,0,6,3,0.5000
6,236.0000,4,8,575.4974,-88.5247,-0.2591,6,0.1500,1.0000,8,8,7,0,0,8,7,0.1250
6,236.0000,4,11,582.4115,-88.7160,-0.4511,3,0.0750,1.0000,8,6,5,0,0,6,5,0.1667
6,236.0000,4,12,469.3302,-87.7563,0.0195,14,0.3500,0.8750,8,8,6,0,0,8,6,0.2500
6,236.0000,4,14,345.8292,-87.6795,0.5062,24,0.6000,0.7500,8,5,2,0,0,5,2,0.6000
6,236.0000,5,9,366.4666,-86.7634,-0.4946,28,0.7000,0.6667,6,5,2,0,0,5,2,0.6000
6,236.0000,5,10,616.5996,-88.8340,-0.2918,8,0.2000,1.0000,8,6,6,0,0,6,6,0.0000
6,236.0000,6,2,410.9495,-87.8987,0.7514,21,0.5385,0.8750,8,4,0,0,0,4,0,1.0000
6,236.0000,6,3,174.0282,-80.9781,0.1557,38,0.9744,0.0000,5,4,0,0,0,4,0,1.0000
6,236.0000,6,7,272.7372,-85.1183,-0.2059,39,1.0000,0.0000,4,4,0,0,0,4,0,1.0000
6,236.0000,6,8,718.9379,-89.5223,0.0631,3,0.0769,1.0000,2,2,2,0,0,2,2,0.0000
6,236.0000,6,11,193.2881,-83.9453,1.2754,37,0.9487,0.0000,4,4,0,0,0,4,0,1.0000
6,236.0000,6,14,422.4117,-88.6225,0.2906,16,0.4103,0.8750,8,6,4,0,0,6,4,0.3333
6,236.0000,7,2,507.5715,-89.0194,-0.0554,11,0.2750,1.0000,8,7,6,0,0,7,6,0.1429
6,236.0000,7,3,378.6699,-87.1106,-0.0304,28,0.7000,0.2000,5,6,3,0,0,6,3,0.5000
6,236.0000,7,6,272.7372,-85.2509,0.0918,39,0.9750,0.0000,4,4,0,0,0,4,0,1.0000
6,236.0000,7,11,440.5439,-87.8435,0.0341,9,0.2250,1.0000,8,6,3,0,0,6,3,0.5000
6,236.0000,8,2,464.5681,-88.0693,0.7689,15,0.3750,1.0000,8,8,8,0,0,8,8,0.0000
6,236.0000,8,4,575.4974,-88.2065,0.1477,8,0.2000,1.0000,8,8,8,0,0,8,8,0.0000
6,236.0000,8,11,540.8481,-88.8914,0.1499,11,0.2750,0.7857,14,8,8,0,0,8,8,0.0000
6,236.0000,8,14,438.0505,-87.0123,-0.6977,27,0.6750,0.3333,6,8,8,0,0,8,8,0.0000
6,236.0000,9,5,366.4666,-86.7042,-0.4079,29,0.7250,0.0000,4,5,2,0,0,5,2,0.6000
6,236.0000,9,10,421.7233,-88.6174,-0.0784,14,0.3500,0.7500,8,6,2,0,0,6,2,0.6667
6,236.0000,10,3,577.0669,-89.4728,-0.1987,4,0.1000,1.0000,10,8,8,0,0,8,8,0.0000
6,236.0000,10,4,626.9817,-89.2586,0.6776,5,0.1250,,0,6,6,0,0,6,6,0.0000
6,236.0000,10,5,616.5996,-89.5181,0.3610,3,0.0750,1.0000,8,8,8,0,0,8,8,0.0000
6,236.0000,10,9,421.7233,-88.0593,0.2044,19,0.4750,0.8571,7,7,5,0,0,7,5,0.2857
6,236.0000,11,2,341.7836,-87.9141,0.6841,20,0.5000,0.6667,6,4,0,0,0,4,0,1.0000
6,236.0000,11,3,245.7233,-84.9879,1.0976,39,0.9750,0.0000,4,4,0,0,0,4,0,1.0000
6,236.0000,11,4,582.4115,-88.9757,-0.3444,7,0.1750,1.0000,8,8,8,0,0,8,8,0.0000
6,236.0000,11,6,193.2881,-84.5237,1.0558,39,0.9750,0.0000,4,4,0,0,0,4,0,1.0000
6,236.0000,11,7,440.5439,-88.2613,0.0213,10,0.2500,1.0000,6,5,2,0,0,5,2,0.6000
6,236.0000,11,8,540.8481,-88.5626,-0.0514,16,0.4000,0.6667,6,8,8,0,0,8,8,0.0000
6,236.0000,11,14,270.6717,-82.4696,-1.0941,37,0.9250,0.0000,3,6,2,0,0,6,2,0.6667
6,236.0000,12,1,479.3234,-87.6500,-0.1616,26,0.6341,0.5000,6,8,8,0,0,8,8,0.0000
6,236.0000,12,4,469.3302,-88.4695,-0.1190,19,0.4634,0.8750,8,10,9,0,0,10,9,0.1000
6,236.0000,12,13,277.3507,-84.4700,-0.4319,40,0.9756,0.4000,5,4,0,0,0,4,0,1.0000
6,236.0000,13,1,301.2693,-86.2262,0.3248,32,0.8000,0.4000,5,4,0,0,0,4,0,1.0000
6,236.0000,13,12,277.3507,-84.1062,-0.8061,39,0.9750,0.0000,4,6,3,0,0,6,3,0.5000
6,236.0000,14,2,461.8150,-88.0050,0.3411,12,0.3000,0.8571,7,6,3,0,0,6,3,0.5000
6,236.0000,14,3,441.6172,-88.0400,-0.0166,16,0.4000,0.8750,8,7,6,0,0,7,6,0.1429
6,236.0000,14,4,345.8292,-87.5432,0.1027,24,0.6000,0.5714,7,4,0,0,0,4,0,1.0000
6,236.0000,14,6,422.4117,-88.1349,-0.0939,24,0.6000,0.8571,7,5,1,0,0,5,1,0.8000
6,236.0000,14,8,438.0505,-86.5942,-0.6046,28,0.7000,0.4000,5,8,8,0,0,8,8,0.0000
6,236.0000,14,10,646.6100,-89.0419,0.7832,3,0.0750,1.0000,4,4,4,0,0,4,4,0.0000
6,236.0000,14,11,270.6717,-82.9094,-0.8783,40,1.0000,0.0000,4,5,1,0,0,5,1,0.8000
6,240.0000,1,12,559.2510,-87.9736,0.4880,8,0.2000,0.8750,8,8,8,0,0,8,8,0.0000
6,240.0000,1,13,219.9310,-84.3773,0.5954,40,1.0000,0.0000,4,4,0,0,0,4,0,1.0000
6,240.0000,2,3,522.3874,-88.9770,-0.0646,7,0.1750,1.0000,8,8,8,0,0,8,8,0.0000
6,240.0000,2,6,358.5546,-87.0041,0.4037,22,0.5500,0.6667,6,6,3,0,0,6,3,0.5000
6,240.0000,2,7,468.0828,-88.4917,0.2466,14,0.3500,0.7143,7,8,7,0,0,8,7,0.1250
6,240.0000,2,8,468.1255,-87.8417,-0.0590,15,0.3750,1.0000,8,5,2,0,0,5,2,0.6000
6,240.0000,2,11,276.1216,-84.8183,0.1362,34,0.8500,0.4286,7,3,0,0,0,3,0,1.0000
6,240.0000,2,14,419.6888,-87.5001,-0.2393,20,0.5000,0.8750,8,7,6,0,0,7,6,0.1429
6,240.0000,3,2,522.3874,-88.0602,-0.1560,8,0.2000,1.0000,8,8,8,0,0,8,8,0.0000
6,240.0000,3,5,604.1379,-88.9531,-0.4290,5,0.1250,0.7500,4,8,8,0,0,8,8,0.0000
6,240.0000,3,6,191.8276,-80.8541,0.1510,40,1.0000,0.0000,4,4,0,0,0,4,0,1.0000
6,240.0000,3,7,390.8413,-87.8264,-0.0124,27,0.6750,0.0000,4,5,2,64,39,69,41,0.4058
6,240.0000,3,9,613.8550,-89.0818,0.8643,3,0.0750,1.0000,4,8,7,0,0,8,7,0.1250
6,240.0000,3,10,601.6712,-88.9255,-0.3354,8,0.2000,1.0000,8,8,8,0,0,8,8,0.0000
6,240.0000,3,11,291.6412,-84.1948,-0.6050,39,0.9750,0.0000,4,5,2,0,0,5,2,0.6000
6,240.0000,3,14,405.5635,-88.0354,0.2547,19,0.4750,0.5000,6,7,6,0,0,7,6,0.1429
6,240.0000,4,3,566.8918,-89.1086,0.5729,4,0.1000,,0,8,7,0,0,8,7,0.1250
6,240.0000,4,6,589.0707,-88.7297,0.2510,3,0.0750,1.0000,6,7,6,0,0,7,6,0.1429
6,240.0000,4,8,585.0110,-89.2522,-0.2098,5,0.1250,0.8750,8,6,6,0,0,6,6,0.0000
6,240.0000,4,11,589.4250,-89.3009,-0.0107,4,0.1000,0.8333,6,8,8,0,0,8,8,0.0000
6,240.0000,4,12,497.9771,-87.3961,0.1795,11,0.2750,0.7500,8,8,8,0,0,8,8,0.0000
6,240.0000,4,14,229.6858,-85.3726,1.0434,33,0.8250,0.4000,5,4,0,50,2,54,2,0.9630
6,240.0000,5,9,401.2586,-87.3514,0.0546,25,0.6250,0.4000,5,7,5,0,0,7,5,0.2857
6,240.0000,5,10,629.9869,-89.1782,0.0732,4,0.1000,1.0000,6,8,8,0,0,8,8,0.0000
6,240.0000,6,2,358.5546,-87.0315,0.3111,29,0.7250,0.0000,4,6,3,0,0,6,3,0.5000
6,240.0000,6,3,191.8276,-81.1748,-0.0041,39,0.9750,0.0000,4,5,1,0,0,5,1,0.8000
6,240.0000,6,4,589.0707,-89.1058,0.2782,4,0.1000,1.0000,6,8,8,0,0,8,8,0.0000
6,240.0000,6,7,268.5227,-84.6185,0.2180,39,0.9750,0.0000,4,5,2,0,0,5,2,0.6000
6,240.0000,6,11,163.7651,-80.8175,0.5321,40,1.0000,0.0000,4,4,0,0,0,4,0,1.0000
6,240.0000,6,14,385.5395,-86.9693,0.4483,24,0.6000,0.6667,6,6,3,0,0,6,3,0.5000
6,240.0000,7,2,468.0828,-88.5043,0.0291,15,0.3750,0.8571,7,8,8,0,0,8,8,0.0000
6,240.0000,7,3,390.8413,-87.4357,-0.0331,24,0.6000,0.5000,6,7,4,0,0,7,4,0.4286
6,240.0000,7,6,268.5227,-84.8762,-0.0902,38,0.9500,0.0000,4,5,1,0,0,5,1,0.8000
6,240.0000,7,11,300.9490,-86.5725,0.4372,30,0.7500,0.5000,6,5,1,0,0,5,1,0.8000
6,240.0000,7,14,647.0432,-89.3321,0.1156,4,0.1000,1.0000,4,8,7,0,0,8,7,0.1250
6,240.0000,8,2,468.1255,-88.6039,-0.0185,18,0.4500,1.0000,8,8,7,0,0,8,7,0.1250
6,240.0000,8,4,585.0110,-89.3554,-0.8117,3,0.0750,1.0000,8,8,8,0,0,8,8,0.0000
6,240.0000,8,11,655.4020,-88.6745,0.1250,6,0.1500,1.0000,8,4,4,0,0,4,4,0.0000
6,240.0000,8,14,591.7166,-88.5066,-0.2094,14,0.3500,1.0000,8,6,6,0,0,6,6,0.0000
6,240.0000,9,3,613.8550,-88.9408,-1.5001,3,0.0732,1.0000,4,8,8,0,0,8,8,0.0000
6,240.0000,9,5,401.2586,-87.3707,-0.1044,27,0.6585,0.4000,5,4,2,0,0,4,2,0.5000
6,240.0000,9,10,356.2221,-87.5960,0.4497,32,0.7805,0.3333,6,5,2,0,0,5,2,0.6000
6,240.0000,10,3,601.6712,-88.7464,-0.7624,6,0.1500,1.0000,8,8,8,0,0,8,8,0.0000
6,240.0000,10,4,669.7822,-88.9669,0.5060,5,0.1250,1.0000,6,4,4,0,0,4,4,0.0000
6,240.0000,10,9,356.2221,-86.7121,0.3072,24,0.6000,0.7143,7,7,6,0,0,7,6,0.1429
6,240.0000,10,14,635.9214,-89.1574,0.1107,3,0.0750,1.0000,4,6,6,0,0,6,6,0.0000
6,240.0000,11,2,276.1216,-84.9012,0.7993,32,0.8000,0.0000,4,6,3,0,0,6,3,0.5000
6,240.0000,11,3,291.6412,-84.2165,-0.0775,39,0.9750,0.0000,4,7,5,0,0,7,5,0.2857
6,240.0000,11,4,589.4250,-88.3991,0.4428,4,0.1000,1.0000,8,8,8,0,0,8,8,0.0000
6,240.0000,11,6,163.7651,-80.6609,0.5380,40,1.0000,0.0000,4,4,0,0,0,4,0,1.0000
6,240.0000,11,7,300.9490,-87.4709,0.1934,31,0.7750,0.4000,5,4,0,3,1,7,1,0.8571
6,240.0000,11,14,415.2088,-86.6574,-0.8683,33,0.8250,0.3333,6,6,4,0,0,6,4,0.3333
6,240.0000,12,1,559.2510,-88.3134,0.2730,10,0.2500,1.0000,8,7,6,0,0,7,6,0.1429
6,240.0000,12,4,497.9771,-88.8485,-0.0089,12,0.3000,0.9000,10,7,6,0,0,7,6,0.1429
6,240.0000,12,13,393.3322,-86.7165,-0.5942,31,0.7750,0.0000,4,6,3,0,0,6,3,0.5000
6,240.0000,13,1,219.9310,-84.3146,0.3833,39,0.9750,0.0000,4,4,0,0,0,4,0,1.0000
6,240.0000,13,12,393.3322,-85.8981,-0.8062,34,0.8500,0.5000,6,6,4,0,0,6,4,0.3333
6,240.0000,14,2,419.6888,-88.6257,0.2090,17,0.4250,0.5000,6,8,6,0,0,8,6,0.2500
6,240.0000,14,3,405.5635,-87.6018,-0.0997,22,0.5500,0.8571,7,7,4,64,34,71,38,0.4648
6,240.0000,14,4,229.6858,-85.0064,0.6862,40,1.0000,0.0000,4,4,0,0,0,4,0,1.0000
6,240.0000,14,6,385.5395,-87.2573,0.6008,24,0.6000,0.2000,5,5,1,0,0,5,1,0.8000
6,240.0000,14,7,647.0432,-88.9769,1.4647,4,0.1000,1.0000,8,8,8,0,0,8,8,0.0000
6,240.0000,14,8,591.7166,-88.3137,-0.2059,10,0.2500,1.0000,8,8,8,0,0,8,8,0.0000
6,240.0000,14,11,415.2088,-85.9751,-1.0948,35,0.8750,0.2000,5,8,8,6,6,14,14,0.0000
6,244.0000,1,12,602.8966,-89.1593,0.4840,7,0.1750,1.0000,8,8,8,0,0,8,8,0.0000
6,244.0000,1,13,176.6956,-81.6203,0.0975,40,1.0000,0.0000,4,4,0,0,0,4,0,1.0000
6,244.0000,2,3,480.7183,-88.5305,-0.1794,11,0.2750,1.0000,8,7,5,0,0,7,5,0.2857
6,244.0000,2,4,397.4364,-87.3786,0.6766,18,0.4500,1.0000,4,4,0,0,0,4,0,1.0000
6,244.0000,2,6,311.3175,-86.5802,0.1648,34,0.8500,0.5000,6,4,0,0,0,4,0,1.0000
6,244.0000,2,7,444.5647,-87.3888,-0.0876,20,0.5000,0.8750,8,8,7,34,25,42,32,0.2381
6,244.0000,2,8,525.6831,-88.8285,-0.7482,12,0.3000,0.4000,5,8,8,0,0,8,8,0.0000
6,244.0000,2,11,365.6295,-85.6889,-0.5128,38,0.9500,0.0000,3,8,8,0,0,8,8,0.0000
6,244.0000,2,14,382.6723,-87.6294,-0.2380,22,0.5500,0.8571,7,7,3,0,0,7,3,0.5714
6,244.0000,3,2,480.7183,-88.2306,0.0634,12,0.3000,1.0000,8,7,5,0,0,7,5,0.2857
6,244.0000,3,4,464.7141,-88.4306,-0.0511,15,0.3750,1.0000,8,4,2,0,0,4,2,0.5000
6,244.0000,3,5,544.0228,-88.1781,0.0684,8,0.2000,1.0000,8,8,8,0,0,8,8,0.0000
6,244.0000,3,6,201.5917,-81.8252,-0.1695,40,1.0000,0.0000,4,4,0,0,0,4,0,1.0000
6,244.0000,3,7,403.4655,-87.3046,0.0685,26,0.6500,0.5942,69,7,5,53,39,60,44,0.2667
6,244.0000,3,9,526.2063,-88.9111,0.0235,6,0.1500,0.8750,8,8,8,0,0,8,8,0.0000
6,244.0000,3,10,634.3438,-89.1589,0.2714,3,0.0750,1.0000,8,4,4,0,0,4,4,0.0000
6,244.0000,3,11,397.2181,-86.9532,-0.7272,31,0.7750,0.4000,5,5,1,0,0,5,1,0.8000
6,244.0000,3,14,361.5301,-87.4331,-0.1793,26,0.6500,0.8571,7,6,3,0,0,6,3,0.5000
6,244.0000,4,2,397.4364,-88.2374,0.4634,12,0.2927,1.0000,6,7,6,20,0,27,6,0.7778
6,244.0000,4,3,464.7141,-88.7007,0.0338,6,0.1463,0.8750,8,6,4,0,0,6,4,0.3333
6,244.0000,4,6,457.0407,-88.6165,0.3465,12,0.2927,0.8571,7,7,5,0,0,7,5,0.2857
6,244.0000,4,8,606.9843,-89.3833,-0.1917,3,0.0732,1.0000,6,8,7,0,0,8,7,0.1250
6,244.0000,4,11,600.0485,-88.9186,0.8008,3,0.0732,1.0000,8,5,4,0,0,5,4,0.2000
6,244.0000,4,12,558.8412,-88.6324,-0.2981,8,0.1951,1.0000,8,6,4,0,0,6,4,0.3333
6,244.0000,4,14,206.0008,-82.1505,-0.0678,38,0.9268,0.0370,54,5,1,32,0,37,1,0.9730
6,244.0000,5,3,544.0228,-88.9818,-0.1435,5,0.1250,1.0000,8,8,7,0,0,8,7,0.1250
6,244.0000,5,9,424.1816,-87.9294,0.1065,21,0.5250,0.7143,7,6,4,0,0,6,4,0.3333
6,244.0000,6,2,311.3175,-85.8694,0.5486,28,0.7000,0.5000,6,5,1,0,0,5,1,0.8000
6,244.0000,6,3,201.5917,-81.8127,-0.3307,40,1.0000,0.2000,5,4,0,0,0,4,0,1.0000
6,244.0000,6,4,457.0407,-88.3118,0.6372,13,0.3250,1.0000,8,6,3,0,0,6,3,0.5000
6,244.0000,6,7,265.8596,-84.6496,-0.0717,39,0.9750,0.4000,5,4,0,0,0,4,0,1.0000
6,244.0000,6,11,260.3254,-82.5064,-1.5567,38,0.9500,0.0000,4,4,0,0,0,4,0,1.0000
6,244.0000,6,14,360.9474,-87.4320,-0.2761,25,0.6250,0.5000,6,5,1,0,0,5,1,0.8000
6,244.0000,7,2,444.5647,-88.1318,-0.0696,17,0.4250,1.0000,8,7,6,0,0,7,6,0.1429
6,244.0000,7,3,403.4655,-87.5694,-0.4270,22,0.5500,0.5714,7,5,2,0,0,5,2,0.6000
6,244.0000,7,6,265.8596,-84.9210,0.3481,38,0.9500,0.2000,5,4,0,0,0,4,0,1.0000
6,244.0000,7,11,201.1619,-84.4741,1.1116,39,0.9750,0.2000,5,4,0,0,0,4,0,1.0000
6,244.0000,7,14,622.5247,-89.3107,-0.6743,3,0.0750,0.8750,8,6,6,0,0,6,6,0.0000
6,244.0000,8,2,525.6831,-88.2119,0.0382,11,0.2750,0.8750,8,8,8,0,0,8,8,0.0000
6,244.0000,8,14,742.4662,-88.8992,-0.3390,3,0.0750,1.0000,6,4,4,0,0,4,4,0.0000
6,244.0000,9,3,526.2063,-89.0714,0.1018,9,0.2250,1.0000,8,7,6,0,0,7,6,0.1429
6,244.0000,9,5,424.1816,-87.5245,-0.1159,28,0.7000,0.5000,4,9,7,0,0,9,7,0.2222
6,244.0000,9,10,333.6619,-87.1501,0.3496,30,0.7500,0.4000,5,6,3,0,0,6,3,0.5000
6,244.0000,10,3,634.3438,-89.2653,0.1529,6,0.1500,1.0000,8,8,8,0,0,8,8,0.0000
6,244.0000,10,5,657.3781,-89.5169,0.0069,3,0.0750,1.0000,8,6,6,0,0,6,6,0.0000
6,244.0000,10,9,333.6619,-86.8991,-0.3287,31,0.7750,0.8571,7,5,2,0,0,5,2,0.6000
6,244.0000,11,2,365.6295,-85.8969,-0.4688,34,0.8500,0.5000,6,8,7,0,0,8,7,0.1250
6,244.0000,11,3,397.2181,-86.6463,0.0654,31,0.7750,0.7143,7,7,6,0,0,7,6,0.1429
6,244.0000,11,4,600.0485,-89.0499,0.6968,5,0.1250,1.0000,8,8,8,0,0,8,8,0.0000
6,244.0000,11,6,260.3254,-82.6721,-0.8745,37,0.9250,0.0000,4,7,6,0,0,7,6,0.1429
6,244.0000,11,7,201.1619,-83.9397,1.0952,39,0.9750,0.1429,7,4,0,0,0,4,0,1.0000
6,244.0000,11,14,576.9060,-88.4750,-0.3437,19,0.4750,0.6667,6,8,8,0,0,8,8,0.0000
6,244.0000,12,1,602.8966,-88.1030,-0.2956,10,0.2500,0.8571,7,6,6,0,0,6,6,0.0000
6,244.0000,12,4,558.8412,-88.9050,0.0942,14,0.3500,0.8571,7,8,8,0,0,8,8,0.0000
6,244.0000,12,13,522.6929,-88.0957,-0.5306,18,0.4500,0.5000,6,8,8,0,0,8,8,0.0000
6,244.0000,12,14,686.4075,-89.1404,0.1985,4,0.1000,1.0000,6,8,8,0,0,8,8,0.0000
6,244.0000,13,1,176.6956,-81.5072,0.7215,40,1.0000,0.0000,4,4,0,0,0,4,0,1.0000
6,244.0000,13,8,715.8938,-89.6432,-0.0502,3,0.0750,1.0000,4,8,8,0,0,8,8,0.0000
6,244.0000,13,12,522.6929,-88.0377,-0.6422,24,0.6000,0.6667,6,6,6,0,0,6,6,0.0000
6,244.0000,14,2,382.6723,-87.8078,-0.0915,19,0.4750,0.7500,8,7,4,0,0,7,4,0.4286
6,244.0000,14,3,361.5301,-87.4909,0.2189,23,0.5750,0.5352,71,5,1,45,21,50,22,0.5600
6,244.0000,14,4,206.0008,-82.2013,0.3659,39,0.9750,0.0000,4,5,1,0,0,5,1,0.8000
6,244.0000,14,6,360.9474,-87.6012,0.1782,26,0.6500,0.2000,5,6,2,0,0,6,2,0.6667
6,244.0000,14,7,622.5247,-88.9204,0.5367,6,0.1500,1.0000,8,8,7,0,0,8,7,0.1250
6,244.0000,14,8,742.4662,-89.5266,-0.0502,3,0.0750,1.0000,8,2,2,0,0,2,2,0.0000
6,244.0000,14,9,676.5876,-89.2945,0.1306,3,0.0750,,0,6,6,0,0,6,6,0.0000
6,244.0000,14,10,633.7971,-89.0252,0.2906,7,0.1750,1.0000,6,4,4,0,0,4,4,0.0000
6,244.0000,14,11,576.9060,-87.7233,-0.8762,17,0.4250,1.0000,14,6,6,0,0,6,6,0.0000
6,248.0000,0,12,551.6787,-89.2099,0.5840,5,0.1250,1.0000,8,8,7,0,0,8,7,0.1250
6,248.0000,1,8,487.1369,-88.9051,0.4616,8,0.2000,1.0000,6,7,5,0,0,7,5,0.2857
6,248.0000,1,13,198.0815,-81.0856,-0.1576,40,1.0000,0.0000,4,4,0,0,0,4,0,1.0000
6,248.0000,2,3,432.9218,-88.0629,0.3408,19,0.4750,0.7143,7,6,3,0,0,6,3,0.5000
6,248.0000,2,4,261.4734,-86.3059,0.7803,34,0.8500,0.0000,4,4,0,0,0,4,0,1.0000
6,248.0000,2,6,275.0370,-84.9207,-0.1509,34,0.8500,0.0000,4,4,0,0,0,4,0,1.0000
6,248.0000,2,7,443.1168,-88.3150,-0.1307,22,0.5500,0.7619,42,6,4,7,6,13,10,0.2308
6,248.0000,2,8,544.9955,-87.7791,-0.1073,8,0.2000,1.0000,8,8,8,0,0,8,8,0.0000
6,248.0000,2,11,542.1516,-87.6187,-0.1399,20,0.5000,1.0000,8,8,8,0,0,8,8,0.0000
6,248.0000,2,14,354.4158,-86.9495,0.3704,27,0.6750,0.4286,7,6,3,0,0,6,3,0.5000
6,248.0000,3,2,432.9218,-88.3530,0.0692,20,0.5000,0.7143,7,7,6,0,0,7,6,0.1429
6,248.0000,3,4,433.0186,-87.6558,0.2285,22,0.5500,0.5000,4,8,7,0,0,8,7,0.1250
6,248.0000,3,5,507.8066,-88.8146,0.0120,14,0.3500,1.0000,8,7,6,0,0,7,6,0.1429
6,248.0000,3,6,204.1049,-82.3246,0.0068,39,0.9750,0.0000,4,4,0,0,0,4,0,1.0000
6,248.0000,3,7,414.2593,-87.6202,0.1595,23,0.5750,0.7333,60,7,5,25,17,32,22,0.3125
6,248.0000,3,9,458.2256,-88.1277,-0.2953,12,0.3000,1.0000,8,8,8,25,19,33,27,0.1818
6,248.0000,3,10,671.3187,-89.4700,0.2921,3,0.0750,1.0000,4,4,4,0,0,4,4,0.0000
6,248.0000,3,11,529.8927,-87.7870,-0.7147,18,0.4500,0.2000,5,8,8,0,0,8,8,0.0000
6,248.0000,3,14,332.0944,-86.7172,0.5780,35,0.8750,0.5000,6,6,3,0,0,6,3,0.5000
6,248.0000,4,2,261.4734,-86.4319,0.8844,33,0.8250,0.2222,27,4,0,5,1,9,1,0.8889
6,248.0000,4,3,433.0186,-88.0416,0.0234,22,0.5500,0.6667,6,8,7,72,56,80,63,0.2125
6,248.0000,4,6,376.7148,-87.6520,0.3703,23,0.5750,0.7143,7,7,6,43,24,50,30,0.4000
6,248.0000,4,8,508.8844,-88.4876,0.0559,12,0.3000,0.8750,8,8,7,0,0,8,7,0.1250
6,248.0000,4,11,638.6995,-89.1149,0.3265,5,0.1250,0.8000,5,8,8,0,0,8,8,0.0000
6,248.0000,4,12,626.8364,-88.2457,0.6282,7,0.1750,0.6667,6,6,6,0,0,6,6,0.0000
6,248.0000,4,14,321.2849,-84.5391,-1.0967,38,0.9500,0.0270,37,7,4,0,0,7,4,0.4286
6,248.0000,5,3,507.8066,-88.8509,0.1178,9,0.2250,0.8750,8,8,8,0,0,8,8,0.0000
6,248.0000,5,9,453.6675,-88.5968,-0.1824,17,0.4250,0.6667,6,6,6,0,0,6,6,0.0000
6,248.0000,6,2,275.0370,-85.4218,0.1712,39,0.9750,0.2000,5,5,1,0,0,5,1,0.8000
6,248.0000,6,3,204.1049,-82.2465,-0.0277,40,1.0000,0.0000,4,4,0,0,0,4,0,1.0000
6,248.0000,6,4,376.7148,-87.2434,0.5168,26,0.6500,0.5000,6,5,0,0,0,5,0,1.0000
6,248.0000,6,7,268.7583,-84.0775,-0.3603,40,1.0000,0.0000,4,4,0,27,3,31,3,0.9032
6,248.0000,6,9,605.2995,-89.0707,0.5000,5,0.1250,1.0000,8,6,6,0,0,6,6,0.0000
6,248.0000,6,11,405.9022,-86.3909,-0.6474,28,0.7000,0.0000,4,8,8,0,0,8,8,0.0000
6,248.0000,6,14,360.8680,-86.8180,-0.2557,33,0.8250,0.2000,5,6,3,0,0,6,3,0.5000
6,248.0000,7,2,443.1168,-88.0934,-0.1720,17,0.4250,0.8571,7,8,7,0,0,8,7,0.1250
6,248.0000,7,3,414.2593,-86.9910,0.3301,25,0.6250,0.4000,5,6,3,0,0,6,3,0.5000
6,248.0000,7,4,594.5974,-89.3323,-0.0624,3,0.0750,1.0000,2,8,7,0,0,8,7,0.1250
6,248.0000,7,6,268.7583,-85.1963,0.0962,36,0.9000,0.0000,4,5,1,0,0,5,1,0.8000
6,248.0000,7,11,215.7986,-82.0632,-0.2883,38,0.9500,0.0000,4,4,0,0,0,4,0,1.0000
6,248.0000,8,1,487.1369,-89.0882,-0.4079,7,0.1750,1.0000,8,8,7,0,0,8,7,0.1250
6,248.0000,8,2,544.9955,-88.3511,-0.7370,7,0.1750,1.0000,8,8,8,0,0,8,8,0.0000
6,248.0000,8,4,508.8844,-88.4974,0.5201,4,0.1000,1.0000,8,7,6,0,0,7,6,0.1429
6,248.0000,9,3,458.2256,-88.4626,0.4276,14,0.3500,0.8571,7,6,4,0,0,6,4,0.3333
6,248.0000,9,5,453.6675,-88.1244,-0.2426,21,0.5250,0.7778,9,7,6,0,0,7,6,0.1429
6,248.0000,9,6,605.2995,-88.9282,0.1407,3,0.0750,1.0000,6,8,8,0,0,8,8,0.0000
6,248.0000,9,10,353.9246,-86.4287,0.2836,32,0.8000,0.5000,6,7,5,0,0,7,5,0.2857
6,248.0000,9,14,551.3904,-89.5182,0.1251,5,0.1250,1.0000,4,8,8,0,0,8,8,0.0000
6,248.0000,10,5,704.8129,-89.5029,0.2206,4,0.1000,1.0000,6,4,4,0,0,4,4,0.0000
6,248.0000,10,9,353.9246,-86.3263,-0.1548,30,0.7500,0.4000,5,6,3,0,0,6,3,0.5000
6,248.0000,10,14,623.7330,-88.9823,-0.8517,4,0.1000,1.0000,6,2,2,0,0,2,2,0.0000
6,248.0000,11,2,542.1516,-87.9795,-0.3524,19,0.4872,0.8750,8,8,7,0,0,8,7,0.1250
6,248.0000,11,3,529.8927,-87.6128,-0.2631,18,0.4615,0.8571,7,8,8,0,0,8,8,0.0000
6,248.0000,11,6,405.9022,-85.8603,-1.0152,30,0.7692,0.8571,7,7,6,0,0,7,6,0.1429
6,248.0000,11,7,215.7986,-81.9613,0.2275,39,1.0000,0.0000,4,4,0,0,0,4,0,1.0000
6,248.0000,11,14,755.7413,-88.9078,1.6355,3,0.0769,1.0000,8,2,2,0,0,2,2,0.0000
6,248.0000,12,1,660.6393,-89.1581,0.3207,3,0.0750,1.0000,6,8,8,0,0,8,8,0.0000
6,248.0000,12,4,626.8364,-89.2964,-0.0828,6,0.1500,1.0000,8,2,2,0,0,2,2,0.0000
6,248.0000,12,13,652.5870,-88.7983,0.5962,3,0.0750,1.0000,8,2,2,0,0,2,2,0.0000
6,248.0000,13,1,198.0815,-80.6870,-0.3884,40,1.0000,0.0000,4,4,0,0,0,4,0,1.0000
6,248.0000,13,12,652.5870,-89.0677,-0.5057,7,0.1750,1.0000,6,4,4,0,0,4,4,0.0000
6,248.0000,14,2,354.4158,-87.7330,-0.0860,28,0.6829,0.5714,7,6,2,0,0,6,2,0.6667
6,248.0000,14,3,332.0944,-86.7458,0.2089,31,0.7561,0.4400,50,5,1,0,0,5,1,0.8000
6,248.0000,14,4,321.2849,-83.7764,-0.6997,37,0.9024,0.2000,5,6,4,0,0,6,4,0.3333
6,248.0000,14,6,360.8680,-86.5799,0.0196,27,0.6585,0.3333,6,5,2,0,0,5,2,0.6000
6,248.0000,14,7,626.0497,-89.5404,-0.1887,4,0.0976,0.8750,8,8,8,0,0,8,8,0.0000
6,248.0000,14,12,638.5074,-88.3910,-0.2146,4,0.0976,1.0000,6,8,8,0,0,8,8,0.0000
6,252.0000,0,12,496.6679,-88.8404,0.0833,14,0.3500,0.8750,8,8,7,0,0,8,7,0.1250
6,252.0000,1,8,350.5711,-87.2870,0.5028,23,0.5750,0.7143,7,5,2,0,0,5,2,0.6000
6,252.0000,1,13,269.9263,-83.3261,-0.7384,38,0.9500,0.0000,4,4,0,0,0,4,0,1.0000
6,252.0000,2,3,395.6266,-87.4872,0.2838,24,0.6000,0.5000,6,5,1,0,0,5,1,0.8000
6,252.0000,2,4,267.2267,-84.0052,-0.0684,37,0.9250,0.0000,4,5,1,0,0,5,1,0.8000
6,252.0000,2,6,267.4299,-84.7778,-0.3576,35,0.8750,0.0000,4,5,2,0,0,5,2,0.6000
6,252.0000,2,7,463.7772,-87.6246,0.3270,23,0.5750,0.7692,13,7,5,82,69,89,74,0.1685
6,252.0000,2,8,564.4220,-89.0163,-0.0619,8,0.2000,1.0000,8,8,8,0,0,8,8,0.0000
6,252.0000,2,14,338.1159,-86.7063,0.0421,34,0.8500,0.5000,6,5,1,0,0,5,1,0.8000
6,252.0000,3,2,395.6266,-87.6946,-0.0811,20,0.5000,0.8571,7,5,4,0,0,5,4,0.2000
6,252.0000,3,4,465.3704,-88.1273,0.3762,23,0.5750,0.8750,8,10,10,0,0,10,10,0.0000
6,252.0000,3,5,488.0338,-88.6192,-0.3030,16,0.4000,0.8571,7,8,8,0,0,8,8,0.0000
6,252.0000,3,6,211.6388,-82.4450,0.2567,37,0.9250,0.0000,4,4,0,0,0,4,0,1.0000
6,252.0000,3,7,433.5868,-87.9161,0.1913,25,0.6250,0.6875,32,7,6,0,0,7,6,0.1429
6,252.0000,3,9,408.6827,-87.1835,0.6397,21,0.5250,0.8182,33,6,3,30,24,36,27,0.2500
6,252.0000,3,11,704.6201,-88.7886,-0.0131,4,0.1000,1.0000,8,2,2,0,0,2,2,0.0000
6,252.0000,3,14,288.1979,-86.4171,0.2597,34,0.8500,0.5000,6,4,0,0,0,4,0,1.0000
6,252.0000,4,2,267.2267,-84.4482,0.1465,40,1.0000,0.1111,9,4,0,79,46,83,46,0.4458
6,252.0000,4,3,465.3704,-87.4730,-0.7743,20,0.5000,0.7875,80,7,5,52,42,59,47,0.2034
6,252.0000,4,6,358.9734,-87.0137,0.1667,29,0.7250,0.6000,50,7,4,0,0,7,4,0.4286
6,252.0000,4,7,510.9066,-88.2209,0.7405,7,0.1750,0.8750,8,8,8,0,0,8,8,0.0000
6,252.0000,4,8,448.2708,-88.2362,-0.0027,16,0.4000,0.8750,8,6,3,0,0,6,3,0.5000
6,252.0000,4,14,488.3281,-87.2271,-0.6023,27,0.6750,0.5714,7,8,8,50,50,58,58,0.0000
6,252.0000,5,3,488.0338,-88.2803,-0.3046,13,0.3250,1.0000,8,8,8,0,0,8,8,0.0000
6,252.0000,5,9,482.7038,-88.2786,-0.3067,16,0.4000,1.0000,6,10,10,0,0,10,10,0.0000
6,252.0000,6,2,267.4299,-84.6381,-0.0030,39,0.9750,0.2000,5,5,1,0,0,5,1,0.8000
6,252.0000,6,3,211.6388,-82.8708,0.0729,40,1.0000,0.0000,4,4,0,0,0,4,0,1.0000
6,252.0000,6,4,358.9734,-86.9099,-0.1350,34,0.8500,0.0000,5,5,1,0,0,5,1,0.8000
6,252.0000,6,5,632.3639,-89.3815,1.5119,3,0.0750,1.0000,4,8,8,0,0,8,8,0.0000
6,252.0000,6,7,267.8448,-84.2704,0.0837,38,0.9500,0.0968,31,4,0,0,0,4,0,1.0000
6,252.0000,6,9,564.0143,-88.3280,-0.5667,5,0.1250,1.0000,6,8,7,0,0,8,7,0.1250
6,252.0000,6,11,570.7054,-88.0049,-0.2981,19,0.4750,1.0000,8,8,8,0,0,8,8,0.0000
6,252.0000,6,14,368.4966,-86.8669,-0.2068,30,0.7500,0.5000,6,7,4,0,0,7,4,0.4286
6,252.0000,7,2,463.7772,-88.2783,-0.1839,16,0.4000,0.8750,8,8,7,0,0,8,7,0.1250
6,252.0000,7,3,433.5868,-87.8953,-0.1085,26,0.6500,0.5000,6,6,3,0,0,6,3,0.5000
6,252.0000,7,4,510.9066,-89.1590,-0.3253,9,0.2250,0.8750,8,6,4,0,0,6,4,0.3333
6,252.0000,7,6,267.8448,-84.8646,-0.0761,34,0.8500,0.2000,5,4,0,0,0,4,0,1.0000
6,252.0000,7,11,342.3719,-84.5797,-1.1028,38,0.9500,0.0000,4,6,3,0,0,6,3,0.5000
6,252.0000,7,14,630.7698,-89.2030,-0.1848,4,0.1000,1.0000,8,4,4,0,0,4,4,0.0000
6,252.0000,8,1,350.5711,-87.1965,0.3208,21,0.5385,0.8750,8,6,2,0,0,6,2,0.6667
6,252.0000,8,2,564.4220,-89.1413,-0.5656,7,0.1795,1.0000,8,8,8,0,0,8,8,0.0000
6,252.0000,8,4,448.2708,-88.5871,-0.1148,12,0.3077,0.8571,7,5,4,0,0,5,4,0.2000
6,252.0000,8,13,522.2725,-88.9871,-0.0773,8,0.2051,1.0000,8,7,5,0,0,7,5,0.2857
6,252.0000,9,3,408.6827,-87.5947,0.2296,20,0.5000,0.6667,6,7,5,0,0,7,5,0.2857
6,252.0000,9,5,482.7038,-88.5133,0.3446,17,0.4250,0.8571,7,8,7,0,0,8,7,0.1250
6,252.0000,9,6,564.0143,-88.8609,-3.1887,3,0.0750,1.0000,8,8,8,0,0,8,8,0.0000
6,252.0000,9,10,390.6599,-86.8609,-0.2329,22,0.5500,0.7143,7,8,7,0,0,8,7,0.1250
6,252.0000,9,14,428.0411,-88.3487,0.5240,13,0.3250,1.0000,8,5,1,0,0,5,1,0.8000
6,252.0000,10,9,390.6599,-87.4311,-0.0787,32,0.8000,0.5000,6,7,3,0,0,7,3,0.5714
6,252.0000,11,3,704.6201,-89.4789,0.0889,5,0.1250,1.0000,8,4,4,0,0,4,4,0.0000
6,252.0000,11,6,570.7054,-88.1984,-0.6268,16,0.4000,0.8571,7,6,6,0,0,6,6,0.0000
6,252.0000,11,7,342.3719,-85.1769,-0.8976,37,0.9250,0.0000,4,7,6,0,0,7,6,0.1429
6,252.0000,12,0,496.6679,-89.0564,0.3077,10,0.2500,0.7143,7,8,7,0,0,8,7,0.1250
6,252.0000,12,14,594.5049,-88.7323,-0.3025,3,0.0750,1.0000,6,8,8,0,0,8,8,0.0000
6,252.0000,13,1,269.9263,-83.3674,-0.5416,40,1.0000,0.0000,4,5,1,0,0,5,1,0.8000
6,252.0000,13,8,522.2725,-88.8056,0.0766,8,0.2000,1.0000,8,8,8,0,0,8,8,0.0000
6,252.0000,14,2,338.1159,-86.9266,0.1121,32,0.8205,0.3333,6,5,1,0,0,5,1,0.8000
6,252.0000,14,3,288.1979,-85.3282,0.3796,35,0.8974,0.2000,5,5,2,0,0,5,2,0.6000
6,252.0000,14,4,488.3281,-87.4178,-0.9460,22,0.5641,0.6667,6,8,7,0,0,8,7,0.1250
6,252.0000,14,6,368.4966,-86.8975,0.2828,26,0.6667,0.4000,5,7,5,0,0,7,5,0.2857
6,252.0000,14,7,630.7698,-88.5609,0.8292,3,0.0769,1.0000,8,7,6,0,0,7,6,0.1429
6,252.0000,14,9,428.0411,-88.6674,0.2439,14,0.3590,1.0000,8,7,3,5,4,12,7,0.4167
6,252.0000,14,12,594.5049,-88.7816,0.2094,6,0.1538,1.0000,8,8,8,0,0,8,8,0.0000
6,256.0000,0,12,462.1631,-88.1123,0.6448,15,0.3750,0.8750,8,7,6,0,0,7,6,0.1429
6,256.0000,1,4,543.3508,-88.9260,-0.0051,3,0.0769,1.0000,6,8,7,0,0,8,7,0.1250
6,256.0000,1,8,289.1353,-86.0511,0.5302,33,0.8462,0.4000,5,4,0,0,0,4,0,1.0000
6,256.0000,1,13,360.8492,-85.7366,-0.3425,33,0.8462,0.0000,4,7,4,0,0,7,4,0.4286
6,256.0000,2,3,368.6311,-87.0748,0.0138,26,0.6500,0.2000,5,5,1,0,0,5,1,0.8000
6,256.0000,2,4,406.0170,-86.4765,-0.9115,30,0.7500,0.2000,5,8,7,0,0,8,7,0.1250
6,256.0000,2,6,281.7641,-85.1380,-0.3894,35,0.8750,0.4000,5,4,0,0,0,4,0,1.0000
6,256.0000,2,7,490.5849,-88.9763,0.2586,13,0.3250,0.8315,89,7,6,47,43,54,49,0.0926
6,256.0000,2,8,581.3297,-89.4393,-0.2578,3,0.0750,1.0000,8,6,6,0,0,6,6,0.0000
6,256.0000,2,9,610.9236,-89.4097,0.1291,5,0.1250,,0,8,8,0,0,8,8,0.0000
6,256.0000,2,14,336.3939,-87.0026,-0.6195,33,0.8250,0.2000,5,7,5,0,0,7,5,0.2857
6,256.0000,3,2,368.6311,-87.5417,0.2090,30,0.7500,0.8000,5,5,2,0,0,5,2,0.6000
6,256.0000,3,4,561.4624,-88.8853,-0.2134,16,0.4000,1.0000,10,6,6,0,0,6,6,0.0000
6,256.0000,3,5,472.5494,-88.0781,-0.1630,18,0.4500,1.0000,8,8,8,0,0,8,8,0.0000
6,256.0000,3,6,217.8455,-83.1081,0.1955,39,0.9750,0.0000,4,4,0,0,0,4,0,1.0000
6,256.0000,3,7,459.3825,-88.3581,-0.2644,21,0.5250,0.8571,7,7,6,0,0,7,6,0.1429
6,256.0000,3,9,375.6857,-87.3021,0.2151,28,0.7000,0.7500,36,6,2,0,0,6,2,0.6667
6,256.0000,3,14,252.4494,-84.7401,0.1641,38,0.9500,0.0000,4,4,0,0,0,4,0,1.0000
6,256.0000,4,1,543.3508,-89.2251,0.5369,3,0.0750,1.0000,10,7,6,0,0,7,6,0.1429
6,256.0000,4,2,406.0170,-86.0043,-1.0735,34,0.8500,0.5542,83,8,7,98,90,106,97,0.0849
6,256.0000,4,3,561.4624,-88.2968,-0.5900,15,0.3750,0.7966,59,8,8,0,0,8,8,0.0000
6,256.0000,4,6,417.6042,-87.5164,-0.3196,26,0.6500,0.5714,7,7,5,0,0,7,5,0.2857
6,256.0000,4,7,464.8376,-88.8046,-0.1223,15,0.3750,1.0000,8,6,4,0,0,6,4,0.3333
6,256.0000,4,8,446.3796,-88.2097,0.0125,21,0.5250,0.5000,6,8,8,0,0,8,8,0.0000
6,256.0000,4,14,667.1552,-88.6908,-1.1263,5,0.1250,1.0000,58,2,2,104,104,106,106,0.0000
6,256.0000,5,3,472.5494,-88.3060,0.1431,15,0.3750,1.0000,8,8,7,0,0,8,7,0.1250
6,256.0000,5,6,587.8996,-89.7071,0.0041,3,0.0750,1.0000,8,8,8,0,0,8,8,0.0000
6,256.0000,5,9,531.7697,-88.4509,0.0227,11,0.2750,1.0000,10,8,8,0,0,8,8,0.0000
6,256.0000,6,2,281.7641,-84.2155,0.0377,38,0.9500,0.2000,5,4,0,0,0,4,0,1.0000
6,256.0000,6,3,217.8455,-82.6403,-0.4159,40,1.0000,0.0000,4,4,0,0,0,4,0,1.0000
6,256.0000,6,4,417.6042,-87.1380,-0.3951,25,0.6250,0.2000,5,7,6,0,0,7,6,0.1429
6,256.0000,6,5,587.8996,-88.9950,0.1454,6,0.1500,1.0000,8,8,7,0,0,8,7,0.1250
6,256.0000,6,7,270.2732,-84.7892,-0.0791,37,0.9250,0.0000,4,4,0,0,0,4,0,1.0000
6,256.0000,6,9,539.3165,-89.0277,0.0047,13,0.3250,0.8750,8,7,6,0,0,7,6,0.1429
6,256.0000,6,14,381.8224,-87.8900,0.0294,24,0.6000,0.5714,7,6,4,0,0,6,4,0.3333
6,256.0000,7,2,490.5849,-88.3043,0.3765,13,0.3250,0.8750,8,8,8,0,0,8,8,0.0000
6,256.0000,7,3,459.3825,-88.1900,-0.6651,14,0.3500,0.5000,6,8,8,0,0,8,8,0.0000
6,256.0000,7,4,464.8376,-88.2674,-0.3029,17,0.4250,0.6667,6,6,4,0,0,6,4,0.3333
6,256.0000,7,5,654.5846,-89.3512,-0.1751,3,0.0750,1.0000,8,8,8,0,0,8,8,0.0000
6,256.0000,7,6,270.2732,-84.8057,0.2074,36,0.9000,0.0000,4,4,0,0,0,4,0,1.0000
6,256.0000,7,11,493.1944,-87.7139,-0.5818,21,0.5250,0.5000,6,8,8,0,0,8,8,0.0000
6,256.0000,8,1,289.1353,-85.2403,0.1519,35,0.8750,0.3333,6,5,1,0,0,5,1,0.8000
6,256.0000,8,2,581.3297,-88.5357,0.2205,4,0.1000,1.0000,8,8,8,0,0,8,8,0.0000
6,256.0000,8,4,446.3796,-87.2801,-0.3942,16,0.4000,0.8000,5,10,10,0,0,10,10,0.0000
6,256.0000,8,13,467.1149,-88.4151,-0.2560,17,0.4250,0.7143,7,7,6,0,0,7,6,0.1429
6,256.0000,9,3,375.6857,-87.6027,-0.0732,27,0.6750,0.7143,7,6,3,0,0,6,3,0.5000
6,256.0000,9,5,531.7697,-88.1858,-0.4727,12,0.3000,0.8750,8,8,8,0,0,8,8,0.0000
6,256.0000,9,6,539.3165,-88.7564,-0.0508,11,0.2750,1.0000,8,7,6,0,0,7,6,0.1429
6,256.0000,9,10,419.5396,-87.0081,-0.0336,26,0.6500,0.8750,8,6,4,0,0,6,4,0.3333
6,256.0000,9,14,318.4712,-86.5604,0.5574,22,0.5500,0.2000,5,4,0,0,0,4,0,1.0000
6,256.0000,10,9,419.5396,-87.4118,0.2870,26,0.6500,0.4286,7,8,7,0,0,8,7,0.1250
6,256.0000,10,14,583.1915,-89.2517,0.2701,4,0.1000,1.0000,8,4,4,0,0,4,4,0.0000
6,256.0000,11,7,493.1944,-87.7019,-0.6206,24,0.6000,0.8571,7,8,8,0,0,8,8,0.0000
6,256.0000,12,0,462.1631,-88.3664,0.0216,13,0.3250,0.8750,8,7,4,0,0,7,4,0.4286
6,256.0000,12,2,645.4051,-89.5729,0.0058,3,0.0750,1.0000,4,4,4,0,0,4,4,0.0000
6,256.0000,13,1,360.8492,-86.4977,-0.9833,35,0.8537,0.2000,5,6,3,0,0,6,3,0.5000
6,256.0000,13,8,467.1149,-87.8502,0.4391,14,0.3415,1.0000,8,6,4,0,0,6,4,0.3333
6,256.0000,14,2,336.3939,-86.3740,0.0169,31,0.7750,0.2000,5,5,2,0,0,5,2,0.6000
6,256.0000,14,3,252.4494,-84.0316,0.3477,36,0.9000,0.4000,5,4,0,0,0,4,0,1.0000
6,256.0000,14,4,667.1552,-88.8745,-0.3988,8,0.2000,0.8750,8,4,4,0,0,4,4,0.0000
6,256.0000,14,6,381.8224,-87.2637,-0.7173,24,0.6000,0.7143,7,6,3,0,0,6,3,0.5000
6,256.0000,14,9,318.4712,-86.9287,0.4436,27,0.6750,0.5833,12,4,0,0,0,4,0,1.0000
6,256.0000,14,10,583.1915,-88.9627,0.2108,7,0.1750,0.8750,8,10,10,0,0,10,10,0.0000
6,256.0000,14,12,554.7765,-88.7999,0.0431,10,0.2500,1.0000,8,6,5,0,0,6,5,0.1667
6,260.0000,0,2,647.2872,-89.3544,-0.1515,4,0.1000,,0,8,8,0,0,8,8,0.0000
6,260.0000,0,12,456.8578,-87.7075,0.0078,19,0.4750,0.8571,7,8,6,0,0,8,6,0.2500
6,260.0000,1,4,455.1309,-88.6318,0.3173,15,0.3750,0.8750,8,6,4,0,0,6,4,0.3333
6,260.0000,1,8,356.0065,-86.1414,-0.3647,33,0.8250,0.0000,4,5,2,0,0,5,2,0.6000
6,260.0000,1,13,433.3315,-87.4925,-0.0896,26,0.6500,0.5714,7,8,7,0,0,8,7,0.1250
6,260.0000,2,3,339.9684,-86.5269,0.2592,29,0.7250,0.2000,5,6,2,0,0,6,2,0.6667
6,260.0000,2,4,591.7588,-88.3694,-0.2025,15,0.3750,0.8750,8,4,4,0,0,4,4,0.0000
6,260.0000,2,6,290.2854,-85.6411,-0.1760,36,0.9000,0.0000,4,4,0,0,0,4,0,1.0000
6,260.0000,2,7,515.3062,-88.5417,0.1272,15,0.3750,0.9074,54,8,8,0,0,8,8,0.0000
6,260.0000,2,8,619.9550,-88.8577,0.0525,4,0.1000,1.0000,6,6,6,0,0,6,6,0.0000
6,260.0000,2,9,493.2599,-88.1986,0.2420,5,0.1250,1.0000,8,7,5,0,0,7,5,0.2857
6,260.0000,2,12,577.4801,-88.8813,0.7087,5,0.1250,1.0000,8,7,5,0,0,7,5,0.2857
6,260.0000,2,14,329.8576,-86.2349,0.3922,29,0.7250,0.7143,7,4,0,0,0,4,0,1.0000
6,260.0000,3,2,339.9684,-86.6991,0.3539,30,0.7500,0.4000,5,7,3,0,0,7,3,0.5714
6,260.0000,3,5,454.3780,-88.3877,-0.0048,19,0.4750,1.0000,8,7,4,0,0,7,4,0.4286
6,260.0000,3,6,230.0559,-83.1959,-0.4507,38,0.9500,0.0000,4,4,0,0,0,4,0,1.0000
6,260.0000,3,7,489.8442,-88.5545,-0.3245,9,0.2250,0.8571,7,8,7,0,0,8,7,0.1250
6,260.0000,3,9,320.8578,-87.0843,0.4061,32,0.8000,0.3333,6,6,2,1,0,7,2,0.7143
6,260.0000,3,12,605.8902,-89.3794,-0.2624,4,0.1000,,0,8,8,0,0,8,8,0.0000
6,260.0000,3,14,239.0897,-84.5968,0.1803,40,1.0000,0.0000,4,4,0,0,0,4,0,1.0000
6,260.0000,4,1,455.1309,-88.1260,-0.1279,16,0.4000,0.8571,7,8,6,0,0,8,6,0.2500
6,260.0000,4,2,591.7588,-88.1257,0.0088,12,0.3000,0.9151,106,4,4,4,4,8,8,0.0000
6,260.0000,4,6,518.5782,-88.0029,-0.4658,21,0.5250,0.7143,7,8,7,2,2,10,9,0.1000
6,260.0000,4,7,457.3069,-87.4976,0.2103,17,0.4250,0.6667,6,8,8,125,101,133,109,0.1805
6,260.0000,4,8,503.4038,-88.0953,0.2477,15,0.3750,1.0000,8,8,8,0,0,8,8,0.0000
6,260.0000,5,3,454.3780,-88.1786,0.3749,15,0.3750,0.8750,8,7,5,0,0,7,5,0.2857
6,260.0000,5,6,546.1271,-88.9775,-0.0534,4,0.1000,1.0000,8,8,8,0,0,8,8,0.0000
6,260.0000,5,7,630.2292,-87.9128,0.0571,3,0.0750,1.0000,8,8,8,0,0,8,8,0.0000
6,260.0000,5,9,578.5611,-88.5672,-0.2158,12,0.3000,1.0000,8,8,8,0,0,8,8,0.0000
6,260.0000,6,2,290.2854,-85.0574,-0.4815,40,1.0000,0.0000,4,4,0,0,0,4,0,1.0000
6,260.0000,6,3,230.0559,-82.9810,-0.0839,39,0.9750,0.0000,4,6,2,0,0,6,2,0.6667
6,260.0000,6,4,518.5782,-87.8773,0.0342,14,0.3500,0.8571,7,7,6,0,0,7,6,0.1429
6,260.0000,6,5,546.1271,-89.2257,0.3255,6,0.1500,0.8750,8,7,6,0,0,7,6,0.1429
6,260.0000,6,7,278.3171,-84.7749,-0.1748,40,1.0000,0.0000,4,4,0,2,1,6,1,0.8333
6,260.0000,6,9,500.9201,-88.1120,0.3781,14,0.3500,0.8571,7,8,7,21,20,29,27,0.0690
6,260.0000,6,14,406.5687,-87.3880,-0.0802,26,0.6500,0.6667,6,7,5,0,0,7,5,0.2857
6,260.0000,7,2,515.3062,-88.5687,0.1760,12,0.3000,1.0000,8,8,8,0,0,8,8,0.0000
6,260.0000,7,3,489.8442,-87.8264,0.5155,16,0.4000,1.0000,8,8,7,0,0,8,7,0.1250
6,260.0000,7,4,457.3069,-87.5730,0.3974,15,0.3750,0.6667,6,7,6,0,0,7,6,0.1429
6,260.0000,7,6,278.3171,-84.7902,0.1021,33,0.8250,0.0000,4,4,0,16,7,20,7,0.6500
6,260.0000,7,11,652.4775,-89.0638,-0.0831,7,0.1750,1.0000,8,4,4,0,0,4,4,0.0000
6,260.0000,8,1,356.0065,-85.5366,-0.4860,33,0.8250,0.2000,5,7,4,0,0,7,4,0.4286
6,260.0000,8,2,619.9550,-89.3130,0.0265,5,0.1250,1.0000,8,8,8,0,0,8,8,0.0000
6,260.0000,8,4,503.4038,-88.2721,-0.0518,12,0.3000,1.0000,10,8,8,0,0,8,8,0.0000
6,260.0000,8,13,460.9611,-87.8366,0.2474,20,0.5000,0.8571,7,8,8,0,0,8,8,0.0000
6,260.0000,9,2,493.2599,-88.4298,0.9432,9,0.2250,1.0000,8,8,5,0,0,8,5,0.3750
6,260.0000,9,3,320.8578,-86.7089,-0.1607,27,0.6750,0.5000,6,5,1,0,0,5,1,0.8000
6,260.0000,9,5,578.5611,-88.7391,0.1968,5,0.1250,1.0000,8,8,8,0,0,8,8,0.0000
6,260.0000,9,6,500.9201,-88.3173,0.6587,11,0.2750,0.8571,7,8,8,0,0,8,8,0.0000
6,260.0000,9,10,475.7598,-87.9849,0.0725,23,0.5750,0.6667,6,7,6,0,0,7,6,0.1429
6,260.0000,9,14,194.8201,-84.1712,0.5406,40,1.0000,0.0000,4,4,0,0,0,4,0,1.0000
6,260.0000,10,9,475.7598,-88.0120,-0.0446,18,0.4615,0.8750,8,8,8,0,0,8,8,0.0000
6,260.0000,10,14,576.8996,-88.8480,-0.1068,6,0.1538,1.0000,4,6,6,0,0,6,6,0.0000
6,260.0000,11,7,652.4775,-88.5850,0.3369,6,0.1500,1.0000,8,10,10,0,0,10,10,0.0000
6,260.0000,12,0,456.8578,-87.5656,-0.3963,19,0.4750,0.5714,7,8,8,0,0,8,8,0.0000
6,260.0000,12,2,577.4801,-88.0878,1.0184,4,0.1000,1.0000,4,6,4,0,0,6,4,0.3333
6,260.0000,12,14,518.2445,-88.3670,-0.0755,14,0.3500,1.0000,8,8,8,0,0,8,8,0.0000
6,260.0000,13,1,433.3315,-87.0572,-0.6843,25,0.6410,0.5000,6,7,6,0,0,7,6,0.1429
6,260.0000,13,8,460.9611,-88.1124,-0.1094,12,0.3077,0.6667,6,5,3,0,0,5,3,0.4000
6,260.0000,14,2,329.8576,-86.4240,0.5498,33,0.8049,0.4000,5,6,2,0,0,6,2,0.6667
6,260.0000,14,3,239.0897,-83.8581,-0.1579,40,0.9756,0.0000,4,4,0,0,0,4,0,1.0000
6,260.0000,14,6,406.5687,-87.6553,-0.1122,25,0.6098,0.5000,6,6,4,0,0,6,4,0.3333
6,260.0000,14,9,194.8201,-84.3371,0.5497,37,0.9024,0.0000,4,4,0,0,0,4,0,1.0000
6,260.0000,14,12,518.2445,-88.4098,0.7606,6,0.1463,0.8333,6,8,8,0,0,8,8,0.0000
6,264.0000,0,2,540.2707,-89.3304,-0.4288,8,0.2000,1.0000,8,8,7,0,0,8,7,0.1250
6,264.0000,0,12,484.0759,-88.0443,0.3661,18,0.4500,0.7500,8,7,6,0,0,7,6,0.1429
6,264.0000,0,14,676.9365,-89.1006,-0.2046,3,0.0750,1.0000,4,6,6,0,0,6,6,0.0000
6,264.0000,1,4,376.5389,-87.8268,0.3332,25,0.6098,0.6667,6,6,3,0,0,6,3,0.5000
6,264.0000,1,8,474.1148,-87.7406,-0.6676,25,0.6098,0.4000,5,6,4,0,0,6,4,0.3333
6,264.0000,1,13,509.2969,-88.2146,-0.3840,17,0.4146,0.8750,8,7,6,0,0,7,6,0.1429
6,264.0000,2,0,540.2707,-87.8254,0.2803,3,0.0750,1.0000,8,7,6,0,0,7,6,0.1429
6,264.0000,2,3,312.9727,-86.5420,0.6013,37,0.9250,0.3333,6,6,3,0,0,6,3,0.5000
6,264.0000,2,6,311.3613,-85.9313,-0.2303,38,0.9500,0.0000,4,6,3,0,0,6,3,0.5000
6,264.0000,2,7,551.7311,-88.7631,-0.0173,9,0.2250,1.0000,8,8,8,0,0,8,8,0.0000
6,264.0000,2,8,668.8473,-89.1911,-0.1014,6,0.1500,1.0000,6,6,6,0,0,6,6,0.0000
6,264.0000,2,9,372.4520,-87.9699,0.4214,27,0.6750,0.7143,7,5,1,0,0,5,1,0.8000
6,264.0000,2,12,514.4678,-89.1159,-0.4497,4,0.1000,0.7143,7,8,8,0,0,8,8,0.0000
6,264.0000,2,14,326.5407,-86.3865,-0.0943,31,0.7750,0.0000,4,6,3,0,0,6,3,0.5000
6,264.0000,3,2,312.9727,-86.5305,0.6896,33,0.8250,0.4286,7,4,0,0,0,4,0,1.0000
6,264.0000,3,5,441.0922,-87.6528,0.0087,12,0.3000,0.5714,7,6,3,0,0,6,3,0.5000
6,264.0000,3,6,239.6997,-83.2033,-0.0376,39,0.9750,0.0000,4,4,0,0,0,4,0,1.0000
6,264.0000,3,7,522.3342,-88.3476,0.1388,14,0.3500,0.8750,8,8,8,0,0,8,8,0.0000
6,264.0000,3,9,283.6782,-86.1821,0.6138,35,0.8750,0.2857,7,4,0,0,0,4,0,1.0000
6,264.0000,3,12,525.1107,-88.2387,-0.4519,7,0.1750,1.0000,8,8,8,0,0,8,8,0.0000
6,264.0000,3,14,241.4187,-83.5048,0.1375,38,0.9500,0.0000,4,4,0,0,0,4,0,1.0000
6,264.0000,4,1,376.5389,-87.4601,0.5800,28,0.7000,0.7500,8,5,2,0,0,5,2,0.6000
6,264.0000,4,6,635.8493,-88.7456,-0.2129,5,0.1250,0.9000,10,2,2,0,0,2,2,0.0000
6,264.0000,4,7,475.4287,-87.4191,-0.6425,17,0.4250,0.8195,133,7,6,198,184,205,190,0.0732
6,264.0000,4,8,622.9755,-88.1111,-0.2270,9,0.2250,1.0000,8,8,8,0,0,8,8,0.0000
6,264.0000,5,3,441.0922,-87.8821,-0.5023,18,0.4500,0.7143,7,7,4,0,0,7,4,0.4286
6,264.0000,5,6,495.1126,-88.5853,0.1635,15,0.3750,1.0000,8,8,7,0,0,8,7,0.1250
6,264.0000,5,7,601.6942,-89.3103,-0.9187,4,0.1000,1.0000,8,8,8,0,0,8,8,0.0000
6,264.0000,5,9,631.5564,-88.7297,0.2791,6,0.1500,1.0000,8,6,6,0,0,6,6,0.0000
6,264.0000,6,2,311.3613,-85.2552,0.2961,36,0.9000,0.0000,4,5,1,0,0,5,1,0.8000
6,264.0000,6,3,239.6997,-83.6200,0.0262,40,1.0000,0.3333,6,4,0,0,0,4,0,1.0000
6,264.0000,6,4,635.8493,-88.1818,-0.0583,8,0.2000,0.8571,7,4,4,0,0,4,4,0.0000
6,264.0000,6,5,495.1126,-88.8009,-0.0421,9,0.2250,0.8571,7,8,7,0,0,8,7,0.1250
6,264.0000,6,7,291.3532,-85.1308,0.1094,38,0.9500,0.1667,6,4,0,0,0,4,0,1.0000
6,264.0000,6,9,475.4547,-88.2535,0.1095,15,0.3750,0.9310,29,7,6,50,47,57,53,0.0702
6,264.0000,6,14,440.2557,-87.8702,-0.6353,23,0.5750,0.7143,7,7,4,0,0,7,4,0.4286
6,264.0000,7,2,551.7311,-89.3183,-0.1349,10,0.2500,1.0000,8,8,8,0,0,8,8,0.0000
6,264.0000,7,3,522.3342,-87.6926,0.1579,7,0.1750,0.8750,8,8,8,0,0,8,8,0.0000
6,264.0000,7,4,475.4287,-87.9994,0.1031,18,0.4500,0.8571,7,8,8,0,0,8,8,0.0000
6,264.0000,7,6,291.3532,-85.8545,0.1895,36,0.9000,0.3500,20,4,0,40,20,44,20,0.5455
6,264.0000,8,1,474.1148,-87.8433,-0.6033,18,0.4390,0.5714,7,7,5,0,0,7,5,0.2857
6,264.0000,8,2,668.8473,-89.4805,-0.1132,4,0.0976,1.0000,8,4,4,0,0,4,4,0.0000
6,264.0000,8,4,622.9755,-88.6680,-0.5674,8,0.1951,1.0000,8,6,6,0,0,6,6,0.0000
6,264.0000,8,13,419.7590,-88.3435,0.3278,23,0.5610,1.0000,8,8,6,0,0,8,6,0.2500
6,264.0000,9,2,372.4520,-87.9550,0.1521,25,0.6250,0.6250,8,4,0,0,0,4,0,1.0000
6,264.0000,9,3,283.6782,-85.4836,-0.0236,35,0.8750,0.2000,5,4,0,0,0,4,0,1.0000
6,264.0000,9,5,631.5564,-88.8887,0.1593,4,0.1000,1.0000,8,2,2,0,0,2,2,0.0000
6,264.0000,9,6,475.4547,-87.8536,0.5890,11,0.2750,1.0000,8,6,4,0,0,6,4,0.3333
6,264.0000,9,10,544.2077,-88.1068,0.2206,12,0.3000,0.8571,7,8,8,0,0,8,8,0.0000
6,264.0000,9,12,551.9390,-89.0549,0.2146,4,0.1000,1.0000,8,8,8,0,0,8,8,0.0000
6,264.0000,9,14,74.1997,-77.7545,2.2153,40,1.0000,0.0000,4,4,0,0,0,4,0,1.0000
6,264.0000,10,9,544.2077,-88.1627,-0.8161,12,0.3000,1.0000,8,8,7,0,0,8,7,0.1250
6,264.0000,10,14,577.0311,-89.0738,0.1920,9,0.2250,1.0000,6,6,4,0,0,6,4,0.3333
6,264.0000,11,7,744.4075,-89.0098,5.3187,4,0.1000,1.0000,10,2,2,0,0,2,2,0.0000
6,264.0000,12,0,484.0759,-88.4066,-0.0229,16,0.4000,1.0000,8,8,8,0,0,8,8,0.0000
6,264.0000,12,2,514.4678,-88.5279,-0.3940,6,0.1500,0.6667,6,10,10,0,0,10,10,0.0000
6,264.0000,12,3,525.1107,-88.4250,0.5360,6,0.1500,1.0000,8,7,6,0,0,7,6,0.1429
6,264.0000,12,9,551.9390,-89.2035,-0.2377,9,0.2250,1.0000,8,7,6,0,0,7,6,0.1429
6,264.0000,12,14,484.4660,-88.2020,0.4835,13,0.3250,1.0000,8,7,6,0,0,7,6,0.1429
6,264.0000,13,1,509.2969,-88.2831,-0.1000,20,0.5000,0.8571,7,7,6,0,0,7,6,0.1429
6,264.0000,13,8,419.7590,-88.0791,0.3170,20,0.5000,0.6000,5,5,2,0,0,5,2,0.6000
6,264.0000,14,2,326.5407,-87.0053,-0.5004,34,0.8718,0.3333,6,5,2,0,0,5,2,0.6000
6,264.0000,14,3,241.4187,-83.5243,0.3909,39,1.0000,0.0000,4,4,0,0,0,4,0,1.0000
6,264.0000,14,5,622.9079,-88.9627,0.4189,4,0.1026,1.0000,4,8,8,0,0,8,8,0.0000
6,264.0000,14,6,440.2557,-87.8269,0.0375,25,0.6410,0.6667,6,6,3,0,0,6,3,0.5000
6,264.0000,14,9,74.1997,-78.2939,2.4016,38,0.9744,0.0000,4,4,0,0,0,4,0,1.0000
6,264.0000,14,10,577.0311,-88.7424,0.5382,9,0.2308,1.0000,8,8,8,0,0,8,8,0.0000
6,264.0000,14,12,484.4660,-88.3337,0.2018,11,0.2821,1.0000,8,7,6,0,0,7,6,0.1429
6,268.0000,0,2,465.9888,-88.1604,-0.0378,17,0.4250,0.8750,8,8,8,0,0,8,8,0.0000
6,268.0000,0,8,498.7645,-89.4361,-0.1398,3,0.0750,0.8571,7,5,2,0,0,5,2,0.6000
6,268.0000,0,12,529.9693,-88.9769,-0.0209,10,0.2500,0.8571,7,8,7,0,0,8,7,0.1250
6,268.0000,0,14,704.9566,-89.0373,-0.1214,3,0.0750,1.0000,6,6,6,0,0,6,6,0.0000
6,268.0000,1,4,311.8602,-86.4970,0.0449,30,0.7500,0.5000,6,4,0,0,0,4,0,1.0000
6,268.0000,1,8,560.9860,-88.6182,-0.6678,7,0.1750,0.6667,6,8,8,0,0,8,8,0.0000
6,268.0000,1,13,579.0588,-88.4251,-0.1114,5,0.1250,0.8571,7,8,8,0,0,8,8,0.0000
6,268.0000,2,0,465.9888,-88.3208,0.2367,11,0.2750,0.8571,7,5,2,0,0,5,2,0.6000
6,268.0000,2,3,293.1300,-85.5710,0.2005,37,0.9250,0.5000,6,4,0,0,0,4,0,1.0000
6,268.0000,2,6,354.8424,-86.4196,-0.3972,32,0.8000,0.5000,6,6,4,0,0,6,4,0.3333
6,268.0000,2,7,593.8239,-89.5747,-0.0530,8,0.2000,1.0000,8,6,6,0,0,6,6,0.0000
6,268.0000,2,9,233.9713,-85.6229,0.5841,36,0.9000,0.2000,5,5,2,0,0,5,2,0.6000
6,268.0000,2,12,466.2609,-88.5661,0.5330,17,0.4250,1.0000,8,8,8,0,0,8,8,0.0000
6,268.0000,2,14,327.5709,-86.6655,-0.3770,32,0.8000,0.5000,6,5,2,0,0,5,2,0.6000
6,268.0000,3,2,293.1300,-86.2828,0.3494,35,0.8750,0.0000,4,4,0,0,0,4,0,1.0000
6,268.0000,3,5,452.8924,-87.6661,0.2419,15,0.3750,0.5000,6,8,8,0,0,8,8,0.0000
6,268.0000,3,6,244.8663,-83.8041,-0.5379,39,0.9750,0.0000,4,4,0,14,1,18,1,0.9444
6,268.0000,3,7,532.4545,-88.5446,-0.4212,14,0.3500,1.0000,8,7,6,0,0,7,6,0.1429
6,268.0000,3,9,249.8071,-84.6185,0.3099,37,0.9250,0.0000,4,4,0,0,0,4,0,1.0000
6,268.0000,3,12,449.1558,-88.4960,0.3507,19,0.4750,1.0000,8,7,4,0,0,7,4,0.4286
6,268.0000,3,14,256.2314,-83.7759,-0.0134,38,0.9500,0.0000,4,5,1,0,0,5,1,0.8000
6,268.0000,4,1,311.8602,-86.3863,0.4615,33,0.8250,0.4000,5,4,0,0,0,4,0,1.0000
6,268.0000,4,7,533.2160,-88.2136,0.0032,14,0.3500,0.9268,205,7,5,12,11,19,16,0.1579
6,268.0000,5,3,452.8924,-87.3244,0.0510,13,0.3250,0.5714,7,8,8,0,0,8,8,0.0000
6,268.0000,5,6,442.8569,-88.1531,0.0798,14,0.3500,0.8750,8,7,4,0,0,7,4,0.4286
6,268.0000,5,14,643.6078,-89.3768,0.1667,5,0.1250,1.0000,8,2,2,0,0,2,2,0.0000
6,268.0000,6,2,354.8424,-86.3807,-0.0796,36,0.9000,0.2000,5,5,1,0,0,5,1,0.8000
6,268.0000,6,3,244.8663,-84.2857,-0.0148,40,1.0000,0.0000,4,4,0,0,0,4,0,1.0000
6,268.0000,6,5,442.8569,-88.2755,0.6011,14,0.3500,0.8750,8,6,3,0,0,6,3,0.5000
6,268.0000,6,7,289.2795,-85.6350,-0.0254,39,0.9750,0.0000,4,4,0,14,1,18,1,0.9444
6,268.0000,6,9,438.5804,-88.0644,-0.1280,20,0.5000,0.9298,57,7,5,4,4,11,9,0.1818
6,268.0000,6,14,475.1610,-88.1075,0.0643,13,0.3250,0.5714,7,8,8,0,0,8,8,0.0000
6,268.0000,7,2,593.8239,-88.4512,0.3736,5,0.1220,1.0000,8,8,8,0,0,8,8,0.0000
6,268.0000,7,3,532.4545,-88.3472,0.2755,10,0.2439,1.0000,8,8,8,0,0,8,8,0.0000
6,268.0000,7,4,533.2160,-88.5970,-0.2712,9,0.2195,1.0000,8,8,8,0,0,8,8,0.0000
6,268.0000,7,5,547.5481,-88.4654,0.4873,8,0.1951,1.0000,8,8,7,0,0,8,7,0.1250
6,268.0000,7,6,289.2795,-85.6550,0.0253,37,0.9024,0.4545,44,5,1,3,2,8,3,0.6250
6,268.0000,8,0,498.7645,-89.0048,0.3660,10,0.2500,1.0000,4,8,8,0,0,8,8,0.0000
6,268.0000,8,1,560.9860,-88.7121,-0.3231,14,0.3500,0.7143,7,6,6,0,0,6,6,0.0000
6,268.0000,8,13,343.8277,-87.3509,0.4670,27,0.6750,0.7500,8,5,2,0,0,5,2,0.6000
6,268.0000,9,2,233.9713,-86.3147,0.9348,37,0.9024,0.0000,4,4,0,0,0,4,0,1.0000
6,268.0000,9,3,249.8071,-85.0808,0.2626,38,0.9268,0.0000,4,4,0,0,0,4,0,1.0000
6,268.0000,9,6,438.5804,-88.0998,-0.1380,18,0.4390,0.6667,6,7,4,0,0,7,4,0.4286
6,268.0000,9,10,537.0210,-89.5650,-0.0420,6,0.1463,1.0000,8,8,7,0,0,8,7,0.1250
6,268.0000,9,12,452.7863,-88.3484,0.5946,9,0.2195,1.0000,8,5,2,0,0,5,2,0.6000
6,268.0000,9,14,99.6285,-70.8980,-0.7991,41,1.0000,0.0000,4,4,0,0,0,4,0,1.0000
6,268.0000,10,9,537.0210,-88.8718,0.6083,9,0.2195,0.8750,8,8,8,0,0,8,8,0.0000
6,268.0000,10,14,468.7402,-88.2280,0.1893,11,0.2683,0.6667,6,7,5,0,0,7,5,0.2857
6,268.0000,12,0,529.9693,-88.3356,0.1482,9,0.2250,1.0000,8,7,6,0,0,7,6,0.1429
6,268.0000,12,2,466.2609,-87.8353,0.7570,11,0.2750,1.0000,10,7,6,0,0,7,6,0.1429
6,268.0000,12,3,449.1558,-87.8007,0.8152,11,0.2750,0.8571,7,8,6,0,0,8,6,0.2500
6,268.0000,12,6,616.3433,-89.5567,0.4578,3,0.0750,1.0000,2,6,6,0,0,6,6,0.0000
6,268.0000,12,9,452.7863,-88.2496,0.4747,15,0.3750,0.8571,7,6,4,0,0,6,4,0.3333
6,268.0000,12,14,462.9950,-87.5904,0.0548,16,0.4000,0.8571,7,7,6,0,0,7,6,0.1429
6,268.0000,13,1,579.0588,-88.5510,0.2601,11,0.2750,0.8571,7,6,6,0,0,6,6,0.0000
6,268.0000,13,8,343.8277,-86.6444,0.5022,25,0.6250,0.4000,5,4,0,0,0,4,0,1.0000
6,268.0000,14,2,327.5709,-86.4535,0.0838,28,0.7000,0.4000,5,6,3,0,0,6,3,0.5000
6,268.0000,14,3,256.2314,-84.0348,-0.0342,40,1.0000,0.0000,4,4,0,0,0,4,0,1.0000
6,268.0000,14,5,643.6078,-89.1908,-0.4911,4,0.1000,1.0000,8,8,8,0,0,8,8,0.0000
6,268.0000,14,6,475.1610,-87.8326,-0.1710,17,0.4250,0.5000,6,8,8,0,0,8,8,0.0000
6,268.0000,14,9,99.6285,-70.8488,-0.8010,40,1.0000,0.0000,4,4,0,0,0,4,0,1.0000
6,268.0000,14,10,468.7402,-88.8972,0.1665,9,0.2250,1.0000,8,6,3,0,0,6,3,0.5000
6,268.0000,14,12,462.9950,-88.6855,-0.2096,16,0.4000,0.8571,7,8,8,0,0,8,8,0.0000
6,272.0000,0,2,426.3894,-88.1879,0.2468,19,0.4750,1.0000,8,6,3,0,0,6,3,0.5000
6,272.0000,0,6,669.4618,-88.7483,0.6589,3,0.0750,1.0000,2,8,8,0,0,8,8,0.0000
6,272.0000,0,8,389.1844,-87.7523,0.4249,21,0.5250,0.4000,5,6,2,0,0,6,2,0.6667
6,272.0000,0,9,539.3253,-88.5438,0.2463,5,0.1250,1.0000,8,8,8,0,0,8,8,0.0000
6,272.0000,0,12,596.8277,-88.1292,-0.4869,5,0.1250,0.8750,8,8,8,0,0,8,8,0.0000
6,272.0000,0,13,626.1565,-89.4791,0.4821,4,0.1000,1.0000,6,8,8,0,0,8,8,0.0000
6,272.0000,1,4,232.8540,-84.8233,0.7262,37,0.9250,0.0000,4,4,0,0,0,4,0,1.0000
6,272.0000,1,7,588.4937,-89.6052,-0.0092,3,0.0750,1.0000,8,8,8,0,0,8,8,0.0000
6,272.0000,1,13,665.8081,-89.0975,0.4565,3,0.0750,1.0000,8,6,6,0,0,6,6,0.0000
6,272.0000,2,0,426.3894,-88.7586,0.1658,19,0.4750,0.4000,5,7,6,0,0,7,6,0.1429
6,272.0000,2,3,300.5540,-85.4068,-0.3564,38,0.9500,0.0000,4,4,0,0,0,4,0,1.0000
6,272.0000,2,6,411.2133,-87.5824,-0.3130,25,0.6250,0.6667,6,6,4,0,0,6,4,0.3333
6,272.0000,2,7,647.3752,-89.2625,0.0663,5,0.1250,1.0000,6,6,6,0,0,6,6,0.0000
6,272.0000,2,9,130.5680,-80.6136,1.5471,39,0.9750,0.4000,5,4,0,0,0,4,0,1.0000
6,272.0000,2,10,581.0248,-89.5483,0.6677,4,0.1000,1.0000,4,8,8,0,0,8,8,0.0000
6,272.0000,2,12,443.0653,-87.7534,0.3179,18,0.4500,1.0000,8,6,3,0,0,6,3,0.5000
6,272.0000,2,14,355.8366,-86.5093,0.1923,26,0.6500,0.4000,5,5,2,0,0,5,2,0.6000
6,272.0000,3,0,650.5104,-88.6985,0.2394,3,0.0750,1.0000,6,6,6,0,0,6,6,0.0000
6,272.0000,3,2,300.5540,-85.6110,-0.4227,39,0.9750,0.0000,4,6,4,0,0,6,4,0.3333
6,272.0000,3,5,480.2529,-88.3696,-0.4570,19,0.4750,1.0000,8,8,8,0,0,8,8,0.0000
6,272.0000,3,6,256.3199,-84.0995,0.2170,38,0.9500,0.0556,18,4,0,74,35,78,35,0.5513
6,272.0000,3,7,544.8471,-88.6946,0.0938,12,0.3000,0.8571,7,8,8,0,0,8,8,0.0000
6,272.0000,3,9,249.1497,-83.8102,-0.1857,40,1.0000,0.0000,4,5,1,0,0,5,1,0.8000
6,272.0000,3,10,560.8048,-88.7001,-0.9303,4,0.1000,0.6667,3,8,8,0,0,8,8,0.0000
6,272.0000,3,12,388.0057,-88.0680,0.2004,25,0.6250,0.5714,7,8,5,0,0,8,5,0.3750
6,272.0000,3,14,278.2407,-85.1020,-0.5635,40,1.0000,0.2000,5,4,0,1,0,5,0,1.0000
6,272.0000,4,1,232.8540,-84.9560,0.5980,38,0.9500,0.0000,4,4,0,0,0,4,0,1.0000
6,272.0000,4,7,452.9720,-88.6896,0.5444,9,0.2250,0.8421,19,8,6,45,41,53,47,0.1132
6,272.0000,5,3,480.2529,-88.4164,-1.2511,14,0.3500,1.0000,8,6,4,0,0,6,4,0.3333
6,272.0000,5,6,411.8852,-88.2279,-0.0308,24,0.6000,0.5714,7,7,5,0,0,7,5,0.2857
6,272.0000,5,7,502.4983,-88.6763,-0.1663,14,0.3500,1.0000,8,8,8,0,0,8,8,0.0000
6,272.0000,5,14,683.0273,-89.1270,0.2392,3,0.0750,1.0000,2,8,8,0,0,8,8,0.0000
6,272.0000,6,2,411.2133,-87.3441,-0.3149,26,0.6500,0.2000,5,8,8,0,0,8,8,0.0000
6,272.0000,6,3,256.3199,-84.3055,-0.1504,39,0.9750,0.0000,4,5,1,0,0,5,1,0.8000
6,272.0000,6,5,411.8852,-88.3544,0.2626,20,0.5000,0.5000,6,7,5,0,0,7,5,0.2857
6,272.0000,6,7,288.5675,-85.7914,-0.1884,37,0.9250,0.0556,18,4,0,4,0,8,0,1.0000
6,272.0000,6,9,431.9091,-87.7133,0.1989,20,0.5000,0.8182,11,8,7,0,0,8,7,0.1250
6,272.0000,6,12,580.8409,-88.9036,-0.4476,6,0.1500,1.0000,8,8,8,0,0,8,8,0.0000
6,272.0000,6,14,512.7501,-88.2082,-0.2698,16,0.4000,1.0000,8,8,8,0,0,8,8,0.0000
6,272.0000,7,1,588.4937,-89.2833,-0.1807,5,0.1250,1.0000,6,8,8,0,0,8,8,0.0000
6,272.0000,7,3,544.8471,-88.7178,0.4254,10,0.2500,1.0000,8,8,7,0,0,8,7,0.1250
6,272.0000,7,4,452.9720,-88.4805,0.3975,16,0.4000,1.0000,8,8,6,0,0,8,6,0.2500
6,272.0000,7,5,502.4983,-89.2130,0.0457,10,0.2500,0.8750,8,8,7,0,0,8,7,0.1250
6,272.0000,7,6,288.5675,-85.1369,-0.3115,36,0.9000,0.3750,8,4,0,0,0,4,0,1.0000
6,272.0000,7,9,697.8253,-89.0226,-0.2245,3,0.0750,1.0000,8,4,4,0,0,4,4,0.0000
6,272.0000,8,0,389.1844,-87.4994,0.2105,16,0.4103,1.0000,8,7,3,0,0,7,3,0.5714
6,272.0000,8,1,675.6421,-89.0435,0.2406,8,0.2051,1.0000,6,2,2,0,0,2,2,0.0000
6,272.0000,8,13,287.4336,-85.8471,0.6242,35,0.8974,0.4000,5,4,0,0,0,4,0,1.0000
6,272.0000,9,0,539.3253,-89.0483,-0.3654,8,0.2000,1.0000,8,6,5,0,0,6,5,0.1667
6,272.0000,9,2,130.5680,-80.7902,1.4993,40,1.0000,0.0000,4,4,0,0,0,4,0,1.0000
6,272.0000,9,3,249.1497,-84.1815,0.2378,38,0.9500,0.0000,4,4,0,0,0,4,0,1.0000
6,272.0000,9,6,431.9091,-88.1268,0.0470,19,0.4750,0.5714,7,7,6,0,0,7,6,0.1429
6,272.0000,9,7,697.8253,-88.5619,-1.2247,4,0.1000,1.0000,6,4,4,0,0,4,4,0.0000
6,272.0000,9,10,459.4098,-88.7542,0.0423,10,0.2500,0.8750,8,7,6,0,0,7,6,0.1429
6,272.0000,9,12,403.9707,-87.9027,0.4856,23,0.5750,0.4000,5,6,3,0,0,6,3,0.5000
6,272.0000,9,14,226.9183,-79.8959,-1.7297,38,0.9500,0.0000,4,4,0,0,0,4,0,1.0000
6,272.0000,10,3,560.8048,-88.0620,-0.1763,5,0.1250,1.0000,4,8,8,0,0,8,8,0.0000
6,272.0000,10,9,459.4098,-88.4462,-0.0466,11,0.2750,1.0000,8,7,6,0,0,7,6,0.1429
6,272.0000,10,12,539.4159,-89.4062,0.2172,3,0.0750,0.8000,5,8,7,0,0,8,7,0.1250
6,272.0000,10,14,304.7075,-86.8673,0.5664,26,0.6500,0.7143,7,4,0,0,0,4,0,1.0000
6,272.0000,12,0,596.8277,-88.6640,0.3743,8,0.1951,0.8571,7,8,8,0,0,8,8,0.0000
6,272.0000,12,2,443.0653,-87.4449,-0.4412,16,0.3902,0.8571,7,4,2,0,0,4,2,0.5000
6,272.0000,12,3,388.0057,-87.3007,-0.0839,22,0.5366,0.7500,8,7,3,2,1,9,4,0.5556
6,272.0000,12,6,580.8409,-88.5868,-0.3852,6,0.1463,1.0000,6,8,8,0,0,8,8,0.0000
6,272.0000,12,9,403.9707,-88.1737,-0.2476,28,0.6829,0.6667,6,6,3,2,2,8,5,0.3750
6,272.0000,12,10,539.4159,-89.0169,0.5409,4,0.0976,1.0000,6,6,4,0,0,6,4,0.3333
6,272.0000,12,14,445.9099,-87.6397,0.7846,14,0.3415,0.8571,7,7,5,90,80,97,85,0.1237
6,272.0000,13,0,626.1565,-89.5833,-0.1948,3,0.0750,1.0000,2,8,8,0,0,8,8,0.0000
6,272.0000,13,1,665.8081,-89.3138,-0.0034,3,0.0750,1.0000,6,4,4,0,0,4,4,0.0000
6,272.0000,13,8,287.4336,-86.0503,0.3426,34,0.8500,0.0000,4,4,0,0,0,4,0,1.0000
6,272.0000,14,2,355.8366,-86.2265,-0.3123,36,0.8780,0.5000,6,6,3,0,0,6,3,0.5000
6,272.0000,14,3,278.2407,-84.4206,0.3646,39,0.9512,0.0000,4,5,0,0,0,5,0,1.0000
6,272.0000,14,6,512.7501,-88.4115,-0.1951,18,0.4390,1.0000,8,8,8,0,0,8,8,0.0000
6,272.0000,14,9,226.9183,-79.9265,-1.6876,41,1.0000,0.0000,4,5,1,0,0,5,1,0.8000
6,272.0000,14,10,304.7075,-87.1646,0.4757,30,0.7317,0.5000,6,4,0,0,0,4,0,1.0000
6,272.0000,14,12,445.9099,-88.0744,0.0817,21,0.5122,1.0000,8,6,4,0,0,6,4,0.3333
6,276.0000,0,2,469.0526,-87.7648,-0.2202,16,0.4000,0.5000,6,8,8,0,0,8,8,0.0000
6,276.0000,0,3,637.9299,-89.1577,-0.1147,4,0.1000,1.0000,8,6,6,0,0,6,6,0.0000
6,276.0000,0,6,591.4404,-89.4523,-0.1647,5,0.1250,1.0000,8,6,6,0,0,6,6,0.0000
6,276.0000,0,8,315.4802,-86.7486,0.1140,26,0.6500,0.3333,6,4,0,0,0,4,0,1.0000
6,276.0000,0,9,505.9569,-88.8625,-0.4702,3,0.0750,1.0000,8,8,8,0,0,8,8,0.0000
6,276.0000,0,12,677.7288,-89.5717,-0.0582,4,0.1000,1.0000,8,6,6,0,0,6,6,0.0000
6,276.0000,0,13,502.7214,-88.1345,0.1238,11,0.2750,1.0000,8,6,3,0,0,6,3,0.5000
6,276.0000,1,4,178.7990,-81.5894,0.6591,39,0.9750,0.0000,4,4,0,0,0,4,0,1.0000
6,276.0000,1,7,508.1952,-88.6304,0.5225,9,0.2250,1.0000,8,8,7,0,0,8,7,0.1250
6,276.0000,2,0,469.0526,-87.9907,-0.6066,20,0.5000,0.8571,7,8,8,0,0,8,8,0.0000
6,276.0000,2,3,318.0054,-85.8141,-0.6236,32,0.8000,0.0000,4,5,3,0,0,5,3,0.4000
6,276.0000,2,6,459.1465,-88.1457,0.1437,21,0.5250,0.6667,6,6,3,0,0,6,3,0.5000
6,276.0000,2,9,50.5479,-74.4166,2.6958,37,0.9250,0.0000,4,4,0,0,0,4,0,1.0000
6,276.0000,2,10,416.2209,-88.2796,0.6825,14,0.3500,1.0000,8,7,4,0,0,7,4,0.4286
6,276.0000,2,12,444.1953,-87.7022,0.0855,19,0.4750,0.5000,6,9,8,0,0,9,8,0.1111
6,276.0000,2,14,376.7401,-86.8634,-0.1003,27,0.6750,0.4000,5,8,8,0,0,8,8,0.0000
6,276.0000,3,0,637.9299,-88.9002,-0.1739,4,0.1000,1.0000,6,4,4,0,0,4,4,0.0000
6,276.0000,3,2,318.0054,-86.3906,0.1226,35,0.8750,0.6667,6,5,1,0,0,5,1,0.8000
6,276.0000,3,5,516.9471,-88.3913,-0.3459,14,0.3500,1.0000,8,8,8,0,0,8,8,0.0000
6,276.0000,3,6,276.6877,-84.5504,0.1979,38,0.9500,0.4487,78,4,0,0,0,4,0,1.0000
6,276.0000,3,7,561.0402,-88.6814,-0.1757,8,0.2000,1.0000,8,8,8,0,0,8,8,0.0000
6,276.0000,3,9,283.0745,-84.7723,-0.1334,40,1.0000,0.2000,5,4,0,0,0,4,0,1.0000
6,276.0000,3,10,410.7733,-88.7642,0.0032,19,0.4750,1.0000,8,4,0,0,0,4,0,1.0000
6,276.0000,3,12,340.5002,-87.6374,0.2671,31,0.7750,0.6250,8,5,2,0,0,5,2,0.6000
6,276.0000,3,14,300.1095,-85.8682,0.1058,36,0.9000,0.0000,5,5,1,0,0,5,1,0.8000
6,276.0000,4,1,178.7990,-82.3559,0.5836,40,1.0000,0.0000,4,4,0,0,0,4,0,1.0000
6,276.0000,4,6,612.9647,-89.4049,-0.0014,6,0.1500,1.0000,6,8,8,0,0,8,8,0.0000
6,276.0000,4,7,386.3461,-87.8081,0.1343,20,0.5000,0.8868,53,7,4,85,53,92,57,0.3804
6,276.0000,5,3,516.9471,-87.9327,0.5793,16,0.4000,0.6667,6,7,5,0,0,7,5,0.2857
6,276.0000,5,6,403.7666,-87.3472,-0.2129,21,0.5250,0.7143,7,7,4,0,0,7,4,0.4286
6,276.0000,5,7,462.2847,-88.0897,0.0133,13,0.3250,1.0000,8,7,5,0,0,7,5,0.2857
6,276.0000,5,12,698.5529,-89.0427,-0.0811,3,0.0750,1.0000,4,4,4,0,0,4,4,0.0000
6,276.0000,5,14,749.1580,-89.2727,-0.3239,3,0.0750,1.0000,8,2,2,0,0,2,2,0.0000
6,276.0000,6,2,459.1465,-87.7767,-0.3290,21,0.5250,1.0000,8,7,6,0,0,7,6,0.1429
6,276.0000,6,3,276.6877,-85.4264,-0.0982,37,0.9250,0.2000,5,5,2,0,0,5,2,0.6000
6,276.0000,6,5,403.7666,-87.8411,-0.1037,26,0.6500,0.7143,7,7,5,0,0,7,5,0.2857
6,276.0000,6,7,284.4982,-85.6394,0.0370,39,0.9750,0.0000,8,4,0,0,0,4,0,1.0000
6,276.0000,6,9,452.3879,-87.4685,-0.3293,15,0.3750,0.8750,8,7,6,0,0,7,6,0.1429
6,276.0000,6,12,550.2432,-88.9653,-0.2202,5,0.1250,1.0000,8,8,8,0,0,8,8,0.0000
6,276.0000,6,14,557.4766,-88.8478,0.2278,12,0.3000,1.0000,8,8,8,0,0,8,8,0.0000
6,276.0000,7,1,508.1952,-89.0887,-0.2701,6,0.1500,1.0000,8,7,5,0,0,7,5,0.2857
6,276.0000,7,3,561.0402,-89.2937,0.1639,3,0.0750,0.8750,8,8,8,0,0,8,8,0.0000
6,276.0000,7,4,386.3461,-87.9609,0.2950,23,0.5750,0.7500,8,7,3,0,0,7,3,0.5714
6,276.0000,7,5,462.2847,-88.8141,0.5553,15,0.3750,0.8750,8,8,6,0,0,8,6,0.2500
6,276.0000,7,6,284.4982,-85.6618,0.2555,33,0.8250,0.0000,4,4,0,0,0,4,0,1.0000
6,276.0000,8,0,315.4802,-86.9592,0.4925,33,0.8250,0.4286,7,4,0,0,0,4,0,1.0000
6,276.0000,8,13,252.3964,-84.9167,-0.0162,38,0.9500,0.0000,4,4,0,0,0,4,0,1.0000
6,276.0000,9,0,505.9569,-88.7203,0.2026,10,0.2500,0.8333,6,8,8,0,0,8,8,0.0000
6,276.0000,9,2,50.5479,-74.8804,2.3461,38,0.9500,0.0000,4,4,0,0,0,4,0,1.0000
6,276.0000,9,3,283.0745,-84.7878,-0.0269,36,0.9000,0.0000,4,6,3,0,0,6,3,0.5000
6,276.0000,9,6,452.3879,-88.6361,-0.3324,17,0.4250,0.8571,7,6,3,0,0,6,3,0.5000
6,276.0000,9,10,370.7931,-87.2331,0.2673,18,0.4500,0.8571,7,5,1,0,0,5,1,0.8000
6,276.0000,9,12,406.8863,-87.2068,0.3333,26,0.6500,0.5000,6,8,8,0,0,8,8,0.0000
6,276.0000,9,14,330.4348,-85.1854,-0.3026,36,0.9000,0.0000,4,7,5,0,0,7,5,0.2857
6,276.0000,10,2,416.2209,-88.3461,0.5365,13,0.3250,1.0000,8,7,5,0,0,7,5,0.2857
6,276.0000,10,3,410.7733,-88.2349,0.5360,10,0.2500,1.0000,8,6,4,0,0,6,4,0.3333
6,276.0000,10,9,370.7931,-87.2329,0.4470,22,0.5500,0.8571,7,5,2,0,0,5,2,0.6000
6,276.0000,10,12,402.1145,-88.4128,-0.0332,16,0.4000,0.8750,8,6,2,0,0,6,2,0.6667
6,276.0000,10,14,168.4019,-83.1752,1.1541,37,0.9250,0.0000,4,4,0,0,0,4,0,1.0000
6,276.0000,12,0,677.7288,-89.2021,-0.9916,3,0.0750,1.0000,8,4,4,0,0,4,4,0.0000
6,276.0000,12,2,444.1953,-88.5802,0.0639,22,0.5500,0.5000,4,7,6,0,0,7,6,0.1429
6,276.0000,12,3,340.5002,-87.2533,-0.5815,26,0.6500,0.4444,9,6,3,0,0,6,3,0.5000
6,276.0000,12,6,550.2432,-89.1154,0.0034,8,0.2000,1.0000,8,8,7,0,0,8,7,0.1250
6,276.0000,12,9,406.8863,-87.5851,-0.1673,24,0.6000,0.6250,8,7,5,0,0,7,5,0.2857
6,276.0000,12,10,402.1145,-86.9436,0.6052,11,0.2750,0.6667,6,5,2,0,0,5,2,0.6000
6,276.0000,12,14,428.0828,-88.3531,0.0993,20,0.5000,0.8763,97,6,4,93,65,99,69,0.3030
6,276.0000,13,0,502.7214,-88.7212,0.6034,6,0.1463,1.0000,8,8,8,0,0,8,8,0.0000
6,276.0000,13,8,252.3964,-84.7839,0.1744,39,0.9512,0.0000,4,5,1,0,0,5,1,0.8000
6,276.0000,14,2,376.7401,-87.9097,0.0157,30,0.7500,0.5000,6,6,3,0,0,6,3,0.5000
6,276.0000,14,3,300.1095,-85.9031,0.1602,38,0.9500,0.0000,5,3,0,0,0,3,0,1.0000
6,276.0000,14,6,557.4766,-88.3808,-0.1185,11,0.2750,1.0000,8,8,8,0,0,8,8,0.0000
6,276.0000,14,9,330.4348,-85.0350,-0.9146,38,0.9500,0.2000,5,7,5,0,0,7,5,0.2857
6,276.0000,14,10,168.4019,-83.2001,1.7345,40,1.0000,0.0000,4,4,2,0,0,4,2,0.5000
6,276.0000,14,12,428.0828,-87.8218,-0.1780,23,0.5750,0.6667,6,6,3,0,0,6,3,0.5000
6,280.0000,0,2,569.7449,-87.8299,-0.0238,11,0.2750,1.0000,8,6,6,0,0,6,6,0.0000
6,280.0000,0,6,540.4906,-88.7557,0.0030,6,0.1500,1.0000,6,8,8,0,0,8,8,0.0000
6,280.0000,0,8,291.0883,-85.7986,-0.0401,38,0.9500,0.0000,4,6,3,0,0,6,3,0.5000
6,280.0000,0,9,538.3898,-88.4278,0.4710,7,0.1750,1.0000,8,8,8,0,0,8,8,0.0000
6,280.0000,0,13,403.9023,-88.0123,-0.3354,16,0.4000,0.5000,6,5,1,0,0,5,1,0.8000
6,280.0000,1,4,146.3837,-79.8892,0.3275,39,0.9750,0.0000,4,4,0,0,0,4,0,1.0000
6,280.0000,1,5,547.0099,-89.0472,0.1430,4,0.1000,1.0000,4,8,7,0,0,8,7,0.1250
6,280.0000,1,7,457.0236,-89.0044,-0.2103,16,0.4000,0.8750,8,7,4,0,0,7,4,0.4286
6,280.0000,2,0,569.7449,-88.4498,-0.3226,8,0.2000,1.0000,8,2,2,0,0,2,2,0.0000
6,280.0000,2,3,358.9766,-86.6905,-0.0241,27,0.6750,0.6000,5,5,1,0,0,5,1,0.8000
6,280.0000,2,6,520.8540,-87.9696,0.0605,8,0.2000,0.5000,6,8,8,0,0,8,8,0.0000
6,280.0000,2,9,42.3608,-65.3926,0.3797,38,0.9500,0.0000,4,4,0,0,0,4,0,1.0000
6,280.0000,2,10,299.0269,-87.1141,0.6336,29,0.7250,0.5714,7,4,0,0,0,4,0,1.0000
6,280.0000,2,12,472.3239,-87.4053,-0.7024,14,0.3500,0.8889,9,8,8,0,0,8,8,0.0000
6,280.0000,2,14,390.0778,-87.5961,0.1334,22,0.5500,1.0000,8,4,0,0,0,4,0,1.0000
6,280.0000,3,2,358.9766,-86.6743,-0.3843,31,0.7750,0.2000,5,6,4,0,0,6,4,0.3333
6,280.0000,3,5,564.4121,-87.8840,0.5165,12,0.3000,1.0000,8,8,8,0,0,8,8,0.0000
6,280.0000,3,6,318.5123,-85.6059,0.0796,38,0.9500,0.0000,4,8,6,0,0,8,6,0.2500
6,280.0000,3,7,600.2253,-88.9592,0.1997,6,0.1500,1.0000,8,8,8,0,0,8,8,0.0000
6,280.0000,3,9,340.4041,-86.2159,0.0044,36,0.9000,0.0000,4,7,6,0,0,7,6,0.1429
6,280.0000,3,10,279.3419,-86.0650,0.9378,31,0.7750,0.0000,4,4,0,0,0,4,0,1.0000
6,280.0000,3,12,310.0830,-86.2320,0.3810,38,0.9500,0.4000,5,5,1,0,0,5,1,0.8000
6,280.0000,3,14,312.0463,-85.4688,-0.1453,39,0.9750,0.2000,5,5,2,0,0,5,2,0.6000
6,280.0000,4,1,146.3837,-80.0763,0.4688,40,1.0000,0.0000,4,5,1,0,0,5,1,0.8000
6,280.0000,4,5,505.5890,-88.5310,0.6198,4,0.1000,1.0000,8,7,6,0,0,7,6,0.1429
6,280.0000,4,6,549.3741,-89.4924,0.2114,5,0.1250,1.0000,8,8,8,0,0,8,8,0.0000
6,280.0000,4,7,326.8611,-87.4831,0.1277,30,0.7500,0.6196,92,4,0,75,31,79,31,0.6076
6,280.0000,5,3,564.4121,-89.4266,0.4224,4,0.1000,0.7143,7,6,6,0,0,6,6,0.0000
6,280.0000,5,4,505.5890,-88.9392,-0.0862,10,0.2500,1.0000,6,6,4,0,0,6,4,0.3333
6,280.0000,5,6,407.1347,-87.6441,-0.2512,21,0.5250,0.5714,7,6,4,0,0,6,4,0.3333
6,280.0000,5,7,442.2030,-88.0270,0.0381,20,0.5000,0.7143,7,8,8,0,0,8,8,0.0000
6,280.0000,6,0,540.4906,-88.5472,0.2379,10,0.2500,1.0000,8,8,8,0,0,8,8,0.0000
6,280.0000,6,2,520.8540,-88.3262,-0.2409,15,0.3750,0.8571,7,8,8,0,0,8,8,0.0000
6,280.0000,6,3,318.5123,-85.7870,-0.0230,37,0.9250,0.4000,5,6,2,0,0,6,2,0.6667
6,280.0000,6,4,549.3741,-89.6514,0.0099,4,0.1000,1.0000,8,8,8,0,0,8,8,0.0000
6,280.0000,6,5,407.1347,-87.3423,0.1824,31,0.7750,0.7143,7,8,8,0,0,8,8,0.0000
6,280.0000,6,7,282.8788,-85.6744,-0.2396,38,0.9500,0.0000,4,4,0,0,0,4,0,1.0000
6,280.0000,6,9,491.8512,-88.3928,-0.0308,18,0.4500,0.8571,7,7,6,0,0,7,6,0.1429
6,280.0000,6,12,547.8045,-89.0385,-0.3235,9,0.2250,1.0000,8,8,8,0,0,8,8,0.0000
6,280.0000,6,14,616.4368,-89.4382,-0.2884,7,0.1750,1.0000,8,8,8,0,0,8,8,0.0000
6,280.0000,7,0,577.1766,-88.9117,-0.2639,3,0.0769,,0,8,8,0,0,8,8,0.0000
6,280.0000,7,1,457.0236,-88.3010,0.2998,10,0.2564,0.7143,7,6,4,0,0,6,4,0.3333
6,280.0000,7,3,600.2253,-89.1495,0.4566,7,0.1795,1.0000,8,8,8,0,0,8,8,0.0000
6,280.0000,7,4,326.8611,-86.5550,0.6338,29,0.7436,0.4286,7,5,1,0,0,5,1,0.8000
6,280.0000,7,5,442.2030,-88.1688,-0.3548,21,0.5385,0.7500,8,6,4,0,0,6,4,0.3333
6,280.0000,7,6,282.8788,-84.8862,0.2174,35,0.8974,0.0000,4,5,2,0,0,5,2,0.6000
6,280.0000,8,0,291.0883,-85.1288,-0.0189,37,0.9250,0.0000,4,4,0,0,0,4,0,1.0000
6,280.0000,8,13,243.7936,-84.0134,-0.2563,40,1.0000,0.0000,4,4,0,0,0,4,0,1.0000
6,280.0000,9,0,538.3898,-88.9345,-0.0772,17,0.4250,1.0000,8,8,8,0,0,8,8,0.0000
6,280.0000,9,2,42.3608,-65.7334,0.3050,40,1.0000,0.0000,4,4,0,0,0,4,0,1.0000
6,280.0000,9,3,340.4041,-85.6973,-0.9578,35,0.8750,0.5000,6,8,7,0,0,8,7,0.1250
6,280.0000,9,6,491.8512,-88.8646,0.1348,17,0.4250,0.5000,6,7,5,0,0,7,5,0.2857
6,280.0000,9,10,304.5738,-86.3686,0.3656,34,0.8500,0.2000,5,6,3,0,0,6,3,0.5000
6,280.0000,9,12,449.4006,-88.0194,-0.5606,17,0.4250,1.0000,8,8,8,0,0,8,8,0.0000
6,280.0000,9,14,403.0110,-87.2966,-0.2165,24,0.6000,0.7143,7,7,6,0,0,7,6,0.1429
6,280.0000,10,2,299.0269,-86.9364,0.8147,31,0.7750,0.7143,7,5,1,0,0,5,1,0.8000
6,280.0000,10,3,279.3419,-86.4263,0.9054,32,0.8000,0.6667,6,4,0,0,0,4,0,1.0000
6,280.0000,10,9,304.5738,-86.5249,0.5426,32,0.8000,0.4000,5,4,0,0,0,4,0,1.0000
6,280.0000,10,12,307.8721,-86.7332,0.5239,30,0.7500,0.3333,6,4,0,0,0,4,0,1.0000
6,280.0000,10,14,146.4778,-78.8387,0.5253,40,1.0000,0.0000,4,4,0,0,0,4,0,1.0000
6,280.0000,12,2,472.3239,-87.9165,-0.0955,21,0.5250,0.8571,7,8,8,0,0,8,8,0.0000
6,280.0000,12,3,310.0830,-86.2871,0.7563,34,0.8500,0.5000,6,7,4,0,0,7,4,0.4286
6,280.0000,12,6,547.8045,-87.3934,-0.2521,6,0.1500,0.8750,8,10,10,0,0,10,10,0.0000
6,280.0000,12,9,449.4006,-87.4138,-0.3882,24,0.6000,0.7143,7,8,8,0,0,8,8,0.0000
6,280.0000,12,10,307.8721,-86.2258,0.5745,30,0.7500,0.4000,5,4,0,0,0,4,0,1.0000
6,280.0000,12,14,408.0545,-87.9253,-0.3086,19,0.4750,0.6970,99,7,4,92,67,99,71,0.2828
6,280.0000,13,0,403.9023,-87.9613,0.4781,23,0.5897,1.0000,8,5,2,0,0,5,2,0.6000
6,280.0000,13,8,243.7936,-84.0441,0.7714,39,1.0000,0.2000,5,4,0,0,0,4,0,1.0000
6,280.0000,14,2,390.0778,-87.4669,-0.1735,26,0.6500,0.5000,6,7,4,0,0,7,4,0.4286
6,280.0000,14,3,312.0463,-85.9610,-0.1385,34,0.8500,0.0000,3,4,0,0,0,4,0,1.0000
6,280.0000,14,6,616.4368,-88.7652,-0.2786,3,0.0750,1.0000,8,8,8,0,0,8,8,0.0000
6,280.0000,14,9,403.0110,-87.1034,-0.5348,34,0.8500,0.7143,7,6,3,0,0,6,3,0.5000
6,280.0000,14,10,146.4778,-78.8949,0.4110,40,1.0000,0.5000,4,4,0,0,0,4,0,1.0000
6,280.0000,14,12,408.0545,-87.8130,-0.1368,20,0.5000,0.5000,6,5,2,0,0,5,2,0.6000
6,284.0000,0,6,511.6707,-89.4448,0.2547,7,0.1750,1.0000,8,8,8,0,0,8,8,0.0000
6,284.0000,0,7,481.7647,-88.4107,0.2874,10,0.2500,0.8750,8,7,6,0,0,7,6,0.1429
6,284.0000,0,8,338.6557,-85.9645,-0.5313,34,0.8500,0.5000,6,8,7,0,0,8,7,0.1250
6,284.0000,0,9,588.4011,-88.8557,0.0744,7,0.1750,1.0000,8,6,6,0,0,6,6,0.0000
6,284.0000,0,13,366.5887,-86.7705,0.3046,31,0.7750,0.2000,5,4,0,0,0,4,0,1.0000
6,284.0000,1,4,162.2358,-79.4805,0.2666,40,1.0000,0.0000,4,5,2,0,0,5,2,0.6000
6,284.0000,1,5,397.4747,-87.6856,0.5759,13,0.3250,0.8750,8,5,1,0,0,5,1,0.8000
6,284.0000,1,6,631.1667,-88.6206,0.0211,5,0.1250,1.0000,2,8,8,0,0,8,8,0.0000
6,284.0000,1,7,452.0782,-87.3363,0.0213,17,0.4250,0.5714,7,6,4,0,0,6,4,0.3333
6,284.0000,1,11,548.6395,-88.9732,-0.8104,4,0.1000,1.0000,4,6,4,0,0,6,4,0.3333
6,284.0000,2,3,387.0503,-86.7117,0.0004,23,0.5750,0.2000,5,6,4,0,0,6,4,0.3333
6,284.0000,2,6,580.8731,-88.7915,0.2781,7,0.1750,1.0000,8,8,8,0,0,8,8,0.0000
6,284.0000,2,9,136.7629,-73.0221,-3.0042,39,0.9750,0.0000,4,4,0,0,0,4,0,1.0000
6,284.0000,2,10,246.1438,-84.4580,0.3844,38,0.9500,0.0000,4,4,0,0,0,4,0,1.0000
6,284.0000,2,12,516.1338,-88.8522,0.0409,11,0.2750,1.0000,8,7,6,0,0,7,6,0.1429
6,284.0000,2,14,367.1790,-86.9417,0.5720,28,0.7000,0.0000,4,5,1,0,0,5,1,0.8000
6,284.0000,3,2,387.0503,-87.7691,0.1220,32,0.8000,0.6667,6,6,4,0,0,6,4,0.3333
6,284.0000,3,5,634.7951,-89.0583,-1.5564,3,0.0750,1.0000,8,6,6,0,0,6,6,0.0000
6,284.0000,3,6,360.7495,-86.2005,-0.0833,33,0.8250,0.7500,8,6,4,0,0,6,4,0.3333
6,284.0000,3,7,643.4101,-89.4404,-0.0417,5,0.1250,1.0000,8,8,8,0,0,8,8,0.0000
6,284.0000,3,9,406.6473,-87.3421,-0.1506,34,0.8500,0.8571,7,7,6,0,0,7,6,0.1429
6,284.0000,3,10,176.3499,-83.1912,1.1181,40,1.0000,0.0000,4,4,0,0,0,4,0,1.0000
6,284.0000,3,12,286.8288,-85.4609,-0.2399,37,0.9250,0.2000,5,5,1,0,0,5,1,0.8000
6,284.0000,3,14,306.1393,-86.4527,-0.0706,33,0.8250,0.4000,5,5,1,0,0,5,1,0.8000
6,284.0000,4,0,643.3349,-88.9716,0.3747,3,0.0750,0.8333,6,8,8,0,0,8,8,0.0000
6,284.0000,4,1,162.2358,-79.3173,-0.0308,40,1.0000,0.2000,5,5,2,0,0,5,2,0.6000
6,284.0000,4,5,362.4074,-87.5297,0.3773,21,0.5250,0.8571,7,5,1,47,13,52,14,0.7308
6,284.0000,4,6,499.5384,-89.0840,0.5922,10,0.2500,1.0000,8,8,6,0,0,8,6,0.2500
6,284.0000,4,7,291.8740,-85.6562,0.1584,33,0.8250,0.3924,79,4,0,80,36,84,36,0.5714
6,284.0000,4,11,582.2509,-89.0173,0.3438,6,0.1500,1.0000,6,7,5,0,0,7,5,0.2857
6,284.0000,5,1,397.4747,-88.2673,0.3179,24,0.6000,1.0000,8,7,5,0,0,7,5,0.2857
6,284.0000,5,3,634.7951,-89.4498,-0.0132,10,0.2500,1.0000,6,4,4,0,0,4,4,0.0000
6,284.0000,5,4,362.4074,-87.7289,-0.1461,18,0.4500,0.6667,6,4,0,0,0,4,0,1.0000
6,284.0000,5,6,423.2132,-87.4629,-0.1584,26,0.6500,0.6667,6,6,4,68,58,74,62,0.1622
6,284.0000,5,7,427.4416,-87.5935,-0.6080,28,0.7000,1.0000,8,7,4,0,0,7,4,0.4286
6,284.0000,5,11,546.9197,-89.2798,0.2810,7,0.1750,1.0000,8,8,7,0,0,8,7,0.1250
6,284.0000,5,12,714.8306,-89.5410,-0.3756,3,0.0750,,0,4,4,0,0,4,4,0.0000
6,284.0000,6,0,511.6707,-88.1612,0.1957,13,0.3250,1.0000,8,7,6,0,0,7,6,0.1429
6,284.0000,6,2,580.8731,-88.8938,-0.0452,8,0.2000,1.0000,8,8,8,0,0,8,8,0.0000
6,284.0000,6,3,360.7495,-85.9300,-0.5677,32,0.8000,0.3333,6,5,2,0,0,5,2,0.6000
6,284.0000,6,4,499.5384,-88.4943,-0.4148,12,0.3000,1.0000,8,8,8,0,0,8,8,0.0000
6,284.0000,6,5,423.2132,-87.3878,0.1263,20,0.5000,1.0000,8,8,7,0,0,8,7,0.1250
6,284.0000,6,7,285.0820,-85.4175,-0.0060,37,0.9250,0.0000,4,4,0,0,0,4,0,1.0000
6,284.0000,6,9,515.3038,-88.8681,-0.2767,9,0.2250,0.8571,7,8,8,35,34,43,42,0.0233
6,284.0000,6,10,480.0549,-88.2594,0.0560,7,0.1750,1.0000,8,7,5,0,0,7,5,0.2857
6,284.0000,6,12,553.2574,-88.6958,0.2065,9,0.2250,1.0000,8,8,8,0,0,8,8,0.0000
6,284.0000,6,14,653.7812,-88.7464,0.1433,6,0.1500,1.0000,8,4,4,0,0,4,4,0.0000
6,284.0000,7,0,481.7647,-88.1881,0.4191,9,0.2250,1.0000,8,7,6,0,0,7,6,0.1429
6,284.0000,7,1,452.0782,-88.3522,0.3575,24,0.6000,0.6667,6,8,8,0,0,8,8,0.0000
6,284.0000,7,3,643.4101,-88.9579,0.2545,3,0.0750,1.0000,8,6,6,0,0,6,6,0.0000
6,284.0000,7,4,291.8740,-86.2093,0.3915,34,0.8500,0.2000,5,4,0,0,0,4,0,1.0000
6,284.0000,7,5,427.4416,-88.1331,-0.2350,27,0.6750,0.6667,6,7,6,0,0,7,6,0.1429
6,284.0000,7,6,285.0820,-85.3672,0.0031,38,0.9500,0.4000,5,7,3,0,0,7,3,0.5714
6,284.0000,8,0,338.6557,-85.9242,0.1789,33,0.8462,0.0000,4,6,4,0,0,6,4,0.3333
6,284.0000,8,9,675.2986,-89.6734,-0.1378,3,0.0769,1.0000,8,8,8,0,0,8,8,0.0000
6,284.0000,8,13,252.9468,-84.2340,-0.3070,39,1.0000,0.0000,4,5,1,0,0,5,1,0.8000
6,284.0000,9,0,588.4011,-87.5759,-0.3626,5,0.1250,1.0000,8,7,6,0,0,7,6,0.1429
6,284.0000,9,2,136.7629,-72.9124,-2.6442,39,0.9750,0.0000,4,5,1,0,0,5,1,0.8000
6,284.0000,9,3,406.6473,-87.1222,-0.2119,32,0.8000,0.8750,8,7,4,0,0,7,4,0.4286
6,284.0000,9,6,515.3038,-88.5957,-0.0924,6,0.1500,0.7143,7,7,6,0,0,7,6,0.1429
6,284.0000,9,10,295.4753,-85.0809,0.1673,38,0.9500,0.5000,6,4,0,0,0,4,0,1.0000
6,284.0000,9,12,535.9355,-88.6810,-0.6352,10,0.2500,1.0000,8,8,8,0,0,8,8,0.0000
6,284.0000,9,14,474.5283,-87.2878,0.2309,21,0.5250,0.8571,7,8,8,0,0,8,8,0.0000
6,284.0000,10,2,246.1438,-84.4836,0.4619,39,0.9750,0.2000,5,4,0,0,0,4,0,1.0000
6,284.0000,10,3,176.3499,-83.2972,1.2457,39,0.9750,0.0000,4,5,2,0,0,5,2,0.6000
6,284.0000,10,6,480.0549,-88.5972,0.0349,9,0.2250,0.8889,9,4,2,0,0,4,2,0.5000
6,284.0000,10,9,295.4753,-85.6562,-0.2227,38,0.9500,0.0000,4,6,4,0,0,6,4,0.3333
6,284.0000,10,12,288.5262,-86.2521,-0.0557,39,0.9750,0.0000,4,6,3,0,0,6,3,0.5000
6,284.0000,10,14,236.6645,-81.8054,-1.2098,40,1.0000,0.0000,4,6,3,0,0,6,3,0.5000
6,284.0000,11,4,582.2509,-88.6141,0.4635,4,0.1000,1.0000,8,8,8,0,0,8,8,0.0000
6,284.0000,11,5,546.9197,-88.8992,-0.2920,4,0.1000,1.0000,8,7,5,0,0,7,5,0.2857
6,284.0000,12,2,516.1338,-88.3108,0.0210,13,0.3250,1.0000,8,8,8,0,0,8,8,0.0000
6,284.0000,12,3,286.8288,-85.4588,0.3175,34,0.8500,0.5714,7,4,0,0,0,4,0,1.0000
6,284.0000,12,6,553.2574,-89.1649,-0.0961,10,0.2500,1.0000,10,8,8,0,0,8,8,0.0000
6,284.0000,12,9,535.9355,-88.1699,-0.2023,15,0.3750,1.0000,8,8,8,0,0,8,8,0.0000
6,284.0000,12,10,288.5262,-86.0454,-0.1100,37,0.9250,0.0000,4,6,1,0,0,6,1,0.8333
6,284.0000,12,14,395.0517,-87.5329,0.3858,27,0.6750,0.7172,99,7,4,96,80,103,84,0.1845
6,284.0000,13,0,366.5887,-87.2684,0.1772,28,0.6829,0.4000,5,7,4,0,0,7,4,0.4286
6,284.0000,13,8,252.9468,-83.8757,-0.0791,39,0.9512,0.0000,4,4,0,0,0,4,0,1.0000
6,284.0000,14,2,367.1790,-87.2319,0.7253,28,0.7179,0.5714,7,7,5,0,0,7,5,0.2857
6,284.0000,14,3,306.1393,-86.5347,0.1425,26,0.6667,0.0000,4,4,0,0,0,4,0,1.0000
6,284.0000,14,6,653.7812,-89.4230,0.0397,6,0.1538,1.0000,8,8,8,0,0,8,8,0.0000
6,284.0000,14,9,474.5283,-87.8679,0.3932,18,0.4615,0.5000,6,7,6,0,0,7,6,0.1429
6,284.0000,14,10,236.6645,-81.9186,-0.9639,39,1.0000,0.0000,4,4,0,0,0,4,0,1.0000
6,284.0000,14,12,395.0517,-87.6140,0.3052,25,0.6410,0.4000,5,8,8,0,0,8,8,0.0000
6,288.0000,0,4,590.3909,-89.1763,-0.2368,8,0.2000,0.8000,5,8,8,0,0,8,8,0.0000
6,288.0000,0,6,522.7825,-88.9552,0.0713,13,0.3250,1.0000,8,8,8,0,0,8,8,0.0000
6,288.0000,0,7,390.3060,-87.7426,0.0809,23,0.5750,0.8571,7,6,2,0,0,6,2,0.6667
6,288.0000,0,8,434.2631,-87.0188,-0.4099,21,0.5250,0.8750,8,7,6,0,0,7,6,0.1429
6,288.0000,0,13,404.2723,-87.3604,-0.2390,28,0.7000,0.0000,4,6,5,0,0,6,5,0.1667
6,288.0000,1,4,221.7678,-81.1824,-0.8498,40,1.0000,0.4000,5,5,2,0,0,5,2,0.6000
6,288.0000,1,5,293.4012,-86.4629,-0.1422,27,0.6750,0.2000,5,4,0,0,0,4,0,1.0000
6,288.0000,1,6,672.0558,-89.0742,0.0415,3,0.0750,1.0000,8,4,4,0,0,4,4,0.0000
6,288.0000,1,7,514.9619,-88.3959,0.0785,14,0.3500,0.6667,6,8,8,0,0,8,8,0.0000
6,288.0000,1,11,398.1926,-88.2586,0.2822,21,0.5250,0.6667,6,7,5,0,0,7,5,0.2857
6,288.0000,2,3,378.6049,-87.4647,-0.0846,26,0.6341,0.6667,6,6,3,0,0,6,3,0.5000
6,288.0000,2,9,287.1683,-82.1617,-1.9990,39,0.9512,0.0000,4,6,3,0,0,6,3,0.5000
6,288.0000,2,10,295.8722,-84.2132,-0.2332,35,0.8537,0.0000,4,8,6,0,0,8,6,0.2500
6,288.0000,2,12,544.8158,-88.4350,0.3860,15,0.3659,0.8571,7,6,6,0,0,6,6,0.0000
6,288.0000,2,14,332.5523,-86.7789,0.3140,31,0.7561,0.2000,5,5,1,0,0,5,1,0.8000
6,288.0000,3,2,378.6049,-87.4640,-0.3589,26,0.6500,0.6667,6,7,5,0,0,7,5,0.2857
6,288.0000,3,6,395.0833,-87.2412,-0.2807,24,0.6000,0.6667,6,6,2,39,37,45,39,0.1333
6,288.0000,3,7,683.6562,-88.9263,-0.2414,3,0.0750,1.0000,8,4,4,0,0,4,4,0.0000
6,288.0000,3,9,481.7465,-87.4140,-0.7058,17,0.4250,0.8571,7,8,8,0,0,8,8,0.0000
6,288.0000,3,10,170.1641,-79.8583,0.1283,40,1.0000,0.0000,4,4,0,0,0,4,0,1.0000
6,288.0000,3,12,277.5665,-85.3967,-0.0989,39,0.9750,0.2000,5,4,0,0,0,4,0,1.0000
6,288.0000,3,14,310.1827,-86.1338,-0.0987,34,0.8500,0.2000,5,5,2,0,0,5,2,0.6000
6,288.0000,4,0,590.3909,-89.0153,0.0360,3,0.0750,1.0000,8,8,8,0,0,8,8,0.0000
6,288.0000,4,1,221.7678,-81.1403,-1.4244,39,0.9750,0.4000,5,4,0,0,0,4,0,1.0000
6,288.0000,4,5,234.0658,-85.8155,0.9324,40,1.0000,0.2692,52,4,0,34,2,38,2,0.9474
6,288.0000,4,6,467.6533,-88.5101,0.2429,12,0.3000,0.7500,8,6,4,40,40,46,44,0.0435
6,288.0000,4,7,294.8700,-85.7282,-0.1419,38,0.9500,0.4286,84,6,2,78,39,84,41,0.5119
6,288.0000,4,11,505.6957,-88.5209,0.0272,12,0.3000,0.7143,7,8,8,0,0,8,8,0.0000
6,288.0000,5,1,293.4012,-87.1057,0.6900,29,0.7073,0.7143,7,4,0,3,1,7,1,0.8571
6,288.0000,5,4,234.0658,-84.8693,0.9657,36,0.8780,0.0000,4,4,0,0,0,4,0,1.0000
6,288.0000,5,6,455.6392,-87.4371,-0.0942,19,0.4634,0.8378,74,8,8,63,57,71,65,0.0845
6,288.0000,5,7,430.2694,-87.9555,-0.1371,22,0.5366,0.5714,7,7,6,0,0,7,6,0.1429
6,288.0000,5,11,462.6800,-87.9994,0.2287,10,0.2439,0.8750,8,7,5,0,0,7,5,0.2857
6,288.0000,6,0,522.7825,-88.9368,-0.0746,10,0.2500,0.8571,7,8,8,0,0,8,8,0.0000
6,288.0000,6,3,395.0833,-86.9761,-0.4024,24,0.6000,0.4000,5,8,6,0,0,8,6,0.2500
6,288.0000,6,4,467.6533,-88.2201,-0.1642,13,0.3250,1.0000,8,6,4,0,0,6,4,0.3333
6,288.0000,6,5,455.6392,-87.7490,-0.0476,17,0.4250,0.8750,8,7,6,6,6,13,12,0.0769
6,288.0000,6,7,290.1284,-85.6725,0.0309,35,0.8750,0.0000,4,5,2,0,0,5,2,0.6000
6,288.0000,6,9,535.1090,-88.7621,0.3721,7,0.1750,0.9767,43,8,8,42,41,50,49,0.0200
6,288.0000,6,10,372.0113,-87.7076,-0.0427,21,0.5250,0.7143,7,7,5,0,0,7,5,0.2857
6,288.0000,6,12,564.5970,-88.3817,-0.6414,6,0.1500,1.0000,8,8,8,0,0,8,8,0.0000
6,288.0000,6,14,693.5377,-89.4596,0.1375,3,0.0750,1.0000,4,2,2,0,0,2,2,0.0000
6,288.0000,7,0,390.3060,-87.5934,0.4689,22,0.5500,0.8571,7,7,5,0,0,7,5,0.2857
6,288.0000,7,1,514.9619,-88.2108,-0.5489,12,0.3000,1.0000,8,8,8,0,0,8,8,0.0000
6,288.0000,7,3,683.6562,-89.4831,-0.1836,3,0.0750,1.0000,6,8,8,0,0,8,8,0.0000
6,288.0000,7,4,294.8700,-85.6361,0.4928,36,0.9000,0.0000,4,6,2,0,0,6,2,0.6667
6,288.0000,7,5,430.2694,-87.3746,-0.2115,16,0.4000,0.8571,7,6,4,0,0,6,4,0.3333
6,288.0000,7,6,290.1284,-85.5612,-0.2799,35,0.8750,0.4286,7,4,0,0,0,4,0,1.0000
6,288.0000,8,0,434.2631,-87.1650,-0.5717,23,0.5610,0.6667,6,8,8,0,0,8,8,0.0000
6,288.0000,8,13,269.2007,-84.5124,0.0412,40,0.9756,0.2000,5,4,0,0,0,4,0,1.0000
6,288.0000,9,0,650.8641,-89.3157,-0.1015,4,0.1026,0.8571,7,8,8,0,0,8,8,0.0000
6,288.0000,9,2,287.1683,-82.2427,-1.7241,38,0.9744,0.2000,5,6,4,0,0,6,4,0.3333
6,288.0000,9,3,481.7465,-88.5917,-0.4360,18,0.4615,0.5714,7,8,8,0,0,8,8,0.0000
6,288.0000,9,6,535.1090,-88.7056,0.0608,9,0.2308,0.8571,7,8,8,0,0,8,8,0.0000
6,288.0000,9,8,566.3841,-89.3547,0.1918,4,0.1026,1.0000,4,8,7,0,0,8,7,0.1250
6,288.0000,9,10,322.4927,-85.6838,0.0044,32,0.8205,0.0000,4,4,0,0,0,4,0,1.0000
6,288.0000,9,12,648.9409,-88.5164,-0.2339,6,0.1538,1.0000,8,6,6,0,0,6,6,0.0000
6,288.0000,9,14,587.1915,-88.6980,-0.4586,9,0.2308,1.0000,8,8,8,0,0,8,8,0.0000
6,288.0000,10,2,295.8722,-84.8632,-0.1057,39,0.9750,0.0000,4,5,1,0,0,5,1,0.8000
6,288.0000,10,3,170.1641,-81.0339,0.1408,40,1.0000,0.4000,5,4,0,0,0,4,0,1.0000
6,288.0000,10,6,372.0113,-87.6535,0.2351,21,0.5250,0.5000,4,7,5,0,0,7,5,0.2857
6,288.0000,10,9,322.4927,-85.6686,-0.1276,38,0.9500,0.6667,6,7,5,0,0,7,5,0.2857
6,288.0000,10,12,352.6751,-85.7435,-0.3326,36,0.9000,0.5000,6,5,3,0,0,5,3,0.4000
6,288.0000,10,14,385.7006,-85.2956,-0.9277,34,0.8500,0.5000,6,7,4,0,0,7,4,0.4286
6,288.0000,11,1,398.1926,-88.0079,0.9603,15,0.3750,0.6667,6,5,2,0,0,5,2,0.6000
6,288.0000,11,4,505.6957,-89.2060,0.0511,6,0.1500,1.0000,8,7,5,0,0,7,5,0.2857
6,288.0000,11,5,462.6800,-88.0266,-0.0776,14,0.3500,0.7143,7,6,3,0,0,6,3,0.5000
6,288.0000,12,2,544.8158,-88.8868,0.0238,13,0.3250,1.0000,8,8,8,0,0,8,8,0.0000
6,288.0000,12,3,277.5665,-85.4928,-0.3583,36,0.9000,0.0000,4,4,0,0,0,4,0,1.0000
6,288.0000,12,6,564.5970,-88.9097,0.0581,6,0.1500,1.0000,8,8,8,0,0,8,8,0.0000
6,288.0000,12,9,648.9409,-89.0969,0.2551,8,0.2000,1.0000,8,4,4,0,0,4,4,0.0000
6,288.0000,12,10,352.6751,-85.8414,-0.1040,34,0.8500,0.1667,6,6,4,0,0,6,4,0.3333
6,288.0000,12,14,407.4346,-87.3903,0.0863,23,0.5750,0.8155,103,6,3,99,83,105,86,0.1810
6,288.0000,13,0,404.2723,-86.8319,-0.6858,29,0.7250,0.5714,7,5,2,0,0,5,2,0.6000
6,288.0000,13,8,269.2007,-84.8196,-0.4967,38,0.9500,0.0000,4,4,0,0,0,4,0,1.0000
6,288.0000,14,2,332.5523,-86.7806,0.2804,26,0.6500,0.7143,7,6,3,0,0,6,3,0.5000
6,288.0000,14,3,310.1827,-85.6519,-0.0822,31,0.7750,0.0000,4,5,1,0,0,5,1,0.8000
6,288.0000,14,9,587.1915,-89.3055,-0.1074,10,0.2500,0.8571,7,6,6,0,0,6,6,0.0000
6,288.0000,14,10,385.7006,-85.2735,-1.0744,33,0.8250,0.0000,4,8,8,0,0,8,8,0.0000
6,288.0000,14,12,407.4346,-87.8638,-0.2648,27,0.6750,1.0000,8,6,3,0,0,6,3,0.5000
6,292.0000,0,4,592.5826,-87.6639,1.4352,3,0.0750,1.0000,8,4,4,0,0,4,4,0.0000
6,292.0000,0,6,571.9780,-89.1564,-0.3263,7,0.1750,1.0000,8,8,8,0,0,8,8,0.0000
6,292.0000,0,7,346.1646,-87.3194,0.3390,23,0.5750,0.3333,6,7,3,0,0,7,3,0.5714
6,292.0000,0,8,485.1787,-88.3238,0.0280,20,0.5000,0.8571,7,7,6,0,0,7,6,0.1429
6,292.0000,0,13,498.4225,-88.0629,0.3552,18,0.4500,0.8333,6,7,6,0,0,7,6,0.1429
6,292.0000,1,4,309.3176,-84.8585,-0.8821,39,0.9750,0.4000,5,6,4,0,0,6,4,0.3333
6,292.0000,1,5,268.2126,-85.2845,0.1324,39,0.9750,0.0000,4,5,2,0,0,5,2,0.6000
6,292.0000,1,7,634.9501,-88.9476,0.2185,8,0.2000,1.0000,8,4,4,0,0,4,4,0.0000
6,292.0000,1,11,261.6023,-85.9545,1.0226,32,0.8000,0.7143,7,4,0,0,0,4,0,1.0000
6,292.0000,2,3,377.6132,-87.0368,-0.1937,26,0.6500,0.5000,6,6,3,0,0,6,3,0.5000
6,292.0000,2,9,440.1864,-86.2873,-0.4949,24,0.6000,0.5000,6,8,8,0,0,8,8,0.0000
6,292.0000,2,10,450.0289,-87.1878,-0.5279,24,0.6000,0.7500,8,7,6,0,0,7,6,0.1429
6,292.0000,2,12,598.2062,-87.8401,0.2400,3,0.0750,1.0000,6,10,9,0,0,10,9,0.1000
6,292.0000,2,14,319.6149,-86.5648,-0.0662,35,0.8750,0.2000,5,4,0,0,0,4,0,1.0000
6,292.0000,3,2,377.6132,-87.2406,-0.0744,24,0.6000,0.7143,7,5,2,0,0,5,2,0.6000
6,292.0000,3,6,418.5114,-87.8126,0.0190,22,0.5500,0.8667,45,7,5,104,102,111,107,0.0360
6,292.0000,3,9,564.2518,-88.4555,-0.3633,8,0.2000,1.0000,8,6,6,0,0,6,6,0.0000
6,292.0000,3,10,264.9379,-82.8915,-1.2464,40,1.0000,0.0000,4,4,0,0,0,4,0,1.0000
6,292.0000,3,12,292.3127,-85.5806,-0.3342,40,1.0000,0.0000,4,6,4,0,0,6,4,0.3333
6,292.0000,3,14,327.5760,-85.2045,0.5810,33,0.8250,0.4000,5,4,0,0,0,4,0,1.0000
6,292.0000,4,0,592.5826,-88.9618,-0.2454,4,0.1000,1.0000,8,8,8,0,0,8,8,0.0000
6,292.0000,4,1,309.3176,-84.3077,-0.9244,39,0.9750,0.0000,4,7,4,0,0,7,4,0.4286
6,292.0000,4,5,132.4805,-80.9525,1.7023,40,1.0000,0.0526,38,4,0,0,0,4,0,1.0000
6,292.0000,4,6,452.1543,-87.7921,0.4585,20,0.5000,0.9565,46,7,6,144,136,151,142,0.0596
6,292.0000,4,7,339.8734,-86.6632,-0.1081,32,0.8000,0.4881,84,7,6,55,37,62,43,0.3065
6,292.0000,4,11,423.3864,-87.8556,0.4228,14,0.3500,1.0000,8,6,2,0,0,6,2,0.6667
6,292.0000,5,1,268.2126,-85.0099,-0.0596,39,0.9750,0.1429,7,4,0,2,2,6,2,0.6667
6,292.0000,5,4,132.4805,-80.8366,1.6642,40,1.0000,0.0000,4,4,0,0,0,4,0,1.0000
6,292.0000,5,6,507.1259,-88.2120,0.5470,20,0.5000,0.9155,71,8,8,0,0,8,8,0.0000
6,292.0000,5,7,451.2203,-87.4616,0.3663,12,0.3000,0.8571,7,7,5,0,0,7,5,0.2857
6,292.0000,5,11,393.6689,-87.6994,0.5989,22,0.5500,0.7143,7,6,4,0,0,6,4,0.3333
6,292.0000,6,0,571.9780,-89.1553,0.3756,9,0.2250,1.0000,8,8,8,0,0,8,8,0.0000
6,292.0000,6,3,418.5114,-87.2761,0.1504,24,0.6000,0.7500,8,6,3,0,0,6,3,0.5000
6,292.0000,6,4,452.1543,-87.7929,0.1544,18,0.4500,0.6667,6,7,6,0,0,7,6,0.1429
6,292.0000,6,5,507.1259,-88.4018,-0.3910,18,0.4500,0.9231,13,8,8,20,19,28,27,0.0357
6,292.0000,6,7,292.6887,-85.5038,-0.3846,37,0.9250,0.4000,5,7,3,7,0,14,3,0.7857
6,292.0000,6,9,565.8067,-88.1057,0.2950,8,0.2000,0.9800,50,8,8,2,2,10,10,0.0000
6,292.0000,6,10,256.0311,-86.4060,1.0363,33,0.8250,0.7143,7,4,0,9,2,13,2,0.8462
6,292.0000,6,12,572.0572,-89.1195,-0.2018,5,0.1250,1.0000,8,4,4,0,0,4,4,0.0000
6,292.0000,7,0,346.1646,-86.6835,0.2714,31,0.7750,0.7143,7,7,6,0,0,7,6,0.1429
6,292.0000,7,1,634.9501,-89.3268,-0.0970,7,0.1750,1.0000,8,4,4,0,0,4,4,0.0000
6,292.0000,7,4,339.8734,-86.4343,0.0865,34,0.8500,0.3333,6,5,2,0,0,5,2,0.6000
6,292.0000,7,5,451.2203,-88.0616,-0.1868,25,0.6250,0.6667,6,8,8,0,0,8,8,0.0000
6,292.0000,7,6,292.6887,-85.5432,0.0986,35,0.8750,0.0000,4,5,1,0,0,5,1,0.8000
6,292.0000,7,10,511.4326,-89.3356,-0.1391,3,0.0750,0.8750,8,7,6,0,0,7,6,0.1429
6,292.0000,8,0,485.1787,-88.4004,-0.1025,15,0.3750,1.0000,8,8,8,0,0,8,8,0.0000
6,292.0000,8,9,403.0768,-88.3746,0.4782,18,0.4500,1.0000,8,5,2,0,0,5,2,0.6000
6,292.0000,8,13,250.1140,-84.6571,0.0243,38,0.9500,0.0000,4,4,0,0,0,4,0,1.0000
6,292.0000,9,2,440.1864,-86.7796,-0.8742,28,0.7000,0.6667,6,8,8,0,0,8,8,0.0000
6,292.0000,9,3,564.2518,-88.4929,-0.0135,9,0.2250,1.0000,8,8,8,0,0,8,8,0.0000
6,292.0000,9,6,565.8067,-88.5107,0.1385,12,0.3000,1.0000,8,8,8,0,0,8,8,0.0000
6,292.0000,9,8,403.0768,-88.3555,0.6723,12,0.3000,0.8750,8,5,1,0,0,5,1,0.8000
6,292.0000,9,10,382.5800,-86.5274,-0.6001,33,0.8250,0.0000,4,5,3,0,0,5,3,0.4000
6,292.0000,9,13,517.8199,-88.8861,0.0858,9,0.2250,1.0000,8,7,5,0,0,7,5,0.2857
6,292.0000,10,2,450.0289,-87.0500,-0.5320,32,0.8000,0.2000,5,8,7,0,0,8,7,0.1250
6,292.0000,10,3,264.9379,-82.6067,-0.9239,39,0.9750,0.0000,4,6,3,0,0,6,3,0.5000
6,292.0000,10,6,256.0311,-86.5281,0.7674,30,0.7500,0.7143,7,5,2,0,0,5,2,0.6000
6,292.0000,10,7,511.4326,-88.2309,0.9871,5,0.1250,1.0000,6,8,7,0,0,8,7,0.1250
6,292.0000,10,8,614.2190,-89.1868,-1.5654,3,0.0750,1.0000,4,8,8,0,0,8,8,0.0000
6,292.0000,10,9,382.5800,-86.6117,-0.4540,29,0.7250,0.7143,7,7,4,14,13,21,17,0.1905
6,292.0000,10,12,466.3073,-87.7604,-0.0058,24,0.6000,0.6000,5,8,8,0,0,8,8,0.0000
6,292.0000,10,14,557.7733,-87.9206,-0.6814,16,0.4000,0.5714,7,8,7,0,0,8,7,0.1250
6,292.0000,11,1,261.6023,-85.9360,0.7117,28,0.7000,0.4000,5,4,0,0,0,4,0,1.0000
6,292.0000,11,4,423.3864,-87.8249,-0.4398,13,0.3250,0.7143,7,6,4,0,0,6,4,0.3333
6,292.0000,11,5,393.6689,-87.9424,0.0623,20,0.5000,0.5000,6,6,3,0,0,6,3,0.5000
6,292.0000,12,2,598.2062,-89.0166,-0.1826,5,0.1250,1.0000,8,8,8,0,0,8,8,0.0000
6,292.0000,12,3,292.3127,-85.0404,0.6759,36,0.9000,0.0000,4,4,0,0,0,4,0,1.0000
6,292.0000,12,10,466.3073,-87.7112,-0.1368,21,0.5250,0.6667,6,8,8,0,0,8,8,0.0000
6,292.0000,12,14,445.9483,-87.2893,-0.2309,24,0.6000,0.8190,105,8,7,103,99,111,106,0.0450
6,292.0000,13,0,498.4225,-88.1061,0.3636,21,0.5250,0.4000,5,6,4,0,0,6,4,0.3333
6,292.0000,13,6,656.0441,-89.6721,-0.0846,3,0.0750,1.0000,6,4,4,0,0,4,4,0.0000
6,292.0000,13,8,250.1140,-84.2812,0.3423,38,0.9500,0.0000,4,4,0,0,0,4,0,1.0000
6,292.0000,13,9,517.8199,-89.0269,0.2828,5,0.1250,1.0000,8,8,7,0,0,8,7,0.1250
6,292.0000,14,2,319.6149,-86.0060,0.5938,29,0.7250,0.5000,6,4,0,0,0,4,0,1.0000
6,292.0000,14,3,327.5760,-85.9659,-0.5291,30,0.7500,0.2000,5,5,1,0,0,5,1,0.8000
6,292.0000,14,10,557.7733,-88.1807,-0.3992,19,0.4750,1.0000,8,8,8,0,0,8,8,0.0000
6,292.0000,14,12,445.9483,-87.9481,-0.0381,17,0.4250,0.5000,6,7,5,0,0,7,5,0.2857
6,296.0000,0,7,341.2424,-86.4242,0.1881,30,0.7500,0.4286,7,6,2,0,0,6,2,0.6667
6,296.0000,0,8,612.3838,-87.9151,-0.0535,11,0.2750,0.8571,7,6,6,0,0,6,6,0.0000
6,296.0000,0,13,626.8965,-88.3444,-0.9112,6,0.1500,0.8571,7,4,4,0,0,4,4,0.0000
6,296.0000,1,4,370.1700,-86.9887,0.1421,30,0.7500,0.6667,6,5,2,0,0,5,2,0.6000
6,296.0000,1,5,315.1044,-84.7872,-0.4076,36,0.9000,0.4000,5,5,1,0,0,5,1,0.8000
6,296.0000,1,11,171.2869,-82.0234,1.1008,40,1.0000,0.0000,4,4,0,0,0,4,0,1.0000
6,296.0000,2,3,350.9733,-87.4915,0.3551,24,0.6000,0.5000,6,4,0,0,0,4,0,1.0000
6,296.0000,2,9,585.6939,-88.1715,-0.5085,11,0.2750,1.0000,8,2,2,0,0,2,2,0.0000
6,296.0000,2,10,623.8240,-88.5336,-0.1349,6,0.1500,0.8571,7,2,2,0,0,2,2,0.0000
6,296.0000,2,12,625.7083,-88.8227,0.3866,5,0.1250,0.9000,10,6,6,0,0,6,6,0.0000
6,296.0000,2,14,255.5263,-85.6200,0.6454,35,0.8750,0.0000,4,4,0,0,0,4,0,1.0000
6,296.0000,3,2,350.9733,-86.8855,0.0368,32,0.8000,0.4000,5,5,1,0,0,5,1,0.8000
6,296.0000,3,6,444.6449,-87.6582,-0.1349,21,0.5250,0.9640,111,8,7,12,12,20,19,0.0500
6,296.0000,3,9,634.1953,-88.9243,-0.0573,5,0.1250,1.0000,6,6,6,0,0,6,6,0.0000
6,296.0000,3,10,395.0196,-86.2369,-0.8202,32,0.8000,0.0000,4,7,6,92,91,99,97,0.0202
6,296.0000,3,12,336.4271,-85.9037,-0.0859,34,0.8500,0.6667,6,6,4,0,0,6,4,0.3333
6,296.0000,3,14,343.6956,-86.4156,0.0109,30,0.7500,0.0000,4,4,0,0,0,4,0,1.0000
6,296.0000,4,1,370.1700,-86.4920,-0.9022,37,0.9250,0.5714,7,7,4,0,0,7,4,0.4286
6,296.0000,4,5,163.8323,-78.7736,-0.8118,40,1.0000,0.0000,4,4,0,34,13,38,13,0.6579
6,296.0000,4,6,453.2450,-88.2298,-0.0279,17,0.4250,0.9404,151,7,6,116,114,123,120,0.0244
6,296.0000,4,7,415.3791,-87.0436,-0.2770,25,0.6250,0.6935,62,5,2,0,0,5,2,0.6000
6,296.0000,4,11,333.8845,-86.5700,-0.0157,31,0.7750,0.3333,6,4,0,0,0,4,0,1.0000
6,296.0000,5,1,315.1044,-85.3146,-0.3128,36,0.9000,0.3333,6,5,1,0,0,5,1,0.8000
6,296.0000,5,4,163.8323,-78.0521,-0.5641,39,0.9750,0.0000,4,4,0,24,2,28,2,0.9286
6,296.0000,5,6,563.0345,-88.2333,-0.2788,11,0.2750,1.0000,8,8,8,0,0,8,8,0.0000
6,296.0000,5,7,483.1131,-88.6272,0.0220,15,0.3750,0.7143,7,8,7,0,0,8,7,0.1250
6,296.0000,5,11,359.1132,-86.9648,-0.0941,24,0.6000,0.6667,6,5,1,0,0,5,1,0.8000
6,296.0000,6,0,632.8695,-89.1462,-0.5958,3,0.0750,1.0000,8,6,6,0,0,6,6,0.0000
6,296.0000,6,2,714.0575,-89.1952,-0.3720,4,0.1000,1.0000,4,2,2,0,0,2,2,0.0000
6,296.0000,6,3,444.6449,-88.0287,-0.4677,24,0.6000,0.5000,6,5,1,0,0,5,1,0.8000
6,296.0000,6,4,453.2450,-88.2488,0.0951,21,0.5250,0.8571,7,8,7,0,0,8,7,0.1250
6,296.0000,6,5,563.0345,-88.6713,-0.3650,7,0.1750,0.9643,28,8,8,0,0,8,8,0.0000
6,296.0000,6,7,310.5010,-85.5854,0.0250,34,0.8500,0.2143,14,4,0,4,1,8,1,0.8750
6,296.0000,6,9,611.3144,-88.4807,-0.2927,8,0.2000,1.0000,10,8,8,0,0,8,8,0.0000
6,296.0000,6,10,149.2511,-82.5144,0.9612,38,0.9500,0.1538,13,4,0,0,0,4,0,1.0000
6,296.0000,6,12,604.4816,-89.2700,-0.1754,6,0.1500,1.0000,4,6,6,0,0,6,6,0.0000
6,296.0000,7,0,341.2424,-86.2096,-0.0467,29,0.7250,0.8571,7,6,3,2,2,8,5,0.3750
6,296.0000,7,4,415.3791,-86.8702,0.1113,27,0.6750,0.4000,5,8,7,0,0,8,7,0.1250
6,296.0000,7,5,483.1131,-88.2379,0.3136,17,0.4250,1.0000,8,7,5,0,0,7,5,0.2857
6,296.0000,7,6,310.5010,-85.8248,-0.0862,33,0.8250,0.2000,5,5,1,0,0,5,1,0.8000
6,296.0000,7,10,387.7478,-87.9198,0.0481,22,0.5500,0.8571,7,7,6,0,0,7,6,0.1429
6,296.0000,7,13,605.0016,-89.5197,-0.3661,4,0.1000,1.0000,6,8,8,0,0,8,8,0.0000
6,296.0000,8,0,612.3838,-88.1747,-0.4091,9,0.2250,1.0000,8,4,4,0,0,4,4,0.0000
6,296.0000,8,6,587.3892,-88.9784,-0.2384,6,0.1500,1.0000,4,6,6,0,0,6,6,0.0000
6,296.0000,8,7,574.8329,-89.2316,1.0022,5,0.1250,1.0000,2,10,10,0,0,10,10,0.0000
6,296.0000,8,9,293.4383,-85.8941,0.2980,30,0.7500,0.4000,5,4,0,71,31,75,31,0.5867
6,296.0000,8,10,478.3207,-89.1221,0.1219,9,0.2250,1.0000,8,8,7,0,0,8,7,0.1250
6,296.0000,8,13,244.4012,-83.6549,-0.0529,39,0.9750,0.0000,4,4,0,0,0,4,0,1.0000
6,296.0000,9,2,585.6939,-88.4378,0.1739,20,0.5000,1.0000,8,6,6,0,0,6,6,0.0000
6,296.0000,9,8,293.4383,-86.5898,0.0456,31,0.7750,0.2000,5,4,0,0,0,4,0,1.0000
6,296.0000,9,10,477.1239,-88.3455,0.2136,17,0.4250,0.6000,5,8,8,86,84,94,92,0.0213
6,296.0000,9,13,461.7516,-88.3458,0.2767,15,0.3750,0.7143,7,7,5,0,0,7,5,0.2857
6,296.0000,10,2,623.8240,-88.9879,-0.0033,4,0.1000,0.8750,8,6,6,0,0,6,6,0.0000
6,296.0000,10,3,395.0196,-86.2482,-0.4665,33,0.8250,0.5000,6,7,6,0,0,7,6,0.1429
6,296.0000,10,6,149.2511,-82.1663,1.5772,38,0.9500,0.4000,5,4,0,0,0,4,0,1.0000
6,296.0000,10,7,387.7478,-87.9651,0.3678,17,0.4250,0.8750,8,6,3,1,0,7,3,0.5714
6,296.0000,10,8,478.3207,-88.5061,-0.0936,14,0.3500,1.0000,8,7,5,0,0,7,5,0.2857
6,296.0000,10,9,477.1239,-88.2562,0.1672,21,0.5250,0.8095,21,7,6,0,0,7,6,0.1429
6,296.0000,10,12,598.7565,-88.3605,-0.7344,9,0.2250,1.0000,8,8,8,0,0,8,8,0.0000
6,296.0000,10,13,500.6024,-88.6097,0.3682,7,0.1750,1.0000,8,7,6,0,0,7,6,0.1429
6,296.0000,11,1,171.2869,-82.3478,1.1826,40,1.0000,0.0000,4,4,0,0,0,4,0,1.0000
6,296.0000,11,4,333.8845,-86.4756,0.4312,26,0.6500,0.6667,6,4,0,0,0,4,0,1.0000
6,296.0000,11,5,359.1132,-87.0590,0.0535,31,0.7750,0.5000,6,7,5,0,0,7,5,0.2857
6,296.0000,12,2,625.7083,-88.8687,0.1382,4,0.1000,1.0000,8,8,8,0,0,8,8,0.0000
6,296.0000,12,3,336.4271,-85.8687,-0.6539,33,0.8250,0.0000,4,6,3,0,0,6,3,0.5000
6,296.0000,12,10,598.7565,-89.0425,-0.4444,9,0.2250,1.0000,8,6,6,0,0,6,6,0.0000
6,296.0000,12,14,492.9405,-88.5007,-0.1685,18,0.4500,0.9550,111,8,8,104,104,112,112,0.0000
6,296.0000,13,0,626.8965,-89.0098,-0.1922,4,0.1000,0.6667,6,6,6,0,0,6,6,0.0000
6,296.0000,13,6,604.4758,-88.5422,0.0335,3,0.0750,1.0000,4,8,8,0,0,8,8,0.0000
6,296.0000,13,7,605.0016,-89.5977,-0.0670,3,0.0750,0.8571,7,6,6,0,0,6,6,0.0000
6,296.0000,13,8,244.4012,-84.0975,-0.1872,39,0.9750,0.0000,4,4,0,0,0,4,0,1.0000
6,296.0000,13,9,461.7516,-88.8922,0.0451,16,0.4000,0.8750,8,8,6,0,0,8,6,0.2500
6,296.0000,13,10,500.6024,-88.6915,0.1462,9,0.2250,0.8750,8,6,3,0,0,6,3,0.5000
6,296.0000,14,2,255.5263,-85.7207,0.4939,37,0.9024,0.0000,4,4,0,0,0,4,0,1.0000
6,296.0000,14,3,343.6956,-86.7457,0.4566,27,0.6585,0.2000,5,4,0,0,0,4,0,1.0000
6,296.0000,14,10,723.1317,-89.3475,-0.4758,3,0.0732,1.0000,8,4,4,0,0,4,4,0.0000
6,296.0000,14,12,492.9405,-88.4822,-0.2500,15,0.3659,0.7143,7,8,8,0,0,8,8,0.0000
